filename,ssim,psnr,status
EES0423311__X12__Y39__P001.jpg,0.771425,25.757618,ok
EES0423311__X15__Y06__P002.jpg,0.733350,23.220731,ok
EES0423311__X15__Y09__P003.jpg,0.771728,25.641029,ok
EES0423311__X15__Y39__P004.jpg,0.834992,24.076511,ok
EES0423311__X18__Y06__P005.jpg,0.751215,25.754232,ok
EES0423311__X18__Y3C__P006.jpg,0.771767,24.683988,ok
EES0423311__X1B__Y3F__P007.jpg,0.791546,27.070106,ok
EES0423311__X1E__Y03__P008.jpg,0.764064,21.726736,ok
EES0423311__X1E__Y3F__P009.jpg,0.710658,22.142800,ok
EES0423311__X24__Y42__P010.jpg,0.746907,25.591890,ok
EES0423311__X27__Y42__P011.jpg,0.752044,22.888859,ok
EES0423311__X2A__Y42__P012.jpg,0.872296,33.607288,ok
EES0423311__X2D__Y42__P013.jpg,0.775646,27.722576,ok
EES0423311__X33__Y3F__P014.jpg,0.803971,25.685497,ok
EES0423311__X36__Y3F__P015.jpg,0.712366,22.253476,ok
EES0423311__X39__Y06__P016.jpg,0.800682,28.330134,ok
EES0423311__X39__Y3C__P017.jpg,0.803653,26.670736,ok
EES0423311__X3C__Y09__P018.jpg,0.652344,21.113295,ok
EES0423311__X3C__Y39__P019.jpg,0.743495,24.226377,ok
EES0423311__X3F__Y0C__P020.jpg,0.746822,21.285355,ok
EES0423311__X3F__Y36__P021.jpg,0.761165,25.004605,ok
EES0423311__X42__Y0F__P022.jpg,0.842696,27.676253,ok
EES0423311__X42__Y33__P023.jpg,0.817052,27.491522,ok
EES0423311__X45__Y15__P024.jpg,0.734588,21.570064,ok
EES0423311__X45__Y2A__P025.jpg,0.725267,20.107111,ok
EES0423312__X12__Y1E__P001.jpg,0.775480,23.995496,ok
EES0423312__X12__Y21__P002.jpg,0.844869,26.615259,ok
EES0423312__X12__Y24__P003.jpg,0.754722,22.005281,ok
EES0423312__X12__Y27__P004.jpg,0.715454,21.592396,ok
EES0423312__X12__Y2A__P005.jpg,0.770308,23.617568,ok
EES0423312__X12__Y2D__P006.jpg,0.754896,22.683151,ok
EES0423312__X12__Y30__P007.jpg,0.862515,35.096700,ok
EES0423312__X12__Y33__P008.jpg,0.883748,29.342618,ok
EES0423312__X15__Y0F__P009.jpg,0.790425,21.087423,ok
EES0423312__X15__Y12__P010.jpg,0.728331,20.382420,ok
EES0423312__X15__Y33__P011.jpg,0.749727,20.520292,ok
EES0423312__X18__Y0C__P012.jpg,0.811281,24.943893,ok
EES0423312__X18__Y36__P013.jpg,0.764510,21.860125,ok
EES0423312__X18__Y39__P014.jpg,0.837428,25.558455,ok
EES0423312__X18__Y42__P015.jpg,0.715593,19.913871,ok
EES0423312__X18__Y45__P016.jpg,0.652026,20.029691,ok
EES0423312__X1B__Y39__P017.jpg,0.859231,25.612139,ok
EES0423312__X1B__Y42__P018.jpg,0.826721,25.671864,ok
EES0423312__X1E__Y09__P019.jpg,0.785213,24.606388,ok
EES0423312__X1E__Y3C__P020.jpg,0.860748,27.194831,ok
EES0423312__X1E__Y42__P021.jpg,0.813358,22.713811,ok
EES0423312__X21__Y3C__P022.jpg,0.850225,24.215615,ok
EES0423312__X21__Y42__P023.jpg,0.813320,28.678253,ok
EES0423312__X24__Y06__P024.jpg,0.721103,20.715717,ok
EES0423312__X24__Y3F__P025.jpg,0.818795,23.430850,ok
EES0423313__X0F__Y27__P001.jpg,0.799293,22.878375,ok
EES0423313__X12__Y0F__P002.jpg,0.792258,20.596759,ok
EES0423313__X12__Y2D__P003.jpg,0.839174,22.235790,ok
EES0423313__X12__Y33__P004.jpg,0.829406,22.527342,ok
EES0423313__X15__Y0C__P005.jpg,0.726301,20.294233,ok
EES0423313__X15__Y36__P006.jpg,0.766579,22.938074,ok
EES0423313__X18__Y06__P007.jpg,0.733774,19.697900,ok
EES0423313__X18__Y36__P008.jpg,0.812354,20.364663,ok
EES0423313__X18__Y39__P009.jpg,0.861925,30.526762,ok
EES0423313__X1B__Y3C__P010.jpg,0.844019,26.601140,ok
EES0423313__X1E__Y03__P011.jpg,0.810961,22.424647,ok
EES0423313__X1E__Y39__P012.jpg,0.837943,25.378013,ok
EES0423313__X27__Y3C__P013.jpg,0.791816,21.277564,ok
EES0423313__X27__Y3F__P014.jpg,0.771293,22.178134,ok
EES0423313__X2A__Y3C__P015.jpg,0.845914,22.056740,ok
EES0423313__X2A__Y3F__P016.jpg,0.839778,27.422192,ok
EES0423313__X30__Y3C__P017.jpg,0.774089,22.492428,ok
EES0423313__X33__Y03__P018.jpg,0.736147,20.011145,ok
EES0423313__X36__Y03__P019.jpg,0.875951,25.986151,ok
EES0423313__X36__Y39__P020.jpg,0.827993,23.565906,ok
EES0423313__X39__Y06__P021.jpg,0.744022,19.468020,ok
EES0423313__X39__Y39__P022.jpg,0.835201,21.473042,ok
EES0423313__X3C__Y36__P023.jpg,0.770485,20.988726,ok
EES0423313__X3F__Y33__P024.jpg,0.815691,24.695907,ok
EES0423313__X42__Y0F__P025.jpg,0.834045,29.019662,ok
EES0423314__X24__Y42__P001.jpg,0.879513,30.473192,ok
EES0423314__X27__Y06__P002.jpg,0.806791,21.567320,ok
EES0423314__X2A__Y06__P003.jpg,0.826849,22.669941,ok
EES0423314__X2A__Y42__P004.jpg,0.734181,19.770428,ok
EES0423314__X2D__Y06__P005.jpg,0.799435,23.027182,ok
EES0423314__X2D__Y42__P006.jpg,0.682276,20.550038,ok
EES0423314__X30__Y06__P007.jpg,0.833603,25.426759,ok
EES0423314__X30__Y42__P008.jpg,0.865421,31.851548,ok
EES0423314__X36__Y09__P009.jpg,0.884488,28.430319,ok
EES0423314__X39__Y0C__P010.jpg,0.860315,30.619076,ok
EES0423314__X39__Y1E__P011.jpg,0.839362,24.720374,ok
EES0423314__X3C__Y3C__P012.jpg,0.731453,20.327623,ok
EES0423314__X3F__Y12__P013.jpg,0.768885,20.283432,ok
EES0423314__X3F__Y39__P014.jpg,0.824455,20.967724,ok
EES0423314__X42__Y15__P015.jpg,0.790814,21.599728,ok
EES0423314__X45__Y1B__P016.jpg,0.768347,21.903576,ok
EES0423314__X45__Y1E__P017.jpg,0.790205,23.788166,ok
EES0423314__X45__Y27__P018.jpg,0.835939,23.643791,ok
EES0423314__X45__Y2A__P019.jpg,0.796767,22.330082,ok
EES0423314__X45__Y2D__P020.jpg,0.719484,19.893560,ok
EES0423314__X45__Y30__P021.jpg,0.824481,22.915371,ok
EES0423314__X18__Y39__P022.jpg,0.767690,20.103007,ok
EES0423314__X1B__Y0C__P023.jpg,0.732455,21.011353,ok
EES0423314__X1E__Y09__P024.jpg,0.779475,22.621171,ok
EES0423314__X2A__Y06__P025.jpg,0.801377,20.252946,ok
EES0423315__X27__Y42__P001.jpg,0.752902,21.357073,ok
EES0423315__X2A__Y42__P002.jpg,0.869563,34.833270,ok
EES0423315__X2D__Y42__P003.jpg,0.819167,25.130755,ok
EES0423315__X30__Y3F__P004.jpg,0.792251,21.267921,ok
EES0423315__X30__Y42__P005.jpg,0.744857,19.747019,ok
EES0423315__X33__Y3F__P006.jpg,0.849859,26.353332,ok
EES0423315__X33__Y42__P007.jpg,0.709590,19.555973,ok
EES0423315__X36__Y3F__P008.jpg,0.752497,20.049141,ok
EES0423315__X36__Y42__P009.jpg,0.776747,23.568258,ok
EES0423315__X36__Y45__P010.jpg,0.800658,21.497113,ok
EES0423315__X39__Y3C__P011.jpg,0.834530,24.734659,ok
EES0423315__X39__Y45__P012.jpg,0.831570,28.014454,ok
EES0423315__X3C__Y0C__P013.jpg,0.736132,23.283622,ok
EES0423315__X3C__Y39__P014.jpg,0.763965,21.248436,ok
EES0423315__X3C__Y45__P015.jpg,0.823762,26.485059,ok
EES0423315__X3F__Y0F__P016.jpg,0.819187,25.155907,ok
EES0423315__X3F__Y39__P017.jpg,0.839424,27.094950,ok
EES0423315__X3F__Y42__P018.jpg,0.805157,25.779626,ok
EES0423315__X42__Y12__P019.jpg,0.747259,22.695402,ok
EES0423315__X42__Y15__P020.jpg,0.802207,21.922977,ok
EES0423315__X42__Y33__P021.jpg,0.825231,22.866512,ok
EES0423315__X42__Y42__P022.jpg,0.733335,19.800396,ok
EES0423315__X42__Y45__P023.jpg,0.729502,20.377326,ok
EES0423315__X45__Y15__P024.jpg,0.784602,21.913536,ok
EES0423315__X45__Y18__P025.jpg,0.763599,20.149475,ok
EES0423316__X45__Y1E__P001.jpg,0.830006,26.189565,ok
EES0423316__X45__Y2A__P002.jpg,0.863816,30.035052,ok
EES0423316__X45__Y39__P003.jpg,0.786825,20.483218,ok
EES0423316__X45__Y42__P004.jpg,0.834542,23.908310,ok
EES0423316__X48__Y1E__P005.jpg,0.833833,22.752153,ok
EES0423316__X48__Y21__P006.jpg,0.795864,20.867115,ok
EES0423316__X48__Y27__P007.jpg,0.858477,29.146213,ok
EES0423316__X48__Y2D__P008.jpg,0.806353,21.588475,ok
EES0423316__X48__Y3F__P009.jpg,0.770102,20.083903,ok
EES0423316__X48__Y42__P010.jpg,0.730343,19.534733,ok
EES0423316__X15__Y21__P011.jpg,0.772209,20.381399,ok
EES0423316__X15__Y27__P012.jpg,0.716277,22.323030,ok
EES0423316__X18__Y18__P013.jpg,0.808646,23.278350,ok
EES0423316__X18__Y21__P014.jpg,0.848462,25.060880,ok
EES0423316__X18__Y2A__P015.jpg,0.864386,34.813318,ok
EES0423316__X1B__Y0C__P016.jpg,0.860978,28.080305,ok
EES0423316__X1E__Y30__P017.jpg,0.799651,21.888977,ok
EES0423316__X21__Y36__P018.jpg,0.738480,20.493841,ok
EES0423316__X27__Y15__P019.jpg,0.737404,19.516013,ok
EES0423316__X33__Y09__P020.jpg,0.794557,20.171932,ok
EES0423316__X39__Y12__P021.jpg,0.792589,19.986998,ok
EES0423316__X45__Y2D__P022.jpg,0.775536,20.376087,ok
EES0423316__X48__Y24__P023.jpg,0.690413,19.033461,ok
EES0423316__X48__Y27__P024.jpg,0.732381,19.306052,ok
EES0423316__X15__Y1E__P025.jpg,0.828729,21.941178,ok
EES0423317__X42__Y30__P001.jpg,0.857312,29.774765,ok
EES0423317__X42__Y39__P002.jpg,0.792859,24.050831,ok
EES0423317__X42__Y3C__P003.jpg,0.789414,24.686865,ok
EES0423317__X45__Y15__P004.jpg,0.806661,26.644806,ok
EES0423317__X45__Y33__P005.jpg,0.783704,27.470245,ok
EES0423317__X45__Y36__P006.jpg,0.709285,21.383807,ok
EES0423317__X48__Y24__P007.jpg,0.633964,19.456733,ok
EES0423317__X48__Y2A__P008.jpg,0.818084,29.741052,ok
EES0423317__X48__Y30__P009.jpg,0.677003,21.928484,ok
EES0423317__X09__Y1E__P010.jpg,0.837917,30.962870,ok
EES0423317__X09__Y2A__P011.jpg,0.792361,20.046438,ok
EES0423317__X0C__Y15__P012.jpg,0.845885,30.421732,ok
EES0423317__X0C__Y2D__P013.jpg,0.628926,20.516711,ok
EES0423317__X0C__Y30__P014.jpg,0.726208,20.061567,ok
EES0423317__X0C__Y33__P015.jpg,0.718417,20.896311,ok
EES0423317__X0F__Y0F__P016.jpg,0.631258,19.935540,ok
EES0423317__X0F__Y12__P017.jpg,0.798810,30.321926,ok
EES0423317__X0F__Y33__P018.jpg,0.779005,23.814994,ok
EES0423317__X0F__Y36__P019.jpg,0.786081,25.986637,ok
EES0423317__X12__Y0C__P020.jpg,0.793803,22.361842,ok
EES0423317__X12__Y36__P021.jpg,0.813245,23.244132,ok
EES0423317__X12__Y39__P022.jpg,0.742125,24.743521,ok
EES0423317__X15__Y09__P023.jpg,0.811513,23.825235,ok
EES0423317__X18__Y09__P024.jpg,0.807567,27.280023,ok
EES0423317__X18__Y3C__P025.jpg,0.681173,21.472572,ok
EES0423318__X18__Y3F__P001.jpg,0.882118,21.679290,ok
EES0423318__X1E__Y03__P002.jpg,0.888121,21.764314,ok
EES0423318__X21__Y03__P003.jpg,0.864839,21.213659,ok
EES0423318__X2D__Y06__P004.jpg,0.860770,21.279298,ok
EES0423318__X30__Y06__P005.jpg,0.885388,22.475350,ok
EES0423318__X06__Y18__P006.jpg,0.896742,22.257710,ok
EES0423318__X18__Y3F__P007.jpg,0.878100,21.124659,ok
EES0423318__X1B__Y3F__P008.jpg,0.885778,22.411372,ok
EES0423318__X1B__Y45__P009.jpg,0.849613,21.439272,ok
EES0423318__X24__Y3F__P010.jpg,0.883488,22.064685,ok
EES0423318__X45__Y1B__P011.jpg,0.897174,22.025977,ok
EES0423318__X30__Y42__P012.jpg,0.874930,21.356679,ok
EES0423318__X42__Y33__P013.jpg,0.899927,22.027922,ok
EES0423318__X42__Y45__P014.jpg,0.807322,20.938565,ok
EES0423318__X18__Y30__P015.jpg,0.887828,21.297747,ok
EES0423318__X18__Y33__P016.jpg,0.886312,23.139235,ok
EES0423318__X21__Y42__P017.jpg,0.858888,21.280754,ok
EES0423318__X27__Y45__P018.jpg,0.846924,21.834678,ok
EES0423318__X36__Y42__P019.jpg,0.787166,20.644045,ok
EES0423318__X36__Y45__P020.jpg,0.850873,21.563721,ok
EES0423318__X3F__Y1B__P021.jpg,0.821380,21.101464,ok
EES0423318__X42__Y42__P022.jpg,0.838228,20.867725,ok
EES0423318__X09__Y12__P023.jpg,0.880326,21.494311,ok
EES0423318__X09__Y15__P024.jpg,0.888039,22.755602,ok
EES0423318__X0C__Y0F__P025.jpg,0.874893,22.138744,ok
EES0423319__X48__Y3F__P001.jpg,0.896603,21.286657,ok
EES0423319__X48__Y42__P002.jpg,0.864120,23.236896,ok
EES0423319__X06__Y0F__P003.jpg,0.807380,22.433514,ok
EES0423319__X06__Y12__P004.jpg,0.904711,23.070440,ok
EES0423319__X06__Y15__P005.jpg,0.883107,24.121346,ok
EES0423319__X06__Y27__P006.jpg,0.831271,21.025390,ok
EES0423319__X06__Y2A__P007.jpg,0.903162,20.944510,ok
EES0423319__X06__Y2D__P008.jpg,0.871218,21.566865,ok
EES0423319__X06__Y30__P009.jpg,0.884621,21.430083,ok
EES0423319__X09__Y33__P010.jpg,0.912332,23.637641,ok
EES0423319__X12__Y3C__P011.jpg,0.747138,19.641513,ok
EES0423319__X18__Y3F__P012.jpg,0.901614,22.036798,ok
EES0423319__X1B__Y03__P013.jpg,0.817089,20.576114,ok
EES0423319__X1B__Y06__P014.jpg,0.908743,22.120865,ok
EES0423319__X1E__Y03__P015.jpg,0.900109,21.997551,ok
EES0423319__X21__Y03__P016.jpg,0.858487,23.875832,ok
EES0423319__X21__Y42__P017.jpg,0.906772,23.448210,ok
EES0423319__X24__Y03__P018.jpg,0.909780,23.523819,ok
EES0423319__X24__Y42__P019.jpg,0.853342,21.615971,ok
EES0423319__X2A__Y06__P020.jpg,0.896809,21.508478,ok
EES0423319__X2D__Y06__P021.jpg,0.862769,22.204415,ok
EES0423319__X48__Y06__P022.jpg,0.701200,19.484606,ok
EES0423319__X48__Y09__P023.jpg,0.848632,21.336332,ok
EES0423319__X48__Y0C__P024.jpg,0.788005,21.577547,ok
EES0423319__X48__Y0F__P025.jpg,0.793927,21.228296,ok
EES0423320__X48__Y12__P001.jpg,0.901194,21.986754,ok
EES0423320__X48__Y15__P002.jpg,0.912315,23.904597,ok
EES0423320__X48__Y18__P003.jpg,0.891441,21.321560,ok
EES0423320__X48__Y1B__P004.jpg,0.906384,23.944643,ok
EES0423320__X48__Y1E__P005.jpg,0.903548,22.902474,ok
EES0423320__X48__Y21__P006.jpg,0.912520,23.692313,ok
EES0423320__X48__Y24__P007.jpg,0.908806,23.179721,ok
EES0423320__X48__Y2A__P008.jpg,0.912420,23.558549,ok
EES0423320__X48__Y2D__P009.jpg,0.902063,24.881719,ok
EES0423320__X48__Y30__P010.jpg,0.912471,24.023665,ok
EES0423320__X48__Y33__P011.jpg,0.914198,23.960041,ok
EES0423320__X48__Y36__P012.jpg,0.895386,21.544280,ok
EES0423320__X48__Y39__P013.jpg,0.910853,23.783394,ok
EES0423320__X48__Y3C__P014.jpg,0.906601,22.128579,ok
EES0423320__X48__Y3F__P015.jpg,0.911707,23.750340,ok
EES0423320__X48__Y42__P016.jpg,0.910360,23.733450,ok
EES0423320__X48__Y45__P017.jpg,0.904573,23.801133,ok
EES0423320__X03__Y33__P018.jpg,0.904898,21.304807,ok
EES0423320__X06__Y33__P019.jpg,0.891038,20.968487,ok
EES0423320__X09__Y36__P020.jpg,0.850271,20.477648,ok
EES0423320__X0C__Y36__P021.jpg,0.907836,23.719005,ok
EES0423320__X39__Y45__P022.jpg,0.904177,22.884901,ok
EES0423320__X45__Y30__P023.jpg,0.904141,22.953247,ok
EES0423320__X48__Y06__P024.jpg,0.895382,24.742481,ok
EES0423320__X48__Y09__P025.jpg,0.909788,23.643831,ok
EES0423321__X48__Y0C__P001.jpg,0.866139,20.422968,ok
EES0423321__X48__Y0F__P002.jpg,0.896607,21.889350,ok
EES0423321__X48__Y12__P003.jpg,0.904017,24.878434,ok
EES0423321__X48__Y15__P004.jpg,0.899292,24.406678,ok
EES0423321__X48__Y1B__P005.jpg,0.818697,20.660116,ok
EES0423321__X48__Y1E__P006.jpg,0.888506,21.644615,ok
EES0423321__X48__Y21__P007.jpg,0.903942,24.957054,ok
EES0423321__X48__Y24__P008.jpg,0.905988,24.002466,ok
EES0423321__X48__Y2A__P009.jpg,0.892168,24.309403,ok
EES0423321__X48__Y2D__P010.jpg,0.835597,22.961221,ok
EES0423321__X48__Y30__P011.jpg,0.905441,24.357192,ok
EES0423321__X48__Y33__P012.jpg,0.797018,20.533320,ok
EES0423321__X48__Y36__P013.jpg,0.897465,24.148903,ok
EES0423321__X48__Y39__P014.jpg,0.889034,24.785264,ok
EES0423321__X1E__Y03__P015.jpg,0.885173,22.803177,ok
EES0423321__X21__Y03__P016.jpg,0.838576,21.285088,ok
EES0423321__X21__Y06__P017.jpg,0.897809,24.908226,ok
EES0423321__X24__Y03__P018.jpg,0.899340,24.053977,ok
EES0423321__X27__Y03__P019.jpg,0.906616,25.114651,ok
EES0423321__X2A__Y03__P020.jpg,0.904256,24.280110,ok
EES0423321__X42__Y21__P021.jpg,0.900146,24.199592,ok
EES0423321__X18__Y06__P022.jpg,0.903155,21.010470,ok
EES0423321__X1E__Y42__P023.jpg,0.906548,22.472177,ok
EES0423321__X21__Y06__P024.jpg,0.900683,25.099002,ok
EES0423321__X21__Y42__P025.jpg,0.863827,21.091023,ok
EES0423322__X24__Y42__P001.jpg,0.901531,23.264749,ok
EES0423322__X39__Y15__P002.jpg,0.785974,22.432878,ok
EES0423322__X39__Y33__P003.jpg,0.829132,20.237272,ok
EES0423322__X1B__Y42__P004.jpg,0.862399,20.614108,ok
EES0423322__X2A__Y30__P005.jpg,0.906283,23.382236,ok
EES0423322__X2A__Y33__P006.jpg,0.898463,22.055834,ok
EES0423322__X2A__Y39__P007.jpg,0.822456,22.524494,ok
EES0423322__X2A__Y45__P008.jpg,0.770787,19.654660,ok
EES0423322__X2D__Y30__P009.jpg,0.798985,20.348497,ok
EES0423322__X2D__Y33__P010.jpg,0.760668,20.138281,ok
EES0423322__X2D__Y39__P011.jpg,0.879708,21.755276,ok
EES0423322__X30__Y2A__P012.jpg,0.904922,23.606129,ok
EES0423322__X36__Y30__P013.jpg,0.905509,23.737371,ok
EES0423322__X36__Y39__P014.jpg,0.831433,22.456481,ok
EES0423322__X39__Y33__P015.jpg,0.814862,21.305953,ok
EES0423322__X48__Y06__P016.jpg,0.866543,21.199262,ok
EES0423322__X48__Y09__P017.jpg,0.901958,23.370087,ok
EES0423322__X48__Y0C__P018.jpg,0.903273,23.367811,ok
EES0423322__X48__Y0F__P019.jpg,0.737307,20.259418,ok
EES0423322__X48__Y12__P020.jpg,0.848896,20.330035,ok
EES0423322__X48__Y15__P021.jpg,0.901404,23.307182,ok
EES0423322__X48__Y18__P022.jpg,0.898548,23.814153,ok
EES0423322__X48__Y1B__P023.jpg,0.900529,23.403298,ok
EES0423322__X48__Y1E__P024.jpg,0.895772,23.117885,ok
EES0423322__X48__Y21__P025.jpg,0.806350,20.837221,ok
EES0423323__X12__Y0F__P001.jpg,0.894688,21.570335,ok
EES0423323__X12__Y27__P002.jpg,0.901006,22.007154,ok
EES0423323__X12__Y2A__P003.jpg,0.752880,21.071582,ok
EES0423323__X15__Y0C__P004.jpg,0.871382,21.542861,ok
EES0423323__X18__Y0F__P005.jpg,0.903669,24.034339,ok
EES0423323__X33__Y1E__P006.jpg,0.902866,23.468885,ok
EES0423323__X03__Y18__P007.jpg,0.900008,21.563440,ok
EES0423323__X03__Y1B__P008.jpg,0.893927,22.944322,ok
EES0423323__X24__Y45__P009.jpg,0.888727,20.709531,ok
EES0423323__X27__Y06__P010.jpg,0.684576,19.402988,ok
EES0423323__X27__Y45__P011.jpg,0.905874,20.958394,ok
EES0423323__X2A__Y06__P012.jpg,0.860374,20.989413,ok
EES0423323__X2A__Y45__P013.jpg,0.867356,21.904375,ok
EES0423323__X2D__Y45__P014.jpg,0.890141,22.100189,ok
EES0423323__X30__Y48__P015.jpg,0.845939,23.354491,ok
EES0423323__X33__Y42__P016.jpg,0.904035,22.194130,ok
EES0423323__X36__Y09__P017.jpg,0.799693,21.576480,ok
EES0423323__X3F__Y1B__P018.jpg,0.805180,21.565846,ok
EES0423323__X42__Y2A__P019.jpg,0.876254,21.368893,ok
EES0423323__X42__Y2D__P020.jpg,0.878594,23.229744,ok
EES0423323__X45__Y18__P021.jpg,0.903550,20.844635,ok
EES0423323__X45__Y1B__P022.jpg,0.867457,24.132580,ok
EES0423323__X45__Y21__P023.jpg,0.865496,21.903676,ok
EES0423323__X45__Y2D__P024.jpg,0.860760,21.224434,ok
EES0423323__X06__Y0C__P025.jpg,0.886835,24.318498,ok
EES0423324__X06__Y18__P001.jpg,0.867447,22.032357,ok
EES0423324__X06__Y1B__P002.jpg,0.870952,23.456355,ok
EES0423324__X06__Y1E__P003.jpg,0.859104,24.163900,ok
EES0423324__X06__Y21__P004.jpg,0.807616,23.394278,ok
EES0423324__X06__Y24__P005.jpg,0.880153,22.952749,ok
EES0423324__X06__Y27__P006.jpg,0.896076,22.523510,ok
EES0423324__X06__Y2A__P007.jpg,0.813429,22.001601,ok
EES0423324__X06__Y2D__P008.jpg,0.844149,23.467495,ok
EES0423324__X06__Y30__P009.jpg,0.865406,24.190806,ok
EES0423324__X06__Y33__P010.jpg,0.840642,21.116866,ok
EES0423324__X06__Y36__P011.jpg,0.828989,20.965366,ok
EES0423324__X09__Y15__P012.jpg,0.878016,24.882824,ok
EES0423324__X09__Y18__P013.jpg,0.890414,25.853770,ok
EES0423324__X09__Y1B__P014.jpg,0.807519,22.486192,ok
EES0423324__X09__Y30__P015.jpg,0.849645,21.354410,ok
EES0423324__X09__Y33__P016.jpg,0.873080,22.296902,ok
EES0423324__X09__Y36__P017.jpg,0.866257,22.377670,ok
EES0423324__X09__Y39__P018.jpg,0.881454,23.018034,ok
EES0423324__X0C__Y0F__P019.jpg,0.829831,23.017955,ok
EES0423324__X0C__Y12__P020.jpg,0.822237,20.722350,ok
EES0423324__X0C__Y39__P021.jpg,0.860916,21.743347,ok
EES0423324__X0F__Y0F__P022.jpg,0.890271,23.629403,ok
EES0423324__X12__Y42__P023.jpg,0.873644,21.143211,ok
EES0423324__X15__Y09__P024.jpg,0.848580,22.924369,ok
EES0423324__X15__Y0C__P025.jpg,0.873893,21.432054,ok
EES0423325__X15__Y42__P001.jpg,0.904232,24.619707,ok
EES0423325__X18__Y09__P002.jpg,0.846482,21.118539,ok
EES0423325__X1B__Y45__P003.jpg,0.902724,21.701766,ok
EES0423325__X1E__Y45__P004.jpg,0.907648,23.156926,ok
EES0423325__X21__Y06__P005.jpg,0.909522,23.824592,ok
EES0423325__X21__Y45__P006.jpg,0.762364,20.776081,ok
EES0423325__X24__Y06__P007.jpg,0.905259,24.273415,ok
EES0423325__X24__Y45__P008.jpg,0.836152,22.322746,ok
EES0423325__X27__Y06__P009.jpg,0.877836,21.398518,ok
EES0423325__X42__Y2D__P010.jpg,0.906811,22.934294,ok
EES0423325__X45__Y2D__P011.jpg,0.909423,24.986801,ok
EES0423325__X48__Y06__P012.jpg,0.904921,23.643161,ok
EES0423325__X48__Y09__P013.jpg,0.905289,22.967404,ok
EES0423325__X48__Y0C__P014.jpg,0.822931,20.748529,ok
EES0423325__X48__Y0F__P015.jpg,0.905380,23.476986,ok
EES0423325__X48__Y12__P016.jpg,0.802694,20.372335,ok
EES0423325__X48__Y15__P017.jpg,0.848885,23.104071,ok
EES0423325__X48__Y18__P018.jpg,0.906173,23.781844,ok
EES0423325__X48__Y1B__P019.jpg,0.836244,22.794063,ok
EES0423325__X48__Y1E__P020.jpg,0.901505,21.857705,ok
EES0423325__X48__Y2A__P021.jpg,0.905457,24.360161,ok
EES0423325__X48__Y30__P022.jpg,0.878277,23.032683,ok
EES0423325__X48__Y33__P023.jpg,0.907407,23.666507,ok
EES0423325__X48__Y36__P024.jpg,0.873740,21.626361,ok
EES0423325__X48__Y39__P025.jpg,0.904722,24.097124,ok
EES0423326__X48__Y3C__P001.jpg,0.833903,21.681687,ok
EES0423326__X48__Y3F__P002.jpg,0.919357,25.214980,ok
EES0423326__X48__Y42__P003.jpg,0.911299,24.505403,ok
EES0423326__X48__Y45__P004.jpg,0.892165,21.730707,ok
EES0423326__X48__Y48__P005.jpg,0.804155,20.575648,ok
EES0423326__X03__Y27__P006.jpg,0.915066,24.501273,ok
EES0423326__X03__Y2D__P007.jpg,0.762714,20.002774,ok
EES0423326__X03__Y30__P008.jpg,0.708881,19.486776,ok
EES0423326__X03__Y39__P009.jpg,0.908798,21.417742,ok
EES0423326__X03__Y3C__P010.jpg,0.858550,21.424067,ok
EES0423326__X06__Y33__P011.jpg,0.912313,21.963904,ok
EES0423326__X06__Y36__P012.jpg,0.914672,24.688692,ok
EES0423326__X0C__Y0C__P013.jpg,0.878832,21.065012,ok
EES0423326__X0F__Y3F__P014.jpg,0.838054,21.460613,ok
EES0423326__X15__Y42__P015.jpg,0.910733,23.955207,ok
EES0423326__X1B__Y42__P016.jpg,0.835599,21.219221,ok
EES0423326__X27__Y45__P017.jpg,0.794805,20.076311,ok
EES0423326__X2A__Y03__P018.jpg,0.846884,20.964832,ok
EES0423326__X2A__Y45__P019.jpg,0.879620,22.026684,ok
EES0423326__X30__Y03__P020.jpg,0.870753,20.802293,ok
EES0423326__X33__Y06__P021.jpg,0.912785,24.500364,ok
EES0423326__X36__Y06__P022.jpg,0.867892,21.319072,ok
EES0423326__X3C__Y15__P023.jpg,0.861037,21.071356,ok
EES0423326__X3F__Y18__P024.jpg,0.913556,21.320321,ok
EES0423326__X42__Y2A__P025.jpg,0.770515,20.185135,ok
EES0423327__X0C__Y06__P001.jpg,0.840905,22.086483,ok
EES0423327__X0C__Y1E__P002.jpg,0.814483,20.660426,ok
EES0423327__X0C__Y21__P003.jpg,0.832836,21.711777,ok
EES0423327__X15__Y12__P004.jpg,0.845828,20.967750,ok
EES0423327__X18__Y0F__P005.jpg,0.836712,23.727798,ok
EES0423327__X18__Y15__P006.jpg,0.848831,21.547958,ok
EES0423327__X1B__Y15__P007.jpg,0.825542,22.497061,ok
EES0423327__X1E__Y15__P008.jpg,0.845300,23.066532,ok
EES0423327__X21__Y09__P009.jpg,0.890686,21.184040,ok
EES0423327__X21__Y15__P010.jpg,0.785678,20.955383,ok
EES0423327__X24__Y09__P011.jpg,0.888740,21.197158,ok
EES0423327__X24__Y18__P012.jpg,0.834895,22.247624,ok
EES0423327__X24__Y1B__P013.jpg,0.787053,20.564902,ok
EES0423327__X36__Y1B__P014.jpg,0.832607,22.076901,ok
EES0423327__X06__Y1E__P015.jpg,0.887936,24.944013,ok
EES0423327__X06__Y21__P016.jpg,0.829079,22.496388,ok
EES0423327__X06__Y24__P017.jpg,0.869721,24.157340,ok
EES0423327__X06__Y27__P018.jpg,0.883639,21.926499,ok
EES0423327__X06__Y2A__P019.jpg,0.785906,21.552036,ok
EES0423327__X09__Y24__P020.jpg,0.741052,21.418756,ok
EES0423327__X09__Y27__P021.jpg,0.858428,24.389113,ok
EES0423327__X09__Y2D__P022.jpg,0.897214,26.970276,ok
EES0423327__X0C__Y30__P023.jpg,0.842781,20.840411,ok
EES0423327__X0C__Y36__P024.jpg,0.891431,22.433400,ok
EES0423327__X0F__Y33__P025.jpg,0.875359,21.493770,ok
EES0423328__X0F__Y36__P001.jpg,0.807365,21.105612,ok
EES0423328__X12__Y39__P002.jpg,0.868806,22.660672,ok
EES0423328__X15__Y3C__P003.jpg,0.896214,23.561235,ok
EES0423328__X15__Y3F__P004.jpg,0.842702,22.293048,ok
EES0423328__X1E__Y06__P005.jpg,0.870822,25.296041,ok
EES0423328__X21__Y06__P006.jpg,0.838935,23.056847,ok
EES0423328__X24__Y06__P007.jpg,0.889386,23.134898,ok
EES0423328__X27__Y06__P008.jpg,0.870632,21.646500,ok
EES0423328__X2A__Y06__P009.jpg,0.844531,21.624933,ok
EES0423328__X2A__Y09__P010.jpg,0.898882,23.221437,ok
EES0423328__X2D__Y09__P011.jpg,0.859194,24.151409,ok
EES0423328__X3F__Y1B__P012.jpg,0.824128,20.744193,ok
EES0423328__X3F__Y1E__P013.jpg,0.874222,21.332900,ok
EES0423328__X3F__Y21__P014.jpg,0.879119,23.501343,ok
EES0423328__X3F__Y24__P015.jpg,0.892306,26.133479,ok
EES0423328__X3F__Y2A__P016.jpg,0.741024,20.473217,ok
EES0423328__X3F__Y2D__P017.jpg,0.880987,21.343782,ok
EES0423328__X3F__Y21__P018.jpg,0.739118,20.519941,ok
EES0423328__X03__Y1B__P019.jpg,0.890040,22.047520,ok
EES0423328__X03__Y30__P020.jpg,0.789398,22.342898,ok
EES0423328__X03__Y33__P021.jpg,0.844756,23.557543,ok
EES0423328__X03__Y36__P022.jpg,0.856870,21.947578,ok
EES0423328__X03__Y39__P023.jpg,0.857845,21.895665,ok
EES0423328__X06__Y39__P024.jpg,0.819679,21.991280,ok
EES0423328__X0C__Y3F__P025.jpg,0.789410,20.900431,ok
EES0423329__X0C__Y42__P001.jpg,0.904168,21.349451,ok
EES0423329__X0F__Y42__P002.jpg,0.672802,19.471393,ok
EES0423329__X15__Y06__P003.jpg,0.833018,21.643756,ok
EES0423329__X18__Y06__P004.jpg,0.857185,21.790304,ok
EES0423329__X18__Y45__P005.jpg,0.783359,21.208669,ok
EES0423329__X1B__Y45__P006.jpg,0.880977,21.741016,ok
EES0423329__X2A__Y42__P007.jpg,0.911422,21.083763,ok
EES0423329__X2D__Y42__P008.jpg,0.846530,22.530555,ok
EES0423329__X3F__Y21__P009.jpg,0.902290,24.027390,ok
EES0423329__X06__Y1E__P010.jpg,0.900384,22.619184,ok
EES0423329__X06__Y24__P011.jpg,0.870783,21.238033,ok
EES0423329__X0C__Y12__P012.jpg,0.892428,21.222689,ok
EES0423329__X0C__Y15__P013.jpg,0.864202,21.124692,ok
EES0423329__X1B__Y45__P014.jpg,0.775252,19.890222,ok
EES0423329__X1E__Y45__P015.jpg,0.864902,22.728694,ok
EES0423329__X21__Y09__P016.jpg,0.898049,24.253741,ok
EES0423329__X21__Y45__P017.jpg,0.906775,21.437643,ok
EES0423329__X24__Y09__P018.jpg,0.898891,20.999998,ok
EES0423329__X24__Y45__P019.jpg,0.839350,21.931255,ok
EES0423329__X27__Y09__P020.jpg,0.823573,21.924952,ok
EES0423329__X2D__Y0C__P021.jpg,0.908081,23.254585,ok
EES0423329__X30__Y0C__P022.jpg,0.882657,21.471658,ok
EES0423329__X30__Y0F__P023.jpg,0.795504,20.290320,ok
EES0423329__X33__Y0F__P024.jpg,0.834101,22.136025,ok
EES0423329__X3F__Y30__P025.jpg,0.845210,20.913579,ok
EES0423330__X45__Y30__P001.jpg,0.832131,21.204052,ok
EES0423330__X09__Y33__P002.jpg,0.786641,20.127051,ok
EES0423330__X0C__Y30__P003.jpg,0.890823,22.685218,ok
EES0423330__X0F__Y30__P004.jpg,0.790615,20.358979,ok
EES0423330__X1B__Y30__P005.jpg,0.761916,19.954826,ok
EES0423330__X1B__Y3C__P006.jpg,0.885549,21.231583,ok
EES0423330__X1E__Y30__P007.jpg,0.802874,20.180671,ok
EES0423330__X1E__Y3C__P008.jpg,0.787101,21.415649,ok
EES0423330__X21__Y30__P009.jpg,0.801347,20.250897,ok
EES0423330__X24__Y06__P010.jpg,0.772348,19.895719,ok
EES0423330__X24__Y09__P011.jpg,0.859953,20.583031,ok
EES0423330__X27__Y06__P012.jpg,0.892869,23.118597,ok
EES0423330__X27__Y09__P013.jpg,0.830895,20.845712,ok
EES0423330__X27__Y30__P014.jpg,0.882226,22.688268,ok
EES0423330__X03__Y24__P015.jpg,0.850590,21.666075,ok
EES0423330__X03__Y27__P016.jpg,0.904705,24.156935,ok
EES0423330__X03__Y2A__P017.jpg,0.905498,21.735669,ok
EES0423330__X06__Y15__P018.jpg,0.857528,21.581736,ok
EES0423330__X06__Y18__P019.jpg,0.892193,24.403069,ok
EES0423330__X18__Y09__P020.jpg,0.898074,22.870646,ok
EES0423330__X2A__Y45__P021.jpg,0.896692,20.804202,ok
EES0423330__X2D__Y09__P022.jpg,0.880593,23.233629,ok
EES0423330__X2D__Y45__P023.jpg,0.906828,21.522707,ok
EES0423330__X42__Y2D__P024.jpg,0.894328,21.942775,ok
EES0423330__X42__Y30__P025.jpg,0.870719,20.687169,ok
EES0423331__X03__Y1B__P001.jpg,0.906461,24.319579,ok
EES0423331__X03__Y30__P002.jpg,0.846614,21.092046,ok
EES0423331__X18__Y42__P003.jpg,0.879852,21.702259,ok
EES0423331__X1B__Y45__P004.jpg,0.719167,19.851207,ok
EES0423331__X3C__Y21__P005.jpg,0.864921,22.097410,ok
EES0423331__X06__Y1B__P006.jpg,0.861644,21.652405,ok
EES0423331__X06__Y30__P007.jpg,0.843893,20.652167,ok
EES0423331__X06__Y33__P008.jpg,0.908475,25.800657,ok
EES0423331__X09__Y36__P009.jpg,0.863917,21.875658,ok
EES0423331__X15__Y45__P010.jpg,0.872547,21.206456,ok
EES0423331__X18__Y06__P011.jpg,0.870581,21.379825,ok
EES0423331__X18__Y45__P012.jpg,0.873990,23.062024,ok
EES0423331__X1B__Y06__P013.jpg,0.866449,23.918079,ok
EES0423331__X1E__Y06__P014.jpg,0.874685,23.505752,ok
EES0423331__X21__Y06__P015.jpg,0.870322,22.693744,ok
EES0423331__X24__Y06__P016.jpg,0.816343,22.562905,ok
EES0423331__X27__Y06__P017.jpg,0.829838,20.811302,ok
EES0423331__X27__Y45__P018.jpg,0.879067,21.457987,ok
EES0423331__X39__Y1B__P019.jpg,0.836310,20.580226,ok
EES0423331__X0C__Y21__P020.jpg,0.874145,21.070788,ok
EES0423331__X0C__Y2D__P021.jpg,0.833390,21.021454,ok
EES0423331__X0F__Y1E__P022.jpg,0.895251,22.488741,ok
EES0423331__X0F__Y21__P023.jpg,0.767185,20.075350,ok
EES0423331__X0F__Y24__P024.jpg,0.853051,23.032410,ok
EES0423331__X12__Y1B__P025.jpg,0.847464,21.501492,ok
EES0423332__X21__Y45__P001.jpg,0.831833,21.395010,ok
EES0423332__X27__Y45__P002.jpg,0.886495,21.398147,ok
EES0423332__X2A__Y45__P003.jpg,0.841959,23.143055,ok
EES0423332__X2D__Y45__P004.jpg,0.764718,20.186613,ok
EES0423332__X30__Y42__P005.jpg,0.872756,21.897260,ok
EES0423332__X30__Y45__P006.jpg,0.830821,22.349967,ok
EES0423332__X42__Y33__P007.jpg,0.863342,24.989491,ok
EES0423332__X45__Y27__P008.jpg,0.890589,24.829339,ok
EES0423332__X45__Y33__P009.jpg,0.880783,23.119818,ok
EES0423332__X03__Y15__P010.jpg,0.892188,22.231892,ok
EES0423332__X03__Y18__P011.jpg,0.899181,24.901315,ok
EES0423332__X03__Y1B__P012.jpg,0.869021,24.779374,ok
EES0423332__X03__Y1E__P013.jpg,0.861129,21.247924,ok
EES0423332__X03__Y21__P014.jpg,0.899477,23.560642,ok
EES0423332__X03__Y24__P015.jpg,0.860187,23.501565,ok
EES0423332__X03__Y27__P016.jpg,0.900349,21.170548,ok
EES0423332__X03__Y2A__P017.jpg,0.804879,21.839812,ok
EES0423332__X03__Y2D__P018.jpg,0.832412,21.331147,ok
EES0423332__X03__Y30__P019.jpg,0.814747,22.861515,ok
EES0423332__X06__Y21__P020.jpg,0.863657,24.209094,ok
EES0423332__X06__Y30__P021.jpg,0.895838,24.319676,ok
EES0423332__X09__Y33__P022.jpg,0.851432,23.852747,ok
EES0423332__X0C__Y3C__P023.jpg,0.903517,21.884734,ok
EES0423332__X0F__Y3C__P024.jpg,0.769023,20.203584,ok
EES0423332__X0F__Y3F__P025.jpg,0.880558,23.944824,ok
EES0423333__X12__Y3F__P001.jpg,0.850748,22.033372,ok
EES0423333__X18__Y42__P002.jpg,0.803706,20.606048,ok
EES0423333__X30__Y42__P003.jpg,0.876429,21.822790,ok
EES0423333__X30__Y45__P004.jpg,0.870933,21.140004,ok
EES0423333__X42__Y18__P005.jpg,0.778280,20.857362,ok
EES0423333__X06__Y21__P006.jpg,0.691058,19.828854,ok
EES0423333__X06__Y24__P007.jpg,0.881225,22.477901,ok
EES0423333__X06__Y27__P008.jpg,0.853341,22.199384,ok
EES0423333__X06__Y30__P009.jpg,0.756979,19.967339,ok
EES0423333__X0C__Y1B__P010.jpg,0.887909,23.596835,ok
EES0423333__X15__Y3F__P011.jpg,0.896299,23.296948,ok
EES0423333__X1B__Y0C__P012.jpg,0.874402,22.347017,ok
EES0423333__X1B__Y3F__P013.jpg,0.894878,24.293547,ok
EES0423333__X21__Y09__P014.jpg,0.769522,21.415677,ok
EES0423333__X24__Y06__P015.jpg,0.900768,21.592612,ok
EES0423333__X2A__Y3F__P016.jpg,0.895743,22.390750,ok
EES0423333__X2D__Y3F__P017.jpg,0.742089,20.172420,ok
EES0423333__X3F__Y1B__P018.jpg,0.889769,25.514625,ok
EES0423333__X3F__Y1E__P019.jpg,0.897953,22.072698,ok
EES0423333__X3F__Y21__P020.jpg,0.802572,21.502643,ok
EES0423333__X3F__Y24__P021.jpg,0.852006,20.849939,ok
EES0423333__X3F__Y27__P022.jpg,0.840929,22.373122,ok
EES0423333__X3F__Y2A__P023.jpg,0.827525,22.138823,ok
EES0423333__X06__Y1B__P024.jpg,0.883129,23.392761,ok
EES0423333__X06__Y1E__P025.jpg,0.864135,20.856781,ok
EES0423334__X06__Y21__P001.jpg,0.826727,20.695257,ok
EES0423334__X06__Y24__P002.jpg,0.870519,25.450090,ok
EES0423334__X06__Y27__P003.jpg,0.872068,22.819509,ok
EES0423334__X06__Y2D__P004.jpg,0.800070,20.490782,ok
EES0423334__X06__Y30__P005.jpg,0.851215,24.282703,ok
EES0423334__X06__Y36__P006.jpg,0.857492,21.566020,ok
EES0423334__X09__Y24__P007.jpg,0.847071,21.455980,ok
EES0423334__X09__Y27__P008.jpg,0.893183,22.007283,ok
EES0423334__X09__Y2D__P009.jpg,0.857479,21.205566,ok
EES0423334__X09__Y30__P010.jpg,0.818458,21.191623,ok
EES0423334__X0C__Y30__P011.jpg,0.861004,22.107166,ok
EES0423334__X0C__Y33__P012.jpg,0.812267,20.577079,ok
EES0423334__X24__Y09__P013.jpg,0.874889,25.298700,ok
EES0423334__X27__Y45__P014.jpg,0.903491,23.508668,ok
EES0423334__X2A__Y45__P015.jpg,0.887133,22.270565,ok
EES0423334__X2D__Y42__P016.jpg,0.894948,23.349335,ok
EES0423334__X2D__Y45__P017.jpg,0.815037,21.568854,ok
EES0423334__X30__Y0C__P018.jpg,0.898859,21.547420,ok
EES0423334__X33__Y0C__P019.jpg,0.889563,22.123753,ok
EES0423334__X3F__Y33__P020.jpg,0.746530,21.336720,ok
EES0423334__X45__Y24__P021.jpg,0.762153,20.174673,ok
EES0423334__X45__Y27__P022.jpg,0.774274,20.863396,ok
EES0423334__X0F__Y2A__P023.jpg,0.857463,22.425611,ok
EES0423334__X0F__Y2D__P024.jpg,0.798566,21.803900,ok
EES0423334__X12__Y2A__P025.jpg,0.838563,22.483383,ok
EES0423335__X09__Y27__P001.jpg,0.883955,23.972198,ok
EES0423335__X09__Y2A__P002.jpg,0.847334,23.699255,ok
EES0423335__X09__Y2D__P003.jpg,0.731034,20.225418,ok
EES0423335__X09__Y36__P004.jpg,0.819857,21.921865,ok
EES0423335__X0C__Y21__P005.jpg,0.810691,20.646032,ok
EES0423335__X0C__Y24__P006.jpg,0.800891,20.856571,ok
EES0423335__X0C__Y27__P007.jpg,0.809715,21.883014,ok
EES0423335__X0C__Y30__P008.jpg,0.769169,20.792725,ok
EES0423335__X0C__Y33__P009.jpg,0.853956,25.112522,ok
EES0423335__X0C__Y36__P010.jpg,0.856947,23.092731,ok
EES0423335__X0C__Y39__P011.jpg,0.870510,21.284830,ok
EES0423335__X0F__Y1B__P012.jpg,0.789648,25.060069,ok
EES0423335__X0F__Y24__P013.jpg,0.740247,20.772515,ok
EES0423335__X0F__Y30__P014.jpg,0.861111,22.174746,ok
EES0423335__X0F__Y33__P015.jpg,0.804440,20.834319,ok
EES0423335__X0F__Y36__P016.jpg,0.844515,21.507094,ok
EES0423335__X0F__Y39__P017.jpg,0.809775,23.056815,ok
EES0423335__X0F__Y3C__P018.jpg,0.885590,24.819805,ok
EES0423335__X12__Y36__P019.jpg,0.823609,22.856599,ok
EES0423335__X12__Y39__P020.jpg,0.768955,22.589814,ok
EES0423335__X18__Y45__P021.jpg,0.872069,25.228925,ok
EES0423335__X1B__Y45__P022.jpg,0.874870,22.952767,ok
EES0423335__X1E__Y45__P023.jpg,0.824964,24.542546,ok
EES0423335__X33__Y45__P024.jpg,0.886161,22.027207,ok
EES0423335__X36__Y45__P025.jpg,0.889441,23.661705,ok
EES0423336__X21__Y0F__P001.jpg,0.857946,22.729700,ok
EES0423336__X21__Y12__P002.jpg,0.911454,21.293622,ok
EES0423336__X21__Y15__P003.jpg,0.791712,21.557797,ok
EES0423336__X24__Y0C__P004.jpg,0.867671,24.009537,ok
EES0423336__X24__Y0F__P005.jpg,0.756321,21.419958,ok
EES0423336__X24__Y12__P006.jpg,0.845815,21.492020,ok
EES0423336__X27__Y0C__P007.jpg,0.892402,21.579355,ok
EES0423336__X30__Y0F__P008.jpg,0.860999,22.897452,ok
EES0423336__X3F__Y45__P009.jpg,0.785804,20.654411,ok
EES0423336__X42__Y30__P010.jpg,0.853155,22.277232,ok
EES0423336__X06__Y15__P011.jpg,0.886892,20.938125,ok
EES0423336__X06__Y18__P012.jpg,0.799443,21.482984,ok
EES0423336__X06__Y1B__P013.jpg,0.658976,18.963672,ok
EES0423336__X06__Y1E__P014.jpg,0.801733,20.664256,ok
EES0423336__X06__Y21__P015.jpg,0.819347,23.115913,ok
EES0423336__X06__Y24__P016.jpg,0.917214,24.197281,ok
EES0423336__X06__Y27__P017.jpg,0.902820,21.696593,ok
EES0423336__X06__Y2A__P018.jpg,0.916659,22.485375,ok
EES0423336__X06__Y2D__P019.jpg,0.900071,21.750168,ok
EES0423336__X06__Y30__P020.jpg,0.873229,23.563152,ok
EES0423336__X06__Y33__P021.jpg,0.906329,22.860950,ok
EES0423336__X09__Y39__P022.jpg,0.884537,22.084849,ok
EES0423336__X09__Y3C__P023.jpg,0.906845,24.800915,ok
EES0423336__X09__Y3F__P024.jpg,0.894977,24.534412,ok
EES0423336__X0C__Y12__P025.jpg,0.911140,22.116276,ok
EES0423337__X33__Y06__P001.jpg,0.858526,22.579651,ok
EES0423337__X42__Y24__P002.jpg,0.907708,23.640774,ok
EES0423337__X42__Y27__P003.jpg,0.888432,20.902263,ok
EES0423337__X06__Y15__P004.jpg,0.876445,21.277811,ok
EES0423337__X0F__Y30__P005.jpg,0.724188,19.826052,ok
EES0423337__X18__Y06__P006.jpg,0.771375,20.601327,ok
EES0423337__X18__Y3C__P007.jpg,0.798231,20.049583,ok
EES0423337__X1B__Y06__P008.jpg,0.862807,21.826131,ok
EES0423337__X1B__Y3C__P009.jpg,0.702261,20.953923,ok
EES0423337__X1B__Y3F__P010.jpg,0.854579,21.592352,ok
EES0423337__X1B__Y42__P011.jpg,0.886472,21.557070,ok
EES0423337__X1E__Y3C__P012.jpg,0.903845,23.292011,ok
EES0423337__X1E__Y42__P013.jpg,0.879100,21.207988,ok
EES0423337__X21__Y3C__P014.jpg,0.877081,21.405735,ok
EES0423337__X21__Y3F__P015.jpg,0.815483,20.838586,ok
EES0423337__X24__Y3F__P016.jpg,0.789106,19.834759,ok
EES0423337__X03__Y1E__P017.jpg,0.892792,23.155983,ok
EES0423337__X03__Y21__P018.jpg,0.854614,21.630365,ok
EES0423337__X09__Y0F__P019.jpg,0.847775,21.353938,ok
EES0423337__X0C__Y09__P020.jpg,0.898768,21.922350,ok
EES0423337__X0C__Y0C__P021.jpg,0.854768,21.102006,ok
EES0423337__X0F__Y09__P022.jpg,0.877297,22.337907,ok
EES0423337__X12__Y09__P023.jpg,0.893732,21.426596,ok
EES0423337__X15__Y06__P024.jpg,0.905604,20.897128,ok
EES0423337__X15__Y09__P025.jpg,0.840746,21.664298,ok
EES0423338__X03__Y2A__P001.jpg,0.898782,22.180628,ok
EES0423338__X06__Y36__P002.jpg,0.896683,22.461409,ok
EES0423338__X09__Y39__P003.jpg,0.869147,21.134767,ok
EES0423338__X09__Y3C__P004.jpg,0.874701,21.395738,ok
EES0423338__X12__Y0C__P005.jpg,0.901183,21.430220,ok
EES0423338__X21__Y45__P006.jpg,0.861981,22.336356,ok
EES0423338__X3F__Y21__P007.jpg,0.901739,23.630445,ok
EES0423338__X06__Y12__P008.jpg,0.807562,22.025119,ok
EES0423338__X15__Y3C__P009.jpg,0.767022,20.470710,ok
EES0423338__X18__Y39__P010.jpg,0.911357,26.502284,ok
EES0423338__X18__Y3C__P011.jpg,0.894055,24.542304,ok
EES0423338__X1B__Y39__P012.jpg,0.876271,20.971886,ok
EES0423338__X1B__Y3C__P013.jpg,0.890519,21.588763,ok
EES0423338__X12__Y09__P014.jpg,0.849251,21.789224,ok
EES0423338__X18__Y3C__P015.jpg,0.831994,21.695532,ok
EES0423338__X18__Y3F__P016.jpg,0.810578,21.444607,ok
EES0423338__X1B__Y3F__P017.jpg,0.782390,20.180163,ok
EES0423338__X27__Y3F__P018.jpg,0.897503,21.611513,ok
EES0423338__X2A__Y3F__P019.jpg,0.895952,22.439964,ok
EES0423338__X06__Y36__P020.jpg,0.881682,23.701279,ok
EES0423338__X0C__Y0F__P021.jpg,0.872369,21.618990,ok
EES0423338__X0F__Y0C__P022.jpg,0.896176,21.210306,ok
EES0423338__X18__Y06__P023.jpg,0.881779,21.531133,ok
EES0423338__X18__Y09__P024.jpg,0.777429,20.236104,ok
EES0423338__X1B__Y06__P025.jpg,0.895456,22.715183,ok
EES0423339__X1E__Y06__P001.jpg,0.878795,24.587659,ok
EES0423339__X21__Y45__P002.jpg,0.857078,21.175551,ok
EES0423339__X24__Y45__P003.jpg,0.881718,21.322974,ok
EES0423339__X27__Y45__P004.jpg,0.887254,21.766544,ok
EES0423339__X42__Y1E__P005.jpg,0.862111,20.909214,ok
EES0423339__X06__Y1B__P006.jpg,0.858317,22.540868,ok
EES0423339__X06__Y1E__P007.jpg,0.909951,24.134972,ok
EES0423339__X06__Y21__P008.jpg,0.779470,20.041892,ok
EES0423339__X06__Y33__P009.jpg,0.857022,21.031016,ok
EES0423339__X06__Y36__P010.jpg,0.871544,24.580143,ok
EES0423339__X06__Y39__P011.jpg,0.898853,21.185402,ok
EES0423339__X09__Y15__P012.jpg,0.880203,22.194225,ok
EES0423339__X09__Y18__P013.jpg,0.869408,21.263299,ok
EES0423339__X15__Y36__P014.jpg,0.845985,22.310095,ok
EES0423339__X15__Y42__P015.jpg,0.812345,21.839520,ok
EES0423339__X18__Y33__P016.jpg,0.796348,20.650953,ok
EES0423339__X18__Y36__P017.jpg,0.821359,20.447220,ok
EES0423339__X18__Y3C__P018.jpg,0.806403,20.162132,ok
EES0423339__X18__Y42__P019.jpg,0.813455,22.333849,ok
EES0423339__X1B__Y09__P020.jpg,0.897203,23.397712,ok
EES0423339__X1B__Y42__P021.jpg,0.893253,24.712873,ok
EES0423339__X1B__Y45__P022.jpg,0.875754,21.583068,ok
EES0423339__X1E__Y45__P023.jpg,0.897211,21.871367,ok
EES0423339__X2D__Y09__P024.jpg,0.872889,21.712386,ok
EES0423339__X2D__Y42__P025.jpg,0.896211,23.549021,ok
EES0423340__X30__Y42__P001.jpg,0.758866,20.185568,ok
EES0423340__X39__Y36__P002.jpg,0.892865,21.558812,ok
EES0423340__X3C__Y36__P003.jpg,0.817098,21.059307,ok
EES0423340__X3F__Y1B__P004.jpg,0.731046,21.778299,ok
EES0423340__X3F__Y1E__P005.jpg,0.868465,27.726350,ok
EES0423340__X3F__Y21__P006.jpg,0.871851,20.733794,ok
EES0423340__X3F__Y2A__P007.jpg,0.797841,20.747754,ok
EES0423340__X12__Y21__P008.jpg,0.849800,20.931196,ok
EES0423340__X21__Y09__P009.jpg,0.848309,25.687928,ok
EES0423340__X30__Y18__P010.jpg,0.877583,21.519985,ok
EES0423340__X33__Y1B__P011.jpg,0.897001,21.770105,ok
EES0423340__X36__Y1B__P012.jpg,0.810131,21.650989,ok
EES0423340__X39__Y30__P013.jpg,0.808168,21.972432,ok
EES0423340__X3C__Y30__P014.jpg,0.843567,29.037550,ok
EES0423340__X3F__Y2A__P015.jpg,0.905613,22.415396,ok
EES0423340__X3F__Y2D__P016.jpg,0.686793,20.577425,ok
EES0423340__X06__Y1B__P017.jpg,0.839628,21.038887,ok
EES0423340__X06__Y1E__P018.jpg,0.831848,22.716264,ok
EES0423340__X0C__Y3F__P019.jpg,0.864110,21.146428,ok
EES0423340__X12__Y0C__P020.jpg,0.842967,22.047480,ok
EES0423340__X15__Y09__P021.jpg,0.763645,21.450806,ok
EES0423340__X15__Y45__P022.jpg,0.908915,22.023640,ok
EES0423340__X18__Y09__P023.jpg,0.739697,19.677767,ok
EES0423340__X18__Y45__P024.jpg,0.840355,25.662021,ok
EES0423340__X1B__Y09__P025.jpg,0.873927,23.290479,ok
EES0423341__X1E__Y09__P001.jpg,0.782929,20.687970,ok
EES0423341__X21__Y09__P002.jpg,0.800553,22.922077,ok
EES0423341__X24__Y09__P003.jpg,0.752298,20.390242,ok
EES0423341__X27__Y09__P004.jpg,0.869438,24.937301,ok
EES0423341__X2A__Y09__P005.jpg,0.765778,20.146881,ok
EES0423341__X2A__Y45__P006.jpg,0.794538,21.119817,ok
EES0423341__X2D__Y09__P007.jpg,0.760902,22.496363,ok
EES0423341__X2D__Y0C__P008.jpg,0.736626,21.512861,ok
EES0423341__X2D__Y45__P009.jpg,0.770594,20.208743,ok
EES0423341__X30__Y0C__P010.jpg,0.833228,24.133765,ok
EES0423341__X30__Y42__P011.jpg,0.859552,29.545829,ok
EES0423341__X30__Y45__P012.jpg,0.831045,25.100625,ok
EES0423341__X33__Y0C__P013.jpg,0.865282,25.288181,ok
EES0423341__X33__Y0F__P014.jpg,0.826236,25.546295,ok
EES0423341__X33__Y24__P015.jpg,0.772853,21.257669,ok
EES0423341__X33__Y42__P016.jpg,0.873853,26.536312,ok
EES0423341__X36__Y0C__P017.jpg,0.757602,19.521201,ok
EES0423341__X36__Y0F__P018.jpg,0.800976,22.692776,ok
EES0423341__X36__Y12__P019.jpg,0.801282,21.707399,ok
EES0423341__X36__Y3F__P020.jpg,0.724123,21.832177,ok
EES0423341__X39__Y0F__P021.jpg,0.794941,23.061817,ok
EES0423341__X39__Y12__P022.jpg,0.812697,23.958168,ok
EES0423341__X3C__Y15__P023.jpg,0.849259,25.767203,ok
EES0423341__X3F__Y15__P024.jpg,0.755414,21.304053,ok
EES0423341__X3F__Y18__P025.jpg,0.826209,24.837881,ok
EES0423342__X45__Y2A__P001.jpg,0.817543,25.220516,ok
EES0423342__X45__Y2D__P002.jpg,0.857019,26.446401,ok
EES0423342__X45__Y30__P003.jpg,0.837840,31.714469,ok
EES0423342__X03__Y12__P004.jpg,0.871908,29.899504,ok
EES0423342__X03__Y15__P005.jpg,0.817064,24.384640,ok
EES0423342__X06__Y15__P006.jpg,0.866498,27.782731,ok
EES0423342__X06__Y18__P007.jpg,0.876256,27.789158,ok
EES0423342__X0C__Y0F__P008.jpg,0.796342,22.115608,ok
EES0423342__X0F__Y0C__P009.jpg,0.867261,25.611154,ok
EES0423342__X0F__Y0F__P010.jpg,0.830158,20.785301,ok
EES0423342__X12__Y0C__P011.jpg,0.856711,25.364597,ok
EES0423342__X15__Y45__P012.jpg,0.876258,29.625464,ok
EES0423342__X18__Y09__P013.jpg,0.743376,19.432848,ok
EES0423342__X1B__Y09__P014.jpg,0.851303,26.070835,ok
EES0423342__X1E__Y09__P015.jpg,0.794701,20.907903,ok
EES0423342__X24__Y09__P016.jpg,0.859357,23.351010,ok
EES0423342__X27__Y09__P017.jpg,0.804193,23.365343,ok
EES0423342__X2D__Y45__P018.jpg,0.875014,32.234782,ok
EES0423342__X30__Y0C__P019.jpg,0.845751,21.972235,ok
EES0423342__X30__Y45__P020.jpg,0.774836,20.056002,ok
EES0423342__X36__Y42__P021.jpg,0.817165,23.304264,ok
EES0423342__X3F__Y18__P022.jpg,0.718193,19.490479,ok
EES0423342__X42__Y1E__P023.jpg,0.830256,24.686077,ok
EES0423342__X42__Y33__P024.jpg,0.780686,20.040275,ok
EES0423342__X45__Y39__P025.jpg,0.780325,24.361192,ok
EES0423343__X24__Y2A__P001.jpg,0.781931,22.107550,ok
EES0423343__X24__Y3C__P002.jpg,0.797692,20.967351,ok
EES0423343__X24__Y3F__P003.jpg,0.845213,28.989289,ok
EES0423343__X24__Y42__P004.jpg,0.824411,22.032490,ok
EES0423343__X24__Y45__P005.jpg,0.825325,21.314386,ok
EES0423343__X27__Y45__P006.jpg,0.857328,24.844921,ok
EES0423343__X2A__Y0F__P007.jpg,0.833257,24.494271,ok
EES0423343__X2A__Y1B__P008.jpg,0.826473,22.124214,ok
EES0423343__X2A__Y33__P009.jpg,0.715355,21.074127,ok
EES0423343__X2A__Y39__P010.jpg,0.837788,21.967894,ok
EES0423343__X2A__Y3F__P011.jpg,0.846406,27.420328,ok
EES0423343__X2A__Y45__P012.jpg,0.812078,21.838101,ok
EES0423343__X2D__Y3C__P013.jpg,0.872281,34.105893,ok
EES0423343__X30__Y12__P014.jpg,0.750070,19.747271,ok
EES0423343__X30__Y39__P015.jpg,0.858702,24.989706,ok
EES0423343__X30__Y3C__P016.jpg,0.835237,23.552607,ok
EES0423343__X33__Y3C__P017.jpg,0.834680,24.264959,ok
EES0423343__X36__Y15__P018.jpg,0.821912,22.212281,ok
EES0423343__X36__Y18__P019.jpg,0.788614,23.807790,ok
EES0423343__X36__Y3C__P020.jpg,0.801623,21.882610,ok
EES0423343__X36__Y3F__P021.jpg,0.849761,24.124858,ok
EES0423343__X39__Y39__P022.jpg,0.795428,24.901651,ok
EES0423343__X39__Y3C__P023.jpg,0.795402,24.388701,ok
EES0423343__X3C__Y2D__P024.jpg,0.759612,19.940400,ok
EES0423343__X3C__Y33__P025.jpg,0.803111,22.811384,ok
EES0423344__X3C__Y39__P001.jpg,0.828433,21.684384,ok
EES0423344__X3F__Y2A__P002.jpg,0.786292,20.690690,ok
EES0423344__X42__Y2A__P003.jpg,0.840684,25.846864,ok
EES0423344__X03__Y1E__P004.jpg,0.843961,24.881466,ok
EES0423344__X03__Y2D__P005.jpg,0.869906,29.531418,ok
EES0423344__X06__Y18__P006.jpg,0.829852,26.777456,ok
EES0423344__X06__Y1B__P007.jpg,0.864195,28.924901,ok
EES0423344__X06__Y1E__P008.jpg,0.766653,22.128491,ok
EES0423344__X06__Y2A__P009.jpg,0.776973,20.781449,ok
EES0423344__X06__Y2D__P010.jpg,0.779595,21.612908,ok
EES0423344__X09__Y12__P011.jpg,0.816149,26.818328,ok
EES0423344__X09__Y33__P012.jpg,0.786554,22.142137,ok
EES0423344__X09__Y36__P013.jpg,0.802173,22.118624,ok
EES0423344__X0C__Y0F__P014.jpg,0.789829,21.315390,ok
EES0423344__X0C__Y39__P015.jpg,0.691068,18.904094,ok
EES0423344__X0F__Y0C__P016.jpg,0.772668,20.315809,ok
EES0423344__X0F__Y39__P017.jpg,0.861284,29.690467,ok
EES0423344__X0F__Y3C__P018.jpg,0.832508,21.525155,ok
EES0423344__X12__Y3F__P019.jpg,0.826522,25.588652,ok
EES0423344__X15__Y3F__P020.jpg,0.775749,20.202127,ok
EES0423344__X18__Y06__P021.jpg,0.782491,23.071488,ok
EES0423344__X18__Y42__P022.jpg,0.854794,26.381177,ok
EES0423344__X1B__Y06__P023.jpg,0.750748,20.618108,ok
EES0423344__X1B__Y42__P024.jpg,0.852817,22.972201,ok
EES0423344__X1E__Y06__P025.jpg,0.869818,31.864636,ok
EES0423345__X1E__Y45__P001.jpg,0.875447,30.936556,ok
EES0423345__X21__Y06__P002.jpg,0.787428,23.311538,ok
EES0423345__X21__Y42__P003.jpg,0.807883,26.350378,ok
EES0423345__X21__Y45__P004.jpg,0.794046,22.090441,ok
EES0423345__X24__Y06__P005.jpg,0.879913,31.790931,ok
EES0423345__X24__Y45__P006.jpg,0.851012,30.537144,ok
EES0423345__X27__Y06__P007.jpg,0.732089,21.204516,ok
EES0423345__X27__Y45__P008.jpg,0.757399,23.028583,ok
EES0423345__X2A__Y06__P009.jpg,0.863909,24.524433,ok
EES0423345__X2A__Y45__P010.jpg,0.818128,22.237643,ok
EES0423345__X2D__Y06__P011.jpg,0.803185,22.783873,ok
EES0423345__X2D__Y42__P012.jpg,0.815834,23.552395,ok
EES0423345__X2D__Y45__P013.jpg,0.749857,19.886878,ok
EES0423345__X30__Y06__P014.jpg,0.751299,23.357451,ok
EES0423345__X30__Y09__P015.jpg,0.848567,26.689575,ok
EES0423345__X30__Y42__P016.jpg,0.861493,28.130528,ok
EES0423345__X33__Y09__P017.jpg,0.882391,27.939655,ok
EES0423345__X33__Y42__P018.jpg,0.826091,26.796013,ok
EES0423345__X36__Y09__P019.jpg,0.818160,24.182540,ok
EES0423345__X36__Y0C__P020.jpg,0.793156,21.605598,ok
EES0423345__X39__Y09__P021.jpg,0.739831,20.408612,ok
EES0423345__X39__Y0C__P022.jpg,0.840432,29.128586,ok
EES0423345__X39__Y0F__P023.jpg,0.820587,22.292220,ok
EES0423345__X3C__Y0F__P024.jpg,0.867930,26.673075,ok
EES0423345__X3C__Y3C__P025.jpg,0.775111,21.413129,ok
EES0423346__X3F__Y12__P001.jpg,0.859650,23.725667,ok
EES0423346__X3F__Y15__P002.jpg,0.755363,21.921512,ok
EES0423346__X3F__Y36__P003.jpg,0.823425,24.717969,ok
EES0423346__X42__Y12__P004.jpg,0.874990,33.832762,ok
EES0423346__X42__Y15__P005.jpg,0.874194,33.856272,ok
EES0423346__X42__Y18__P006.jpg,0.871287,35.440773,ok
EES0423346__X42__Y1B__P007.jpg,0.783585,24.089179,ok
EES0423346__X42__Y1E__P008.jpg,0.717185,19.912199,ok
EES0423346__X42__Y2D__P009.jpg,0.869955,35.018531,ok
EES0423346__X42__Y30__P010.jpg,0.806713,25.732346,ok
EES0423346__X42__Y33__P011.jpg,0.806191,23.447540,ok
EES0423346__X45__Y15__P012.jpg,0.869450,30.814066,ok
EES0423346__X45__Y18__P013.jpg,0.758035,19.986332,ok
EES0423346__X45__Y1E__P014.jpg,0.775758,22.326527,ok
EES0423346__X45__Y21__P015.jpg,0.858009,30.067651,ok
EES0423346__X45__Y24__P016.jpg,0.767965,25.878694,ok
EES0423346__X45__Y27__P017.jpg,0.814519,26.142978,ok
EES0423346__X45__Y2A__P018.jpg,0.739197,22.091242,ok
EES0423346__X45__Y2D__P019.jpg,0.835237,25.806108,ok
EES0423346__X45__Y30__P020.jpg,0.754178,22.577036,ok
EES0423346__X45__Y33__P021.jpg,0.835300,27.330796,ok
EES0423346__X03__Y1B__P022.jpg,0.820379,25.195237,ok
EES0423346__X03__Y1E__P023.jpg,0.880319,35.728349,ok
EES0423346__X03__Y21__P024.jpg,0.857845,29.124298,ok
EES0423346__X03__Y24__P025.jpg,0.722756,19.621897,ok
EES0423347__X03__Y27__P001.jpg,0.783620,26.750137,ok
EES0423347__X03__Y2A__P002.jpg,0.686447,20.543448,ok
EES0423347__X03__Y2D__P003.jpg,0.843644,30.772991,ok
EES0423347__X03__Y30__P004.jpg,0.724844,21.054096,ok
EES0423347__X03__Y33__P005.jpg,0.766415,23.195078,ok
EES0423347__X03__Y36__P006.jpg,0.833146,24.645412,ok
EES0423347__X03__Y39__P007.jpg,0.760919,24.075138,ok
EES0423347__X06__Y15__P008.jpg,0.868839,30.004484,ok
EES0423347__X06__Y18__P009.jpg,0.878743,33.556818,ok
EES0423347__X06__Y30__P010.jpg,0.832180,23.892697,ok
EES0423347__X06__Y36__P011.jpg,0.799091,24.009592,ok
EES0423347__X06__Y39__P012.jpg,0.746127,22.212600,ok
EES0423347__X06__Y3C__P013.jpg,0.837588,28.542080,ok
EES0423347__X09__Y15__P014.jpg,0.873076,30.508297,ok
EES0423347__X09__Y3C__P015.jpg,0.799580,23.235079,ok
EES0423347__X09__Y3F__P016.jpg,0.837176,28.942262,ok
EES0423347__X0C__Y3F__P017.jpg,0.652783,20.636800,ok
EES0423347__X0F__Y3F__P018.jpg,0.845604,25.605985,ok
EES0423347__X0F__Y42__P019.jpg,0.717534,19.780086,ok
EES0423347__X0F__Y45__P020.jpg,0.657319,19.874694,ok
EES0423347__X12__Y42__P021.jpg,0.735338,20.960613,ok
EES0423347__X12__Y45__P022.jpg,0.822696,28.134793,ok
EES0423347__X15__Y45__P023.jpg,0.737201,23.554538,ok
EES0423347__X18__Y45__P024.jpg,0.796172,24.975043,ok
EES0423347__X33__Y45__P025.jpg,0.704866,20.173042,ok
EES0423348__X33__Y3C__P001.jpg,0.866783,24.273931,ok
EES0423348__X33__Y3F__P002.jpg,0.805547,23.849873,ok
EES0423348__X33__Y42__P003.jpg,0.826267,25.329064,ok
EES0423348__X36__Y2A__P004.jpg,0.858755,25.016560,ok
EES0423348__X36__Y30__P005.jpg,0.797679,21.208232,ok
EES0423348__X36__Y33__P006.jpg,0.683250,20.254691,ok
EES0423348__X39__Y2A__P007.jpg,0.760510,23.022974,ok
EES0423348__X39__Y30__P008.jpg,0.830645,28.199611,ok
EES0423348__X3C__Y27__P009.jpg,0.826598,20.610307,ok
EES0423348__X3C__Y2A__P010.jpg,0.836557,21.540419,ok
EES0423348__X3F__Y27__P011.jpg,0.845245,23.953120,ok
EES0423348__X03__Y15__P012.jpg,0.841517,23.701258,ok
EES0423348__X03__Y18__P013.jpg,0.793958,19.978370,ok
EES0423348__X03__Y1B__P014.jpg,0.811274,26.838008,ok
EES0423348__X03__Y2A__P015.jpg,0.803886,25.007464,ok
EES0423348__X03__Y2D__P016.jpg,0.773130,22.035506,ok
EES0423348__X03__Y30__P017.jpg,0.687837,21.295384,ok
EES0423348__X03__Y33__P018.jpg,0.712249,22.831059,ok
EES0423348__X06__Y0F__P019.jpg,0.812634,20.967581,ok
EES0423348__X06__Y12__P020.jpg,0.809066,22.347329,ok
EES0423348__X06__Y15__P021.jpg,0.874909,28.837353,ok
EES0423348__X06__Y30__P022.jpg,0.782087,20.497630,ok
EES0423348__X06__Y33__P023.jpg,0.824479,21.808065,ok
EES0423348__X06__Y36__P024.jpg,0.831189,26.269071,ok
EES0423348__X09__Y0F__P025.jpg,0.708680,22.335481,ok
EES0423349__X09__Y36__P001.jpg,0.830452,22.346660,ok
EES0423349__X09__Y39__P002.jpg,0.652292,19.555574,ok
EES0423349__X0C__Y0C__P003.jpg,0.880767,29.985362,ok
EES0423349__X0C__Y3C__P004.jpg,0.770678,21.373353,ok
EES0423349__X0F__Y09__P005.jpg,0.820422,22.121951,ok
EES0423349__X0F__Y3F__P006.jpg,0.854203,23.243377,ok
EES0423349__X12__Y42__P007.jpg,0.771723,21.173795,ok
EES0423349__X15__Y42__P008.jpg,0.758642,23.358084,ok
EES0423349__X18__Y42__P009.jpg,0.871128,28.145554,ok
EES0423349__X18__Y45__P010.jpg,0.828778,26.417460,ok
EES0423349__X1B__Y42__P011.jpg,0.815439,22.630845,ok
EES0423349__X1B__Y45__P012.jpg,0.708930,19.740480,ok
EES0423349__X1E__Y45__P013.jpg,0.768893,20.363221,ok
EES0423349__X21__Y45__P014.jpg,0.785723,19.875901,ok
EES0423349__X24__Y45__P015.jpg,0.860502,29.805470,ok
EES0423349__X27__Y45__P016.jpg,0.862480,24.302117,ok
EES0423349__X2D__Y09__P017.jpg,0.831261,22.789020,ok
EES0423349__X2D__Y42__P018.jpg,0.705419,19.609193,ok
EES0423349__X30__Y09__P019.jpg,0.819629,22.242127,ok
EES0423349__X30__Y3F__P020.jpg,0.779873,21.493425,ok
EES0423349__X33__Y0C__P021.jpg,0.868321,33.000400,ok
EES0423349__X33__Y3F__P022.jpg,0.669212,19.642546,ok
EES0423349__X39__Y39__P023.jpg,0.840851,28.833235,ok
EES0423349__X3C__Y15__P024.jpg,0.770271,20.397725,ok
EES0423349__X3C__Y36__P025.jpg,0.867420,32.952582,ok
EES0423350__X30__Y2A__P001.jpg,0.788529,21.397280,ok
EES0423350__X30__Y30__P002.jpg,0.821321,23.164054,ok
EES0423350__X30__Y36__P003.jpg,0.726252,20.716405,ok
EES0423350__X30__Y39__P004.jpg,0.789788,20.534594,ok
EES0423350__X30__Y3F__P005.jpg,0.684531,19.774207,ok
EES0423350__X30__Y42__P006.jpg,0.826103,23.827905,ok
EES0423350__X33__Y24__P007.jpg,0.858170,26.406092,ok
EES0423350__X33__Y27__P008.jpg,0.788246,24.022944,ok
EES0423350__X33__Y30__P009.jpg,0.809114,25.468457,ok
EES0423350__X33__Y39__P010.jpg,0.877484,28.306287,ok
EES0423350__X33__Y3C__P011.jpg,0.797530,22.171499,ok
EES0423350__X33__Y3F__P012.jpg,0.856584,22.403436,ok
EES0423350__X36__Y30__P013.jpg,0.816315,23.363046,ok
EES0423350__X36__Y39__P014.jpg,0.780452,21.403358,ok
EES0423350__X36__Y3F__P015.jpg,0.849523,25.447144,ok
EES0423350__X36__Y42__P016.jpg,0.786698,22.065255,ok
EES0423350__X39__Y3C__P017.jpg,0.843222,25.709218,ok
EES0423350__X09__Y1E__P018.jpg,0.822680,22.990798,ok
EES0423350__X09__Y24__P019.jpg,0.849777,26.227368,ok
EES0423350__X09__Y27__P020.jpg,0.723328,19.739365,ok
EES0423350__X09__Y2A__P021.jpg,0.819222,22.294177,ok
EES0423350__X09__Y2D__P022.jpg,0.783920,21.924682,ok
EES0423350__X09__Y30__P023.jpg,0.848650,27.598279,ok
EES0423350__X0C__Y18__P024.jpg,0.763879,20.947875,ok
EES0423350__X0C__Y1E__P025.jpg,0.809450,20.252804,ok
EES0423351__X21__Y06__P001.jpg,0.871515,26.635791,ok
EES0423351__X21__Y45__P002.jpg,0.827502,22.530580,ok
EES0423351__X24__Y06__P003.jpg,0.868103,27.394904,ok
EES0423351__X24__Y45__P004.jpg,0.813000,23.106049,ok
EES0423351__X27__Y09__P005.jpg,0.860821,24.994864,ok
EES0423351__X27__Y45__P006.jpg,0.870747,25.324900,ok
EES0423351__X2A__Y09__P007.jpg,0.804178,21.924074,ok
EES0423351__X2D__Y06__P008.jpg,0.720495,21.024882,ok
EES0423351__X30__Y09__P009.jpg,0.847153,23.771575,ok
EES0423351__X30__Y0C__P010.jpg,0.856045,29.198985,ok
EES0423351__X33__Y09__P011.jpg,0.761201,22.102469,ok
EES0423351__X33__Y0C__P012.jpg,0.870764,27.716431,ok
EES0423351__X33__Y0F__P013.jpg,0.865256,25.724358,ok
EES0423351__X33__Y3F__P014.jpg,0.827888,22.308229,ok
EES0423351__X36__Y0C__P015.jpg,0.846381,25.432770,ok
EES0423351__X36__Y0F__P016.jpg,0.831703,24.624980,ok
EES0423351__X36__Y12__P017.jpg,0.769227,22.300446,ok
EES0423351__X36__Y3C__P018.jpg,0.811107,21.095467,ok
EES0423351__X39__Y12__P019.jpg,0.787914,23.185900,ok
EES0423351__X3C__Y18__P020.jpg,0.787583,21.679438,ok
EES0423351__X3C__Y33__P021.jpg,0.845782,25.688562,ok
EES0423351__X3F__Y1B__P022.jpg,0.824700,26.263774,ok
EES0423351__X3F__Y1E__P023.jpg,0.800361,21.169635,ok
EES0423351__X3F__Y21__P024.jpg,0.888499,30.633521,ok
EES0423351__X3F__Y24__P025.jpg,0.765178,21.426299,ok
EES0423352__X3F__Y27__P001.jpg,0.839276,29.600299,ok
EES0423352__X3F__Y36__P002.jpg,0.701995,19.966842,ok
EES0423352__X03__Y1E__P003.jpg,0.875147,27.049270,ok
EES0423352__X03__Y21__P004.jpg,0.845031,22.025126,ok
EES0423352__X03__Y24__P005.jpg,0.734235,21.462810,ok
EES0423352__X03__Y27__P006.jpg,0.723554,20.903978,ok
EES0423352__X03__Y2A__P007.jpg,0.703654,19.381909,ok
EES0423352__X03__Y2D__P008.jpg,0.817185,26.368960,ok
EES0423352__X03__Y30__P009.jpg,0.851207,30.791298,ok
EES0423352__X03__Y33__P010.jpg,0.697094,19.138194,ok
EES0423352__X06__Y18__P011.jpg,0.664822,19.880520,ok
EES0423352__X06__Y1B__P012.jpg,0.879290,28.195954,ok
EES0423352__X06__Y1E__P013.jpg,0.733573,20.681133,ok
EES0423352__X06__Y21__P014.jpg,0.820850,22.811264,ok
EES0423352__X06__Y24__P015.jpg,0.767740,22.258245,ok
EES0423352__X06__Y2A__P016.jpg,0.856286,29.219881,ok
EES0423352__X06__Y2D__P017.jpg,0.754783,19.910448,ok
EES0423352__X09__Y15__P018.jpg,0.744876,23.320754,ok
EES0423352__X09__Y18__P019.jpg,0.790658,21.593707,ok
EES0423352__X0C__Y0F__P020.jpg,0.846178,28.182753,ok
EES0423352__X0C__Y12__P021.jpg,0.755290,22.818642,ok
EES0423352__X0C__Y15__P022.jpg,0.746505,25.064865,ok
EES0423352__X0C__Y18__P023.jpg,0.864482,27.424245,ok
EES0423352__X0C__Y1B__P024.jpg,0.717549,20.451763,ok
EES0423352__X0C__Y3F__P025.jpg,0.798249,21.909756,ok
EES0423353__X2D__Y09__P001.jpg,0.792094,21.484944,ok
EES0423353__X2D__Y45__P002.jpg,0.712940,19.209070,ok
EES0423353__X30__Y0C__P003.jpg,0.704309,20.633002,ok
EES0423353__X33__Y0C__P004.jpg,0.821155,20.023052,ok
EES0423353__X33__Y0F__P005.jpg,0.743132,20.099074,ok
EES0423353__X33__Y30__P006.jpg,0.873139,25.117655,ok
EES0423353__X33__Y42__P007.jpg,0.870715,27.719197,ok
EES0423353__X36__Y0F__P008.jpg,0.882087,26.419704,ok
EES0423353__X36__Y3F__P009.jpg,0.729529,21.552254,ok
EES0423353__X39__Y12__P010.jpg,0.806351,23.409206,ok
EES0423353__X39__Y3C__P011.jpg,0.881617,27.114803,ok
EES0423353__X39__Y3F__P012.jpg,0.875005,31.958452,ok
EES0423353__X3C__Y15__P013.jpg,0.881744,28.095363,ok
EES0423353__X3C__Y39__P014.jpg,0.883254,26.390015,ok
EES0423353__X3F__Y18__P015.jpg,0.760855,19.756855,ok
EES0423353__X3F__Y1B__P016.jpg,0.826180,26.905511,ok
EES0423353__X3F__Y33__P017.jpg,0.831593,20.771450,ok
EES0423353__X3F__Y36__P018.jpg,0.772182,24.303351,ok
EES0423353__X42__Y21__P019.jpg,0.709375,20.349781,ok
EES0423353__X42__Y24__P020.jpg,0.841490,23.494472,ok
EES0423353__X42__Y27__P021.jpg,0.738035,19.519616,ok
EES0423353__X42__Y2A__P022.jpg,0.819241,23.503157,ok
EES0423353__X42__Y2D__P023.jpg,0.798078,23.524701,ok
EES0423353__X33__Y0F__P024.jpg,0.857711,29.487457,ok
EES0423353__X36__Y0F__P025.jpg,0.738058,19.999601,ok
EES0423354__X36__Y1B__P001.jpg,0.772856,22.770552,ok
EES0423354__X36__Y36__P002.jpg,0.843522,23.921511,ok
EES0423354__X36__Y39__P003.jpg,0.816267,21.402435,ok
EES0423354__X39__Y1B__P004.jpg,0.874706,34.439850,ok
EES0423354__X39__Y39__P005.jpg,0.838456,28.876627,ok
EES0423354__X3C__Y1B__P006.jpg,0.791670,20.707064,ok
EES0423354__X3C__Y36__P007.jpg,0.833000,26.909289,ok
EES0423354__X3C__Y39__P008.jpg,0.806708,20.459387,ok
EES0423354__X3F__Y18__P009.jpg,0.839733,24.123929,ok
EES0423354__X3F__Y1B__P010.jpg,0.806555,24.187236,ok
EES0423354__X3F__Y21__P011.jpg,0.738746,21.348900,ok
EES0423354__X3F__Y24__P012.jpg,0.794843,20.328545,ok
EES0423354__X3F__Y27__P013.jpg,0.779551,20.370400,ok
EES0423354__X42__Y1E__P014.jpg,0.784168,22.320754,ok
EES0423354__X42__Y21__P015.jpg,0.781908,22.267687,ok
EES0423354__X06__Y1E__P016.jpg,0.814551,22.637359,ok
EES0423354__X06__Y21__P017.jpg,0.811216,22.028127,ok
EES0423354__X06__Y24__P018.jpg,0.853635,33.146258,ok
EES0423354__X06__Y27__P019.jpg,0.827704,20.922995,ok
EES0423354__X06__Y2A__P020.jpg,0.745137,20.482810,ok
EES0423354__X06__Y2D__P021.jpg,0.805956,20.855430,ok
EES0423354__X06__Y30__P022.jpg,0.841097,31.341066,ok
EES0423354__X09__Y1B__P023.jpg,0.832355,28.363876,ok
EES0423354__X09__Y1E__P024.jpg,0.707406,20.703868,ok
EES0423354__X09__Y21__P025.jpg,0.792353,21.188638,ok
EES0423355__X09__Y24__P001.jpg,0.728395,20.090756,ok
EES0423355__X09__Y33__P002.jpg,0.747705,20.447978,ok
EES0423355__X09__Y36__P003.jpg,0.852498,27.832902,ok
EES0423355__X0C__Y15__P004.jpg,0.817631,24.197960,ok
EES0423355__X0C__Y18__P005.jpg,0.786236,22.993821,ok
EES0423355__X0C__Y1B__P006.jpg,0.762360,21.210611,ok
EES0423355__X0C__Y1E__P007.jpg,0.746894,23.352881,ok
EES0423355__X0C__Y39__P008.jpg,0.722565,20.502429,ok
EES0423355__X0C__Y3C__P009.jpg,0.717864,19.614478,ok
EES0423355__X0C__Y3F__P010.jpg,0.833326,27.382193,ok
EES0423355__X0C__Y45__P011.jpg,0.871415,30.255521,ok
EES0423355__X0F__Y12__P012.jpg,0.866094,32.499637,ok
EES0423355__X0F__Y15__P013.jpg,0.878670,26.099663,ok
EES0423355__X0F__Y18__P014.jpg,0.829721,22.265664,ok
EES0423355__X0F__Y3F__P015.jpg,0.848814,27.006943,ok
EES0423355__X12__Y0F__P016.jpg,0.789666,22.133341,ok
EES0423355__X12__Y12__P017.jpg,0.822243,23.186014,ok
EES0423355__X12__Y1E__P018.jpg,0.671344,19.452572,ok
EES0423355__X12__Y42__P019.jpg,0.791071,22.312310,ok
EES0423355__X15__Y0C__P020.jpg,0.878193,27.754056,ok
EES0423355__X15__Y0F__P021.jpg,0.679990,19.652228,ok
EES0423355__X18__Y0C__P022.jpg,0.763947,21.394722,ok
EES0423355__X18__Y0F__P023.jpg,0.738944,21.518602,ok
EES0423355__X18__Y12__P024.jpg,0.749937,20.535130,ok
EES0423355__X18__Y45__P025.jpg,0.855040,28.799966,ok
EES0423356__X1B__Y09__P001.jpg,0.765208,22.899507,ok
EES0423356__X1B__Y0C__P002.jpg,0.757952,22.169611,ok
EES0423356__X1B__Y45__P003.jpg,0.835974,24.826772,ok
EES0423356__X1E__Y09__P004.jpg,0.797132,23.130668,ok
EES0423356__X1E__Y0C__P005.jpg,0.875722,35.220902,ok
EES0423356__X21__Y09__P006.jpg,0.823888,24.093725,ok
EES0423356__X24__Y09__P007.jpg,0.776275,22.658745,ok
EES0423356__X27__Y09__P008.jpg,0.796764,24.105355,ok
EES0423356__X2A__Y09__P009.jpg,0.786854,23.092172,ok
EES0423356__X2D__Y09__P010.jpg,0.883265,26.491057,ok
EES0423356__X30__Y0C__P011.jpg,0.873143,35.326790,ok
EES0423356__X30__Y45__P012.jpg,0.704432,19.250707,ok
EES0423356__X33__Y0C__P013.jpg,0.771331,20.950167,ok
EES0423356__X33__Y0F__P014.jpg,0.881845,30.791561,ok
EES0423356__X33__Y45__P015.jpg,0.819801,21.369482,ok
EES0423356__X36__Y0F__P016.jpg,0.741424,22.057472,ok
EES0423356__X39__Y0F__P017.jpg,0.876780,27.381646,ok
EES0423356__X3C__Y12__P018.jpg,0.724160,21.448411,ok
EES0423356__X3F__Y39__P019.jpg,0.870547,30.792436,ok
EES0423356__X3F__Y3C__P020.jpg,0.837005,25.097248,ok
EES0423356__X3F__Y3F__P021.jpg,0.868900,31.050527,ok
EES0423356__X42__Y18__P022.jpg,0.683085,19.205840,ok
EES0423356__X42__Y1B__P023.jpg,0.844762,28.910920,ok
EES0423356__X42__Y36__P024.jpg,0.882075,29.801834,ok
EES0423356__X45__Y1B__P025.jpg,0.728255,20.374724,ok
EES0423357__X45__Y1E__P001.jpg,0.793999,23.103820,ok
EES0423357__X45__Y21__P002.jpg,0.815469,25.812554,ok
EES0423357__X45__Y24__P003.jpg,0.866764,31.946333,ok
EES0423357__X45__Y27__P004.jpg,0.828187,25.398346,ok
EES0423357__X45__Y2A__P005.jpg,0.832709,27.346984,ok
EES0423357__X45__Y2D__P006.jpg,0.788002,24.699058,ok
EES0423357__X45__Y30__P007.jpg,0.831658,28.094436,ok
EES0423357__X45__Y3C__P008.jpg,0.808296,24.803209,ok
EES0423357__X06__Y1E__P009.jpg,0.735172,22.036085,ok
EES0423357__X06__Y21__P010.jpg,0.810292,21.525617,ok
EES0423357__X06__Y24__P011.jpg,0.861606,26.970740,ok
EES0423357__X06__Y27__P012.jpg,0.835864,26.194554,ok
EES0423357__X06__Y2A__P013.jpg,0.684090,20.264138,ok
EES0423357__X06__Y2D__P014.jpg,0.809822,26.385879,ok
EES0423357__X06__Y30__P015.jpg,0.823721,23.324397,ok
EES0423357__X09__Y2A__P016.jpg,0.765400,23.426715,ok
EES0423357__X09__Y30__P017.jpg,0.772308,20.801320,ok
EES0423357__X09__Y33__P018.jpg,0.768559,23.302211,ok
EES0423357__X09__Y36__P019.jpg,0.870882,33.161516,ok
EES0423357__X09__Y39__P020.jpg,0.817629,23.114913,ok
EES0423357__X0C__Y12__P021.jpg,0.792660,23.380387,ok
EES0423357__X0C__Y30__P022.jpg,0.756058,21.540720,ok
EES0423357__X0C__Y36__P023.jpg,0.854432,26.694503,ok
EES0423357__X0C__Y39__P024.jpg,0.812396,21.166079,ok
EES0423357__X0C__Y3C__P025.jpg,0.776333,23.712834,ok
EES0423358__X24__Y45__P001.jpg,0.789275,20.210317,ok
EES0423358__X27__Y09__P002.jpg,0.849657,26.000372,ok
EES0423358__X27__Y45__P003.jpg,0.888935,33.222902,ok
EES0423358__X2A__Y09__P004.jpg,0.834416,21.328884,ok
EES0423358__X2A__Y45__P005.jpg,0.844166,23.589171,ok
EES0423358__X2D__Y39__P006.jpg,0.817772,25.389077,ok
EES0423358__X2D__Y45__P007.jpg,0.813799,22.277722,ok
EES0423358__X30__Y42__P008.jpg,0.831460,27.539937,ok
EES0423358__X33__Y0C__P009.jpg,0.754296,21.198741,ok
EES0423358__X33__Y42__P010.jpg,0.792396,23.164537,ok
EES0423358__X36__Y0F__P011.jpg,0.861220,25.358895,ok
EES0423358__X3C__Y12__P012.jpg,0.872387,28.920140,ok
EES0423358__X3F__Y15__P013.jpg,0.881565,30.895888,ok
EES0423358__X42__Y1B__P014.jpg,0.830686,23.861524,ok
EES0423358__X42__Y33__P015.jpg,0.823733,22.607977,ok
EES0423358__X45__Y21__P016.jpg,0.867997,23.388147,ok
EES0423358__X45__Y24__P017.jpg,0.781413,22.987249,ok
EES0423358__X45__Y27__P018.jpg,0.856807,23.455480,ok
EES0423358__X45__Y2A__P019.jpg,0.810502,24.652201,ok
EES0423358__X09__Y21__P020.jpg,0.803470,20.187337,ok
EES0423358__X09__Y2D__P021.jpg,0.812943,20.278796,ok
EES0423358__X0C__Y21__P022.jpg,0.864043,27.179680,ok
EES0423358__X0C__Y27__P023.jpg,0.699245,19.167530,ok
EES0423358__X0F__Y15__P024.jpg,0.852854,26.700285,ok
EES0423358__X0F__Y18__P025.jpg,0.752186,19.965010,ok
EES0423359__X3C__Y3C__P001.jpg,0.727776,20.131032,ok
EES0423359__X3F__Y1B__P002.jpg,0.766805,23.340672,ok
EES0423359__X42__Y1B__P003.jpg,0.759393,22.646143,ok
EES0423359__X45__Y24__P004.jpg,0.735978,20.997949,ok
EES0423359__X45__Y27__P005.jpg,0.842746,28.126155,ok
EES0423359__X45__Y2A__P006.jpg,0.804240,20.981185,ok
EES0423359__X03__Y18__P007.jpg,0.824829,26.070912,ok
EES0423359__X03__Y1B__P008.jpg,0.732419,20.224866,ok
EES0423359__X03__Y3C__P009.jpg,0.867073,28.333561,ok
EES0423359__X03__Y3F__P010.jpg,0.795963,20.982773,ok
EES0423359__X03__Y42__P011.jpg,0.845520,27.646833,ok
EES0423359__X03__Y45__P012.jpg,0.775711,21.439671,ok
EES0423359__X06__Y18__P013.jpg,0.829046,23.987577,ok
EES0423359__X06__Y3F__P014.jpg,0.822006,23.275857,ok
EES0423359__X06__Y42__P015.jpg,0.868588,32.439721,ok
EES0423359__X06__Y45__P016.jpg,0.853435,29.589732,ok
EES0423359__X09__Y45__P017.jpg,0.839484,21.008920,ok
EES0423359__X0C__Y0F__P018.jpg,0.787733,21.840618,ok
EES0423359__X0F__Y0F__P019.jpg,0.813130,23.310001,ok
EES0423359__X15__Y0C__P020.jpg,0.780050,23.712736,ok
EES0423359__X21__Y0C__P021.jpg,0.768951,21.433114,ok
EES0423359__X2D__Y0C__P022.jpg,0.764601,21.416569,ok
EES0423359__X30__Y0F__P023.jpg,0.845218,27.061639,ok
EES0423359__X36__Y3F__P024.jpg,0.831857,24.405275,ok
EES0423359__X39__Y15__P025.jpg,0.812179,22.507241,ok
EES0423360__X42__Y36__P001.jpg,0.865474,26.716070,ok
EES0423360__X45__Y27__P002.jpg,0.806575,22.855903,ok
EES0423360__X06__Y12__P003.jpg,0.881688,26.142545,ok
EES0423360__X06__Y15__P004.jpg,0.825996,25.167090,ok
EES0423360__X06__Y27__P005.jpg,0.877927,27.616471,ok
EES0423360__X09__Y12__P006.jpg,0.845701,22.765405,ok
EES0423360__X09__Y15__P007.jpg,0.842608,26.228105,ok
EES0423360__X18__Y0C__P008.jpg,0.813093,28.069161,ok
EES0423360__X21__Y09__P009.jpg,0.827470,24.671841,ok
EES0423360__X24__Y09__P010.jpg,0.854504,22.919264,ok
EES0423360__X27__Y09__P011.jpg,0.696637,19.587449,ok
EES0423360__X2A__Y09__P012.jpg,0.871996,26.441207,ok
EES0423360__X2D__Y45__P013.jpg,0.792198,22.535683,ok
EES0423360__X30__Y0C__P014.jpg,0.837255,22.718719,ok
EES0423360__X33__Y0C__P015.jpg,0.849726,25.236044,ok
EES0423360__X39__Y12__P016.jpg,0.822535,24.116829,ok
EES0423360__X3F__Y33__P017.jpg,0.758563,21.381109,ok
EES0423360__X3F__Y36__P018.jpg,0.869938,25.067949,ok
EES0423360__X42__Y24__P019.jpg,0.715314,20.241663,ok
EES0423360__X42__Y27__P020.jpg,0.832927,23.093501,ok
EES0423360__X42__Y2A__P021.jpg,0.860940,22.795246,ok
EES0423360__X06__Y2A__P022.jpg,0.865707,27.418993,ok
EES0423360__X06__Y2D__P023.jpg,0.835219,23.561110,ok
EES0423360__X09__Y33__P024.jpg,0.866972,24.823831,ok
EES0423360__X09__Y36__P025.jpg,0.876103,27.415709,ok
EES0423361__X45__Y30__P001.jpg,0.726750,20.916894,ok
EES0423361__X06__Y1E__P002.jpg,0.884685,29.870427,ok
EES0423361__X06__Y21__P003.jpg,0.878015,28.722137,ok
EES0423361__X06__Y24__P004.jpg,0.823622,27.834016,ok
EES0423361__X06__Y27__P005.jpg,0.840466,24.966118,ok
EES0423361__X06__Y2A__P006.jpg,0.736268,20.817178,ok
EES0423361__X06__Y2D__P007.jpg,0.832062,26.718761,ok
EES0423361__X06__Y30__P008.jpg,0.809772,24.077706,ok
EES0423361__X06__Y33__P009.jpg,0.858054,26.827481,ok
EES0423361__X09__Y18__P010.jpg,0.813429,27.170177,ok
EES0423361__X09__Y1B__P011.jpg,0.876191,28.416694,ok
EES0423361__X09__Y1E__P012.jpg,0.853868,27.886111,ok
EES0423361__X09__Y33__P013.jpg,0.649363,20.266443,ok
EES0423361__X09__Y36__P014.jpg,0.752369,23.273887,ok
EES0423361__X09__Y39__P015.jpg,0.868201,31.182129,ok
EES0423361__X0C__Y12__P016.jpg,0.773626,21.028474,ok
EES0423361__X0C__Y15__P017.jpg,0.724174,20.738512,ok
EES0423361__X0C__Y1B__P018.jpg,0.844849,28.020359,ok
EES0423361__X0C__Y39__P019.jpg,0.784352,24.549577,ok
EES0423361__X0C__Y3C__P020.jpg,0.761133,21.186386,ok
EES0423361__X0F__Y0F__P021.jpg,0.806792,22.548574,ok
EES0423361__X0F__Y12__P022.jpg,0.825987,21.802229,ok
EES0423361__X0F__Y3C__P023.jpg,0.822395,28.660033,ok
EES0423361__X0F__Y3F__P024.jpg,0.762811,21.626251,ok
EES0423361__X12__Y0C__P025.jpg,0.656151,20.106082,ok
EES0423362__X12__Y0F__P001.jpg,0.877059,27.761785,ok
EES0423362__X12__Y3F__P002.jpg,0.801712,22.852800,ok
EES0423362__X12__Y42__P003.jpg,0.797482,25.468826,ok
EES0423362__X18__Y45__P004.jpg,0.864673,27.552132,ok
EES0423362__X1B__Y09__P005.jpg,0.864147,27.006222,ok
EES0423362__X1B__Y45__P006.jpg,0.879355,28.814307,ok
EES0423362__X1E__Y09__P007.jpg,0.870097,27.000252,ok
EES0423362__X1E__Y45__P008.jpg,0.880180,32.095666,ok
EES0423362__X21__Y09__P009.jpg,0.730467,21.549819,ok
EES0423362__X2D__Y09__P010.jpg,0.828210,22.307823,ok
EES0423362__X30__Y09__P011.jpg,0.810609,24.293827,ok
EES0423362__X30__Y45__P012.jpg,0.876585,28.134606,ok
EES0423362__X33__Y0C__P013.jpg,0.716924,21.455290,ok
EES0423362__X33__Y45__P014.jpg,0.869717,33.367162,ok
EES0423362__X36__Y0C__P015.jpg,0.856674,25.080806,ok
EES0423362__X36__Y42__P016.jpg,0.618072,18.801377,ok
EES0423362__X39__Y42__P017.jpg,0.781298,23.196739,ok
EES0423362__X3C__Y0F__P018.jpg,0.688409,21.025425,ok
EES0423362__X3C__Y3F__P019.jpg,0.813514,24.162640,ok
EES0423362__X3F__Y12__P020.jpg,0.838675,21.979099,ok
EES0423362__X42__Y15__P021.jpg,0.790549,23.066961,ok
EES0423362__X42__Y39__P022.jpg,0.837088,29.185918,ok
EES0423362__X42__Y3C__P023.jpg,0.736062,20.394915,ok
EES0423362__X45__Y18__P024.jpg,0.718665,19.638064,ok
EES0423362__X45__Y1B__P025.jpg,0.674638,19.507629,ok
EES0423363__X45__Y1E__P001.jpg,0.845741,26.485483,ok
EES0423363__X45__Y30__P002.jpg,0.792434,22.028501,ok
EES0423363__X45__Y33__P003.jpg,0.741122,23.318888,ok
EES0423363__X48__Y1E__P004.jpg,0.865487,31.006189,ok
EES0423363__X48__Y21__P005.jpg,0.789834,25.300999,ok
EES0423363__X48__Y24__P006.jpg,0.800734,25.477612,ok
EES0423363__X48__Y27__P007.jpg,0.799289,25.811428,ok
EES0423363__X48__Y2A__P008.jpg,0.818816,24.039534,ok
EES0423363__X48__Y2D__P009.jpg,0.819278,26.371281,ok
EES0423363__X48__Y30__P010.jpg,0.783958,23.105274,ok
EES0423363__X48__Y33__P011.jpg,0.873780,32.573789,ok
EES0423363__X03__Y1E__P012.jpg,0.879691,35.243361,ok
EES0423363__X03__Y21__P013.jpg,0.820052,25.027546,ok
EES0423363__X03__Y24__P014.jpg,0.859801,31.846969,ok
EES0423363__X03__Y27__P015.jpg,0.757463,21.675989,ok
EES0423363__X03__Y2A__P016.jpg,0.837685,28.127462,ok
EES0423363__X03__Y2D__P017.jpg,0.862702,26.864430,ok
EES0423363__X03__Y30__P018.jpg,0.744356,23.380411,ok
EES0423363__X03__Y33__P019.jpg,0.842038,27.105249,ok
EES0423363__X03__Y36__P020.jpg,0.866533,29.776967,ok
EES0423363__X06__Y1B__P021.jpg,0.815926,26.772699,ok
EES0423363__X06__Y1E__P022.jpg,0.818219,24.612042,ok
EES0423363__X06__Y21__P023.jpg,0.828096,25.304556,ok
EES0423363__X06__Y24__P024.jpg,0.856878,27.600490,ok
EES0423363__X06__Y27__P025.jpg,0.858072,29.539608,ok
EES0423364__X06__Y2A__P001.jpg,0.883998,31.147316,ok
EES0423364__X06__Y39__P002.jpg,0.822457,24.802583,ok
EES0423364__X09__Y15__P003.jpg,0.795554,23.593334,ok
EES0423364__X09__Y18__P004.jpg,0.827647,22.678821,ok
EES0423364__X09__Y1B__P005.jpg,0.808710,25.224174,ok
EES0423364__X09__Y1E__P006.jpg,0.719141,21.681046,ok
EES0423364__X09__Y21__P007.jpg,0.738372,19.972299,ok
EES0423364__X09__Y3F__P008.jpg,0.765991,21.770669,ok
EES0423364__X0C__Y15__P009.jpg,0.835071,25.351397,ok
EES0423364__X0C__Y18__P010.jpg,0.745383,21.147026,ok
EES0423364__X0C__Y1B__P011.jpg,0.864714,29.570562,ok
EES0423364__X0C__Y21__P012.jpg,0.751504,21.529854,ok
EES0423364__X0C__Y42__P013.jpg,0.745337,25.770632,ok
EES0423364__X0F__Y12__P014.jpg,0.786817,22.987150,ok
EES0423364__X0F__Y15__P015.jpg,0.757445,21.079761,ok
EES0423364__X0F__Y18__P016.jpg,0.883528,27.312994,ok
EES0423364__X0F__Y1B__P017.jpg,0.862104,26.656997,ok
EES0423364__X12__Y0F__P018.jpg,0.766702,22.522619,ok
EES0423364__X12__Y12__P019.jpg,0.720623,20.329541,ok
EES0423364__X12__Y15__P020.jpg,0.793074,23.134028,ok
EES0423364__X12__Y45__P021.jpg,0.725602,22.385374,ok
EES0423364__X15__Y0F__P022.jpg,0.677511,18.930898,ok
EES0423364__X15__Y12__P023.jpg,0.681034,19.848611,ok
EES0423364__X15__Y45__P024.jpg,0.878831,27.658607,ok
EES0423364__X18__Y0C__P025.jpg,0.883699,26.711661,ok
EES0423365__X18__Y0F__P001.jpg,0.823186,21.814758,ok
EES0423365__X1B__Y0C__P002.jpg,0.776866,23.171394,ok
EES0423365__X1E__Y0C__P003.jpg,0.776978,23.492068,ok
EES0423365__X21__Y0C__P004.jpg,0.866304,25.657192,ok
EES0423365__X24__Y09__P005.jpg,0.789407,23.593916,ok
EES0423365__X24__Y0C__P006.jpg,0.747614,21.350744,ok
EES0423365__X27__Y0C__P007.jpg,0.833091,27.379397,ok
EES0423365__X2A__Y0C__P008.jpg,0.872726,30.544903,ok
EES0423365__X2D__Y0C__P009.jpg,0.873235,30.283411,ok
EES0423365__X2D__Y12__P010.jpg,0.764647,23.044297,ok
EES0423365__X30__Y0F__P011.jpg,0.767100,23.374203,ok
EES0423365__X30__Y45__P012.jpg,0.756832,21.085341,ok
EES0423365__X33__Y0F__P013.jpg,0.750796,20.416429,ok
EES0423365__X33__Y45__P014.jpg,0.745518,23.033380,ok
EES0423365__X36__Y12__P015.jpg,0.769762,23.097041,ok
EES0423365__X36__Y42__P016.jpg,0.878286,30.453901,ok
EES0423365__X39__Y3F__P017.jpg,0.743138,20.804026,ok
EES0423365__X3C__Y3C__P018.jpg,0.846795,27.377516,ok
EES0423365__X3F__Y1B__P019.jpg,0.718245,20.073294,ok
EES0423365__X3F__Y36__P020.jpg,0.763895,23.803856,ok
EES0423365__X3F__Y39__P021.jpg,0.717266,22.404386,ok
EES0423365__X42__Y21__P022.jpg,0.798144,24.830974,ok
EES0423365__X42__Y24__P023.jpg,0.835060,22.980623,ok
EES0423365__X42__Y27__P024.jpg,0.765359,23.338652,ok
EES0423365__X42__Y2A__P025.jpg,0.774526,23.707859,ok
EES0423366__X3C__Y15__P001.jpg,0.761790,19.889908,ok
EES0423366__X3C__Y36__P002.jpg,0.816264,21.431896,ok
EES0423366__X3C__Y3F__P003.jpg,0.811149,24.896034,ok
EES0423366__X3F__Y18__P004.jpg,0.783539,21.215855,ok
EES0423366__X3F__Y1E__P005.jpg,0.794444,22.269698,ok
EES0423366__X3F__Y21__P006.jpg,0.791093,23.599532,ok
EES0423366__X3F__Y24__P007.jpg,0.823315,25.847627,ok
EES0423366__X3F__Y30__P008.jpg,0.764704,20.918052,ok
EES0423366__X3F__Y33__P009.jpg,0.710133,19.304514,ok
EES0423366__X3F__Y3C__P010.jpg,0.749589,21.297688,ok
EES0423366__X42__Y1B__P011.jpg,0.827691,25.197794,ok
EES0423366__X42__Y1E__P012.jpg,0.856186,28.935896,ok
EES0423366__X42__Y21__P013.jpg,0.864162,26.669036,ok
EES0423366__X42__Y2A__P014.jpg,0.780825,25.616294,ok
EES0423366__X42__Y39__P015.jpg,0.831832,25.884231,ok
EES0423366__X45__Y27__P016.jpg,0.685797,20.956594,ok
EES0423366__X45__Y2A__P017.jpg,0.798104,23.520996,ok
EES0423366__X45__Y2D__P018.jpg,0.815578,23.795251,ok
EES0423366__X45__Y30__P019.jpg,0.798248,22.358568,ok
EES0423366__X45__Y33__P020.jpg,0.736937,21.323282,ok
EES0423366__X21__Y1B__P021.jpg,0.840546,25.339807,ok
EES0423366__X36__Y0F__P022.jpg,0.703066,20.856190,ok
EES0423366__X36__Y39__P023.jpg,0.798908,21.753934,ok
EES0423366__X06__Y1E__P024.jpg,0.806399,24.430578,ok
EES0423366__X06__Y21__P025.jpg,0.786589,22.936008,ok
EES0423367__X3C__Y0F__P001.jpg,0.809887,24.578304,ok
EES0423367__X3C__Y21__P002.jpg,0.720527,20.652101,ok
EES0423367__X3F__Y12__P003.jpg,0.792704,24.197197,ok
EES0423367__X3F__Y15__P004.jpg,0.867829,29.820759,ok
EES0423367__X42__Y15__P005.jpg,0.785192,24.652317,ok
EES0423367__X42__Y18__P006.jpg,0.690476,23.056524,ok
EES0423367__X45__Y1E__P007.jpg,0.803592,24.409435,ok
EES0423367__X06__Y2A__P008.jpg,0.836608,23.215854,ok
EES0423367__X09__Y1B__P009.jpg,0.739434,22.202926,ok
EES0423367__X09__Y24__P010.jpg,0.836710,25.092151,ok
EES0423367__X09__Y27__P011.jpg,0.824687,27.310766,ok
EES0423367__X09__Y2A__P012.jpg,0.790958,24.893520,ok
EES0423367__X0C__Y18__P013.jpg,0.822216,23.624622,ok
EES0423367__X0C__Y1B__P014.jpg,0.735672,21.873037,ok
EES0423367__X0C__Y1E__P015.jpg,0.800675,22.665131,ok
EES0423367__X0C__Y21__P016.jpg,0.799458,24.802672,ok
EES0423367__X0C__Y27__P017.jpg,0.724609,21.560669,ok
EES0423367__X0C__Y2A__P018.jpg,0.852081,24.866848,ok
EES0423367__X0C__Y30__P019.jpg,0.817932,23.353947,ok
EES0423367__X0C__Y36__P020.jpg,0.726944,20.347926,ok
EES0423367__X0C__Y39__P021.jpg,0.834444,22.714838,ok
EES0423367__X0F__Y18__P022.jpg,0.856456,26.840246,ok
EES0423367__X0F__Y1B__P023.jpg,0.874155,35.540732,ok
EES0423367__X0F__Y21__P024.jpg,0.860512,27.775407,ok
EES0423367__X0F__Y2A__P025.jpg,0.803301,23.586187,ok
EES0423368__X36__Y36__P001.jpg,0.877392,27.585438,ok
EES0423368__X36__Y39__P002.jpg,0.704677,19.388667,ok
EES0423368__X36__Y3C__P003.jpg,0.847040,20.815975,ok
EES0423368__X39__Y2A__P004.jpg,0.842143,28.417721,ok
EES0423368__X3C__Y21__P005.jpg,0.732865,19.808163,ok
EES0423368__X3C__Y24__P006.jpg,0.849364,23.494111,ok
EES0423368__X3C__Y2D__P007.jpg,0.835584,22.150325,ok
EES0423368__X3C__Y30__P008.jpg,0.764647,21.560722,ok
EES0423368__X3F__Y24__P009.jpg,0.811487,20.365439,ok
EES0423368__X3F__Y27__P010.jpg,0.728641,20.361037,ok
EES0423368__X3F__Y30__P011.jpg,0.833572,20.845034,ok
EES0423368__X42__Y24__P012.jpg,0.808774,22.994408,ok
EES0423368__X42__Y27__P013.jpg,0.837453,26.883993,ok
EES0423368__X42__Y30__P014.jpg,0.824961,21.693794,ok
EES0423368__X03__Y24__P015.jpg,0.837328,22.580179,ok
EES0423368__X06__Y1E__P016.jpg,0.843711,20.566400,ok
EES0423368__X06__Y21__P017.jpg,0.827674,21.176590,ok
EES0423368__X06__Y27__P018.jpg,0.814674,20.830413,ok
EES0423368__X06__Y2A__P019.jpg,0.835569,20.950242,ok
EES0423368__X06__Y30__P020.jpg,0.822521,24.809646,ok
EES0423368__X06__Y33__P021.jpg,0.864957,24.593490,ok
EES0423368__X06__Y36__P022.jpg,0.878908,30.557424,ok
EES0423368__X09__Y15__P023.jpg,0.879310,31.421343,ok
EES0423368__X09__Y33__P024.jpg,0.817366,20.434918,ok
EES0423368__X09__Y36__P025.jpg,0.799342,22.043197,ok
EES0423369__X09__Y39__P001.jpg,0.759621,20.026229,ok
EES0423369__X0C__Y12__P002.jpg,0.844069,26.030476,ok
EES0423369__X0C__Y39__P003.jpg,0.667050,20.176501,ok
EES0423369__X0F__Y0F__P004.jpg,0.834328,26.838792,ok
EES0423369__X0F__Y3F__P005.jpg,0.803161,24.494014,ok
EES0423369__X12__Y0C__P006.jpg,0.850392,26.372564,ok
EES0423369__X12__Y42__P007.jpg,0.680694,19.755918,ok
EES0423369__X15__Y42__P008.jpg,0.855866,29.359632,ok
EES0423369__X1B__Y45__P009.jpg,0.859281,27.841000,ok
EES0423369__X33__Y0C__P010.jpg,0.826860,23.354620,ok
EES0423369__X33__Y45__P011.jpg,0.793310,25.992518,ok
EES0423369__X36__Y0C__P012.jpg,0.797306,21.521052,ok
EES0423369__X39__Y0C__P013.jpg,0.876180,27.832686,ok
EES0423369__X39__Y0F__P014.jpg,0.870990,30.013970,ok
EES0423369__X3C__Y0F__P015.jpg,0.796854,22.125406,ok
EES0423369__X3C__Y12__P016.jpg,0.834355,23.047007,ok
EES0423369__X3F__Y12__P017.jpg,0.817719,26.073326,ok
EES0423369__X3F__Y15__P018.jpg,0.756997,21.951609,ok
EES0423369__X3F__Y39__P019.jpg,0.797079,20.994110,ok
EES0423369__X42__Y15__P020.jpg,0.778807,21.735926,ok
EES0423369__X42__Y18__P021.jpg,0.801796,24.294546,ok
EES0423369__X42__Y1B__P022.jpg,0.838247,24.344296,ok
EES0423369__X42__Y36__P023.jpg,0.817862,23.968054,ok
EES0423369__X45__Y1E__P024.jpg,0.801312,24.443906,ok
EES0423369__X45__Y21__P025.jpg,0.857529,27.523694,ok
EES0423370__X30__Y2A__P001.jpg,0.834086,23.799033,ok
EES0423370__X30__Y36__P002.jpg,0.767608,22.851366,ok
EES0423370__X33__Y1B__P003.jpg,0.864697,26.322121,ok
EES0423370__X33__Y21__P004.jpg,0.707611,19.344397,ok
EES0423370__X33__Y27__P005.jpg,0.809334,24.031373,ok
EES0423370__X33__Y2A__P006.jpg,0.781470,20.950432,ok
EES0423370__X36__Y24__P007.jpg,0.760815,20.186844,ok
EES0423370__X36__Y27__P008.jpg,0.837301,24.891668,ok
EES0423370__X36__Y30__P009.jpg,0.820525,22.861341,ok
EES0423370__X39__Y24__P010.jpg,0.830789,21.321529,ok
EES0423370__X39__Y2A__P011.jpg,0.840511,23.144263,ok
EES0423370__X39__Y2D__P012.jpg,0.841177,26.254183,ok
EES0423370__X39__Y36__P013.jpg,0.835722,22.515612,ok
EES0423370__X3C__Y1E__P014.jpg,0.875309,27.652654,ok
EES0423370__X3C__Y27__P015.jpg,0.823320,23.289981,ok
EES0423370__X3C__Y2A__P016.jpg,0.834707,22.421793,ok
EES0423370__X3C__Y2D__P017.jpg,0.856534,27.614461,ok
EES0423370__X3C__Y30__P018.jpg,0.849633,23.279073,ok
EES0423370__X3C__Y33__P019.jpg,0.826591,24.529145,ok
EES0423370__X3F__Y21__P020.jpg,0.861952,25.157973,ok
EES0423370__X3F__Y24__P021.jpg,0.829497,22.807598,ok
EES0423370__X3F__Y2A__P022.jpg,0.749528,19.963691,ok
EES0423370__X09__Y1B__P023.jpg,0.862008,24.640854,ok
EES0423370__X09__Y21__P024.jpg,0.797586,22.736056,ok
EES0423370__X09__Y24__P025.jpg,0.811881,23.390985,ok
EES0423371__X3F__Y15__P001.jpg,0.828692,24.017184,ok
EES0423371__X3F__Y3C__P002.jpg,0.821941,21.287780,ok
EES0423371__X42__Y15__P003.jpg,0.807045,20.907460,ok
EES0423371__X42__Y2A__P004.jpg,0.857272,30.966454,ok
EES0423371__X42__Y39__P005.jpg,0.810288,20.832336,ok
EES0423371__X45__Y1B__P006.jpg,0.826242,21.116973,ok
EES0423371__X45__Y30__P007.jpg,0.812143,21.748702,ok
EES0423371__X45__Y33__P008.jpg,0.873892,25.073742,ok
EES0423371__X0F__Y2A__P009.jpg,0.856798,24.401556,ok
EES0423371__X12__Y2A__P010.jpg,0.857440,22.273504,ok
EES0423371__X18__Y27__P011.jpg,0.796935,20.733074,ok
EES0423371__X1E__Y0F__P012.jpg,0.881813,29.064140,ok
EES0423371__X1E__Y1E__P013.jpg,0.830255,20.678991,ok
EES0423371__X21__Y1E__P014.jpg,0.863713,23.322377,ok
EES0423371__X21__Y27__P015.jpg,0.873273,26.973489,ok
EES0423371__X21__Y2A__P016.jpg,0.856337,22.761592,ok
EES0423371__X21__Y39__P017.jpg,0.780266,21.165253,ok
EES0423371__X21__Y3C__P018.jpg,0.872747,22.836378,ok
EES0423371__X24__Y36__P019.jpg,0.855154,21.968669,ok
EES0423371__X27__Y0C__P020.jpg,0.859782,24.374082,ok
EES0423371__X27__Y1B__P021.jpg,0.843613,23.090640,ok
EES0423371__X27__Y36__P022.jpg,0.844944,21.737519,ok
EES0423371__X2A__Y3C__P023.jpg,0.844668,23.799357,ok
EES0423371__X2A__Y45__P024.jpg,0.890461,32.822029,ok
EES0423371__X2D__Y3C__P025.jpg,0.844613,22.577657,ok
EES0423372__X09__Y12__P001.jpg,0.738311,22.502390,ok
EES0423372__X0C__Y0F__P002.jpg,0.875181,27.834251,ok
EES0423372__X0F__Y0C__P003.jpg,0.843307,30.098247,ok
EES0423372__X0F__Y42__P004.jpg,0.875214,26.192100,ok
EES0423372__X15__Y45__P005.jpg,0.679902,19.187862,ok
EES0423372__X18__Y09__P006.jpg,0.835932,21.019711,ok
EES0423372__X1B__Y09__P007.jpg,0.733819,19.316184,ok
EES0423372__X1E__Y09__P008.jpg,0.748291,22.576264,ok
EES0423372__X21__Y09__P009.jpg,0.853378,24.829714,ok
EES0423372__X24__Y09__P010.jpg,0.880898,30.007673,ok
EES0423372__X27__Y09__P011.jpg,0.870738,25.595550,ok
EES0423372__X2A__Y09__P012.jpg,0.771953,22.558757,ok
EES0423372__X2D__Y09__P013.jpg,0.593608,18.912625,ok
EES0423372__X2D__Y42__P014.jpg,0.827514,23.042484,ok
EES0423372__X2D__Y45__P015.jpg,0.801662,22.976913,ok
EES0423372__X30__Y0C__P016.jpg,0.752855,20.283228,ok
EES0423372__X33__Y0C__P017.jpg,0.774940,21.470598,ok
EES0423372__X36__Y0C__P018.jpg,0.837948,22.589906,ok
EES0423372__X36__Y0F__P019.jpg,0.830072,22.372290,ok
EES0423372__X39__Y0F__P020.jpg,0.871761,33.792634,ok
EES0423372__X39__Y12__P021.jpg,0.725279,20.018344,ok
EES0423372__X3C__Y15__P022.jpg,0.829408,23.472749,ok
EES0423372__X3C__Y3C__P023.jpg,0.713232,19.736103,ok
EES0423372__X3F__Y18__P024.jpg,0.814431,24.613760,ok
EES0423372__X42__Y0F__P025.jpg,0.863618,27.746736,ok
EES0423373__X42__Y1E__P001.jpg,0.741982,21.471675,ok
EES0423373__X42__Y21__P002.jpg,0.813710,25.719850,ok
EES0423373__X42__Y24__P003.jpg,0.880011,33.251635,ok
EES0423373__X42__Y27__P004.jpg,0.795893,21.766035,ok
EES0423373__X42__Y2A__P005.jpg,0.664135,19.592904,ok
EES0423373__X42__Y2D__P006.jpg,0.828650,27.073132,ok
EES0423373__X42__Y30__P007.jpg,0.736907,19.808514,ok
EES0423373__X03__Y21__P008.jpg,0.676591,20.029801,ok
EES0423373__X03__Y24__P009.jpg,0.838133,24.627454,ok
EES0423373__X03__Y2A__P010.jpg,0.822797,23.976291,ok
EES0423373__X03__Y2D__P011.jpg,0.835510,26.537488,ok
EES0423373__X03__Y30__P012.jpg,0.764176,20.180194,ok
EES0423373__X03__Y33__P013.jpg,0.797787,23.011916,ok
EES0423373__X06__Y1B__P014.jpg,0.869172,30.224606,ok
EES0423373__X06__Y1E__P015.jpg,0.792324,23.377946,ok
EES0423373__X06__Y36__P016.jpg,0.796316,22.569817,ok
EES0423373__X09__Y3C__P017.jpg,0.840311,25.090411,ok
EES0423373__X0C__Y12__P018.jpg,0.774413,20.873575,ok
EES0423373__X0F__Y0F__P019.jpg,0.829783,24.497816,ok
EES0423373__X12__Y0C__P020.jpg,0.804068,23.759769,ok
EES0423373__X15__Y0C__P021.jpg,0.880032,27.660608,ok
EES0423373__X18__Y09__P022.jpg,0.830888,25.528656,ok
EES0423373__X1B__Y09__P023.jpg,0.876772,30.541538,ok
EES0423373__X1E__Y09__P024.jpg,0.793121,23.385912,ok
EES0423373__X21__Y09__P025.jpg,0.838980,21.992569,ok
EES0423374__X15__Y45__P001.jpg,0.807782,22.418103,ok
EES0423374__X18__Y09__P002.jpg,0.762556,20.387981,ok
EES0423374__X18__Y0F__P003.jpg,0.779222,22.092033,ok
EES0423374__X18__Y45__P004.jpg,0.855642,29.057273,ok
EES0423374__X27__Y09__P005.jpg,0.655820,21.469019,ok
EES0423374__X2D__Y45__P006.jpg,0.811390,22.822975,ok
EES0423374__X30__Y24__P007.jpg,0.725319,19.607603,ok
EES0423374__X39__Y39__P008.jpg,0.808953,22.871524,ok
EES0423374__X3C__Y36__P009.jpg,0.769486,22.066063,ok
EES0423374__X03__Y0F__P010.jpg,0.726176,19.375324,ok
EES0423374__X03__Y12__P011.jpg,0.792215,25.054225,ok
EES0423374__X03__Y18__P012.jpg,0.845806,27.430250,ok
EES0423374__X03__Y1B__P013.jpg,0.790572,23.731209,ok
EES0423374__X03__Y2D__P014.jpg,0.831933,27.432293,ok
EES0423374__X03__Y30__P015.jpg,0.834112,25.348490,ok
EES0423374__X03__Y33__P016.jpg,0.733040,20.637414,ok
EES0423374__X03__Y36__P017.jpg,0.807088,21.963577,ok
EES0423374__X03__Y39__P018.jpg,0.820295,23.372490,ok
EES0423374__X03__Y3C__P019.jpg,0.846423,24.067052,ok
EES0423374__X03__Y3F__P020.jpg,0.777384,23.699071,ok
EES0423374__X03__Y45__P021.jpg,0.764557,24.112543,ok
EES0423374__X06__Y15__P022.jpg,0.804758,24.830483,ok
EES0423374__X06__Y18__P023.jpg,0.694151,19.684458,ok
EES0423374__X06__Y36__P024.jpg,0.871832,26.855335,ok
EES0423374__X06__Y39__P025.jpg,0.817940,24.571086,ok
EES0423375__X39__Y09__P001.jpg,0.818183,24.557277,ok
EES0423375__X39__Y0C__P002.jpg,0.799421,24.151642,ok
EES0423375__X3C__Y0C__P003.jpg,0.831328,22.670034,ok
EES0423375__X3C__Y0F__P004.jpg,0.834191,23.749379,ok
EES0423375__X3F__Y0C__P005.jpg,0.799259,24.976924,ok
EES0423375__X3F__Y0F__P006.jpg,0.805083,22.905775,ok
EES0423375__X3F__Y12__P007.jpg,0.686504,19.944167,ok
EES0423375__X3F__Y15__P008.jpg,0.803561,21.850259,ok
EES0423375__X3F__Y39__P009.jpg,0.871183,30.308573,ok
EES0423375__X3F__Y3C__P010.jpg,0.852342,27.245082,ok
EES0423375__X42__Y0F__P011.jpg,0.841676,28.053183,ok
EES0423375__X42__Y12__P012.jpg,0.851736,29.853320,ok
EES0423375__X42__Y15__P013.jpg,0.836627,27.805604,ok
EES0423375__X42__Y18__P014.jpg,0.849735,25.134059,ok
EES0423375__X42__Y1B__P015.jpg,0.840350,29.918589,ok
EES0423375__X42__Y36__P016.jpg,0.861978,28.833442,ok
EES0423375__X42__Y39__P017.jpg,0.728630,19.901018,ok
EES0423375__X45__Y15__P018.jpg,0.800122,22.232252,ok
EES0423375__X45__Y18__P019.jpg,0.866551,30.278549,ok
EES0423375__X45__Y1B__P020.jpg,0.829484,24.242526,ok
EES0423375__X45__Y1E__P021.jpg,0.800290,24.749637,ok
EES0423375__X45__Y21__P022.jpg,0.820059,20.943877,ok
EES0423375__X45__Y24__P023.jpg,0.837941,26.313890,ok
EES0423375__X45__Y27__P024.jpg,0.838145,26.478083,ok
EES0423375__X45__Y2A__P025.jpg,0.824566,25.706963,ok
EES0423376__X3C__Y27__P001.jpg,0.814878,22.414483,ok
EES0423376__X3C__Y2D__P002.jpg,0.844879,26.897548,ok
EES0423376__X3F__Y2A__P003.jpg,0.740302,20.646685,ok
EES0423376__X3F__Y2D__P004.jpg,0.703488,19.975999,ok
EES0423376__X06__Y15__P005.jpg,0.824833,25.837707,ok
EES0423376__X06__Y18__P006.jpg,0.769743,20.086997,ok
EES0423376__X0F__Y09__P007.jpg,0.729587,22.772923,ok
EES0423376__X0F__Y0C__P008.jpg,0.803818,22.618479,ok
EES0423376__X12__Y09__P009.jpg,0.802915,23.329951,ok
EES0423376__X2D__Y09__P010.jpg,0.846693,26.987566,ok
EES0423376__X2D__Y45__P011.jpg,0.723591,19.970045,ok
EES0423376__X30__Y45__P012.jpg,0.783485,20.821074,ok
EES0423376__X33__Y09__P013.jpg,0.729543,20.529626,ok
EES0423376__X33__Y42__P014.jpg,0.770260,21.582467,ok
EES0423376__X36__Y0C__P015.jpg,0.833052,24.489243,ok
EES0423376__X36__Y3F__P016.jpg,0.819045,22.478874,ok
EES0423376__X39__Y0F__P017.jpg,0.869319,25.020869,ok
EES0423376__X3C__Y12__P018.jpg,0.798118,22.964676,ok
EES0423376__X3F__Y15__P019.jpg,0.785940,22.463647,ok
EES0423376__X3F__Y18__P020.jpg,0.678218,19.672414,ok
EES0423376__X3F__Y36__P021.jpg,0.755280,19.893686,ok
EES0423376__X42__Y1B__P022.jpg,0.872935,29.194256,ok
EES0423376__X42__Y1E__P023.jpg,0.875261,27.729218,ok
EES0423376__X42__Y21__P024.jpg,0.870668,27.719516,ok
EES0423376__X42__Y24__P025.jpg,0.857146,28.549013,ok
EES0423377__X24__Y3C__P001.jpg,0.787343,23.522106,ok
EES0423377__X24__Y3F__P002.jpg,0.807889,24.855565,ok
EES0423377__X27__Y1B__P003.jpg,0.792203,22.189687,ok
EES0423377__X27__Y21__P004.jpg,0.758555,23.103531,ok
EES0423377__X2A__Y18__P005.jpg,0.805304,23.674873,ok
EES0423377__X2A__Y24__P006.jpg,0.859774,25.981745,ok
EES0423377__X2A__Y2A__P007.jpg,0.802437,26.210853,ok
EES0423377__X2A__Y2D__P008.jpg,0.840460,24.375270,ok
EES0423377__X2D__Y15__P009.jpg,0.790329,23.452867,ok
EES0423377__X2D__Y1B__P010.jpg,0.753355,20.999519,ok
EES0423377__X2D__Y21__P011.jpg,0.729947,20.362186,ok
EES0423377__X2D__Y33__P012.jpg,0.872340,28.838103,ok
EES0423377__X30__Y21__P013.jpg,0.798373,24.579313,ok
EES0423377__X33__Y0F__P014.jpg,0.772616,21.949458,ok
EES0423377__X33__Y12__P015.jpg,0.773648,21.370185,ok
EES0423377__X33__Y15__P016.jpg,0.817548,23.008905,ok
EES0423377__X33__Y18__P017.jpg,0.749056,20.946505,ok
EES0423377__X33__Y1B__P018.jpg,0.829731,26.398789,ok
EES0423377__X33__Y1E__P019.jpg,0.794419,22.069878,ok
EES0423377__X39__Y15__P020.jpg,0.803244,23.903195,ok
EES0423377__X39__Y18__P021.jpg,0.757541,24.571058,ok
EES0423377__X3C__Y1E__P022.jpg,0.812336,24.076382,ok
EES0423377__X3C__Y21__P023.jpg,0.800847,20.449059,ok
EES0423377__X3C__Y45__P024.jpg,0.781384,23.601071,ok
EES0423377__X3F__Y1B__P025.jpg,0.783905,23.925266,ok
EES0423378__X09__Y2A__P001.jpg,0.863866,20.699737,ok
EES0423378__X1E__Y3F__P002.jpg,0.799410,20.649310,ok
EES0423378__X1E__Y42__P003.jpg,0.844777,20.759049,ok
EES0423378__X21__Y3F__P004.jpg,0.836886,20.859850,ok
EES0423378__X21__Y42__P005.jpg,0.808629,22.750977,ok
EES0423378__X2D__Y42__P006.jpg,0.864909,21.037443,ok
EES0423378__X42__Y1B__P007.jpg,0.844726,22.202539,ok
EES0423378__X42__Y1E__P008.jpg,0.822336,23.139160,ok
EES0423378__X42__Y2D__P009.jpg,0.800758,20.373779,ok
EES0423378__X42__Y30__P010.jpg,0.882978,22.216741,ok
EES0423378__X39__Y09__P011.jpg,0.849640,20.654882,ok
EES0423378__X48__Y18__P012.jpg,0.907963,21.687354,ok
EES0423378__X48__Y27__P013.jpg,0.895489,21.613790,ok
EES0423378__X48__Y2A__P014.jpg,0.850940,21.422652,ok
EES0423378__X48__Y2D__P015.jpg,0.829350,22.002030,ok
EES0423378__X0F__Y24__P016.jpg,0.870509,23.618091,ok
EES0423378__X18__Y24__P017.jpg,0.911811,27.531615,ok
EES0423378__X18__Y27__P018.jpg,0.870049,22.400619,ok
EES0423378__X18__Y2A__P019.jpg,0.893247,25.348414,ok
EES0423378__X2A__Y1B__P020.jpg,0.798973,21.068526,ok
EES0423378__X2D__Y1B__P021.jpg,0.889238,23.718580,ok
EES0423378__X2D__Y27__P022.jpg,0.901249,24.360542,ok
EES0423378__X2D__Y36__P023.jpg,0.851231,25.740636,ok
EES0423378__X3C__Y24__P024.jpg,0.901396,23.125235,ok
EES0423378__X3C__Y2A__P025.jpg,0.908269,22.298388,ok
EES0423379__X06__Y24__P001.jpg,0.824816,22.223706,ok
EES0423379__X06__Y27__P002.jpg,0.767136,20.303389,ok
EES0423379__X06__Y2A__P003.jpg,0.846026,23.293715,ok
EES0423379__X06__Y3F__P004.jpg,0.841603,20.811274,ok
EES0423379__X06__Y45__P005.jpg,0.883463,22.253138,ok
EES0423379__X0C__Y45__P006.jpg,0.886226,22.532781,ok
EES0423379__X0F__Y45__P007.jpg,0.912978,26.706781,ok
EES0423379__X15__Y0C__P008.jpg,0.905806,21.708730,ok
EES0423379__X18__Y45__P009.jpg,0.864540,23.353946,ok
EES0423379__X1B__Y09__P010.jpg,0.824132,23.074030,ok
EES0423379__X1B__Y45__P011.jpg,0.847120,24.515320,ok
EES0423379__X2A__Y09__P012.jpg,0.877469,23.180071,ok
EES0423379__X2D__Y09__P013.jpg,0.847667,21.038151,ok
EES0423379__X33__Y45__P014.jpg,0.846339,20.814915,ok
EES0423379__X39__Y0F__P015.jpg,0.874742,22.498517,ok
EES0423379__X3C__Y3F__P016.jpg,0.849816,20.440620,ok
EES0423379__X3F__Y39__P017.jpg,0.886076,21.630132,ok
EES0423379__X42__Y36__P018.jpg,0.860803,22.114698,ok
EES0423379__X42__Y39__P019.jpg,0.889938,25.577256,ok
EES0423379__X42__Y3C__P020.jpg,0.790744,19.971432,ok
EES0423379__X45__Y1E__P021.jpg,0.841216,20.939400,ok
EES0423379__X45__Y21__P022.jpg,0.875328,21.597098,ok
EES0423379__X45__Y27__P023.jpg,0.900678,22.551422,ok
EES0423379__X45__Y2A__P024.jpg,0.854349,21.253761,ok
EES0423379__X45__Y30__P025.jpg,0.837206,21.932375,ok
EES0423380__X45__Y33__P001.jpg,0.898778,26.459212,ok
EES0423380__X45__Y36__P002.jpg,0.849715,21.602143,ok
EES0423380__X15__Y0C__P003.jpg,0.852203,20.497672,ok
EES0423380__X15__Y0F__P004.jpg,0.900133,26.261205,ok
EES0423380__X18__Y0C__P005.jpg,0.842145,23.081491,ok
EES0423380__X18__Y15__P006.jpg,0.900143,27.618898,ok
EES0423380__X18__Y18__P007.jpg,0.871753,23.040086,ok
EES0423380__X18__Y1B__P008.jpg,0.905936,28.967461,ok
EES0423380__X1B__Y09__P009.jpg,0.903882,27.060652,ok
EES0423380__X1B__Y1B__P010.jpg,0.779595,20.024374,ok
EES0423380__X1E__Y09__P011.jpg,0.899170,32.457688,ok
EES0423380__X1E__Y0C__P012.jpg,0.867334,20.825452,ok
EES0423380__X1E__Y15__P013.jpg,0.850203,21.592379,ok
EES0423380__X21__Y09__P014.jpg,0.832781,22.775501,ok
EES0423380__X21__Y0C__P015.jpg,0.885177,20.684275,ok
EES0423380__X21__Y15__P016.jpg,0.837425,22.760654,ok
EES0423380__X21__Y18__P017.jpg,0.846385,20.470352,ok
EES0423380__X21__Y1B__P018.jpg,0.896245,23.470613,ok
EES0423380__X21__Y1E__P019.jpg,0.878606,32.036373,ok
EES0423380__X24__Y09__P020.jpg,0.898391,24.548305,ok
EES0423380__X24__Y0C__P021.jpg,0.866577,25.988584,ok
EES0423380__X24__Y0F__P022.jpg,0.862815,22.370427,ok
EES0423380__X24__Y12__P023.jpg,0.889656,22.722400,ok
EES0423380__X24__Y15__P024.jpg,0.874674,21.203511,ok
EES0423380__X24__Y18__P025.jpg,0.806509,20.963325,ok
EES0423381__X24__Y1B__P001.jpg,0.919388,32.068748,ok
EES0423381__X24__Y1E__P002.jpg,0.868956,23.089518,ok
EES0423381__X24__Y24__P003.jpg,0.870118,24.453705,ok
EES0423381__X27__Y0C__P004.jpg,0.873995,20.474084,ok
EES0423381__X27__Y12__P005.jpg,0.826735,26.965438,ok
EES0423381__X27__Y15__P006.jpg,0.860016,22.603232,ok
EES0423381__X27__Y18__P007.jpg,0.874876,20.702854,ok
EES0423381__X27__Y1B__P008.jpg,0.912301,25.777749,ok
EES0423381__X2A__Y0C__P009.jpg,0.911679,24.579282,ok
EES0423381__X2A__Y0F__P010.jpg,0.897341,27.775268,ok
EES0423381__X2A__Y18__P011.jpg,0.788392,19.714599,ok
EES0423381__X2A__Y1B__P012.jpg,0.876218,20.528603,ok
EES0423381__X2A__Y21__P013.jpg,0.885647,31.474955,ok
EES0423381__X2A__Y24__P014.jpg,0.899439,21.534936,ok
EES0423381__X2D__Y0C__P015.jpg,0.863890,22.831553,ok
EES0423381__X2D__Y0F__P016.jpg,0.880047,21.425323,ok
EES0423381__X2D__Y1B__P017.jpg,0.902733,24.338190,ok
EES0423381__X30__Y0F__P018.jpg,0.867782,22.467773,ok
EES0423381__X30__Y12__P019.jpg,0.874973,29.983264,ok
EES0423381__X30__Y1E__P020.jpg,0.838244,20.836828,ok
EES0423381__X30__Y21__P021.jpg,0.869965,21.776981,ok
EES0423381__X33__Y1B__P022.jpg,0.837218,20.699225,ok
EES0423381__X33__Y1E__P023.jpg,0.883133,21.072092,ok
EES0423381__X33__Y21__P024.jpg,0.858540,21.811023,ok
EES0423381__X36__Y1B__P025.jpg,0.839087,20.282728,ok
EES0423382__X21__Y45__P001.jpg,0.847534,20.854798,ok
EES0423382__X24__Y06__P002.jpg,0.801095,21.631004,ok
EES0423382__X27__Y06__P003.jpg,0.826451,22.342248,ok
EES0423382__X2D__Y45__P004.jpg,0.898758,23.456329,ok
EES0423382__X3F__Y39__P005.jpg,0.782895,21.444952,ok
EES0423382__X42__Y18__P006.jpg,0.891071,26.922437,ok
EES0423382__X42__Y1B__P007.jpg,0.821594,22.462249,ok
EES0423382__X42__Y33__P008.jpg,0.713835,21.355459,ok
EES0423382__X42__Y36__P009.jpg,0.726209,20.225727,ok
EES0423382__X45__Y1E__P010.jpg,0.739398,21.553434,ok
EES0423382__X45__Y21__P011.jpg,0.896554,22.251096,ok
EES0423382__X45__Y24__P012.jpg,0.842207,21.749808,ok
EES0423382__X45__Y27__P013.jpg,0.883693,21.098786,ok
EES0423382__X45__Y2A__P014.jpg,0.821188,23.147380,ok
EES0423382__X45__Y2D__P015.jpg,0.751292,19.878033,ok
EES0423382__X45__Y30__P016.jpg,0.784724,20.742966,ok
EES0423382__X15__Y45__P017.jpg,0.864253,23.894556,ok
EES0423382__X18__Y0C__P018.jpg,0.846747,23.908760,ok
EES0423382__X1B__Y0C__P019.jpg,0.831336,20.660340,ok
EES0423382__X1E__Y0C__P020.jpg,0.854456,24.867166,ok
EES0423382__X21__Y0C__P021.jpg,0.889387,25.265745,ok
EES0423382__X24__Y0C__P022.jpg,0.861639,21.175478,ok
EES0423382__X27__Y0C__P023.jpg,0.801838,25.079717,ok
EES0423382__X2D__Y0C__P024.jpg,0.895739,26.164354,ok
EES0423382__X42__Y24__P025.jpg,0.831005,24.662171,ok
EES0423383__X42__Y27__P001.jpg,0.877190,20.894673,ok
EES0423383__X42__Y2A__P002.jpg,0.830703,21.920345,ok
EES0423383__X42__Y2D__P003.jpg,0.842142,21.514397,ok
EES0423383__X42__Y30__P004.jpg,0.875175,20.674606,ok
EES0423383__X42__Y33__P005.jpg,0.904987,28.752766,ok
EES0423383__X42__Y36__P006.jpg,0.884699,20.913433,ok
EES0423383__X03__Y1E__P007.jpg,0.883418,20.771686,ok
EES0423383__X06__Y15__P008.jpg,0.890553,21.336658,ok
EES0423383__X15__Y21__P009.jpg,0.903158,21.281008,ok
EES0423383__X18__Y21__P010.jpg,0.891435,21.486455,ok
EES0423383__X18__Y27__P011.jpg,0.895743,21.276605,ok
EES0423383__X18__Y3C__P012.jpg,0.896303,21.221581,ok
EES0423383__X1B__Y27__P013.jpg,0.883682,21.295440,ok
EES0423383__X1E__Y1E__P014.jpg,0.877058,24.979824,ok
EES0423383__X1E__Y2A__P015.jpg,0.878755,21.729358,ok
EES0423383__X21__Y2A__P016.jpg,0.896652,21.122202,ok
EES0423383__X24__Y3F__P017.jpg,0.895823,22.786492,ok
EES0423383__X2A__Y1E__P018.jpg,0.887770,24.576834,ok
EES0423383__X33__Y39__P019.jpg,0.880530,21.252388,ok
EES0423383__X36__Y21__P020.jpg,0.803977,20.804755,ok
EES0423383__X36__Y27__P021.jpg,0.825298,21.764935,ok
EES0423383__X36__Y39__P022.jpg,0.891711,22.431038,ok
EES0423383__X39__Y36__P023.jpg,0.885265,26.233649,ok
EES0423383__X39__Y39__P024.jpg,0.882865,20.976677,ok
EES0423383__X3F__Y21__P025.jpg,0.882563,21.114825,ok
EES0423384__X3F__Y2A__P001.jpg,0.836037,21.137650,ok
EES0423384__X42__Y21__P002.jpg,0.773636,20.020753,ok
EES0423384__X1B__Y09__P003.jpg,0.878333,22.087595,ok
EES0423384__X21__Y09__P004.jpg,0.842692,22.290261,ok
EES0423384__X21__Y0C__P005.jpg,0.875666,21.775097,ok
EES0423384__X21__Y0F__P006.jpg,0.796442,22.590376,ok
EES0423384__X21__Y45__P007.jpg,0.767160,20.165109,ok
EES0423384__X24__Y09__P008.jpg,0.891844,27.447775,ok
EES0423384__X24__Y45__P009.jpg,0.835558,20.809295,ok
EES0423384__X30__Y0C__P010.jpg,0.839832,21.567891,ok
EES0423384__X06__Y33__P011.jpg,0.890529,21.050916,ok
EES0423384__X06__Y36__P012.jpg,0.881184,22.955550,ok
EES0423384__X0F__Y45__P013.jpg,0.873440,21.423150,ok
EES0423384__X21__Y0C__P014.jpg,0.865590,21.782983,ok
EES0423384__X24__Y0C__P015.jpg,0.893157,22.836282,ok
EES0423384__X42__Y27__P016.jpg,0.867675,21.546782,ok
EES0423384__X42__Y36__P017.jpg,0.879995,23.786260,ok
EES0423384__X42__Y39__P018.jpg,0.891065,21.275567,ok
EES0423384__X09__Y30__P019.jpg,0.901038,22.487919,ok
EES0423384__X0C__Y30__P020.jpg,0.897915,21.084618,ok
EES0423384__X0C__Y33__P021.jpg,0.849401,22.358854,ok
EES0423384__X0C__Y36__P022.jpg,0.884785,22.056434,ok
EES0423384__X0F__Y33__P023.jpg,0.880455,22.263112,ok
EES0423384__X18__Y3F__P024.jpg,0.889734,25.132977,ok
EES0423384__X21__Y3F__P025.jpg,0.753142,20.262757,ok
EES0423385__X21__Y42__P001.jpg,0.904913,27.279076,ok
EES0423385__X24__Y45__P002.jpg,0.814175,21.973724,ok
EES0423385__X27__Y45__P003.jpg,0.747641,22.824176,ok
EES0423385__X2A__Y42__P004.jpg,0.835015,23.638212,ok
EES0423385__X2A__Y45__P005.jpg,0.671768,19.210084,ok
EES0423385__X2D__Y42__P006.jpg,0.874675,25.909024,ok
EES0423385__X2D__Y45__P007.jpg,0.904253,25.409474,ok
EES0423385__X30__Y06__P008.jpg,0.762718,20.908174,ok
EES0423385__X30__Y42__P009.jpg,0.805930,20.506829,ok
EES0423385__X30__Y45__P010.jpg,0.741207,19.819881,ok
EES0423385__X3C__Y30__P011.jpg,0.861748,26.897470,ok
EES0423385__X06__Y1B__P012.jpg,0.889440,26.842349,ok
EES0423385__X06__Y1E__P013.jpg,0.750882,19.841701,ok
EES0423385__X2A__Y09__P014.jpg,0.894254,25.243069,ok
EES0423385__X2D__Y09__P015.jpg,0.904240,24.369362,ok
EES0423385__X30__Y09__P016.jpg,0.880921,28.669903,ok
EES0423385__X45__Y1B__P017.jpg,0.897288,23.359392,ok
EES0423385__X45__Y1E__P018.jpg,0.815571,24.363164,ok
EES0423385__X48__Y1B__P019.jpg,0.878251,23.085807,ok
EES0423385__X48__Y1E__P020.jpg,0.884487,28.118235,ok
EES0423385__X06__Y24__P021.jpg,0.904869,27.839924,ok
EES0423385__X06__Y27__P022.jpg,0.817343,20.468363,ok
EES0423385__X06__Y2A__P023.jpg,0.834212,20.803229,ok
EES0423385__X06__Y2D__P024.jpg,0.892971,29.367669,ok
EES0423385__X0C__Y27__P025.jpg,0.886538,29.364563,ok
EES0423386__X2D__Y03__P001.jpg,0.804316,23.356350,ok
EES0423386__X39__Y3C__P002.jpg,0.867172,26.735026,ok
EES0423386__X42__Y0F__P003.jpg,0.795387,21.707153,ok
EES0423386__X45__Y30__P004.jpg,0.795678,22.246498,ok
EES0423386__X48__Y1E__P005.jpg,0.782058,21.107852,ok
EES0423386__X48__Y21__P006.jpg,0.687016,20.152757,ok
EES0423386__X48__Y24__P007.jpg,0.752950,19.968068,ok
EES0423386__X0C__Y1B__P008.jpg,0.870176,32.968832,ok
EES0423386__X0C__Y1E__P009.jpg,0.844576,27.314291,ok
EES0423386__X0C__Y21__P010.jpg,0.852262,28.402364,ok
EES0423386__X0C__Y24__P011.jpg,0.796668,20.947655,ok
EES0423386__X0F__Y12__P012.jpg,0.832142,21.429707,ok
EES0423386__X0F__Y30__P013.jpg,0.732577,20.417473,ok
EES0423386__X18__Y09__P014.jpg,0.821496,21.074700,ok
EES0423386__X1E__Y06__P015.jpg,0.823177,23.863797,ok
EES0423386__X24__Y03__P016.jpg,0.860063,28.729821,ok
EES0423386__X27__Y03__P017.jpg,0.861129,25.357541,ok
EES0423386__X2A__Y03__P018.jpg,0.812311,22.889738,ok
EES0423386__X30__Y3C__P019.jpg,0.871519,28.311049,ok
EES0423386__X33__Y3C__P020.jpg,0.870926,28.532157,ok
EES0423386__X3F__Y0F__P021.jpg,0.797644,21.571026,ok
EES0423386__X45__Y1B__P022.jpg,0.861383,29.721389,ok
EES0423386__X45__Y2A__P023.jpg,0.781913,23.541602,ok
EES0423386__X12__Y30__P024.jpg,0.721285,20.093672,ok
EES0423386__X15__Y27__P025.jpg,0.793610,21.215436,ok
EES0423387__X3C__Y0C__P001.jpg,0.866114,26.494968,ok
EES0423387__X06__Y1B__P002.jpg,0.791185,24.337801,ok
EES0423387__X06__Y1E__P003.jpg,0.781995,21.988498,ok
EES0423387__X06__Y21__P004.jpg,0.784058,22.234830,ok
EES0423387__X06__Y27__P005.jpg,0.881068,34.264853,ok
EES0423387__X06__Y2A__P006.jpg,0.859147,28.340600,ok
EES0423387__X09__Y15__P007.jpg,0.728915,19.658808,ok
EES0423387__X09__Y18__P008.jpg,0.784589,21.340750,ok
EES0423387__X09__Y30__P009.jpg,0.864115,28.703101,ok
EES0423387__X0C__Y12__P010.jpg,0.742126,20.569863,ok
EES0423387__X0F__Y39__P011.jpg,0.818766,22.449276,ok
EES0423387__X12__Y0C__P012.jpg,0.856013,27.137524,ok
EES0423387__X12__Y3C__P013.jpg,0.773472,21.115294,ok
EES0423387__X15__Y09__P014.jpg,0.780960,24.160842,ok
EES0423387__X18__Y09__P015.jpg,0.798981,23.453042,ok
EES0423387__X1B__Y42__P016.jpg,0.827590,23.855043,ok
EES0423387__X1E__Y06__P017.jpg,0.837170,21.562185,ok
EES0423387__X1E__Y42__P018.jpg,0.751458,20.446665,ok
EES0423387__X24__Y06__P019.jpg,0.865459,26.412397,ok
EES0423387__X27__Y06__P020.jpg,0.813236,23.401669,ok
EES0423387__X2A__Y06__P021.jpg,0.819477,21.957210,ok
EES0423387__X2D__Y06__P022.jpg,0.749206,19.588884,ok
EES0423387__X2D__Y42__P023.jpg,0.738852,21.573462,ok
EES0423387__X30__Y06__P024.jpg,0.827457,22.078971,ok
EES0423387__X30__Y42__P025.jpg,0.782227,21.502613,ok
EES0423388__X33__Y09__P001.jpg,0.791750,22.457081,ok
EES0423388__X36__Y09__P002.jpg,0.794400,22.932601,ok
EES0423388__X36__Y0C__P003.jpg,0.754656,21.631675,ok
EES0423388__X36__Y3C__P004.jpg,0.853752,22.590104,ok
EES0423388__X39__Y0C__P005.jpg,0.799199,23.965902,ok
EES0423388__X39__Y0F__P006.jpg,0.743197,20.624313,ok
EES0423388__X3C__Y0F__P007.jpg,0.831914,22.724238,ok
EES0423388__X3C__Y12__P008.jpg,0.836726,24.447923,ok
EES0423388__X3C__Y36__P009.jpg,0.755082,20.920340,ok
EES0423388__X3C__Y39__P010.jpg,0.828258,25.216120,ok
EES0423388__X3F__Y12__P011.jpg,0.846512,26.798317,ok
EES0423388__X3F__Y15__P012.jpg,0.813989,24.461707,ok
EES0423388__X3F__Y30__P013.jpg,0.854777,26.342893,ok
EES0423388__X3F__Y33__P014.jpg,0.827117,23.698613,ok
EES0423388__X3F__Y36__P015.jpg,0.679784,19.346930,ok
EES0423388__X42__Y18__P016.jpg,0.871950,27.804220,ok
EES0423388__X42__Y1B__P017.jpg,0.749287,23.294111,ok
EES0423388__X42__Y27__P018.jpg,0.839348,26.780234,ok
EES0423388__X42__Y2A__P019.jpg,0.744915,21.053134,ok
EES0423388__X42__Y30__P020.jpg,0.869001,29.709343,ok
EES0423388__X42__Y33__P021.jpg,0.762999,22.363045,ok
EES0423388__X45__Y1B__P022.jpg,0.803994,24.143910,ok
EES0423388__X45__Y1E__P023.jpg,0.791355,23.988161,ok
EES0423388__X45__Y21__P024.jpg,0.804292,22.507279,ok
EES0423388__X45__Y24__P025.jpg,0.792693,23.869893,ok
EES0423389__X09__Y21__P001.jpg,0.899380,21.369553,ok
EES0423389__X09__Y24__P002.jpg,0.880877,22.048963,ok
EES0423389__X0C__Y12__P003.jpg,0.769849,20.401323,ok
EES0423389__X0C__Y15__P004.jpg,0.734260,19.684794,ok
EES0423389__X0C__Y1B__P005.jpg,0.828475,20.977641,ok
EES0423389__X0C__Y21__P006.jpg,0.847143,21.344694,ok
EES0423389__X0C__Y24__P007.jpg,0.882364,21.496236,ok
EES0423389__X0F__Y27__P008.jpg,0.881506,27.096015,ok
EES0423389__X0F__Y2A__P009.jpg,0.814719,22.453992,ok
EES0423389__X0F__Y2D__P010.jpg,0.715007,19.733478,ok
EES0423389__X0F__Y30__P011.jpg,0.810859,20.706853,ok
EES0423389__X15__Y39__P012.jpg,0.852218,21.273739,ok
EES0423389__X18__Y06__P013.jpg,0.907954,31.968799,ok
EES0423389__X18__Y39__P014.jpg,0.767235,20.667744,ok
EES0423389__X18__Y3C__P015.jpg,0.898347,23.189607,ok
EES0423389__X1B__Y39__P016.jpg,0.816317,22.202686,ok
EES0423389__X21__Y03__P017.jpg,0.832403,21.186749,ok
EES0423389__X24__Y03__P018.jpg,0.777387,20.277858,ok
EES0423389__X27__Y03__P019.jpg,0.842243,20.973371,ok
EES0423389__X27__Y3F__P020.jpg,0.867902,25.199205,ok
EES0423389__X2A__Y03__P021.jpg,0.813560,23.857641,ok
EES0423389__X2A__Y3C__P022.jpg,0.796683,22.396693,ok
EES0423389__X2D__Y3F__P023.jpg,0.875025,22.032202,ok
EES0423389__X45__Y2A__P024.jpg,0.902312,23.790352,ok
EES0423389__X12__Y36__P025.jpg,0.887262,20.974236,ok
EES0423390__X27__Y06__P001.jpg,0.891596,23.550459,ok
EES0423390__X27__Y3C__P002.jpg,0.773753,20.939868,ok
EES0423390__X2A__Y3C__P003.jpg,0.791252,21.639739,ok
EES0423390__X2D__Y3C__P004.jpg,0.834927,22.836232,ok
EES0423390__X30__Y3C__P005.jpg,0.853423,21.592683,ok
EES0423390__X33__Y3C__P006.jpg,0.878758,22.774467,ok
EES0423390__X36__Y3C__P007.jpg,0.856516,22.283534,ok
EES0423390__X42__Y18__P008.jpg,0.890149,21.490375,ok
EES0423390__X42__Y2D__P009.jpg,0.802625,21.299678,ok
EES0423390__X42__Y30__P010.jpg,0.817362,22.762814,ok
EES0423390__X0C__Y1E__P011.jpg,0.864059,22.763146,ok
EES0423390__X0C__Y21__P012.jpg,0.886864,21.970870,ok
EES0423390__X0C__Y24__P013.jpg,0.888708,23.061577,ok
EES0423390__X0F__Y1E__P014.jpg,0.850132,21.226042,ok
EES0423390__X18__Y12__P015.jpg,0.869699,21.476818,ok
EES0423390__X1B__Y0F__P016.jpg,0.869793,25.649807,ok
EES0423390__X21__Y0C__P017.jpg,0.892741,22.406437,ok
EES0423390__X2A__Y09__P018.jpg,0.721536,20.521284,ok
EES0423390__X30__Y09__P019.jpg,0.751538,19.802854,ok
EES0423390__X36__Y42__P020.jpg,0.850319,21.888829,ok
EES0423390__X09__Y30__P021.jpg,0.807325,23.303234,ok
EES0423390__X0C__Y1B__P022.jpg,0.901696,23.321943,ok
EES0423390__X0C__Y30__P023.jpg,0.787828,21.380907,ok
EES0423390__X12__Y0F__P024.jpg,0.825208,21.215043,ok
EES0423390__X12__Y39__P025.jpg,0.900540,25.477198,ok
EES0423391__X15__Y3C__P001.jpg,0.863993,20.626832,ok
EES0423391__X1B__Y09__P002.jpg,0.922071,26.657850,ok
EES0423391__X1E__Y09__P003.jpg,0.842274,24.508785,ok
EES0423391__X21__Y42__P004.jpg,0.769823,19.903543,ok
EES0423391__X24__Y42__P005.jpg,0.822278,21.232308,ok
EES0423391__X27__Y42__P006.jpg,0.862638,20.798997,ok
EES0423391__X2A__Y42__P007.jpg,0.767579,20.222965,ok
EES0423391__X33__Y09__P008.jpg,0.879284,21.777778,ok
EES0423391__X36__Y09__P009.jpg,0.756195,19.864697,ok
EES0423391__X39__Y0C__P010.jpg,0.803467,21.361403,ok
EES0423391__X39__Y42__P011.jpg,0.883148,22.556273,ok
EES0423391__X3C__Y0C__P012.jpg,0.919764,27.837354,ok
EES0423391__X42__Y36__P013.jpg,0.827768,21.346785,ok
EES0423391__X45__Y36__P014.jpg,0.854555,20.878962,ok
EES0423391__X09__Y1B__P015.jpg,0.877354,21.948603,ok
EES0423391__X09__Y21__P016.jpg,0.816622,22.320664,ok
EES0423391__X09__Y24__P017.jpg,0.875561,24.343506,ok
EES0423391__X09__Y27__P018.jpg,0.892812,22.225757,ok
EES0423391__X09__Y2A__P019.jpg,0.899641,23.354140,ok
EES0423391__X09__Y2D__P020.jpg,0.793247,20.275733,ok
EES0423391__X0C__Y1E__P021.jpg,0.792701,20.014611,ok
EES0423391__X0C__Y24__P022.jpg,0.845673,21.316866,ok
EES0423391__X0C__Y30__P023.jpg,0.809188,21.647226,ok
EES0423391__X0F__Y36__P024.jpg,0.845850,22.834329,ok
EES0423391__X12__Y36__P025.jpg,0.753262,21.373428,ok
EES0423392__X12__Y39__P001.jpg,0.846635,21.955310,ok
EES0423392__X18__Y06__P002.jpg,0.903508,28.610698,ok
EES0423392__X1B__Y06__P003.jpg,0.762538,19.700650,ok
EES0423392__X1E__Y3F__P004.jpg,0.823948,20.152838,ok
EES0423392__X21__Y3F__P005.jpg,0.914552,28.965322,ok
EES0423392__X2D__Y06__P006.jpg,0.789009,20.034607,ok
EES0423392__X2D__Y3F__P007.jpg,0.759358,21.138925,ok
EES0423392__X30__Y06__P008.jpg,0.877160,20.884584,ok
EES0423392__X21__Y15__P009.jpg,0.858976,21.335481,ok
EES0423392__X30__Y30__P010.jpg,0.794043,20.390247,ok
EES0423392__X33__Y18__P011.jpg,0.899639,21.717725,ok
EES0423392__X33__Y21__P012.jpg,0.902349,26.520322,ok
EES0423392__X36__Y18__P013.jpg,0.846890,20.552895,ok
EES0423392__X36__Y1B__P014.jpg,0.846968,21.581853,ok
EES0423392__X12__Y39__P015.jpg,0.661795,18.957781,ok
EES0423392__X1B__Y03__P016.jpg,0.855634,21.874421,ok
EES0423392__X21__Y3F__P017.jpg,0.887382,21.835816,ok
EES0423392__X24__Y3F__P018.jpg,0.890925,22.013786,ok
EES0423392__X27__Y3F__P019.jpg,0.777953,20.003867,ok
EES0423392__X2A__Y3F__P020.jpg,0.879546,20.758778,ok
EES0423392__X2D__Y3F__P021.jpg,0.830109,21.176707,ok
EES0423392__X0C__Y1B__P022.jpg,0.866455,20.672699,ok
EES0423392__X24__Y09__P023.jpg,0.795261,20.176331,ok
EES0423392__X27__Y09__P024.jpg,0.844722,22.884376,ok
EES0423392__X36__Y0C__P025.jpg,0.825029,20.641718,ok
EES0423393__X03__Y2D__P001.jpg,0.820343,20.649500,ok
EES0423393__X3F__Y36__P002.jpg,0.870623,21.423218,ok
EES0423393__X1B__Y30__P003.jpg,0.897105,21.332477,ok
EES0423393__X1E__Y27__P004.jpg,0.890962,21.958807,ok
EES0423393__X1E__Y2A__P005.jpg,0.908703,21.782482,ok
EES0423393__X33__Y36__P006.jpg,0.739783,19.919153,ok
EES0423393__X33__Y3C__P007.jpg,0.892225,21.984808,ok
EES0423393__X0F__Y06__P008.jpg,0.893184,21.600275,ok
EES0423393__X3F__Y1E__P009.jpg,0.899326,21.791361,ok
EES0423393__X03__Y1E__P010.jpg,0.894878,23.641754,ok
EES0423393__X03__Y21__P011.jpg,0.842655,21.136905,ok
EES0423393__X03__Y27__P012.jpg,0.853445,21.957507,ok
EES0423393__X03__Y30__P013.jpg,0.903361,21.457668,ok
EES0423393__X03__Y42__P014.jpg,0.892813,21.525959,ok
EES0423393__X06__Y30__P015.jpg,0.789811,21.161936,ok
EES0423393__X06__Y33__P016.jpg,0.879834,22.622580,ok
EES0423393__X15__Y0F__P017.jpg,0.880680,21.146655,ok
EES0423393__X39__Y06__P018.jpg,0.901066,21.458478,ok
EES0423393__X3C__Y06__P019.jpg,0.861724,20.748311,ok
EES0423393__X3C__Y36__P020.jpg,0.749562,20.636296,ok
EES0423393__X45__Y06__P021.jpg,0.798313,21.985812,ok
EES0423393__X45__Y18__P022.jpg,0.733225,19.827770,ok
EES0423393__X12__Y21__P023.jpg,0.891619,22.261251,ok
EES0423393__X1E__Y24__P024.jpg,0.898922,21.405407,ok
EES0423393__X30__Y30__P025.jpg,0.896666,21.297609,ok
EES0423394__X06__Y0F__P001.jpg,0.892506,21.358621,ok
EES0423394__X2D__Y42__P002.jpg,0.850853,21.082219,ok
EES0423394__X30__Y42__P003.jpg,0.881014,21.792020,ok
EES0423394__X33__Y3F__P004.jpg,0.866306,21.194720,ok
EES0423394__X33__Y42__P005.jpg,0.868096,21.141561,ok
EES0423394__X36__Y3F__P006.jpg,0.872617,21.544911,ok
EES0423394__X3F__Y15__P007.jpg,0.873589,21.817509,ok
EES0423394__X3F__Y33__P008.jpg,0.884681,22.091500,ok
EES0423394__X3F__Y39__P009.jpg,0.887628,21.432068,ok
EES0423394__X3C__Y2D__P010.jpg,0.893911,22.282532,ok
EES0423394__X30__Y06__P011.jpg,0.891253,21.423948,ok
EES0423394__X03__Y24__P012.jpg,0.852706,21.143115,ok
EES0423394__X03__Y27__P013.jpg,0.864372,22.359224,ok
EES0423394__X06__Y2A__P014.jpg,0.887581,25.167996,ok
EES0423394__X15__Y3C__P015.jpg,0.887912,21.488924,ok
EES0423394__X18__Y3C__P016.jpg,0.891976,21.889130,ok
EES0423394__X27__Y03__P017.jpg,0.885902,23.533911,ok
EES0423394__X3C__Y15__P018.jpg,0.877944,21.325322,ok
EES0423394__X03__Y18__P019.jpg,0.885521,21.588768,ok
EES0423394__X03__Y1E__P020.jpg,0.867418,22.812450,ok
EES0423394__X0F__Y03__P021.jpg,0.882944,21.764067,ok
EES0423394__X15__Y39__P022.jpg,0.880034,21.437404,ok
EES0423394__X15__Y3C__P023.jpg,0.891239,21.492363,ok
EES0423394__X2A__Y3C__P024.jpg,0.887778,22.346688,ok
EES0423394__X30__Y06__P025.jpg,0.890669,21.628247,ok
EES0423395__X1B__Y06__P001.jpg,0.873912,20.663499,ok
EES0423395__X36__Y09__P002.jpg,0.902635,22.164257,ok
EES0423395__X3F__Y15__P003.jpg,0.908946,21.246226,ok
EES0423395__X06__Y15__P004.jpg,0.906621,21.091891,ok
EES0423395__X06__Y1B__P005.jpg,0.911515,21.832355,ok
EES0423395__X06__Y21__P006.jpg,0.886004,20.935458,ok
EES0423395__X06__Y24__P007.jpg,0.905060,23.121903,ok
EES0423395__X06__Y27__P008.jpg,0.902524,20.902545,ok
EES0423395__X09__Y15__P009.jpg,0.855759,20.456040,ok
EES0423395__X09__Y18__P010.jpg,0.867375,20.784381,ok
EES0423395__X12__Y09__P011.jpg,0.887736,21.209594,ok
EES0423395__X21__Y3F__P012.jpg,0.905661,22.285748,ok
EES0423395__X3F__Y18__P013.jpg,0.910651,21.165883,ok
EES0423395__X03__Y18__P014.jpg,0.917510,21.564601,ok
EES0423395__X03__Y1B__P015.jpg,0.889757,21.672978,ok
EES0423395__X03__Y21__P016.jpg,0.902898,22.773021,ok
EES0423395__X03__Y24__P017.jpg,0.914362,21.595554,ok
EES0423395__X18__Y03__P018.jpg,0.897032,21.064633,ok
EES0423395__X30__Y03__P019.jpg,0.894028,21.109726,ok
EES0423395__X33__Y03__P020.jpg,0.902008,21.833015,ok
EES0423395__X3F__Y2D__P021.jpg,0.912708,21.490861,ok
EES0423395__X03__Y1E__P022.jpg,0.909951,21.397174,ok
EES0423395__X06__Y2D__P023.jpg,0.882986,20.714759,ok
EES0423395__X0F__Y3C__P024.jpg,0.908592,20.927370,ok
EES0423395__X15__Y0C__P025.jpg,0.906687,21.752997,ok
EES0423396__X12__Y09__P001.jpg,0.888508,21.895235,ok
EES0423396__X12__Y39__P002.jpg,0.870649,21.736108,ok
EES0423396__X15__Y06__P003.jpg,0.768865,19.698352,ok
EES0423396__X15__Y09__P004.jpg,0.892181,21.375525,ok
EES0423396__X15__Y3C__P005.jpg,0.748037,20.125146,ok
EES0423396__X15__Y3F__P006.jpg,0.856767,21.000787,ok
EES0423396__X18__Y06__P007.jpg,0.910159,26.414799,ok
EES0423396__X1B__Y3F__P008.jpg,0.891667,25.695966,ok
EES0423396__X1E__Y06__P009.jpg,0.879122,22.521678,ok
EES0423396__X21__Y06__P010.jpg,0.888823,21.310847,ok
EES0423396__X21__Y42__P011.jpg,0.847917,24.366856,ok
EES0423396__X24__Y06__P012.jpg,0.872600,21.020084,ok
EES0423396__X24__Y42__P013.jpg,0.863585,20.555253,ok
EES0423396__X27__Y06__P014.jpg,0.891176,25.075331,ok
EES0423396__X2A__Y06__P015.jpg,0.793554,20.635057,ok
EES0423396__X2D__Y06__P016.jpg,0.763948,20.009220,ok
EES0423396__X30__Y09__P017.jpg,0.900219,23.644339,ok
EES0423396__X33__Y09__P018.jpg,0.900812,23.255474,ok
EES0423396__X39__Y0F__P019.jpg,0.893207,24.786260,ok
EES0423396__X3C__Y12__P020.jpg,0.868928,21.750647,ok
EES0423396__X3C__Y39__P021.jpg,0.876231,22.701021,ok
EES0423396__X3F__Y15__P022.jpg,0.880921,22.322473,ok
EES0423396__X3F__Y18__P023.jpg,0.889728,21.980125,ok
EES0423396__X3F__Y30__P024.jpg,0.794909,20.224755,ok
EES0423396__X3F__Y33__P025.jpg,0.769448,19.817723,ok
EES0423397__X2D__Y06__P001.jpg,0.885023,23.406874,ok
EES0423397__X3C__Y0C__P002.jpg,0.885713,21.810849,ok
EES0423397__X0C__Y24__P003.jpg,0.882189,20.633192,ok
EES0423397__X0C__Y27__P004.jpg,0.910581,22.155572,ok
EES0423397__X18__Y09__P005.jpg,0.905455,23.206918,ok
EES0423397__X2A__Y06__P006.jpg,0.887863,22.103625,ok
EES0423397__X36__Y12__P007.jpg,0.916120,23.706197,ok
EES0423397__X03__Y18__P008.jpg,0.850390,20.518779,ok
EES0423397__X03__Y1B__P009.jpg,0.883783,21.471997,ok
EES0423397__X03__Y1E__P010.jpg,0.850326,20.512380,ok
EES0423397__X03__Y21__P011.jpg,0.912573,22.319018,ok
EES0423397__X03__Y24__P012.jpg,0.890776,21.232575,ok
EES0423397__X03__Y27__P013.jpg,0.916915,26.118718,ok
EES0423397__X06__Y12__P014.jpg,0.899837,21.793408,ok
EES0423397__X06__Y15__P015.jpg,0.906732,24.012945,ok
EES0423397__X12__Y06__P016.jpg,0.908228,26.748407,ok
EES0423397__X18__Y03__P017.jpg,0.903241,21.995807,ok
EES0423397__X1B__Y03__P018.jpg,0.908370,23.863227,ok
EES0423397__X1E__Y03__P019.jpg,0.880646,21.633317,ok
EES0423397__X21__Y03__P020.jpg,0.914408,22.163192,ok
EES0423397__X30__Y03__P021.jpg,0.916029,23.242515,ok
EES0423397__X33__Y06__P022.jpg,0.853478,21.317003,ok
EES0423397__X39__Y09__P023.jpg,0.873846,20.605842,ok
EES0423397__X3C__Y06__P024.jpg,0.893633,26.706921,ok
EES0423397__X3F__Y0C__P025.jpg,0.912314,22.885003,ok
EES0423398__X3F__Y15__P001.jpg,0.855060,21.004219,ok
EES0423398__X42__Y1B__P002.jpg,0.795695,20.314469,ok
EES0423398__X42__Y1E__P003.jpg,0.877767,22.843176,ok
EES0423398__X42__Y27__P004.jpg,0.867182,21.265399,ok
EES0423398__X42__Y2A__P005.jpg,0.891469,22.850138,ok
EES0423398__X45__Y24__P006.jpg,0.880455,22.631636,ok
EES0423398__X03__Y15__P007.jpg,0.707809,19.452646,ok
EES0423398__X03__Y18__P008.jpg,0.872151,21.789373,ok
EES0423398__X03__Y1B__P009.jpg,0.878957,22.742439,ok
EES0423398__X03__Y1E__P010.jpg,0.668676,19.020562,ok
EES0423398__X03__Y21__P011.jpg,0.887605,23.397215,ok
EES0423398__X03__Y24__P012.jpg,0.888976,22.003089,ok
EES0423398__X03__Y2D__P013.jpg,0.901331,23.562074,ok
EES0423398__X06__Y0F__P014.jpg,0.883357,22.198633,ok
EES0423398__X06__Y2D__P015.jpg,0.884382,21.161958,ok
EES0423398__X0C__Y36__P016.jpg,0.890977,23.736844,ok
EES0423398__X0F__Y39__P017.jpg,0.846349,21.680795,ok
EES0423398__X0F__Y3F__P018.jpg,0.858541,22.852336,ok
EES0423398__X12__Y3C__P019.jpg,0.878920,20.883384,ok
EES0423398__X15__Y3C__P020.jpg,0.861844,20.945791,ok
EES0423398__X15__Y3F__P021.jpg,0.854621,21.849779,ok
EES0423398__X18__Y3F__P022.jpg,0.864320,22.538546,ok
EES0423398__X21__Y3C__P023.jpg,0.870109,21.869560,ok
EES0423398__X2A__Y3C__P024.jpg,0.842749,21.772950,ok
EES0423398__X2D__Y3C__P025.jpg,0.879132,22.121314,ok
EES0423399__X30__Y03__P001.jpg,0.850032,20.423012,ok
EES0423399__X30__Y39__P002.jpg,0.883600,21.976585,ok
EES0423399__X36__Y06__P003.jpg,0.903178,23.253193,ok
EES0423399__X3C__Y0C__P004.jpg,0.906179,22.411495,ok
EES0423399__X3C__Y30__P005.jpg,0.868028,22.821347,ok
EES0423399__X3C__Y33__P006.jpg,0.844635,20.372654,ok
EES0423399__X3F__Y12__P007.jpg,0.861593,20.676276,ok
EES0423399__X3F__Y27__P008.jpg,0.875383,21.194172,ok
EES0423399__X3F__Y2A__P009.jpg,0.905201,23.279253,ok
EES0423399__X42__Y24__P010.jpg,0.869649,20.958905,ok
EES0423399__X06__Y1E__P011.jpg,0.830542,21.150641,ok
EES0423399__X0C__Y0F__P012.jpg,0.900035,23.097767,ok
EES0423399__X1E__Y0C__P013.jpg,0.850802,20.582913,ok
EES0423399__X2A__Y0C__P014.jpg,0.864073,21.601373,ok
EES0423399__X2A__Y0F__P015.jpg,0.861060,20.601025,ok
EES0423399__X3F__Y1E__P016.jpg,0.900656,20.824290,ok
EES0423399__X3F__Y24__P017.jpg,0.897120,23.689703,ok
EES0423399__X3F__Y27__P018.jpg,0.873515,21.577714,ok
EES0423399__X06__Y15__P019.jpg,0.909538,23.654666,ok
EES0423399__X12__Y06__P020.jpg,0.891438,21.068693,ok
EES0423399__X2D__Y33__P021.jpg,0.830240,21.129730,ok
EES0423399__X33__Y33__P022.jpg,0.860986,20.777597,ok
EES0423399__X36__Y24__P023.jpg,0.794024,20.322462,ok
EES0423399__X39__Y21__P024.jpg,0.880028,22.006318,ok
EES0423399__X06__Y1B__P025.jpg,0.861211,20.550600,ok
EES0423400__X3C__Y21__P001.jpg,0.860796,21.186668,ok
EES0423400__X18__Y3F__P002.jpg,0.803053,20.111189,ok
EES0423400__X33__Y30__P003.jpg,0.849619,20.480282,ok
EES0423400__X3C__Y1B__P004.jpg,0.903232,29.720826,ok
EES0423400__X21__Y06__P005.jpg,0.873635,22.237719,ok
EES0423400__X24__Y06__P006.jpg,0.852321,22.084641,ok
EES0423400__X27__Y09__P007.jpg,0.904695,24.297687,ok
EES0423400__X27__Y0C__P008.jpg,0.862698,21.060828,ok
EES0423400__X2D__Y06__P009.jpg,0.898117,23.927774,ok
EES0423400__X2D__Y09__P010.jpg,0.833535,21.205461,ok
EES0423400__X30__Y09__P011.jpg,0.882682,22.277786,ok
EES0423400__X33__Y09__P012.jpg,0.808789,20.445071,ok
EES0423400__X36__Y06__P013.jpg,0.865487,21.590450,ok
EES0423400__X39__Y06__P014.jpg,0.854621,20.496462,ok
EES0423400__X03__Y1B__P015.jpg,0.860542,23.129220,ok
EES0423400__X03__Y2D__P016.jpg,0.828986,20.523476,ok
EES0423400__X06__Y0F__P017.jpg,0.858864,21.343952,ok
EES0423400__X06__Y12__P018.jpg,0.855502,20.718712,ok
EES0423400__X06__Y33__P019.jpg,0.898997,26.352747,ok
EES0423400__X06__Y3C__P020.jpg,0.855512,20.924696,ok
EES0423400__X09__Y0F__P021.jpg,0.905267,23.138485,ok
EES0423400__X09__Y39__P022.jpg,0.830415,21.372255,ok
EES0423400__X09__Y3C__P023.jpg,0.892177,23.395407,ok
EES0423400__X0F__Y09__P024.jpg,0.896115,20.938498,ok
EES0423400__X12__Y42__P025.jpg,0.779841,20.984751,ok
EES0423401__X18__Y06__P001.jpg,0.825863,20.864261,ok
EES0423401__X18__Y42__P002.jpg,0.910458,23.661348,ok
EES0423401__X18__Y45__P003.jpg,0.905681,23.381113,ok
EES0423401__X1B__Y06__P004.jpg,0.904766,23.672565,ok
EES0423401__X1B__Y45__P005.jpg,0.902920,23.543296,ok
EES0423401__X1E__Y45__P006.jpg,0.832037,21.120165,ok
EES0423401__X24__Y45__P007.jpg,0.896476,22.640314,ok
EES0423401__X30__Y3F__P008.jpg,0.807592,20.689127,ok
EES0423401__X33__Y3C__P009.jpg,0.796241,20.441160,ok
EES0423401__X36__Y36__P010.jpg,0.853096,20.766281,ok
EES0423401__X39__Y2D__P011.jpg,0.905669,22.993271,ok
EES0423401__X39__Y33__P012.jpg,0.902532,23.836384,ok
EES0423401__X39__Y36__P013.jpg,0.816592,20.445592,ok
EES0423401__X3C__Y2A__P014.jpg,0.851773,20.547783,ok
EES0423401__X3C__Y2D__P015.jpg,0.894280,22.462654,ok
EES0423401__X3C__Y30__P016.jpg,0.905847,23.658334,ok
EES0423401__X3F__Y21__P017.jpg,0.804844,20.580265,ok
EES0423401__X03__Y21__P018.jpg,0.847738,21.729307,ok
EES0423401__X09__Y0F__P019.jpg,0.900166,22.964067,ok
EES0423401__X0C__Y0C__P020.jpg,0.753527,20.159332,ok
EES0423401__X1B__Y06__P021.jpg,0.892864,23.982933,ok
EES0423401__X36__Y2D__P022.jpg,0.880125,22.573985,ok
EES0423401__X0C__Y1B__P023.jpg,0.874367,22.003682,ok
EES0423401__X18__Y0F__P024.jpg,0.858411,21.838925,ok
EES0423401__X1E__Y09__P025.jpg,0.898406,25.043330,ok
EES0423402__X18__Y09__P001.jpg,0.893121,23.327324,ok
EES0423402__X1B__Y09__P002.jpg,0.861189,21.788238,ok
EES0423402__X21__Y09__P003.jpg,0.894911,23.790536,ok
EES0423402__X2A__Y09__P004.jpg,0.901711,24.702911,ok
EES0423402__X2A__Y42__P005.jpg,0.842756,20.473487,ok
EES0423402__X33__Y3F__P006.jpg,0.877804,21.891886,ok
EES0423402__X39__Y12__P007.jpg,0.836435,20.368054,ok
EES0423402__X3C__Y15__P008.jpg,0.897407,24.133468,ok
EES0423402__X3F__Y12__P009.jpg,0.861199,21.565019,ok
EES0423402__X42__Y15__P010.jpg,0.846671,20.355832,ok
EES0423402__X45__Y1B__P011.jpg,0.851325,20.691464,ok
EES0423402__X45__Y27__P012.jpg,0.883848,21.987705,ok
EES0423402__X45__Y2A__P013.jpg,0.846340,21.288621,ok
EES0423402__X45__Y2D__P014.jpg,0.894315,22.855078,ok
EES0423402__X2D__Y06__P015.jpg,0.834983,20.731422,ok
EES0423402__X03__Y0C__P016.jpg,0.821898,20.149092,ok
EES0423402__X03__Y0F__P017.jpg,0.881417,22.227290,ok
EES0423402__X03__Y12__P018.jpg,0.889725,22.154013,ok
EES0423402__X06__Y09__P019.jpg,0.865289,21.348083,ok
EES0423402__X06__Y1E__P020.jpg,0.875055,21.955024,ok
EES0423402__X06__Y24__P021.jpg,0.863321,21.325488,ok
EES0423402__X06__Y2A__P022.jpg,0.892959,23.089652,ok
EES0423402__X06__Y3C__P023.jpg,0.878137,21.530832,ok
EES0423402__X09__Y12__P024.jpg,0.861893,21.206057,ok
EES0423402__X09__Y15__P025.jpg,0.835380,20.203953,ok
EES0423403__X0F__Y15__P001.jpg,0.861277,22.788176,ok
EES0423403__X0F__Y1B__P002.jpg,0.869665,22.071106,ok
EES0423403__X0F__Y1E__P003.jpg,0.871771,23.718685,ok
EES0423403__X0F__Y21__P004.jpg,0.849381,23.031062,ok
EES0423403__X12__Y15__P005.jpg,0.894376,23.227966,ok
EES0423403__X12__Y18__P006.jpg,0.903191,23.181506,ok
EES0423403__X12__Y1B__P007.jpg,0.865354,21.233763,ok
EES0423403__X12__Y1E__P008.jpg,0.887259,23.365176,ok
EES0423403__X15__Y0F__P009.jpg,0.807995,21.002536,ok
EES0423403__X15__Y12__P010.jpg,0.891631,21.610592,ok
EES0423403__X15__Y15__P011.jpg,0.878889,22.705373,ok
EES0423403__X15__Y18__P012.jpg,0.820232,21.032414,ok
EES0423403__X15__Y1B__P013.jpg,0.833104,21.392044,ok
EES0423403__X15__Y1E__P014.jpg,0.868790,21.664290,ok
EES0423403__X15__Y21__P015.jpg,0.892642,22.048522,ok
EES0423403__X15__Y24__P016.jpg,0.823731,20.398760,ok
EES0423403__X18__Y0C__P017.jpg,0.865986,22.274563,ok
EES0423403__X18__Y0F__P018.jpg,0.869072,21.278472,ok
EES0423403__X18__Y12__P019.jpg,0.900553,23.520177,ok
EES0423403__X18__Y15__P020.jpg,0.873120,21.848247,ok
EES0423403__X18__Y18__P021.jpg,0.901896,22.230993,ok
EES0423403__X18__Y1B__P022.jpg,0.819760,20.120371,ok
EES0423403__X18__Y21__P023.jpg,0.859614,20.402738,ok
EES0423403__X1B__Y09__P024.jpg,0.881018,20.441340,ok
EES0423403__X1B__Y0C__P025.jpg,0.828967,20.828396,ok
EES0423404__X2D__Y06__P001.jpg,0.768370,20.169435,ok
EES0423404__X2D__Y09__P002.jpg,0.869825,26.698993,ok
EES0423404__X2D__Y3F__P003.jpg,0.868988,22.734202,ok
EES0423404__X2D__Y42__P004.jpg,0.869924,29.129162,ok
EES0423404__X30__Y06__P005.jpg,0.840459,26.770910,ok
EES0423404__X30__Y09__P006.jpg,0.743944,19.526120,ok
EES0423404__X36__Y09__P007.jpg,0.760772,19.842856,ok
EES0423404__X36__Y0C__P008.jpg,0.670768,18.920808,ok
EES0423404__X3C__Y0C__P009.jpg,0.659933,22.111832,ok
EES0423404__X3F__Y36__P010.jpg,0.804433,24.194625,ok
EES0423404__X42__Y15__P011.jpg,0.741965,22.966195,ok
EES0423404__X42__Y30__P012.jpg,0.712837,22.476458,ok
EES0423404__X0C__Y3C__P013.jpg,0.870529,30.838831,ok
EES0423404__X0C__Y3F__P014.jpg,0.831453,24.828413,ok
EES0423404__X12__Y3F__P015.jpg,0.870145,29.122624,ok
EES0423404__X30__Y3F__P016.jpg,0.788295,20.238619,ok
EES0423404__X39__Y39__P017.jpg,0.808344,25.386808,ok
EES0423404__X0F__Y1B__P018.jpg,0.819471,21.747180,ok
EES0423404__X12__Y1B__P019.jpg,0.753417,20.405362,ok
EES0423404__X12__Y2A__P020.jpg,0.868997,24.236788,ok
EES0423404__X15__Y0F__P021.jpg,0.850146,28.808507,ok
EES0423404__X15__Y21__P022.jpg,0.819358,22.536889,ok
EES0423404__X15__Y33__P023.jpg,0.849886,31.439301,ok
EES0423404__X18__Y1B__P024.jpg,0.767596,21.715927,ok
EES0423404__X18__Y1E__P025.jpg,0.871116,34.394567,ok
EES0423405__X18__Y27__P001.jpg,0.782729,19.749052,ok
EES0423405__X18__Y36__P002.jpg,0.816322,21.847551,ok
EES0423405__X1B__Y18__P003.jpg,0.812173,22.731237,ok
EES0423405__X1B__Y1B__P004.jpg,0.772696,19.708986,ok
EES0423405__X1E__Y1B__P005.jpg,0.851146,25.887120,ok
EES0423405__X21__Y18__P006.jpg,0.774461,20.925811,ok
EES0423405__X21__Y1B__P007.jpg,0.861000,31.210959,ok
EES0423405__X24__Y09__P008.jpg,0.868626,29.493506,ok
EES0423405__X24__Y0C__P009.jpg,0.778812,20.675453,ok
EES0423405__X24__Y12__P010.jpg,0.819695,23.689235,ok
EES0423405__X24__Y15__P011.jpg,0.813508,24.361083,ok
EES0423405__X27__Y09__P012.jpg,0.873830,31.781293,ok
EES0423405__X27__Y0C__P013.jpg,0.860384,26.587650,ok
EES0423405__X27__Y0F__P014.jpg,0.788106,23.474110,ok
EES0423405__X27__Y18__P015.jpg,0.798111,21.594953,ok
EES0423405__X2A__Y0C__P016.jpg,0.769656,19.445891,ok
EES0423405__X2A__Y0F__P017.jpg,0.787532,22.013307,ok
EES0423405__X2A__Y15__P018.jpg,0.846467,23.949671,ok
EES0423405__X2D__Y09__P019.jpg,0.744366,21.090357,ok
EES0423405__X2D__Y0C__P020.jpg,0.804447,20.115721,ok
EES0423405__X2D__Y0F__P021.jpg,0.786240,23.572021,ok
EES0423405__X2D__Y12__P022.jpg,0.854061,26.050473,ok
EES0423405__X30__Y0C__P023.jpg,0.765416,20.628927,ok
EES0423405__X30__Y0F__P024.jpg,0.745901,19.823471,ok
EES0423405__X30__Y12__P025.jpg,0.879133,28.801524,ok
EES0423406__X30__Y3C__P001.jpg,0.879776,34.910410,ok
EES0423406__X30__Y3F__P002.jpg,0.874126,24.597774,ok
EES0423406__X33__Y06__P003.jpg,0.849660,25.703950,ok
EES0423406__X33__Y0F__P004.jpg,0.870750,33.447350,ok
EES0423406__X33__Y18__P005.jpg,0.836151,22.767009,ok
EES0423406__X33__Y3C__P006.jpg,0.837510,26.841615,ok
EES0423406__X36__Y18__P007.jpg,0.819157,20.925026,ok
EES0423406__X36__Y21__P008.jpg,0.873333,34.976056,ok
EES0423406__X36__Y3C__P009.jpg,0.836320,24.209485,ok
EES0423406__X39__Y1E__P010.jpg,0.820810,22.345065,ok
EES0423406__X39__Y2D__P011.jpg,0.726100,20.258481,ok
EES0423406__X39__Y30__P012.jpg,0.817141,24.591614,ok
EES0423406__X39__Y36__P013.jpg,0.738778,20.217868,ok
EES0423406__X39__Y39__P014.jpg,0.788139,20.923538,ok
EES0423406__X3C__Y15__P015.jpg,0.810584,21.620166,ok
EES0423406__X3C__Y1E__P016.jpg,0.810434,20.208531,ok
EES0423406__X3C__Y24__P017.jpg,0.879588,32.317827,ok
EES0423406__X3C__Y2D__P018.jpg,0.835231,21.279436,ok
EES0423406__X3C__Y36__P019.jpg,0.830893,23.157500,ok
EES0423406__X3C__Y39__P020.jpg,0.873700,30.578390,ok
EES0423406__X3F__Y15__P021.jpg,0.785712,23.327753,ok
EES0423406__X3F__Y18__P022.jpg,0.860957,28.148463,ok
EES0423406__X3F__Y21__P023.jpg,0.826373,22.774986,ok
EES0423406__X3F__Y24__P024.jpg,0.790725,20.819770,ok
EES0423406__X3F__Y36__P025.jpg,0.827870,21.871967,ok
EES0423407__X1E__Y39__P001.jpg,0.868390,21.121526,ok
EES0423407__X21__Y33__P002.jpg,0.782220,21.634931,ok
EES0423407__X24__Y30__P003.jpg,0.734001,20.175915,ok
EES0423407__X24__Y33__P004.jpg,0.841076,27.638083,ok
EES0423407__X2A__Y33__P005.jpg,0.757331,21.457273,ok
EES0423407__X2D__Y36__P006.jpg,0.869725,33.523858,ok
EES0423407__X30__Y36__P007.jpg,0.705608,20.117300,ok
EES0423407__X33__Y36__P008.jpg,0.781249,24.568648,ok
EES0423407__X33__Y39__P009.jpg,0.865946,28.336438,ok
EES0423407__X33__Y3C__P010.jpg,0.765460,21.588789,ok
EES0423407__X33__Y42__P011.jpg,0.792245,22.494509,ok
EES0423407__X36__Y0C__P012.jpg,0.772699,21.982958,ok
EES0423407__X36__Y36__P013.jpg,0.823295,26.888549,ok
EES0423407__X36__Y39__P014.jpg,0.885708,36.449091,ok
EES0423407__X36__Y3F__P015.jpg,0.797763,21.026641,ok
EES0423407__X39__Y39__P016.jpg,0.801196,20.849563,ok
EES0423407__X3F__Y15__P017.jpg,0.753928,20.231467,ok
EES0423407__X3F__Y24__P018.jpg,0.751873,23.238187,ok
EES0423407__X3F__Y30__P019.jpg,0.774406,20.149597,ok
EES0423407__X42__Y33__P020.jpg,0.773259,21.292020,ok
EES0423407__X45__Y27__P021.jpg,0.846643,23.181267,ok
EES0423407__X0C__Y36__P022.jpg,0.851776,26.824288,ok
EES0423407__X0F__Y21__P023.jpg,0.865828,29.922577,ok
EES0423407__X0F__Y36__P024.jpg,0.835030,22.020308,ok
EES0423407__X12__Y12__P025.jpg,0.798382,20.967405,ok
EES0423408__X12__Y2A__P001.jpg,0.876526,29.549339,ok
EES0423408__X12__Y33__P002.jpg,0.867643,27.750648,ok
EES0423408__X15__Y18__P003.jpg,0.830341,23.683729,ok
EES0423408__X15__Y21__P004.jpg,0.872774,25.733083,ok
EES0423408__X15__Y2A__P005.jpg,0.753162,20.635980,ok
EES0423408__X15__Y30__P006.jpg,0.793250,24.160559,ok
EES0423408__X15__Y33__P007.jpg,0.857756,25.595224,ok
EES0423408__X18__Y21__P008.jpg,0.884532,33.868248,ok
EES0423408__X18__Y2A__P009.jpg,0.855047,25.414453,ok
EES0423408__X1B__Y12__P010.jpg,0.862109,28.031504,ok
EES0423408__X1B__Y2D__P011.jpg,0.850125,21.941382,ok
EES0423408__X1B__Y30__P012.jpg,0.866692,24.709496,ok
EES0423408__X1B__Y3F__P013.jpg,0.861497,26.001253,ok
EES0423408__X1B__Y42__P014.jpg,0.870210,31.178953,ok
EES0423408__X1E__Y1B__P015.jpg,0.822548,20.709427,ok
EES0423408__X1E__Y36__P016.jpg,0.871162,30.301962,ok
EES0423408__X1E__Y3F__P017.jpg,0.864097,28.654209,ok
EES0423408__X21__Y36__P018.jpg,0.875161,26.394320,ok
EES0423408__X21__Y42__P019.jpg,0.670240,19.396535,ok
EES0423408__X24__Y0C__P020.jpg,0.865251,27.936257,ok
EES0423408__X24__Y42__P021.jpg,0.817295,20.844820,ok
EES0423408__X27__Y0F__P022.jpg,0.879130,31.065032,ok
EES0423408__X27__Y1E__P023.jpg,0.872092,31.331281,ok
EES0423408__X27__Y24__P024.jpg,0.871103,30.005333,ok
EES0423408__X27__Y45__P025.jpg,0.795825,22.864775,ok
EES0423409__X2A__Y0C__P001.jpg,0.851954,31.212879,ok
EES0423409__X2A__Y0F__P002.jpg,0.819812,27.115862,ok
EES0423409__X2A__Y1E__P003.jpg,0.878544,27.136150,ok
EES0423409__X2A__Y3C__P004.jpg,0.866667,26.172586,ok
EES0423409__X2A__Y45__P005.jpg,0.850766,32.038933,ok
EES0423409__X2D__Y12__P006.jpg,0.812447,21.951044,ok
EES0423409__X2D__Y18__P007.jpg,0.867461,28.942332,ok
EES0423409__X2D__Y2A__P008.jpg,0.776756,22.400720,ok
EES0423409__X2D__Y2D__P009.jpg,0.845871,27.295023,ok
EES0423409__X2D__Y33__P010.jpg,0.869113,29.812916,ok
EES0423409__X2D__Y3F__P011.jpg,0.817949,20.531398,ok
EES0423409__X30__Y12__P012.jpg,0.873380,30.964928,ok
EES0423409__X30__Y15__P013.jpg,0.862736,30.880397,ok
EES0423409__X30__Y18__P014.jpg,0.858298,27.263892,ok
EES0423409__X30__Y1B__P015.jpg,0.867568,32.987855,ok
EES0423409__X30__Y36__P016.jpg,0.846036,24.146656,ok
EES0423409__X30__Y39__P017.jpg,0.879816,34.124423,ok
EES0423409__X30__Y3C__P018.jpg,0.836853,24.798623,ok
EES0423409__X30__Y3F__P019.jpg,0.804529,20.815607,ok
EES0423409__X33__Y1E__P020.jpg,0.879332,27.335486,ok
EES0423409__X33__Y24__P021.jpg,0.846574,26.369964,ok
EES0423409__X33__Y36__P022.jpg,0.864662,28.599718,ok
EES0423409__X36__Y24__P023.jpg,0.842411,24.550378,ok
EES0423409__X36__Y2A__P024.jpg,0.834746,24.794830,ok
EES0423409__X36__Y2D__P025.jpg,0.868116,26.500974,ok
EES0423410__X36__Y39__P001.jpg,0.822134,23.876705,ok
EES0423410__X36__Y3C__P002.jpg,0.859052,26.852429,ok
EES0423410__X39__Y12__P003.jpg,0.877635,27.011943,ok
EES0423410__X39__Y15__P004.jpg,0.858564,24.939407,ok
EES0423410__X39__Y21__P005.jpg,0.859401,25.731013,ok
EES0423410__X39__Y24__P006.jpg,0.846571,22.107206,ok
EES0423410__X39__Y27__P007.jpg,0.783229,22.165573,ok
EES0423410__X39__Y39__P008.jpg,0.886129,31.484954,ok
EES0423410__X3C__Y1E__P009.jpg,0.820565,24.917352,ok
EES0423410__X3C__Y27__P010.jpg,0.871256,26.614658,ok
EES0423410__X3C__Y30__P011.jpg,0.887345,27.407158,ok
EES0423410__X3C__Y36__P012.jpg,0.870412,25.805850,ok
EES0423410__X3C__Y39__P013.jpg,0.849294,21.606558,ok
EES0423410__X3F__Y1B__P014.jpg,0.868405,24.060137,ok
EES0423410__X3F__Y1E__P015.jpg,0.830133,20.750485,ok
EES0423410__X3F__Y30__P016.jpg,0.834552,21.661886,ok
EES0423410__X42__Y1B__P017.jpg,0.870172,28.251217,ok
EES0423410__X42__Y27__P018.jpg,0.811029,23.315899,ok
EES0423410__X45__Y27__P019.jpg,0.823969,21.526438,ok
EES0423410__X09__Y21__P020.jpg,0.818020,21.743493,ok
EES0423410__X0C__Y12__P021.jpg,0.835509,22.724700,ok
EES0423410__X0F__Y2D__P022.jpg,0.888379,28.613867,ok
EES0423410__X0F__Y30__P023.jpg,0.880236,27.274014,ok
EES0423410__X0F__Y33__P024.jpg,0.881151,29.138853,ok
EES0423410__X12__Y0C__P025.jpg,0.868509,24.757002,ok
EES0423411__X12__Y15__P001.jpg,0.862729,23.358775,ok
EES0423411__X12__Y1B__P002.jpg,0.857843,23.517189,ok
EES0423411__X12__Y2A__P003.jpg,0.804196,22.101182,ok
EES0423411__X12__Y2D__P004.jpg,0.846682,23.867330,ok
EES0423411__X12__Y30__P005.jpg,0.817063,23.740463,ok
EES0423411__X12__Y33__P006.jpg,0.874259,27.992564,ok
EES0423411__X12__Y36__P007.jpg,0.839188,21.006321,ok
EES0423411__X15__Y0C__P008.jpg,0.864411,24.671946,ok
EES0423411__X15__Y0F__P009.jpg,0.860981,23.573544,ok
EES0423411__X18__Y0C__P010.jpg,0.756245,20.329829,ok
EES0423411__X18__Y1E__P011.jpg,0.840828,24.626638,ok
EES0423411__X18__Y27__P012.jpg,0.874867,32.091971,ok
EES0423411__X18__Y39__P013.jpg,0.841536,21.376375,ok
EES0423411__X18__Y3C__P014.jpg,0.859135,24.411229,ok
EES0423411__X1B__Y09__P015.jpg,0.876228,27.178426,ok
EES0423411__X1B__Y0C__P016.jpg,0.862708,23.011926,ok
EES0423411__X1B__Y21__P017.jpg,0.803784,20.563452,ok
EES0423411__X1B__Y27__P018.jpg,0.872701,28.279502,ok
EES0423411__X1B__Y2D__P019.jpg,0.872275,25.826369,ok
EES0423411__X1B__Y3F__P020.jpg,0.860202,22.607254,ok
EES0423411__X1E__Y0C__P021.jpg,0.866444,24.876402,ok
EES0423411__X1E__Y0F__P022.jpg,0.864187,28.848055,ok
EES0423411__X1E__Y12__P023.jpg,0.861520,24.268467,ok
EES0423411__X1E__Y27__P024.jpg,0.862005,25.587115,ok
EES0423411__X1E__Y2D__P025.jpg,0.874779,30.952364,ok
EES0423412__X1E__Y36__P001.jpg,0.883417,33.692453,ok
EES0423412__X21__Y0F__P002.jpg,0.873523,25.502812,ok
EES0423412__X21__Y33__P003.jpg,0.874018,30.945617,ok
EES0423412__X24__Y09__P004.jpg,0.859787,25.497230,ok
EES0423412__X24__Y0F__P005.jpg,0.848313,25.046060,ok
EES0423412__X24__Y39__P006.jpg,0.859716,21.940801,ok
EES0423412__X27__Y09__P007.jpg,0.867206,25.383488,ok
EES0423412__X27__Y1B__P008.jpg,0.810304,21.319292,ok
EES0423412__X27__Y30__P009.jpg,0.863865,23.110443,ok
EES0423412__X2A__Y27__P010.jpg,0.868977,24.687129,ok
EES0423412__X2D__Y2A__P011.jpg,0.859855,22.917216,ok
EES0423412__X30__Y0F__P012.jpg,0.854459,26.009021,ok
EES0423412__X30__Y12__P013.jpg,0.895884,36.995886,ok
EES0423412__X30__Y2A__P014.jpg,0.822639,22.248123,ok
EES0423412__X33__Y12__P015.jpg,0.872784,32.104747,ok
EES0423412__X33__Y27__P016.jpg,0.829637,22.758426,ok
EES0423412__X36__Y21__P017.jpg,0.877674,27.729104,ok
EES0423412__X36__Y24__P018.jpg,0.845745,22.363194,ok
EES0423412__X36__Y33__P019.jpg,0.869075,31.248012,ok
EES0423412__X39__Y1E__P020.jpg,0.832121,21.898224,ok
EES0423412__X3C__Y1B__P021.jpg,0.881013,34.724274,ok
EES0423412__X3C__Y2A__P022.jpg,0.876128,28.313877,ok
EES0423412__X3C__Y30__P023.jpg,0.825834,23.738386,ok
EES0423412__X3C__Y36__P024.jpg,0.862926,27.941405,ok
EES0423412__X3F__Y18__P025.jpg,0.872372,26.950422,ok
EES0423413__X3F__Y21__P001.jpg,0.868306,29.286711,ok
EES0423413__X3F__Y27__P002.jpg,0.791116,20.668247,ok
EES0423413__X3F__Y2A__P003.jpg,0.818852,22.259021,ok
EES0423413__X3F__Y2D__P004.jpg,0.818524,28.721334,ok
EES0423413__X09__Y24__P005.jpg,0.791138,21.847833,ok
EES0423413__X09__Y2A__P006.jpg,0.840598,24.850593,ok
EES0423413__X0C__Y2D__P007.jpg,0.814105,20.899769,ok
EES0423413__X0F__Y24__P008.jpg,0.836145,21.844012,ok
EES0423413__X0F__Y27__P009.jpg,0.850898,27.335492,ok
EES0423413__X0F__Y2A__P010.jpg,0.817430,20.688810,ok
EES0423413__X18__Y1E__P011.jpg,0.871114,27.806275,ok
EES0423413__X18__Y24__P012.jpg,0.834405,24.926746,ok
EES0423413__X18__Y27__P013.jpg,0.764532,22.334219,ok
EES0423413__X18__Y2A__P014.jpg,0.820328,20.314675,ok
EES0423413__X1B__Y1E__P015.jpg,0.751521,22.401240,ok
EES0423413__X1B__Y21__P016.jpg,0.872679,24.982938,ok
EES0423413__X1B__Y24__P017.jpg,0.820072,23.291326,ok
EES0423413__X1B__Y27__P018.jpg,0.775346,21.472482,ok
EES0423413__X1E__Y15__P019.jpg,0.780110,23.090673,ok
EES0423413__X1E__Y18__P020.jpg,0.810126,22.253119,ok
EES0423413__X1E__Y1B__P021.jpg,0.887064,31.960821,ok
EES0423413__X21__Y0F__P022.jpg,0.797717,20.461187,ok
EES0423413__X21__Y15__P023.jpg,0.858879,26.988407,ok
EES0423413__X21__Y18__P024.jpg,0.790262,20.182811,ok
EES0423413__X21__Y1B__P025.jpg,0.849793,24.216903,ok
EES0423414__X21__Y1E__P001.jpg,0.815770,21.864511,ok
EES0423414__X21__Y3C__P002.jpg,0.830017,22.108216,ok
EES0423414__X24__Y15__P003.jpg,0.814821,21.792515,ok
EES0423414__X24__Y18__P004.jpg,0.837851,23.362475,ok
EES0423414__X24__Y1B__P005.jpg,0.776669,22.042683,ok
EES0423414__X24__Y1E__P006.jpg,0.806532,24.736492,ok
EES0423414__X24__Y3C__P007.jpg,0.818264,27.505715,ok
EES0423414__X27__Y15__P008.jpg,0.833231,24.049988,ok
EES0423414__X27__Y18__P009.jpg,0.804545,24.029028,ok
EES0423414__X27__Y1B__P010.jpg,0.808858,24.902742,ok
EES0423414__X27__Y1E__P011.jpg,0.821576,26.775049,ok
EES0423414__X27__Y24__P012.jpg,0.834839,23.429724,ok
EES0423414__X2A__Y0F__P013.jpg,0.818503,24.137610,ok
EES0423414__X2A__Y15__P014.jpg,0.819180,21.400650,ok
EES0423414__X2A__Y1B__P015.jpg,0.857758,24.702731,ok
EES0423414__X2A__Y1E__P016.jpg,0.831193,23.109234,ok
EES0423414__X2A__Y21__P017.jpg,0.852464,30.337017,ok
EES0423414__X2A__Y24__P018.jpg,0.750920,20.996071,ok
EES0423414__X2A__Y36__P019.jpg,0.761338,20.791346,ok
EES0423414__X2A__Y3F__P020.jpg,0.766524,21.724858,ok
EES0423414__X2D__Y18__P021.jpg,0.825815,23.749903,ok
EES0423414__X2D__Y1B__P022.jpg,0.771161,20.449546,ok
EES0423414__X2D__Y1E__P023.jpg,0.754817,19.962392,ok
EES0423414__X2D__Y21__P024.jpg,0.803405,25.385619,ok
EES0423414__X2D__Y24__P025.jpg,0.802146,22.808969,ok
EES0423415__X2D__Y2A__P001.jpg,0.823709,25.829539,ok
EES0423415__X2D__Y36__P002.jpg,0.778440,20.339444,ok
EES0423415__X2D__Y39__P003.jpg,0.829383,20.576152,ok
EES0423415__X2D__Y3C__P004.jpg,0.734549,20.538522,ok
EES0423415__X30__Y1E__P005.jpg,0.829334,22.457669,ok
EES0423415__X30__Y2D__P006.jpg,0.847240,24.357881,ok
EES0423415__X30__Y30__P007.jpg,0.839974,28.941626,ok
EES0423415__X30__Y39__P008.jpg,0.814556,20.446653,ok
EES0423415__X33__Y21__P009.jpg,0.810638,21.645132,ok
EES0423415__X33__Y24__P010.jpg,0.757324,22.032140,ok
EES0423415__X33__Y27__P011.jpg,0.839528,29.094246,ok
EES0423415__X33__Y2A__P012.jpg,0.761753,20.540961,ok
EES0423415__X33__Y36__P013.jpg,0.864733,23.359641,ok
EES0423415__X36__Y24__P014.jpg,0.822665,20.439218,ok
EES0423415__X36__Y27__P015.jpg,0.858423,26.711377,ok
EES0423415__X36__Y2A__P016.jpg,0.786202,24.859769,ok
EES0423415__X36__Y30__P017.jpg,0.850864,28.263267,ok
EES0423415__X39__Y24__P018.jpg,0.842332,27.186825,ok
EES0423415__X39__Y27__P019.jpg,0.857467,23.558754,ok
EES0423415__X39__Y2A__P020.jpg,0.826942,22.712061,ok
EES0423415__X39__Y2D__P021.jpg,0.815243,21.116854,ok
EES0423415__X0C__Y15__P022.jpg,0.819805,22.310697,ok
EES0423415__X0F__Y27__P023.jpg,0.823588,22.338536,ok
EES0423415__X0F__Y2A__P024.jpg,0.880026,33.763600,ok
EES0423415__X12__Y0F__P025.jpg,0.859041,27.808962,ok
EES0423416__X42__Y27__P001.jpg,0.831987,23.598074,ok
EES0423416__X45__Y18__P002.jpg,0.825621,22.629777,ok
EES0423416__X45__Y1B__P003.jpg,0.862437,23.058855,ok
EES0423416__X45__Y1E__P004.jpg,0.816326,23.983614,ok
EES0423416__X45__Y21__P005.jpg,0.849844,20.894483,ok
EES0423416__X45__Y2A__P006.jpg,0.805191,21.722792,ok
EES0423416__X45__Y2D__P007.jpg,0.857312,23.110877,ok
EES0423416__X45__Y30__P008.jpg,0.829588,22.082780,ok
EES0423416__X12__Y3C__P009.jpg,0.801666,20.325105,ok
EES0423416__X15__Y3C__P010.jpg,0.791828,20.239018,ok
EES0423416__X27__Y3C__P011.jpg,0.826486,23.377838,ok
EES0423416__X27__Y3F__P012.jpg,0.832548,26.678876,ok
EES0423416__X2A__Y3F__P013.jpg,0.863995,28.293945,ok
EES0423416__X2D__Y3C__P014.jpg,0.845197,22.541056,ok
EES0423416__X30__Y0C__P015.jpg,0.838350,23.749745,ok
EES0423416__X30__Y2A__P016.jpg,0.809668,20.990333,ok
EES0423416__X30__Y2D__P017.jpg,0.823557,20.716327,ok
EES0423416__X30__Y39__P018.jpg,0.836735,21.812179,ok
EES0423416__X33__Y0F__P019.jpg,0.822553,22.159641,ok
EES0423416__X33__Y12__P020.jpg,0.741692,19.991213,ok
EES0423416__X33__Y1B__P021.jpg,0.787338,21.090546,ok
EES0423416__X33__Y21__P022.jpg,0.807629,22.555927,ok
EES0423416__X36__Y1E__P023.jpg,0.874795,22.368605,ok
EES0423416__X36__Y2A__P024.jpg,0.851623,25.228227,ok
EES0423416__X39__Y18__P025.jpg,0.853907,27.121023,ok
EES0423417__X30__Y24__P001.jpg,0.757116,23.744873,ok
EES0423417__X30__Y27__P002.jpg,0.725128,21.490113,ok
EES0423417__X33__Y0C__P003.jpg,0.711102,20.981145,ok
EES0423417__X33__Y1B__P004.jpg,0.824850,21.233096,ok
EES0423417__X33__Y1E__P005.jpg,0.881813,28.318841,ok
EES0423417__X33__Y21__P006.jpg,0.861129,25.888088,ok
EES0423417__X33__Y30__P007.jpg,0.858907,24.319891,ok
EES0423417__X36__Y15__P008.jpg,0.822387,20.671930,ok
EES0423417__X36__Y1B__P009.jpg,0.825860,23.016314,ok
EES0423417__X39__Y3C__P010.jpg,0.835388,24.150409,ok
EES0423417__X3F__Y1B__P011.jpg,0.861225,34.076222,ok
EES0423417__X3F__Y30__P012.jpg,0.776255,22.456790,ok
EES0423417__X3F__Y33__P013.jpg,0.783516,23.566101,ok
EES0423417__X0C__Y21__P014.jpg,0.633137,20.353467,ok
EES0423417__X15__Y1E__P015.jpg,0.767847,22.827711,ok
EES0423417__X15__Y30__P016.jpg,0.848631,22.476080,ok
EES0423417__X18__Y1E__P017.jpg,0.879115,28.431241,ok
EES0423417__X18__Y2D__P018.jpg,0.690293,20.979777,ok
EES0423417__X1B__Y12__P019.jpg,0.783542,21.785295,ok
EES0423417__X1B__Y2A__P020.jpg,0.852817,24.378908,ok
EES0423417__X1B__Y2D__P021.jpg,0.875472,29.562839,ok
EES0423417__X1E__Y1B__P022.jpg,0.880322,35.571666,ok
EES0423417__X1E__Y2A__P023.jpg,0.645902,20.776994,ok
EES0423417__X21__Y15__P024.jpg,0.857925,22.444434,ok
EES0423417__X21__Y2A__P025.jpg,0.777486,24.287290,ok
EES0423418__X0C__Y2D__P001.jpg,0.814841,22.833138,ok
EES0423418__X0C__Y30__P002.jpg,0.770036,20.698840,ok
EES0423418__X0C__Y33__P003.jpg,0.812436,22.048380,ok
EES0423418__X0F__Y24__P004.jpg,0.829557,22.223642,ok
EES0423418__X0F__Y2A__P005.jpg,0.830883,24.030881,ok
EES0423418__X0F__Y2D__P006.jpg,0.823807,21.524974,ok
EES0423418__X0F__Y33__P007.jpg,0.782046,20.607617,ok
EES0423418__X0F__Y36__P008.jpg,0.862459,24.435495,ok
EES0423418__X0F__Y39__P009.jpg,0.802832,23.294531,ok
EES0423418__X12__Y1E__P010.jpg,0.830430,24.348756,ok
EES0423418__X12__Y24__P011.jpg,0.848135,26.138059,ok
EES0423418__X12__Y2A__P012.jpg,0.780596,21.330353,ok
EES0423418__X12__Y2D__P013.jpg,0.833615,22.639020,ok
EES0423418__X12__Y30__P014.jpg,0.800800,23.929693,ok
EES0423418__X12__Y39__P015.jpg,0.807774,21.800140,ok
EES0423418__X12__Y3C__P016.jpg,0.810712,20.711438,ok
EES0423418__X15__Y18__P017.jpg,0.737190,20.054734,ok
EES0423418__X15__Y21__P018.jpg,0.813114,23.606712,ok
EES0423418__X15__Y24__P019.jpg,0.736209,19.757806,ok
EES0423418__X15__Y2D__P020.jpg,0.867647,28.445535,ok
EES0423418__X15__Y39__P021.jpg,0.833386,24.554988,ok
EES0423418__X15__Y3C__P022.jpg,0.852722,24.879683,ok
EES0423418__X18__Y0F__P023.jpg,0.780836,22.315958,ok
EES0423418__X18__Y21__P024.jpg,0.864353,29.370136,ok
EES0423418__X18__Y24__P025.jpg,0.824110,20.725531,ok
EES0423419__X36__Y15__P001.jpg,0.845557,24.645315,ok
EES0423419__X15__Y2A__P002.jpg,0.802387,20.802252,ok
EES0423419__X21__Y39__P003.jpg,0.796072,20.972193,ok
EES0423419__X24__Y42__P004.jpg,0.815827,20.959200,ok
EES0423419__X2A__Y0C__P005.jpg,0.818956,22.165577,ok
EES0423419__X33__Y0F__P006.jpg,0.852386,26.333001,ok
EES0423419__X3F__Y24__P007.jpg,0.821258,22.221546,ok
EES0423419__X3F__Y2A__P008.jpg,0.873974,34.451325,ok
EES0423419__X3F__Y2D__P009.jpg,0.794859,20.946461,ok
EES0423419__X0F__Y3F__P010.jpg,0.839694,21.388238,ok
EES0423419__X18__Y2D__P011.jpg,0.854198,23.287876,ok
EES0423419__X1B__Y2D__P012.jpg,0.873836,27.979421,ok
EES0423419__X1B__Y30__P013.jpg,0.849956,27.375959,ok
EES0423419__X1B__Y3C__P014.jpg,0.808288,20.808507,ok
EES0423419__X1B__Y45__P015.jpg,0.819281,23.735395,ok
EES0423419__X21__Y21__P016.jpg,0.819463,21.680886,ok
EES0423419__X21__Y45__P017.jpg,0.797992,22.023264,ok
EES0423419__X24__Y30__P018.jpg,0.812174,23.193675,ok
EES0423419__X24__Y39__P019.jpg,0.838291,23.139742,ok
EES0423419__X24__Y45__P020.jpg,0.872236,31.391519,ok
EES0423419__X27__Y15__P021.jpg,0.812140,22.727994,ok
EES0423419__X2A__Y2A__P022.jpg,0.850332,24.312190,ok
EES0423419__X30__Y24__P023.jpg,0.821825,22.589326,ok
EES0423419__X30__Y33__P024.jpg,0.830720,20.956036,ok
EES0423419__X30__Y39__P025.jpg,0.819753,23.297111,ok
EES0423420__X30__Y3C__P001.jpg,0.832666,21.582623,ok
EES0423420__X30__Y3F__P002.jpg,0.880065,27.171889,ok
EES0423420__X33__Y39__P003.jpg,0.871317,33.891666,ok
EES0423420__X33__Y3C__P004.jpg,0.843609,24.400016,ok
EES0423420__X36__Y39__P005.jpg,0.857793,27.167638,ok
EES0423420__X36__Y3C__P006.jpg,0.809289,20.283848,ok
EES0423420__X0F__Y0F__P007.jpg,0.875984,29.125111,ok
EES0423420__X15__Y0C__P008.jpg,0.877938,29.291022,ok
EES0423420__X1B__Y09__P009.jpg,0.769756,20.555693,ok
EES0423420__X1E__Y09__P010.jpg,0.874447,29.886356,ok
EES0423420__X2A__Y09__P011.jpg,0.796322,22.635928,ok
EES0423420__X30__Y45__P012.jpg,0.815909,23.602980,ok
EES0423420__X33__Y0C__P013.jpg,0.866300,24.359923,ok
EES0423420__X36__Y42__P014.jpg,0.818595,23.261600,ok
EES0423420__X39__Y0C__P015.jpg,0.876842,26.058383,ok
EES0423420__X39__Y3F__P016.jpg,0.785284,20.472231,ok
EES0423420__X39__Y42__P017.jpg,0.828794,23.343036,ok
EES0423420__X3C__Y12__P018.jpg,0.788600,22.584853,ok
EES0423420__X3C__Y39__P019.jpg,0.871160,26.563867,ok
EES0423420__X3C__Y3F__P020.jpg,0.824279,20.678141,ok
EES0423420__X3C__Y45__P021.jpg,0.806151,20.900353,ok
EES0423420__X3F__Y12__P022.jpg,0.785374,21.784269,ok
EES0423420__X3F__Y30__P023.jpg,0.805281,21.252691,ok
EES0423420__X3F__Y39__P024.jpg,0.839120,23.389934,ok
EES0423420__X3F__Y3C__P025.jpg,0.810684,20.457022,ok
EES0423421__X42__Y1B__P001.jpg,0.859611,27.985713,ok
EES0423421__X42__Y30__P002.jpg,0.772047,24.080876,ok
EES0423421__X42__Y36__P003.jpg,0.845510,27.255714,ok
EES0423421__X42__Y39__P004.jpg,0.805727,23.898212,ok
EES0423421__X45__Y21__P005.jpg,0.810334,23.796308,ok
EES0423421__X45__Y24__P006.jpg,0.842417,25.474100,ok
EES0423421__X45__Y27__P007.jpg,0.824863,24.292985,ok
EES0423421__X45__Y2A__P008.jpg,0.788946,23.018381,ok
EES0423421__X45__Y2D__P009.jpg,0.820679,23.603936,ok
EES0423421__X45__Y30__P010.jpg,0.876935,26.102363,ok
EES0423421__X03__Y0C__P011.jpg,0.838946,22.405874,ok
EES0423421__X03__Y0F__P012.jpg,0.857098,23.997201,ok
EES0423421__X03__Y12__P013.jpg,0.879475,31.506801,ok
EES0423421__X03__Y15__P014.jpg,0.812219,25.364400,ok
EES0423421__X03__Y18__P015.jpg,0.827504,25.746513,ok
EES0423421__X03__Y1B__P016.jpg,0.846930,27.628665,ok
EES0423421__X03__Y1E__P017.jpg,0.863365,26.323645,ok
EES0423421__X03__Y21__P018.jpg,0.812833,22.694816,ok
EES0423421__X03__Y24__P019.jpg,0.809484,25.162056,ok
EES0423421__X03__Y27__P020.jpg,0.771757,24.203140,ok
EES0423421__X03__Y2A__P021.jpg,0.853488,27.423720,ok
EES0423421__X03__Y2D__P022.jpg,0.880699,28.842664,ok
EES0423421__X03__Y30__P023.jpg,0.841481,23.354441,ok
EES0423421__X03__Y33__P024.jpg,0.878459,28.861233,ok
EES0423421__X03__Y36__P025.jpg,0.876989,29.870309,ok
EES0423422__X03__Y39__P001.jpg,0.794834,20.996714,ok
EES0423422__X03__Y3C__P002.jpg,0.797237,22.638497,ok
EES0423422__X03__Y3F__P003.jpg,0.830679,25.780039,ok
EES0423422__X03__Y42__P004.jpg,0.856707,23.053014,ok
EES0423422__X06__Y0C__P005.jpg,0.672864,21.105389,ok
EES0423422__X06__Y0F__P006.jpg,0.803639,23.435529,ok
EES0423422__X06__Y12__P007.jpg,0.826325,24.308359,ok
EES0423422__X06__Y15__P008.jpg,0.819515,23.607453,ok
EES0423422__X06__Y18__P009.jpg,0.758446,22.352114,ok
EES0423422__X06__Y1E__P010.jpg,0.787680,24.148698,ok
EES0423422__X06__Y21__P011.jpg,0.808099,25.531043,ok
EES0423422__X06__Y24__P012.jpg,0.807026,24.917625,ok
EES0423422__X06__Y27__P013.jpg,0.872916,29.128253,ok
EES0423422__X06__Y2A__P014.jpg,0.808962,23.156029,ok
EES0423422__X06__Y30__P015.jpg,0.780617,23.660312,ok
EES0423422__X06__Y33__P016.jpg,0.769711,23.724366,ok
EES0423422__X06__Y36__P017.jpg,0.608423,19.449735,ok
EES0423422__X09__Y0C__P018.jpg,0.740172,23.382845,ok
EES0423422__X09__Y0F__P019.jpg,0.856469,27.808491,ok
EES0423422__X09__Y15__P020.jpg,0.805609,24.825107,ok
EES0423422__X09__Y18__P021.jpg,0.838092,26.353530,ok
EES0423422__X09__Y1B__P022.jpg,0.810571,27.749684,ok
EES0423422__X09__Y30__P023.jpg,0.786426,25.050035,ok
EES0423422__X09__Y33__P024.jpg,0.801449,23.891544,ok
EES0423422__X09__Y36__P025.jpg,0.771767,24.598466,ok
EES0423423__X3C__Y0C__P001.jpg,0.844708,27.713404,ok
EES0423423__X3C__Y0F__P002.jpg,0.885493,25.246168,ok
EES0423423__X3F__Y0C__P003.jpg,0.851543,27.136994,ok
EES0423423__X3F__Y0F__P004.jpg,0.771607,21.360932,ok
EES0423423__X3F__Y42__P005.jpg,0.876736,32.327133,ok
EES0423423__X3F__Y45__P006.jpg,0.869299,22.965337,ok
EES0423423__X42__Y12__P007.jpg,0.732434,20.279861,ok
EES0423423__X42__Y3F__P008.jpg,0.837660,25.267827,ok
EES0423423__X42__Y42__P009.jpg,0.842651,24.165686,ok
EES0423423__X42__Y45__P010.jpg,0.735030,19.536955,ok
EES0423423__X18__Y09__P011.jpg,0.874863,33.470631,ok
EES0423423__X18__Y0C__P012.jpg,0.874144,31.323865,ok
EES0423423__X1B__Y0C__P013.jpg,0.838664,28.193238,ok
EES0423423__X24__Y45__P014.jpg,0.852274,21.274288,ok
EES0423423__X27__Y09__P015.jpg,0.887142,27.142471,ok
EES0423423__X27__Y3F__P016.jpg,0.789170,21.681455,ok
EES0423423__X33__Y0F__P017.jpg,0.835794,23.772697,ok
EES0423423__X39__Y15__P018.jpg,0.840433,25.161403,ok
EES0423423__X3C__Y30__P019.jpg,0.845779,26.101225,ok
EES0423423__X06__Y18__P020.jpg,0.740985,20.919329,ok
EES0423423__X06__Y3C__P021.jpg,0.827972,22.237446,ok
EES0423423__X18__Y09__P022.jpg,0.875295,35.222768,ok
EES0423423__X33__Y0C__P023.jpg,0.768210,22.482422,ok
EES0423423__X36__Y42__P024.jpg,0.855532,24.549649,ok
EES0423423__X39__Y12__P025.jpg,0.855205,31.069331,ok
EES0423424__X3F__Y18__P001.jpg,0.841006,22.236662,ok
EES0423424__X42__Y21__P002.jpg,0.849092,29.983891,ok
EES0423424__X42__Y24__P003.jpg,0.832924,21.272217,ok
EES0423424__X42__Y2D__P004.jpg,0.843864,25.335692,ok
EES0423424__X42__Y30__P005.jpg,0.875475,34.175603,ok
EES0423424__X09__Y1E__P006.jpg,0.777120,21.202559,ok
EES0423424__X0C__Y1B__P007.jpg,0.875370,32.611874,ok
EES0423424__X0F__Y1E__P008.jpg,0.833055,21.532262,ok
EES0423424__X12__Y15__P009.jpg,0.805209,23.060948,ok
EES0423424__X15__Y15__P010.jpg,0.846956,24.743595,ok
EES0423424__X15__Y1B__P011.jpg,0.798067,21.542886,ok
EES0423424__X15__Y1E__P012.jpg,0.793412,24.748799,ok
EES0423424__X15__Y21__P013.jpg,0.839365,27.454661,ok
EES0423424__X15__Y42__P014.jpg,0.790606,21.418105,ok
EES0423424__X18__Y0F__P015.jpg,0.782735,20.741286,ok
EES0423424__X18__Y18__P016.jpg,0.757859,21.067983,ok
EES0423424__X18__Y1B__P017.jpg,0.882566,28.535525,ok
EES0423424__X18__Y21__P018.jpg,0.777098,24.221639,ok
EES0423424__X1B__Y0F__P019.jpg,0.768524,22.123597,ok
EES0423424__X1B__Y12__P020.jpg,0.757628,20.035886,ok
EES0423424__X1B__Y15__P021.jpg,0.793219,22.486530,ok
EES0423424__X1B__Y18__P022.jpg,0.783584,21.534291,ok
EES0423424__X1B__Y1B__P023.jpg,0.822732,22.780623,ok
EES0423424__X1B__Y1E__P024.jpg,0.817391,20.763916,ok
EES0423424__X1B__Y21__P025.jpg,0.862290,24.720681,ok
EES0423425__X1B__Y24__P001.jpg,0.870194,22.408081,ok
EES0423425__X1E__Y0F__P002.jpg,0.809755,21.419774,ok
EES0423425__X1E__Y1B__P003.jpg,0.854499,28.732536,ok
EES0423425__X1E__Y1E__P004.jpg,0.833970,21.983466,ok
EES0423425__X1E__Y21__P005.jpg,0.835198,23.085598,ok
EES0423425__X1E__Y24__P006.jpg,0.798392,21.454588,ok
EES0423425__X21__Y0F__P007.jpg,0.798525,20.245940,ok
EES0423425__X21__Y12__P008.jpg,0.801989,21.186731,ok
EES0423425__X21__Y15__P009.jpg,0.836497,23.570450,ok
EES0423425__X21__Y21__P010.jpg,0.783437,20.456439,ok
EES0423425__X24__Y0F__P011.jpg,0.807493,21.568689,ok
EES0423425__X24__Y12__P012.jpg,0.812863,21.230188,ok
EES0423425__X24__Y15__P013.jpg,0.832408,26.602011,ok
EES0423425__X24__Y18__P014.jpg,0.795842,23.567912,ok
EES0423425__X24__Y1B__P015.jpg,0.869967,24.675820,ok
EES0423425__X27__Y0F__P016.jpg,0.773416,20.969275,ok
EES0423425__X27__Y18__P017.jpg,0.819819,23.408086,ok
EES0423425__X2A__Y12__P018.jpg,0.834961,20.754201,ok
EES0423425__X2A__Y15__P019.jpg,0.841243,22.913420,ok
EES0423425__X2D__Y0F__P020.jpg,0.800866,23.277161,ok
EES0423425__X2D__Y12__P021.jpg,0.875951,21.501413,ok
EES0423425__X2D__Y24__P022.jpg,0.841606,25.033257,ok
EES0423425__X33__Y24__P023.jpg,0.778184,20.470954,ok
EES0423425__X3C__Y33__P024.jpg,0.848522,27.520101,ok
EES0423425__X03__Y33__P025.jpg,0.853985,27.106022,ok
EES0423426__X09__Y30__P001.jpg,0.734587,21.058024,ok
EES0423426__X09__Y33__P002.jpg,0.744978,20.592390,ok
EES0423426__X0C__Y12__P003.jpg,0.658658,19.266054,ok
EES0423426__X0C__Y39__P004.jpg,0.866870,30.936141,ok
EES0423426__X0F__Y0C__P005.jpg,0.860551,32.103823,ok
EES0423426__X0F__Y0F__P006.jpg,0.745544,19.983236,ok
EES0423426__X12__Y0C__P007.jpg,0.718831,21.000317,ok
EES0423426__X18__Y09__P008.jpg,0.861216,34.303288,ok
EES0423426__X18__Y33__P009.jpg,0.770115,21.903917,ok
EES0423426__X18__Y3F__P010.jpg,0.740117,20.714587,ok
EES0423426__X18__Y42__P011.jpg,0.739883,19.787300,ok
EES0423426__X1B__Y1E__P012.jpg,0.814059,22.031385,ok
EES0423426__X1B__Y30__P013.jpg,0.826014,26.911970,ok
EES0423426__X1B__Y3C__P014.jpg,0.763459,22.361985,ok
EES0423426__X1B__Y45__P015.jpg,0.803503,21.534366,ok
EES0423426__X1E__Y09__P016.jpg,0.844643,26.534919,ok
EES0423426__X21__Y09__P017.jpg,0.785920,23.018957,ok
EES0423426__X24__Y45__P018.jpg,0.769741,21.330015,ok
EES0423426__X27__Y09__P019.jpg,0.754315,22.187967,ok
EES0423426__X2A__Y2D__P020.jpg,0.780112,23.360522,ok
EES0423426__X2A__Y42__P021.jpg,0.856014,29.656056,ok
EES0423426__X2A__Y45__P022.jpg,0.861221,34.857481,ok
EES0423426__X2D__Y39__P023.jpg,0.720338,20.415566,ok
EES0423426__X2D__Y45__P024.jpg,0.699971,19.748832,ok
EES0423426__X30__Y0C__P025.jpg,0.823770,26.275043,ok
EES0423427__X30__Y33__P001.jpg,0.632849,18.855660,ok
EES0423427__X33__Y42__P002.jpg,0.878859,35.491259,ok
EES0423427__X39__Y12__P003.jpg,0.832714,20.692648,ok
EES0423427__X3F__Y1B__P004.jpg,0.798077,21.197581,ok
EES0423427__X3F__Y33__P005.jpg,0.803233,20.548806,ok
EES0423427__X42__Y24__P006.jpg,0.837761,23.256352,ok
EES0423427__X42__Y27__P007.jpg,0.832118,26.505623,ok
EES0423427__X42__Y2D__P008.jpg,0.823806,20.747286,ok
EES0423427__X03__Y30__P009.jpg,0.812982,23.804167,ok
EES0423427__X06__Y1B__P010.jpg,0.822154,28.834058,ok
EES0423427__X06__Y27__P011.jpg,0.817596,21.437976,ok
EES0423427__X18__Y15__P012.jpg,0.831562,21.141951,ok
EES0423427__X1B__Y39__P013.jpg,0.841691,22.017506,ok
EES0423427__X1E__Y39__P014.jpg,0.827173,23.224102,ok
EES0423427__X21__Y3F__P015.jpg,0.795106,22.844374,ok
EES0423427__X24__Y1B__P016.jpg,0.822537,20.489522,ok
EES0423427__X24__Y1E__P017.jpg,0.827671,21.899742,ok
EES0423427__X24__Y3F__P018.jpg,0.826670,20.672246,ok
EES0423427__X27__Y1E__P019.jpg,0.836173,28.538576,ok
EES0423427__X27__Y42__P020.jpg,0.804206,22.387686,ok
EES0423427__X2D__Y30__P021.jpg,0.809292,21.985511,ok
EES0423427__X2D__Y36__P022.jpg,0.787665,20.287465,ok
EES0423427__X2D__Y39__P023.jpg,0.827622,22.833681,ok
EES0423427__X30__Y27__P024.jpg,0.854055,25.416508,ok
EES0423427__X33__Y12__P025.jpg,0.825500,20.957258,ok
EES0423428__X21__Y3F__P001.jpg,0.858442,25.292714,ok
EES0423428__X24__Y0C__P002.jpg,0.800548,20.403613,ok
EES0423428__X24__Y0F__P003.jpg,0.822912,22.581950,ok
EES0423428__X24__Y12__P004.jpg,0.771683,23.180995,ok
EES0423428__X24__Y3F__P005.jpg,0.825882,22.353245,ok
EES0423428__X27__Y0F__P006.jpg,0.834725,23.244107,ok
EES0423428__X27__Y3F__P007.jpg,0.835950,23.307229,ok
EES0423428__X2A__Y0F__P008.jpg,0.850511,23.428637,ok
EES0423428__X2A__Y3F__P009.jpg,0.838677,23.374221,ok
EES0423428__X2D__Y30__P010.jpg,0.831286,21.920575,ok
EES0423428__X2D__Y3C__P011.jpg,0.811484,21.771341,ok
EES0423428__X2D__Y3F__P012.jpg,0.802090,23.069276,ok
EES0423428__X30__Y09__P013.jpg,0.855014,27.516272,ok
EES0423428__X30__Y3F__P014.jpg,0.847825,24.959362,ok
EES0423428__X33__Y15__P015.jpg,0.829383,22.888528,ok
EES0423428__X33__Y24__P016.jpg,0.844627,22.732094,ok
EES0423428__X33__Y30__P017.jpg,0.852914,25.179501,ok
EES0423428__X33__Y3F__P018.jpg,0.832654,21.925011,ok
EES0423428__X36__Y12__P019.jpg,0.843322,22.789890,ok
EES0423428__X36__Y15__P020.jpg,0.793377,23.080564,ok
EES0423428__X36__Y18__P021.jpg,0.791815,23.063021,ok
EES0423428__X36__Y21__P022.jpg,0.845772,24.336021,ok
EES0423428__X36__Y24__P023.jpg,0.818876,21.272071,ok
EES0423428__X36__Y27__P024.jpg,0.847255,23.023614,ok
EES0423428__X36__Y2D__P025.jpg,0.814576,20.893700,ok
EES0423429__X30__Y33__P001.jpg,0.765105,22.428784,ok
EES0423429__X30__Y36__P002.jpg,0.812729,22.225453,ok
EES0423429__X30__Y39__P003.jpg,0.787125,21.869857,ok
EES0423429__X30__Y3C__P004.jpg,0.783803,26.672749,ok
EES0423429__X33__Y21__P005.jpg,0.798871,21.690456,ok
EES0423429__X33__Y24__P006.jpg,0.830732,28.928827,ok
EES0423429__X33__Y27__P007.jpg,0.719069,22.831199,ok
EES0423429__X33__Y2A__P008.jpg,0.836645,22.636332,ok
EES0423429__X33__Y2D__P009.jpg,0.822349,25.468576,ok
EES0423429__X33__Y30__P010.jpg,0.803826,25.323049,ok
EES0423429__X33__Y33__P011.jpg,0.799833,24.613672,ok
EES0423429__X33__Y36__P012.jpg,0.816983,23.213818,ok
EES0423429__X33__Y39__P013.jpg,0.843242,25.298908,ok
EES0423429__X36__Y24__P014.jpg,0.845536,28.889097,ok
EES0423429__X36__Y27__P015.jpg,0.700178,20.886500,ok
EES0423429__X36__Y2A__P016.jpg,0.800269,20.318252,ok
EES0423429__X36__Y2D__P017.jpg,0.831468,25.271537,ok
EES0423429__X36__Y30__P018.jpg,0.837065,28.531589,ok
EES0423429__X36__Y33__P019.jpg,0.841409,25.836526,ok
EES0423429__X36__Y36__P020.jpg,0.827404,23.616996,ok
EES0423429__X36__Y39__P021.jpg,0.718557,19.456093,ok
EES0423429__X36__Y3C__P022.jpg,0.771325,24.753946,ok
EES0423429__X39__Y2A__P023.jpg,0.835582,25.150838,ok
EES0423429__X39__Y2D__P024.jpg,0.839162,21.564978,ok
EES0423429__X3C__Y2A__P025.jpg,0.770772,23.019269,ok
EES0423430__X3C__Y30__P001.jpg,0.772506,22.868901,ok
EES0423430__X06__Y21__P002.jpg,0.810681,23.086895,ok
EES0423430__X06__Y24__P003.jpg,0.882881,31.770396,ok
EES0423430__X0C__Y15__P004.jpg,0.873708,31.375966,ok
EES0423430__X15__Y0C__P005.jpg,0.860154,24.261093,ok
EES0423430__X21__Y06__P006.jpg,0.761720,20.954000,ok
EES0423430__X24__Y06__P007.jpg,0.803543,25.057077,ok
EES0423430__X2A__Y06__P008.jpg,0.841280,25.638891,ok
EES0423430__X30__Y09__P009.jpg,0.825420,21.796532,ok
EES0423430__X33__Y09__P010.jpg,0.743421,22.870135,ok
EES0423430__X36__Y0C__P011.jpg,0.875007,33.157117,ok
EES0423430__X39__Y0C__P012.jpg,0.732264,20.645373,ok
EES0423430__X3C__Y0F__P013.jpg,0.852633,23.121672,ok
EES0423430__X3C__Y3F__P014.jpg,0.857309,25.287336,ok
EES0423430__X42__Y15__P015.jpg,0.728821,21.019829,ok
EES0423430__X45__Y1B__P016.jpg,0.867339,23.388110,ok
EES0423430__X03__Y1B__P017.jpg,0.881341,32.297876,ok
EES0423430__X03__Y1E__P018.jpg,0.745872,21.465964,ok
EES0423430__X03__Y2D__P019.jpg,0.843583,25.205298,ok
EES0423430__X03__Y30__P020.jpg,0.797363,22.166622,ok
EES0423430__X03__Y33__P021.jpg,0.856259,27.339795,ok
EES0423430__X06__Y15__P022.jpg,0.815691,23.651780,ok
EES0423430__X06__Y36__P023.jpg,0.732952,20.466301,ok
EES0423430__X0C__Y3F__P024.jpg,0.860792,25.162875,ok
EES0423430__X0F__Y42__P025.jpg,0.856100,28.500273,ok
EES0423431__X36__Y36__P001.jpg,0.759027,20.332565,ok
EES0423431__X39__Y2D__P002.jpg,0.750635,19.778246,ok
EES0423431__X39__Y33__P003.jpg,0.881350,29.338917,ok
EES0423431__X39__Y36__P004.jpg,0.762303,23.194361,ok
EES0423431__X3C__Y1E__P005.jpg,0.857102,23.340019,ok
EES0423431__X3C__Y30__P006.jpg,0.817703,21.130255,ok
EES0423431__X3F__Y30__P007.jpg,0.786088,20.001744,ok
EES0423431__X42__Y36__P008.jpg,0.836155,22.962914,ok
EES0423431__X15__Y09__P009.jpg,0.789896,22.889342,ok
EES0423431__X1B__Y06__P010.jpg,0.824421,21.615807,ok
EES0423431__X39__Y0C__P011.jpg,0.884908,30.661522,ok
EES0423431__X42__Y15__P012.jpg,0.819725,25.121864,ok
EES0423431__X06__Y2D__P013.jpg,0.818808,24.620322,ok
EES0423431__X0F__Y39__P014.jpg,0.874660,31.564809,ok
EES0423431__X1B__Y45__P015.jpg,0.819903,20.301181,ok
EES0423431__X1E__Y09__P016.jpg,0.799132,20.475664,ok
EES0423431__X1E__Y45__P017.jpg,0.794751,20.161609,ok
EES0423431__X21__Y09__P018.jpg,0.798347,20.113900,ok
EES0423431__X21__Y45__P019.jpg,0.761519,22.053322,ok
EES0423431__X24__Y09__P020.jpg,0.822877,24.889830,ok
EES0423431__X2D__Y42__P021.jpg,0.873735,30.217877,ok
EES0423431__X33__Y3F__P022.jpg,0.816761,20.412599,ok
EES0423431__X3C__Y15__P023.jpg,0.845159,28.995540,ok
EES0423431__X3F__Y18__P024.jpg,0.762634,20.733754,ok
EES0423431__X06__Y21__P025.jpg,0.875975,32.579605,ok
EES0423432__X33__Y3F__P001.jpg,0.838058,25.577365,ok
EES0423432__X36__Y18__P002.jpg,0.871399,31.017534,ok
EES0423432__X36__Y36__P003.jpg,0.847824,27.083520,ok
EES0423432__X39__Y1B__P004.jpg,0.838664,25.537718,ok
EES0423432__X39__Y36__P005.jpg,0.775484,23.093822,ok
EES0423432__X3C__Y30__P006.jpg,0.813159,21.750761,ok
EES0423432__X03__Y18__P007.jpg,0.838974,24.708630,ok
EES0423432__X03__Y1B__P008.jpg,0.729739,23.719969,ok
EES0423432__X03__Y1E__P009.jpg,0.780548,20.607433,ok
EES0423432__X03__Y21__P010.jpg,0.780997,21.990441,ok
EES0423432__X03__Y2A__P011.jpg,0.866605,23.994722,ok
EES0423432__X03__Y2D__P012.jpg,0.741360,19.848381,ok
EES0423432__X03__Y30__P013.jpg,0.776709,22.046365,ok
EES0423432__X03__Y33__P014.jpg,0.816784,25.045738,ok
EES0423432__X06__Y15__P015.jpg,0.842677,23.873845,ok
EES0423432__X09__Y3C__P016.jpg,0.862046,30.023797,ok
EES0423432__X0C__Y0F__P017.jpg,0.852471,26.662884,ok
EES0423432__X0F__Y42__P018.jpg,0.766225,20.701586,ok
EES0423432__X12__Y0C__P019.jpg,0.835711,23.217342,ok
EES0423432__X15__Y09__P020.jpg,0.825019,25.641715,ok
EES0423432__X18__Y09__P021.jpg,0.728335,24.497884,ok
EES0423432__X18__Y45__P022.jpg,0.708291,20.593654,ok
EES0423432__X1B__Y45__P023.jpg,0.770425,21.164123,ok
EES0423432__X1E__Y06__P024.jpg,0.776373,20.708951,ok
EES0423432__X24__Y06__P025.jpg,0.877184,25.238055,ok
EES0423433__X27__Y06__P001.jpg,0.858297,30.140722,ok
EES0423433__X27__Y45__P002.jpg,0.850520,27.401814,ok
EES0423433__X2A__Y45__P003.jpg,0.814394,23.763576,ok
EES0423433__X2D__Y09__P004.jpg,0.762812,19.978742,ok
EES0423433__X2D__Y45__P005.jpg,0.827388,24.521707,ok
EES0423433__X30__Y09__P006.jpg,0.764368,21.337971,ok
EES0423433__X33__Y42__P007.jpg,0.698530,19.521221,ok
EES0423433__X36__Y0C__P008.jpg,0.861133,32.026447,ok
EES0423433__X36__Y3F__P009.jpg,0.872166,31.561068,ok
EES0423433__X39__Y0F__P010.jpg,0.848027,23.976427,ok
EES0423433__X39__Y3F__P011.jpg,0.875563,35.333841,ok
EES0423433__X3C__Y0F__P012.jpg,0.854088,30.171804,ok
EES0423433__X3C__Y3C__P013.jpg,0.827478,27.787137,ok
EES0423433__X3F__Y0F__P014.jpg,0.809631,22.447528,ok
EES0423433__X3F__Y15__P015.jpg,0.853254,24.473365,ok
EES0423433__X3F__Y18__P016.jpg,0.817671,23.062939,ok
EES0423433__X3F__Y30__P017.jpg,0.818802,24.722987,ok
EES0423433__X3F__Y33__P018.jpg,0.845926,26.660818,ok
EES0423433__X3F__Y36__P019.jpg,0.795648,20.167389,ok
EES0423433__X42__Y0C__P020.jpg,0.809730,22.199932,ok
EES0423433__X42__Y0F__P021.jpg,0.863446,30.415458,ok
EES0423433__X42__Y12__P022.jpg,0.798579,20.532111,ok
EES0423433__X42__Y15__P023.jpg,0.742338,23.549512,ok
EES0423433__X42__Y18__P024.jpg,0.859705,33.475584,ok
EES0423433__X42__Y1B__P025.jpg,0.827086,25.848954,ok
EES0423434__X42__Y1E__P001.jpg,0.825910,22.972339,ok
EES0423434__X42__Y21__P002.jpg,0.859686,24.381627,ok
EES0423434__X42__Y27__P003.jpg,0.782708,21.682544,ok
EES0423434__X42__Y2A__P004.jpg,0.753104,22.715760,ok
EES0423434__X42__Y2D__P005.jpg,0.717616,19.391395,ok
EES0423434__X42__Y30__P006.jpg,0.863670,25.737281,ok
EES0423434__X42__Y33__P007.jpg,0.774058,23.050193,ok
EES0423434__X06__Y1B__P008.jpg,0.875620,27.166909,ok
EES0423434__X06__Y1E__P009.jpg,0.880878,27.104975,ok
EES0423434__X06__Y21__P010.jpg,0.760714,21.149355,ok
EES0423434__X06__Y24__P011.jpg,0.859966,29.672364,ok
EES0423434__X06__Y27__P012.jpg,0.877621,29.232596,ok
EES0423434__X06__Y2D__P013.jpg,0.764022,22.481406,ok
EES0423434__X06__Y30__P014.jpg,0.812614,25.268419,ok
EES0423434__X06__Y33__P015.jpg,0.751334,21.269656,ok
EES0423434__X09__Y15__P016.jpg,0.887688,31.464558,ok
EES0423434__X09__Y36__P017.jpg,0.706234,19.501131,ok
EES0423434__X09__Y39__P018.jpg,0.764764,20.149900,ok
EES0423434__X0C__Y39__P019.jpg,0.827500,24.643963,ok
EES0423434__X0C__Y3C__P020.jpg,0.845670,22.929784,ok
EES0423434__X15__Y09__P021.jpg,0.856385,24.468406,ok
EES0423434__X15__Y42__P022.jpg,0.670623,19.111896,ok
EES0423434__X18__Y09__P023.jpg,0.815234,26.788681,ok
EES0423434__X1E__Y06__P024.jpg,0.859130,29.006426,ok
EES0423434__X1E__Y45__P025.jpg,0.813279,19.750749,ok
EES0423435__X21__Y06__P001.jpg,0.831193,24.672465,ok
EES0423435__X21__Y45__P002.jpg,0.743644,20.958357,ok
EES0423435__X24__Y06__P003.jpg,0.810095,23.082230,ok
EES0423435__X24__Y45__P004.jpg,0.823194,24.382064,ok
EES0423435__X27__Y06__P005.jpg,0.846455,22.709535,ok
EES0423435__X27__Y45__P006.jpg,0.828010,24.796102,ok
EES0423435__X2A__Y06__P007.jpg,0.838569,27.368064,ok
EES0423435__X2A__Y45__P008.jpg,0.807070,23.484068,ok
EES0423435__X2D__Y45__P009.jpg,0.843230,22.297321,ok
EES0423435__X33__Y09__P010.jpg,0.786761,21.150158,ok
EES0423435__X36__Y42__P011.jpg,0.874445,35.470819,ok
EES0423435__X39__Y0C__P012.jpg,0.860524,30.873469,ok
EES0423435__X39__Y3F__P013.jpg,0.862159,27.764209,ok
EES0423435__X3C__Y0F__P014.jpg,0.845026,28.506902,ok
EES0423435__X3C__Y3C__P015.jpg,0.815101,24.670002,ok
EES0423435__X3F__Y0F__P016.jpg,0.866170,33.111566,ok
EES0423435__X3F__Y12__P017.jpg,0.841246,28.593524,ok
EES0423435__X3F__Y39__P018.jpg,0.833990,21.229436,ok
EES0423435__X42__Y18__P019.jpg,0.838765,25.197828,ok
EES0423435__X42__Y33__P020.jpg,0.869892,33.442643,ok
EES0423435__X42__Y36__P021.jpg,0.837501,23.511262,ok
EES0423435__X45__Y1B__P022.jpg,0.765265,22.769854,ok
EES0423435__X45__Y1E__P023.jpg,0.876515,35.632035,ok
EES0423435__X45__Y21__P024.jpg,0.850287,28.736515,ok
EES0423435__X45__Y24__P025.jpg,0.868659,27.948934,ok
EES0423436__X45__Y27__P001.jpg,0.775645,20.832144,ok
EES0423436__X45__Y2A__P002.jpg,0.753882,19.836142,ok
EES0423436__X45__Y2D__P003.jpg,0.844360,23.679519,ok
EES0423436__X03__Y27__P004.jpg,0.855143,22.260334,ok
EES0423436__X06__Y1E__P005.jpg,0.835848,22.430543,ok
EES0423436__X09__Y1E__P006.jpg,0.851030,26.062781,ok
EES0423436__X09__Y2A__P007.jpg,0.803693,21.829751,ok
EES0423436__X0C__Y2A__P008.jpg,0.850780,21.923848,ok
EES0423436__X0F__Y27__P009.jpg,0.807966,22.037553,ok
EES0423436__X12__Y30__P010.jpg,0.858995,28.470939,ok
EES0423436__X12__Y3F__P011.jpg,0.824776,21.317390,ok
EES0423436__X15__Y1B__P012.jpg,0.827221,20.520757,ok
EES0423436__X15__Y2D__P013.jpg,0.802570,22.736513,ok
EES0423436__X18__Y3C__P014.jpg,0.858898,25.726345,ok
EES0423436__X18__Y42__P015.jpg,0.804542,21.417130,ok
EES0423436__X1B__Y3C__P016.jpg,0.824081,22.103696,ok
EES0423436__X1B__Y3F__P017.jpg,0.823947,20.300703,ok
EES0423436__X1B__Y42__P018.jpg,0.828628,24.186120,ok
EES0423436__X1E__Y3F__P019.jpg,0.803136,22.112211,ok
EES0423436__X21__Y42__P020.jpg,0.856902,27.517131,ok
EES0423436__X2A__Y27__P021.jpg,0.867802,27.410554,ok
EES0423436__X2A__Y2A__P022.jpg,0.830119,20.887152,ok
EES0423436__X2A__Y33__P023.jpg,0.812518,20.517775,ok
EES0423436__X2A__Y39__P024.jpg,0.832700,21.988643,ok
EES0423436__X2A__Y3C__P025.jpg,0.803673,22.663998,ok
EES0423437__X15__Y0C__P001.jpg,0.724155,20.045498,ok
EES0423437__X1B__Y09__P002.jpg,0.814807,24.168725,ok
EES0423437__X1E__Y09__P003.jpg,0.599469,18.505702,ok
EES0423437__X1E__Y45__P004.jpg,0.876866,34.048757,ok
EES0423437__X21__Y09__P005.jpg,0.746097,19.631992,ok
EES0423437__X21__Y18__P006.jpg,0.712024,19.784477,ok
EES0423437__X2A__Y09__P007.jpg,0.671842,19.015839,ok
EES0423437__X2A__Y18__P008.jpg,0.864872,26.312576,ok
EES0423437__X2D__Y09__P009.jpg,0.820183,23.504640,ok
EES0423437__X2D__Y1E__P010.jpg,0.796663,24.171668,ok
EES0423437__X2D__Y21__P011.jpg,0.845882,22.508441,ok
EES0423437__X2D__Y27__P012.jpg,0.875769,34.904967,ok
EES0423437__X30__Y1E__P013.jpg,0.645099,19.362765,ok
EES0423437__X36__Y0F__P014.jpg,0.662718,19.102408,ok
EES0423437__X39__Y0F__P015.jpg,0.873147,35.518171,ok
EES0423437__X3F__Y15__P016.jpg,0.794128,26.392225,ok
EES0423437__X42__Y18__P017.jpg,0.753476,21.194837,ok
EES0423437__X03__Y21__P018.jpg,0.656796,19.141570,ok
EES0423437__X03__Y27__P019.jpg,0.869860,25.710626,ok
EES0423437__X03__Y30__P020.jpg,0.808781,26.502803,ok
EES0423437__X03__Y33__P021.jpg,0.762104,23.152259,ok
EES0423437__X03__Y36__P022.jpg,0.831735,23.828704,ok
EES0423437__X03__Y39__P023.jpg,0.882012,35.884440,ok
EES0423437__X06__Y18__P024.jpg,0.826211,23.014035,ok
EES0423437__X06__Y1B__P025.jpg,0.877106,30.185817,ok
EES0423438__X06__Y39__P001.jpg,0.732555,19.978258,ok
EES0423438__X09__Y15__P002.jpg,0.766938,21.738896,ok
EES0423438__X09__Y3C__P003.jpg,0.866801,27.927771,ok
EES0423438__X0C__Y0F__P004.jpg,0.782163,23.036099,ok
EES0423438__X0C__Y3F__P005.jpg,0.611250,19.085827,ok
EES0423438__X0C__Y42__P006.jpg,0.841616,28.753771,ok
EES0423438__X0F__Y42__P007.jpg,0.867520,32.634132,ok
EES0423438__X12__Y0C__P008.jpg,0.752714,20.043721,ok
EES0423438__X18__Y09__P009.jpg,0.877995,36.786682,ok
EES0423438__X18__Y45__P010.jpg,0.838566,24.599431,ok
EES0423438__X1B__Y09__P011.jpg,0.710224,19.959127,ok
EES0423438__X1E__Y09__P012.jpg,0.869713,35.050828,ok
EES0423438__X21__Y09__P013.jpg,0.835294,24.935052,ok
EES0423438__X27__Y09__P014.jpg,0.842761,24.627899,ok
EES0423438__X30__Y45__P015.jpg,0.696536,20.698982,ok
EES0423438__X36__Y0F__P016.jpg,0.843729,26.795438,ok
EES0423438__X39__Y42__P017.jpg,0.861599,30.175626,ok
EES0423438__X3C__Y3C__P018.jpg,0.746369,21.410556,ok
EES0423438__X3F__Y39__P019.jpg,0.760313,23.098078,ok
EES0423438__X42__Y1E__P020.jpg,0.817908,23.759761,ok
EES0423438__X42__Y30__P021.jpg,0.825350,24.959844,ok
EES0423438__X0C__Y1B__P022.jpg,0.780382,22.339061,ok
EES0423438__X0C__Y1E__P023.jpg,0.824160,26.626683,ok
EES0423438__X0C__Y21__P024.jpg,0.806570,24.490935,ok
EES0423438__X09__Y27__P025.jpg,0.796905,23.816764,ok
EES0423439__X15__Y2A__P001.jpg,0.784177,20.530595,ok
EES0423439__X1E__Y09__P002.jpg,0.806398,25.240898,ok
EES0423439__X1E__Y0C__P003.jpg,0.869152,27.869146,ok
EES0423439__X1E__Y39__P004.jpg,0.856334,22.849526,ok
EES0423439__X21__Y0C__P005.jpg,0.825959,23.774793,ok
EES0423439__X27__Y15__P006.jpg,0.842505,24.531725,ok
EES0423439__X27__Y1E__P007.jpg,0.860787,25.362313,ok
EES0423439__X24__Y45__P008.jpg,0.783077,23.898465,ok
EES0423439__X2A__Y45__P009.jpg,0.870650,30.085700,ok
EES0423439__X2D__Y45__P010.jpg,0.806238,20.487266,ok
EES0423439__X36__Y3F__P011.jpg,0.748157,20.138079,ok
EES0423439__X3C__Y15__P012.jpg,0.733010,19.934685,ok
EES0423439__X3F__Y18__P013.jpg,0.789466,20.959213,ok
EES0423439__X42__Y21__P014.jpg,0.777554,20.601555,ok
EES0423439__X1E__Y09__P015.jpg,0.661895,18.815012,ok
EES0423439__X2D__Y45__P016.jpg,0.768727,20.760309,ok
EES0423439__X3C__Y36__P017.jpg,0.815077,24.146610,ok
EES0423439__X3F__Y21__P018.jpg,0.861501,25.025573,ok
EES0423439__X3F__Y2A__P019.jpg,0.805037,20.224375,ok
EES0423439__X3F__Y2D__P020.jpg,0.829928,23.950182,ok
EES0423439__X1E__Y3F__P021.jpg,0.694783,19.614894,ok
EES0423439__X1E__Y42__P022.jpg,0.686899,20.281745,ok
EES0423439__X21__Y3F__P023.jpg,0.773767,21.101243,ok
EES0423439__X24__Y39__P024.jpg,0.802191,22.691435,ok
EES0423439__X24__Y3F__P025.jpg,0.872301,30.256451,ok
EES0423440__X0F__Y3F__P001.jpg,0.846482,24.287832,ok
EES0423440__X18__Y06__P002.jpg,0.885430,33.948844,ok
EES0423440__X1B__Y06__P003.jpg,0.792170,21.233406,ok
EES0423440__X24__Y45__P004.jpg,0.857932,28.528718,ok
EES0423440__X27__Y06__P005.jpg,0.849362,25.689654,ok
EES0423440__X27__Y45__P006.jpg,0.770939,19.790550,ok
EES0423440__X2A__Y06__P007.jpg,0.860446,31.890677,ok
EES0423440__X2D__Y06__P008.jpg,0.824669,21.807836,ok
EES0423440__X30__Y42__P009.jpg,0.857313,25.388403,ok
EES0423440__X33__Y09__P010.jpg,0.887251,30.951148,ok
EES0423440__X36__Y0C__P011.jpg,0.768878,21.277074,ok
EES0423440__X39__Y3C__P012.jpg,0.870776,29.043025,ok
EES0423440__X3C__Y0F__P013.jpg,0.875526,30.067906,ok
EES0423440__X3F__Y0C__P014.jpg,0.787377,20.944712,ok
EES0423440__X3F__Y12__P015.jpg,0.828702,26.549510,ok
EES0423440__X3F__Y15__P016.jpg,0.828514,25.251943,ok
EES0423440__X42__Y18__P017.jpg,0.812627,22.686827,ok
EES0423440__X42__Y1B__P018.jpg,0.857416,25.299490,ok
EES0423440__X42__Y1E__P019.jpg,0.787603,24.596066,ok
EES0423440__X42__Y21__P020.jpg,0.865973,25.059025,ok
EES0423440__X42__Y24__P021.jpg,0.872655,29.730124,ok
EES0423440__X42__Y27__P022.jpg,0.878227,31.277288,ok
EES0423440__X42__Y2A__P023.jpg,0.847033,27.991809,ok
EES0423440__X42__Y2D__P024.jpg,0.719705,21.475347,ok
EES0423440__X03__Y1B__P025.jpg,0.646700,21.256033,ok
EES0423441__X03__Y1E__P001.jpg,0.784070,22.243728,ok
EES0423441__X03__Y36__P002.jpg,0.860143,26.966654,ok
EES0423441__X03__Y39__P003.jpg,0.808569,28.275424,ok
EES0423441__X06__Y18__P004.jpg,0.828268,24.317435,ok
EES0423441__X06__Y3C__P005.jpg,0.873902,34.572333,ok
EES0423441__X09__Y12__P006.jpg,0.881207,35.519325,ok
EES0423441__X09__Y3F__P007.jpg,0.887888,34.626391,ok
EES0423441__X0C__Y0F__P008.jpg,0.852035,25.206896,ok
EES0423441__X0C__Y42__P009.jpg,0.792096,21.960160,ok
EES0423441__X12__Y0C__P010.jpg,0.805086,23.500708,ok
EES0423441__X12__Y45__P011.jpg,0.808414,22.060016,ok
EES0423441__X1B__Y09__P012.jpg,0.836189,21.273402,ok
EES0423441__X21__Y09__P013.jpg,0.858983,27.061855,ok
EES0423441__X27__Y09__P014.jpg,0.846223,26.422665,ok
EES0423441__X30__Y0C__P015.jpg,0.860204,28.690208,ok
EES0423441__X30__Y45__P016.jpg,0.791839,21.052407,ok
EES0423441__X33__Y45__P017.jpg,0.856512,28.349544,ok
EES0423441__X36__Y0F__P018.jpg,0.834194,21.221230,ok
EES0423441__X36__Y42__P019.jpg,0.870423,34.094774,ok
EES0423441__X39__Y12__P020.jpg,0.872900,34.432271,ok
EES0423441__X39__Y3F__P021.jpg,0.838416,27.572060,ok
EES0423441__X3C__Y0C__P022.jpg,0.799419,24.362008,ok
EES0423441__X3C__Y3F__P023.jpg,0.741884,21.876320,ok
EES0423441__X3F__Y12__P024.jpg,0.879081,35.402683,ok
EES0423441__X3F__Y39__P025.jpg,0.795996,24.088497,ok
EES0423442__X42__Y12__P001.jpg,0.793723,21.839151,ok
EES0423442__X42__Y18__P002.jpg,0.823559,21.957768,ok
EES0423442__X42__Y1B__P003.jpg,0.828274,24.180795,ok
EES0423442__X42__Y1E__P004.jpg,0.827988,20.263446,ok
EES0423442__X42__Y21__P005.jpg,0.830267,20.562715,ok
EES0423442__X42__Y30__P006.jpg,0.833133,23.298773,ok
EES0423442__X42__Y33__P007.jpg,0.792434,22.372649,ok
EES0423442__X42__Y36__P008.jpg,0.844900,24.324334,ok
EES0423442__X42__Y39__P009.jpg,0.859601,21.490084,ok
EES0423442__X12__Y39__P010.jpg,0.851128,24.007939,ok
EES0423442__X18__Y0F__P011.jpg,0.827738,21.976910,ok
EES0423442__X18__Y12__P012.jpg,0.864657,27.320956,ok
EES0423442__X18__Y39__P013.jpg,0.808312,20.514842,ok
EES0423442__X18__Y3C__P014.jpg,0.777974,20.265486,ok
EES0423442__X1B__Y12__P015.jpg,0.832769,28.709972,ok
EES0423442__X1B__Y39__P016.jpg,0.779503,19.930849,ok
EES0423442__X21__Y09__P017.jpg,0.800510,21.776776,ok
EES0423442__X21__Y12__P018.jpg,0.796582,21.066248,ok
EES0423442__X21__Y33__P019.jpg,0.793665,21.029658,ok
EES0423442__X27__Y09__P020.jpg,0.814959,22.726455,ok
EES0423442__X2A__Y30__P021.jpg,0.889728,33.257459,ok
EES0423442__X2D__Y1B__P022.jpg,0.746277,21.101204,ok
EES0423442__X2D__Y30__P023.jpg,0.846205,26.616282,ok
EES0423442__X2D__Y33__P024.jpg,0.834978,30.053566,ok
EES0423442__X2D__Y36__P025.jpg,0.891214,35.451748,ok
EES0423443__X2D__Y24__P001.jpg,0.692504,19.367773,ok
EES0423443__X30__Y45__P002.jpg,0.851938,27.091771,ok
EES0423443__X3F__Y1B__P003.jpg,0.865080,32.439567,ok
EES0423443__X3F__Y1E__P004.jpg,0.870333,30.332660,ok
EES0423443__X3F__Y21__P005.jpg,0.679501,19.347412,ok
EES0423443__X3F__Y33__P006.jpg,0.657865,19.563511,ok
EES0423443__X3F__Y36__P007.jpg,0.764785,20.027903,ok
EES0423443__X42__Y24__P008.jpg,0.723708,20.266757,ok
EES0423443__X42__Y27__P009.jpg,0.846461,27.721921,ok
EES0423443__X42__Y2A__P010.jpg,0.692183,19.942941,ok
EES0423443__X42__Y2D__P011.jpg,0.842267,29.891440,ok
EES0423443__X42__Y30__P012.jpg,0.752815,20.760548,ok
EES0423443__X27__Y06__P013.jpg,0.733091,20.603505,ok
EES0423443__X2D__Y39__P014.jpg,0.878860,32.136539,ok
EES0423443__X2D__Y3F__P015.jpg,0.863951,30.444955,ok
EES0423443__X30__Y39__P016.jpg,0.736969,20.191371,ok
EES0423443__X30__Y3F__P017.jpg,0.866711,29.701459,ok
EES0423443__X30__Y42__P018.jpg,0.827012,22.525531,ok
EES0423443__X33__Y39__P019.jpg,0.690092,19.404100,ok
EES0423443__X33__Y3F__P020.jpg,0.824927,23.852440,ok
EES0423443__X36__Y0C__P021.jpg,0.730580,21.307451,ok
EES0423443__X39__Y1B__P022.jpg,0.877140,33.252501,ok
EES0423443__X39__Y3F__P023.jpg,0.759433,23.106186,ok
EES0423443__X3C__Y3C__P024.jpg,0.671977,19.520722,ok
EES0423443__X3F__Y15__P025.jpg,0.878454,33.288435,ok
EES0423444__X42__Y1B__P001.jpg,0.850574,20.381365,ok
EES0423444__X42__Y30__P002.jpg,0.899694,34.766132,ok
EES0423444__X42__Y33__P003.jpg,0.836888,22.242105,ok
EES0423444__X03__Y27__P004.jpg,0.884274,24.920315,ok
EES0423444__X03__Y2D__P005.jpg,0.826850,20.709560,ok
EES0423444__X06__Y24__P006.jpg,0.862421,25.471629,ok
EES0423444__X06__Y33__P007.jpg,0.839066,22.858215,ok
EES0423444__X09__Y15__P008.jpg,0.872518,26.501663,ok
EES0423444__X15__Y09__P009.jpg,0.811133,22.121670,ok
EES0423444__X18__Y09__P010.jpg,0.795096,21.029377,ok
EES0423444__X2D__Y42__P011.jpg,0.821927,21.353078,ok
EES0423444__X3C__Y3C__P012.jpg,0.766084,20.079292,ok
EES0423444__X42__Y1E__P013.jpg,0.836468,20.297514,ok
EES0423444__X42__Y30__P014.jpg,0.863830,25.799129,ok
EES0423444__X27__Y18__P015.jpg,0.809803,20.566270,ok
EES0423444__X2A__Y0F__P016.jpg,0.761841,20.348483,ok
EES0423444__X2D__Y1B__P017.jpg,0.716656,19.298027,ok
EES0423444__X2A__Y45__P018.jpg,0.893209,27.100674,ok
EES0423444__X2D__Y45__P019.jpg,0.849523,21.428860,ok
EES0423444__X36__Y0C__P020.jpg,0.842157,21.711707,ok
EES0423444__X42__Y18__P021.jpg,0.795294,21.396881,ok
EES0423444__X42__Y1B__P022.jpg,0.846938,20.458951,ok
EES0423444__X18__Y0C__P023.jpg,0.830457,21.482690,ok
EES0423444__X21__Y09__P024.jpg,0.880565,24.606615,ok
EES0423444__X24__Y09__P025.jpg,0.817814,20.129551,ok
EES0423445__X2D__Y45__P001.jpg,0.724176,20.670590,ok
EES0423445__X33__Y0C__P002.jpg,0.839227,22.382569,ok
EES0423445__X33__Y42__P003.jpg,0.735335,20.220572,ok
EES0423445__X33__Y45__P004.jpg,0.873885,25.065972,ok
EES0423445__X42__Y18__P005.jpg,0.815352,24.905478,ok
EES0423445__X45__Y1B__P006.jpg,0.789129,21.539494,ok
EES0423445__X45__Y36__P007.jpg,0.770599,22.280092,ok
EES0423445__X48__Y21__P008.jpg,0.859013,21.779231,ok
EES0423445__X48__Y24__P009.jpg,0.807564,20.243533,ok
EES0423445__X48__Y27__P010.jpg,0.874065,31.384276,ok
EES0423445__X48__Y2A__P011.jpg,0.866818,23.388327,ok
EES0423445__X48__Y2D__P012.jpg,0.873457,26.624496,ok
EES0423445__X03__Y1E__P013.jpg,0.835881,23.506404,ok
EES0423445__X03__Y21__P014.jpg,0.818847,20.474193,ok
EES0423445__X09__Y12__P015.jpg,0.716047,20.088749,ok
EES0423445__X0C__Y0F__P016.jpg,0.822467,21.791933,ok
EES0423445__X15__Y09__P017.jpg,0.846021,23.713141,ok
EES0423445__X18__Y09__P018.jpg,0.858667,23.485618,ok
EES0423445__X1B__Y09__P019.jpg,0.818178,26.201449,ok
EES0423445__X2D__Y09__P020.jpg,0.840855,23.569796,ok
EES0423445__X2D__Y0C__P021.jpg,0.735369,20.144777,ok
EES0423445__X30__Y0C__P022.jpg,0.821430,21.909703,ok
EES0423445__X33__Y0C__P023.jpg,0.827481,23.271978,ok
EES0423445__X36__Y0F__P024.jpg,0.682973,19.400972,ok
EES0423445__X3F__Y18__P025.jpg,0.875343,28.910837,ok
EES0423446__X33__Y0F__P001.jpg,0.815675,20.910955,ok
EES0423446__X33__Y12__P002.jpg,0.818184,23.825330,ok
EES0423446__X36__Y09__P003.jpg,0.627059,19.974027,ok
EES0423446__X36__Y0C__P004.jpg,0.783590,22.748747,ok
EES0423446__X36__Y0F__P005.jpg,0.681579,19.777656,ok
EES0423446__X36__Y12__P006.jpg,0.822765,23.099782,ok
EES0423446__X36__Y15__P007.jpg,0.839513,24.754745,ok
EES0423446__X39__Y0F__P008.jpg,0.881297,31.544032,ok
EES0423446__X39__Y12__P009.jpg,0.709504,20.341629,ok
EES0423446__X39__Y15__P010.jpg,0.817315,22.241697,ok
EES0423446__X3C__Y0C__P011.jpg,0.865018,25.647395,ok
EES0423446__X0F__Y24__P012.jpg,0.657160,18.836693,ok
EES0423446__X33__Y33__P013.jpg,0.854691,25.440284,ok
EES0423446__X06__Y21__P014.jpg,0.845623,27.366560,ok
EES0423446__X06__Y2A__P015.jpg,0.842370,25.095259,ok
EES0423446__X06__Y30__P016.jpg,0.728515,20.615901,ok
EES0423446__X06__Y33__P017.jpg,0.807821,21.397063,ok
EES0423446__X06__Y36__P018.jpg,0.783993,20.496502,ok
EES0423446__X09__Y15__P019.jpg,0.882507,26.959406,ok
EES0423446__X3F__Y15__P020.jpg,0.871156,25.802202,ok
EES0423446__X42__Y1B__P021.jpg,0.818019,24.161862,ok
EES0423446__X45__Y1E__P022.jpg,0.773763,19.861565,ok
EES0423446__X45__Y27__P023.jpg,0.722908,20.707145,ok
EES0423446__X45__Y2A__P024.jpg,0.830449,23.849303,ok
EES0423446__X15__Y0F__P025.jpg,0.868693,25.088170,ok
EES0423447__X42__Y27__P001.jpg,0.835279,22.844548,ok
EES0423447__X0C__Y24__P002.jpg,0.860647,25.509403,ok
EES0423447__X0C__Y2D__P003.jpg,0.804629,22.602682,ok
EES0423447__X0C__Y33__P004.jpg,0.818556,22.759782,ok
EES0423447__X0C__Y39__P005.jpg,0.835032,24.832498,ok
EES0423447__X0F__Y21__P006.jpg,0.820899,22.593686,ok
EES0423447__X0F__Y27__P007.jpg,0.846528,24.161997,ok
EES0423447__X0F__Y33__P008.jpg,0.851766,25.062095,ok
EES0423447__X12__Y1E__P009.jpg,0.797994,21.665689,ok
EES0423447__X12__Y21__P010.jpg,0.847621,24.064004,ok
EES0423447__X12__Y2D__P011.jpg,0.791623,20.546564,ok
EES0423447__X12__Y36__P012.jpg,0.755096,21.835803,ok
EES0423447__X12__Y39__P013.jpg,0.714697,19.601028,ok
EES0423447__X12__Y3C__P014.jpg,0.857322,25.978315,ok
EES0423447__X15__Y2A__P015.jpg,0.809536,23.569191,ok
EES0423447__X15__Y39__P016.jpg,0.820227,23.156957,ok
EES0423447__X18__Y1B__P017.jpg,0.809825,22.369180,ok
EES0423447__X18__Y39__P018.jpg,0.808921,20.418022,ok
EES0423447__X18__Y3F__P019.jpg,0.861198,28.073489,ok
EES0423447__X18__Y42__P020.jpg,0.785347,20.674814,ok
EES0423447__X1B__Y12__P021.jpg,0.857712,25.515500,ok
EES0423447__X1B__Y15__P022.jpg,0.837794,21.490944,ok
EES0423447__X1B__Y39__P023.jpg,0.819919,22.173086,ok
EES0423447__X1E__Y3F__P024.jpg,0.863491,27.436886,ok
EES0423447__X1E__Y42__P025.jpg,0.828978,20.935101,ok
EES0423448__X21__Y27__P001.jpg,0.833011,23.846470,ok
EES0423448__X24__Y42__P002.jpg,0.788871,23.787942,ok
EES0423448__X24__Y45__P003.jpg,0.854231,25.691557,ok
EES0423448__X27__Y2D__P004.jpg,0.807634,25.786799,ok
EES0423448__X27__Y3C__P005.jpg,0.842211,22.100096,ok
EES0423448__X2A__Y2A__P006.jpg,0.847496,21.535395,ok
EES0423448__X2A__Y2D__P007.jpg,0.832297,24.834264,ok
EES0423448__X2A__Y30__P008.jpg,0.760076,20.062068,ok
EES0423448__X2A__Y36__P009.jpg,0.828275,21.986033,ok
EES0423448__X2D__Y2D__P010.jpg,0.765701,21.382019,ok
EES0423448__X2D__Y42__P011.jpg,0.784037,23.812847,ok
EES0423448__X30__Y30__P012.jpg,0.796956,21.900694,ok
EES0423448__X30__Y3F__P013.jpg,0.858733,24.259681,ok
EES0423448__X30__Y42__P014.jpg,0.786919,20.361474,ok
EES0423448__X33__Y2D__P015.jpg,0.816283,21.191314,ok
EES0423448__X33__Y3F__P016.jpg,0.800039,22.761480,ok
EES0423448__X33__Y42__P017.jpg,0.867054,29.263870,ok
EES0423448__X36__Y24__P018.jpg,0.798710,20.573772,ok
EES0423448__X36__Y27__P019.jpg,0.810007,20.964524,ok
EES0423448__X36__Y3C__P020.jpg,0.850656,24.810546,ok
EES0423448__X36__Y3F__P021.jpg,0.844706,24.269455,ok
EES0423448__X39__Y30__P022.jpg,0.846089,25.731154,ok
EES0423448__X3C__Y1B__P023.jpg,0.861199,23.706865,ok
EES0423448__X3F__Y2A__P024.jpg,0.775925,20.113389,ok
EES0423448__X3F__Y2D__P025.jpg,0.801518,20.439530,ok
EES0423449__X03__Y1E__P001.jpg,0.798353,24.732558,ok
EES0423449__X03__Y24__P002.jpg,0.872847,24.701185,ok
EES0423449__X03__Y27__P003.jpg,0.770324,20.634822,ok
EES0423449__X03__Y2A__P004.jpg,0.735858,20.107849,ok
EES0423449__X03__Y2D__P005.jpg,0.784084,20.065514,ok
EES0423449__X06__Y3C__P006.jpg,0.797522,22.070081,ok
EES0423449__X09__Y1B__P007.jpg,0.834695,23.150501,ok
EES0423449__X09__Y3F__P008.jpg,0.860708,24.369984,ok
EES0423449__X0C__Y42__P009.jpg,0.850201,25.750328,ok
EES0423449__X0F__Y45__P010.jpg,0.874772,26.995659,ok
EES0423449__X39__Y42__P011.jpg,0.750416,20.185562,ok
EES0423449__X3F__Y39__P012.jpg,0.773426,20.553988,ok
EES0423449__X3F__Y3C__P013.jpg,0.834488,27.365549,ok
EES0423449__X06__Y27__P014.jpg,0.853576,27.319611,ok
EES0423449__X09__Y2D__P015.jpg,0.761665,23.798051,ok
EES0423449__X09__Y30__P016.jpg,0.742466,19.665456,ok
EES0423449__X09__Y33__P017.jpg,0.839489,20.822866,ok
EES0423449__X0C__Y15__P018.jpg,0.839507,25.817818,ok
EES0423449__X0F__Y39__P019.jpg,0.703609,21.550454,ok
EES0423449__X0F__Y3C__P020.jpg,0.862256,27.733041,ok
EES0423449__X15__Y42__P021.jpg,0.770989,20.723418,ok
EES0423449__X1E__Y09__P022.jpg,0.797253,21.275620,ok
EES0423449__X1E__Y45__P023.jpg,0.862168,28.170729,ok
EES0423449__X24__Y45__P024.jpg,0.875344,25.784982,ok
EES0423449__X27__Y45__P025.jpg,0.821025,22.384675,ok
EES0423450__X45__Y1B__P001.jpg,0.857818,23.438825,ok
EES0423450__X45__Y24__P002.jpg,0.777729,20.049907,ok
EES0423450__X45__Y2D__P003.jpg,0.773898,20.688981,ok
EES0423450__X06__Y24__P004.jpg,0.786250,20.379490,ok
EES0423450__X06__Y27__P005.jpg,0.894704,32.179234,ok
EES0423450__X09__Y24__P006.jpg,0.806639,21.424746,ok
EES0423450__X0F__Y15__P007.jpg,0.817253,22.278061,ok
EES0423450__X18__Y12__P008.jpg,0.795712,21.308330,ok
EES0423450__X21__Y0C__P009.jpg,0.824149,24.109378,ok
EES0423450__X24__Y0C__P010.jpg,0.880951,29.197813,ok
EES0423450__X2A__Y0C__P011.jpg,0.734204,20.368617,ok
EES0423450__X3C__Y42__P012.jpg,0.785983,21.517362,ok
EES0423450__X42__Y1B__P013.jpg,0.869408,22.964239,ok
EES0423450__X42__Y3C__P014.jpg,0.844620,23.520634,ok
EES0423450__X45__Y21__P015.jpg,0.876308,29.933802,ok
EES0423450__X45__Y24__P016.jpg,0.804826,24.202920,ok
EES0423450__X45__Y27__P017.jpg,0.819539,23.039989,ok
EES0423450__X45__Y30__P018.jpg,0.840545,24.259786,ok
EES0423450__X45__Y39__P019.jpg,0.709631,19.595841,ok
EES0423450__X06__Y24__P020.jpg,0.841617,32.715883,ok
EES0423450__X06__Y27__P021.jpg,0.792090,21.317791,ok
EES0423450__X06__Y2D__P022.jpg,0.779995,22.554378,ok
EES0423450__X06__Y30__P023.jpg,0.845923,24.047883,ok
EES0423450__X0C__Y15__P024.jpg,0.803632,20.626990,ok
EES0423450__X0C__Y1B__P025.jpg,0.755402,20.399317,ok
EES0423451__X0C__Y42__P001.jpg,0.786817,20.662239,ok
EES0423451__X0F__Y18__P002.jpg,0.730434,20.847346,ok
EES0423451__X0F__Y45__P003.jpg,0.777212,20.363548,ok
EES0423451__X15__Y0F__P004.jpg,0.781817,21.591969,ok
EES0423451__X15__Y15__P005.jpg,0.883439,27.871104,ok
EES0423451__X1B__Y0F__P006.jpg,0.850285,29.346090,ok
EES0423451__X1E__Y0C__P007.jpg,0.865034,28.592465,ok
EES0423451__X21__Y0C__P008.jpg,0.764092,20.819581,ok
EES0423451__X24__Y0C__P009.jpg,0.750952,19.728002,ok
EES0423451__X24__Y0F__P010.jpg,0.872599,25.400269,ok
EES0423451__X2A__Y0C__P011.jpg,0.862221,27.943032,ok
EES0423451__X2D__Y0F__P012.jpg,0.852136,23.552608,ok
EES0423451__X33__Y0F__P013.jpg,0.787797,21.660831,ok
EES0423451__X33__Y12__P014.jpg,0.845748,25.024386,ok
EES0423451__X39__Y42__P015.jpg,0.814700,21.619207,ok
EES0423451__X3F__Y39__P016.jpg,0.856073,26.516166,ok
EES0423451__X3F__Y3C__P017.jpg,0.871931,26.143621,ok
EES0423451__X42__Y21__P018.jpg,0.884435,34.261259,ok
EES0423451__X42__Y24__P019.jpg,0.867714,29.322949,ok
EES0423451__X42__Y2A__P020.jpg,0.835563,21.273643,ok
EES0423451__X42__Y30__P021.jpg,0.829769,20.392413,ok
EES0423451__X42__Y33__P022.jpg,0.805210,20.879051,ok
EES0423451__X12__Y2A__P023.jpg,0.831331,23.302804,ok
EES0423451__X15__Y2A__P024.jpg,0.704669,20.245464,ok
EES0423451__X24__Y0F__P025.jpg,0.779981,19.898479,ok
EES0423452__X39__Y09__P001.jpg,0.851289,25.783423,ok
EES0423452__X39__Y3C__P002.jpg,0.797124,21.524244,ok
EES0423452__X3C__Y0C__P003.jpg,0.862810,22.447682,ok
EES0423452__X3C__Y3C__P004.jpg,0.853853,27.639063,ok
EES0423452__X3F__Y0C__P005.jpg,0.770884,20.269357,ok
EES0423452__X3F__Y0F__P006.jpg,0.791786,21.095316,ok
EES0423452__X3F__Y36__P007.jpg,0.809903,22.668078,ok
EES0423452__X3F__Y39__P008.jpg,0.873853,30.062111,ok
EES0423452__X42__Y12__P009.jpg,0.891248,34.101246,ok
EES0423452__X42__Y33__P010.jpg,0.747247,20.835041,ok
EES0423452__X45__Y18__P011.jpg,0.808892,23.861041,ok
EES0423452__X45__Y1B__P012.jpg,0.841717,26.645988,ok
EES0423452__X45__Y27__P013.jpg,0.777660,22.642502,ok
EES0423452__X45__Y2D__P014.jpg,0.829407,24.442103,ok
EES0423452__X45__Y30__P015.jpg,0.803124,22.899482,ok
EES0423452__X48__Y1E__P016.jpg,0.855974,26.537747,ok
EES0423452__X48__Y21__P017.jpg,0.869361,26.185846,ok
EES0423452__X48__Y2A__P018.jpg,0.719354,20.092020,ok
EES0423452__X18__Y03__P019.jpg,0.678416,20.120106,ok
EES0423452__X1B__Y03__P020.jpg,0.796698,23.897835,ok
EES0423452__X1E__Y03__P021.jpg,0.871372,27.095075,ok
EES0423452__X21__Y03__P022.jpg,0.782158,20.934200,ok
EES0423452__X0C__Y21__P023.jpg,0.807547,22.979816,ok
EES0423452__X0C__Y24__P024.jpg,0.846040,25.934015,ok
EES0423452__X0C__Y27__P025.jpg,0.762440,21.107742,ok
EES0423453__X3C__Y33__P001.jpg,0.881701,23.880880,ok
EES0423453__X3C__Y36__P002.jpg,0.880933,23.895709,ok
EES0423453__X30__Y3F__P003.jpg,0.861494,22.181066,ok
EES0423453__X33__Y3F__P004.jpg,0.847191,21.653676,ok
EES0423453__X42__Y30__P005.jpg,0.861322,21.279903,ok
EES0423453__X0F__Y1E__P006.jpg,0.876976,22.310558,ok
EES0423453__X1E__Y18__P007.jpg,0.880542,22.924823,ok
EES0423453__X21__Y0C__P008.jpg,0.862719,24.226111,ok
EES0423453__X21__Y0F__P009.jpg,0.873168,22.118715,ok
EES0423453__X21__Y12__P010.jpg,0.846716,22.694665,ok
EES0423453__X21__Y15__P011.jpg,0.865926,23.936347,ok
EES0423453__X21__Y1B__P012.jpg,0.871470,22.304807,ok
EES0423453__X24__Y09__P013.jpg,0.810453,20.529276,ok
EES0423453__X24__Y0C__P014.jpg,0.896278,26.293995,ok
EES0423453__X24__Y15__P015.jpg,0.862991,21.129186,ok
EES0423453__X24__Y18__P016.jpg,0.886644,21.416456,ok
EES0423453__X24__Y30__P017.jpg,0.884947,23.862391,ok
EES0423453__X27__Y0C__P018.jpg,0.836953,22.355716,ok
EES0423453__X27__Y0F__P019.jpg,0.857440,22.030734,ok
EES0423453__X2A__Y0C__P020.jpg,0.855906,20.990463,ok
EES0423453__X33__Y1E__P021.jpg,0.847350,21.186650,ok
EES0423453__X36__Y18__P022.jpg,0.876983,21.659978,ok
EES0423453__X36__Y1B__P023.jpg,0.855475,21.315601,ok
EES0423453__X36__Y1E__P024.jpg,0.869475,23.059108,ok
EES0423453__X39__Y18__P025.jpg,0.746404,22.602359,ok
EES0423454__X18__Y12__P001.jpg,0.663520,20.516143,ok
EES0423454__X18__Y15__P002.jpg,0.727465,21.041998,ok
EES0423454__X1B__Y12__P003.jpg,0.850605,22.246796,ok
EES0423454__X1B__Y15__P004.jpg,0.859948,23.896253,ok
EES0423454__X1E__Y09__P005.jpg,0.892624,26.375462,ok
EES0423454__X1E__Y0C__P006.jpg,0.862054,21.326723,ok
EES0423454__X1E__Y0F__P007.jpg,0.885751,21.737289,ok
EES0423454__X1E__Y3F__P008.jpg,0.876142,25.364550,ok
EES0423454__X21__Y06__P009.jpg,0.761946,20.361658,ok
EES0423454__X21__Y09__P010.jpg,0.826186,24.998741,ok
EES0423454__X24__Y06__P011.jpg,0.846032,20.866310,ok
EES0423454__X27__Y06__P012.jpg,0.683896,19.307601,ok
EES0423454__X27__Y42__P013.jpg,0.914564,27.026326,ok
EES0423454__X2A__Y03__P014.jpg,0.898954,22.261633,ok
EES0423454__X2A__Y42__P015.jpg,0.910843,30.593793,ok
EES0423454__X2D__Y03__P016.jpg,0.833180,23.049543,ok
EES0423454__X2D__Y42__P017.jpg,0.857269,23.921042,ok
EES0423454__X30__Y03__P018.jpg,0.770294,20.188309,ok
EES0423454__X30__Y42__P019.jpg,0.904968,28.202130,ok
EES0423454__X33__Y03__P020.jpg,0.861378,22.386850,ok
EES0423454__X33__Y42__P021.jpg,0.839865,20.828952,ok
EES0423454__X36__Y03__P022.jpg,0.914851,29.903802,ok
EES0423454__X36__Y42__P023.jpg,0.732148,20.620529,ok
EES0423454__X39__Y42__P024.jpg,0.742056,20.214916,ok
EES0423454__X3C__Y06__P025.jpg,0.878246,24.717469,ok
EES0423455__X21__Y24__P001.jpg,0.811385,20.119563,ok
EES0423455__X21__Y30__P002.jpg,0.837878,22.617441,ok
EES0423455__X21__Y39__P003.jpg,0.864390,20.585904,ok
EES0423455__X24__Y18__P004.jpg,0.921343,30.028521,ok
EES0423455__X24__Y30__P005.jpg,0.831707,20.510760,ok
EES0423455__X2A__Y1E__P006.jpg,0.770271,19.834780,ok
EES0423455__X2A__Y21__P007.jpg,0.852619,22.229202,ok
EES0423455__X2A__Y24__P008.jpg,0.820727,22.182517,ok
EES0423455__X2A__Y27__P009.jpg,0.777010,19.613915,ok
EES0423455__X2A__Y2A__P010.jpg,0.878823,20.764870,ok
EES0423455__X2A__Y30__P011.jpg,0.844732,20.772860,ok
EES0423455__X2D__Y1E__P012.jpg,0.837760,22.577665,ok
EES0423455__X2D__Y24__P013.jpg,0.899493,21.873994,ok
EES0423455__X2D__Y27__P014.jpg,0.827005,20.232041,ok
EES0423455__X2D__Y2A__P015.jpg,0.803078,21.020727,ok
EES0423455__X2D__Y2D__P016.jpg,0.848449,22.513188,ok
EES0423455__X2D__Y3F__P017.jpg,0.907859,24.972414,ok
EES0423455__X30__Y24__P018.jpg,0.824323,20.305659,ok
EES0423455__X30__Y27__P019.jpg,0.836390,21.151963,ok
EES0423455__X30__Y2D__P020.jpg,0.851362,21.361040,ok
EES0423455__X30__Y30__P021.jpg,0.891014,21.158396,ok
EES0423455__X33__Y2D__P022.jpg,0.818515,22.842115,ok
EES0423455__X33__Y30__P023.jpg,0.863055,20.887029,ok
EES0423455__X36__Y33__P024.jpg,0.901247,22.048533,ok
EES0423455__X09__Y1B__P025.jpg,0.853990,22.051003,ok
EES0423456__X24__Y2A__P001.jpg,0.819523,23.047590,ok
EES0423456__X24__Y2D__P002.jpg,0.866776,24.468436,ok
EES0423456__X24__Y30__P003.jpg,0.817184,22.396254,ok
EES0423456__X24__Y33__P004.jpg,0.871215,27.367173,ok
EES0423456__X24__Y36__P005.jpg,0.843611,24.519458,ok
EES0423456__X24__Y39__P006.jpg,0.790545,21.430333,ok
EES0423456__X24__Y3C__P007.jpg,0.818893,20.930230,ok
EES0423456__X27__Y27__P008.jpg,0.760609,22.945529,ok
EES0423456__X2A__Y27__P009.jpg,0.832126,24.216245,ok
EES0423456__X2A__Y30__P010.jpg,0.877671,23.261465,ok
EES0423456__X30__Y18__P011.jpg,0.754386,20.089374,ok
EES0423456__X30__Y27__P012.jpg,0.806836,20.867974,ok
EES0423456__X30__Y30__P013.jpg,0.829369,20.516526,ok
EES0423456__X30__Y33__P014.jpg,0.895774,24.736979,ok
EES0423456__X30__Y36__P015.jpg,0.821610,22.435548,ok
EES0423456__X33__Y30__P016.jpg,0.838142,22.638119,ok
EES0423456__X33__Y33__P017.jpg,0.848687,22.967975,ok
EES0423456__X33__Y36__P018.jpg,0.842590,24.830290,ok
EES0423456__X36__Y15__P019.jpg,0.895805,28.322112,ok
EES0423456__X36__Y27__P020.jpg,0.835781,23.628327,ok
EES0423456__X36__Y2A__P021.jpg,0.834784,20.632472,ok
EES0423456__X36__Y30__P022.jpg,0.928727,32.930975,ok
EES0423456__X36__Y33__P023.jpg,0.844642,25.527304,ok
EES0423456__X36__Y36__P024.jpg,0.774496,22.638677,ok
EES0423456__X36__Y39__P025.jpg,0.802341,20.385704,ok
EES0423457__X18__Y06__P001.jpg,0.903666,23.313586,ok
EES0423457__X18__Y3F__P002.jpg,0.836642,20.267509,ok
EES0423457__X1B__Y06__P003.jpg,0.898158,24.494803,ok
EES0423457__X1E__Y06__P004.jpg,0.786227,22.121995,ok
EES0423457__X21__Y42__P005.jpg,0.778902,22.899891,ok
EES0423457__X24__Y42__P006.jpg,0.856321,22.143102,ok
EES0423457__X27__Y42__P007.jpg,0.842785,25.505440,ok
EES0423457__X2A__Y06__P008.jpg,0.810917,21.217360,ok
EES0423457__X2A__Y42__P009.jpg,0.829124,20.554567,ok
EES0423457__X2D__Y06__P010.jpg,0.817623,20.662058,ok
EES0423457__X30__Y06__P011.jpg,0.853498,20.900318,ok
EES0423457__X36__Y3F__P012.jpg,0.691240,20.803852,ok
EES0423457__X45__Y1E__P013.jpg,0.754135,22.552752,ok
EES0423457__X45__Y21__P014.jpg,0.841627,23.084835,ok
EES0423457__X45__Y24__P015.jpg,0.885674,23.755443,ok
EES0423457__X45__Y27__P016.jpg,0.825582,21.366212,ok
EES0423457__X0C__Y2D__P017.jpg,0.908227,26.582427,ok
EES0423457__X0C__Y30__P018.jpg,0.912147,30.320776,ok
EES0423457__X0C__Y33__P019.jpg,0.817753,21.306317,ok
EES0423457__X0C__Y36__P020.jpg,0.876678,23.130782,ok
EES0423457__X12__Y2D__P021.jpg,0.886300,27.013275,ok
EES0423457__X18__Y39__P022.jpg,0.793684,22.210330,ok
EES0423457__X1B__Y18__P023.jpg,0.884777,21.878245,ok
EES0423457__X1B__Y27__P024.jpg,0.686308,19.702376,ok
EES0423457__X1B__Y36__P025.jpg,0.826339,23.630881,ok
EES0423458__X27__Y30__P001.jpg,0.903062,23.290426,ok
EES0423458__X2A__Y2D__P002.jpg,0.890315,21.286081,ok
EES0423458__X2A__Y30__P003.jpg,0.897516,22.140593,ok
EES0423458__X2A__Y33__P004.jpg,0.742209,21.155150,ok
EES0423458__X2A__Y3C__P005.jpg,0.899164,24.421273,ok
EES0423458__X2D__Y1B__P006.jpg,0.861653,21.015511,ok
EES0423458__X2D__Y2D__P007.jpg,0.920156,29.169732,ok
EES0423458__X2D__Y30__P008.jpg,0.783078,21.754799,ok
EES0423458__X2D__Y33__P009.jpg,0.787090,20.982741,ok
EES0423458__X2D__Y3F__P010.jpg,0.864201,22.048032,ok
EES0423458__X30__Y12__P011.jpg,0.840240,21.053976,ok
EES0423458__X30__Y18__P012.jpg,0.856215,21.734651,ok
EES0423458__X30__Y1B__P013.jpg,0.826309,22.220103,ok
EES0423458__X30__Y1E__P014.jpg,0.903637,23.150579,ok
EES0423458__X30__Y21__P015.jpg,0.904422,22.977725,ok
EES0423458__X30__Y24__P016.jpg,0.849963,21.853125,ok
EES0423458__X30__Y30__P017.jpg,0.883220,21.356466,ok
EES0423458__X30__Y36__P018.jpg,0.823373,21.592499,ok
EES0423458__X30__Y39__P019.jpg,0.869885,22.698804,ok
EES0423458__X30__Y3C__P020.jpg,0.878100,21.279473,ok
EES0423458__X30__Y3F__P021.jpg,0.895479,21.541814,ok
EES0423458__X30__Y42__P022.jpg,0.840778,20.747733,ok
EES0423458__X30__Y45__P023.jpg,0.875100,22.158105,ok
EES0423458__X33__Y21__P024.jpg,0.855980,24.370725,ok
EES0423458__X33__Y24__P025.jpg,0.892706,25.454222,ok
EES0423459__X33__Y3C__P001.jpg,0.898289,21.865250,ok
EES0423459__X33__Y3F__P002.jpg,0.832290,20.351754,ok
EES0423459__X36__Y1E__P003.jpg,0.844822,21.888704,ok
EES0423459__X36__Y21__P004.jpg,0.863031,21.477580,ok
EES0423459__X36__Y2A__P005.jpg,0.855218,23.801926,ok
EES0423459__X36__Y36__P006.jpg,0.885462,21.730596,ok
EES0423459__X36__Y39__P007.jpg,0.837299,20.968283,ok
EES0423459__X36__Y3C__P008.jpg,0.783093,20.049463,ok
EES0423459__X36__Y3F__P009.jpg,0.841381,22.988847,ok
EES0423459__X39__Y2A__P010.jpg,0.806196,20.821813,ok
EES0423459__X39__Y30__P011.jpg,0.810858,20.088288,ok
EES0423459__X39__Y33__P012.jpg,0.851646,20.974066,ok
EES0423459__X3C__Y3C__P013.jpg,0.895894,26.891974,ok
EES0423459__X3C__Y3F__P014.jpg,0.776902,20.986732,ok
EES0423459__X3F__Y24__P015.jpg,0.846474,21.017305,ok
EES0423459__X3F__Y27__P016.jpg,0.788294,20.071349,ok
EES0423459__X42__Y24__P017.jpg,0.785410,20.028246,ok
EES0423459__X42__Y2A__P018.jpg,0.878390,23.051858,ok
EES0423459__X42__Y2D__P019.jpg,0.863238,22.322119,ok
EES0423459__X42__Y30__P020.jpg,0.825052,20.351247,ok
EES0423459__X45__Y06__P021.jpg,0.859322,25.237456,ok
EES0423459__X45__Y30__P022.jpg,0.784480,23.394186,ok
EES0423459__X45__Y33__P023.jpg,0.879121,23.174137,ok
EES0423459__X12__Y18__P024.jpg,0.850903,21.178106,ok
EES0423459__X15__Y18__P025.jpg,0.845907,22.363848,ok
EES0423460__X24__Y42__P001.jpg,0.893197,23.326463,ok
EES0423460__X27__Y42__P002.jpg,0.787740,23.739678,ok
EES0423460__X2A__Y3F__P003.jpg,0.777275,21.855401,ok
EES0423460__X2A__Y42__P004.jpg,0.801843,22.188871,ok
EES0423460__X2D__Y3F__P005.jpg,0.864410,23.011847,ok
EES0423460__X2D__Y42__P006.jpg,0.852603,26.580181,ok
EES0423460__X30__Y42__P007.jpg,0.876694,28.484729,ok
EES0423460__X33__Y42__P008.jpg,0.823890,22.021623,ok
EES0423460__X36__Y3F__P009.jpg,0.819027,23.648055,ok
EES0423460__X36__Y42__P010.jpg,0.893676,24.268318,ok
EES0423460__X3C__Y3C__P011.jpg,0.770865,21.419732,ok
EES0423460__X09__Y1E__P012.jpg,0.871628,28.024823,ok
EES0423460__X09__Y21__P013.jpg,0.813393,24.479051,ok
EES0423460__X09__Y24__P014.jpg,0.753583,22.620695,ok
EES0423460__X09__Y27__P015.jpg,0.851524,25.930847,ok
EES0423460__X09__Y2A__P016.jpg,0.888032,25.612065,ok
EES0423460__X09__Y2D__P017.jpg,0.903643,24.768151,ok
EES0423460__X09__Y30__P018.jpg,0.808210,21.884588,ok
EES0423460__X0C__Y15__P019.jpg,0.841993,24.601307,ok
EES0423460__X0C__Y18__P020.jpg,0.837097,21.168553,ok
EES0423460__X0C__Y27__P021.jpg,0.873807,20.779356,ok
EES0423460__X0C__Y2A__P022.jpg,0.836949,21.456845,ok
EES0423460__X0C__Y2D__P023.jpg,0.869252,26.858499,ok
EES0423460__X0C__Y30__P024.jpg,0.902010,29.263861,ok
EES0423460__X0C__Y33__P025.jpg,0.842398,24.338553,ok
EES0423461__X36__Y0C__P001.jpg,0.862927,23.087839,ok
EES0423461__X36__Y0F__P002.jpg,0.788966,20.795882,ok
EES0423461__X36__Y1E__P003.jpg,0.852370,23.991354,ok
EES0423461__X42__Y18__P004.jpg,0.858298,21.212527,ok
EES0423461__X45__Y18__P005.jpg,0.864184,23.111221,ok
EES0423461__X45__Y33__P006.jpg,0.794902,22.779545,ok
EES0423461__X48__Y1E__P007.jpg,0.798008,23.742267,ok
EES0423461__X48__Y24__P008.jpg,0.845644,21.181421,ok
EES0423461__X48__Y27__P009.jpg,0.846420,21.311977,ok
EES0423461__X48__Y2A__P010.jpg,0.880599,27.005114,ok
EES0423461__X12__Y1E__P011.jpg,0.794170,20.423669,ok
EES0423461__X15__Y1E__P012.jpg,0.750699,20.979875,ok
EES0423461__X15__Y21__P013.jpg,0.673633,21.349764,ok
EES0423461__X15__Y3C__P014.jpg,0.883640,23.406793,ok
EES0423461__X18__Y1B__P015.jpg,0.733507,21.104241,ok
EES0423461__X1B__Y1B__P016.jpg,0.759493,20.605653,ok
EES0423461__X1B__Y1E__P017.jpg,0.829245,21.790041,ok
EES0423461__X1B__Y27__P018.jpg,0.846487,25.193923,ok
EES0423461__X1B__Y36__P019.jpg,0.811301,20.856034,ok
EES0423461__X1B__Y39__P020.jpg,0.901840,25.999771,ok
EES0423461__X1E__Y15__P021.jpg,0.828976,20.744597,ok
EES0423461__X1E__Y1B__P022.jpg,0.880333,23.351456,ok
EES0423461__X1E__Y1E__P023.jpg,0.796887,20.520242,ok
EES0423461__X1E__Y27__P024.jpg,0.850402,27.684694,ok
EES0423461__X1E__Y2A__P025.jpg,0.923305,33.499643,ok
EES0423462__X1E__Y30__P001.jpg,0.821814,20.862885,ok
EES0423462__X1E__Y33__P002.jpg,0.863230,24.161019,ok
EES0423462__X1E__Y36__P003.jpg,0.822588,21.251307,ok
EES0423462__X1E__Y39__P004.jpg,0.868679,23.932890,ok
EES0423462__X1E__Y3C__P005.jpg,0.804424,22.848914,ok
EES0423462__X21__Y15__P006.jpg,0.816510,21.875111,ok
EES0423462__X21__Y18__P007.jpg,0.852685,22.728932,ok
EES0423462__X21__Y1B__P008.jpg,0.890070,25.111204,ok
EES0423462__X21__Y1E__P009.jpg,0.849322,22.145390,ok
EES0423462__X21__Y2D__P010.jpg,0.870501,21.046884,ok
EES0423462__X21__Y30__P011.jpg,0.813681,20.641354,ok
EES0423462__X24__Y18__P012.jpg,0.846201,21.750054,ok
EES0423462__X24__Y1B__P013.jpg,0.836287,22.203457,ok
EES0423462__X24__Y27__P014.jpg,0.875379,24.015523,ok
EES0423462__X24__Y2A__P015.jpg,0.875859,24.220202,ok
EES0423462__X24__Y2D__P016.jpg,0.802193,21.608920,ok
EES0423462__X2A__Y0F__P017.jpg,0.864375,21.825672,ok
EES0423462__X2A__Y12__P018.jpg,0.777084,20.573459,ok
EES0423462__X2A__Y15__P019.jpg,0.847418,21.166515,ok
EES0423462__X2A__Y18__P020.jpg,0.875097,25.682698,ok
EES0423462__X2A__Y1B__P021.jpg,0.881161,22.544566,ok
EES0423462__X2A__Y1E__P022.jpg,0.895504,28.377136,ok
EES0423462__X2A__Y21__P023.jpg,0.840387,20.960013,ok
EES0423462__X2D__Y12__P024.jpg,0.886399,28.023397,ok
EES0423462__X2D__Y15__P025.jpg,0.763631,20.460363,ok
EES0423463__X2D__Y18__P001.jpg,0.745614,20.384382,ok
EES0423463__X2D__Y1B__P002.jpg,0.830436,22.709952,ok
EES0423463__X30__Y15__P003.jpg,0.889135,23.583064,ok
EES0423463__X30__Y1B__P004.jpg,0.900098,28.006244,ok
EES0423463__X36__Y1E__P005.jpg,0.874494,24.714604,ok
EES0423463__X36__Y21__P006.jpg,0.872186,22.657507,ok
EES0423463__X36__Y24__P007.jpg,0.884456,24.334737,ok
EES0423463__X39__Y27__P008.jpg,0.825766,20.616670,ok
EES0423463__X39__Y2A__P009.jpg,0.880875,22.395664,ok
EES0423463__X3C__Y15__P010.jpg,0.861631,23.559617,ok
EES0423463__X3C__Y18__P011.jpg,0.870015,20.949707,ok
EES0423463__X3C__Y21__P012.jpg,0.843826,22.962394,ok
EES0423463__X42__Y1E__P013.jpg,0.871547,23.865139,ok
EES0423463__X42__Y21__P014.jpg,0.797402,21.073258,ok
EES0423463__X42__Y27__P015.jpg,0.864480,27.474598,ok
EES0423463__X42__Y36__P016.jpg,0.829466,22.094100,ok
EES0423463__X45__Y1E__P017.jpg,0.892266,28.593285,ok
EES0423463__X48__Y1B__P018.jpg,0.889540,21.154995,ok
EES0423463__X48__Y1E__P019.jpg,0.863830,22.826585,ok
EES0423463__X48__Y27__P020.jpg,0.774663,20.525420,ok
EES0423463__X48__Y2A__P021.jpg,0.824883,22.178714,ok
EES0423463__X0F__Y42__P022.jpg,0.832725,21.891658,ok
EES0423463__X24__Y36__P023.jpg,0.888223,23.742225,ok
EES0423463__X24__Y39__P024.jpg,0.904109,33.938915,ok
EES0423463__X24__Y3C__P025.jpg,0.851809,21.372452,ok
EES0423464__X27__Y24__P001.jpg,0.901047,28.654230,ok
EES0423464__X27__Y27__P002.jpg,0.832637,22.120308,ok
EES0423464__X2A__Y33__P003.jpg,0.880255,21.894069,ok
EES0423464__X36__Y2D__P004.jpg,0.842338,20.604640,ok
EES0423464__X36__Y30__P005.jpg,0.846670,22.580681,ok
EES0423464__X36__Y33__P006.jpg,0.860888,21.017674,ok
EES0423464__X09__Y1B__P007.jpg,0.776809,20.203788,ok
EES0423464__X18__Y09__P008.jpg,0.797050,21.268671,ok
EES0423464__X1E__Y06__P009.jpg,0.837693,20.698547,ok
EES0423464__X1E__Y09__P010.jpg,0.896251,23.019198,ok
EES0423464__X21__Y06__P011.jpg,0.852597,21.801728,ok
EES0423464__X24__Y06__P012.jpg,0.891331,21.269264,ok
EES0423464__X2A__Y06__P013.jpg,0.844814,21.829790,ok
EES0423464__X33__Y1B__P014.jpg,0.871866,21.000717,ok
EES0423464__X36__Y09__P015.jpg,0.830749,21.310675,ok
EES0423464__X45__Y2D__P016.jpg,0.890146,21.177947,ok
EES0423464__X45__Y30__P017.jpg,0.786418,21.154495,ok
EES0423464__X48__Y2D__P018.jpg,0.913461,29.746461,ok
EES0423464__X06__Y1E__P019.jpg,0.860904,22.450101,ok
EES0423464__X09__Y15__P020.jpg,0.735219,19.856022,ok
EES0423464__X09__Y18__P021.jpg,0.850155,22.465603,ok
EES0423464__X09__Y1B__P022.jpg,0.865864,24.756557,ok
EES0423464__X09__Y1E__P023.jpg,0.803165,20.809127,ok
EES0423464__X09__Y21__P024.jpg,0.855108,21.818604,ok
EES0423464__X09__Y27__P025.jpg,0.868419,23.780706,ok
EES0423465__X48__Y1B__P001.jpg,0.873840,24.519591,ok
EES0423465__X48__Y1E__P002.jpg,0.855461,22.361390,ok
EES0423465__X48__Y2D__P003.jpg,0.864927,21.379562,ok
EES0423465__X09__Y1E__P004.jpg,0.657308,19.878686,ok
EES0423465__X09__Y21__P005.jpg,0.821933,22.938740,ok
EES0423465__X09__Y24__P006.jpg,0.796343,21.269665,ok
EES0423465__X09__Y27__P007.jpg,0.919985,27.127410,ok
EES0423465__X0C__Y12__P008.jpg,0.865016,23.011960,ok
EES0423465__X0C__Y2D__P009.jpg,0.828250,20.869355,ok
EES0423465__X1E__Y3F__P010.jpg,0.869185,27.701649,ok
EES0423465__X27__Y3F__P011.jpg,0.890527,24.274713,ok
EES0423465__X2D__Y3F__P012.jpg,0.843016,22.752567,ok
EES0423465__X30__Y3F__P013.jpg,0.794836,20.726412,ok
EES0423465__X33__Y3F__P014.jpg,0.868589,21.360681,ok
EES0423465__X45__Y21__P015.jpg,0.830507,22.264769,ok
EES0423465__X09__Y18__P016.jpg,0.917638,29.444714,ok
EES0423465__X09__Y1B__P017.jpg,0.847999,21.693840,ok
EES0423465__X09__Y1E__P018.jpg,0.889669,21.156732,ok
EES0423465__X09__Y30__P019.jpg,0.806089,21.030317,ok
EES0423465__X09__Y33__P020.jpg,0.820019,20.808413,ok
EES0423465__X09__Y36__P021.jpg,0.823793,20.632260,ok
EES0423465__X0C__Y39__P022.jpg,0.746948,20.565982,ok
EES0423465__X1B__Y06__P023.jpg,0.839452,24.678745,ok
EES0423465__X1E__Y45__P024.jpg,0.695510,20.333798,ok
EES0423465__X24__Y45__P025.jpg,0.797339,21.911835,ok
EES0423466__X30__Y06__P001.jpg,0.858390,21.479724,ok
EES0423466__X42__Y33__P002.jpg,0.885620,24.747609,ok
EES0423466__X45__Y1B__P003.jpg,0.875967,23.428025,ok
EES0423466__X09__Y24__P004.jpg,0.864473,22.225960,ok
EES0423466__X09__Y27__P005.jpg,0.888704,22.309558,ok
EES0423466__X09__Y2A__P006.jpg,0.806590,20.427929,ok
EES0423466__X0C__Y18__P007.jpg,0.764388,20.528558,ok
EES0423466__X0F__Y36__P008.jpg,0.869333,22.907409,ok
EES0423466__X12__Y0C__P009.jpg,0.837062,21.122144,ok
EES0423466__X15__Y09__P010.jpg,0.871179,21.159236,ok
EES0423466__X15__Y3C__P011.jpg,0.919282,25.851054,ok
EES0423466__X1B__Y06__P012.jpg,0.756405,20.658536,ok
EES0423466__X24__Y42__P013.jpg,0.823425,22.007269,ok
EES0423466__X27__Y42__P014.jpg,0.865224,25.053802,ok
EES0423466__X2A__Y42__P015.jpg,0.879254,21.953666,ok
EES0423466__X2D__Y42__P016.jpg,0.891712,22.341819,ok
EES0423466__X33__Y06__P017.jpg,0.877788,23.635666,ok
EES0423466__X36__Y06__P018.jpg,0.876354,20.832159,ok
EES0423466__X36__Y3F__P019.jpg,0.877573,20.874238,ok
EES0423466__X48__Y18__P020.jpg,0.871131,20.815900,ok
EES0423466__X48__Y1B__P021.jpg,0.880543,22.347024,ok
EES0423466__X48__Y33__P022.jpg,0.900335,22.315371,ok
EES0423466__X24__Y42__P023.jpg,0.856705,24.489243,ok
EES0423466__X12__Y18__P024.jpg,0.846403,20.946151,ok
EES0423466__X15__Y45__P025.jpg,0.863934,21.539639,ok
EES0423467__X1B__Y15__P001.jpg,0.806338,21.783338,ok
EES0423467__X21__Y09__P002.jpg,0.857982,21.909015,ok
EES0423467__X24__Y15__P003.jpg,0.877087,23.416091,ok
EES0423467__X2A__Y1B__P004.jpg,0.800374,22.558568,ok
EES0423467__X2D__Y1B__P005.jpg,0.855793,23.730528,ok
EES0423467__X30__Y1B__P006.jpg,0.852858,22.280503,ok
EES0423467__X33__Y30__P007.jpg,0.872143,20.693734,ok
EES0423467__X36__Y30__P008.jpg,0.896310,23.212952,ok
EES0423467__X39__Y30__P009.jpg,0.866568,21.970114,ok
EES0423467__X3F__Y1B__P010.jpg,0.873359,21.867717,ok
EES0423467__X0C__Y30__P011.jpg,0.797615,23.132459,ok
EES0423467__X0C__Y36__P012.jpg,0.820080,22.127495,ok
EES0423467__X0F__Y18__P013.jpg,0.794813,20.413600,ok
EES0423467__X0F__Y1B__P014.jpg,0.825246,20.832976,ok
EES0423467__X0F__Y1E__P015.jpg,0.839457,22.590079,ok
EES0423467__X0F__Y21__P016.jpg,0.808521,22.288587,ok
EES0423467__X12__Y18__P017.jpg,0.864766,21.073215,ok
EES0423467__X12__Y1B__P018.jpg,0.912958,28.168260,ok
EES0423467__X12__Y1E__P019.jpg,0.889854,23.331651,ok
EES0423467__X15__Y0F__P020.jpg,0.838564,21.013730,ok
EES0423467__X15__Y12__P021.jpg,0.905179,29.524557,ok
EES0423467__X15__Y18__P022.jpg,0.786061,21.633388,ok
EES0423467__X15__Y1B__P023.jpg,0.845891,20.913396,ok
EES0423467__X18__Y0C__P024.jpg,0.888843,23.761767,ok
EES0423467__X18__Y0F__P025.jpg,0.867394,22.144855,ok
EES0423468__X18__Y12__P001.jpg,0.869447,22.179728,ok
EES0423468__X18__Y15__P002.jpg,0.779353,20.327062,ok
EES0423468__X18__Y18__P003.jpg,0.845579,22.771360,ok
EES0423468__X18__Y1B__P004.jpg,0.839930,22.416947,ok
EES0423468__X1B__Y0F__P005.jpg,0.794908,22.759393,ok
EES0423468__X1B__Y12__P006.jpg,0.827789,23.151490,ok
EES0423468__X1B__Y15__P007.jpg,0.817231,22.787755,ok
EES0423468__X1E__Y0C__P008.jpg,0.880676,21.215938,ok
EES0423468__X1E__Y0F__P009.jpg,0.817294,21.639234,ok
EES0423468__X1E__Y12__P010.jpg,0.863545,24.097955,ok
EES0423468__X21__Y09__P011.jpg,0.877144,25.163458,ok
EES0423468__X21__Y0C__P012.jpg,0.858969,23.967895,ok
EES0423468__X21__Y45__P013.jpg,0.915878,25.690106,ok
EES0423468__X24__Y09__P014.jpg,0.793559,20.479468,ok
EES0423468__X24__Y0C__P015.jpg,0.869315,22.919401,ok
EES0423468__X24__Y45__P016.jpg,0.848511,21.945789,ok
EES0423468__X27__Y09__P017.jpg,0.905193,23.312196,ok
EES0423468__X27__Y0C__P018.jpg,0.827184,22.199219,ok
EES0423468__X27__Y45__P019.jpg,0.913191,23.825260,ok
EES0423468__X2A__Y45__P020.jpg,0.832092,23.212667,ok
EES0423468__X48__Y24__P021.jpg,0.898507,24.062636,ok
EES0423468__X48__Y27__P022.jpg,0.821420,20.649859,ok
EES0423468__X0C__Y1B__P023.jpg,0.896319,26.813229,ok
EES0423468__X0C__Y1E__P024.jpg,0.842212,25.281904,ok
EES0423468__X0C__Y21__P025.jpg,0.911375,23.980373,ok
EES0423469__X24__Y0C__P001.jpg,0.838380,20.574048,ok
EES0423469__X24__Y36__P002.jpg,0.867943,22.142720,ok
EES0423469__X24__Y42__P003.jpg,0.861661,23.089838,ok
EES0423469__X27__Y2D__P004.jpg,0.901414,24.562939,ok
EES0423469__X27__Y33__P005.jpg,0.859609,21.916769,ok
EES0423469__X27__Y36__P006.jpg,0.786363,21.040286,ok
EES0423469__X27__Y3C__P007.jpg,0.818697,20.764138,ok
EES0423469__X27__Y3F__P008.jpg,0.876262,21.000452,ok
EES0423469__X27__Y42__P009.jpg,0.800652,21.201975,ok
EES0423469__X2A__Y24__P010.jpg,0.831833,20.952775,ok
EES0423469__X2A__Y42__P011.jpg,0.885968,24.821065,ok
EES0423469__X2D__Y42__P012.jpg,0.866907,23.154010,ok
EES0423469__X30__Y36__P013.jpg,0.867101,25.199985,ok
EES0423469__X30__Y3C__P014.jpg,0.861152,22.487677,ok
EES0423469__X36__Y1E__P015.jpg,0.826111,22.599300,ok
EES0423469__X36__Y24__P016.jpg,0.864764,21.761603,ok
EES0423469__X36__Y39__P017.jpg,0.820579,20.657986,ok
EES0423469__X39__Y21__P018.jpg,0.841986,21.039781,ok
EES0423469__X39__Y27__P019.jpg,0.877949,21.642684,ok
EES0423469__X39__Y2A__P020.jpg,0.867691,21.216718,ok
EES0423469__X3C__Y1B__P021.jpg,0.897922,23.249465,ok
EES0423469__X3C__Y27__P022.jpg,0.831236,21.717186,ok
EES0423469__X3C__Y2A__P023.jpg,0.806045,20.679787,ok
EES0423469__X3C__Y2D__P024.jpg,0.837968,22.418359,ok
EES0423469__X3C__Y30__P025.jpg,0.902105,24.865331,ok
EES0423470__X27__Y3F__P001.jpg,0.852721,20.766668,ok
EES0423470__X2A__Y42__P002.jpg,0.855217,22.452153,ok
EES0423470__X39__Y3C__P003.jpg,0.825453,21.327716,ok
EES0423470__X3F__Y36__P004.jpg,0.877718,21.697529,ok
EES0423470__X45__Y1B__P005.jpg,0.895245,24.450921,ok
EES0423470__X0C__Y21__P006.jpg,0.884055,21.304038,ok
EES0423470__X0C__Y24__P007.jpg,0.901923,27.642548,ok
EES0423470__X0F__Y24__P008.jpg,0.881317,23.765158,ok
EES0423470__X0F__Y2A__P009.jpg,0.845572,20.677139,ok
EES0423470__X15__Y2D__P010.jpg,0.885674,23.375233,ok
EES0423470__X1B__Y36__P011.jpg,0.805938,20.448217,ok
EES0423470__X1E__Y33__P012.jpg,0.903812,22.735464,ok
EES0423470__X21__Y33__P013.jpg,0.909162,24.734772,ok
EES0423470__X21__Y3C__P014.jpg,0.884424,21.471284,ok
EES0423470__X21__Y3F__P015.jpg,0.911673,25.722853,ok
EES0423470__X24__Y39__P016.jpg,0.900047,24.711374,ok
EES0423470__X24__Y3C__P017.jpg,0.842312,21.754560,ok
EES0423470__X30__Y33__P018.jpg,0.867583,21.153159,ok
EES0423470__X33__Y15__P019.jpg,0.821942,22.836477,ok
EES0423470__X33__Y1E__P020.jpg,0.860285,21.819498,ok
EES0423470__X36__Y15__P021.jpg,0.850493,21.010365,ok
EES0423470__X36__Y18__P022.jpg,0.787054,21.158949,ok
EES0423470__X36__Y1B__P023.jpg,0.878072,23.280272,ok
EES0423470__X36__Y1E__P024.jpg,0.919147,31.693375,ok
EES0423470__X39__Y15__P025.jpg,0.868785,20.727247,ok
EES0423471__X39__Y18__P001.jpg,0.754539,20.885587,ok
EES0423471__X39__Y2A__P002.jpg,0.831534,22.013788,ok
EES0423471__X3C__Y15__P003.jpg,0.883527,27.320203,ok
EES0423471__X3C__Y18__P004.jpg,0.832867,20.588129,ok
EES0423471__X3C__Y24__P005.jpg,0.860182,20.882753,ok
EES0423471__X3C__Y33__P006.jpg,0.867289,21.769924,ok
EES0423471__X3F__Y27__P007.jpg,0.872427,25.286076,ok
EES0423471__X09__Y15__P008.jpg,0.847797,20.973178,ok
EES0423471__X09__Y18__P009.jpg,0.871509,23.702610,ok
EES0423471__X09__Y1B__P010.jpg,0.656271,19.221197,ok
EES0423471__X09__Y1E__P011.jpg,0.843801,20.848588,ok
EES0423471__X09__Y21__P012.jpg,0.839768,21.479897,ok
EES0423471__X09__Y27__P013.jpg,0.830290,23.829857,ok
EES0423471__X09__Y2D__P014.jpg,0.878145,24.377153,ok
EES0423471__X0C__Y30__P015.jpg,0.770599,21.076265,ok
EES0423471__X12__Y39__P016.jpg,0.876842,25.091298,ok
EES0423471__X1E__Y03__P017.jpg,0.818901,23.542181,ok
EES0423471__X21__Y03__P018.jpg,0.876471,30.540057,ok
EES0423471__X24__Y03__P019.jpg,0.904888,30.408744,ok
EES0423471__X27__Y03__P020.jpg,0.856999,23.508876,ok
EES0423471__X3C__Y18__P021.jpg,0.754674,20.219213,ok
EES0423471__X42__Y15__P022.jpg,0.784094,20.941739,ok
EES0423471__X09__Y24__P023.jpg,0.837871,20.671155,ok
EES0423471__X0F__Y2D__P024.jpg,0.859978,20.846665,ok
EES0423471__X12__Y1B__P025.jpg,0.877411,21.893422,ok
EES0423472__X15__Y1B__P001.jpg,0.864589,20.785023,ok
EES0423472__X15__Y39__P002.jpg,0.817705,20.917049,ok
EES0423472__X1B__Y18__P003.jpg,0.871032,22.127928,ok
EES0423472__X1E__Y09__P004.jpg,0.838396,20.880722,ok
EES0423472__X1E__Y0C__P005.jpg,0.903262,27.931926,ok
EES0423472__X1E__Y18__P006.jpg,0.852096,21.022217,ok
EES0423472__X1E__Y3C__P007.jpg,0.860019,20.869127,ok
EES0423472__X21__Y15__P008.jpg,0.892112,21.465249,ok
EES0423472__X21__Y1B__P009.jpg,0.881485,21.413248,ok
EES0423472__X21__Y1E__P010.jpg,0.889668,24.491947,ok
EES0423472__X24__Y18__P011.jpg,0.846484,21.066115,ok
EES0423472__X24__Y1B__P012.jpg,0.903378,29.215128,ok
EES0423472__X24__Y21__P013.jpg,0.796004,21.410427,ok
EES0423472__X24__Y24__P014.jpg,0.876176,21.532573,ok
EES0423472__X24__Y42__P015.jpg,0.889943,21.320546,ok
EES0423472__X27__Y21__P016.jpg,0.903658,23.973116,ok
EES0423472__X2D__Y36__P017.jpg,0.843001,20.789350,ok
EES0423472__X2D__Y39__P018.jpg,0.813336,20.840314,ok
EES0423472__X2D__Y3C__P019.jpg,0.886069,27.667710,ok
EES0423472__X30__Y2A__P020.jpg,0.882456,21.568989,ok
EES0423472__X30__Y33__P021.jpg,0.875850,20.990672,ok
EES0423472__X30__Y36__P022.jpg,0.892265,23.731215,ok
EES0423472__X30__Y39__P023.jpg,0.877965,25.250258,ok
EES0423472__X33__Y12__P024.jpg,0.867898,21.837023,ok
EES0423472__X33__Y15__P025.jpg,0.875929,21.506281,ok
EES0423473__X0F__Y1B__P001.jpg,0.851255,24.032171,ok
EES0423473__X0F__Y1E__P002.jpg,0.875927,21.578449,ok
EES0423473__X0F__Y2A__P003.jpg,0.877064,22.888643,ok
EES0423473__X0F__Y2D__P004.jpg,0.871712,21.969766,ok
EES0423473__X12__Y30__P005.jpg,0.868314,21.911944,ok
EES0423473__X15__Y30__P006.jpg,0.849429,21.627848,ok
EES0423473__X18__Y0F__P007.jpg,0.899615,21.819574,ok
EES0423473__X1B__Y36__P008.jpg,0.856986,21.009269,ok
EES0423473__X1E__Y30__P009.jpg,0.855994,20.942212,ok
EES0423473__X1E__Y36__P010.jpg,0.888124,23.775354,ok
EES0423473__X24__Y06__P011.jpg,0.889487,21.815132,ok
EES0423473__X24__Y09__P012.jpg,0.886832,22.045032,ok
EES0423473__X24__Y2D__P013.jpg,0.826714,21.128676,ok
EES0423473__X24__Y30__P014.jpg,0.846497,21.075022,ok
EES0423473__X24__Y36__P015.jpg,0.908670,21.650711,ok
EES0423473__X24__Y3F__P016.jpg,0.846223,22.858199,ok
EES0423473__X27__Y06__P017.jpg,0.808950,20.677652,ok
EES0423473__X27__Y30__P018.jpg,0.863411,20.959893,ok
EES0423473__X27__Y3C__P019.jpg,0.899416,24.295022,ok
EES0423473__X2A__Y30__P020.jpg,0.887928,24.884493,ok
EES0423473__X30__Y0C__P021.jpg,0.855678,21.233701,ok
EES0423473__X30__Y27__P022.jpg,0.858620,22.378072,ok
EES0423473__X30__Y33__P023.jpg,0.873642,22.656301,ok
EES0423473__X30__Y36__P024.jpg,0.860743,21.784919,ok
EES0423473__X30__Y3F__P025.jpg,0.835147,25.190574,ok
EES0423474__X33__Y09__P001.jpg,0.883127,23.813050,ok
EES0423474__X33__Y36__P002.jpg,0.894256,24.981742,ok
EES0423474__X36__Y27__P003.jpg,0.826316,23.222344,ok
EES0423474__X36__Y2A__P004.jpg,0.864086,22.068391,ok
EES0423474__X36__Y2D__P005.jpg,0.904739,28.712915,ok
EES0423474__X36__Y30__P006.jpg,0.858855,23.411939,ok
EES0423474__X36__Y36__P007.jpg,0.853422,20.735927,ok
EES0423474__X39__Y2A__P008.jpg,0.894242,22.337142,ok
EES0423474__X39__Y2D__P009.jpg,0.836074,20.496369,ok
EES0423474__X39__Y30__P010.jpg,0.899272,22.415087,ok
EES0423474__X3C__Y12__P011.jpg,0.888840,21.612498,ok
EES0423474__X3C__Y30__P012.jpg,0.866937,21.957127,ok
EES0423474__X3F__Y27__P013.jpg,0.870935,21.354583,ok
EES0423474__X3F__Y30__P014.jpg,0.913196,23.716854,ok
EES0423474__X42__Y21__P015.jpg,0.895207,21.701158,ok
EES0423474__X42__Y24__P016.jpg,0.838246,22.415852,ok
EES0423474__X42__Y30__P017.jpg,0.880984,20.952311,ok
EES0423474__X45__Y1E__P018.jpg,0.909973,27.622800,ok
EES0423474__X12__Y27__P019.jpg,0.849225,21.639115,ok
EES0423474__X18__Y2A__P020.jpg,0.889028,21.026185,ok
EES0423474__X1B__Y2A__P021.jpg,0.879178,22.203762,ok
EES0423474__X1B__Y2D__P022.jpg,0.857942,21.532304,ok
EES0423474__X1E__Y15__P023.jpg,0.852590,21.579499,ok
EES0423474__X1E__Y18__P024.jpg,0.874026,22.326581,ok
EES0423474__X1E__Y3C__P025.jpg,0.911306,23.984918,ok
EES0423475__X24__Y2A__P001.jpg,0.870061,25.128663,ok
EES0423475__X24__Y2D__P002.jpg,0.844007,20.734773,ok
EES0423475__X24__Y3C__P003.jpg,0.883975,21.645026,ok
EES0423475__X27__Y12__P004.jpg,0.859647,22.183290,ok
EES0423475__X27__Y3F__P005.jpg,0.881351,22.065497,ok
EES0423475__X2A__Y39__P006.jpg,0.863829,22.511589,ok
EES0423475__X30__Y24__P007.jpg,0.889831,22.401087,ok
EES0423475__X30__Y33__P008.jpg,0.868853,21.331880,ok
EES0423475__X36__Y27__P009.jpg,0.898098,22.839726,ok
EES0423475__X39__Y15__P010.jpg,0.884543,21.121025,ok
EES0423475__X39__Y39__P011.jpg,0.892178,21.820711,ok
EES0423475__X3F__Y39__P012.jpg,0.879851,21.727218,ok
EES0423475__X45__Y24__P013.jpg,0.871988,21.548468,ok
EES0423475__X12__Y21__P014.jpg,0.879308,23.438174,ok
EES0423475__X15__Y27__P015.jpg,0.849465,23.765607,ok
EES0423475__X15__Y2D__P016.jpg,0.899094,25.103000,ok
EES0423475__X24__Y0C__P017.jpg,0.856365,21.005829,ok
EES0423475__X24__Y2D__P018.jpg,0.913087,28.079540,ok
EES0423475__X24__Y36__P019.jpg,0.865724,21.310906,ok
EES0423475__X27__Y1E__P020.jpg,0.853322,20.973046,ok
EES0423475__X27__Y3F__P021.jpg,0.871378,20.834062,ok
EES0423475__X2A__Y2A__P022.jpg,0.882415,21.551876,ok
EES0423475__X2A__Y33__P023.jpg,0.879357,21.058690,ok
EES0423475__X2A__Y39__P024.jpg,0.856763,22.074315,ok
EES0423475__X2A__Y3C__P025.jpg,0.853260,21.503608,ok
EES0423476__X2D__Y12__P001.jpg,0.883154,21.094264,ok
EES0423476__X2D__Y27__P002.jpg,0.791624,21.618707,ok
EES0423476__X2D__Y39__P003.jpg,0.897760,21.456800,ok
EES0423476__X2D__Y3C__P004.jpg,0.869317,21.540131,ok
EES0423476__X30__Y3F__P005.jpg,0.814423,21.116034,ok
EES0423476__X33__Y3F__P006.jpg,0.906272,21.826180,ok
EES0423476__X39__Y21__P007.jpg,0.837630,20.395184,ok
EES0423476__X3C__Y0C__P008.jpg,0.888312,22.464609,ok
EES0423476__X3C__Y0F__P009.jpg,0.886235,24.659115,ok
EES0423476__X3C__Y21__P010.jpg,0.784605,20.451505,ok
EES0423476__X3C__Y2D__P011.jpg,0.898209,23.279184,ok
EES0423476__X3C__Y30__P012.jpg,0.901891,22.075394,ok
EES0423476__X3C__Y33__P013.jpg,0.866828,20.584113,ok
EES0423476__X42__Y1E__P014.jpg,0.874693,22.756544,ok
EES0423476__X45__Y1E__P015.jpg,0.899883,22.492542,ok
EES0423476__X45__Y21__P016.jpg,0.874896,21.863851,ok
EES0423476__X0F__Y15__P017.jpg,0.862753,21.694426,ok
EES0423476__X12__Y30__P018.jpg,0.811956,20.779401,ok
EES0423476__X18__Y1B__P019.jpg,0.900995,23.210945,ok
EES0423476__X1B__Y06__P020.jpg,0.872329,21.192386,ok
EES0423476__X21__Y06__P021.jpg,0.905150,25.173716,ok
EES0423476__X24__Y15__P022.jpg,0.699889,19.469834,ok
EES0423476__X24__Y18__P023.jpg,0.909430,23.076602,ok
EES0423476__X24__Y3C__P024.jpg,0.894224,21.536361,ok
EES0423476__X24__Y3F__P025.jpg,0.800759,21.611107,ok
EES0423477__X21__Y30__P001.jpg,0.816432,22.286479,ok
EES0423477__X21__Y33__P002.jpg,0.829259,22.272973,ok
EES0423477__X21__Y36__P003.jpg,0.853962,24.520708,ok
EES0423477__X21__Y3C__P004.jpg,0.817067,21.183177,ok
EES0423477__X24__Y1B__P005.jpg,0.746404,22.569802,ok
EES0423477__X24__Y1E__P006.jpg,0.874486,25.505577,ok
EES0423477__X24__Y24__P007.jpg,0.768354,21.272138,ok
EES0423477__X24__Y2D__P008.jpg,0.853001,22.927026,ok
EES0423477__X24__Y33__P009.jpg,0.872349,22.843638,ok
EES0423477__X24__Y36__P010.jpg,0.845894,22.867647,ok
EES0423477__X27__Y24__P011.jpg,0.822455,21.047260,ok
EES0423477__X27__Y2D__P012.jpg,0.782013,21.472556,ok
EES0423477__X27__Y36__P013.jpg,0.843814,21.769302,ok
EES0423477__X27__Y3C__P014.jpg,0.781011,22.625248,ok
EES0423477__X2A__Y1E__P015.jpg,0.809714,21.813913,ok
EES0423477__X2A__Y21__P016.jpg,0.859078,22.231962,ok
EES0423477__X2A__Y24__P017.jpg,0.847757,20.767812,ok
EES0423477__X2A__Y2A__P018.jpg,0.869299,25.076898,ok
EES0423477__X2A__Y30__P019.jpg,0.854061,25.467960,ok
EES0423477__X2A__Y33__P020.jpg,0.783748,20.366255,ok
EES0423477__X2A__Y36__P021.jpg,0.835224,22.362262,ok
EES0423477__X2D__Y1E__P022.jpg,0.748494,19.646578,ok
EES0423477__X2D__Y21__P023.jpg,0.847019,22.760345,ok
EES0423477__X2D__Y24__P024.jpg,0.864837,23.093605,ok
EES0423477__X2D__Y27__P025.jpg,0.800374,23.029600,ok
EES0423478__X30__Y21__P001.jpg,0.844829,23.604487,ok
EES0423478__X30__Y2D__P002.jpg,0.877713,23.700869,ok
EES0423478__X30__Y33__P003.jpg,0.804651,21.281015,ok
EES0423478__X33__Y1B__P004.jpg,0.815550,23.010234,ok
EES0423478__X33__Y1E__P005.jpg,0.860948,21.566131,ok
EES0423478__X33__Y21__P006.jpg,0.868931,20.423773,ok
EES0423478__X33__Y33__P007.jpg,0.869823,22.936728,ok
EES0423478__X36__Y1B__P008.jpg,0.838339,20.945220,ok
EES0423478__X36__Y33__P009.jpg,0.856467,23.239565,ok
EES0423478__X39__Y15__P010.jpg,0.823511,22.386671,ok
EES0423478__X39__Y18__P011.jpg,0.757155,21.234397,ok
EES0423478__X39__Y1B__P012.jpg,0.754988,19.564509,ok
EES0423478__X3C__Y15__P013.jpg,0.887357,25.783194,ok
EES0423478__X3C__Y18__P014.jpg,0.870091,23.116610,ok
EES0423478__X3C__Y1B__P015.jpg,0.818936,22.003985,ok
EES0423478__X3F__Y18__P016.jpg,0.823878,22.546319,ok
EES0423478__X3F__Y1B__P017.jpg,0.866631,21.408563,ok
EES0423478__X42__Y18__P018.jpg,0.845800,22.152817,ok
EES0423478__X42__Y1B__P019.jpg,0.814542,20.272806,ok
EES0423478__X09__Y0F__P020.jpg,0.903330,25.581429,ok
EES0423478__X09__Y12__P021.jpg,0.919200,34.775420,ok
EES0423478__X09__Y33__P022.jpg,0.835229,21.461619,ok
EES0423478__X09__Y36__P023.jpg,0.866423,21.991152,ok
EES0423478__X0C__Y39__P024.jpg,0.811452,20.213137,ok
EES0423478__X0F__Y09__P025.jpg,0.792416,20.171352,ok
EES0423479__X0C__Y15__P001.jpg,0.803857,23.636424,ok
EES0423479__X0C__Y30__P002.jpg,0.760874,19.759581,ok
EES0423479__X0C__Y33__P003.jpg,0.788399,21.327188,ok
EES0423479__X12__Y09__P004.jpg,0.878872,21.042006,ok
EES0423479__X18__Y3F__P005.jpg,0.891578,25.359232,ok
EES0423479__X1E__Y03__P006.jpg,0.880298,22.411918,ok
EES0423479__X21__Y03__P007.jpg,0.789399,20.126547,ok
EES0423479__X21__Y42__P008.jpg,0.793260,20.857809,ok
EES0423479__X24__Y42__P009.jpg,0.804751,21.529289,ok
EES0423479__X27__Y42__P010.jpg,0.811732,23.308503,ok
EES0423479__X2A__Y03__P011.jpg,0.895109,22.013336,ok
EES0423479__X2A__Y42__P012.jpg,0.917398,31.157643,ok
EES0423479__X2D__Y03__P013.jpg,0.795022,20.365708,ok
EES0423479__X2D__Y42__P014.jpg,0.717363,20.969980,ok
EES0423479__X30__Y03__P015.jpg,0.878326,22.319228,ok
EES0423479__X36__Y06__P016.jpg,0.797714,21.859798,ok
EES0423479__X39__Y3C__P017.jpg,0.887812,24.689404,ok
EES0423479__X3C__Y09__P018.jpg,0.836368,22.138329,ok
EES0423479__X42__Y0F__P019.jpg,0.903944,23.292413,ok
EES0423479__X45__Y15__P020.jpg,0.899544,21.459454,ok
EES0423479__X48__Y24__P021.jpg,0.900621,22.966807,ok
EES0423479__X0F__Y12__P022.jpg,0.865835,20.843795,ok
EES0423479__X21__Y0C__P023.jpg,0.683342,20.379928,ok
EES0423479__X24__Y0F__P024.jpg,0.857431,22.661309,ok
EES0423479__X27__Y06__P025.jpg,0.861618,24.157722,ok
EES0423480__X36__Y3F__P001.jpg,0.890123,24.021688,ok
EES0423480__X3C__Y09__P002.jpg,0.841046,21.318315,ok
EES0423480__X48__Y27__P003.jpg,0.840460,22.417449,ok
EES0423480__X21__Y45__P004.jpg,0.851758,20.582308,ok
EES0423480__X24__Y45__P005.jpg,0.815545,21.233989,ok
EES0423480__X27__Y06__P006.jpg,0.872730,21.312347,ok
EES0423480__X2A__Y06__P007.jpg,0.850411,20.859323,ok
EES0423480__X33__Y09__P008.jpg,0.855834,21.972384,ok
EES0423480__X39__Y0C__P009.jpg,0.855095,22.823959,ok
EES0423480__X3F__Y12__P010.jpg,0.859257,21.871026,ok
EES0423480__X42__Y18__P011.jpg,0.848508,21.641276,ok
EES0423480__X45__Y1B__P012.jpg,0.816326,20.637199,ok
EES0423480__X45__Y1E__P013.jpg,0.832078,21.146521,ok
EES0423480__X45__Y24__P014.jpg,0.891533,24.822678,ok
EES0423480__X1E__Y0C__P015.jpg,0.852792,20.959065,ok
EES0423480__X21__Y09__P016.jpg,0.886318,24.568401,ok
EES0423480__X24__Y2D__P017.jpg,0.874300,24.686517,ok
EES0423480__X30__Y0C__P018.jpg,0.862537,21.907639,ok
EES0423480__X0F__Y24__P019.jpg,0.878295,21.756289,ok
EES0423480__X12__Y24__P020.jpg,0.900504,26.910825,ok
EES0423480__X18__Y09__P021.jpg,0.842841,20.378114,ok
EES0423480__X1B__Y27__P022.jpg,0.915830,28.568979,ok
EES0423480__X1E__Y2A__P023.jpg,0.840038,20.241251,ok
EES0423480__X1E__Y2D__P024.jpg,0.866616,22.163764,ok
EES0423480__X24__Y09__P025.jpg,0.890895,26.490068,ok
EES0423481__X24__Y1E__P001.jpg,0.826666,22.364679,ok
EES0423481__X24__Y2A__P002.jpg,0.855430,21.022071,ok
EES0423481__X24__Y39__P003.jpg,0.860962,23.946666,ok
EES0423481__X27__Y36__P004.jpg,0.889026,24.259015,ok
EES0423481__X2A__Y1E__P005.jpg,0.874515,24.245028,ok
EES0423481__X2A__Y21__P006.jpg,0.845850,23.009449,ok
EES0423481__X2A__Y30__P007.jpg,0.858124,23.270250,ok
EES0423481__X2D__Y09__P008.jpg,0.825813,20.740600,ok
EES0423481__X30__Y0F__P009.jpg,0.847675,21.232954,ok
EES0423481__X30__Y12__P010.jpg,0.862314,23.387779,ok
EES0423481__X30__Y24__P011.jpg,0.865529,23.109286,ok
EES0423481__X30__Y42__P012.jpg,0.848101,22.342356,ok
EES0423481__X33__Y0C__P013.jpg,0.822589,21.529181,ok
EES0423481__X33__Y0F__P014.jpg,0.856213,22.729854,ok
EES0423481__X33__Y15__P015.jpg,0.855094,22.052495,ok
EES0423481__X33__Y1B__P016.jpg,0.857151,25.154055,ok
EES0423481__X33__Y27__P017.jpg,0.828280,22.469665,ok
EES0423481__X33__Y36__P018.jpg,0.881255,23.491280,ok
EES0423481__X36__Y0F__P019.jpg,0.769322,20.241750,ok
EES0423481__X36__Y1B__P020.jpg,0.854560,23.098222,ok
EES0423481__X36__Y21__P021.jpg,0.860707,22.786844,ok
EES0423481__X36__Y24__P022.jpg,0.868666,23.233105,ok
EES0423481__X36__Y39__P023.jpg,0.876661,24.147216,ok
EES0423481__X39__Y1E__P024.jpg,0.866073,23.261315,ok
EES0423481__X39__Y39__P025.jpg,0.836401,21.682947,ok
EES0423482__X3C__Y0C__P001.jpg,0.860678,23.276420,ok
EES0423482__X3C__Y21__P002.jpg,0.837261,21.595069,ok
EES0423482__X3C__Y36__P003.jpg,0.848975,22.655745,ok
EES0423482__X3F__Y2A__P004.jpg,0.880875,25.008962,ok
EES0423482__X42__Y15__P005.jpg,0.865846,21.632125,ok
EES0423482__X42__Y21__P006.jpg,0.860269,24.330735,ok
EES0423482__X42__Y2D__P007.jpg,0.866295,22.649812,ok
EES0423482__X45__Y1E__P008.jpg,0.876479,21.864529,ok
EES0423482__X45__Y21__P009.jpg,0.847424,20.958733,ok
EES0423482__X45__Y27__P010.jpg,0.878307,24.476179,ok
EES0423482__X18__Y2A__P011.jpg,0.854988,23.377019,ok
EES0423482__X1B__Y1E__P012.jpg,0.871069,23.933863,ok
EES0423482__X2A__Y24__P013.jpg,0.826211,20.866304,ok
EES0423482__X2D__Y39__P014.jpg,0.852686,22.377409,ok
EES0423482__X30__Y39__P015.jpg,0.891706,25.956824,ok
EES0423482__X33__Y0C__P016.jpg,0.882781,24.647475,ok
EES0423482__X33__Y24__P017.jpg,0.755133,19.946584,ok
EES0423482__X33__Y2A__P018.jpg,0.823264,21.864551,ok
EES0423482__X36__Y3C__P019.jpg,0.840665,22.083421,ok
EES0423482__X3C__Y21__P020.jpg,0.826362,20.660072,ok
EES0423482__X3C__Y33__P021.jpg,0.840181,20.905534,ok
EES0423482__X0C__Y1B__P022.jpg,0.852621,20.921622,ok
EES0423482__X2A__Y06__P023.jpg,0.789958,21.175485,ok
EES0423482__X33__Y09__P024.jpg,0.860978,20.839485,ok
EES0423482__X42__Y15__P025.jpg,0.820896,21.242109,ok
EES0423483__X1E__Y1B__P001.jpg,0.835968,20.361371,ok
EES0423483__X1E__Y27__P002.jpg,0.865023,22.303019,ok
EES0423483__X1E__Y33__P003.jpg,0.874546,25.032896,ok
EES0423483__X21__Y1B__P004.jpg,0.837840,21.261839,ok
EES0423483__X24__Y09__P005.jpg,0.851670,22.067408,ok
EES0423483__X24__Y0C__P006.jpg,0.863549,21.620116,ok
EES0423483__X24__Y0F__P007.jpg,0.845039,21.782936,ok
EES0423483__X24__Y18__P008.jpg,0.843469,20.950312,ok
EES0423483__X24__Y36__P009.jpg,0.867701,22.340211,ok
EES0423483__X24__Y39__P010.jpg,0.808340,21.878122,ok
EES0423483__X27__Y18__P011.jpg,0.856092,23.365223,ok
EES0423483__X27__Y21__P012.jpg,0.881135,24.976125,ok
EES0423483__X27__Y24__P013.jpg,0.883647,21.743522,ok
EES0423483__X2A__Y0C__P014.jpg,0.881482,25.009993,ok
EES0423483__X2A__Y12__P015.jpg,0.852107,22.579952,ok
EES0423483__X2A__Y30__P016.jpg,0.858955,21.589572,ok
EES0423483__X2D__Y09__P017.jpg,0.871756,22.396877,ok
EES0423483__X2D__Y27__P018.jpg,0.870485,24.514721,ok
EES0423483__X30__Y1B__P019.jpg,0.833910,20.782614,ok
EES0423483__X30__Y21__P020.jpg,0.849881,24.024688,ok
EES0423483__X30__Y24__P021.jpg,0.868912,20.967441,ok
EES0423483__X30__Y27__P022.jpg,0.870461,24.507616,ok
EES0423483__X30__Y2D__P023.jpg,0.866341,22.712516,ok
EES0423483__X30__Y36__P024.jpg,0.827077,20.652649,ok
EES0423483__X33__Y1B__P025.jpg,0.865524,22.503192,ok
EES0423484__X33__Y21__P001.jpg,0.842178,20.702760,ok
EES0423484__X33__Y2D__P002.jpg,0.829223,20.693659,ok
EES0423484__X36__Y09__P003.jpg,0.887285,25.616574,ok
EES0423484__X36__Y0C__P004.jpg,0.878027,22.714342,ok
EES0423484__X36__Y1E__P005.jpg,0.869063,24.663619,ok
EES0423484__X36__Y2A__P006.jpg,0.876549,24.691721,ok
EES0423484__X39__Y0C__P007.jpg,0.854673,25.332295,ok
EES0423484__X39__Y21__P008.jpg,0.849949,23.528992,ok
EES0423484__X39__Y2D__P009.jpg,0.851792,22.442693,ok
EES0423484__X39__Y33__P010.jpg,0.877159,26.204783,ok
EES0423484__X3C__Y0F__P011.jpg,0.842935,24.300511,ok
EES0423484__X3C__Y2A__P012.jpg,0.852263,25.274257,ok
EES0423484__X3C__Y33__P013.jpg,0.854414,22.085017,ok
EES0423484__X3F__Y1B__P014.jpg,0.885323,22.388936,ok
EES0423484__X0F__Y18__P015.jpg,0.874497,22.292527,ok
EES0423484__X12__Y24__P016.jpg,0.846057,22.028344,ok
EES0423484__X15__Y12__P017.jpg,0.841591,21.975378,ok
EES0423484__X15__Y18__P018.jpg,0.882408,23.520236,ok
EES0423484__X15__Y1E__P019.jpg,0.850486,21.660849,ok
EES0423484__X15__Y21__P020.jpg,0.868680,21.347994,ok
EES0423484__X15__Y24__P021.jpg,0.846108,26.170591,ok
EES0423484__X18__Y0C__P022.jpg,0.864580,21.885797,ok
EES0423484__X18__Y18__P023.jpg,0.854701,22.051065,ok
EES0423484__X1B__Y0F__P024.jpg,0.841097,25.427378,ok
EES0423484__X1B__Y21__P025.jpg,0.881462,26.322156,ok
EES0423485__X1B__Y2D__P001.jpg,0.851060,23.559362,ok
EES0423485__X1B__Y36__P002.jpg,0.843938,25.790273,ok
EES0423485__X1E__Y06__P003.jpg,0.860208,24.984597,ok
EES0423485__X1E__Y09__P004.jpg,0.847084,24.307697,ok
EES0423485__X1E__Y0C__P005.jpg,0.849237,24.484306,ok
EES0423485__X1E__Y0F__P006.jpg,0.843790,25.773457,ok
EES0423485__X1E__Y21__P007.jpg,0.850436,23.115401,ok
EES0423485__X1E__Y24__P008.jpg,0.910454,29.479947,ok
EES0423485__X1E__Y33__P009.jpg,0.822146,23.921354,ok
EES0423485__X1E__Y36__P010.jpg,0.889900,26.342141,ok
EES0423485__X21__Y0F__P011.jpg,0.872057,25.990290,ok
EES0423485__X21__Y12__P012.jpg,0.873070,25.599461,ok
EES0423485__X21__Y15__P013.jpg,0.900953,29.688802,ok
EES0423485__X21__Y18__P014.jpg,0.844394,24.158824,ok
EES0423485__X21__Y1B__P015.jpg,0.892106,28.393935,ok
EES0423485__X21__Y27__P016.jpg,0.876279,24.526562,ok
EES0423485__X24__Y18__P017.jpg,0.900726,25.955930,ok
EES0423485__X24__Y1E__P018.jpg,0.782218,25.274124,ok
EES0423485__X24__Y27__P019.jpg,0.833241,22.437850,ok
EES0423485__X24__Y2A__P020.jpg,0.878087,27.510069,ok
EES0423485__X24__Y30__P021.jpg,0.871914,27.155477,ok
EES0423485__X24__Y3C__P022.jpg,0.871210,25.573164,ok
EES0423485__X27__Y0C__P023.jpg,0.878763,24.578012,ok
EES0423485__X27__Y0F__P024.jpg,0.858714,25.724058,ok
EES0423485__X27__Y18__P025.jpg,0.799791,23.385358,ok
EES0423486__X27__Y1E__P001.jpg,0.846741,25.313653,ok
EES0423486__X27__Y21__P002.jpg,0.828853,22.950563,ok
EES0423486__X27__Y24__P003.jpg,0.861761,26.309987,ok
EES0423486__X27__Y33__P004.jpg,0.887467,27.234579,ok
EES0423486__X27__Y36__P005.jpg,0.903042,26.466514,ok
EES0423486__X27__Y3C__P006.jpg,0.834954,22.674413,ok
EES0423486__X2A__Y06__P007.jpg,0.851613,25.327764,ok
EES0423486__X2A__Y12__P008.jpg,0.827012,26.750252,ok
EES0423486__X2A__Y18__P009.jpg,0.822937,22.477705,ok
EES0423486__X2A__Y21__P010.jpg,0.840263,24.769579,ok
EES0423486__X2A__Y3F__P011.jpg,0.792072,24.143606,ok
EES0423486__X30__Y09__P012.jpg,0.887127,30.130518,ok
EES0423486__X30__Y0F__P013.jpg,0.858373,24.075972,ok
EES0423486__X30__Y1B__P014.jpg,0.896692,24.506228,ok
EES0423486__X30__Y21__P015.jpg,0.871192,25.171247,ok
EES0423486__X30__Y24__P016.jpg,0.877985,24.233962,ok
EES0423486__X30__Y2D__P017.jpg,0.856343,24.607601,ok
EES0423486__X30__Y30__P018.jpg,0.827624,24.047194,ok
EES0423486__X30__Y33__P019.jpg,0.884188,28.003264,ok
EES0423486__X30__Y36__P020.jpg,0.819694,24.536547,ok
EES0423486__X30__Y39__P021.jpg,0.862360,25.828676,ok
EES0423486__X30__Y3C__P022.jpg,0.852042,25.262981,ok
EES0423486__X33__Y09__P023.jpg,0.847448,22.648446,ok
EES0423486__X33__Y12__P024.jpg,0.873918,26.723722,ok
EES0423486__X33__Y21__P025.jpg,0.868999,26.282890,ok
EES0423487__X33__Y24__P001.jpg,0.847901,26.611406,ok
EES0423487__X33__Y30__P002.jpg,0.906917,27.106923,ok
EES0423487__X33__Y33__P003.jpg,0.883781,26.212711,ok
EES0423487__X33__Y36__P004.jpg,0.865643,24.180361,ok
EES0423487__X36__Y12__P005.jpg,0.857177,25.770564,ok
EES0423487__X36__Y2D__P006.jpg,0.868459,21.591584,ok
EES0423487__X39__Y0C__P007.jpg,0.892612,28.470559,ok
EES0423487__X39__Y12__P008.jpg,0.893794,27.682199,ok
EES0423487__X39__Y18__P009.jpg,0.875925,26.498847,ok
EES0423487__X39__Y27__P010.jpg,0.879375,24.428859,ok
EES0423487__X39__Y2D__P011.jpg,0.809997,23.174836,ok
EES0423487__X39__Y30__P012.jpg,0.869723,21.472089,ok
EES0423487__X39__Y33__P013.jpg,0.882039,26.033995,ok
EES0423487__X3C__Y0F__P014.jpg,0.899034,26.638364,ok
EES0423487__X3C__Y18__P015.jpg,0.870004,25.747592,ok
EES0423487__X3C__Y1B__P016.jpg,0.839453,23.491206,ok
EES0423487__X3C__Y36__P017.jpg,0.877114,25.496095,ok
EES0423487__X3F__Y18__P018.jpg,0.802095,21.263676,ok
EES0423487__X3F__Y1B__P019.jpg,0.926111,30.732504,ok
EES0423487__X15__Y1B__P020.jpg,0.835180,24.431888,ok
EES0423487__X15__Y36__P021.jpg,0.891270,22.200000,ok
EES0423487__X1B__Y0F__P022.jpg,0.817661,23.581535,ok
EES0423487__X1B__Y12__P023.jpg,0.851143,20.437495,ok
EES0423487__X1B__Y18__P024.jpg,0.819521,23.728765,ok
EES0423487__X1B__Y21__P025.jpg,0.889893,24.387416,ok
EES0423488__X1B__Y24__P001.jpg,0.853823,22.657942,ok
EES0423488__X1B__Y27__P002.jpg,0.879029,23.005416,ok
EES0423488__X1B__Y30__P003.jpg,0.851103,21.919312,ok
EES0423488__X1B__Y33__P004.jpg,0.886143,26.161473,ok
EES0423488__X1B__Y36__P005.jpg,0.844057,21.199699,ok
EES0423488__X1E__Y0F__P006.jpg,0.879505,22.977834,ok
EES0423488__X1E__Y30__P007.jpg,0.864156,22.343182,ok
EES0423488__X1E__Y36__P008.jpg,0.874168,24.816229,ok
EES0423488__X21__Y18__P009.jpg,0.879367,23.680756,ok
EES0423488__X21__Y21__P010.jpg,0.826357,21.949550,ok
EES0423488__X21__Y27__P011.jpg,0.848059,21.914546,ok
EES0423488__X24__Y1B__P012.jpg,0.831744,21.847320,ok
EES0423488__X24__Y2A__P013.jpg,0.863996,22.657838,ok
EES0423488__X24__Y2D__P014.jpg,0.826719,21.493884,ok
EES0423488__X24__Y39__P015.jpg,0.846747,22.615036,ok
EES0423488__X27__Y0F__P016.jpg,0.839243,20.975379,ok
EES0423488__X27__Y12__P017.jpg,0.844679,21.390905,ok
EES0423488__X2A__Y15__P018.jpg,0.885137,25.451617,ok
EES0423488__X2A__Y21__P019.jpg,0.871422,22.811374,ok
EES0423488__X2D__Y0F__P020.jpg,0.874887,22.429932,ok
EES0423488__X2D__Y27__P021.jpg,0.865611,22.670739,ok
EES0423488__X2D__Y30__P022.jpg,0.861725,22.172287,ok
EES0423488__X30__Y15__P023.jpg,0.880975,24.379485,ok
EES0423488__X30__Y1B__P024.jpg,0.874046,24.293817,ok
EES0423488__X30__Y1E__P025.jpg,0.875229,25.149324,ok
EES0423489__X33__Y2A__P001.jpg,0.803432,22.932010,ok
EES0423489__X36__Y0F__P002.jpg,0.901988,27.739766,ok
EES0423489__X36__Y27__P003.jpg,0.858038,24.460043,ok
EES0423489__X36__Y36__P004.jpg,0.883260,25.628341,ok
EES0423489__X3C__Y12__P005.jpg,0.870089,24.507886,ok
EES0423489__X3F__Y18__P006.jpg,0.846531,23.787259,ok
EES0423489__X3F__Y1B__P007.jpg,0.881539,24.514594,ok
EES0423489__X42__Y21__P008.jpg,0.806019,24.156075,ok
EES0423489__X42__Y30__P009.jpg,0.828115,24.314842,ok
EES0423489__X0F__Y2D__P010.jpg,0.766546,22.499258,ok
EES0423489__X0F__Y36__P011.jpg,0.855802,26.391654,ok
EES0423489__X12__Y1E__P012.jpg,0.853052,27.087120,ok
EES0423489__X12__Y27__P013.jpg,0.899489,26.301699,ok
EES0423489__X12__Y30__P014.jpg,0.837255,22.150696,ok
EES0423489__X12__Y39__P015.jpg,0.901404,27.319919,ok
EES0423489__X15__Y27__P016.jpg,0.881833,24.015284,ok
EES0423489__X15__Y36__P017.jpg,0.788006,21.713671,ok
EES0423489__X15__Y3C__P018.jpg,0.872478,24.953233,ok
EES0423489__X18__Y36__P019.jpg,0.749339,20.066559,ok
EES0423489__X18__Y3C__P020.jpg,0.861073,25.145790,ok
EES0423489__X1B__Y2A__P021.jpg,0.828660,25.104033,ok
EES0423489__X1B__Y2D__P022.jpg,0.792887,24.750594,ok
EES0423489__X1B__Y30__P023.jpg,0.848539,25.984999,ok
EES0423489__X1B__Y33__P024.jpg,0.865524,23.465908,ok
EES0423489__X1B__Y36__P025.jpg,0.749003,21.516603,ok
EES0423490__X1B__Y3C__P001.jpg,0.876082,26.093117,ok
EES0423490__X1B__Y3F__P002.jpg,0.874801,25.440575,ok
EES0423490__X1E__Y2A__P003.jpg,0.834519,23.195939,ok
EES0423490__X1E__Y2D__P004.jpg,0.891317,26.032914,ok
EES0423490__X1E__Y30__P005.jpg,0.840677,24.774514,ok
EES0423490__X1E__Y33__P006.jpg,0.916589,35.719393,ok
EES0423490__X1E__Y36__P007.jpg,0.876837,25.223598,ok
EES0423490__X1E__Y39__P008.jpg,0.864707,25.518344,ok
EES0423490__X1E__Y3C__P009.jpg,0.878415,24.624131,ok
EES0423490__X21__Y15__P010.jpg,0.872976,27.072454,ok
EES0423490__X21__Y30__P011.jpg,0.841956,23.082962,ok
EES0423490__X21__Y33__P012.jpg,0.879465,26.127764,ok
EES0423490__X21__Y3C__P013.jpg,0.856965,24.935515,ok
EES0423490__X21__Y42__P014.jpg,0.843991,26.946844,ok
EES0423490__X24__Y18__P015.jpg,0.860526,24.090106,ok
EES0423490__X24__Y1E__P016.jpg,0.827417,21.795062,ok
EES0423490__X24__Y27__P017.jpg,0.852871,24.245024,ok
EES0423490__X24__Y2D__P018.jpg,0.852802,25.337701,ok
EES0423490__X24__Y33__P019.jpg,0.839891,24.784867,ok
EES0423490__X24__Y36__P020.jpg,0.871946,26.867456,ok
EES0423490__X24__Y39__P021.jpg,0.852666,25.843424,ok
EES0423490__X24__Y3C__P022.jpg,0.880719,26.769765,ok
EES0423490__X24__Y3F__P023.jpg,0.876254,26.181930,ok
EES0423490__X24__Y42__P024.jpg,0.845674,24.840346,ok
EES0423490__X27__Y18__P025.jpg,0.801034,22.384122,ok
EES0423491__X27__Y2D__P001.jpg,0.857388,23.838133,ok
EES0423491__X2A__Y27__P002.jpg,0.761651,21.865388,ok
EES0423491__X2A__Y2D__P003.jpg,0.860696,25.496406,ok
EES0423491__X2A__Y33__P004.jpg,0.798960,22.474563,ok
EES0423491__X2A__Y36__P005.jpg,0.860151,23.734561,ok
EES0423491__X2A__Y3C__P006.jpg,0.870546,25.839222,ok
EES0423491__X2A__Y3F__P007.jpg,0.834780,23.839007,ok
EES0423491__X2D__Y12__P008.jpg,0.852423,25.450738,ok
EES0423491__X2D__Y27__P009.jpg,0.842085,23.926024,ok
EES0423491__X2D__Y33__P010.jpg,0.837910,23.188794,ok
EES0423491__X2D__Y3F__P011.jpg,0.872224,25.958852,ok
EES0423491__X2D__Y42__P012.jpg,0.894604,26.337421,ok
EES0423491__X30__Y15__P013.jpg,0.881494,27.315626,ok
EES0423491__X30__Y21__P014.jpg,0.881706,24.057810,ok
EES0423491__X30__Y24__P015.jpg,0.812888,25.301139,ok
EES0423491__X30__Y2A__P016.jpg,0.799067,22.138737,ok
EES0423491__X30__Y33__P017.jpg,0.857454,25.481196,ok
EES0423491__X30__Y39__P018.jpg,0.869657,26.001838,ok
EES0423491__X30__Y42__P019.jpg,0.825297,22.750639,ok
EES0423491__X33__Y24__P020.jpg,0.822362,22.617927,ok
EES0423491__X33__Y3C__P021.jpg,0.886579,26.143975,ok
EES0423491__X36__Y18__P022.jpg,0.888108,28.569663,ok
EES0423491__X36__Y1E__P023.jpg,0.868784,23.681965,ok
EES0423491__X36__Y24__P024.jpg,0.881317,27.071017,ok
EES0423491__X36__Y27__P025.jpg,0.888755,25.498550,ok
EES0423492__X36__Y2D__P001.jpg,0.864972,23.929812,ok
EES0423492__X36__Y36__P002.jpg,0.813937,21.084216,ok
EES0423492__X36__Y3F__P003.jpg,0.815746,21.459429,ok
EES0423492__X39__Y21__P004.jpg,0.848363,20.971723,ok
EES0423492__X39__Y30__P005.jpg,0.781814,20.240739,ok
EES0423492__X39__Y39__P006.jpg,0.839503,23.971988,ok
EES0423492__X3C__Y30__P007.jpg,0.843630,20.519362,ok
EES0423492__X3F__Y2D__P008.jpg,0.871369,25.095382,ok
EES0423492__X3F__Y36__P009.jpg,0.853002,27.169413,ok
EES0423492__X42__Y21__P010.jpg,0.835055,22.549992,ok
EES0423492__X42__Y30__P011.jpg,0.816347,20.342301,ok
EES0423492__X42__Y33__P012.jpg,0.771727,20.301698,ok
EES0423492__X15__Y0C__P013.jpg,0.835080,23.280456,ok
EES0423492__X1B__Y06__P014.jpg,0.851104,23.822820,ok
EES0423492__X1E__Y03__P015.jpg,0.849592,25.451721,ok
EES0423492__X21__Y06__P016.jpg,0.880100,23.579862,ok
EES0423492__X21__Y3F__P017.jpg,0.845983,20.855404,ok
EES0423492__X24__Y06__P018.jpg,0.851955,21.962017,ok
EES0423492__X24__Y3F__P019.jpg,0.759654,19.763172,ok
EES0423492__X27__Y3F__P020.jpg,0.803263,23.361398,ok
EES0423492__X33__Y3F__P021.jpg,0.743359,20.035535,ok
EES0423492__X36__Y3F__P022.jpg,0.858666,25.481243,ok
EES0423492__X45__Y33__P023.jpg,0.773291,21.023788,ok
EES0423492__X48__Y2D__P024.jpg,0.843396,22.394854,ok
EES0423492__X09__Y1E__P025.jpg,0.864500,26.633089,ok
EES0423493__X09__Y30__P001.jpg,0.777505,20.160197,ok
EES0423493__X0C__Y33__P002.jpg,0.769833,20.886405,ok
EES0423493__X0F__Y0F__P003.jpg,0.849835,22.217065,ok
EES0423493__X12__Y0C__P004.jpg,0.847317,22.862271,ok
EES0423493__X15__Y09__P005.jpg,0.834042,22.003093,ok
EES0423493__X1B__Y06__P006.jpg,0.867675,22.415733,ok
EES0423493__X1B__Y3F__P007.jpg,0.765418,20.610912,ok
EES0423493__X1E__Y06__P008.jpg,0.882354,24.013407,ok
EES0423493__X1E__Y42__P009.jpg,0.831540,21.468432,ok
EES0423493__X24__Y03__P010.jpg,0.838713,20.708706,ok
EES0423493__X24__Y42__P011.jpg,0.839089,22.021809,ok
EES0423493__X27__Y03__P012.jpg,0.902660,28.108438,ok
EES0423493__X33__Y06__P013.jpg,0.920615,28.577199,ok
EES0423493__X33__Y42__P014.jpg,0.903087,23.561270,ok
EES0423493__X39__Y3F__P015.jpg,0.910996,28.418938,ok
EES0423493__X45__Y15__P016.jpg,0.854018,21.281225,ok
EES0423493__X45__Y33__P017.jpg,0.714336,19.679946,ok
EES0423493__X48__Y2A__P018.jpg,0.836506,21.090267,ok
EES0423493__X48__Y2D__P019.jpg,0.793480,20.951956,ok
EES0423493__X0C__Y27__P020.jpg,0.863883,21.902832,ok
EES0423493__X0C__Y2A__P021.jpg,0.798467,20.309373,ok
EES0423493__X0C__Y2D__P022.jpg,0.829214,21.421827,ok
EES0423493__X0C__Y30__P023.jpg,0.896704,27.884518,ok
EES0423493__X0F__Y2A__P024.jpg,0.839902,22.421416,ok
EES0423493__X12__Y0F__P025.jpg,0.876207,26.922832,ok
EES0423494__X1E__Y39__P001.jpg,0.833565,25.494350,ok
EES0423494__X21__Y2A__P002.jpg,0.881465,25.737863,ok
EES0423494__X21__Y2D__P003.jpg,0.781757,24.819176,ok
EES0423494__X21__Y33__P004.jpg,0.802484,23.894659,ok
EES0423494__X24__Y2A__P005.jpg,0.873514,24.990395,ok
EES0423494__X24__Y2D__P006.jpg,0.826780,23.175683,ok
EES0423494__X24__Y30__P007.jpg,0.842729,26.163267,ok
EES0423494__X27__Y15__P008.jpg,0.878713,26.047846,ok
EES0423494__X27__Y27__P009.jpg,0.742631,23.439208,ok
EES0423494__X2A__Y09__P010.jpg,0.764726,23.872892,ok
EES0423494__X2A__Y12__P011.jpg,0.769712,22.784433,ok
EES0423494__X2A__Y15__P012.jpg,0.824599,23.763989,ok
EES0423494__X2A__Y18__P013.jpg,0.840021,26.060116,ok
EES0423494__X2A__Y2A__P014.jpg,0.734444,21.644617,ok
EES0423494__X2D__Y0C__P015.jpg,0.764441,20.702810,ok
EES0423494__X2D__Y0F__P016.jpg,0.741463,21.339589,ok
EES0423494__X2D__Y12__P017.jpg,0.845681,24.854258,ok
EES0423494__X2D__Y15__P018.jpg,0.789382,21.520360,ok
EES0423494__X2D__Y18__P019.jpg,0.796712,23.030136,ok
EES0423494__X2D__Y1B__P020.jpg,0.891384,23.936657,ok
EES0423494__X2D__Y21__P021.jpg,0.772381,22.327180,ok
EES0423494__X2D__Y24__P022.jpg,0.779783,23.225510,ok
EES0423494__X2D__Y2D__P023.jpg,0.828942,23.765442,ok
EES0423494__X2D__Y30__P024.jpg,0.835584,25.737283,ok
EES0423494__X2D__Y33__P025.jpg,0.778990,23.540434,ok
EES0423495__X2D__Y36__P001.jpg,0.761763,22.600903,ok
EES0423495__X2D__Y39__P002.jpg,0.814777,24.263705,ok
EES0423495__X30__Y06__P003.jpg,0.803300,24.463726,ok
EES0423495__X30__Y09__P004.jpg,0.798843,24.380102,ok
EES0423495__X30__Y0C__P005.jpg,0.847221,26.406345,ok
EES0423495__X30__Y0F__P006.jpg,0.797365,23.281765,ok
EES0423495__X30__Y1B__P007.jpg,0.785019,22.369664,ok
EES0423495__X30__Y1E__P008.jpg,0.816222,23.957176,ok
EES0423495__X30__Y21__P009.jpg,0.877222,27.609518,ok
EES0423495__X30__Y24__P010.jpg,0.767116,22.626043,ok
EES0423495__X30__Y27__P011.jpg,0.796984,23.891507,ok
EES0423495__X30__Y2A__P012.jpg,0.845188,25.233394,ok
EES0423495__X30__Y36__P013.jpg,0.753025,23.153078,ok
EES0423495__X30__Y39__P014.jpg,0.803809,27.869977,ok
EES0423495__X30__Y3C__P015.jpg,0.802817,23.588100,ok
EES0423495__X33__Y1E__P016.jpg,0.783142,24.197860,ok
EES0423495__X33__Y21__P017.jpg,0.868580,28.567785,ok
EES0423495__X33__Y24__P018.jpg,0.831838,24.687312,ok
EES0423495__X33__Y27__P019.jpg,0.851293,24.572589,ok
EES0423495__X36__Y21__P020.jpg,0.795132,22.286764,ok
EES0423495__X36__Y24__P021.jpg,0.810359,23.475829,ok
EES0423495__X39__Y21__P022.jpg,0.757130,22.451400,ok
EES0423495__X39__Y24__P023.jpg,0.769860,23.222745,ok
EES0423495__X39__Y27__P024.jpg,0.840115,24.343731,ok
EES0423495__X3C__Y1B__P025.jpg,0.794210,23.485438,ok
EES0423496__X3C__Y2A__P001.jpg,0.826363,25.231814,ok
EES0423496__X3C__Y2D__P002.jpg,0.815057,24.566292,ok
EES0423496__X3F__Y1B__P003.jpg,0.813460,22.717542,ok
EES0423496__X3F__Y27__P004.jpg,0.733944,21.338374,ok
EES0423496__X3F__Y2A__P005.jpg,0.908422,30.179566,ok
EES0423496__X3F__Y2D__P006.jpg,0.797058,24.727344,ok
EES0423496__X42__Y15__P007.jpg,0.812187,23.508732,ok
EES0423496__X42__Y18__P008.jpg,0.850123,21.917964,ok
EES0423496__X42__Y1B__P009.jpg,0.871083,23.239190,ok
EES0423496__X42__Y1E__P010.jpg,0.865233,25.260532,ok
EES0423496__X42__Y2A__P011.jpg,0.894659,30.089821,ok
EES0423496__X42__Y30__P012.jpg,0.782900,23.355115,ok
EES0423496__X0F__Y1E__P013.jpg,0.821973,25.503290,ok
EES0423496__X12__Y1E__P014.jpg,0.846483,25.075763,ok
EES0423496__X12__Y21__P015.jpg,0.897821,28.419008,ok
EES0423496__X12__Y24__P016.jpg,0.821857,23.548323,ok
EES0423496__X12__Y27__P017.jpg,0.810074,25.629687,ok
EES0423496__X12__Y2A__P018.jpg,0.731068,19.913822,ok
EES0423496__X12__Y2D__P019.jpg,0.873426,23.139393,ok
EES0423496__X15__Y21__P020.jpg,0.883401,26.113870,ok
EES0423496__X15__Y30__P021.jpg,0.898200,26.558952,ok
EES0423496__X15__Y33__P022.jpg,0.838492,24.530657,ok
EES0423496__X15__Y39__P023.jpg,0.822156,23.114810,ok
EES0423496__X15__Y3C__P024.jpg,0.821729,26.149327,ok
EES0423496__X18__Y27__P025.jpg,0.818011,25.465079,ok
EES0423497__X1B__Y12__P001.jpg,0.808609,22.386917,ok
EES0423497__X1B__Y1E__P002.jpg,0.838502,27.239276,ok
EES0423497__X1B__Y27__P003.jpg,0.835690,21.161118,ok
EES0423497__X1B__Y2A__P004.jpg,0.834130,23.357942,ok
EES0423497__X1B__Y2D__P005.jpg,0.813425,25.050235,ok
EES0423497__X1B__Y30__P006.jpg,0.798681,22.114836,ok
EES0423497__X1B__Y33__P007.jpg,0.832766,26.313499,ok
EES0423497__X1B__Y39__P008.jpg,0.686316,20.963124,ok
EES0423497__X1B__Y3C__P009.jpg,0.757256,20.184149,ok
EES0423497__X1B__Y3F__P010.jpg,0.846178,25.877506,ok
EES0423497__X1E__Y1E__P011.jpg,0.786275,23.202748,ok
EES0423497__X1E__Y27__P012.jpg,0.793610,22.700657,ok
EES0423497__X1E__Y2A__P013.jpg,0.846601,25.062579,ok
EES0423497__X1E__Y2D__P014.jpg,0.803280,24.569582,ok
EES0423497__X1E__Y30__P015.jpg,0.825290,22.781516,ok
EES0423497__X1E__Y39__P016.jpg,0.852059,24.184168,ok
EES0423497__X1E__Y3C__P017.jpg,0.827172,22.420367,ok
EES0423497__X21__Y30__P018.jpg,0.781101,21.799308,ok
EES0423497__X21__Y33__P019.jpg,0.801998,22.133148,ok
EES0423497__X21__Y36__P020.jpg,0.829664,24.751310,ok
EES0423497__X21__Y3C__P021.jpg,0.765135,22.324722,ok
EES0423497__X21__Y3F__P022.jpg,0.833321,24.026806,ok
EES0423497__X24__Y1B__P023.jpg,0.863660,29.454845,ok
EES0423497__X24__Y2D__P024.jpg,0.885031,29.536180,ok
EES0423497__X24__Y33__P025.jpg,0.860357,25.092151,ok
EES0423498__X24__Y39__P001.jpg,0.747988,21.708616,ok
EES0423498__X24__Y3C__P002.jpg,0.756076,20.991047,ok
EES0423498__X24__Y3F__P003.jpg,0.791981,23.631116,ok
EES0423498__X27__Y2A__P004.jpg,0.848463,26.284599,ok
EES0423498__X27__Y39__P005.jpg,0.869610,23.984986,ok
EES0423498__X27__Y3F__P006.jpg,0.756842,23.136197,ok
EES0423498__X2A__Y36__P007.jpg,0.789289,22.613381,ok
EES0423498__X2A__Y39__P008.jpg,0.777593,22.253747,ok
EES0423498__X2A__Y3C__P009.jpg,0.851077,25.742677,ok
EES0423498__X2A__Y3F__P010.jpg,0.855106,26.796268,ok
EES0423498__X2D__Y21__P011.jpg,0.736338,22.113985,ok
EES0423498__X2D__Y3C__P012.jpg,0.801763,22.703029,ok
EES0423498__X30__Y0F__P013.jpg,0.797310,23.085629,ok
EES0423498__X30__Y1B__P014.jpg,0.840601,24.957310,ok
EES0423498__X30__Y21__P015.jpg,0.792690,26.431853,ok
EES0423498__X30__Y24__P016.jpg,0.824438,24.302851,ok
EES0423498__X30__Y27__P017.jpg,0.803833,22.019536,ok
EES0423498__X30__Y2A__P018.jpg,0.832539,22.505647,ok
EES0423498__X30__Y30__P019.jpg,0.785968,24.408400,ok
EES0423498__X30__Y33__P020.jpg,0.818747,26.775050,ok
EES0423498__X30__Y39__P021.jpg,0.880656,28.421975,ok
EES0423498__X33__Y12__P022.jpg,0.851826,25.094694,ok
EES0423498__X33__Y39__P023.jpg,0.813364,24.270921,ok
EES0423498__X33__Y3C__P024.jpg,0.811319,24.171234,ok
EES0423498__X33__Y3F__P025.jpg,0.755038,21.977988,ok
EES0423499__X36__Y0F__P001.jpg,0.866079,25.988125,ok
EES0423499__X36__Y12__P002.jpg,0.865254,27.116484,ok
EES0423499__X36__Y15__P003.jpg,0.845293,27.223271,ok
EES0423499__X36__Y18__P004.jpg,0.767600,21.996830,ok
EES0423499__X36__Y1B__P005.jpg,0.918489,31.794480,ok
EES0423499__X36__Y1E__P006.jpg,0.739847,22.285559,ok
EES0423499__X36__Y21__P007.jpg,0.795400,23.864814,ok
EES0423499__X36__Y36__P008.jpg,0.894208,27.994424,ok
EES0423499__X36__Y39__P009.jpg,0.924128,28.169122,ok
EES0423499__X36__Y3F__P010.jpg,0.819730,23.718727,ok
EES0423499__X39__Y27__P011.jpg,0.842860,23.477334,ok
EES0423499__X3C__Y12__P012.jpg,0.761984,20.530534,ok
EES0423499__X3C__Y30__P013.jpg,0.848207,24.941497,ok
EES0423499__X3C__Y36__P014.jpg,0.878970,24.736485,ok
EES0423499__X42__Y1E__P015.jpg,0.773454,22.495178,ok
EES0423499__X42__Y24__P016.jpg,0.815381,22.949071,ok
EES0423499__X0C__Y03__P017.jpg,0.774745,22.855075,ok
EES0423499__X0C__Y06__P018.jpg,0.868946,27.451238,ok
EES0423499__X0F__Y03__P019.jpg,0.843658,25.816814,ok
EES0423499__X0F__Y2D__P020.jpg,0.866045,26.492800,ok
EES0423499__X12__Y12__P021.jpg,0.923871,34.286788,ok
EES0423499__X12__Y15__P022.jpg,0.813491,22.925514,ok
EES0423499__X12__Y18__P023.jpg,0.858647,26.583192,ok
EES0423499__X12__Y1B__P024.jpg,0.752644,21.365251,ok
EES0423499__X12__Y2A__P025.jpg,0.753679,22.262775,ok
EES0423500__X12__Y2D__P001.jpg,0.779021,24.114904,ok
EES0423500__X15__Y15__P002.jpg,0.851434,29.001548,ok
EES0423500__X15__Y18__P003.jpg,0.858049,25.949591,ok
EES0423500__X15__Y1B__P004.jpg,0.859416,23.331542,ok
EES0423500__X15__Y1E__P005.jpg,0.833170,24.392495,ok
EES0423500__X15__Y21__P006.jpg,0.877327,27.999340,ok
EES0423500__X15__Y24__P007.jpg,0.847305,24.590465,ok
EES0423500__X15__Y27__P008.jpg,0.789770,22.489068,ok
EES0423500__X15__Y2A__P009.jpg,0.838032,24.378913,ok
EES0423500__X18__Y1B__P010.jpg,0.830039,25.403204,ok
EES0423500__X18__Y27__P011.jpg,0.870885,28.541585,ok
EES0423500__X1B__Y0C__P012.jpg,0.875311,26.653029,ok
EES0423500__X1B__Y0F__P013.jpg,0.785028,23.435334,ok
EES0423500__X1B__Y12__P014.jpg,0.883608,28.467667,ok
EES0423500__X1B__Y18__P015.jpg,0.889745,28.378810,ok
EES0423500__X1B__Y1B__P016.jpg,0.782034,21.713927,ok
EES0423500__X1B__Y1E__P017.jpg,0.827476,25.188209,ok
EES0423500__X1B__Y21__P018.jpg,0.864403,25.445261,ok
EES0423500__X1B__Y24__P019.jpg,0.807167,20.529293,ok
EES0423500__X1B__Y27__P020.jpg,0.827965,22.451076,ok
EES0423500__X1B__Y2A__P021.jpg,0.804156,24.922171,ok
EES0423500__X1B__Y2D__P022.jpg,0.856858,27.214809,ok
EES0423500__X1B__Y33__P023.jpg,0.829416,23.371903,ok
EES0423500__X1B__Y36__P024.jpg,0.814978,24.811724,ok
EES0423500__X1E__Y12__P025.jpg,0.781860,24.316505,ok
EES0423501__X1E__Y15__P001.jpg,0.855438,24.108366,ok
EES0423501__X1E__Y1B__P002.jpg,0.807283,22.051138,ok
EES0423501__X1E__Y1E__P003.jpg,0.880260,25.266802,ok
EES0423501__X1E__Y21__P004.jpg,0.859898,26.202024,ok
EES0423501__X1E__Y24__P005.jpg,0.752122,22.447318,ok
EES0423501__X1E__Y30__P006.jpg,0.691027,21.267889,ok
EES0423501__X1E__Y33__P007.jpg,0.767147,23.028495,ok
EES0423501__X21__Y12__P008.jpg,0.806995,22.557119,ok
EES0423501__X21__Y15__P009.jpg,0.837527,25.535453,ok
EES0423501__X21__Y18__P010.jpg,0.817893,23.679860,ok
EES0423501__X21__Y1B__P011.jpg,0.817369,24.430292,ok
EES0423501__X24__Y0F__P012.jpg,0.820664,22.868136,ok
EES0423501__X24__Y12__P013.jpg,0.805516,23.146976,ok
EES0423501__X24__Y15__P014.jpg,0.886522,26.819473,ok
EES0423501__X24__Y18__P015.jpg,0.793295,23.035908,ok
EES0423501__X24__Y27__P016.jpg,0.849292,27.379030,ok
EES0423501__X24__Y2A__P017.jpg,0.831987,26.836407,ok
EES0423501__X24__Y33__P018.jpg,0.839218,25.625765,ok
EES0423501__X27__Y15__P019.jpg,0.777695,22.468688,ok
EES0423501__X27__Y1B__P020.jpg,0.776927,24.204982,ok
EES0423501__X27__Y1E__P021.jpg,0.897390,28.032789,ok
EES0423501__X27__Y21__P022.jpg,0.877910,25.699148,ok
EES0423501__X27__Y36__P023.jpg,0.796621,26.475412,ok
EES0423501__X2A__Y18__P024.jpg,0.865146,25.466481,ok
EES0423501__X2A__Y1B__P025.jpg,0.803090,21.501961,ok
EES0423502__X2A__Y21__P001.jpg,0.842873,23.480622,ok
EES0423502__X2A__Y2D__P002.jpg,0.772926,25.063377,ok
EES0423502__X30__Y18__P003.jpg,0.815439,21.681740,ok
EES0423502__X30__Y1B__P004.jpg,0.833860,22.277695,ok
EES0423502__X30__Y1E__P005.jpg,0.896736,33.133039,ok
EES0423502__X30__Y21__P006.jpg,0.852604,26.691363,ok
EES0423502__X30__Y24__P007.jpg,0.803138,20.225233,ok
EES0423502__X30__Y27__P008.jpg,0.768273,23.215366,ok
EES0423502__X30__Y2D__P009.jpg,0.775657,23.091257,ok
EES0423502__X33__Y27__P010.jpg,0.727699,20.551346,ok
EES0423502__X36__Y21__P011.jpg,0.823495,20.416258,ok
EES0423502__X36__Y24__P012.jpg,0.839756,23.668837,ok
EES0423502__X36__Y27__P013.jpg,0.860748,26.623805,ok
EES0423502__X36__Y2A__P014.jpg,0.893943,28.807318,ok
EES0423502__X39__Y27__P015.jpg,0.828705,21.488164,ok
EES0423502__X39__Y2A__P016.jpg,0.802851,25.743521,ok
EES0423502__X3F__Y2D__P017.jpg,0.875944,24.375226,ok
EES0423502__X42__Y27__P018.jpg,0.773607,22.969179,ok
EES0423502__X42__Y2A__P019.jpg,0.848937,26.013293,ok
EES0423502__X42__Y2D__P020.jpg,0.821844,23.809483,ok
EES0423502__X42__Y30__P021.jpg,0.813756,22.359032,ok
EES0423502__X0C__Y27__P022.jpg,0.787135,23.648768,ok
EES0423502__X0F__Y15__P023.jpg,0.906593,30.111180,ok
EES0423502__X15__Y21__P024.jpg,0.845026,26.074429,ok
EES0423502__X1B__Y1E__P025.jpg,0.811114,22.468215,ok
EES0423503__X39__Y1B__P001.jpg,0.800108,21.789229,ok
EES0423503__X3F__Y27__P002.jpg,0.824416,22.400165,ok
EES0423503__X42__Y1B__P003.jpg,0.829431,21.222870,ok
EES0423503__X42__Y27__P004.jpg,0.770929,21.450811,ok
EES0423503__X42__Y2A__P005.jpg,0.866503,25.530673,ok
EES0423503__X42__Y30__P006.jpg,0.829329,22.377588,ok
EES0423503__X09__Y06__P007.jpg,0.814131,21.197420,ok
EES0423503__X09__Y21__P008.jpg,0.848047,25.312411,ok
EES0423503__X09__Y27__P009.jpg,0.816313,24.471232,ok
EES0423503__X0C__Y1B__P010.jpg,0.899105,27.157965,ok
EES0423503__X0C__Y21__P011.jpg,0.802891,23.983910,ok
EES0423503__X0C__Y2D__P012.jpg,0.872173,25.898448,ok
EES0423503__X0C__Y30__P013.jpg,0.795722,22.705839,ok
EES0423503__X0C__Y33__P014.jpg,0.788022,20.524907,ok
EES0423503__X0F__Y1B__P015.jpg,0.882176,26.917195,ok
EES0423503__X0F__Y21__P016.jpg,0.755166,20.335858,ok
EES0423503__X0F__Y27__P017.jpg,0.896591,26.518558,ok
EES0423503__X0F__Y2A__P018.jpg,0.835753,20.744974,ok
EES0423503__X0F__Y2D__P019.jpg,0.784005,22.613853,ok
EES0423503__X0F__Y30__P020.jpg,0.799206,22.582113,ok
EES0423503__X0F__Y33__P021.jpg,0.824476,21.064658,ok
EES0423503__X0F__Y36__P022.jpg,0.869952,25.243953,ok
EES0423503__X12__Y12__P023.jpg,0.851333,23.809547,ok
EES0423503__X12__Y15__P024.jpg,0.812227,22.569314,ok
EES0423503__X12__Y18__P025.jpg,0.881317,27.028771,ok
EES0423504__X1E__Y42__P001.jpg,0.846197,23.909794,ok
EES0423504__X21__Y0C__P002.jpg,0.853652,26.630684,ok
EES0423504__X21__Y3F__P003.jpg,0.815397,21.492359,ok
EES0423504__X21__Y42__P004.jpg,0.790853,20.640212,ok
EES0423504__X24__Y06__P005.jpg,0.759966,20.998950,ok
EES0423504__X24__Y09__P006.jpg,0.816925,23.321971,ok
EES0423504__X24__Y0C__P007.jpg,0.801114,21.045168,ok
EES0423504__X24__Y0F__P008.jpg,0.858282,26.500317,ok
EES0423504__X27__Y09__P009.jpg,0.809738,22.528286,ok
EES0423504__X2A__Y06__P010.jpg,0.703752,19.608267,ok
EES0423504__X2A__Y0C__P011.jpg,0.813499,22.218221,ok
EES0423504__X2D__Y09__P012.jpg,0.754205,22.461457,ok
EES0423504__X33__Y42__P013.jpg,0.833890,21.923599,ok
EES0423504__X36__Y09__P014.jpg,0.780928,22.292561,ok
EES0423504__X3F__Y0F__P015.jpg,0.799487,21.635226,ok
EES0423504__X42__Y12__P016.jpg,0.761210,19.863562,ok
EES0423504__X48__Y2A__P017.jpg,0.857613,24.869004,ok
EES0423504__X12__Y18__P018.jpg,0.869097,26.983179,ok
EES0423504__X12__Y1B__P019.jpg,0.770027,21.434678,ok
EES0423504__X15__Y0F__P020.jpg,0.804976,21.704326,ok
EES0423504__X15__Y18__P021.jpg,0.762777,22.215051,ok
EES0423504__X15__Y1B__P022.jpg,0.789210,21.776878,ok
EES0423504__X15__Y1E__P023.jpg,0.884985,26.576488,ok
EES0423504__X15__Y27__P024.jpg,0.819738,25.539472,ok
EES0423504__X15__Y33__P025.jpg,0.877363,23.801407,ok
EES0423505__X15__Y15__P001.jpg,0.822481,26.651953,ok
EES0423505__X15__Y1B__P002.jpg,0.848875,25.370530,ok
EES0423505__X15__Y24__P003.jpg,0.803908,23.759845,ok
EES0423505__X15__Y27__P004.jpg,0.766195,20.997400,ok
EES0423505__X15__Y2A__P005.jpg,0.869995,25.586328,ok
EES0423505__X15__Y2D__P006.jpg,0.782718,21.606954,ok
EES0423505__X15__Y30__P007.jpg,0.814244,21.204570,ok
EES0423505__X15__Y33__P008.jpg,0.763126,20.260926,ok
EES0423505__X18__Y12__P009.jpg,0.891051,26.963415,ok
EES0423505__X18__Y1B__P010.jpg,0.864482,24.315570,ok
EES0423505__X18__Y21__P011.jpg,0.895467,26.233998,ok
EES0423505__X18__Y27__P012.jpg,0.862484,26.431245,ok
EES0423505__X18__Y2D__P013.jpg,0.793863,25.186566,ok
EES0423505__X18__Y30__P014.jpg,0.806733,24.624313,ok
EES0423505__X18__Y33__P015.jpg,0.789895,25.622738,ok
EES0423505__X18__Y36__P016.jpg,0.828319,24.804152,ok
EES0423505__X1B__Y09__P017.jpg,0.833619,23.973776,ok
EES0423505__X1B__Y12__P018.jpg,0.900845,28.560908,ok
EES0423505__X1B__Y1B__P019.jpg,0.853921,23.353930,ok
EES0423505__X1B__Y1E__P020.jpg,0.793668,24.184111,ok
EES0423505__X1B__Y21__P021.jpg,0.843159,21.744484,ok
EES0423505__X1B__Y24__P022.jpg,0.840940,24.187373,ok
EES0423505__X1B__Y27__P023.jpg,0.814916,22.927448,ok
EES0423505__X1B__Y2D__P024.jpg,0.843848,23.421141,ok
EES0423505__X1B__Y36__P025.jpg,0.859886,23.787861,ok
EES0423506__X1E__Y09__P001.jpg,0.882574,25.103272,ok
EES0423506__X1E__Y12__P002.jpg,0.903808,28.403377,ok
EES0423506__X1E__Y18__P003.jpg,0.837552,27.480092,ok
EES0423506__X1E__Y1B__P004.jpg,0.775803,21.736410,ok
EES0423506__X1E__Y21__P005.jpg,0.847906,24.882743,ok
EES0423506__X1E__Y27__P006.jpg,0.845297,26.066789,ok
EES0423506__X1E__Y30__P007.jpg,0.865805,24.879941,ok
EES0423506__X1E__Y36__P008.jpg,0.882144,26.436430,ok
EES0423506__X21__Y06__P009.jpg,0.806684,22.552364,ok
EES0423506__X21__Y09__P010.jpg,0.845133,23.545118,ok
EES0423506__X21__Y2D__P011.jpg,0.860200,25.076965,ok
EES0423506__X24__Y06__P012.jpg,0.740031,21.082423,ok
EES0423506__X24__Y09__P013.jpg,0.851823,25.653245,ok
EES0423506__X24__Y12__P014.jpg,0.789490,22.232594,ok
EES0423506__X24__Y1E__P015.jpg,0.810842,23.512369,ok
EES0423506__X24__Y27__P016.jpg,0.813601,20.612818,ok
EES0423506__X24__Y2A__P017.jpg,0.748984,20.537012,ok
EES0423506__X27__Y18__P018.jpg,0.812013,22.895328,ok
EES0423506__X27__Y1B__P019.jpg,0.797472,22.762017,ok
EES0423506__X27__Y1E__P020.jpg,0.827429,23.987124,ok
EES0423506__X2A__Y2A__P021.jpg,0.834999,23.430545,ok
EES0423506__X2A__Y33__P022.jpg,0.834427,23.887141,ok
EES0423506__X2D__Y0C__P023.jpg,0.798838,22.996729,ok
EES0423506__X30__Y18__P024.jpg,0.798889,22.115227,ok
EES0423506__X30__Y1B__P025.jpg,0.790525,24.175910,ok
EES0423507__X30__Y27__P001.jpg,0.829609,24.222417,ok
EES0423507__X30__Y30__P002.jpg,0.845551,25.334475,ok
EES0423507__X30__Y36__P003.jpg,0.814822,22.732065,ok
EES0423507__X30__Y39__P004.jpg,0.817299,23.330771,ok
EES0423507__X30__Y3C__P005.jpg,0.838752,25.606877,ok
EES0423507__X33__Y1E__P006.jpg,0.816047,23.739783,ok
EES0423507__X33__Y27__P007.jpg,0.833683,25.611557,ok
EES0423507__X33__Y30__P008.jpg,0.823795,23.678262,ok
EES0423507__X33__Y36__P009.jpg,0.819112,25.413646,ok
EES0423507__X36__Y09__P010.jpg,0.847684,26.428109,ok
EES0423507__X36__Y30__P011.jpg,0.829607,24.341391,ok
EES0423507__X36__Y33__P012.jpg,0.786860,20.798304,ok
EES0423507__X39__Y12__P013.jpg,0.802416,21.409421,ok
EES0423507__X3C__Y1E__P014.jpg,0.787775,23.566444,ok
EES0423507__X3C__Y27__P015.jpg,0.782207,22.510396,ok
EES0423507__X3C__Y2A__P016.jpg,0.844323,25.428198,ok
EES0423507__X0F__Y30__P017.jpg,0.802007,23.897468,ok
EES0423507__X12__Y15__P018.jpg,0.859102,25.299307,ok
EES0423507__X12__Y18__P019.jpg,0.820703,22.348592,ok
EES0423507__X12__Y1B__P020.jpg,0.838388,22.387703,ok
EES0423507__X12__Y21__P021.jpg,0.822686,25.007630,ok
EES0423507__X12__Y24__P022.jpg,0.834142,24.081934,ok
EES0423507__X12__Y27__P023.jpg,0.794806,23.552791,ok
EES0423507__X12__Y2D__P024.jpg,0.834479,26.509183,ok
EES0423507__X12__Y30__P025.jpg,0.887254,27.766588,ok
EES0423508__X12__Y33__P001.jpg,0.784365,22.938253,ok
EES0423508__X12__Y36__P002.jpg,0.813141,25.188271,ok
EES0423508__X15__Y1E__P003.jpg,0.764610,20.162219,ok
EES0423508__X15__Y2A__P004.jpg,0.827866,23.710701,ok
EES0423508__X15__Y2D__P005.jpg,0.859183,24.902778,ok
EES0423508__X15__Y30__P006.jpg,0.795566,24.922211,ok
EES0423508__X15__Y33__P007.jpg,0.877829,25.090172,ok
EES0423508__X18__Y39__P008.jpg,0.746607,22.732394,ok
EES0423508__X1B__Y1B__P009.jpg,0.795893,24.183247,ok
EES0423508__X1B__Y24__P010.jpg,0.811825,22.360996,ok
EES0423508__X1B__Y36__P011.jpg,0.880183,26.436670,ok
EES0423508__X1B__Y39__P012.jpg,0.840827,26.272187,ok
EES0423508__X1E__Y12__P013.jpg,0.850186,24.685106,ok
EES0423508__X1E__Y1E__P014.jpg,0.797700,21.265723,ok
EES0423508__X1E__Y21__P015.jpg,0.732026,21.154857,ok
EES0423508__X1E__Y24__P016.jpg,0.764347,22.543505,ok
EES0423508__X1E__Y2D__P017.jpg,0.833257,24.014416,ok
EES0423508__X1E__Y36__P018.jpg,0.808177,22.259163,ok
EES0423508__X1E__Y39__P019.jpg,0.862992,26.696599,ok
EES0423508__X21__Y15__P020.jpg,0.848569,24.507208,ok
EES0423508__X21__Y2A__P021.jpg,0.732708,20.550195,ok
EES0423508__X21__Y2D__P022.jpg,0.879476,28.635335,ok
EES0423508__X21__Y33__P023.jpg,0.821978,24.252487,ok
EES0423508__X21__Y39__P024.jpg,0.770210,22.722662,ok
EES0423508__X21__Y3C__P025.jpg,0.785413,22.045109,ok
EES0423509__X24__Y0C__P001.jpg,0.867196,27.439229,ok
EES0423509__X24__Y15__P002.jpg,0.856813,24.264784,ok
EES0423509__X24__Y1E__P003.jpg,0.878475,25.537570,ok
EES0423509__X24__Y24__P004.jpg,0.844251,20.215579,ok
EES0423509__X24__Y2A__P005.jpg,0.849194,24.986658,ok
EES0423509__X24__Y2D__P006.jpg,0.787183,20.665074,ok
EES0423509__X24__Y30__P007.jpg,0.812061,26.059928,ok
EES0423509__X24__Y36__P008.jpg,0.888313,26.319455,ok
EES0423509__X24__Y39__P009.jpg,0.809463,23.244434,ok
EES0423509__X24__Y3C__P010.jpg,0.858190,26.628380,ok
EES0423509__X27__Y27__P011.jpg,0.865716,23.678880,ok
EES0423509__X2A__Y2A__P012.jpg,0.819773,22.555780,ok
EES0423509__X2A__Y36__P013.jpg,0.778837,20.896994,ok
EES0423509__X2A__Y39__P014.jpg,0.766262,21.964480,ok
EES0423509__X2D__Y0C__P015.jpg,0.804464,22.754844,ok
EES0423509__X2D__Y0F__P016.jpg,0.823722,25.410603,ok
EES0423509__X2D__Y36__P017.jpg,0.816138,22.789316,ok
EES0423509__X30__Y12__P018.jpg,0.811206,23.049770,ok
EES0423509__X30__Y1B__P019.jpg,0.893107,24.852730,ok
EES0423509__X30__Y1E__P020.jpg,0.905259,30.115139,ok
EES0423509__X30__Y21__P021.jpg,0.824132,23.731215,ok
EES0423509__X30__Y27__P022.jpg,0.806811,22.866633,ok
EES0423509__X30__Y2A__P023.jpg,0.760663,21.887800,ok
EES0423509__X30__Y2D__P024.jpg,0.863075,24.730936,ok
EES0423509__X30__Y30__P025.jpg,0.847312,26.053776,ok
EES0423510__X30__Y36__P001.jpg,0.802078,21.542933,ok
EES0423510__X30__Y39__P002.jpg,0.893546,31.593181,ok
EES0423510__X30__Y3C__P003.jpg,0.797839,21.055351,ok
EES0423510__X33__Y30__P004.jpg,0.841341,22.921889,ok
EES0423510__X33__Y39__P005.jpg,0.868793,24.161069,ok
EES0423510__X36__Y09__P006.jpg,0.825044,21.050875,ok
EES0423510__X36__Y12__P007.jpg,0.807043,22.463904,ok
EES0423510__X36__Y18__P008.jpg,0.805826,22.471826,ok
EES0423510__X36__Y1B__P009.jpg,0.806695,22.318267,ok
EES0423510__X36__Y24__P010.jpg,0.812707,21.260739,ok
EES0423510__X36__Y2A__P011.jpg,0.881046,24.741722,ok
EES0423510__X36__Y36__P012.jpg,0.883737,25.900109,ok
EES0423510__X39__Y1E__P013.jpg,0.792342,20.922310,ok
EES0423510__X39__Y27__P014.jpg,0.778566,20.213860,ok
EES0423510__X12__Y0F__P015.jpg,0.816813,24.367846,ok
EES0423510__X12__Y18__P016.jpg,0.872641,27.698778,ok
EES0423510__X15__Y0C__P017.jpg,0.807238,22.557650,ok
EES0423510__X15__Y0F__P018.jpg,0.790910,21.446743,ok
EES0423510__X18__Y0C__P019.jpg,0.861801,26.460388,ok
EES0423510__X18__Y15__P020.jpg,0.779825,21.278015,ok
EES0423510__X18__Y18__P021.jpg,0.823122,26.870023,ok
EES0423510__X18__Y1E__P022.jpg,0.759069,20.533257,ok
EES0423510__X1B__Y06__P023.jpg,0.795518,23.893238,ok
EES0423510__X1B__Y09__P024.jpg,0.778215,24.197027,ok
EES0423510__X1B__Y0C__P025.jpg,0.831688,21.344549,ok
EES0423511__X1B__Y12__P001.jpg,0.788317,21.585991,ok
EES0423511__X1B__Y1B__P002.jpg,0.808591,22.396381,ok
EES0423511__X1B__Y21__P003.jpg,0.845128,25.078969,ok
EES0423511__X1E__Y09__P004.jpg,0.831194,21.784635,ok
EES0423511__X1E__Y0C__P005.jpg,0.783514,22.316163,ok
EES0423511__X1E__Y12__P006.jpg,0.859906,26.741635,ok
EES0423511__X1E__Y1B__P007.jpg,0.776148,20.871959,ok
EES0423511__X1E__Y24__P008.jpg,0.771232,21.651964,ok
EES0423511__X1E__Y30__P009.jpg,0.812559,21.618999,ok
EES0423511__X1E__Y39__P010.jpg,0.864792,26.152056,ok
EES0423511__X21__Y09__P011.jpg,0.849515,24.338033,ok
EES0423511__X24__Y06__P012.jpg,0.798617,20.715094,ok
EES0423511__X24__Y09__P013.jpg,0.743407,20.437506,ok
EES0423511__X24__Y0C__P014.jpg,0.842596,25.206060,ok
EES0423511__X24__Y0F__P015.jpg,0.772718,21.152936,ok
EES0423511__X24__Y12__P016.jpg,0.845248,25.327214,ok
EES0423511__X24__Y18__P017.jpg,0.767181,21.397368,ok
EES0423511__X24__Y1B__P018.jpg,0.852252,25.233413,ok
EES0423511__X24__Y21__P019.jpg,0.814779,22.678303,ok
EES0423511__X24__Y24__P020.jpg,0.792110,22.590114,ok
EES0423511__X27__Y09__P021.jpg,0.814304,23.276954,ok
EES0423511__X27__Y39__P022.jpg,0.785871,22.591849,ok
EES0423511__X2A__Y06__P023.jpg,0.718082,20.806640,ok
EES0423511__X2A__Y09__P024.jpg,0.822617,21.448572,ok
EES0423511__X2A__Y12__P025.jpg,0.855101,25.824629,ok
EES0423512__X15__Y0C__P001.jpg,0.814815,22.099593,ok
EES0423512__X15__Y39__P002.jpg,0.894223,27.492614,ok
EES0423512__X18__Y09__P003.jpg,0.759750,20.122128,ok
EES0423512__X18__Y3C__P004.jpg,0.767946,20.150088,ok
EES0423512__X1B__Y09__P005.jpg,0.826170,25.089550,ok
EES0423512__X1B__Y3F__P006.jpg,0.768678,20.954949,ok
EES0423512__X1E__Y06__P007.jpg,0.862610,24.998697,ok
EES0423512__X1E__Y42__P008.jpg,0.824985,24.026490,ok
EES0423512__X21__Y06__P009.jpg,0.789657,22.298375,ok
EES0423512__X21__Y42__P010.jpg,0.815518,21.486638,ok
EES0423512__X24__Y42__P011.jpg,0.742136,21.005585,ok
EES0423512__X2D__Y42__P012.jpg,0.822813,23.082998,ok
EES0423512__X30__Y06__P013.jpg,0.903762,27.630003,ok
EES0423512__X30__Y42__P014.jpg,0.820736,22.334125,ok
EES0423512__X33__Y06__P015.jpg,0.860167,24.543234,ok
EES0423512__X36__Y42__P016.jpg,0.867075,25.298641,ok
EES0423512__X39__Y09__P017.jpg,0.712561,20.128998,ok
EES0423512__X3C__Y09__P018.jpg,0.750698,20.746097,ok
EES0423512__X3C__Y3F__P019.jpg,0.854982,26.329487,ok
EES0423512__X3F__Y0C__P020.jpg,0.825427,22.876192,ok
EES0423512__X42__Y39__P021.jpg,0.799071,20.404072,ok
EES0423512__X45__Y0F__P022.jpg,0.717225,19.846006,ok
EES0423512__X45__Y12__P023.jpg,0.753112,20.692567,ok
EES0423512__X45__Y36__P024.jpg,0.908956,31.038955,ok
EES0423512__X45__Y39__P025.jpg,0.860671,26.419410,ok
EES0423513__X2A__Y09__P001.jpg,0.862984,24.485166,ok
EES0423513__X2A__Y0C__P002.jpg,0.767261,20.820168,ok
EES0423513__X2A__Y45__P003.jpg,0.780450,20.015847,ok
EES0423513__X2D__Y09__P004.jpg,0.883440,25.164239,ok
EES0423513__X2D__Y0C__P005.jpg,0.725439,19.305021,ok
EES0423513__X30__Y09__P006.jpg,0.883601,27.716050,ok
EES0423513__X30__Y0C__P007.jpg,0.695211,19.439799,ok
EES0423513__X33__Y0C__P008.jpg,0.807031,21.974902,ok
EES0423513__X33__Y42__P009.jpg,0.874976,26.642329,ok
EES0423513__X36__Y0C__P010.jpg,0.858983,24.220634,ok
EES0423513__X36__Y42__P011.jpg,0.776380,22.083417,ok
EES0423513__X39__Y0C__P012.jpg,0.815558,23.895254,ok
EES0423513__X39__Y3F__P013.jpg,0.868994,24.817820,ok
EES0423513__X3C__Y0F__P014.jpg,0.846490,26.532118,ok
EES0423513__X3F__Y12__P015.jpg,0.845455,22.872922,ok
EES0423513__X42__Y36__P016.jpg,0.776005,22.010164,ok
EES0423513__X45__Y18__P017.jpg,0.794403,21.060656,ok
EES0423513__X45__Y33__P018.jpg,0.878172,22.188249,ok
EES0423513__X48__Y1E__P019.jpg,0.826682,22.921457,ok
EES0423513__X48__Y21__P020.jpg,0.822526,23.357992,ok
EES0423513__X48__Y24__P021.jpg,0.852613,24.371363,ok
EES0423513__X48__Y27__P022.jpg,0.798754,22.354501,ok
EES0423513__X48__Y2A__P023.jpg,0.753380,21.388557,ok
EES0423513__X09__Y15__P024.jpg,0.805747,21.228864,ok
EES0423513__X09__Y18__P025.jpg,0.824398,23.316374,ok
EES0423514__X36__Y3F__P001.jpg,0.855068,21.285613,ok
EES0423514__X39__Y3C__P002.jpg,0.870382,22.425368,ok
EES0423514__X3C__Y06__P003.jpg,0.802850,20.638875,ok
EES0423514__X42__Y36__P004.jpg,0.845559,21.818415,ok
EES0423514__X45__Y33__P005.jpg,0.914429,27.020073,ok
EES0423514__X48__Y12__P006.jpg,0.846072,20.650274,ok
EES0423514__X48__Y15__P007.jpg,0.856271,21.179423,ok
EES0423514__X48__Y2D__P008.jpg,0.871971,21.718152,ok
EES0423514__X09__Y1E__P009.jpg,0.899289,26.102191,ok
EES0423514__X0C__Y24__P010.jpg,0.833597,21.594018,ok
EES0423514__X0C__Y2D__P011.jpg,0.850235,22.046590,ok
EES0423514__X12__Y0F__P012.jpg,0.872946,25.501983,ok
EES0423514__X12__Y1E__P013.jpg,0.837812,21.214948,ok
EES0423514__X15__Y0C__P014.jpg,0.847102,22.005950,ok
EES0423514__X18__Y0C__P015.jpg,0.820940,21.900132,ok
EES0423514__X1E__Y12__P016.jpg,0.873534,25.241885,ok
EES0423514__X1E__Y33__P017.jpg,0.850293,21.551113,ok
EES0423514__X1E__Y3C__P018.jpg,0.863486,23.443826,ok
EES0423514__X21__Y39__P019.jpg,0.852636,21.100616,ok
EES0423514__X24__Y09__P020.jpg,0.884725,23.041436,ok
EES0423514__X24__Y0F__P021.jpg,0.886365,25.539054,ok
EES0423514__X27__Y18__P022.jpg,0.837248,20.602584,ok
EES0423514__X2D__Y30__P023.jpg,0.874221,24.233956,ok
EES0423514__X30__Y1B__P024.jpg,0.763588,20.697209,ok
EES0423514__X30__Y21__P025.jpg,0.844828,23.404933,ok
EES0423515__X30__Y24__P001.jpg,0.806797,20.413636,ok
EES0423515__X30__Y33__P002.jpg,0.870920,23.418903,ok
EES0423515__X33__Y3C__P003.jpg,0.842397,22.806812,ok
EES0423515__X36__Y0F__P004.jpg,0.830785,22.865802,ok
EES0423515__X3C__Y18__P005.jpg,0.866403,23.494422,ok
EES0423515__X3F__Y15__P006.jpg,0.854274,25.823423,ok
EES0423515__X3F__Y24__P007.jpg,0.817927,20.719416,ok
EES0423515__X42__Y1B__P008.jpg,0.851114,22.425217,ok
EES0423515__X42__Y21__P009.jpg,0.872217,26.248741,ok
EES0423515__X42__Y27__P010.jpg,0.848527,22.556057,ok
EES0423515__X42__Y2D__P011.jpg,0.860067,25.484993,ok
EES0423515__X0F__Y1B__P012.jpg,0.871279,23.919736,ok
EES0423515__X0F__Y24__P013.jpg,0.842671,23.007664,ok
EES0423515__X0F__Y27__P014.jpg,0.850214,21.983157,ok
EES0423515__X0F__Y30__P015.jpg,0.801997,20.407706,ok
EES0423515__X12__Y2A__P016.jpg,0.854363,21.769715,ok
EES0423515__X18__Y2A__P017.jpg,0.851451,22.318149,ok
EES0423515__X18__Y2D__P018.jpg,0.874199,22.799332,ok
EES0423515__X1B__Y15__P019.jpg,0.893783,26.594031,ok
EES0423515__X1B__Y1B__P020.jpg,0.879519,24.134489,ok
EES0423515__X1B__Y1E__P021.jpg,0.840770,23.834413,ok
EES0423515__X1B__Y21__P022.jpg,0.849134,24.649174,ok
EES0423515__X1B__Y27__P023.jpg,0.877575,25.321182,ok
EES0423515__X1B__Y2D__P024.jpg,0.823599,22.288600,ok
EES0423515__X1B__Y33__P025.jpg,0.860194,25.012154,ok
EES0423516__X1B__Y36__P001.jpg,0.873308,24.074229,ok
EES0423516__X1B__Y39__P002.jpg,0.868822,25.856253,ok
EES0423516__X1E__Y2D__P003.jpg,0.848339,23.607195,ok
EES0423516__X1E__Y30__P004.jpg,0.882489,25.305666,ok
EES0423516__X21__Y12__P005.jpg,0.843745,23.472713,ok
EES0423516__X21__Y15__P006.jpg,0.896185,23.858385,ok
EES0423516__X21__Y2A__P007.jpg,0.899800,26.378807,ok
EES0423516__X21__Y2D__P008.jpg,0.831577,22.307534,ok
EES0423516__X21__Y39__P009.jpg,0.904815,30.851856,ok
EES0423516__X24__Y0F__P010.jpg,0.836918,23.544486,ok
EES0423516__X24__Y15__P011.jpg,0.883178,22.830668,ok
EES0423516__X24__Y24__P012.jpg,0.879524,25.472795,ok
EES0423516__X24__Y27__P013.jpg,0.875946,25.229445,ok
EES0423516__X24__Y33__P014.jpg,0.887450,23.546749,ok
EES0423516__X24__Y36__P015.jpg,0.893525,25.289715,ok
EES0423516__X24__Y3C__P016.jpg,0.899801,24.725690,ok
EES0423516__X2A__Y2A__P017.jpg,0.870718,26.128626,ok
EES0423516__X2A__Y33__P018.jpg,0.889165,25.274475,ok
EES0423516__X2A__Y36__P019.jpg,0.849976,21.392259,ok
EES0423516__X2A__Y3C__P020.jpg,0.873764,23.424048,ok
EES0423516__X2D__Y39__P021.jpg,0.838254,22.427336,ok
EES0423516__X30__Y12__P022.jpg,0.869974,25.049987,ok
EES0423516__X30__Y15__P023.jpg,0.881361,23.326713,ok
EES0423516__X30__Y18__P024.jpg,0.858377,22.554514,ok
EES0423516__X30__Y1B__P025.jpg,0.908939,29.938351,ok
EES0423517__X30__Y1E__P001.jpg,0.842585,21.462026,ok
EES0423517__X30__Y24__P002.jpg,0.878132,22.510042,ok
EES0423517__X30__Y27__P003.jpg,0.856952,25.158342,ok
EES0423517__X30__Y36__P004.jpg,0.844263,22.138277,ok
EES0423517__X30__Y39__P005.jpg,0.843526,27.534564,ok
EES0423517__X30__Y3C__P006.jpg,0.812278,20.562930,ok
EES0423517__X33__Y12__P007.jpg,0.879627,24.695378,ok
EES0423517__X33__Y1B__P008.jpg,0.860803,22.463600,ok
EES0423517__X33__Y27__P009.jpg,0.853327,23.712013,ok
EES0423517__X33__Y2A__P010.jpg,0.877479,24.632771,ok
EES0423517__X33__Y30__P011.jpg,0.872599,23.999579,ok
EES0423517__X36__Y12__P012.jpg,0.815418,20.797704,ok
EES0423517__X36__Y1E__P013.jpg,0.864467,23.963066,ok
EES0423517__X36__Y21__P014.jpg,0.845860,21.577762,ok
EES0423517__X36__Y24__P015.jpg,0.858383,24.123388,ok
EES0423517__X36__Y27__P016.jpg,0.878870,26.986166,ok
EES0423517__X36__Y2A__P017.jpg,0.849420,23.252891,ok
EES0423517__X36__Y36__P018.jpg,0.871200,22.021986,ok
EES0423517__X36__Y39__P019.jpg,0.860370,24.952144,ok
EES0423517__X36__Y3C__P020.jpg,0.879203,25.167521,ok
EES0423517__X39__Y1B__P021.jpg,0.862076,23.457209,ok
EES0423517__X3C__Y15__P022.jpg,0.867752,24.076827,ok
EES0423517__X3C__Y18__P023.jpg,0.864156,25.197957,ok
EES0423517__X3C__Y24__P024.jpg,0.896163,29.071252,ok
EES0423517__X3C__Y27__P025.jpg,0.848270,21.087490,ok
EES0423518__X3C__Y2A__P001.jpg,0.868878,22.991869,ok
EES0423518__X3C__Y2D__P002.jpg,0.869792,23.787444,ok
EES0423518__X3C__Y30__P003.jpg,0.833298,21.035537,ok
EES0423518__X3C__Y33__P004.jpg,0.838580,22.258093,ok
EES0423518__X3F__Y27__P005.jpg,0.861842,25.115512,ok
EES0423518__X3F__Y30__P006.jpg,0.814042,21.099763,ok
EES0423518__X09__Y1B__P007.jpg,0.808501,20.780349,ok
EES0423518__X0C__Y1E__P008.jpg,0.892536,26.960922,ok
EES0423518__X15__Y0F__P009.jpg,0.845104,22.193604,ok
EES0423518__X15__Y12__P010.jpg,0.782157,21.787288,ok
EES0423518__X15__Y15__P011.jpg,0.840590,23.539133,ok
EES0423518__X18__Y0F__P012.jpg,0.857622,23.130447,ok
EES0423518__X1B__Y09__P013.jpg,0.851935,23.424514,ok
EES0423518__X1B__Y0C__P014.jpg,0.845335,23.838247,ok
EES0423518__X1B__Y1B__P015.jpg,0.868240,25.621191,ok
EES0423518__X1E__Y06__P016.jpg,0.877909,27.027642,ok
EES0423518__X1E__Y09__P017.jpg,0.880167,27.144571,ok
EES0423518__X1E__Y0C__P018.jpg,0.913301,25.534015,ok
EES0423518__X1E__Y12__P019.jpg,0.874518,22.809780,ok
EES0423518__X1E__Y15__P020.jpg,0.853757,23.387351,ok
EES0423518__X1E__Y18__P021.jpg,0.868062,24.610151,ok
EES0423518__X1E__Y1B__P022.jpg,0.851377,23.178020,ok
EES0423518__X1E__Y1E__P023.jpg,0.832288,22.028984,ok
EES0423518__X1E__Y36__P024.jpg,0.846032,21.138371,ok
EES0423518__X1E__Y3C__P025.jpg,0.838892,21.791623,ok
EES0423519__X21__Y09__P001.jpg,0.800585,20.676688,ok
EES0423519__X21__Y0C__P002.jpg,0.830955,20.889450,ok
EES0423519__X21__Y15__P003.jpg,0.805661,20.246663,ok
EES0423519__X24__Y09__P004.jpg,0.809828,20.427085,ok
EES0423519__X24__Y0C__P005.jpg,0.833291,21.141946,ok
EES0423519__X24__Y18__P006.jpg,0.882379,24.732829,ok
EES0423519__X24__Y36__P007.jpg,0.837626,21.946277,ok
EES0423519__X27__Y06__P008.jpg,0.849362,22.755646,ok
EES0423519__X27__Y0C__P009.jpg,0.848618,21.171946,ok
EES0423519__X27__Y0F__P010.jpg,0.795907,21.406375,ok
EES0423519__X2A__Y0C__P011.jpg,0.853259,21.603225,ok
EES0423519__X2D__Y06__P012.jpg,0.848415,22.415356,ok
EES0423519__X2D__Y0F__P013.jpg,0.808090,20.999333,ok
EES0423519__X30__Y06__P014.jpg,0.853848,22.364311,ok
EES0423519__X30__Y0F__P015.jpg,0.796264,21.109286,ok
EES0423519__X30__Y15__P016.jpg,0.849529,21.017142,ok
EES0423519__X30__Y18__P017.jpg,0.844324,20.775392,ok
EES0423519__X33__Y33__P018.jpg,0.862910,24.613012,ok
EES0423519__X36__Y09__P019.jpg,0.888381,25.123653,ok
EES0423519__X36__Y0F__P020.jpg,0.869481,24.183105,ok
EES0423519__X36__Y18__P021.jpg,0.843200,22.103854,ok
EES0423519__X36__Y1B__P022.jpg,0.867505,23.301659,ok
EES0423519__X36__Y30__P023.jpg,0.836492,22.481564,ok
EES0423519__X36__Y33__P024.jpg,0.832833,20.965479,ok
EES0423519__X36__Y36__P025.jpg,0.864478,24.438549,ok
EES0423520__X27__Y0F__P001.jpg,0.859548,24.403650,ok
EES0423520__X27__Y1B__P002.jpg,0.860344,21.760706,ok
EES0423520__X27__Y21__P003.jpg,0.896048,25.727406,ok
EES0423520__X27__Y24__P004.jpg,0.848152,21.519940,ok
EES0423520__X27__Y2D__P005.jpg,0.903853,24.781688,ok
EES0423520__X2A__Y09__P006.jpg,0.890651,28.547297,ok
EES0423520__X2A__Y2A__P007.jpg,0.851240,22.163093,ok
EES0423520__X2D__Y06__P008.jpg,0.843407,20.609941,ok
EES0423520__X2D__Y2A__P009.jpg,0.897394,25.592304,ok
EES0423520__X2D__Y33__P010.jpg,0.859944,22.555214,ok
EES0423520__X2D__Y39__P011.jpg,0.852747,20.923386,ok
EES0423520__X30__Y0F__P012.jpg,0.796079,20.352441,ok
EES0423520__X30__Y12__P013.jpg,0.891699,26.442614,ok
EES0423520__X30__Y15__P014.jpg,0.871197,23.860406,ok
EES0423520__X30__Y1E__P015.jpg,0.851266,22.156190,ok
EES0423520__X30__Y21__P016.jpg,0.886741,25.820788,ok
EES0423520__X30__Y24__P017.jpg,0.878766,24.417054,ok
EES0423520__X30__Y2D__P018.jpg,0.862268,22.883808,ok
EES0423520__X30__Y30__P019.jpg,0.842238,20.744983,ok
EES0423520__X30__Y33__P020.jpg,0.865819,21.489951,ok
EES0423520__X30__Y3C__P021.jpg,0.863606,23.036580,ok
EES0423520__X33__Y27__P022.jpg,0.893216,27.826135,ok
EES0423520__X33__Y30__P023.jpg,0.861821,23.267116,ok
EES0423520__X36__Y09__P024.jpg,0.854070,21.818989,ok
EES0423520__X36__Y0F__P025.jpg,0.870327,23.957418,ok
EES0423521__X36__Y24__P001.jpg,0.866595,20.870244,ok
EES0423521__X36__Y2D__P002.jpg,0.868961,21.565430,ok
EES0423521__X36__Y36__P003.jpg,0.874745,23.143597,ok
EES0423521__X39__Y21__P004.jpg,0.859022,22.257441,ok
EES0423521__X39__Y2A__P005.jpg,0.878058,22.352132,ok
EES0423521__X3C__Y09__P006.jpg,0.887872,24.350005,ok
EES0423521__X3F__Y24__P007.jpg,0.878076,24.524381,ok
EES0423521__X42__Y15__P008.jpg,0.833940,20.662629,ok
EES0423521__X42__Y1B__P009.jpg,0.818752,20.918181,ok
EES0423521__X42__Y27__P010.jpg,0.830715,21.486621,ok
EES0423521__X42__Y2D__P011.jpg,0.891383,23.373272,ok
EES0423521__X45__Y0F__P012.jpg,0.884382,23.836797,ok
EES0423521__X45__Y30__P013.jpg,0.835397,21.491880,ok
EES0423521__X48__Y15__P014.jpg,0.883234,24.420003,ok
EES0423521__X48__Y1E__P015.jpg,0.881070,23.457912,ok
EES0423521__X0F__Y30__P016.jpg,0.894692,26.461779,ok
EES0423521__X0F__Y33__P017.jpg,0.823398,21.145432,ok
EES0423521__X15__Y2D__P018.jpg,0.820043,22.376571,ok
EES0423521__X1E__Y3C__P019.jpg,0.852227,22.593803,ok
EES0423521__X24__Y0F__P020.jpg,0.825984,21.134668,ok
EES0423521__X24__Y12__P021.jpg,0.889442,23.483295,ok
EES0423521__X24__Y15__P022.jpg,0.876468,24.220602,ok
EES0423521__X24__Y18__P023.jpg,0.876295,24.575473,ok
EES0423521__X24__Y1B__P024.jpg,0.864125,23.819430,ok
EES0423521__X24__Y2A__P025.jpg,0.869539,22.943435,ok
EES0423522__X24__Y2D__P001.jpg,0.847196,22.764345,ok
EES0423522__X24__Y30__P002.jpg,0.834453,21.864110,ok
EES0423522__X24__Y36__P003.jpg,0.796287,21.627279,ok
EES0423522__X24__Y39__P004.jpg,0.876835,25.561044,ok
EES0423522__X24__Y3C__P005.jpg,0.864357,23.354541,ok
EES0423522__X27__Y12__P006.jpg,0.835661,22.692096,ok
EES0423522__X2A__Y21__P007.jpg,0.861975,21.881971,ok
EES0423522__X2A__Y24__P008.jpg,0.805964,21.176365,ok
EES0423522__X2D__Y0C__P009.jpg,0.807176,20.715557,ok
EES0423522__X2D__Y0F__P010.jpg,0.820015,21.313206,ok
EES0423522__X2D__Y12__P011.jpg,0.844212,23.500483,ok
EES0423522__X2D__Y1E__P012.jpg,0.873066,26.301116,ok
EES0423522__X30__Y0C__P013.jpg,0.843305,23.744051,ok
EES0423522__X30__Y0F__P014.jpg,0.813550,21.866801,ok
EES0423522__X30__Y12__P015.jpg,0.828014,21.252429,ok
EES0423522__X30__Y1E__P016.jpg,0.831426,23.932511,ok
EES0423522__X33__Y1E__P017.jpg,0.846250,23.271650,ok
EES0423522__X36__Y0F__P018.jpg,0.802042,21.838479,ok
EES0423522__X36__Y12__P019.jpg,0.835535,22.408260,ok
EES0423522__X36__Y21__P020.jpg,0.838649,22.928669,ok
EES0423522__X36__Y2A__P021.jpg,0.839834,23.406203,ok
EES0423522__X36__Y33__P022.jpg,0.843865,24.109889,ok
EES0423522__X36__Y36__P023.jpg,0.845129,24.894400,ok
EES0423522__X36__Y3C__P024.jpg,0.863856,25.407855,ok
EES0423522__X39__Y2D__P025.jpg,0.850604,22.484038,ok
EES0423523__X3C__Y12__P001.jpg,0.828913,22.540145,ok
EES0423523__X3F__Y1B__P002.jpg,0.814430,21.307438,ok
EES0423523__X3F__Y2A__P003.jpg,0.830218,22.554187,ok
EES0423523__X45__Y1E__P004.jpg,0.864604,26.663195,ok
EES0423523__X0C__Y1B__P005.jpg,0.843300,23.378911,ok
EES0423523__X0C__Y1E__P006.jpg,0.863907,23.883670,ok
EES0423523__X0C__Y21__P007.jpg,0.863920,25.960861,ok
EES0423523__X0C__Y24__P008.jpg,0.851953,24.671531,ok
EES0423523__X0C__Y27__P009.jpg,0.830671,22.659377,ok
EES0423523__X0C__Y2A__P010.jpg,0.800272,21.453402,ok
EES0423523__X0C__Y2D__P011.jpg,0.856417,26.596213,ok
EES0423523__X0F__Y18__P012.jpg,0.808783,21.280200,ok
EES0423523__X0F__Y1E__P013.jpg,0.763482,20.322178,ok
EES0423523__X0F__Y24__P014.jpg,0.890299,25.093588,ok
EES0423523__X0F__Y27__P015.jpg,0.877646,27.301762,ok
EES0423523__X0F__Y2A__P016.jpg,0.822636,21.731037,ok
EES0423523__X0F__Y2D__P017.jpg,0.833875,22.137235,ok
EES0423523__X0F__Y30__P018.jpg,0.827415,22.589469,ok
EES0423523__X12__Y0C__P019.jpg,0.864759,24.509606,ok
EES0423523__X12__Y15__P020.jpg,0.752307,20.434027,ok
EES0423523__X12__Y18__P021.jpg,0.859412,24.140762,ok
EES0423523__X12__Y2D__P022.jpg,0.840774,22.727251,ok
EES0423523__X15__Y2D__P023.jpg,0.843006,21.087144,ok
EES0423523__X1B__Y33__P024.jpg,0.805353,21.805173,ok
EES0423523__X1B__Y36__P025.jpg,0.860951,23.772645,ok
EES0423524__X1B__Y39__P001.jpg,0.868426,22.631508,ok
EES0423524__X1E__Y33__P002.jpg,0.795409,21.099212,ok
EES0423524__X1E__Y3C__P003.jpg,0.893089,24.299496,ok
EES0423524__X21__Y36__P004.jpg,0.828990,23.757040,ok
EES0423524__X24__Y03__P005.jpg,0.788679,20.288732,ok
EES0423524__X24__Y33__P006.jpg,0.865062,22.382219,ok
EES0423524__X24__Y39__P007.jpg,0.886139,23.738976,ok
EES0423524__X24__Y3C__P008.jpg,0.896035,26.580269,ok
EES0423524__X27__Y03__P009.jpg,0.866468,24.425182,ok
EES0423524__X27__Y3C__P010.jpg,0.812896,21.027972,ok
EES0423524__X27__Y3F__P011.jpg,0.759505,19.705533,ok
EES0423524__X30__Y3C__P012.jpg,0.879805,25.888075,ok
EES0423524__X30__Y3F__P013.jpg,0.817260,21.133393,ok
EES0423524__X33__Y3C__P014.jpg,0.872784,23.634631,ok
EES0423524__X36__Y03__P015.jpg,0.752905,20.505961,ok
EES0423524__X48__Y1B__P016.jpg,0.807833,20.340436,ok
EES0423524__X48__Y1E__P017.jpg,0.835715,22.665969,ok
EES0423524__X48__Y24__P018.jpg,0.837239,20.711919,ok
EES0423524__X48__Y27__P019.jpg,0.832665,22.752479,ok
EES0423524__X09__Y18__P020.jpg,0.870382,23.629277,ok
EES0423524__X09__Y1E__P021.jpg,0.790743,21.427612,ok
EES0423524__X09__Y21__P022.jpg,0.826875,21.604132,ok
EES0423524__X09__Y24__P023.jpg,0.894006,25.338107,ok
EES0423524__X09__Y27__P024.jpg,0.858839,23.006748,ok
EES0423524__X09__Y2A__P025.jpg,0.763304,19.939409,ok
EES0423525__X09__Y30__P001.jpg,0.870815,22.439347,ok
EES0423525__X0C__Y15__P002.jpg,0.818238,20.596401,ok
EES0423525__X0C__Y18__P003.jpg,0.845417,20.770247,ok
EES0423525__X0C__Y21__P004.jpg,0.873926,21.587077,ok
EES0423525__X0C__Y2D__P005.jpg,0.857885,22.698047,ok
EES0423525__X0C__Y36__P006.jpg,0.829815,21.727969,ok
EES0423525__X0F__Y12__P007.jpg,0.858789,22.945973,ok
EES0423525__X0F__Y15__P008.jpg,0.799804,20.725001,ok
EES0423525__X12__Y0F__P009.jpg,0.792586,21.020900,ok
EES0423525__X15__Y0F__P010.jpg,0.743376,20.217124,ok
EES0423525__X15__Y12__P011.jpg,0.806792,21.517671,ok
EES0423525__X15__Y3F__P012.jpg,0.845303,23.057546,ok
EES0423525__X18__Y0C__P013.jpg,0.832536,20.757928,ok
EES0423525__X18__Y0F__P014.jpg,0.827032,22.813979,ok
EES0423525__X1B__Y09__P015.jpg,0.842427,22.039483,ok
EES0423525__X1B__Y42__P016.jpg,0.822176,21.164375,ok
EES0423525__X1E__Y0C__P017.jpg,0.896039,26.420787,ok
EES0423525__X1E__Y42__P018.jpg,0.899345,27.596862,ok
EES0423525__X21__Y42__P019.jpg,0.860911,22.872390,ok
EES0423525__X24__Y06__P020.jpg,0.794607,20.807271,ok
EES0423525__X2A__Y06__P021.jpg,0.830410,22.627690,ok
EES0423525__X2D__Y09__P022.jpg,0.824598,20.710726,ok
EES0423525__X30__Y06__P023.jpg,0.838152,20.966360,ok
EES0423525__X33__Y09__P024.jpg,0.777792,22.367460,ok
EES0423525__X33__Y42__P025.jpg,0.807282,20.394718,ok
EES0423526__X3C__Y3C__P001.jpg,0.886240,22.929668,ok
EES0423526__X45__Y18__P002.jpg,0.785522,20.569780,ok
EES0423526__X45__Y30__P003.jpg,0.802537,21.472406,ok
EES0423526__X15__Y06__P004.jpg,0.864606,22.112559,ok
EES0423526__X18__Y3C__P005.jpg,0.856756,21.351231,ok
EES0423526__X1E__Y3F__P006.jpg,0.823360,22.094902,ok
EES0423526__X21__Y03__P007.jpg,0.837318,25.730425,ok
EES0423526__X21__Y3F__P008.jpg,0.895680,32.129249,ok
EES0423526__X24__Y03__P009.jpg,0.799110,21.751705,ok
EES0423526__X27__Y03__P010.jpg,0.845554,21.450895,ok
EES0423526__X33__Y03__P011.jpg,0.762872,19.843732,ok
EES0423526__X36__Y3F__P012.jpg,0.815265,21.696477,ok
EES0423526__X3F__Y39__P013.jpg,0.803410,21.263246,ok
EES0423526__X42__Y36__P014.jpg,0.834321,20.624724,ok
EES0423526__X45__Y0F__P015.jpg,0.820098,22.592023,ok
EES0423526__X48__Y15__P016.jpg,0.899203,24.788760,ok
EES0423526__X48__Y18__P017.jpg,0.905528,25.326104,ok
EES0423526__X48__Y2D__P018.jpg,0.821714,21.051189,ok
EES0423526__X0F__Y24__P019.jpg,0.808411,20.963618,ok
EES0423526__X12__Y27__P020.jpg,0.833110,21.122040,ok
EES0423526__X12__Y2A__P021.jpg,0.818005,20.318668,ok
EES0423526__X15__Y09__P022.jpg,0.881105,22.258456,ok
EES0423526__X15__Y33__P023.jpg,0.791328,20.244465,ok
EES0423526__X18__Y0F__P024.jpg,0.843608,26.128215,ok
EES0423526__X18__Y12__P025.jpg,0.833841,21.306670,ok
EES0423527__X18__Y2D__P001.jpg,0.822483,21.789126,ok
EES0423527__X1E__Y06__P002.jpg,0.852064,21.660639,ok
EES0423527__X1E__Y0C__P003.jpg,0.833240,22.824975,ok
EES0423527__X21__Y0C__P004.jpg,0.816358,23.728689,ok
EES0423527__X21__Y24__P005.jpg,0.837944,20.771674,ok
EES0423527__X24__Y12__P006.jpg,0.837300,23.219449,ok
EES0423527__X24__Y2A__P007.jpg,0.861719,23.389811,ok
EES0423527__X24__Y36__P008.jpg,0.865913,25.584565,ok
EES0423527__X2A__Y18__P009.jpg,0.834825,22.028477,ok
EES0423527__X2A__Y1E__P010.jpg,0.851724,24.808249,ok
EES0423527__X2A__Y21__P011.jpg,0.844426,22.427672,ok
EES0423527__X2A__Y2A__P012.jpg,0.847663,22.719160,ok
EES0423527__X2A__Y30__P013.jpg,0.854027,21.798631,ok
EES0423527__X2A__Y3C__P014.jpg,0.849486,22.069162,ok
EES0423527__X2D__Y12__P015.jpg,0.838416,22.121566,ok
EES0423527__X2D__Y2A__P016.jpg,0.810596,20.976579,ok
EES0423527__X30__Y0F__P017.jpg,0.837431,22.684817,ok
EES0423527__X30__Y15__P018.jpg,0.832840,21.224917,ok
EES0423527__X30__Y1E__P019.jpg,0.824064,22.146214,ok
EES0423527__X30__Y21__P020.jpg,0.884207,23.007230,ok
EES0423527__X30__Y33__P021.jpg,0.857083,24.017825,ok
EES0423527__X30__Y39__P022.jpg,0.847493,23.816264,ok
EES0423527__X30__Y3C__P023.jpg,0.830273,21.199452,ok
EES0423527__X30__Y3F__P024.jpg,0.839224,23.232959,ok
EES0423527__X33__Y09__P025.jpg,0.848839,22.839553,ok
EES0423528__X33__Y0C__P001.jpg,0.867269,21.816362,ok
EES0423528__X33__Y18__P002.jpg,0.820265,21.866874,ok
EES0423528__X33__Y1E__P003.jpg,0.885891,24.487271,ok
EES0423528__X33__Y21__P004.jpg,0.817835,20.744409,ok
EES0423528__X33__Y2A__P005.jpg,0.863079,23.505488,ok
EES0423528__X33__Y33__P006.jpg,0.756734,20.150736,ok
EES0423528__X33__Y36__P007.jpg,0.842880,22.214002,ok
EES0423528__X36__Y18__P008.jpg,0.839957,23.367594,ok
EES0423528__X36__Y1B__P009.jpg,0.855361,23.371193,ok
EES0423528__X36__Y1E__P010.jpg,0.878186,23.928429,ok
EES0423528__X36__Y21__P011.jpg,0.854030,23.300466,ok
EES0423528__X36__Y24__P012.jpg,0.824034,22.312569,ok
EES0423528__X36__Y27__P013.jpg,0.780872,19.852159,ok
EES0423528__X36__Y2A__P014.jpg,0.864353,24.111441,ok
EES0423528__X39__Y09__P015.jpg,0.826142,20.641235,ok
EES0423528__X39__Y0F__P016.jpg,0.872260,23.253699,ok
EES0423528__X39__Y18__P017.jpg,0.830750,21.462850,ok
EES0423528__X39__Y1B__P018.jpg,0.852812,23.594936,ok
EES0423528__X39__Y1E__P019.jpg,0.803504,20.735899,ok
EES0423528__X39__Y2A__P020.jpg,0.802594,21.056467,ok
EES0423528__X3C__Y12__P021.jpg,0.846557,21.686426,ok
EES0423528__X3C__Y15__P022.jpg,0.874054,23.088101,ok
EES0423528__X3C__Y18__P023.jpg,0.889685,27.499871,ok
EES0423528__X3C__Y1B__P024.jpg,0.835442,20.605900,ok
EES0423528__X3C__Y1E__P025.jpg,0.818714,21.869586,ok
EES0423529__X3C__Y21__P001.jpg,0.802261,21.172618,ok
EES0423529__X3C__Y27__P002.jpg,0.815225,22.465703,ok
EES0423529__X3F__Y18__P003.jpg,0.791511,22.860030,ok
EES0423529__X3F__Y1B__P004.jpg,0.854088,22.763305,ok
EES0423529__X3F__Y1E__P005.jpg,0.860257,27.731837,ok
EES0423529__X42__Y1B__P006.jpg,0.844733,23.124825,ok
EES0423529__X42__Y1E__P007.jpg,0.790424,20.576138,ok
EES0423529__X0C__Y24__P008.jpg,0.762195,22.098470,ok
EES0423529__X0F__Y24__P009.jpg,0.852967,23.969260,ok
EES0423529__X12__Y21__P010.jpg,0.855311,28.460585,ok
EES0423529__X15__Y24__P011.jpg,0.834379,25.996170,ok
EES0423529__X18__Y24__P012.jpg,0.819633,22.579377,ok
EES0423529__X18__Y30__P013.jpg,0.812390,21.566221,ok
EES0423529__X1B__Y0F__P014.jpg,0.851389,25.053804,ok
EES0423529__X1B__Y12__P015.jpg,0.774010,21.764463,ok
EES0423529__X1B__Y24__P016.jpg,0.811779,22.726633,ok
EES0423529__X1E__Y12__P017.jpg,0.823400,21.021321,ok
EES0423529__X21__Y09__P018.jpg,0.867602,24.726206,ok
EES0423529__X21__Y21__P019.jpg,0.827379,23.475282,ok
EES0423529__X21__Y24__P020.jpg,0.892940,26.683814,ok
EES0423529__X21__Y33__P021.jpg,0.830031,23.733608,ok
EES0423529__X21__Y36__P022.jpg,0.832212,24.523922,ok
EES0423529__X24__Y0F__P023.jpg,0.857260,21.215083,ok
EES0423529__X24__Y18__P024.jpg,0.832332,23.041575,ok
EES0423529__X24__Y1E__P025.jpg,0.806617,21.551380,ok
EES0423530__X1B__Y3C__P001.jpg,0.781997,21.073358,ok
EES0423530__X1B__Y3F__P002.jpg,0.900490,31.855502,ok
EES0423530__X1E__Y09__P003.jpg,0.733382,20.630646,ok
EES0423530__X1E__Y3C__P004.jpg,0.815995,22.922228,ok
EES0423530__X1E__Y3F__P005.jpg,0.774217,20.477475,ok
EES0423530__X21__Y09__P006.jpg,0.813960,23.018176,ok
EES0423530__X24__Y33__P007.jpg,0.780783,20.466235,ok
EES0423530__X24__Y3F__P008.jpg,0.769049,20.728910,ok
EES0423530__X2A__Y09__P009.jpg,0.862747,26.292640,ok
EES0423530__X2A__Y3F__P010.jpg,0.879062,30.118158,ok
EES0423530__X2A__Y42__P011.jpg,0.844703,27.000319,ok
EES0423530__X2D__Y3F__P012.jpg,0.766009,21.000635,ok
EES0423530__X30__Y09__P013.jpg,0.821511,21.071238,ok
EES0423530__X30__Y42__P014.jpg,0.815212,22.833943,ok
EES0423530__X33__Y06__P015.jpg,0.817810,21.766294,ok
EES0423530__X36__Y3F__P016.jpg,0.882029,23.590279,ok
EES0423530__X3F__Y18__P017.jpg,0.826333,23.182054,ok
EES0423530__X42__Y15__P018.jpg,0.763099,19.970696,ok
EES0423530__X42__Y18__P019.jpg,0.803093,20.306566,ok
EES0423530__X45__Y1B__P020.jpg,0.791204,21.135433,ok
EES0423530__X48__Y27__P021.jpg,0.845766,23.036103,ok
EES0423530__X0C__Y18__P022.jpg,0.845368,23.363985,ok
EES0423530__X0C__Y1B__P023.jpg,0.853446,23.240416,ok
EES0423530__X0C__Y1E__P024.jpg,0.864248,23.157705,ok
EES0423530__X0C__Y21__P025.jpg,0.888082,25.734181,ok
