filename,ssim,psnr,status
EES0423671__X12__Y15__P001.jpg,0.769426,17.826891,ok
EES0423671__X12__Y18__P002.jpg,0.752702,20.058919,ok
EES0423671__X12__Y1B__P003.jpg,0.765024,18.402816,ok
EES0423671__X12__Y2A__P004.jpg,0.768603,18.402781,ok
EES0423671__X12__Y2D__P005.jpg,0.838265,19.363043,ok
EES0423671__X15__Y12__P006.jpg,0.768498,20.005031,ok
EES0423671__X15__Y15__P007.jpg,0.711109,18.663520,ok
EES0423671__X15__Y18__P008.jpg,0.756283,17.692219,ok
EES0423671__X15__Y1B__P009.jpg,0.838012,19.434021,ok
EES0423671__X15__Y1E__P010.jpg,0.828744,20.814278,ok
EES0423671__X15__Y21__P011.jpg,0.800276,18.898691,ok
EES0423671__X15__Y27__P012.jpg,0.691451,17.635400,ok
EES0423671__X15__Y2D__P013.jpg,0.828990,19.614560,ok
EES0423671__X15__Y30__P014.jpg,0.829655,18.413991,ok
EES0423671__X18__Y15__P015.jpg,0.761198,18.773919,ok
EES0423671__X18__Y18__P016.jpg,0.772520,17.901555,ok
EES0423671__X18__Y1E__P017.jpg,0.758039,18.812537,ok
EES0423671__X18__Y21__P018.jpg,0.735212,17.393706,ok
EES0423671__X18__Y24__P019.jpg,0.801635,19.581171,ok
EES0423671__X18__Y27__P020.jpg,0.804662,18.794709,ok
EES0423671__X18__Y2A__P021.jpg,0.819739,20.260296,ok
EES0423671__X18__Y2D__P022.jpg,0.733691,19.313415,ok
EES0423671__X18__Y30__P023.jpg,0.734396,18.647719,ok
EES0423671__X18__Y33__P024.jpg,0.782401,20.252728,ok
EES0423671__X1B__Y09__P025.jpg,0.849947,20.002479,ok
EES0423672__X1B__Y18__P001.jpg,0.757314,17.767482,ok
EES0423672__X1B__Y1B__P002.jpg,0.783418,19.439869,ok
EES0423672__X1B__Y1E__P003.jpg,0.755309,17.842491,ok
EES0423672__X1B__Y21__P004.jpg,0.778310,17.999805,ok
EES0423672__X1B__Y24__P005.jpg,0.849980,20.877463,ok
EES0423672__X1B__Y27__P006.jpg,0.819903,19.639233,ok
EES0423672__X1B__Y30__P007.jpg,0.779592,18.468954,ok
EES0423672__X1B__Y33__P008.jpg,0.755342,19.171942,ok
EES0423672__X1B__Y36__P009.jpg,0.725662,18.975596,ok
EES0423672__X1E__Y15__P010.jpg,0.809210,18.727518,ok
EES0423672__X1E__Y18__P011.jpg,0.726847,17.615917,ok
EES0423672__X1E__Y21__P012.jpg,0.798024,19.118347,ok
EES0423672__X1E__Y24__P013.jpg,0.732196,18.995755,ok
EES0423672__X1E__Y27__P014.jpg,0.742513,20.164140,ok
EES0423672__X1E__Y30__P015.jpg,0.802390,19.293711,ok
EES0423672__X1E__Y33__P016.jpg,0.772627,19.519381,ok
EES0423672__X1E__Y36__P017.jpg,0.790777,19.088622,ok
EES0423672__X1E__Y39__P018.jpg,0.734973,18.787003,ok
EES0423672__X21__Y0C__P019.jpg,0.731634,17.310051,ok
EES0423672__X21__Y33__P020.jpg,0.797198,18.389501,ok
EES0423672__X21__Y36__P021.jpg,0.795437,18.355239,ok
EES0423672__X21__Y39__P022.jpg,0.788603,19.348000,ok
EES0423672__X24__Y06__P023.jpg,0.739294,18.278041,ok
EES0423672__X24__Y09__P024.jpg,0.806894,19.352645,ok
EES0423672__X24__Y0C__P025.jpg,0.790590,18.081934,ok
EES0423673__X24__Y36__P001.jpg,0.742954,17.547023,ok
EES0423673__X24__Y39__P002.jpg,0.858907,25.005865,ok
EES0423673__X27__Y0C__P003.jpg,0.831883,23.432234,ok
EES0423673__X27__Y2D__P004.jpg,0.857863,23.082168,ok
EES0423673__X27__Y30__P005.jpg,0.818858,22.057960,ok
EES0423673__X27__Y33__P006.jpg,0.761549,18.046079,ok
EES0423673__X27__Y39__P007.jpg,0.778489,18.290719,ok
EES0423673__X2A__Y33__P008.jpg,0.731708,17.294525,ok
EES0423673__X33__Y09__P009.jpg,0.780323,19.614365,ok
EES0423673__X39__Y21__P010.jpg,0.810256,19.124220,ok
EES0423673__X39__Y24__P011.jpg,0.762581,20.441970,ok
EES0423673__X42__Y27__P012.jpg,0.852882,24.842184,ok
EES0423673__X06__Y09__P013.jpg,0.829352,20.164885,ok
EES0423673__X09__Y1E__P014.jpg,0.943226,32.365175,ok
EES0423673__X09__Y21__P015.jpg,0.872344,22.173165,ok
EES0423673__X09__Y27__P016.jpg,0.800390,18.301165,ok
EES0423673__X0C__Y12__P017.jpg,0.799186,18.256158,ok
EES0423673__X0C__Y15__P018.jpg,0.899560,24.635213,ok
EES0423673__X0C__Y2D__P019.jpg,0.928709,25.219744,ok
EES0423673__X0C__Y30__P020.jpg,0.813923,21.895478,ok
EES0423673__X0F__Y0C__P021.jpg,0.801551,20.362430,ok
EES0423673__X0F__Y0F__P022.jpg,0.868128,23.757985,ok
EES0423673__X0F__Y33__P023.jpg,0.743995,17.705958,ok
EES0423673__X12__Y09__P024.jpg,0.797038,18.830254,ok
EES0423673__X12__Y36__P025.jpg,0.874113,23.025929,ok
EES0423674__X45__Y2D__P001.jpg,0.847364,19.464581,ok
EES0423674__X45__Y30__P002.jpg,0.924090,27.685159,ok
EES0423674__X0F__Y1B__P003.jpg,0.805485,18.290849,ok
EES0423674__X0F__Y24__P004.jpg,0.855189,18.869316,ok
EES0423674__X12__Y27__P005.jpg,0.833252,21.235046,ok
EES0423674__X18__Y06__P006.jpg,0.861504,21.546332,ok
EES0423674__X1B__Y06__P007.jpg,0.835127,19.386621,ok
EES0423674__X1B__Y36__P008.jpg,0.845884,18.718252,ok
EES0423674__X1E__Y06__P009.jpg,0.857990,19.666612,ok
EES0423674__X1E__Y33__P010.jpg,0.918940,27.644498,ok
EES0423674__X21__Y36__P011.jpg,0.836434,18.943802,ok
EES0423674__X21__Y3C__P012.jpg,0.878367,19.057348,ok
EES0423674__X2D__Y06__P013.jpg,0.925837,23.308032,ok
EES0423674__X39__Y3C__P014.jpg,0.891766,26.090503,ok
EES0423674__X0F__Y18__P015.jpg,0.865055,19.799018,ok
EES0423674__X0F__Y21__P016.jpg,0.854906,25.496724,ok
EES0423674__X0F__Y24__P017.jpg,0.839990,20.258167,ok
EES0423674__X0F__Y27__P018.jpg,0.923754,25.559923,ok
EES0423674__X15__Y36__P019.jpg,0.937293,31.279968,ok
EES0423674__X1E__Y06__P020.jpg,0.875979,19.593906,ok
EES0423674__X27__Y3F__P021.jpg,0.837998,19.357103,ok
EES0423674__X33__Y3F__P022.jpg,0.832541,19.783656,ok
EES0423674__X39__Y09__P023.jpg,0.876498,18.903598,ok
EES0423674__X3C__Y0C__P024.jpg,0.858859,19.006434,ok
EES0423674__X42__Y12__P025.jpg,0.823403,18.651146,ok
EES0423675__X42__Y36__P001.jpg,0.795378,20.335731,ok
EES0423675__X48__Y1B__P002.jpg,0.809797,21.234673,ok
EES0423675__X06__Y1E__P003.jpg,0.929494,31.640800,ok
EES0423675__X06__Y21__P004.jpg,0.903124,24.203716,ok
EES0423675__X06__Y24__P005.jpg,0.865121,20.681745,ok
EES0423675__X06__Y27__P006.jpg,0.887420,22.426784,ok
EES0423675__X09__Y18__P007.jpg,0.906041,26.640772,ok
EES0423675__X09__Y1B__P008.jpg,0.815458,17.904864,ok
EES0423675__X09__Y2A__P009.jpg,0.888983,20.022769,ok
EES0423675__X09__Y2D__P010.jpg,0.752097,18.004412,ok
EES0423675__X0C__Y12__P011.jpg,0.847566,22.526935,ok
EES0423675__X0C__Y15__P012.jpg,0.798552,18.142008,ok
EES0423675__X0C__Y18__P013.jpg,0.824368,19.031025,ok
EES0423675__X0C__Y33__P014.jpg,0.733527,18.571525,ok
EES0423675__X0F__Y0F__P015.jpg,0.839959,22.809210,ok
EES0423675__X15__Y3C__P016.jpg,0.936924,27.751720,ok
EES0423675__X1E__Y03__P017.jpg,0.860338,19.064004,ok
EES0423675__X1E__Y3F__P018.jpg,0.915270,20.108480,ok
EES0423675__X21__Y03__P019.jpg,0.807141,19.579935,ok
EES0423675__X27__Y03__P020.jpg,0.879355,22.209629,ok
EES0423675__X2A__Y03__P021.jpg,0.873390,20.972256,ok
EES0423675__X2A__Y3F__P022.jpg,0.845305,21.616494,ok
EES0423675__X2D__Y03__P023.jpg,0.738875,18.849534,ok
EES0423675__X2D__Y3F__P024.jpg,0.835781,21.184905,ok
EES0423675__X30__Y3F__P025.jpg,0.856774,22.749985,ok
EES0423676__X33__Y3C__P001.jpg,0.845692,20.175431,ok
EES0423676__X36__Y09__P002.jpg,0.822928,18.965225,ok
EES0423676__X36__Y3C__P003.jpg,0.860613,24.197661,ok
EES0423676__X39__Y0C__P004.jpg,0.868819,21.256072,ok
EES0423676__X39__Y39__P005.jpg,0.822568,18.660207,ok
EES0423676__X3C__Y0C__P006.jpg,0.812699,20.572378,ok
EES0423676__X3C__Y0F__P007.jpg,0.874849,24.402039,ok
EES0423676__X3C__Y33__P008.jpg,0.836267,19.727603,ok
EES0423676__X3C__Y36__P009.jpg,0.928362,25.775106,ok
EES0423676__X3F__Y0F__P010.jpg,0.829249,18.262864,ok
EES0423676__X3F__Y12__P011.jpg,0.851756,22.025099,ok
EES0423676__X3F__Y2D__P012.jpg,0.944033,28.163350,ok
EES0423676__X3F__Y30__P013.jpg,0.796619,17.877244,ok
EES0423676__X42__Y0F__P014.jpg,0.818324,21.115378,ok
EES0423676__X42__Y15__P015.jpg,0.854066,19.394815,ok
EES0423676__X42__Y18__P016.jpg,0.848801,20.836019,ok
EES0423676__X42__Y1B__P017.jpg,0.816743,18.939204,ok
EES0423676__X42__Y1E__P018.jpg,0.876942,21.209246,ok
EES0423676__X42__Y21__P019.jpg,0.859470,20.585860,ok
EES0423676__X42__Y24__P020.jpg,0.895495,24.815280,ok
EES0423676__X42__Y27__P021.jpg,0.796190,18.082965,ok
EES0423676__X42__Y2A__P022.jpg,0.890210,22.616850,ok
EES0423676__X45__Y18__P023.jpg,0.827616,18.486441,ok
EES0423676__X0F__Y24__P024.jpg,0.797912,19.491461,ok
EES0423676__X1E__Y3C__P025.jpg,0.913394,21.893217,ok
EES0423677__X21__Y0C__P001.jpg,0.679390,16.918726,ok
EES0423677__X2A__Y2D__P002.jpg,0.849306,19.860946,ok
EES0423677__X33__Y09__P003.jpg,0.799193,18.796618,ok
EES0423677__X36__Y3F__P004.jpg,0.727422,17.404202,ok
EES0423677__X39__Y1B__P005.jpg,0.852832,20.091632,ok
EES0423677__X3C__Y0F__P006.jpg,0.859882,20.351180,ok
EES0423677__X3F__Y12__P007.jpg,0.908779,25.170593,ok
EES0423677__X12__Y1B__P008.jpg,0.925241,25.858367,ok
EES0423677__X15__Y18__P009.jpg,0.772486,19.625574,ok
EES0423677__X15__Y1B__P010.jpg,0.719547,17.955873,ok
EES0423677__X15__Y2D__P011.jpg,0.665629,16.739637,ok
EES0423677__X18__Y21__P012.jpg,0.728571,18.133146,ok
EES0423677__X18__Y24__P013.jpg,0.807536,20.056636,ok
EES0423677__X18__Y33__P014.jpg,0.789338,17.804313,ok
EES0423677__X1B__Y21__P015.jpg,0.714084,17.612087,ok
EES0423677__X1B__Y24__P016.jpg,0.810731,18.781956,ok
EES0423677__X1B__Y27__P017.jpg,0.783451,18.469082,ok
EES0423677__X1E__Y12__P018.jpg,0.751375,19.394537,ok
EES0423677__X1E__Y24__P019.jpg,0.801347,19.606814,ok
EES0423677__X1E__Y39__P020.jpg,0.770590,17.715373,ok
EES0423677__X1E__Y3C__P021.jpg,0.778482,19.066485,ok
EES0423677__X21__Y33__P022.jpg,0.801372,19.769703,ok
EES0423677__X21__Y39__P023.jpg,0.861527,18.514711,ok
EES0423677__X24__Y3F__P024.jpg,0.734174,18.171492,ok
EES0423677__X27__Y09__P025.jpg,0.724830,17.555813,ok
EES0423678__X27__Y39__P001.jpg,0.841966,20.775524,ok
EES0423678__X27__Y3F__P002.jpg,0.758591,18.354355,ok
EES0423678__X2A__Y18__P003.jpg,0.798422,19.133478,ok
EES0423678__X2A__Y3C__P004.jpg,0.929072,29.050732,ok
EES0423678__X30__Y09__P005.jpg,0.835082,18.311553,ok
EES0423678__X30__Y12__P006.jpg,0.869181,19.774037,ok
EES0423678__X30__Y3F__P007.jpg,0.812597,20.818636,ok
EES0423678__X33__Y33__P008.jpg,0.895129,21.760957,ok
EES0423678__X33__Y3C__P009.jpg,0.658653,16.852679,ok
EES0423678__X3C__Y1E__P010.jpg,0.902373,23.401370,ok
EES0423678__X3C__Y27__P011.jpg,0.782599,18.338783,ok
EES0423678__X3C__Y30__P012.jpg,0.910667,25.598667,ok
EES0423678__X3F__Y2A__P013.jpg,0.747354,19.573181,ok
EES0423678__X42__Y21__P014.jpg,0.822642,20.386656,ok
EES0423678__X45__Y21__P015.jpg,0.790490,18.356878,ok
EES0423678__X0F__Y1B__P016.jpg,0.923256,23.763581,ok
EES0423678__X0F__Y1E__P017.jpg,0.829582,19.408644,ok
EES0423678__X0F__Y21__P018.jpg,0.863750,22.897152,ok
EES0423678__X0F__Y24__P019.jpg,0.717011,18.267346,ok
EES0423678__X0F__Y27__P020.jpg,0.710880,18.290133,ok
EES0423678__X0F__Y2A__P021.jpg,0.799745,19.003032,ok
EES0423678__X12__Y12__P022.jpg,0.746869,18.499806,ok
EES0423678__X12__Y15__P023.jpg,0.865830,23.983756,ok
EES0423678__X12__Y18__P024.jpg,0.772252,19.022322,ok
EES0423678__X12__Y1B__P025.jpg,0.814792,19.743947,ok
EES0423679__X27__Y06__P001.jpg,0.860189,20.660996,ok
EES0423679__X2A__Y06__P002.jpg,0.727579,18.048226,ok
EES0423679__X2D__Y06__P003.jpg,0.909753,26.133437,ok
EES0423679__X30__Y06__P004.jpg,0.833570,21.411520,ok
EES0423679__X33__Y3F__P005.jpg,0.824039,20.325119,ok
EES0423679__X36__Y03__P006.jpg,0.925228,24.160055,ok
EES0423679__X36__Y09__P007.jpg,0.900850,25.320559,ok
EES0423679__X39__Y09__P008.jpg,0.781598,21.388443,ok
EES0423679__X39__Y3C__P009.jpg,0.814630,18.726534,ok
EES0423679__X42__Y12__P010.jpg,0.889292,19.697631,ok
EES0423679__X45__Y15__P011.jpg,0.901539,26.665972,ok
EES0423679__X45__Y30__P012.jpg,0.856871,24.162906,ok
EES0423679__X45__Y45__P013.jpg,0.801719,19.550079,ok
EES0423679__X48__Y18__P014.jpg,0.833488,18.564501,ok
EES0423679__X48__Y1B__P015.jpg,0.911442,26.361476,ok
EES0423679__X48__Y1E__P016.jpg,0.731918,17.522584,ok
EES0423679__X48__Y21__P017.jpg,0.799734,20.843192,ok
EES0423679__X48__Y24__P018.jpg,0.857944,20.334237,ok
EES0423679__X48__Y27__P019.jpg,0.922319,22.891356,ok
EES0423679__X48__Y2A__P020.jpg,0.908814,25.167211,ok
EES0423679__X0F__Y1B__P021.jpg,0.935577,25.129642,ok
EES0423679__X0F__Y2A__P022.jpg,0.727630,17.708549,ok
EES0423679__X0F__Y2D__P023.jpg,0.881552,25.715321,ok
EES0423679__X12__Y12__P024.jpg,0.874189,21.652780,ok
EES0423679__X12__Y15__P025.jpg,0.830242,19.244578,ok
EES0423680__X12__Y18__P001.jpg,0.865753,22.474156,ok
EES0423680__X12__Y1B__P002.jpg,0.822331,19.148149,ok
EES0423680__X12__Y1E__P003.jpg,0.719662,16.994579,ok
EES0423680__X12__Y24__P004.jpg,0.770860,18.711273,ok
EES0423680__X12__Y27__P005.jpg,0.704262,16.956818,ok
EES0423680__X12__Y30__P006.jpg,0.698704,17.091798,ok
EES0423680__X12__Y36__P007.jpg,0.763216,19.243595,ok
EES0423680__X15__Y12__P008.jpg,0.854811,18.656495,ok
EES0423680__X15__Y18__P009.jpg,0.829169,19.770453,ok
EES0423680__X15__Y1B__P010.jpg,0.778947,18.246782,ok
EES0423680__X15__Y21__P011.jpg,0.733023,18.047790,ok
EES0423680__X15__Y27__P012.jpg,0.775391,18.669542,ok
EES0423680__X15__Y30__P013.jpg,0.688112,17.640413,ok
EES0423680__X15__Y33__P014.jpg,0.723195,17.274906,ok
EES0423680__X15__Y36__P015.jpg,0.768716,18.976297,ok
EES0423680__X18__Y0F__P016.jpg,0.896984,20.705533,ok
EES0423680__X18__Y1E__P017.jpg,0.929784,27.373573,ok
EES0423680__X18__Y21__P018.jpg,0.741208,18.975047,ok
EES0423680__X18__Y33__P019.jpg,0.743530,17.717625,ok
EES0423680__X18__Y36__P020.jpg,0.738679,18.090582,ok
EES0423680__X18__Y39__P021.jpg,0.758403,18.015417,ok
EES0423680__X1B__Y0C__P022.jpg,0.869450,21.150078,ok
EES0423680__X1B__Y36__P023.jpg,0.712627,16.809302,ok
EES0423680__X1B__Y39__P024.jpg,0.791710,19.246940,ok
EES0423680__X1E__Y09__P025.jpg,0.909500,25.028389,ok
EES0423681__X1E__Y33__P001.jpg,0.857766,19.543811,ok
EES0423681__X1E__Y3C__P002.jpg,0.791824,18.678992,ok
EES0423681__X21__Y3C__P003.jpg,0.944079,31.624816,ok
EES0423681__X24__Y3F__P004.jpg,0.902050,22.397793,ok
EES0423681__X27__Y3F__P005.jpg,0.758382,17.371702,ok
EES0423681__X2A__Y09__P006.jpg,0.852193,20.114943,ok
EES0423681__X2A__Y3F__P007.jpg,0.746356,18.621872,ok
EES0423681__X2D__Y3C__P008.jpg,0.809366,17.865132,ok
EES0423681__X2D__Y3F__P009.jpg,0.835540,20.887761,ok
EES0423681__X30__Y09__P010.jpg,0.818705,18.755807,ok
EES0423681__X30__Y3C__P011.jpg,0.808279,17.804028,ok
EES0423681__X36__Y33__P012.jpg,0.860935,21.951619,ok
EES0423681__X36__Y36__P013.jpg,0.858060,21.190460,ok
EES0423681__X36__Y39__P014.jpg,0.779877,17.999120,ok
EES0423681__X39__Y36__P015.jpg,0.831234,18.713787,ok
EES0423681__X39__Y39__P016.jpg,0.815544,21.136588,ok
EES0423681__X3C__Y2A__P017.jpg,0.794000,20.008352,ok
EES0423681__X3F__Y30__P018.jpg,0.926644,23.068739,ok
EES0423681__X42__Y21__P019.jpg,0.853800,22.038736,ok
EES0423681__X42__Y2A__P020.jpg,0.947111,29.214539,ok
EES0423681__X0C__Y12__P021.jpg,0.886820,23.215886,ok
EES0423681__X0C__Y1E__P022.jpg,0.806461,17.703931,ok
EES0423681__X0F__Y18__P023.jpg,0.783120,18.454203,ok
EES0423681__X0F__Y1B__P024.jpg,0.673846,16.808263,ok
EES0423681__X0F__Y24__P025.jpg,0.816084,18.236810,ok
EES0423682__X42__Y30__P001.jpg,0.830177,22.143581,ok
EES0423682__X45__Y15__P002.jpg,0.849373,22.836282,ok
EES0423682__X45__Y2A__P003.jpg,0.786005,19.457577,ok
EES0423682__X0F__Y1E__P004.jpg,0.768518,19.374013,ok
EES0423682__X12__Y12__P005.jpg,0.916000,24.662245,ok
EES0423682__X12__Y18__P006.jpg,0.823354,19.611157,ok
EES0423682__X12__Y1B__P007.jpg,0.838036,21.509498,ok
EES0423682__X12__Y1E__P008.jpg,0.929827,28.738198,ok
EES0423682__X12__Y21__P009.jpg,0.769745,20.539070,ok
EES0423682__X12__Y24__P010.jpg,0.779031,20.140891,ok
EES0423682__X12__Y2A__P011.jpg,0.839664,21.067607,ok
EES0423682__X15__Y12__P012.jpg,0.779746,18.257081,ok
EES0423682__X15__Y15__P013.jpg,0.816088,21.765785,ok
EES0423682__X15__Y18__P014.jpg,0.846362,18.436953,ok
EES0423682__X15__Y1B__P015.jpg,0.903107,23.371606,ok
EES0423682__X15__Y21__P016.jpg,0.890335,25.538188,ok
EES0423682__X15__Y24__P017.jpg,0.777269,19.977522,ok
EES0423682__X15__Y27__P018.jpg,0.797081,22.157105,ok
EES0423682__X15__Y2A__P019.jpg,0.930116,22.735537,ok
EES0423682__X15__Y33__P020.jpg,0.891018,21.012521,ok
EES0423682__X18__Y0C__P021.jpg,0.790499,23.283463,ok
EES0423682__X18__Y12__P022.jpg,0.795624,20.074967,ok
EES0423682__X18__Y18__P023.jpg,0.833115,20.426630,ok
EES0423682__X18__Y1B__P024.jpg,0.825543,21.463777,ok
EES0423682__X18__Y24__P025.jpg,0.735603,18.012452,ok
EES0423683__X1B__Y09__P001.jpg,0.849329,24.108125,ok
EES0423683__X1B__Y0F__P002.jpg,0.824736,21.724840,ok
EES0423683__X1B__Y12__P003.jpg,0.847319,21.790097,ok
EES0423683__X1B__Y15__P004.jpg,0.847818,20.331399,ok
EES0423683__X1B__Y1B__P005.jpg,0.773856,20.258666,ok
EES0423683__X1B__Y1E__P006.jpg,0.874639,21.961061,ok
EES0423683__X1B__Y21__P007.jpg,0.827101,21.016031,ok
EES0423683__X1B__Y24__P008.jpg,0.780042,18.330166,ok
EES0423683__X1E__Y24__P009.jpg,0.808787,18.616553,ok
EES0423683__X1E__Y2D__P010.jpg,0.750200,19.809829,ok
EES0423683__X1E__Y30__P011.jpg,0.798649,20.794702,ok
EES0423683__X1E__Y33__P012.jpg,0.853601,21.847264,ok
EES0423683__X1E__Y36__P013.jpg,0.765434,18.910415,ok
EES0423683__X21__Y06__P014.jpg,0.844305,22.339577,ok
EES0423683__X24__Y2A__P015.jpg,0.820368,19.014853,ok
EES0423683__X24__Y2D__P016.jpg,0.719304,17.936341,ok
EES0423683__X24__Y30__P017.jpg,0.813368,21.379547,ok
EES0423683__X27__Y21__P018.jpg,0.797890,20.963604,ok
EES0423683__X27__Y2A__P019.jpg,0.848146,22.504736,ok
EES0423683__X27__Y2D__P020.jpg,0.763313,19.476306,ok
EES0423683__X2A__Y2D__P021.jpg,0.844593,21.639227,ok
EES0423683__X2D__Y2A__P022.jpg,0.768978,19.392155,ok
EES0423683__X2D__Y30__P023.jpg,0.767024,20.572918,ok
EES0423683__X30__Y24__P024.jpg,0.831448,21.889566,ok
EES0423683__X30__Y33__P025.jpg,0.831492,19.890909,ok
EES0423684__X30__Y36__P001.jpg,0.762509,18.015967,ok
EES0423684__X30__Y39__P002.jpg,0.853381,22.396390,ok
EES0423684__X33__Y24__P003.jpg,0.657994,17.416919,ok
EES0423684__X33__Y2D__P004.jpg,0.718279,19.035664,ok
EES0423684__X33__Y33__P005.jpg,0.903439,24.323656,ok
EES0423684__X33__Y39__P006.jpg,0.874674,24.479360,ok
EES0423684__X33__Y3C__P007.jpg,0.771560,20.866645,ok
EES0423684__X36__Y18__P008.jpg,0.773227,21.836099,ok
EES0423684__X36__Y21__P009.jpg,0.814319,19.366012,ok
EES0423684__X36__Y24__P010.jpg,0.842997,20.768652,ok
EES0423684__X36__Y27__P011.jpg,0.862237,23.678435,ok
EES0423684__X36__Y2A__P012.jpg,0.811822,20.874860,ok
EES0423684__X36__Y30__P013.jpg,0.772177,18.933055,ok
EES0423684__X36__Y33__P014.jpg,0.718627,20.062994,ok
EES0423684__X36__Y36__P015.jpg,0.668419,17.784176,ok
EES0423684__X36__Y39__P016.jpg,0.839621,20.033189,ok
EES0423684__X36__Y3C__P017.jpg,0.826357,21.185113,ok
EES0423684__X39__Y24__P018.jpg,0.789381,19.208902,ok
EES0423684__X39__Y27__P019.jpg,0.787663,20.571328,ok
EES0423684__X39__Y30__P020.jpg,0.758281,18.241531,ok
EES0423684__X3C__Y33__P021.jpg,0.713181,18.553116,ok
EES0423684__X3F__Y30__P022.jpg,0.701121,20.318222,ok
EES0423684__X3F__Y33__P023.jpg,0.946435,28.220098,ok
EES0423684__X45__Y2A__P024.jpg,0.835033,21.228740,ok
EES0423684__X45__Y2D__P025.jpg,0.931159,28.820797,ok
EES0423685__X12__Y27__P001.jpg,0.833879,18.618440,ok
EES0423685__X15__Y1B__P002.jpg,0.728298,17.558912,ok
EES0423685__X15__Y1E__P003.jpg,0.783788,18.966478,ok
EES0423685__X15__Y27__P004.jpg,0.697543,17.114508,ok
EES0423685__X15__Y2D__P005.jpg,0.864399,20.359990,ok
EES0423685__X18__Y1B__P006.jpg,0.808577,18.733063,ok
EES0423685__X1B__Y0F__P007.jpg,0.801898,19.792544,ok
EES0423685__X1B__Y12__P008.jpg,0.768845,17.945749,ok
EES0423685__X1B__Y21__P009.jpg,0.655597,17.313034,ok
EES0423685__X1E__Y12__P010.jpg,0.694768,16.756775,ok
EES0423685__X1E__Y21__P011.jpg,0.705794,19.149515,ok
EES0423685__X1E__Y24__P012.jpg,0.762301,18.242900,ok
EES0423685__X1E__Y30__P013.jpg,0.765957,20.724718,ok
EES0423685__X1E__Y33__P014.jpg,0.777960,18.524228,ok
EES0423685__X1E__Y36__P015.jpg,0.762657,18.885881,ok
EES0423685__X21__Y12__P016.jpg,0.735877,19.361190,ok
EES0423685__X21__Y2D__P017.jpg,0.718589,17.636815,ok
EES0423685__X21__Y33__P018.jpg,0.779123,19.158109,ok
EES0423685__X24__Y24__P019.jpg,0.718058,17.643112,ok
EES0423685__X24__Y27__P020.jpg,0.772218,18.766879,ok
EES0423685__X24__Y36__P021.jpg,0.719759,17.421143,ok
EES0423685__X24__Y39__P022.jpg,0.891676,25.246460,ok
EES0423685__X27__Y0C__P023.jpg,0.763828,17.790015,ok
EES0423685__X27__Y2A__P024.jpg,0.823375,19.861464,ok
EES0423685__X27__Y30__P025.jpg,0.756290,18.471780,ok
EES0423686__X27__Y36__P001.jpg,0.778356,19.828168,ok
EES0423686__X27__Y39__P002.jpg,0.812369,20.399140,ok
EES0423686__X2A__Y18__P003.jpg,0.765585,18.736950,ok
EES0423686__X2D__Y1E__P004.jpg,0.778356,20.172824,ok
EES0423686__X2D__Y30__P005.jpg,0.789302,20.186263,ok
EES0423686__X30__Y12__P006.jpg,0.774098,20.871920,ok
EES0423686__X30__Y1B__P007.jpg,0.747804,18.411392,ok
EES0423686__X30__Y1E__P008.jpg,0.769429,20.191460,ok
EES0423686__X30__Y21__P009.jpg,0.757132,17.778289,ok
EES0423686__X30__Y2D__P010.jpg,0.792299,19.900892,ok
EES0423686__X30__Y3C__P011.jpg,0.772680,18.544449,ok
EES0423686__X33__Y0C__P012.jpg,0.846581,20.547954,ok
EES0423686__X33__Y0F__P013.jpg,0.797082,18.312885,ok
EES0423686__X33__Y18__P014.jpg,0.710317,17.798088,ok
EES0423686__X36__Y15__P015.jpg,0.703114,17.529884,ok
EES0423686__X36__Y18__P016.jpg,0.699329,18.156101,ok
EES0423686__X39__Y0F__P017.jpg,0.736803,18.870465,ok
EES0423686__X3C__Y1E__P018.jpg,0.863729,19.319675,ok
EES0423686__X3F__Y2D__P019.jpg,0.787340,19.213706,ok
EES0423686__X42__Y15__P020.jpg,0.797992,18.299893,ok
EES0423686__X42__Y1B__P021.jpg,0.736791,17.393099,ok
EES0423686__X42__Y21__P022.jpg,0.711657,17.737258,ok
EES0423686__X12__Y1B__P023.jpg,0.808906,20.536404,ok
EES0423686__X12__Y1E__P024.jpg,0.742125,17.403145,ok
EES0423686__X12__Y21__P025.jpg,0.805737,19.961414,ok
EES0423687__X15__Y36__P001.jpg,0.895613,25.886350,ok
EES0423687__X18__Y21__P002.jpg,0.759563,18.974772,ok
EES0423687__X18__Y24__P003.jpg,0.793564,20.023869,ok
EES0423687__X1B__Y0C__P004.jpg,0.925152,25.937597,ok
EES0423687__X1B__Y3C__P005.jpg,0.718472,19.136199,ok
EES0423687__X1E__Y09__P006.jpg,0.763145,19.964214,ok
EES0423687__X1E__Y0C__P007.jpg,0.912284,24.962552,ok
EES0423687__X21__Y09__P008.jpg,0.943706,31.220558,ok
EES0423687__X21__Y3F__P009.jpg,0.688569,18.910308,ok
EES0423687__X24__Y06__P010.jpg,0.669923,17.556515,ok
EES0423687__X24__Y09__P011.jpg,0.896299,24.415790,ok
EES0423687__X24__Y15__P012.jpg,0.919955,26.644507,ok
EES0423687__X24__Y30__P013.jpg,0.706213,17.635039,ok
EES0423687__X24__Y3F__P014.jpg,0.706122,19.548314,ok
EES0423687__X27__Y42__P015.jpg,0.673228,16.947489,ok
EES0423687__X2A__Y06__P016.jpg,0.854102,22.607608,ok
EES0423687__X2A__Y3C__P017.jpg,0.745016,17.974537,ok
EES0423687__X2A__Y3F__P018.jpg,0.703287,17.212255,ok
EES0423687__X2D__Y06__P019.jpg,0.868436,21.637909,ok
EES0423687__X2D__Y3F__P020.jpg,0.843554,20.661421,ok
EES0423687__X30__Y06__P021.jpg,0.812153,20.560063,ok
EES0423687__X30__Y39__P022.jpg,0.695264,17.659027,ok
EES0423687__X30__Y3C__P023.jpg,0.861689,23.373605,ok
EES0423687__X30__Y3F__P024.jpg,0.761440,17.887278,ok
EES0423687__X30__Y42__P025.jpg,0.681775,17.482516,ok
EES0423688__X33__Y06__P001.jpg,0.718125,17.605644,ok
EES0423688__X33__Y09__P002.jpg,0.677190,17.872340,ok
EES0423688__X33__Y21__P003.jpg,0.756483,18.160335,ok
EES0423688__X33__Y42__P004.jpg,0.827937,21.256903,ok
EES0423688__X36__Y06__P005.jpg,0.843279,21.235858,ok
EES0423688__X36__Y09__P006.jpg,0.734213,18.204883,ok
EES0423688__X36__Y3C__P007.jpg,0.857320,20.663746,ok
EES0423688__X36__Y3F__P008.jpg,0.878870,22.581944,ok
EES0423688__X36__Y42__P009.jpg,0.874661,22.967996,ok
EES0423688__X39__Y06__P010.jpg,0.919784,26.289146,ok
EES0423688__X39__Y09__P011.jpg,0.825643,18.534535,ok
EES0423688__X39__Y18__P012.jpg,0.705704,17.784504,ok
EES0423688__X39__Y1B__P013.jpg,0.873668,25.037893,ok
EES0423688__X39__Y3F__P014.jpg,0.741045,18.170512,ok
EES0423688__X3C__Y09__P015.jpg,0.822188,20.320425,ok
EES0423688__X3C__Y0C__P016.jpg,0.740167,19.263341,ok
EES0423688__X3C__Y3F__P017.jpg,0.867699,24.833105,ok
EES0423688__X3F__Y09__P018.jpg,0.683787,17.404291,ok
EES0423688__X3F__Y0C__P019.jpg,0.857909,21.995777,ok
EES0423688__X3F__Y15__P020.jpg,0.772596,19.600160,ok
EES0423688__X3F__Y18__P021.jpg,0.881896,22.666807,ok
EES0423688__X3F__Y3C__P022.jpg,0.686182,17.288856,ok
EES0423688__X3F__Y3F__P023.jpg,0.761952,17.714783,ok
EES0423688__X42__Y0C__P024.jpg,0.714895,17.571091,ok
EES0423688__X42__Y0F__P025.jpg,0.943054,28.938617,ok
EES0423689__X15__Y33__P001.jpg,0.757868,19.193836,ok
EES0423689__X15__Y36__P002.jpg,0.721951,19.194028,ok
EES0423689__X18__Y0C__P003.jpg,0.744131,19.200088,ok
EES0423689__X18__Y36__P004.jpg,0.728287,18.569472,ok
EES0423689__X18__Y39__P005.jpg,0.650112,16.745299,ok
EES0423689__X1B__Y09__P006.jpg,0.874660,23.857427,ok
EES0423689__X1B__Y0C__P007.jpg,0.710628,17.504429,ok
EES0423689__X1B__Y1B__P008.jpg,0.702489,17.786154,ok
EES0423689__X1B__Y21__P009.jpg,0.739439,18.811997,ok
EES0423689__X1B__Y39__P010.jpg,0.751992,19.083008,ok
EES0423689__X1B__Y3C__P011.jpg,0.767816,18.379011,ok
EES0423689__X1E__Y09__P012.jpg,0.767782,18.826449,ok
EES0423689__X1E__Y18__P013.jpg,0.841335,20.195507,ok
EES0423689__X1E__Y1B__P014.jpg,0.718444,19.444349,ok
EES0423689__X1E__Y1E__P015.jpg,0.848419,18.812448,ok
EES0423689__X1E__Y21__P016.jpg,0.855661,23.081238,ok
EES0423689__X1E__Y24__P017.jpg,0.663944,16.500006,ok
EES0423689__X1E__Y3C__P018.jpg,0.715057,19.562750,ok
EES0423689__X1E__Y3F__P019.jpg,0.754570,18.488288,ok
EES0423689__X21__Y12__P020.jpg,0.683165,17.535930,ok
EES0423689__X21__Y15__P021.jpg,0.940359,32.095268,ok
EES0423689__X21__Y3F__P022.jpg,0.877719,23.930501,ok
EES0423689__X24__Y06__P023.jpg,0.880864,20.460635,ok
EES0423689__X24__Y15__P024.jpg,0.821984,20.975996,ok
EES0423689__X24__Y18__P025.jpg,0.692685,18.479630,ok
EES0423690__X2D__Y06__P001.jpg,0.865586,19.647980,ok
EES0423690__X36__Y3C__P002.jpg,0.845886,20.814305,ok
EES0423690__X09__Y1E__P003.jpg,0.761314,18.812195,ok
EES0423690__X09__Y21__P004.jpg,0.881197,20.577443,ok
EES0423690__X09__Y2A__P005.jpg,0.844439,19.046547,ok
EES0423690__X09__Y2D__P006.jpg,0.857275,23.838666,ok
EES0423690__X0C__Y21__P007.jpg,0.903564,23.841571,ok
EES0423690__X0C__Y24__P008.jpg,0.803463,21.493195,ok
EES0423690__X0C__Y27__P009.jpg,0.802365,18.350632,ok
EES0423690__X0C__Y2A__P010.jpg,0.866233,20.642734,ok
EES0423690__X0C__Y30__P011.jpg,0.910479,25.926995,ok
EES0423690__X0F__Y12__P012.jpg,0.892774,21.707034,ok
EES0423690__X0F__Y15__P013.jpg,0.797509,18.126416,ok
EES0423690__X0F__Y18__P014.jpg,0.819618,20.968307,ok
EES0423690__X0F__Y2D__P015.jpg,0.852214,18.770772,ok
EES0423690__X0F__Y33__P016.jpg,0.776155,20.118698,ok
EES0423690__X0F__Y36__P017.jpg,0.819454,21.797569,ok
EES0423690__X0F__Y39__P018.jpg,0.817510,19.528655,ok
EES0423690__X12__Y0F__P019.jpg,0.758364,18.185911,ok
EES0423690__X12__Y12__P020.jpg,0.830285,21.280838,ok
EES0423690__X12__Y36__P021.jpg,0.768287,21.341767,ok
EES0423690__X12__Y39__P022.jpg,0.837882,19.217733,ok
EES0423690__X15__Y0C__P023.jpg,0.824734,18.836771,ok
EES0423690__X18__Y3C__P024.jpg,0.778556,19.320246,ok
EES0423690__X18__Y3F__P025.jpg,0.919776,24.107879,ok
EES0423691__X1B__Y3F__P001.jpg,0.924822,26.842487,ok
EES0423691__X1E__Y24__P002.jpg,0.942366,21.776342,ok
EES0423691__X21__Y42__P003.jpg,0.862482,20.438894,ok
EES0423691__X24__Y06__P004.jpg,0.722522,18.025476,ok
EES0423691__X24__Y42__P005.jpg,0.756169,17.664196,ok
EES0423691__X27__Y06__P006.jpg,0.900951,21.019086,ok
EES0423691__X27__Y42__P007.jpg,0.940862,26.118282,ok
EES0423691__X2A__Y42__P008.jpg,0.918002,25.488779,ok
EES0423691__X30__Y09__P009.jpg,0.874369,20.536415,ok
EES0423691__X39__Y3C__P010.jpg,0.916965,27.175245,ok
EES0423691__X3C__Y39__P011.jpg,0.854163,20.706210,ok
EES0423691__X3F__Y36__P012.jpg,0.885066,23.565381,ok
EES0423691__X42__Y1B__P013.jpg,0.923563,29.972606,ok
EES0423691__X42__Y21__P014.jpg,0.820575,18.407877,ok
EES0423691__X42__Y27__P015.jpg,0.865607,20.073808,ok
EES0423691__X42__Y2A__P016.jpg,0.904244,22.678623,ok
EES0423691__X42__Y2D__P017.jpg,0.749041,17.570609,ok
EES0423691__X42__Y30__P018.jpg,0.911752,23.516619,ok
EES0423691__X09__Y1B__P019.jpg,0.880946,19.925719,ok
EES0423691__X09__Y1E__P020.jpg,0.682093,17.769157,ok
EES0423691__X09__Y2A__P021.jpg,0.806449,20.134752,ok
EES0423691__X09__Y2D__P022.jpg,0.851917,20.823753,ok
EES0423691__X0C__Y15__P023.jpg,0.872568,18.808166,ok
EES0423691__X0C__Y18__P024.jpg,0.779754,19.849750,ok
EES0423691__X0C__Y30__P025.jpg,0.871906,19.909731,ok
EES0423692__X0C__Y33__P001.jpg,0.896784,22.557789,ok
EES0423692__X0F__Y0F__P002.jpg,0.763498,18.548448,ok
EES0423692__X0F__Y12__P003.jpg,0.820124,20.822702,ok
EES0423692__X0F__Y15__P004.jpg,0.876890,22.627801,ok
EES0423692__X0F__Y36__P005.jpg,0.803397,19.684362,ok
EES0423692__X0F__Y45__P006.jpg,0.892410,25.138884,ok
EES0423692__X12__Y0C__P007.jpg,0.834966,24.119402,ok
EES0423692__X12__Y0F__P008.jpg,0.740835,18.182492,ok
EES0423692__X12__Y18__P009.jpg,0.869435,23.741038,ok
EES0423692__X12__Y39__P010.jpg,0.884984,23.386602,ok
EES0423692__X12__Y45__P011.jpg,0.827493,18.712116,ok
EES0423692__X15__Y0C__P012.jpg,0.750637,19.372396,ok
EES0423692__X15__Y3C__P013.jpg,0.940542,23.999946,ok
EES0423692__X15__Y3F__P014.jpg,0.878283,21.461448,ok
EES0423692__X18__Y09__P015.jpg,0.847014,23.072910,ok
EES0423692__X18__Y3C__P016.jpg,0.914608,24.488721,ok
EES0423692__X18__Y3F__P017.jpg,0.916296,25.886590,ok
EES0423692__X1B__Y06__P018.jpg,0.777053,18.848110,ok
EES0423692__X1B__Y3F__P019.jpg,0.919177,24.807249,ok
EES0423692__X1E__Y06__P020.jpg,0.826524,19.861325,ok
EES0423692__X1E__Y3F__P021.jpg,0.772488,17.657630,ok
EES0423692__X21__Y3F__P022.jpg,0.790743,19.351904,ok
EES0423692__X21__Y42__P023.jpg,0.799082,19.259086,ok
EES0423692__X24__Y3F__P024.jpg,0.809799,21.567130,ok
EES0423692__X24__Y42__P025.jpg,0.798461,19.355741,ok
EES0423693__X15__Y21__P001.jpg,0.757358,18.010917,ok
EES0423693__X15__Y24__P002.jpg,0.707061,16.949069,ok
EES0423693__X15__Y27__P003.jpg,0.704273,17.688146,ok
EES0423693__X24__Y24__P004.jpg,0.754797,17.505770,ok
EES0423693__X30__Y2D__P005.jpg,0.743935,17.785600,ok
EES0423693__X33__Y1B__P006.jpg,0.727627,17.598974,ok
EES0423693__X33__Y2A__P007.jpg,0.713336,18.401730,ok
EES0423693__X33__Y30__P008.jpg,0.743830,19.127706,ok
EES0423693__X36__Y0F__P009.jpg,0.744078,17.480243,ok
EES0423693__X36__Y27__P010.jpg,0.719245,17.419610,ok
EES0423693__X39__Y27__P011.jpg,0.760987,17.568956,ok
EES0423693__X39__Y36__P012.jpg,0.839869,18.256663,ok
EES0423693__X39__Y39__P013.jpg,0.709575,17.609849,ok
EES0423693__X3C__Y1B__P014.jpg,0.866379,19.343424,ok
EES0423693__X3C__Y1E__P015.jpg,0.744054,17.957335,ok
EES0423693__X3C__Y3C__P016.jpg,0.714974,17.577142,ok
EES0423693__X3F__Y18__P017.jpg,0.897087,20.299467,ok
EES0423693__X3F__Y1B__P018.jpg,0.895897,19.954715,ok
EES0423693__X3F__Y1E__P019.jpg,0.694640,17.599498,ok
EES0423693__X3F__Y24__P020.jpg,0.728869,18.025758,ok
EES0423693__X42__Y0F__P021.jpg,0.722735,17.737522,ok
EES0423693__X12__Y36__P022.jpg,0.783150,18.528729,ok
EES0423693__X15__Y33__P023.jpg,0.767579,18.170917,ok
EES0423693__X15__Y39__P024.jpg,0.874590,18.590098,ok
EES0423693__X18__Y33__P025.jpg,0.733379,17.510212,ok
EES0423694__X18__Y39__P001.jpg,0.807250,20.959570,ok
EES0423694__X1B__Y3F__P002.jpg,0.821663,21.330917,ok
EES0423694__X1E__Y3F__P003.jpg,0.817278,18.586668,ok
EES0423694__X2A__Y3C__P004.jpg,0.833636,20.312084,ok
EES0423694__X36__Y0C__P005.jpg,0.913289,25.714234,ok
EES0423694__X36__Y39__P006.jpg,0.903111,22.745571,ok
EES0423694__X39__Y0F__P007.jpg,0.894012,21.876618,ok
EES0423694__X39__Y36__P008.jpg,0.748479,21.163136,ok
EES0423694__X3C__Y33__P009.jpg,0.800074,21.397334,ok
EES0423694__X3F__Y1B__P010.jpg,0.897850,25.348355,ok
EES0423694__X3F__Y2A__P011.jpg,0.905997,25.681511,ok
EES0423694__X3F__Y2D__P012.jpg,0.747214,20.633564,ok
EES0423694__X48__Y24__P013.jpg,0.795436,21.383312,ok
EES0423694__X48__Y27__P014.jpg,0.849046,18.599599,ok
EES0423694__X0F__Y21__P015.jpg,0.868783,20.685082,ok
EES0423694__X0F__Y24__P016.jpg,0.811521,19.332999,ok
EES0423694__X0F__Y27__P017.jpg,0.826420,21.290019,ok
EES0423694__X0F__Y2A__P018.jpg,0.839794,22.581970,ok
EES0423694__X0F__Y2D__P019.jpg,0.913294,27.156451,ok
EES0423694__X12__Y18__P020.jpg,0.804926,18.548838,ok
EES0423694__X12__Y24__P021.jpg,0.865219,25.750288,ok
EES0423694__X12__Y27__P022.jpg,0.750798,20.972767,ok
EES0423694__X12__Y2A__P023.jpg,0.864898,19.806944,ok
EES0423694__X12__Y2D__P024.jpg,0.913227,24.336329,ok
EES0423694__X12__Y30__P025.jpg,0.822394,18.331307,ok
EES0423695__X12__Y33__P001.jpg,0.631135,16.513046,ok
EES0423695__X15__Y18__P002.jpg,0.823474,18.742792,ok
EES0423695__X15__Y1B__P003.jpg,0.743397,18.092123,ok
EES0423695__X15__Y33__P004.jpg,0.876330,22.484517,ok
EES0423695__X15__Y36__P005.jpg,0.742295,19.558360,ok
EES0423695__X15__Y39__P006.jpg,0.816460,22.547891,ok
EES0423695__X18__Y39__P007.jpg,0.902091,22.519514,ok
EES0423695__X1B__Y3C__P008.jpg,0.940253,28.508465,ok
EES0423695__X1E__Y09__P009.jpg,0.891781,23.050723,ok
EES0423695__X1E__Y0C__P010.jpg,0.871916,21.414764,ok
EES0423695__X1E__Y3C__P011.jpg,0.849047,22.512295,ok
EES0423695__X1E__Y3F__P012.jpg,0.868570,21.928371,ok
EES0423695__X21__Y09__P013.jpg,0.739975,20.188877,ok
EES0423695__X21__Y0C__P014.jpg,0.707771,18.884114,ok
EES0423695__X21__Y3F__P015.jpg,0.895336,26.877245,ok
EES0423695__X24__Y09__P016.jpg,0.923432,22.905806,ok
EES0423695__X24__Y3F__P017.jpg,0.750621,19.401693,ok
EES0423695__X24__Y42__P018.jpg,0.875999,23.660220,ok
EES0423695__X27__Y42__P019.jpg,0.806753,20.302851,ok
EES0423695__X2A__Y06__P020.jpg,0.772738,21.246105,ok
EES0423695__X2A__Y42__P021.jpg,0.831690,22.633594,ok
EES0423695__X2D__Y06__P022.jpg,0.716089,17.998006,ok
EES0423695__X2D__Y42__P023.jpg,0.804393,19.390161,ok
EES0423695__X30__Y06__P024.jpg,0.778639,19.152625,ok
EES0423695__X30__Y42__P025.jpg,0.748904,21.299333,ok
EES0423696__X33__Y06__P001.jpg,0.749955,18.613417,ok
EES0423696__X33__Y42__P002.jpg,0.857173,23.060057,ok
EES0423696__X39__Y09__P003.jpg,0.780273,18.423259,ok
EES0423696__X39__Y3F__P004.jpg,0.895272,22.181009,ok
EES0423696__X3C__Y09__P005.jpg,0.811311,19.690685,ok
EES0423696__X3C__Y0C__P006.jpg,0.826357,23.030857,ok
EES0423696__X3C__Y3C__P007.jpg,0.895994,28.506373,ok
EES0423696__X3C__Y3F__P008.jpg,0.777961,19.248373,ok
EES0423696__X3F__Y0C__P009.jpg,0.835502,22.343934,ok
EES0423696__X3F__Y0F__P010.jpg,0.918647,26.796733,ok
EES0423696__X3F__Y3C__P011.jpg,0.861946,20.210121,ok
EES0423696__X42__Y0F__P012.jpg,0.884030,21.947209,ok
EES0423696__X42__Y39__P013.jpg,0.910695,23.973719,ok
EES0423696__X42__Y45__P014.jpg,0.864706,24.156859,ok
EES0423696__X45__Y12__P015.jpg,0.868751,20.366932,ok
EES0423696__X45__Y33__P016.jpg,0.694131,18.553058,ok
EES0423696__X45__Y36__P017.jpg,0.814902,19.481178,ok
EES0423696__X48__Y18__P018.jpg,0.695529,17.775079,ok
EES0423696__X48__Y1B__P019.jpg,0.680582,17.445544,ok
EES0423696__X48__Y27__P020.jpg,0.864760,22.859993,ok
EES0423696__X48__Y2A__P021.jpg,0.811500,20.620953,ok
EES0423696__X48__Y2D__P022.jpg,0.815306,21.793025,ok
EES0423696__X48__Y30__P023.jpg,0.652750,17.200066,ok
EES0423696__X48__Y3F__P024.jpg,0.930450,30.557339,ok
EES0423696__X48__Y42__P025.jpg,0.796902,20.611355,ok
EES0423697__X09__Y18__P001.jpg,0.868100,20.043161,ok
EES0423697__X09__Y1B__P002.jpg,0.867838,22.821339,ok
EES0423697__X09__Y1E__P003.jpg,0.820637,21.670659,ok
EES0423697__X0C__Y12__P004.jpg,0.842253,22.235457,ok
EES0423697__X0C__Y18__P005.jpg,0.664698,18.141317,ok
EES0423697__X0C__Y1B__P006.jpg,0.758510,19.739283,ok
EES0423697__X0C__Y1E__P007.jpg,0.724252,17.770077,ok
EES0423697__X0C__Y21__P008.jpg,0.886187,25.212828,ok
EES0423697__X0C__Y24__P009.jpg,0.766163,19.699316,ok
EES0423697__X0C__Y27__P010.jpg,0.862576,23.561186,ok
EES0423697__X0C__Y2A__P011.jpg,0.908326,23.898655,ok
EES0423697__X0F__Y0C__P012.jpg,0.822928,22.012718,ok
EES0423697__X0F__Y0F__P013.jpg,0.795937,20.705550,ok
EES0423697__X0F__Y2A__P014.jpg,0.874957,21.075367,ok
EES0423697__X0F__Y2D__P015.jpg,0.798443,21.360801,ok
EES0423697__X12__Y09__P016.jpg,0.857063,21.435116,ok
EES0423697__X12__Y27__P017.jpg,0.758815,18.720624,ok
EES0423697__X12__Y2A__P018.jpg,0.908919,26.719381,ok
EES0423697__X12__Y2D__P019.jpg,0.776813,19.039491,ok
EES0423697__X12__Y30__P020.jpg,0.895568,27.921768,ok
EES0423697__X15__Y06__P021.jpg,0.874034,20.772843,ok
EES0423697__X15__Y30__P022.jpg,0.760984,18.769543,ok
EES0423697__X18__Y36__P023.jpg,0.833759,19.448203,ok
EES0423697__X1B__Y03__P024.jpg,0.847153,22.292563,ok
EES0423697__X1B__Y21__P025.jpg,0.855047,23.509422,ok
EES0423698__X1B__Y33__P001.jpg,0.779397,20.893875,ok
EES0423698__X1B__Y36__P002.jpg,0.698350,17.594362,ok
EES0423698__X1B__Y39__P003.jpg,0.716106,19.338426,ok
EES0423698__X1E__Y03__P004.jpg,0.686818,16.799413,ok
EES0423698__X1E__Y1B__P005.jpg,0.673405,17.700031,ok
EES0423698__X1E__Y24__P006.jpg,0.934506,26.105272,ok
EES0423698__X1E__Y27__P007.jpg,0.719124,19.079276,ok
EES0423698__X1E__Y2A__P008.jpg,0.710054,18.227801,ok
EES0423698__X1E__Y36__P009.jpg,0.710686,17.342177,ok
EES0423698__X1E__Y39__P010.jpg,0.852212,20.807013,ok
EES0423698__X21__Y1B__P011.jpg,0.700243,17.387370,ok
EES0423698__X21__Y1E__P012.jpg,0.762872,19.526231,ok
EES0423698__X21__Y2D__P013.jpg,0.710733,18.778323,ok
EES0423698__X21__Y39__P014.jpg,0.874480,24.069310,ok
EES0423698__X24__Y18__P015.jpg,0.710068,17.222374,ok
EES0423698__X24__Y2A__P016.jpg,0.664625,17.427020,ok
EES0423698__X24__Y2D__P017.jpg,0.774796,20.404094,ok
EES0423698__X27__Y1B__P018.jpg,0.702810,17.708692,ok
EES0423698__X27__Y2D__P019.jpg,0.800217,21.604364,ok
EES0423698__X27__Y3C__P020.jpg,0.796125,20.876853,ok
EES0423698__X2A__Y1B__P021.jpg,0.772361,20.056310,ok
EES0423698__X2A__Y3C__P022.jpg,0.747781,18.849552,ok
EES0423698__X2D__Y03__P023.jpg,0.794487,19.109888,ok
EES0423698__X2D__Y1B__P024.jpg,0.824541,19.775838,ok
EES0423698__X2D__Y1E__P025.jpg,0.738455,19.549628,ok
EES0423699__X2D__Y24__P001.jpg,0.888596,29.266972,ok
EES0423699__X2D__Y2A__P002.jpg,0.882905,25.085498,ok
EES0423699__X2D__Y30__P003.jpg,0.932495,30.108358,ok
EES0423699__X2D__Y3C__P004.jpg,0.888932,25.433205,ok
EES0423699__X30__Y03__P005.jpg,0.673376,19.333542,ok
EES0423699__X30__Y21__P006.jpg,0.816479,18.732888,ok
EES0423699__X30__Y2A__P007.jpg,0.883311,23.039721,ok
EES0423699__X30__Y33__P008.jpg,0.912308,27.043325,ok
EES0423699__X33__Y1E__P009.jpg,0.706863,20.037711,ok
EES0423699__X33__Y24__P010.jpg,0.739817,19.210976,ok
EES0423699__X33__Y39__P011.jpg,0.856852,23.553937,ok
EES0423699__X36__Y06__P012.jpg,0.749371,20.057096,ok
EES0423699__X39__Y33__P013.jpg,0.912868,26.308929,ok
EES0423699__X3C__Y33__P014.jpg,0.806393,21.509980,ok
EES0423699__X42__Y15__P015.jpg,0.894954,24.876141,ok
EES0423699__X42__Y18__P016.jpg,0.686336,17.682774,ok
EES0423699__X42__Y1E__P017.jpg,0.883860,24.760506,ok
EES0423699__X42__Y24__P018.jpg,0.726678,18.738326,ok
EES0423699__X42__Y2A__P019.jpg,0.731970,18.191220,ok
EES0423699__X48__Y30__P020.jpg,0.934554,33.473737,ok
EES0423699__X06__Y39__P021.jpg,0.724170,19.761979,ok
EES0423699__X06__Y3C__P022.jpg,0.774601,18.230280,ok
EES0423699__X09__Y3F__P023.jpg,0.659845,17.094267,ok
EES0423699__X09__Y42__P024.jpg,0.915280,27.082921,ok
EES0423699__X0C__Y42__P025.jpg,0.803768,20.633411,ok
EES0423700__X0C__Y45__P001.jpg,0.676039,18.464263,ok
EES0423700__X0F__Y18__P002.jpg,0.851340,20.802399,ok
EES0423700__X0F__Y1B__P003.jpg,0.767295,18.689296,ok
EES0423700__X0F__Y27__P004.jpg,0.753860,18.501909,ok
EES0423700__X0F__Y2A__P005.jpg,0.793782,19.794451,ok
EES0423700__X0F__Y2D__P006.jpg,0.784812,18.526453,ok
EES0423700__X0F__Y30__P007.jpg,0.881135,21.004574,ok
EES0423700__X0F__Y45__P008.jpg,0.794055,20.405119,ok
EES0423700__X12__Y1B__P009.jpg,0.746734,18.505891,ok
EES0423700__X12__Y1E__P010.jpg,0.722823,18.799114,ok
EES0423700__X12__Y24__P011.jpg,0.805116,20.590005,ok
EES0423700__X12__Y27__P012.jpg,0.685725,17.857278,ok
EES0423700__X12__Y2A__P013.jpg,0.812639,20.134709,ok
EES0423700__X12__Y2D__P014.jpg,0.822781,20.691941,ok
EES0423700__X12__Y30__P015.jpg,0.818058,20.489978,ok
EES0423700__X12__Y33__P016.jpg,0.838449,19.462146,ok
EES0423700__X12__Y45__P017.jpg,0.686345,17.037191,ok
EES0423700__X15__Y1B__P018.jpg,0.918275,22.398168,ok
EES0423700__X15__Y1E__P019.jpg,0.790702,17.790544,ok
EES0423700__X15__Y2A__P020.jpg,0.736633,18.357061,ok
EES0423700__X15__Y36__P021.jpg,0.829423,18.582902,ok
EES0423700__X18__Y1E__P022.jpg,0.771248,19.020135,ok
EES0423700__X18__Y21__P023.jpg,0.761196,18.040501,ok
EES0423700__X18__Y24__P024.jpg,0.907595,23.803430,ok
EES0423700__X18__Y39__P025.jpg,0.688585,17.841072,ok
EES0423701__X1B__Y1E__P001.jpg,0.856696,22.766433,ok
EES0423701__X1E__Y3F__P002.jpg,0.736885,19.321636,ok
EES0423701__X21__Y3F__P003.jpg,0.738727,18.681303,ok
EES0423701__X24__Y42__P004.jpg,0.797738,19.504020,ok
EES0423701__X27__Y42__P005.jpg,0.736341,19.816408,ok
EES0423701__X2A__Y15__P006.jpg,0.700923,18.110235,ok
EES0423701__X2A__Y42__P007.jpg,0.766145,19.686514,ok
EES0423701__X2D__Y2D__P008.jpg,0.783658,18.767779,ok
EES0423701__X2D__Y3F__P009.jpg,0.718199,18.246515,ok
EES0423701__X2D__Y42__P010.jpg,0.674283,18.651857,ok
EES0423701__X30__Y09__P011.jpg,0.773387,19.324748,ok
EES0423701__X30__Y0F__P012.jpg,0.703368,17.696120,ok
EES0423701__X30__Y15__P013.jpg,0.679432,17.407699,ok
EES0423701__X30__Y1B__P014.jpg,0.787144,19.615625,ok
EES0423701__X30__Y2A__P015.jpg,0.727826,18.133114,ok
EES0423701__X30__Y36__P016.jpg,0.708846,19.167455,ok
EES0423701__X30__Y39__P017.jpg,0.720233,18.852530,ok
EES0423701__X30__Y3F__P018.jpg,0.807448,21.794896,ok
EES0423701__X30__Y42__P019.jpg,0.785472,19.244849,ok
EES0423701__X33__Y09__P020.jpg,0.724174,17.334079,ok
EES0423701__X33__Y3C__P021.jpg,0.751646,17.275781,ok
EES0423701__X33__Y3F__P022.jpg,0.715602,18.296827,ok
EES0423701__X33__Y42__P023.jpg,0.736574,18.905802,ok
EES0423701__X36__Y3C__P024.jpg,0.877427,20.545553,ok
EES0423701__X36__Y3F__P025.jpg,0.813526,19.079198,ok
EES0423702__X39__Y09__P001.jpg,0.705931,17.137999,ok
EES0423702__X39__Y0C__P002.jpg,0.753005,20.546680,ok
EES0423702__X39__Y1E__P003.jpg,0.721007,18.406250,ok
EES0423702__X39__Y3C__P004.jpg,0.728274,19.165750,ok
EES0423702__X39__Y3F__P005.jpg,0.769296,19.091876,ok
EES0423702__X3C__Y1E__P006.jpg,0.830512,19.733145,ok
EES0423702__X3C__Y3C__P007.jpg,0.825949,18.542382,ok
EES0423702__X3F__Y12__P008.jpg,0.853630,23.876190,ok
EES0423702__X3F__Y15__P009.jpg,0.709841,17.898661,ok
EES0423702__X3F__Y30__P010.jpg,0.720296,19.135208,ok
EES0423702__X3F__Y36__P011.jpg,0.891032,26.119178,ok
EES0423702__X3F__Y39__P012.jpg,0.883657,23.680418,ok
EES0423702__X42__Y12__P013.jpg,0.676767,17.823379,ok
EES0423702__X42__Y15__P014.jpg,0.693460,18.406888,ok
EES0423702__X42__Y18__P015.jpg,0.911227,26.624956,ok
EES0423702__X42__Y2D__P016.jpg,0.814123,20.306172,ok
EES0423702__X42__Y30__P017.jpg,0.723278,17.763645,ok
EES0423702__X42__Y33__P018.jpg,0.763226,19.555058,ok
EES0423702__X42__Y45__P019.jpg,0.892446,24.431921,ok
EES0423702__X45__Y45__P020.jpg,0.745953,17.977716,ok
EES0423702__X12__Y1B__P021.jpg,0.700747,18.557506,ok
EES0423702__X12__Y24__P022.jpg,0.788569,19.855855,ok
EES0423702__X12__Y33__P023.jpg,0.764357,17.995049,ok
EES0423702__X15__Y36__P024.jpg,0.883536,21.361035,ok
EES0423702__X18__Y39__P025.jpg,0.914840,23.801103,ok
EES0423703__X1B__Y1E__P001.jpg,0.850894,19.401633,ok
EES0423703__X1E__Y09__P002.jpg,0.873961,20.720473,ok
EES0423703__X21__Y0F__P003.jpg,0.867768,21.151819,ok
EES0423703__X24__Y06__P004.jpg,0.724402,18.878712,ok
EES0423703__X27__Y06__P005.jpg,0.887958,22.413911,ok
EES0423703__X30__Y06__P006.jpg,0.884989,19.972071,ok
EES0423703__X36__Y09__P007.jpg,0.928442,25.396632,ok
EES0423703__X36__Y3F__P008.jpg,0.881037,21.276475,ok
EES0423703__X39__Y09__P009.jpg,0.910371,25.494511,ok
EES0423703__X39__Y3F__P010.jpg,0.820884,18.112592,ok
EES0423703__X3C__Y3C__P011.jpg,0.690947,17.213073,ok
EES0423703__X42__Y36__P012.jpg,0.928874,23.528299,ok
EES0423703__X48__Y18__P013.jpg,0.772736,17.728525,ok
EES0423703__X48__Y1E__P014.jpg,0.867413,22.867324,ok
EES0423703__X48__Y21__P015.jpg,0.764668,19.064717,ok
EES0423703__X48__Y24__P016.jpg,0.801600,21.802712,ok
EES0423703__X48__Y27__P017.jpg,0.877752,20.466005,ok
EES0423703__X48__Y2A__P018.jpg,0.926783,27.069000,ok
EES0423703__X48__Y2D__P019.jpg,0.881626,25.185104,ok
EES0423703__X48__Y30__P020.jpg,0.880328,20.941981,ok
EES0423703__X12__Y18__P021.jpg,0.871765,21.167902,ok
EES0423703__X12__Y1E__P022.jpg,0.871103,21.488271,ok
EES0423703__X18__Y09__P023.jpg,0.754380,18.339968,ok
EES0423703__X18__Y1E__P024.jpg,0.884796,19.805040,ok
EES0423703__X18__Y21__P025.jpg,0.718148,17.657366,ok
EES0423704__X1B__Y0C__P001.jpg,0.839486,21.678685,ok
EES0423704__X1B__Y0F__P002.jpg,0.776004,19.398621,ok
EES0423704__X1B__Y18__P003.jpg,0.801634,20.387661,ok
EES0423704__X1B__Y1B__P004.jpg,0.822157,20.338184,ok
EES0423704__X1B__Y1E__P005.jpg,0.830036,21.295273,ok
EES0423704__X1B__Y21__P006.jpg,0.819410,21.769903,ok
EES0423704__X1B__Y27__P007.jpg,0.721023,19.318905,ok
EES0423704__X1E__Y06__P008.jpg,0.747247,18.962788,ok
EES0423704__X1E__Y0C__P009.jpg,0.754687,19.822162,ok
EES0423704__X1E__Y0F__P010.jpg,0.674145,17.885471,ok
EES0423704__X1E__Y12__P011.jpg,0.737304,18.621309,ok
EES0423704__X1E__Y15__P012.jpg,0.787797,20.633520,ok
EES0423704__X1E__Y1B__P013.jpg,0.810399,21.838286,ok
EES0423704__X1E__Y1E__P014.jpg,0.777419,20.783707,ok
EES0423704__X1E__Y21__P015.jpg,0.799312,21.603555,ok
EES0423704__X1E__Y24__P016.jpg,0.801830,19.324169,ok
EES0423704__X1E__Y27__P017.jpg,0.743635,19.877741,ok
EES0423704__X1E__Y2A__P018.jpg,0.917738,25.296163,ok
EES0423704__X21__Y09__P019.jpg,0.830463,20.097414,ok
EES0423704__X21__Y0C__P020.jpg,0.745793,18.790894,ok
EES0423704__X21__Y0F__P021.jpg,0.764812,20.913732,ok
EES0423704__X21__Y12__P022.jpg,0.772532,20.051360,ok
EES0423704__X21__Y15__P023.jpg,0.859407,22.576235,ok
EES0423704__X21__Y18__P024.jpg,0.778141,19.370563,ok
EES0423704__X21__Y2A__P025.jpg,0.761820,19.124105,ok
EES0423705__X21__Y30__P001.jpg,0.861725,24.000796,ok
EES0423705__X24__Y0C__P002.jpg,0.701345,19.661100,ok
EES0423705__X24__Y12__P003.jpg,0.702642,18.432158,ok
EES0423705__X24__Y15__P004.jpg,0.753270,19.119233,ok
EES0423705__X24__Y18__P005.jpg,0.797329,19.030458,ok
EES0423705__X24__Y2A__P006.jpg,0.732977,19.849857,ok
EES0423705__X24__Y2D__P007.jpg,0.817400,20.894310,ok
EES0423705__X27__Y06__P008.jpg,0.728143,19.126603,ok
EES0423705__X27__Y2A__P009.jpg,0.741824,19.432363,ok
EES0423705__X27__Y2D__P010.jpg,0.745647,17.698454,ok
EES0423705__X2A__Y18__P011.jpg,0.735996,18.542626,ok
EES0423705__X2A__Y1B__P012.jpg,0.669442,18.600884,ok
EES0423705__X2D__Y09__P013.jpg,0.738646,19.188538,ok
EES0423705__X2D__Y0C__P014.jpg,0.789537,19.812052,ok
EES0423705__X2D__Y12__P015.jpg,0.782584,19.312460,ok
EES0423705__X2D__Y1B__P016.jpg,0.861070,24.146068,ok
EES0423705__X2D__Y1E__P017.jpg,0.812605,18.853410,ok
EES0423705__X2D__Y21__P018.jpg,0.847477,20.993872,ok
EES0423705__X2D__Y24__P019.jpg,0.721109,19.364558,ok
EES0423705__X2D__Y2A__P020.jpg,0.812356,19.543042,ok
EES0423705__X30__Y06__P021.jpg,0.856320,21.985470,ok
EES0423705__X30__Y09__P022.jpg,0.785785,18.245318,ok
EES0423705__X30__Y12__P023.jpg,0.830101,22.040621,ok
EES0423705__X30__Y18__P024.jpg,0.763335,20.510454,ok
EES0423705__X30__Y1B__P025.jpg,0.753080,17.625166,ok
EES0423706__X30__Y1E__P001.jpg,0.749014,19.427069,ok
EES0423706__X30__Y21__P002.jpg,0.759005,19.509568,ok
EES0423706__X30__Y24__P003.jpg,0.865091,20.881833,ok
EES0423706__X30__Y2A__P004.jpg,0.740649,17.983482,ok
EES0423706__X33__Y06__P005.jpg,0.897025,25.777349,ok
EES0423706__X33__Y09__P006.jpg,0.897966,21.878734,ok
EES0423706__X33__Y0C__P007.jpg,0.746525,17.618622,ok
EES0423706__X33__Y1E__P008.jpg,0.691816,18.002471,ok
EES0423706__X36__Y06__P009.jpg,0.813280,18.604189,ok
EES0423706__X36__Y09__P010.jpg,0.932645,26.237166,ok
EES0423706__X36__Y0C__P011.jpg,0.844220,18.408705,ok
EES0423706__X36__Y0F__P012.jpg,0.881607,20.070233,ok
EES0423706__X36__Y1E__P013.jpg,0.864862,21.050229,ok
EES0423706__X39__Y09__P014.jpg,0.795992,20.415592,ok
EES0423706__X3C__Y0C__P015.jpg,0.704767,18.802222,ok
EES0423706__X3F__Y0F__P016.jpg,0.721395,18.952804,ok
EES0423706__X3F__Y12__P017.jpg,0.660632,17.976852,ok
EES0423706__X3F__Y15__P018.jpg,0.859564,22.327444,ok
EES0423706__X42__Y15__P019.jpg,0.830839,20.991409,ok
EES0423706__X0F__Y1B__P020.jpg,0.854821,20.218630,ok
EES0423706__X0F__Y27__P021.jpg,0.799772,19.317352,ok
EES0423706__X0F__Y2A__P022.jpg,0.772545,20.371419,ok
EES0423706__X12__Y12__P023.jpg,0.743666,18.296438,ok
EES0423706__X12__Y15__P024.jpg,0.825796,20.122298,ok
EES0423706__X12__Y18__P025.jpg,0.821145,19.264514,ok
EES0423707__X12__Y1B__P001.jpg,0.787215,19.710139,ok
EES0423707__X12__Y1E__P002.jpg,0.731485,17.005347,ok
EES0423707__X12__Y27__P003.jpg,0.791615,21.513209,ok
EES0423707__X12__Y2A__P004.jpg,0.734808,18.282877,ok
EES0423707__X12__Y2D__P005.jpg,0.713194,18.025851,ok
EES0423707__X12__Y30__P006.jpg,0.718938,18.682570,ok
EES0423707__X15__Y0F__P007.jpg,0.793246,21.368505,ok
EES0423707__X15__Y18__P008.jpg,0.786925,20.128598,ok
EES0423707__X15__Y27__P009.jpg,0.669080,17.474232,ok
EES0423707__X15__Y2A__P010.jpg,0.753333,21.815548,ok
EES0423707__X18__Y09__P011.jpg,0.727694,18.325538,ok
EES0423707__X18__Y0F__P012.jpg,0.856816,23.292118,ok
EES0423707__X18__Y2A__P013.jpg,0.671680,17.857289,ok
EES0423707__X18__Y36__P014.jpg,0.720612,18.527094,ok
EES0423707__X1B__Y39__P015.jpg,0.728911,17.910971,ok
EES0423707__X21__Y3F__P016.jpg,0.814826,22.158813,ok
EES0423707__X2A__Y03__P017.jpg,0.792227,20.027235,ok
EES0423707__X2D__Y03__P018.jpg,0.889827,22.830551,ok
EES0423707__X2D__Y3F__P019.jpg,0.710118,19.325129,ok
EES0423707__X30__Y03__P020.jpg,0.781523,17.917890,ok
EES0423707__X33__Y06__P021.jpg,0.845217,19.937641,ok
EES0423707__X33__Y3C__P022.jpg,0.890752,22.564475,ok
EES0423707__X36__Y06__P023.jpg,0.811392,21.307431,ok
EES0423707__X36__Y09__P024.jpg,0.925506,25.118014,ok
EES0423707__X36__Y0C__P025.jpg,0.657376,16.452293,ok
EES0423708__X36__Y12__P001.jpg,0.740320,18.590633,ok
EES0423708__X39__Y06__P002.jpg,0.714103,18.303318,ok
EES0423708__X39__Y0C__P003.jpg,0.906492,25.732543,ok
EES0423708__X3C__Y09__P004.jpg,0.838347,22.010338,ok
EES0423708__X3C__Y0F__P005.jpg,0.875902,23.057527,ok
EES0423708__X3C__Y36__P006.jpg,0.929868,28.880496,ok
EES0423708__X3C__Y39__P007.jpg,0.739557,18.367288,ok
EES0423708__X3F__Y0C__P008.jpg,0.703490,18.019849,ok
EES0423708__X3F__Y2A__P009.jpg,0.823618,21.553624,ok
EES0423708__X3F__Y2D__P010.jpg,0.698025,17.956377,ok
EES0423708__X3F__Y30__P011.jpg,0.837064,20.987040,ok
EES0423708__X3F__Y33__P012.jpg,0.719373,18.794533,ok
EES0423708__X3F__Y36__P013.jpg,0.882483,22.746060,ok
EES0423708__X42__Y0F__P014.jpg,0.675541,17.566088,ok
EES0423708__X42__Y12__P015.jpg,0.797214,18.795818,ok
EES0423708__X42__Y15__P016.jpg,0.748808,18.921084,ok
EES0423708__X42__Y24__P017.jpg,0.866259,21.751018,ok
EES0423708__X42__Y27__P018.jpg,0.712439,18.360177,ok
EES0423708__X42__Y2A__P019.jpg,0.847391,19.658332,ok
EES0423708__X42__Y2D__P020.jpg,0.864725,24.001185,ok
EES0423708__X45__Y12__P021.jpg,0.778066,19.713869,ok
EES0423708__X45__Y15__P022.jpg,0.733131,18.700028,ok
EES0423708__X45__Y18__P023.jpg,0.842648,22.103419,ok
EES0423708__X45__Y1B__P024.jpg,0.707009,17.291043,ok
EES0423708__X45__Y1E__P025.jpg,0.813980,19.895049,ok
EES0423709__X45__Y21__P001.jpg,0.787388,20.004348,ok
EES0423709__X45__Y24__P002.jpg,0.850405,23.403675,ok
EES0423709__X45__Y27__P003.jpg,0.804086,19.913598,ok
EES0423709__X45__Y2A__P004.jpg,0.752902,20.054297,ok
EES0423709__X45__Y2D__P005.jpg,0.820476,19.217805,ok
EES0423709__X48__Y18__P006.jpg,0.849958,20.549170,ok
EES0423709__X48__Y1B__P007.jpg,0.822168,21.353258,ok
EES0423709__X48__Y1E__P008.jpg,0.814318,18.871799,ok
EES0423709__X48__Y21__P009.jpg,0.854087,20.734846,ok
EES0423709__X48__Y24__P010.jpg,0.903081,24.802389,ok
EES0423709__X48__Y27__P011.jpg,0.795423,18.580757,ok
EES0423709__X48__Y2A__P012.jpg,0.852903,21.762999,ok
EES0423709__X09__Y1B__P013.jpg,0.851941,19.670791,ok
EES0423709__X09__Y1E__P014.jpg,0.849141,22.280219,ok
EES0423709__X09__Y21__P015.jpg,0.877694,21.449995,ok
EES0423709__X09__Y24__P016.jpg,0.896604,23.255583,ok
EES0423709__X09__Y27__P017.jpg,0.792427,19.957837,ok
EES0423709__X09__Y2A__P018.jpg,0.801728,21.041121,ok
EES0423709__X09__Y2D__P019.jpg,0.782211,19.885744,ok
EES0423709__X09__Y30__P020.jpg,0.878688,22.142223,ok
EES0423709__X0C__Y18__P021.jpg,0.852056,23.059158,ok
EES0423709__X0C__Y1B__P022.jpg,0.852423,20.346318,ok
EES0423709__X0C__Y1E__P023.jpg,0.790878,20.234733,ok
EES0423709__X0C__Y21__P024.jpg,0.731389,19.037742,ok
EES0423709__X0C__Y24__P025.jpg,0.836595,19.783873,ok
EES0423710__X0C__Y27__P001.jpg,0.820851,19.754517,ok
EES0423710__X0C__Y2A__P002.jpg,0.834446,19.571925,ok
EES0423710__X0C__Y2D__P003.jpg,0.865094,22.239018,ok
EES0423710__X0C__Y30__P004.jpg,0.880452,21.732973,ok
EES0423710__X0C__Y33__P005.jpg,0.836118,20.269282,ok
EES0423710__X0F__Y15__P006.jpg,0.933725,28.800711,ok
EES0423710__X0F__Y36__P007.jpg,0.725193,18.685539,ok
EES0423710__X0F__Y39__P008.jpg,0.924276,24.702911,ok
EES0423710__X12__Y0F__P009.jpg,0.929246,30.767886,ok
EES0423710__X12__Y12__P010.jpg,0.808993,22.010646,ok
EES0423710__X12__Y39__P011.jpg,0.920224,28.672120,ok
EES0423710__X12__Y3C__P012.jpg,0.814513,19.684389,ok
EES0423710__X15__Y0C__P013.jpg,0.792046,20.019713,ok
EES0423710__X15__Y3C__P014.jpg,0.705768,18.946841,ok
EES0423710__X18__Y09__P015.jpg,0.843791,20.795896,ok
EES0423710__X18__Y0C__P016.jpg,0.751979,19.630708,ok
EES0423710__X18__Y3F__P017.jpg,0.630761,16.878731,ok
EES0423710__X1B__Y06__P018.jpg,0.819383,20.521103,ok
EES0423710__X1B__Y09__P019.jpg,0.909694,22.932011,ok
EES0423710__X1B__Y3F__P020.jpg,0.790113,18.137940,ok
EES0423710__X1E__Y06__P021.jpg,0.742219,19.561741,ok
EES0423710__X1E__Y09__P022.jpg,0.812699,18.939250,ok
EES0423710__X1E__Y3F__P023.jpg,0.869343,19.849560,ok
EES0423710__X21__Y06__P024.jpg,0.789839,21.689377,ok
EES0423710__X21__Y2D__P025.jpg,0.915033,22.693455,ok
EES0423711__X21__Y42__P001.jpg,0.857389,19.761997,ok
EES0423711__X24__Y06__P002.jpg,0.829037,20.499140,ok
EES0423711__X24__Y42__P003.jpg,0.845262,19.557124,ok
EES0423711__X27__Y06__P004.jpg,0.652169,16.953536,ok
EES0423711__X27__Y42__P005.jpg,0.870395,22.290241,ok
EES0423711__X2A__Y06__P006.jpg,0.882007,30.362295,ok
EES0423711__X2A__Y42__P007.jpg,0.891178,22.506511,ok
EES0423711__X2D__Y06__P008.jpg,0.875383,21.475374,ok
EES0423711__X2D__Y42__P009.jpg,0.921339,29.418990,ok
EES0423711__X30__Y06__P010.jpg,0.724989,18.263351,ok
EES0423711__X30__Y3F__P011.jpg,0.758216,18.051857,ok
EES0423711__X33__Y3F__P012.jpg,0.882833,22.582179,ok
EES0423711__X36__Y09__P013.jpg,0.933272,24.227920,ok
EES0423711__X36__Y0C__P014.jpg,0.911242,27.009637,ok
EES0423711__X36__Y3C__P015.jpg,0.831821,19.541359,ok
EES0423711__X39__Y09__P016.jpg,0.874038,22.965013,ok
EES0423711__X39__Y0C__P017.jpg,0.843050,19.428925,ok
EES0423711__X39__Y3C__P018.jpg,0.755249,19.143087,ok
EES0423711__X3C__Y0F__P019.jpg,0.852201,22.532951,ok
EES0423711__X3C__Y39__P020.jpg,0.924618,26.420402,ok
EES0423711__X3F__Y12__P021.jpg,0.853683,21.856321,ok
EES0423711__X3F__Y15__P022.jpg,0.874914,24.178891,ok
EES0423711__X3F__Y36__P023.jpg,0.789456,18.553748,ok
EES0423711__X42__Y18__P024.jpg,0.850005,21.000855,ok
EES0423711__X42__Y1E__P025.jpg,0.802971,20.575503,ok
EES0423712__X42__Y2A__P001.jpg,0.746367,19.084670,ok
EES0423712__X42__Y2D__P002.jpg,0.884059,23.853621,ok
EES0423712__X42__Y30__P003.jpg,0.818539,18.856266,ok
EES0423712__X45__Y1E__P004.jpg,0.882658,20.324685,ok
EES0423712__X45__Y21__P005.jpg,0.757821,18.267728,ok
EES0423712__X45__Y24__P006.jpg,0.924356,23.993542,ok
EES0423712__X45__Y27__P007.jpg,0.885470,22.010548,ok
EES0423712__X45__Y2A__P008.jpg,0.888787,19.671930,ok
EES0423712__X48__Y42__P009.jpg,0.945139,29.787444,ok
EES0423712__X0C__Y18__P010.jpg,0.797982,21.178727,ok
EES0423712__X12__Y12__P011.jpg,0.805630,21.331084,ok
EES0423712__X1E__Y0F__P012.jpg,0.950607,27.033679,ok
EES0423712__X21__Y0C__P013.jpg,0.893435,20.226528,ok
EES0423712__X24__Y0C__P014.jpg,0.715862,17.959932,ok
EES0423712__X27__Y0C__P015.jpg,0.810054,18.680028,ok
EES0423712__X27__Y12__P016.jpg,0.864303,20.544405,ok
EES0423712__X2A__Y0C__P017.jpg,0.907427,19.859598,ok
EES0423712__X2A__Y0F__P018.jpg,0.827723,18.992817,ok
EES0423712__X2A__Y12__P019.jpg,0.913244,23.242071,ok
EES0423712__X2D__Y0C__P020.jpg,0.812465,18.510048,ok
EES0423712__X2D__Y0F__P021.jpg,0.881511,19.311715,ok
EES0423712__X2D__Y12__P022.jpg,0.803548,18.606072,ok
EES0423712__X2D__Y42__P023.jpg,0.861251,21.415929,ok
EES0423712__X30__Y0C__P024.jpg,0.880892,20.386665,ok
EES0423712__X30__Y0F__P025.jpg,0.865828,20.182313,ok
EES0423713__X30__Y12__P001.jpg,0.767136,19.206202,ok
EES0423713__X30__Y18__P002.jpg,0.762652,18.455232,ok
EES0423713__X30__Y1B__P003.jpg,0.757777,18.227203,ok
EES0423713__X30__Y1E__P004.jpg,0.867357,18.756771,ok
EES0423713__X33__Y0F__P005.jpg,0.727945,19.779148,ok
EES0423713__X33__Y12__P006.jpg,0.759040,19.078858,ok
EES0423713__X33__Y18__P007.jpg,0.822692,18.899666,ok
EES0423713__X33__Y1E__P008.jpg,0.838491,22.607906,ok
EES0423713__X33__Y21__P009.jpg,0.776394,19.283452,ok
EES0423713__X33__Y24__P010.jpg,0.774621,18.207709,ok
EES0423713__X36__Y12__P011.jpg,0.833177,19.073182,ok
EES0423713__X36__Y18__P012.jpg,0.797658,19.297132,ok
EES0423713__X36__Y1B__P013.jpg,0.827465,19.147863,ok
EES0423713__X36__Y1E__P014.jpg,0.813715,19.948647,ok
EES0423713__X36__Y21__P015.jpg,0.764326,18.784819,ok
EES0423713__X36__Y24__P016.jpg,0.726077,17.307206,ok
EES0423713__X36__Y27__P017.jpg,0.803110,19.100296,ok
EES0423713__X36__Y2A__P018.jpg,0.809337,18.219178,ok
EES0423713__X36__Y3F__P019.jpg,0.876880,20.447127,ok
EES0423713__X39__Y18__P020.jpg,0.859062,20.762740,ok
EES0423713__X39__Y1B__P021.jpg,0.760339,18.432521,ok
EES0423713__X39__Y1E__P022.jpg,0.839372,20.975913,ok
EES0423713__X39__Y21__P023.jpg,0.849019,20.112555,ok
EES0423713__X39__Y24__P024.jpg,0.881486,21.366922,ok
EES0423713__X39__Y27__P025.jpg,0.781435,18.074351,ok
EES0423714__X39__Y2A__P001.jpg,0.737557,18.152094,ok
EES0423714__X39__Y30__P002.jpg,0.753109,19.353497,ok
EES0423714__X3C__Y18__P003.jpg,0.881477,22.198187,ok
EES0423714__X3C__Y1B__P004.jpg,0.833748,19.028022,ok
EES0423714__X3C__Y21__P005.jpg,0.821005,18.152602,ok
EES0423714__X3C__Y24__P006.jpg,0.789179,17.933947,ok
EES0423714__X3C__Y2A__P007.jpg,0.795481,18.698059,ok
EES0423714__X3C__Y2D__P008.jpg,0.798849,18.103095,ok
EES0423714__X3C__Y30__P009.jpg,0.818982,18.548020,ok
EES0423714__X3C__Y33__P010.jpg,0.779858,18.585974,ok
EES0423714__X3C__Y36__P011.jpg,0.890333,20.330634,ok
EES0423714__X3C__Y3C__P012.jpg,0.758517,19.173435,ok
EES0423714__X3F__Y18__P013.jpg,0.830496,19.877707,ok
EES0423714__X3F__Y1B__P014.jpg,0.905333,22.004024,ok
EES0423714__X3F__Y1E__P015.jpg,0.868782,20.447676,ok
EES0423714__X3F__Y21__P016.jpg,0.879161,20.572034,ok
EES0423714__X3F__Y27__P017.jpg,0.824672,21.455793,ok
EES0423714__X3F__Y2A__P018.jpg,0.775721,19.180606,ok
EES0423714__X3F__Y2D__P019.jpg,0.776837,18.134442,ok
EES0423714__X3F__Y30__P020.jpg,0.923249,25.245239,ok
EES0423714__X3F__Y33__P021.jpg,0.816816,18.709137,ok
EES0423714__X3F__Y36__P022.jpg,0.829950,19.051297,ok
EES0423714__X42__Y24__P023.jpg,0.849935,21.687455,ok
EES0423714__X42__Y27__P024.jpg,0.788552,20.520947,ok
EES0423714__X42__Y2A__P025.jpg,0.918484,26.017859,ok
EES0423715__X42__Y2D__P001.jpg,0.790112,21.705450,ok
EES0423715__X42__Y30__P002.jpg,0.838633,19.007796,ok
EES0423715__X0F__Y18__P003.jpg,0.907579,27.574912,ok
EES0423715__X0F__Y1B__P004.jpg,0.724256,18.357294,ok
EES0423715__X0F__Y1E__P005.jpg,0.757909,19.883388,ok
EES0423715__X0F__Y2A__P006.jpg,0.862742,23.009768,ok
EES0423715__X0F__Y2D__P007.jpg,0.806557,20.007767,ok
EES0423715__X12__Y12__P008.jpg,0.923336,29.930292,ok
EES0423715__X12__Y15__P009.jpg,0.862365,23.356810,ok
EES0423715__X12__Y18__P010.jpg,0.802386,20.356604,ok
EES0423715__X12__Y30__P011.jpg,0.784065,20.951734,ok
EES0423715__X12__Y33__P012.jpg,0.788768,21.819785,ok
EES0423715__X15__Y0F__P013.jpg,0.913606,26.103398,ok
EES0423715__X15__Y36__P014.jpg,0.838239,23.864516,ok
EES0423715__X15__Y39__P015.jpg,0.893266,27.460421,ok
EES0423715__X18__Y0C__P016.jpg,0.773256,21.642628,ok
EES0423715__X18__Y39__P017.jpg,0.912587,24.926475,ok
EES0423715__X1B__Y09__P018.jpg,0.895569,19.803548,ok
EES0423715__X1B__Y0C__P019.jpg,0.858354,24.521668,ok
EES0423715__X1B__Y3C__P020.jpg,0.770916,18.226408,ok
EES0423715__X1E__Y09__P021.jpg,0.885863,24.211915,ok
EES0423715__X1E__Y3C__P022.jpg,0.864637,21.526620,ok
EES0423715__X21__Y06__P023.jpg,0.824520,20.253924,ok
EES0423715__X21__Y3F__P024.jpg,0.840928,22.173011,ok
EES0423715__X24__Y06__P025.jpg,0.871834,24.112513,ok
EES0423716__X24__Y3F__P001.jpg,0.839966,20.463183,ok
EES0423716__X27__Y06__P002.jpg,0.903362,25.154461,ok
EES0423716__X27__Y3F__P003.jpg,0.718111,17.909346,ok
EES0423716__X2A__Y03__P004.jpg,0.809054,18.299844,ok
EES0423716__X2A__Y06__P005.jpg,0.803657,18.888789,ok
EES0423716__X2A__Y3F__P006.jpg,0.828032,19.801241,ok
EES0423716__X2A__Y42__P007.jpg,0.772122,18.248811,ok
EES0423716__X2D__Y06__P008.jpg,0.767250,17.583253,ok
EES0423716__X30__Y06__P009.jpg,0.783765,18.990595,ok
EES0423716__X33__Y06__P010.jpg,0.884461,23.961952,ok
EES0423716__X33__Y3F__P011.jpg,0.745379,17.581505,ok
EES0423716__X36__Y06__P012.jpg,0.846792,20.521183,ok
EES0423716__X36__Y09__P013.jpg,0.797601,17.802927,ok
EES0423716__X36__Y36__P014.jpg,0.937644,28.395724,ok
EES0423716__X36__Y39__P015.jpg,0.912129,22.157927,ok
EES0423716__X36__Y3C__P016.jpg,0.770384,19.245415,ok
EES0423716__X39__Y09__P017.jpg,0.778044,18.799224,ok
EES0423716__X39__Y33__P018.jpg,0.777658,17.809787,ok
EES0423716__X39__Y36__P019.jpg,0.888027,23.662265,ok
EES0423716__X39__Y39__P020.jpg,0.777876,17.891754,ok
EES0423716__X39__Y3C__P021.jpg,0.811080,19.213370,ok
EES0423716__X3C__Y09__P022.jpg,0.785882,18.384786,ok
EES0423716__X3C__Y0C__P023.jpg,0.819489,18.093525,ok
EES0423716__X3C__Y33__P024.jpg,0.885360,21.997531,ok
EES0423716__X3C__Y36__P025.jpg,0.846489,20.929672,ok
EES0423717__X3C__Y39__P001.jpg,0.774473,17.841729,ok
EES0423717__X3F__Y0C__P002.jpg,0.817398,18.469631,ok
EES0423717__X3F__Y0F__P003.jpg,0.904810,22.020685,ok
EES0423717__X3F__Y2A__P004.jpg,0.798429,19.637958,ok
EES0423717__X3F__Y30__P005.jpg,0.813449,18.475977,ok
EES0423717__X42__Y0F__P006.jpg,0.897010,25.429696,ok
EES0423717__X42__Y12__P007.jpg,0.918651,27.014880,ok
EES0423717__X42__Y18__P008.jpg,0.851662,19.928025,ok
EES0423717__X42__Y27__P009.jpg,0.760960,18.531198,ok
EES0423717__X42__Y2D__P010.jpg,0.804094,18.284400,ok
EES0423717__X42__Y30__P011.jpg,0.784607,18.616352,ok
EES0423717__X45__Y12__P012.jpg,0.809816,18.232542,ok
EES0423717__X45__Y18__P013.jpg,0.868828,20.990755,ok
EES0423717__X45__Y21__P014.jpg,0.859531,19.865048,ok
EES0423717__X45__Y2A__P015.jpg,0.784691,19.586074,ok
EES0423717__X45__Y2D__P016.jpg,0.774890,19.184460,ok
EES0423717__X45__Y30__P017.jpg,0.812594,20.779826,ok
EES0423717__X48__Y21__P018.jpg,0.938128,28.223076,ok
EES0423717__X48__Y24__P019.jpg,0.882028,22.988902,ok
EES0423717__X15__Y27__P020.jpg,0.729057,18.010235,ok
EES0423717__X15__Y2A__P021.jpg,0.802231,18.490457,ok
EES0423717__X18__Y1E__P022.jpg,0.849679,18.388957,ok
EES0423717__X1B__Y21__P023.jpg,0.872970,21.030092,ok
EES0423717__X2D__Y09__P024.jpg,0.767951,17.896332,ok
EES0423717__X30__Y12__P025.jpg,0.802009,18.874591,ok
EES0423718__X30__Y39__P001.jpg,0.768401,21.305669,ok
EES0423718__X33__Y39__P002.jpg,0.742196,20.003077,ok
EES0423718__X3F__Y0C__P003.jpg,0.840873,18.670674,ok
EES0423718__X3F__Y0F__P004.jpg,0.762894,17.651472,ok
EES0423718__X42__Y1E__P005.jpg,0.732518,19.562409,ok
EES0423718__X42__Y21__P006.jpg,0.911731,23.597291,ok
EES0423718__X42__Y33__P007.jpg,0.683321,18.371052,ok
EES0423718__X09__Y24__P008.jpg,0.831803,18.763458,ok
EES0423718__X09__Y27__P009.jpg,0.777710,17.902447,ok
EES0423718__X12__Y39__P010.jpg,0.828396,18.974086,ok
EES0423718__X18__Y36__P011.jpg,0.856699,20.354181,ok
EES0423718__X18__Y3F__P012.jpg,0.684780,17.440569,ok
EES0423718__X1B__Y24__P013.jpg,0.703701,19.075267,ok
EES0423718__X1B__Y3F__P014.jpg,0.685105,18.106108,ok
EES0423718__X1E__Y24__P015.jpg,0.816498,20.932703,ok
EES0423718__X1E__Y27__P016.jpg,0.820093,19.912707,ok
EES0423718__X1E__Y36__P017.jpg,0.878838,20.006300,ok
EES0423718__X1E__Y39__P018.jpg,0.814056,21.865596,ok
EES0423718__X1E__Y42__P019.jpg,0.728025,18.929287,ok
EES0423718__X21__Y18__P020.jpg,0.875409,22.539570,ok
EES0423718__X21__Y30__P021.jpg,0.836146,21.862100,ok
EES0423718__X21__Y3C__P022.jpg,0.790864,21.150864,ok
EES0423718__X21__Y3F__P023.jpg,0.741053,19.285650,ok
EES0423718__X21__Y42__P024.jpg,0.791268,19.148882,ok
EES0423718__X24__Y09__P025.jpg,0.838857,22.431413,ok
EES0423719__X24__Y18__P001.jpg,0.708682,17.505691,ok
EES0423719__X24__Y24__P002.jpg,0.758873,19.226086,ok
EES0423719__X24__Y2A__P003.jpg,0.786549,19.914300,ok
EES0423719__X24__Y36__P004.jpg,0.784068,19.122530,ok
EES0423719__X24__Y39__P005.jpg,0.912187,24.146568,ok
EES0423719__X24__Y3C__P006.jpg,0.716041,18.942002,ok
EES0423719__X27__Y09__P007.jpg,0.756267,20.050439,ok
EES0423719__X27__Y0C__P008.jpg,0.727642,18.354737,ok
EES0423719__X27__Y24__P009.jpg,0.721341,18.679543,ok
EES0423719__X2A__Y09__P010.jpg,0.836752,20.297785,ok
EES0423719__X2A__Y3F__P011.jpg,0.816040,21.349023,ok
EES0423719__X2D__Y0C__P012.jpg,0.767556,18.823028,ok
EES0423719__X2D__Y0F__P013.jpg,0.791022,19.612098,ok
EES0423719__X2D__Y2D__P014.jpg,0.761660,19.119373,ok
EES0423719__X2D__Y36__P015.jpg,0.794281,20.088382,ok
EES0423719__X30__Y0C__P016.jpg,0.835202,22.717487,ok
EES0423719__X30__Y18__P017.jpg,0.790557,19.239213,ok
EES0423719__X30__Y21__P018.jpg,0.732035,18.429183,ok
EES0423719__X30__Y27__P019.jpg,0.856425,23.924940,ok
EES0423719__X30__Y33__P020.jpg,0.727468,19.360540,ok
EES0423719__X30__Y36__P021.jpg,0.743246,18.523486,ok
EES0423719__X30__Y42__P022.jpg,0.668275,16.579716,ok
EES0423719__X33__Y0C__P023.jpg,0.804930,20.066995,ok
EES0423719__X33__Y15__P024.jpg,0.728820,18.387516,ok
EES0423719__X33__Y36__P025.jpg,0.783020,18.881119,ok
EES0423720__X36__Y0F__P001.jpg,0.761136,19.968547,ok
EES0423720__X36__Y15__P002.jpg,0.746299,18.430270,ok
EES0423720__X36__Y18__P003.jpg,0.711131,19.107080,ok
EES0423720__X36__Y1B__P004.jpg,0.840392,21.640914,ok
EES0423720__X36__Y1E__P005.jpg,0.738715,18.826793,ok
EES0423720__X36__Y21__P006.jpg,0.781514,21.162847,ok
EES0423720__X36__Y33__P007.jpg,0.708658,18.358772,ok
EES0423720__X36__Y36__P008.jpg,0.760725,19.728305,ok
EES0423720__X36__Y3F__P009.jpg,0.705945,19.626785,ok
EES0423720__X39__Y12__P010.jpg,0.739256,19.476114,ok
EES0423720__X39__Y15__P011.jpg,0.765796,18.540799,ok
EES0423720__X39__Y18__P012.jpg,0.791512,20.183277,ok
EES0423720__X39__Y1E__P013.jpg,0.761015,17.529499,ok
EES0423720__X39__Y21__P014.jpg,0.768275,20.717140,ok
EES0423720__X39__Y27__P015.jpg,0.731926,19.165585,ok
EES0423720__X39__Y39__P016.jpg,0.890820,24.703370,ok
EES0423720__X39__Y3C__P017.jpg,0.698615,18.927343,ok
EES0423720__X3C__Y15__P018.jpg,0.740135,18.776499,ok
EES0423720__X3C__Y18__P019.jpg,0.785142,20.583925,ok
EES0423720__X3C__Y1B__P020.jpg,0.776415,21.155183,ok
EES0423720__X3C__Y24__P021.jpg,0.812204,21.546782,ok
EES0423720__X3C__Y30__P022.jpg,0.792249,22.000803,ok
EES0423720__X3C__Y33__P023.jpg,0.715707,20.161946,ok
EES0423720__X3C__Y36__P024.jpg,0.747168,19.744404,ok
EES0423720__X3F__Y15__P025.jpg,0.815981,18.933688,ok
EES0423721__X3F__Y18__P001.jpg,0.755164,18.143602,ok
EES0423721__X3F__Y1B__P002.jpg,0.778716,20.853233,ok
EES0423721__X3F__Y1E__P003.jpg,0.887127,23.165098,ok
EES0423721__X3F__Y21__P004.jpg,0.857049,20.508702,ok
EES0423721__X3F__Y27__P005.jpg,0.894724,22.457421,ok
EES0423721__X3F__Y2A__P006.jpg,0.838694,18.584416,ok
EES0423721__X3F__Y30__P007.jpg,0.736917,19.904335,ok
EES0423721__X42__Y1B__P008.jpg,0.859851,21.141326,ok
EES0423721__X42__Y21__P009.jpg,0.763337,21.273795,ok
EES0423721__X42__Y24__P010.jpg,0.780105,20.346493,ok
EES0423721__X42__Y27__P011.jpg,0.868338,25.144307,ok
EES0423721__X42__Y2A__P012.jpg,0.852460,21.005860,ok
EES0423721__X0F__Y06__P013.jpg,0.878367,21.804396,ok
EES0423721__X0F__Y2A__P014.jpg,0.821966,21.640909,ok
EES0423721__X12__Y1B__P015.jpg,0.915279,25.199572,ok
EES0423721__X12__Y2D__P016.jpg,0.863160,20.098717,ok
EES0423721__X15__Y1E__P017.jpg,0.814959,19.222267,ok
EES0423721__X15__Y24__P018.jpg,0.812900,18.755845,ok
EES0423721__X15__Y27__P019.jpg,0.793695,20.114787,ok
EES0423721__X15__Y33__P020.jpg,0.825229,19.180794,ok
EES0423721__X18__Y1E__P021.jpg,0.810778,20.829810,ok
EES0423721__X18__Y21__P022.jpg,0.881371,19.234909,ok
EES0423721__X18__Y24__P023.jpg,0.814939,22.264636,ok
EES0423721__X18__Y2D__P024.jpg,0.851146,18.658461,ok
EES0423721__X1B__Y1E__P025.jpg,0.812211,19.945450,ok
EES0423722__X36__Y0F__P001.jpg,0.829468,22.846927,ok
EES0423722__X36__Y1B__P002.jpg,0.875902,20.644864,ok
EES0423722__X36__Y27__P003.jpg,0.802567,18.130784,ok
EES0423722__X39__Y0F__P004.jpg,0.845855,21.898520,ok
EES0423722__X0F__Y18__P005.jpg,0.847101,20.168542,ok
EES0423722__X0F__Y1B__P006.jpg,0.891332,25.470646,ok
EES0423722__X0F__Y21__P007.jpg,0.842412,19.952075,ok
EES0423722__X0F__Y24__P008.jpg,0.785651,19.880463,ok
EES0423722__X0F__Y27__P009.jpg,0.905490,23.113519,ok
EES0423722__X0F__Y2A__P010.jpg,0.876871,23.839951,ok
EES0423722__X0F__Y2D__P011.jpg,0.884360,27.122198,ok
EES0423722__X12__Y12__P012.jpg,0.795876,21.842070,ok
EES0423722__X12__Y15__P013.jpg,0.908544,23.954804,ok
EES0423722__X12__Y18__P014.jpg,0.817303,18.937643,ok
EES0423722__X12__Y30__P015.jpg,0.838744,19.158647,ok
EES0423722__X12__Y33__P016.jpg,0.889754,22.467807,ok
EES0423722__X15__Y0F__P017.jpg,0.802168,22.343853,ok
EES0423722__X15__Y33__P018.jpg,0.810833,20.038812,ok
EES0423722__X15__Y36__P019.jpg,0.837570,20.108568,ok
EES0423722__X18__Y0C__P020.jpg,0.882740,26.458523,ok
EES0423722__X18__Y39__P021.jpg,0.854686,24.031164,ok
EES0423722__X1B__Y09__P022.jpg,0.848832,23.846461,ok
EES0423722__X1B__Y3C__P023.jpg,0.822624,22.003624,ok
EES0423722__X1E__Y09__P024.jpg,0.822886,20.933737,ok
EES0423722__X1E__Y3C__P025.jpg,0.727140,19.238208,ok
EES0423723__X21__Y06__P001.jpg,0.823830,20.978272,ok
EES0423723__X24__Y06__P002.jpg,0.681527,17.700971,ok
EES0423723__X24__Y30__P003.jpg,0.801776,18.758017,ok
EES0423723__X24__Y3F__P004.jpg,0.733830,17.717481,ok
EES0423723__X27__Y3F__P005.jpg,0.931230,24.928135,ok
EES0423723__X2A__Y03__P006.jpg,0.843526,20.823069,ok
EES0423723__X2D__Y03__P007.jpg,0.661456,16.915435,ok
EES0423723__X30__Y03__P008.jpg,0.777347,20.047529,ok
EES0423723__X30__Y1E__P009.jpg,0.867485,23.477116,ok
EES0423723__X30__Y3F__P010.jpg,0.868066,21.716012,ok
EES0423723__X33__Y03__P011.jpg,0.692771,18.170895,ok
EES0423723__X33__Y06__P012.jpg,0.862671,20.717983,ok
EES0423723__X33__Y1E__P013.jpg,0.897706,24.723030,ok
EES0423723__X33__Y3C__P014.jpg,0.706691,17.513824,ok
EES0423723__X36__Y06__P015.jpg,0.846201,20.432009,ok
EES0423723__X36__Y09__P016.jpg,0.809063,20.372560,ok
EES0423723__X36__Y30__P017.jpg,0.788123,20.410382,ok
EES0423723__X36__Y3C__P018.jpg,0.707690,17.451527,ok
EES0423723__X39__Y09__P019.jpg,0.843011,20.016449,ok
EES0423723__X39__Y12__P020.jpg,0.727220,18.194509,ok
EES0423723__X39__Y36__P021.jpg,0.910273,22.645491,ok
EES0423723__X39__Y39__P022.jpg,0.925487,26.845498,ok
EES0423723__X39__Y3C__P023.jpg,0.715590,18.815727,ok
EES0423723__X3C__Y0C__P024.jpg,0.832659,19.781528,ok
EES0423723__X3C__Y36__P025.jpg,0.712333,17.774428,ok
EES0423724__X3C__Y39__P001.jpg,0.767256,17.723688,ok
EES0423724__X3F__Y0C__P002.jpg,0.668031,17.245410,ok
EES0423724__X3F__Y15__P003.jpg,0.889123,22.261094,ok
EES0423724__X3F__Y21__P004.jpg,0.787469,19.593810,ok
EES0423724__X3F__Y30__P005.jpg,0.828364,18.769251,ok
EES0423724__X3F__Y33__P006.jpg,0.854909,21.159886,ok
EES0423724__X3F__Y36__P007.jpg,0.903771,25.486519,ok
EES0423724__X42__Y0F__P008.jpg,0.823789,20.908489,ok
EES0423724__X42__Y12__P009.jpg,0.827209,23.148809,ok
EES0423724__X42__Y15__P010.jpg,0.843780,22.846244,ok
EES0423724__X42__Y2D__P011.jpg,0.877691,24.734413,ok
EES0423724__X42__Y30__P012.jpg,0.770124,19.468123,ok
EES0423724__X45__Y15__P013.jpg,0.751234,18.507987,ok
EES0423724__X45__Y18__P014.jpg,0.761578,19.774197,ok
EES0423724__X45__Y1E__P015.jpg,0.854913,22.757382,ok
EES0423724__X45__Y27__P016.jpg,0.881380,23.302593,ok
EES0423724__X45__Y2D__P017.jpg,0.890829,24.392879,ok
EES0423724__X48__Y21__P018.jpg,0.812813,21.102888,ok
EES0423724__X48__Y27__P019.jpg,0.818924,20.801978,ok
EES0423724__X0F__Y2A__P020.jpg,0.871612,22.337642,ok
EES0423724__X12__Y21__P021.jpg,0.722818,17.849724,ok
EES0423724__X12__Y24__P022.jpg,0.837565,21.141800,ok
EES0423724__X12__Y27__P023.jpg,0.650304,16.675369,ok
EES0423724__X12__Y2A__P024.jpg,0.790487,18.701393,ok
EES0423724__X12__Y2D__P025.jpg,0.833111,21.243568,ok
EES0423725__X15__Y24__P001.jpg,0.683728,18.359323,ok
EES0423725__X15__Y30__P002.jpg,0.748639,18.387360,ok
EES0423725__X15__Y33__P003.jpg,0.946983,24.525595,ok
EES0423725__X15__Y36__P004.jpg,0.768269,18.307303,ok
EES0423725__X15__Y3C__P005.jpg,0.715451,17.451504,ok
EES0423725__X18__Y24__P006.jpg,0.760422,17.659165,ok
EES0423725__X18__Y27__P007.jpg,0.795509,18.581811,ok
EES0423725__X1B__Y24__P008.jpg,0.798567,20.004013,ok
EES0423725__X1B__Y27__P009.jpg,0.883120,19.718184,ok
EES0423725__X1B__Y3C__P010.jpg,0.888766,25.847429,ok
EES0423725__X1E__Y0C__P011.jpg,0.810804,20.021866,ok
EES0423725__X1E__Y18__P012.jpg,0.808576,19.202348,ok
EES0423725__X1E__Y27__P013.jpg,0.770739,18.314235,ok
EES0423725__X21__Y09__P014.jpg,0.693652,17.578292,ok
EES0423725__X21__Y12__P015.jpg,0.777492,19.111737,ok
EES0423725__X21__Y15__P016.jpg,0.825479,18.873899,ok
EES0423725__X21__Y27__P017.jpg,0.672918,16.559632,ok
EES0423725__X24__Y09__P018.jpg,0.713820,18.908606,ok
EES0423725__X24__Y0F__P019.jpg,0.955911,32.196265,ok
EES0423725__X24__Y12__P020.jpg,0.672360,17.473014,ok
EES0423725__X24__Y15__P021.jpg,0.728989,17.377722,ok
EES0423725__X24__Y18__P022.jpg,0.808783,19.187722,ok
EES0423725__X24__Y27__P023.jpg,0.829682,21.855683,ok
EES0423725__X24__Y2A__P024.jpg,0.754519,18.323334,ok
EES0423725__X27__Y15__P025.jpg,0.838580,19.950713,ok
EES0423726__X27__Y18__P001.jpg,0.699121,17.411548,ok
EES0423726__X27__Y2A__P002.jpg,0.852384,19.389899,ok
EES0423726__X27__Y2D__P003.jpg,0.817352,21.634012,ok
EES0423726__X2A__Y09__P004.jpg,0.894209,22.192437,ok
EES0423726__X2A__Y0C__P005.jpg,0.822162,19.164812,ok
EES0423726__X2A__Y0F__P006.jpg,0.834499,19.757224,ok
EES0423726__X2A__Y18__P007.jpg,0.710080,18.940704,ok
EES0423726__X2A__Y27__P008.jpg,0.891190,19.831330,ok
EES0423726__X2A__Y2D__P009.jpg,0.747571,19.769901,ok
EES0423726__X2D__Y09__P010.jpg,0.862764,19.903852,ok
EES0423726__X2D__Y0C__P011.jpg,0.783108,19.844336,ok
EES0423726__X2D__Y15__P012.jpg,0.730662,19.902719,ok
EES0423726__X2D__Y18__P013.jpg,0.849923,23.191265,ok
EES0423726__X2D__Y2D__P014.jpg,0.773271,21.162681,ok
EES0423726__X30__Y09__P015.jpg,0.804503,20.109489,ok
EES0423726__X30__Y0C__P016.jpg,0.747063,18.276462,ok
EES0423726__X30__Y27__P017.jpg,0.759927,18.278010,ok
EES0423726__X30__Y2A__P018.jpg,0.776865,20.145506,ok
EES0423726__X33__Y09__P019.jpg,0.655613,17.385935,ok
EES0423726__X33__Y0C__P020.jpg,0.836344,20.049008,ok
EES0423726__X36__Y0C__P021.jpg,0.874461,20.469692,ok
EES0423726__X36__Y12__P022.jpg,0.677585,17.020766,ok
EES0423726__X36__Y2A__P023.jpg,0.805193,18.298017,ok
EES0423726__X39__Y0F__P024.jpg,0.854959,18.590119,ok
EES0423726__X39__Y2A__P025.jpg,0.733855,18.419986,ok
EES0423727__X1B__Y06__P001.jpg,0.800016,19.359514,ok
EES0423727__X1E__Y3F__P002.jpg,0.719540,18.313199,ok
EES0423727__X21__Y3F__P003.jpg,0.783680,18.148735,ok
EES0423727__X24__Y03__P004.jpg,0.798637,19.451567,ok
EES0423727__X27__Y03__P005.jpg,0.795615,17.911204,ok
EES0423727__X27__Y3F__P006.jpg,0.868515,19.162858,ok
EES0423727__X30__Y06__P007.jpg,0.803986,21.096751,ok
EES0423727__X30__Y36__P008.jpg,0.770882,17.834375,ok
EES0423727__X30__Y3C__P009.jpg,0.932460,25.269576,ok
EES0423727__X33__Y2D__P010.jpg,0.950876,26.302626,ok
EES0423727__X33__Y30__P011.jpg,0.829608,18.791760,ok
EES0423727__X33__Y33__P012.jpg,0.775378,17.813879,ok
EES0423727__X33__Y36__P013.jpg,0.837101,18.494706,ok
EES0423727__X36__Y0C__P014.jpg,0.816967,19.387237,ok
EES0423727__X36__Y27__P015.jpg,0.831519,22.691833,ok
EES0423727__X36__Y2A__P016.jpg,0.897025,22.153821,ok
EES0423727__X36__Y2D__P017.jpg,0.776046,18.551705,ok
EES0423727__X36__Y30__P018.jpg,0.855730,19.265182,ok
EES0423727__X36__Y33__P019.jpg,0.818427,17.905945,ok
EES0423727__X39__Y0C__P020.jpg,0.808719,18.533762,ok
EES0423727__X39__Y0F__P021.jpg,0.748534,18.608158,ok
EES0423727__X39__Y1E__P022.jpg,0.867553,21.818815,ok
EES0423727__X39__Y27__P023.jpg,0.762137,18.127955,ok
EES0423727__X39__Y2A__P024.jpg,0.934305,28.974738,ok
EES0423727__X39__Y2D__P025.jpg,0.836785,18.981432,ok
EES0423728__X3C__Y0F__P001.jpg,0.718139,17.417636,ok
EES0423728__X3C__Y12__P002.jpg,0.865827,21.061685,ok
EES0423728__X3C__Y15__P003.jpg,0.872116,19.220274,ok
EES0423728__X3C__Y1B__P004.jpg,0.761535,17.736562,ok
EES0423728__X3C__Y1E__P005.jpg,0.861370,22.624669,ok
EES0423728__X3C__Y21__P006.jpg,0.882125,21.786895,ok
EES0423728__X3C__Y27__P007.jpg,0.820037,18.479790,ok
EES0423728__X3C__Y2A__P008.jpg,0.753948,18.411826,ok
EES0423728__X3C__Y36__P009.jpg,0.772042,18.351431,ok
EES0423728__X3F__Y12__P010.jpg,0.837743,21.864054,ok
EES0423728__X3F__Y18__P011.jpg,0.799828,18.206438,ok
EES0423728__X3F__Y1B__P012.jpg,0.894010,23.377098,ok
EES0423728__X3F__Y1E__P013.jpg,0.912796,27.806557,ok
EES0423728__X3F__Y21__P014.jpg,0.726342,18.539920,ok
EES0423728__X3F__Y24__P015.jpg,0.753376,18.623871,ok
EES0423728__X3F__Y27__P016.jpg,0.804885,18.702813,ok
EES0423728__X42__Y24__P017.jpg,0.721361,17.762443,ok
EES0423728__X12__Y18__P018.jpg,0.808430,18.451403,ok
EES0423728__X12__Y27__P019.jpg,0.819127,19.001518,ok
EES0423728__X15__Y1B__P020.jpg,0.845631,22.208089,ok
EES0423728__X15__Y2A__P021.jpg,0.772742,18.655135,ok
EES0423728__X18__Y1E__P022.jpg,0.758872,17.992788,ok
EES0423728__X18__Y21__P023.jpg,0.748468,17.772739,ok
EES0423728__X18__Y27__P024.jpg,0.850516,20.172112,ok
EES0423728__X1B__Y18__P025.jpg,0.787568,19.419506,ok
EES0423729__X2D__Y15__P001.jpg,0.680415,18.013767,ok
EES0423729__X2D__Y18__P002.jpg,0.792789,17.905187,ok
EES0423729__X2D__Y1B__P003.jpg,0.731689,17.469324,ok
EES0423729__X2D__Y1E__P004.jpg,0.886081,23.522966,ok
EES0423729__X30__Y0C__P005.jpg,0.654697,16.548899,ok
EES0423729__X30__Y15__P006.jpg,0.881015,19.971195,ok
EES0423729__X30__Y18__P007.jpg,0.819924,18.718468,ok
EES0423729__X33__Y0C__P008.jpg,0.812084,19.854328,ok
EES0423729__X33__Y0F__P009.jpg,0.799121,18.416871,ok
EES0423729__X33__Y18__P010.jpg,0.738840,18.860454,ok
EES0423729__X33__Y1B__P011.jpg,0.898623,20.392254,ok
EES0423729__X36__Y0C__P012.jpg,0.830393,18.101762,ok
EES0423729__X36__Y18__P013.jpg,0.630345,16.860203,ok
EES0423729__X39__Y0F__P014.jpg,0.877859,21.687400,ok
EES0423729__X39__Y12__P015.jpg,0.868297,20.439477,ok
EES0423729__X39__Y18__P016.jpg,0.796295,19.251779,ok
EES0423729__X3C__Y12__P017.jpg,0.790759,18.642237,ok
EES0423729__X3C__Y15__P018.jpg,0.883687,22.082913,ok
EES0423729__X3C__Y18__P019.jpg,0.769887,18.132474,ok
EES0423729__X3F__Y15__P020.jpg,0.909265,23.642153,ok
EES0423729__X3F__Y18__P021.jpg,0.797321,17.771720,ok
EES0423729__X12__Y1E__P022.jpg,0.877475,20.378562,ok
EES0423729__X1B__Y33__P023.jpg,0.765472,19.686983,ok
EES0423729__X1E__Y09__P024.jpg,0.897003,20.582750,ok
EES0423729__X1E__Y0C__P025.jpg,0.711693,17.536497,ok
EES0423730__X1E__Y36__P001.jpg,0.790452,17.716681,ok
EES0423730__X1E__Y39__P002.jpg,0.770071,17.307831,ok
EES0423730__X24__Y36__P003.jpg,0.837148,19.708552,ok
EES0423730__X27__Y33__P004.jpg,0.750752,18.787214,ok
EES0423730__X2A__Y06__P005.jpg,0.808597,18.914875,ok
EES0423730__X2D__Y30__P006.jpg,0.861530,19.393605,ok
EES0423730__X2D__Y33__P007.jpg,0.889465,19.565530,ok
EES0423730__X2D__Y36__P008.jpg,0.734570,17.062531,ok
EES0423730__X2D__Y3C__P009.jpg,0.667195,16.499174,ok
EES0423730__X30__Y36__P010.jpg,0.822933,18.902948,ok
EES0423730__X33__Y0C__P011.jpg,0.680370,16.829821,ok
EES0423730__X33__Y0F__P012.jpg,0.776633,17.310170,ok
EES0423730__X33__Y21__P013.jpg,0.737114,16.927196,ok
EES0423730__X36__Y12__P014.jpg,0.774224,17.553239,ok
EES0423730__X36__Y1B__P015.jpg,0.740711,17.223299,ok
EES0423730__X36__Y21__P016.jpg,0.765091,17.979175,ok
EES0423730__X36__Y27__P017.jpg,0.797227,17.524252,ok
EES0423730__X36__Y2A__P018.jpg,0.791005,18.413240,ok
EES0423730__X39__Y0C__P019.jpg,0.799205,17.511136,ok
EES0423730__X39__Y0F__P020.jpg,0.810162,20.459200,ok
EES0423730__X39__Y15__P021.jpg,0.805321,17.947459,ok
EES0423730__X39__Y1E__P022.jpg,0.699628,16.974385,ok
EES0423730__X39__Y21__P023.jpg,0.827299,19.230837,ok
EES0423730__X3C__Y12__P024.jpg,0.798026,17.607212,ok
EES0423730__X3C__Y18__P025.jpg,0.723858,18.676050,ok
EES0423731__X3F__Y30__P001.jpg,0.834714,21.474110,ok
EES0423731__X3F__Y33__P002.jpg,0.823037,21.763523,ok
EES0423731__X42__Y30__P003.jpg,0.817190,17.960868,ok
EES0423731__X45__Y30__P004.jpg,0.787735,18.844658,ok
EES0423731__X0F__Y15__P005.jpg,0.733319,18.583413,ok
EES0423731__X15__Y12__P006.jpg,0.824842,18.844396,ok
EES0423731__X15__Y15__P007.jpg,0.861773,23.091691,ok
EES0423731__X18__Y0C__P008.jpg,0.875726,21.636336,ok
EES0423731__X18__Y0F__P009.jpg,0.741645,17.809216,ok
EES0423731__X18__Y12__P010.jpg,0.802664,20.825573,ok
EES0423731__X18__Y15__P011.jpg,0.834146,20.140690,ok
EES0423731__X1B__Y09__P012.jpg,0.820503,19.572606,ok
EES0423731__X1B__Y0C__P013.jpg,0.791205,18.685919,ok
EES0423731__X1B__Y0F__P014.jpg,0.840313,18.442444,ok
EES0423731__X1E__Y0C__P015.jpg,0.796140,19.468912,ok
EES0423731__X1E__Y0F__P016.jpg,0.891696,21.038249,ok
EES0423731__X21__Y09__P017.jpg,0.806517,17.904063,ok
EES0423731__X21__Y0F__P018.jpg,0.764095,18.411315,ok
EES0423731__X21__Y12__P019.jpg,0.819390,19.357391,ok
EES0423731__X21__Y15__P020.jpg,0.870515,21.831495,ok
EES0423731__X24__Y09__P021.jpg,0.783074,20.896769,ok
EES0423731__X24__Y0C__P022.jpg,0.802130,19.742076,ok
EES0423731__X24__Y0F__P023.jpg,0.804302,19.567251,ok
EES0423731__X24__Y12__P024.jpg,0.789393,21.042210,ok
EES0423731__X24__Y15__P025.jpg,0.813986,19.156444,ok
EES0423732__X27__Y09__P001.jpg,0.854306,21.989282,ok
EES0423732__X27__Y0C__P002.jpg,0.885432,25.687641,ok
EES0423732__X27__Y0F__P003.jpg,0.892392,19.451574,ok
EES0423732__X27__Y12__P004.jpg,0.851760,19.793568,ok
EES0423732__X27__Y15__P005.jpg,0.787149,20.075323,ok
EES0423732__X2A__Y09__P006.jpg,0.793728,20.868247,ok
EES0423732__X2A__Y0C__P007.jpg,0.827042,19.048815,ok
EES0423732__X2A__Y0F__P008.jpg,0.859122,22.453923,ok
EES0423732__X2A__Y12__P009.jpg,0.751989,17.513565,ok
EES0423732__X2A__Y15__P010.jpg,0.856838,18.355234,ok
EES0423732__X2D__Y0C__P011.jpg,0.790947,20.443644,ok
EES0423732__X2D__Y0F__P012.jpg,0.829688,20.886991,ok
EES0423732__X2D__Y12__P013.jpg,0.796422,19.962992,ok
EES0423732__X2D__Y15__P014.jpg,0.841397,19.644440,ok
EES0423732__X2D__Y18__P015.jpg,0.873279,19.807475,ok
EES0423732__X2D__Y1B__P016.jpg,0.805479,19.707490,ok
EES0423732__X2D__Y24__P017.jpg,0.786288,20.723671,ok
EES0423732__X2D__Y2D__P018.jpg,0.766016,19.276796,ok
EES0423732__X2D__Y36__P019.jpg,0.833051,19.310688,ok
EES0423732__X30__Y0F__P020.jpg,0.764980,18.042871,ok
EES0423732__X30__Y12__P021.jpg,0.750354,19.358444,ok
EES0423732__X30__Y15__P022.jpg,0.828012,24.175165,ok
EES0423732__X30__Y18__P023.jpg,0.890333,21.771503,ok
EES0423732__X30__Y1B__P024.jpg,0.881241,26.287460,ok
EES0423732__X30__Y21__P025.jpg,0.775060,19.514153,ok
EES0423733__X33__Y0F__P001.jpg,0.834141,19.278863,ok
EES0423733__X33__Y12__P002.jpg,0.861396,20.353940,ok
EES0423733__X33__Y15__P003.jpg,0.808459,18.856057,ok
EES0423733__X33__Y18__P004.jpg,0.951924,26.553684,ok
EES0423733__X33__Y1B__P005.jpg,0.875523,19.157796,ok
EES0423733__X33__Y1E__P006.jpg,0.812344,18.107517,ok
EES0423733__X33__Y21__P007.jpg,0.795597,18.854283,ok
EES0423733__X33__Y2D__P008.jpg,0.810972,18.067255,ok
EES0423733__X36__Y18__P009.jpg,0.888428,20.434820,ok
EES0423733__X36__Y1B__P010.jpg,0.853997,21.510253,ok
EES0423733__X36__Y2D__P011.jpg,0.867473,26.159887,ok
EES0423733__X36__Y30__P012.jpg,0.828052,18.733906,ok
EES0423733__X39__Y15__P013.jpg,0.836031,18.399187,ok
EES0423733__X39__Y18__P014.jpg,0.881517,22.702211,ok
EES0423733__X39__Y27__P015.jpg,0.853131,21.835337,ok
EES0423733__X39__Y2A__P016.jpg,0.852807,21.604593,ok
EES0423733__X39__Y2D__P017.jpg,0.792357,21.786703,ok
EES0423733__X3F__Y24__P018.jpg,0.917745,22.882943,ok
EES0423733__X06__Y33__P019.jpg,0.783003,18.163727,ok
EES0423733__X09__Y21__P020.jpg,0.856214,21.798987,ok
EES0423733__X09__Y27__P021.jpg,0.884049,19.871186,ok
EES0423733__X09__Y2A__P022.jpg,0.880569,23.060367,ok
EES0423733__X09__Y2D__P023.jpg,0.881593,20.592245,ok
EES0423733__X09__Y30__P024.jpg,0.841696,21.534444,ok
EES0423733__X0F__Y1B__P025.jpg,0.889299,21.028560,ok
EES0423734__X0F__Y1E__P001.jpg,0.766046,17.790579,ok
EES0423734__X0F__Y33__P002.jpg,0.865601,20.416548,ok
EES0423734__X12__Y33__P003.jpg,0.895399,23.089299,ok
EES0423734__X12__Y36__P004.jpg,0.869909,20.706779,ok
EES0423734__X12__Y3C__P005.jpg,0.858904,20.523924,ok
EES0423734__X15__Y3C__P006.jpg,0.816897,19.664788,ok
EES0423734__X18__Y1B__P007.jpg,0.886026,20.347293,ok
EES0423734__X18__Y1E__P008.jpg,0.814442,18.622844,ok
EES0423734__X18__Y39__P009.jpg,0.897764,22.576396,ok
EES0423734__X18__Y3C__P010.jpg,0.838130,20.712166,ok
EES0423734__X18__Y3F__P011.jpg,0.880668,24.202924,ok
EES0423734__X18__Y42__P012.jpg,0.855977,20.262797,ok
EES0423734__X1B__Y1B__P013.jpg,0.873792,19.659779,ok
EES0423734__X1B__Y1E__P014.jpg,0.789083,17.977774,ok
EES0423734__X1B__Y2A__P015.jpg,0.830884,19.000091,ok
EES0423734__X1B__Y39__P016.jpg,0.851043,19.798139,ok
EES0423734__X1B__Y45__P017.jpg,0.893039,21.395887,ok
EES0423734__X1E__Y3C__P018.jpg,0.868582,21.569242,ok
EES0423734__X1E__Y42__P019.jpg,0.885818,21.364525,ok
EES0423734__X21__Y3C__P020.jpg,0.792842,18.243207,ok
EES0423734__X21__Y3F__P021.jpg,0.848806,20.682852,ok
EES0423734__X21__Y42__P022.jpg,0.876047,23.752980,ok
EES0423734__X21__Y45__P023.jpg,0.907257,25.374342,ok
EES0423734__X24__Y18__P024.jpg,0.788778,18.574564,ok
EES0423734__X24__Y1B__P025.jpg,0.805983,18.337392,ok
EES0423735__X3F__Y1B__P001.jpg,0.822349,20.724455,ok
EES0423735__X3F__Y1E__P002.jpg,0.789708,18.248734,ok
EES0423735__X3F__Y21__P003.jpg,0.888708,21.891387,ok
EES0423735__X3F__Y2D__P004.jpg,0.879782,20.356328,ok
EES0423735__X3F__Y30__P005.jpg,0.927177,29.554086,ok
EES0423735__X3F__Y33__P006.jpg,0.907158,26.199338,ok
EES0423735__X42__Y21__P007.jpg,0.847777,22.450049,ok
EES0423735__X42__Y24__P008.jpg,0.796820,18.261253,ok
EES0423735__X42__Y33__P009.jpg,0.838140,20.249997,ok
EES0423735__X42__Y36__P010.jpg,0.770944,19.331371,ok
EES0423735__X45__Y33__P011.jpg,0.876722,22.058003,ok
EES0423735__X0C__Y2D__P012.jpg,0.781048,19.181351,ok
EES0423735__X0C__Y30__P013.jpg,0.926280,31.340612,ok
EES0423735__X0F__Y21__P014.jpg,0.883924,20.537885,ok
EES0423735__X0F__Y27__P015.jpg,0.930614,28.334410,ok
EES0423735__X0F__Y2A__P016.jpg,0.789315,18.616818,ok
EES0423735__X0F__Y30__P017.jpg,0.778827,19.675942,ok
EES0423735__X12__Y2A__P018.jpg,0.926997,26.134662,ok
EES0423735__X12__Y36__P019.jpg,0.790647,18.466843,ok
EES0423735__X12__Y39__P020.jpg,0.879968,20.432905,ok
EES0423735__X15__Y18__P021.jpg,0.813612,18.985260,ok
EES0423735__X15__Y1B__P022.jpg,0.824617,19.525786,ok
EES0423735__X15__Y1E__P023.jpg,0.868455,23.247761,ok
EES0423735__X15__Y30__P024.jpg,0.831689,21.276092,ok
EES0423735__X15__Y36__P025.jpg,0.915196,25.222097,ok
EES0423736__X36__Y39__P001.jpg,0.780374,19.259581,ok
EES0423736__X36__Y3C__P002.jpg,0.798427,19.099830,ok
EES0423736__X39__Y0F__P003.jpg,0.764231,17.440469,ok
EES0423736__X39__Y24__P004.jpg,0.734565,17.882155,ok
EES0423736__X39__Y36__P005.jpg,0.828584,19.278575,ok
EES0423736__X3C__Y1B__P006.jpg,0.823106,20.921837,ok
EES0423736__X3C__Y27__P007.jpg,0.803629,18.738777,ok
EES0423736__X3C__Y36__P008.jpg,0.802455,19.472907,ok
EES0423736__X3F__Y1B__P009.jpg,0.742480,17.208632,ok
EES0423736__X3F__Y1E__P010.jpg,0.856615,19.538319,ok
EES0423736__X3F__Y24__P011.jpg,0.897399,22.464956,ok
EES0423736__X3F__Y27__P012.jpg,0.892371,21.743211,ok
EES0423736__X3F__Y2A__P013.jpg,0.819210,19.164449,ok
EES0423736__X42__Y18__P014.jpg,0.877046,23.989834,ok
EES0423736__X42__Y27__P015.jpg,0.829465,20.388451,ok
EES0423736__X42__Y2A__P016.jpg,0.769531,18.887895,ok
EES0423736__X03__Y1E__P017.jpg,0.735755,17.584503,ok
EES0423736__X03__Y21__P018.jpg,0.825328,19.552674,ok
EES0423736__X03__Y24__P019.jpg,0.792514,19.294558,ok
EES0423736__X03__Y2A__P020.jpg,0.835508,18.619069,ok
EES0423736__X03__Y2D__P021.jpg,0.871391,20.717812,ok
EES0423736__X06__Y18__P022.jpg,0.890439,22.271813,ok
EES0423736__X06__Y1B__P023.jpg,0.890812,22.055957,ok
EES0423736__X06__Y36__P024.jpg,0.905854,21.109443,ok
EES0423736__X09__Y0F__P025.jpg,0.904326,18.761086,ok
EES0423737__X27__Y18__P001.jpg,0.815285,18.120083,ok
EES0423737__X2A__Y15__P002.jpg,0.887404,20.934123,ok
EES0423737__X2A__Y18__P003.jpg,0.825089,22.246769,ok
EES0423737__X2A__Y1B__P004.jpg,0.833133,21.057084,ok
EES0423737__X2A__Y1E__P005.jpg,0.794098,18.148618,ok
EES0423737__X2A__Y21__P006.jpg,0.823149,20.157386,ok
EES0423737__X2A__Y2A__P007.jpg,0.892415,23.904623,ok
EES0423737__X2A__Y2D__P008.jpg,0.841015,19.213382,ok
EES0423737__X2A__Y33__P009.jpg,0.751001,18.387480,ok
EES0423737__X2A__Y39__P010.jpg,0.905997,20.585274,ok
EES0423737__X2A__Y3C__P011.jpg,0.830967,20.610021,ok
EES0423737__X2D__Y15__P012.jpg,0.818572,19.634597,ok
EES0423737__X2D__Y21__P013.jpg,0.881799,20.516288,ok
EES0423737__X2D__Y27__P014.jpg,0.785659,19.764465,ok
EES0423737__X2D__Y2A__P015.jpg,0.850256,20.373261,ok
EES0423737__X2D__Y2D__P016.jpg,0.885839,24.601014,ok
EES0423737__X2D__Y30__P017.jpg,0.843823,22.355074,ok
EES0423737__X2D__Y33__P018.jpg,0.872363,20.561776,ok
EES0423737__X2D__Y36__P019.jpg,0.922845,27.965299,ok
EES0423737__X2D__Y39__P020.jpg,0.857317,19.325565,ok
EES0423737__X2D__Y3C__P021.jpg,0.881471,21.373621,ok
EES0423737__X2D__Y3F__P022.jpg,0.857420,19.405101,ok
EES0423737__X2D__Y42__P023.jpg,0.884117,19.660114,ok
EES0423737__X30__Y18__P024.jpg,0.872320,25.055741,ok
EES0423737__X30__Y27__P025.jpg,0.776046,19.776066,ok
EES0423738__X0C__Y2A__P001.jpg,0.833063,20.936583,ok
EES0423738__X0C__Y30__P002.jpg,0.870263,19.776951,ok
EES0423738__X0F__Y1B__P003.jpg,0.806695,19.812236,ok
EES0423738__X0F__Y1E__P004.jpg,0.795246,20.254038,ok
EES0423738__X12__Y1B__P005.jpg,0.885298,20.760801,ok
EES0423738__X1B__Y42__P006.jpg,0.882428,21.788865,ok
EES0423738__X1E__Y09__P007.jpg,0.817724,18.760335,ok
EES0423738__X21__Y06__P008.jpg,0.770802,18.865140,ok
EES0423738__X21__Y09__P009.jpg,0.788778,19.142932,ok
EES0423738__X21__Y1B__P010.jpg,0.749926,19.391552,ok
EES0423738__X24__Y45__P011.jpg,0.877832,23.016490,ok
EES0423738__X27__Y06__P012.jpg,0.928722,32.180731,ok
EES0423738__X27__Y45__P013.jpg,0.942640,24.310754,ok
EES0423738__X2A__Y06__P014.jpg,0.935804,26.884002,ok
EES0423738__X2A__Y45__P015.jpg,0.897631,21.248317,ok
EES0423738__X2D__Y06__P016.jpg,0.930821,28.466023,ok
EES0423738__X2D__Y3F__P017.jpg,0.907632,22.327379,ok
EES0423738__X30__Y06__P018.jpg,0.883691,21.070535,ok
EES0423738__X33__Y3F__P019.jpg,0.919353,21.348922,ok
EES0423738__X33__Y42__P020.jpg,0.824499,18.809000,ok
EES0423738__X36__Y09__P021.jpg,0.776557,19.191970,ok
EES0423738__X3F__Y39__P022.jpg,0.837723,20.513333,ok
EES0423738__X0C__Y0C__P023.jpg,0.825270,20.134589,ok
EES0423738__X12__Y09__P024.jpg,0.836513,20.931623,ok
EES0423738__X1B__Y06__P025.jpg,0.771562,18.856162,ok
EES0423739__X0F__Y0C__P001.jpg,0.819378,21.768533,ok
EES0423739__X0F__Y0F__P002.jpg,0.929875,27.795537,ok
EES0423739__X0F__Y12__P003.jpg,0.791925,19.326574,ok
EES0423739__X0F__Y42__P004.jpg,0.872217,22.984297,ok
EES0423739__X12__Y0C__P005.jpg,0.836678,21.633016,ok
EES0423739__X12__Y12__P006.jpg,0.832641,20.246292,ok
EES0423739__X15__Y0C__P007.jpg,0.791723,19.664086,ok
EES0423739__X15__Y45__P008.jpg,0.950137,28.391851,ok
EES0423739__X18__Y09__P009.jpg,0.934798,29.054149,ok
EES0423739__X18__Y0C__P010.jpg,0.723408,19.988893,ok
EES0423739__X18__Y45__P011.jpg,0.743573,17.878763,ok
EES0423739__X1B__Y09__P012.jpg,0.866783,25.373083,ok
EES0423739__X1B__Y0C__P013.jpg,0.829847,22.312862,ok
EES0423739__X1B__Y0F__P014.jpg,0.758752,19.976835,ok
EES0423739__X1E__Y09__P015.jpg,0.796489,18.933101,ok
EES0423739__X1E__Y0C__P016.jpg,0.749936,18.199572,ok
EES0423739__X21__Y09__P017.jpg,0.904245,20.930669,ok
EES0423739__X21__Y0C__P018.jpg,0.845759,22.033063,ok
EES0423739__X24__Y09__P019.jpg,0.844655,21.123524,ok
EES0423739__X27__Y09__P020.jpg,0.936638,32.567414,ok
EES0423739__X27__Y2A__P021.jpg,0.787143,18.357047,ok
EES0423739__X27__Y45__P022.jpg,0.786893,19.638330,ok
EES0423739__X2A__Y09__P023.jpg,0.945598,28.345391,ok
EES0423739__X2A__Y0C__P024.jpg,0.746855,17.499635,ok
EES0423739__X2A__Y45__P025.jpg,0.680986,17.301475,ok
EES0423740__X0F__Y2D__P001.jpg,0.948440,30.781822,ok
EES0423740__X0F__Y30__P002.jpg,0.787326,20.254257,ok
EES0423740__X0F__Y33__P003.jpg,0.804804,18.343721,ok
EES0423740__X0F__Y36__P004.jpg,0.792799,21.587698,ok
EES0423740__X0F__Y39__P005.jpg,0.917035,25.575175,ok
EES0423740__X0F__Y3C__P006.jpg,0.827777,18.488149,ok
EES0423740__X12__Y36__P007.jpg,0.803002,18.426282,ok
EES0423740__X12__Y39__P008.jpg,0.815966,20.829603,ok
EES0423740__X12__Y3C__P009.jpg,0.837030,19.791352,ok
EES0423740__X15__Y0C__P010.jpg,0.745944,17.440308,ok
EES0423740__X15__Y36__P011.jpg,0.844169,19.227139,ok
EES0423740__X15__Y3C__P012.jpg,0.756500,17.487279,ok
EES0423740__X18__Y36__P013.jpg,0.840241,21.475529,ok
EES0423740__X18__Y39__P014.jpg,0.892308,25.963867,ok
EES0423740__X18__Y3F__P015.jpg,0.857674,23.434425,ok
EES0423740__X18__Y42__P016.jpg,0.827359,19.030714,ok
EES0423740__X18__Y45__P017.jpg,0.804582,22.287451,ok
EES0423740__X1B__Y42__P018.jpg,0.780393,18.496765,ok
EES0423740__X1B__Y45__P019.jpg,0.858067,21.411900,ok
EES0423740__X1E__Y09__P020.jpg,0.853214,18.752266,ok
EES0423740__X1E__Y45__P021.jpg,0.765807,18.405846,ok
EES0423740__X21__Y09__P022.jpg,0.902056,20.411830,ok
EES0423740__X21__Y45__P023.jpg,0.848256,21.974547,ok
EES0423740__X24__Y09__P024.jpg,0.759674,19.055443,ok
EES0423740__X24__Y39__P025.jpg,0.807558,20.304562,ok
EES0423741__X0F__Y30__P001.jpg,0.863569,25.447939,ok
EES0423741__X0F__Y36__P002.jpg,0.872696,24.174110,ok
EES0423741__X12__Y15__P003.jpg,0.756414,18.395254,ok
EES0423741__X12__Y36__P004.jpg,0.901063,23.529483,ok
EES0423741__X15__Y0F__P005.jpg,0.819609,18.775485,ok
EES0423741__X18__Y36__P006.jpg,0.839353,20.232949,ok
EES0423741__X1E__Y0C__P007.jpg,0.883585,21.693002,ok
EES0423741__X1E__Y0F__P008.jpg,0.814674,18.133609,ok
EES0423741__X21__Y0C__P009.jpg,0.856466,24.711433,ok
EES0423741__X21__Y0F__P010.jpg,0.797490,18.835039,ok
EES0423741__X21__Y2D__P011.jpg,0.844703,18.303069,ok
EES0423741__X24__Y0C__P012.jpg,0.804746,19.886342,ok
EES0423741__X24__Y18__P013.jpg,0.815167,21.085063,ok
EES0423741__X24__Y36__P014.jpg,0.863153,19.418764,ok
EES0423741__X27__Y0C__P015.jpg,0.777923,17.726613,ok
EES0423741__X2A__Y0C__P016.jpg,0.865513,18.352879,ok
EES0423741__X2D__Y0C__P017.jpg,0.834138,19.692931,ok
EES0423741__X2D__Y0F__P018.jpg,0.873272,21.228807,ok
EES0423741__X30__Y0C__P019.jpg,0.876004,25.076724,ok
EES0423741__X30__Y18__P020.jpg,0.849455,18.649864,ok
EES0423741__X30__Y1B__P021.jpg,0.885972,21.362545,ok
EES0423741__X33__Y1E__P022.jpg,0.821232,20.431273,ok
EES0423741__X36__Y0F__P023.jpg,0.866580,21.752119,ok
EES0423741__X3C__Y15__P024.jpg,0.792700,19.194603,ok
EES0423741__X3C__Y27__P025.jpg,0.861492,18.732845,ok
EES0423742__X3C__Y33__P001.jpg,0.867062,22.087608,ok
EES0423742__X3F__Y21__P002.jpg,0.873078,23.217819,ok
EES0423742__X3F__Y33__P003.jpg,0.846763,23.295134,ok
EES0423742__X09__Y21__P004.jpg,0.864983,18.705053,ok
EES0423742__X09__Y24__P005.jpg,0.820289,19.564113,ok
EES0423742__X09__Y27__P006.jpg,0.922514,26.695409,ok
EES0423742__X09__Y2D__P007.jpg,0.789275,19.600684,ok
EES0423742__X09__Y30__P008.jpg,0.876109,22.059332,ok
EES0423742__X09__Y33__P009.jpg,0.877450,23.312547,ok
EES0423742__X0C__Y39__P010.jpg,0.859031,21.207071,ok
EES0423742__X0F__Y15__P011.jpg,0.853334,23.823639,ok
EES0423742__X0F__Y24__P012.jpg,0.773693,19.432166,ok
EES0423742__X0F__Y39__P013.jpg,0.754868,17.888314,ok
EES0423742__X0F__Y3C__P014.jpg,0.908874,21.765432,ok
EES0423742__X12__Y33__P015.jpg,0.849800,20.178234,ok
EES0423742__X12__Y39__P016.jpg,0.820156,21.693315,ok
EES0423742__X15__Y0F__P017.jpg,0.719539,19.957730,ok
EES0423742__X15__Y42__P018.jpg,0.872735,25.919786,ok
EES0423742__X1B__Y45__P019.jpg,0.893477,20.825671,ok
EES0423742__X1E__Y0C__P020.jpg,0.805693,21.226712,ok
EES0423742__X1E__Y39__P021.jpg,0.926637,27.450114,ok
EES0423742__X1E__Y45__P022.jpg,0.751695,19.965239,ok
EES0423742__X21__Y0C__P023.jpg,0.846766,19.260350,ok
EES0423742__X24__Y0C__P024.jpg,0.896517,21.182943,ok
EES0423742__X24__Y21__P025.jpg,0.794452,18.116854,ok
EES0423743__X24__Y3C__P001.jpg,0.815733,20.328944,ok
EES0423743__X24__Y45__P002.jpg,0.827734,22.260068,ok
EES0423743__X27__Y0C__P003.jpg,0.811224,21.724005,ok
EES0423743__X27__Y45__P004.jpg,0.802787,18.099182,ok
EES0423743__X2A__Y0C__P005.jpg,0.781896,18.602928,ok
EES0423743__X2A__Y45__P006.jpg,0.858508,20.731616,ok
EES0423743__X2D__Y18__P007.jpg,0.918413,24.885539,ok
EES0423743__X2D__Y45__P008.jpg,0.780627,18.205805,ok
EES0423743__X30__Y0F__P009.jpg,0.895837,20.231814,ok
EES0423743__X30__Y45__P010.jpg,0.823299,18.700005,ok
EES0423743__X33__Y0F__P011.jpg,0.840858,18.769789,ok
EES0423743__X33__Y45__P012.jpg,0.805404,20.306485,ok
EES0423743__X36__Y15__P013.jpg,0.827436,21.133413,ok
EES0423743__X36__Y42__P014.jpg,0.840526,18.813755,ok
EES0423743__X36__Y45__P015.jpg,0.858451,21.702500,ok
EES0423743__X39__Y1E__P016.jpg,0.937757,24.744443,ok
EES0423743__X39__Y3C__P017.jpg,0.826655,19.421488,ok
EES0423743__X39__Y3F__P018.jpg,0.767903,18.248780,ok
EES0423743__X39__Y42__P019.jpg,0.833833,18.359081,ok
EES0423743__X3C__Y30__P020.jpg,0.881904,20.033328,ok
EES0423743__X3C__Y3F__P021.jpg,0.944015,29.665123,ok
EES0423743__X3F__Y18__P022.jpg,0.880931,21.947340,ok
EES0423743__X3F__Y27__P023.jpg,0.823017,19.115848,ok
EES0423743__X3F__Y3C__P024.jpg,0.828567,19.197020,ok
EES0423743__X42__Y1E__P025.jpg,0.917749,22.693076,ok
EES0423744__X0F__Y39__P001.jpg,0.834290,21.243596,ok
EES0423744__X12__Y33__P002.jpg,0.773895,18.702774,ok
EES0423744__X15__Y09__P003.jpg,0.856224,21.844592,ok
EES0423744__X18__Y09__P004.jpg,0.769474,20.652434,ok
EES0423744__X18__Y15__P005.jpg,0.918641,29.094782,ok
EES0423744__X18__Y2D__P006.jpg,0.805040,20.220479,ok
EES0423744__X18__Y30__P007.jpg,0.804729,17.984037,ok
EES0423744__X18__Y33__P008.jpg,0.862394,18.770914,ok
EES0423744__X18__Y36__P009.jpg,0.816723,19.395082,ok
EES0423744__X18__Y39__P010.jpg,0.849687,21.807236,ok
EES0423744__X18__Y3C__P011.jpg,0.913850,25.013317,ok
EES0423744__X1B__Y09__P012.jpg,0.824838,20.699445,ok
EES0423744__X1B__Y15__P013.jpg,0.847212,19.765437,ok
EES0423744__X1B__Y30__P014.jpg,0.847927,18.543863,ok
EES0423744__X1B__Y33__P015.jpg,0.750462,17.726096,ok
EES0423744__X1B__Y36__P016.jpg,0.832206,17.953455,ok
EES0423744__X1E__Y09__P017.jpg,0.794598,18.661406,ok
EES0423744__X1E__Y18__P018.jpg,0.767441,18.323438,ok
EES0423744__X1E__Y1B__P019.jpg,0.823126,18.230255,ok
EES0423744__X1E__Y21__P020.jpg,0.851068,18.798232,ok
EES0423744__X1E__Y24__P021.jpg,0.845419,19.441057,ok
EES0423744__X1E__Y33__P022.jpg,0.755898,18.829570,ok
EES0423744__X21__Y1B__P023.jpg,0.865121,21.806613,ok
EES0423744__X21__Y1E__P024.jpg,0.822562,19.046737,ok
EES0423744__X21__Y21__P025.jpg,0.830127,19.448660,ok
EES0423745__X24__Y09__P001.jpg,0.917902,23.426611,ok
EES0423745__X24__Y27__P002.jpg,0.793372,17.584113,ok
EES0423745__X36__Y21__P003.jpg,0.851429,20.018126,ok
EES0423745__X39__Y27__P004.jpg,0.825338,19.072903,ok
EES0423745__X3C__Y27__P005.jpg,0.895022,21.097551,ok
EES0423745__X3C__Y2A__P006.jpg,0.869416,19.038938,ok
EES0423745__X06__Y1E__P007.jpg,0.893351,22.124308,ok
EES0423745__X06__Y27__P008.jpg,0.891363,22.476371,ok
EES0423745__X09__Y18__P009.jpg,0.877122,18.720957,ok
EES0423745__X09__Y1B__P010.jpg,0.899731,19.787180,ok
EES0423745__X0C__Y18__P011.jpg,0.893698,20.510188,ok
EES0423745__X0C__Y1B__P012.jpg,0.853400,21.035079,ok
EES0423745__X0F__Y15__P013.jpg,0.777998,19.946273,ok
EES0423745__X0F__Y18__P014.jpg,0.824641,21.193850,ok
EES0423745__X0F__Y1B__P015.jpg,0.822655,20.830828,ok
EES0423745__X12__Y15__P016.jpg,0.756293,17.277584,ok
EES0423745__X12__Y18__P017.jpg,0.869050,20.162979,ok
EES0423745__X15__Y0F__P018.jpg,0.850004,19.626669,ok
EES0423745__X15__Y1B__P019.jpg,0.770676,18.591831,ok
EES0423745__X18__Y0C__P020.jpg,0.893156,20.138948,ok
EES0423745__X18__Y45__P021.jpg,0.813729,18.679675,ok
EES0423745__X1B__Y0C__P022.jpg,0.838421,22.128165,ok
EES0423745__X1B__Y0F__P023.jpg,0.855175,21.990964,ok
EES0423745__X1B__Y12__P024.jpg,0.879075,22.960770,ok
EES0423745__X1E__Y0C__P025.jpg,0.866813,18.846918,ok
EES0423746__X06__Y24__P001.jpg,0.778529,19.150001,ok
EES0423746__X06__Y2A__P002.jpg,0.832648,21.454742,ok
EES0423746__X06__Y2D__P003.jpg,0.785505,18.157321,ok
EES0423746__X09__Y27__P004.jpg,0.846847,18.250602,ok
EES0423746__X09__Y36__P005.jpg,0.889296,18.535040,ok
EES0423746__X0C__Y12__P006.jpg,0.812820,22.144260,ok
EES0423746__X0C__Y36__P007.jpg,0.859325,20.183712,ok
EES0423746__X0C__Y39__P008.jpg,0.864312,22.017478,ok
EES0423746__X0F__Y0F__P009.jpg,0.917464,24.917903,ok
EES0423746__X0F__Y36__P010.jpg,0.732661,18.195651,ok
EES0423746__X0F__Y39__P011.jpg,0.833956,23.046612,ok
EES0423746__X0F__Y3F__P012.jpg,0.807259,23.223657,ok
EES0423746__X12__Y36__P013.jpg,0.773265,19.900280,ok
EES0423746__X12__Y39__P014.jpg,0.819184,18.690086,ok
EES0423746__X12__Y3F__P015.jpg,0.823333,18.176080,ok
EES0423746__X15__Y42__P016.jpg,0.834539,19.003075,ok
EES0423746__X18__Y0C__P017.jpg,0.819988,20.978168,ok
EES0423746__X1B__Y0C__P018.jpg,0.869378,24.884149,ok
EES0423746__X1B__Y3F__P019.jpg,0.877052,20.801782,ok
EES0423746__X1B__Y42__P020.jpg,0.841624,20.236666,ok
EES0423746__X1B__Y45__P021.jpg,0.943298,27.004970,ok
EES0423746__X1E__Y42__P022.jpg,0.776231,17.784206,ok
EES0423746__X1E__Y45__P023.jpg,0.834084,18.723803,ok
EES0423746__X21__Y0C__P024.jpg,0.808687,19.492144,ok
EES0423746__X21__Y45__P025.jpg,0.875228,19.224730,ok
EES0423747__X24__Y0C__P001.jpg,0.827688,19.485205,ok
EES0423747__X24__Y45__P002.jpg,0.774697,19.217865,ok
EES0423747__X27__Y0C__P003.jpg,0.828843,20.278261,ok
EES0423747__X27__Y45__P004.jpg,0.852190,22.914004,ok
EES0423747__X2A__Y0C__P005.jpg,0.808611,19.977629,ok
EES0423747__X2A__Y3F__P006.jpg,0.823047,20.778645,ok
EES0423747__X30__Y0F__P007.jpg,0.880602,23.596176,ok
EES0423747__X30__Y39__P008.jpg,0.697539,18.873046,ok
EES0423747__X30__Y3C__P009.jpg,0.849755,22.379960,ok
EES0423747__X36__Y39__P010.jpg,0.930533,22.834388,ok
EES0423747__X36__Y3F__P011.jpg,0.915711,25.894616,ok
EES0423747__X3F__Y21__P012.jpg,0.846436,19.658687,ok
EES0423747__X3F__Y24__P013.jpg,0.825915,19.585951,ok
EES0423747__X3F__Y27__P014.jpg,0.807772,21.143529,ok
EES0423747__X3F__Y2A__P015.jpg,0.808125,18.496534,ok
EES0423747__X03__Y1E__P016.jpg,0.887996,24.653095,ok
EES0423747__X03__Y21__P017.jpg,0.887912,19.310001,ok
EES0423747__X03__Y2D__P018.jpg,0.932170,23.919033,ok
EES0423747__X03__Y30__P019.jpg,0.825417,19.513438,ok
EES0423747__X03__Y33__P020.jpg,0.942029,26.567611,ok
EES0423747__X03__Y36__P021.jpg,0.835363,19.941740,ok
EES0423747__X03__Y39__P022.jpg,0.824822,18.531696,ok
EES0423747__X06__Y18__P023.jpg,0.800799,18.403809,ok
EES0423747__X06__Y2D__P024.jpg,0.882643,19.675031,ok
EES0423747__X06__Y30__P025.jpg,0.770937,18.650447,ok
EES0423748__X06__Y33__P001.jpg,0.940925,31.992685,ok
EES0423748__X06__Y36__P002.jpg,0.816019,18.100038,ok
EES0423748__X06__Y39__P003.jpg,0.782679,18.054304,ok
EES0423748__X06__Y3F__P004.jpg,0.795112,20.392281,ok
EES0423748__X09__Y15__P005.jpg,0.764666,18.023806,ok
EES0423748__X09__Y33__P006.jpg,0.865243,18.765423,ok
EES0423748__X0F__Y2A__P007.jpg,0.836438,18.704114,ok
EES0423748__X15__Y0C__P008.jpg,0.833427,19.139192,ok
EES0423748__X15__Y27__P009.jpg,0.723331,16.974969,ok
EES0423748__X1B__Y1B__P010.jpg,0.869006,18.570072,ok
EES0423748__X2A__Y0C__P011.jpg,0.960115,26.087815,ok
EES0423748__X2A__Y15__P012.jpg,0.732619,17.142093,ok
EES0423748__X2D__Y0C__P013.jpg,0.732880,17.221818,ok
EES0423748__X30__Y0F__P014.jpg,0.834364,19.344192,ok
EES0423748__X30__Y1E__P015.jpg,0.901172,24.439240,ok
EES0423748__X33__Y1E__P016.jpg,0.839406,18.748342,ok
EES0423748__X33__Y21__P017.jpg,0.919034,20.404588,ok
EES0423748__X36__Y1E__P018.jpg,0.865012,18.954391,ok
EES0423748__X36__Y21__P019.jpg,0.799762,19.747045,ok
EES0423748__X39__Y18__P020.jpg,0.774725,17.790791,ok
EES0423748__X39__Y1B__P021.jpg,0.841576,21.456897,ok
EES0423748__X39__Y1E__P022.jpg,0.841747,18.812825,ok
EES0423748__X3C__Y1B__P023.jpg,0.882781,19.729722,ok
EES0423748__X3C__Y1E__P024.jpg,0.817478,21.326905,ok
EES0423748__X3C__Y21__P025.jpg,0.775637,19.166143,ok
EES0423749__X0C__Y15__P001.jpg,0.823093,20.147869,ok
EES0423749__X0F__Y12__P002.jpg,0.826024,19.574336,ok
EES0423749__X12__Y0F__P003.jpg,0.870334,21.992928,ok
EES0423749__X15__Y09__P004.jpg,0.826101,21.191794,ok
EES0423749__X18__Y09__P005.jpg,0.885754,21.637589,ok
EES0423749__X1E__Y09__P006.jpg,0.802346,19.464432,ok
EES0423749__X21__Y3F__P007.jpg,0.719330,17.581517,ok
EES0423749__X24__Y3F__P008.jpg,0.767752,18.387213,ok
EES0423749__X27__Y09__P009.jpg,0.816894,18.859557,ok
EES0423749__X2A__Y09__P010.jpg,0.847070,21.221537,ok
EES0423749__X2A__Y3F__P011.jpg,0.857420,22.028617,ok
EES0423749__X2D__Y09__P012.jpg,0.792105,18.393003,ok
EES0423749__X2D__Y0C__P013.jpg,0.812371,18.963996,ok
EES0423749__X30__Y09__P014.jpg,0.814872,18.605907,ok
EES0423749__X33__Y09__P015.jpg,0.703990,17.577876,ok
EES0423749__X33__Y0C__P016.jpg,0.889052,22.697186,ok
EES0423749__X36__Y09__P017.jpg,0.769180,19.965237,ok
EES0423749__X36__Y0C__P018.jpg,0.877552,21.180500,ok
EES0423749__X36__Y0F__P019.jpg,0.889788,24.694486,ok
EES0423749__X36__Y1B__P020.jpg,0.785915,18.853694,ok
EES0423749__X36__Y21__P021.jpg,0.866692,23.040723,ok
EES0423749__X36__Y33__P022.jpg,0.753948,18.669980,ok
EES0423749__X39__Y09__P023.jpg,0.778621,18.701587,ok
EES0423749__X39__Y0C__P024.jpg,0.874886,19.871758,ok
EES0423749__X3C__Y0C__P025.jpg,0.808249,18.406516,ok
EES0423750__X0F__Y30__P001.jpg,0.867638,22.139394,ok
EES0423750__X0F__Y36__P002.jpg,0.858468,20.967664,ok
EES0423750__X0F__Y39__P003.jpg,0.887044,23.102674,ok
EES0423750__X0F__Y3C__P004.jpg,0.761959,18.664530,ok
EES0423750__X12__Y1B__P005.jpg,0.858744,21.767596,ok
EES0423750__X12__Y24__P006.jpg,0.837278,22.430495,ok
EES0423750__X12__Y27__P007.jpg,0.906838,24.242078,ok
EES0423750__X12__Y30__P008.jpg,0.862204,21.313843,ok
EES0423750__X12__Y36__P009.jpg,0.864259,23.700815,ok
EES0423750__X12__Y39__P010.jpg,0.805760,20.073504,ok
EES0423750__X12__Y3C__P011.jpg,0.873908,21.100263,ok
EES0423750__X15__Y12__P012.jpg,0.765825,19.060257,ok
EES0423750__X15__Y21__P013.jpg,0.812553,20.353667,ok
EES0423750__X15__Y24__P014.jpg,0.846944,20.857120,ok
EES0423750__X15__Y27__P015.jpg,0.814884,20.659680,ok
EES0423750__X15__Y30__P016.jpg,0.852348,21.974206,ok
EES0423750__X15__Y36__P017.jpg,0.860594,19.845825,ok
EES0423750__X15__Y39__P018.jpg,0.777325,19.702718,ok
EES0423750__X18__Y2A__P019.jpg,0.912856,26.246536,ok
EES0423750__X18__Y30__P020.jpg,0.870932,21.270540,ok
EES0423750__X18__Y36__P021.jpg,0.798392,18.368480,ok
EES0423750__X18__Y3C__P022.jpg,0.801413,19.409623,ok
EES0423750__X1B__Y0F__P023.jpg,0.892769,24.260689,ok
EES0423750__X1B__Y1B__P024.jpg,0.813035,18.929613,ok
EES0423750__X1B__Y27__P025.jpg,0.835188,20.203780,ok
EES0423751__X06__Y30__P001.jpg,0.861100,19.099239,ok
EES0423751__X06__Y33__P002.jpg,0.827843,21.202974,ok
EES0423751__X09__Y36__P003.jpg,0.863626,19.452173,ok
EES0423751__X0C__Y15__P004.jpg,0.874831,19.804490,ok
EES0423751__X0C__Y24__P005.jpg,0.786248,18.240353,ok
EES0423751__X0C__Y33__P006.jpg,0.791919,18.716794,ok
EES0423751__X0C__Y36__P007.jpg,0.896389,24.322302,ok
EES0423751__X0C__Y3C__P008.jpg,0.791164,18.820365,ok
EES0423751__X0F__Y15__P009.jpg,0.886104,21.427804,ok
EES0423751__X0F__Y18__P010.jpg,0.877415,20.373701,ok
EES0423751__X0F__Y1B__P011.jpg,0.842085,22.293655,ok
EES0423751__X0F__Y36__P012.jpg,0.788492,19.163441,ok
EES0423751__X0F__Y3C__P013.jpg,0.863891,24.251096,ok
EES0423751__X0F__Y3F__P014.jpg,0.813323,19.098606,ok
EES0423751__X15__Y09__P015.jpg,0.834107,18.173217,ok
EES0423751__X15__Y3C__P016.jpg,0.849770,20.162875,ok
EES0423751__X18__Y09__P017.jpg,0.830509,19.153118,ok
EES0423751__X18__Y42__P018.jpg,0.955813,29.168265,ok
EES0423751__X1B__Y09__P019.jpg,0.846615,18.860467,ok
EES0423751__X1B__Y0C__P020.jpg,0.842909,18.411741,ok
EES0423751__X1E__Y39__P021.jpg,0.816964,18.371560,ok
EES0423751__X1E__Y42__P022.jpg,0.866603,19.638996,ok
EES0423751__X21__Y3C__P023.jpg,0.830491,19.203679,ok
EES0423751__X21__Y3F__P024.jpg,0.757240,17.684703,ok
EES0423751__X21__Y42__P025.jpg,0.881235,22.240893,ok
EES0423752__X1E__Y15__P001.jpg,0.910394,26.272318,ok
EES0423752__X1E__Y27__P002.jpg,0.904558,19.411857,ok
EES0423752__X1E__Y2A__P003.jpg,0.901882,22.352051,ok
EES0423752__X1E__Y42__P004.jpg,0.906885,23.281427,ok
EES0423752__X21__Y1B__P005.jpg,0.789088,18.078827,ok
EES0423752__X21__Y21__P006.jpg,0.795088,19.457865,ok
EES0423752__X21__Y42__P007.jpg,0.851199,20.003151,ok
EES0423752__X24__Y21__P008.jpg,0.795585,18.009553,ok
EES0423752__X24__Y24__P009.jpg,0.879062,21.456334,ok
EES0423752__X24__Y3C__P010.jpg,0.839534,18.742529,ok
EES0423752__X27__Y2D__P011.jpg,0.849078,20.028614,ok
EES0423752__X27__Y30__P012.jpg,0.841148,19.795887,ok
EES0423752__X2A__Y12__P013.jpg,0.913926,22.435624,ok
EES0423752__X2A__Y1E__P014.jpg,0.716349,17.548841,ok
EES0423752__X2A__Y21__P015.jpg,0.940673,25.619081,ok
EES0423752__X2A__Y2D__P016.jpg,0.840750,19.955010,ok
EES0423752__X2A__Y30__P017.jpg,0.864433,20.247160,ok
EES0423752__X2A__Y36__P018.jpg,0.921887,25.032997,ok
EES0423752__X2D__Y12__P019.jpg,0.837623,20.043528,ok
EES0423752__X2D__Y1B__P020.jpg,0.820025,20.161034,ok
EES0423752__X2D__Y21__P021.jpg,0.901225,20.379777,ok
EES0423752__X2D__Y2D__P022.jpg,0.855809,20.053002,ok
EES0423752__X2D__Y30__P023.jpg,0.900503,23.766316,ok
EES0423752__X2D__Y3C__P024.jpg,0.799313,19.908878,ok
EES0423752__X30__Y27__P025.jpg,0.899164,21.957532,ok
EES0423753__X09__Y27__P001.jpg,0.863895,21.893901,ok
EES0423753__X09__Y2A__P002.jpg,0.891786,24.765962,ok
EES0423753__X09__Y2D__P003.jpg,0.871064,19.726013,ok
EES0423753__X0C__Y18__P004.jpg,0.873516,20.164754,ok
EES0423753__X0C__Y1B__P005.jpg,0.900641,20.623398,ok
EES0423753__X0C__Y1E__P006.jpg,0.872397,21.055476,ok
EES0423753__X0C__Y21__P007.jpg,0.834200,19.923136,ok
EES0423753__X0C__Y2A__P008.jpg,0.861823,22.223456,ok
EES0423753__X0F__Y12__P009.jpg,0.915970,22.113796,ok
EES0423753__X0F__Y27__P010.jpg,0.868518,21.208979,ok
EES0423753__X0F__Y33__P011.jpg,0.827254,19.613105,ok
EES0423753__X0F__Y36__P012.jpg,0.755809,17.623548,ok
EES0423753__X12__Y24__P013.jpg,0.805178,20.147019,ok
EES0423753__X12__Y36__P014.jpg,0.808470,21.387254,ok
EES0423753__X15__Y36__P015.jpg,0.898083,23.816612,ok
EES0423753__X18__Y0C__P016.jpg,0.891807,22.814665,ok
EES0423753__X18__Y1B__P017.jpg,0.824431,19.802703,ok
EES0423753__X18__Y1E__P018.jpg,0.824776,21.044581,ok
EES0423753__X1B__Y0C__P019.jpg,0.824958,20.966542,ok
EES0423753__X1B__Y30__P020.jpg,0.836475,18.568930,ok
EES0423753__X1E__Y0C__P021.jpg,0.852529,24.600784,ok
EES0423753__X21__Y0C__P022.jpg,0.844243,21.109063,ok
EES0423753__X24__Y1E__P023.jpg,0.847258,21.920165,ok
EES0423753__X24__Y24__P024.jpg,0.892662,23.404575,ok
EES0423753__X27__Y09__P025.jpg,0.834905,21.712392,ok
EES0423754__X27__Y0C__P001.jpg,0.829605,20.890984,ok
EES0423754__X27__Y0F__P002.jpg,0.813360,17.873218,ok
EES0423754__X27__Y24__P003.jpg,0.832788,19.492304,ok
EES0423754__X27__Y27__P004.jpg,0.856198,18.840317,ok
EES0423754__X2A__Y12__P005.jpg,0.840281,19.830386,ok
EES0423754__X2A__Y3F__P006.jpg,0.820300,17.597920,ok
EES0423754__X2D__Y0C__P007.jpg,0.908938,22.690938,ok
EES0423754__X2D__Y12__P008.jpg,0.845903,18.821123,ok
EES0423754__X2D__Y1B__P009.jpg,0.832613,20.956523,ok
EES0423754__X2D__Y1E__P010.jpg,0.805055,19.347013,ok
EES0423754__X2D__Y27__P011.jpg,0.786507,17.534072,ok
EES0423754__X2D__Y2A__P012.jpg,0.877499,21.442646,ok
EES0423754__X2D__Y42__P013.jpg,0.865912,23.683891,ok
EES0423754__X30__Y0C__P014.jpg,0.790263,17.544403,ok
EES0423754__X30__Y0F__P015.jpg,0.927636,27.404027,ok
EES0423754__X30__Y12__P016.jpg,0.843798,19.635944,ok
EES0423754__X30__Y15__P017.jpg,0.837432,18.746204,ok
EES0423754__X30__Y18__P018.jpg,0.789765,17.988053,ok
EES0423754__X30__Y27__P019.jpg,0.841692,18.941414,ok
EES0423754__X33__Y0C__P020.jpg,0.699322,16.990881,ok
EES0423754__X33__Y0F__P021.jpg,0.862953,22.774411,ok
EES0423754__X33__Y12__P022.jpg,0.926820,22.722733,ok
EES0423754__X36__Y0F__P023.jpg,0.837072,19.031562,ok
EES0423754__X36__Y12__P024.jpg,0.866124,18.253711,ok
EES0423754__X36__Y15__P025.jpg,0.914942,22.695915,ok
EES0423755__X33__Y24__P001.jpg,0.860844,22.686889,ok
EES0423755__X33__Y27__P002.jpg,0.879398,20.027896,ok
EES0423755__X33__Y33__P003.jpg,0.813330,20.434303,ok
EES0423755__X36__Y12__P004.jpg,0.919252,22.501741,ok
EES0423755__X36__Y15__P005.jpg,0.811367,20.187862,ok
EES0423755__X36__Y1E__P006.jpg,0.870497,22.119393,ok
EES0423755__X36__Y21__P007.jpg,0.884459,21.776075,ok
EES0423755__X36__Y24__P008.jpg,0.951953,24.952684,ok
EES0423755__X36__Y27__P009.jpg,0.765339,17.875242,ok
EES0423755__X39__Y24__P010.jpg,0.834760,18.925260,ok
EES0423755__X3C__Y24__P011.jpg,0.946812,27.102233,ok
EES0423755__X03__Y21__P012.jpg,0.811572,19.598176,ok
EES0423755__X03__Y24__P013.jpg,0.737536,18.035496,ok
EES0423755__X03__Y33__P014.jpg,0.913361,25.681507,ok
EES0423755__X06__Y30__P015.jpg,0.899212,21.893219,ok
EES0423755__X06__Y36__P016.jpg,0.887005,22.559321,ok
EES0423755__X09__Y3C__P017.jpg,0.836880,18.748691,ok
EES0423755__X0C__Y12__P018.jpg,0.892666,21.725822,ok
EES0423755__X0C__Y15__P019.jpg,0.876510,21.142724,ok
EES0423755__X0C__Y36__P020.jpg,0.821158,19.033152,ok
EES0423755__X0C__Y3F__P021.jpg,0.870882,21.858372,ok
EES0423755__X0F__Y15__P022.jpg,0.870601,19.545464,ok
EES0423755__X0F__Y42__P023.jpg,0.866454,21.282295,ok
EES0423755__X12__Y15__P024.jpg,0.928276,27.812130,ok
EES0423755__X12__Y30__P025.jpg,0.827949,18.488542,ok
EES0423756__X15__Y0F__P001.jpg,0.764854,19.312766,ok
EES0423756__X15__Y15__P002.jpg,0.886448,21.881893,ok
EES0423756__X15__Y18__P003.jpg,0.790242,19.631718,ok
EES0423756__X15__Y1B__P004.jpg,0.826460,19.261661,ok
EES0423756__X15__Y21__P005.jpg,0.797230,18.909805,ok
EES0423756__X15__Y24__P006.jpg,0.891161,20.606664,ok
EES0423756__X15__Y45__P007.jpg,0.843905,19.973243,ok
EES0423756__X18__Y0C__P008.jpg,0.799737,20.428360,ok
EES0423756__X18__Y18__P009.jpg,0.936174,29.782567,ok
EES0423756__X18__Y27__P010.jpg,0.824828,21.377903,ok
EES0423756__X18__Y2D__P011.jpg,0.864602,20.482126,ok
EES0423756__X18__Y33__P012.jpg,0.809060,18.771293,ok
EES0423756__X18__Y39__P013.jpg,0.854499,23.452010,ok
EES0423756__X18__Y3C__P014.jpg,0.901205,19.322131,ok
EES0423756__X18__Y45__P015.jpg,0.796999,19.688851,ok
EES0423756__X1B__Y0C__P016.jpg,0.827211,20.172625,ok
EES0423756__X1B__Y0F__P017.jpg,0.854333,19.680001,ok
EES0423756__X1B__Y1E__P018.jpg,0.836223,20.495343,ok
EES0423756__X1B__Y27__P019.jpg,0.863868,20.078388,ok
EES0423756__X1B__Y45__P020.jpg,0.873065,21.157165,ok
EES0423756__X1E__Y09__P021.jpg,0.846726,19.767784,ok
EES0423756__X21__Y09__P022.jpg,0.829902,20.565430,ok
EES0423756__X21__Y0F__P023.jpg,0.790832,18.586028,ok
EES0423756__X24__Y09__P024.jpg,0.856728,20.264508,ok
EES0423756__X27__Y42__P025.jpg,0.784966,18.696913,ok
EES0423757__X36__Y21__P001.jpg,0.810916,21.984034,ok
EES0423757__X36__Y24__P002.jpg,0.793443,18.446727,ok
EES0423757__X36__Y27__P003.jpg,0.849966,23.083173,ok
EES0423757__X39__Y1B__P004.jpg,0.790528,20.278074,ok
EES0423757__X39__Y1E__P005.jpg,0.801442,18.819127,ok
EES0423757__X39__Y21__P006.jpg,0.867773,19.167281,ok
EES0423757__X3C__Y1B__P007.jpg,0.923761,26.609279,ok
EES0423757__X3C__Y1E__P008.jpg,0.834249,22.358375,ok
EES0423757__X3C__Y21__P009.jpg,0.904454,19.665478,ok
EES0423757__X3C__Y24__P010.jpg,0.863292,20.370938,ok
EES0423757__X0C__Y1B__P011.jpg,0.802357,20.091920,ok
EES0423757__X0C__Y1E__P012.jpg,0.934509,27.001818,ok
EES0423757__X0C__Y21__P013.jpg,0.900914,20.679970,ok
EES0423757__X0C__Y24__P014.jpg,0.784466,21.819594,ok
EES0423757__X0C__Y27__P015.jpg,0.794102,21.050188,ok
EES0423757__X0C__Y2A__P016.jpg,0.825822,19.966739,ok
EES0423757__X0C__Y2D__P017.jpg,0.802231,20.817488,ok
EES0423757__X0C__Y30__P018.jpg,0.859620,20.947194,ok
EES0423757__X0C__Y39__P019.jpg,0.873565,21.443481,ok
EES0423757__X0F__Y18__P020.jpg,0.878495,22.680448,ok
EES0423757__X0F__Y1B__P021.jpg,0.871523,25.321026,ok
EES0423757__X0F__Y1E__P022.jpg,0.830583,18.175757,ok
EES0423757__X0F__Y21__P023.jpg,0.790010,18.416855,ok
EES0423757__X0F__Y24__P024.jpg,0.846319,20.542492,ok
EES0423757__X0F__Y27__P025.jpg,0.841931,23.013575,ok
EES0423758__X0F__Y30__P001.jpg,0.887933,24.461529,ok
EES0423758__X0F__Y33__P002.jpg,0.936537,26.449423,ok
EES0423758__X12__Y12__P003.jpg,0.812866,20.812008,ok
EES0423758__X12__Y15__P004.jpg,0.894758,25.848618,ok
EES0423758__X12__Y18__P005.jpg,0.895778,25.391212,ok
EES0423758__X12__Y1B__P006.jpg,0.801900,21.292109,ok
EES0423758__X12__Y27__P007.jpg,0.895455,26.093530,ok
EES0423758__X12__Y2A__P008.jpg,0.763568,20.258157,ok
EES0423758__X12__Y3F__P009.jpg,0.761182,18.572238,ok
EES0423758__X15__Y12__P010.jpg,0.747408,19.339451,ok
EES0423758__X15__Y15__P011.jpg,0.833062,22.748078,ok
EES0423758__X15__Y42__P012.jpg,0.768451,19.868763,ok
EES0423758__X18__Y0C__P013.jpg,0.844921,19.906794,ok
EES0423758__X18__Y0F__P014.jpg,0.896542,23.708177,ok
EES0423758__X18__Y12__P015.jpg,0.764248,19.624760,ok
EES0423758__X18__Y15__P016.jpg,0.845469,22.602529,ok
EES0423758__X18__Y1E__P017.jpg,0.869703,23.100110,ok
EES0423758__X1B__Y0C__P018.jpg,0.792498,20.478075,ok
EES0423758__X1B__Y0F__P019.jpg,0.855046,21.258567,ok
EES0423758__X1B__Y12__P020.jpg,0.928404,26.928060,ok
EES0423758__X1B__Y15__P021.jpg,0.873017,22.033032,ok
EES0423758__X1B__Y21__P022.jpg,0.796416,20.977321,ok
EES0423758__X1B__Y45__P023.jpg,0.922033,24.196676,ok
EES0423758__X1E__Y09__P024.jpg,0.890923,25.627795,ok
EES0423758__X1E__Y0C__P025.jpg,0.728368,17.803316,ok
EES0423759__X1E__Y12__P001.jpg,0.778574,20.625643,ok
EES0423759__X21__Y09__P002.jpg,0.859494,22.470260,ok
EES0423759__X21__Y0C__P003.jpg,0.807711,18.500671,ok
EES0423759__X21__Y0F__P004.jpg,0.773401,19.498585,ok
EES0423759__X21__Y12__P005.jpg,0.870519,22.008482,ok
EES0423759__X21__Y15__P006.jpg,0.846049,20.789376,ok
EES0423759__X24__Y09__P007.jpg,0.745803,18.232195,ok
EES0423759__X24__Y0C__P008.jpg,0.801528,19.795669,ok
EES0423759__X27__Y09__P009.jpg,0.771328,18.327765,ok
EES0423759__X27__Y0C__P010.jpg,0.802587,19.615198,ok
EES0423759__X27__Y12__P011.jpg,0.897889,24.861745,ok
EES0423759__X2A__Y09__P012.jpg,0.896258,23.149605,ok
EES0423759__X2A__Y0C__P013.jpg,0.863472,23.131398,ok
EES0423759__X2D__Y09__P014.jpg,0.811283,20.418505,ok
EES0423759__X2D__Y0C__P015.jpg,0.886269,19.992909,ok
EES0423759__X33__Y0C__P016.jpg,0.844576,20.370954,ok
EES0423759__X33__Y24__P017.jpg,0.856487,22.867990,ok
EES0423759__X33__Y45__P018.jpg,0.795759,19.997652,ok
EES0423759__X36__Y0C__P019.jpg,0.827871,21.797686,ok
EES0423759__X36__Y18__P020.jpg,0.940617,29.489517,ok
EES0423759__X36__Y1B__P021.jpg,0.808959,20.075211,ok
EES0423759__X39__Y0F__P022.jpg,0.877844,23.887663,ok
EES0423759__X39__Y12__P023.jpg,0.870660,20.695199,ok
EES0423759__X3C__Y12__P024.jpg,0.843916,19.306219,ok
EES0423759__X3C__Y15__P025.jpg,0.862390,22.069582,ok
EES0423760__X33__Y1E__P001.jpg,0.835022,20.245624,ok
EES0423760__X33__Y21__P002.jpg,0.800343,20.909730,ok
EES0423760__X33__Y24__P003.jpg,0.819158,19.919751,ok
EES0423760__X36__Y1E__P004.jpg,0.877766,19.435754,ok
EES0423760__X36__Y21__P005.jpg,0.905992,19.379822,ok
EES0423760__X39__Y21__P006.jpg,0.851489,22.552822,ok
EES0423760__X3C__Y2A__P007.jpg,0.781031,18.475301,ok
EES0423760__X3C__Y36__P008.jpg,0.828289,21.973871,ok
EES0423760__X3F__Y2A__P009.jpg,0.780945,20.972247,ok
EES0423760__X3F__Y30__P010.jpg,0.946242,29.865462,ok
EES0423760__X0C__Y1E__P011.jpg,0.756516,18.952876,ok
EES0423760__X0C__Y27__P012.jpg,0.908524,21.195615,ok
EES0423760__X0F__Y21__P013.jpg,0.822002,20.767621,ok
EES0423760__X0F__Y27__P014.jpg,0.830487,21.982046,ok
EES0423760__X12__Y21__P015.jpg,0.812351,21.949566,ok
EES0423760__X12__Y30__P016.jpg,0.928787,23.729974,ok
EES0423760__X15__Y30__P017.jpg,0.756222,18.128458,ok
EES0423760__X18__Y0C__P018.jpg,0.895417,19.729533,ok
EES0423760__X18__Y0F__P019.jpg,0.936749,24.820629,ok
EES0423760__X18__Y15__P020.jpg,0.779771,19.546151,ok
EES0423760__X18__Y30__P021.jpg,0.814947,19.228014,ok
EES0423760__X18__Y36__P022.jpg,0.832075,22.552052,ok
EES0423760__X1B__Y0C__P023.jpg,0.883739,20.089286,ok
EES0423760__X1B__Y0F__P024.jpg,0.899490,23.117244,ok
EES0423760__X1B__Y15__P025.jpg,0.901327,21.146761,ok
EES0423761__X1B__Y1E__P001.jpg,0.905161,23.984015,ok
EES0423761__X1B__Y36__P002.jpg,0.745806,17.602378,ok
EES0423761__X1E__Y0C__P003.jpg,0.851379,19.213592,ok
EES0423761__X1E__Y15__P004.jpg,0.840707,21.119136,ok
EES0423761__X1E__Y21__P005.jpg,0.817621,19.272805,ok
EES0423761__X1E__Y36__P006.jpg,0.855842,22.715250,ok
EES0423761__X21__Y0C__P007.jpg,0.871898,22.589610,ok
EES0423761__X21__Y12__P008.jpg,0.824825,18.976402,ok
EES0423761__X21__Y24__P009.jpg,0.832199,20.982317,ok
EES0423761__X21__Y30__P010.jpg,0.772811,18.071079,ok
EES0423761__X24__Y0C__P011.jpg,0.809788,18.521162,ok
EES0423761__X24__Y21__P012.jpg,0.869246,21.908677,ok
EES0423761__X2A__Y0C__P013.jpg,0.871753,20.414177,ok
EES0423761__X2A__Y12__P014.jpg,0.782157,20.401812,ok
EES0423761__X2A__Y27__P015.jpg,0.747112,17.503902,ok
EES0423761__X2D__Y0C__P016.jpg,0.851258,20.664403,ok
EES0423761__X2D__Y12__P017.jpg,0.803404,18.749379,ok
EES0423761__X2D__Y15__P018.jpg,0.869417,25.000115,ok
EES0423761__X2D__Y18__P019.jpg,0.795400,18.779574,ok
EES0423761__X30__Y18__P020.jpg,0.846082,21.534697,ok
EES0423761__X33__Y0C__P021.jpg,0.828488,20.760331,ok
EES0423761__X33__Y15__P022.jpg,0.833351,20.764671,ok
EES0423761__X33__Y18__P023.jpg,0.858362,22.778439,ok
EES0423761__X33__Y27__P024.jpg,0.776967,18.423184,ok
EES0423761__X33__Y36__P025.jpg,0.755437,17.930555,ok
EES0423762__X24__Y09__P001.jpg,0.936168,27.327391,ok
EES0423762__X27__Y09__P002.jpg,0.873732,19.295195,ok
EES0423762__X2A__Y09__P003.jpg,0.923133,26.534878,ok
EES0423762__X30__Y0C__P004.jpg,0.778312,18.319407,ok
EES0423762__X30__Y45__P005.jpg,0.806059,18.913684,ok
EES0423762__X33__Y0F__P006.jpg,0.892187,21.998703,ok
EES0423762__X36__Y0F__P007.jpg,0.751955,18.397606,ok
EES0423762__X36__Y42__P008.jpg,0.947424,29.199992,ok
EES0423762__X39__Y12__P009.jpg,0.764229,19.004797,ok
EES0423762__X39__Y3F__P010.jpg,0.853653,20.510274,ok
EES0423762__X3C__Y15__P011.jpg,0.789842,18.027618,ok
EES0423762__X3C__Y3C__P012.jpg,0.780214,18.005185,ok
EES0423762__X3F__Y1B__P013.jpg,0.937670,29.944179,ok
EES0423762__X42__Y1E__P014.jpg,0.880318,25.588068,ok
EES0423762__X42__Y21__P015.jpg,0.890958,22.504319,ok
EES0423762__X03__Y1E__P016.jpg,0.820449,20.437780,ok
EES0423762__X03__Y21__P017.jpg,0.787989,19.098236,ok
EES0423762__X03__Y27__P018.jpg,0.885454,19.404515,ok
EES0423762__X03__Y2A__P019.jpg,0.887002,19.592866,ok
EES0423762__X03__Y2D__P020.jpg,0.769600,18.918968,ok
EES0423762__X06__Y33__P021.jpg,0.861520,23.364891,ok
EES0423762__X0C__Y0F__P022.jpg,0.871464,21.550363,ok
EES0423762__X0C__Y3C__P023.jpg,0.865502,20.104698,ok
EES0423762__X0F__Y42__P024.jpg,0.765325,18.968200,ok
EES0423762__X12__Y45__P025.jpg,0.822477,19.697942,ok
EES0423763__X06__Y3C__P001.jpg,0.830455,21.511384,ok
EES0423763__X06__Y3F__P002.jpg,0.942563,28.601726,ok
EES0423763__X09__Y12__P003.jpg,0.865423,24.310691,ok
EES0423763__X09__Y3F__P004.jpg,0.849029,20.223547,ok
EES0423763__X0C__Y0F__P005.jpg,0.797920,19.021916,ok
EES0423763__X0C__Y3F__P006.jpg,0.913150,21.978904,ok
EES0423763__X0C__Y42__P007.jpg,0.826212,19.604054,ok
EES0423763__X0F__Y0C__P008.jpg,0.918733,24.208076,ok
EES0423763__X0F__Y0F__P009.jpg,0.905172,23.256061,ok
EES0423763__X0F__Y42__P010.jpg,0.806325,20.759787,ok
EES0423763__X0F__Y45__P011.jpg,0.750318,17.972200,ok
EES0423763__X12__Y0C__P012.jpg,0.783334,20.700138,ok
EES0423763__X12__Y45__P013.jpg,0.926529,23.535723,ok
EES0423763__X15__Y09__P014.jpg,0.870044,20.035741,ok
EES0423763__X15__Y45__P015.jpg,0.846407,19.885161,ok
EES0423763__X18__Y09__P016.jpg,0.740565,18.013593,ok
EES0423763__X1B__Y09__P017.jpg,0.836209,22.795219,ok
EES0423763__X2A__Y09__P018.jpg,0.839533,18.691562,ok
EES0423763__X2D__Y09__P019.jpg,0.872183,23.111237,ok
EES0423763__X30__Y09__P020.jpg,0.816285,19.860140,ok
EES0423763__X30__Y45__P021.jpg,0.904074,24.054385,ok
EES0423763__X33__Y09__P022.jpg,0.826525,19.327436,ok
EES0423763__X33__Y0C__P023.jpg,0.910367,24.477727,ok
EES0423763__X36__Y09__P024.jpg,0.921631,27.746855,ok
EES0423763__X36__Y0C__P025.jpg,0.886877,21.850375,ok
EES0423764__X42__Y2D__P001.jpg,0.816110,19.265700,ok
EES0423764__X42__Y30__P002.jpg,0.825485,22.183856,ok
EES0423764__X09__Y2A__P003.jpg,0.789330,19.213490,ok
EES0423764__X0C__Y1E__P004.jpg,0.792715,20.823784,ok
EES0423764__X0F__Y27__P005.jpg,0.853346,23.082427,ok
EES0423764__X0F__Y2A__P006.jpg,0.859528,20.497125,ok
EES0423764__X12__Y1E__P007.jpg,0.862477,20.531004,ok
EES0423764__X15__Y18__P008.jpg,0.866169,19.027540,ok
EES0423764__X15__Y1B__P009.jpg,0.757398,18.618158,ok
EES0423764__X18__Y12__P010.jpg,0.895106,21.309777,ok
EES0423764__X18__Y15__P011.jpg,0.847166,20.912643,ok
EES0423764__X18__Y1E__P012.jpg,0.904369,22.354879,ok
EES0423764__X18__Y24__P013.jpg,0.785795,19.390414,ok
EES0423764__X18__Y27__P014.jpg,0.867439,20.400346,ok
EES0423764__X18__Y2A__P015.jpg,0.871708,22.383767,ok
EES0423764__X18__Y2D__P016.jpg,0.911683,27.055980,ok
EES0423764__X18__Y30__P017.jpg,0.901750,24.786911,ok
EES0423764__X1B__Y0F__P018.jpg,0.810386,19.385815,ok
EES0423764__X1B__Y15__P019.jpg,0.802643,19.775542,ok
EES0423764__X1B__Y1B__P020.jpg,0.878174,21.327279,ok
EES0423764__X1B__Y24__P021.jpg,0.883561,22.766758,ok
EES0423764__X1B__Y27__P022.jpg,0.878614,21.715417,ok
EES0423764__X1B__Y2A__P023.jpg,0.826834,19.322614,ok
EES0423764__X1B__Y2D__P024.jpg,0.793364,18.484821,ok
EES0423764__X1B__Y30__P025.jpg,0.812686,18.270395,ok
EES0423765__X1B__Y33__P001.jpg,0.793691,20.374570,ok
EES0423765__X1E__Y1B__P002.jpg,0.818005,20.534471,ok
EES0423765__X1E__Y1E__P003.jpg,0.846629,20.065476,ok
EES0423765__X1E__Y2D__P004.jpg,0.833927,19.834611,ok
EES0423765__X1E__Y30__P005.jpg,0.837885,19.413159,ok
EES0423765__X21__Y0C__P006.jpg,0.849872,20.934060,ok
EES0423765__X21__Y0F__P007.jpg,0.888880,22.331076,ok
EES0423765__X21__Y15__P008.jpg,0.800812,20.567841,ok
EES0423765__X21__Y18__P009.jpg,0.850780,21.357877,ok
EES0423765__X21__Y1E__P010.jpg,0.856893,22.105890,ok
EES0423765__X21__Y24__P011.jpg,0.845415,20.925041,ok
EES0423765__X21__Y27__P012.jpg,0.857827,21.138093,ok
EES0423765__X21__Y2A__P013.jpg,0.893576,24.011225,ok
EES0423765__X21__Y30__P014.jpg,0.848482,20.295020,ok
EES0423765__X21__Y33__P015.jpg,0.850165,22.068347,ok
EES0423765__X24__Y0C__P016.jpg,0.864006,21.850082,ok
EES0423765__X24__Y15__P017.jpg,0.863259,21.711562,ok
EES0423765__X24__Y18__P018.jpg,0.855728,21.811278,ok
EES0423765__X24__Y24__P019.jpg,0.875044,21.266178,ok
EES0423765__X24__Y27__P020.jpg,0.931337,25.231777,ok
EES0423765__X24__Y2A__P021.jpg,0.864928,20.222546,ok
EES0423765__X24__Y2D__P022.jpg,0.873503,21.909971,ok
EES0423765__X24__Y30__P023.jpg,0.858394,21.437633,ok
EES0423765__X24__Y33__P024.jpg,0.867546,22.707979,ok
EES0423765__X24__Y36__P025.jpg,0.834467,22.231055,ok
EES0423766__X0C__Y24__P001.jpg,0.862919,19.628762,ok
EES0423766__X0C__Y27__P002.jpg,0.793858,19.669588,ok
EES0423766__X0C__Y2A__P003.jpg,0.842548,18.660698,ok
EES0423766__X0C__Y2D__P004.jpg,0.854602,23.608876,ok
EES0423766__X0C__Y30__P005.jpg,0.917276,24.297558,ok
EES0423766__X0C__Y33__P006.jpg,0.786214,18.413689,ok
EES0423766__X0F__Y1E__P007.jpg,0.843324,20.977334,ok
EES0423766__X0F__Y2A__P008.jpg,0.821772,19.709584,ok
EES0423766__X0F__Y30__P009.jpg,0.810349,17.953655,ok
EES0423766__X0F__Y33__P010.jpg,0.898701,23.484847,ok
EES0423766__X0F__Y36__P011.jpg,0.856355,20.686860,ok
EES0423766__X12__Y24__P012.jpg,0.782876,18.214592,ok
EES0423766__X12__Y27__P013.jpg,0.938614,26.269888,ok
EES0423766__X12__Y33__P014.jpg,0.933568,24.692015,ok
EES0423766__X12__Y36__P015.jpg,0.791916,17.823317,ok
EES0423766__X12__Y3C__P016.jpg,0.813391,19.361846,ok
EES0423766__X15__Y3F__P017.jpg,0.861965,18.350014,ok
EES0423766__X18__Y09__P018.jpg,0.700227,17.673109,ok
EES0423766__X18__Y3F__P019.jpg,0.816260,18.245862,ok
EES0423766__X1B__Y09__P020.jpg,0.821696,20.593182,ok
EES0423766__X1B__Y3F__P021.jpg,0.809316,18.963628,ok
EES0423766__X1B__Y42__P022.jpg,0.751394,17.681472,ok
EES0423766__X1E__Y3F__P023.jpg,0.882503,20.199112,ok
EES0423766__X1E__Y42__P024.jpg,0.887342,19.552680,ok
EES0423766__X21__Y3F__P025.jpg,0.783940,19.524729,ok
EES0423767__X0F__Y18__P001.jpg,0.890452,22.902568,ok
EES0423767__X0F__Y27__P002.jpg,0.853583,19.418169,ok
EES0423767__X0F__Y30__P003.jpg,0.748702,18.534917,ok
EES0423767__X0F__Y33__P004.jpg,0.810284,20.748375,ok
EES0423767__X12__Y33__P005.jpg,0.799058,18.555740,ok
EES0423767__X12__Y36__P006.jpg,0.826273,18.561460,ok
EES0423767__X12__Y39__P007.jpg,0.862099,21.296974,ok
EES0423767__X15__Y36__P008.jpg,0.758446,19.536806,ok
EES0423767__X15__Y39__P009.jpg,0.842522,19.180408,ok
EES0423767__X18__Y0F__P010.jpg,0.783209,19.649497,ok
EES0423767__X1B__Y0C__P011.jpg,0.857299,21.044577,ok
EES0423767__X1B__Y42__P012.jpg,0.792266,18.954335,ok
EES0423767__X1E__Y0C__P013.jpg,0.773371,20.944007,ok
EES0423767__X1E__Y42__P014.jpg,0.776243,19.164648,ok
EES0423767__X21__Y0C__P015.jpg,0.795769,20.817073,ok
EES0423767__X2D__Y45__P016.jpg,0.718902,17.725275,ok
EES0423767__X30__Y0C__P017.jpg,0.772131,18.275209,ok
EES0423767__X33__Y0C__P018.jpg,0.809245,19.905788,ok
EES0423767__X33__Y42__P019.jpg,0.931623,25.053975,ok
EES0423767__X39__Y0F__P020.jpg,0.807166,18.893276,ok
EES0423767__X3C__Y12__P021.jpg,0.928545,25.442066,ok
EES0423767__X3C__Y15__P022.jpg,0.803587,18.227134,ok
EES0423767__X3C__Y18__P023.jpg,0.747858,18.085824,ok
EES0423767__X3C__Y36__P024.jpg,0.933975,26.711178,ok
EES0423767__X3C__Y39__P025.jpg,0.897476,22.209276,ok
EES0423768__X3F__Y18__P001.jpg,0.678025,16.953782,ok
EES0423768__X3F__Y1B__P002.jpg,0.719296,17.977336,ok
EES0423768__X3F__Y33__P003.jpg,0.759899,18.560667,ok
EES0423768__X3F__Y36__P004.jpg,0.839541,21.485367,ok
EES0423768__X3F__Y39__P005.jpg,0.937178,30.143294,ok
EES0423768__X42__Y1B__P006.jpg,0.891450,24.692936,ok
EES0423768__X42__Y1E__P007.jpg,0.863977,19.541218,ok
EES0423768__X42__Y21__P008.jpg,0.665453,18.275463,ok
EES0423768__X42__Y27__P009.jpg,0.842382,18.803761,ok
EES0423768__X42__Y2D__P010.jpg,0.811574,18.855364,ok
EES0423768__X42__Y30__P011.jpg,0.937820,25.284013,ok
EES0423768__X42__Y33__P012.jpg,0.939866,26.801991,ok
EES0423768__X45__Y21__P013.jpg,0.885180,22.403122,ok
EES0423768__X45__Y24__P014.jpg,0.930914,25.601940,ok
EES0423768__X45__Y2A__P015.jpg,0.912132,25.109009,ok
EES0423768__X0F__Y18__P016.jpg,0.808624,19.094077,ok
EES0423768__X0F__Y21__P017.jpg,0.675410,17.713220,ok
EES0423768__X0F__Y24__P018.jpg,0.934994,26.551413,ok
EES0423768__X0F__Y27__P019.jpg,0.825960,19.385036,ok
EES0423768__X0F__Y2D__P020.jpg,0.865788,21.114797,ok
EES0423768__X0F__Y30__P021.jpg,0.830116,20.732846,ok
EES0423768__X12__Y15__P022.jpg,0.719601,18.101824,ok
EES0423768__X12__Y1B__P023.jpg,0.862862,21.939490,ok
EES0423768__X12__Y1E__P024.jpg,0.721345,17.433044,ok
EES0423768__X12__Y24__P025.jpg,0.707593,17.315033,ok
EES0423769__X15__Y0F__P001.jpg,0.885331,20.797975,ok
EES0423769__X15__Y12__P002.jpg,0.903751,22.014895,ok
EES0423769__X15__Y18__P003.jpg,0.837042,20.118062,ok
EES0423769__X15__Y1E__P004.jpg,0.812711,18.113536,ok
EES0423769__X15__Y21__P005.jpg,0.895722,27.426699,ok
EES0423769__X18__Y18__P006.jpg,0.715515,18.268542,ok
EES0423769__X18__Y1E__P007.jpg,0.936560,25.198300,ok
EES0423769__X1E__Y09__P008.jpg,0.902490,23.839014,ok
EES0423769__X1E__Y3F__P009.jpg,0.858680,19.408582,ok
EES0423769__X21__Y09__P010.jpg,0.883339,22.492916,ok
EES0423769__X24__Y09__P011.jpg,0.858231,19.481878,ok
EES0423769__X2A__Y42__P012.jpg,0.792916,19.064738,ok
EES0423769__X2D__Y42__P013.jpg,0.840723,19.510795,ok
EES0423769__X36__Y3F__P014.jpg,0.912698,25.252339,ok
EES0423769__X45__Y15__P015.jpg,0.906533,28.138575,ok
EES0423769__X45__Y30__P016.jpg,0.790918,17.940258,ok
EES0423769__X48__Y1B__P017.jpg,0.774569,17.833910,ok
EES0423769__X48__Y21__P018.jpg,0.831414,19.498245,ok
EES0423769__X48__Y24__P019.jpg,0.859937,18.661872,ok
EES0423769__X48__Y27__P020.jpg,0.735355,18.466062,ok
EES0423769__X48__Y33__P021.jpg,0.557352,15.846664,ok
EES0423769__X18__Y21__P022.jpg,0.813465,19.104303,ok
EES0423769__X27__Y0C__P023.jpg,0.916371,25.072570,ok
EES0423769__X2D__Y18__P024.jpg,0.940807,28.817013,ok
EES0423769__X33__Y33__P025.jpg,0.721099,17.598688,ok
EES0423770__X09__Y18__P001.jpg,0.806158,18.238028,ok
EES0423770__X09__Y1B__P002.jpg,0.742825,17.512968,ok
EES0423770__X09__Y1E__P003.jpg,0.831934,20.565170,ok
EES0423770__X09__Y24__P004.jpg,0.828291,20.479340,ok
EES0423770__X09__Y30__P005.jpg,0.782785,19.348043,ok
EES0423770__X0C__Y12__P006.jpg,0.721025,17.391805,ok
EES0423770__X0C__Y15__P007.jpg,0.781832,18.968638,ok
EES0423770__X0F__Y36__P008.jpg,0.915878,22.008131,ok
EES0423770__X15__Y09__P009.jpg,0.868920,19.476105,ok
EES0423770__X18__Y09__P010.jpg,0.890227,19.396888,ok
EES0423770__X18__Y3F__P011.jpg,0.904880,25.872343,ok
EES0423770__X1B__Y06__P012.jpg,0.796374,19.651272,ok
EES0423770__X1E__Y06__P013.jpg,0.880524,19.489428,ok
EES0423770__X1E__Y09__P014.jpg,0.708877,17.210852,ok
EES0423770__X21__Y06__P015.jpg,0.775900,19.177964,ok
EES0423770__X24__Y06__P016.jpg,0.923022,25.108090,ok
EES0423770__X24__Y42__P017.jpg,0.850759,21.977575,ok
EES0423770__X27__Y06__P018.jpg,0.809043,20.447020,ok
EES0423770__X27__Y42__P019.jpg,0.873274,22.893079,ok
EES0423770__X2A__Y06__P020.jpg,0.853186,18.745393,ok
EES0423770__X2D__Y06__P021.jpg,0.906460,26.030421,ok
EES0423770__X30__Y06__P022.jpg,0.890091,21.402655,ok
EES0423770__X33__Y09__P023.jpg,0.778717,18.740098,ok
EES0423770__X33__Y3F__P024.jpg,0.952484,32.283306,ok
EES0423770__X36__Y09__P025.jpg,0.932327,23.175746,ok
EES0423771__X39__Y0C__P001.jpg,0.840293,19.069733,ok
EES0423771__X3F__Y36__P002.jpg,0.891195,20.902468,ok
EES0423771__X42__Y15__P003.jpg,0.675838,18.417017,ok
EES0423771__X42__Y2D__P004.jpg,0.848162,22.960847,ok
EES0423771__X42__Y30__P005.jpg,0.848099,21.285023,ok
EES0423771__X42__Y33__P006.jpg,0.897999,21.844614,ok
EES0423771__X45__Y1B__P007.jpg,0.915223,22.469691,ok
EES0423771__X45__Y1E__P008.jpg,0.879253,22.404500,ok
EES0423771__X45__Y21__P009.jpg,0.820198,20.509529,ok
EES0423771__X45__Y24__P010.jpg,0.915366,23.509872,ok
EES0423771__X45__Y27__P011.jpg,0.842670,18.709161,ok
EES0423771__X45__Y2A__P012.jpg,0.748808,18.594788,ok
EES0423771__X09__Y18__P013.jpg,0.719729,18.876583,ok
EES0423771__X09__Y1B__P014.jpg,0.842013,21.690025,ok
EES0423771__X09__Y1E__P015.jpg,0.712723,18.084216,ok
EES0423771__X09__Y21__P016.jpg,0.855963,22.731728,ok
EES0423771__X09__Y24__P017.jpg,0.791547,21.000475,ok
EES0423771__X09__Y27__P018.jpg,0.853093,24.467339,ok
EES0423771__X09__Y2A__P019.jpg,0.835257,19.259698,ok
EES0423771__X09__Y2D__P020.jpg,0.797194,18.154228,ok
EES0423771__X09__Y30__P021.jpg,0.885983,23.191914,ok
EES0423771__X09__Y42__P022.jpg,0.837949,18.607307,ok
EES0423771__X09__Y45__P023.jpg,0.828629,21.158474,ok
EES0423771__X0C__Y15__P024.jpg,0.894535,23.813706,ok
EES0423771__X0C__Y18__P025.jpg,0.613926,17.044120,ok
EES0423772__X0C__Y30__P001.jpg,0.652944,17.856556,ok
EES0423772__X0C__Y33__P002.jpg,0.654308,17.226238,ok
EES0423772__X0F__Y36__P003.jpg,0.651764,17.075017,ok
EES0423772__X0F__Y39__P004.jpg,0.754220,18.904194,ok
EES0423772__X12__Y0F__P005.jpg,0.743766,19.068267,ok
EES0423772__X12__Y39__P006.jpg,0.861688,21.085937,ok
EES0423772__X12__Y3C__P007.jpg,0.817776,18.680936,ok
EES0423772__X15__Y3F__P008.jpg,0.808886,20.689711,ok
EES0423772__X18__Y09__P009.jpg,0.884472,18.935728,ok
EES0423772__X18__Y3F__P010.jpg,0.628618,17.375383,ok
EES0423772__X1B__Y09__P011.jpg,0.735714,19.528057,ok
EES0423772__X1B__Y42__P012.jpg,0.859706,21.689721,ok
EES0423772__X1E__Y09__P013.jpg,0.651671,16.946794,ok
EES0423772__X1E__Y42__P014.jpg,0.627167,17.018789,ok
EES0423772__X21__Y06__P015.jpg,0.776304,17.968776,ok
EES0423772__X21__Y42__P016.jpg,0.651730,16.795703,ok
EES0423772__X24__Y06__P017.jpg,0.677034,18.421236,ok
EES0423772__X27__Y06__P018.jpg,0.698332,18.908556,ok
EES0423772__X27__Y42__P019.jpg,0.876393,20.461448,ok
EES0423772__X27__Y45__P020.jpg,0.852097,20.922782,ok
EES0423772__X2A__Y06__P021.jpg,0.838564,23.103820,ok
EES0423772__X2A__Y42__P022.jpg,0.738750,19.339621,ok
EES0423772__X2D__Y42__P023.jpg,0.645186,17.392583,ok
EES0423772__X30__Y42__P024.jpg,0.686192,17.971131,ok
EES0423772__X33__Y42__P025.jpg,0.886165,22.029447,ok
EES0423773__X36__Y3F__P001.jpg,0.675292,17.808697,ok
EES0423773__X39__Y0C__P002.jpg,0.924962,22.119584,ok
EES0423773__X3C__Y0F__P003.jpg,0.690445,18.210189,ok
EES0423773__X3C__Y39__P004.jpg,0.858211,20.071158,ok
EES0423773__X3F__Y0F__P005.jpg,0.880306,22.556490,ok
EES0423773__X3F__Y12__P006.jpg,0.671533,16.521038,ok
EES0423773__X3F__Y36__P007.jpg,0.734825,20.568922,ok
EES0423773__X3F__Y39__P008.jpg,0.705036,17.858953,ok
EES0423773__X42__Y15__P009.jpg,0.684479,17.502098,ok
EES0423773__X42__Y18__P010.jpg,0.849521,22.392418,ok
EES0423773__X42__Y30__P011.jpg,0.875064,21.372230,ok
EES0423773__X42__Y33__P012.jpg,0.856247,20.605533,ok
EES0423773__X45__Y18__P013.jpg,0.743460,19.525576,ok
EES0423773__X45__Y1B__P014.jpg,0.612352,16.577551,ok
EES0423773__X45__Y1E__P015.jpg,0.677020,18.348110,ok
EES0423773__X45__Y21__P016.jpg,0.679107,17.384347,ok
EES0423773__X45__Y24__P017.jpg,0.729158,17.569010,ok
EES0423773__X45__Y27__P018.jpg,0.734738,19.317021,ok
EES0423773__X45__Y2A__P019.jpg,0.681627,18.198167,ok
EES0423773__X45__Y2D__P020.jpg,0.726603,18.659018,ok
EES0423773__X45__Y30__P021.jpg,0.643477,16.416714,ok
EES0423773__X09__Y21__P022.jpg,0.699757,17.142036,ok
EES0423773__X0F__Y18__P023.jpg,0.741806,21.188812,ok
EES0423773__X0F__Y1B__P024.jpg,0.832024,18.311678,ok
EES0423773__X0F__Y2D__P025.jpg,0.876241,20.941048,ok
EES0423774__X12__Y15__P001.jpg,0.870485,20.945595,ok
EES0423774__X12__Y18__P002.jpg,0.837373,19.181794,ok
EES0423774__X12__Y1B__P003.jpg,0.800840,18.398575,ok
EES0423774__X12__Y1E__P004.jpg,0.936284,28.209316,ok
EES0423774__X12__Y21__P005.jpg,0.818112,17.781110,ok
EES0423774__X12__Y33__P006.jpg,0.852484,19.506666,ok
EES0423774__X15__Y15__P007.jpg,0.814321,17.860683,ok
EES0423774__X15__Y18__P008.jpg,0.718989,16.946181,ok
EES0423774__X15__Y1B__P009.jpg,0.766625,18.597137,ok
EES0423774__X18__Y0C__P010.jpg,0.943132,23.860761,ok
EES0423774__X1B__Y09__P011.jpg,0.936813,23.229286,ok
EES0423774__X1B__Y0C__P012.jpg,0.784324,17.960557,ok
EES0423774__X1B__Y0F__P013.jpg,0.903132,22.964852,ok
EES0423774__X1B__Y3C__P014.jpg,0.839016,19.277240,ok
EES0423774__X1E__Y06__P015.jpg,0.792333,19.331252,ok
EES0423774__X1E__Y09__P016.jpg,0.777113,17.550046,ok
EES0423774__X21__Y06__P017.jpg,0.893696,20.647157,ok
EES0423774__X21__Y09__P018.jpg,0.879189,19.258858,ok
EES0423774__X24__Y06__P019.jpg,0.816990,18.388186,ok
EES0423774__X24__Y3F__P020.jpg,0.770500,17.548803,ok
EES0423774__X27__Y03__P021.jpg,0.784962,18.265192,ok
EES0423774__X27__Y06__P022.jpg,0.760021,17.358187,ok
EES0423774__X27__Y3F__P023.jpg,0.743173,17.153301,ok
EES0423774__X2A__Y03__P024.jpg,0.772866,17.579166,ok
EES0423774__X2A__Y06__P025.jpg,0.779684,18.226033,ok
EES0423775__X18__Y12__P001.jpg,0.760434,17.263211,ok
EES0423775__X1B__Y12__P002.jpg,0.738354,17.064038,ok
EES0423775__X1B__Y1B__P003.jpg,0.747852,18.721477,ok
EES0423775__X30__Y1B__P004.jpg,0.899591,22.969751,ok
EES0423775__X33__Y09__P005.jpg,0.851989,19.496269,ok
EES0423775__X36__Y27__P006.jpg,0.774909,18.179392,ok
EES0423775__X36__Y3C__P007.jpg,0.713033,18.053050,ok
EES0423775__X39__Y0C__P008.jpg,0.762017,17.511228,ok
EES0423775__X39__Y21__P009.jpg,0.793283,19.285005,ok
EES0423775__X39__Y39__P010.jpg,0.841545,19.054730,ok
EES0423775__X3C__Y0F__P011.jpg,0.788147,17.987321,ok
EES0423775__X3C__Y12__P012.jpg,0.918170,23.538771,ok
EES0423775__X3C__Y18__P013.jpg,0.752008,17.956146,ok
EES0423775__X3C__Y36__P014.jpg,0.802381,18.295779,ok
EES0423775__X3C__Y39__P015.jpg,0.684619,16.828295,ok
EES0423775__X3F__Y12__P016.jpg,0.730720,19.718292,ok
EES0423775__X42__Y24__P017.jpg,0.932377,26.775365,ok
EES0423775__X42__Y2A__P018.jpg,0.878144,20.500326,ok
EES0423775__X42__Y33__P019.jpg,0.912451,24.214282,ok
EES0423775__X45__Y1E__P020.jpg,0.766996,17.696791,ok
EES0423775__X45__Y21__P021.jpg,0.831332,18.074541,ok
EES0423775__X0C__Y24__P022.jpg,0.821689,17.883728,ok
EES0423775__X0C__Y2A__P023.jpg,0.883898,21.782258,ok
EES0423775__X2D__Y09__P024.jpg,0.861030,19.686107,ok
EES0423775__X3C__Y24__P025.jpg,0.855435,19.245410,ok
EES0423776__X0C__Y21__P001.jpg,0.833665,18.915605,ok
EES0423776__X0C__Y24__P002.jpg,0.859998,19.390368,ok
EES0423776__X0C__Y27__P003.jpg,0.785497,18.315288,ok
EES0423776__X0C__Y2D__P004.jpg,0.811530,18.250446,ok
EES0423776__X0F__Y15__P005.jpg,0.790730,18.105217,ok
EES0423776__X0F__Y2D__P006.jpg,0.849111,19.710322,ok
EES0423776__X0F__Y33__P007.jpg,0.818940,18.667853,ok
EES0423776__X12__Y0F__P008.jpg,0.844013,19.330289,ok
EES0423776__X15__Y0F__P009.jpg,0.810793,18.045297,ok
EES0423776__X15__Y39__P010.jpg,0.841497,19.061747,ok
EES0423776__X1B__Y09__P011.jpg,0.795292,18.156329,ok
EES0423776__X1E__Y06__P012.jpg,0.762976,18.270363,ok
EES0423776__X21__Y06__P013.jpg,0.814693,18.504950,ok
EES0423776__X2D__Y06__P014.jpg,0.903675,22.419885,ok
EES0423776__X33__Y06__P015.jpg,0.844363,19.165842,ok
EES0423776__X39__Y09__P016.jpg,0.773847,20.051165,ok
EES0423776__X3C__Y09__P017.jpg,0.871213,21.415127,ok
EES0423776__X18__Y3C__P018.jpg,0.700884,17.101666,ok
EES0423776__X1B__Y1E__P019.jpg,0.921801,27.397774,ok
EES0423776__X27__Y1B__P020.jpg,0.686441,18.074240,ok
EES0423776__X2D__Y06__P021.jpg,0.698307,17.394939,ok
EES0423776__X42__Y12__P022.jpg,0.896271,22.538301,ok
EES0423776__X42__Y15__P023.jpg,0.856454,19.281842,ok
EES0423776__X42__Y36__P024.jpg,0.781687,18.015994,ok
EES0423776__X45__Y1B__P025.jpg,0.869701,20.924167,ok
EES0423777__X21__Y1E__P001.jpg,0.903180,22.452980,ok
EES0423777__X21__Y21__P002.jpg,0.852554,20.851955,ok
EES0423777__X2D__Y09__P003.jpg,0.758203,18.367501,ok
EES0423777__X39__Y0F__P004.jpg,0.753356,17.892662,ok
EES0423777__X3C__Y21__P005.jpg,0.845281,18.609787,ok
EES0423777__X3F__Y15__P006.jpg,0.816611,19.931541,ok
EES0423777__X3F__Y1E__P007.jpg,0.887577,24.403941,ok
EES0423777__X3F__Y21__P008.jpg,0.817297,18.594324,ok
EES0423777__X42__Y18__P009.jpg,0.828363,20.023119,ok
EES0423777__X42__Y1E__P010.jpg,0.828686,18.176848,ok
EES0423777__X15__Y27__P011.jpg,0.874131,19.462217,ok
EES0423777__X18__Y39__P012.jpg,0.907151,22.445023,ok
EES0423777__X1B__Y2A__P013.jpg,0.858415,18.519562,ok
EES0423777__X1E__Y2D__P014.jpg,0.956979,32.558856,ok
EES0423777__X21__Y24__P015.jpg,0.873040,21.654874,ok
EES0423777__X21__Y27__P016.jpg,0.823075,19.571084,ok
EES0423777__X21__Y2A__P017.jpg,0.866451,18.542705,ok
EES0423777__X21__Y30__P018.jpg,0.888303,20.875926,ok
EES0423777__X21__Y33__P019.jpg,0.857409,20.512595,ok
EES0423777__X21__Y36__P020.jpg,0.690044,18.722300,ok
EES0423777__X24__Y24__P021.jpg,0.756788,19.628204,ok
EES0423777__X24__Y27__P022.jpg,0.847866,22.498049,ok
EES0423777__X24__Y2A__P023.jpg,0.797389,18.170103,ok
EES0423777__X24__Y30__P024.jpg,0.810800,18.693694,ok
EES0423777__X24__Y33__P025.jpg,0.779894,19.603690,ok
EES0423778__X3C__Y30__P001.jpg,0.954339,26.625043,ok
EES0423778__X3F__Y2A__P002.jpg,0.897467,21.862500,ok
EES0423778__X3F__Y30__P003.jpg,0.880571,21.928411,ok
EES0423778__X42__Y24__P004.jpg,0.929905,23.340478,ok
EES0423778__X42__Y27__P005.jpg,0.878653,23.395029,ok
EES0423778__X42__Y2A__P006.jpg,0.793332,18.202100,ok
EES0423778__X0C__Y18__P007.jpg,0.790565,18.637636,ok
EES0423778__X0C__Y1B__P008.jpg,0.849296,19.868084,ok
EES0423778__X0F__Y1B__P009.jpg,0.745077,17.556182,ok
EES0423778__X18__Y0C__P010.jpg,0.777730,19.424078,ok
EES0423778__X1E__Y45__P011.jpg,0.772228,18.690582,ok
EES0423778__X24__Y45__P012.jpg,0.862900,21.370577,ok
EES0423778__X27__Y45__P013.jpg,0.928849,22.731932,ok
EES0423778__X2A__Y45__P014.jpg,0.878246,22.570711,ok
EES0423778__X33__Y0C__P015.jpg,0.854477,21.053122,ok
EES0423778__X36__Y3F__P016.jpg,0.939628,27.757553,ok
EES0423778__X39__Y3C__P017.jpg,0.799196,18.019689,ok
EES0423778__X3C__Y39__P018.jpg,0.809441,18.332963,ok
EES0423778__X42__Y1B__P019.jpg,0.879338,21.822506,ok
EES0423778__X42__Y1E__P020.jpg,0.836073,18.774109,ok
EES0423778__X42__Y21__P021.jpg,0.950975,27.307257,ok
EES0423778__X42__Y2D__P022.jpg,0.861813,20.663016,ok
EES0423778__X09__Y1B__P023.jpg,0.859963,19.147996,ok
EES0423778__X09__Y2D__P024.jpg,0.870751,21.760116,ok
EES0423778__X0F__Y39__P025.jpg,0.927447,23.802860,ok
EES0423779__X15__Y09__P001.jpg,0.839668,21.136750,ok
EES0423779__X15__Y0F__P002.jpg,0.798471,19.576875,ok
EES0423779__X15__Y12__P003.jpg,0.784731,18.186301,ok
EES0423779__X18__Y06__P004.jpg,0.953845,32.711928,ok
EES0423779__X18__Y09__P005.jpg,0.838835,21.259446,ok
EES0423779__X1B__Y06__P006.jpg,0.869240,19.939182,ok
EES0423779__X1B__Y09__P007.jpg,0.829703,21.476280,ok
EES0423779__X1B__Y3F__P008.jpg,0.802857,18.275166,ok
EES0423779__X1E__Y06__P009.jpg,0.752981,18.231791,ok
EES0423779__X1E__Y15__P010.jpg,0.759115,18.727302,ok
EES0423779__X1E__Y42__P011.jpg,0.866528,19.762824,ok
EES0423779__X21__Y06__P012.jpg,0.769778,18.121470,ok
EES0423779__X21__Y09__P013.jpg,0.848611,18.822944,ok
EES0423779__X21__Y12__P014.jpg,0.766223,18.542220,ok
EES0423779__X21__Y15__P015.jpg,0.854354,19.123243,ok
EES0423779__X21__Y42__P016.jpg,0.739684,18.824000,ok
EES0423779__X24__Y03__P017.jpg,0.819154,18.665350,ok
EES0423779__X24__Y06__P018.jpg,0.770286,18.686915,ok
EES0423779__X24__Y09__P019.jpg,0.952009,26.950201,ok
EES0423779__X24__Y39__P020.jpg,0.821134,18.053604,ok
EES0423779__X27__Y06__P021.jpg,0.796062,18.289193,ok
EES0423779__X27__Y09__P022.jpg,0.929030,24.655540,ok
EES0423779__X2A__Y06__P023.jpg,0.769041,18.788001,ok
EES0423779__X2A__Y3F__P024.jpg,0.923127,20.934297,ok
EES0423779__X2A__Y42__P025.jpg,0.967852,29.529568,ok
EES0423780__X18__Y15__P001.jpg,0.892895,20.239879,ok
EES0423780__X18__Y1B__P002.jpg,0.841478,20.130047,ok
EES0423780__X18__Y1E__P003.jpg,0.888264,20.872874,ok
EES0423780__X1B__Y09__P004.jpg,0.804329,18.866650,ok
EES0423780__X1B__Y0C__P005.jpg,0.861434,18.826315,ok
EES0423780__X1B__Y12__P006.jpg,0.838806,20.488684,ok
EES0423780__X1B__Y15__P007.jpg,0.920500,26.812060,ok
EES0423780__X1B__Y18__P008.jpg,0.799844,19.537720,ok
EES0423780__X1B__Y1B__P009.jpg,0.935863,23.822418,ok
EES0423780__X1B__Y1E__P010.jpg,0.781373,18.007405,ok
EES0423780__X1E__Y09__P011.jpg,0.911780,23.797294,ok
EES0423780__X1E__Y0C__P012.jpg,0.872131,21.742727,ok
EES0423780__X1E__Y0F__P013.jpg,0.885688,21.719553,ok
EES0423780__X1E__Y15__P014.jpg,0.918079,23.655757,ok
EES0423780__X1E__Y1B__P015.jpg,0.890990,23.085203,ok
EES0423780__X21__Y0C__P016.jpg,0.864043,20.958040,ok
EES0423780__X21__Y0F__P017.jpg,0.950462,25.063911,ok
EES0423780__X21__Y12__P018.jpg,0.831065,17.970889,ok
EES0423780__X21__Y15__P019.jpg,0.921514,22.333855,ok
EES0423780__X21__Y18__P020.jpg,0.790869,17.930349,ok
EES0423780__X21__Y1B__P021.jpg,0.867268,18.595035,ok
EES0423780__X21__Y1E__P022.jpg,0.741750,17.787517,ok
EES0423780__X24__Y0F__P023.jpg,0.877815,18.738978,ok
EES0423780__X24__Y12__P024.jpg,0.773833,18.994998,ok
EES0423780__X24__Y18__P025.jpg,0.888489,20.715204,ok
EES0423781__X39__Y24__P001.jpg,0.800929,20.565539,ok
EES0423781__X39__Y2A__P002.jpg,0.758916,18.943713,ok
EES0423781__X3F__Y24__P003.jpg,0.756203,17.780275,ok
EES0423781__X3F__Y2A__P004.jpg,0.797859,18.833167,ok
EES0423781__X06__Y1E__P005.jpg,0.887444,19.798896,ok
EES0423781__X06__Y21__P006.jpg,0.768559,21.576707,ok
EES0423781__X06__Y24__P007.jpg,0.786489,19.981543,ok
EES0423781__X09__Y18__P008.jpg,0.769397,18.190054,ok
EES0423781__X09__Y1B__P009.jpg,0.957683,29.210573,ok
EES0423781__X09__Y21__P010.jpg,0.819335,22.086344,ok
EES0423781__X0C__Y15__P011.jpg,0.773206,18.207672,ok
EES0423781__X0C__Y18__P012.jpg,0.823530,21.912898,ok
EES0423781__X0F__Y15__P013.jpg,0.929976,20.655095,ok
EES0423781__X0F__Y18__P014.jpg,0.722642,18.588434,ok
EES0423781__X0F__Y1E__P015.jpg,0.803639,20.628658,ok
EES0423781__X18__Y1E__P016.jpg,0.776807,20.774124,ok
EES0423781__X18__Y21__P017.jpg,0.871127,19.520625,ok
EES0423781__X18__Y24__P018.jpg,0.885707,21.536887,ok
EES0423781__X18__Y33__P019.jpg,0.844587,18.829015,ok
EES0423781__X1B__Y18__P020.jpg,0.706037,18.303512,ok
EES0423781__X1B__Y1B__P021.jpg,0.763199,17.680834,ok
EES0423781__X1B__Y1E__P022.jpg,0.854153,23.563841,ok
EES0423781__X1B__Y21__P023.jpg,0.838492,19.318247,ok
EES0423781__X1B__Y24__P024.jpg,0.773418,19.419966,ok
EES0423781__X1B__Y27__P025.jpg,0.812885,22.139756,ok
EES0423782__X1E__Y1E__P001.jpg,0.748638,18.762228,ok
EES0423782__X1E__Y21__P002.jpg,0.768310,18.605304,ok
EES0423782__X1E__Y24__P003.jpg,0.792382,19.132619,ok
EES0423782__X1E__Y27__P004.jpg,0.751383,17.944684,ok
EES0423782__X21__Y15__P005.jpg,0.702324,18.429451,ok
EES0423782__X21__Y18__P006.jpg,0.792472,20.028086,ok
EES0423782__X21__Y1B__P007.jpg,0.765781,18.124185,ok
EES0423782__X21__Y2D__P008.jpg,0.801159,18.414727,ok
EES0423782__X21__Y30__P009.jpg,0.702891,18.567405,ok
EES0423782__X24__Y18__P010.jpg,0.737793,19.298960,ok
EES0423782__X24__Y1B__P011.jpg,0.740876,18.941905,ok
EES0423782__X24__Y30__P012.jpg,0.887745,21.717425,ok
EES0423782__X2A__Y15__P013.jpg,0.832840,18.403342,ok
EES0423782__X2A__Y2A__P014.jpg,0.831488,21.016980,ok
EES0423782__X2A__Y36__P015.jpg,0.882263,19.311476,ok
EES0423782__X2D__Y12__P016.jpg,0.769105,18.832002,ok
EES0423782__X2D__Y15__P017.jpg,0.756143,17.974729,ok
EES0423782__X2D__Y18__P018.jpg,0.728597,18.247711,ok
EES0423782__X2D__Y21__P019.jpg,0.767920,18.080243,ok
EES0423782__X2D__Y27__P020.jpg,0.835672,20.478005,ok
EES0423782__X2D__Y30__P021.jpg,0.691145,18.220129,ok
EES0423782__X30__Y0C__P022.jpg,0.668862,17.026229,ok
EES0423782__X30__Y1B__P023.jpg,0.734439,17.866132,ok
EES0423782__X30__Y1E__P024.jpg,0.809245,20.289319,ok
EES0423782__X30__Y21__P025.jpg,0.793963,19.939584,ok
EES0423783__X0C__Y0F__P001.jpg,0.851728,23.197199,ok
EES0423783__X0C__Y12__P002.jpg,0.815008,20.855079,ok
EES0423783__X0C__Y15__P003.jpg,0.805005,20.623340,ok
EES0423783__X0C__Y39__P004.jpg,0.894509,24.712119,ok
EES0423783__X0F__Y0C__P005.jpg,0.790106,19.011168,ok
EES0423783__X0F__Y0F__P006.jpg,0.931772,27.130228,ok
EES0423783__X0F__Y12__P007.jpg,0.821125,22.018671,ok
EES0423783__X12__Y0C__P008.jpg,0.845344,20.752034,ok
EES0423783__X15__Y09__P009.jpg,0.812153,18.245725,ok
EES0423783__X15__Y0C__P010.jpg,0.870524,21.793936,ok
EES0423783__X18__Y09__P011.jpg,0.851761,21.532416,ok
EES0423783__X18__Y0C__P012.jpg,0.672024,17.149905,ok
EES0423783__X1B__Y09__P013.jpg,0.899275,23.911037,ok
EES0423783__X1E__Y06__P014.jpg,0.911662,28.112137,ok
EES0423783__X21__Y06__P015.jpg,0.821539,20.010159,ok
EES0423783__X24__Y06__P016.jpg,0.812052,19.840831,ok
EES0423783__X27__Y06__P017.jpg,0.820584,18.467013,ok
EES0423783__X2A__Y06__P018.jpg,0.895050,20.327312,ok
EES0423783__X2D__Y06__P019.jpg,0.876145,23.320500,ok
EES0423783__X30__Y06__P020.jpg,0.876033,22.387749,ok
EES0423783__X33__Y09__P021.jpg,0.775733,20.861231,ok
EES0423783__X33__Y0C__P022.jpg,0.832556,19.904208,ok
EES0423783__X36__Y09__P023.jpg,0.820243,20.067715,ok
EES0423783__X36__Y0C__P024.jpg,0.845928,21.230927,ok
EES0423783__X39__Y0C__P025.jpg,0.904246,25.538428,ok
EES0423784__X06__Y36__P001.jpg,0.928849,26.248848,ok
EES0423784__X06__Y39__P002.jpg,0.863907,22.754871,ok
EES0423784__X12__Y42__P003.jpg,0.648730,17.877970,ok
EES0423784__X18__Y45__P004.jpg,0.949665,29.664974,ok
EES0423784__X1B__Y45__P005.jpg,0.757050,19.463184,ok
EES0423784__X21__Y45__P006.jpg,0.893538,24.211328,ok
EES0423784__X24__Y39__P007.jpg,0.716820,19.597080,ok
EES0423784__X24__Y3C__P008.jpg,0.911877,20.762817,ok
EES0423784__X24__Y45__P009.jpg,0.661644,19.093734,ok
EES0423784__X27__Y3C__P010.jpg,0.635581,17.558082,ok
EES0423784__X27__Y3F__P011.jpg,0.749833,20.817667,ok
EES0423784__X27__Y45__P012.jpg,0.692293,19.357554,ok
EES0423784__X2A__Y39__P013.jpg,0.691451,17.218106,ok
EES0423784__X2A__Y3C__P014.jpg,0.894387,23.140156,ok
EES0423784__X2A__Y3F__P015.jpg,0.925766,26.898845,ok
EES0423784__X2D__Y39__P016.jpg,0.663438,18.824931,ok
EES0423784__X2D__Y3C__P017.jpg,0.634428,17.619860,ok
EES0423784__X2D__Y3F__P018.jpg,0.758325,19.896797,ok
EES0423784__X30__Y39__P019.jpg,0.961195,30.944520,ok
EES0423784__X30__Y3C__P020.jpg,0.699071,17.879211,ok
EES0423784__X33__Y36__P021.jpg,0.789206,20.098851,ok
EES0423784__X33__Y39__P022.jpg,0.817225,21.276705,ok
EES0423784__X33__Y3C__P023.jpg,0.677423,18.618532,ok
EES0423784__X33__Y3F__P024.jpg,0.640021,18.315571,ok
EES0423784__X33__Y42__P025.jpg,0.948611,25.918315,ok
EES0423785__X36__Y36__P001.jpg,0.757691,17.514822,ok
EES0423785__X36__Y39__P002.jpg,0.784721,18.267033,ok
EES0423785__X36__Y3C__P003.jpg,0.730856,18.384004,ok
EES0423785__X36__Y3F__P004.jpg,0.641391,16.743930,ok
EES0423785__X39__Y36__P005.jpg,0.746102,18.707695,ok
EES0423785__X39__Y3C__P006.jpg,0.703808,17.429392,ok
EES0423785__X3C__Y24__P007.jpg,0.937194,23.907100,ok
EES0423785__X3C__Y2A__P008.jpg,0.734975,18.910784,ok
EES0423785__X3C__Y30__P009.jpg,0.916447,24.694474,ok
EES0423785__X3C__Y33__P010.jpg,0.804772,20.908406,ok
EES0423785__X3F__Y1B__P011.jpg,0.901433,23.267305,ok
EES0423785__X3F__Y1E__P012.jpg,0.874232,19.537218,ok
EES0423785__X3F__Y21__P013.jpg,0.928258,24.395713,ok
EES0423785__X3F__Y24__P014.jpg,0.855970,19.039236,ok
EES0423785__X3F__Y27__P015.jpg,0.719745,18.344423,ok
EES0423785__X3F__Y2A__P016.jpg,0.943561,27.496832,ok
EES0423785__X3F__Y2D__P017.jpg,0.912222,22.969358,ok
EES0423785__X3F__Y30__P018.jpg,0.801798,19.701972,ok
EES0423785__X3F__Y33__P019.jpg,0.851118,18.147048,ok
EES0423785__X06__Y1E__P020.jpg,0.924809,25.359881,ok
EES0423785__X06__Y21__P021.jpg,0.712977,18.464554,ok
EES0423785__X06__Y24__P022.jpg,0.748353,17.711663,ok
EES0423785__X06__Y2A__P023.jpg,0.743901,19.126992,ok
EES0423785__X09__Y15__P024.jpg,0.755513,18.591398,ok
EES0423785__X09__Y18__P025.jpg,0.769847,19.470810,ok
EES0423786__X09__Y15__P001.jpg,0.943880,30.613914,ok
EES0423786__X09__Y3F__P002.jpg,0.895133,26.911590,ok
EES0423786__X0C__Y12__P003.jpg,0.898619,20.577228,ok
EES0423786__X0C__Y15__P004.jpg,0.877071,21.458916,ok
EES0423786__X0C__Y42__P005.jpg,0.806960,18.100475,ok
EES0423786__X15__Y0C__P006.jpg,0.859028,22.394538,ok
EES0423786__X15__Y45__P007.jpg,0.763513,19.200516,ok
EES0423786__X18__Y45__P008.jpg,0.824345,18.215200,ok
EES0423786__X30__Y0C__P009.jpg,0.925823,26.131077,ok
EES0423786__X33__Y45__P010.jpg,0.835593,18.629190,ok
EES0423786__X36__Y0F__P011.jpg,0.820405,19.459769,ok
EES0423786__X3F__Y3C__P012.jpg,0.774261,19.159042,ok
EES0423786__X03__Y18__P013.jpg,0.752969,18.914558,ok
EES0423786__X03__Y1E__P014.jpg,0.801389,20.914209,ok
EES0423786__X03__Y21__P015.jpg,0.762762,18.917370,ok
EES0423786__X03__Y24__P016.jpg,0.808179,19.342012,ok
EES0423786__X03__Y27__P017.jpg,0.865799,19.052950,ok
EES0423786__X03__Y2A__P018.jpg,0.706642,17.210284,ok
EES0423786__X03__Y2D__P019.jpg,0.864428,18.994842,ok
EES0423786__X03__Y33__P020.jpg,0.867704,19.310441,ok
EES0423786__X06__Y15__P021.jpg,0.842592,20.216733,ok
EES0423786__X06__Y1E__P022.jpg,0.902308,20.487462,ok
EES0423786__X06__Y33__P023.jpg,0.796615,18.763507,ok
EES0423786__X06__Y36__P024.jpg,0.873897,20.073719,ok
EES0423786__X09__Y39__P025.jpg,0.891410,21.863810,ok
EES0423787__X0C__Y3C__P001.jpg,0.830335,20.907074,ok
EES0423787__X0F__Y0C__P002.jpg,0.728648,19.344839,ok
EES0423787__X12__Y0C__P003.jpg,0.822228,18.224749,ok
EES0423787__X18__Y09__P004.jpg,0.775732,17.851373,ok
EES0423787__X18__Y45__P005.jpg,0.830882,20.923091,ok
EES0423787__X21__Y0C__P006.jpg,0.899721,25.066286,ok
EES0423787__X24__Y09__P007.jpg,0.858624,19.472215,ok
EES0423787__X24__Y12__P008.jpg,0.825055,18.158350,ok
EES0423787__X2D__Y1B__P009.jpg,0.915215,26.534206,ok
EES0423787__X30__Y0C__P010.jpg,0.811307,18.382586,ok
EES0423787__X3C__Y30__P011.jpg,0.757850,17.743343,ok
EES0423787__X3F__Y27__P012.jpg,0.875875,20.071750,ok
EES0423787__X0C__Y2D__P013.jpg,0.735465,17.872292,ok
EES0423787__X0F__Y12__P014.jpg,0.938759,27.494698,ok
EES0423787__X0F__Y1B__P015.jpg,0.839004,21.154697,ok
EES0423787__X0F__Y21__P016.jpg,0.811034,21.057353,ok
EES0423787__X0F__Y24__P017.jpg,0.889608,18.991262,ok
EES0423787__X0F__Y2D__P018.jpg,0.796643,18.929543,ok
EES0423787__X0F__Y33__P019.jpg,0.887706,23.435520,ok
EES0423787__X0F__Y36__P020.jpg,0.785656,18.535264,ok
EES0423787__X12__Y0F__P021.jpg,0.745488,17.730002,ok
EES0423787__X12__Y18__P022.jpg,0.888159,21.340479,ok
EES0423787__X12__Y1E__P023.jpg,0.772477,18.229082,ok
EES0423787__X12__Y3C__P024.jpg,0.905660,21.861799,ok
EES0423787__X15__Y0C__P025.jpg,0.851343,20.263508,ok
EES0423788__X15__Y12__P001.jpg,0.732679,19.581110,ok
EES0423788__X15__Y15__P002.jpg,0.862934,21.978399,ok
EES0423788__X15__Y18__P003.jpg,0.886079,20.402171,ok
EES0423788__X18__Y0F__P004.jpg,0.838810,20.086513,ok
EES0423788__X18__Y12__P005.jpg,0.870704,22.249449,ok
EES0423788__X18__Y18__P006.jpg,0.830522,20.404156,ok
EES0423788__X18__Y1E__P007.jpg,0.844124,22.288611,ok
EES0423788__X1B__Y0C__P008.jpg,0.867285,21.669114,ok
EES0423788__X1B__Y2D__P009.jpg,0.842168,22.134042,ok
EES0423788__X1B__Y3C__P010.jpg,0.811873,21.451816,ok
EES0423788__X1E__Y18__P011.jpg,0.919781,28.334077,ok
EES0423788__X1E__Y1B__P012.jpg,0.868484,18.952261,ok
EES0423788__X21__Y09__P013.jpg,0.905025,26.038427,ok
EES0423788__X21__Y0C__P014.jpg,0.810071,19.856795,ok
EES0423788__X21__Y12__P015.jpg,0.865169,21.107311,ok
EES0423788__X21__Y15__P016.jpg,0.812993,19.051605,ok
EES0423788__X21__Y18__P017.jpg,0.825096,19.768623,ok
EES0423788__X21__Y1B__P018.jpg,0.870332,22.227769,ok
EES0423788__X21__Y1E__P019.jpg,0.830774,22.840401,ok
EES0423788__X21__Y21__P020.jpg,0.815206,19.678956,ok
EES0423788__X21__Y24__P021.jpg,0.818419,19.330930,ok
EES0423788__X21__Y2A__P022.jpg,0.911021,25.826072,ok
EES0423788__X21__Y2D__P023.jpg,0.833982,21.306602,ok
EES0423788__X21__Y30__P024.jpg,0.842970,19.507639,ok
EES0423788__X21__Y36__P025.jpg,0.839180,20.512060,ok
EES0423789__X12__Y45__P001.jpg,0.850141,20.819034,ok
EES0423789__X15__Y45__P002.jpg,0.921532,21.781239,ok
EES0423789__X18__Y45__P003.jpg,0.914028,22.582412,ok
EES0423789__X1B__Y09__P004.jpg,0.883733,21.280562,ok
EES0423789__X1B__Y45__P005.jpg,0.796781,22.150996,ok
EES0423789__X1E__Y09__P006.jpg,0.914556,24.244929,ok
EES0423789__X1E__Y45__P007.jpg,0.833751,19.717207,ok
EES0423789__X21__Y09__P008.jpg,0.806342,21.272797,ok
EES0423789__X24__Y09__P009.jpg,0.789912,17.934633,ok
EES0423789__X27__Y09__P010.jpg,0.890538,22.334694,ok
EES0423789__X30__Y45__P011.jpg,0.780256,19.026601,ok
EES0423789__X3C__Y18__P012.jpg,0.707043,17.609793,ok
EES0423789__X3C__Y39__P013.jpg,0.926583,26.940534,ok
EES0423789__X3F__Y1E__P014.jpg,0.775924,20.475181,ok
EES0423789__X0C__Y21__P015.jpg,0.816256,19.141135,ok
EES0423789__X0C__Y30__P016.jpg,0.834274,18.948814,ok
EES0423789__X0C__Y33__P017.jpg,0.799886,19.152298,ok
EES0423789__X0F__Y1B__P018.jpg,0.778874,18.055306,ok
EES0423789__X0F__Y30__P019.jpg,0.927585,26.445123,ok
EES0423789__X15__Y15__P020.jpg,0.807223,19.386368,ok
EES0423789__X15__Y39__P021.jpg,0.864349,19.517171,ok
EES0423789__X1E__Y0F__P022.jpg,0.875461,19.757796,ok
EES0423789__X21__Y15__P023.jpg,0.765382,19.090595,ok
EES0423789__X21__Y18__P024.jpg,0.833496,20.119709,ok
EES0423789__X21__Y21__P025.jpg,0.879934,23.187227,ok
EES0423790__X06__Y24__P001.jpg,0.719818,18.229911,ok
EES0423790__X06__Y27__P002.jpg,0.943504,31.330708,ok
EES0423790__X06__Y2A__P003.jpg,0.743739,18.452106,ok
EES0423790__X06__Y2D__P004.jpg,0.824925,21.616415,ok
EES0423790__X09__Y18__P005.jpg,0.813947,21.299043,ok
EES0423790__X09__Y1E__P006.jpg,0.866006,21.757195,ok
EES0423790__X09__Y21__P007.jpg,0.756077,21.363615,ok
EES0423790__X09__Y39__P008.jpg,0.803077,20.894738,ok
EES0423790__X0C__Y15__P009.jpg,0.843257,21.131264,ok
EES0423790__X0C__Y18__P010.jpg,0.834349,19.267412,ok
EES0423790__X0C__Y1B__P011.jpg,0.744416,18.666572,ok
EES0423790__X0C__Y1E__P012.jpg,0.696135,17.352607,ok
EES0423790__X0C__Y21__P013.jpg,0.743198,18.047015,ok
EES0423790__X0C__Y24__P014.jpg,0.773723,20.282264,ok
EES0423790__X0F__Y12__P015.jpg,0.756365,20.389134,ok
EES0423790__X0F__Y1B__P016.jpg,0.884934,25.916272,ok
EES0423790__X0F__Y1E__P017.jpg,0.774851,19.693742,ok
EES0423790__X0F__Y21__P018.jpg,0.702329,16.915585,ok
EES0423790__X0F__Y24__P019.jpg,0.800514,18.348812,ok
EES0423790__X12__Y0F__P020.jpg,0.867067,20.127049,ok
EES0423790__X12__Y12__P021.jpg,0.764499,18.157947,ok
EES0423790__X12__Y15__P022.jpg,0.790177,19.779576,ok
EES0423790__X12__Y1B__P023.jpg,0.786002,20.294667,ok
EES0423790__X15__Y0F__P024.jpg,0.794285,18.651781,ok
EES0423790__X15__Y12__P025.jpg,0.860680,22.794319,ok
EES0423791__X15__Y15__P001.jpg,0.795019,18.932367,ok
EES0423791__X18__Y0C__P002.jpg,0.786651,19.314258,ok
EES0423791__X18__Y0F__P003.jpg,0.850015,23.886443,ok
EES0423791__X18__Y12__P004.jpg,0.781245,19.981330,ok
EES0423791__X18__Y15__P005.jpg,0.812861,20.103667,ok
EES0423791__X1B__Y0C__P006.jpg,0.787883,18.090814,ok
EES0423791__X1B__Y0F__P007.jpg,0.800542,19.826829,ok
EES0423791__X1B__Y12__P008.jpg,0.796338,19.685777,ok
EES0423791__X1E__Y0C__P009.jpg,0.819233,18.105406,ok
EES0423791__X1E__Y0F__P010.jpg,0.821213,20.002687,ok
EES0423791__X21__Y0F__P011.jpg,0.870790,22.922050,ok
EES0423791__X21__Y12__P012.jpg,0.744722,17.955526,ok
EES0423791__X24__Y0F__P013.jpg,0.819515,18.217989,ok
EES0423791__X24__Y12__P014.jpg,0.785607,18.710271,ok
EES0423791__X27__Y0C__P015.jpg,0.759554,19.383088,ok
EES0423791__X27__Y0F__P016.jpg,0.808102,20.475984,ok
EES0423791__X2A__Y0C__P017.jpg,0.790334,18.725998,ok
EES0423791__X2A__Y0F__P018.jpg,0.796049,20.487171,ok
EES0423791__X2A__Y12__P019.jpg,0.843596,19.277249,ok
EES0423791__X2D__Y0C__P020.jpg,0.790006,19.540444,ok
EES0423791__X2D__Y0F__P021.jpg,0.787870,18.209841,ok
EES0423791__X2D__Y12__P022.jpg,0.839020,20.673469,ok
EES0423791__X33__Y45__P023.jpg,0.917681,20.621023,ok
EES0423791__X3C__Y1B__P024.jpg,0.798155,18.530098,ok
EES0423791__X3F__Y1B__P025.jpg,0.815440,21.929122,ok
EES0423792__X21__Y2D__P001.jpg,0.849850,20.926457,ok
EES0423792__X21__Y42__P002.jpg,0.913779,22.438110,ok
EES0423792__X21__Y45__P003.jpg,0.894003,23.131559,ok
EES0423792__X24__Y2D__P004.jpg,0.764454,17.689934,ok
EES0423792__X2A__Y21__P005.jpg,0.838642,20.630345,ok
EES0423792__X2A__Y24__P006.jpg,0.875721,19.004352,ok
EES0423792__X2A__Y27__P007.jpg,0.885021,19.470118,ok
EES0423792__X2A__Y2A__P008.jpg,0.884515,23.958722,ok
EES0423792__X2D__Y27__P009.jpg,0.831901,21.171774,ok
EES0423792__X30__Y1B__P010.jpg,0.854511,19.187681,ok
EES0423792__X30__Y1E__P011.jpg,0.858563,19.407935,ok
EES0423792__X30__Y3F__P012.jpg,0.837140,18.755494,ok
EES0423792__X33__Y18__P013.jpg,0.723315,17.176852,ok
EES0423792__X33__Y24__P014.jpg,0.831069,19.797921,ok
EES0423792__X33__Y27__P015.jpg,0.850932,18.783025,ok
EES0423792__X33__Y36__P016.jpg,0.648823,16.573902,ok
EES0423792__X33__Y39__P017.jpg,0.869008,24.657293,ok
EES0423792__X36__Y1B__P018.jpg,0.829360,22.096312,ok
EES0423792__X36__Y2A__P019.jpg,0.885031,24.034097,ok
EES0423792__X36__Y36__P020.jpg,0.831464,19.618011,ok
EES0423792__X36__Y39__P021.jpg,0.765448,18.351870,ok
EES0423792__X39__Y21__P022.jpg,0.890423,22.335530,ok
EES0423792__X39__Y2A__P023.jpg,0.881809,21.454927,ok
EES0423792__X3C__Y27__P024.jpg,0.884684,22.857696,ok
EES0423792__X3C__Y2A__P025.jpg,0.857010,21.354593,ok
EES0423793__X3F__Y27__P001.jpg,0.789503,18.052412,ok
EES0423793__X0F__Y39__P002.jpg,0.958306,30.312406,ok
EES0423793__X12__Y0C__P003.jpg,0.945714,26.383088,ok
EES0423793__X18__Y09__P004.jpg,0.740151,18.546155,ok
EES0423793__X1E__Y06__P005.jpg,0.833438,18.717846,ok
EES0423793__X1E__Y45__P006.jpg,0.803173,20.962513,ok
EES0423793__X21__Y06__P007.jpg,0.766572,20.855510,ok
EES0423793__X21__Y45__P008.jpg,0.867083,21.747939,ok
EES0423793__X24__Y06__P009.jpg,0.947368,28.823516,ok
EES0423793__X24__Y45__P010.jpg,0.930962,31.268216,ok
EES0423793__X27__Y06__P011.jpg,0.802589,22.296191,ok
EES0423793__X30__Y0C__P012.jpg,0.942076,27.351843,ok
EES0423793__X30__Y1B__P013.jpg,0.884558,20.134694,ok
EES0423793__X30__Y45__P014.jpg,0.901415,22.528150,ok
EES0423793__X33__Y09__P015.jpg,0.895141,23.770974,ok
EES0423793__X33__Y0C__P016.jpg,0.873341,19.844899,ok
EES0423793__X33__Y0F__P017.jpg,0.778434,18.429705,ok
EES0423793__X33__Y1B__P018.jpg,0.864053,18.911619,ok
EES0423793__X33__Y1E__P019.jpg,0.889497,20.077787,ok
EES0423793__X33__Y21__P020.jpg,0.902802,23.323843,ok
EES0423793__X33__Y24__P021.jpg,0.789114,19.236031,ok
EES0423793__X33__Y42__P022.jpg,0.732517,20.871901,ok
EES0423793__X36__Y0C__P023.jpg,0.858452,21.584805,ok
EES0423793__X36__Y0F__P024.jpg,0.746257,18.625689,ok
EES0423793__X36__Y1B__P025.jpg,0.755853,17.941929,ok
EES0423794__X36__Y1E__P001.jpg,0.805432,21.541478,ok
EES0423794__X36__Y21__P002.jpg,0.831502,24.398921,ok
EES0423794__X36__Y24__P003.jpg,0.932967,33.848937,ok
EES0423794__X36__Y27__P004.jpg,0.714856,17.408964,ok
EES0423794__X36__Y42__P005.jpg,0.744441,20.424985,ok
EES0423794__X39__Y0C__P006.jpg,0.723435,17.806220,ok
EES0423794__X39__Y1B__P007.jpg,0.921790,22.461915,ok
EES0423794__X39__Y1E__P008.jpg,0.779859,18.808392,ok
EES0423794__X39__Y21__P009.jpg,0.810751,22.261893,ok
EES0423794__X39__Y24__P010.jpg,0.700541,19.227228,ok
EES0423794__X39__Y27__P011.jpg,0.729439,18.547923,ok
EES0423794__X39__Y3F__P012.jpg,0.946206,30.403052,ok
EES0423794__X3C__Y0F__P013.jpg,0.858082,20.984076,ok
EES0423794__X3C__Y1B__P014.jpg,0.833844,20.585776,ok
EES0423794__X3C__Y39__P015.jpg,0.695912,17.863228,ok
EES0423794__X3F__Y12__P016.jpg,0.777981,19.497517,ok
EES0423794__X3F__Y30__P017.jpg,0.828734,20.844928,ok
EES0423794__X3F__Y33__P018.jpg,0.763445,20.427207,ok
EES0423794__X3F__Y36__P019.jpg,0.944113,32.742428,ok
EES0423794__X42__Y15__P020.jpg,0.944424,28.442276,ok
EES0423794__X42__Y18__P021.jpg,0.955127,28.125493,ok
EES0423794__X42__Y30__P022.jpg,0.796482,19.537216,ok
EES0423794__X42__Y33__P023.jpg,0.772400,18.889857,ok
EES0423794__X42__Y36__P024.jpg,0.707021,18.488854,ok
EES0423794__X03__Y21__P025.jpg,0.734207,18.190596,ok
EES0423795__X24__Y09__P001.jpg,0.841852,18.180417,ok
EES0423795__X24__Y0F__P002.jpg,0.952072,34.270118,ok
EES0423795__X24__Y30__P003.jpg,0.800808,18.773732,ok
EES0423795__X24__Y33__P004.jpg,0.852729,18.288625,ok
EES0423795__X24__Y39__P005.jpg,0.794245,18.818079,ok
EES0423795__X27__Y12__P006.jpg,0.934834,27.730333,ok
EES0423795__X27__Y2D__P007.jpg,0.860248,21.153254,ok
EES0423795__X27__Y3F__P008.jpg,0.873649,19.564444,ok
EES0423795__X2A__Y0C__P009.jpg,0.893247,22.500898,ok
EES0423795__X2A__Y21__P010.jpg,0.879680,21.204814,ok
EES0423795__X2D__Y3F__P011.jpg,0.820594,18.816405,ok
EES0423795__X30__Y3F__P012.jpg,0.887393,19.789267,ok
EES0423795__X33__Y27__P013.jpg,0.873183,19.620497,ok
EES0423795__X33__Y2A__P014.jpg,0.864865,20.839720,ok
EES0423795__X33__Y33__P015.jpg,0.882287,19.930809,ok
EES0423795__X33__Y3C__P016.jpg,0.808079,18.206734,ok
EES0423795__X39__Y2A__P017.jpg,0.867004,19.711049,ok
EES0423795__X39__Y39__P018.jpg,0.886966,22.649156,ok
EES0423795__X3C__Y1B__P019.jpg,0.874594,19.587432,ok
EES0423795__X3C__Y27__P020.jpg,0.853748,19.370690,ok
EES0423795__X3C__Y33__P021.jpg,0.842326,20.864149,ok
EES0423795__X3F__Y15__P022.jpg,0.871318,22.674654,ok
EES0423795__X3F__Y21__P023.jpg,0.915024,22.704242,ok
EES0423795__X3F__Y24__P024.jpg,0.801004,18.840121,ok
EES0423795__X06__Y27__P025.jpg,0.820818,18.550120,ok
EES0423796__X03__Y1E__P001.jpg,0.725985,20.658862,ok
EES0423796__X03__Y30__P002.jpg,0.666815,17.508897,ok
EES0423796__X06__Y18__P003.jpg,0.731537,18.013017,ok
EES0423796__X0C__Y42__P004.jpg,0.683265,17.766209,ok
EES0423796__X12__Y45__P005.jpg,0.726727,17.736483,ok
EES0423796__X18__Y45__P006.jpg,0.868128,21.609567,ok
EES0423796__X1B__Y24__P007.jpg,0.914071,23.110000,ok
EES0423796__X1E__Y09__P008.jpg,0.824955,18.564128,ok
EES0423796__X1E__Y21__P009.jpg,0.694965,17.332445,ok
EES0423796__X21__Y09__P010.jpg,0.916427,22.109364,ok
EES0423796__X21__Y21__P011.jpg,0.798304,19.182446,ok
EES0423796__X21__Y24__P012.jpg,0.827294,18.542093,ok
EES0423796__X21__Y27__P013.jpg,0.885111,22.163997,ok
EES0423796__X24__Y21__P014.jpg,0.768323,17.591174,ok
EES0423796__X24__Y24__P015.jpg,0.842302,19.075306,ok
EES0423796__X24__Y27__P016.jpg,0.708383,17.069960,ok
EES0423796__X27__Y21__P017.jpg,0.653064,16.875295,ok
EES0423796__X27__Y24__P018.jpg,0.909989,25.515130,ok
EES0423796__X27__Y27__P019.jpg,0.786318,18.196093,ok
EES0423796__X2A__Y0C__P020.jpg,0.856166,19.125981,ok
EES0423796__X2A__Y1E__P021.jpg,0.671255,16.728655,ok
EES0423796__X2A__Y21__P022.jpg,0.791366,19.446156,ok
EES0423796__X2A__Y27__P023.jpg,0.734857,17.298209,ok
EES0423796__X2A__Y45__P024.jpg,0.713779,17.176584,ok
EES0423796__X2D__Y0C__P025.jpg,0.670845,17.161819,ok
EES0423797__X3F__Y30__P001.jpg,0.774127,18.997234,ok
EES0423797__X3F__Y33__P002.jpg,0.871514,22.108346,ok
EES0423797__X06__Y24__P003.jpg,0.816688,19.454387,ok
EES0423797__X06__Y27__P004.jpg,0.805020,18.054151,ok
EES0423797__X09__Y15__P005.jpg,0.826766,18.679020,ok
EES0423797__X09__Y18__P006.jpg,0.814807,18.347939,ok
EES0423797__X09__Y1B__P007.jpg,0.765949,17.868185,ok
EES0423797__X09__Y21__P008.jpg,0.792497,19.472967,ok
EES0423797__X09__Y24__P009.jpg,0.779324,18.097979,ok
EES0423797__X09__Y27__P010.jpg,0.877753,24.212476,ok
EES0423797__X09__Y2D__P011.jpg,0.796097,18.152103,ok
EES0423797__X09__Y33__P012.jpg,0.912288,24.836283,ok
EES0423797__X0C__Y24__P013.jpg,0.845570,19.002126,ok
EES0423797__X0C__Y33__P014.jpg,0.897420,23.864271,ok
EES0423797__X0C__Y3C__P015.jpg,0.879410,21.872010,ok
EES0423797__X12__Y0C__P016.jpg,0.889502,22.006012,ok
EES0423797__X12__Y3F__P017.jpg,0.853807,21.000470,ok
EES0423797__X15__Y0C__P018.jpg,0.780326,18.453403,ok
EES0423797__X18__Y09__P019.jpg,0.926983,26.491172,ok
EES0423797__X18__Y0C__P020.jpg,0.832096,18.590825,ok
EES0423797__X1B__Y09__P021.jpg,0.832962,18.823971,ok
EES0423797__X21__Y45__P022.jpg,0.841755,19.738810,ok
EES0423797__X24__Y45__P023.jpg,0.802222,21.933060,ok
EES0423797__X30__Y42__P024.jpg,0.919990,24.447804,ok
EES0423797__X30__Y45__P025.jpg,0.755686,19.130350,ok
EES0423798__X42__Y30__P001.jpg,0.877367,20.139516,ok
EES0423798__X0C__Y15__P002.jpg,0.859716,19.514819,ok
EES0423798__X0C__Y18__P003.jpg,0.784252,20.748252,ok
EES0423798__X0C__Y1B__P004.jpg,0.740595,17.797382,ok
EES0423798__X0F__Y12__P005.jpg,0.795940,20.603961,ok
EES0423798__X0F__Y15__P006.jpg,0.900681,19.370738,ok
EES0423798__X2D__Y0F__P007.jpg,0.841038,21.508108,ok
EES0423798__X30__Y1B__P008.jpg,0.756020,17.904770,ok
EES0423798__X36__Y36__P009.jpg,0.807093,18.884852,ok
EES0423798__X3F__Y12__P010.jpg,0.838943,18.800056,ok
EES0423798__X12__Y42__P011.jpg,0.875847,19.253669,ok
EES0423798__X09__Y2D__P012.jpg,0.841862,19.116813,ok
EES0423798__X09__Y30__P013.jpg,0.916132,22.738988,ok
EES0423798__X09__Y33__P014.jpg,0.872231,19.598827,ok
EES0423798__X0C__Y2D__P015.jpg,0.947243,28.133169,ok
EES0423798__X0C__Y33__P016.jpg,0.819313,20.466337,ok
EES0423798__X0F__Y36__P017.jpg,0.860211,22.637803,ok
EES0423798__X15__Y36__P018.jpg,0.892170,22.561844,ok
EES0423798__X15__Y39__P019.jpg,0.813796,19.114322,ok
EES0423798__X18__Y3C__P020.jpg,0.820704,20.560137,ok
EES0423798__X18__Y42__P021.jpg,0.918987,25.476842,ok
EES0423798__X1B__Y42__P022.jpg,0.913369,22.834952,ok
EES0423798__X1E__Y33__P023.jpg,0.873793,24.521593,ok
EES0423798__X1E__Y39__P024.jpg,0.928532,25.518243,ok
EES0423798__X1E__Y42__P025.jpg,0.913767,25.588964,ok
EES0423799__X0C__Y2A__P001.jpg,0.907283,25.026925,ok
EES0423799__X0C__Y2D__P002.jpg,0.854251,22.862625,ok
EES0423799__X0C__Y30__P003.jpg,0.828854,20.281246,ok
EES0423799__X0C__Y33__P004.jpg,0.840700,19.612939,ok
EES0423799__X0C__Y36__P005.jpg,0.791585,18.770098,ok
EES0423799__X0C__Y39__P006.jpg,0.829839,19.085579,ok
EES0423799__X0C__Y3C__P007.jpg,0.820481,20.657429,ok
EES0423799__X0F__Y1E__P008.jpg,0.913014,23.811680,ok
EES0423799__X0F__Y21__P009.jpg,0.905537,25.848720,ok
EES0423799__X0F__Y27__P010.jpg,0.787951,20.521368,ok
EES0423799__X0F__Y30__P011.jpg,0.860143,21.899640,ok
EES0423799__X0F__Y39__P012.jpg,0.871432,20.866688,ok
EES0423799__X0F__Y3C__P013.jpg,0.757541,18.523369,ok
EES0423799__X0F__Y3F__P014.jpg,0.868021,21.898521,ok
EES0423799__X12__Y1B__P015.jpg,0.798464,19.683684,ok
EES0423799__X12__Y1E__P016.jpg,0.900590,25.424117,ok
EES0423799__X12__Y21__P017.jpg,0.858912,21.382209,ok
EES0423799__X12__Y3F__P018.jpg,0.818692,18.235306,ok
EES0423799__X15__Y1B__P019.jpg,0.831416,22.166648,ok
EES0423799__X15__Y1E__P020.jpg,0.832134,22.083136,ok
EES0423799__X18__Y15__P021.jpg,0.882817,20.176765,ok
EES0423799__X18__Y18__P022.jpg,0.762081,18.833150,ok
EES0423799__X18__Y1B__P023.jpg,0.795491,19.217538,ok
EES0423799__X18__Y2A__P024.jpg,0.917862,25.686462,ok
EES0423799__X18__Y45__P025.jpg,0.953878,30.167370,ok
EES0423800__X1B__Y15__P001.jpg,0.862237,24.239444,ok
EES0423800__X1B__Y18__P002.jpg,0.841637,21.224642,ok
EES0423800__X1B__Y1B__P003.jpg,0.792784,18.529743,ok
EES0423800__X1B__Y45__P004.jpg,0.846647,23.139394,ok
EES0423800__X1E__Y12__P005.jpg,0.819934,20.043101,ok
EES0423800__X1E__Y15__P006.jpg,0.946156,27.482163,ok
EES0423800__X21__Y12__P007.jpg,0.806513,18.736027,ok
EES0423800__X21__Y42__P008.jpg,0.894717,26.868162,ok
EES0423800__X21__Y45__P009.jpg,0.815710,18.378586,ok
EES0423800__X24__Y0C__P010.jpg,0.853106,20.830189,ok
EES0423800__X24__Y0F__P011.jpg,0.830878,22.271249,ok
EES0423800__X24__Y12__P012.jpg,0.860094,21.238247,ok
EES0423800__X27__Y0F__P013.jpg,0.841198,20.732679,ok
EES0423800__X27__Y12__P014.jpg,0.822817,20.853653,ok
EES0423800__X2A__Y0F__P015.jpg,0.817100,19.294771,ok
EES0423800__X2A__Y12__P016.jpg,0.855545,21.170222,ok
EES0423800__X2A__Y45__P017.jpg,0.828935,22.878223,ok
EES0423800__X2D__Y45__P018.jpg,0.849450,20.062777,ok
EES0423800__X30__Y0C__P019.jpg,0.700283,17.305217,ok
EES0423800__X30__Y0F__P020.jpg,0.849683,22.606800,ok
EES0423800__X30__Y45__P021.jpg,0.847050,20.646521,ok
EES0423800__X33__Y0F__P022.jpg,0.833928,21.369613,ok
EES0423800__X36__Y12__P023.jpg,0.877613,22.258372,ok
EES0423800__X36__Y42__P024.jpg,0.866102,22.611203,ok
EES0423800__X39__Y12__P025.jpg,0.789967,19.972041,ok
EES0423801__X06__Y3C__P001.jpg,0.785224,18.500884,ok
EES0423801__X06__Y3F__P002.jpg,0.793098,18.960492,ok
EES0423801__X09__Y3C__P003.jpg,0.920478,19.601818,ok
EES0423801__X21__Y06__P004.jpg,0.663264,16.958191,ok
EES0423801__X24__Y06__P005.jpg,0.828731,20.198070,ok
EES0423801__X27__Y06__P006.jpg,0.642974,17.906137,ok
EES0423801__X2A__Y06__P007.jpg,0.702250,18.553243,ok
EES0423801__X2D__Y06__P008.jpg,0.950203,31.105745,ok
EES0423801__X2D__Y09__P009.jpg,0.884304,21.319783,ok
EES0423801__X30__Y09__P010.jpg,0.821602,19.230861,ok
EES0423801__X30__Y12__P011.jpg,0.862593,20.435572,ok
EES0423801__X33__Y09__P012.jpg,0.857086,21.418774,ok
EES0423801__X33__Y0C__P013.jpg,0.905660,19.278327,ok
EES0423801__X33__Y1B__P014.jpg,0.820517,18.967313,ok
EES0423801__X36__Y0F__P015.jpg,0.849404,21.478868,ok
EES0423801__X36__Y1B__P016.jpg,0.904908,23.563374,ok
EES0423801__X39__Y1B__P017.jpg,0.727052,17.581999,ok
EES0423801__X3F__Y1B__P018.jpg,0.790279,19.556918,ok
EES0423801__X42__Y24__P019.jpg,0.661373,16.921828,ok
EES0423801__X42__Y27__P020.jpg,0.804264,18.567178,ok
EES0423801__X42__Y2A__P021.jpg,0.856883,18.737445,ok
EES0423801__X2A__Y3F__P022.jpg,0.845527,18.802374,ok
EES0423801__X2A__Y42__P023.jpg,0.757584,19.638984,ok
EES0423801__X2D__Y39__P024.jpg,0.828148,20.022066,ok
EES0423801__X2D__Y3F__P025.jpg,0.868398,19.498311,ok
EES0423802__X09__Y24__P001.jpg,0.863412,21.938220,ok
EES0423802__X09__Y27__P002.jpg,0.891288,24.800960,ok
EES0423802__X09__Y2A__P003.jpg,0.801263,19.790980,ok
EES0423802__X09__Y30__P004.jpg,0.762648,18.257568,ok
EES0423802__X09__Y33__P005.jpg,0.716654,17.438284,ok
EES0423802__X0C__Y1B__P006.jpg,0.929355,29.907609,ok
EES0423802__X0C__Y27__P007.jpg,0.859316,21.207017,ok
EES0423802__X0C__Y36__P008.jpg,0.905492,23.745248,ok
EES0423802__X0C__Y39__P009.jpg,0.885809,23.674950,ok
EES0423802__X0F__Y36__P010.jpg,0.823266,20.089832,ok
EES0423802__X0F__Y39__P011.jpg,0.896298,22.592180,ok
EES0423802__X12__Y0C__P012.jpg,0.828703,19.487899,ok
EES0423802__X12__Y0F__P013.jpg,0.840610,21.250742,ok
EES0423802__X12__Y12__P014.jpg,0.850165,23.188793,ok
EES0423802__X15__Y09__P015.jpg,0.789297,18.167787,ok
EES0423802__X15__Y0C__P016.jpg,0.877759,20.161770,ok
EES0423802__X15__Y3F__P017.jpg,0.776464,18.547003,ok
EES0423802__X18__Y09__P018.jpg,0.755586,19.015377,ok
EES0423802__X18__Y0C__P019.jpg,0.928912,26.777591,ok
EES0423802__X1B__Y0C__P020.jpg,0.752008,17.740953,ok
EES0423802__X1B__Y42__P021.jpg,0.942680,29.251109,ok
EES0423802__X1E__Y42__P022.jpg,0.847869,22.196205,ok
EES0423802__X24__Y45__P023.jpg,0.786354,18.419091,ok
EES0423802__X30__Y42__P024.jpg,0.816473,21.128142,ok
EES0423802__X36__Y3F__P025.jpg,0.806454,18.742077,ok
EES0423803__X0F__Y30__P001.jpg,0.861540,19.493519,ok
EES0423803__X12__Y09__P002.jpg,0.808844,19.391673,ok
EES0423803__X18__Y3C__P003.jpg,0.889867,22.388721,ok
EES0423803__X1E__Y3C__P004.jpg,0.908062,21.783789,ok
EES0423803__X1E__Y3F__P005.jpg,0.904127,19.509775,ok
EES0423803__X24__Y3F__P006.jpg,0.866355,24.121843,ok
EES0423803__X39__Y0C__P007.jpg,0.808243,17.951125,ok
EES0423803__X3F__Y33__P008.jpg,0.855688,18.893980,ok
EES0423803__X42__Y1B__P009.jpg,0.850947,21.070464,ok
EES0423803__X42__Y2A__P010.jpg,0.812174,19.842538,ok
EES0423803__X0C__Y2A__P011.jpg,0.807113,18.210560,ok
EES0423803__X12__Y2A__P012.jpg,0.881172,21.703879,ok
EES0423803__X12__Y30__P013.jpg,0.879681,21.761663,ok
EES0423803__X15__Y24__P014.jpg,0.728402,17.654080,ok
EES0423803__X15__Y27__P015.jpg,0.892137,19.441127,ok
EES0423803__X15__Y2A__P016.jpg,0.870526,22.904680,ok
EES0423803__X18__Y24__P017.jpg,0.876232,21.452147,ok
EES0423803__X18__Y27__P018.jpg,0.920287,23.835608,ok
EES0423803__X1B__Y24__P019.jpg,0.802175,20.683472,ok
EES0423803__X1B__Y27__P020.jpg,0.901605,24.555002,ok
EES0423803__X1E__Y21__P021.jpg,0.823166,21.723965,ok
EES0423803__X1E__Y27__P022.jpg,0.889906,21.799742,ok
EES0423803__X1E__Y2A__P023.jpg,0.843417,18.321889,ok
EES0423803__X1E__Y2D__P024.jpg,0.872860,20.912276,ok
EES0423803__X1E__Y36__P025.jpg,0.861192,21.321815,ok
EES0423804__X15__Y36__P001.jpg,0.796454,18.590503,ok
EES0423804__X18__Y0C__P002.jpg,0.843040,19.679694,ok
EES0423804__X18__Y0F__P003.jpg,0.907873,21.541950,ok
EES0423804__X18__Y18__P004.jpg,0.891190,21.198952,ok
EES0423804__X18__Y1B__P005.jpg,0.842348,21.656383,ok
EES0423804__X18__Y1E__P006.jpg,0.842191,21.081275,ok
EES0423804__X18__Y21__P007.jpg,0.828267,20.201970,ok
EES0423804__X18__Y27__P008.jpg,0.929170,24.725612,ok
EES0423804__X1B__Y09__P009.jpg,0.841650,18.957095,ok
EES0423804__X1B__Y0C__P010.jpg,0.859971,18.412707,ok
EES0423804__X1B__Y0F__P011.jpg,0.908488,23.118713,ok
EES0423804__X1B__Y12__P012.jpg,0.873094,21.103871,ok
EES0423804__X1B__Y18__P013.jpg,0.855958,22.120467,ok
EES0423804__X1B__Y1B__P014.jpg,0.793292,18.623002,ok
EES0423804__X1B__Y1E__P015.jpg,0.878762,20.907035,ok
EES0423804__X1B__Y21__P016.jpg,0.815403,18.757092,ok
EES0423804__X1B__Y24__P017.jpg,0.720851,18.237528,ok
EES0423804__X1B__Y27__P018.jpg,0.805463,20.372066,ok
EES0423804__X1B__Y39__P019.jpg,0.889572,21.345954,ok
EES0423804__X1E__Y09__P020.jpg,0.860632,20.473329,ok
EES0423804__X1E__Y0C__P021.jpg,0.786723,18.886039,ok
EES0423804__X1E__Y12__P022.jpg,0.798402,18.591765,ok
EES0423804__X1E__Y15__P023.jpg,0.901862,23.049294,ok
EES0423804__X1E__Y18__P024.jpg,0.830582,21.979350,ok
EES0423804__X1E__Y1B__P025.jpg,0.923474,25.301208,ok
EES0423805__X36__Y36__P001.jpg,0.882386,21.092465,ok
EES0423805__X39__Y18__P002.jpg,0.836361,20.591021,ok
EES0423805__X39__Y1E__P003.jpg,0.904435,22.404573,ok
EES0423805__X39__Y30__P004.jpg,0.785087,19.037650,ok
EES0423805__X3C__Y1B__P005.jpg,0.786286,19.742682,ok
EES0423805__X3C__Y30__P006.jpg,0.816048,20.614536,ok
EES0423805__X3F__Y24__P007.jpg,0.931721,23.836419,ok
EES0423805__X09__Y15__P008.jpg,0.929359,24.565658,ok
EES0423805__X09__Y33__P009.jpg,0.824850,19.723627,ok
EES0423805__X0C__Y33__P010.jpg,0.714987,17.440447,ok
EES0423805__X12__Y3C__P011.jpg,0.753311,18.203835,ok
EES0423805__X18__Y06__P012.jpg,0.851772,18.543616,ok
EES0423805__X18__Y3C__P013.jpg,0.904649,23.661719,ok
EES0423805__X18__Y3F__P014.jpg,0.885980,20.821883,ok
EES0423805__X1E__Y03__P015.jpg,0.956334,25.115039,ok
EES0423805__X1E__Y42__P016.jpg,0.889298,19.479777,ok
EES0423805__X21__Y42__P017.jpg,0.855823,20.194809,ok
EES0423805__X24__Y42__P018.jpg,0.966040,27.763999,ok
EES0423805__X27__Y42__P019.jpg,0.873296,20.917445,ok
EES0423805__X2A__Y03__P020.jpg,0.852169,19.867958,ok
EES0423805__X2A__Y42__P021.jpg,0.881411,22.055329,ok
EES0423805__X2D__Y03__P022.jpg,0.832759,19.993831,ok
EES0423805__X30__Y03__P023.jpg,0.938688,24.421214,ok
EES0423805__X33__Y03__P024.jpg,0.745637,18.290692,ok
EES0423805__X33__Y06__P025.jpg,0.760334,18.457408,ok
EES0423806__X1E__Y1B__P001.jpg,0.803307,18.676353,ok
EES0423806__X1E__Y27__P002.jpg,0.810261,17.712476,ok
EES0423806__X1E__Y2A__P003.jpg,0.800050,18.368949,ok
EES0423806__X1E__Y33__P004.jpg,0.834762,20.629763,ok
EES0423806__X1E__Y3F__P005.jpg,0.844141,20.510939,ok
EES0423806__X21__Y15__P006.jpg,0.873436,19.904203,ok
EES0423806__X21__Y18__P007.jpg,0.788663,18.089158,ok
EES0423806__X2D__Y0F__P008.jpg,0.785286,18.620096,ok
EES0423806__X2D__Y12__P009.jpg,0.814584,18.611912,ok
EES0423806__X2D__Y15__P010.jpg,0.865164,19.621851,ok
EES0423806__X2D__Y18__P011.jpg,0.877530,22.322307,ok
EES0423806__X30__Y06__P012.jpg,0.735290,17.071351,ok
EES0423806__X30__Y09__P013.jpg,0.798441,19.811002,ok
EES0423806__X30__Y0C__P014.jpg,0.711890,17.221069,ok
EES0423806__X30__Y0F__P015.jpg,0.875753,19.116233,ok
EES0423806__X30__Y1B__P016.jpg,0.776464,18.617108,ok
EES0423806__X30__Y1E__P017.jpg,0.727039,17.107551,ok
EES0423806__X30__Y27__P018.jpg,0.796487,19.495843,ok
EES0423806__X30__Y2A__P019.jpg,0.851149,20.487723,ok
EES0423806__X30__Y33__P020.jpg,0.804614,18.268546,ok
EES0423806__X30__Y36__P021.jpg,0.803581,19.306915,ok
EES0423806__X33__Y09__P022.jpg,0.787951,18.718401,ok
EES0423806__X33__Y0C__P023.jpg,0.732210,17.384533,ok
EES0423806__X33__Y36__P024.jpg,0.804502,18.797495,ok
EES0423806__X36__Y0C__P025.jpg,0.788512,18.387127,ok
EES0423807__X09__Y1E__P001.jpg,0.795114,18.744399,ok
EES0423807__X09__Y21__P002.jpg,0.893881,20.591583,ok
EES0423807__X09__Y27__P003.jpg,0.795268,18.443638,ok
EES0423807__X09__Y2A__P004.jpg,0.871669,20.779944,ok
EES0423807__X09__Y2D__P005.jpg,0.807409,18.860633,ok
EES0423807__X09__Y30__P006.jpg,0.823182,20.348235,ok
EES0423807__X09__Y33__P007.jpg,0.918491,21.789349,ok
EES0423807__X09__Y36__P008.jpg,0.934923,23.603359,ok
EES0423807__X09__Y45__P009.jpg,0.797047,18.805795,ok
EES0423807__X0C__Y0F__P010.jpg,0.726765,17.816421,ok
EES0423807__X0C__Y12__P011.jpg,0.850010,20.264805,ok
EES0423807__X0C__Y18__P012.jpg,0.824191,19.948503,ok
EES0423807__X0C__Y1B__P013.jpg,0.816314,19.903279,ok
EES0423807__X0C__Y1E__P014.jpg,0.838435,18.933763,ok
EES0423807__X0C__Y21__P015.jpg,0.828772,19.751832,ok
EES0423807__X0C__Y30__P016.jpg,0.792383,19.395421,ok
EES0423807__X0C__Y33__P017.jpg,0.974299,28.517645,ok
EES0423807__X0C__Y36__P018.jpg,0.783951,18.828136,ok
EES0423807__X0C__Y39__P019.jpg,0.756542,17.641149,ok
EES0423807__X0F__Y0F__P020.jpg,0.864766,20.823112,ok
EES0423807__X0F__Y12__P021.jpg,0.802312,19.444112,ok
EES0423807__X0F__Y15__P022.jpg,0.827991,18.810312,ok
EES0423807__X0F__Y36__P023.jpg,0.951759,22.871816,ok
EES0423807__X0F__Y3C__P024.jpg,0.902313,21.439406,ok
EES0423807__X12__Y0C__P025.jpg,0.774374,17.703452,ok
EES0423808__X12__Y3F__P001.jpg,0.812332,19.420214,ok
EES0423808__X15__Y0C__P002.jpg,0.934260,24.351844,ok
EES0423808__X15__Y0F__P003.jpg,0.863012,22.408387,ok
EES0423808__X15__Y12__P004.jpg,0.819434,20.260414,ok
EES0423808__X15__Y3F__P005.jpg,0.871833,21.333304,ok
EES0423808__X18__Y09__P006.jpg,0.866981,21.391769,ok
EES0423808__X18__Y0C__P007.jpg,0.795087,18.459369,ok
EES0423808__X18__Y42__P008.jpg,0.868996,20.896903,ok
EES0423808__X1B__Y06__P009.jpg,0.868963,21.732682,ok
EES0423808__X1B__Y09__P010.jpg,0.775139,18.111250,ok
EES0423808__X1B__Y0C__P011.jpg,0.848496,21.574057,ok
EES0423808__X1E__Y06__P012.jpg,0.706277,17.931184,ok
EES0423808__X1E__Y09__P013.jpg,0.912657,23.026646,ok
EES0423808__X1E__Y45__P014.jpg,0.966853,30.961278,ok
EES0423808__X21__Y06__P015.jpg,0.907612,25.414014,ok
EES0423808__X21__Y09__P016.jpg,0.883817,20.503535,ok
EES0423808__X21__Y45__P017.jpg,0.900244,21.676552,ok
EES0423808__X24__Y45__P018.jpg,0.859668,20.585733,ok
EES0423808__X27__Y06__P019.jpg,0.891586,21.654853,ok
EES0423808__X27__Y45__P020.jpg,0.853966,21.782918,ok
EES0423808__X2A__Y06__P021.jpg,0.827206,19.538749,ok
EES0423808__X2A__Y45__P022.jpg,0.759541,18.242741,ok
EES0423808__X2D__Y45__P023.jpg,0.888706,19.731956,ok
EES0423808__X30__Y42__P024.jpg,0.789009,18.465047,ok
EES0423808__X33__Y09__P025.jpg,0.911155,22.824814,ok
EES0423809__X15__Y1B__P001.jpg,0.914311,20.789979,ok
EES0423809__X15__Y1E__P002.jpg,0.915255,22.634709,ok
EES0423809__X18__Y0F__P003.jpg,0.818729,18.485362,ok
EES0423809__X18__Y12__P004.jpg,0.904018,22.980539,ok
EES0423809__X18__Y18__P005.jpg,0.831016,18.786511,ok
EES0423809__X1B__Y0C__P006.jpg,0.886364,22.436984,ok
EES0423809__X1B__Y0F__P007.jpg,0.757064,18.003100,ok
EES0423809__X1B__Y12__P008.jpg,0.763184,17.434159,ok
EES0423809__X1B__Y15__P009.jpg,0.833759,20.196390,ok
EES0423809__X1B__Y18__P010.jpg,0.882409,22.572846,ok
EES0423809__X1B__Y1B__P011.jpg,0.771341,17.641492,ok
EES0423809__X1E__Y09__P012.jpg,0.895000,20.757148,ok
EES0423809__X1E__Y0C__P013.jpg,0.795258,18.233723,ok
EES0423809__X1E__Y0F__P014.jpg,0.758546,17.321432,ok
EES0423809__X1E__Y42__P015.jpg,0.777435,18.262683,ok
EES0423809__X21__Y09__P016.jpg,0.713457,17.042334,ok
EES0423809__X21__Y0C__P017.jpg,0.890819,22.168970,ok
EES0423809__X21__Y0F__P018.jpg,0.913389,23.643861,ok
EES0423809__X21__Y12__P019.jpg,0.786171,18.785195,ok
EES0423809__X21__Y15__P020.jpg,0.851699,20.405585,ok
EES0423809__X24__Y09__P021.jpg,0.792430,17.955343,ok
EES0423809__X24__Y0C__P022.jpg,0.867805,20.656209,ok
EES0423809__X24__Y0F__P023.jpg,0.845331,20.085267,ok
EES0423809__X27__Y09__P024.jpg,0.766851,19.293933,ok
EES0423809__X27__Y0C__P025.jpg,0.831399,19.612933,ok
EES0423810__X0C__Y27__P001.jpg,0.863071,21.538176,ok
EES0423810__X0C__Y2A__P002.jpg,0.852747,20.990329,ok
EES0423810__X0C__Y2D__P003.jpg,0.796172,18.418230,ok
EES0423810__X0C__Y30__P004.jpg,0.748437,18.036216,ok
EES0423810__X0F__Y15__P005.jpg,0.778131,17.579396,ok
EES0423810__X0F__Y18__P006.jpg,0.799166,20.008078,ok
EES0423810__X0F__Y1B__P007.jpg,0.807766,18.953793,ok
EES0423810__X12__Y0F__P008.jpg,0.754067,17.572169,ok
EES0423810__X12__Y12__P009.jpg,0.858186,18.861670,ok
EES0423810__X12__Y15__P010.jpg,0.743437,17.120691,ok
EES0423810__X12__Y18__P011.jpg,0.788260,18.433389,ok
EES0423810__X12__Y1B__P012.jpg,0.818447,19.000058,ok
EES0423810__X12__Y39__P013.jpg,0.896748,21.221478,ok
EES0423810__X15__Y0C__P014.jpg,0.750907,17.558065,ok
EES0423810__X15__Y0F__P015.jpg,0.943587,24.676595,ok
EES0423810__X15__Y12__P016.jpg,0.845842,21.609693,ok
EES0423810__X15__Y15__P017.jpg,0.849177,21.499866,ok
EES0423810__X15__Y1B__P018.jpg,0.855615,22.043632,ok
EES0423810__X15__Y21__P019.jpg,0.882383,21.574133,ok
EES0423810__X15__Y3C__P020.jpg,0.814470,19.254986,ok
EES0423810__X18__Y0C__P021.jpg,0.761254,18.038422,ok
EES0423810__X18__Y0F__P022.jpg,0.825660,22.223795,ok
EES0423810__X18__Y12__P023.jpg,0.820668,18.637747,ok
EES0423810__X18__Y1B__P024.jpg,0.892467,21.222405,ok
EES0423810__X18__Y27__P025.jpg,0.835399,19.846674,ok
