filename,ssim,psnr,status
EES0423671__X12__Y15__P001.jpg,0.743110,19.674690,ok
EES0423671__X12__Y18__P002.jpg,0.747925,18.432597,ok
EES0423671__X12__Y1B__P003.jpg,0.759139,17.451005,ok
EES0423671__X12__Y2A__P004.jpg,0.757970,18.052388,ok
EES0423671__X12__Y2D__P005.jpg,0.700715,18.284044,ok
EES0423671__X15__Y12__P006.jpg,0.818913,19.237187,ok
EES0423671__X15__Y15__P007.jpg,0.724411,18.279547,ok
EES0423671__X15__Y18__P008.jpg,0.791008,19.208350,ok
EES0423671__X15__Y1B__P009.jpg,0.809521,19.880661,ok
EES0423671__X15__Y1E__P010.jpg,0.745924,17.306372,ok
EES0423671__X15__Y21__P011.jpg,0.754558,18.024971,ok
EES0423671__X15__Y27__P012.jpg,0.723589,18.955845,ok
EES0423671__X15__Y2D__P013.jpg,0.828114,19.063445,ok
EES0423671__X15__Y30__P014.jpg,0.772310,19.893912,ok
EES0423671__X18__Y15__P015.jpg,0.680940,17.268279,ok
EES0423671__X18__Y18__P016.jpg,0.794321,18.398191,ok
EES0423671__X18__Y1E__P017.jpg,0.790067,18.518048,ok
EES0423671__X18__Y21__P018.jpg,0.819265,18.051667,ok
EES0423671__X18__Y24__P019.jpg,0.839708,19.648318,ok
EES0423671__X18__Y27__P020.jpg,0.818550,20.437703,ok
EES0423671__X18__Y2A__P021.jpg,0.750981,18.412672,ok
EES0423671__X18__Y2D__P022.jpg,0.758749,19.637014,ok
EES0423671__X18__Y30__P023.jpg,0.725049,17.004608,ok
EES0423671__X18__Y33__P024.jpg,0.762343,17.503165,ok
EES0423671__X1B__Y09__P025.jpg,0.828096,18.988305,ok
EES0423672__X1B__Y18__P001.jpg,0.724800,17.114219,ok
EES0423672__X1B__Y1B__P002.jpg,0.799957,19.132942,ok
EES0423672__X1B__Y1E__P003.jpg,0.802187,18.530160,ok
EES0423672__X1B__Y21__P004.jpg,0.776248,19.231688,ok
EES0423672__X1B__Y24__P005.jpg,0.765983,19.318855,ok
EES0423672__X1B__Y27__P006.jpg,0.718770,18.780180,ok
EES0423672__X1B__Y30__P007.jpg,0.790987,18.194558,ok
EES0423672__X1B__Y33__P008.jpg,0.784253,18.889209,ok
EES0423672__X1B__Y36__P009.jpg,0.719747,17.408554,ok
EES0423672__X1E__Y15__P010.jpg,0.772962,18.281731,ok
EES0423672__X1E__Y18__P011.jpg,0.783469,17.893032,ok
EES0423672__X1E__Y21__P012.jpg,0.789073,18.162214,ok
EES0423672__X1E__Y24__P013.jpg,0.771127,17.792213,ok
EES0423672__X1E__Y27__P014.jpg,0.750663,17.549792,ok
EES0423672__X1E__Y30__P015.jpg,0.735776,19.964639,ok
EES0423672__X1E__Y33__P016.jpg,0.813717,19.444301,ok
EES0423672__X1E__Y36__P017.jpg,0.781657,19.148389,ok
EES0423672__X1E__Y39__P018.jpg,0.748735,17.636746,ok
EES0423672__X21__Y0C__P019.jpg,0.732934,18.089254,ok
EES0423672__X21__Y33__P020.jpg,0.748673,18.991459,ok
EES0423672__X21__Y36__P021.jpg,0.791172,18.921741,ok
EES0423672__X21__Y39__P022.jpg,0.727981,18.584202,ok
EES0423672__X24__Y06__P023.jpg,0.725542,18.803307,ok
EES0423672__X24__Y09__P024.jpg,0.843415,20.672143,ok
EES0423672__X24__Y0C__P025.jpg,0.795709,19.103395,ok
EES0423673__X24__Y36__P001.jpg,0.849253,23.314681,ok
EES0423673__X24__Y39__P002.jpg,0.840127,24.543331,ok
EES0423673__X27__Y0C__P003.jpg,0.924184,31.892123,ok
EES0423673__X27__Y2D__P004.jpg,0.834319,24.367126,ok
EES0423673__X27__Y30__P005.jpg,0.909769,24.747529,ok
EES0423673__X27__Y33__P006.jpg,0.853223,21.716241,ok
EES0423673__X27__Y39__P007.jpg,0.724029,17.103509,ok
EES0423673__X2A__Y33__P008.jpg,0.759253,17.838401,ok
EES0423673__X33__Y09__P009.jpg,0.777862,18.364451,ok
EES0423673__X39__Y21__P010.jpg,0.761196,19.166967,ok
EES0423673__X39__Y24__P011.jpg,0.810262,19.727651,ok
EES0423673__X42__Y27__P012.jpg,0.780277,17.797244,ok
EES0423673__X06__Y09__P013.jpg,0.781224,17.832160,ok
EES0423673__X09__Y1E__P014.jpg,0.799237,21.601002,ok
EES0423673__X09__Y21__P015.jpg,0.743608,19.990546,ok
EES0423673__X09__Y27__P016.jpg,0.742463,17.574404,ok
EES0423673__X0C__Y12__P017.jpg,0.791008,18.663826,ok
EES0423673__X0C__Y15__P018.jpg,0.838671,22.623116,ok
EES0423673__X0C__Y2D__P019.jpg,0.880499,24.177662,ok
EES0423673__X0C__Y30__P020.jpg,0.782881,19.894563,ok
EES0423673__X0F__Y0C__P021.jpg,0.724977,17.253420,ok
EES0423673__X0F__Y0F__P022.jpg,0.855102,22.585945,ok
EES0423673__X0F__Y33__P023.jpg,0.795066,21.421366,ok
EES0423673__X12__Y09__P024.jpg,0.712903,16.843981,ok
EES0423673__X12__Y36__P025.jpg,0.812198,22.965757,ok
EES0423674__X45__Y2D__P001.jpg,0.883413,25.452838,ok
EES0423674__X45__Y30__P002.jpg,0.870041,18.432627,ok
EES0423674__X0F__Y1B__P003.jpg,0.868007,18.270232,ok
EES0423674__X0F__Y24__P004.jpg,0.856763,19.163593,ok
EES0423674__X12__Y27__P005.jpg,0.824596,19.158248,ok
EES0423674__X18__Y06__P006.jpg,0.929025,30.616825,ok
EES0423674__X1B__Y06__P007.jpg,0.853333,20.919680,ok
EES0423674__X1B__Y36__P008.jpg,0.846431,24.872288,ok
EES0423674__X1E__Y06__P009.jpg,0.826754,18.753813,ok
EES0423674__X1E__Y33__P010.jpg,0.867264,18.965080,ok
EES0423674__X21__Y36__P011.jpg,0.831924,19.613966,ok
EES0423674__X21__Y3C__P012.jpg,0.828545,18.312725,ok
EES0423674__X2D__Y06__P013.jpg,0.846488,18.222530,ok
EES0423674__X39__Y3C__P014.jpg,0.797389,17.656422,ok
EES0423674__X0F__Y18__P015.jpg,0.915084,24.922348,ok
EES0423674__X0F__Y21__P016.jpg,0.916176,27.053324,ok
EES0423674__X0F__Y24__P017.jpg,0.839708,18.825024,ok
EES0423674__X0F__Y27__P018.jpg,0.910840,27.007372,ok
EES0423674__X15__Y36__P019.jpg,0.825093,20.575646,ok
EES0423674__X1E__Y06__P020.jpg,0.829970,18.705790,ok
EES0423674__X27__Y3F__P021.jpg,0.917881,22.654557,ok
EES0423674__X33__Y3F__P022.jpg,0.849939,19.031814,ok
EES0423674__X39__Y09__P023.jpg,0.837402,18.065306,ok
EES0423674__X3C__Y0C__P024.jpg,0.850713,18.355662,ok
EES0423674__X42__Y12__P025.jpg,0.815528,18.010571,ok
EES0423675__X42__Y36__P001.jpg,0.800287,19.628321,ok
EES0423675__X48__Y1B__P002.jpg,0.895570,24.245305,ok
EES0423675__X06__Y1E__P003.jpg,0.792135,18.192873,ok
EES0423675__X06__Y21__P004.jpg,0.726753,18.598944,ok
EES0423675__X06__Y24__P005.jpg,0.788610,20.380133,ok
EES0423675__X06__Y27__P006.jpg,0.732189,18.891222,ok
EES0423675__X09__Y18__P007.jpg,0.817659,19.069479,ok
EES0423675__X09__Y1B__P008.jpg,0.849836,22.804701,ok
EES0423675__X09__Y2A__P009.jpg,0.858074,20.737752,ok
EES0423675__X09__Y2D__P010.jpg,0.881994,20.058282,ok
EES0423675__X0C__Y12__P011.jpg,0.930315,27.797799,ok
EES0423675__X0C__Y15__P012.jpg,0.866347,21.015184,ok
EES0423675__X0C__Y18__P013.jpg,0.880295,22.472102,ok
EES0423675__X0C__Y33__P014.jpg,0.853082,19.113291,ok
EES0423675__X0F__Y0F__P015.jpg,0.745503,18.039170,ok
EES0423675__X15__Y3C__P016.jpg,0.908313,20.148053,ok
EES0423675__X1E__Y03__P017.jpg,0.898975,26.680022,ok
EES0423675__X1E__Y3F__P018.jpg,0.922365,31.698149,ok
EES0423675__X21__Y03__P019.jpg,0.802872,21.279849,ok
EES0423675__X27__Y03__P020.jpg,0.828730,21.222867,ok
EES0423675__X2A__Y03__P021.jpg,0.838348,21.660458,ok
EES0423675__X2A__Y3F__P022.jpg,0.808501,17.943599,ok
EES0423675__X2D__Y03__P023.jpg,0.840605,22.569218,ok
EES0423675__X2D__Y3F__P024.jpg,0.872308,22.254281,ok
EES0423675__X30__Y3F__P025.jpg,0.833172,22.843706,ok
EES0423676__X33__Y3C__P001.jpg,0.887022,24.917890,ok
EES0423676__X36__Y09__P002.jpg,0.852196,24.308018,ok
EES0423676__X36__Y3C__P003.jpg,0.851118,20.726807,ok
EES0423676__X39__Y0C__P004.jpg,0.814003,18.778828,ok
EES0423676__X39__Y39__P005.jpg,0.868490,21.314303,ok
EES0423676__X3C__Y0C__P006.jpg,0.919335,25.874561,ok
EES0423676__X3C__Y0F__P007.jpg,0.809473,21.245637,ok
EES0423676__X3C__Y33__P008.jpg,0.905016,22.026212,ok
EES0423676__X3C__Y36__P009.jpg,0.840512,20.954155,ok
EES0423676__X3F__Y0F__P010.jpg,0.836809,20.285777,ok
EES0423676__X3F__Y12__P011.jpg,0.820745,18.386591,ok
EES0423676__X3F__Y2D__P012.jpg,0.860706,21.366176,ok
EES0423676__X3F__Y30__P013.jpg,0.789743,19.600347,ok
EES0423676__X42__Y0F__P014.jpg,0.787755,18.191255,ok
EES0423676__X42__Y15__P015.jpg,0.881694,22.718944,ok
EES0423676__X42__Y18__P016.jpg,0.845512,19.512538,ok
EES0423676__X42__Y1B__P017.jpg,0.787551,18.004390,ok
EES0423676__X42__Y1E__P018.jpg,0.827641,19.836862,ok
EES0423676__X42__Y21__P019.jpg,0.843105,22.138131,ok
EES0423676__X42__Y24__P020.jpg,0.818962,18.594198,ok
EES0423676__X42__Y27__P021.jpg,0.808062,19.045410,ok
EES0423676__X42__Y2A__P022.jpg,0.935499,28.280382,ok
EES0423676__X45__Y18__P023.jpg,0.814657,19.082393,ok
EES0423676__X0F__Y24__P024.jpg,0.865849,24.521675,ok
EES0423676__X1E__Y3C__P025.jpg,0.804052,20.705064,ok
EES0423677__X21__Y0C__P001.jpg,0.654947,16.316416,ok
EES0423677__X2A__Y2D__P002.jpg,0.723772,17.775373,ok
EES0423677__X33__Y09__P003.jpg,0.718302,17.736466,ok
EES0423677__X36__Y3F__P004.jpg,0.849494,19.940843,ok
EES0423677__X39__Y1B__P005.jpg,0.800769,18.380046,ok
EES0423677__X3C__Y0F__P006.jpg,0.842110,19.675339,ok
EES0423677__X3F__Y12__P007.jpg,0.839374,19.437282,ok
EES0423677__X12__Y1B__P008.jpg,0.703314,17.200194,ok
EES0423677__X15__Y18__P009.jpg,0.773081,18.043725,ok
EES0423677__X15__Y1B__P010.jpg,0.851152,18.113858,ok
EES0423677__X15__Y2D__P011.jpg,0.767806,18.668516,ok
EES0423677__X18__Y21__P012.jpg,0.778927,17.393280,ok
EES0423677__X18__Y24__P013.jpg,0.708993,17.542382,ok
EES0423677__X18__Y33__P014.jpg,0.741249,19.002493,ok
EES0423677__X1B__Y21__P015.jpg,0.790963,19.348723,ok
EES0423677__X1B__Y24__P016.jpg,0.762159,19.228547,ok
EES0423677__X1B__Y27__P017.jpg,0.716549,16.997482,ok
EES0423677__X1E__Y12__P018.jpg,0.668628,16.494349,ok
EES0423677__X1E__Y24__P019.jpg,0.788716,18.376197,ok
EES0423677__X1E__Y39__P020.jpg,0.796836,19.659914,ok
EES0423677__X1E__Y3C__P021.jpg,0.760236,17.309648,ok
EES0423677__X21__Y33__P022.jpg,0.914855,25.456840,ok
EES0423677__X21__Y39__P023.jpg,0.898004,24.757437,ok
EES0423677__X24__Y3F__P024.jpg,0.714040,17.138928,ok
EES0423677__X27__Y09__P025.jpg,0.790943,19.197855,ok
EES0423678__X27__Y39__P001.jpg,0.922883,29.067654,ok
EES0423678__X27__Y3F__P002.jpg,0.857573,22.903092,ok
EES0423678__X2A__Y18__P003.jpg,0.859629,23.991150,ok
EES0423678__X2A__Y3C__P004.jpg,0.808952,19.771242,ok
EES0423678__X30__Y09__P005.jpg,0.896046,23.413747,ok
EES0423678__X30__Y12__P006.jpg,0.792367,19.157971,ok
EES0423678__X30__Y3F__P007.jpg,0.836214,20.789822,ok
EES0423678__X33__Y33__P008.jpg,0.889193,21.774572,ok
EES0423678__X33__Y3C__P009.jpg,0.816724,20.395177,ok
EES0423678__X3C__Y1E__P010.jpg,0.705119,18.300672,ok
EES0423678__X3C__Y27__P011.jpg,0.711063,18.270233,ok
EES0423678__X3C__Y30__P012.jpg,0.917000,23.771960,ok
EES0423678__X3F__Y2A__P013.jpg,0.828965,18.333830,ok
EES0423678__X42__Y21__P014.jpg,0.793652,19.009728,ok
EES0423678__X45__Y21__P015.jpg,0.740722,18.531023,ok
EES0423678__X0F__Y1B__P016.jpg,0.765796,19.045975,ok
EES0423678__X0F__Y1E__P017.jpg,0.823572,19.422140,ok
EES0423678__X0F__Y21__P018.jpg,0.776390,18.342886,ok
EES0423678__X0F__Y24__P019.jpg,0.652618,16.887306,ok
EES0423678__X0F__Y27__P020.jpg,0.806732,20.841500,ok
EES0423678__X0F__Y2A__P021.jpg,0.784485,18.368928,ok
EES0423678__X12__Y12__P022.jpg,0.904269,25.616820,ok
EES0423678__X12__Y15__P023.jpg,0.752727,18.348875,ok
EES0423678__X12__Y18__P024.jpg,0.862806,19.799541,ok
EES0423678__X12__Y1B__P025.jpg,0.741471,19.575563,ok
EES0423679__X27__Y06__P001.jpg,0.873440,21.886947,ok
EES0423679__X2A__Y06__P002.jpg,0.727005,17.972117,ok
EES0423679__X2D__Y06__P003.jpg,0.910815,26.616593,ok
EES0423679__X30__Y06__P004.jpg,0.731521,17.773501,ok
EES0423679__X33__Y3F__P005.jpg,0.881249,25.983714,ok
EES0423679__X36__Y03__P006.jpg,0.780883,21.643992,ok
EES0423679__X36__Y09__P007.jpg,0.924480,24.408787,ok
EES0423679__X39__Y09__P008.jpg,0.909570,26.381608,ok
EES0423679__X39__Y3C__P009.jpg,0.829570,19.506367,ok
EES0423679__X42__Y12__P010.jpg,0.833016,21.663697,ok
EES0423679__X45__Y15__P011.jpg,0.889001,19.952330,ok
EES0423679__X45__Y30__P012.jpg,0.814026,18.989731,ok
EES0423679__X45__Y45__P013.jpg,0.726756,18.306056,ok
EES0423679__X48__Y18__P014.jpg,0.856417,24.408674,ok
EES0423679__X48__Y1B__P015.jpg,0.900308,25.583658,ok
EES0423679__X48__Y1E__P016.jpg,0.921795,23.132515,ok
EES0423679__X48__Y21__P017.jpg,0.801496,19.809287,ok
EES0423679__X48__Y24__P018.jpg,0.857482,20.569838,ok
EES0423679__X48__Y27__P019.jpg,0.908356,25.432270,ok
EES0423679__X48__Y2A__P020.jpg,0.823475,20.573883,ok
EES0423679__X0F__Y1B__P021.jpg,0.832591,18.820628,ok
EES0423679__X0F__Y2A__P022.jpg,0.799380,21.125182,ok
EES0423679__X0F__Y2D__P023.jpg,0.900895,26.921592,ok
EES0423679__X12__Y12__P024.jpg,0.935216,25.377231,ok
EES0423679__X12__Y15__P025.jpg,0.859716,20.923731,ok
EES0423680__X12__Y18__P001.jpg,0.775344,18.931069,ok
EES0423680__X12__Y1B__P002.jpg,0.696239,16.485512,ok
EES0423680__X12__Y1E__P003.jpg,0.892564,24.700718,ok
EES0423680__X12__Y24__P004.jpg,0.837985,18.326707,ok
EES0423680__X12__Y27__P005.jpg,0.746552,18.921811,ok
EES0423680__X12__Y30__P006.jpg,0.848871,22.155854,ok
EES0423680__X12__Y36__P007.jpg,0.727281,17.385512,ok
EES0423680__X15__Y12__P008.jpg,0.752574,18.679288,ok
EES0423680__X15__Y18__P009.jpg,0.758529,18.342521,ok
EES0423680__X15__Y1B__P010.jpg,0.716412,17.722665,ok
EES0423680__X15__Y21__P011.jpg,0.852995,20.835139,ok
EES0423680__X15__Y27__P012.jpg,0.805488,18.838761,ok
EES0423680__X15__Y30__P013.jpg,0.702731,16.671218,ok
EES0423680__X15__Y33__P014.jpg,0.762702,17.939768,ok
EES0423680__X15__Y36__P015.jpg,0.724439,18.650412,ok
EES0423680__X18__Y0F__P016.jpg,0.682419,16.769882,ok
EES0423680__X18__Y1E__P017.jpg,0.741901,17.691311,ok
EES0423680__X18__Y21__P018.jpg,0.671366,17.313406,ok
EES0423680__X18__Y33__P019.jpg,0.722287,17.758199,ok
EES0423680__X18__Y36__P020.jpg,0.913530,27.043470,ok
EES0423680__X18__Y39__P021.jpg,0.754303,18.369706,ok
EES0423680__X1B__Y0C__P022.jpg,0.812717,19.437611,ok
EES0423680__X1B__Y36__P023.jpg,0.688085,16.628911,ok
EES0423680__X1B__Y39__P024.jpg,0.880740,20.365835,ok
EES0423680__X1E__Y09__P025.jpg,0.706848,16.948289,ok
EES0423681__X1E__Y33__P001.jpg,0.724391,18.571036,ok
EES0423681__X1E__Y3C__P002.jpg,0.793726,21.068029,ok
EES0423681__X21__Y3C__P003.jpg,0.651896,16.762970,ok
EES0423681__X24__Y3F__P004.jpg,0.736771,17.321313,ok
EES0423681__X27__Y3F__P005.jpg,0.813713,20.812918,ok
EES0423681__X2A__Y09__P006.jpg,0.761403,18.410243,ok
EES0423681__X2A__Y3F__P007.jpg,0.794260,18.174655,ok
EES0423681__X2D__Y3C__P008.jpg,0.784458,17.629285,ok
EES0423681__X2D__Y3F__P009.jpg,0.904714,23.009808,ok
EES0423681__X30__Y09__P010.jpg,0.835555,19.486087,ok
EES0423681__X30__Y3C__P011.jpg,0.925413,29.162259,ok
EES0423681__X36__Y33__P012.jpg,0.758104,17.950920,ok
EES0423681__X36__Y36__P013.jpg,0.865069,23.161309,ok
EES0423681__X36__Y39__P014.jpg,0.809615,18.654475,ok
EES0423681__X39__Y36__P015.jpg,0.838953,21.899915,ok
EES0423681__X39__Y39__P016.jpg,0.787572,17.799382,ok
EES0423681__X3C__Y2A__P017.jpg,0.831820,21.978358,ok
EES0423681__X3F__Y30__P018.jpg,0.830307,20.047848,ok
EES0423681__X42__Y21__P019.jpg,0.786113,17.742222,ok
EES0423681__X42__Y2A__P020.jpg,0.771920,19.966291,ok
EES0423681__X0C__Y12__P021.jpg,0.796692,18.706715,ok
EES0423681__X0C__Y1E__P022.jpg,0.879704,22.346229,ok
EES0423681__X0F__Y18__P023.jpg,0.769902,18.639639,ok
EES0423681__X0F__Y1B__P024.jpg,0.922429,31.562263,ok
EES0423681__X0F__Y24__P025.jpg,0.836747,21.132423,ok
EES0423682__X42__Y30__P001.jpg,0.799423,21.399454,ok
EES0423682__X45__Y15__P002.jpg,0.914011,22.356759,ok
EES0423682__X45__Y2A__P003.jpg,0.753441,20.183709,ok
EES0423682__X0F__Y1E__P004.jpg,0.829760,18.062697,ok
EES0423682__X12__Y12__P005.jpg,0.873316,25.166693,ok
EES0423682__X12__Y18__P006.jpg,0.806870,19.251175,ok
EES0423682__X12__Y1B__P007.jpg,0.813516,21.758394,ok
EES0423682__X12__Y1E__P008.jpg,0.816716,20.054096,ok
EES0423682__X12__Y21__P009.jpg,0.823076,20.691619,ok
EES0423682__X12__Y24__P010.jpg,0.913225,28.359392,ok
EES0423682__X12__Y2A__P011.jpg,0.832302,22.475946,ok
EES0423682__X15__Y12__P012.jpg,0.761099,19.602103,ok
EES0423682__X15__Y15__P013.jpg,0.774116,22.900349,ok
EES0423682__X15__Y18__P014.jpg,0.762658,19.762789,ok
EES0423682__X15__Y1B__P015.jpg,0.769407,19.099000,ok
EES0423682__X15__Y21__P016.jpg,0.719202,17.647278,ok
EES0423682__X15__Y24__P017.jpg,0.821412,21.126868,ok
EES0423682__X15__Y27__P018.jpg,0.779277,19.711293,ok
EES0423682__X15__Y2A__P019.jpg,0.899068,24.284121,ok
EES0423682__X15__Y33__P020.jpg,0.751873,18.984681,ok
EES0423682__X18__Y0C__P021.jpg,0.874298,20.646933,ok
EES0423682__X18__Y12__P022.jpg,0.809007,21.083859,ok
EES0423682__X18__Y18__P023.jpg,0.780763,21.792969,ok
EES0423682__X18__Y1B__P024.jpg,0.886447,23.002958,ok
EES0423682__X18__Y24__P025.jpg,0.763519,17.886659,ok
EES0423683__X1B__Y09__P001.jpg,0.749155,19.362880,ok
EES0423683__X1B__Y0F__P002.jpg,0.699153,17.904301,ok
EES0423683__X1B__Y12__P003.jpg,0.793896,21.335502,ok
EES0423683__X1B__Y15__P004.jpg,0.778165,20.925060,ok
EES0423683__X1B__Y1B__P005.jpg,0.827648,20.279918,ok
EES0423683__X1B__Y1E__P006.jpg,0.833606,21.813220,ok
EES0423683__X1B__Y21__P007.jpg,0.788977,18.588827,ok
EES0423683__X1B__Y24__P008.jpg,0.804927,21.680784,ok
EES0423683__X1E__Y24__P009.jpg,0.759984,18.285263,ok
EES0423683__X1E__Y2D__P010.jpg,0.754067,20.205718,ok
EES0423683__X1E__Y30__P011.jpg,0.811400,21.860713,ok
EES0423683__X1E__Y33__P012.jpg,0.778705,20.754429,ok
EES0423683__X1E__Y36__P013.jpg,0.855019,21.913073,ok
EES0423683__X21__Y06__P014.jpg,0.824274,22.298649,ok
EES0423683__X24__Y2A__P015.jpg,0.829408,24.086768,ok
EES0423683__X24__Y2D__P016.jpg,0.730280,19.779980,ok
EES0423683__X24__Y30__P017.jpg,0.800233,18.977656,ok
EES0423683__X27__Y21__P018.jpg,0.811528,19.836363,ok
EES0423683__X27__Y2A__P019.jpg,0.827976,22.462888,ok
EES0423683__X27__Y2D__P020.jpg,0.823893,21.614585,ok
EES0423683__X2A__Y2D__P021.jpg,0.743428,19.434604,ok
EES0423683__X2D__Y2A__P022.jpg,0.746878,20.531707,ok
EES0423683__X2D__Y30__P023.jpg,0.827482,21.765028,ok
EES0423683__X30__Y24__P024.jpg,0.745851,18.878659,ok
EES0423683__X30__Y33__P025.jpg,0.807455,20.991503,ok
EES0423684__X30__Y36__P001.jpg,0.701083,18.805801,ok
EES0423684__X30__Y39__P002.jpg,0.794856,20.667366,ok
EES0423684__X33__Y24__P003.jpg,0.755839,21.611460,ok
EES0423684__X33__Y2D__P004.jpg,0.640719,17.196023,ok
EES0423684__X33__Y33__P005.jpg,0.701300,19.824726,ok
EES0423684__X33__Y39__P006.jpg,0.929048,28.010756,ok
EES0423684__X33__Y3C__P007.jpg,0.683687,20.082734,ok
EES0423684__X36__Y18__P008.jpg,0.835808,22.170083,ok
EES0423684__X36__Y21__P009.jpg,0.740561,18.022281,ok
EES0423684__X36__Y24__P010.jpg,0.772104,18.992248,ok
EES0423684__X36__Y27__P011.jpg,0.754166,20.640599,ok
EES0423684__X36__Y2A__P012.jpg,0.825520,20.552925,ok
EES0423684__X36__Y30__P013.jpg,0.822286,19.809772,ok
EES0423684__X36__Y33__P014.jpg,0.745625,17.785645,ok
EES0423684__X36__Y36__P015.jpg,0.913351,28.603388,ok
EES0423684__X36__Y39__P016.jpg,0.818069,20.977118,ok
EES0423684__X36__Y3C__P017.jpg,0.770369,20.341117,ok
EES0423684__X39__Y24__P018.jpg,0.650677,17.562156,ok
EES0423684__X39__Y27__P019.jpg,0.797399,19.135479,ok
EES0423684__X39__Y30__P020.jpg,0.857295,24.242992,ok
EES0423684__X3C__Y33__P021.jpg,0.886156,24.115441,ok
EES0423684__X3F__Y30__P022.jpg,0.696045,18.334454,ok
EES0423684__X3F__Y33__P023.jpg,0.754678,18.701710,ok
EES0423684__X45__Y2A__P024.jpg,0.808309,20.977467,ok
EES0423684__X45__Y2D__P025.jpg,0.844678,23.465425,ok
EES0423685__X12__Y27__P001.jpg,0.831105,18.753066,ok
EES0423685__X15__Y1B__P002.jpg,0.770014,18.935357,ok
EES0423685__X15__Y1E__P003.jpg,0.717011,17.555125,ok
EES0423685__X15__Y27__P004.jpg,0.691888,16.904393,ok
EES0423685__X15__Y2D__P005.jpg,0.821093,20.006411,ok
EES0423685__X18__Y1B__P006.jpg,0.763110,20.868588,ok
EES0423685__X1B__Y0F__P007.jpg,0.714713,17.809603,ok
EES0423685__X1B__Y12__P008.jpg,0.753755,18.644181,ok
EES0423685__X1B__Y21__P009.jpg,0.733092,19.495465,ok
EES0423685__X1E__Y12__P010.jpg,0.765842,18.101230,ok
EES0423685__X1E__Y21__P011.jpg,0.759875,19.045103,ok
EES0423685__X1E__Y24__P012.jpg,0.798965,19.932829,ok
EES0423685__X1E__Y30__P013.jpg,0.653109,17.451989,ok
EES0423685__X1E__Y33__P014.jpg,0.694844,17.276933,ok
EES0423685__X1E__Y36__P015.jpg,0.888953,25.395909,ok
EES0423685__X21__Y12__P016.jpg,0.761330,17.929289,ok
EES0423685__X21__Y2D__P017.jpg,0.725570,17.727463,ok
EES0423685__X21__Y33__P018.jpg,0.861592,20.531422,ok
EES0423685__X24__Y24__P019.jpg,0.781030,19.125656,ok
EES0423685__X24__Y27__P020.jpg,0.776428,19.290674,ok
EES0423685__X24__Y36__P021.jpg,0.716008,17.778024,ok
EES0423685__X24__Y39__P022.jpg,0.759704,18.418608,ok
EES0423685__X27__Y0C__P023.jpg,0.805911,18.898366,ok
EES0423685__X27__Y2A__P024.jpg,0.775126,18.656307,ok
EES0423685__X27__Y30__P025.jpg,0.702731,19.286523,ok
EES0423686__X27__Y36__P001.jpg,0.695582,17.706534,ok
EES0423686__X27__Y39__P002.jpg,0.751053,18.634962,ok
EES0423686__X2A__Y18__P003.jpg,0.722224,17.342754,ok
EES0423686__X2D__Y1E__P004.jpg,0.697027,17.641132,ok
EES0423686__X2D__Y30__P005.jpg,0.754419,20.115077,ok
EES0423686__X30__Y12__P006.jpg,0.763037,20.100138,ok
EES0423686__X30__Y1B__P007.jpg,0.758200,18.492148,ok
EES0423686__X30__Y1E__P008.jpg,0.763279,19.758179,ok
EES0423686__X30__Y21__P009.jpg,0.684903,18.072203,ok
EES0423686__X30__Y2D__P010.jpg,0.783128,18.199670,ok
EES0423686__X30__Y3C__P011.jpg,0.772402,19.139721,ok
EES0423686__X33__Y0C__P012.jpg,0.759486,20.785720,ok
EES0423686__X33__Y0F__P013.jpg,0.777862,19.820070,ok
EES0423686__X33__Y18__P014.jpg,0.831887,20.454924,ok
EES0423686__X36__Y15__P015.jpg,0.794483,20.446014,ok
EES0423686__X36__Y18__P016.jpg,0.733293,18.331288,ok
EES0423686__X39__Y0F__P017.jpg,0.722179,18.779428,ok
EES0423686__X3C__Y1E__P018.jpg,0.797665,20.315045,ok
EES0423686__X3F__Y2D__P019.jpg,0.742285,17.696059,ok
EES0423686__X42__Y15__P020.jpg,0.849287,19.236997,ok
EES0423686__X42__Y1B__P021.jpg,0.782375,18.230187,ok
EES0423686__X42__Y21__P022.jpg,0.727803,17.314067,ok
EES0423686__X12__Y1B__P023.jpg,0.790768,19.878658,ok
EES0423686__X12__Y1E__P024.jpg,0.688772,17.462835,ok
EES0423686__X12__Y21__P025.jpg,0.774944,20.119963,ok
EES0423687__X15__Y36__P001.jpg,0.786984,19.855545,ok
EES0423687__X18__Y21__P002.jpg,0.739085,17.823170,ok
EES0423687__X18__Y24__P003.jpg,0.699890,17.478933,ok
EES0423687__X1B__Y0C__P004.jpg,0.675337,17.329949,ok
EES0423687__X1B__Y3C__P005.jpg,0.711762,18.995332,ok
EES0423687__X1E__Y09__P006.jpg,0.696540,17.062797,ok
EES0423687__X1E__Y0C__P007.jpg,0.847108,22.447160,ok
EES0423687__X21__Y09__P008.jpg,0.936736,31.062903,ok
EES0423687__X21__Y3F__P009.jpg,0.681898,18.764820,ok
EES0423687__X24__Y06__P010.jpg,0.699364,19.400251,ok
EES0423687__X24__Y09__P011.jpg,0.754754,17.712271,ok
EES0423687__X24__Y15__P012.jpg,0.889848,24.286528,ok
EES0423687__X24__Y30__P013.jpg,0.837054,20.517094,ok
EES0423687__X24__Y3F__P014.jpg,0.913138,26.504859,ok
EES0423687__X27__Y42__P015.jpg,0.663455,17.409501,ok
EES0423687__X2A__Y06__P016.jpg,0.756651,19.802052,ok
EES0423687__X2A__Y3C__P017.jpg,0.666720,16.797622,ok
EES0423687__X2A__Y3F__P018.jpg,0.861930,21.494155,ok
EES0423687__X2D__Y06__P019.jpg,0.888848,25.747656,ok
EES0423687__X2D__Y3F__P020.jpg,0.753091,18.823456,ok
EES0423687__X30__Y06__P021.jpg,0.905623,24.840648,ok
EES0423687__X30__Y39__P022.jpg,0.805792,20.401333,ok
EES0423687__X30__Y3C__P023.jpg,0.918866,25.779101,ok
EES0423687__X30__Y3F__P024.jpg,0.688627,17.501165,ok
EES0423687__X30__Y42__P025.jpg,0.855212,23.219329,ok
EES0423688__X33__Y06__P001.jpg,0.825890,20.920700,ok
EES0423688__X33__Y09__P002.jpg,0.871075,24.657240,ok
EES0423688__X33__Y21__P003.jpg,0.876262,22.234180,ok
EES0423688__X33__Y42__P004.jpg,0.872420,22.627772,ok
EES0423688__X36__Y06__P005.jpg,0.674574,17.534280,ok
EES0423688__X36__Y09__P006.jpg,0.754056,17.822878,ok
EES0423688__X36__Y3C__P007.jpg,0.822872,18.196855,ok
EES0423688__X36__Y3F__P008.jpg,0.738550,17.839739,ok
EES0423688__X36__Y42__P009.jpg,0.819691,19.982275,ok
EES0423688__X39__Y06__P010.jpg,0.940472,28.598150,ok
EES0423688__X39__Y09__P011.jpg,0.716109,17.266797,ok
EES0423688__X39__Y18__P012.jpg,0.865058,24.502593,ok
EES0423688__X39__Y1B__P013.jpg,0.855133,20.306401,ok
EES0423688__X39__Y3F__P014.jpg,0.680715,17.070075,ok
EES0423688__X3C__Y09__P015.jpg,0.703189,17.447823,ok
EES0423688__X3C__Y0C__P016.jpg,0.731555,17.842599,ok
EES0423688__X3C__Y3F__P017.jpg,0.769897,19.268891,ok
EES0423688__X3F__Y09__P018.jpg,0.879311,22.308647,ok
EES0423688__X3F__Y0C__P019.jpg,0.840487,20.891383,ok
EES0423688__X3F__Y15__P020.jpg,0.712484,17.217402,ok
EES0423688__X3F__Y18__P021.jpg,0.683894,16.941723,ok
EES0423688__X3F__Y3C__P022.jpg,0.737504,18.917453,ok
EES0423688__X3F__Y3F__P023.jpg,0.855580,21.659311,ok
EES0423688__X42__Y0C__P024.jpg,0.917290,25.946338,ok
EES0423688__X42__Y0F__P025.jpg,0.759704,17.365555,ok
EES0423689__X15__Y33__P001.jpg,0.733781,18.897500,ok
EES0423689__X15__Y36__P002.jpg,0.835436,20.260373,ok
EES0423689__X18__Y0C__P003.jpg,0.712889,19.504385,ok
EES0423689__X18__Y36__P004.jpg,0.644593,16.810799,ok
EES0423689__X18__Y39__P005.jpg,0.738477,19.253019,ok
EES0423689__X1B__Y09__P006.jpg,0.816684,21.055306,ok
EES0423689__X1B__Y0C__P007.jpg,0.746444,19.142145,ok
EES0423689__X1B__Y1B__P008.jpg,0.677732,17.606320,ok
EES0423689__X1B__Y21__P009.jpg,0.696436,17.858021,ok
EES0423689__X1B__Y39__P010.jpg,0.874721,20.511360,ok
EES0423689__X1B__Y3C__P011.jpg,0.934175,32.154831,ok
EES0423689__X1E__Y09__P012.jpg,0.709264,19.617540,ok
EES0423689__X1E__Y18__P013.jpg,0.872324,24.003113,ok
EES0423689__X1E__Y1B__P014.jpg,0.849716,23.154431,ok
EES0423689__X1E__Y1E__P015.jpg,0.762122,18.897100,ok
EES0423689__X1E__Y21__P016.jpg,0.716254,19.262244,ok
EES0423689__X1E__Y24__P017.jpg,0.722984,18.624457,ok
EES0423689__X1E__Y3C__P018.jpg,0.749281,18.548375,ok
EES0423689__X1E__Y3F__P019.jpg,0.705110,17.555440,ok
EES0423689__X21__Y12__P020.jpg,0.842498,18.870354,ok
EES0423689__X21__Y15__P021.jpg,0.686616,18.564051,ok
EES0423689__X21__Y3F__P022.jpg,0.762173,18.449155,ok
EES0423689__X24__Y06__P023.jpg,0.869021,23.921640,ok
EES0423689__X24__Y15__P024.jpg,0.752389,19.250563,ok
EES0423689__X24__Y18__P025.jpg,0.658871,16.567579,ok
EES0423690__X2D__Y06__P001.jpg,0.839424,20.697041,ok
EES0423690__X36__Y3C__P002.jpg,0.850451,23.732901,ok
EES0423690__X09__Y1E__P003.jpg,0.761892,21.221871,ok
EES0423690__X09__Y21__P004.jpg,0.886241,21.596023,ok
EES0423690__X09__Y2A__P005.jpg,0.830921,19.087727,ok
EES0423690__X09__Y2D__P006.jpg,0.903964,25.813173,ok
EES0423690__X0C__Y21__P007.jpg,0.859659,20.530784,ok
EES0423690__X0C__Y24__P008.jpg,0.874921,20.467199,ok
EES0423690__X0C__Y27__P009.jpg,0.771742,19.208705,ok
EES0423690__X0C__Y2A__P010.jpg,0.812963,20.875598,ok
EES0423690__X0C__Y30__P011.jpg,0.796911,21.390750,ok
EES0423690__X0F__Y12__P012.jpg,0.790512,18.012468,ok
EES0423690__X0F__Y15__P013.jpg,0.823787,21.184146,ok
EES0423690__X0F__Y18__P014.jpg,0.897087,23.721714,ok
EES0423690__X0F__Y2D__P015.jpg,0.795868,18.228412,ok
EES0423690__X0F__Y33__P016.jpg,0.818019,18.716591,ok
EES0423690__X0F__Y36__P017.jpg,0.754860,18.717703,ok
EES0423690__X0F__Y39__P018.jpg,0.913453,23.973358,ok
EES0423690__X12__Y0F__P019.jpg,0.810596,19.415308,ok
EES0423690__X12__Y12__P020.jpg,0.751591,18.078462,ok
EES0423690__X12__Y36__P021.jpg,0.769976,20.021720,ok
EES0423690__X12__Y39__P022.jpg,0.845089,18.675115,ok
EES0423690__X15__Y0C__P023.jpg,0.812707,21.700402,ok
EES0423690__X18__Y3C__P024.jpg,0.859059,19.542537,ok
EES0423690__X18__Y3F__P025.jpg,0.838015,18.940353,ok
EES0423691__X1B__Y3F__P001.jpg,0.924242,26.013414,ok
EES0423691__X1E__Y24__P002.jpg,0.926001,21.674595,ok
EES0423691__X21__Y42__P003.jpg,0.856524,18.721203,ok
EES0423691__X24__Y06__P004.jpg,0.884159,20.918238,ok
EES0423691__X24__Y42__P005.jpg,0.789518,20.042216,ok
EES0423691__X27__Y06__P006.jpg,0.868648,23.478841,ok
EES0423691__X27__Y42__P007.jpg,0.835352,20.713070,ok
EES0423691__X2A__Y42__P008.jpg,0.855509,19.787802,ok
EES0423691__X30__Y09__P009.jpg,0.907242,29.873610,ok
EES0423691__X39__Y3C__P010.jpg,0.900349,27.072214,ok
EES0423691__X3C__Y39__P011.jpg,0.763512,19.760660,ok
EES0423691__X3F__Y36__P012.jpg,0.849532,19.971368,ok
EES0423691__X42__Y1B__P013.jpg,0.665693,17.661994,ok
EES0423691__X42__Y21__P014.jpg,0.739260,17.545856,ok
EES0423691__X42__Y27__P015.jpg,0.864248,19.819234,ok
EES0423691__X42__Y2A__P016.jpg,0.908419,26.738486,ok
EES0423691__X42__Y2D__P017.jpg,0.901672,25.389543,ok
EES0423691__X42__Y30__P018.jpg,0.887691,22.570505,ok
EES0423691__X09__Y1B__P019.jpg,0.895215,23.409739,ok
EES0423691__X09__Y1E__P020.jpg,0.846440,20.324529,ok
EES0423691__X09__Y2A__P021.jpg,0.837708,20.601916,ok
EES0423691__X09__Y2D__P022.jpg,0.706188,17.922046,ok
EES0423691__X0C__Y15__P023.jpg,0.857852,20.420616,ok
EES0423691__X0C__Y18__P024.jpg,0.732620,17.460279,ok
EES0423691__X0C__Y30__P025.jpg,0.803954,18.297448,ok
EES0423692__X0C__Y33__P001.jpg,0.807925,18.727635,ok
EES0423692__X0F__Y0F__P002.jpg,0.815455,24.124244,ok
EES0423692__X0F__Y12__P003.jpg,0.790389,21.577569,ok
EES0423692__X0F__Y15__P004.jpg,0.783835,19.710311,ok
EES0423692__X0F__Y36__P005.jpg,0.744361,18.561864,ok
EES0423692__X0F__Y45__P006.jpg,0.857940,22.645455,ok
EES0423692__X12__Y0C__P007.jpg,0.899763,24.821655,ok
EES0423692__X12__Y0F__P008.jpg,0.895065,24.502600,ok
EES0423692__X12__Y18__P009.jpg,0.800688,20.831395,ok
EES0423692__X12__Y39__P010.jpg,0.897036,25.906436,ok
EES0423692__X12__Y45__P011.jpg,0.771206,19.386136,ok
EES0423692__X15__Y0C__P012.jpg,0.721540,18.205961,ok
EES0423692__X15__Y3C__P013.jpg,0.858375,21.465479,ok
EES0423692__X15__Y3F__P014.jpg,0.873052,25.143317,ok
EES0423692__X18__Y09__P015.jpg,0.779656,19.259339,ok
EES0423692__X18__Y3C__P016.jpg,0.827340,23.102506,ok
EES0423692__X18__Y3F__P017.jpg,0.849934,23.731700,ok
EES0423692__X1B__Y06__P018.jpg,0.921014,24.021269,ok
EES0423692__X1B__Y3F__P019.jpg,0.806961,19.861940,ok
EES0423692__X1E__Y06__P020.jpg,0.753575,17.676609,ok
EES0423692__X1E__Y3F__P021.jpg,0.877082,22.566474,ok
EES0423692__X21__Y3F__P022.jpg,0.865291,23.377452,ok
EES0423692__X21__Y42__P023.jpg,0.778940,19.357777,ok
EES0423692__X24__Y3F__P024.jpg,0.757808,18.879760,ok
EES0423692__X24__Y42__P025.jpg,0.731551,19.371745,ok
EES0423693__X15__Y21__P001.jpg,0.711712,17.236506,ok
EES0423693__X15__Y24__P002.jpg,0.696754,17.800126,ok
EES0423693__X15__Y27__P003.jpg,0.677577,17.370616,ok
EES0423693__X24__Y24__P004.jpg,0.735506,17.937160,ok
EES0423693__X30__Y2D__P005.jpg,0.662563,17.371930,ok
EES0423693__X33__Y1B__P006.jpg,0.682627,17.351272,ok
EES0423693__X33__Y2A__P007.jpg,0.722985,17.274269,ok
EES0423693__X33__Y30__P008.jpg,0.711716,17.528802,ok
EES0423693__X36__Y0F__P009.jpg,0.729011,17.366194,ok
EES0423693__X36__Y27__P010.jpg,0.687234,17.163324,ok
EES0423693__X39__Y27__P011.jpg,0.675113,16.705833,ok
EES0423693__X39__Y36__P012.jpg,0.863508,19.710824,ok
EES0423693__X39__Y39__P013.jpg,0.751295,18.299925,ok
EES0423693__X3C__Y1B__P014.jpg,0.681402,18.183856,ok
EES0423693__X3C__Y1E__P015.jpg,0.725255,17.767278,ok
EES0423693__X3C__Y3C__P016.jpg,0.807924,18.021121,ok
EES0423693__X3F__Y18__P017.jpg,0.695706,17.358093,ok
EES0423693__X3F__Y1B__P018.jpg,0.671606,17.448697,ok
EES0423693__X3F__Y1E__P019.jpg,0.690740,17.502630,ok
EES0423693__X3F__Y24__P020.jpg,0.842624,18.364726,ok
EES0423693__X42__Y0F__P021.jpg,0.711714,17.705555,ok
EES0423693__X12__Y36__P022.jpg,0.712120,18.897695,ok
EES0423693__X15__Y33__P023.jpg,0.865280,20.068032,ok
EES0423693__X15__Y39__P024.jpg,0.834204,19.108067,ok
EES0423693__X18__Y33__P025.jpg,0.701358,17.270539,ok
EES0423694__X18__Y39__P001.jpg,0.862971,25.570601,ok
EES0423694__X1B__Y3F__P002.jpg,0.803024,18.385159,ok
EES0423694__X1E__Y3F__P003.jpg,0.793401,21.210536,ok
EES0423694__X2A__Y3C__P004.jpg,0.810104,19.147497,ok
EES0423694__X36__Y0C__P005.jpg,0.824605,21.130330,ok
EES0423694__X36__Y39__P006.jpg,0.911899,25.542522,ok
EES0423694__X39__Y0F__P007.jpg,0.797816,21.208398,ok
EES0423694__X39__Y36__P008.jpg,0.901070,22.576367,ok
EES0423694__X3C__Y33__P009.jpg,0.819656,21.160304,ok
EES0423694__X3F__Y1B__P010.jpg,0.815503,18.414165,ok
EES0423694__X3F__Y2A__P011.jpg,0.911524,27.002043,ok
EES0423694__X3F__Y2D__P012.jpg,0.837928,22.406228,ok
EES0423694__X48__Y24__P013.jpg,0.749187,20.803562,ok
EES0423694__X48__Y27__P014.jpg,0.863378,19.626241,ok
EES0423694__X0F__Y21__P015.jpg,0.910978,24.164553,ok
EES0423694__X0F__Y24__P016.jpg,0.831910,20.135387,ok
EES0423694__X0F__Y27__P017.jpg,0.847090,18.422849,ok
EES0423694__X0F__Y2A__P018.jpg,0.746649,21.006282,ok
EES0423694__X0F__Y2D__P019.jpg,0.745537,20.452486,ok
EES0423694__X12__Y18__P020.jpg,0.892221,21.711474,ok
EES0423694__X12__Y24__P021.jpg,0.820303,18.171990,ok
EES0423694__X12__Y27__P022.jpg,0.903922,25.519867,ok
EES0423694__X12__Y2A__P023.jpg,0.867019,20.528058,ok
EES0423694__X12__Y2D__P024.jpg,0.805385,20.789622,ok
EES0423694__X12__Y30__P025.jpg,0.896169,25.172835,ok
EES0423695__X12__Y33__P001.jpg,0.773312,21.065408,ok
EES0423695__X15__Y18__P002.jpg,0.778825,18.975736,ok
EES0423695__X15__Y1B__P003.jpg,0.748716,21.122867,ok
EES0423695__X15__Y33__P004.jpg,0.868631,21.726472,ok
EES0423695__X15__Y36__P005.jpg,0.804281,19.193184,ok
EES0423695__X15__Y39__P006.jpg,0.806737,20.118103,ok
EES0423695__X18__Y39__P007.jpg,0.823333,18.536139,ok
EES0423695__X1B__Y3C__P008.jpg,0.892017,22.846436,ok
EES0423695__X1E__Y09__P009.jpg,0.876564,22.294563,ok
EES0423695__X1E__Y0C__P010.jpg,0.940538,28.331969,ok
EES0423695__X1E__Y3C__P011.jpg,0.742272,19.376303,ok
EES0423695__X1E__Y3F__P012.jpg,0.895424,26.671978,ok
EES0423695__X21__Y09__P013.jpg,0.924051,22.717462,ok
EES0423695__X21__Y0C__P014.jpg,0.631497,16.334007,ok
EES0423695__X21__Y3F__P015.jpg,0.743688,17.895201,ok
EES0423695__X24__Y09__P016.jpg,0.816642,22.362574,ok
EES0423695__X24__Y3F__P017.jpg,0.902409,22.323986,ok
EES0423695__X24__Y42__P018.jpg,0.871962,21.216701,ok
EES0423695__X27__Y42__P019.jpg,0.876129,23.487077,ok
EES0423695__X2A__Y06__P020.jpg,0.740416,20.009516,ok
EES0423695__X2A__Y42__P021.jpg,0.832109,22.450548,ok
EES0423695__X2D__Y06__P022.jpg,0.750681,19.199410,ok
EES0423695__X2D__Y42__P023.jpg,0.849319,22.318862,ok
EES0423695__X30__Y06__P024.jpg,0.707991,18.685036,ok
EES0423695__X30__Y42__P025.jpg,0.716206,17.799080,ok
EES0423696__X33__Y06__P001.jpg,0.687146,17.351920,ok
EES0423696__X33__Y42__P002.jpg,0.644552,16.790152,ok
EES0423696__X39__Y09__P003.jpg,0.685376,18.140709,ok
EES0423696__X39__Y3F__P004.jpg,0.771418,18.000185,ok
EES0423696__X3C__Y09__P005.jpg,0.902597,23.533050,ok
EES0423696__X3C__Y0C__P006.jpg,0.769703,18.818656,ok
EES0423696__X3C__Y3C__P007.jpg,0.860383,19.935381,ok
EES0423696__X3C__Y3F__P008.jpg,0.887255,21.778667,ok
EES0423696__X3F__Y0C__P009.jpg,0.741108,18.203969,ok
EES0423696__X3F__Y0F__P010.jpg,0.910281,26.370086,ok
EES0423696__X3F__Y3C__P011.jpg,0.672425,17.024359,ok
EES0423696__X42__Y0F__P012.jpg,0.887718,28.098887,ok
EES0423696__X42__Y39__P013.jpg,0.803149,20.232364,ok
EES0423696__X42__Y45__P014.jpg,0.818421,22.609893,ok
EES0423696__X45__Y12__P015.jpg,0.788239,20.198989,ok
EES0423696__X45__Y33__P016.jpg,0.853480,19.792103,ok
EES0423696__X45__Y36__P017.jpg,0.921867,30.154110,ok
EES0423696__X48__Y18__P018.jpg,0.856035,23.729745,ok
EES0423696__X48__Y1B__P019.jpg,0.875754,21.532245,ok
EES0423696__X48__Y27__P020.jpg,0.803351,19.273756,ok
EES0423696__X48__Y2A__P021.jpg,0.806437,19.057881,ok
EES0423696__X48__Y2D__P022.jpg,0.827092,21.927914,ok
EES0423696__X48__Y30__P023.jpg,0.849400,22.638114,ok
EES0423696__X48__Y3F__P024.jpg,0.806829,21.410916,ok
EES0423696__X48__Y42__P025.jpg,0.855680,22.433989,ok
EES0423697__X09__Y18__P001.jpg,0.762833,19.130416,ok
EES0423697__X09__Y1B__P002.jpg,0.904714,23.312991,ok
EES0423697__X09__Y1E__P003.jpg,0.817505,21.066507,ok
EES0423697__X0C__Y12__P004.jpg,0.843952,21.697275,ok
EES0423697__X0C__Y18__P005.jpg,0.755645,18.138936,ok
EES0423697__X0C__Y1B__P006.jpg,0.661438,17.543105,ok
EES0423697__X0C__Y1E__P007.jpg,0.755221,19.123553,ok
EES0423697__X0C__Y21__P008.jpg,0.830173,18.878872,ok
EES0423697__X0C__Y24__P009.jpg,0.720294,17.152726,ok
EES0423697__X0C__Y27__P010.jpg,0.839038,21.642667,ok
EES0423697__X0C__Y2A__P011.jpg,0.772906,18.447441,ok
EES0423697__X0F__Y0C__P012.jpg,0.792855,20.108399,ok
EES0423697__X0F__Y0F__P013.jpg,0.864271,22.216197,ok
EES0423697__X0F__Y2A__P014.jpg,0.871734,20.486487,ok
EES0423697__X0F__Y2D__P015.jpg,0.870731,20.181493,ok
EES0423697__X12__Y09__P016.jpg,0.853521,20.839683,ok
EES0423697__X12__Y27__P017.jpg,0.882930,24.631994,ok
EES0423697__X12__Y2A__P018.jpg,0.795264,20.758329,ok
EES0423697__X12__Y2D__P019.jpg,0.892060,27.327941,ok
EES0423697__X12__Y30__P020.jpg,0.757718,18.158718,ok
EES0423697__X15__Y06__P021.jpg,0.864628,19.459080,ok
EES0423697__X15__Y30__P022.jpg,0.851928,22.911018,ok
EES0423697__X18__Y36__P023.jpg,0.859386,22.979409,ok
EES0423697__X1B__Y03__P024.jpg,0.819918,21.434857,ok
EES0423697__X1B__Y21__P025.jpg,0.905510,26.126237,ok
EES0423698__X1B__Y33__P001.jpg,0.842044,20.873483,ok
EES0423698__X1B__Y36__P002.jpg,0.692753,17.772405,ok
EES0423698__X1B__Y39__P003.jpg,0.768845,20.970060,ok
EES0423698__X1E__Y03__P004.jpg,0.751732,19.611860,ok
EES0423698__X1E__Y1B__P005.jpg,0.699874,18.306087,ok
EES0423698__X1E__Y24__P006.jpg,0.784430,19.192791,ok
EES0423698__X1E__Y27__P007.jpg,0.699649,17.296251,ok
EES0423698__X1E__Y2A__P008.jpg,0.728222,19.613766,ok
EES0423698__X1E__Y36__P009.jpg,0.700186,17.436247,ok
EES0423698__X1E__Y39__P010.jpg,0.688289,17.668836,ok
EES0423698__X21__Y1B__P011.jpg,0.700627,18.851835,ok
EES0423698__X21__Y1E__P012.jpg,0.737660,18.929385,ok
EES0423698__X21__Y2D__P013.jpg,0.814055,19.856391,ok
EES0423698__X21__Y39__P014.jpg,0.790046,21.685863,ok
EES0423698__X24__Y18__P015.jpg,0.864331,24.141276,ok
EES0423698__X24__Y2A__P016.jpg,0.708928,19.162761,ok
EES0423698__X24__Y2D__P017.jpg,0.705293,19.400998,ok
EES0423698__X27__Y1B__P018.jpg,0.662953,17.776689,ok
EES0423698__X27__Y2D__P019.jpg,0.676458,16.900628,ok
EES0423698__X27__Y3C__P020.jpg,0.924308,26.195847,ok
EES0423698__X2A__Y1B__P021.jpg,0.762177,20.152410,ok
EES0423698__X2A__Y3C__P022.jpg,0.764457,20.470650,ok
EES0423698__X2D__Y03__P023.jpg,0.690097,17.457229,ok
EES0423698__X2D__Y1B__P024.jpg,0.785629,20.954592,ok
EES0423698__X2D__Y1E__P025.jpg,0.654383,17.494794,ok
EES0423699__X2D__Y24__P001.jpg,0.925745,29.730854,ok
EES0423699__X2D__Y2A__P002.jpg,0.904841,26.658264,ok
EES0423699__X2D__Y30__P003.jpg,0.679032,17.306916,ok
EES0423699__X2D__Y3C__P004.jpg,0.876545,22.679817,ok
EES0423699__X30__Y03__P005.jpg,0.887944,24.476658,ok
EES0423699__X30__Y21__P006.jpg,0.809102,18.368394,ok
EES0423699__X30__Y2A__P007.jpg,0.725236,17.850589,ok
EES0423699__X30__Y33__P008.jpg,0.653329,16.732203,ok
EES0423699__X33__Y1E__P009.jpg,0.849949,23.201921,ok
EES0423699__X33__Y24__P010.jpg,0.876906,24.376925,ok
EES0423699__X33__Y39__P011.jpg,0.906303,25.914232,ok
EES0423699__X36__Y06__P012.jpg,0.927777,33.112586,ok
EES0423699__X39__Y33__P013.jpg,0.799149,21.120506,ok
EES0423699__X3C__Y33__P014.jpg,0.666654,18.951889,ok
EES0423699__X42__Y15__P015.jpg,0.875923,24.726117,ok
EES0423699__X42__Y18__P016.jpg,0.732897,18.844880,ok
EES0423699__X42__Y1E__P017.jpg,0.699997,19.654354,ok
EES0423699__X42__Y24__P018.jpg,0.767560,17.858419,ok
EES0423699__X42__Y2A__P019.jpg,0.717107,19.382408,ok
EES0423699__X48__Y30__P020.jpg,0.719892,18.398535,ok
EES0423699__X06__Y39__P021.jpg,0.881951,25.079975,ok
EES0423699__X06__Y3C__P022.jpg,0.882069,28.899127,ok
EES0423699__X09__Y3F__P023.jpg,0.796776,20.264774,ok
EES0423699__X09__Y42__P024.jpg,0.742580,19.680112,ok
EES0423699__X0C__Y42__P025.jpg,0.908154,26.726486,ok
EES0423700__X0C__Y45__P001.jpg,0.766329,19.603050,ok
EES0423700__X0F__Y18__P002.jpg,0.658273,17.672093,ok
EES0423700__X0F__Y1B__P003.jpg,0.777961,20.388007,ok
EES0423700__X0F__Y27__P004.jpg,0.757811,18.337493,ok
EES0423700__X0F__Y2A__P005.jpg,0.891259,22.200346,ok
EES0423700__X0F__Y2D__P006.jpg,0.811455,19.251323,ok
EES0423700__X0F__Y30__P007.jpg,0.802186,18.392293,ok
EES0423700__X0F__Y45__P008.jpg,0.743487,18.830197,ok
EES0423700__X12__Y1B__P009.jpg,0.726745,18.298792,ok
EES0423700__X12__Y1E__P010.jpg,0.648600,18.281628,ok
EES0423700__X12__Y24__P011.jpg,0.763389,17.582252,ok
EES0423700__X12__Y27__P012.jpg,0.795268,20.520760,ok
EES0423700__X12__Y2A__P013.jpg,0.767034,20.215613,ok
EES0423700__X12__Y2D__P014.jpg,0.740129,18.476593,ok
EES0423700__X12__Y30__P015.jpg,0.824226,20.603338,ok
EES0423700__X12__Y33__P016.jpg,0.790861,20.308319,ok
EES0423700__X12__Y45__P017.jpg,0.660965,17.656468,ok
EES0423700__X15__Y1B__P018.jpg,0.695834,18.588130,ok
EES0423700__X15__Y1E__P019.jpg,0.880144,23.604600,ok
EES0423700__X15__Y2A__P020.jpg,0.733739,17.842558,ok
EES0423700__X15__Y36__P021.jpg,0.709374,18.159787,ok
EES0423700__X18__Y1E__P022.jpg,0.853919,20.824174,ok
EES0423700__X18__Y21__P023.jpg,0.658996,16.847630,ok
EES0423700__X18__Y24__P024.jpg,0.719442,18.299380,ok
EES0423700__X18__Y39__P025.jpg,0.785462,19.937298,ok
EES0423701__X1B__Y1E__P001.jpg,0.712507,19.147764,ok
EES0423701__X1E__Y3F__P002.jpg,0.711831,19.620625,ok
EES0423701__X21__Y3F__P003.jpg,0.703785,17.982236,ok
EES0423701__X24__Y42__P004.jpg,0.741688,19.518111,ok
EES0423701__X27__Y42__P005.jpg,0.852816,20.376472,ok
EES0423701__X2A__Y15__P006.jpg,0.713761,18.514759,ok
EES0423701__X2A__Y42__P007.jpg,0.695882,18.644693,ok
EES0423701__X2D__Y2D__P008.jpg,0.691499,18.120882,ok
EES0423701__X2D__Y3F__P009.jpg,0.699720,17.171205,ok
EES0423701__X2D__Y42__P010.jpg,0.789269,18.911310,ok
EES0423701__X30__Y09__P011.jpg,0.759420,18.586364,ok
EES0423701__X30__Y0F__P012.jpg,0.831921,22.577412,ok
EES0423701__X30__Y15__P013.jpg,0.678931,17.518679,ok
EES0423701__X30__Y1B__P014.jpg,0.693805,18.077842,ok
EES0423701__X30__Y2A__P015.jpg,0.748596,19.145582,ok
EES0423701__X30__Y36__P016.jpg,0.654711,17.216453,ok
EES0423701__X30__Y39__P017.jpg,0.773869,19.332640,ok
EES0423701__X30__Y3F__P018.jpg,0.712544,18.725219,ok
EES0423701__X30__Y42__P019.jpg,0.676212,17.939100,ok
EES0423701__X33__Y09__P020.jpg,0.760957,19.090008,ok
EES0423701__X33__Y3C__P021.jpg,0.726768,17.104830,ok
EES0423701__X33__Y3F__P022.jpg,0.649817,18.464134,ok
EES0423701__X33__Y42__P023.jpg,0.783335,21.634659,ok
EES0423701__X36__Y3C__P024.jpg,0.762606,19.426605,ok
EES0423701__X36__Y3F__P025.jpg,0.684823,19.008574,ok
EES0423702__X39__Y09__P001.jpg,0.783065,19.582786,ok
EES0423702__X39__Y0C__P002.jpg,0.878632,23.408774,ok
EES0423702__X39__Y1E__P003.jpg,0.740559,17.698851,ok
EES0423702__X39__Y3C__P004.jpg,0.695494,18.280062,ok
EES0423702__X39__Y3F__P005.jpg,0.820589,18.294205,ok
EES0423702__X3C__Y1E__P006.jpg,0.758892,17.735769,ok
EES0423702__X3C__Y3C__P007.jpg,0.747304,20.290501,ok
EES0423702__X3F__Y12__P008.jpg,0.764214,18.833626,ok
EES0423702__X3F__Y15__P009.jpg,0.909491,23.543830,ok
EES0423702__X3F__Y30__P010.jpg,0.715413,18.134855,ok
EES0423702__X3F__Y36__P011.jpg,0.885894,25.843260,ok
EES0423702__X3F__Y39__P012.jpg,0.887045,24.156911,ok
EES0423702__X42__Y12__P013.jpg,0.688091,18.137473,ok
EES0423702__X42__Y15__P014.jpg,0.718271,17.491102,ok
EES0423702__X42__Y18__P015.jpg,0.825041,19.451953,ok
EES0423702__X42__Y2D__P016.jpg,0.715386,18.872835,ok
EES0423702__X42__Y30__P017.jpg,0.878452,21.088873,ok
EES0423702__X42__Y33__P018.jpg,0.700139,16.866192,ok
EES0423702__X42__Y45__P019.jpg,0.848195,23.601837,ok
EES0423702__X45__Y45__P020.jpg,0.906153,26.349231,ok
EES0423702__X12__Y1B__P021.jpg,0.722953,18.897772,ok
EES0423702__X12__Y24__P022.jpg,0.704389,17.640741,ok
EES0423702__X12__Y33__P023.jpg,0.671610,17.566382,ok
EES0423702__X15__Y36__P024.jpg,0.758026,19.291938,ok
EES0423702__X18__Y39__P025.jpg,0.808521,20.017841,ok
EES0423703__X1B__Y1E__P001.jpg,0.916700,23.273477,ok
EES0423703__X1E__Y09__P002.jpg,0.869487,24.920161,ok
EES0423703__X21__Y0F__P003.jpg,0.855363,20.898324,ok
EES0423703__X24__Y06__P004.jpg,0.809367,17.907235,ok
EES0423703__X27__Y06__P005.jpg,0.915953,25.153611,ok
EES0423703__X30__Y06__P006.jpg,0.861679,20.454752,ok
EES0423703__X36__Y09__P007.jpg,0.875171,22.151455,ok
EES0423703__X36__Y3F__P008.jpg,0.712070,18.651481,ok
EES0423703__X39__Y09__P009.jpg,0.742072,18.098972,ok
EES0423703__X39__Y3F__P010.jpg,0.789271,21.584698,ok
EES0423703__X3C__Y3C__P011.jpg,0.855139,22.635510,ok
EES0423703__X42__Y36__P012.jpg,0.865442,20.231328,ok
EES0423703__X48__Y18__P013.jpg,0.868878,21.029741,ok
EES0423703__X48__Y1E__P014.jpg,0.705512,17.418310,ok
EES0423703__X48__Y21__P015.jpg,0.897715,25.268673,ok
EES0423703__X48__Y24__P016.jpg,0.872602,19.715603,ok
EES0423703__X48__Y27__P017.jpg,0.914136,26.840715,ok
EES0423703__X48__Y2A__P018.jpg,0.858882,20.936080,ok
EES0423703__X48__Y2D__P019.jpg,0.752173,18.830657,ok
EES0423703__X48__Y30__P020.jpg,0.678685,16.981093,ok
EES0423703__X12__Y18__P021.jpg,0.838333,19.163991,ok
EES0423703__X12__Y1E__P022.jpg,0.760251,17.514681,ok
EES0423703__X18__Y09__P023.jpg,0.859075,21.242010,ok
EES0423703__X18__Y1E__P024.jpg,0.868101,20.705042,ok
EES0423703__X18__Y21__P025.jpg,0.872712,19.578506,ok
EES0423704__X1B__Y0C__P001.jpg,0.757274,18.693265,ok
EES0423704__X1B__Y0F__P002.jpg,0.854299,22.137113,ok
EES0423704__X1B__Y18__P003.jpg,0.782755,20.183713,ok
EES0423704__X1B__Y1B__P004.jpg,0.760288,20.460281,ok
EES0423704__X1B__Y1E__P005.jpg,0.770916,18.952197,ok
EES0423704__X1B__Y21__P006.jpg,0.805552,21.381000,ok
EES0423704__X1B__Y27__P007.jpg,0.749713,19.374920,ok
EES0423704__X1E__Y06__P008.jpg,0.825537,19.657177,ok
EES0423704__X1E__Y0C__P009.jpg,0.797125,18.891457,ok
EES0423704__X1E__Y0F__P010.jpg,0.814076,21.332106,ok
EES0423704__X1E__Y12__P011.jpg,0.825060,20.853444,ok
EES0423704__X1E__Y15__P012.jpg,0.740710,18.333142,ok
EES0423704__X1E__Y1B__P013.jpg,0.772529,20.328272,ok
EES0423704__X1E__Y1E__P014.jpg,0.742178,18.507375,ok
EES0423704__X1E__Y21__P015.jpg,0.715839,18.861613,ok
EES0423704__X1E__Y24__P016.jpg,0.834720,21.226483,ok
EES0423704__X1E__Y27__P017.jpg,0.738765,19.428670,ok
EES0423704__X1E__Y2A__P018.jpg,0.767868,19.622111,ok
EES0423704__X21__Y09__P019.jpg,0.794658,21.160073,ok
EES0423704__X21__Y0C__P020.jpg,0.773072,18.925214,ok
EES0423704__X21__Y0F__P021.jpg,0.912778,24.846572,ok
EES0423704__X21__Y12__P022.jpg,0.796960,19.933863,ok
EES0423704__X21__Y15__P023.jpg,0.669126,17.454711,ok
EES0423704__X21__Y18__P024.jpg,0.732247,18.203354,ok
EES0423704__X21__Y2A__P025.jpg,0.817137,19.899205,ok
EES0423705__X21__Y30__P001.jpg,0.766238,18.108385,ok
EES0423705__X24__Y0C__P002.jpg,0.726059,17.577506,ok
EES0423705__X24__Y12__P003.jpg,0.718955,19.072044,ok
EES0423705__X24__Y15__P004.jpg,0.713222,19.725508,ok
EES0423705__X24__Y18__P005.jpg,0.649753,18.479819,ok
EES0423705__X24__Y2A__P006.jpg,0.716540,18.435322,ok
EES0423705__X24__Y2D__P007.jpg,0.792972,19.401504,ok
EES0423705__X27__Y06__P008.jpg,0.743908,20.390095,ok
EES0423705__X27__Y2A__P009.jpg,0.683013,18.326738,ok
EES0423705__X27__Y2D__P010.jpg,0.733983,18.983284,ok
EES0423705__X2A__Y18__P011.jpg,0.763043,19.210714,ok
EES0423705__X2A__Y1B__P012.jpg,0.810935,21.916731,ok
EES0423705__X2D__Y09__P013.jpg,0.777789,18.887384,ok
EES0423705__X2D__Y0C__P014.jpg,0.681955,19.558078,ok
EES0423705__X2D__Y12__P015.jpg,0.842338,23.886655,ok
EES0423705__X2D__Y1B__P016.jpg,0.793335,18.730775,ok
EES0423705__X2D__Y1E__P017.jpg,0.798260,20.784937,ok
EES0423705__X2D__Y21__P018.jpg,0.842224,24.041326,ok
EES0423705__X2D__Y24__P019.jpg,0.708809,19.002256,ok
EES0423705__X2D__Y2A__P020.jpg,0.827690,20.888555,ok
EES0423705__X30__Y06__P021.jpg,0.770292,19.677926,ok
EES0423705__X30__Y09__P022.jpg,0.701725,19.238243,ok
EES0423705__X30__Y12__P023.jpg,0.733735,17.504218,ok
EES0423705__X30__Y18__P024.jpg,0.722389,19.299618,ok
EES0423705__X30__Y1B__P025.jpg,0.836568,21.864878,ok
EES0423706__X30__Y1E__P001.jpg,0.825468,21.089124,ok
EES0423706__X30__Y21__P002.jpg,0.891507,25.851637,ok
EES0423706__X30__Y24__P003.jpg,0.820235,20.210171,ok
EES0423706__X30__Y2A__P004.jpg,0.875952,20.153910,ok
EES0423706__X33__Y06__P005.jpg,0.794131,19.424306,ok
EES0423706__X33__Y09__P006.jpg,0.854011,22.410530,ok
EES0423706__X33__Y0C__P007.jpg,0.699227,18.909321,ok
EES0423706__X33__Y1E__P008.jpg,0.753580,19.576605,ok
EES0423706__X36__Y06__P009.jpg,0.743244,19.508985,ok
EES0423706__X36__Y09__P010.jpg,0.858856,21.126334,ok
EES0423706__X36__Y0C__P011.jpg,0.815027,19.363633,ok
EES0423706__X36__Y0F__P012.jpg,0.807548,18.699571,ok
EES0423706__X36__Y1E__P013.jpg,0.892021,21.987392,ok
EES0423706__X39__Y09__P014.jpg,0.737880,18.375621,ok
EES0423706__X3C__Y0C__P015.jpg,0.715975,19.057681,ok
EES0423706__X3F__Y0F__P016.jpg,0.734926,18.097754,ok
EES0423706__X3F__Y12__P017.jpg,0.686207,18.080534,ok
EES0423706__X3F__Y15__P018.jpg,0.766484,20.466509,ok
EES0423706__X42__Y15__P019.jpg,0.838078,18.502170,ok
EES0423706__X0F__Y1B__P020.jpg,0.790988,20.498931,ok
EES0423706__X0F__Y27__P021.jpg,0.927100,26.332624,ok
EES0423706__X0F__Y2A__P022.jpg,0.740719,17.701587,ok
EES0423706__X12__Y12__P023.jpg,0.849414,20.326091,ok
EES0423706__X12__Y15__P024.jpg,0.654701,18.059480,ok
EES0423706__X12__Y18__P025.jpg,0.859627,20.981257,ok
EES0423707__X12__Y1B__P001.jpg,0.711462,18.823081,ok
EES0423707__X12__Y1E__P002.jpg,0.648627,16.738599,ok
EES0423707__X12__Y27__P003.jpg,0.778031,20.435414,ok
EES0423707__X12__Y2A__P004.jpg,0.709819,18.965858,ok
EES0423707__X12__Y2D__P005.jpg,0.718797,18.614507,ok
EES0423707__X12__Y30__P006.jpg,0.783024,21.814538,ok
EES0423707__X15__Y0F__P007.jpg,0.848379,23.591508,ok
EES0423707__X15__Y18__P008.jpg,0.725742,18.585317,ok
EES0423707__X15__Y27__P009.jpg,0.805866,22.479694,ok
EES0423707__X15__Y2A__P010.jpg,0.744603,22.107781,ok
EES0423707__X18__Y09__P011.jpg,0.772923,18.215492,ok
EES0423707__X18__Y0F__P012.jpg,0.916361,25.401762,ok
EES0423707__X18__Y2A__P013.jpg,0.783643,20.322551,ok
EES0423707__X18__Y36__P014.jpg,0.700936,19.622553,ok
EES0423707__X1B__Y39__P015.jpg,0.662821,18.146899,ok
EES0423707__X21__Y3F__P016.jpg,0.784239,21.668293,ok
EES0423707__X2A__Y03__P017.jpg,0.660064,17.798360,ok
EES0423707__X2D__Y03__P018.jpg,0.720226,18.213054,ok
EES0423707__X2D__Y3F__P019.jpg,0.881372,22.856076,ok
EES0423707__X30__Y03__P020.jpg,0.704633,18.328569,ok
EES0423707__X33__Y06__P021.jpg,0.802874,21.604431,ok
EES0423707__X33__Y3C__P022.jpg,0.836201,20.245956,ok
EES0423707__X36__Y06__P023.jpg,0.880980,23.134267,ok
EES0423707__X36__Y09__P024.jpg,0.722208,17.301548,ok
EES0423707__X36__Y0C__P025.jpg,0.778457,19.994670,ok
EES0423708__X36__Y12__P001.jpg,0.829020,20.785122,ok
EES0423708__X39__Y06__P002.jpg,0.704359,18.194128,ok
EES0423708__X39__Y0C__P003.jpg,0.732096,18.186698,ok
EES0423708__X3C__Y09__P004.jpg,0.839613,19.464012,ok
EES0423708__X3C__Y0F__P005.jpg,0.921779,28.716773,ok
EES0423708__X3C__Y36__P006.jpg,0.711349,18.614671,ok
EES0423708__X3C__Y39__P007.jpg,0.815253,21.362915,ok
EES0423708__X3F__Y0C__P008.jpg,0.732158,18.412421,ok
EES0423708__X3F__Y2A__P009.jpg,0.699087,17.102256,ok
EES0423708__X3F__Y2D__P010.jpg,0.805869,19.708179,ok
EES0423708__X3F__Y30__P011.jpg,0.829978,21.822794,ok
EES0423708__X3F__Y33__P012.jpg,0.874812,22.561727,ok
EES0423708__X3F__Y36__P013.jpg,0.769764,19.534993,ok
EES0423708__X42__Y0F__P014.jpg,0.705513,18.111713,ok
EES0423708__X42__Y12__P015.jpg,0.695483,17.826892,ok
EES0423708__X42__Y15__P016.jpg,0.725450,18.523260,ok
EES0423708__X42__Y24__P017.jpg,0.898492,25.543933,ok
EES0423708__X42__Y27__P018.jpg,0.690146,17.785642,ok
EES0423708__X42__Y2A__P019.jpg,0.789532,18.616203,ok
EES0423708__X42__Y2D__P020.jpg,0.834450,21.930317,ok
EES0423708__X45__Y12__P021.jpg,0.741054,18.735692,ok
EES0423708__X45__Y15__P022.jpg,0.856564,23.820589,ok
EES0423708__X45__Y18__P023.jpg,0.858470,21.563299,ok
EES0423708__X45__Y1B__P024.jpg,0.867783,22.880628,ok
EES0423708__X45__Y1E__P025.jpg,0.667202,17.366897,ok
EES0423709__X45__Y21__P001.jpg,0.810428,18.739430,ok
EES0423709__X45__Y24__P002.jpg,0.799232,19.766702,ok
EES0423709__X45__Y27__P003.jpg,0.849808,20.595842,ok
EES0423709__X45__Y2A__P004.jpg,0.848210,20.181505,ok
EES0423709__X45__Y2D__P005.jpg,0.783649,19.877892,ok
EES0423709__X48__Y18__P006.jpg,0.790909,18.461301,ok
EES0423709__X48__Y1B__P007.jpg,0.786769,20.122976,ok
EES0423709__X48__Y1E__P008.jpg,0.817898,21.230187,ok
EES0423709__X48__Y21__P009.jpg,0.832750,19.653419,ok
EES0423709__X48__Y24__P010.jpg,0.848195,19.520269,ok
EES0423709__X48__Y27__P011.jpg,0.848037,22.925298,ok
EES0423709__X48__Y2A__P012.jpg,0.874669,22.005651,ok
EES0423709__X09__Y1B__P013.jpg,0.816246,19.083184,ok
EES0423709__X09__Y1E__P014.jpg,0.846255,23.249686,ok
EES0423709__X09__Y21__P015.jpg,0.727657,18.905595,ok
EES0423709__X09__Y24__P016.jpg,0.797681,20.904462,ok
EES0423709__X09__Y27__P017.jpg,0.788544,19.822893,ok
EES0423709__X09__Y2A__P018.jpg,0.899090,24.678297,ok
EES0423709__X09__Y2D__P019.jpg,0.845758,20.425519,ok
EES0423709__X09__Y30__P020.jpg,0.845063,22.130273,ok
EES0423709__X0C__Y18__P021.jpg,0.848797,21.630453,ok
EES0423709__X0C__Y1B__P022.jpg,0.778557,19.741053,ok
EES0423709__X0C__Y1E__P023.jpg,0.873464,21.318720,ok
EES0423709__X0C__Y21__P024.jpg,0.892833,23.107831,ok
EES0423709__X0C__Y24__P025.jpg,0.748743,19.932791,ok
EES0423710__X0C__Y27__P001.jpg,0.796653,21.925469,ok
EES0423710__X0C__Y2A__P002.jpg,0.852512,22.167366,ok
EES0423710__X0C__Y2D__P003.jpg,0.799773,18.862142,ok
EES0423710__X0C__Y30__P004.jpg,0.777932,18.057426,ok
EES0423710__X0C__Y33__P005.jpg,0.779899,19.948952,ok
EES0423710__X0F__Y15__P006.jpg,0.618242,16.792805,ok
EES0423710__X0F__Y36__P007.jpg,0.823587,20.166930,ok
EES0423710__X0F__Y39__P008.jpg,0.897057,22.847721,ok
EES0423710__X12__Y0F__P009.jpg,0.712721,18.595186,ok
EES0423710__X12__Y12__P010.jpg,0.822006,19.462527,ok
EES0423710__X12__Y39__P011.jpg,0.729649,19.459736,ok
EES0423710__X12__Y3C__P012.jpg,0.777555,21.595929,ok
EES0423710__X15__Y0C__P013.jpg,0.806976,20.446899,ok
EES0423710__X15__Y3C__P014.jpg,0.921790,28.720410,ok
EES0423710__X18__Y09__P015.jpg,0.916926,30.668921,ok
EES0423710__X18__Y0C__P016.jpg,0.857027,19.768744,ok
EES0423710__X18__Y3F__P017.jpg,0.907723,28.581725,ok
EES0423710__X1B__Y06__P018.jpg,0.867963,21.653409,ok
EES0423710__X1B__Y09__P019.jpg,0.739474,19.547412,ok
EES0423710__X1B__Y3F__P020.jpg,0.693568,18.859976,ok
EES0423710__X1E__Y06__P021.jpg,0.801969,19.585036,ok
EES0423710__X1E__Y09__P022.jpg,0.903126,22.615696,ok
EES0423710__X1E__Y3F__P023.jpg,0.808508,19.659290,ok
EES0423710__X21__Y06__P024.jpg,0.831220,20.703528,ok
EES0423710__X21__Y2D__P025.jpg,0.912284,24.613706,ok
EES0423711__X21__Y42__P001.jpg,0.877368,30.006108,ok
EES0423711__X24__Y06__P002.jpg,0.886330,22.149748,ok
EES0423711__X24__Y42__P003.jpg,0.878048,22.231234,ok
EES0423711__X27__Y06__P004.jpg,0.845485,20.615690,ok
EES0423711__X27__Y42__P005.jpg,0.906253,26.632575,ok
EES0423711__X2A__Y06__P006.jpg,0.869562,22.621004,ok
EES0423711__X2A__Y42__P007.jpg,0.720412,17.890497,ok
EES0423711__X2D__Y06__P008.jpg,0.647868,16.581351,ok
EES0423711__X2D__Y42__P009.jpg,0.919963,26.053859,ok
EES0423711__X30__Y06__P010.jpg,0.916904,29.062177,ok
EES0423711__X30__Y3F__P011.jpg,0.928006,23.864417,ok
EES0423711__X33__Y3F__P012.jpg,0.840456,19.177887,ok
EES0423711__X36__Y09__P013.jpg,0.784976,18.182409,ok
EES0423711__X36__Y0C__P014.jpg,0.870886,21.113978,ok
EES0423711__X36__Y3C__P015.jpg,0.798262,20.214731,ok
EES0423711__X39__Y09__P016.jpg,0.848975,21.488431,ok
EES0423711__X39__Y0C__P017.jpg,0.848040,22.159908,ok
EES0423711__X39__Y3C__P018.jpg,0.753604,17.678692,ok
EES0423711__X3C__Y0F__P019.jpg,0.870494,23.819635,ok
EES0423711__X3C__Y39__P020.jpg,0.750506,18.764108,ok
EES0423711__X3F__Y12__P021.jpg,0.824598,20.169546,ok
EES0423711__X3F__Y15__P022.jpg,0.852746,19.402245,ok
EES0423711__X3F__Y36__P023.jpg,0.838445,19.071724,ok
EES0423711__X42__Y18__P024.jpg,0.866105,21.935301,ok
EES0423711__X42__Y1E__P025.jpg,0.827273,19.184384,ok
EES0423712__X42__Y2A__P001.jpg,0.786862,21.312165,ok
EES0423712__X42__Y2D__P002.jpg,0.779208,21.166239,ok
EES0423712__X42__Y30__P003.jpg,0.874878,20.234298,ok
EES0423712__X45__Y1E__P004.jpg,0.867373,22.029421,ok
EES0423712__X45__Y21__P005.jpg,0.727720,19.095357,ok
EES0423712__X45__Y24__P006.jpg,0.843174,21.404824,ok
EES0423712__X45__Y27__P007.jpg,0.784743,18.584243,ok
EES0423712__X45__Y2A__P008.jpg,0.905585,23.985549,ok
EES0423712__X48__Y42__P009.jpg,0.931781,27.008327,ok
EES0423712__X0C__Y18__P010.jpg,0.862726,19.293353,ok
EES0423712__X12__Y12__P011.jpg,0.799685,18.834351,ok
EES0423712__X1E__Y0F__P012.jpg,0.791423,18.660538,ok
EES0423712__X21__Y0C__P013.jpg,0.861795,20.376704,ok
EES0423712__X24__Y0C__P014.jpg,0.926400,29.772699,ok
EES0423712__X27__Y0C__P015.jpg,0.865257,23.852353,ok
EES0423712__X27__Y12__P016.jpg,0.894922,23.238171,ok
EES0423712__X2A__Y0C__P017.jpg,0.869903,19.638155,ok
EES0423712__X2A__Y0F__P018.jpg,0.809248,19.004137,ok
EES0423712__X2A__Y12__P019.jpg,0.697357,17.938375,ok
EES0423712__X2D__Y0C__P020.jpg,0.888884,19.845742,ok
EES0423712__X2D__Y0F__P021.jpg,0.739064,18.256657,ok
EES0423712__X2D__Y12__P022.jpg,0.845945,20.518738,ok
EES0423712__X2D__Y42__P023.jpg,0.863952,20.300360,ok
EES0423712__X30__Y0C__P024.jpg,0.847451,20.194998,ok
EES0423712__X30__Y0F__P025.jpg,0.793903,18.504302,ok
EES0423713__X30__Y12__P001.jpg,0.748312,18.482174,ok
EES0423713__X30__Y18__P002.jpg,0.765576,17.754903,ok
EES0423713__X30__Y1B__P003.jpg,0.758653,17.908622,ok
EES0423713__X30__Y1E__P004.jpg,0.817016,18.758548,ok
EES0423713__X33__Y0F__P005.jpg,0.806368,18.600145,ok
EES0423713__X33__Y12__P006.jpg,0.865621,21.051845,ok
EES0423713__X33__Y18__P007.jpg,0.710165,17.005306,ok
EES0423713__X33__Y1E__P008.jpg,0.793281,17.894379,ok
EES0423713__X33__Y21__P009.jpg,0.742164,17.929913,ok
EES0423713__X33__Y24__P010.jpg,0.797795,19.642090,ok
EES0423713__X36__Y12__P011.jpg,0.822128,22.283589,ok
EES0423713__X36__Y18__P012.jpg,0.742934,18.761983,ok
EES0423713__X36__Y1B__P013.jpg,0.746866,18.144640,ok
EES0423713__X36__Y1E__P014.jpg,0.851245,18.452197,ok
EES0423713__X36__Y21__P015.jpg,0.811259,18.854118,ok
EES0423713__X36__Y24__P016.jpg,0.712056,19.473755,ok
EES0423713__X36__Y27__P017.jpg,0.744135,18.107809,ok
EES0423713__X36__Y2A__P018.jpg,0.760175,18.981967,ok
EES0423713__X36__Y3F__P019.jpg,0.823141,20.672230,ok
EES0423713__X39__Y18__P020.jpg,0.786982,18.790377,ok
EES0423713__X39__Y1B__P021.jpg,0.781909,18.988992,ok
EES0423713__X39__Y1E__P022.jpg,0.860879,20.134340,ok
EES0423713__X39__Y21__P023.jpg,0.833136,19.787637,ok
EES0423713__X39__Y24__P024.jpg,0.751033,18.894692,ok
EES0423713__X39__Y27__P025.jpg,0.843599,20.469225,ok
EES0423714__X39__Y2A__P001.jpg,0.777356,18.147866,ok
EES0423714__X39__Y30__P002.jpg,0.905517,22.029598,ok
EES0423714__X3C__Y18__P003.jpg,0.869484,20.471690,ok
EES0423714__X3C__Y1B__P004.jpg,0.918832,26.024957,ok
EES0423714__X3C__Y21__P005.jpg,0.737682,18.157584,ok
EES0423714__X3C__Y24__P006.jpg,0.834424,19.074205,ok
EES0423714__X3C__Y2A__P007.jpg,0.795870,18.714801,ok
EES0423714__X3C__Y2D__P008.jpg,0.753188,19.379212,ok
EES0423714__X3C__Y30__P009.jpg,0.789287,20.534921,ok
EES0423714__X3C__Y33__P010.jpg,0.850312,21.724065,ok
EES0423714__X3C__Y36__P011.jpg,0.789906,17.973361,ok
EES0423714__X3C__Y3C__P012.jpg,0.821306,18.190101,ok
EES0423714__X3F__Y18__P013.jpg,0.825107,21.481674,ok
EES0423714__X3F__Y1B__P014.jpg,0.776461,19.211887,ok
EES0423714__X3F__Y1E__P015.jpg,0.830359,19.086335,ok
EES0423714__X3F__Y21__P016.jpg,0.890899,20.362106,ok
EES0423714__X3F__Y27__P017.jpg,0.879398,20.586020,ok
EES0423714__X3F__Y2A__P018.jpg,0.780511,18.602531,ok
EES0423714__X3F__Y2D__P019.jpg,0.759020,19.195673,ok
EES0423714__X3F__Y30__P020.jpg,0.831177,19.896655,ok
EES0423714__X3F__Y33__P021.jpg,0.817552,18.728910,ok
EES0423714__X3F__Y36__P022.jpg,0.923252,25.264385,ok
EES0423714__X42__Y24__P023.jpg,0.882115,22.239761,ok
EES0423714__X42__Y27__P024.jpg,0.799207,18.143286,ok
EES0423714__X42__Y2A__P025.jpg,0.819141,18.592823,ok
EES0423715__X42__Y2D__P001.jpg,0.903209,26.108583,ok
EES0423715__X42__Y30__P002.jpg,0.760403,18.240028,ok
EES0423715__X0F__Y18__P003.jpg,0.747637,19.885548,ok
EES0423715__X0F__Y1B__P004.jpg,0.827975,19.020928,ok
EES0423715__X0F__Y1E__P005.jpg,0.861456,24.112951,ok
EES0423715__X0F__Y2A__P006.jpg,0.875138,24.223858,ok
EES0423715__X0F__Y2D__P007.jpg,0.854169,21.529418,ok
EES0423715__X12__Y12__P008.jpg,0.851250,23.360741,ok
EES0423715__X12__Y15__P009.jpg,0.852134,23.008995,ok
EES0423715__X12__Y18__P010.jpg,0.912751,29.930969,ok
EES0423715__X12__Y30__P011.jpg,0.792162,20.365769,ok
EES0423715__X12__Y33__P012.jpg,0.814057,20.257533,ok
EES0423715__X15__Y0F__P013.jpg,0.795518,20.014246,ok
EES0423715__X15__Y36__P014.jpg,0.884968,19.809180,ok
EES0423715__X15__Y39__P015.jpg,0.762402,21.667307,ok
EES0423715__X18__Y0C__P016.jpg,0.847484,24.500304,ok
EES0423715__X18__Y39__P017.jpg,0.779420,21.696523,ok
EES0423715__X1B__Y09__P018.jpg,0.882967,27.474399,ok
EES0423715__X1B__Y0C__P019.jpg,0.827237,23.857276,ok
EES0423715__X1B__Y3C__P020.jpg,0.896886,27.575158,ok
EES0423715__X1E__Y09__P021.jpg,0.773556,20.956111,ok
EES0423715__X1E__Y3C__P022.jpg,0.713719,18.351321,ok
EES0423715__X21__Y06__P023.jpg,0.901909,24.920687,ok
EES0423715__X21__Y3F__P024.jpg,0.830374,22.155839,ok
EES0423715__X24__Y06__P025.jpg,0.778186,21.830730,ok
EES0423716__X24__Y3F__P001.jpg,0.863772,24.236158,ok
EES0423716__X27__Y06__P002.jpg,0.790714,19.489948,ok
EES0423716__X27__Y3F__P003.jpg,0.891940,22.436636,ok
EES0423716__X2A__Y03__P004.jpg,0.883081,25.417011,ok
EES0423716__X2A__Y06__P005.jpg,0.763231,19.253145,ok
EES0423716__X2A__Y3F__P006.jpg,0.783077,19.146487,ok
EES0423716__X2A__Y42__P007.jpg,0.757230,18.078055,ok
EES0423716__X2D__Y06__P008.jpg,0.867541,23.917481,ok
EES0423716__X30__Y06__P009.jpg,0.865410,22.269097,ok
EES0423716__X33__Y06__P010.jpg,0.819294,20.721635,ok
EES0423716__X33__Y3F__P011.jpg,0.798868,18.362218,ok
EES0423716__X36__Y06__P012.jpg,0.826365,21.197984,ok
EES0423716__X36__Y09__P013.jpg,0.724841,17.846425,ok
EES0423716__X36__Y36__P014.jpg,0.788465,18.577878,ok
EES0423716__X36__Y39__P015.jpg,0.757979,19.067700,ok
EES0423716__X36__Y3C__P016.jpg,0.766301,18.648362,ok
EES0423716__X39__Y09__P017.jpg,0.758166,18.161154,ok
EES0423716__X39__Y33__P018.jpg,0.697556,18.163032,ok
EES0423716__X39__Y36__P019.jpg,0.807927,20.064486,ok
EES0423716__X39__Y39__P020.jpg,0.751546,18.503694,ok
EES0423716__X39__Y3C__P021.jpg,0.917225,28.661005,ok
EES0423716__X3C__Y09__P022.jpg,0.826719,20.770089,ok
EES0423716__X3C__Y0C__P023.jpg,0.750057,19.510334,ok
EES0423716__X3C__Y33__P024.jpg,0.777293,18.053928,ok
EES0423716__X3C__Y36__P025.jpg,0.746679,17.840991,ok
EES0423717__X3C__Y39__P001.jpg,0.858118,19.542987,ok
EES0423717__X3F__Y0C__P002.jpg,0.808614,17.906975,ok
EES0423717__X3F__Y0F__P003.jpg,0.727549,17.679817,ok
EES0423717__X3F__Y2A__P004.jpg,0.850127,19.610779,ok
EES0423717__X3F__Y30__P005.jpg,0.810928,20.436345,ok
EES0423717__X42__Y0F__P006.jpg,0.783048,18.277480,ok
EES0423717__X42__Y12__P007.jpg,0.772556,17.509680,ok
EES0423717__X42__Y18__P008.jpg,0.766382,17.575379,ok
EES0423717__X42__Y27__P009.jpg,0.800329,18.549357,ok
EES0423717__X42__Y2D__P010.jpg,0.782762,19.244086,ok
EES0423717__X42__Y30__P011.jpg,0.773151,18.848112,ok
EES0423717__X45__Y12__P012.jpg,0.802465,17.959245,ok
EES0423717__X45__Y18__P013.jpg,0.759437,18.209462,ok
EES0423717__X45__Y21__P014.jpg,0.848044,18.077017,ok
EES0423717__X45__Y2A__P015.jpg,0.903564,21.702148,ok
EES0423717__X45__Y2D__P016.jpg,0.811173,18.141352,ok
EES0423717__X45__Y30__P017.jpg,0.880492,22.665379,ok
EES0423717__X48__Y21__P018.jpg,0.917007,26.688760,ok
EES0423717__X48__Y24__P019.jpg,0.797237,19.310407,ok
EES0423717__X15__Y27__P020.jpg,0.936526,27.878505,ok
EES0423717__X15__Y2A__P021.jpg,0.800225,18.165881,ok
EES0423717__X18__Y1E__P022.jpg,0.871384,20.702088,ok
EES0423717__X1B__Y21__P023.jpg,0.867358,20.667985,ok
EES0423717__X2D__Y09__P024.jpg,0.815440,18.141779,ok
EES0423717__X30__Y12__P025.jpg,0.895216,25.111794,ok
EES0423718__X30__Y39__P001.jpg,0.669969,17.031696,ok
EES0423718__X33__Y39__P002.jpg,0.670260,17.690417,ok
EES0423718__X3F__Y0C__P003.jpg,0.860757,22.145882,ok
EES0423718__X3F__Y0F__P004.jpg,0.826106,18.265064,ok
EES0423718__X42__Y1E__P005.jpg,0.718589,19.143168,ok
EES0423718__X42__Y21__P006.jpg,0.817034,18.350978,ok
EES0423718__X42__Y33__P007.jpg,0.897194,23.176550,ok
EES0423718__X09__Y24__P008.jpg,0.824230,22.026275,ok
EES0423718__X09__Y27__P009.jpg,0.748316,17.228067,ok
EES0423718__X12__Y39__P010.jpg,0.801714,20.521032,ok
EES0423718__X18__Y36__P011.jpg,0.753888,20.897207,ok
EES0423718__X18__Y3F__P012.jpg,0.726474,18.885208,ok
EES0423718__X1B__Y24__P013.jpg,0.763262,17.511800,ok
EES0423718__X1B__Y3F__P014.jpg,0.776823,18.731936,ok
EES0423718__X1E__Y24__P015.jpg,0.821637,21.463517,ok
EES0423718__X1E__Y27__P016.jpg,0.689612,18.655668,ok
EES0423718__X1E__Y36__P017.jpg,0.713686,18.513332,ok
EES0423718__X1E__Y39__P018.jpg,0.814023,18.567742,ok
EES0423718__X1E__Y42__P019.jpg,0.799350,21.478645,ok
EES0423718__X21__Y18__P020.jpg,0.842227,19.935048,ok
EES0423718__X21__Y30__P021.jpg,0.805649,19.488404,ok
EES0423718__X21__Y3C__P022.jpg,0.864593,19.586106,ok
EES0423718__X21__Y3F__P023.jpg,0.727788,19.587406,ok
EES0423718__X21__Y42__P024.jpg,0.669201,17.958592,ok
EES0423718__X24__Y09__P025.jpg,0.776173,20.766563,ok
EES0423719__X24__Y18__P001.jpg,0.745714,20.024256,ok
EES0423719__X24__Y24__P002.jpg,0.750395,19.135773,ok
EES0423719__X24__Y2A__P003.jpg,0.824505,22.713998,ok
EES0423719__X24__Y36__P004.jpg,0.783286,20.087007,ok
EES0423719__X24__Y39__P005.jpg,0.732135,18.500209,ok
EES0423719__X24__Y3C__P006.jpg,0.779873,19.235843,ok
EES0423719__X27__Y09__P007.jpg,0.705780,18.923684,ok
EES0423719__X27__Y0C__P008.jpg,0.780391,19.621403,ok
EES0423719__X27__Y24__P009.jpg,0.710951,18.657128,ok
EES0423719__X2A__Y09__P010.jpg,0.775702,19.914690,ok
EES0423719__X2A__Y3F__P011.jpg,0.825855,20.289353,ok
EES0423719__X2D__Y0C__P012.jpg,0.845236,23.915654,ok
EES0423719__X2D__Y0F__P013.jpg,0.657649,16.584547,ok
EES0423719__X2D__Y2D__P014.jpg,0.716551,19.331290,ok
EES0423719__X2D__Y36__P015.jpg,0.773300,19.128472,ok
EES0423719__X30__Y0C__P016.jpg,0.794210,20.058819,ok
EES0423719__X30__Y18__P017.jpg,0.697789,17.500047,ok
EES0423719__X30__Y21__P018.jpg,0.756576,18.798169,ok
EES0423719__X30__Y27__P019.jpg,0.901378,24.148604,ok
EES0423719__X30__Y33__P020.jpg,0.716887,18.352402,ok
EES0423719__X30__Y36__P021.jpg,0.805428,21.349169,ok
EES0423719__X30__Y42__P022.jpg,0.748096,19.210240,ok
EES0423719__X33__Y0C__P023.jpg,0.717992,18.387869,ok
EES0423719__X33__Y15__P024.jpg,0.721692,18.411509,ok
EES0423719__X33__Y36__P025.jpg,0.772121,18.874000,ok
EES0423720__X36__Y0F__P001.jpg,0.686378,19.028629,ok
EES0423720__X36__Y15__P002.jpg,0.733978,18.505763,ok
EES0423720__X36__Y18__P003.jpg,0.726671,19.570510,ok
EES0423720__X36__Y1B__P004.jpg,0.727567,18.856459,ok
EES0423720__X36__Y1E__P005.jpg,0.748222,20.051171,ok
EES0423720__X36__Y21__P006.jpg,0.735012,19.829115,ok
EES0423720__X36__Y33__P007.jpg,0.693720,19.689810,ok
EES0423720__X36__Y36__P008.jpg,0.803313,19.014510,ok
EES0423720__X36__Y3F__P009.jpg,0.772301,20.657786,ok
EES0423720__X39__Y12__P010.jpg,0.755868,20.802698,ok
EES0423720__X39__Y15__P011.jpg,0.764027,21.251074,ok
EES0423720__X39__Y18__P012.jpg,0.726401,18.930467,ok
EES0423720__X39__Y1E__P013.jpg,0.748377,19.815237,ok
EES0423720__X39__Y21__P014.jpg,0.718981,19.275784,ok
EES0423720__X39__Y27__P015.jpg,0.768931,21.254230,ok
EES0423720__X39__Y39__P016.jpg,0.753634,18.615827,ok
EES0423720__X39__Y3C__P017.jpg,0.779558,20.240385,ok
EES0423720__X3C__Y15__P018.jpg,0.698838,19.198353,ok
EES0423720__X3C__Y18__P019.jpg,0.703540,20.249419,ok
EES0423720__X3C__Y1B__P020.jpg,0.779577,22.114620,ok
EES0423720__X3C__Y24__P021.jpg,0.827943,21.744133,ok
EES0423720__X3C__Y30__P022.jpg,0.800312,21.645796,ok
EES0423720__X3C__Y33__P023.jpg,0.878501,24.795438,ok
EES0423720__X3C__Y36__P024.jpg,0.748568,17.612679,ok
EES0423720__X3F__Y15__P025.jpg,0.696069,18.458191,ok
EES0423721__X3F__Y18__P001.jpg,0.838951,20.099826,ok
EES0423721__X3F__Y1B__P002.jpg,0.869546,22.776407,ok
EES0423721__X3F__Y1E__P003.jpg,0.842183,20.745793,ok
EES0423721__X3F__Y21__P004.jpg,0.796849,18.819760,ok
EES0423721__X3F__Y27__P005.jpg,0.860328,21.432863,ok
EES0423721__X3F__Y2A__P006.jpg,0.803989,21.256837,ok
EES0423721__X3F__Y30__P007.jpg,0.850626,24.757627,ok
EES0423721__X42__Y1B__P008.jpg,0.719148,19.508902,ok
EES0423721__X42__Y21__P009.jpg,0.863190,18.836962,ok
EES0423721__X42__Y24__P010.jpg,0.820986,18.200068,ok
EES0423721__X42__Y27__P011.jpg,0.745658,20.885705,ok
EES0423721__X42__Y2A__P012.jpg,0.807444,18.795451,ok
EES0423721__X0F__Y06__P013.jpg,0.737290,17.750266,ok
EES0423721__X0F__Y2A__P014.jpg,0.797166,21.869512,ok
EES0423721__X12__Y1B__P015.jpg,0.794646,18.362309,ok
EES0423721__X12__Y2D__P016.jpg,0.762797,19.981447,ok
EES0423721__X15__Y1E__P017.jpg,0.844817,19.691960,ok
EES0423721__X15__Y24__P018.jpg,0.792955,20.432830,ok
EES0423721__X15__Y27__P019.jpg,0.794320,19.531519,ok
EES0423721__X15__Y33__P020.jpg,0.876604,22.064538,ok
EES0423721__X18__Y1E__P021.jpg,0.775938,19.709790,ok
EES0423721__X18__Y21__P022.jpg,0.897684,24.814449,ok
EES0423721__X18__Y24__P023.jpg,0.834879,20.616534,ok
EES0423721__X18__Y2D__P024.jpg,0.760744,20.475971,ok
EES0423721__X1B__Y1E__P025.jpg,0.833009,18.261526,ok
EES0423722__X36__Y0F__P001.jpg,0.901954,22.659152,ok
EES0423722__X36__Y1B__P002.jpg,0.872087,20.205645,ok
EES0423722__X36__Y27__P003.jpg,0.813655,18.493272,ok
EES0423722__X39__Y0F__P004.jpg,0.873275,23.375930,ok
EES0423722__X0F__Y18__P005.jpg,0.887976,24.995827,ok
EES0423722__X0F__Y1B__P006.jpg,0.879038,25.989657,ok
EES0423722__X0F__Y21__P007.jpg,0.791890,21.376531,ok
EES0423722__X0F__Y24__P008.jpg,0.850985,23.569793,ok
EES0423722__X0F__Y27__P009.jpg,0.885754,22.006630,ok
EES0423722__X0F__Y2A__P010.jpg,0.880500,26.666702,ok
EES0423722__X0F__Y2D__P011.jpg,0.844806,23.387676,ok
EES0423722__X12__Y12__P012.jpg,0.782160,19.430126,ok
EES0423722__X12__Y15__P013.jpg,0.798681,17.666953,ok
EES0423722__X12__Y18__P014.jpg,0.838297,19.479023,ok
EES0423722__X12__Y30__P015.jpg,0.904650,23.507176,ok
EES0423722__X12__Y33__P016.jpg,0.843877,19.733015,ok
EES0423722__X15__Y0F__P017.jpg,0.834549,18.699994,ok
EES0423722__X15__Y33__P018.jpg,0.819371,21.538614,ok
EES0423722__X15__Y36__P019.jpg,0.841955,21.466546,ok
EES0423722__X18__Y0C__P020.jpg,0.834066,19.642031,ok
EES0423722__X18__Y39__P021.jpg,0.722839,18.789449,ok
EES0423722__X1B__Y09__P022.jpg,0.819026,20.473203,ok
EES0423722__X1B__Y3C__P023.jpg,0.798190,21.887304,ok
EES0423722__X1E__Y09__P024.jpg,0.807061,19.592700,ok
EES0423722__X1E__Y3C__P025.jpg,0.825831,22.403787,ok
EES0423723__X21__Y06__P001.jpg,0.917624,24.442614,ok
EES0423723__X24__Y06__P002.jpg,0.679315,17.684162,ok
EES0423723__X24__Y30__P003.jpg,0.694836,16.953107,ok
EES0423723__X24__Y3F__P004.jpg,0.884216,24.213465,ok
EES0423723__X27__Y3F__P005.jpg,0.832852,19.923006,ok
EES0423723__X2A__Y03__P006.jpg,0.829123,19.500742,ok
EES0423723__X2D__Y03__P007.jpg,0.810805,20.483478,ok
EES0423723__X30__Y03__P008.jpg,0.774673,19.891915,ok
EES0423723__X30__Y1E__P009.jpg,0.693377,16.995421,ok
EES0423723__X30__Y3F__P010.jpg,0.668551,17.217789,ok
EES0423723__X33__Y03__P011.jpg,0.713877,17.701307,ok
EES0423723__X33__Y06__P012.jpg,0.854650,21.207219,ok
EES0423723__X33__Y1E__P013.jpg,0.831000,20.300004,ok
EES0423723__X33__Y3C__P014.jpg,0.897042,22.146613,ok
EES0423723__X36__Y06__P015.jpg,0.788353,18.242793,ok
EES0423723__X36__Y09__P016.jpg,0.912314,26.329133,ok
EES0423723__X36__Y30__P017.jpg,0.720623,17.202487,ok
EES0423723__X36__Y3C__P018.jpg,0.796059,19.866008,ok
EES0423723__X39__Y09__P019.jpg,0.648255,16.390398,ok
EES0423723__X39__Y12__P020.jpg,0.699032,17.249736,ok
EES0423723__X39__Y36__P021.jpg,0.849538,20.228800,ok
EES0423723__X39__Y39__P022.jpg,0.702240,18.311206,ok
EES0423723__X39__Y3C__P023.jpg,0.763300,19.547148,ok
EES0423723__X3C__Y0C__P024.jpg,0.819600,19.278159,ok
EES0423723__X3C__Y36__P025.jpg,0.854369,22.970370,ok
EES0423724__X3C__Y39__P001.jpg,0.659734,16.896959,ok
EES0423724__X3F__Y0C__P002.jpg,0.819802,18.464735,ok
EES0423724__X3F__Y15__P003.jpg,0.810592,20.493506,ok
EES0423724__X3F__Y21__P004.jpg,0.895681,25.151035,ok
EES0423724__X3F__Y30__P005.jpg,0.781774,18.376815,ok
EES0423724__X3F__Y33__P006.jpg,0.872514,23.003478,ok
EES0423724__X3F__Y36__P007.jpg,0.804272,20.780322,ok
EES0423724__X42__Y0F__P008.jpg,0.818453,22.813124,ok
EES0423724__X42__Y12__P009.jpg,0.868883,24.412524,ok
EES0423724__X42__Y15__P010.jpg,0.779094,19.284395,ok
EES0423724__X42__Y2D__P011.jpg,0.835663,22.558083,ok
EES0423724__X42__Y30__P012.jpg,0.882436,24.078409,ok
EES0423724__X45__Y15__P013.jpg,0.863310,22.022788,ok
EES0423724__X45__Y18__P014.jpg,0.880514,21.924292,ok
EES0423724__X45__Y1E__P015.jpg,0.846250,22.417282,ok
EES0423724__X45__Y27__P016.jpg,0.824275,20.928216,ok
EES0423724__X45__Y2D__P017.jpg,0.742719,18.196119,ok
EES0423724__X48__Y21__P018.jpg,0.641600,16.357960,ok
EES0423724__X48__Y27__P019.jpg,0.761425,19.147105,ok
EES0423724__X0F__Y2A__P020.jpg,0.758736,17.411193,ok
EES0423724__X12__Y21__P021.jpg,0.845711,20.836339,ok
EES0423724__X12__Y24__P022.jpg,0.815388,20.573943,ok
EES0423724__X12__Y27__P023.jpg,0.828908,20.827621,ok
EES0423724__X12__Y2A__P024.jpg,0.753359,19.449172,ok
EES0423724__X12__Y2D__P025.jpg,0.714091,17.525683,ok
EES0423725__X15__Y24__P001.jpg,0.860274,25.838741,ok
EES0423725__X15__Y30__P002.jpg,0.801207,21.851997,ok
EES0423725__X15__Y33__P003.jpg,0.665029,17.607860,ok
EES0423725__X15__Y36__P004.jpg,0.701242,17.381480,ok
EES0423725__X15__Y3C__P005.jpg,0.644041,16.543555,ok
EES0423725__X18__Y24__P006.jpg,0.918514,24.519180,ok
EES0423725__X18__Y27__P007.jpg,0.643800,17.500797,ok
EES0423725__X1B__Y24__P008.jpg,0.739558,18.308451,ok
EES0423725__X1B__Y27__P009.jpg,0.726569,18.316258,ok
EES0423725__X1B__Y3C__P010.jpg,0.782564,20.023153,ok
EES0423725__X1E__Y0C__P011.jpg,0.854981,19.732623,ok
EES0423725__X1E__Y18__P012.jpg,0.927250,32.199089,ok
EES0423725__X1E__Y27__P013.jpg,0.655667,18.392355,ok
EES0423725__X21__Y09__P014.jpg,0.780354,19.221235,ok
EES0423725__X21__Y12__P015.jpg,0.770451,20.006351,ok
EES0423725__X21__Y15__P016.jpg,0.810141,19.958338,ok
EES0423725__X21__Y27__P017.jpg,0.797436,18.872984,ok
EES0423725__X24__Y09__P018.jpg,0.720703,18.394508,ok
EES0423725__X24__Y0F__P019.jpg,0.780690,19.205512,ok
EES0423725__X24__Y12__P020.jpg,0.749028,19.116336,ok
EES0423725__X24__Y15__P021.jpg,0.767273,18.593285,ok
EES0423725__X24__Y18__P022.jpg,0.742528,18.340500,ok
EES0423725__X24__Y27__P023.jpg,0.686700,17.460655,ok
EES0423725__X24__Y2A__P024.jpg,0.732096,17.652486,ok
EES0423725__X27__Y15__P025.jpg,0.685442,18.912088,ok
EES0423726__X27__Y18__P001.jpg,0.693033,18.860549,ok
EES0423726__X27__Y2A__P002.jpg,0.837969,18.524992,ok
EES0423726__X27__Y2D__P003.jpg,0.819651,19.968249,ok
EES0423726__X2A__Y09__P004.jpg,0.714194,19.819705,ok
EES0423726__X2A__Y0C__P005.jpg,0.835780,19.313135,ok
EES0423726__X2A__Y0F__P006.jpg,0.730671,19.694586,ok
EES0423726__X2A__Y18__P007.jpg,0.787970,18.201743,ok
EES0423726__X2A__Y27__P008.jpg,0.800165,21.557123,ok
EES0423726__X2A__Y2D__P009.jpg,0.638879,17.315297,ok
EES0423726__X2D__Y09__P010.jpg,0.717399,18.349441,ok
EES0423726__X2D__Y0C__P011.jpg,0.766281,19.774177,ok
EES0423726__X2D__Y15__P012.jpg,0.730375,18.197994,ok
EES0423726__X2D__Y18__P013.jpg,0.760299,20.045824,ok
EES0423726__X2D__Y2D__P014.jpg,0.756078,21.073877,ok
EES0423726__X30__Y09__P015.jpg,0.874354,19.763806,ok
EES0423726__X30__Y0C__P016.jpg,0.682362,17.333417,ok
EES0423726__X30__Y27__P017.jpg,0.846327,19.820860,ok
EES0423726__X30__Y2A__P018.jpg,0.817355,19.697500,ok
EES0423726__X33__Y09__P019.jpg,0.832888,23.122280,ok
EES0423726__X33__Y0C__P020.jpg,0.743064,18.191375,ok
EES0423726__X36__Y0C__P021.jpg,0.856787,20.386591,ok
EES0423726__X36__Y12__P022.jpg,0.805065,19.088217,ok
EES0423726__X36__Y2A__P023.jpg,0.787674,20.017580,ok
EES0423726__X39__Y0F__P024.jpg,0.877318,22.119748,ok
EES0423726__X39__Y2A__P025.jpg,0.660774,16.946964,ok
EES0423727__X1B__Y06__P001.jpg,0.723445,18.467225,ok
EES0423727__X1E__Y3F__P002.jpg,0.925951,26.146673,ok
EES0423727__X21__Y3F__P003.jpg,0.812223,18.329453,ok
EES0423727__X24__Y03__P004.jpg,0.909057,28.824107,ok
EES0423727__X27__Y03__P005.jpg,0.831297,19.118464,ok
EES0423727__X27__Y3F__P006.jpg,0.906969,25.121798,ok
EES0423727__X30__Y06__P007.jpg,0.774922,19.190812,ok
EES0423727__X30__Y36__P008.jpg,0.694490,18.144573,ok
EES0423727__X30__Y3C__P009.jpg,0.843219,19.019303,ok
EES0423727__X33__Y2D__P010.jpg,0.793605,17.728935,ok
EES0423727__X33__Y30__P011.jpg,0.745976,17.667286,ok
EES0423727__X33__Y33__P012.jpg,0.773646,19.291515,ok
EES0423727__X33__Y36__P013.jpg,0.778970,20.941977,ok
EES0423727__X36__Y0C__P014.jpg,0.736770,17.969261,ok
EES0423727__X36__Y27__P015.jpg,0.806501,22.543481,ok
EES0423727__X36__Y2A__P016.jpg,0.791925,19.216779,ok
EES0423727__X36__Y2D__P017.jpg,0.811751,18.827607,ok
EES0423727__X36__Y30__P018.jpg,0.872055,21.994012,ok
EES0423727__X36__Y33__P019.jpg,0.770217,17.751588,ok
EES0423727__X39__Y0C__P020.jpg,0.783996,18.392390,ok
EES0423727__X39__Y0F__P021.jpg,0.750460,17.671007,ok
EES0423727__X39__Y1E__P022.jpg,0.842786,21.645122,ok
EES0423727__X39__Y27__P023.jpg,0.758712,17.988029,ok
EES0423727__X39__Y2A__P024.jpg,0.750664,18.400751,ok
EES0423727__X39__Y2D__P025.jpg,0.805064,18.641501,ok
EES0423728__X3C__Y0F__P001.jpg,0.742770,18.391013,ok
EES0423728__X3C__Y12__P002.jpg,0.794449,18.458618,ok
EES0423728__X3C__Y15__P003.jpg,0.902323,27.567116,ok
EES0423728__X3C__Y1B__P004.jpg,0.762170,18.436994,ok
EES0423728__X3C__Y1E__P005.jpg,0.743324,18.189988,ok
EES0423728__X3C__Y21__P006.jpg,0.808224,18.752696,ok
EES0423728__X3C__Y27__P007.jpg,0.761183,18.117542,ok
EES0423728__X3C__Y2A__P008.jpg,0.707311,17.187108,ok
EES0423728__X3C__Y36__P009.jpg,0.748119,17.782149,ok
EES0423728__X3F__Y12__P010.jpg,0.789082,17.965117,ok
EES0423728__X3F__Y18__P011.jpg,0.871534,21.555780,ok
EES0423728__X3F__Y1B__P012.jpg,0.861426,18.978963,ok
EES0423728__X3F__Y1E__P013.jpg,0.809168,18.230116,ok
EES0423728__X3F__Y21__P014.jpg,0.850887,22.393981,ok
EES0423728__X3F__Y24__P015.jpg,0.711008,17.529952,ok
EES0423728__X3F__Y27__P016.jpg,0.834597,21.983739,ok
EES0423728__X42__Y24__P017.jpg,0.855061,20.832675,ok
EES0423728__X12__Y18__P018.jpg,0.776984,19.176174,ok
EES0423728__X12__Y27__P019.jpg,0.882939,23.149430,ok
EES0423728__X15__Y1B__P020.jpg,0.751101,17.495615,ok
EES0423728__X15__Y2A__P021.jpg,0.840103,19.921436,ok
EES0423728__X18__Y1E__P022.jpg,0.715491,18.310500,ok
EES0423728__X18__Y21__P023.jpg,0.737740,17.538924,ok
EES0423728__X18__Y27__P024.jpg,0.798103,18.215883,ok
EES0423728__X1B__Y18__P025.jpg,0.826679,21.631773,ok
EES0423729__X2D__Y15__P001.jpg,0.788724,18.358647,ok
EES0423729__X2D__Y18__P002.jpg,0.728360,18.806464,ok
EES0423729__X2D__Y1B__P003.jpg,0.721282,17.430033,ok
EES0423729__X2D__Y1E__P004.jpg,0.886661,20.538332,ok
EES0423729__X30__Y0C__P005.jpg,0.873110,22.010328,ok
EES0423729__X30__Y15__P006.jpg,0.755259,19.630918,ok
EES0423729__X30__Y18__P007.jpg,0.801932,19.796904,ok
EES0423729__X33__Y0C__P008.jpg,0.644074,16.511651,ok
EES0423729__X33__Y0F__P009.jpg,0.898763,23.591630,ok
EES0423729__X33__Y18__P010.jpg,0.870838,19.919209,ok
EES0423729__X33__Y1B__P011.jpg,0.867112,21.639537,ok
EES0423729__X36__Y0C__P012.jpg,0.866933,20.304101,ok
EES0423729__X36__Y18__P013.jpg,0.782662,17.862953,ok
EES0423729__X39__Y0F__P014.jpg,0.669995,17.962602,ok
EES0423729__X39__Y12__P015.jpg,0.857819,20.377832,ok
EES0423729__X39__Y18__P016.jpg,0.809573,18.662207,ok
EES0423729__X3C__Y12__P017.jpg,0.875864,23.459022,ok
EES0423729__X3C__Y15__P018.jpg,0.780519,18.604288,ok
EES0423729__X3C__Y18__P019.jpg,0.701178,17.468405,ok
EES0423729__X3F__Y15__P020.jpg,0.620318,16.803038,ok
EES0423729__X3F__Y18__P021.jpg,0.785542,19.200745,ok
EES0423729__X12__Y1E__P022.jpg,0.786498,17.712597,ok
EES0423729__X1B__Y33__P023.jpg,0.759765,18.077282,ok
EES0423729__X1E__Y09__P024.jpg,0.888452,20.345576,ok
EES0423729__X1E__Y0C__P025.jpg,0.820035,18.043686,ok
EES0423730__X1E__Y36__P001.jpg,0.693970,17.018131,ok
EES0423730__X1E__Y39__P002.jpg,0.771054,17.352365,ok
EES0423730__X24__Y36__P003.jpg,0.791648,17.571793,ok
EES0423730__X27__Y33__P004.jpg,0.785302,18.470541,ok
EES0423730__X2A__Y06__P005.jpg,0.817045,18.944047,ok
EES0423730__X2D__Y30__P006.jpg,0.831614,19.754225,ok
EES0423730__X2D__Y33__P007.jpg,0.803107,18.964014,ok
EES0423730__X2D__Y36__P008.jpg,0.731250,16.984112,ok
EES0423730__X2D__Y3C__P009.jpg,0.759244,18.032822,ok
EES0423730__X30__Y36__P010.jpg,0.735015,17.260367,ok
EES0423730__X33__Y0C__P011.jpg,0.855357,19.442246,ok
EES0423730__X33__Y0F__P012.jpg,0.804307,20.519327,ok
EES0423730__X33__Y21__P013.jpg,0.792898,17.659845,ok
EES0423730__X36__Y12__P014.jpg,0.674426,16.886800,ok
EES0423730__X36__Y1B__P015.jpg,0.768686,17.609000,ok
EES0423730__X36__Y21__P016.jpg,0.883633,19.617119,ok
EES0423730__X36__Y27__P017.jpg,0.821890,19.288293,ok
EES0423730__X36__Y2A__P018.jpg,0.793624,17.566135,ok
EES0423730__X39__Y0C__P019.jpg,0.784760,17.769225,ok
EES0423730__X39__Y0F__P020.jpg,0.764403,17.359048,ok
EES0423730__X39__Y15__P021.jpg,0.717984,18.712955,ok
EES0423730__X39__Y1E__P022.jpg,0.661764,16.548442,ok
EES0423730__X39__Y21__P023.jpg,0.799611,17.995637,ok
EES0423730__X3C__Y12__P024.jpg,0.729149,17.131737,ok
EES0423730__X3C__Y18__P025.jpg,0.745388,18.838829,ok
EES0423731__X3F__Y30__P001.jpg,0.783206,18.986505,ok
EES0423731__X3F__Y33__P002.jpg,0.866249,21.985926,ok
EES0423731__X42__Y30__P003.jpg,0.820938,19.014848,ok
EES0423731__X45__Y30__P004.jpg,0.857211,23.246909,ok
EES0423731__X0F__Y15__P005.jpg,0.791611,19.637522,ok
EES0423731__X15__Y12__P006.jpg,0.802151,18.047463,ok
EES0423731__X15__Y15__P007.jpg,0.786829,18.839859,ok
EES0423731__X18__Y0C__P008.jpg,0.809659,19.311810,ok
EES0423731__X18__Y0F__P009.jpg,0.728981,18.756984,ok
EES0423731__X18__Y12__P010.jpg,0.737279,17.975128,ok
EES0423731__X18__Y15__P011.jpg,0.829934,20.300218,ok
EES0423731__X1B__Y09__P012.jpg,0.759268,18.572118,ok
EES0423731__X1B__Y0C__P013.jpg,0.778485,21.042726,ok
EES0423731__X1B__Y0F__P014.jpg,0.815226,19.507680,ok
EES0423731__X1E__Y0C__P015.jpg,0.830110,21.629472,ok
EES0423731__X1E__Y0F__P016.jpg,0.815852,19.726040,ok
EES0423731__X21__Y09__P017.jpg,0.818476,21.919023,ok
EES0423731__X21__Y0F__P018.jpg,0.871218,21.799599,ok
EES0423731__X21__Y12__P019.jpg,0.813032,18.091418,ok
EES0423731__X21__Y15__P020.jpg,0.798676,20.986220,ok
EES0423731__X24__Y09__P021.jpg,0.784878,21.223146,ok
EES0423731__X24__Y0C__P022.jpg,0.799981,19.726434,ok
EES0423731__X24__Y0F__P023.jpg,0.797939,19.900873,ok
EES0423731__X24__Y12__P024.jpg,0.887367,21.201061,ok
EES0423731__X24__Y15__P025.jpg,0.835883,18.610615,ok
EES0423732__X27__Y09__P001.jpg,0.772592,20.458540,ok
EES0423732__X27__Y0C__P002.jpg,0.867770,26.035004,ok
EES0423732__X27__Y0F__P003.jpg,0.814420,23.942001,ok
EES0423732__X27__Y12__P004.jpg,0.773908,19.829368,ok
EES0423732__X27__Y15__P005.jpg,0.761704,19.241190,ok
EES0423732__X2A__Y09__P006.jpg,0.738497,17.269203,ok
EES0423732__X2A__Y0C__P007.jpg,0.752541,19.020275,ok
EES0423732__X2A__Y0F__P008.jpg,0.816500,20.645223,ok
EES0423732__X2A__Y12__P009.jpg,0.838525,19.558625,ok
EES0423732__X2A__Y15__P010.jpg,0.737501,19.090095,ok
EES0423732__X2D__Y0C__P011.jpg,0.782942,19.727551,ok
EES0423732__X2D__Y0F__P012.jpg,0.813245,18.821289,ok
EES0423732__X2D__Y12__P013.jpg,0.780199,20.641651,ok
EES0423732__X2D__Y15__P014.jpg,0.827722,19.385550,ok
EES0423732__X2D__Y18__P015.jpg,0.777598,20.188914,ok
EES0423732__X2D__Y1B__P016.jpg,0.792113,19.475890,ok
EES0423732__X2D__Y24__P017.jpg,0.840902,21.767066,ok
EES0423732__X2D__Y2D__P018.jpg,0.879089,19.198401,ok
EES0423732__X2D__Y36__P019.jpg,0.843446,18.115554,ok
EES0423732__X30__Y0F__P020.jpg,0.860189,19.578008,ok
EES0423732__X30__Y12__P021.jpg,0.877322,21.512452,ok
EES0423732__X30__Y15__P022.jpg,0.846042,22.219925,ok
EES0423732__X30__Y18__P023.jpg,0.751478,17.808161,ok
EES0423732__X30__Y1B__P024.jpg,0.819769,19.063024,ok
EES0423732__X30__Y21__P025.jpg,0.872319,25.429798,ok
EES0423733__X33__Y0F__P001.jpg,0.867624,22.717760,ok
EES0423733__X33__Y12__P002.jpg,0.939035,26.205697,ok
EES0423733__X33__Y15__P003.jpg,0.840293,21.281555,ok
EES0423733__X33__Y18__P004.jpg,0.868483,22.361642,ok
EES0423733__X33__Y1B__P005.jpg,0.854542,25.817273,ok
EES0423733__X33__Y1E__P006.jpg,0.821109,18.954329,ok
EES0423733__X33__Y21__P007.jpg,0.814873,18.389148,ok
EES0423733__X33__Y2D__P008.jpg,0.840748,21.180436,ok
EES0423733__X36__Y18__P009.jpg,0.862760,18.826765,ok
EES0423733__X36__Y1B__P010.jpg,0.795418,18.517788,ok
EES0423733__X36__Y2D__P011.jpg,0.797970,17.745013,ok
EES0423733__X36__Y30__P012.jpg,0.769912,17.803174,ok
EES0423733__X39__Y15__P013.jpg,0.868974,20.232972,ok
EES0423733__X39__Y18__P014.jpg,0.823168,18.068560,ok
EES0423733__X39__Y27__P015.jpg,0.779559,21.450077,ok
EES0423733__X39__Y2A__P016.jpg,0.840468,21.509780,ok
EES0423733__X39__Y2D__P017.jpg,0.843246,21.461312,ok
EES0423733__X3F__Y24__P018.jpg,0.782951,18.511667,ok
EES0423733__X06__Y33__P019.jpg,0.875848,20.090820,ok
EES0423733__X09__Y21__P020.jpg,0.799688,17.757321,ok
EES0423733__X09__Y27__P021.jpg,0.904995,22.549940,ok
EES0423733__X09__Y2A__P022.jpg,0.871176,19.555288,ok
EES0423733__X09__Y2D__P023.jpg,0.848171,20.032033,ok
EES0423733__X09__Y30__P024.jpg,0.828914,21.206929,ok
EES0423733__X0F__Y1B__P025.jpg,0.876072,20.692621,ok
EES0423734__X0F__Y1E__P001.jpg,0.901845,25.659990,ok
EES0423734__X0F__Y33__P002.jpg,0.850858,20.552479,ok
EES0423734__X12__Y33__P003.jpg,0.845751,20.090346,ok
EES0423734__X12__Y36__P004.jpg,0.859923,20.710691,ok
EES0423734__X12__Y3C__P005.jpg,0.863305,21.882579,ok
EES0423734__X15__Y3C__P006.jpg,0.853766,20.810283,ok
EES0423734__X18__Y1B__P007.jpg,0.787400,18.533939,ok
EES0423734__X18__Y1E__P008.jpg,0.887614,21.696659,ok
EES0423734__X18__Y39__P009.jpg,0.868552,19.970145,ok
EES0423734__X18__Y3C__P010.jpg,0.784057,18.888043,ok
EES0423734__X18__Y3F__P011.jpg,0.761008,18.109768,ok
EES0423734__X18__Y42__P012.jpg,0.875777,24.490215,ok
EES0423734__X1B__Y1B__P013.jpg,0.825859,19.313395,ok
EES0423734__X1B__Y1E__P014.jpg,0.880563,20.651950,ok
EES0423734__X1B__Y2A__P015.jpg,0.832946,21.009121,ok
EES0423734__X1B__Y39__P016.jpg,0.864580,21.008412,ok
EES0423734__X1B__Y45__P017.jpg,0.843616,20.994697,ok
EES0423734__X1E__Y3C__P018.jpg,0.812033,19.952455,ok
EES0423734__X1E__Y42__P019.jpg,0.800800,18.655465,ok
EES0423734__X21__Y3C__P020.jpg,0.880723,21.674793,ok
EES0423734__X21__Y3F__P021.jpg,0.808972,18.918213,ok
EES0423734__X21__Y42__P022.jpg,0.889751,23.398194,ok
EES0423734__X21__Y45__P023.jpg,0.870935,24.055463,ok
EES0423734__X24__Y18__P024.jpg,0.892413,22.885992,ok
EES0423734__X24__Y1B__P025.jpg,0.783947,18.273149,ok
EES0423735__X3F__Y1B__P001.jpg,0.798716,18.150526,ok
EES0423735__X3F__Y1E__P002.jpg,0.888821,19.902232,ok
EES0423735__X3F__Y21__P003.jpg,0.841225,20.807428,ok
EES0423735__X3F__Y2D__P004.jpg,0.886305,21.597431,ok
EES0423735__X3F__Y30__P005.jpg,0.799139,17.779277,ok
EES0423735__X3F__Y33__P006.jpg,0.806243,17.822084,ok
EES0423735__X42__Y21__P007.jpg,0.831847,20.269926,ok
EES0423735__X42__Y24__P008.jpg,0.893235,20.079132,ok
EES0423735__X42__Y33__P009.jpg,0.935536,30.890707,ok
EES0423735__X42__Y36__P010.jpg,0.936697,29.103003,ok
EES0423735__X45__Y33__P011.jpg,0.790298,18.742461,ok
EES0423735__X0C__Y2D__P012.jpg,0.924691,24.770207,ok
EES0423735__X0C__Y30__P013.jpg,0.834191,19.066163,ok
EES0423735__X0F__Y21__P014.jpg,0.935961,25.675368,ok
EES0423735__X0F__Y27__P015.jpg,0.822496,18.518990,ok
EES0423735__X0F__Y2A__P016.jpg,0.898106,21.427295,ok
EES0423735__X0F__Y30__P017.jpg,0.877968,22.794833,ok
EES0423735__X12__Y2A__P018.jpg,0.856798,21.983476,ok
EES0423735__X12__Y36__P019.jpg,0.916709,25.733361,ok
EES0423735__X12__Y39__P020.jpg,0.939940,27.880834,ok
EES0423735__X15__Y18__P021.jpg,0.799902,18.015635,ok
EES0423735__X15__Y1B__P022.jpg,0.847471,19.775415,ok
EES0423735__X15__Y1E__P023.jpg,0.788419,19.218414,ok
EES0423735__X15__Y30__P024.jpg,0.780023,18.898245,ok
EES0423735__X15__Y36__P025.jpg,0.888969,19.967319,ok
EES0423736__X36__Y39__P001.jpg,0.902055,21.348024,ok
EES0423736__X36__Y3C__P002.jpg,0.730179,18.170140,ok
EES0423736__X39__Y0F__P003.jpg,0.765422,19.174853,ok
EES0423736__X39__Y24__P004.jpg,0.794274,19.377969,ok
EES0423736__X39__Y36__P005.jpg,0.900383,19.046436,ok
EES0423736__X3C__Y1B__P006.jpg,0.819311,21.216333,ok
EES0423736__X3C__Y27__P007.jpg,0.731937,17.879774,ok
EES0423736__X3C__Y36__P008.jpg,0.893605,22.750952,ok
EES0423736__X3F__Y1B__P009.jpg,0.824900,19.566957,ok
EES0423736__X3F__Y1E__P010.jpg,0.821566,19.826026,ok
EES0423736__X3F__Y24__P011.jpg,0.760545,17.732274,ok
EES0423736__X3F__Y27__P012.jpg,0.814998,19.461090,ok
EES0423736__X3F__Y2A__P013.jpg,0.872812,24.281350,ok
EES0423736__X42__Y18__P014.jpg,0.888501,22.027764,ok
EES0423736__X42__Y27__P015.jpg,0.886469,22.341251,ok
EES0423736__X42__Y2A__P016.jpg,0.825526,20.694107,ok
EES0423736__X03__Y1E__P017.jpg,0.798762,19.777962,ok
EES0423736__X03__Y21__P018.jpg,0.788568,19.597250,ok
EES0423736__X03__Y24__P019.jpg,0.739230,17.483671,ok
EES0423736__X03__Y2A__P020.jpg,0.831535,18.901585,ok
EES0423736__X03__Y2D__P021.jpg,0.867526,21.021801,ok
EES0423736__X06__Y18__P022.jpg,0.886813,22.542451,ok
EES0423736__X06__Y1B__P023.jpg,0.776383,19.544792,ok
EES0423736__X06__Y36__P024.jpg,0.799639,19.030348,ok
EES0423736__X09__Y0F__P025.jpg,0.853121,19.830588,ok
EES0423737__X27__Y18__P001.jpg,0.884427,23.952818,ok
EES0423737__X2A__Y15__P002.jpg,0.842741,20.441649,ok
EES0423737__X2A__Y18__P003.jpg,0.897788,20.639188,ok
EES0423737__X2A__Y1B__P004.jpg,0.777024,19.831932,ok
EES0423737__X2A__Y1E__P005.jpg,0.785794,18.180671,ok
EES0423737__X2A__Y21__P006.jpg,0.863695,25.131423,ok
EES0423737__X2A__Y2A__P007.jpg,0.849143,19.394002,ok
EES0423737__X2A__Y2D__P008.jpg,0.767325,19.831586,ok
EES0423737__X2A__Y33__P009.jpg,0.823141,20.669744,ok
EES0423737__X2A__Y39__P010.jpg,0.877466,24.653897,ok
EES0423737__X2A__Y3C__P011.jpg,0.875991,19.719209,ok
EES0423737__X2D__Y15__P012.jpg,0.815200,20.212480,ok
EES0423737__X2D__Y21__P013.jpg,0.810052,19.720623,ok
EES0423737__X2D__Y27__P014.jpg,0.832700,19.274243,ok
EES0423737__X2D__Y2A__P015.jpg,0.873489,20.576364,ok
EES0423737__X2D__Y2D__P016.jpg,0.879425,20.986739,ok
EES0423737__X2D__Y30__P017.jpg,0.807265,18.185292,ok
EES0423737__X2D__Y33__P018.jpg,0.873402,21.443049,ok
EES0423737__X2D__Y36__P019.jpg,0.915095,28.017320,ok
EES0423737__X2D__Y39__P020.jpg,0.835487,22.415076,ok
EES0423737__X2D__Y3C__P021.jpg,0.817414,22.302084,ok
EES0423737__X2D__Y3F__P022.jpg,0.864494,20.623155,ok
EES0423737__X2D__Y42__P023.jpg,0.849167,19.460583,ok
EES0423737__X30__Y18__P024.jpg,0.743069,18.457314,ok
EES0423737__X30__Y27__P025.jpg,0.824808,21.108221,ok
EES0423738__X0C__Y2A__P001.jpg,0.811432,18.373005,ok
EES0423738__X0C__Y30__P002.jpg,0.743763,19.024425,ok
EES0423738__X0F__Y1B__P003.jpg,0.863859,19.389859,ok
EES0423738__X0F__Y1E__P004.jpg,0.924463,28.085156,ok
EES0423738__X12__Y1B__P005.jpg,0.891662,20.889475,ok
EES0423738__X1B__Y42__P006.jpg,0.800551,19.424076,ok
EES0423738__X1E__Y09__P007.jpg,0.876236,21.405097,ok
EES0423738__X21__Y06__P008.jpg,0.764408,18.488386,ok
EES0423738__X21__Y09__P009.jpg,0.818902,19.742867,ok
EES0423738__X21__Y1B__P010.jpg,0.782329,18.745654,ok
EES0423738__X24__Y45__P011.jpg,0.901240,21.922148,ok
EES0423738__X27__Y06__P012.jpg,0.929262,26.506393,ok
EES0423738__X27__Y45__P013.jpg,0.831428,20.115369,ok
EES0423738__X2A__Y06__P014.jpg,0.935784,23.924895,ok
EES0423738__X2A__Y45__P015.jpg,0.769939,18.803908,ok
EES0423738__X2D__Y06__P016.jpg,0.922645,31.807493,ok
EES0423738__X2D__Y3F__P017.jpg,0.913031,20.947384,ok
EES0423738__X30__Y06__P018.jpg,0.789145,19.885610,ok
EES0423738__X33__Y3F__P019.jpg,0.818300,18.424749,ok
EES0423738__X33__Y42__P020.jpg,0.764886,18.473244,ok
EES0423738__X36__Y09__P021.jpg,0.877052,20.699045,ok
EES0423738__X3F__Y39__P022.jpg,0.879010,20.384340,ok
EES0423738__X0C__Y0C__P023.jpg,0.826661,20.560909,ok
EES0423738__X12__Y09__P024.jpg,0.871421,22.639268,ok
EES0423738__X1B__Y06__P025.jpg,0.830173,20.574096,ok
EES0423739__X0F__Y0C__P001.jpg,0.815341,21.506045,ok
EES0423739__X0F__Y0F__P002.jpg,0.840373,20.858356,ok
EES0423739__X0F__Y12__P003.jpg,0.788201,19.065889,ok
EES0423739__X0F__Y42__P004.jpg,0.739365,17.626175,ok
EES0423739__X12__Y0C__P005.jpg,0.868006,22.727349,ok
EES0423739__X12__Y12__P006.jpg,0.742276,17.241775,ok
EES0423739__X15__Y0C__P007.jpg,0.787350,19.403578,ok
EES0423739__X15__Y45__P008.jpg,0.676989,17.053838,ok
EES0423739__X18__Y09__P009.jpg,0.931059,28.790662,ok
EES0423739__X18__Y0C__P010.jpg,0.783034,18.107762,ok
EES0423739__X18__Y45__P011.jpg,0.754889,19.706490,ok
EES0423739__X1B__Y09__P012.jpg,0.932007,32.320506,ok
EES0423739__X1B__Y0C__P013.jpg,0.946275,28.142124,ok
EES0423739__X1B__Y0F__P014.jpg,0.828766,19.975675,ok
EES0423739__X1E__Y09__P015.jpg,0.782765,19.392245,ok
EES0423739__X1E__Y0C__P016.jpg,0.832567,21.376993,ok
EES0423739__X21__Y09__P017.jpg,0.900158,20.683433,ok
EES0423739__X21__Y0C__P018.jpg,0.825378,22.034341,ok
EES0423739__X24__Y09__P019.jpg,0.718868,19.734202,ok
EES0423739__X27__Y09__P020.jpg,0.925311,27.542804,ok
EES0423739__X27__Y2A__P021.jpg,0.745576,17.918081,ok
EES0423739__X27__Y45__P022.jpg,0.863153,25.120640,ok
EES0423739__X2A__Y09__P023.jpg,0.792215,18.678374,ok
EES0423739__X2A__Y0C__P024.jpg,0.841688,21.768424,ok
EES0423739__X2A__Y45__P025.jpg,0.941562,28.080510,ok
EES0423740__X0F__Y2D__P001.jpg,0.794287,18.022259,ok
EES0423740__X0F__Y30__P002.jpg,0.805866,20.512020,ok
EES0423740__X0F__Y33__P003.jpg,0.749771,18.752338,ok
EES0423740__X0F__Y36__P004.jpg,0.735364,17.155403,ok
EES0423740__X0F__Y39__P005.jpg,0.793349,18.126649,ok
EES0423740__X0F__Y3C__P006.jpg,0.794501,21.987968,ok
EES0423740__X12__Y36__P007.jpg,0.907005,25.266875,ok
EES0423740__X12__Y39__P008.jpg,0.777116,19.944535,ok
EES0423740__X12__Y3C__P009.jpg,0.833945,18.929935,ok
EES0423740__X15__Y0C__P010.jpg,0.847353,23.127406,ok
EES0423740__X15__Y36__P011.jpg,0.755970,18.088833,ok
EES0423740__X15__Y3C__P012.jpg,0.938205,30.460998,ok
EES0423740__X18__Y36__P013.jpg,0.843071,18.433947,ok
EES0423740__X18__Y39__P014.jpg,0.838640,21.683518,ok
EES0423740__X18__Y3F__P015.jpg,0.746515,17.182401,ok
EES0423740__X18__Y42__P016.jpg,0.770641,18.191493,ok
EES0423740__X18__Y45__P017.jpg,0.882318,25.646620,ok
EES0423740__X1B__Y42__P018.jpg,0.782380,21.298337,ok
EES0423740__X1B__Y45__P019.jpg,0.848222,21.095708,ok
EES0423740__X1E__Y09__P020.jpg,0.816992,18.176949,ok
EES0423740__X1E__Y45__P021.jpg,0.891728,20.130885,ok
EES0423740__X21__Y09__P022.jpg,0.797135,20.017468,ok
EES0423740__X21__Y45__P023.jpg,0.830223,21.154331,ok
EES0423740__X24__Y09__P024.jpg,0.816807,18.713626,ok
EES0423740__X24__Y39__P025.jpg,0.826554,19.467391,ok
EES0423741__X0F__Y30__P001.jpg,0.745458,18.478821,ok
EES0423741__X0F__Y36__P002.jpg,0.786022,18.921955,ok
EES0423741__X12__Y15__P003.jpg,0.854708,21.857954,ok
EES0423741__X12__Y36__P004.jpg,0.833225,18.424305,ok
EES0423741__X15__Y0F__P005.jpg,0.851813,19.497677,ok
EES0423741__X18__Y36__P006.jpg,0.793717,20.002329,ok
EES0423741__X1E__Y0C__P007.jpg,0.853762,18.439122,ok
EES0423741__X1E__Y0F__P008.jpg,0.861636,24.244232,ok
EES0423741__X21__Y0C__P009.jpg,0.781006,19.293525,ok
EES0423741__X21__Y0F__P010.jpg,0.844903,24.787564,ok
EES0423741__X21__Y2D__P011.jpg,0.804086,21.199554,ok
EES0423741__X24__Y0C__P012.jpg,0.810521,20.509422,ok
EES0423741__X24__Y18__P013.jpg,0.822643,19.809312,ok
EES0423741__X24__Y36__P014.jpg,0.852524,25.538070,ok
EES0423741__X27__Y0C__P015.jpg,0.872256,21.775800,ok
EES0423741__X2A__Y0C__P016.jpg,0.861935,21.327131,ok
EES0423741__X2D__Y0C__P017.jpg,0.766596,17.803903,ok
EES0423741__X2D__Y0F__P018.jpg,0.864624,25.172361,ok
EES0423741__X30__Y0C__P019.jpg,0.874804,21.456306,ok
EES0423741__X30__Y18__P020.jpg,0.828039,20.304706,ok
EES0423741__X30__Y1B__P021.jpg,0.838005,18.747242,ok
EES0423741__X33__Y1E__P022.jpg,0.890326,23.624762,ok
EES0423741__X36__Y0F__P023.jpg,0.850173,18.829044,ok
EES0423741__X3C__Y15__P024.jpg,0.808492,18.867536,ok
EES0423741__X3C__Y27__P025.jpg,0.803698,18.227506,ok
EES0423742__X3C__Y33__P001.jpg,0.857099,18.543412,ok
EES0423742__X3F__Y21__P002.jpg,0.885050,20.616513,ok
EES0423742__X3F__Y33__P003.jpg,0.743500,19.746307,ok
EES0423742__X09__Y21__P004.jpg,0.780959,19.404957,ok
EES0423742__X09__Y24__P005.jpg,0.864829,23.023437,ok
EES0423742__X09__Y27__P006.jpg,0.811419,21.494565,ok
EES0423742__X09__Y2D__P007.jpg,0.900540,21.576826,ok
EES0423742__X09__Y30__P008.jpg,0.765713,19.253052,ok
EES0423742__X09__Y33__P009.jpg,0.746545,17.674462,ok
EES0423742__X0C__Y39__P010.jpg,0.838137,19.068211,ok
EES0423742__X0F__Y15__P011.jpg,0.797124,21.039586,ok
EES0423742__X0F__Y24__P012.jpg,0.864495,25.742341,ok
EES0423742__X0F__Y39__P013.jpg,0.869213,23.131727,ok
EES0423742__X0F__Y3C__P014.jpg,0.918011,27.251985,ok
EES0423742__X12__Y33__P015.jpg,0.888010,20.983739,ok
EES0423742__X12__Y39__P016.jpg,0.841234,19.991130,ok
EES0423742__X15__Y0F__P017.jpg,0.838206,23.103442,ok
EES0423742__X15__Y42__P018.jpg,0.867581,21.863177,ok
EES0423742__X1B__Y45__P019.jpg,0.858768,21.906522,ok
EES0423742__X1E__Y0C__P020.jpg,0.786368,17.904434,ok
EES0423742__X1E__Y39__P021.jpg,0.850965,21.010271,ok
EES0423742__X1E__Y45__P022.jpg,0.711161,19.765972,ok
EES0423742__X21__Y0C__P023.jpg,0.811768,19.373579,ok
EES0423742__X24__Y0C__P024.jpg,0.913498,26.496746,ok
EES0423742__X24__Y21__P025.jpg,0.844904,23.628824,ok
EES0423743__X24__Y3C__P001.jpg,0.877423,21.715528,ok
EES0423743__X24__Y45__P002.jpg,0.829851,18.102245,ok
EES0423743__X27__Y0C__P003.jpg,0.823128,20.874249,ok
EES0423743__X27__Y45__P004.jpg,0.823079,22.006552,ok
EES0423743__X2A__Y0C__P005.jpg,0.913730,22.450940,ok
EES0423743__X2A__Y45__P006.jpg,0.836594,18.570669,ok
EES0423743__X2D__Y18__P007.jpg,0.824897,18.938323,ok
EES0423743__X2D__Y45__P008.jpg,0.776745,17.957762,ok
EES0423743__X30__Y0F__P009.jpg,0.819406,18.461551,ok
EES0423743__X30__Y45__P010.jpg,0.822449,19.148599,ok
EES0423743__X33__Y0F__P011.jpg,0.778050,18.367630,ok
EES0423743__X33__Y45__P012.jpg,0.939886,29.408636,ok
EES0423743__X36__Y15__P013.jpg,0.798387,17.839195,ok
EES0423743__X36__Y42__P014.jpg,0.914180,24.622751,ok
EES0423743__X36__Y45__P015.jpg,0.807246,21.482551,ok
EES0423743__X39__Y1E__P016.jpg,0.854470,21.463773,ok
EES0423743__X39__Y3C__P017.jpg,0.854567,20.463400,ok
EES0423743__X39__Y3F__P018.jpg,0.763391,17.995922,ok
EES0423743__X39__Y42__P019.jpg,0.811831,20.068729,ok
EES0423743__X3C__Y30__P020.jpg,0.891271,19.964539,ok
EES0423743__X3C__Y3F__P021.jpg,0.818620,18.851693,ok
EES0423743__X3F__Y18__P022.jpg,0.877831,19.768007,ok
EES0423743__X3F__Y27__P023.jpg,0.933542,24.476654,ok
EES0423743__X3F__Y3C__P024.jpg,0.801329,20.053408,ok
EES0423743__X42__Y1E__P025.jpg,0.837134,18.519645,ok
EES0423744__X0F__Y39__P001.jpg,0.861442,18.947817,ok
EES0423744__X12__Y33__P002.jpg,0.793520,18.822186,ok
EES0423744__X15__Y09__P003.jpg,0.755178,18.989162,ok
EES0423744__X18__Y09__P004.jpg,0.821378,19.213374,ok
EES0423744__X18__Y15__P005.jpg,0.847186,18.704356,ok
EES0423744__X18__Y2D__P006.jpg,0.829119,19.623826,ok
EES0423744__X18__Y30__P007.jpg,0.864020,21.983900,ok
EES0423744__X18__Y33__P008.jpg,0.768459,20.804037,ok
EES0423744__X18__Y36__P009.jpg,0.850378,18.943973,ok
EES0423744__X18__Y39__P010.jpg,0.816235,19.546511,ok
EES0423744__X18__Y3C__P011.jpg,0.856080,21.998112,ok
EES0423744__X1B__Y09__P012.jpg,0.846289,19.942029,ok
EES0423744__X1B__Y15__P013.jpg,0.749827,17.881657,ok
EES0423744__X1B__Y30__P014.jpg,0.849135,21.980882,ok
EES0423744__X1B__Y33__P015.jpg,0.766003,18.495900,ok
EES0423744__X1B__Y36__P016.jpg,0.844456,19.586901,ok
EES0423744__X1E__Y09__P017.jpg,0.917871,29.263466,ok
EES0423744__X1E__Y18__P018.jpg,0.804475,20.368529,ok
EES0423744__X1E__Y1B__P019.jpg,0.772742,18.876176,ok
EES0423744__X1E__Y21__P020.jpg,0.831252,18.129694,ok
EES0423744__X1E__Y24__P021.jpg,0.912986,25.179132,ok
EES0423744__X1E__Y33__P022.jpg,0.833692,21.396532,ok
EES0423744__X21__Y1B__P023.jpg,0.822082,18.380179,ok
EES0423744__X21__Y1E__P024.jpg,0.824022,20.872162,ok
EES0423744__X21__Y21__P025.jpg,0.804226,18.142383,ok
EES0423745__X24__Y09__P001.jpg,0.876792,20.440653,ok
EES0423745__X24__Y27__P002.jpg,0.876254,20.080749,ok
EES0423745__X36__Y21__P003.jpg,0.761200,19.891723,ok
EES0423745__X39__Y27__P004.jpg,0.834707,19.968738,ok
EES0423745__X3C__Y27__P005.jpg,0.808686,19.024225,ok
EES0423745__X3C__Y2A__P006.jpg,0.833279,19.580791,ok
EES0423745__X06__Y1E__P007.jpg,0.876374,22.076985,ok
EES0423745__X06__Y27__P008.jpg,0.860364,18.668751,ok
EES0423745__X09__Y18__P009.jpg,0.853086,18.972160,ok
EES0423745__X09__Y1B__P010.jpg,0.838659,21.923031,ok
EES0423745__X0C__Y18__P011.jpg,0.874235,22.420750,ok
EES0423745__X0C__Y1B__P012.jpg,0.900986,23.364442,ok
EES0423745__X0F__Y15__P013.jpg,0.882504,19.722304,ok
EES0423745__X0F__Y18__P014.jpg,0.836262,20.960389,ok
EES0423745__X0F__Y1B__P015.jpg,0.862450,22.901999,ok
EES0423745__X12__Y15__P016.jpg,0.805348,20.738127,ok
EES0423745__X12__Y18__P017.jpg,0.849934,18.792580,ok
EES0423745__X15__Y0F__P018.jpg,0.852693,20.107433,ok
EES0423745__X15__Y1B__P019.jpg,0.739737,17.212983,ok
EES0423745__X18__Y0C__P020.jpg,0.754017,18.547455,ok
EES0423745__X18__Y45__P021.jpg,0.797247,18.619538,ok
EES0423745__X1B__Y0C__P022.jpg,0.821761,22.072448,ok
EES0423745__X1B__Y0F__P023.jpg,0.877969,21.040600,ok
EES0423745__X1B__Y12__P024.jpg,0.776130,17.532735,ok
EES0423745__X1E__Y0C__P025.jpg,0.807456,21.120568,ok
EES0423746__X06__Y24__P001.jpg,0.854931,20.157311,ok
EES0423746__X06__Y2A__P002.jpg,0.819043,18.142777,ok
EES0423746__X06__Y2D__P003.jpg,0.912435,24.907268,ok
EES0423746__X09__Y27__P004.jpg,0.802531,23.202942,ok
EES0423746__X09__Y36__P005.jpg,0.829516,23.014421,ok
EES0423746__X0C__Y12__P006.jpg,0.803814,19.467141,ok
EES0423746__X0C__Y36__P007.jpg,0.807990,22.124746,ok
EES0423746__X0C__Y39__P008.jpg,0.872309,20.768136,ok
EES0423746__X0F__Y0F__P009.jpg,0.859818,22.031858,ok
EES0423746__X0F__Y36__P010.jpg,0.842056,18.236573,ok
EES0423746__X0F__Y39__P011.jpg,0.870506,19.198113,ok
EES0423746__X0F__Y3F__P012.jpg,0.884868,18.512262,ok
EES0423746__X12__Y36__P013.jpg,0.827658,21.428883,ok
EES0423746__X12__Y39__P014.jpg,0.771272,17.748189,ok
EES0423746__X12__Y3F__P015.jpg,0.727537,18.184049,ok
EES0423746__X15__Y42__P016.jpg,0.768550,19.874714,ok
EES0423746__X18__Y0C__P017.jpg,0.865347,24.861934,ok
EES0423746__X1B__Y0C__P018.jpg,0.815712,20.949972,ok
EES0423746__X1B__Y3F__P019.jpg,0.938883,26.996861,ok
EES0423746__X1B__Y42__P020.jpg,0.780846,18.119142,ok
EES0423746__X1B__Y45__P021.jpg,0.836855,20.205602,ok
EES0423746__X1E__Y42__P022.jpg,0.829601,18.702747,ok
EES0423746__X1E__Y45__P023.jpg,0.829572,18.982408,ok
EES0423746__X21__Y0C__P024.jpg,0.814477,18.676342,ok
EES0423746__X21__Y45__P025.jpg,0.773582,19.133557,ok
EES0423747__X24__Y0C__P001.jpg,0.924557,23.708365,ok
EES0423747__X24__Y45__P002.jpg,0.842247,22.183824,ok
EES0423747__X27__Y0C__P003.jpg,0.689811,18.652380,ok
EES0423747__X27__Y45__P004.jpg,0.872627,23.371749,ok
EES0423747__X2A__Y0C__P005.jpg,0.922720,22.623520,ok
EES0423747__X2A__Y3F__P006.jpg,0.817896,19.328624,ok
EES0423747__X30__Y0F__P007.jpg,0.819403,19.290892,ok
EES0423747__X30__Y39__P008.jpg,0.800309,18.296006,ok
EES0423747__X30__Y3C__P009.jpg,0.934447,26.374984,ok
EES0423747__X36__Y39__P010.jpg,0.880562,19.124332,ok
EES0423747__X36__Y3F__P011.jpg,0.763189,18.429581,ok
EES0423747__X3F__Y21__P012.jpg,0.908091,25.708008,ok
EES0423747__X3F__Y24__P013.jpg,0.844241,22.723817,ok
EES0423747__X3F__Y27__P014.jpg,0.874929,19.466887,ok
EES0423747__X3F__Y2A__P015.jpg,0.815317,20.604303,ok
EES0423747__X03__Y1E__P016.jpg,0.817738,19.397542,ok
EES0423747__X03__Y21__P017.jpg,0.880367,24.463654,ok
EES0423747__X03__Y2D__P018.jpg,0.816955,18.336755,ok
EES0423747__X03__Y30__P019.jpg,0.820818,20.093365,ok
EES0423747__X03__Y33__P020.jpg,0.767326,19.021903,ok
EES0423747__X03__Y36__P021.jpg,0.793096,18.216271,ok
EES0423747__X03__Y39__P022.jpg,0.827937,19.734254,ok
EES0423747__X06__Y18__P023.jpg,0.801244,19.771235,ok
EES0423747__X06__Y2D__P024.jpg,0.838487,19.463746,ok
EES0423747__X06__Y30__P025.jpg,0.799918,20.942503,ok
EES0423748__X06__Y33__P001.jpg,0.781275,20.068513,ok
EES0423748__X06__Y36__P002.jpg,0.798949,21.656432,ok
EES0423748__X06__Y39__P003.jpg,0.821461,19.073654,ok
EES0423748__X06__Y3F__P004.jpg,0.823935,19.140999,ok
EES0423748__X09__Y15__P005.jpg,0.823205,21.770635,ok
EES0423748__X09__Y33__P006.jpg,0.714542,17.528168,ok
EES0423748__X0F__Y2A__P007.jpg,0.815189,19.466337,ok
EES0423748__X15__Y0C__P008.jpg,0.714060,17.458135,ok
EES0423748__X15__Y27__P009.jpg,0.705049,17.300225,ok
EES0423748__X1B__Y1B__P010.jpg,0.941881,26.420369,ok
EES0423748__X2A__Y0C__P011.jpg,0.755970,18.121475,ok
EES0423748__X2A__Y15__P012.jpg,0.815869,19.661532,ok
EES0423748__X2D__Y0C__P013.jpg,0.764499,18.372329,ok
EES0423748__X30__Y0F__P014.jpg,0.900676,20.702037,ok
EES0423748__X30__Y1E__P015.jpg,0.797431,18.423548,ok
EES0423748__X33__Y1E__P016.jpg,0.776943,20.702614,ok
EES0423748__X33__Y21__P017.jpg,0.850683,18.893520,ok
EES0423748__X36__Y1E__P018.jpg,0.757828,19.486371,ok
EES0423748__X36__Y21__P019.jpg,0.923001,32.325622,ok
EES0423748__X39__Y18__P020.jpg,0.864442,20.047319,ok
EES0423748__X39__Y1B__P021.jpg,0.846500,19.064329,ok
EES0423748__X39__Y1E__P022.jpg,0.745883,18.349386,ok
EES0423748__X3C__Y1B__P023.jpg,0.846577,19.264470,ok
EES0423748__X3C__Y1E__P024.jpg,0.818153,19.020793,ok
EES0423748__X3C__Y21__P025.jpg,0.882561,24.761016,ok
EES0423749__X0C__Y15__P001.jpg,0.762410,18.288292,ok
EES0423749__X0F__Y12__P002.jpg,0.855523,20.829477,ok
EES0423749__X12__Y0F__P003.jpg,0.727179,17.213205,ok
EES0423749__X15__Y09__P004.jpg,0.787335,18.326374,ok
EES0423749__X18__Y09__P005.jpg,0.875452,22.644842,ok
EES0423749__X1E__Y09__P006.jpg,0.897523,22.314078,ok
EES0423749__X21__Y3F__P007.jpg,0.886262,20.806741,ok
EES0423749__X24__Y3F__P008.jpg,0.800830,18.015843,ok
EES0423749__X27__Y09__P009.jpg,0.879158,21.590639,ok
EES0423749__X2A__Y09__P010.jpg,0.866296,21.642100,ok
EES0423749__X2A__Y3F__P011.jpg,0.794138,18.455041,ok
EES0423749__X2D__Y09__P012.jpg,0.712493,17.182076,ok
EES0423749__X2D__Y0C__P013.jpg,0.820855,18.602028,ok
EES0423749__X30__Y09__P014.jpg,0.834587,19.185324,ok
EES0423749__X33__Y09__P015.jpg,0.834546,20.840602,ok
EES0423749__X33__Y0C__P016.jpg,0.777868,19.593540,ok
EES0423749__X36__Y09__P017.jpg,0.816494,18.026328,ok
EES0423749__X36__Y0C__P018.jpg,0.776410,18.008442,ok
EES0423749__X36__Y0F__P019.jpg,0.810841,19.090998,ok
EES0423749__X36__Y1B__P020.jpg,0.831539,19.774897,ok
EES0423749__X36__Y21__P021.jpg,0.825203,18.458667,ok
EES0423749__X36__Y33__P022.jpg,0.823754,18.226318,ok
EES0423749__X39__Y09__P023.jpg,0.883353,19.494466,ok
EES0423749__X39__Y0C__P024.jpg,0.898012,24.313211,ok
EES0423749__X3C__Y0C__P025.jpg,0.894537,21.241649,ok
EES0423750__X0F__Y30__P001.jpg,0.815776,20.483557,ok
EES0423750__X0F__Y36__P002.jpg,0.778298,19.522730,ok
EES0423750__X0F__Y39__P003.jpg,0.802568,19.215067,ok
EES0423750__X0F__Y3C__P004.jpg,0.865224,23.501127,ok
EES0423750__X12__Y1B__P005.jpg,0.888172,22.916404,ok
EES0423750__X12__Y24__P006.jpg,0.838336,22.218661,ok
EES0423750__X12__Y27__P007.jpg,0.799305,18.187286,ok
EES0423750__X12__Y30__P008.jpg,0.814357,18.737147,ok
EES0423750__X12__Y36__P009.jpg,0.766849,18.859613,ok
EES0423750__X12__Y39__P010.jpg,0.861618,19.644578,ok
EES0423750__X12__Y3C__P011.jpg,0.860221,21.568860,ok
EES0423750__X15__Y12__P012.jpg,0.848080,20.652413,ok
EES0423750__X15__Y21__P013.jpg,0.762883,18.462462,ok
EES0423750__X15__Y24__P014.jpg,0.863774,21.132084,ok
EES0423750__X15__Y27__P015.jpg,0.913838,26.061662,ok
EES0423750__X15__Y30__P016.jpg,0.894067,24.043899,ok
EES0423750__X15__Y36__P017.jpg,0.806426,19.885535,ok
EES0423750__X15__Y39__P018.jpg,0.814147,20.167378,ok
EES0423750__X18__Y2A__P019.jpg,0.868648,21.964771,ok
EES0423750__X18__Y30__P020.jpg,0.875142,20.928479,ok
EES0423750__X18__Y36__P021.jpg,0.859371,20.779398,ok
EES0423750__X18__Y3C__P022.jpg,0.836679,19.995221,ok
EES0423750__X1B__Y0F__P023.jpg,0.853062,21.765554,ok
EES0423750__X1B__Y1B__P024.jpg,0.872272,21.073657,ok
EES0423750__X1B__Y27__P025.jpg,0.908070,24.041131,ok
EES0423751__X06__Y30__P001.jpg,0.827749,18.977000,ok
EES0423751__X06__Y33__P002.jpg,0.877161,24.431580,ok
EES0423751__X09__Y36__P003.jpg,0.808622,21.299159,ok
EES0423751__X0C__Y15__P004.jpg,0.847161,19.727717,ok
EES0423751__X0C__Y24__P005.jpg,0.936844,29.255919,ok
EES0423751__X0C__Y33__P006.jpg,0.738365,17.791660,ok
EES0423751__X0C__Y36__P007.jpg,0.823512,18.502731,ok
EES0423751__X0C__Y3C__P008.jpg,0.830774,20.282225,ok
EES0423751__X0F__Y15__P009.jpg,0.772348,18.799099,ok
EES0423751__X0F__Y18__P010.jpg,0.772061,18.902303,ok
EES0423751__X0F__Y1B__P011.jpg,0.811320,19.235444,ok
EES0423751__X0F__Y36__P012.jpg,0.861825,22.341552,ok
EES0423751__X0F__Y3C__P013.jpg,0.815035,18.268049,ok
EES0423751__X0F__Y3F__P014.jpg,0.769510,19.250813,ok
EES0423751__X15__Y09__P015.jpg,0.855605,19.896718,ok
EES0423751__X15__Y3C__P016.jpg,0.766948,18.339360,ok
EES0423751__X18__Y09__P017.jpg,0.822728,22.391830,ok
EES0423751__X18__Y42__P018.jpg,0.858509,20.466837,ok
EES0423751__X1B__Y09__P019.jpg,0.844533,19.533080,ok
EES0423751__X1B__Y0C__P020.jpg,0.797875,18.462019,ok
EES0423751__X1E__Y39__P021.jpg,0.811208,19.308584,ok
EES0423751__X1E__Y42__P022.jpg,0.867120,21.536081,ok
EES0423751__X21__Y3C__P023.jpg,0.844838,24.351123,ok
EES0423751__X21__Y3F__P024.jpg,0.841848,19.190262,ok
EES0423751__X21__Y42__P025.jpg,0.794067,19.179823,ok
EES0423752__X1E__Y15__P001.jpg,0.850075,19.756112,ok
EES0423752__X1E__Y27__P002.jpg,0.939942,25.394234,ok
EES0423752__X1E__Y2A__P003.jpg,0.854907,19.833989,ok
EES0423752__X1E__Y42__P004.jpg,0.840094,19.554499,ok
EES0423752__X21__Y1B__P005.jpg,0.903296,19.185248,ok
EES0423752__X21__Y21__P006.jpg,0.900021,20.157206,ok
EES0423752__X21__Y42__P007.jpg,0.839748,19.732047,ok
EES0423752__X24__Y21__P008.jpg,0.921408,24.819888,ok
EES0423752__X24__Y24__P009.jpg,0.905809,23.046613,ok
EES0423752__X24__Y3C__P010.jpg,0.838574,18.506188,ok
EES0423752__X27__Y2D__P011.jpg,0.819177,19.939480,ok
EES0423752__X27__Y30__P012.jpg,0.909563,26.060371,ok
EES0423752__X2A__Y12__P013.jpg,0.897983,21.726929,ok
EES0423752__X2A__Y1E__P014.jpg,0.836787,19.835236,ok
EES0423752__X2A__Y21__P015.jpg,0.715155,17.332743,ok
EES0423752__X2A__Y2D__P016.jpg,0.912479,22.217282,ok
EES0423752__X2A__Y30__P017.jpg,0.798510,19.696267,ok
EES0423752__X2A__Y36__P018.jpg,0.899534,23.529382,ok
EES0423752__X2D__Y12__P019.jpg,0.794268,17.782048,ok
EES0423752__X2D__Y1B__P020.jpg,0.900602,22.128629,ok
EES0423752__X2D__Y21__P021.jpg,0.877997,21.249009,ok
EES0423752__X2D__Y2D__P022.jpg,0.863076,20.005748,ok
EES0423752__X2D__Y30__P023.jpg,0.847805,19.806940,ok
EES0423752__X2D__Y3C__P024.jpg,0.787898,17.863141,ok
EES0423752__X30__Y27__P025.jpg,0.794307,19.223811,ok
EES0423753__X09__Y27__P001.jpg,0.862535,20.731435,ok
EES0423753__X09__Y2A__P002.jpg,0.826965,18.239891,ok
EES0423753__X09__Y2D__P003.jpg,0.815282,20.629463,ok
EES0423753__X0C__Y18__P004.jpg,0.852376,21.889276,ok
EES0423753__X0C__Y1B__P005.jpg,0.843124,24.256600,ok
EES0423753__X0C__Y1E__P006.jpg,0.815213,20.724708,ok
EES0423753__X0C__Y21__P007.jpg,0.882143,24.420710,ok
EES0423753__X0C__Y2A__P008.jpg,0.814826,19.465880,ok
EES0423753__X0F__Y12__P009.jpg,0.824664,19.591341,ok
EES0423753__X0F__Y27__P010.jpg,0.853921,21.547423,ok
EES0423753__X0F__Y33__P011.jpg,0.817558,19.279015,ok
EES0423753__X0F__Y36__P012.jpg,0.888673,23.476106,ok
EES0423753__X12__Y24__P013.jpg,0.864223,19.831918,ok
EES0423753__X12__Y36__P014.jpg,0.858821,20.867877,ok
EES0423753__X15__Y36__P015.jpg,0.890752,20.300748,ok
EES0423753__X18__Y0C__P016.jpg,0.838473,21.584970,ok
EES0423753__X18__Y1B__P017.jpg,0.906922,21.790531,ok
EES0423753__X18__Y1E__P018.jpg,0.746461,17.302193,ok
EES0423753__X1B__Y0C__P019.jpg,0.883420,23.077396,ok
EES0423753__X1B__Y30__P020.jpg,0.825188,21.384164,ok
EES0423753__X1E__Y0C__P021.jpg,0.834505,20.770116,ok
EES0423753__X21__Y0C__P022.jpg,0.861414,19.402691,ok
EES0423753__X24__Y1E__P023.jpg,0.798632,21.057865,ok
EES0423753__X24__Y24__P024.jpg,0.882023,22.479942,ok
EES0423753__X27__Y09__P025.jpg,0.795326,19.815587,ok
EES0423754__X27__Y0C__P001.jpg,0.783755,17.977244,ok
EES0423754__X27__Y0F__P002.jpg,0.843107,19.273639,ok
EES0423754__X27__Y24__P003.jpg,0.829923,21.400641,ok
EES0423754__X27__Y27__P004.jpg,0.924347,23.174137,ok
EES0423754__X2A__Y12__P005.jpg,0.834603,19.186603,ok
EES0423754__X2A__Y3F__P006.jpg,0.810375,18.320483,ok
EES0423754__X2D__Y0C__P007.jpg,0.696187,17.438166,ok
EES0423754__X2D__Y12__P008.jpg,0.862985,24.128544,ok
EES0423754__X2D__Y1B__P009.jpg,0.817425,18.050747,ok
EES0423754__X2D__Y1E__P010.jpg,0.834527,19.457188,ok
EES0423754__X2D__Y27__P011.jpg,0.786367,18.431587,ok
EES0423754__X2D__Y2A__P012.jpg,0.906491,23.135691,ok
EES0423754__X2D__Y42__P013.jpg,0.801767,19.816158,ok
EES0423754__X30__Y0C__P014.jpg,0.787199,17.985518,ok
EES0423754__X30__Y0F__P015.jpg,0.829709,19.954134,ok
EES0423754__X30__Y12__P016.jpg,0.863713,18.711466,ok
EES0423754__X30__Y15__P017.jpg,0.838933,19.372842,ok
EES0423754__X30__Y18__P018.jpg,0.912343,23.149204,ok
EES0423754__X30__Y27__P019.jpg,0.874808,21.895633,ok
EES0423754__X33__Y0C__P020.jpg,0.853403,19.283379,ok
EES0423754__X33__Y0F__P021.jpg,0.925002,27.854447,ok
EES0423754__X33__Y12__P022.jpg,0.860162,23.225148,ok
EES0423754__X36__Y0F__P023.jpg,0.827046,21.337116,ok
EES0423754__X36__Y12__P024.jpg,0.841299,20.088042,ok
EES0423754__X36__Y15__P025.jpg,0.837419,20.287281,ok
EES0423755__X33__Y24__P001.jpg,0.881453,21.373391,ok
EES0423755__X33__Y27__P002.jpg,0.855773,20.925259,ok
EES0423755__X33__Y33__P003.jpg,0.800735,19.227544,ok
EES0423755__X36__Y12__P004.jpg,0.873642,21.418685,ok
EES0423755__X36__Y15__P005.jpg,0.823890,18.570163,ok
EES0423755__X36__Y1E__P006.jpg,0.917153,27.426733,ok
EES0423755__X36__Y21__P007.jpg,0.754696,17.503144,ok
EES0423755__X36__Y24__P008.jpg,0.865702,20.798958,ok
EES0423755__X36__Y27__P009.jpg,0.802391,20.053699,ok
EES0423755__X39__Y24__P010.jpg,0.859845,19.179579,ok
EES0423755__X3C__Y24__P011.jpg,0.876380,22.196151,ok
EES0423755__X03__Y21__P012.jpg,0.888213,21.519200,ok
EES0423755__X03__Y24__P013.jpg,0.941050,24.586966,ok
EES0423755__X03__Y33__P014.jpg,0.850166,22.316854,ok
EES0423755__X06__Y30__P015.jpg,0.826285,18.378313,ok
EES0423755__X06__Y36__P016.jpg,0.908603,22.146216,ok
EES0423755__X09__Y3C__P017.jpg,0.726746,17.687141,ok
EES0423755__X0C__Y12__P018.jpg,0.800143,19.813474,ok
EES0423755__X0C__Y15__P019.jpg,0.859980,21.518480,ok
EES0423755__X0C__Y36__P020.jpg,0.810327,18.654422,ok
EES0423755__X0C__Y3F__P021.jpg,0.859471,21.766712,ok
EES0423755__X0F__Y15__P022.jpg,0.936252,26.733006,ok
EES0423755__X0F__Y42__P023.jpg,0.902756,25.315468,ok
EES0423755__X12__Y15__P024.jpg,0.817144,18.139641,ok
EES0423755__X12__Y30__P025.jpg,0.868851,19.663827,ok
EES0423756__X15__Y0F__P001.jpg,0.788545,20.472521,ok
EES0423756__X15__Y15__P002.jpg,0.924756,29.811547,ok
EES0423756__X15__Y18__P003.jpg,0.853620,20.514573,ok
EES0423756__X15__Y1B__P004.jpg,0.874885,21.915202,ok
EES0423756__X15__Y21__P005.jpg,0.825266,20.526364,ok
EES0423756__X15__Y24__P006.jpg,0.798014,18.814859,ok
EES0423756__X15__Y45__P007.jpg,0.862370,21.194187,ok
EES0423756__X18__Y0C__P008.jpg,0.753630,19.327949,ok
EES0423756__X18__Y18__P009.jpg,0.833027,20.011556,ok
EES0423756__X18__Y27__P010.jpg,0.880542,20.637297,ok
EES0423756__X18__Y2D__P011.jpg,0.843375,19.717418,ok
EES0423756__X18__Y33__P012.jpg,0.779480,19.661317,ok
EES0423756__X18__Y39__P013.jpg,0.890458,19.368872,ok
EES0423756__X18__Y3C__P014.jpg,0.835576,19.789703,ok
EES0423756__X18__Y45__P015.jpg,0.843133,23.479107,ok
EES0423756__X1B__Y0C__P016.jpg,0.779659,18.621687,ok
EES0423756__X1B__Y0F__P017.jpg,0.816694,20.219606,ok
EES0423756__X1B__Y1E__P018.jpg,0.845108,20.297393,ok
EES0423756__X1B__Y27__P019.jpg,0.852750,20.110929,ok
EES0423756__X1B__Y45__P020.jpg,0.774006,18.736589,ok
EES0423756__X1E__Y09__P021.jpg,0.786436,18.955027,ok
EES0423756__X21__Y09__P022.jpg,0.786537,19.742287,ok
EES0423756__X21__Y0F__P023.jpg,0.818754,20.612241,ok
EES0423756__X24__Y09__P024.jpg,0.815510,19.285264,ok
EES0423756__X27__Y42__P025.jpg,0.814141,21.416124,ok
EES0423757__X36__Y21__P001.jpg,0.891134,20.674681,ok
EES0423757__X36__Y24__P002.jpg,0.863986,21.438801,ok
EES0423757__X36__Y27__P003.jpg,0.836454,20.529365,ok
EES0423757__X39__Y1B__P004.jpg,0.774654,21.801365,ok
EES0423757__X39__Y1E__P005.jpg,0.924834,26.991783,ok
EES0423757__X39__Y21__P006.jpg,0.849790,20.934560,ok
EES0423757__X3C__Y1B__P007.jpg,0.783771,18.432260,ok
EES0423757__X3C__Y1E__P008.jpg,0.801044,21.971235,ok
EES0423757__X3C__Y21__P009.jpg,0.840064,23.101152,ok
EES0423757__X3C__Y24__P010.jpg,0.824977,22.355760,ok
EES0423757__X0C__Y1B__P011.jpg,0.853873,20.355723,ok
EES0423757__X0C__Y1E__P012.jpg,0.858175,19.155588,ok
EES0423757__X0C__Y21__P013.jpg,0.914433,26.606425,ok
EES0423757__X0C__Y24__P014.jpg,0.861633,25.320187,ok
EES0423757__X0C__Y27__P015.jpg,0.832137,23.001209,ok
EES0423757__X0C__Y2A__P016.jpg,0.792983,20.091317,ok
EES0423757__X0C__Y2D__P017.jpg,0.894613,19.666751,ok
EES0423757__X0C__Y30__P018.jpg,0.820479,18.172357,ok
EES0423757__X0C__Y39__P019.jpg,0.784300,21.033783,ok
EES0423757__X0F__Y18__P020.jpg,0.792465,20.799431,ok
EES0423757__X0F__Y1B__P021.jpg,0.868646,22.683442,ok
EES0423757__X0F__Y1E__P022.jpg,0.816379,19.943687,ok
EES0423757__X0F__Y21__P023.jpg,0.780599,18.427162,ok
EES0423757__X0F__Y24__P024.jpg,0.791397,18.795341,ok
EES0423757__X0F__Y27__P025.jpg,0.781290,20.280976,ok
EES0423758__X0F__Y30__P001.jpg,0.787792,20.082859,ok
EES0423758__X0F__Y33__P002.jpg,0.840451,22.224814,ok
EES0423758__X12__Y12__P003.jpg,0.828315,22.386389,ok
EES0423758__X12__Y15__P004.jpg,0.864833,22.712012,ok
EES0423758__X12__Y18__P005.jpg,0.756212,18.203081,ok
EES0423758__X12__Y1B__P006.jpg,0.758811,19.873331,ok
EES0423758__X12__Y27__P007.jpg,0.890786,25.005424,ok
EES0423758__X12__Y2A__P008.jpg,0.791161,20.601301,ok
EES0423758__X12__Y3F__P009.jpg,0.916932,23.805076,ok
EES0423758__X15__Y12__P010.jpg,0.885864,25.252320,ok
EES0423758__X15__Y15__P011.jpg,0.923193,26.532831,ok
EES0423758__X15__Y42__P012.jpg,0.763907,19.485016,ok
EES0423758__X18__Y0C__P013.jpg,0.931524,26.068680,ok
EES0423758__X18__Y0F__P014.jpg,0.797133,20.908199,ok
EES0423758__X18__Y12__P015.jpg,0.868314,21.640062,ok
EES0423758__X18__Y15__P016.jpg,0.742545,18.948304,ok
EES0423758__X18__Y1E__P017.jpg,0.807481,20.424747,ok
EES0423758__X1B__Y0C__P018.jpg,0.850153,20.879688,ok
EES0423758__X1B__Y0F__P019.jpg,0.839700,19.523614,ok
EES0423758__X1B__Y12__P020.jpg,0.883443,24.061879,ok
EES0423758__X1B__Y15__P021.jpg,0.759181,19.271856,ok
EES0423758__X1B__Y21__P022.jpg,0.890873,25.723328,ok
EES0423758__X1B__Y45__P023.jpg,0.889630,25.451872,ok
EES0423758__X1E__Y09__P024.jpg,0.891416,23.339779,ok
EES0423758__X1E__Y0C__P025.jpg,0.723353,17.414531,ok
EES0423759__X1E__Y12__P001.jpg,0.853118,22.401000,ok
EES0423759__X21__Y09__P002.jpg,0.867857,21.515932,ok
EES0423759__X21__Y0C__P003.jpg,0.859075,21.597278,ok
EES0423759__X21__Y0F__P004.jpg,0.841821,19.890712,ok
EES0423759__X21__Y12__P005.jpg,0.775700,20.165497,ok
EES0423759__X21__Y15__P006.jpg,0.768716,17.867712,ok
EES0423759__X24__Y09__P007.jpg,0.895186,24.402536,ok
EES0423759__X24__Y0C__P008.jpg,0.799886,19.158677,ok
EES0423759__X27__Y09__P009.jpg,0.806016,19.620287,ok
EES0423759__X27__Y0C__P010.jpg,0.808293,19.948405,ok
EES0423759__X27__Y12__P011.jpg,0.793155,19.528141,ok
EES0423759__X2A__Y09__P012.jpg,0.825272,21.331983,ok
EES0423759__X2A__Y0C__P013.jpg,0.804737,18.045040,ok
EES0423759__X2D__Y09__P014.jpg,0.743286,17.778928,ok
EES0423759__X2D__Y0C__P015.jpg,0.798663,19.328672,ok
EES0423759__X33__Y0C__P016.jpg,0.842876,20.329636,ok
EES0423759__X33__Y24__P017.jpg,0.856839,22.003004,ok
EES0423759__X33__Y45__P018.jpg,0.840854,18.843606,ok
EES0423759__X36__Y0C__P019.jpg,0.883012,19.524170,ok
EES0423759__X36__Y18__P020.jpg,0.937576,29.020595,ok
EES0423759__X36__Y1B__P021.jpg,0.860910,22.660019,ok
EES0423759__X39__Y0F__P022.jpg,0.893395,22.686210,ok
EES0423759__X39__Y12__P023.jpg,0.770313,19.050136,ok
EES0423759__X3C__Y12__P024.jpg,0.875158,23.408094,ok
EES0423759__X3C__Y15__P025.jpg,0.867432,20.223414,ok
EES0423760__X33__Y1E__P001.jpg,0.901458,19.223273,ok
EES0423760__X33__Y21__P002.jpg,0.823432,21.831610,ok
EES0423760__X33__Y24__P003.jpg,0.807420,21.813997,ok
EES0423760__X36__Y1E__P004.jpg,0.827484,22.438587,ok
EES0423760__X36__Y21__P005.jpg,0.940943,29.744765,ok
EES0423760__X39__Y21__P006.jpg,0.846374,22.427507,ok
EES0423760__X3C__Y2A__P007.jpg,0.872890,19.320733,ok
EES0423760__X3C__Y36__P008.jpg,0.903548,21.063172,ok
EES0423760__X3F__Y2A__P009.jpg,0.795592,20.795888,ok
EES0423760__X3F__Y30__P010.jpg,0.774768,19.424341,ok
EES0423760__X0C__Y1E__P011.jpg,0.751559,18.804326,ok
EES0423760__X0C__Y27__P012.jpg,0.890282,19.603911,ok
EES0423760__X0F__Y21__P013.jpg,0.751523,17.987758,ok
EES0423760__X0F__Y27__P014.jpg,0.830272,20.100844,ok
EES0423760__X12__Y21__P015.jpg,0.894745,22.986744,ok
EES0423760__X12__Y30__P016.jpg,0.814611,19.801409,ok
EES0423760__X15__Y30__P017.jpg,0.896467,21.022234,ok
EES0423760__X18__Y0C__P018.jpg,0.825859,21.852209,ok
EES0423760__X18__Y0F__P019.jpg,0.775473,20.850722,ok
EES0423760__X18__Y15__P020.jpg,0.878402,19.945380,ok
EES0423760__X18__Y30__P021.jpg,0.817225,20.625150,ok
EES0423760__X18__Y36__P022.jpg,0.809875,19.094486,ok
EES0423760__X1B__Y0C__P023.jpg,0.931523,24.688139,ok
EES0423760__X1B__Y0F__P024.jpg,0.776359,18.337050,ok
EES0423760__X1B__Y15__P025.jpg,0.923853,23.607140,ok
EES0423761__X1B__Y1E__P001.jpg,0.732940,17.230445,ok
EES0423761__X1B__Y36__P002.jpg,0.831906,21.261757,ok
EES0423761__X1E__Y0C__P003.jpg,0.758545,17.805355,ok
EES0423761__X1E__Y15__P004.jpg,0.818325,20.715845,ok
EES0423761__X1E__Y21__P005.jpg,0.810553,18.719605,ok
EES0423761__X1E__Y36__P006.jpg,0.780970,18.506517,ok
EES0423761__X21__Y0C__P007.jpg,0.857782,20.127330,ok
EES0423761__X21__Y12__P008.jpg,0.826439,20.840358,ok
EES0423761__X21__Y24__P009.jpg,0.803605,19.009374,ok
EES0423761__X21__Y30__P010.jpg,0.731701,17.349253,ok
EES0423761__X24__Y0C__P011.jpg,0.762898,18.161860,ok
EES0423761__X24__Y21__P012.jpg,0.837263,20.385100,ok
EES0423761__X2A__Y0C__P013.jpg,0.768090,20.142654,ok
EES0423761__X2A__Y12__P014.jpg,0.789360,18.483404,ok
EES0423761__X2A__Y27__P015.jpg,0.741273,17.660454,ok
EES0423761__X2D__Y0C__P016.jpg,0.857889,22.312233,ok
EES0423761__X2D__Y12__P017.jpg,0.891118,23.710791,ok
EES0423761__X2D__Y15__P018.jpg,0.844639,22.513291,ok
EES0423761__X2D__Y18__P019.jpg,0.795544,18.241746,ok
EES0423761__X30__Y18__P020.jpg,0.855397,24.743960,ok
EES0423761__X33__Y0C__P021.jpg,0.841908,22.429762,ok
EES0423761__X33__Y15__P022.jpg,0.854847,21.628446,ok
EES0423761__X33__Y18__P023.jpg,0.818931,20.487339,ok
EES0423761__X33__Y27__P024.jpg,0.814751,20.493165,ok
EES0423761__X33__Y36__P025.jpg,0.837450,18.927731,ok
EES0423762__X24__Y09__P001.jpg,0.778037,17.945942,ok
EES0423762__X27__Y09__P002.jpg,0.925919,29.839786,ok
EES0423762__X2A__Y09__P003.jpg,0.859583,21.461620,ok
EES0423762__X30__Y0C__P004.jpg,0.766397,18.242041,ok
EES0423762__X30__Y45__P005.jpg,0.739720,18.326539,ok
EES0423762__X33__Y0F__P006.jpg,0.757444,18.829153,ok
EES0423762__X36__Y0F__P007.jpg,0.880580,21.903165,ok
EES0423762__X36__Y42__P008.jpg,0.861929,19.187965,ok
EES0423762__X39__Y12__P009.jpg,0.875315,19.485073,ok
EES0423762__X39__Y3F__P010.jpg,0.810437,19.595779,ok
EES0423762__X3C__Y15__P011.jpg,0.868140,25.468774,ok
EES0423762__X3C__Y3C__P012.jpg,0.853623,20.026546,ok
EES0423762__X3F__Y1B__P013.jpg,0.849547,23.276658,ok
EES0423762__X42__Y1E__P014.jpg,0.753481,18.884679,ok
EES0423762__X42__Y21__P015.jpg,0.842078,20.416686,ok
EES0423762__X03__Y1E__P016.jpg,0.794574,18.822557,ok
EES0423762__X03__Y21__P017.jpg,0.878310,22.417695,ok
EES0423762__X03__Y27__P018.jpg,0.924421,27.233036,ok
EES0423762__X03__Y2A__P019.jpg,0.808639,20.335176,ok
EES0423762__X03__Y2D__P020.jpg,0.873868,19.338410,ok
EES0423762__X06__Y33__P021.jpg,0.911891,26.431274,ok
EES0423762__X0C__Y0F__P022.jpg,0.752438,18.918654,ok
EES0423762__X0C__Y3C__P023.jpg,0.767951,17.894559,ok
EES0423762__X0F__Y42__P024.jpg,0.776424,19.017428,ok
EES0423762__X12__Y45__P025.jpg,0.935583,29.098273,ok
EES0423763__X06__Y3C__P001.jpg,0.824186,21.160851,ok
EES0423763__X06__Y3F__P002.jpg,0.791327,18.682746,ok
EES0423763__X09__Y12__P003.jpg,0.842529,19.875302,ok
EES0423763__X09__Y3F__P004.jpg,0.880479,21.501774,ok
EES0423763__X0C__Y0F__P005.jpg,0.829304,22.445199,ok
EES0423763__X0C__Y3F__P006.jpg,0.906442,21.617043,ok
EES0423763__X0C__Y42__P007.jpg,0.903553,24.137669,ok
EES0423763__X0F__Y0C__P008.jpg,0.859155,23.991160,ok
EES0423763__X0F__Y0F__P009.jpg,0.799755,20.408279,ok
EES0423763__X0F__Y42__P010.jpg,0.863508,19.682899,ok
EES0423763__X0F__Y45__P011.jpg,0.832991,18.341870,ok
EES0423763__X12__Y0C__P012.jpg,0.809777,19.504586,ok
EES0423763__X12__Y45__P013.jpg,0.912101,23.860810,ok
EES0423763__X15__Y09__P014.jpg,0.865926,22.763757,ok
EES0423763__X15__Y45__P015.jpg,0.915187,27.397765,ok
EES0423763__X18__Y09__P016.jpg,0.898663,22.880853,ok
EES0423763__X1B__Y09__P017.jpg,0.819987,19.266286,ok
EES0423763__X2A__Y09__P018.jpg,0.820332,18.974220,ok
EES0423763__X2D__Y09__P019.jpg,0.733972,17.662013,ok
EES0423763__X30__Y09__P020.jpg,0.743709,17.617558,ok
EES0423763__X30__Y45__P021.jpg,0.840384,19.513874,ok
EES0423763__X33__Y09__P022.jpg,0.777097,20.347592,ok
EES0423763__X33__Y0C__P023.jpg,0.936192,28.244634,ok
EES0423763__X36__Y09__P024.jpg,0.920058,23.186094,ok
EES0423763__X36__Y0C__P025.jpg,0.897374,23.700077,ok
EES0423764__X42__Y2D__P001.jpg,0.905045,24.640410,ok
EES0423764__X42__Y30__P002.jpg,0.796387,18.295544,ok
EES0423764__X09__Y2A__P003.jpg,0.818897,19.105856,ok
EES0423764__X0C__Y1E__P004.jpg,0.828376,22.022881,ok
EES0423764__X0F__Y27__P005.jpg,0.862889,20.323484,ok
EES0423764__X0F__Y2A__P006.jpg,0.805879,19.626437,ok
EES0423764__X12__Y1E__P007.jpg,0.792710,19.016119,ok
EES0423764__X15__Y18__P008.jpg,0.881657,21.549373,ok
EES0423764__X15__Y1B__P009.jpg,0.865522,20.366166,ok
EES0423764__X18__Y12__P010.jpg,0.760709,18.455985,ok
EES0423764__X18__Y15__P011.jpg,0.813507,19.225759,ok
EES0423764__X18__Y1E__P012.jpg,0.907200,22.186407,ok
EES0423764__X18__Y24__P013.jpg,0.849938,20.742356,ok
EES0423764__X18__Y27__P014.jpg,0.875243,22.206947,ok
EES0423764__X18__Y2A__P015.jpg,0.914958,26.881986,ok
EES0423764__X18__Y2D__P016.jpg,0.887071,22.596552,ok
EES0423764__X18__Y30__P017.jpg,0.795763,20.659044,ok
EES0423764__X1B__Y0F__P018.jpg,0.788888,19.231925,ok
EES0423764__X1B__Y15__P019.jpg,0.829854,19.143776,ok
EES0423764__X1B__Y1B__P020.jpg,0.869344,18.871995,ok
EES0423764__X1B__Y24__P021.jpg,0.898534,21.138019,ok
EES0423764__X1B__Y27__P022.jpg,0.881198,21.168329,ok
EES0423764__X1B__Y2A__P023.jpg,0.815818,18.106538,ok
EES0423764__X1B__Y2D__P024.jpg,0.856208,22.918872,ok
EES0423764__X1B__Y30__P025.jpg,0.870421,20.230948,ok
EES0423765__X1B__Y33__P001.jpg,0.860682,21.585744,ok
EES0423765__X1E__Y1B__P002.jpg,0.865078,22.600321,ok
EES0423765__X1E__Y1E__P003.jpg,0.861544,21.737506,ok
EES0423765__X1E__Y2D__P004.jpg,0.847701,21.963327,ok
EES0423765__X1E__Y30__P005.jpg,0.797985,20.453950,ok
EES0423765__X21__Y0C__P006.jpg,0.847536,20.823265,ok
EES0423765__X21__Y0F__P007.jpg,0.853677,21.708788,ok
EES0423765__X21__Y15__P008.jpg,0.891220,23.888613,ok
EES0423765__X21__Y18__P009.jpg,0.855117,21.028910,ok
EES0423765__X21__Y1E__P010.jpg,0.791354,20.264829,ok
EES0423765__X21__Y24__P011.jpg,0.870838,21.785842,ok
EES0423765__X21__Y27__P012.jpg,0.854496,21.993421,ok
EES0423765__X21__Y2A__P013.jpg,0.872620,21.171161,ok
EES0423765__X21__Y30__P014.jpg,0.815765,20.434807,ok
EES0423765__X21__Y33__P015.jpg,0.835414,19.308482,ok
EES0423765__X24__Y0C__P016.jpg,0.844372,19.952153,ok
EES0423765__X24__Y15__P017.jpg,0.842912,20.802984,ok
EES0423765__X24__Y18__P018.jpg,0.831771,19.716902,ok
EES0423765__X24__Y24__P019.jpg,0.862445,20.122034,ok
EES0423765__X24__Y27__P020.jpg,0.886436,22.214171,ok
EES0423765__X24__Y2A__P021.jpg,0.845857,20.190667,ok
EES0423765__X24__Y2D__P022.jpg,0.847771,21.223304,ok
EES0423765__X24__Y30__P023.jpg,0.832062,22.129308,ok
EES0423765__X24__Y33__P024.jpg,0.856287,21.338141,ok
EES0423765__X24__Y36__P025.jpg,0.928902,25.134493,ok
EES0423766__X0C__Y24__P001.jpg,0.814970,17.749311,ok
EES0423766__X0C__Y27__P002.jpg,0.796047,17.625495,ok
EES0423766__X0C__Y2A__P003.jpg,0.937677,24.507174,ok
EES0423766__X0C__Y2D__P004.jpg,0.891195,19.367005,ok
EES0423766__X0C__Y30__P005.jpg,0.942164,26.056122,ok
EES0423766__X0C__Y33__P006.jpg,0.847512,20.776372,ok
EES0423766__X0F__Y1E__P007.jpg,0.866052,18.141412,ok
EES0423766__X0F__Y2A__P008.jpg,0.846769,18.464330,ok
EES0423766__X0F__Y30__P009.jpg,0.825539,20.406505,ok
EES0423766__X0F__Y33__P010.jpg,0.866882,19.425284,ok
EES0423766__X0F__Y36__P011.jpg,0.704577,17.485069,ok
EES0423766__X12__Y24__P012.jpg,0.817349,19.163652,ok
EES0423766__X12__Y27__P013.jpg,0.820088,18.034033,ok
EES0423766__X12__Y33__P014.jpg,0.797856,19.472052,ok
EES0423766__X12__Y36__P015.jpg,0.920772,24.119973,ok
EES0423766__X12__Y3C__P016.jpg,0.859143,23.424429,ok
EES0423766__X15__Y3F__P017.jpg,0.886797,19.987057,ok
EES0423766__X18__Y09__P018.jpg,0.902499,23.305731,ok
EES0423766__X18__Y3F__P019.jpg,0.790149,18.218504,ok
EES0423766__X1B__Y09__P020.jpg,0.860882,20.489781,ok
EES0423766__X1B__Y3F__P021.jpg,0.787772,19.336650,ok
EES0423766__X1B__Y42__P022.jpg,0.755343,17.482437,ok
EES0423766__X1E__Y3F__P023.jpg,0.786686,18.006056,ok
EES0423766__X1E__Y42__P024.jpg,0.813775,18.761027,ok
EES0423766__X21__Y3F__P025.jpg,0.826438,19.517108,ok
EES0423767__X0F__Y18__P001.jpg,0.809457,18.815036,ok
EES0423767__X0F__Y27__P002.jpg,0.778370,19.095784,ok
EES0423767__X0F__Y30__P003.jpg,0.775807,20.876241,ok
EES0423767__X0F__Y33__P004.jpg,0.936317,26.628448,ok
EES0423767__X12__Y33__P005.jpg,0.892989,22.847246,ok
EES0423767__X12__Y36__P006.jpg,0.801322,18.503116,ok
EES0423767__X12__Y39__P007.jpg,0.899300,22.136043,ok
EES0423767__X15__Y36__P008.jpg,0.750265,18.004151,ok
EES0423767__X15__Y39__P009.jpg,0.760938,19.463072,ok
EES0423767__X18__Y0F__P010.jpg,0.864215,21.228621,ok
EES0423767__X1B__Y0C__P011.jpg,0.855708,19.349580,ok
EES0423767__X1B__Y42__P012.jpg,0.859504,20.970582,ok
EES0423767__X1E__Y0C__P013.jpg,0.811635,19.846092,ok
EES0423767__X1E__Y42__P014.jpg,0.930495,25.381733,ok
EES0423767__X21__Y0C__P015.jpg,0.785516,19.586914,ok
EES0423767__X2D__Y45__P016.jpg,0.721104,17.666313,ok
EES0423767__X30__Y0C__P017.jpg,0.933988,24.998113,ok
EES0423767__X33__Y0C__P018.jpg,0.844778,19.101414,ok
EES0423767__X33__Y42__P019.jpg,0.794477,18.891336,ok
EES0423767__X39__Y0F__P020.jpg,0.828671,18.495708,ok
EES0423767__X3C__Y12__P021.jpg,0.751386,18.462577,ok
EES0423767__X3C__Y15__P022.jpg,0.797962,20.765534,ok
EES0423767__X3C__Y18__P023.jpg,0.774378,18.220091,ok
EES0423767__X3C__Y36__P024.jpg,0.805916,18.158329,ok
EES0423767__X3C__Y39__P025.jpg,0.812233,20.680891,ok
EES0423768__X3F__Y18__P001.jpg,0.942508,25.161066,ok
EES0423768__X3F__Y1B__P002.jpg,0.889589,22.285064,ok
EES0423768__X3F__Y33__P003.jpg,0.835058,20.626372,ok
EES0423768__X3F__Y36__P004.jpg,0.870177,21.020847,ok
EES0423768__X3F__Y39__P005.jpg,0.813336,18.988319,ok
EES0423768__X42__Y1B__P006.jpg,0.682562,16.836411,ok
EES0423768__X42__Y1E__P007.jpg,0.944125,26.713044,ok
EES0423768__X42__Y21__P008.jpg,0.844140,21.395912,ok
EES0423768__X42__Y27__P009.jpg,0.896318,24.579484,ok
EES0423768__X42__Y2D__P010.jpg,0.868629,19.435623,ok
EES0423768__X42__Y30__P011.jpg,0.712060,17.183307,ok
EES0423768__X42__Y33__P012.jpg,0.724201,17.994380,ok
EES0423768__X45__Y21__P013.jpg,0.942222,30.033672,ok
EES0423768__X45__Y24__P014.jpg,0.847255,18.687613,ok
EES0423768__X45__Y2A__P015.jpg,0.723838,17.862660,ok
EES0423768__X0F__Y18__P016.jpg,0.830696,19.274347,ok
EES0423768__X0F__Y21__P017.jpg,0.680217,17.595792,ok
EES0423768__X0F__Y24__P018.jpg,0.867447,21.829037,ok
EES0423768__X0F__Y27__P019.jpg,0.935154,25.492143,ok
EES0423768__X0F__Y2D__P020.jpg,0.725946,17.323544,ok
EES0423768__X0F__Y30__P021.jpg,0.939547,26.445137,ok
EES0423768__X12__Y15__P022.jpg,0.916750,25.014457,ok
EES0423768__X12__Y1B__P023.jpg,0.670429,18.172550,ok
EES0423768__X12__Y1E__P024.jpg,0.816043,18.748005,ok
EES0423768__X12__Y24__P025.jpg,0.764060,18.465999,ok
EES0423769__X15__Y0F__P001.jpg,0.904215,28.244694,ok
EES0423769__X15__Y12__P002.jpg,0.790634,19.174837,ok
EES0423769__X15__Y18__P003.jpg,0.913945,25.156993,ok
EES0423769__X15__Y1E__P004.jpg,0.838157,19.607831,ok
EES0423769__X15__Y21__P005.jpg,0.713055,18.336889,ok
EES0423769__X18__Y18__P006.jpg,0.938467,28.929285,ok
EES0423769__X18__Y1E__P007.jpg,0.554930,15.945278,ok
EES0423769__X1E__Y09__P008.jpg,0.910332,25.356404,ok
EES0423769__X1E__Y3F__P009.jpg,0.828989,19.595897,ok
EES0423769__X21__Y09__P010.jpg,0.901029,22.133506,ok
EES0423769__X24__Y09__P011.jpg,0.893403,27.514555,ok
EES0423769__X2A__Y42__P012.jpg,0.810783,19.201051,ok
EES0423769__X2D__Y42__P013.jpg,0.933945,25.302380,ok
EES0423769__X36__Y3F__P014.jpg,0.858074,18.769546,ok
EES0423769__X45__Y15__P015.jpg,0.718844,17.712287,ok
EES0423769__X45__Y30__P016.jpg,0.772152,17.943083,ok
EES0423769__X48__Y1B__P017.jpg,0.855836,19.574195,ok
EES0423769__X48__Y21__P018.jpg,0.881438,22.608190,ok
EES0423769__X48__Y24__P019.jpg,0.883560,20.892170,ok
EES0423769__X48__Y27__P020.jpg,0.835567,20.219238,ok
EES0423769__X48__Y33__P021.jpg,0.810356,18.219313,ok
EES0423769__X18__Y21__P022.jpg,0.788361,18.041199,ok
EES0423769__X27__Y0C__P023.jpg,0.733619,18.563023,ok
EES0423769__X2D__Y18__P024.jpg,0.856088,19.487467,ok
EES0423769__X33__Y33__P025.jpg,0.900222,23.942134,ok
EES0423770__X09__Y18__P001.jpg,0.875753,19.440136,ok
EES0423770__X09__Y1B__P002.jpg,0.823575,20.413743,ok
EES0423770__X09__Y1E__P003.jpg,0.902310,25.965822,ok
EES0423770__X09__Y24__P004.jpg,0.919030,25.053291,ok
EES0423770__X09__Y30__P005.jpg,0.738177,17.447585,ok
EES0423770__X0C__Y12__P006.jpg,0.900398,25.816557,ok
EES0423770__X0C__Y15__P007.jpg,0.791320,19.562538,ok
EES0423770__X0F__Y36__P008.jpg,0.864299,19.425202,ok
EES0423770__X15__Y09__P009.jpg,0.885461,21.335484,ok
EES0423770__X18__Y09__P010.jpg,0.868864,22.843877,ok
EES0423770__X18__Y3F__P011.jpg,0.771133,19.098756,ok
EES0423770__X1B__Y06__P012.jpg,0.801632,18.182726,ok
EES0423770__X1E__Y06__P013.jpg,0.846476,21.910505,ok
EES0423770__X1E__Y09__P014.jpg,0.778013,19.289453,ok
EES0423770__X21__Y06__P015.jpg,0.948153,32.207894,ok
EES0423770__X24__Y06__P016.jpg,0.804415,20.387854,ok
EES0423770__X24__Y42__P017.jpg,0.777160,18.922978,ok
EES0423770__X27__Y06__P018.jpg,0.885873,19.350469,ok
EES0423770__X27__Y42__P019.jpg,0.927592,23.120124,ok
EES0423770__X2A__Y06__P020.jpg,0.704186,17.142468,ok
EES0423770__X2D__Y06__P021.jpg,0.848856,18.670659,ok
EES0423770__X30__Y06__P022.jpg,0.773808,18.678315,ok
EES0423770__X33__Y09__P023.jpg,0.715846,17.321015,ok
EES0423770__X33__Y3F__P024.jpg,0.827497,20.508171,ok
EES0423770__X36__Y09__P025.jpg,0.911309,21.941932,ok
EES0423771__X39__Y0C__P001.jpg,0.833935,22.988281,ok
EES0423771__X3F__Y36__P002.jpg,0.821118,19.307015,ok
EES0423771__X42__Y15__P003.jpg,0.828153,18.744925,ok
EES0423771__X42__Y2D__P004.jpg,0.880065,23.837935,ok
EES0423771__X42__Y30__P005.jpg,0.900689,23.547935,ok
EES0423771__X42__Y33__P006.jpg,0.882936,21.868859,ok
EES0423771__X45__Y1B__P007.jpg,0.661238,18.440921,ok
EES0423771__X45__Y1E__P008.jpg,0.776867,21.019371,ok
EES0423771__X45__Y21__P009.jpg,0.825383,19.109069,ok
EES0423771__X45__Y24__P010.jpg,0.697717,18.123117,ok
EES0423771__X45__Y27__P011.jpg,0.838012,24.496059,ok
EES0423771__X45__Y2A__P012.jpg,0.876807,20.939323,ok
EES0423771__X09__Y18__P013.jpg,0.805473,20.547788,ok
EES0423771__X09__Y1B__P014.jpg,0.704844,18.909020,ok
EES0423771__X09__Y1E__P015.jpg,0.841527,22.770003,ok
EES0423771__X09__Y21__P016.jpg,0.865145,22.426358,ok
EES0423771__X09__Y24__P017.jpg,0.598871,17.075665,ok
EES0423771__X09__Y27__P018.jpg,0.813914,21.191299,ok
EES0423771__X09__Y2A__P019.jpg,0.871352,23.223511,ok
EES0423771__X09__Y2D__P020.jpg,0.782342,18.181665,ok
EES0423771__X09__Y30__P021.jpg,0.900584,22.499805,ok
EES0423771__X09__Y42__P022.jpg,0.827287,21.685510,ok
EES0423771__X09__Y45__P023.jpg,0.833371,21.312639,ok
EES0423771__X0C__Y15__P024.jpg,0.823116,18.637290,ok
EES0423771__X0C__Y18__P025.jpg,0.734334,18.627603,ok
EES0423772__X0C__Y30__P001.jpg,0.615965,17.261352,ok
EES0423772__X0C__Y33__P002.jpg,0.795976,20.563208,ok
EES0423772__X0F__Y36__P003.jpg,0.614676,16.902243,ok
EES0423772__X0F__Y39__P004.jpg,0.722654,19.386986,ok
EES0423772__X12__Y0F__P005.jpg,0.638192,16.651223,ok
EES0423772__X12__Y39__P006.jpg,0.673108,17.838578,ok
EES0423772__X12__Y3C__P007.jpg,0.863656,20.344844,ok
EES0423772__X15__Y3F__P008.jpg,0.663744,18.278381,ok
EES0423772__X18__Y09__P009.jpg,0.730696,18.952644,ok
EES0423772__X18__Y3F__P010.jpg,0.825268,22.977378,ok
EES0423772__X1B__Y09__P011.jpg,0.641644,17.099479,ok
EES0423772__X1B__Y42__P012.jpg,0.632112,17.255507,ok
EES0423772__X1E__Y09__P013.jpg,0.638883,16.826150,ok
EES0423772__X1E__Y42__P014.jpg,0.638983,16.946787,ok
EES0423772__X21__Y06__P015.jpg,0.741350,18.785884,ok
EES0423772__X21__Y42__P016.jpg,0.804564,18.552069,ok
EES0423772__X24__Y06__P017.jpg,0.640230,17.722412,ok
EES0423772__X27__Y06__P018.jpg,0.846446,21.548458,ok
EES0423772__X27__Y42__P019.jpg,0.725718,19.191591,ok
EES0423772__X27__Y45__P020.jpg,0.848655,20.952585,ok
EES0423772__X2A__Y06__P021.jpg,0.685840,18.785011,ok
EES0423772__X2A__Y42__P022.jpg,0.873146,21.904896,ok
EES0423772__X2D__Y42__P023.jpg,0.762800,17.858570,ok
EES0423772__X30__Y42__P024.jpg,0.838926,20.805679,ok
EES0423772__X33__Y42__P025.jpg,0.871714,18.812723,ok
EES0423773__X36__Y3F__P001.jpg,0.823898,18.170783,ok
EES0423773__X39__Y0C__P002.jpg,0.726603,20.451681,ok
EES0423773__X3C__Y0F__P003.jpg,0.871767,22.431823,ok
EES0423773__X3C__Y39__P004.jpg,0.670456,17.280906,ok
EES0423773__X3F__Y0F__P005.jpg,0.720640,17.462883,ok
EES0423773__X3F__Y12__P006.jpg,0.634795,16.282514,ok
EES0423773__X3F__Y36__P007.jpg,0.733205,21.062927,ok
EES0423773__X3F__Y39__P008.jpg,0.675728,17.377342,ok
EES0423773__X42__Y15__P009.jpg,0.867868,20.801926,ok
EES0423773__X42__Y18__P010.jpg,0.696592,17.742999,ok
EES0423773__X42__Y30__P011.jpg,0.668582,18.227290,ok
EES0423773__X42__Y33__P012.jpg,0.734733,19.388877,ok
EES0423773__X45__Y18__P013.jpg,0.604093,16.451353,ok
EES0423773__X45__Y1B__P014.jpg,0.726034,19.200927,ok
EES0423773__X45__Y1E__P015.jpg,0.866486,21.227061,ok
EES0423773__X45__Y21__P016.jpg,0.848361,20.467006,ok
EES0423773__X45__Y24__P017.jpg,0.681950,18.078155,ok
EES0423773__X45__Y27__P018.jpg,0.841111,22.262932,ok
EES0423773__X45__Y2A__P019.jpg,0.662628,16.393738,ok
EES0423773__X45__Y2D__P020.jpg,0.667159,17.668022,ok
EES0423773__X45__Y30__P021.jpg,0.717821,18.531738,ok
EES0423773__X09__Y21__P022.jpg,0.672902,18.100565,ok
EES0423773__X0F__Y18__P023.jpg,0.916587,21.978884,ok
EES0423773__X0F__Y1B__P024.jpg,0.691456,17.000144,ok
EES0423773__X0F__Y2D__P025.jpg,0.849801,19.924721,ok
EES0423774__X12__Y15__P001.jpg,0.766217,17.663882,ok
EES0423774__X12__Y18__P002.jpg,0.805938,18.488686,ok
EES0423774__X12__Y1B__P003.jpg,0.781634,19.425581,ok
EES0423774__X12__Y1E__P004.jpg,0.841351,19.629864,ok
EES0423774__X12__Y21__P005.jpg,0.802956,17.965273,ok
EES0423774__X12__Y33__P006.jpg,0.761803,17.692236,ok
EES0423774__X15__Y15__P007.jpg,0.790303,18.493952,ok
EES0423774__X15__Y18__P008.jpg,0.731994,17.259025,ok
EES0423774__X15__Y1B__P009.jpg,0.707851,17.050873,ok
EES0423774__X18__Y0C__P010.jpg,0.768713,18.342477,ok
EES0423774__X1B__Y09__P011.jpg,0.867937,19.371773,ok
EES0423774__X1B__Y0C__P012.jpg,0.826161,19.289493,ok
EES0423774__X1B__Y0F__P013.jpg,0.891941,23.082917,ok
EES0423774__X1B__Y3C__P014.jpg,0.925038,28.321587,ok
EES0423774__X1E__Y06__P015.jpg,0.755807,18.719591,ok
EES0423774__X1E__Y09__P016.jpg,0.807653,17.882371,ok
EES0423774__X21__Y06__P017.jpg,0.759998,17.651894,ok
EES0423774__X21__Y09__P018.jpg,0.932012,23.976017,ok
EES0423774__X24__Y06__P019.jpg,0.925763,23.347503,ok
EES0423774__X24__Y3F__P020.jpg,0.773620,18.077999,ok
EES0423774__X27__Y03__P021.jpg,0.882669,20.773052,ok
EES0423774__X27__Y06__P022.jpg,0.748753,17.468107,ok
EES0423774__X27__Y3F__P023.jpg,0.773479,18.366816,ok
EES0423774__X2A__Y03__P024.jpg,0.859598,21.041293,ok
EES0423774__X2A__Y06__P025.jpg,0.827934,19.394527,ok
EES0423775__X18__Y12__P001.jpg,0.853877,19.363600,ok
EES0423775__X1B__Y12__P002.jpg,0.732913,19.566671,ok
EES0423775__X1B__Y1B__P003.jpg,0.857156,19.115376,ok
EES0423775__X30__Y1B__P004.jpg,0.843914,18.922931,ok
EES0423775__X33__Y09__P005.jpg,0.754297,17.835547,ok
EES0423775__X36__Y27__P006.jpg,0.914947,24.081299,ok
EES0423775__X36__Y3C__P007.jpg,0.920512,23.416348,ok
EES0423775__X39__Y0C__P008.jpg,0.776674,18.052797,ok
EES0423775__X39__Y21__P009.jpg,0.768647,17.567057,ok
EES0423775__X39__Y39__P010.jpg,0.764136,17.379474,ok
EES0423775__X3C__Y0F__P011.jpg,0.762667,17.130780,ok
EES0423775__X3C__Y12__P012.jpg,0.934447,26.659271,ok
EES0423775__X3C__Y18__P013.jpg,0.880021,20.379894,ok
EES0423775__X3C__Y36__P014.jpg,0.804203,18.172288,ok
EES0423775__X3C__Y39__P015.jpg,0.686255,16.692656,ok
EES0423775__X3F__Y12__P016.jpg,0.750059,18.593555,ok
EES0423775__X42__Y24__P017.jpg,0.789960,17.873390,ok
EES0423775__X42__Y2A__P018.jpg,0.833309,17.967346,ok
EES0423775__X42__Y33__P019.jpg,0.823478,17.764861,ok
EES0423775__X45__Y1E__P020.jpg,0.740582,16.950764,ok
EES0423775__X45__Y21__P021.jpg,0.795269,19.172639,ok
EES0423775__X0C__Y24__P022.jpg,0.715055,17.938849,ok
EES0423775__X0C__Y2A__P023.jpg,0.901448,22.817788,ok
EES0423775__X2D__Y09__P024.jpg,0.886011,21.641640,ok
EES0423775__X3C__Y24__P025.jpg,0.863444,19.569403,ok
EES0423776__X0C__Y21__P001.jpg,0.684621,17.431377,ok
EES0423776__X0C__Y24__P002.jpg,0.760032,20.118036,ok
EES0423776__X0C__Y27__P003.jpg,0.820181,18.973850,ok
EES0423776__X0C__Y2D__P004.jpg,0.830473,19.381511,ok
EES0423776__X0F__Y15__P005.jpg,0.771671,18.354122,ok
EES0423776__X0F__Y2D__P006.jpg,0.801319,18.539621,ok
EES0423776__X0F__Y33__P007.jpg,0.842741,19.347296,ok
EES0423776__X12__Y0F__P008.jpg,0.846004,19.440292,ok
EES0423776__X15__Y0F__P009.jpg,0.835704,19.746900,ok
EES0423776__X15__Y39__P010.jpg,0.882740,22.599714,ok
EES0423776__X1B__Y09__P011.jpg,0.827963,19.102084,ok
EES0423776__X1E__Y06__P012.jpg,0.781516,18.204326,ok
EES0423776__X21__Y06__P013.jpg,0.796572,18.078375,ok
EES0423776__X2D__Y06__P014.jpg,0.672472,18.128877,ok
EES0423776__X33__Y06__P015.jpg,0.889695,22.481641,ok
EES0423776__X39__Y09__P016.jpg,0.805419,18.695177,ok
EES0423776__X3C__Y09__P017.jpg,0.797774,18.297294,ok
EES0423776__X18__Y3C__P018.jpg,0.857766,21.478127,ok
EES0423776__X1B__Y1E__P019.jpg,0.776715,18.162549,ok
EES0423776__X27__Y1B__P020.jpg,0.768077,18.062868,ok
EES0423776__X2D__Y06__P021.jpg,0.830920,19.207752,ok
EES0423776__X42__Y12__P022.jpg,0.749318,18.340329,ok
EES0423776__X42__Y15__P023.jpg,0.687306,17.132328,ok
EES0423776__X42__Y36__P024.jpg,0.856170,20.978805,ok
EES0423776__X45__Y1B__P025.jpg,0.908119,27.450879,ok
EES0423777__X21__Y1E__P001.jpg,0.804249,18.156764,ok
EES0423777__X21__Y21__P002.jpg,0.852329,17.978548,ok
EES0423777__X2D__Y09__P003.jpg,0.951122,32.001993,ok
EES0423777__X39__Y0F__P004.jpg,0.791169,17.647209,ok
EES0423777__X3C__Y21__P005.jpg,0.750379,19.092900,ok
EES0423777__X3F__Y15__P006.jpg,0.867383,21.116802,ok
EES0423777__X3F__Y1E__P007.jpg,0.773775,19.050332,ok
EES0423777__X3F__Y21__P008.jpg,0.867975,18.913692,ok
EES0423777__X42__Y18__P009.jpg,0.882137,20.356764,ok
EES0423777__X42__Y1E__P010.jpg,0.896903,21.902745,ok
EES0423777__X15__Y27__P011.jpg,0.810303,19.378669,ok
EES0423777__X18__Y39__P012.jpg,0.841653,21.953336,ok
EES0423777__X1B__Y2A__P013.jpg,0.839278,18.063444,ok
EES0423777__X1E__Y2D__P014.jpg,0.822418,19.494069,ok
EES0423777__X21__Y24__P015.jpg,0.817020,19.008274,ok
EES0423777__X21__Y27__P016.jpg,0.860241,17.959597,ok
EES0423777__X21__Y2A__P017.jpg,0.822670,17.647997,ok
EES0423777__X21__Y30__P018.jpg,0.850974,19.955971,ok
EES0423777__X21__Y33__P019.jpg,0.846518,20.305733,ok
EES0423777__X21__Y36__P020.jpg,0.811523,18.073695,ok
EES0423777__X24__Y24__P021.jpg,0.901299,21.912712,ok
EES0423777__X24__Y27__P022.jpg,0.747491,17.352600,ok
EES0423777__X24__Y2A__P023.jpg,0.881971,23.840836,ok
EES0423777__X24__Y30__P024.jpg,0.752146,17.829357,ok
EES0423777__X24__Y33__P025.jpg,0.683456,18.170690,ok
EES0423778__X3C__Y30__P001.jpg,0.942988,26.349476,ok
EES0423778__X3F__Y2A__P002.jpg,0.848581,18.865586,ok
EES0423778__X3F__Y30__P003.jpg,0.798428,18.048918,ok
EES0423778__X42__Y24__P004.jpg,0.939800,27.027848,ok
EES0423778__X42__Y27__P005.jpg,0.916709,23.514341,ok
EES0423778__X42__Y2A__P006.jpg,0.886688,21.550907,ok
EES0423778__X0C__Y18__P007.jpg,0.843309,20.759098,ok
EES0423778__X0C__Y1B__P008.jpg,0.919079,23.067114,ok
EES0423778__X0F__Y1B__P009.jpg,0.782110,17.920620,ok
EES0423778__X18__Y0C__P010.jpg,0.780014,18.352258,ok
EES0423778__X1E__Y45__P011.jpg,0.761175,18.403451,ok
EES0423778__X24__Y45__P012.jpg,0.838294,19.602322,ok
EES0423778__X27__Y45__P013.jpg,0.788354,17.722671,ok
EES0423778__X2A__Y45__P014.jpg,0.867356,22.289783,ok
EES0423778__X33__Y0C__P015.jpg,0.928162,27.486748,ok
EES0423778__X36__Y3F__P016.jpg,0.825109,18.492185,ok
EES0423778__X39__Y3C__P017.jpg,0.918186,22.432245,ok
EES0423778__X3C__Y39__P018.jpg,0.869787,21.609700,ok
EES0423778__X42__Y1B__P019.jpg,0.867437,23.113091,ok
EES0423778__X42__Y1E__P020.jpg,0.766849,19.133008,ok
EES0423778__X42__Y21__P021.jpg,0.859900,21.478071,ok
EES0423778__X42__Y2D__P022.jpg,0.851195,20.396995,ok
EES0423778__X09__Y1B__P023.jpg,0.734189,17.274283,ok
EES0423778__X09__Y2D__P024.jpg,0.851604,21.093609,ok
EES0423778__X0F__Y39__P025.jpg,0.868397,21.529071,ok
EES0423779__X15__Y09__P001.jpg,0.751070,18.586983,ok
EES0423779__X15__Y0F__P002.jpg,0.949721,29.325853,ok
EES0423779__X15__Y12__P003.jpg,0.777828,18.100603,ok
EES0423779__X18__Y06__P004.jpg,0.735315,18.047343,ok
EES0423779__X18__Y09__P005.jpg,0.751953,17.908982,ok
EES0423779__X1B__Y06__P006.jpg,0.748231,18.366399,ok
EES0423779__X1B__Y09__P007.jpg,0.820682,21.065778,ok
EES0423779__X1B__Y3F__P008.jpg,0.811546,21.276507,ok
EES0423779__X1E__Y06__P009.jpg,0.821556,20.941376,ok
EES0423779__X1E__Y15__P010.jpg,0.830674,18.637850,ok
EES0423779__X1E__Y42__P011.jpg,0.836663,18.949236,ok
EES0423779__X21__Y06__P012.jpg,0.911226,24.470385,ok
EES0423779__X21__Y09__P013.jpg,0.767295,17.982629,ok
EES0423779__X21__Y12__P014.jpg,0.752657,18.507041,ok
EES0423779__X21__Y15__P015.jpg,0.933928,26.761943,ok
EES0423779__X21__Y42__P016.jpg,0.851506,19.741999,ok
EES0423779__X24__Y03__P017.jpg,0.936076,32.508084,ok
EES0423779__X24__Y06__P018.jpg,0.785175,18.079049,ok
EES0423779__X24__Y09__P019.jpg,0.780451,19.376966,ok
EES0423779__X24__Y39__P020.jpg,0.803027,17.879684,ok
EES0423779__X27__Y06__P021.jpg,0.721747,18.636296,ok
EES0423779__X27__Y09__P022.jpg,0.801091,18.484720,ok
EES0423779__X2A__Y06__P023.jpg,0.905312,20.748963,ok
EES0423779__X2A__Y3F__P024.jpg,0.741348,18.520233,ok
EES0423779__X2A__Y42__P025.jpg,0.848871,19.566867,ok
EES0423780__X18__Y15__P001.jpg,0.861348,21.727975,ok
EES0423780__X18__Y1B__P002.jpg,0.868750,20.259344,ok
EES0423780__X18__Y1E__P003.jpg,0.863867,20.886677,ok
EES0423780__X1B__Y09__P004.jpg,0.839271,20.989801,ok
EES0423780__X1B__Y0C__P005.jpg,0.842988,18.601409,ok
EES0423780__X1B__Y12__P006.jpg,0.817047,20.170257,ok
EES0423780__X1B__Y15__P007.jpg,0.717263,17.809537,ok
EES0423780__X1B__Y18__P008.jpg,0.775449,19.554254,ok
EES0423780__X1B__Y1B__P009.jpg,0.893476,23.675284,ok
EES0423780__X1B__Y1E__P010.jpg,0.911209,23.821014,ok
EES0423780__X1E__Y09__P011.jpg,0.766603,17.941289,ok
EES0423780__X1E__Y0C__P012.jpg,0.847521,21.762550,ok
EES0423780__X1E__Y0F__P013.jpg,0.806421,17.969350,ok
EES0423780__X1E__Y15__P014.jpg,0.887240,23.803337,ok
EES0423780__X1E__Y1B__P015.jpg,0.864577,20.715933,ok
EES0423780__X21__Y0C__P016.jpg,0.926263,25.080287,ok
EES0423780__X21__Y0F__P017.jpg,0.757136,18.032619,ok
EES0423780__X21__Y12__P018.jpg,0.814474,20.505264,ok
EES0423780__X21__Y15__P019.jpg,0.837072,18.839225,ok
EES0423780__X21__Y18__P020.jpg,0.780080,18.872021,ok
EES0423780__X21__Y1B__P021.jpg,0.896402,26.803697,ok
EES0423780__X21__Y1E__P022.jpg,0.866754,23.079591,ok
EES0423780__X24__Y0F__P023.jpg,0.749235,18.989570,ok
EES0423780__X24__Y12__P024.jpg,0.852952,18.761968,ok
EES0423780__X24__Y18__P025.jpg,0.897261,22.335709,ok
EES0423781__X39__Y24__P001.jpg,0.801380,21.849065,ok
EES0423781__X39__Y2A__P002.jpg,0.826902,18.593114,ok
EES0423781__X3F__Y24__P003.jpg,0.755556,19.205101,ok
EES0423781__X3F__Y2A__P004.jpg,0.687649,18.074609,ok
EES0423781__X06__Y1E__P005.jpg,0.768293,19.744431,ok
EES0423781__X06__Y21__P006.jpg,0.704263,18.381879,ok
EES0423781__X06__Y24__P007.jpg,0.738028,17.567119,ok
EES0423781__X09__Y18__P008.jpg,0.853446,19.293336,ok
EES0423781__X09__Y1B__P009.jpg,0.782666,20.336504,ok
EES0423781__X09__Y21__P010.jpg,0.779568,18.603292,ok
EES0423781__X0C__Y15__P011.jpg,0.805629,21.687181,ok
EES0423781__X0C__Y18__P012.jpg,0.939570,28.966146,ok
EES0423781__X0F__Y15__P013.jpg,0.820529,19.094783,ok
EES0423781__X0F__Y18__P014.jpg,0.785541,20.404410,ok
EES0423781__X0F__Y1E__P015.jpg,0.867688,21.308609,ok
EES0423781__X18__Y1E__P016.jpg,0.911708,20.438130,ok
EES0423781__X18__Y21__P017.jpg,0.758894,20.534454,ok
EES0423781__X18__Y24__P018.jpg,0.740972,18.692791,ok
EES0423781__X18__Y33__P019.jpg,0.754798,17.977774,ok
EES0423781__X1B__Y18__P020.jpg,0.794675,21.906402,ok
EES0423781__X1B__Y1B__P021.jpg,0.745179,17.441113,ok
EES0423781__X1B__Y1E__P022.jpg,0.751450,17.973401,ok
EES0423781__X1B__Y21__P023.jpg,0.835301,23.316021,ok
EES0423781__X1B__Y24__P024.jpg,0.749954,21.358996,ok
EES0423781__X1B__Y27__P025.jpg,0.869118,19.560770,ok
EES0423782__X1E__Y1E__P001.jpg,0.703909,17.526353,ok
EES0423782__X1E__Y21__P002.jpg,0.735290,17.790700,ok
EES0423782__X1E__Y24__P003.jpg,0.805157,20.135053,ok
EES0423782__X1E__Y27__P004.jpg,0.763169,19.593771,ok
EES0423782__X21__Y15__P005.jpg,0.801962,18.048205,ok
EES0423782__X21__Y18__P006.jpg,0.637969,16.684379,ok
EES0423782__X21__Y1B__P007.jpg,0.737377,18.242561,ok
EES0423782__X21__Y2D__P008.jpg,0.717959,18.423472,ok
EES0423782__X21__Y30__P009.jpg,0.672200,18.237205,ok
EES0423782__X24__Y18__P010.jpg,0.857307,21.398184,ok
EES0423782__X24__Y1B__P011.jpg,0.710807,18.579173,ok
EES0423782__X24__Y30__P012.jpg,0.697734,17.896647,ok
EES0423782__X2A__Y15__P013.jpg,0.725318,17.626735,ok
EES0423782__X2A__Y2A__P014.jpg,0.770073,18.087917,ok
EES0423782__X2A__Y36__P015.jpg,0.706975,18.931146,ok
EES0423782__X2D__Y12__P016.jpg,0.720393,17.604861,ok
EES0423782__X2D__Y15__P017.jpg,0.660589,17.873517,ok
EES0423782__X2D__Y18__P018.jpg,0.671335,18.074688,ok
EES0423782__X2D__Y21__P019.jpg,0.761350,18.768963,ok
EES0423782__X2D__Y27__P020.jpg,0.761451,19.702611,ok
EES0423782__X2D__Y30__P021.jpg,0.851833,18.961609,ok
EES0423782__X30__Y0C__P022.jpg,0.737168,17.723737,ok
EES0423782__X30__Y1B__P023.jpg,0.738236,18.484575,ok
EES0423782__X30__Y1E__P024.jpg,0.778434,19.948313,ok
EES0423782__X30__Y21__P025.jpg,0.800832,20.653546,ok
EES0423783__X0C__Y0F__P001.jpg,0.804750,18.477965,ok
EES0423783__X0C__Y12__P002.jpg,0.879658,20.333353,ok
EES0423783__X0C__Y15__P003.jpg,0.830320,21.240114,ok
EES0423783__X0C__Y39__P004.jpg,0.836436,23.205634,ok
EES0423783__X0F__Y0C__P005.jpg,0.789275,20.639717,ok
EES0423783__X0F__Y0F__P006.jpg,0.817067,19.889577,ok
EES0423783__X0F__Y12__P007.jpg,0.804810,20.056811,ok
EES0423783__X12__Y0C__P008.jpg,0.878952,24.730319,ok
EES0423783__X15__Y09__P009.jpg,0.836551,21.546955,ok
EES0423783__X15__Y0C__P010.jpg,0.883557,23.908760,ok
EES0423783__X18__Y09__P011.jpg,0.896202,28.098401,ok
EES0423783__X18__Y0C__P012.jpg,0.916791,27.128969,ok
EES0423783__X1B__Y09__P013.jpg,0.796712,19.834532,ok
EES0423783__X1E__Y06__P014.jpg,0.860934,23.315292,ok
EES0423783__X21__Y06__P015.jpg,0.656278,17.148283,ok
EES0423783__X24__Y06__P016.jpg,0.774584,19.010258,ok
EES0423783__X27__Y06__P017.jpg,0.806003,22.007200,ok
EES0423783__X2A__Y06__P018.jpg,0.806189,20.023020,ok
EES0423783__X2D__Y06__P019.jpg,0.760274,20.847704,ok
EES0423783__X30__Y06__P020.jpg,0.799327,20.845733,ok
EES0423783__X33__Y09__P021.jpg,0.860935,22.381922,ok
EES0423783__X33__Y0C__P022.jpg,0.829666,20.758596,ok
EES0423783__X36__Y09__P023.jpg,0.855041,21.784828,ok
EES0423783__X36__Y0C__P024.jpg,0.796450,18.249369,ok
EES0423783__X39__Y0C__P025.jpg,0.888460,25.566298,ok
EES0423784__X06__Y36__P001.jpg,0.738920,18.988095,ok
EES0423784__X06__Y39__P002.jpg,0.798360,20.828415,ok
EES0423784__X12__Y42__P003.jpg,0.930394,25.464779,ok
EES0423784__X18__Y45__P004.jpg,0.615894,17.161300,ok
EES0423784__X1B__Y45__P005.jpg,0.680253,17.435729,ok
EES0423784__X21__Y45__P006.jpg,0.622167,17.852491,ok
EES0423784__X24__Y39__P007.jpg,0.942258,30.490086,ok
EES0423784__X24__Y3C__P008.jpg,0.874849,23.744846,ok
EES0423784__X24__Y45__P009.jpg,0.931649,29.215321,ok
EES0423784__X27__Y3C__P010.jpg,0.643601,18.631805,ok
EES0423784__X27__Y3F__P011.jpg,0.630527,17.430863,ok
EES0423784__X27__Y45__P012.jpg,0.910624,25.787068,ok
EES0423784__X2A__Y39__P013.jpg,0.674015,18.893864,ok
EES0423784__X2A__Y3C__P014.jpg,0.739966,19.416926,ok
EES0423784__X2A__Y3F__P015.jpg,0.659223,18.147672,ok
EES0423784__X2D__Y39__P016.jpg,0.875946,22.676955,ok
EES0423784__X2D__Y3C__P017.jpg,0.731610,20.348540,ok
EES0423784__X2D__Y3F__P018.jpg,0.617305,17.105280,ok
EES0423784__X30__Y39__P019.jpg,0.845587,22.289041,ok
EES0423784__X30__Y3C__P020.jpg,0.893668,20.300693,ok
EES0423784__X33__Y36__P021.jpg,0.770922,19.647699,ok
EES0423784__X33__Y39__P022.jpg,0.645110,18.363381,ok
EES0423784__X33__Y3C__P023.jpg,0.672818,16.758763,ok
EES0423784__X33__Y3F__P024.jpg,0.698648,19.132785,ok
EES0423784__X33__Y42__P025.jpg,0.907098,26.454953,ok
EES0423785__X36__Y36__P001.jpg,0.741433,18.507676,ok
EES0423785__X36__Y39__P002.jpg,0.913985,24.307194,ok
EES0423785__X36__Y3C__P003.jpg,0.627231,16.662477,ok
EES0423785__X36__Y3F__P004.jpg,0.842138,18.963841,ok
EES0423785__X39__Y36__P005.jpg,0.887676,23.211231,ok
EES0423785__X39__Y3C__P006.jpg,0.911140,25.274418,ok
EES0423785__X3C__Y24__P007.jpg,0.698769,18.396457,ok
EES0423785__X3C__Y2A__P008.jpg,0.837172,18.070089,ok
EES0423785__X3C__Y30__P009.jpg,0.717154,18.327107,ok
EES0423785__X3C__Y33__P010.jpg,0.902349,24.603822,ok
EES0423785__X3F__Y1B__P011.jpg,0.788071,19.629127,ok
EES0423785__X3F__Y1E__P012.jpg,0.705647,18.285374,ok
EES0423785__X3F__Y21__P013.jpg,0.730049,19.041836,ok
EES0423785__X3F__Y24__P014.jpg,0.720967,18.837335,ok
EES0423785__X3F__Y27__P015.jpg,0.898418,22.898649,ok
EES0423785__X3F__Y2A__P016.jpg,0.732208,18.640610,ok
EES0423785__X3F__Y2D__P017.jpg,0.743131,17.456150,ok
EES0423785__X3F__Y30__P018.jpg,0.790809,20.820046,ok
EES0423785__X3F__Y33__P019.jpg,0.860134,19.463478,ok
EES0423785__X06__Y1E__P020.jpg,0.929271,27.435531,ok
EES0423785__X06__Y21__P021.jpg,0.770553,18.200649,ok
EES0423785__X06__Y24__P022.jpg,0.689782,17.350183,ok
EES0423785__X06__Y2A__P023.jpg,0.755859,19.382525,ok
EES0423785__X09__Y15__P024.jpg,0.923406,23.839252,ok
EES0423785__X09__Y18__P025.jpg,0.734498,17.635481,ok
EES0423786__X09__Y15__P001.jpg,0.801032,20.484033,ok
EES0423786__X09__Y3F__P002.jpg,0.891449,21.424277,ok
EES0423786__X0C__Y12__P003.jpg,0.867740,18.881705,ok
EES0423786__X0C__Y15__P004.jpg,0.873457,19.648871,ok
EES0423786__X0C__Y42__P005.jpg,0.894550,26.483201,ok
EES0423786__X15__Y0C__P006.jpg,0.773889,18.723195,ok
EES0423786__X15__Y45__P007.jpg,0.901811,20.058658,ok
EES0423786__X18__Y45__P008.jpg,0.706355,16.771167,ok
EES0423786__X30__Y0C__P009.jpg,0.762548,18.495101,ok
EES0423786__X33__Y45__P010.jpg,0.808184,18.902198,ok
EES0423786__X36__Y0F__P011.jpg,0.876655,21.039452,ok
EES0423786__X3F__Y3C__P012.jpg,0.842643,19.771006,ok
EES0423786__X03__Y18__P013.jpg,0.752953,18.483645,ok
EES0423786__X03__Y1E__P014.jpg,0.864305,18.537924,ok
EES0423786__X03__Y21__P015.jpg,0.943420,30.188099,ok
EES0423786__X03__Y24__P016.jpg,0.898375,20.131065,ok
EES0423786__X03__Y27__P017.jpg,0.925533,25.712434,ok
EES0423786__X03__Y2A__P018.jpg,0.807216,17.683319,ok
EES0423786__X03__Y2D__P019.jpg,0.763150,18.767643,ok
EES0423786__X03__Y33__P020.jpg,0.865708,18.638889,ok
EES0423786__X06__Y15__P021.jpg,0.819829,19.040652,ok
EES0423786__X06__Y1E__P022.jpg,0.824082,17.773355,ok
EES0423786__X06__Y33__P023.jpg,0.835204,18.188989,ok
EES0423786__X06__Y36__P024.jpg,0.796258,18.340495,ok
EES0423786__X09__Y39__P025.jpg,0.858444,21.955848,ok
EES0423787__X0C__Y3C__P001.jpg,0.776406,17.652982,ok
EES0423787__X0F__Y0C__P002.jpg,0.915451,26.348276,ok
EES0423787__X12__Y0C__P003.jpg,0.839593,20.963595,ok
EES0423787__X18__Y09__P004.jpg,0.890273,18.791458,ok
EES0423787__X18__Y45__P005.jpg,0.745639,17.560695,ok
EES0423787__X21__Y0C__P006.jpg,0.758617,17.559414,ok
EES0423787__X24__Y09__P007.jpg,0.888078,23.257512,ok
EES0423787__X24__Y12__P008.jpg,0.822836,18.038510,ok
EES0423787__X2D__Y1B__P009.jpg,0.797371,18.720312,ok
EES0423787__X30__Y0C__P010.jpg,0.811712,20.855642,ok
EES0423787__X3C__Y30__P011.jpg,0.735581,17.686469,ok
EES0423787__X3F__Y27__P012.jpg,0.859269,19.291237,ok
EES0423787__X0C__Y2D__P013.jpg,0.888631,21.125496,ok
EES0423787__X0F__Y12__P014.jpg,0.825405,17.972799,ok
EES0423787__X0F__Y1B__P015.jpg,0.830866,20.700725,ok
EES0423787__X0F__Y21__P016.jpg,0.851666,20.063296,ok
EES0423787__X0F__Y24__P017.jpg,0.773019,18.044276,ok
EES0423787__X0F__Y2D__P018.jpg,0.900235,24.881515,ok
EES0423787__X0F__Y33__P019.jpg,0.939247,27.298124,ok
EES0423787__X0F__Y36__P020.jpg,0.876849,19.877299,ok
EES0423787__X12__Y0F__P021.jpg,0.812021,18.175711,ok
EES0423787__X12__Y18__P022.jpg,0.729342,19.168286,ok
EES0423787__X12__Y1E__P023.jpg,0.786072,18.333113,ok
EES0423787__X12__Y3C__P024.jpg,0.906264,21.675697,ok
EES0423787__X15__Y0C__P025.jpg,0.831193,20.715877,ok
EES0423788__X15__Y12__P001.jpg,0.836685,20.162041,ok
EES0423788__X15__Y15__P002.jpg,0.807349,19.526984,ok
EES0423788__X15__Y18__P003.jpg,0.865960,18.636764,ok
EES0423788__X18__Y0F__P004.jpg,0.839349,21.795777,ok
EES0423788__X18__Y12__P005.jpg,0.828238,20.070412,ok
EES0423788__X18__Y18__P006.jpg,0.822225,19.438809,ok
EES0423788__X18__Y1E__P007.jpg,0.809272,21.136841,ok
EES0423788__X1B__Y0C__P008.jpg,0.860624,21.645016,ok
EES0423788__X1B__Y2D__P009.jpg,0.868034,21.904544,ok
EES0423788__X1B__Y3C__P010.jpg,0.864856,21.365290,ok
EES0423788__X1E__Y18__P011.jpg,0.883541,20.060107,ok
EES0423788__X1E__Y1B__P012.jpg,0.730396,19.241631,ok
EES0423788__X21__Y09__P013.jpg,0.835843,19.770073,ok
EES0423788__X21__Y0C__P014.jpg,0.812854,19.356318,ok
EES0423788__X21__Y12__P015.jpg,0.917770,27.990846,ok
EES0423788__X21__Y15__P016.jpg,0.816173,18.999210,ok
EES0423788__X21__Y18__P017.jpg,0.908416,25.502985,ok
EES0423788__X21__Y1B__P018.jpg,0.810608,18.750846,ok
EES0423788__X21__Y1E__P019.jpg,0.902534,25.712394,ok
EES0423788__X21__Y21__P020.jpg,0.840025,19.182313,ok
EES0423788__X21__Y24__P021.jpg,0.841538,21.950460,ok
EES0423788__X21__Y2A__P022.jpg,0.863131,20.789535,ok
EES0423788__X21__Y2D__P023.jpg,0.831252,20.981984,ok
EES0423788__X21__Y30__P024.jpg,0.828159,22.520389,ok
EES0423788__X21__Y36__P025.jpg,0.868345,21.947105,ok
EES0423789__X12__Y45__P001.jpg,0.912047,22.207614,ok
EES0423789__X15__Y45__P002.jpg,0.778044,18.655662,ok
EES0423789__X18__Y45__P003.jpg,0.764163,18.695904,ok
EES0423789__X1B__Y09__P004.jpg,0.873845,19.390975,ok
EES0423789__X1B__Y45__P005.jpg,0.804451,20.905355,ok
EES0423789__X1E__Y09__P006.jpg,0.805113,18.990747,ok
EES0423789__X1E__Y45__P007.jpg,0.878285,22.848648,ok
EES0423789__X21__Y09__P008.jpg,0.832092,19.737651,ok
EES0423789__X24__Y09__P009.jpg,0.705223,17.239708,ok
EES0423789__X27__Y09__P010.jpg,0.794995,21.762992,ok
EES0423789__X30__Y45__P011.jpg,0.797916,18.774295,ok
EES0423789__X3C__Y18__P012.jpg,0.832061,19.325825,ok
EES0423789__X3C__Y39__P013.jpg,0.777533,17.676076,ok
EES0423789__X3F__Y1E__P014.jpg,0.926096,26.065150,ok
EES0423789__X0C__Y21__P015.jpg,0.925106,26.570038,ok
EES0423789__X0C__Y30__P016.jpg,0.774364,20.094756,ok
EES0423789__X0C__Y33__P017.jpg,0.832265,18.577206,ok
EES0423789__X0F__Y1B__P018.jpg,0.814427,18.768033,ok
EES0423789__X0F__Y30__P019.jpg,0.912818,23.889628,ok
EES0423789__X15__Y15__P020.jpg,0.862627,19.135321,ok
EES0423789__X15__Y39__P021.jpg,0.848003,20.439595,ok
EES0423789__X1E__Y0F__P022.jpg,0.788248,17.582559,ok
EES0423789__X21__Y15__P023.jpg,0.889136,21.964990,ok
EES0423789__X21__Y18__P024.jpg,0.919770,21.423569,ok
EES0423789__X21__Y21__P025.jpg,0.882115,20.921194,ok
EES0423790__X06__Y24__P001.jpg,0.782253,18.472469,ok
EES0423790__X06__Y27__P002.jpg,0.743830,21.185126,ok
EES0423790__X06__Y2A__P003.jpg,0.931794,31.157635,ok
EES0423790__X06__Y2D__P004.jpg,0.752381,17.975592,ok
EES0423790__X09__Y18__P005.jpg,0.788596,18.186779,ok
EES0423790__X09__Y1E__P006.jpg,0.762475,19.518086,ok
EES0423790__X09__Y21__P007.jpg,0.791107,20.718360,ok
EES0423790__X09__Y39__P008.jpg,0.774129,20.126697,ok
EES0423790__X0C__Y15__P009.jpg,0.801909,21.134262,ok
EES0423790__X0C__Y18__P010.jpg,0.848700,22.629509,ok
EES0423790__X0C__Y1B__P011.jpg,0.855145,19.957762,ok
EES0423790__X0C__Y1E__P012.jpg,0.822435,19.106460,ok
EES0423790__X0C__Y21__P013.jpg,0.830925,20.928767,ok
EES0423790__X0C__Y24__P014.jpg,0.683576,17.177758,ok
EES0423790__X0F__Y12__P015.jpg,0.872916,25.768824,ok
EES0423790__X0F__Y1B__P016.jpg,0.761798,20.116265,ok
EES0423790__X0F__Y1E__P017.jpg,0.708188,18.046343,ok
EES0423790__X0F__Y21__P018.jpg,0.731978,18.480215,ok
EES0423790__X0F__Y24__P019.jpg,0.731019,17.863105,ok
EES0423790__X12__Y0F__P020.jpg,0.853925,21.587698,ok
EES0423790__X12__Y12__P021.jpg,0.812310,21.431634,ok
EES0423790__X12__Y15__P022.jpg,0.778197,19.610143,ok
EES0423790__X12__Y1B__P023.jpg,0.731829,18.274163,ok
EES0423790__X15__Y0F__P024.jpg,0.690764,16.755167,ok
EES0423790__X15__Y12__P025.jpg,0.744471,20.212561,ok
EES0423791__X15__Y15__P001.jpg,0.775599,18.023404,ok
EES0423791__X18__Y0C__P002.jpg,0.783484,20.315775,ok
EES0423791__X18__Y0F__P003.jpg,0.774169,19.153296,ok
EES0423791__X18__Y12__P004.jpg,0.773305,18.535604,ok
EES0423791__X18__Y15__P005.jpg,0.806953,18.063145,ok
EES0423791__X1B__Y0C__P006.jpg,0.806845,17.939813,ok
EES0423791__X1B__Y0F__P007.jpg,0.858385,22.750642,ok
EES0423791__X1B__Y12__P008.jpg,0.800543,19.941490,ok
EES0423791__X1E__Y0C__P009.jpg,0.830900,19.110158,ok
EES0423791__X1E__Y0F__P010.jpg,0.802946,21.786687,ok
EES0423791__X21__Y0F__P011.jpg,0.808297,19.845775,ok
EES0423791__X21__Y12__P012.jpg,0.732619,17.767408,ok
EES0423791__X24__Y0F__P013.jpg,0.784288,19.509870,ok
EES0423791__X24__Y12__P014.jpg,0.795835,20.312056,ok
EES0423791__X27__Y0C__P015.jpg,0.775688,17.919489,ok
EES0423791__X27__Y0F__P016.jpg,0.768900,19.808860,ok
EES0423791__X2A__Y0C__P017.jpg,0.905627,20.468225,ok
EES0423791__X2A__Y0F__P018.jpg,0.782869,18.743577,ok
EES0423791__X2A__Y12__P019.jpg,0.747247,19.210549,ok
EES0423791__X2D__Y0C__P020.jpg,0.778376,18.547806,ok
EES0423791__X2D__Y0F__P021.jpg,0.786170,18.374347,ok
EES0423791__X2D__Y12__P022.jpg,0.788310,19.648380,ok
EES0423791__X33__Y45__P023.jpg,0.826444,20.494028,ok
EES0423791__X3C__Y1B__P024.jpg,0.777742,19.353874,ok
EES0423791__X3F__Y1B__P025.jpg,0.837745,23.718095,ok
EES0423792__X21__Y2D__P001.jpg,0.920981,22.379748,ok
EES0423792__X21__Y42__P002.jpg,0.891769,22.806068,ok
EES0423792__X21__Y45__P003.jpg,0.882915,18.967658,ok
EES0423792__X24__Y2D__P004.jpg,0.730193,17.120669,ok
EES0423792__X2A__Y21__P005.jpg,0.858799,18.722024,ok
EES0423792__X2A__Y24__P006.jpg,0.864277,21.296178,ok
EES0423792__X2A__Y27__P007.jpg,0.892459,23.975921,ok
EES0423792__X2A__Y2A__P008.jpg,0.839107,21.111840,ok
EES0423792__X2D__Y27__P009.jpg,0.856638,20.881446,ok
EES0423792__X30__Y1B__P010.jpg,0.876303,24.614241,ok
EES0423792__X30__Y1E__P011.jpg,0.844642,18.690737,ok
EES0423792__X30__Y3F__P012.jpg,0.845598,20.575001,ok
EES0423792__X33__Y18__P013.jpg,0.837194,22.065226,ok
EES0423792__X33__Y24__P014.jpg,0.838521,19.542306,ok
EES0423792__X33__Y27__P015.jpg,0.892250,19.395695,ok
EES0423792__X33__Y36__P016.jpg,0.897762,22.285588,ok
EES0423792__X33__Y39__P017.jpg,0.772226,18.297277,ok
EES0423792__X36__Y1B__P018.jpg,0.655805,16.530120,ok
EES0423792__X36__Y2A__P019.jpg,0.865284,19.372394,ok
EES0423792__X36__Y36__P020.jpg,0.888533,21.408658,ok
EES0423792__X36__Y39__P021.jpg,0.838026,19.747647,ok
EES0423792__X39__Y21__P022.jpg,0.901297,23.074543,ok
EES0423792__X39__Y2A__P023.jpg,0.891811,23.897587,ok
EES0423792__X3C__Y27__P024.jpg,0.771762,17.648444,ok
EES0423792__X3C__Y2A__P025.jpg,0.861844,19.133606,ok
EES0423793__X3F__Y27__P001.jpg,0.887315,22.019641,ok
EES0423793__X0F__Y39__P002.jpg,0.888127,22.801876,ok
EES0423793__X12__Y0C__P003.jpg,0.927734,26.829087,ok
EES0423793__X18__Y09__P004.jpg,0.932773,28.303639,ok
EES0423793__X1E__Y06__P005.jpg,0.732215,18.119580,ok
EES0423793__X1E__Y45__P006.jpg,0.741065,17.425104,ok
EES0423793__X21__Y06__P007.jpg,0.881100,23.254057,ok
EES0423793__X21__Y45__P008.jpg,0.916004,30.743118,ok
EES0423793__X24__Y06__P009.jpg,0.774643,18.716103,ok
EES0423793__X24__Y45__P010.jpg,0.775057,17.532498,ok
EES0423793__X27__Y06__P011.jpg,0.870675,19.611715,ok
EES0423793__X30__Y0C__P012.jpg,0.819416,18.214482,ok
EES0423793__X30__Y1B__P013.jpg,0.788175,21.772803,ok
EES0423793__X30__Y45__P014.jpg,0.725725,18.032136,ok
EES0423793__X33__Y09__P015.jpg,0.931256,25.838399,ok
EES0423793__X33__Y0C__P016.jpg,0.718590,20.348482,ok
EES0423793__X33__Y0F__P017.jpg,0.849517,18.371239,ok
EES0423793__X33__Y1B__P018.jpg,0.788963,20.426882,ok
EES0423793__X33__Y1E__P019.jpg,0.943395,29.792927,ok
EES0423793__X33__Y21__P020.jpg,0.859104,19.305460,ok
EES0423793__X33__Y24__P021.jpg,0.751698,20.345103,ok
EES0423793__X33__Y42__P022.jpg,0.763955,17.899196,ok
EES0423793__X36__Y0C__P023.jpg,0.844394,21.069831,ok
EES0423793__X36__Y0F__P024.jpg,0.852818,21.223019,ok
EES0423793__X36__Y1B__P025.jpg,0.875340,19.571359,ok
EES0423794__X36__Y1E__P001.jpg,0.827398,24.165524,ok
EES0423794__X36__Y21__P002.jpg,0.940256,28.218738,ok
EES0423794__X36__Y24__P003.jpg,0.773853,19.254976,ok
EES0423794__X36__Y27__P004.jpg,0.801185,21.315938,ok
EES0423794__X36__Y42__P005.jpg,0.824379,20.607688,ok
EES0423794__X39__Y0C__P006.jpg,0.725361,18.297399,ok
EES0423794__X39__Y1B__P007.jpg,0.775726,18.580432,ok
EES0423794__X39__Y1E__P008.jpg,0.806813,22.008289,ok
EES0423794__X39__Y21__P009.jpg,0.853989,20.743904,ok
EES0423794__X39__Y24__P010.jpg,0.767979,18.647280,ok
EES0423794__X39__Y27__P011.jpg,0.729866,17.962909,ok
EES0423794__X39__Y3F__P012.jpg,0.941459,30.174770,ok
EES0423794__X3C__Y0F__P013.jpg,0.829854,20.350319,ok
EES0423794__X3C__Y1B__P014.jpg,0.691876,17.633847,ok
EES0423794__X3C__Y39__P015.jpg,0.719601,17.563608,ok
EES0423794__X3F__Y12__P016.jpg,0.792438,19.311293,ok
EES0423794__X3F__Y30__P017.jpg,0.928830,33.608396,ok
EES0423794__X3F__Y33__P018.jpg,0.740785,20.200585,ok
EES0423794__X3F__Y36__P019.jpg,0.710584,17.181290,ok
EES0423794__X42__Y15__P020.jpg,0.703447,18.244516,ok
EES0423794__X42__Y18__P021.jpg,0.696345,18.982209,ok
EES0423794__X42__Y30__P022.jpg,0.759392,20.183149,ok
EES0423794__X42__Y33__P023.jpg,0.950900,27.895415,ok
EES0423794__X42__Y36__P024.jpg,0.917816,22.219605,ok
EES0423794__X03__Y21__P025.jpg,0.940014,32.494886,ok
EES0423795__X24__Y09__P001.jpg,0.855020,21.381851,ok
EES0423795__X24__Y0F__P002.jpg,0.837343,21.098111,ok
EES0423795__X24__Y30__P003.jpg,0.861999,19.927490,ok
EES0423795__X24__Y33__P004.jpg,0.910239,22.937312,ok
EES0423795__X24__Y39__P005.jpg,0.847446,18.528743,ok
EES0423795__X27__Y12__P006.jpg,0.837048,18.430015,ok
EES0423795__X27__Y2D__P007.jpg,0.882177,22.891677,ok
EES0423795__X27__Y3F__P008.jpg,0.888738,22.753841,ok
EES0423795__X2A__Y0C__P009.jpg,0.788993,19.037491,ok
EES0423795__X2A__Y21__P010.jpg,0.815680,19.035442,ok
EES0423795__X2D__Y3F__P011.jpg,0.929990,27.965835,ok
EES0423795__X30__Y3F__P012.jpg,0.946689,34.507410,ok
EES0423795__X33__Y27__P013.jpg,0.869594,19.829883,ok
EES0423795__X33__Y2A__P014.jpg,0.816244,18.799089,ok
EES0423795__X33__Y33__P015.jpg,0.859725,21.083749,ok
EES0423795__X33__Y3C__P016.jpg,0.868987,19.786942,ok
EES0423795__X39__Y2A__P017.jpg,0.867760,19.862904,ok
EES0423795__X39__Y39__P018.jpg,0.875047,21.447238,ok
EES0423795__X3C__Y1B__P019.jpg,0.796076,19.009272,ok
EES0423795__X3C__Y27__P020.jpg,0.848499,19.609203,ok
EES0423795__X3C__Y33__P021.jpg,0.795994,19.106690,ok
EES0423795__X3F__Y15__P022.jpg,0.877618,20.177340,ok
EES0423795__X3F__Y21__P023.jpg,0.803608,18.450684,ok
EES0423795__X3F__Y24__P024.jpg,0.881994,20.051489,ok
EES0423795__X06__Y27__P025.jpg,0.866218,22.921966,ok
EES0423796__X03__Y1E__P001.jpg,0.851254,21.542656,ok
EES0423796__X03__Y30__P002.jpg,0.677896,17.253786,ok
EES0423796__X06__Y18__P003.jpg,0.696904,17.138809,ok
EES0423796__X0C__Y42__P004.jpg,0.751871,17.556777,ok
EES0423796__X12__Y45__P005.jpg,0.769641,18.131291,ok
EES0423796__X18__Y45__P006.jpg,0.709131,20.579010,ok
EES0423796__X1B__Y24__P007.jpg,0.809949,18.468658,ok
EES0423796__X1E__Y09__P008.jpg,0.691556,16.993223,ok
EES0423796__X1E__Y21__P009.jpg,0.714429,17.945777,ok
EES0423796__X21__Y09__P010.jpg,0.839013,19.058522,ok
EES0423796__X21__Y21__P011.jpg,0.868437,22.111569,ok
EES0423796__X21__Y24__P012.jpg,0.709728,17.675270,ok
EES0423796__X21__Y27__P013.jpg,0.654508,16.660241,ok
EES0423796__X24__Y21__P014.jpg,0.653407,17.091551,ok
EES0423796__X24__Y24__P015.jpg,0.666332,17.686511,ok
EES0423796__X24__Y27__P016.jpg,0.899616,22.055573,ok
EES0423796__X27__Y21__P017.jpg,0.636181,16.801847,ok
EES0423796__X27__Y24__P018.jpg,0.825232,19.030384,ok
EES0423796__X27__Y27__P019.jpg,0.717405,17.236169,ok
EES0423796__X2A__Y0C__P020.jpg,0.781684,19.131405,ok
EES0423796__X2A__Y1E__P021.jpg,0.892522,25.449773,ok
EES0423796__X2A__Y21__P022.jpg,0.897066,23.054073,ok
EES0423796__X2A__Y27__P023.jpg,0.649769,17.449421,ok
EES0423796__X2A__Y45__P024.jpg,0.808117,18.500875,ok
EES0423796__X2D__Y0C__P025.jpg,0.774116,19.372866,ok
EES0423797__X3F__Y30__P001.jpg,0.813415,18.319673,ok
EES0423797__X3F__Y33__P002.jpg,0.918804,24.438099,ok
EES0423797__X06__Y24__P003.jpg,0.888411,21.997410,ok
EES0423797__X06__Y27__P004.jpg,0.926154,26.487609,ok
EES0423797__X09__Y15__P005.jpg,0.772903,19.006358,ok
EES0423797__X09__Y18__P006.jpg,0.754568,19.091528,ok
EES0423797__X09__Y1B__P007.jpg,0.790991,19.450542,ok
EES0423797__X09__Y21__P008.jpg,0.795102,18.149467,ok
EES0423797__X09__Y24__P009.jpg,0.896178,23.862089,ok
EES0423797__X09__Y27__P010.jpg,0.825864,18.675030,ok
EES0423797__X09__Y2D__P011.jpg,0.831211,18.561804,ok
EES0423797__X09__Y33__P012.jpg,0.815469,19.425049,ok
EES0423797__X0C__Y24__P013.jpg,0.844583,18.955179,ok
EES0423797__X0C__Y33__P014.jpg,0.876508,24.191942,ok
EES0423797__X0C__Y3C__P015.jpg,0.840683,19.742754,ok
EES0423797__X12__Y0C__P016.jpg,0.911284,24.828562,ok
EES0423797__X12__Y3F__P017.jpg,0.803785,18.034665,ok
EES0423797__X15__Y0C__P018.jpg,0.778074,18.069815,ok
EES0423797__X18__Y09__P019.jpg,0.800978,21.937303,ok
EES0423797__X18__Y0C__P020.jpg,0.852633,20.982478,ok
EES0423797__X1B__Y09__P021.jpg,0.779203,18.425750,ok
EES0423797__X21__Y45__P022.jpg,0.878104,21.839818,ok
EES0423797__X24__Y45__P023.jpg,0.870346,22.081537,ok
EES0423797__X30__Y42__P024.jpg,0.764730,17.820545,ok
EES0423797__X30__Y45__P025.jpg,0.832176,18.788009,ok
EES0423798__X42__Y30__P001.jpg,0.887988,18.775013,ok
EES0423798__X0C__Y15__P002.jpg,0.728238,17.208761,ok
EES0423798__X0C__Y18__P003.jpg,0.829806,18.526136,ok
EES0423798__X0C__Y1B__P004.jpg,0.864048,18.653230,ok
EES0423798__X0F__Y12__P005.jpg,0.900830,22.207346,ok
EES0423798__X0F__Y15__P006.jpg,0.880176,21.941976,ok
EES0423798__X2D__Y0F__P007.jpg,0.772050,20.138335,ok
EES0423798__X30__Y1B__P008.jpg,0.806879,19.859290,ok
EES0423798__X36__Y36__P009.jpg,0.935072,27.533832,ok
EES0423798__X3F__Y12__P010.jpg,0.847356,18.893423,ok
EES0423798__X12__Y42__P011.jpg,0.901282,24.985508,ok
EES0423798__X09__Y2D__P012.jpg,0.801485,18.506235,ok
EES0423798__X09__Y30__P013.jpg,0.865049,19.545160,ok
EES0423798__X09__Y33__P014.jpg,0.795168,18.282392,ok
EES0423798__X0C__Y2D__P015.jpg,0.783689,19.992029,ok
EES0423798__X0C__Y33__P016.jpg,0.829195,20.915004,ok
EES0423798__X0F__Y36__P017.jpg,0.861543,23.938241,ok
EES0423798__X15__Y36__P018.jpg,0.903729,22.138891,ok
EES0423798__X15__Y39__P019.jpg,0.860199,18.994049,ok
EES0423798__X18__Y3C__P020.jpg,0.826905,18.206260,ok
EES0423798__X18__Y42__P021.jpg,0.743603,17.310131,ok
EES0423798__X1B__Y42__P022.jpg,0.848161,22.015510,ok
EES0423798__X1E__Y33__P023.jpg,0.906540,24.880112,ok
EES0423798__X1E__Y39__P024.jpg,0.808450,19.951692,ok
EES0423798__X1E__Y42__P025.jpg,0.916637,24.921011,ok
EES0423799__X0C__Y2A__P001.jpg,0.912519,25.517634,ok
EES0423799__X0C__Y2D__P002.jpg,0.757091,18.652210,ok
EES0423799__X0C__Y30__P003.jpg,0.895884,25.254018,ok
EES0423799__X0C__Y33__P004.jpg,0.753015,18.360035,ok
EES0423799__X0C__Y36__P005.jpg,0.813841,18.050067,ok
EES0423799__X0C__Y39__P006.jpg,0.826747,21.985863,ok
EES0423799__X0C__Y3C__P007.jpg,0.790617,19.054802,ok
EES0423799__X0F__Y1E__P008.jpg,0.826511,21.907575,ok
EES0423799__X0F__Y21__P009.jpg,0.835913,19.460472,ok
EES0423799__X0F__Y27__P010.jpg,0.863139,21.736975,ok
EES0423799__X0F__Y30__P011.jpg,0.793311,19.527791,ok
EES0423799__X0F__Y39__P012.jpg,0.824078,20.090990,ok
EES0423799__X0F__Y3C__P013.jpg,0.855017,21.730479,ok
EES0423799__X0F__Y3F__P014.jpg,0.824911,18.905304,ok
EES0423799__X12__Y1B__P015.jpg,0.908411,23.642349,ok
EES0423799__X12__Y1E__P016.jpg,0.849366,22.714588,ok
EES0423799__X12__Y21__P017.jpg,0.815405,20.487445,ok
EES0423799__X12__Y3F__P018.jpg,0.866749,20.687622,ok
EES0423799__X15__Y1B__P019.jpg,0.783035,20.334677,ok
EES0423799__X15__Y1E__P020.jpg,0.787110,18.603927,ok
EES0423799__X18__Y15__P021.jpg,0.948773,29.972192,ok
EES0423799__X18__Y18__P022.jpg,0.900451,25.677601,ok
EES0423799__X18__Y1B__P023.jpg,0.854012,21.199873,ok
EES0423799__X18__Y2A__P024.jpg,0.902499,24.864094,ok
EES0423799__X18__Y45__P025.jpg,0.877601,19.977806,ok
EES0423800__X1B__Y15__P001.jpg,0.865480,23.818241,ok
EES0423800__X1B__Y18__P002.jpg,0.795527,18.096699,ok
EES0423800__X1B__Y1B__P003.jpg,0.837371,20.925080,ok
EES0423800__X1B__Y45__P004.jpg,0.703414,16.872065,ok
EES0423800__X1E__Y12__P005.jpg,0.831777,22.474167,ok
EES0423800__X1E__Y15__P006.jpg,0.819108,17.949025,ok
EES0423800__X21__Y12__P007.jpg,0.863079,20.821363,ok
EES0423800__X21__Y42__P008.jpg,0.880757,21.828107,ok
EES0423800__X21__Y45__P009.jpg,0.825789,20.424891,ok
EES0423800__X24__Y0C__P010.jpg,0.809781,18.294574,ok
EES0423800__X24__Y0F__P011.jpg,0.849763,22.717400,ok
EES0423800__X24__Y12__P012.jpg,0.833695,21.839062,ok
EES0423800__X27__Y0F__P013.jpg,0.850177,20.218795,ok
EES0423800__X27__Y12__P014.jpg,0.793358,19.534708,ok
EES0423800__X2A__Y0F__P015.jpg,0.852026,19.624146,ok
EES0423800__X2A__Y12__P016.jpg,0.819836,18.864198,ok
EES0423800__X2A__Y45__P017.jpg,0.844378,20.782469,ok
EES0423800__X2D__Y45__P018.jpg,0.843933,20.304734,ok
EES0423800__X30__Y0C__P019.jpg,0.949055,27.083831,ok
EES0423800__X30__Y0F__P020.jpg,0.852838,22.156079,ok
EES0423800__X30__Y45__P021.jpg,0.869435,22.174703,ok
EES0423800__X33__Y0F__P022.jpg,0.858533,20.731912,ok
EES0423800__X36__Y12__P023.jpg,0.897905,26.444561,ok
EES0423800__X36__Y42__P024.jpg,0.823327,19.618354,ok
EES0423800__X39__Y12__P025.jpg,0.856429,20.416767,ok
EES0423801__X06__Y3C__P001.jpg,0.747366,19.552960,ok
EES0423801__X06__Y3F__P002.jpg,0.852014,20.356493,ok
EES0423801__X09__Y3C__P003.jpg,0.809916,18.889059,ok
EES0423801__X21__Y06__P004.jpg,0.910232,19.518366,ok
EES0423801__X24__Y06__P005.jpg,0.650689,16.844584,ok
EES0423801__X27__Y06__P006.jpg,0.653175,16.874237,ok
EES0423801__X2A__Y06__P007.jpg,0.895172,19.188133,ok
EES0423801__X2D__Y06__P008.jpg,0.939832,31.007274,ok
EES0423801__X2D__Y09__P009.jpg,0.782351,18.886191,ok
EES0423801__X30__Y09__P010.jpg,0.847180,21.326681,ok
EES0423801__X30__Y12__P011.jpg,0.846417,18.644500,ok
EES0423801__X33__Y09__P012.jpg,0.780232,19.477833,ok
EES0423801__X33__Y0C__P013.jpg,0.716622,17.502958,ok
EES0423801__X33__Y1B__P014.jpg,0.839341,21.407183,ok
EES0423801__X36__Y0F__P015.jpg,0.811086,19.132991,ok
EES0423801__X36__Y1B__P016.jpg,0.858503,19.418458,ok
EES0423801__X39__Y1B__P017.jpg,0.818025,19.948037,ok
EES0423801__X3F__Y1B__P018.jpg,0.873773,21.215660,ok
EES0423801__X42__Y24__P019.jpg,0.632420,17.818736,ok
EES0423801__X42__Y27__P020.jpg,0.818497,20.112909,ok
EES0423801__X42__Y2A__P021.jpg,0.691691,18.477168,ok
EES0423801__X2A__Y3F__P022.jpg,0.774815,18.410637,ok
EES0423801__X2A__Y42__P023.jpg,0.894025,23.491916,ok
EES0423801__X2D__Y39__P024.jpg,0.835022,18.711967,ok
EES0423801__X2D__Y3F__P025.jpg,0.793697,18.475534,ok
EES0423802__X09__Y24__P001.jpg,0.771041,17.847931,ok
EES0423802__X09__Y27__P002.jpg,0.814102,18.348367,ok
EES0423802__X09__Y2A__P003.jpg,0.950633,28.873604,ok
EES0423802__X09__Y30__P004.jpg,0.937158,26.383903,ok
EES0423802__X09__Y33__P005.jpg,0.848973,20.857452,ok
EES0423802__X0C__Y1B__P006.jpg,0.794995,18.037794,ok
EES0423802__X0C__Y27__P007.jpg,0.724851,17.052028,ok
EES0423802__X0C__Y36__P008.jpg,0.836653,19.096015,ok
EES0423802__X0C__Y39__P009.jpg,0.763344,18.648980,ok
EES0423802__X0F__Y36__P010.jpg,0.867447,20.825368,ok
EES0423802__X0F__Y39__P011.jpg,0.857827,22.805224,ok
EES0423802__X12__Y0C__P012.jpg,0.894025,23.302070,ok
EES0423802__X12__Y0F__P013.jpg,0.885909,19.778236,ok
EES0423802__X12__Y12__P014.jpg,0.913564,23.372106,ok
EES0423802__X15__Y09__P015.jpg,0.855506,21.793442,ok
EES0423802__X15__Y0C__P016.jpg,0.824334,20.743518,ok
EES0423802__X15__Y3F__P017.jpg,0.797627,17.779765,ok
EES0423802__X18__Y09__P018.jpg,0.784208,18.141187,ok
EES0423802__X18__Y0C__P019.jpg,0.899115,24.422151,ok
EES0423802__X1B__Y0C__P020.jpg,0.871467,21.558579,ok
EES0423802__X1B__Y42__P021.jpg,0.937810,29.519491,ok
EES0423802__X1E__Y42__P022.jpg,0.830999,19.692038,ok
EES0423802__X24__Y45__P023.jpg,0.759674,17.349351,ok
EES0423802__X30__Y42__P024.jpg,0.904194,22.197323,ok
EES0423802__X36__Y3F__P025.jpg,0.809519,19.394590,ok
EES0423803__X0F__Y30__P001.jpg,0.888691,24.731645,ok
EES0423803__X12__Y09__P002.jpg,0.877177,22.546603,ok
EES0423803__X18__Y3C__P003.jpg,0.877439,21.964050,ok
EES0423803__X1E__Y3C__P004.jpg,0.799622,20.014802,ok
EES0423803__X1E__Y3F__P005.jpg,0.857883,23.080751,ok
EES0423803__X24__Y3F__P006.jpg,0.789809,20.825816,ok
EES0423803__X39__Y0C__P007.jpg,0.878965,19.604395,ok
EES0423803__X3F__Y33__P008.jpg,0.848754,19.661443,ok
EES0423803__X42__Y1B__P009.jpg,0.830854,18.488712,ok
EES0423803__X42__Y2A__P010.jpg,0.863514,21.617139,ok
EES0423803__X0C__Y2A__P011.jpg,0.853741,24.281268,ok
EES0423803__X12__Y2A__P012.jpg,0.843856,19.062056,ok
EES0423803__X12__Y30__P013.jpg,0.867125,21.917252,ok
EES0423803__X15__Y24__P014.jpg,0.810858,21.896114,ok
EES0423803__X15__Y27__P015.jpg,0.838571,21.218233,ok
EES0423803__X15__Y2A__P016.jpg,0.796887,19.544256,ok
EES0423803__X18__Y24__P017.jpg,0.716095,17.792661,ok
EES0423803__X18__Y27__P018.jpg,0.868860,21.861755,ok
EES0423803__X1B__Y24__P019.jpg,0.907600,24.002671,ok
EES0423803__X1B__Y27__P020.jpg,0.848730,21.465898,ok
EES0423803__X1E__Y21__P021.jpg,0.794136,18.375395,ok
EES0423803__X1E__Y27__P022.jpg,0.794958,18.113575,ok
EES0423803__X1E__Y2A__P023.jpg,0.895434,21.959967,ok
EES0423803__X1E__Y2D__P024.jpg,0.891666,19.670586,ok
EES0423803__X1E__Y36__P025.jpg,0.860366,21.055661,ok
EES0423804__X15__Y36__P001.jpg,0.844032,19.985498,ok
EES0423804__X18__Y0C__P002.jpg,0.906928,24.819004,ok
EES0423804__X18__Y0F__P003.jpg,0.780281,18.104241,ok
EES0423804__X18__Y18__P004.jpg,0.861786,20.412618,ok
EES0423804__X18__Y1B__P005.jpg,0.885602,22.573085,ok
EES0423804__X18__Y1E__P006.jpg,0.826377,21.150965,ok
EES0423804__X18__Y21__P007.jpg,0.913204,24.227757,ok
EES0423804__X18__Y27__P008.jpg,0.811797,19.711382,ok
EES0423804__X1B__Y09__P009.jpg,0.769679,18.373135,ok
EES0423804__X1B__Y0C__P010.jpg,0.874512,20.701298,ok
EES0423804__X1B__Y0F__P011.jpg,0.814129,21.484491,ok
EES0423804__X1B__Y12__P012.jpg,0.891996,21.030649,ok
EES0423804__X1B__Y18__P013.jpg,0.799600,18.266728,ok
EES0423804__X1B__Y1B__P014.jpg,0.789166,19.858542,ok
EES0423804__X1B__Y1E__P015.jpg,0.856502,20.603670,ok
EES0423804__X1B__Y21__P016.jpg,0.825530,20.581292,ok
EES0423804__X1B__Y24__P017.jpg,0.839788,21.626840,ok
EES0423804__X1B__Y27__P018.jpg,0.704271,17.741243,ok
EES0423804__X1B__Y39__P019.jpg,0.873332,20.843808,ok
EES0423804__X1E__Y09__P020.jpg,0.826851,19.169420,ok
EES0423804__X1E__Y0C__P021.jpg,0.892244,22.642227,ok
EES0423804__X1E__Y12__P022.jpg,0.777494,18.123331,ok
EES0423804__X1E__Y15__P023.jpg,0.844299,17.936441,ok
EES0423804__X1E__Y18__P024.jpg,0.824867,18.462166,ok
EES0423804__X1E__Y1B__P025.jpg,0.781751,18.102735,ok
EES0423805__X36__Y36__P001.jpg,0.883726,21.036629,ok
EES0423805__X39__Y18__P002.jpg,0.905299,23.617638,ok
EES0423805__X39__Y1E__P003.jpg,0.852818,18.500123,ok
EES0423805__X39__Y30__P004.jpg,0.932836,23.771269,ok
EES0423805__X3C__Y1B__P005.jpg,0.857266,20.145055,ok
EES0423805__X3C__Y30__P006.jpg,0.939840,24.367109,ok
EES0423805__X3F__Y24__P007.jpg,0.833712,19.961017,ok
EES0423805__X09__Y15__P008.jpg,0.826016,19.665134,ok
EES0423805__X09__Y33__P009.jpg,0.882161,22.024098,ok
EES0423805__X0C__Y33__P010.jpg,0.716281,17.401367,ok
EES0423805__X12__Y3C__P011.jpg,0.787517,19.688009,ok
EES0423805__X18__Y06__P012.jpg,0.957441,25.060469,ok
EES0423805__X18__Y3C__P013.jpg,0.761223,18.407362,ok
EES0423805__X18__Y3F__P014.jpg,0.746392,18.261325,ok
EES0423805__X1E__Y03__P015.jpg,0.887174,20.773438,ok
EES0423805__X1E__Y42__P016.jpg,0.874245,20.860710,ok
EES0423805__X21__Y42__P017.jpg,0.905813,22.372701,ok
EES0423805__X24__Y42__P018.jpg,0.890170,19.424013,ok
EES0423805__X27__Y42__P019.jpg,0.754780,18.167695,ok
EES0423805__X2A__Y03__P020.jpg,0.817580,20.583966,ok
EES0423805__X2A__Y42__P021.jpg,0.837796,20.546905,ok
EES0423805__X2D__Y03__P022.jpg,0.967101,27.710815,ok
EES0423805__X30__Y03__P023.jpg,0.786227,18.986817,ok
EES0423805__X33__Y03__P024.jpg,0.853365,19.828362,ok
EES0423805__X33__Y06__P025.jpg,0.930512,24.519115,ok
EES0423806__X1E__Y1B__P001.jpg,0.777610,18.725019,ok
EES0423806__X1E__Y27__P002.jpg,0.802263,17.811752,ok
EES0423806__X1E__Y2A__P003.jpg,0.843339,20.592990,ok
EES0423806__X1E__Y33__P004.jpg,0.806495,18.743165,ok
EES0423806__X1E__Y3F__P005.jpg,0.792312,18.484807,ok
EES0423806__X21__Y15__P006.jpg,0.796449,18.919329,ok
EES0423806__X21__Y18__P007.jpg,0.865739,20.001033,ok
EES0423806__X2D__Y0F__P008.jpg,0.795487,18.780271,ok
EES0423806__X2D__Y12__P009.jpg,0.719615,17.220781,ok
EES0423806__X2D__Y15__P010.jpg,0.791103,19.916194,ok
EES0423806__X2D__Y18__P011.jpg,0.827084,20.732920,ok
EES0423806__X30__Y06__P012.jpg,0.796391,18.390643,ok
EES0423806__X30__Y09__P013.jpg,0.795430,19.406448,ok
EES0423806__X30__Y0C__P014.jpg,0.857531,19.733945,ok
EES0423806__X30__Y0F__P015.jpg,0.727512,17.180508,ok
EES0423806__X30__Y1B__P016.jpg,0.780912,18.201622,ok
EES0423806__X30__Y1E__P017.jpg,0.704311,17.312740,ok
EES0423806__X30__Y27__P018.jpg,0.779837,18.845069,ok
EES0423806__X30__Y2A__P019.jpg,0.869793,22.420999,ok
EES0423806__X30__Y33__P020.jpg,0.836666,20.617801,ok
EES0423806__X30__Y36__P021.jpg,0.780701,18.469084,ok
EES0423806__X33__Y09__P022.jpg,0.868540,19.217483,ok
EES0423806__X33__Y0C__P023.jpg,0.788768,19.594152,ok
EES0423806__X33__Y36__P024.jpg,0.724498,17.513525,ok
EES0423806__X36__Y0C__P025.jpg,0.768433,18.704391,ok
EES0423807__X09__Y1E__P001.jpg,0.791304,18.693800,ok
EES0423807__X09__Y21__P002.jpg,0.797423,19.305778,ok
EES0423807__X09__Y27__P003.jpg,0.844758,20.132106,ok
EES0423807__X09__Y2A__P004.jpg,0.790208,18.629513,ok
EES0423807__X09__Y2D__P005.jpg,0.802124,18.740881,ok
EES0423807__X09__Y30__P006.jpg,0.866673,20.648381,ok
EES0423807__X09__Y33__P007.jpg,0.790096,18.325562,ok
EES0423807__X09__Y36__P008.jpg,0.913523,21.663501,ok
EES0423807__X09__Y45__P009.jpg,0.811167,19.777616,ok
EES0423807__X0C__Y0F__P010.jpg,0.750870,17.528075,ok
EES0423807__X0C__Y12__P011.jpg,0.946732,22.747437,ok
EES0423807__X0C__Y18__P012.jpg,0.778621,18.712018,ok
EES0423807__X0C__Y1B__P013.jpg,0.822777,18.680603,ok
EES0423807__X0C__Y1E__P014.jpg,0.889010,20.484633,ok
EES0423807__X0C__Y21__P015.jpg,0.969057,28.386026,ok
EES0423807__X0C__Y30__P016.jpg,0.930128,23.470783,ok
EES0423807__X0C__Y33__P017.jpg,0.819427,19.831090,ok
EES0423807__X0C__Y36__P018.jpg,0.823910,19.629340,ok
EES0423807__X0C__Y39__P019.jpg,0.833399,18.821154,ok
EES0423807__X0F__Y0F__P020.jpg,0.897697,21.316926,ok
EES0423807__X0F__Y12__P021.jpg,0.722121,17.688851,ok
EES0423807__X0F__Y15__P022.jpg,0.859936,20.691623,ok
EES0423807__X0F__Y36__P023.jpg,0.769234,17.582907,ok
EES0423807__X0F__Y3C__P024.jpg,0.787915,19.266800,ok
EES0423807__X12__Y0C__P025.jpg,0.818355,20.227220,ok
EES0423808__X12__Y3F__P001.jpg,0.860714,22.297093,ok
EES0423808__X15__Y0C__P002.jpg,0.881661,20.386704,ok
EES0423808__X15__Y0F__P003.jpg,0.964687,30.835566,ok
EES0423808__X15__Y12__P004.jpg,0.886665,19.594579,ok
EES0423808__X15__Y3F__P005.jpg,0.931713,24.226118,ok
EES0423808__X18__Y09__P006.jpg,0.810548,19.285238,ok
EES0423808__X18__Y0C__P007.jpg,0.846029,21.462980,ok
EES0423808__X18__Y42__P008.jpg,0.824879,19.405896,ok
EES0423808__X1B__Y06__P009.jpg,0.772785,17.994739,ok
EES0423808__X1B__Y09__P010.jpg,0.866943,20.779402,ok
EES0423808__X1B__Y0C__P011.jpg,0.864896,21.283968,ok
EES0423808__X1E__Y06__P012.jpg,0.786584,18.331931,ok
EES0423808__X1E__Y09__P013.jpg,0.869738,21.228206,ok
EES0423808__X1E__Y45__P014.jpg,0.910502,22.914079,ok
EES0423808__X21__Y06__P015.jpg,0.909216,22.696130,ok
EES0423808__X21__Y09__P016.jpg,0.793169,18.346642,ok
EES0423808__X21__Y45__P017.jpg,0.851721,21.663202,ok
EES0423808__X24__Y45__P018.jpg,0.757219,18.111270,ok
EES0423808__X27__Y06__P019.jpg,0.816913,20.143423,ok
EES0423808__X27__Y45__P020.jpg,0.898347,21.560756,ok
EES0423808__X2A__Y06__P021.jpg,0.905440,25.281865,ok
EES0423808__X2A__Y45__P022.jpg,0.857559,20.448294,ok
EES0423808__X2D__Y45__P023.jpg,0.889182,21.533169,ok
EES0423808__X30__Y42__P024.jpg,0.704118,17.808011,ok
EES0423808__X33__Y09__P025.jpg,0.866970,21.596806,ok
EES0423809__X15__Y1B__P001.jpg,0.770641,19.328953,ok
EES0423809__X15__Y1E__P002.jpg,0.918969,22.669700,ok
EES0423809__X18__Y0F__P003.jpg,0.855403,20.438991,ok
EES0423809__X18__Y12__P004.jpg,0.789920,18.801988,ok
EES0423809__X18__Y18__P005.jpg,0.795953,17.980811,ok
EES0423809__X1B__Y0C__P006.jpg,0.885892,22.600336,ok
EES0423809__X1B__Y0F__P007.jpg,0.822327,18.511108,ok
EES0423809__X1B__Y12__P008.jpg,0.835002,19.631111,ok
EES0423809__X1B__Y15__P009.jpg,0.762367,17.343478,ok
EES0423809__X1B__Y18__P010.jpg,0.916928,23.658940,ok
EES0423809__X1B__Y1B__P011.jpg,0.717530,17.068244,ok
EES0423809__X1E__Y09__P012.jpg,0.908406,23.013230,ok
EES0423809__X1E__Y0C__P013.jpg,0.837633,20.232071,ok
EES0423809__X1E__Y0F__P014.jpg,0.848987,20.109718,ok
EES0423809__X1E__Y42__P015.jpg,0.898552,20.789858,ok
EES0423809__X21__Y09__P016.jpg,0.917998,20.821866,ok
EES0423809__X21__Y0C__P017.jpg,0.834990,18.799070,ok
EES0423809__X21__Y0F__P018.jpg,0.890102,22.447288,ok
EES0423809__X21__Y12__P019.jpg,0.894568,22.192843,ok
EES0423809__X21__Y15__P020.jpg,0.798749,18.273656,ok
EES0423809__X24__Y09__P021.jpg,0.760819,18.035149,ok
EES0423809__X24__Y0C__P022.jpg,0.766494,17.456254,ok
EES0423809__X24__Y0F__P023.jpg,0.775089,17.682685,ok
EES0423809__X27__Y09__P024.jpg,0.871409,20.685907,ok
EES0423809__X27__Y0C__P025.jpg,0.780992,18.288594,ok
EES0423810__X0C__Y27__P001.jpg,0.775255,18.548377,ok
EES0423810__X0C__Y2A__P002.jpg,0.884081,21.344339,ok
EES0423810__X0C__Y2D__P003.jpg,0.842643,22.163321,ok
EES0423810__X0C__Y30__P004.jpg,0.879204,21.341157,ok
EES0423810__X0F__Y15__P005.jpg,0.869979,21.695226,ok
EES0423810__X0F__Y18__P006.jpg,0.812688,22.337244,ok
EES0423810__X0F__Y1B__P007.jpg,0.765393,17.695460,ok
EES0423810__X12__Y0F__P008.jpg,0.786558,20.160138,ok
EES0423810__X12__Y12__P009.jpg,0.741275,17.704036,ok
EES0423810__X12__Y15__P010.jpg,0.845254,18.994451,ok
EES0423810__X12__Y18__P011.jpg,0.735501,18.170387,ok
EES0423810__X12__Y1B__P012.jpg,0.784108,18.544310,ok
EES0423810__X12__Y39__P013.jpg,0.836031,21.618104,ok
EES0423810__X15__Y0C__P014.jpg,0.805890,19.143315,ok
EES0423810__X15__Y0F__P015.jpg,0.748234,18.170494,ok
EES0423810__X15__Y12__P016.jpg,0.930642,24.814618,ok
EES0423810__X15__Y15__P017.jpg,0.833226,21.757746,ok
EES0423810__X15__Y1B__P018.jpg,0.823042,19.963064,ok
EES0423810__X15__Y21__P019.jpg,0.840032,21.118460,ok
EES0423810__X15__Y3C__P020.jpg,0.808070,18.756090,ok
EES0423810__X18__Y0C__P021.jpg,0.794888,19.076623,ok
EES0423810__X18__Y0F__P022.jpg,0.850375,21.664379,ok
EES0423810__X18__Y12__P023.jpg,0.801097,19.375685,ok
EES0423810__X18__Y1B__P024.jpg,0.738361,17.702779,ok
EES0423810__X18__Y27__P025.jpg,0.730513,17.239061,ok
