filename,ssim,psnr,status
EES0423671__X12__Y15__P001.jpg,0.691957,18.150664,ok
EES0423671__X12__Y18__P002.jpg,0.787024,17.916153,ok
EES0423671__X12__Y1B__P003.jpg,0.739950,19.758184,ok
EES0423671__X12__Y2A__P004.jpg,0.726606,17.314286,ok
EES0423671__X12__Y2D__P005.jpg,0.648556,17.159112,ok
EES0423671__X15__Y12__P006.jpg,0.713370,17.178886,ok
EES0423671__X15__Y15__P007.jpg,0.757839,18.405576,ok
EES0423671__X15__Y18__P008.jpg,0.729965,17.393697,ok
EES0423671__X15__Y1B__P009.jpg,0.807260,19.511235,ok
EES0423671__X15__Y1E__P010.jpg,0.795173,18.935862,ok
EES0423671__X15__Y21__P011.jpg,0.668468,18.170958,ok
EES0423671__X15__Y27__P012.jpg,0.785665,20.304816,ok
EES0423671__X15__Y2D__P013.jpg,0.786821,19.119966,ok
EES0423671__X15__Y30__P014.jpg,0.761850,18.279850,ok
EES0423671__X18__Y15__P015.jpg,0.758977,19.074616,ok
EES0423671__X18__Y18__P016.jpg,0.795947,18.858036,ok
EES0423671__X18__Y1E__P017.jpg,0.725981,19.489297,ok
EES0423671__X18__Y21__P018.jpg,0.691188,18.805547,ok
EES0423671__X18__Y24__P019.jpg,0.718601,18.274065,ok
EES0423671__X18__Y27__P020.jpg,0.776817,19.753442,ok
EES0423671__X18__Y2A__P021.jpg,0.725788,17.889425,ok
EES0423671__X18__Y2D__P022.jpg,0.715514,18.306610,ok
EES0423671__X18__Y30__P023.jpg,0.692699,16.875758,ok
EES0423671__X18__Y33__P024.jpg,0.721934,17.886323,ok
EES0423671__X1B__Y09__P025.jpg,0.710269,19.557405,ok
EES0423672__X1B__Y18__P001.jpg,0.704885,18.451652,ok
EES0423672__X1B__Y1B__P002.jpg,0.763133,17.536128,ok
EES0423672__X1B__Y1E__P003.jpg,0.699203,17.059121,ok
EES0423672__X1B__Y21__P004.jpg,0.698666,18.423043,ok
EES0423672__X1B__Y24__P005.jpg,0.770245,17.843877,ok
EES0423672__X1B__Y27__P006.jpg,0.781772,18.163516,ok
EES0423672__X1B__Y30__P007.jpg,0.763893,18.540127,ok
EES0423672__X1B__Y33__P008.jpg,0.712658,17.739274,ok
EES0423672__X1B__Y36__P009.jpg,0.761492,18.808819,ok
EES0423672__X1E__Y15__P010.jpg,0.768433,17.815943,ok
EES0423672__X1E__Y18__P011.jpg,0.728388,17.266807,ok
EES0423672__X1E__Y21__P012.jpg,0.707789,18.247046,ok
EES0423672__X1E__Y24__P013.jpg,0.730643,17.193037,ok
EES0423672__X1E__Y27__P014.jpg,0.715607,19.617414,ok
EES0423672__X1E__Y30__P015.jpg,0.793083,19.098740,ok
EES0423672__X1E__Y33__P016.jpg,0.779806,18.806364,ok
EES0423672__X1E__Y36__P017.jpg,0.728163,18.628537,ok
EES0423672__X1E__Y39__P018.jpg,0.756062,18.883202,ok
EES0423672__X21__Y0C__P019.jpg,0.745680,18.958992,ok
EES0423672__X21__Y33__P020.jpg,0.822864,20.319459,ok
EES0423672__X21__Y36__P021.jpg,0.704770,16.771705,ok
EES0423672__X21__Y39__P022.jpg,0.770713,18.576110,ok
EES0423672__X24__Y06__P023.jpg,0.751108,17.445699,ok
EES0423672__X24__Y09__P024.jpg,0.775243,18.747614,ok
EES0423672__X24__Y0C__P025.jpg,0.752596,17.935056,ok
EES0423673__X24__Y36__P001.jpg,0.821300,24.278416,ok
EES0423673__X24__Y39__P002.jpg,0.800005,22.874964,ok
EES0423673__X27__Y0C__P003.jpg,0.827542,24.452915,ok
EES0423673__X27__Y2D__P004.jpg,0.840340,21.615252,ok
EES0423673__X27__Y30__P005.jpg,0.825837,22.529907,ok
EES0423673__X27__Y33__P006.jpg,0.896996,24.659235,ok
EES0423673__X27__Y39__P007.jpg,0.786575,21.504524,ok
EES0423673__X2A__Y33__P008.jpg,0.782549,21.331120,ok
EES0423673__X33__Y09__P009.jpg,0.768318,17.742048,ok
EES0423673__X39__Y21__P010.jpg,0.712086,17.142986,ok
EES0423673__X39__Y24__P011.jpg,0.699630,16.737072,ok
EES0423673__X42__Y27__P012.jpg,0.836240,23.220614,ok
EES0423673__X06__Y09__P013.jpg,0.911663,31.796466,ok
EES0423673__X09__Y1E__P014.jpg,0.729822,17.488292,ok
EES0423673__X09__Y21__P015.jpg,0.711215,16.997260,ok
EES0423673__X09__Y27__P016.jpg,0.731179,19.894077,ok
EES0423673__X0C__Y12__P017.jpg,0.797367,19.622909,ok
EES0423673__X0C__Y15__P018.jpg,0.769723,19.786782,ok
EES0423673__X0C__Y2D__P019.jpg,0.748461,19.064505,ok
EES0423673__X0C__Y30__P020.jpg,0.841933,22.480452,ok
EES0423673__X0F__Y0C__P021.jpg,0.746513,17.733934,ok
EES0423673__X0F__Y0F__P022.jpg,0.767690,17.685180,ok
EES0423673__X0F__Y33__P023.jpg,0.778400,18.559779,ok
EES0423673__X12__Y09__P024.jpg,0.867944,24.075814,ok
EES0423673__X12__Y36__P025.jpg,0.765150,18.265258,ok
EES0423674__X45__Y2D__P001.jpg,0.817165,19.137649,ok
EES0423674__X45__Y30__P002.jpg,0.910044,22.643036,ok
EES0423674__X0F__Y1B__P003.jpg,0.817232,20.574858,ok
EES0423674__X0F__Y24__P004.jpg,0.824265,19.601349,ok
EES0423674__X12__Y27__P005.jpg,0.821937,18.689594,ok
EES0423674__X18__Y06__P006.jpg,0.908196,27.035573,ok
EES0423674__X1B__Y06__P007.jpg,0.859811,18.913923,ok
EES0423674__X1B__Y36__P008.jpg,0.903104,27.000683,ok
EES0423674__X1E__Y06__P009.jpg,0.862612,18.406629,ok
EES0423674__X1E__Y33__P010.jpg,0.831894,18.816091,ok
EES0423674__X21__Y36__P011.jpg,0.818592,18.744693,ok
EES0423674__X21__Y3C__P012.jpg,0.839261,18.205288,ok
EES0423674__X2D__Y06__P013.jpg,0.820299,18.275948,ok
EES0423674__X39__Y3C__P014.jpg,0.842420,19.012498,ok
EES0423674__X0F__Y18__P015.jpg,0.849426,19.144032,ok
EES0423674__X0F__Y21__P016.jpg,0.842783,18.330390,ok
EES0423674__X0F__Y24__P017.jpg,0.860486,18.241376,ok
EES0423674__X0F__Y27__P018.jpg,0.875846,25.442373,ok
EES0423674__X15__Y36__P019.jpg,0.907956,24.903339,ok
EES0423674__X1E__Y06__P020.jpg,0.829750,18.053500,ok
EES0423674__X27__Y3F__P021.jpg,0.789866,17.648360,ok
EES0423674__X33__Y3F__P022.jpg,0.921557,30.610468,ok
EES0423674__X39__Y09__P023.jpg,0.845460,20.891611,ok
EES0423674__X3C__Y0C__P024.jpg,0.807796,18.003119,ok
EES0423674__X42__Y12__P025.jpg,0.838555,24.846005,ok
EES0423675__X42__Y36__P001.jpg,0.908228,31.243998,ok
EES0423675__X48__Y1B__P002.jpg,0.803026,18.624233,ok
EES0423675__X06__Y1E__P003.jpg,0.884792,26.246567,ok
EES0423675__X06__Y21__P004.jpg,0.785643,19.166412,ok
EES0423675__X06__Y24__P005.jpg,0.788331,20.857991,ok
EES0423675__X06__Y27__P006.jpg,0.711847,18.173860,ok
EES0423675__X09__Y18__P007.jpg,0.843635,20.272308,ok
EES0423675__X09__Y1B__P008.jpg,0.731253,17.594706,ok
EES0423675__X09__Y2A__P009.jpg,0.915495,27.342559,ok
EES0423675__X09__Y2D__P010.jpg,0.865778,22.020120,ok
EES0423675__X0C__Y12__P011.jpg,0.826180,22.132612,ok
EES0423675__X0C__Y15__P012.jpg,0.793900,17.499407,ok
EES0423675__X0C__Y18__P013.jpg,0.881531,23.798352,ok
EES0423675__X0C__Y33__P014.jpg,0.835263,22.358341,ok
EES0423675__X0F__Y0F__P015.jpg,0.774108,19.919321,ok
EES0423675__X15__Y3C__P016.jpg,0.823892,21.210640,ok
EES0423675__X1E__Y03__P017.jpg,0.777501,17.748355,ok
EES0423675__X1E__Y3F__P018.jpg,0.893802,19.704615,ok
EES0423675__X21__Y03__P019.jpg,0.838616,18.657957,ok
EES0423675__X27__Y03__P020.jpg,0.857837,21.823274,ok
EES0423675__X2A__Y03__P021.jpg,0.851914,20.559424,ok
EES0423675__X2A__Y3F__P022.jpg,0.717407,18.457295,ok
EES0423675__X2D__Y03__P023.jpg,0.814311,20.783697,ok
EES0423675__X2D__Y3F__P024.jpg,0.867652,19.612762,ok
EES0423675__X30__Y3F__P025.jpg,0.818630,22.411060,ok
EES0423676__X33__Y3C__P001.jpg,0.756502,17.111235,ok
EES0423676__X36__Y09__P002.jpg,0.829626,20.489576,ok
EES0423676__X36__Y3C__P003.jpg,0.782998,17.880187,ok
EES0423676__X39__Y0C__P004.jpg,0.850508,21.836113,ok
EES0423676__X39__Y39__P005.jpg,0.874381,21.121978,ok
EES0423676__X3C__Y0C__P006.jpg,0.776660,18.176297,ok
EES0423676__X3C__Y0F__P007.jpg,0.837354,20.430899,ok
EES0423676__X3C__Y33__P008.jpg,0.805804,19.409602,ok
EES0423676__X3C__Y36__P009.jpg,0.814456,18.633448,ok
EES0423676__X3F__Y0F__P010.jpg,0.835206,23.633695,ok
EES0423676__X3F__Y12__P011.jpg,0.888575,24.994733,ok
EES0423676__X3F__Y2D__P012.jpg,0.789288,17.496854,ok
EES0423676__X3F__Y30__P013.jpg,0.783458,18.205160,ok
EES0423676__X42__Y0F__P014.jpg,0.773175,19.815798,ok
EES0423676__X42__Y15__P015.jpg,0.821017,23.429891,ok
EES0423676__X42__Y18__P016.jpg,0.796654,18.966472,ok
EES0423676__X42__Y1B__P017.jpg,0.787971,17.721432,ok
EES0423676__X42__Y1E__P018.jpg,0.904294,27.396004,ok
EES0423676__X42__Y21__P019.jpg,0.856356,24.026394,ok
EES0423676__X42__Y24__P020.jpg,0.812567,21.256033,ok
EES0423676__X42__Y27__P021.jpg,0.819836,19.823484,ok
EES0423676__X42__Y2A__P022.jpg,0.809631,20.071846,ok
EES0423676__X45__Y18__P023.jpg,0.758219,18.727276,ok
EES0423676__X0F__Y24__P024.jpg,0.778314,20.365968,ok
EES0423676__X1E__Y3C__P025.jpg,0.756647,17.321182,ok
EES0423677__X21__Y0C__P001.jpg,0.681029,16.835875,ok
EES0423677__X2A__Y2D__P002.jpg,0.726373,19.052680,ok
EES0423677__X33__Y09__P003.jpg,0.673258,17.381343,ok
EES0423677__X36__Y3F__P004.jpg,0.724557,17.116666,ok
EES0423677__X39__Y1B__P005.jpg,0.752868,18.199890,ok
EES0423677__X3C__Y0F__P006.jpg,0.803492,19.272484,ok
EES0423677__X3F__Y12__P007.jpg,0.687814,17.612222,ok
EES0423677__X12__Y1B__P008.jpg,0.732354,18.483062,ok
EES0423677__X15__Y18__P009.jpg,0.619401,16.175016,ok
EES0423677__X15__Y1B__P010.jpg,0.678723,16.988338,ok
EES0423677__X15__Y2D__P011.jpg,0.815708,17.957822,ok
EES0423677__X18__Y21__P012.jpg,0.667434,17.042825,ok
EES0423677__X18__Y24__P013.jpg,0.764610,18.230261,ok
EES0423677__X18__Y33__P014.jpg,0.862675,24.588893,ok
EES0423677__X1B__Y21__P015.jpg,0.761386,19.491722,ok
EES0423677__X1B__Y24__P016.jpg,0.754876,19.188385,ok
EES0423677__X1B__Y27__P017.jpg,0.705533,18.835158,ok
EES0423677__X1E__Y12__P018.jpg,0.743377,17.233042,ok
EES0423677__X1E__Y24__P019.jpg,0.879127,25.284256,ok
EES0423677__X1E__Y39__P020.jpg,0.737716,17.886996,ok
EES0423677__X1E__Y3C__P021.jpg,0.682689,17.554205,ok
EES0423677__X21__Y33__P022.jpg,0.814075,19.764550,ok
EES0423677__X21__Y39__P023.jpg,0.806388,19.515355,ok
EES0423677__X24__Y3F__P024.jpg,0.632979,16.355786,ok
EES0423677__X27__Y09__P025.jpg,0.754918,19.022228,ok
EES0423678__X27__Y39__P001.jpg,0.721250,17.759583,ok
EES0423678__X27__Y3F__P002.jpg,0.843516,19.043016,ok
EES0423678__X2A__Y18__P003.jpg,0.809485,17.572374,ok
EES0423678__X2A__Y3C__P004.jpg,0.746699,18.287538,ok
EES0423678__X30__Y09__P005.jpg,0.773458,18.396407,ok
EES0423678__X30__Y12__P006.jpg,0.774077,18.256312,ok
EES0423678__X30__Y3F__P007.jpg,0.789426,19.001337,ok
EES0423678__X33__Y33__P008.jpg,0.733208,17.587742,ok
EES0423678__X33__Y3C__P009.jpg,0.840532,23.244353,ok
EES0423678__X3C__Y1E__P010.jpg,0.885282,24.860007,ok
EES0423678__X3C__Y27__P011.jpg,0.685575,17.539141,ok
EES0423678__X3C__Y30__P012.jpg,0.757040,17.590162,ok
EES0423678__X3F__Y2A__P013.jpg,0.804019,18.660669,ok
EES0423678__X42__Y21__P014.jpg,0.765211,17.616516,ok
EES0423678__X45__Y21__P015.jpg,0.787127,20.094842,ok
EES0423678__X0F__Y1B__P016.jpg,0.797553,19.635239,ok
EES0423678__X0F__Y1E__P017.jpg,0.816791,20.031674,ok
EES0423678__X0F__Y21__P018.jpg,0.869543,21.024631,ok
EES0423678__X0F__Y24__P019.jpg,0.897719,23.019402,ok
EES0423678__X0F__Y27__P020.jpg,0.722198,18.818193,ok
EES0423678__X0F__Y2A__P021.jpg,0.691742,17.522314,ok
EES0423678__X12__Y12__P022.jpg,0.838097,22.159839,ok
EES0423678__X12__Y15__P023.jpg,0.633144,16.132273,ok
EES0423678__X12__Y18__P024.jpg,0.877047,22.645290,ok
EES0423678__X12__Y1B__P025.jpg,0.903451,28.300867,ok
EES0423679__X27__Y06__P001.jpg,0.750379,21.155860,ok
EES0423679__X2A__Y06__P002.jpg,0.792745,20.091305,ok
EES0423679__X2D__Y06__P003.jpg,0.880399,26.133291,ok
EES0423679__X30__Y06__P004.jpg,0.850771,25.502782,ok
EES0423679__X33__Y3F__P005.jpg,0.870006,26.430941,ok
EES0423679__X36__Y03__P006.jpg,0.696715,17.480377,ok
EES0423679__X36__Y09__P007.jpg,0.890978,22.638005,ok
EES0423679__X39__Y09__P008.jpg,0.802096,18.332358,ok
EES0423679__X39__Y3C__P009.jpg,0.696237,17.818424,ok
EES0423679__X42__Y12__P010.jpg,0.799088,18.999912,ok
EES0423679__X45__Y15__P011.jpg,0.825639,23.924587,ok
EES0423679__X45__Y30__P012.jpg,0.842597,21.407269,ok
EES0423679__X45__Y45__P013.jpg,0.904525,24.902785,ok
EES0423679__X48__Y18__P014.jpg,0.878686,25.886776,ok
EES0423679__X48__Y1B__P015.jpg,0.877326,24.933524,ok
EES0423679__X48__Y1E__P016.jpg,0.858339,19.469625,ok
EES0423679__X48__Y21__P017.jpg,0.826471,20.083991,ok
EES0423679__X48__Y24__P018.jpg,0.700713,17.273691,ok
EES0423679__X48__Y27__P019.jpg,0.770699,19.325143,ok
EES0423679__X48__Y2A__P020.jpg,0.829019,20.425740,ok
EES0423679__X0F__Y1B__P021.jpg,0.802245,21.165599,ok
EES0423679__X0F__Y2A__P022.jpg,0.869460,25.100444,ok
EES0423679__X0F__Y2D__P023.jpg,0.893631,23.939955,ok
EES0423679__X12__Y12__P024.jpg,0.768372,20.638633,ok
EES0423679__X12__Y15__P025.jpg,0.783737,18.496085,ok
EES0423680__X12__Y18__P001.jpg,0.729848,18.550285,ok
EES0423680__X12__Y1B__P002.jpg,0.869888,24.625724,ok
EES0423680__X12__Y1E__P003.jpg,0.702099,18.548176,ok
EES0423680__X12__Y24__P004.jpg,0.752362,18.814734,ok
EES0423680__X12__Y27__P005.jpg,0.665653,16.519897,ok
EES0423680__X12__Y30__P006.jpg,0.648488,17.202852,ok
EES0423680__X12__Y36__P007.jpg,0.719311,17.593673,ok
EES0423680__X15__Y12__P008.jpg,0.829608,20.736128,ok
EES0423680__X15__Y18__P009.jpg,0.724001,18.839407,ok
EES0423680__X15__Y1B__P010.jpg,0.857740,20.263988,ok
EES0423680__X15__Y21__P011.jpg,0.684331,16.855666,ok
EES0423680__X15__Y27__P012.jpg,0.826326,22.037937,ok
EES0423680__X15__Y30__P013.jpg,0.735861,18.248014,ok
EES0423680__X15__Y33__P014.jpg,0.673601,16.396706,ok
EES0423680__X15__Y36__P015.jpg,0.815320,18.224697,ok
EES0423680__X18__Y0F__P016.jpg,0.693323,17.633670,ok
EES0423680__X18__Y1E__P017.jpg,0.890940,26.945620,ok
EES0423680__X18__Y21__P018.jpg,0.680193,16.597982,ok
EES0423680__X18__Y33__P019.jpg,0.704505,17.302737,ok
EES0423680__X18__Y36__P020.jpg,0.659507,16.664444,ok
EES0423680__X18__Y39__P021.jpg,0.782876,18.726828,ok
EES0423680__X1B__Y0C__P022.jpg,0.699320,17.657796,ok
EES0423680__X1B__Y36__P023.jpg,0.731622,18.264740,ok
EES0423680__X1B__Y39__P024.jpg,0.790306,19.335963,ok
EES0423680__X1E__Y09__P025.jpg,0.740135,17.840716,ok
EES0423681__X1E__Y33__P001.jpg,0.711477,18.428762,ok
EES0423681__X1E__Y3C__P002.jpg,0.826223,21.738179,ok
EES0423681__X21__Y3C__P003.jpg,0.908914,31.415264,ok
EES0423681__X24__Y3F__P004.jpg,0.783944,18.544440,ok
EES0423681__X27__Y3F__P005.jpg,0.771700,17.493886,ok
EES0423681__X2A__Y09__P006.jpg,0.822788,19.338205,ok
EES0423681__X2A__Y3F__P007.jpg,0.796672,18.507305,ok
EES0423681__X2D__Y3C__P008.jpg,0.745216,17.795261,ok
EES0423681__X2D__Y3F__P009.jpg,0.851916,23.011467,ok
EES0423681__X30__Y09__P010.jpg,0.639003,16.610847,ok
EES0423681__X30__Y3C__P011.jpg,0.892064,22.853329,ok
EES0423681__X36__Y33__P012.jpg,0.867277,22.187873,ok
EES0423681__X36__Y36__P013.jpg,0.818782,21.831538,ok
EES0423681__X36__Y39__P014.jpg,0.912176,29.016653,ok
EES0423681__X39__Y36__P015.jpg,0.801000,20.672435,ok
EES0423681__X39__Y39__P016.jpg,0.756646,18.493240,ok
EES0423681__X3C__Y2A__P017.jpg,0.723727,17.167081,ok
EES0423681__X3F__Y30__P018.jpg,0.781350,18.014316,ok
EES0423681__X42__Y21__P019.jpg,0.817353,19.889203,ok
EES0423681__X42__Y2A__P020.jpg,0.773199,17.581913,ok
EES0423681__X0C__Y12__P021.jpg,0.748391,18.261473,ok
EES0423681__X0C__Y1E__P022.jpg,0.774777,17.664524,ok
EES0423681__X0F__Y18__P023.jpg,0.823848,20.995883,ok
EES0423681__X0F__Y1B__P024.jpg,0.780873,20.914939,ok
EES0423681__X0F__Y24__P025.jpg,0.759182,19.799582,ok
EES0423682__X42__Y30__P001.jpg,0.880087,23.858044,ok
EES0423682__X45__Y15__P002.jpg,0.855134,20.208323,ok
EES0423682__X45__Y2A__P003.jpg,0.743944,17.460423,ok
EES0423682__X0F__Y1E__P004.jpg,0.699718,17.206223,ok
EES0423682__X12__Y12__P005.jpg,0.867359,22.572380,ok
EES0423682__X12__Y18__P006.jpg,0.759864,19.260768,ok
EES0423682__X12__Y1B__P007.jpg,0.854114,24.733300,ok
EES0423682__X12__Y1E__P008.jpg,0.761347,21.377369,ok
EES0423682__X12__Y21__P009.jpg,0.802746,20.701716,ok
EES0423682__X12__Y24__P010.jpg,0.894835,21.922403,ok
EES0423682__X12__Y2A__P011.jpg,0.733843,19.745954,ok
EES0423682__X15__Y12__P012.jpg,0.780328,20.987967,ok
EES0423682__X15__Y15__P013.jpg,0.794559,21.326515,ok
EES0423682__X15__Y18__P014.jpg,0.810336,17.635477,ok
EES0423682__X15__Y1B__P015.jpg,0.797497,19.632103,ok
EES0423682__X15__Y21__P016.jpg,0.803736,20.262468,ok
EES0423682__X15__Y24__P017.jpg,0.750334,18.666999,ok
EES0423682__X15__Y27__P018.jpg,0.813654,22.037933,ok
EES0423682__X15__Y2A__P019.jpg,0.743174,19.344385,ok
EES0423682__X15__Y33__P020.jpg,0.754799,22.474856,ok
EES0423682__X18__Y0C__P021.jpg,0.741619,19.168964,ok
EES0423682__X18__Y12__P022.jpg,0.894045,27.930535,ok
EES0423682__X18__Y18__P023.jpg,0.787700,18.816165,ok
EES0423682__X18__Y1B__P024.jpg,0.789918,20.661593,ok
EES0423682__X18__Y24__P025.jpg,0.732339,18.556309,ok
EES0423683__X1B__Y09__P001.jpg,0.720233,19.895556,ok
EES0423683__X1B__Y0F__P002.jpg,0.755329,18.253868,ok
EES0423683__X1B__Y12__P003.jpg,0.777558,19.498662,ok
EES0423683__X1B__Y15__P004.jpg,0.713171,20.200726,ok
EES0423683__X1B__Y1B__P005.jpg,0.821285,21.577320,ok
EES0423683__X1B__Y1E__P006.jpg,0.794362,19.965447,ok
EES0423683__X1B__Y21__P007.jpg,0.759645,21.012964,ok
EES0423683__X1B__Y24__P008.jpg,0.795856,23.755339,ok
EES0423683__X1E__Y24__P009.jpg,0.696311,19.445109,ok
EES0423683__X1E__Y2D__P010.jpg,0.715917,19.032488,ok
EES0423683__X1E__Y30__P011.jpg,0.744487,20.587908,ok
EES0423683__X1E__Y33__P012.jpg,0.766427,18.626956,ok
EES0423683__X1E__Y36__P013.jpg,0.794176,22.139472,ok
EES0423683__X21__Y06__P014.jpg,0.665526,17.584718,ok
EES0423683__X24__Y2A__P015.jpg,0.711873,18.525348,ok
EES0423683__X24__Y2D__P016.jpg,0.777502,21.518899,ok
EES0423683__X24__Y30__P017.jpg,0.800139,21.463583,ok
EES0423683__X27__Y21__P018.jpg,0.773587,20.641808,ok
EES0423683__X27__Y2A__P019.jpg,0.771079,21.345747,ok
EES0423683__X27__Y2D__P020.jpg,0.709722,19.102068,ok
EES0423683__X2A__Y2D__P021.jpg,0.790548,21.295030,ok
EES0423683__X2D__Y2A__P022.jpg,0.745144,20.426845,ok
EES0423683__X2D__Y30__P023.jpg,0.790871,21.971561,ok
EES0423683__X30__Y24__P024.jpg,0.793511,21.423708,ok
EES0423683__X30__Y33__P025.jpg,0.726392,17.944965,ok
EES0423684__X30__Y36__P001.jpg,0.633146,17.389792,ok
EES0423684__X30__Y39__P002.jpg,0.804579,19.654502,ok
EES0423684__X33__Y24__P003.jpg,0.683132,19.662917,ok
EES0423684__X33__Y2D__P004.jpg,0.800279,20.835543,ok
EES0423684__X33__Y33__P005.jpg,0.818544,21.993545,ok
EES0423684__X33__Y39__P006.jpg,0.911010,27.845577,ok
EES0423684__X33__Y3C__P007.jpg,0.827080,23.293297,ok
EES0423684__X36__Y18__P008.jpg,0.868038,23.941419,ok
EES0423684__X36__Y21__P009.jpg,0.665488,19.916969,ok
EES0423684__X36__Y24__P010.jpg,0.752473,20.189637,ok
EES0423684__X36__Y27__P011.jpg,0.779163,18.972160,ok
EES0423684__X36__Y2A__P012.jpg,0.678425,18.155178,ok
EES0423684__X36__Y30__P013.jpg,0.790763,20.807712,ok
EES0423684__X36__Y33__P014.jpg,0.754317,18.818371,ok
EES0423684__X36__Y36__P015.jpg,0.622972,17.037581,ok
EES0423684__X36__Y39__P016.jpg,0.736221,20.496607,ok
EES0423684__X36__Y3C__P017.jpg,0.895575,28.428170,ok
EES0423684__X39__Y24__P018.jpg,0.722746,17.845604,ok
EES0423684__X39__Y27__P019.jpg,0.776969,20.505916,ok
EES0423684__X39__Y30__P020.jpg,0.738340,21.447434,ok
EES0423684__X3C__Y33__P021.jpg,0.807434,20.379510,ok
EES0423684__X3F__Y30__P022.jpg,0.839455,24.084355,ok
EES0423684__X3F__Y33__P023.jpg,0.727272,17.623596,ok
EES0423684__X45__Y2A__P024.jpg,0.683302,18.654754,ok
EES0423684__X45__Y2D__P025.jpg,0.736610,18.546698,ok
EES0423685__X12__Y27__P001.jpg,0.726043,18.334978,ok
EES0423685__X15__Y1B__P002.jpg,0.664061,16.623746,ok
EES0423685__X15__Y1E__P003.jpg,0.675115,18.996001,ok
EES0423685__X15__Y27__P004.jpg,0.667331,16.964712,ok
EES0423685__X15__Y2D__P005.jpg,0.747220,18.349221,ok
EES0423685__X18__Y1B__P006.jpg,0.834049,20.215929,ok
EES0423685__X1B__Y0F__P007.jpg,0.753442,18.818124,ok
EES0423685__X1B__Y12__P008.jpg,0.697958,17.415771,ok
EES0423685__X1B__Y21__P009.jpg,0.688337,17.477575,ok
EES0423685__X1E__Y12__P010.jpg,0.742409,18.626618,ok
EES0423685__X1E__Y21__P011.jpg,0.733637,17.630741,ok
EES0423685__X1E__Y24__P012.jpg,0.803689,18.447036,ok
EES0423685__X1E__Y30__P013.jpg,0.732119,18.096262,ok
EES0423685__X1E__Y33__P014.jpg,0.689123,17.257991,ok
EES0423685__X1E__Y36__P015.jpg,0.738356,17.802424,ok
EES0423685__X21__Y12__P016.jpg,0.735094,20.567536,ok
EES0423685__X21__Y2D__P017.jpg,0.793560,19.715643,ok
EES0423685__X21__Y33__P018.jpg,0.748996,18.989392,ok
EES0423685__X24__Y24__P019.jpg,0.861312,25.087265,ok
EES0423685__X24__Y27__P020.jpg,0.625447,17.152082,ok
EES0423685__X24__Y36__P021.jpg,0.778476,18.584255,ok
EES0423685__X24__Y39__P022.jpg,0.705604,19.208809,ok
EES0423685__X27__Y0C__P023.jpg,0.732153,18.742634,ok
EES0423685__X27__Y2A__P024.jpg,0.771336,19.632105,ok
EES0423685__X27__Y30__P025.jpg,0.687706,17.488282,ok
EES0423686__X27__Y36__P001.jpg,0.702479,17.048889,ok
EES0423686__X27__Y39__P002.jpg,0.731202,18.374303,ok
EES0423686__X2A__Y18__P003.jpg,0.738279,18.182696,ok
EES0423686__X2D__Y1E__P004.jpg,0.735087,19.824211,ok
EES0423686__X2D__Y30__P005.jpg,0.770771,19.603074,ok
EES0423686__X30__Y12__P006.jpg,0.774920,20.172583,ok
EES0423686__X30__Y1B__P007.jpg,0.743404,19.478414,ok
EES0423686__X30__Y1E__P008.jpg,0.743538,19.810598,ok
EES0423686__X30__Y21__P009.jpg,0.708048,17.049585,ok
EES0423686__X30__Y2D__P010.jpg,0.665390,17.804077,ok
EES0423686__X30__Y3C__P011.jpg,0.676078,17.436222,ok
EES0423686__X33__Y0C__P012.jpg,0.755113,19.846833,ok
EES0423686__X33__Y0F__P013.jpg,0.677134,17.384258,ok
EES0423686__X33__Y18__P014.jpg,0.812275,20.180617,ok
EES0423686__X36__Y15__P015.jpg,0.739211,20.498750,ok
EES0423686__X36__Y18__P016.jpg,0.758070,19.525011,ok
EES0423686__X39__Y0F__P017.jpg,0.829690,18.958176,ok
EES0423686__X3C__Y1E__P018.jpg,0.763537,17.915456,ok
EES0423686__X3F__Y2D__P019.jpg,0.713689,18.058555,ok
EES0423686__X42__Y15__P020.jpg,0.778398,20.048080,ok
EES0423686__X42__Y1B__P021.jpg,0.752876,18.846780,ok
EES0423686__X42__Y21__P022.jpg,0.702627,18.503221,ok
EES0423686__X12__Y1B__P023.jpg,0.722766,17.404724,ok
EES0423686__X12__Y1E__P024.jpg,0.763044,17.950661,ok
EES0423686__X12__Y21__P025.jpg,0.668972,17.171259,ok
EES0423687__X15__Y36__P001.jpg,0.673525,16.621064,ok
EES0423687__X18__Y21__P002.jpg,0.712409,16.972371,ok
EES0423687__X18__Y24__P003.jpg,0.726865,17.963829,ok
EES0423687__X1B__Y0C__P004.jpg,0.886929,25.642408,ok
EES0423687__X1B__Y3C__P005.jpg,0.828561,22.352957,ok
EES0423687__X1E__Y09__P006.jpg,0.760901,19.001257,ok
EES0423687__X1E__Y0C__P007.jpg,0.730066,18.972591,ok
EES0423687__X21__Y09__P008.jpg,0.673235,18.535143,ok
EES0423687__X21__Y3F__P009.jpg,0.685870,18.126280,ok
EES0423687__X24__Y06__P010.jpg,0.820992,21.586729,ok
EES0423687__X24__Y09__P011.jpg,0.892406,24.926837,ok
EES0423687__X24__Y15__P012.jpg,0.649117,16.479243,ok
EES0423687__X24__Y30__P013.jpg,0.863593,23.412299,ok
EES0423687__X24__Y3F__P014.jpg,0.835497,20.618662,ok
EES0423687__X27__Y42__P015.jpg,0.655660,17.903838,ok
EES0423687__X2A__Y06__P016.jpg,0.811010,19.665266,ok
EES0423687__X2A__Y3C__P017.jpg,0.728388,16.874054,ok
EES0423687__X2A__Y3F__P018.jpg,0.640328,15.949587,ok
EES0423687__X2D__Y06__P019.jpg,0.910398,30.204768,ok
EES0423687__X2D__Y3F__P020.jpg,0.670075,16.198894,ok
EES0423687__X30__Y06__P021.jpg,0.879688,23.971905,ok
EES0423687__X30__Y39__P022.jpg,0.779533,19.571065,ok
EES0423687__X30__Y3C__P023.jpg,0.862392,24.894188,ok
EES0423687__X30__Y3F__P024.jpg,0.637002,16.549858,ok
EES0423687__X30__Y42__P025.jpg,0.662412,16.642327,ok
EES0423688__X33__Y06__P001.jpg,0.832783,21.478305,ok
EES0423688__X33__Y09__P002.jpg,0.661141,16.771432,ok
EES0423688__X33__Y21__P003.jpg,0.918079,28.434049,ok
EES0423688__X33__Y42__P004.jpg,0.715682,17.674419,ok
EES0423688__X36__Y06__P005.jpg,0.693309,17.078105,ok
EES0423688__X36__Y09__P006.jpg,0.849452,22.469705,ok
EES0423688__X36__Y3C__P007.jpg,0.731445,17.669099,ok
EES0423688__X36__Y3F__P008.jpg,0.842376,24.337886,ok
EES0423688__X36__Y42__P009.jpg,0.708510,17.678794,ok
EES0423688__X39__Y06__P010.jpg,0.856736,22.139284,ok
EES0423688__X39__Y09__P011.jpg,0.800095,18.019238,ok
EES0423688__X39__Y18__P012.jpg,0.714722,18.749613,ok
EES0423688__X39__Y1B__P013.jpg,0.651576,17.359220,ok
EES0423688__X39__Y3F__P014.jpg,0.689659,17.043559,ok
EES0423688__X3C__Y09__P015.jpg,0.736719,17.190226,ok
EES0423688__X3C__Y0C__P016.jpg,0.797034,19.806330,ok
EES0423688__X3C__Y3F__P017.jpg,0.894829,25.784139,ok
EES0423688__X3F__Y09__P018.jpg,0.658219,16.922357,ok
EES0423688__X3F__Y0C__P019.jpg,0.818332,20.726974,ok
EES0423688__X3F__Y15__P020.jpg,0.848353,24.492726,ok
EES0423688__X3F__Y18__P021.jpg,0.680454,17.260109,ok
EES0423688__X3F__Y3C__P022.jpg,0.853538,22.082022,ok
EES0423688__X3F__Y3F__P023.jpg,0.802645,20.740726,ok
EES0423688__X42__Y0C__P024.jpg,0.747235,19.095136,ok
EES0423688__X42__Y0F__P025.jpg,0.832118,20.156388,ok
EES0423689__X15__Y33__P001.jpg,0.660495,17.947703,ok
EES0423689__X15__Y36__P002.jpg,0.725806,18.673302,ok
EES0423689__X18__Y0C__P003.jpg,0.678441,16.952122,ok
EES0423689__X18__Y36__P004.jpg,0.618211,16.212033,ok
EES0423689__X18__Y39__P005.jpg,0.816276,18.283711,ok
EES0423689__X1B__Y09__P006.jpg,0.908127,31.557447,ok
EES0423689__X1B__Y0C__P007.jpg,0.682978,19.011074,ok
EES0423689__X1B__Y1B__P008.jpg,0.848639,19.918600,ok
EES0423689__X1B__Y21__P009.jpg,0.719515,18.536903,ok
EES0423689__X1B__Y39__P010.jpg,0.735222,17.853209,ok
EES0423689__X1B__Y3C__P011.jpg,0.845763,23.413223,ok
EES0423689__X1E__Y09__P012.jpg,0.809223,19.648437,ok
EES0423689__X1E__Y18__P013.jpg,0.789646,20.472003,ok
EES0423689__X1E__Y1B__P014.jpg,0.711994,18.647956,ok
EES0423689__X1E__Y1E__P015.jpg,0.823358,22.556973,ok
EES0423689__X1E__Y21__P016.jpg,0.670170,17.238092,ok
EES0423689__X1E__Y24__P017.jpg,0.842762,23.333711,ok
EES0423689__X1E__Y3C__P018.jpg,0.722532,17.957229,ok
EES0423689__X1E__Y3F__P019.jpg,0.685906,18.936527,ok
EES0423689__X21__Y12__P020.jpg,0.707443,18.286882,ok
EES0423689__X21__Y15__P021.jpg,0.651008,16.991662,ok
EES0423689__X21__Y3F__P022.jpg,0.690006,18.659849,ok
EES0423689__X24__Y06__P023.jpg,0.696340,18.030354,ok
EES0423689__X24__Y15__P024.jpg,0.632563,15.972693,ok
EES0423689__X24__Y18__P025.jpg,0.735843,18.293410,ok
EES0423690__X2D__Y06__P001.jpg,0.806362,18.606736,ok
EES0423690__X36__Y3C__P002.jpg,0.786107,18.910898,ok
EES0423690__X09__Y1E__P003.jpg,0.772699,20.863422,ok
EES0423690__X09__Y21__P004.jpg,0.835634,20.009912,ok
EES0423690__X09__Y2A__P005.jpg,0.815158,20.195019,ok
EES0423690__X09__Y2D__P006.jpg,0.788540,21.193697,ok
EES0423690__X0C__Y21__P007.jpg,0.730817,18.180423,ok
EES0423690__X0C__Y24__P008.jpg,0.888895,23.465800,ok
EES0423690__X0C__Y27__P009.jpg,0.813356,18.424320,ok
EES0423690__X0C__Y2A__P010.jpg,0.799419,20.660410,ok
EES0423690__X0C__Y30__P011.jpg,0.794023,18.213267,ok
EES0423690__X0F__Y12__P012.jpg,0.766405,17.512946,ok
EES0423690__X0F__Y15__P013.jpg,0.834576,19.030946,ok
EES0423690__X0F__Y18__P014.jpg,0.747391,18.695146,ok
EES0423690__X0F__Y2D__P015.jpg,0.727259,17.568635,ok
EES0423690__X0F__Y33__P016.jpg,0.737345,20.721019,ok
EES0423690__X0F__Y36__P017.jpg,0.788484,20.352994,ok
EES0423690__X0F__Y39__P018.jpg,0.879227,25.301175,ok
EES0423690__X12__Y0F__P019.jpg,0.850810,19.942036,ok
EES0423690__X12__Y12__P020.jpg,0.872523,23.227106,ok
EES0423690__X12__Y36__P021.jpg,0.745365,19.492232,ok
EES0423690__X12__Y39__P022.jpg,0.861925,21.093353,ok
EES0423690__X15__Y0C__P023.jpg,0.771233,17.733765,ok
EES0423690__X18__Y3C__P024.jpg,0.820854,18.176325,ok
EES0423690__X18__Y3F__P025.jpg,0.826474,23.229988,ok
EES0423691__X1B__Y3F__P001.jpg,0.886335,23.018598,ok
EES0423691__X1E__Y24__P002.jpg,0.859957,23.101285,ok
EES0423691__X21__Y42__P003.jpg,0.731065,17.176135,ok
EES0423691__X24__Y06__P004.jpg,0.828925,20.210256,ok
EES0423691__X24__Y42__P005.jpg,0.898144,29.498586,ok
EES0423691__X27__Y06__P006.jpg,0.724438,17.062659,ok
EES0423691__X27__Y42__P007.jpg,0.849014,20.044149,ok
EES0423691__X2A__Y42__P008.jpg,0.795156,17.915755,ok
EES0423691__X30__Y09__P009.jpg,0.780911,19.662489,ok
EES0423691__X39__Y3C__P010.jpg,0.656967,17.285572,ok
EES0423691__X3C__Y39__P011.jpg,0.875620,20.522464,ok
EES0423691__X3F__Y36__P012.jpg,0.916901,21.290901,ok
EES0423691__X42__Y1B__P013.jpg,0.855872,19.448160,ok
EES0423691__X42__Y21__P014.jpg,0.893023,25.011610,ok
EES0423691__X42__Y27__P015.jpg,0.754998,19.368807,ok
EES0423691__X42__Y2A__P016.jpg,0.899503,26.360637,ok
EES0423691__X42__Y2D__P017.jpg,0.878858,22.191060,ok
EES0423691__X42__Y30__P018.jpg,0.891749,26.685654,ok
EES0423691__X09__Y1B__P019.jpg,0.826346,20.327720,ok
EES0423691__X09__Y1E__P020.jpg,0.840621,19.595896,ok
EES0423691__X09__Y2A__P021.jpg,0.837814,19.945273,ok
EES0423691__X09__Y2D__P022.jpg,0.846556,19.424292,ok
EES0423691__X0C__Y15__P023.jpg,0.847447,18.329813,ok
EES0423691__X0C__Y18__P024.jpg,0.697472,17.531482,ok
EES0423691__X0C__Y30__P025.jpg,0.915358,25.632270,ok
EES0423692__X0C__Y33__P001.jpg,0.704599,17.417530,ok
EES0423692__X0F__Y0F__P002.jpg,0.763204,18.497773,ok
EES0423692__X0F__Y12__P003.jpg,0.848635,22.626669,ok
EES0423692__X0F__Y15__P004.jpg,0.783873,20.052818,ok
EES0423692__X0F__Y36__P005.jpg,0.882956,24.042284,ok
EES0423692__X0F__Y45__P006.jpg,0.833128,22.962618,ok
EES0423692__X12__Y0C__P007.jpg,0.860145,21.792707,ok
EES0423692__X12__Y0F__P008.jpg,0.790076,19.097011,ok
EES0423692__X12__Y18__P009.jpg,0.767175,18.911147,ok
EES0423692__X12__Y39__P010.jpg,0.855799,24.378299,ok
EES0423692__X12__Y45__P011.jpg,0.798655,23.352725,ok
EES0423692__X15__Y0C__P012.jpg,0.878508,23.718112,ok
EES0423692__X15__Y3C__P013.jpg,0.904318,23.262134,ok
EES0423692__X15__Y3F__P014.jpg,0.714439,18.581169,ok
EES0423692__X18__Y09__P015.jpg,0.773618,20.790894,ok
EES0423692__X18__Y3C__P016.jpg,0.740851,18.099403,ok
EES0423692__X18__Y3F__P017.jpg,0.791774,17.945416,ok
EES0423692__X1B__Y06__P018.jpg,0.754152,18.598183,ok
EES0423692__X1B__Y3F__P019.jpg,0.727541,17.791002,ok
EES0423692__X1E__Y06__P020.jpg,0.880221,25.127520,ok
EES0423692__X1E__Y3F__P021.jpg,0.736724,16.886514,ok
EES0423692__X21__Y3F__P022.jpg,0.761721,18.596774,ok
EES0423692__X21__Y42__P023.jpg,0.841991,20.676585,ok
EES0423692__X24__Y3F__P024.jpg,0.840755,21.874068,ok
EES0423692__X24__Y42__P025.jpg,0.810478,22.312832,ok
EES0423693__X15__Y21__P001.jpg,0.808639,18.999513,ok
EES0423693__X15__Y24__P002.jpg,0.649366,16.614414,ok
EES0423693__X15__Y27__P003.jpg,0.675843,17.167445,ok
EES0423693__X24__Y24__P004.jpg,0.686217,17.432637,ok
EES0423693__X30__Y2D__P005.jpg,0.725450,18.178396,ok
EES0423693__X33__Y1B__P006.jpg,0.699576,17.642390,ok
EES0423693__X33__Y2A__P007.jpg,0.838280,19.599988,ok
EES0423693__X33__Y30__P008.jpg,0.669877,17.250706,ok
EES0423693__X36__Y0F__P009.jpg,0.697422,17.140415,ok
EES0423693__X36__Y27__P010.jpg,0.782213,17.896590,ok
EES0423693__X39__Y27__P011.jpg,0.664965,17.385757,ok
EES0423693__X39__Y36__P012.jpg,0.816978,18.236221,ok
EES0423693__X39__Y39__P013.jpg,0.686718,17.594193,ok
EES0423693__X3C__Y1B__P014.jpg,0.661877,17.066301,ok
EES0423693__X3C__Y1E__P015.jpg,0.637001,17.260401,ok
EES0423693__X3C__Y3C__P016.jpg,0.652217,17.267041,ok
EES0423693__X3F__Y18__P017.jpg,0.655375,18.056264,ok
EES0423693__X3F__Y1B__P018.jpg,0.839606,19.942676,ok
EES0423693__X3F__Y1E__P019.jpg,0.709959,17.827092,ok
EES0423693__X3F__Y24__P020.jpg,0.657250,17.233564,ok
EES0423693__X42__Y0F__P021.jpg,0.670895,17.694425,ok
EES0423693__X12__Y36__P022.jpg,0.686861,17.132650,ok
EES0423693__X15__Y33__P023.jpg,0.703576,17.256999,ok
EES0423693__X15__Y39__P024.jpg,0.645842,17.334417,ok
EES0423693__X18__Y33__P025.jpg,0.686328,18.775147,ok
EES0423694__X18__Y39__P001.jpg,0.777085,20.658877,ok
EES0423694__X1B__Y3F__P002.jpg,0.811168,19.594214,ok
EES0423694__X1E__Y3F__P003.jpg,0.890644,26.435061,ok
EES0423694__X2A__Y3C__P004.jpg,0.799282,17.593956,ok
EES0423694__X36__Y0C__P005.jpg,0.841999,19.074124,ok
EES0423694__X36__Y39__P006.jpg,0.784637,20.243517,ok
EES0423694__X39__Y0F__P007.jpg,0.725834,20.447781,ok
EES0423694__X39__Y36__P008.jpg,0.817029,21.835503,ok
EES0423694__X3C__Y33__P009.jpg,0.890551,24.970008,ok
EES0423694__X3F__Y1B__P010.jpg,0.890276,23.621997,ok
EES0423694__X3F__Y2A__P011.jpg,0.826350,17.866242,ok
EES0423694__X3F__Y2D__P012.jpg,0.728432,20.241412,ok
EES0423694__X48__Y24__P013.jpg,0.794560,17.857164,ok
EES0423694__X48__Y27__P014.jpg,0.771949,20.652904,ok
EES0423694__X0F__Y21__P015.jpg,0.842217,25.014961,ok
EES0423694__X0F__Y24__P016.jpg,0.871313,21.157313,ok
EES0423694__X0F__Y27__P017.jpg,0.724572,19.886235,ok
EES0423694__X0F__Y2A__P018.jpg,0.846134,19.966699,ok
EES0423694__X0F__Y2D__P019.jpg,0.882998,24.967176,ok
EES0423694__X12__Y18__P020.jpg,0.803483,20.580788,ok
EES0423694__X12__Y24__P021.jpg,0.788877,18.599025,ok
EES0423694__X12__Y27__P022.jpg,0.880452,22.036504,ok
EES0423694__X12__Y2A__P023.jpg,0.782210,17.827962,ok
EES0423694__X12__Y2D__P024.jpg,0.875342,24.611409,ok
EES0423694__X12__Y30__P025.jpg,0.798393,20.613519,ok
EES0423695__X12__Y33__P001.jpg,0.720636,18.781654,ok
EES0423695__X15__Y18__P002.jpg,0.793497,18.126001,ok
EES0423695__X15__Y1B__P003.jpg,0.846997,21.874567,ok
EES0423695__X15__Y33__P004.jpg,0.846086,23.052249,ok
EES0423695__X15__Y36__P005.jpg,0.802067,22.027282,ok
EES0423695__X15__Y39__P006.jpg,0.719220,20.683229,ok
EES0423695__X18__Y39__P007.jpg,0.894318,22.299934,ok
EES0423695__X1B__Y3C__P008.jpg,0.774833,18.771620,ok
EES0423695__X1E__Y09__P009.jpg,0.865560,26.256190,ok
EES0423695__X1E__Y0C__P010.jpg,0.786829,21.939656,ok
EES0423695__X1E__Y3C__P011.jpg,0.862360,22.405943,ok
EES0423695__X1E__Y3F__P012.jpg,0.839086,21.283301,ok
EES0423695__X21__Y09__P013.jpg,0.686408,17.390019,ok
EES0423695__X21__Y0C__P014.jpg,0.776905,19.687490,ok
EES0423695__X21__Y3F__P015.jpg,0.910734,27.890344,ok
EES0423695__X24__Y09__P016.jpg,0.748916,18.538700,ok
EES0423695__X24__Y3F__P017.jpg,0.743535,20.628992,ok
EES0423695__X24__Y42__P018.jpg,0.872693,21.917599,ok
EES0423695__X27__Y42__P019.jpg,0.819643,21.879587,ok
EES0423695__X2A__Y06__P020.jpg,0.842161,20.793822,ok
EES0423695__X2A__Y42__P021.jpg,0.713834,17.470650,ok
EES0423695__X2D__Y06__P022.jpg,0.677916,18.261245,ok
EES0423695__X2D__Y42__P023.jpg,0.710358,19.591737,ok
EES0423695__X30__Y06__P024.jpg,0.712577,18.941899,ok
EES0423695__X30__Y42__P025.jpg,0.601430,15.893097,ok
EES0423696__X33__Y06__P001.jpg,0.672457,17.083202,ok
EES0423696__X33__Y42__P002.jpg,0.888053,23.282003,ok
EES0423696__X39__Y09__P003.jpg,0.803768,22.345499,ok
EES0423696__X39__Y3F__P004.jpg,0.789183,19.968705,ok
EES0423696__X3C__Y09__P005.jpg,0.861520,21.257925,ok
EES0423696__X3C__Y0C__P006.jpg,0.841885,22.176822,ok
EES0423696__X3C__Y3C__P007.jpg,0.873228,21.506141,ok
EES0423696__X3C__Y3F__P008.jpg,0.845875,19.674026,ok
EES0423696__X3F__Y0C__P009.jpg,0.896130,26.111089,ok
EES0423696__X3F__Y0F__P010.jpg,0.658379,16.786580,ok
EES0423696__X3F__Y3C__P011.jpg,0.630108,16.527243,ok
EES0423696__X42__Y0F__P012.jpg,0.842090,23.456300,ok
EES0423696__X42__Y39__P013.jpg,0.774162,19.926642,ok
EES0423696__X42__Y45__P014.jpg,0.788793,19.008928,ok
EES0423696__X45__Y12__P015.jpg,0.755216,18.565384,ok
EES0423696__X45__Y33__P016.jpg,0.813082,21.654593,ok
EES0423696__X45__Y36__P017.jpg,0.792057,18.812634,ok
EES0423696__X48__Y18__P018.jpg,0.792848,21.135097,ok
EES0423696__X48__Y1B__P019.jpg,0.873201,27.822604,ok
EES0423696__X48__Y27__P020.jpg,0.727273,17.927099,ok
EES0423696__X48__Y2A__P021.jpg,0.757556,17.747831,ok
EES0423696__X48__Y2D__P022.jpg,0.834962,22.371485,ok
EES0423696__X48__Y30__P023.jpg,0.671372,17.861482,ok
EES0423696__X48__Y3F__P024.jpg,0.838977,19.517167,ok
EES0423696__X48__Y42__P025.jpg,0.907706,29.891451,ok
EES0423697__X09__Y18__P001.jpg,0.839944,19.292821,ok
EES0423697__X09__Y1B__P002.jpg,0.770523,20.608931,ok
EES0423697__X09__Y1E__P003.jpg,0.748276,18.284235,ok
EES0423697__X0C__Y12__P004.jpg,0.846841,20.322819,ok
EES0423697__X0C__Y18__P005.jpg,0.867351,27.156236,ok
EES0423697__X0C__Y1B__P006.jpg,0.792377,20.901246,ok
EES0423697__X0C__Y1E__P007.jpg,0.828600,20.681917,ok
EES0423697__X0C__Y21__P008.jpg,0.794353,21.246427,ok
EES0423697__X0C__Y24__P009.jpg,0.814068,21.478612,ok
EES0423697__X0C__Y27__P010.jpg,0.732544,18.010900,ok
EES0423697__X0C__Y2A__P011.jpg,0.819114,21.527815,ok
EES0423697__X0F__Y0C__P012.jpg,0.834579,22.824625,ok
EES0423697__X0F__Y0F__P013.jpg,0.805674,18.707281,ok
EES0423697__X0F__Y2A__P014.jpg,0.857934,24.465965,ok
EES0423697__X0F__Y2D__P015.jpg,0.730641,17.969211,ok
EES0423697__X12__Y09__P016.jpg,0.839207,22.049141,ok
EES0423697__X12__Y27__P017.jpg,0.730106,18.961841,ok
EES0423697__X12__Y2A__P018.jpg,0.738248,18.949426,ok
EES0423697__X12__Y2D__P019.jpg,0.826927,22.749785,ok
EES0423697__X12__Y30__P020.jpg,0.880653,25.967064,ok
EES0423697__X15__Y06__P021.jpg,0.845530,20.012396,ok
EES0423697__X15__Y30__P022.jpg,0.636491,17.384986,ok
EES0423697__X18__Y36__P023.jpg,0.880257,23.139404,ok
EES0423697__X1B__Y03__P024.jpg,0.767767,19.925937,ok
EES0423697__X1B__Y21__P025.jpg,0.695626,16.992932,ok
EES0423698__X1B__Y33__P001.jpg,0.703620,19.503696,ok
EES0423698__X1B__Y36__P002.jpg,0.727153,19.505770,ok
EES0423698__X1B__Y39__P003.jpg,0.712622,18.813364,ok
EES0423698__X1E__Y03__P004.jpg,0.684008,19.057656,ok
EES0423698__X1E__Y1B__P005.jpg,0.665284,17.365862,ok
EES0423698__X1E__Y24__P006.jpg,0.760792,20.861464,ok
EES0423698__X1E__Y27__P007.jpg,0.638054,17.658051,ok
EES0423698__X1E__Y2A__P008.jpg,0.737725,20.053175,ok
EES0423698__X1E__Y36__P009.jpg,0.839565,24.047890,ok
EES0423698__X1E__Y39__P010.jpg,0.680941,19.294218,ok
EES0423698__X21__Y1B__P011.jpg,0.899292,26.083015,ok
EES0423698__X21__Y1E__P012.jpg,0.816984,20.753627,ok
EES0423698__X21__Y2D__P013.jpg,0.674485,18.211833,ok
EES0423698__X21__Y39__P014.jpg,0.651429,16.782093,ok
EES0423698__X24__Y18__P015.jpg,0.674514,17.190303,ok
EES0423698__X24__Y2A__P016.jpg,0.739414,20.375127,ok
EES0423698__X24__Y2D__P017.jpg,0.744292,20.857300,ok
EES0423698__X27__Y1B__P018.jpg,0.667581,17.671302,ok
EES0423698__X27__Y2D__P019.jpg,0.789356,19.769347,ok
EES0423698__X27__Y3C__P020.jpg,0.764707,21.580239,ok
EES0423698__X2A__Y1B__P021.jpg,0.675500,17.328529,ok
EES0423698__X2A__Y3C__P022.jpg,0.675729,18.740042,ok
EES0423698__X2D__Y03__P023.jpg,0.663612,17.551552,ok
EES0423698__X2D__Y1B__P024.jpg,0.759598,19.093082,ok
EES0423698__X2D__Y1E__P025.jpg,0.629200,17.411032,ok
EES0423699__X2D__Y24__P001.jpg,0.785640,20.686043,ok
EES0423699__X2D__Y2A__P002.jpg,0.891143,26.233618,ok
EES0423699__X2D__Y30__P003.jpg,0.911780,29.302167,ok
EES0423699__X2D__Y3C__P004.jpg,0.703151,18.936394,ok
EES0423699__X30__Y03__P005.jpg,0.862628,23.947796,ok
EES0423699__X30__Y21__P006.jpg,0.719073,18.410979,ok
EES0423699__X30__Y2A__P007.jpg,0.711251,17.403402,ok
EES0423699__X30__Y33__P008.jpg,0.652792,18.516563,ok
EES0423699__X33__Y1E__P009.jpg,0.862896,22.256858,ok
EES0423699__X33__Y24__P010.jpg,0.894300,26.281476,ok
EES0423699__X33__Y39__P011.jpg,0.913870,32.674782,ok
EES0423699__X36__Y06__P012.jpg,0.892230,25.497452,ok
EES0423699__X39__Y33__P013.jpg,0.867973,24.643825,ok
EES0423699__X3C__Y33__P014.jpg,0.795331,17.942734,ok
EES0423699__X42__Y15__P015.jpg,0.665314,16.878670,ok
EES0423699__X42__Y18__P016.jpg,0.835704,22.756649,ok
EES0423699__X42__Y1E__P017.jpg,0.686124,19.229574,ok
EES0423699__X42__Y24__P018.jpg,0.861745,24.270960,ok
EES0423699__X42__Y2A__P019.jpg,0.754022,17.415933,ok
EES0423699__X48__Y30__P020.jpg,0.868120,28.483177,ok
EES0423699__X06__Y39__P021.jpg,0.783252,19.816238,ok
EES0423699__X06__Y3C__P022.jpg,0.638893,16.268443,ok
EES0423699__X09__Y3F__P023.jpg,0.705673,17.935929,ok
EES0423699__X09__Y42__P024.jpg,0.874143,24.043595,ok
EES0423699__X0C__Y42__P025.jpg,0.728853,19.232529,ok
EES0423700__X0C__Y45__P001.jpg,0.794693,19.232419,ok
EES0423700__X0F__Y18__P002.jpg,0.702832,18.284738,ok
EES0423700__X0F__Y1B__P003.jpg,0.741206,18.336164,ok
EES0423700__X0F__Y27__P004.jpg,0.837268,20.789819,ok
EES0423700__X0F__Y2A__P005.jpg,0.874981,22.171599,ok
EES0423700__X0F__Y2D__P006.jpg,0.863665,23.584229,ok
EES0423700__X0F__Y30__P007.jpg,0.769295,19.918981,ok
EES0423700__X0F__Y45__P008.jpg,0.746598,17.565916,ok
EES0423700__X12__Y1B__P009.jpg,0.761350,20.376367,ok
EES0423700__X12__Y1E__P010.jpg,0.774492,20.284685,ok
EES0423700__X12__Y24__P011.jpg,0.679346,18.551322,ok
EES0423700__X12__Y27__P012.jpg,0.632273,18.249220,ok
EES0423700__X12__Y2A__P013.jpg,0.710212,18.272898,ok
EES0423700__X12__Y2D__P014.jpg,0.723839,18.464024,ok
EES0423700__X12__Y30__P015.jpg,0.717477,17.834399,ok
EES0423700__X12__Y33__P016.jpg,0.749950,19.560116,ok
EES0423700__X12__Y45__P017.jpg,0.727455,18.807674,ok
EES0423700__X15__Y1B__P018.jpg,0.642024,17.651379,ok
EES0423700__X15__Y1E__P019.jpg,0.644764,17.623796,ok
EES0423700__X15__Y2A__P020.jpg,0.642902,16.807158,ok
EES0423700__X15__Y36__P021.jpg,0.786119,18.364577,ok
EES0423700__X18__Y1E__P022.jpg,0.693209,18.146641,ok
EES0423700__X18__Y21__P023.jpg,0.750616,20.193117,ok
EES0423700__X18__Y24__P024.jpg,0.779295,20.479595,ok
EES0423700__X18__Y39__P025.jpg,0.807973,20.581788,ok
EES0423701__X1B__Y1E__P001.jpg,0.742858,19.032449,ok
EES0423701__X1E__Y3F__P002.jpg,0.692786,18.340618,ok
EES0423701__X21__Y3F__P003.jpg,0.769643,18.506552,ok
EES0423701__X24__Y42__P004.jpg,0.753716,18.938602,ok
EES0423701__X27__Y42__P005.jpg,0.656419,17.555436,ok
EES0423701__X2A__Y15__P006.jpg,0.635178,16.836170,ok
EES0423701__X2A__Y42__P007.jpg,0.675879,18.280342,ok
EES0423701__X2D__Y2D__P008.jpg,0.707094,16.715301,ok
EES0423701__X2D__Y3F__P009.jpg,0.721652,19.113592,ok
EES0423701__X2D__Y42__P010.jpg,0.683796,17.592583,ok
EES0423701__X30__Y09__P011.jpg,0.665346,18.612185,ok
EES0423701__X30__Y0F__P012.jpg,0.739614,18.203982,ok
EES0423701__X30__Y15__P013.jpg,0.673964,17.681776,ok
EES0423701__X30__Y1B__P014.jpg,0.741407,18.705869,ok
EES0423701__X30__Y2A__P015.jpg,0.671428,17.730733,ok
EES0423701__X30__Y36__P016.jpg,0.692755,18.774902,ok
EES0423701__X30__Y39__P017.jpg,0.692107,19.256369,ok
EES0423701__X30__Y3F__P018.jpg,0.833191,19.996397,ok
EES0423701__X30__Y42__P019.jpg,0.694185,18.136851,ok
EES0423701__X33__Y09__P020.jpg,0.763093,21.237343,ok
EES0423701__X33__Y3C__P021.jpg,0.812229,22.209939,ok
EES0423701__X33__Y3F__P022.jpg,0.658955,17.123983,ok
EES0423701__X33__Y42__P023.jpg,0.680294,16.793490,ok
EES0423701__X36__Y3C__P024.jpg,0.630158,18.080893,ok
EES0423701__X36__Y3F__P025.jpg,0.729125,18.759561,ok
EES0423702__X39__Y09__P001.jpg,0.727550,20.069224,ok
EES0423702__X39__Y0C__P002.jpg,0.788760,19.810762,ok
EES0423702__X39__Y1E__P003.jpg,0.744229,18.597038,ok
EES0423702__X39__Y3C__P004.jpg,0.866082,25.621791,ok
EES0423702__X39__Y3F__P005.jpg,0.858688,23.182820,ok
EES0423702__X3C__Y1E__P006.jpg,0.695865,17.923306,ok
EES0423702__X3C__Y3C__P007.jpg,0.828874,23.375297,ok
EES0423702__X3F__Y12__P008.jpg,0.668359,17.917775,ok
EES0423702__X3F__Y15__P009.jpg,0.800956,18.067245,ok
EES0423702__X3F__Y30__P010.jpg,0.680716,16.625011,ok
EES0423702__X3F__Y36__P011.jpg,0.652065,17.340809,ok
EES0423702__X3F__Y39__P012.jpg,0.695392,18.637027,ok
EES0423702__X42__Y12__P013.jpg,0.867491,23.937044,ok
EES0423702__X42__Y15__P014.jpg,0.698373,17.277280,ok
EES0423702__X42__Y18__P015.jpg,0.738220,19.076250,ok
EES0423702__X42__Y2D__P016.jpg,0.720404,17.493376,ok
EES0423702__X42__Y30__P017.jpg,0.675677,18.061633,ok
EES0423702__X42__Y33__P018.jpg,0.763527,19.367213,ok
EES0423702__X42__Y45__P019.jpg,0.886246,26.133871,ok
EES0423702__X45__Y45__P020.jpg,0.702952,18.657505,ok
EES0423702__X12__Y1B__P021.jpg,0.858376,20.886466,ok
EES0423702__X12__Y24__P022.jpg,0.805492,19.230444,ok
EES0423702__X12__Y33__P023.jpg,0.889589,23.325410,ok
EES0423702__X15__Y36__P024.jpg,0.685065,17.414989,ok
EES0423702__X18__Y39__P025.jpg,0.738979,17.493839,ok
EES0423703__X1B__Y1E__P001.jpg,0.747886,17.068871,ok
EES0423703__X1E__Y09__P002.jpg,0.849126,20.043974,ok
EES0423703__X21__Y0F__P003.jpg,0.796609,17.480984,ok
EES0423703__X24__Y06__P004.jpg,0.846438,20.504640,ok
EES0423703__X27__Y06__P005.jpg,0.825486,18.740796,ok
EES0423703__X30__Y06__P006.jpg,0.863165,21.733974,ok
EES0423703__X36__Y09__P007.jpg,0.860215,19.142432,ok
EES0423703__X36__Y3F__P008.jpg,0.729328,17.682997,ok
EES0423703__X39__Y09__P009.jpg,0.699187,18.218981,ok
EES0423703__X39__Y3F__P010.jpg,0.845969,20.821269,ok
EES0423703__X3C__Y3C__P011.jpg,0.693237,16.986393,ok
EES0423703__X42__Y36__P012.jpg,0.860259,19.305201,ok
EES0423703__X48__Y18__P013.jpg,0.776691,21.156583,ok
EES0423703__X48__Y1E__P014.jpg,0.739558,18.395367,ok
EES0423703__X48__Y21__P015.jpg,0.843162,20.489805,ok
EES0423703__X48__Y24__P016.jpg,0.856835,24.515027,ok
EES0423703__X48__Y27__P017.jpg,0.855336,20.269444,ok
EES0423703__X48__Y2A__P018.jpg,0.904410,22.865495,ok
EES0423703__X48__Y2D__P019.jpg,0.903457,24.743972,ok
EES0423703__X48__Y30__P020.jpg,0.885315,24.832882,ok
EES0423703__X12__Y18__P021.jpg,0.666137,16.558113,ok
EES0423703__X12__Y1E__P022.jpg,0.842992,22.191617,ok
EES0423703__X18__Y09__P023.jpg,0.856406,20.606777,ok
EES0423703__X18__Y1E__P024.jpg,0.901928,26.407362,ok
EES0423703__X18__Y21__P025.jpg,0.853216,19.816767,ok
EES0423704__X1B__Y0C__P001.jpg,0.836674,22.006440,ok
EES0423704__X1B__Y0F__P002.jpg,0.806842,20.702401,ok
EES0423704__X1B__Y18__P003.jpg,0.807427,19.517940,ok
EES0423704__X1B__Y1B__P004.jpg,0.778467,19.802863,ok
EES0423704__X1B__Y1E__P005.jpg,0.754678,18.806472,ok
EES0423704__X1B__Y21__P006.jpg,0.787242,21.253339,ok
EES0423704__X1B__Y27__P007.jpg,0.713937,18.073547,ok
EES0423704__X1E__Y06__P008.jpg,0.731539,19.247959,ok
EES0423704__X1E__Y0C__P009.jpg,0.753888,20.213529,ok
EES0423704__X1E__Y0F__P010.jpg,0.816251,21.112600,ok
EES0423704__X1E__Y12__P011.jpg,0.651252,17.308643,ok
EES0423704__X1E__Y15__P012.jpg,0.697242,18.725280,ok
EES0423704__X1E__Y1B__P013.jpg,0.764646,20.065401,ok
EES0423704__X1E__Y1E__P014.jpg,0.720429,19.318843,ok
EES0423704__X1E__Y21__P015.jpg,0.738968,18.563986,ok
EES0423704__X1E__Y24__P016.jpg,0.752180,18.803791,ok
EES0423704__X1E__Y27__P017.jpg,0.798796,19.766078,ok
EES0423704__X1E__Y2A__P018.jpg,0.741387,20.326333,ok
EES0423704__X21__Y09__P019.jpg,0.749113,19.469347,ok
EES0423704__X21__Y0C__P020.jpg,0.778443,18.752903,ok
EES0423704__X21__Y0F__P021.jpg,0.795689,21.202382,ok
EES0423704__X21__Y12__P022.jpg,0.723467,18.405763,ok
EES0423704__X21__Y15__P023.jpg,0.776116,21.014704,ok
EES0423704__X21__Y18__P024.jpg,0.894460,24.710052,ok
EES0423704__X21__Y2A__P025.jpg,0.722235,18.191575,ok
EES0423705__X21__Y30__P001.jpg,0.702168,18.565792,ok
EES0423705__X24__Y0C__P002.jpg,0.677309,18.596507,ok
EES0423705__X24__Y12__P003.jpg,0.712025,19.988296,ok
EES0423705__X24__Y15__P004.jpg,0.796147,20.475851,ok
EES0423705__X24__Y18__P005.jpg,0.766543,20.380718,ok
EES0423705__X24__Y2A__P006.jpg,0.650755,19.124225,ok
EES0423705__X24__Y2D__P007.jpg,0.731049,18.790684,ok
EES0423705__X27__Y06__P008.jpg,0.651432,17.904000,ok
EES0423705__X27__Y2A__P009.jpg,0.810705,23.469564,ok
EES0423705__X27__Y2D__P010.jpg,0.810659,23.624780,ok
EES0423705__X2A__Y18__P011.jpg,0.669905,18.840979,ok
EES0423705__X2A__Y1B__P012.jpg,0.734847,17.719150,ok
EES0423705__X2D__Y09__P013.jpg,0.684599,18.020718,ok
EES0423705__X2D__Y0C__P014.jpg,0.687480,18.658456,ok
EES0423705__X2D__Y12__P015.jpg,0.778847,21.505879,ok
EES0423705__X2D__Y1B__P016.jpg,0.681729,19.333290,ok
EES0423705__X2D__Y1E__P017.jpg,0.701886,17.103118,ok
EES0423705__X2D__Y21__P018.jpg,0.690665,18.910577,ok
EES0423705__X2D__Y24__P019.jpg,0.746027,18.491577,ok
EES0423705__X2D__Y2A__P020.jpg,0.804574,21.460087,ok
EES0423705__X30__Y06__P021.jpg,0.694893,17.166402,ok
EES0423705__X30__Y09__P022.jpg,0.760964,19.004081,ok
EES0423705__X30__Y12__P023.jpg,0.618275,18.065603,ok
EES0423705__X30__Y18__P024.jpg,0.761187,18.333542,ok
EES0423705__X30__Y1B__P025.jpg,0.738774,19.268992,ok
EES0423706__X30__Y1E__P001.jpg,0.764291,18.829222,ok
EES0423706__X30__Y21__P002.jpg,0.790038,19.659758,ok
EES0423706__X30__Y24__P003.jpg,0.736893,19.904485,ok
EES0423706__X30__Y2A__P004.jpg,0.861411,25.291577,ok
EES0423706__X33__Y06__P005.jpg,0.723452,19.017625,ok
EES0423706__X33__Y09__P006.jpg,0.777616,18.114420,ok
EES0423706__X33__Y0C__P007.jpg,0.819177,19.751441,ok
EES0423706__X33__Y1E__P008.jpg,0.760821,19.916093,ok
EES0423706__X36__Y06__P009.jpg,0.669155,18.340235,ok
EES0423706__X36__Y09__P010.jpg,0.713257,18.958200,ok
EES0423706__X36__Y0C__P011.jpg,0.823914,21.869513,ok
EES0423706__X36__Y0F__P012.jpg,0.705072,17.522497,ok
EES0423706__X36__Y1E__P013.jpg,0.785192,18.801155,ok
EES0423706__X39__Y09__P014.jpg,0.862456,21.407391,ok
EES0423706__X3C__Y0C__P015.jpg,0.710768,17.132402,ok
EES0423706__X3F__Y0F__P016.jpg,0.708031,17.809194,ok
EES0423706__X3F__Y12__P017.jpg,0.896886,25.748864,ok
EES0423706__X3F__Y15__P018.jpg,0.845766,19.577959,ok
EES0423706__X42__Y15__P019.jpg,0.808559,17.931632,ok
EES0423706__X0F__Y1B__P020.jpg,0.624561,17.485368,ok
EES0423706__X0F__Y27__P021.jpg,0.829617,20.416406,ok
EES0423706__X0F__Y2A__P022.jpg,0.655800,17.494114,ok
EES0423706__X12__Y12__P023.jpg,0.795229,20.513785,ok
EES0423706__X12__Y15__P024.jpg,0.828860,20.560817,ok
EES0423706__X12__Y18__P025.jpg,0.686165,18.485035,ok
EES0423707__X12__Y1B__P001.jpg,0.768276,20.929129,ok
EES0423707__X12__Y1E__P002.jpg,0.675656,18.283628,ok
EES0423707__X12__Y27__P003.jpg,0.684500,17.920346,ok
EES0423707__X12__Y2A__P004.jpg,0.749074,19.649405,ok
EES0423707__X12__Y2D__P005.jpg,0.802069,19.540066,ok
EES0423707__X12__Y30__P006.jpg,0.846151,22.422725,ok
EES0423707__X15__Y0F__P007.jpg,0.814029,22.905736,ok
EES0423707__X15__Y18__P008.jpg,0.744107,19.729079,ok
EES0423707__X15__Y27__P009.jpg,0.677376,18.097462,ok
EES0423707__X15__Y2A__P010.jpg,0.613887,16.053348,ok
EES0423707__X18__Y09__P011.jpg,0.748408,21.130702,ok
EES0423707__X18__Y0F__P012.jpg,0.846948,22.163481,ok
EES0423707__X18__Y2A__P013.jpg,0.691668,17.880159,ok
EES0423707__X18__Y36__P014.jpg,0.882293,24.710423,ok
EES0423707__X1B__Y39__P015.jpg,0.666560,18.937710,ok
EES0423707__X21__Y3F__P016.jpg,0.771528,21.767482,ok
EES0423707__X2A__Y03__P017.jpg,0.686201,17.502646,ok
EES0423707__X2D__Y03__P018.jpg,0.710305,21.396905,ok
EES0423707__X2D__Y3F__P019.jpg,0.744185,19.315764,ok
EES0423707__X30__Y03__P020.jpg,0.749961,20.987030,ok
EES0423707__X33__Y06__P021.jpg,0.687796,16.622419,ok
EES0423707__X33__Y3C__P022.jpg,0.670106,17.633067,ok
EES0423707__X36__Y06__P023.jpg,0.625630,17.087865,ok
EES0423707__X36__Y09__P024.jpg,0.738980,17.509915,ok
EES0423707__X36__Y0C__P025.jpg,0.628409,17.471244,ok
EES0423708__X36__Y12__P001.jpg,0.827752,23.074465,ok
EES0423708__X39__Y06__P002.jpg,0.760087,17.870838,ok
EES0423708__X39__Y0C__P003.jpg,0.776943,18.985142,ok
EES0423708__X3C__Y09__P004.jpg,0.674927,17.472754,ok
EES0423708__X3C__Y0F__P005.jpg,0.800020,20.065436,ok
EES0423708__X3C__Y36__P006.jpg,0.669550,16.369274,ok
EES0423708__X3C__Y39__P007.jpg,0.702664,17.458434,ok
EES0423708__X3F__Y0C__P008.jpg,0.805267,21.212848,ok
EES0423708__X3F__Y2A__P009.jpg,0.740544,18.821477,ok
EES0423708__X3F__Y2D__P010.jpg,0.810376,18.752694,ok
EES0423708__X3F__Y30__P011.jpg,0.800692,21.091178,ok
EES0423708__X3F__Y33__P012.jpg,0.828931,20.835534,ok
EES0423708__X3F__Y36__P013.jpg,0.786464,20.646146,ok
EES0423708__X42__Y0F__P014.jpg,0.660572,17.045594,ok
EES0423708__X42__Y12__P015.jpg,0.893029,27.983762,ok
EES0423708__X42__Y15__P016.jpg,0.666264,17.097987,ok
EES0423708__X42__Y24__P017.jpg,0.703334,17.679940,ok
EES0423708__X42__Y27__P018.jpg,0.869435,24.825847,ok
EES0423708__X42__Y2A__P019.jpg,0.696324,17.786229,ok
EES0423708__X42__Y2D__P020.jpg,0.711740,18.015391,ok
EES0423708__X45__Y12__P021.jpg,0.638108,16.637031,ok
EES0423708__X45__Y15__P022.jpg,0.676497,17.388058,ok
EES0423708__X45__Y18__P023.jpg,0.838939,22.160760,ok
EES0423708__X45__Y1B__P024.jpg,0.682206,17.882551,ok
EES0423708__X45__Y1E__P025.jpg,0.845463,21.836580,ok
EES0423709__X45__Y21__P001.jpg,0.763421,19.109941,ok
EES0423709__X45__Y24__P002.jpg,0.829787,21.513199,ok
EES0423709__X45__Y27__P003.jpg,0.712505,18.266108,ok
EES0423709__X45__Y2A__P004.jpg,0.831554,22.631453,ok
EES0423709__X45__Y2D__P005.jpg,0.834708,19.956818,ok
EES0423709__X48__Y18__P006.jpg,0.883790,24.044476,ok
EES0423709__X48__Y1B__P007.jpg,0.795542,18.108432,ok
EES0423709__X48__Y1E__P008.jpg,0.834030,20.981558,ok
EES0423709__X48__Y21__P009.jpg,0.772116,19.475701,ok
EES0423709__X48__Y24__P010.jpg,0.832654,22.292418,ok
EES0423709__X48__Y27__P011.jpg,0.830696,19.785485,ok
EES0423709__X48__Y2A__P012.jpg,0.733669,19.297879,ok
EES0423709__X09__Y1B__P013.jpg,0.817400,19.017658,ok
EES0423709__X09__Y1E__P014.jpg,0.877268,22.445599,ok
EES0423709__X09__Y21__P015.jpg,0.859464,21.374507,ok
EES0423709__X09__Y24__P016.jpg,0.773034,19.173313,ok
EES0423709__X09__Y27__P017.jpg,0.801008,18.457846,ok
EES0423709__X09__Y2A__P018.jpg,0.782553,20.267160,ok
EES0423709__X09__Y2D__P019.jpg,0.832878,19.557206,ok
EES0423709__X09__Y30__P020.jpg,0.775646,17.817076,ok
EES0423709__X0C__Y18__P021.jpg,0.768640,19.233581,ok
EES0423709__X0C__Y1B__P022.jpg,0.832845,18.904312,ok
EES0423709__X0C__Y1E__P023.jpg,0.784398,19.149714,ok
EES0423709__X0C__Y21__P024.jpg,0.858617,20.675944,ok
EES0423709__X0C__Y24__P025.jpg,0.802741,20.594556,ok
EES0423710__X0C__Y27__P001.jpg,0.712107,19.014838,ok
EES0423710__X0C__Y2A__P002.jpg,0.894857,24.142591,ok
EES0423710__X0C__Y2D__P003.jpg,0.813839,20.234721,ok
EES0423710__X0C__Y30__P004.jpg,0.779187,21.461879,ok
EES0423710__X0C__Y33__P005.jpg,0.676021,18.400291,ok
EES0423710__X0F__Y15__P006.jpg,0.885578,22.138079,ok
EES0423710__X0F__Y36__P007.jpg,0.760314,17.605098,ok
EES0423710__X0F__Y39__P008.jpg,0.784642,19.136141,ok
EES0423710__X12__Y0F__P009.jpg,0.835065,21.698448,ok
EES0423710__X12__Y12__P010.jpg,0.879983,22.381552,ok
EES0423710__X12__Y39__P011.jpg,0.722241,19.089558,ok
EES0423710__X12__Y3C__P012.jpg,0.890088,28.118961,ok
EES0423710__X15__Y0C__P013.jpg,0.791155,19.212186,ok
EES0423710__X15__Y3C__P014.jpg,0.782620,18.385697,ok
EES0423710__X18__Y09__P015.jpg,0.903939,28.251440,ok
EES0423710__X18__Y0C__P016.jpg,0.600274,16.326082,ok
EES0423710__X18__Y3F__P017.jpg,0.760131,21.135067,ok
EES0423710__X1B__Y06__P018.jpg,0.694966,18.146446,ok
EES0423710__X1B__Y09__P019.jpg,0.850292,21.184573,ok
EES0423710__X1B__Y3F__P020.jpg,0.839412,19.287476,ok
EES0423710__X1E__Y06__P021.jpg,0.806219,19.714078,ok
EES0423710__X1E__Y09__P022.jpg,0.762188,19.473721,ok
EES0423710__X1E__Y3F__P023.jpg,0.899646,30.209327,ok
EES0423710__X21__Y06__P024.jpg,0.789786,19.962864,ok
EES0423710__X21__Y2D__P025.jpg,0.804290,18.994387,ok
EES0423711__X21__Y42__P001.jpg,0.845213,21.318663,ok
EES0423711__X24__Y06__P002.jpg,0.700007,17.307366,ok
EES0423711__X24__Y42__P003.jpg,0.896037,28.463146,ok
EES0423711__X27__Y06__P004.jpg,0.729830,18.187202,ok
EES0423711__X27__Y42__P005.jpg,0.832173,18.807711,ok
EES0423711__X2A__Y06__P006.jpg,0.627310,15.997887,ok
EES0423711__X2A__Y42__P007.jpg,0.850497,20.536010,ok
EES0423711__X2D__Y06__P008.jpg,0.848552,22.014355,ok
EES0423711__X2D__Y42__P009.jpg,0.764007,17.596001,ok
EES0423711__X30__Y06__P010.jpg,0.857375,21.634004,ok
EES0423711__X30__Y3F__P011.jpg,0.907605,23.285526,ok
EES0423711__X33__Y3F__P012.jpg,0.777592,19.614287,ok
EES0423711__X36__Y09__P013.jpg,0.827498,21.579997,ok
EES0423711__X36__Y0C__P014.jpg,0.819803,18.610919,ok
EES0423711__X36__Y3C__P015.jpg,0.806445,18.591292,ok
EES0423711__X39__Y09__P016.jpg,0.899236,25.465079,ok
EES0423711__X39__Y0C__P017.jpg,0.828443,20.900919,ok
EES0423711__X39__Y3C__P018.jpg,0.849604,23.224023,ok
EES0423711__X3C__Y0F__P019.jpg,0.818178,18.470270,ok
EES0423711__X3C__Y39__P020.jpg,0.857020,29.419132,ok
EES0423711__X3F__Y12__P021.jpg,0.733237,17.101520,ok
EES0423711__X3F__Y15__P022.jpg,0.824735,20.030145,ok
EES0423711__X3F__Y36__P023.jpg,0.803939,19.572450,ok
EES0423711__X42__Y18__P024.jpg,0.865740,21.555855,ok
EES0423711__X42__Y1E__P025.jpg,0.885612,26.051853,ok
EES0423712__X42__Y2A__P001.jpg,0.834816,19.621969,ok
EES0423712__X42__Y2D__P002.jpg,0.839771,21.283575,ok
EES0423712__X42__Y30__P003.jpg,0.878531,23.264630,ok
EES0423712__X45__Y1E__P004.jpg,0.816106,20.637750,ok
EES0423712__X45__Y21__P005.jpg,0.838049,23.119159,ok
EES0423712__X45__Y24__P006.jpg,0.759964,20.564912,ok
EES0423712__X45__Y27__P007.jpg,0.818413,19.783527,ok
EES0423712__X45__Y2A__P008.jpg,0.820654,19.442284,ok
EES0423712__X48__Y42__P009.jpg,0.764310,17.928536,ok
EES0423712__X0C__Y18__P010.jpg,0.836876,19.560746,ok
EES0423712__X12__Y12__P011.jpg,0.772569,18.094805,ok
EES0423712__X1E__Y0F__P012.jpg,0.867401,22.493678,ok
EES0423712__X21__Y0C__P013.jpg,0.847485,19.482457,ok
EES0423712__X24__Y0C__P014.jpg,0.757357,17.854113,ok
EES0423712__X27__Y0C__P015.jpg,0.700790,18.348488,ok
EES0423712__X27__Y12__P016.jpg,0.766746,17.758228,ok
EES0423712__X2A__Y0C__P017.jpg,0.904535,26.248271,ok
EES0423712__X2A__Y0F__P018.jpg,0.861984,19.088013,ok
EES0423712__X2A__Y12__P019.jpg,0.712079,17.507228,ok
EES0423712__X2D__Y0C__P020.jpg,0.835362,18.556625,ok
EES0423712__X2D__Y0F__P021.jpg,0.899419,29.023221,ok
EES0423712__X2D__Y12__P022.jpg,0.752442,20.433979,ok
EES0423712__X2D__Y42__P023.jpg,0.782091,18.254376,ok
EES0423712__X30__Y0C__P024.jpg,0.670361,17.204192,ok
EES0423712__X30__Y0F__P025.jpg,0.842717,18.901251,ok
EES0423713__X30__Y12__P001.jpg,0.686561,19.281378,ok
EES0423713__X30__Y18__P002.jpg,0.761436,18.593225,ok
EES0423713__X30__Y1B__P003.jpg,0.740175,17.573478,ok
EES0423713__X30__Y1E__P004.jpg,0.797442,22.107059,ok
EES0423713__X33__Y0F__P005.jpg,0.797986,20.490399,ok
EES0423713__X33__Y12__P006.jpg,0.726057,18.715424,ok
EES0423713__X33__Y18__P007.jpg,0.781032,18.399396,ok
EES0423713__X33__Y1E__P008.jpg,0.733467,17.741822,ok
EES0423713__X33__Y21__P009.jpg,0.722989,18.290455,ok
EES0423713__X33__Y24__P010.jpg,0.818126,20.274480,ok
EES0423713__X36__Y12__P011.jpg,0.684918,16.809306,ok
EES0423713__X36__Y18__P012.jpg,0.840647,20.849951,ok
EES0423713__X36__Y1B__P013.jpg,0.825860,18.276815,ok
EES0423713__X36__Y1E__P014.jpg,0.721753,17.966539,ok
EES0423713__X36__Y21__P015.jpg,0.735021,18.793537,ok
EES0423713__X36__Y24__P016.jpg,0.716884,17.717494,ok
EES0423713__X36__Y27__P017.jpg,0.756711,18.829850,ok
EES0423713__X36__Y2A__P018.jpg,0.772948,19.447201,ok
EES0423713__X36__Y3F__P019.jpg,0.791788,18.586681,ok
EES0423713__X39__Y18__P020.jpg,0.786083,18.664191,ok
EES0423713__X39__Y1B__P021.jpg,0.768133,17.736974,ok
EES0423713__X39__Y1E__P022.jpg,0.719332,17.934830,ok
EES0423713__X39__Y21__P023.jpg,0.835513,19.958503,ok
EES0423713__X39__Y24__P024.jpg,0.808054,19.597363,ok
EES0423713__X39__Y27__P025.jpg,0.717843,18.578310,ok
EES0423714__X39__Y2A__P001.jpg,0.768068,17.584157,ok
EES0423714__X39__Y30__P002.jpg,0.850463,21.668664,ok
EES0423714__X3C__Y18__P003.jpg,0.746671,17.596212,ok
EES0423714__X3C__Y1B__P004.jpg,0.722192,18.810094,ok
EES0423714__X3C__Y21__P005.jpg,0.892543,24.695769,ok
EES0423714__X3C__Y24__P006.jpg,0.727581,18.636174,ok
EES0423714__X3C__Y2A__P007.jpg,0.786388,18.176626,ok
EES0423714__X3C__Y2D__P008.jpg,0.757921,19.981211,ok
EES0423714__X3C__Y30__P009.jpg,0.745200,18.641958,ok
EES0423714__X3C__Y33__P010.jpg,0.794043,20.922159,ok
EES0423714__X3C__Y36__P011.jpg,0.764885,18.147175,ok
EES0423714__X3C__Y3C__P012.jpg,0.799736,19.339643,ok
EES0423714__X3F__Y18__P013.jpg,0.838051,19.906751,ok
EES0423714__X3F__Y1B__P014.jpg,0.860029,19.804856,ok
EES0423714__X3F__Y1E__P015.jpg,0.790180,17.627786,ok
EES0423714__X3F__Y21__P016.jpg,0.819168,21.168055,ok
EES0423714__X3F__Y27__P017.jpg,0.887962,25.475256,ok
EES0423714__X3F__Y2A__P018.jpg,0.749377,18.057358,ok
EES0423714__X3F__Y2D__P019.jpg,0.758575,17.423813,ok
EES0423714__X3F__Y30__P020.jpg,0.803315,18.522385,ok
EES0423714__X3F__Y33__P021.jpg,0.706760,17.615376,ok
EES0423714__X3F__Y36__P022.jpg,0.788059,18.019349,ok
EES0423714__X42__Y24__P023.jpg,0.799155,18.512989,ok
EES0423714__X42__Y27__P024.jpg,0.874156,21.455689,ok
EES0423714__X42__Y2A__P025.jpg,0.848538,20.013657,ok
EES0423715__X42__Y2D__P001.jpg,0.862066,26.336364,ok
EES0423715__X42__Y30__P002.jpg,0.726793,18.758529,ok
EES0423715__X0F__Y18__P003.jpg,0.881422,24.987462,ok
EES0423715__X0F__Y1B__P004.jpg,0.806894,22.739136,ok
EES0423715__X0F__Y1E__P005.jpg,0.757312,20.683569,ok
EES0423715__X0F__Y2A__P006.jpg,0.740012,17.103229,ok
EES0423715__X0F__Y2D__P007.jpg,0.830726,22.225898,ok
EES0423715__X12__Y12__P008.jpg,0.891885,28.809222,ok
EES0423715__X12__Y15__P009.jpg,0.775158,18.899484,ok
EES0423715__X12__Y18__P010.jpg,0.854434,23.109463,ok
EES0423715__X12__Y30__P011.jpg,0.758576,20.589944,ok
EES0423715__X12__Y33__P012.jpg,0.876028,26.438266,ok
EES0423715__X15__Y0F__P013.jpg,0.807504,17.889335,ok
EES0423715__X15__Y36__P014.jpg,0.793353,19.140589,ok
EES0423715__X15__Y39__P015.jpg,0.771017,19.237589,ok
EES0423715__X18__Y0C__P016.jpg,0.880947,23.814076,ok
EES0423715__X18__Y39__P017.jpg,0.864159,18.692784,ok
EES0423715__X1B__Y09__P018.jpg,0.809651,21.036405,ok
EES0423715__X1B__Y0C__P019.jpg,0.840874,22.991000,ok
EES0423715__X1B__Y3C__P020.jpg,0.833300,20.400902,ok
EES0423715__X1E__Y09__P021.jpg,0.826490,23.395583,ok
EES0423715__X1E__Y3C__P022.jpg,0.752493,19.838304,ok
EES0423715__X21__Y06__P023.jpg,0.692797,17.235657,ok
EES0423715__X21__Y3F__P024.jpg,0.742171,20.513246,ok
EES0423715__X24__Y06__P025.jpg,0.831604,21.889954,ok
EES0423716__X24__Y3F__P001.jpg,0.743039,17.668390,ok
EES0423716__X27__Y06__P002.jpg,0.804922,20.194168,ok
EES0423716__X27__Y3F__P003.jpg,0.710109,17.337220,ok
EES0423716__X2A__Y03__P004.jpg,0.762615,17.532902,ok
EES0423716__X2A__Y06__P005.jpg,0.682834,17.663153,ok
EES0423716__X2A__Y3F__P006.jpg,0.848663,23.712770,ok
EES0423716__X2A__Y42__P007.jpg,0.877253,21.926444,ok
EES0423716__X2D__Y06__P008.jpg,0.735385,19.004818,ok
EES0423716__X30__Y06__P009.jpg,0.902709,28.145820,ok
EES0423716__X33__Y06__P010.jpg,0.751249,18.113950,ok
EES0423716__X33__Y3F__P011.jpg,0.732122,17.322349,ok
EES0423716__X36__Y06__P012.jpg,0.784442,17.827985,ok
EES0423716__X36__Y09__P013.jpg,0.737124,17.994803,ok
EES0423716__X36__Y36__P014.jpg,0.811869,20.255887,ok
EES0423716__X36__Y39__P015.jpg,0.868126,24.899781,ok
EES0423716__X36__Y3C__P016.jpg,0.773796,18.056892,ok
EES0423716__X39__Y09__P017.jpg,0.853199,23.401649,ok
EES0423716__X39__Y33__P018.jpg,0.742818,17.570293,ok
EES0423716__X39__Y36__P019.jpg,0.811356,20.680472,ok
EES0423716__X39__Y39__P020.jpg,0.742876,18.544067,ok
EES0423716__X39__Y3C__P021.jpg,0.792942,19.532051,ok
EES0423716__X3C__Y09__P022.jpg,0.768635,18.625875,ok
EES0423716__X3C__Y0C__P023.jpg,0.775776,18.979885,ok
EES0423716__X3C__Y33__P024.jpg,0.850719,21.736774,ok
EES0423716__X3C__Y36__P025.jpg,0.748455,18.726719,ok
EES0423717__X3C__Y39__P001.jpg,0.766490,19.247557,ok
EES0423717__X3F__Y0C__P002.jpg,0.851018,20.641534,ok
EES0423717__X3F__Y0F__P003.jpg,0.743151,18.208078,ok
EES0423717__X3F__Y2A__P004.jpg,0.786440,17.963415,ok
EES0423717__X3F__Y30__P005.jpg,0.783999,18.543024,ok
EES0423717__X42__Y0F__P006.jpg,0.766564,18.281338,ok
EES0423717__X42__Y12__P007.jpg,0.711366,17.679707,ok
EES0423717__X42__Y18__P008.jpg,0.799450,18.124848,ok
EES0423717__X42__Y27__P009.jpg,0.920108,27.874792,ok
EES0423717__X42__Y2D__P010.jpg,0.900577,26.672514,ok
EES0423717__X42__Y30__P011.jpg,0.864048,22.653339,ok
EES0423717__X45__Y12__P012.jpg,0.886899,21.705817,ok
EES0423717__X45__Y18__P013.jpg,0.756162,17.493191,ok
EES0423717__X45__Y21__P014.jpg,0.841901,19.541519,ok
EES0423717__X45__Y2A__P015.jpg,0.750108,17.562001,ok
EES0423717__X45__Y2D__P016.jpg,0.795165,18.118075,ok
EES0423717__X45__Y30__P017.jpg,0.757076,18.845019,ok
EES0423717__X48__Y21__P018.jpg,0.879076,25.097617,ok
EES0423717__X48__Y24__P019.jpg,0.792315,17.900615,ok
EES0423717__X15__Y27__P020.jpg,0.833911,19.591683,ok
EES0423717__X15__Y2A__P021.jpg,0.784445,18.148506,ok
EES0423717__X18__Y1E__P022.jpg,0.794585,20.431516,ok
EES0423717__X1B__Y21__P023.jpg,0.831475,18.059858,ok
EES0423717__X2D__Y09__P024.jpg,0.780791,19.294230,ok
EES0423717__X30__Y12__P025.jpg,0.855328,20.701445,ok
EES0423718__X30__Y39__P001.jpg,0.781825,21.324533,ok
EES0423718__X33__Y39__P002.jpg,0.796186,18.425870,ok
EES0423718__X3F__Y0C__P003.jpg,0.783856,20.365567,ok
EES0423718__X3F__Y0F__P004.jpg,0.708771,18.724042,ok
EES0423718__X42__Y1E__P005.jpg,0.745594,17.353819,ok
EES0423718__X42__Y21__P006.jpg,0.652771,16.861312,ok
EES0423718__X42__Y33__P007.jpg,0.696015,18.356012,ok
EES0423718__X09__Y24__P008.jpg,0.736363,20.734863,ok
EES0423718__X09__Y27__P009.jpg,0.652666,17.543460,ok
EES0423718__X12__Y39__P010.jpg,0.843291,21.988966,ok
EES0423718__X18__Y36__P011.jpg,0.824485,19.776543,ok
EES0423718__X18__Y3F__P012.jpg,0.847121,19.437276,ok
EES0423718__X1B__Y24__P013.jpg,0.799496,18.202927,ok
EES0423718__X1B__Y3F__P014.jpg,0.806434,21.879934,ok
EES0423718__X1E__Y24__P015.jpg,0.808401,18.114038,ok
EES0423718__X1E__Y27__P016.jpg,0.700571,19.005755,ok
EES0423718__X1E__Y36__P017.jpg,0.804099,21.302217,ok
EES0423718__X1E__Y39__P018.jpg,0.710178,19.431801,ok
EES0423718__X1E__Y42__P019.jpg,0.730735,17.091456,ok
EES0423718__X21__Y18__P020.jpg,0.879652,23.018597,ok
EES0423718__X21__Y30__P021.jpg,0.671733,18.505660,ok
EES0423718__X21__Y3C__P022.jpg,0.787988,19.340391,ok
EES0423718__X21__Y3F__P023.jpg,0.651314,17.816831,ok
EES0423718__X21__Y42__P024.jpg,0.759342,18.593364,ok
EES0423718__X24__Y09__P025.jpg,0.758675,20.590720,ok
EES0423719__X24__Y18__P001.jpg,0.611129,16.072290,ok
EES0423719__X24__Y24__P002.jpg,0.736825,19.579074,ok
EES0423719__X24__Y2A__P003.jpg,0.729195,19.412153,ok
EES0423719__X24__Y36__P004.jpg,0.698824,19.534190,ok
EES0423719__X24__Y39__P005.jpg,0.855075,23.659130,ok
EES0423719__X24__Y3C__P006.jpg,0.670071,18.840129,ok
EES0423719__X27__Y09__P007.jpg,0.758644,20.869810,ok
EES0423719__X27__Y0C__P008.jpg,0.747624,19.561397,ok
EES0423719__X27__Y24__P009.jpg,0.710006,18.301109,ok
EES0423719__X2A__Y09__P010.jpg,0.779314,19.789767,ok
EES0423719__X2A__Y3F__P011.jpg,0.658904,18.435019,ok
EES0423719__X2D__Y0C__P012.jpg,0.703726,18.634343,ok
EES0423719__X2D__Y0F__P013.jpg,0.663918,18.182496,ok
EES0423719__X2D__Y2D__P014.jpg,0.670288,17.846065,ok
EES0423719__X2D__Y36__P015.jpg,0.725602,18.363231,ok
EES0423719__X30__Y0C__P016.jpg,0.671309,17.900225,ok
EES0423719__X30__Y18__P017.jpg,0.675083,17.903513,ok
EES0423719__X30__Y21__P018.jpg,0.686124,18.023791,ok
EES0423719__X30__Y27__P019.jpg,0.701612,18.716573,ok
EES0423719__X30__Y33__P020.jpg,0.651205,16.988325,ok
EES0423719__X30__Y36__P021.jpg,0.778140,22.214288,ok
EES0423719__X30__Y42__P022.jpg,0.726814,18.624938,ok
EES0423719__X33__Y0C__P023.jpg,0.733762,19.123212,ok
EES0423719__X33__Y15__P024.jpg,0.733330,18.741121,ok
EES0423719__X33__Y36__P025.jpg,0.798992,23.426624,ok
EES0423720__X36__Y0F__P001.jpg,0.766254,21.162064,ok
EES0423720__X36__Y15__P002.jpg,0.685548,18.805025,ok
EES0423720__X36__Y18__P003.jpg,0.745451,21.618491,ok
EES0423720__X36__Y1B__P004.jpg,0.700741,19.346268,ok
EES0423720__X36__Y1E__P005.jpg,0.844993,24.331355,ok
EES0423720__X36__Y21__P006.jpg,0.669680,19.772955,ok
EES0423720__X36__Y33__P007.jpg,0.745395,19.752797,ok
EES0423720__X36__Y36__P008.jpg,0.722178,20.339187,ok
EES0423720__X36__Y3F__P009.jpg,0.735077,20.794203,ok
EES0423720__X39__Y12__P010.jpg,0.714439,19.345421,ok
EES0423720__X39__Y15__P011.jpg,0.665021,18.724277,ok
EES0423720__X39__Y18__P012.jpg,0.769509,18.526986,ok
EES0423720__X39__Y1E__P013.jpg,0.692156,18.469207,ok
EES0423720__X39__Y21__P014.jpg,0.660016,19.220752,ok
EES0423720__X39__Y27__P015.jpg,0.662513,17.976257,ok
EES0423720__X39__Y39__P016.jpg,0.719972,18.144261,ok
EES0423720__X39__Y3C__P017.jpg,0.714478,19.565888,ok
EES0423720__X3C__Y15__P018.jpg,0.714790,17.115052,ok
EES0423720__X3C__Y18__P019.jpg,0.692564,19.089131,ok
EES0423720__X3C__Y1B__P020.jpg,0.738185,20.194755,ok
EES0423720__X3C__Y24__P021.jpg,0.700312,18.041020,ok
EES0423720__X3C__Y30__P022.jpg,0.793990,21.270344,ok
EES0423720__X3C__Y33__P023.jpg,0.693603,18.378209,ok
EES0423720__X3C__Y36__P024.jpg,0.730065,20.773851,ok
EES0423720__X3F__Y15__P025.jpg,0.652422,18.545546,ok
EES0423721__X3F__Y18__P001.jpg,0.823044,19.775977,ok
EES0423721__X3F__Y1B__P002.jpg,0.818629,20.277952,ok
EES0423721__X3F__Y1E__P003.jpg,0.828942,19.364872,ok
EES0423721__X3F__Y21__P004.jpg,0.780987,21.534857,ok
EES0423721__X3F__Y27__P005.jpg,0.881473,24.472990,ok
EES0423721__X3F__Y2A__P006.jpg,0.721546,17.435249,ok
EES0423721__X3F__Y30__P007.jpg,0.777939,19.201903,ok
EES0423721__X42__Y1B__P008.jpg,0.778850,18.017889,ok
EES0423721__X42__Y21__P009.jpg,0.816527,17.915247,ok
EES0423721__X42__Y24__P010.jpg,0.746104,19.624755,ok
EES0423721__X42__Y27__P011.jpg,0.790984,18.448265,ok
EES0423721__X42__Y2A__P012.jpg,0.853375,22.444779,ok
EES0423721__X0F__Y06__P013.jpg,0.759823,19.361171,ok
EES0423721__X0F__Y2A__P014.jpg,0.703254,19.162419,ok
EES0423721__X12__Y1B__P015.jpg,0.846990,18.495487,ok
EES0423721__X12__Y2D__P016.jpg,0.744890,20.124087,ok
EES0423721__X15__Y1E__P017.jpg,0.860029,21.714891,ok
EES0423721__X15__Y24__P018.jpg,0.729034,20.535508,ok
EES0423721__X15__Y27__P019.jpg,0.826271,20.406083,ok
EES0423721__X15__Y33__P020.jpg,0.780553,18.494899,ok
EES0423721__X18__Y1E__P021.jpg,0.844032,21.080700,ok
EES0423721__X18__Y21__P022.jpg,0.788170,20.910123,ok
EES0423721__X18__Y24__P023.jpg,0.776907,20.079898,ok
EES0423721__X18__Y2D__P024.jpg,0.804613,17.858175,ok
EES0423721__X1B__Y1E__P025.jpg,0.834442,24.416881,ok
EES0423722__X36__Y0F__P001.jpg,0.812083,19.495976,ok
EES0423722__X36__Y1B__P002.jpg,0.787685,20.233535,ok
EES0423722__X36__Y27__P003.jpg,0.794063,22.156220,ok
EES0423722__X39__Y0F__P004.jpg,0.840047,19.953772,ok
EES0423722__X0F__Y18__P005.jpg,0.766804,21.670217,ok
EES0423722__X0F__Y1B__P006.jpg,0.767376,17.440188,ok
EES0423722__X0F__Y21__P007.jpg,0.847330,25.778222,ok
EES0423722__X0F__Y24__P008.jpg,0.856492,24.780387,ok
EES0423722__X0F__Y27__P009.jpg,0.870280,22.424009,ok
EES0423722__X0F__Y2A__P010.jpg,0.848715,26.435139,ok
EES0423722__X0F__Y2D__P011.jpg,0.787209,21.313707,ok
EES0423722__X12__Y12__P012.jpg,0.873432,23.268427,ok
EES0423722__X12__Y15__P013.jpg,0.813831,23.166024,ok
EES0423722__X12__Y18__P014.jpg,0.810561,21.209425,ok
EES0423722__X12__Y30__P015.jpg,0.853854,21.764030,ok
EES0423722__X12__Y33__P016.jpg,0.760322,21.154563,ok
EES0423722__X15__Y0F__P017.jpg,0.775727,19.367375,ok
EES0423722__X15__Y33__P018.jpg,0.807335,19.245506,ok
EES0423722__X15__Y36__P019.jpg,0.801935,19.428478,ok
EES0423722__X18__Y0C__P020.jpg,0.782023,18.261521,ok
EES0423722__X18__Y39__P021.jpg,0.841946,23.142644,ok
EES0423722__X1B__Y09__P022.jpg,0.803094,18.475768,ok
EES0423722__X1B__Y3C__P023.jpg,0.750560,19.189995,ok
EES0423722__X1E__Y09__P024.jpg,0.691726,18.550588,ok
EES0423722__X1E__Y3C__P025.jpg,0.819388,23.345736,ok
EES0423723__X21__Y06__P001.jpg,0.675976,16.980221,ok
EES0423723__X24__Y06__P002.jpg,0.806725,19.233148,ok
EES0423723__X24__Y30__P003.jpg,0.751832,19.631531,ok
EES0423723__X24__Y3F__P004.jpg,0.861655,23.944227,ok
EES0423723__X27__Y3F__P005.jpg,0.826637,19.961631,ok
EES0423723__X2A__Y03__P006.jpg,0.765650,17.986182,ok
EES0423723__X2D__Y03__P007.jpg,0.672192,16.694625,ok
EES0423723__X30__Y03__P008.jpg,0.656551,17.403879,ok
EES0423723__X30__Y1E__P009.jpg,0.894817,24.136753,ok
EES0423723__X30__Y3F__P010.jpg,0.625342,16.136189,ok
EES0423723__X33__Y03__P011.jpg,0.679217,18.031170,ok
EES0423723__X33__Y06__P012.jpg,0.796957,18.998182,ok
EES0423723__X33__Y1E__P013.jpg,0.810120,19.640115,ok
EES0423723__X33__Y3C__P014.jpg,0.787784,20.216492,ok
EES0423723__X36__Y06__P015.jpg,0.740861,19.264318,ok
EES0423723__X36__Y09__P016.jpg,0.645296,16.937707,ok
EES0423723__X36__Y30__P017.jpg,0.807726,20.011606,ok
EES0423723__X36__Y3C__P018.jpg,0.697545,16.923617,ok
EES0423723__X39__Y09__P019.jpg,0.831431,22.702902,ok
EES0423723__X39__Y12__P020.jpg,0.670424,16.743524,ok
EES0423723__X39__Y36__P021.jpg,0.691009,17.418927,ok
EES0423723__X39__Y39__P022.jpg,0.874461,21.858633,ok
EES0423723__X39__Y3C__P023.jpg,0.773286,19.574635,ok
EES0423723__X3C__Y0C__P024.jpg,0.832028,20.947048,ok
EES0423723__X3C__Y36__P025.jpg,0.889301,26.048187,ok
EES0423724__X3C__Y39__P001.jpg,0.768203,18.191860,ok
EES0423724__X3F__Y0C__P002.jpg,0.810552,20.743219,ok
EES0423724__X3F__Y15__P003.jpg,0.814889,20.640550,ok
EES0423724__X3F__Y21__P004.jpg,0.832011,22.248566,ok
EES0423724__X3F__Y30__P005.jpg,0.796623,20.320892,ok
EES0423724__X3F__Y33__P006.jpg,0.858731,22.819977,ok
EES0423724__X3F__Y36__P007.jpg,0.832050,20.657764,ok
EES0423724__X42__Y0F__P008.jpg,0.747704,18.981089,ok
EES0423724__X42__Y12__P009.jpg,0.728910,18.005330,ok
EES0423724__X42__Y15__P010.jpg,0.806116,18.267324,ok
EES0423724__X42__Y2D__P011.jpg,0.645775,16.728376,ok
EES0423724__X42__Y30__P012.jpg,0.821448,22.355891,ok
EES0423724__X45__Y15__P013.jpg,0.804397,22.640920,ok
EES0423724__X45__Y18__P014.jpg,0.790603,20.588389,ok
EES0423724__X45__Y1E__P015.jpg,0.868813,23.909862,ok
EES0423724__X45__Y27__P016.jpg,0.627365,16.177476,ok
EES0423724__X45__Y2D__P017.jpg,0.764938,19.108563,ok
EES0423724__X48__Y21__P018.jpg,0.866651,21.747132,ok
EES0423724__X48__Y27__P019.jpg,0.881197,24.972581,ok
EES0423724__X0F__Y2A__P020.jpg,0.801616,20.401130,ok
EES0423724__X12__Y21__P021.jpg,0.849650,21.826889,ok
EES0423724__X12__Y24__P022.jpg,0.739174,19.257235,ok
EES0423724__X12__Y27__P023.jpg,0.744624,17.226449,ok
EES0423724__X12__Y2A__P024.jpg,0.855520,24.229627,ok
EES0423724__X12__Y2D__P025.jpg,0.700116,17.345690,ok
EES0423725__X15__Y24__P001.jpg,0.698553,17.898115,ok
EES0423725__X15__Y30__P002.jpg,0.897006,24.028243,ok
EES0423725__X15__Y33__P003.jpg,0.721023,17.830363,ok
EES0423725__X15__Y36__P004.jpg,0.665270,16.972410,ok
EES0423725__X15__Y3C__P005.jpg,0.761070,19.511651,ok
EES0423725__X18__Y24__P006.jpg,0.664229,18.432565,ok
EES0423725__X18__Y27__P007.jpg,0.718023,17.821478,ok
EES0423725__X1B__Y24__P008.jpg,0.643978,17.121723,ok
EES0423725__X1B__Y27__P009.jpg,0.710020,17.161672,ok
EES0423725__X1B__Y3C__P010.jpg,0.679154,16.903531,ok
EES0423725__X1E__Y0C__P011.jpg,0.705181,17.841726,ok
EES0423725__X1E__Y18__P012.jpg,0.748676,19.509755,ok
EES0423725__X1E__Y27__P013.jpg,0.838695,25.366757,ok
EES0423725__X21__Y09__P014.jpg,0.758855,18.708071,ok
EES0423725__X21__Y12__P015.jpg,0.745629,18.108467,ok
EES0423725__X21__Y15__P016.jpg,0.727597,18.630028,ok
EES0423725__X21__Y27__P017.jpg,0.622568,16.999728,ok
EES0423725__X24__Y09__P018.jpg,0.833483,19.242734,ok
EES0423725__X24__Y0F__P019.jpg,0.634072,17.898249,ok
EES0423725__X24__Y12__P020.jpg,0.758630,18.727339,ok
EES0423725__X24__Y15__P021.jpg,0.775806,18.373373,ok
EES0423725__X24__Y18__P022.jpg,0.779243,21.366858,ok
EES0423725__X24__Y27__P023.jpg,0.788412,19.470577,ok
EES0423725__X24__Y2A__P024.jpg,0.906067,31.712350,ok
EES0423725__X27__Y15__P025.jpg,0.622723,16.049622,ok
EES0423726__X27__Y18__P001.jpg,0.746460,19.095439,ok
EES0423726__X27__Y2A__P002.jpg,0.815532,18.637510,ok
EES0423726__X27__Y2D__P003.jpg,0.854094,19.057456,ok
EES0423726__X2A__Y09__P004.jpg,0.785016,18.409723,ok
EES0423726__X2A__Y0C__P005.jpg,0.723275,17.518770,ok
EES0423726__X2A__Y0F__P006.jpg,0.817992,17.829062,ok
EES0423726__X2A__Y18__P007.jpg,0.640889,16.250233,ok
EES0423726__X2A__Y27__P008.jpg,0.710566,17.514238,ok
EES0423726__X2A__Y2D__P009.jpg,0.740226,19.380271,ok
EES0423726__X2D__Y09__P010.jpg,0.693908,19.138492,ok
EES0423726__X2D__Y0C__P011.jpg,0.799487,19.280495,ok
EES0423726__X2D__Y15__P012.jpg,0.618962,16.622702,ok
EES0423726__X2D__Y18__P013.jpg,0.673279,18.194527,ok
EES0423726__X2D__Y2D__P014.jpg,0.767732,19.355863,ok
EES0423726__X30__Y09__P015.jpg,0.813120,22.440961,ok
EES0423726__X30__Y0C__P016.jpg,0.826454,19.159784,ok
EES0423726__X30__Y27__P017.jpg,0.697447,17.674179,ok
EES0423726__X30__Y2A__P018.jpg,0.780358,20.877925,ok
EES0423726__X33__Y09__P019.jpg,0.857155,21.426918,ok
EES0423726__X33__Y0C__P020.jpg,0.711297,19.008881,ok
EES0423726__X36__Y0C__P021.jpg,0.797247,19.000691,ok
EES0423726__X36__Y12__P022.jpg,0.767956,17.533006,ok
EES0423726__X36__Y2A__P023.jpg,0.736374,20.418997,ok
EES0423726__X39__Y0F__P024.jpg,0.836886,19.709302,ok
EES0423726__X39__Y2A__P025.jpg,0.662447,16.643619,ok
EES0423727__X1B__Y06__P001.jpg,0.727332,17.547528,ok
EES0423727__X1E__Y3F__P002.jpg,0.862432,21.574900,ok
EES0423727__X21__Y3F__P003.jpg,0.763978,18.883549,ok
EES0423727__X24__Y03__P004.jpg,0.916210,25.740884,ok
EES0423727__X27__Y03__P005.jpg,0.774250,17.972786,ok
EES0423727__X27__Y3F__P006.jpg,0.769316,20.528012,ok
EES0423727__X30__Y06__P007.jpg,0.821302,18.714747,ok
EES0423727__X30__Y36__P008.jpg,0.833908,18.608377,ok
EES0423727__X30__Y3C__P009.jpg,0.736234,17.284260,ok
EES0423727__X33__Y2D__P010.jpg,0.899411,28.425123,ok
EES0423727__X33__Y30__P011.jpg,0.802319,18.428339,ok
EES0423727__X33__Y33__P012.jpg,0.802733,17.920621,ok
EES0423727__X33__Y36__P013.jpg,0.795418,18.237312,ok
EES0423727__X36__Y0C__P014.jpg,0.897465,24.717372,ok
EES0423727__X36__Y27__P015.jpg,0.741018,17.265813,ok
EES0423727__X36__Y2A__P016.jpg,0.765683,18.801385,ok
EES0423727__X36__Y2D__P017.jpg,0.741155,18.001173,ok
EES0423727__X36__Y30__P018.jpg,0.684662,17.742008,ok
EES0423727__X36__Y33__P019.jpg,0.832968,21.261156,ok
EES0423727__X39__Y0C__P020.jpg,0.783867,17.351378,ok
EES0423727__X39__Y0F__P021.jpg,0.713757,18.070414,ok
EES0423727__X39__Y1E__P022.jpg,0.748965,17.602114,ok
EES0423727__X39__Y27__P023.jpg,0.782334,18.834409,ok
EES0423727__X39__Y2A__P024.jpg,0.760993,17.348170,ok
EES0423727__X39__Y2D__P025.jpg,0.797027,22.141565,ok
EES0423728__X3C__Y0F__P001.jpg,0.831724,18.838201,ok
EES0423728__X3C__Y12__P002.jpg,0.759304,17.832282,ok
EES0423728__X3C__Y15__P003.jpg,0.779779,18.094790,ok
EES0423728__X3C__Y1B__P004.jpg,0.707880,17.402399,ok
EES0423728__X3C__Y1E__P005.jpg,0.820777,22.242515,ok
EES0423728__X3C__Y21__P006.jpg,0.732213,18.285660,ok
EES0423728__X3C__Y27__P007.jpg,0.685341,18.151915,ok
EES0423728__X3C__Y2A__P008.jpg,0.804976,21.841785,ok
EES0423728__X3C__Y36__P009.jpg,0.767879,18.061416,ok
EES0423728__X3F__Y12__P010.jpg,0.871918,27.440970,ok
EES0423728__X3F__Y18__P011.jpg,0.731012,17.973151,ok
EES0423728__X3F__Y1B__P012.jpg,0.680871,17.380628,ok
EES0423728__X3F__Y1E__P013.jpg,0.713302,18.036448,ok
EES0423728__X3F__Y21__P014.jpg,0.717983,17.638659,ok
EES0423728__X3F__Y24__P015.jpg,0.809868,19.790653,ok
EES0423728__X3F__Y27__P016.jpg,0.841443,21.400039,ok
EES0423728__X42__Y24__P017.jpg,0.763676,18.321974,ok
EES0423728__X12__Y18__P018.jpg,0.721159,17.353912,ok
EES0423728__X12__Y27__P019.jpg,0.825006,20.693066,ok
EES0423728__X15__Y1B__P020.jpg,0.712956,18.256387,ok
EES0423728__X15__Y2A__P021.jpg,0.778105,18.619006,ok
EES0423728__X18__Y1E__P022.jpg,0.796595,21.489454,ok
EES0423728__X18__Y21__P023.jpg,0.853345,23.007375,ok
EES0423728__X18__Y27__P024.jpg,0.677917,17.045709,ok
EES0423728__X1B__Y18__P025.jpg,0.746898,19.044086,ok
EES0423729__X2D__Y15__P001.jpg,0.677010,17.077037,ok
EES0423729__X2D__Y18__P002.jpg,0.595987,16.398705,ok
EES0423729__X2D__Y1B__P003.jpg,0.833575,20.006270,ok
EES0423729__X2D__Y1E__P004.jpg,0.842887,21.240083,ok
EES0423729__X30__Y0C__P005.jpg,0.761701,18.806962,ok
EES0423729__X30__Y15__P006.jpg,0.848995,21.630917,ok
EES0423729__X30__Y18__P007.jpg,0.704364,18.416021,ok
EES0423729__X33__Y0C__P008.jpg,0.735121,17.697080,ok
EES0423729__X33__Y0F__P009.jpg,0.785299,18.265567,ok
EES0423729__X33__Y18__P010.jpg,0.620301,16.108125,ok
EES0423729__X33__Y1B__P011.jpg,0.764805,17.972529,ok
EES0423729__X36__Y0C__P012.jpg,0.842839,19.926318,ok
EES0423729__X36__Y18__P013.jpg,0.755943,18.215237,ok
EES0423729__X39__Y0F__P014.jpg,0.874925,23.197692,ok
EES0423729__X39__Y12__P015.jpg,0.846612,19.523728,ok
EES0423729__X39__Y18__P016.jpg,0.697210,17.038417,ok
EES0423729__X3C__Y12__P017.jpg,0.862937,20.136278,ok
EES0423729__X3C__Y15__P018.jpg,0.777348,19.380987,ok
EES0423729__X3C__Y18__P019.jpg,0.645742,17.561812,ok
EES0423729__X3F__Y15__P020.jpg,0.758198,17.462911,ok
EES0423729__X3F__Y18__P021.jpg,0.864256,19.959892,ok
EES0423729__X12__Y1E__P022.jpg,0.795465,17.672188,ok
EES0423729__X1B__Y33__P023.jpg,0.851317,23.056548,ok
EES0423729__X1E__Y09__P024.jpg,0.731383,19.244378,ok
EES0423729__X1E__Y0C__P025.jpg,0.762300,17.328750,ok
EES0423730__X1E__Y36__P001.jpg,0.758255,17.940553,ok
EES0423730__X1E__Y39__P002.jpg,0.790546,19.712853,ok
EES0423730__X24__Y36__P003.jpg,0.750332,17.537872,ok
EES0423730__X27__Y33__P004.jpg,0.694014,17.229284,ok
EES0423730__X2A__Y06__P005.jpg,0.633559,16.822824,ok
EES0423730__X2D__Y30__P006.jpg,0.814536,19.374966,ok
EES0423730__X2D__Y33__P007.jpg,0.687893,17.078957,ok
EES0423730__X2D__Y36__P008.jpg,0.676749,18.678088,ok
EES0423730__X2D__Y3C__P009.jpg,0.723249,17.310428,ok
EES0423730__X30__Y36__P010.jpg,0.703753,18.793452,ok
EES0423730__X33__Y0C__P011.jpg,0.780479,19.234717,ok
EES0423730__X33__Y0F__P012.jpg,0.775801,18.918503,ok
EES0423730__X33__Y21__P013.jpg,0.729948,17.293765,ok
EES0423730__X36__Y12__P014.jpg,0.743985,18.401845,ok
EES0423730__X36__Y1B__P015.jpg,0.751448,17.614816,ok
EES0423730__X36__Y21__P016.jpg,0.653024,16.980161,ok
EES0423730__X36__Y27__P017.jpg,0.761886,18.925785,ok
EES0423730__X36__Y2A__P018.jpg,0.743249,17.712172,ok
EES0423730__X39__Y0C__P019.jpg,0.620460,16.504678,ok
EES0423730__X39__Y0F__P020.jpg,0.690442,16.926881,ok
EES0423730__X39__Y15__P021.jpg,0.842464,19.567713,ok
EES0423730__X39__Y1E__P022.jpg,0.718243,17.985861,ok
EES0423730__X39__Y21__P023.jpg,0.752308,17.520322,ok
EES0423730__X3C__Y12__P024.jpg,0.763032,20.472486,ok
EES0423730__X3C__Y18__P025.jpg,0.727442,17.567221,ok
EES0423731__X3F__Y30__P001.jpg,0.759909,18.413437,ok
EES0423731__X3F__Y33__P002.jpg,0.758058,20.803364,ok
EES0423731__X42__Y30__P003.jpg,0.793992,18.591573,ok
EES0423731__X45__Y30__P004.jpg,0.765434,19.235517,ok
EES0423731__X0F__Y15__P005.jpg,0.789094,19.317562,ok
EES0423731__X15__Y12__P006.jpg,0.788340,19.098867,ok
EES0423731__X15__Y15__P007.jpg,0.771572,20.549100,ok
EES0423731__X18__Y0C__P008.jpg,0.830056,22.835848,ok
EES0423731__X18__Y0F__P009.jpg,0.732256,18.158883,ok
EES0423731__X18__Y12__P010.jpg,0.756603,18.592147,ok
EES0423731__X18__Y15__P011.jpg,0.771458,19.486942,ok
EES0423731__X1B__Y09__P012.jpg,0.773490,19.296603,ok
EES0423731__X1B__Y0C__P013.jpg,0.808994,18.201936,ok
EES0423731__X1B__Y0F__P014.jpg,0.782711,18.894181,ok
EES0423731__X1E__Y0C__P015.jpg,0.751954,20.633235,ok
EES0423731__X1E__Y0F__P016.jpg,0.702179,18.340289,ok
EES0423731__X21__Y09__P017.jpg,0.710332,17.554237,ok
EES0423731__X21__Y0F__P018.jpg,0.839159,21.569607,ok
EES0423731__X21__Y12__P019.jpg,0.803583,21.219475,ok
EES0423731__X21__Y15__P020.jpg,0.860562,20.779406,ok
EES0423731__X24__Y09__P021.jpg,0.844429,21.368287,ok
EES0423731__X24__Y0C__P022.jpg,0.786246,17.677340,ok
EES0423731__X24__Y0F__P023.jpg,0.775360,17.640714,ok
EES0423731__X24__Y12__P024.jpg,0.803554,19.884901,ok
EES0423731__X24__Y15__P025.jpg,0.791671,21.497867,ok
EES0423732__X27__Y09__P001.jpg,0.734716,18.887495,ok
EES0423732__X27__Y0C__P002.jpg,0.851880,18.828507,ok
EES0423732__X27__Y0F__P003.jpg,0.765131,19.077483,ok
EES0423732__X27__Y12__P004.jpg,0.811981,19.171448,ok
EES0423732__X27__Y15__P005.jpg,0.841114,25.675360,ok
EES0423732__X2A__Y09__P006.jpg,0.724771,17.428110,ok
EES0423732__X2A__Y0C__P007.jpg,0.790256,20.256057,ok
EES0423732__X2A__Y0F__P008.jpg,0.725735,18.657167,ok
EES0423732__X2A__Y12__P009.jpg,0.711896,16.881122,ok
EES0423732__X2A__Y15__P010.jpg,0.753853,20.249367,ok
EES0423732__X2D__Y0C__P011.jpg,0.845468,25.057117,ok
EES0423732__X2D__Y0F__P012.jpg,0.786621,18.443010,ok
EES0423732__X2D__Y12__P013.jpg,0.801431,19.009230,ok
EES0423732__X2D__Y15__P014.jpg,0.788020,23.570092,ok
EES0423732__X2D__Y18__P015.jpg,0.850458,21.147759,ok
EES0423732__X2D__Y1B__P016.jpg,0.746955,19.450345,ok
EES0423732__X2D__Y24__P017.jpg,0.814215,21.386909,ok
EES0423732__X2D__Y2D__P018.jpg,0.750823,19.834359,ok
EES0423732__X2D__Y36__P019.jpg,0.833056,19.197284,ok
EES0423732__X30__Y0F__P020.jpg,0.818900,21.853667,ok
EES0423732__X30__Y12__P021.jpg,0.756003,19.364365,ok
EES0423732__X30__Y15__P022.jpg,0.793046,18.698238,ok
EES0423732__X30__Y18__P023.jpg,0.816882,17.726528,ok
EES0423732__X30__Y1B__P024.jpg,0.709887,18.724256,ok
EES0423732__X30__Y21__P025.jpg,0.745809,20.115691,ok
EES0423733__X33__Y0F__P001.jpg,0.827263,20.963650,ok
EES0423733__X33__Y12__P002.jpg,0.863273,20.147173,ok
EES0423733__X33__Y15__P003.jpg,0.849625,18.262292,ok
EES0423733__X33__Y18__P004.jpg,0.862846,19.544063,ok
EES0423733__X33__Y1B__P005.jpg,0.925982,25.662448,ok
EES0423733__X33__Y1E__P006.jpg,0.857895,19.008010,ok
EES0423733__X33__Y21__P007.jpg,0.782042,17.977335,ok
EES0423733__X33__Y2D__P008.jpg,0.766644,20.906930,ok
EES0423733__X36__Y18__P009.jpg,0.834675,19.476008,ok
EES0423733__X36__Y1B__P010.jpg,0.810106,17.514244,ok
EES0423733__X36__Y2D__P011.jpg,0.827158,20.632766,ok
EES0423733__X36__Y30__P012.jpg,0.826550,20.739204,ok
EES0423733__X39__Y15__P013.jpg,0.855355,19.696071,ok
EES0423733__X39__Y18__P014.jpg,0.830096,20.907053,ok
EES0423733__X39__Y27__P015.jpg,0.802066,17.845911,ok
EES0423733__X39__Y2A__P016.jpg,0.891910,21.997035,ok
EES0423733__X39__Y2D__P017.jpg,0.841414,25.279116,ok
EES0423733__X3F__Y24__P018.jpg,0.769728,17.952588,ok
EES0423733__X06__Y33__P019.jpg,0.854661,22.190440,ok
EES0423733__X09__Y21__P020.jpg,0.816009,20.632672,ok
EES0423733__X09__Y27__P021.jpg,0.786808,17.221427,ok
EES0423733__X09__Y2A__P022.jpg,0.785041,17.186701,ok
EES0423733__X09__Y2D__P023.jpg,0.807915,18.403181,ok
EES0423733__X09__Y30__P024.jpg,0.756842,17.292017,ok
EES0423733__X0F__Y1B__P025.jpg,0.855735,21.816826,ok
EES0423734__X0F__Y1E__P001.jpg,0.814578,20.388718,ok
EES0423734__X0F__Y33__P002.jpg,0.862778,21.010966,ok
EES0423734__X12__Y33__P003.jpg,0.769421,17.897271,ok
EES0423734__X12__Y36__P004.jpg,0.857410,23.860143,ok
EES0423734__X12__Y3C__P005.jpg,0.832646,19.930134,ok
EES0423734__X15__Y3C__P006.jpg,0.844946,21.227885,ok
EES0423734__X18__Y1B__P007.jpg,0.742837,17.474991,ok
EES0423734__X18__Y1E__P008.jpg,0.869576,21.075170,ok
EES0423734__X18__Y39__P009.jpg,0.765539,17.624416,ok
EES0423734__X18__Y3C__P010.jpg,0.765674,18.245443,ok
EES0423734__X18__Y3F__P011.jpg,0.827484,19.461351,ok
EES0423734__X18__Y42__P012.jpg,0.853021,23.392237,ok
EES0423734__X1B__Y1B__P013.jpg,0.793714,19.324156,ok
EES0423734__X1B__Y1E__P014.jpg,0.841925,20.087226,ok
EES0423734__X1B__Y2A__P015.jpg,0.807577,18.676317,ok
EES0423734__X1B__Y39__P016.jpg,0.862970,20.019804,ok
EES0423734__X1B__Y45__P017.jpg,0.872238,22.763808,ok
EES0423734__X1E__Y3C__P018.jpg,0.790828,18.273731,ok
EES0423734__X1E__Y42__P019.jpg,0.835975,20.180708,ok
EES0423734__X21__Y3C__P020.jpg,0.874198,22.241816,ok
EES0423734__X21__Y3F__P021.jpg,0.782873,18.012561,ok
EES0423734__X21__Y42__P022.jpg,0.825608,20.335609,ok
EES0423734__X21__Y45__P023.jpg,0.850779,19.334036,ok
EES0423734__X24__Y18__P024.jpg,0.846533,20.372826,ok
EES0423734__X24__Y1B__P025.jpg,0.883958,25.035239,ok
EES0423735__X3F__Y1B__P001.jpg,0.812024,19.414494,ok
EES0423735__X3F__Y1E__P002.jpg,0.900223,30.507974,ok
EES0423735__X3F__Y21__P003.jpg,0.744645,18.498372,ok
EES0423735__X3F__Y2D__P004.jpg,0.901139,28.731018,ok
EES0423735__X3F__Y30__P005.jpg,0.798840,18.689201,ok
EES0423735__X3F__Y33__P006.jpg,0.821731,21.636831,ok
EES0423735__X42__Y21__P007.jpg,0.862399,21.077788,ok
EES0423735__X42__Y24__P008.jpg,0.764916,17.647607,ok
EES0423735__X42__Y33__P009.jpg,0.796504,19.885245,ok
EES0423735__X42__Y36__P010.jpg,0.851087,21.232487,ok
EES0423735__X45__Y33__P011.jpg,0.763642,17.425577,ok
EES0423735__X0C__Y2D__P012.jpg,0.842176,22.412226,ok
EES0423735__X0C__Y30__P013.jpg,0.805662,20.436910,ok
EES0423735__X0F__Y21__P014.jpg,0.771093,17.433240,ok
EES0423735__X0F__Y27__P015.jpg,0.900822,25.307950,ok
EES0423735__X0F__Y2A__P016.jpg,0.786991,18.139258,ok
EES0423735__X0F__Y30__P017.jpg,0.881178,25.353201,ok
EES0423735__X12__Y2A__P018.jpg,0.755179,18.350442,ok
EES0423735__X12__Y36__P019.jpg,0.752384,18.827351,ok
EES0423735__X12__Y39__P020.jpg,0.853674,19.516858,ok
EES0423735__X15__Y18__P021.jpg,0.889101,24.385511,ok
EES0423735__X15__Y1B__P022.jpg,0.904876,27.487396,ok
EES0423735__X15__Y1E__P023.jpg,0.763393,17.773498,ok
EES0423735__X15__Y30__P024.jpg,0.857991,19.693980,ok
EES0423735__X15__Y36__P025.jpg,0.853291,19.596925,ok
EES0423736__X36__Y39__P001.jpg,0.866793,20.933639,ok
EES0423736__X36__Y3C__P002.jpg,0.763116,19.307456,ok
EES0423736__X39__Y0F__P003.jpg,0.741070,19.080714,ok
EES0423736__X39__Y24__P004.jpg,0.725187,17.273764,ok
EES0423736__X39__Y36__P005.jpg,0.786569,19.367404,ok
EES0423736__X3C__Y1B__P006.jpg,0.853397,21.568731,ok
EES0423736__X3C__Y27__P007.jpg,0.696763,17.412321,ok
EES0423736__X3C__Y36__P008.jpg,0.851596,22.096651,ok
EES0423736__X3F__Y1B__P009.jpg,0.764684,18.578350,ok
EES0423736__X3F__Y1E__P010.jpg,0.789098,19.106830,ok
EES0423736__X3F__Y24__P011.jpg,0.796717,18.434701,ok
EES0423736__X3F__Y27__P012.jpg,0.780039,18.988152,ok
EES0423736__X3F__Y2A__P013.jpg,0.695246,17.720620,ok
EES0423736__X42__Y18__P014.jpg,0.759044,18.918753,ok
EES0423736__X42__Y27__P015.jpg,0.858650,22.291282,ok
EES0423736__X42__Y2A__P016.jpg,0.851610,21.890581,ok
EES0423736__X03__Y1E__P017.jpg,0.729975,18.710594,ok
EES0423736__X03__Y21__P018.jpg,0.832762,20.566343,ok
EES0423736__X03__Y24__P019.jpg,0.837879,23.808577,ok
EES0423736__X03__Y2A__P020.jpg,0.704084,17.050075,ok
EES0423736__X03__Y2D__P021.jpg,0.783836,20.745605,ok
EES0423736__X06__Y18__P022.jpg,0.790241,20.216155,ok
EES0423736__X06__Y1B__P023.jpg,0.817833,19.377058,ok
EES0423736__X06__Y36__P024.jpg,0.753365,19.139597,ok
EES0423736__X09__Y0F__P025.jpg,0.864995,18.616917,ok
EES0423737__X27__Y18__P001.jpg,0.815460,18.989617,ok
EES0423737__X2A__Y15__P002.jpg,0.832249,19.170740,ok
EES0423737__X2A__Y18__P003.jpg,0.807806,20.832892,ok
EES0423737__X2A__Y1B__P004.jpg,0.856461,21.161358,ok
EES0423737__X2A__Y1E__P005.jpg,0.897555,27.753802,ok
EES0423737__X2A__Y21__P006.jpg,0.880708,20.355473,ok
EES0423737__X2A__Y2A__P007.jpg,0.750680,19.561982,ok
EES0423737__X2A__Y2D__P008.jpg,0.825295,20.147410,ok
EES0423737__X2A__Y33__P009.jpg,0.725577,18.153333,ok
EES0423737__X2A__Y39__P010.jpg,0.847024,24.831513,ok
EES0423737__X2A__Y3C__P011.jpg,0.832120,19.096847,ok
EES0423737__X2D__Y15__P012.jpg,0.793259,19.423871,ok
EES0423737__X2D__Y21__P013.jpg,0.860608,24.381605,ok
EES0423737__X2D__Y27__P014.jpg,0.861835,20.716477,ok
EES0423737__X2D__Y2A__P015.jpg,0.867767,23.678314,ok
EES0423737__X2D__Y2D__P016.jpg,0.798093,19.927767,ok
EES0423737__X2D__Y30__P017.jpg,0.760000,19.527859,ok
EES0423737__X2D__Y33__P018.jpg,0.799954,22.050166,ok
EES0423737__X2D__Y36__P019.jpg,0.858597,19.444886,ok
EES0423737__X2D__Y39__P020.jpg,0.806091,20.377350,ok
EES0423737__X2D__Y3C__P021.jpg,0.847339,20.325506,ok
EES0423737__X2D__Y3F__P022.jpg,0.818066,22.134158,ok
EES0423737__X2D__Y42__P023.jpg,0.856430,20.300832,ok
EES0423737__X30__Y18__P024.jpg,0.790014,17.909999,ok
EES0423737__X30__Y27__P025.jpg,0.768681,17.908110,ok
EES0423738__X0C__Y2A__P001.jpg,0.874959,21.575796,ok
EES0423738__X0C__Y30__P002.jpg,0.792264,19.381282,ok
EES0423738__X0F__Y1B__P003.jpg,0.743513,18.456924,ok
EES0423738__X0F__Y1E__P004.jpg,0.755790,18.381514,ok
EES0423738__X12__Y1B__P005.jpg,0.762268,19.488582,ok
EES0423738__X1B__Y42__P006.jpg,0.799762,20.182413,ok
EES0423738__X1E__Y09__P007.jpg,0.837166,19.020219,ok
EES0423738__X21__Y06__P008.jpg,0.844583,22.282818,ok
EES0423738__X21__Y09__P009.jpg,0.865147,20.503727,ok
EES0423738__X21__Y1B__P010.jpg,0.850871,20.332195,ok
EES0423738__X24__Y45__P011.jpg,0.717219,18.658199,ok
EES0423738__X27__Y06__P012.jpg,0.803649,20.186474,ok
EES0423738__X27__Y45__P013.jpg,0.791506,18.068815,ok
EES0423738__X2A__Y06__P014.jpg,0.898180,27.700769,ok
EES0423738__X2A__Y45__P015.jpg,0.784952,18.007817,ok
EES0423738__X2D__Y06__P016.jpg,0.737586,18.141398,ok
EES0423738__X2D__Y3F__P017.jpg,0.804825,19.735411,ok
EES0423738__X30__Y06__P018.jpg,0.896209,31.432724,ok
EES0423738__X33__Y3F__P019.jpg,0.902765,26.124873,ok
EES0423738__X33__Y42__P020.jpg,0.852143,20.009963,ok
EES0423738__X36__Y09__P021.jpg,0.886342,20.599430,ok
EES0423738__X3F__Y39__P022.jpg,0.849330,21.041072,ok
EES0423738__X0C__Y0C__P023.jpg,0.773752,19.077610,ok
EES0423738__X12__Y09__P024.jpg,0.738540,18.108973,ok
EES0423738__X1B__Y06__P025.jpg,0.909084,23.543734,ok
EES0423739__X0F__Y0C__P001.jpg,0.731165,17.435951,ok
EES0423739__X0F__Y0F__P002.jpg,0.826315,20.367364,ok
EES0423739__X0F__Y12__P003.jpg,0.777430,18.178092,ok
EES0423739__X0F__Y42__P004.jpg,0.916195,28.296088,ok
EES0423739__X12__Y0C__P005.jpg,0.740247,19.230117,ok
EES0423739__X12__Y12__P006.jpg,0.827592,21.270158,ok
EES0423739__X15__Y0C__P007.jpg,0.926764,27.604665,ok
EES0423739__X15__Y45__P008.jpg,0.704392,19.245576,ok
EES0423739__X18__Y09__P009.jpg,0.773017,18.576519,ok
EES0423739__X18__Y0C__P010.jpg,0.885434,20.163568,ok
EES0423739__X18__Y45__P011.jpg,0.768217,18.888856,ok
EES0423739__X1B__Y09__P012.jpg,0.811163,21.548520,ok
EES0423739__X1B__Y0C__P013.jpg,0.800899,20.992495,ok
EES0423739__X1B__Y0F__P014.jpg,0.662118,16.534146,ok
EES0423739__X1E__Y09__P015.jpg,0.848598,24.619198,ok
EES0423739__X1E__Y0C__P016.jpg,0.724812,17.134305,ok
EES0423739__X21__Y09__P017.jpg,0.818024,20.893295,ok
EES0423739__X21__Y0C__P018.jpg,0.768397,17.610115,ok
EES0423739__X24__Y09__P019.jpg,0.814031,19.501345,ok
EES0423739__X27__Y09__P020.jpg,0.917725,31.819435,ok
EES0423739__X27__Y2A__P021.jpg,0.931528,27.651525,ok
EES0423739__X27__Y45__P022.jpg,0.773023,18.925798,ok
EES0423739__X2A__Y09__P023.jpg,0.728167,16.735654,ok
EES0423739__X2A__Y0C__P024.jpg,0.910891,27.048141,ok
EES0423739__X2A__Y45__P025.jpg,0.853097,22.229781,ok
EES0423740__X0F__Y2D__P001.jpg,0.811047,18.117804,ok
EES0423740__X0F__Y30__P002.jpg,0.765391,19.659669,ok
EES0423740__X0F__Y33__P003.jpg,0.798262,20.811211,ok
EES0423740__X0F__Y36__P004.jpg,0.714604,16.854714,ok
EES0423740__X0F__Y39__P005.jpg,0.850553,25.316581,ok
EES0423740__X0F__Y3C__P006.jpg,0.785003,18.378626,ok
EES0423740__X12__Y36__P007.jpg,0.874906,24.917688,ok
EES0423740__X12__Y39__P008.jpg,0.806749,21.353708,ok
EES0423740__X12__Y3C__P009.jpg,0.738297,17.844043,ok
EES0423740__X15__Y0C__P010.jpg,0.815575,22.762298,ok
EES0423740__X15__Y36__P011.jpg,0.723959,17.747968,ok
EES0423740__X15__Y3C__P012.jpg,0.794544,19.155712,ok
EES0423740__X18__Y36__P013.jpg,0.860455,19.767887,ok
EES0423740__X18__Y39__P014.jpg,0.745048,19.611781,ok
EES0423740__X18__Y3F__P015.jpg,0.717749,18.394051,ok
EES0423740__X18__Y42__P016.jpg,0.906273,30.138954,ok
EES0423740__X18__Y45__P017.jpg,0.816271,20.767266,ok
EES0423740__X1B__Y42__P018.jpg,0.704136,16.796766,ok
EES0423740__X1B__Y45__P019.jpg,0.750809,20.949093,ok
EES0423740__X1E__Y09__P020.jpg,0.762581,21.654217,ok
EES0423740__X1E__Y45__P021.jpg,0.801859,18.576731,ok
EES0423740__X21__Y09__P022.jpg,0.785305,17.850351,ok
EES0423740__X21__Y45__P023.jpg,0.773886,20.172474,ok
EES0423740__X24__Y09__P024.jpg,0.761284,17.761977,ok
EES0423740__X24__Y39__P025.jpg,0.762673,17.684083,ok
EES0423741__X0F__Y30__P001.jpg,0.728748,18.063334,ok
EES0423741__X0F__Y36__P002.jpg,0.857908,21.057167,ok
EES0423741__X12__Y15__P003.jpg,0.805942,19.407079,ok
EES0423741__X12__Y36__P004.jpg,0.828102,24.402492,ok
EES0423741__X15__Y0F__P005.jpg,0.791730,18.472955,ok
EES0423741__X18__Y36__P006.jpg,0.835420,19.103940,ok
EES0423741__X1E__Y0C__P007.jpg,0.769039,18.524638,ok
EES0423741__X1E__Y0F__P008.jpg,0.786667,17.832825,ok
EES0423741__X21__Y0C__P009.jpg,0.793371,20.124649,ok
EES0423741__X21__Y0F__P010.jpg,0.776796,19.591349,ok
EES0423741__X21__Y2D__P011.jpg,0.749342,17.420231,ok
EES0423741__X24__Y0C__P012.jpg,0.816423,18.033399,ok
EES0423741__X24__Y18__P013.jpg,0.764520,18.898354,ok
EES0423741__X24__Y36__P014.jpg,0.837293,18.058527,ok
EES0423741__X27__Y0C__P015.jpg,0.836098,25.142775,ok
EES0423741__X2A__Y0C__P016.jpg,0.847971,24.769914,ok
EES0423741__X2D__Y0C__P017.jpg,0.844810,23.866468,ok
EES0423741__X2D__Y0F__P018.jpg,0.838598,21.452299,ok
EES0423741__X30__Y0C__P019.jpg,0.873272,23.234015,ok
EES0423741__X30__Y18__P020.jpg,0.811253,19.918450,ok
EES0423741__X30__Y1B__P021.jpg,0.786952,20.806951,ok
EES0423741__X33__Y1E__P022.jpg,0.845448,20.923231,ok
EES0423741__X36__Y0F__P023.jpg,0.855568,21.407472,ok
EES0423741__X3C__Y15__P024.jpg,0.833245,18.427011,ok
EES0423741__X3C__Y27__P025.jpg,0.821295,18.349964,ok
EES0423742__X3C__Y33__P001.jpg,0.846949,22.473123,ok
EES0423742__X3F__Y21__P002.jpg,0.819862,18.513417,ok
EES0423742__X3F__Y33__P003.jpg,0.823643,19.414067,ok
EES0423742__X09__Y21__P004.jpg,0.866902,20.051287,ok
EES0423742__X09__Y24__P005.jpg,0.827172,23.060518,ok
EES0423742__X09__Y27__P006.jpg,0.794416,18.816722,ok
EES0423742__X09__Y2D__P007.jpg,0.820067,22.558034,ok
EES0423742__X09__Y30__P008.jpg,0.895838,25.944826,ok
EES0423742__X09__Y33__P009.jpg,0.793651,20.939681,ok
EES0423742__X0C__Y39__P010.jpg,0.763188,18.841531,ok
EES0423742__X0F__Y15__P011.jpg,0.693487,19.205857,ok
EES0423742__X0F__Y24__P012.jpg,0.728457,17.116069,ok
EES0423742__X0F__Y39__P013.jpg,0.778788,20.486862,ok
EES0423742__X0F__Y3C__P014.jpg,0.849367,21.302552,ok
EES0423742__X12__Y33__P015.jpg,0.851185,22.547797,ok
EES0423742__X12__Y39__P016.jpg,0.870211,20.411503,ok
EES0423742__X15__Y0F__P017.jpg,0.840807,21.350635,ok
EES0423742__X15__Y42__P018.jpg,0.882484,21.017375,ok
EES0423742__X1B__Y45__P019.jpg,0.846422,25.181528,ok
EES0423742__X1E__Y0C__P020.jpg,0.832935,20.443259,ok
EES0423742__X1E__Y39__P021.jpg,0.838992,17.963928,ok
EES0423742__X1E__Y45__P022.jpg,0.768093,17.351450,ok
EES0423742__X21__Y0C__P023.jpg,0.747575,18.683627,ok
EES0423742__X24__Y0C__P024.jpg,0.725701,19.205645,ok
EES0423742__X24__Y21__P025.jpg,0.900163,26.680730,ok
EES0423743__X24__Y3C__P001.jpg,0.795262,20.335539,ok
EES0423743__X24__Y45__P002.jpg,0.796845,18.374611,ok
EES0423743__X27__Y0C__P003.jpg,0.801904,17.542856,ok
EES0423743__X27__Y45__P004.jpg,0.773298,19.481622,ok
EES0423743__X2A__Y0C__P005.jpg,0.770523,17.276436,ok
EES0423743__X2A__Y45__P006.jpg,0.778947,20.929903,ok
EES0423743__X2D__Y18__P007.jpg,0.795801,21.447051,ok
EES0423743__X2D__Y45__P008.jpg,0.849126,21.157275,ok
EES0423743__X30__Y0F__P009.jpg,0.826397,19.917973,ok
EES0423743__X30__Y45__P010.jpg,0.863365,19.429873,ok
EES0423743__X33__Y0F__P011.jpg,0.808906,17.941161,ok
EES0423743__X33__Y45__P012.jpg,0.808859,18.009708,ok
EES0423743__X36__Y15__P013.jpg,0.749826,17.804102,ok
EES0423743__X36__Y42__P014.jpg,0.886133,24.077605,ok
EES0423743__X36__Y45__P015.jpg,0.790951,17.872016,ok
EES0423743__X39__Y1E__P016.jpg,0.912079,28.835261,ok
EES0423743__X39__Y3C__P017.jpg,0.905542,23.927390,ok
EES0423743__X39__Y3F__P018.jpg,0.826700,20.902141,ok
EES0423743__X39__Y42__P019.jpg,0.790549,18.300657,ok
EES0423743__X3C__Y30__P020.jpg,0.735374,17.433206,ok
EES0423743__X3C__Y3F__P021.jpg,0.748500,17.389944,ok
EES0423743__X3F__Y18__P022.jpg,0.794053,18.598158,ok
EES0423743__X3F__Y27__P023.jpg,0.783468,19.510907,ok
EES0423743__X3F__Y3C__P024.jpg,0.885924,21.878917,ok
EES0423743__X42__Y1E__P025.jpg,0.849647,19.207214,ok
EES0423744__X0F__Y39__P001.jpg,0.789331,19.064322,ok
EES0423744__X12__Y33__P002.jpg,0.807159,20.932236,ok
EES0423744__X15__Y09__P003.jpg,0.819752,19.465914,ok
EES0423744__X18__Y09__P004.jpg,0.728696,18.516725,ok
EES0423744__X18__Y15__P005.jpg,0.817571,19.119671,ok
EES0423744__X18__Y2D__P006.jpg,0.804619,17.651216,ok
EES0423744__X18__Y30__P007.jpg,0.891747,28.774501,ok
EES0423744__X18__Y33__P008.jpg,0.802960,19.144020,ok
EES0423744__X18__Y36__P009.jpg,0.837235,21.498573,ok
EES0423744__X18__Y39__P010.jpg,0.723023,17.410307,ok
EES0423744__X18__Y3C__P011.jpg,0.797364,20.381575,ok
EES0423744__X1B__Y09__P012.jpg,0.767139,18.347801,ok
EES0423744__X1B__Y15__P013.jpg,0.741930,20.336964,ok
EES0423744__X1B__Y30__P014.jpg,0.777845,19.899120,ok
EES0423744__X1B__Y33__P015.jpg,0.820778,18.245764,ok
EES0423744__X1B__Y36__P016.jpg,0.829358,21.506450,ok
EES0423744__X1E__Y09__P017.jpg,0.822266,21.508142,ok
EES0423744__X1E__Y18__P018.jpg,0.795555,17.928805,ok
EES0423744__X1E__Y1B__P019.jpg,0.746375,18.383501,ok
EES0423744__X1E__Y21__P020.jpg,0.739749,18.023655,ok
EES0423744__X1E__Y24__P021.jpg,0.777978,17.654308,ok
EES0423744__X1E__Y33__P022.jpg,0.834998,18.457568,ok
EES0423744__X21__Y1B__P023.jpg,0.886041,24.709772,ok
EES0423744__X21__Y1E__P024.jpg,0.823734,18.468131,ok
EES0423744__X21__Y21__P025.jpg,0.794851,18.735421,ok
EES0423745__X24__Y09__P001.jpg,0.862751,19.265961,ok
EES0423745__X24__Y27__P002.jpg,0.880822,22.885612,ok
EES0423745__X36__Y21__P003.jpg,0.853927,21.936218,ok
EES0423745__X39__Y27__P004.jpg,0.788599,18.550993,ok
EES0423745__X3C__Y27__P005.jpg,0.857645,20.559700,ok
EES0423745__X3C__Y2A__P006.jpg,0.756180,17.051993,ok
EES0423745__X06__Y1E__P007.jpg,0.814468,19.487970,ok
EES0423745__X06__Y27__P008.jpg,0.812631,19.089459,ok
EES0423745__X09__Y18__P009.jpg,0.786943,20.657205,ok
EES0423745__X09__Y1B__P010.jpg,0.842390,22.433861,ok
EES0423745__X0C__Y18__P011.jpg,0.830087,18.312732,ok
EES0423745__X0C__Y1B__P012.jpg,0.840072,18.196772,ok
EES0423745__X0F__Y15__P013.jpg,0.856347,19.604672,ok
EES0423745__X0F__Y18__P014.jpg,0.856034,21.610479,ok
EES0423745__X0F__Y1B__P015.jpg,0.833064,18.509036,ok
EES0423745__X12__Y15__P016.jpg,0.785381,20.292133,ok
EES0423745__X12__Y18__P017.jpg,0.740909,19.421072,ok
EES0423745__X15__Y0F__P018.jpg,0.816019,20.503932,ok
EES0423745__X15__Y1B__P019.jpg,0.832171,19.641060,ok
EES0423745__X18__Y0C__P020.jpg,0.801425,21.590962,ok
EES0423745__X18__Y45__P021.jpg,0.818072,21.455417,ok
EES0423745__X1B__Y0C__P022.jpg,0.776811,18.165807,ok
EES0423745__X1B__Y0F__P023.jpg,0.856301,19.990598,ok
EES0423745__X1B__Y12__P024.jpg,0.719480,16.738944,ok
EES0423745__X1E__Y0C__P025.jpg,0.733793,18.086413,ok
EES0423746__X06__Y24__P001.jpg,0.772585,17.836459,ok
EES0423746__X06__Y2A__P002.jpg,0.722831,19.577845,ok
EES0423746__X06__Y2D__P003.jpg,0.761881,21.805008,ok
EES0423746__X09__Y27__P004.jpg,0.824652,18.877759,ok
EES0423746__X09__Y36__P005.jpg,0.808785,19.835864,ok
EES0423746__X0C__Y12__P006.jpg,0.734850,17.813387,ok
EES0423746__X0C__Y36__P007.jpg,0.758132,19.142130,ok
EES0423746__X0C__Y39__P008.jpg,0.783230,18.398773,ok
EES0423746__X0F__Y0F__P009.jpg,0.866357,24.591612,ok
EES0423746__X0F__Y36__P010.jpg,0.819008,24.550826,ok
EES0423746__X0F__Y39__P011.jpg,0.756327,22.895041,ok
EES0423746__X0F__Y3F__P012.jpg,0.813584,21.692985,ok
EES0423746__X12__Y36__P013.jpg,0.783231,22.712561,ok
EES0423746__X12__Y39__P014.jpg,0.839051,18.199213,ok
EES0423746__X12__Y3F__P015.jpg,0.892568,26.672201,ok
EES0423746__X15__Y42__P016.jpg,0.795906,17.926975,ok
EES0423746__X18__Y0C__P017.jpg,0.826492,20.463459,ok
EES0423746__X1B__Y0C__P018.jpg,0.781767,21.111185,ok
EES0423746__X1B__Y3F__P019.jpg,0.728049,18.818938,ok
EES0423746__X1B__Y42__P020.jpg,0.768418,18.374478,ok
EES0423746__X1B__Y45__P021.jpg,0.681838,17.863746,ok
EES0423746__X1E__Y42__P022.jpg,0.769611,20.634285,ok
EES0423746__X1E__Y45__P023.jpg,0.783682,18.667370,ok
EES0423746__X21__Y0C__P024.jpg,0.725315,17.458169,ok
EES0423746__X21__Y45__P025.jpg,0.791000,19.883101,ok
EES0423747__X24__Y0C__P001.jpg,0.769232,17.566850,ok
EES0423747__X24__Y45__P002.jpg,0.776700,20.287131,ok
EES0423747__X27__Y0C__P003.jpg,0.777684,19.103562,ok
EES0423747__X27__Y45__P004.jpg,0.795604,18.633731,ok
EES0423747__X2A__Y0C__P005.jpg,0.793852,18.669682,ok
EES0423747__X2A__Y3F__P006.jpg,0.851324,18.831086,ok
EES0423747__X30__Y0F__P007.jpg,0.820850,22.076668,ok
EES0423747__X30__Y39__P008.jpg,0.666481,17.997878,ok
EES0423747__X30__Y3C__P009.jpg,0.793464,17.686992,ok
EES0423747__X36__Y39__P010.jpg,0.814726,18.805198,ok
EES0423747__X36__Y3F__P011.jpg,0.776873,17.645054,ok
EES0423747__X3F__Y21__P012.jpg,0.849127,22.741625,ok
EES0423747__X3F__Y24__P013.jpg,0.739624,17.779195,ok
EES0423747__X3F__Y27__P014.jpg,0.791526,19.930894,ok
EES0423747__X3F__Y2A__P015.jpg,0.911041,25.715907,ok
EES0423747__X03__Y1E__P016.jpg,0.743606,18.363401,ok
EES0423747__X03__Y21__P017.jpg,0.884375,25.066598,ok
EES0423747__X03__Y2D__P018.jpg,0.856441,23.830426,ok
EES0423747__X03__Y30__P019.jpg,0.794125,18.746766,ok
EES0423747__X03__Y33__P020.jpg,0.857038,18.453006,ok
EES0423747__X03__Y36__P021.jpg,0.899053,21.974983,ok
EES0423747__X03__Y39__P022.jpg,0.797737,19.420216,ok
EES0423747__X06__Y18__P023.jpg,0.818052,21.531910,ok
EES0423747__X06__Y2D__P024.jpg,0.900725,23.044245,ok
EES0423747__X06__Y30__P025.jpg,0.804203,19.083621,ok
EES0423748__X06__Y33__P001.jpg,0.831773,18.752002,ok
EES0423748__X06__Y36__P002.jpg,0.927439,25.892405,ok
EES0423748__X06__Y39__P003.jpg,0.782804,17.894897,ok
EES0423748__X06__Y3F__P004.jpg,0.766848,19.550094,ok
EES0423748__X09__Y15__P005.jpg,0.886666,20.188711,ok
EES0423748__X09__Y33__P006.jpg,0.801494,19.139499,ok
EES0423748__X0F__Y2A__P007.jpg,0.836136,18.366201,ok
EES0423748__X15__Y0C__P008.jpg,0.806911,18.565468,ok
EES0423748__X15__Y27__P009.jpg,0.741555,17.571811,ok
EES0423748__X1B__Y1B__P010.jpg,0.742964,18.970039,ok
EES0423748__X2A__Y0C__P011.jpg,0.809157,18.598738,ok
EES0423748__X2A__Y15__P012.jpg,0.700151,17.028771,ok
EES0423748__X2D__Y0C__P013.jpg,0.762491,20.178406,ok
EES0423748__X30__Y0F__P014.jpg,0.803970,18.514709,ok
EES0423748__X30__Y1E__P015.jpg,0.908578,31.795097,ok
EES0423748__X33__Y1E__P016.jpg,0.808944,21.276002,ok
EES0423748__X33__Y21__P017.jpg,0.868034,24.246633,ok
EES0423748__X36__Y1E__P018.jpg,0.750086,17.835977,ok
EES0423748__X36__Y21__P019.jpg,0.850163,19.526803,ok
EES0423748__X39__Y18__P020.jpg,0.700257,16.942277,ok
EES0423748__X39__Y1B__P021.jpg,0.800873,18.942692,ok
EES0423748__X39__Y1E__P022.jpg,0.784256,21.129128,ok
EES0423748__X3C__Y1B__P023.jpg,0.831918,18.540827,ok
EES0423748__X3C__Y1E__P024.jpg,0.690836,16.774203,ok
EES0423748__X3C__Y21__P025.jpg,0.731457,17.829868,ok
EES0423749__X0C__Y15__P001.jpg,0.855692,21.469046,ok
EES0423749__X0F__Y12__P002.jpg,0.703687,17.055968,ok
EES0423749__X12__Y0F__P003.jpg,0.842642,21.536026,ok
EES0423749__X15__Y09__P004.jpg,0.793232,17.897932,ok
EES0423749__X18__Y09__P005.jpg,0.802174,18.336918,ok
EES0423749__X1E__Y09__P006.jpg,0.797441,18.438711,ok
EES0423749__X21__Y3F__P007.jpg,0.811650,20.697832,ok
EES0423749__X24__Y3F__P008.jpg,0.689428,17.058693,ok
EES0423749__X27__Y09__P009.jpg,0.860389,19.362120,ok
EES0423749__X2A__Y09__P010.jpg,0.754419,19.468191,ok
EES0423749__X2A__Y3F__P011.jpg,0.852009,22.507009,ok
EES0423749__X2D__Y09__P012.jpg,0.738804,18.151944,ok
EES0423749__X2D__Y0C__P013.jpg,0.752770,17.887040,ok
EES0423749__X30__Y09__P014.jpg,0.800453,18.098072,ok
EES0423749__X33__Y09__P015.jpg,0.764026,18.201480,ok
EES0423749__X33__Y0C__P016.jpg,0.874112,22.191073,ok
EES0423749__X36__Y09__P017.jpg,0.787804,18.954865,ok
EES0423749__X36__Y0C__P018.jpg,0.832538,20.704601,ok
EES0423749__X36__Y0F__P019.jpg,0.874742,24.191384,ok
EES0423749__X36__Y1B__P020.jpg,0.771028,18.349275,ok
EES0423749__X36__Y21__P021.jpg,0.862943,20.669851,ok
EES0423749__X36__Y33__P022.jpg,0.808752,19.647826,ok
EES0423749__X39__Y09__P023.jpg,0.810983,19.077870,ok
EES0423749__X39__Y0C__P024.jpg,0.777483,17.889789,ok
EES0423749__X3C__Y0C__P025.jpg,0.871247,21.110785,ok
EES0423750__X0F__Y30__P001.jpg,0.850269,22.389724,ok
EES0423750__X0F__Y36__P002.jpg,0.825787,20.624320,ok
EES0423750__X0F__Y39__P003.jpg,0.761511,17.640499,ok
EES0423750__X0F__Y3C__P004.jpg,0.815224,21.250802,ok
EES0423750__X12__Y1B__P005.jpg,0.833964,20.558589,ok
EES0423750__X12__Y24__P006.jpg,0.836964,20.399652,ok
EES0423750__X12__Y27__P007.jpg,0.724543,17.954991,ok
EES0423750__X12__Y30__P008.jpg,0.776564,18.211661,ok
EES0423750__X12__Y36__P009.jpg,0.728584,18.340403,ok
EES0423750__X12__Y39__P010.jpg,0.823536,19.133959,ok
EES0423750__X12__Y3C__P011.jpg,0.870230,23.518503,ok
EES0423750__X15__Y12__P012.jpg,0.798955,19.481465,ok
EES0423750__X15__Y21__P013.jpg,0.778044,19.954238,ok
EES0423750__X15__Y24__P014.jpg,0.776021,19.642783,ok
EES0423750__X15__Y27__P015.jpg,0.830437,21.440717,ok
EES0423750__X15__Y30__P016.jpg,0.768350,19.374048,ok
EES0423750__X15__Y36__P017.jpg,0.800513,21.716936,ok
EES0423750__X15__Y39__P018.jpg,0.827280,22.989127,ok
EES0423750__X18__Y2A__P019.jpg,0.809853,20.145409,ok
EES0423750__X18__Y30__P020.jpg,0.740748,18.980360,ok
EES0423750__X18__Y36__P021.jpg,0.855844,23.546500,ok
EES0423750__X18__Y3C__P022.jpg,0.764485,18.704724,ok
EES0423750__X1B__Y0F__P023.jpg,0.875897,25.538032,ok
EES0423750__X1B__Y1B__P024.jpg,0.821441,20.243569,ok
EES0423750__X1B__Y27__P025.jpg,0.821884,21.064757,ok
EES0423751__X06__Y30__P001.jpg,0.807873,21.861874,ok
EES0423751__X06__Y33__P002.jpg,0.757345,18.395738,ok
EES0423751__X09__Y36__P003.jpg,0.800431,17.740681,ok
EES0423751__X0C__Y15__P004.jpg,0.815887,19.756498,ok
EES0423751__X0C__Y24__P005.jpg,0.808800,17.981910,ok
EES0423751__X0C__Y33__P006.jpg,0.754717,18.738200,ok
EES0423751__X0C__Y36__P007.jpg,0.751996,17.806594,ok
EES0423751__X0C__Y3C__P008.jpg,0.851955,21.008860,ok
EES0423751__X0F__Y15__P009.jpg,0.829643,19.018446,ok
EES0423751__X0F__Y18__P010.jpg,0.796264,18.714541,ok
EES0423751__X0F__Y1B__P011.jpg,0.757645,18.281566,ok
EES0423751__X0F__Y36__P012.jpg,0.782986,17.940382,ok
EES0423751__X0F__Y3C__P013.jpg,0.840347,19.361245,ok
EES0423751__X0F__Y3F__P014.jpg,0.832553,19.205932,ok
EES0423751__X15__Y09__P015.jpg,0.921478,28.751878,ok
EES0423751__X15__Y3C__P016.jpg,0.862045,23.917536,ok
EES0423751__X18__Y09__P017.jpg,0.846962,21.809651,ok
EES0423751__X18__Y42__P018.jpg,0.830032,23.815034,ok
EES0423751__X1B__Y09__P019.jpg,0.723430,17.254523,ok
EES0423751__X1B__Y0C__P020.jpg,0.779038,18.662209,ok
EES0423751__X1E__Y39__P021.jpg,0.796268,18.778692,ok
EES0423751__X1E__Y42__P022.jpg,0.826974,18.665819,ok
EES0423751__X21__Y3C__P023.jpg,0.794085,20.780254,ok
EES0423751__X21__Y3F__P024.jpg,0.843761,19.939348,ok
EES0423751__X21__Y42__P025.jpg,0.812593,18.450592,ok
EES0423752__X1E__Y15__P001.jpg,0.752691,17.220706,ok
EES0423752__X1E__Y27__P002.jpg,0.763151,19.056666,ok
EES0423752__X1E__Y2A__P003.jpg,0.843062,20.607394,ok
EES0423752__X1E__Y42__P004.jpg,0.819484,19.201262,ok
EES0423752__X21__Y1B__P005.jpg,0.758977,17.147531,ok
EES0423752__X21__Y21__P006.jpg,0.759139,18.584467,ok
EES0423752__X21__Y42__P007.jpg,0.680332,16.696045,ok
EES0423752__X24__Y21__P008.jpg,0.783656,19.315512,ok
EES0423752__X24__Y24__P009.jpg,0.805155,18.918480,ok
EES0423752__X24__Y3C__P010.jpg,0.803629,17.879365,ok
EES0423752__X27__Y2D__P011.jpg,0.865670,21.495084,ok
EES0423752__X27__Y30__P012.jpg,0.804353,19.098155,ok
EES0423752__X2A__Y12__P013.jpg,0.864208,22.901074,ok
EES0423752__X2A__Y1E__P014.jpg,0.865075,19.514177,ok
EES0423752__X2A__Y21__P015.jpg,0.885939,24.169128,ok
EES0423752__X2A__Y2D__P016.jpg,0.868235,18.540258,ok
EES0423752__X2A__Y30__P017.jpg,0.877518,21.580504,ok
EES0423752__X2A__Y36__P018.jpg,0.870736,22.423894,ok
EES0423752__X2D__Y12__P019.jpg,0.827994,19.375509,ok
EES0423752__X2D__Y1B__P020.jpg,0.862902,21.069402,ok
EES0423752__X2D__Y21__P021.jpg,0.904546,24.774601,ok
EES0423752__X2D__Y2D__P022.jpg,0.874051,25.415267,ok
EES0423752__X2D__Y30__P023.jpg,0.812854,19.160468,ok
EES0423752__X2D__Y3C__P024.jpg,0.801692,19.185664,ok
EES0423752__X30__Y27__P025.jpg,0.815116,19.149313,ok
EES0423753__X09__Y27__P001.jpg,0.806218,17.718033,ok
EES0423753__X09__Y2A__P002.jpg,0.804087,20.867328,ok
EES0423753__X09__Y2D__P003.jpg,0.796703,18.761592,ok
EES0423753__X0C__Y18__P004.jpg,0.840351,18.873177,ok
EES0423753__X0C__Y1B__P005.jpg,0.794130,20.186576,ok
EES0423753__X0C__Y1E__P006.jpg,0.803599,19.061428,ok
EES0423753__X0C__Y21__P007.jpg,0.822080,23.742954,ok
EES0423753__X0C__Y2A__P008.jpg,0.867563,22.971658,ok
EES0423753__X0F__Y12__P009.jpg,0.793382,18.960319,ok
EES0423753__X0F__Y27__P010.jpg,0.861717,22.549559,ok
EES0423753__X0F__Y33__P011.jpg,0.869870,19.768444,ok
EES0423753__X0F__Y36__P012.jpg,0.725405,16.781024,ok
EES0423753__X12__Y24__P013.jpg,0.833241,21.045933,ok
EES0423753__X12__Y36__P014.jpg,0.841428,20.208389,ok
EES0423753__X15__Y36__P015.jpg,0.860912,21.971541,ok
EES0423753__X18__Y0C__P016.jpg,0.842664,19.305876,ok
EES0423753__X18__Y1B__P017.jpg,0.813359,20.259026,ok
EES0423753__X18__Y1E__P018.jpg,0.861025,23.907575,ok
EES0423753__X1B__Y0C__P019.jpg,0.885512,21.267197,ok
EES0423753__X1B__Y30__P020.jpg,0.774460,19.277575,ok
EES0423753__X1E__Y0C__P021.jpg,0.831143,21.380769,ok
EES0423753__X21__Y0C__P022.jpg,0.816625,21.061391,ok
EES0423753__X24__Y1E__P023.jpg,0.777607,20.538374,ok
EES0423753__X24__Y24__P024.jpg,0.838113,20.357265,ok
EES0423753__X27__Y09__P025.jpg,0.793782,20.108610,ok
EES0423754__X27__Y0C__P001.jpg,0.843610,18.288563,ok
EES0423754__X27__Y0F__P002.jpg,0.817795,19.848135,ok
EES0423754__X27__Y24__P003.jpg,0.782544,19.381997,ok
EES0423754__X27__Y27__P004.jpg,0.810449,19.530737,ok
EES0423754__X2A__Y12__P005.jpg,0.855076,21.457292,ok
EES0423754__X2A__Y3F__P006.jpg,0.815177,18.784085,ok
EES0423754__X2D__Y0C__P007.jpg,0.905659,27.425525,ok
EES0423754__X2D__Y12__P008.jpg,0.764212,17.565936,ok
EES0423754__X2D__Y1B__P009.jpg,0.810351,20.968868,ok
EES0423754__X2D__Y1E__P010.jpg,0.886740,22.721921,ok
EES0423754__X2D__Y27__P011.jpg,0.904443,22.768035,ok
EES0423754__X2D__Y2A__P012.jpg,0.814702,19.048634,ok
EES0423754__X2D__Y42__P013.jpg,0.819297,18.954443,ok
EES0423754__X30__Y0C__P014.jpg,0.823730,18.864388,ok
EES0423754__X30__Y0F__P015.jpg,0.807653,20.917832,ok
EES0423754__X30__Y12__P016.jpg,0.767856,17.583396,ok
EES0423754__X30__Y15__P017.jpg,0.893024,22.718181,ok
EES0423754__X30__Y18__P018.jpg,0.834058,18.872746,ok
EES0423754__X30__Y27__P019.jpg,0.677039,17.029834,ok
EES0423754__X33__Y0C__P020.jpg,0.767006,18.016103,ok
EES0423754__X33__Y0F__P021.jpg,0.797913,17.617975,ok
EES0423754__X33__Y12__P022.jpg,0.790854,17.930134,ok
EES0423754__X36__Y0F__P023.jpg,0.843318,23.711597,ok
EES0423754__X36__Y12__P024.jpg,0.840801,22.801386,ok
EES0423754__X36__Y15__P025.jpg,0.821563,19.673399,ok
EES0423755__X33__Y24__P001.jpg,0.793832,17.911928,ok
EES0423755__X33__Y27__P002.jpg,0.918254,24.377295,ok
EES0423755__X33__Y33__P003.jpg,0.777439,19.600183,ok
EES0423755__X36__Y12__P004.jpg,0.703833,17.431544,ok
EES0423755__X36__Y15__P005.jpg,0.851059,21.191326,ok
EES0423755__X36__Y1E__P006.jpg,0.913031,26.516281,ok
EES0423755__X36__Y21__P007.jpg,0.836413,21.529948,ok
EES0423755__X36__Y24__P008.jpg,0.832587,20.697657,ok
EES0423755__X36__Y27__P009.jpg,0.886011,21.921388,ok
EES0423755__X39__Y24__P010.jpg,0.778308,19.012362,ok
EES0423755__X3C__Y24__P011.jpg,0.787204,18.430785,ok
EES0423755__X03__Y21__P012.jpg,0.858422,21.147805,ok
EES0423755__X03__Y24__P013.jpg,0.879847,25.071850,ok
EES0423755__X03__Y33__P014.jpg,0.837153,21.287244,ok
EES0423755__X06__Y30__P015.jpg,0.842732,20.563463,ok
EES0423755__X06__Y36__P016.jpg,0.779534,19.837652,ok
EES0423755__X09__Y3C__P017.jpg,0.800950,18.342468,ok
EES0423755__X0C__Y12__P018.jpg,0.837090,18.957372,ok
EES0423755__X0C__Y15__P019.jpg,0.853430,21.977087,ok
EES0423755__X0C__Y36__P020.jpg,0.865258,21.306323,ok
EES0423755__X0C__Y3F__P021.jpg,0.803365,18.147060,ok
EES0423755__X0F__Y15__P022.jpg,0.894012,27.216308,ok
EES0423755__X0F__Y42__P023.jpg,0.846210,19.452354,ok
EES0423755__X12__Y15__P024.jpg,0.827170,22.107285,ok
EES0423755__X12__Y30__P025.jpg,0.731299,17.287622,ok
EES0423756__X15__Y0F__P001.jpg,0.780622,18.400248,ok
EES0423756__X15__Y15__P002.jpg,0.798111,18.863817,ok
EES0423756__X15__Y18__P003.jpg,0.799207,19.810795,ok
EES0423756__X15__Y1B__P004.jpg,0.835512,19.717098,ok
EES0423756__X15__Y21__P005.jpg,0.836308,20.103208,ok
EES0423756__X15__Y24__P006.jpg,0.844930,20.776889,ok
EES0423756__X15__Y45__P007.jpg,0.736631,18.922511,ok
EES0423756__X18__Y0C__P008.jpg,0.808158,20.121734,ok
EES0423756__X18__Y18__P009.jpg,0.756629,18.327776,ok
EES0423756__X18__Y27__P010.jpg,0.801400,20.193336,ok
EES0423756__X18__Y2D__P011.jpg,0.862893,20.223160,ok
EES0423756__X18__Y33__P012.jpg,0.826074,19.307883,ok
EES0423756__X18__Y39__P013.jpg,0.762090,18.215206,ok
EES0423756__X18__Y3C__P014.jpg,0.828049,19.888751,ok
EES0423756__X18__Y45__P015.jpg,0.872846,18.952564,ok
EES0423756__X1B__Y0C__P016.jpg,0.771527,20.033832,ok
EES0423756__X1B__Y0F__P017.jpg,0.826025,23.064108,ok
EES0423756__X1B__Y1E__P018.jpg,0.768849,19.322705,ok
EES0423756__X1B__Y27__P019.jpg,0.815732,19.594691,ok
EES0423756__X1B__Y45__P020.jpg,0.857803,21.496600,ok
EES0423756__X1E__Y09__P021.jpg,0.769359,18.536747,ok
EES0423756__X21__Y09__P022.jpg,0.796535,21.003390,ok
EES0423756__X21__Y0F__P023.jpg,0.907799,29.400308,ok
EES0423756__X24__Y09__P024.jpg,0.761873,19.248156,ok
EES0423756__X27__Y42__P025.jpg,0.818686,19.374422,ok
EES0423757__X36__Y21__P001.jpg,0.910638,26.814693,ok
EES0423757__X36__Y24__P002.jpg,0.765983,18.243496,ok
EES0423757__X36__Y27__P003.jpg,0.810334,22.169421,ok
EES0423757__X39__Y1B__P004.jpg,0.843856,18.991175,ok
EES0423757__X39__Y1E__P005.jpg,0.777793,20.612858,ok
EES0423757__X39__Y21__P006.jpg,0.777554,18.616491,ok
EES0423757__X3C__Y1B__P007.jpg,0.766271,20.095358,ok
EES0423757__X3C__Y1E__P008.jpg,0.839117,20.182447,ok
EES0423757__X3C__Y21__P009.jpg,0.821989,20.353951,ok
EES0423757__X3C__Y24__P010.jpg,0.849709,21.255339,ok
EES0423757__X0C__Y1B__P011.jpg,0.825681,22.893196,ok
EES0423757__X0C__Y1E__P012.jpg,0.760319,21.617792,ok
EES0423757__X0C__Y21__P013.jpg,0.769822,20.856728,ok
EES0423757__X0C__Y24__P014.jpg,0.880398,19.487587,ok
EES0423757__X0C__Y27__P015.jpg,0.835452,20.753908,ok
EES0423757__X0C__Y2A__P016.jpg,0.847580,25.117571,ok
EES0423757__X0C__Y2D__P017.jpg,0.786658,21.778684,ok
EES0423757__X0C__Y30__P018.jpg,0.769745,18.236429,ok
EES0423757__X0C__Y39__P019.jpg,0.778354,19.921537,ok
EES0423757__X0F__Y18__P020.jpg,0.854202,22.474676,ok
EES0423757__X0F__Y1B__P021.jpg,0.806388,17.979319,ok
EES0423757__X0F__Y1E__P022.jpg,0.876959,20.483284,ok
EES0423757__X0F__Y21__P023.jpg,0.899785,26.435753,ok
EES0423757__X0F__Y24__P024.jpg,0.817574,22.809832,ok
EES0423757__X0F__Y27__P025.jpg,0.801742,19.764710,ok
EES0423758__X0F__Y30__P001.jpg,0.819494,20.436660,ok
EES0423758__X0F__Y33__P002.jpg,0.851922,23.653150,ok
EES0423758__X12__Y12__P003.jpg,0.692878,16.986982,ok
EES0423758__X12__Y15__P004.jpg,0.860160,24.603418,ok
EES0423758__X12__Y18__P005.jpg,0.727893,19.474449,ok
EES0423758__X12__Y1B__P006.jpg,0.728356,18.848464,ok
EES0423758__X12__Y27__P007.jpg,0.834170,22.301627,ok
EES0423758__X12__Y2A__P008.jpg,0.858798,25.059026,ok
EES0423758__X12__Y3F__P009.jpg,0.732918,19.094114,ok
EES0423758__X15__Y12__P010.jpg,0.892826,26.130058,ok
EES0423758__X15__Y15__P011.jpg,0.760664,20.198925,ok
EES0423758__X15__Y42__P012.jpg,0.808830,19.099140,ok
EES0423758__X18__Y0C__P013.jpg,0.900873,25.662063,ok
EES0423758__X18__Y0F__P014.jpg,0.855165,24.833690,ok
EES0423758__X18__Y12__P015.jpg,0.860383,25.304004,ok
EES0423758__X18__Y15__P016.jpg,0.776676,20.008848,ok
EES0423758__X18__Y1E__P017.jpg,0.766579,20.495818,ok
EES0423758__X1B__Y0C__P018.jpg,0.837437,21.227680,ok
EES0423758__X1B__Y0F__P019.jpg,0.756792,19.656578,ok
EES0423758__X1B__Y12__P020.jpg,0.726083,17.781679,ok
EES0423758__X1B__Y15__P021.jpg,0.797468,21.944686,ok
EES0423758__X1B__Y21__P022.jpg,0.809784,21.807483,ok
EES0423758__X1B__Y45__P023.jpg,0.886461,23.391814,ok
EES0423758__X1E__Y09__P024.jpg,0.711886,18.554231,ok
EES0423758__X1E__Y0C__P025.jpg,0.860672,22.916479,ok
EES0423759__X1E__Y12__P001.jpg,0.802096,21.216203,ok
EES0423759__X21__Y09__P002.jpg,0.784919,19.843067,ok
EES0423759__X21__Y0C__P003.jpg,0.719531,17.670820,ok
EES0423759__X21__Y0F__P004.jpg,0.860008,19.419297,ok
EES0423759__X21__Y12__P005.jpg,0.870236,22.585478,ok
EES0423759__X21__Y15__P006.jpg,0.851666,23.318970,ok
EES0423759__X24__Y09__P007.jpg,0.843931,20.114150,ok
EES0423759__X24__Y0C__P008.jpg,0.747009,18.923186,ok
EES0423759__X27__Y09__P009.jpg,0.782782,19.495829,ok
EES0423759__X27__Y0C__P010.jpg,0.844264,21.419434,ok
EES0423759__X27__Y12__P011.jpg,0.776479,19.046412,ok
EES0423759__X2A__Y09__P012.jpg,0.835865,21.505035,ok
EES0423759__X2A__Y0C__P013.jpg,0.830015,22.299976,ok
EES0423759__X2D__Y09__P014.jpg,0.819586,20.216737,ok
EES0423759__X2D__Y0C__P015.jpg,0.833357,21.881931,ok
EES0423759__X33__Y0C__P016.jpg,0.872202,24.281884,ok
EES0423759__X33__Y24__P017.jpg,0.837547,22.556118,ok
EES0423759__X33__Y45__P018.jpg,0.817539,18.721900,ok
EES0423759__X36__Y0C__P019.jpg,0.769883,19.409253,ok
EES0423759__X36__Y18__P020.jpg,0.745542,17.756310,ok
EES0423759__X36__Y1B__P021.jpg,0.818432,19.787047,ok
EES0423759__X39__Y0F__P022.jpg,0.914581,28.918166,ok
EES0423759__X39__Y12__P023.jpg,0.752050,20.055168,ok
EES0423759__X3C__Y12__P024.jpg,0.781582,17.917426,ok
EES0423759__X3C__Y15__P025.jpg,0.775607,19.231780,ok
EES0423760__X33__Y1E__P001.jpg,0.807378,19.853642,ok
EES0423760__X33__Y21__P002.jpg,0.797580,21.027559,ok
EES0423760__X33__Y24__P003.jpg,0.766211,20.078408,ok
EES0423760__X36__Y1E__P004.jpg,0.820773,19.333162,ok
EES0423760__X36__Y21__P005.jpg,0.880669,18.820544,ok
EES0423760__X39__Y21__P006.jpg,0.804703,19.011843,ok
EES0423760__X3C__Y2A__P007.jpg,0.891873,18.455192,ok
EES0423760__X3C__Y36__P008.jpg,0.816145,21.084312,ok
EES0423760__X3F__Y2A__P009.jpg,0.741705,18.026411,ok
EES0423760__X3F__Y30__P010.jpg,0.885091,22.208435,ok
EES0423760__X0C__Y1E__P011.jpg,0.817753,21.631888,ok
EES0423760__X0C__Y27__P012.jpg,0.765025,18.634881,ok
EES0423760__X0F__Y21__P013.jpg,0.863069,18.541201,ok
EES0423760__X0F__Y27__P014.jpg,0.813516,21.065852,ok
EES0423760__X12__Y21__P015.jpg,0.741655,17.226524,ok
EES0423760__X12__Y30__P016.jpg,0.913715,22.831667,ok
EES0423760__X15__Y30__P017.jpg,0.785584,20.005038,ok
EES0423760__X18__Y0C__P018.jpg,0.836842,21.662590,ok
EES0423760__X18__Y0F__P019.jpg,0.886475,20.241148,ok
EES0423760__X18__Y15__P020.jpg,0.931242,28.965819,ok
EES0423760__X18__Y30__P021.jpg,0.800163,18.324780,ok
EES0423760__X18__Y36__P022.jpg,0.766367,17.549001,ok
EES0423760__X1B__Y0C__P023.jpg,0.868716,19.175179,ok
EES0423760__X1B__Y0F__P024.jpg,0.922031,23.907172,ok
EES0423760__X1B__Y15__P025.jpg,0.893898,20.300265,ok
EES0423761__X1B__Y1E__P001.jpg,0.837335,24.175523,ok
EES0423761__X1B__Y36__P002.jpg,0.800904,19.940730,ok
EES0423761__X1E__Y0C__P003.jpg,0.714011,16.791981,ok
EES0423761__X1E__Y15__P004.jpg,0.819270,18.383026,ok
EES0423761__X1E__Y21__P005.jpg,0.744635,17.586134,ok
EES0423761__X1E__Y36__P006.jpg,0.792495,18.154243,ok
EES0423761__X21__Y0C__P007.jpg,0.800224,20.182693,ok
EES0423761__X21__Y12__P008.jpg,0.762839,17.946031,ok
EES0423761__X21__Y24__P009.jpg,0.777181,17.696572,ok
EES0423761__X21__Y30__P010.jpg,0.723209,17.109488,ok
EES0423761__X24__Y0C__P011.jpg,0.808525,20.302286,ok
EES0423761__X24__Y21__P012.jpg,0.873192,23.164010,ok
EES0423761__X2A__Y0C__P013.jpg,0.826241,21.968264,ok
EES0423761__X2A__Y12__P014.jpg,0.823561,21.897968,ok
EES0423761__X2A__Y27__P015.jpg,0.785308,18.456527,ok
EES0423761__X2D__Y0C__P016.jpg,0.796193,19.944436,ok
EES0423761__X2D__Y12__P017.jpg,0.840066,21.756619,ok
EES0423761__X2D__Y15__P018.jpg,0.839770,19.581272,ok
EES0423761__X2D__Y18__P019.jpg,0.714524,16.682981,ok
EES0423761__X30__Y18__P020.jpg,0.814243,20.714782,ok
EES0423761__X33__Y0C__P021.jpg,0.749922,19.597668,ok
EES0423761__X33__Y15__P022.jpg,0.771388,17.926378,ok
EES0423761__X33__Y18__P023.jpg,0.740383,17.259519,ok
EES0423761__X33__Y27__P024.jpg,0.837090,21.081733,ok
EES0423761__X33__Y36__P025.jpg,0.818908,19.841436,ok
EES0423762__X24__Y09__P001.jpg,0.762069,17.530335,ok
EES0423762__X27__Y09__P002.jpg,0.864554,21.507574,ok
EES0423762__X2A__Y09__P003.jpg,0.833849,22.856061,ok
EES0423762__X30__Y0C__P004.jpg,0.857898,18.926681,ok
EES0423762__X30__Y45__P005.jpg,0.741925,18.400170,ok
EES0423762__X33__Y0F__P006.jpg,0.843559,21.046575,ok
EES0423762__X36__Y0F__P007.jpg,0.760660,18.600644,ok
EES0423762__X36__Y42__P008.jpg,0.846353,18.786114,ok
EES0423762__X39__Y12__P009.jpg,0.826130,19.988802,ok
EES0423762__X39__Y3F__P010.jpg,0.895429,26.041609,ok
EES0423762__X3C__Y15__P011.jpg,0.792831,19.924294,ok
EES0423762__X3C__Y3C__P012.jpg,0.750694,17.810835,ok
EES0423762__X3F__Y1B__P013.jpg,0.908556,26.811778,ok
EES0423762__X42__Y1E__P014.jpg,0.837615,19.594548,ok
EES0423762__X42__Y21__P015.jpg,0.910097,29.433927,ok
EES0423762__X03__Y1E__P016.jpg,0.794774,19.178385,ok
EES0423762__X03__Y21__P017.jpg,0.859209,19.087327,ok
EES0423762__X03__Y27__P018.jpg,0.778325,18.376999,ok
EES0423762__X03__Y2A__P019.jpg,0.736637,18.506109,ok
EES0423762__X03__Y2D__P020.jpg,0.724059,17.921949,ok
EES0423762__X06__Y33__P021.jpg,0.737980,18.472958,ok
EES0423762__X0C__Y0F__P022.jpg,0.919511,28.687491,ok
EES0423762__X0C__Y3C__P023.jpg,0.863044,21.994407,ok
EES0423762__X0F__Y42__P024.jpg,0.852488,25.053726,ok
EES0423762__X12__Y45__P025.jpg,0.752276,17.488013,ok
EES0423763__X06__Y3C__P001.jpg,0.895512,22.850297,ok
EES0423763__X06__Y3F__P002.jpg,0.795367,18.896711,ok
EES0423763__X09__Y12__P003.jpg,0.752763,19.989239,ok
EES0423763__X09__Y3F__P004.jpg,0.841527,22.412176,ok
EES0423763__X0C__Y0F__P005.jpg,0.873216,23.343884,ok
EES0423763__X0C__Y3F__P006.jpg,0.838962,19.337958,ok
EES0423763__X0C__Y42__P007.jpg,0.815921,19.188158,ok
EES0423763__X0F__Y0C__P008.jpg,0.719328,17.269233,ok
EES0423763__X0F__Y0F__P009.jpg,0.879204,23.790507,ok
EES0423763__X0F__Y42__P010.jpg,0.818163,19.508806,ok
EES0423763__X0F__Y45__P011.jpg,0.795968,18.630002,ok
EES0423763__X12__Y0C__P012.jpg,0.834709,23.616125,ok
EES0423763__X12__Y45__P013.jpg,0.805334,22.078476,ok
EES0423763__X15__Y09__P014.jpg,0.808753,17.978693,ok
EES0423763__X15__Y45__P015.jpg,0.890448,27.038986,ok
EES0423763__X18__Y09__P016.jpg,0.882219,21.287108,ok
EES0423763__X1B__Y09__P017.jpg,0.709406,17.316651,ok
EES0423763__X2A__Y09__P018.jpg,0.766802,18.313792,ok
EES0423763__X2D__Y09__P019.jpg,0.775396,20.077738,ok
EES0423763__X30__Y09__P020.jpg,0.874233,22.542137,ok
EES0423763__X30__Y45__P021.jpg,0.887703,23.515070,ok
EES0423763__X33__Y09__P022.jpg,0.856232,21.154176,ok
EES0423763__X33__Y0C__P023.jpg,0.911607,27.881766,ok
EES0423763__X36__Y09__P024.jpg,0.799620,20.800071,ok
EES0423763__X36__Y0C__P025.jpg,0.785458,19.161415,ok
EES0423764__X42__Y2D__P001.jpg,0.865927,20.763667,ok
EES0423764__X42__Y30__P002.jpg,0.760817,18.654429,ok
EES0423764__X09__Y2A__P003.jpg,0.875077,21.827647,ok
EES0423764__X0C__Y1E__P004.jpg,0.763384,20.282564,ok
EES0423764__X0F__Y27__P005.jpg,0.849116,21.208904,ok
EES0423764__X0F__Y2A__P006.jpg,0.818240,20.351634,ok
EES0423764__X12__Y1E__P007.jpg,0.833307,19.997173,ok
EES0423764__X15__Y18__P008.jpg,0.756632,18.878704,ok
EES0423764__X15__Y1B__P009.jpg,0.786827,18.744042,ok
EES0423764__X18__Y12__P010.jpg,0.882614,26.523997,ok
EES0423764__X18__Y15__P011.jpg,0.849002,20.774967,ok
EES0423764__X18__Y1E__P012.jpg,0.842947,21.837062,ok
EES0423764__X18__Y24__P013.jpg,0.872310,24.263542,ok
EES0423764__X18__Y27__P014.jpg,0.781140,18.849145,ok
EES0423764__X18__Y2A__P015.jpg,0.773979,19.253629,ok
EES0423764__X18__Y2D__P016.jpg,0.836662,18.508923,ok
EES0423764__X18__Y30__P017.jpg,0.764386,17.942410,ok
EES0423764__X1B__Y0F__P018.jpg,0.823726,22.550223,ok
EES0423764__X1B__Y15__P019.jpg,0.829979,19.969220,ok
EES0423764__X1B__Y1B__P020.jpg,0.796194,21.653568,ok
EES0423764__X1B__Y24__P021.jpg,0.797818,18.776841,ok
EES0423764__X1B__Y27__P022.jpg,0.728322,18.074356,ok
EES0423764__X1B__Y2A__P023.jpg,0.783311,17.719558,ok
EES0423764__X1B__Y2D__P024.jpg,0.838121,19.868424,ok
EES0423764__X1B__Y30__P025.jpg,0.854698,22.222277,ok
EES0423765__X1B__Y33__P001.jpg,0.817036,20.131248,ok
EES0423765__X1E__Y1B__P002.jpg,0.846726,20.494186,ok
EES0423765__X1E__Y1E__P003.jpg,0.829435,20.353674,ok
EES0423765__X1E__Y2D__P004.jpg,0.834378,20.935555,ok
EES0423765__X1E__Y30__P005.jpg,0.805707,21.447680,ok
EES0423765__X21__Y0C__P006.jpg,0.821316,20.154680,ok
EES0423765__X21__Y0F__P007.jpg,0.829895,20.676109,ok
EES0423765__X21__Y15__P008.jpg,0.805383,19.053797,ok
EES0423765__X21__Y18__P009.jpg,0.865160,23.222149,ok
EES0423765__X21__Y1E__P010.jpg,0.838896,21.941742,ok
EES0423765__X21__Y24__P011.jpg,0.789547,19.754505,ok
EES0423765__X21__Y27__P012.jpg,0.828398,21.313011,ok
EES0423765__X21__Y2A__P013.jpg,0.844870,21.131095,ok
EES0423765__X21__Y30__P014.jpg,0.809283,18.630253,ok
EES0423765__X21__Y33__P015.jpg,0.817868,19.296669,ok
EES0423765__X24__Y0C__P016.jpg,0.903080,24.472078,ok
EES0423765__X24__Y15__P017.jpg,0.819622,19.531346,ok
EES0423765__X24__Y18__P018.jpg,0.822101,20.580950,ok
EES0423765__X24__Y24__P019.jpg,0.827096,21.033558,ok
EES0423765__X24__Y27__P020.jpg,0.821829,21.293884,ok
EES0423765__X24__Y2A__P021.jpg,0.835613,21.078115,ok
EES0423765__X24__Y2D__P022.jpg,0.771677,19.795382,ok
EES0423765__X24__Y30__P023.jpg,0.765343,19.612998,ok
EES0423765__X24__Y33__P024.jpg,0.836470,19.454988,ok
EES0423765__X24__Y36__P025.jpg,0.860289,21.561591,ok
EES0423766__X0C__Y24__P001.jpg,0.821699,20.392143,ok
EES0423766__X0C__Y27__P002.jpg,0.840826,19.056031,ok
EES0423766__X0C__Y2A__P003.jpg,0.761770,18.942605,ok
EES0423766__X0C__Y2D__P004.jpg,0.771770,19.082648,ok
EES0423766__X0C__Y30__P005.jpg,0.916518,25.673038,ok
EES0423766__X0C__Y33__P006.jpg,0.770393,17.222030,ok
EES0423766__X0F__Y1E__P007.jpg,0.788287,17.365408,ok
EES0423766__X0F__Y2A__P008.jpg,0.791296,18.784449,ok
EES0423766__X0F__Y30__P009.jpg,0.832652,23.035588,ok
EES0423766__X0F__Y33__P010.jpg,0.839583,17.769852,ok
EES0423766__X0F__Y36__P011.jpg,0.793817,17.665648,ok
EES0423766__X12__Y24__P012.jpg,0.894703,23.727639,ok
EES0423766__X12__Y27__P013.jpg,0.834765,20.118695,ok
EES0423766__X12__Y33__P014.jpg,0.876576,22.911488,ok
EES0423766__X12__Y36__P015.jpg,0.860379,19.614826,ok
EES0423766__X12__Y3C__P016.jpg,0.760628,17.639318,ok
EES0423766__X15__Y3F__P017.jpg,0.799961,19.143115,ok
EES0423766__X18__Y09__P018.jpg,0.799357,20.008845,ok
EES0423766__X18__Y3F__P019.jpg,0.764002,17.833999,ok
EES0423766__X1B__Y09__P020.jpg,0.911820,24.124682,ok
EES0423766__X1B__Y3F__P021.jpg,0.678611,17.100573,ok
EES0423766__X1B__Y42__P022.jpg,0.865136,18.994057,ok
EES0423766__X1E__Y3F__P023.jpg,0.787415,18.380582,ok
EES0423766__X1E__Y42__P024.jpg,0.820588,18.095660,ok
EES0423766__X21__Y3F__P025.jpg,0.729007,17.082822,ok
EES0423767__X0F__Y18__P001.jpg,0.781216,19.356418,ok
EES0423767__X0F__Y27__P002.jpg,0.798156,18.000129,ok
EES0423767__X0F__Y30__P003.jpg,0.899869,24.867493,ok
EES0423767__X0F__Y33__P004.jpg,0.720405,17.989266,ok
EES0423767__X12__Y33__P005.jpg,0.833853,20.738053,ok
EES0423767__X12__Y36__P006.jpg,0.767311,20.265092,ok
EES0423767__X12__Y39__P007.jpg,0.745007,20.388300,ok
EES0423767__X15__Y36__P008.jpg,0.743587,17.722096,ok
EES0423767__X15__Y39__P009.jpg,0.781533,20.189553,ok
EES0423767__X18__Y0F__P010.jpg,0.814264,18.616727,ok
EES0423767__X1B__Y0C__P011.jpg,0.779038,18.321811,ok
EES0423767__X1B__Y42__P012.jpg,0.862172,22.333006,ok
EES0423767__X1E__Y0C__P013.jpg,0.729697,18.989632,ok
EES0423767__X1E__Y42__P014.jpg,0.755198,19.091326,ok
EES0423767__X21__Y0C__P015.jpg,0.905704,26.138766,ok
EES0423767__X2D__Y45__P016.jpg,0.764153,18.394127,ok
EES0423767__X30__Y0C__P017.jpg,0.868447,21.642114,ok
EES0423767__X33__Y0C__P018.jpg,0.829267,20.467793,ok
EES0423767__X33__Y42__P019.jpg,0.903582,24.498015,ok
EES0423767__X39__Y0F__P020.jpg,0.770897,18.001780,ok
EES0423767__X3C__Y12__P021.jpg,0.825357,18.852686,ok
EES0423767__X3C__Y15__P022.jpg,0.690551,17.167121,ok
EES0423767__X3C__Y18__P023.jpg,0.775590,17.668077,ok
EES0423767__X3C__Y36__P024.jpg,0.719567,17.513566,ok
EES0423767__X3C__Y39__P025.jpg,0.747701,18.602405,ok
EES0423768__X3F__Y18__P001.jpg,0.814967,18.057987,ok
EES0423768__X3F__Y1B__P002.jpg,0.836733,18.793699,ok
EES0423768__X3F__Y33__P003.jpg,0.692143,17.204871,ok
EES0423768__X3F__Y36__P004.jpg,0.692079,17.355630,ok
EES0423768__X3F__Y39__P005.jpg,0.679965,16.533714,ok
EES0423768__X42__Y1B__P006.jpg,0.903118,24.861242,ok
EES0423768__X42__Y1E__P007.jpg,0.732128,17.818261,ok
EES0423768__X42__Y21__P008.jpg,0.650451,16.201246,ok
EES0423768__X42__Y27__P009.jpg,0.638138,17.525313,ok
EES0423768__X42__Y2D__P010.jpg,0.864128,23.946036,ok
EES0423768__X42__Y30__P011.jpg,0.783780,18.080997,ok
EES0423768__X42__Y33__P012.jpg,0.693529,16.667926,ok
EES0423768__X45__Y21__P013.jpg,0.812096,20.728204,ok
EES0423768__X45__Y24__P014.jpg,0.857739,21.659462,ok
EES0423768__X45__Y2A__P015.jpg,0.912112,26.067169,ok
EES0423768__X0F__Y18__P016.jpg,0.781049,18.328253,ok
EES0423768__X0F__Y21__P017.jpg,0.648071,16.965500,ok
EES0423768__X0F__Y24__P018.jpg,0.835644,21.188572,ok
EES0423768__X0F__Y27__P019.jpg,0.909759,29.368508,ok
EES0423768__X0F__Y2D__P020.jpg,0.798408,18.629372,ok
EES0423768__X0F__Y30__P021.jpg,0.910173,24.530642,ok
EES0423768__X12__Y15__P022.jpg,0.884621,24.359769,ok
EES0423768__X12__Y1B__P023.jpg,0.838028,20.374839,ok
EES0423768__X12__Y1E__P024.jpg,0.803040,19.977346,ok
EES0423768__X12__Y24__P025.jpg,0.907195,25.792960,ok
EES0423769__X15__Y0F__P001.jpg,0.833391,18.671640,ok
EES0423769__X15__Y12__P002.jpg,0.806336,18.794985,ok
EES0423769__X15__Y18__P003.jpg,0.749380,17.111382,ok
EES0423769__X15__Y1E__P004.jpg,0.787755,18.390090,ok
EES0423769__X15__Y21__P005.jpg,0.832922,18.776590,ok
EES0423769__X18__Y18__P006.jpg,0.768043,18.356458,ok
EES0423769__X18__Y1E__P007.jpg,0.870894,26.707316,ok
EES0423769__X1E__Y09__P008.jpg,0.878123,21.302526,ok
EES0423769__X1E__Y3F__P009.jpg,0.815797,18.786142,ok
EES0423769__X21__Y09__P010.jpg,0.911641,24.490285,ok
EES0423769__X24__Y09__P011.jpg,0.858423,21.780664,ok
EES0423769__X2A__Y42__P012.jpg,0.812379,19.419051,ok
EES0423769__X2D__Y42__P013.jpg,0.710823,17.744315,ok
EES0423769__X36__Y3F__P014.jpg,0.690448,17.532756,ok
EES0423769__X45__Y15__P015.jpg,0.860416,20.085346,ok
EES0423769__X45__Y30__P016.jpg,0.877615,23.135505,ok
EES0423769__X48__Y1B__P017.jpg,0.787468,17.400762,ok
EES0423769__X48__Y21__P018.jpg,0.881340,27.444137,ok
EES0423769__X48__Y24__P019.jpg,0.916187,28.114786,ok
EES0423769__X48__Y27__P020.jpg,0.765335,17.238224,ok
EES0423769__X48__Y33__P021.jpg,0.834860,17.941308,ok
EES0423769__X18__Y21__P022.jpg,0.532466,15.143967,ok
EES0423769__X27__Y0C__P023.jpg,0.891215,24.354798,ok
EES0423769__X2D__Y18__P024.jpg,0.696094,16.901710,ok
EES0423769__X33__Y33__P025.jpg,0.887794,24.559738,ok
EES0423770__X09__Y18__P001.jpg,0.838288,19.035099,ok
EES0423770__X09__Y1B__P002.jpg,0.776229,17.796154,ok
EES0423770__X09__Y1E__P003.jpg,0.876240,25.579173,ok
EES0423770__X09__Y24__P004.jpg,0.859909,18.941877,ok
EES0423770__X09__Y30__P005.jpg,0.751197,18.517210,ok
EES0423770__X0C__Y12__P006.jpg,0.745577,18.722792,ok
EES0423770__X0C__Y15__P007.jpg,0.874826,25.419966,ok
EES0423770__X0F__Y36__P008.jpg,0.885426,21.565063,ok
EES0423770__X15__Y09__P009.jpg,0.859648,20.929855,ok
EES0423770__X18__Y09__P010.jpg,0.690374,16.947613,ok
EES0423770__X18__Y3F__P011.jpg,0.850327,19.042897,ok
EES0423770__X1B__Y06__P012.jpg,0.748472,18.287490,ok
EES0423770__X1E__Y06__P013.jpg,0.820618,21.516278,ok
EES0423770__X1E__Y09__P014.jpg,0.797931,20.028344,ok
EES0423770__X21__Y06__P015.jpg,0.922446,31.832316,ok
EES0423770__X24__Y06__P016.jpg,0.712392,17.055955,ok
EES0423770__X24__Y42__P017.jpg,0.822910,18.277881,ok
EES0423770__X27__Y06__P018.jpg,0.892759,24.666527,ok
EES0423770__X27__Y42__P019.jpg,0.779190,19.982939,ok
EES0423770__X2A__Y06__P020.jpg,0.765991,19.206991,ok
EES0423770__X2D__Y06__P021.jpg,0.678424,16.778782,ok
EES0423770__X30__Y06__P022.jpg,0.842873,22.438811,ok
EES0423770__X33__Y09__P023.jpg,0.801416,20.098415,ok
EES0423770__X33__Y3F__P024.jpg,0.901662,22.745309,ok
EES0423770__X36__Y09__P025.jpg,0.752242,18.895240,ok
EES0423771__X39__Y0C__P001.jpg,0.816344,22.093273,ok
EES0423771__X3F__Y36__P002.jpg,0.808469,20.643638,ok
EES0423771__X42__Y15__P003.jpg,0.709715,17.944704,ok
EES0423771__X42__Y2D__P004.jpg,0.858187,21.218620,ok
EES0423771__X42__Y30__P005.jpg,0.752048,20.373269,ok
EES0423771__X42__Y33__P006.jpg,0.680291,18.241346,ok
EES0423771__X45__Y1B__P007.jpg,0.672492,17.467807,ok
EES0423771__X45__Y1E__P008.jpg,0.780181,19.887651,ok
EES0423771__X45__Y21__P009.jpg,0.851782,20.282420,ok
EES0423771__X45__Y24__P010.jpg,0.574268,16.395384,ok
EES0423771__X45__Y27__P011.jpg,0.802534,21.046691,ok
EES0423771__X45__Y2A__P012.jpg,0.839757,21.788044,ok
EES0423771__X09__Y18__P013.jpg,0.808813,22.333093,ok
EES0423771__X09__Y1B__P014.jpg,0.798352,17.978007,ok
EES0423771__X09__Y1E__P015.jpg,0.855229,23.183904,ok
EES0423771__X09__Y21__P016.jpg,0.757286,17.530470,ok
EES0423771__X09__Y24__P017.jpg,0.802787,18.077050,ok
EES0423771__X09__Y27__P018.jpg,0.875627,21.848614,ok
EES0423771__X09__Y2A__P019.jpg,0.846323,22.554753,ok
EES0423771__X09__Y2D__P020.jpg,0.813073,23.836069,ok
EES0423771__X09__Y30__P021.jpg,0.875848,22.881263,ok
EES0423771__X09__Y42__P022.jpg,0.800477,18.442288,ok
EES0423771__X09__Y45__P023.jpg,0.795865,18.620783,ok
EES0423771__X0C__Y15__P024.jpg,0.788813,20.528815,ok
EES0423771__X0C__Y18__P025.jpg,0.636376,17.801809,ok
EES0423772__X0C__Y30__P001.jpg,0.652099,18.718233,ok
EES0423772__X0C__Y33__P002.jpg,0.582752,17.191730,ok
EES0423772__X0F__Y36__P003.jpg,0.692948,19.128316,ok
EES0423772__X0F__Y39__P004.jpg,0.830950,20.284326,ok
EES0423772__X12__Y0F__P005.jpg,0.813722,21.497241,ok
EES0423772__X12__Y39__P006.jpg,0.771957,18.483267,ok
EES0423772__X12__Y3C__P007.jpg,0.792583,22.910511,ok
EES0423772__X15__Y3F__P008.jpg,0.630419,18.228825,ok
EES0423772__X18__Y09__P009.jpg,0.815695,20.890513,ok
EES0423772__X18__Y3F__P010.jpg,0.697722,18.874818,ok
EES0423772__X1B__Y09__P011.jpg,0.608321,17.033512,ok
EES0423772__X1B__Y42__P012.jpg,0.607086,17.652516,ok
EES0423772__X1E__Y09__P013.jpg,0.689833,19.332000,ok
EES0423772__X1E__Y42__P014.jpg,0.605963,16.749832,ok
EES0423772__X21__Y06__P015.jpg,0.640103,17.770123,ok
EES0423772__X21__Y42__P016.jpg,0.838708,18.759108,ok
EES0423772__X24__Y06__P017.jpg,0.708071,18.713723,ok
EES0423772__X27__Y06__P018.jpg,0.763229,20.511593,ok
EES0423772__X27__Y42__P019.jpg,0.605009,16.589026,ok
EES0423772__X27__Y45__P020.jpg,0.598698,17.194230,ok
EES0423772__X2A__Y06__P021.jpg,0.730239,17.785035,ok
EES0423772__X2A__Y42__P022.jpg,0.805721,20.724798,ok
EES0423772__X2D__Y42__P023.jpg,0.581643,16.831329,ok
EES0423772__X30__Y42__P024.jpg,0.605780,16.892933,ok
EES0423772__X33__Y42__P025.jpg,0.840153,21.850146,ok
EES0423773__X36__Y3F__P001.jpg,0.633595,17.620242,ok
EES0423773__X39__Y0C__P002.jpg,0.629293,16.320497,ok
EES0423773__X3C__Y0F__P003.jpg,0.807551,22.220922,ok
EES0423773__X3C__Y39__P004.jpg,0.692782,20.373421,ok
EES0423773__X3F__Y0F__P005.jpg,0.636850,17.204129,ok
EES0423773__X3F__Y12__P006.jpg,0.642177,17.310719,ok
EES0423773__X3F__Y36__P007.jpg,0.692771,19.126296,ok
EES0423773__X3F__Y39__P008.jpg,0.687293,17.372207,ok
EES0423773__X42__Y15__P009.jpg,0.814543,20.396751,ok
EES0423773__X42__Y18__P010.jpg,0.700758,19.329646,ok
EES0423773__X42__Y30__P011.jpg,0.834130,20.722849,ok
EES0423773__X42__Y33__P012.jpg,0.570503,16.375964,ok
EES0423773__X45__Y18__P013.jpg,0.838362,22.381095,ok
EES0423773__X45__Y1B__P014.jpg,0.833181,21.191673,ok
EES0423773__X45__Y1E__P015.jpg,0.657993,16.943384,ok
EES0423773__X45__Y21__P016.jpg,0.816407,19.854548,ok
EES0423773__X45__Y24__P017.jpg,0.882667,21.920865,ok
EES0423773__X45__Y27__P018.jpg,0.648786,18.015742,ok
EES0423773__X45__Y2A__P019.jpg,0.634750,18.166238,ok
EES0423773__X45__Y2D__P020.jpg,0.699795,20.991439,ok
EES0423773__X45__Y30__P021.jpg,0.601066,16.216529,ok
EES0423773__X09__Y21__P022.jpg,0.662984,17.688885,ok
EES0423773__X0F__Y18__P023.jpg,0.639545,18.019268,ok
EES0423773__X0F__Y1B__P024.jpg,0.684914,18.450799,ok
EES0423773__X0F__Y2D__P025.jpg,0.790117,18.105925,ok
EES0423774__X12__Y15__P001.jpg,0.794988,18.861222,ok
EES0423774__X12__Y18__P002.jpg,0.740708,17.559528,ok
EES0423774__X12__Y1B__P003.jpg,0.892112,27.788811,ok
EES0423774__X12__Y1E__P004.jpg,0.674772,16.527695,ok
EES0423774__X12__Y21__P005.jpg,0.722766,18.160288,ok
EES0423774__X12__Y33__P006.jpg,0.898428,23.440094,ok
EES0423774__X15__Y15__P007.jpg,0.735466,17.800198,ok
EES0423774__X15__Y18__P008.jpg,0.792616,18.760957,ok
EES0423774__X15__Y1B__P009.jpg,0.826234,20.526617,ok
EES0423774__X18__Y0C__P010.jpg,0.715305,16.944557,ok
EES0423774__X1B__Y09__P011.jpg,0.726540,17.127233,ok
EES0423774__X1B__Y0C__P012.jpg,0.774487,17.337857,ok
EES0423774__X1B__Y0F__P013.jpg,0.834861,18.827281,ok
EES0423774__X1B__Y3C__P014.jpg,0.808458,19.076244,ok
EES0423774__X1E__Y06__P015.jpg,0.733041,17.134398,ok
EES0423774__X1E__Y09__P016.jpg,0.772463,17.939317,ok
EES0423774__X21__Y06__P017.jpg,0.728874,17.153573,ok
EES0423774__X21__Y09__P018.jpg,0.769639,17.425238,ok
EES0423774__X24__Y06__P019.jpg,0.748302,18.903584,ok
EES0423774__X24__Y3F__P020.jpg,0.698776,16.729582,ok
EES0423774__X27__Y03__P021.jpg,0.740263,17.834626,ok
EES0423774__X27__Y06__P022.jpg,0.757342,17.957554,ok
EES0423774__X27__Y3F__P023.jpg,0.858773,22.547322,ok
EES0423774__X2A__Y03__P024.jpg,0.849481,20.243782,ok
EES0423774__X2A__Y06__P025.jpg,0.892610,22.810941,ok
EES0423775__X18__Y12__P001.jpg,0.720469,16.772119,ok
EES0423775__X1B__Y12__P002.jpg,0.753082,18.796681,ok
EES0423775__X1B__Y1B__P003.jpg,0.859987,22.462934,ok
EES0423775__X30__Y1B__P004.jpg,0.762344,17.800792,ok
EES0423775__X33__Y09__P005.jpg,0.690952,19.240738,ok
EES0423775__X36__Y27__P006.jpg,0.838468,20.019219,ok
EES0423775__X36__Y3C__P007.jpg,0.801996,18.560350,ok
EES0423775__X39__Y0C__P008.jpg,0.892539,26.294769,ok
EES0423775__X39__Y21__P009.jpg,0.878738,23.070977,ok
EES0423775__X39__Y39__P010.jpg,0.844182,21.301163,ok
EES0423775__X3C__Y0F__P011.jpg,0.707723,18.239178,ok
EES0423775__X3C__Y12__P012.jpg,0.815559,18.756970,ok
EES0423775__X3C__Y18__P013.jpg,0.821610,19.200851,ok
EES0423775__X3C__Y36__P014.jpg,0.791919,17.599761,ok
EES0423775__X3C__Y39__P015.jpg,0.712528,17.459928,ok
EES0423775__X3F__Y12__P016.jpg,0.734688,17.694435,ok
EES0423775__X42__Y24__P017.jpg,0.781471,17.407990,ok
EES0423775__X42__Y2A__P018.jpg,0.722040,17.002708,ok
EES0423775__X42__Y33__P019.jpg,0.872728,23.738246,ok
EES0423775__X45__Y1E__P020.jpg,0.673009,17.587258,ok
EES0423775__X45__Y21__P021.jpg,0.726747,17.211501,ok
EES0423775__X0C__Y24__P022.jpg,0.748304,17.513792,ok
EES0423775__X0C__Y2A__P023.jpg,0.698325,16.574846,ok
EES0423775__X2D__Y09__P024.jpg,0.644420,16.335254,ok
EES0423775__X3C__Y24__P025.jpg,0.811619,18.995895,ok
EES0423776__X0C__Y21__P001.jpg,0.767161,18.301843,ok
EES0423776__X0C__Y24__P002.jpg,0.796732,19.156561,ok
EES0423776__X0C__Y27__P003.jpg,0.638594,17.891213,ok
EES0423776__X0C__Y2D__P004.jpg,0.743016,17.918597,ok
EES0423776__X0F__Y15__P005.jpg,0.650528,17.192154,ok
EES0423776__X0F__Y2D__P006.jpg,0.812776,19.196878,ok
EES0423776__X0F__Y33__P007.jpg,0.786145,18.734867,ok
EES0423776__X12__Y0F__P008.jpg,0.809199,19.107069,ok
EES0423776__X15__Y0F__P009.jpg,0.734220,17.822358,ok
EES0423776__X15__Y39__P010.jpg,0.763682,18.064931,ok
EES0423776__X1B__Y09__P011.jpg,0.653126,16.921699,ok
EES0423776__X1E__Y06__P012.jpg,0.737971,18.119773,ok
EES0423776__X21__Y06__P013.jpg,0.874386,27.219581,ok
EES0423776__X2D__Y06__P014.jpg,0.715823,18.096105,ok
EES0423776__X33__Y06__P015.jpg,0.763044,17.857192,ok
EES0423776__X39__Y09__P016.jpg,0.747692,17.976564,ok
EES0423776__X3C__Y09__P017.jpg,0.726393,19.879878,ok
EES0423776__X18__Y3C__P018.jpg,0.793777,18.886963,ok
EES0423776__X1B__Y1E__P019.jpg,0.801635,19.532100,ok
EES0423776__X27__Y1B__P020.jpg,0.849080,22.369232,ok
EES0423776__X2D__Y06__P021.jpg,0.771418,18.469960,ok
EES0423776__X42__Y12__P022.jpg,0.822530,20.760422,ok
EES0423776__X42__Y15__P023.jpg,0.823819,21.248723,ok
EES0423776__X42__Y36__P024.jpg,0.855652,22.241473,ok
EES0423776__X45__Y1B__P025.jpg,0.796875,18.987763,ok
EES0423777__X21__Y1E__P001.jpg,0.731570,17.704576,ok
EES0423777__X21__Y21__P002.jpg,0.846214,21.012878,ok
EES0423777__X2D__Y09__P003.jpg,0.790558,17.967087,ok
EES0423777__X39__Y0F__P004.jpg,0.783327,18.030451,ok
EES0423777__X3C__Y21__P005.jpg,0.826060,20.184857,ok
EES0423777__X3F__Y15__P006.jpg,0.830597,19.856061,ok
EES0423777__X3F__Y1E__P007.jpg,0.770530,17.528199,ok
EES0423777__X3F__Y21__P008.jpg,0.861209,23.733136,ok
EES0423777__X42__Y18__P009.jpg,0.846698,18.817090,ok
EES0423777__X42__Y1E__P010.jpg,0.789783,19.262500,ok
EES0423777__X15__Y27__P011.jpg,0.839465,17.876883,ok
EES0423777__X18__Y39__P012.jpg,0.930305,31.891862,ok
EES0423777__X1B__Y2A__P013.jpg,0.821113,21.833564,ok
EES0423777__X1E__Y2D__P014.jpg,0.861323,20.245692,ok
EES0423777__X21__Y24__P015.jpg,0.726553,17.256472,ok
EES0423777__X21__Y27__P016.jpg,0.802235,17.534204,ok
EES0423777__X21__Y2A__P017.jpg,0.876477,21.801319,ok
EES0423777__X21__Y30__P018.jpg,0.831498,17.851310,ok
EES0423777__X21__Y33__P019.jpg,0.729342,18.970253,ok
EES0423777__X21__Y36__P020.jpg,0.818280,17.950867,ok
EES0423777__X24__Y24__P021.jpg,0.880530,21.816248,ok
EES0423777__X24__Y27__P022.jpg,0.795961,18.929671,ok
EES0423777__X24__Y2A__P023.jpg,0.801422,19.373242,ok
EES0423777__X24__Y30__P024.jpg,0.752847,18.935551,ok
EES0423777__X24__Y33__P025.jpg,0.662855,18.066937,ok
EES0423778__X3C__Y30__P001.jpg,0.765920,17.919488,ok
EES0423778__X3F__Y2A__P002.jpg,0.829365,20.313391,ok
EES0423778__X3F__Y30__P003.jpg,0.872348,21.122463,ok
EES0423778__X42__Y24__P004.jpg,0.719970,16.849650,ok
EES0423778__X42__Y27__P005.jpg,0.845514,21.031950,ok
EES0423778__X42__Y2A__P006.jpg,0.854285,21.085580,ok
EES0423778__X0C__Y18__P007.jpg,0.834722,18.426386,ok
EES0423778__X0C__Y1B__P008.jpg,0.811009,18.060823,ok
EES0423778__X0F__Y1B__P009.jpg,0.774071,17.299496,ok
EES0423778__X18__Y0C__P010.jpg,0.903591,22.011894,ok
EES0423778__X1E__Y45__P011.jpg,0.752862,18.705507,ok
EES0423778__X24__Y45__P012.jpg,0.747256,17.945278,ok
EES0423778__X27__Y45__P013.jpg,0.837694,20.649576,ok
EES0423778__X2A__Y45__P014.jpg,0.855645,21.191546,ok
EES0423778__X33__Y0C__P015.jpg,0.837045,19.939661,ok
EES0423778__X36__Y3F__P016.jpg,0.925654,26.586118,ok
EES0423778__X39__Y3C__P017.jpg,0.902419,23.063863,ok
EES0423778__X3C__Y39__P018.jpg,0.768110,17.462408,ok
EES0423778__X42__Y1B__P019.jpg,0.929079,25.914024,ok
EES0423778__X42__Y1E__P020.jpg,0.914552,27.037375,ok
EES0423778__X42__Y21__P021.jpg,0.853209,21.867750,ok
EES0423778__X42__Y2D__P022.jpg,0.904709,22.618236,ok
EES0423778__X09__Y1B__P023.jpg,0.784588,17.601295,ok
EES0423778__X09__Y2D__P024.jpg,0.853524,22.665277,ok
EES0423778__X0F__Y39__P025.jpg,0.824333,19.151287,ok
EES0423779__X15__Y09__P001.jpg,0.724278,17.762057,ok
EES0423779__X15__Y0F__P002.jpg,0.767099,17.842445,ok
EES0423779__X15__Y12__P003.jpg,0.810393,20.687152,ok
EES0423779__X18__Y06__P004.jpg,0.790600,18.210104,ok
EES0423779__X18__Y09__P005.jpg,0.923053,26.515941,ok
EES0423779__X1B__Y06__P006.jpg,0.740859,17.674037,ok
EES0423779__X1B__Y09__P007.jpg,0.899721,24.206908,ok
EES0423779__X1B__Y3F__P008.jpg,0.800614,21.005282,ok
EES0423779__X1E__Y06__P009.jpg,0.938807,29.074203,ok
EES0423779__X1E__Y15__P010.jpg,0.825233,18.671347,ok
EES0423779__X1E__Y42__P011.jpg,0.894339,20.480827,ok
EES0423779__X21__Y06__P012.jpg,0.755969,17.738395,ok
EES0423779__X21__Y09__P013.jpg,0.729981,18.268040,ok
EES0423779__X21__Y12__P014.jpg,0.739830,18.327934,ok
EES0423779__X21__Y15__P015.jpg,0.791971,17.606313,ok
EES0423779__X21__Y42__P016.jpg,0.837445,19.306273,ok
EES0423779__X24__Y03__P017.jpg,0.769533,19.125881,ok
EES0423779__X24__Y06__P018.jpg,0.819886,18.375174,ok
EES0423779__X24__Y09__P019.jpg,0.809472,20.819817,ok
EES0423779__X24__Y39__P020.jpg,0.710496,18.369940,ok
EES0423779__X27__Y06__P021.jpg,0.924754,32.245594,ok
EES0423779__X27__Y09__P022.jpg,0.737205,18.087653,ok
EES0423779__X2A__Y06__P023.jpg,0.773884,17.816643,ok
EES0423779__X2A__Y3F__P024.jpg,0.741137,18.246649,ok
EES0423779__X2A__Y42__P025.jpg,0.840363,19.481492,ok
EES0423780__X18__Y15__P001.jpg,0.789299,20.145677,ok
EES0423780__X18__Y1B__P002.jpg,0.838659,20.541116,ok
EES0423780__X18__Y1E__P003.jpg,0.841184,22.736398,ok
EES0423780__X1B__Y09__P004.jpg,0.741167,17.583037,ok
EES0423780__X1B__Y0C__P005.jpg,0.749975,19.200181,ok
EES0423780__X1B__Y12__P006.jpg,0.781229,17.624047,ok
EES0423780__X1B__Y15__P007.jpg,0.871670,21.986225,ok
EES0423780__X1B__Y18__P008.jpg,0.867973,23.316195,ok
EES0423780__X1B__Y1B__P009.jpg,0.811811,18.486095,ok
EES0423780__X1B__Y1E__P010.jpg,0.791524,19.796818,ok
EES0423780__X1E__Y09__P011.jpg,0.861813,23.452484,ok
EES0423780__X1E__Y0C__P012.jpg,0.754582,18.526044,ok
EES0423780__X1E__Y0F__P013.jpg,0.842930,19.913002,ok
EES0423780__X1E__Y15__P014.jpg,0.692254,17.455445,ok
EES0423780__X1E__Y1B__P015.jpg,0.822389,21.416719,ok
EES0423780__X21__Y0C__P016.jpg,0.871133,26.453594,ok
EES0423780__X21__Y0F__P017.jpg,0.817525,18.266064,ok
EES0423780__X21__Y12__P018.jpg,0.814194,20.640800,ok
EES0423780__X21__Y15__P019.jpg,0.835790,21.376760,ok
EES0423780__X21__Y18__P020.jpg,0.827541,18.405943,ok
EES0423780__X21__Y1B__P021.jpg,0.838725,20.351671,ok
EES0423780__X21__Y1E__P022.jpg,0.723929,18.648613,ok
EES0423780__X24__Y0F__P023.jpg,0.885853,23.466934,ok
EES0423780__X24__Y12__P024.jpg,0.900613,24.703816,ok
EES0423780__X24__Y18__P025.jpg,0.731471,17.638009,ok
EES0423781__X39__Y24__P001.jpg,0.861738,20.995112,ok
EES0423781__X39__Y2A__P002.jpg,0.745427,17.663081,ok
EES0423781__X3F__Y24__P003.jpg,0.779433,20.102474,ok
EES0423781__X3F__Y2A__P004.jpg,0.773460,18.308522,ok
EES0423781__X06__Y1E__P005.jpg,0.777094,20.021084,ok
EES0423781__X06__Y21__P006.jpg,0.752966,20.226702,ok
EES0423781__X06__Y24__P007.jpg,0.815040,18.794142,ok
EES0423781__X09__Y18__P008.jpg,0.698675,18.045388,ok
EES0423781__X09__Y1B__P009.jpg,0.847225,18.996501,ok
EES0423781__X09__Y21__P010.jpg,0.788820,21.589122,ok
EES0423781__X0C__Y15__P011.jpg,0.681759,17.774530,ok
EES0423781__X0C__Y18__P012.jpg,0.739655,17.147496,ok
EES0423781__X0F__Y15__P013.jpg,0.933956,28.663678,ok
EES0423781__X0F__Y18__P014.jpg,0.906325,20.136675,ok
EES0423781__X0F__Y1E__P015.jpg,0.863124,19.256424,ok
EES0423781__X18__Y1E__P016.jpg,0.749160,17.660398,ok
EES0423781__X18__Y21__P017.jpg,0.800032,21.386503,ok
EES0423781__X18__Y24__P018.jpg,0.732340,17.258268,ok
EES0423781__X18__Y33__P019.jpg,0.829971,23.029462,ok
EES0423781__X1B__Y18__P020.jpg,0.749539,18.912456,ok
EES0423781__X1B__Y1B__P021.jpg,0.744781,21.065231,ok
EES0423781__X1B__Y1E__P022.jpg,0.734888,18.397734,ok
EES0423781__X1B__Y21__P023.jpg,0.795680,21.538472,ok
EES0423781__X1B__Y24__P024.jpg,0.820855,18.293920,ok
EES0423781__X1B__Y27__P025.jpg,0.762852,19.439037,ok
EES0423782__X1E__Y1E__P001.jpg,0.693149,18.105884,ok
EES0423782__X1E__Y21__P002.jpg,0.736818,18.463587,ok
EES0423782__X1E__Y24__P003.jpg,0.685769,18.279584,ok
EES0423782__X1E__Y27__P004.jpg,0.780658,19.842309,ok
EES0423782__X21__Y15__P005.jpg,0.710847,17.493534,ok
EES0423782__X21__Y18__P006.jpg,0.745727,17.775355,ok
EES0423782__X21__Y1B__P007.jpg,0.647575,17.937171,ok
EES0423782__X21__Y2D__P008.jpg,0.679507,17.213998,ok
EES0423782__X21__Y30__P009.jpg,0.827238,18.665579,ok
EES0423782__X24__Y18__P010.jpg,0.713688,18.183287,ok
EES0423782__X24__Y1B__P011.jpg,0.712789,17.435190,ok
EES0423782__X24__Y30__P012.jpg,0.700722,17.322963,ok
EES0423782__X2A__Y15__P013.jpg,0.738675,19.286919,ok
EES0423782__X2A__Y2A__P014.jpg,0.635712,17.579989,ok
EES0423782__X2A__Y36__P015.jpg,0.777429,17.753220,ok
EES0423782__X2D__Y12__P016.jpg,0.682632,18.639443,ok
EES0423782__X2D__Y15__P017.jpg,0.754096,19.628778,ok
EES0423782__X2D__Y18__P018.jpg,0.737232,19.391896,ok
EES0423782__X2D__Y21__P019.jpg,0.646928,17.781893,ok
EES0423782__X2D__Y27__P020.jpg,0.712582,17.961668,ok
EES0423782__X2D__Y30__P021.jpg,0.613243,16.398435,ok
EES0423782__X30__Y0C__P022.jpg,0.832275,21.075682,ok
EES0423782__X30__Y1B__P023.jpg,0.672923,17.590315,ok
EES0423782__X30__Y1E__P024.jpg,0.776018,20.343788,ok
EES0423782__X30__Y21__P025.jpg,0.696145,17.298423,ok
EES0423783__X0C__Y0F__P001.jpg,0.847723,22.863167,ok
EES0423783__X0C__Y12__P002.jpg,0.823101,21.068780,ok
EES0423783__X0C__Y15__P003.jpg,0.847682,21.926537,ok
EES0423783__X0C__Y39__P004.jpg,0.866362,19.881029,ok
EES0423783__X0F__Y0C__P005.jpg,0.747216,20.386817,ok
EES0423783__X0F__Y0F__P006.jpg,0.783210,19.387129,ok
EES0423783__X0F__Y12__P007.jpg,0.643271,16.702189,ok
EES0423783__X12__Y0C__P008.jpg,0.791763,19.614318,ok
EES0423783__X15__Y09__P009.jpg,0.817469,20.774622,ok
EES0423783__X15__Y0C__P010.jpg,0.783551,17.802025,ok
EES0423783__X18__Y09__P011.jpg,0.841862,21.333724,ok
EES0423783__X18__Y0C__P012.jpg,0.816886,20.304699,ok
EES0423783__X1B__Y09__P013.jpg,0.803725,19.448038,ok
EES0423783__X1E__Y06__P014.jpg,0.792543,21.559294,ok
EES0423783__X21__Y06__P015.jpg,0.786073,20.401754,ok
EES0423783__X24__Y06__P016.jpg,0.883441,27.650362,ok
EES0423783__X27__Y06__P017.jpg,0.870328,23.450926,ok
EES0423783__X2A__Y06__P018.jpg,0.776591,20.168677,ok
EES0423783__X2D__Y06__P019.jpg,0.761509,18.545485,ok
EES0423783__X30__Y06__P020.jpg,0.793075,19.568345,ok
EES0423783__X33__Y09__P021.jpg,0.865787,24.278851,ok
EES0423783__X33__Y0C__P022.jpg,0.875019,25.080811,ok
EES0423783__X36__Y09__P023.jpg,0.823144,22.745754,ok
EES0423783__X36__Y0C__P024.jpg,0.903019,26.674521,ok
EES0423783__X39__Y0C__P025.jpg,0.792070,18.016649,ok
EES0423784__X06__Y36__P001.jpg,0.845493,22.264427,ok
EES0423784__X06__Y39__P002.jpg,0.900507,25.067456,ok
EES0423784__X12__Y42__P003.jpg,0.700980,19.952499,ok
EES0423784__X18__Y45__P004.jpg,0.614847,17.969739,ok
EES0423784__X1B__Y45__P005.jpg,0.863451,19.899868,ok
EES0423784__X21__Y45__P006.jpg,0.642775,16.363366,ok
EES0423784__X24__Y39__P007.jpg,0.708660,18.611182,ok
EES0423784__X24__Y3C__P008.jpg,0.591692,17.473537,ok
EES0423784__X24__Y45__P009.jpg,0.710027,19.036071,ok
EES0423784__X27__Y3C__P010.jpg,0.912196,30.086496,ok
EES0423784__X27__Y3F__P011.jpg,0.628968,17.775106,ok
EES0423784__X27__Y45__P012.jpg,0.901291,28.799299,ok
EES0423784__X2A__Y39__P013.jpg,0.587058,16.708801,ok
EES0423784__X2A__Y3C__P014.jpg,0.585931,16.757977,ok
EES0423784__X2A__Y3F__P015.jpg,0.844547,23.373736,ok
EES0423784__X2D__Y39__P016.jpg,0.668199,18.747127,ok
EES0423784__X2D__Y3C__P017.jpg,0.613195,18.227393,ok
EES0423784__X2D__Y3F__P018.jpg,0.877157,26.057797,ok
EES0423784__X30__Y39__P019.jpg,0.815371,21.901950,ok
EES0423784__X30__Y3C__P020.jpg,0.643737,18.494933,ok
EES0423784__X33__Y36__P021.jpg,0.768049,20.447518,ok
EES0423784__X33__Y39__P022.jpg,0.650330,17.035088,ok
EES0423784__X33__Y3C__P023.jpg,0.740873,19.262651,ok
EES0423784__X33__Y3F__P024.jpg,0.600665,17.036448,ok
EES0423784__X33__Y42__P025.jpg,0.880313,25.401404,ok
EES0423785__X36__Y36__P001.jpg,0.722670,18.233309,ok
EES0423785__X36__Y39__P002.jpg,0.724547,17.156190,ok
EES0423785__X36__Y3C__P003.jpg,0.909866,27.143406,ok
EES0423785__X36__Y3F__P004.jpg,0.822966,18.676856,ok
EES0423785__X39__Y36__P005.jpg,0.712553,18.356643,ok
EES0423785__X39__Y3C__P006.jpg,0.840960,19.181008,ok
EES0423785__X3C__Y24__P007.jpg,0.715397,17.351924,ok
EES0423785__X3C__Y2A__P008.jpg,0.878636,22.611642,ok
EES0423785__X3C__Y30__P009.jpg,0.751207,17.878448,ok
EES0423785__X3C__Y33__P010.jpg,0.679876,18.112261,ok
EES0423785__X3F__Y1B__P011.jpg,0.697644,18.045848,ok
EES0423785__X3F__Y1E__P012.jpg,0.894641,24.039180,ok
EES0423785__X3F__Y21__P013.jpg,0.670512,17.081791,ok
EES0423785__X3F__Y24__P014.jpg,0.701933,18.537018,ok
EES0423785__X3F__Y27__P015.jpg,0.868175,22.911868,ok
EES0423785__X3F__Y2A__P016.jpg,0.771542,20.549067,ok
EES0423785__X3F__Y2D__P017.jpg,0.608080,16.367945,ok
EES0423785__X3F__Y30__P018.jpg,0.891663,24.988724,ok
EES0423785__X3F__Y33__P019.jpg,0.817772,17.770640,ok
EES0423785__X06__Y1E__P020.jpg,0.883448,24.328727,ok
EES0423785__X06__Y21__P021.jpg,0.768468,19.328866,ok
EES0423785__X06__Y24__P022.jpg,0.904014,23.551942,ok
EES0423785__X06__Y2A__P023.jpg,0.736500,19.099430,ok
EES0423785__X09__Y15__P024.jpg,0.710441,18.727336,ok
EES0423785__X09__Y18__P025.jpg,0.686477,17.983059,ok
EES0423786__X09__Y15__P001.jpg,0.870350,21.045681,ok
EES0423786__X09__Y3F__P002.jpg,0.780177,20.094352,ok
EES0423786__X0C__Y12__P003.jpg,0.753101,18.326197,ok
EES0423786__X0C__Y15__P004.jpg,0.837350,21.562455,ok
EES0423786__X0C__Y42__P005.jpg,0.741486,18.099021,ok
EES0423786__X15__Y0C__P006.jpg,0.843092,18.160558,ok
EES0423786__X15__Y45__P007.jpg,0.785674,17.277010,ok
EES0423786__X18__Y45__P008.jpg,0.877458,19.754898,ok
EES0423786__X30__Y0C__P009.jpg,0.787422,18.501185,ok
EES0423786__X33__Y45__P010.jpg,0.881145,19.671466,ok
EES0423786__X36__Y0F__P011.jpg,0.852654,19.273213,ok
EES0423786__X3F__Y3C__P012.jpg,0.742277,18.377825,ok
EES0423786__X03__Y18__P013.jpg,0.814475,17.801982,ok
EES0423786__X03__Y1E__P014.jpg,0.775165,17.942541,ok
EES0423786__X03__Y21__P015.jpg,0.922646,29.787629,ok
EES0423786__X03__Y24__P016.jpg,0.855823,20.624823,ok
EES0423786__X03__Y27__P017.jpg,0.846566,18.480580,ok
EES0423786__X03__Y2A__P018.jpg,0.732089,18.091948,ok
EES0423786__X03__Y2D__P019.jpg,0.844664,18.260857,ok
EES0423786__X03__Y33__P020.jpg,0.821540,19.393379,ok
EES0423786__X06__Y15__P021.jpg,0.874023,26.081863,ok
EES0423786__X06__Y1E__P022.jpg,0.904464,25.320112,ok
EES0423786__X06__Y33__P023.jpg,0.685654,16.385768,ok
EES0423786__X06__Y36__P024.jpg,0.802999,17.394390,ok
EES0423786__X09__Y39__P025.jpg,0.798863,18.658520,ok
EES0423787__X0C__Y3C__P001.jpg,0.883914,26.108669,ok
EES0423787__X0F__Y0C__P002.jpg,0.754219,18.114613,ok
EES0423787__X12__Y0C__P003.jpg,0.827655,19.054285,ok
EES0423787__X18__Y09__P004.jpg,0.793559,17.735366,ok
EES0423787__X18__Y45__P005.jpg,0.703898,17.461122,ok
EES0423787__X21__Y0C__P006.jpg,0.868691,24.654595,ok
EES0423787__X24__Y09__P007.jpg,0.856118,23.014141,ok
EES0423787__X24__Y12__P008.jpg,0.790937,17.799736,ok
EES0423787__X2D__Y1B__P009.jpg,0.858404,18.570193,ok
EES0423787__X30__Y0C__P010.jpg,0.780005,17.951909,ok
EES0423787__X3C__Y30__P011.jpg,0.844457,19.657771,ok
EES0423787__X3F__Y27__P012.jpg,0.819513,19.841635,ok
EES0423787__X0C__Y2D__P013.jpg,0.799056,20.485576,ok
EES0423787__X0F__Y12__P014.jpg,0.765330,18.517419,ok
EES0423787__X0F__Y1B__P015.jpg,0.907666,27.085162,ok
EES0423787__X0F__Y21__P016.jpg,0.856497,20.902839,ok
EES0423787__X0F__Y24__P017.jpg,0.726645,17.327617,ok
EES0423787__X0F__Y2D__P018.jpg,0.744037,17.429258,ok
EES0423787__X0F__Y33__P019.jpg,0.798718,20.493660,ok
EES0423787__X0F__Y36__P020.jpg,0.874107,21.443607,ok
EES0423787__X12__Y0F__P021.jpg,0.807673,20.731361,ok
EES0423787__X12__Y18__P022.jpg,0.697269,18.909815,ok
EES0423787__X12__Y1E__P023.jpg,0.779740,20.617783,ok
EES0423787__X12__Y3C__P024.jpg,0.740905,17.812656,ok
EES0423787__X15__Y0C__P025.jpg,0.713818,17.324927,ok
EES0423788__X15__Y12__P001.jpg,0.796086,18.531226,ok
EES0423788__X15__Y15__P002.jpg,0.805249,20.091321,ok
EES0423788__X15__Y18__P003.jpg,0.784281,17.806562,ok
EES0423788__X18__Y0F__P004.jpg,0.891374,27.110447,ok
EES0423788__X18__Y12__P005.jpg,0.876465,24.806693,ok
EES0423788__X18__Y18__P006.jpg,0.882183,24.594343,ok
EES0423788__X18__Y1E__P007.jpg,0.838206,20.457045,ok
EES0423788__X1B__Y0C__P008.jpg,0.814788,21.061571,ok
EES0423788__X1B__Y2D__P009.jpg,0.813402,20.896175,ok
EES0423788__X1B__Y3C__P010.jpg,0.801327,19.183742,ok
EES0423788__X1E__Y18__P011.jpg,0.839830,17.731639,ok
EES0423788__X1E__Y1B__P012.jpg,0.810432,19.267861,ok
EES0423788__X21__Y09__P013.jpg,0.783179,20.220844,ok
EES0423788__X21__Y0C__P014.jpg,0.789906,18.108919,ok
EES0423788__X21__Y12__P015.jpg,0.801915,21.614846,ok
EES0423788__X21__Y15__P016.jpg,0.809942,18.876662,ok
EES0423788__X21__Y18__P017.jpg,0.813930,18.259983,ok
EES0423788__X21__Y1B__P018.jpg,0.842063,21.038976,ok
EES0423788__X21__Y1E__P019.jpg,0.857601,19.169259,ok
EES0423788__X21__Y21__P020.jpg,0.836723,19.869681,ok
EES0423788__X21__Y24__P021.jpg,0.841242,20.986511,ok
EES0423788__X21__Y2A__P022.jpg,0.704028,18.354090,ok
EES0423788__X21__Y2D__P023.jpg,0.834348,20.743305,ok
EES0423788__X21__Y30__P024.jpg,0.781291,18.619839,ok
EES0423788__X21__Y36__P025.jpg,0.786273,18.464017,ok
EES0423789__X12__Y45__P001.jpg,0.788435,18.940880,ok
EES0423789__X15__Y45__P002.jpg,0.903250,21.333927,ok
EES0423789__X18__Y45__P003.jpg,0.797437,18.694678,ok
EES0423789__X1B__Y09__P004.jpg,0.831407,20.365464,ok
EES0423789__X1B__Y45__P005.jpg,0.845587,19.058449,ok
EES0423789__X1E__Y09__P006.jpg,0.856553,19.309129,ok
EES0423789__X1E__Y45__P007.jpg,0.908364,26.483864,ok
EES0423789__X21__Y09__P008.jpg,0.872136,21.902854,ok
EES0423789__X24__Y09__P009.jpg,0.895115,22.142283,ok
EES0423789__X27__Y09__P010.jpg,0.757235,20.023307,ok
EES0423789__X30__Y45__P011.jpg,0.761321,18.582491,ok
EES0423789__X3C__Y18__P012.jpg,0.771339,17.514591,ok
EES0423789__X3C__Y39__P013.jpg,0.778403,21.711040,ok
EES0423789__X3F__Y1E__P014.jpg,0.787919,20.842104,ok
EES0423789__X0C__Y21__P015.jpg,0.815739,19.264372,ok
EES0423789__X0C__Y30__P016.jpg,0.781589,18.694769,ok
EES0423789__X0C__Y33__P017.jpg,0.746991,18.646597,ok
EES0423789__X0F__Y1B__P018.jpg,0.688527,17.175979,ok
EES0423789__X0F__Y30__P019.jpg,0.909431,25.987885,ok
EES0423789__X15__Y15__P020.jpg,0.815017,19.672570,ok
EES0423789__X15__Y39__P021.jpg,0.760241,17.603893,ok
EES0423789__X1E__Y0F__P022.jpg,0.865390,20.829845,ok
EES0423789__X21__Y15__P023.jpg,0.895841,23.817889,ok
EES0423789__X21__Y18__P024.jpg,0.815499,18.497018,ok
EES0423789__X21__Y21__P025.jpg,0.860921,22.756982,ok
EES0423790__X06__Y24__P001.jpg,0.843898,25.571097,ok
EES0423790__X06__Y27__P002.jpg,0.661019,16.555864,ok
EES0423790__X06__Y2A__P003.jpg,0.654426,16.991187,ok
EES0423790__X06__Y2D__P004.jpg,0.678507,17.874315,ok
EES0423790__X09__Y18__P005.jpg,0.748620,19.416246,ok
EES0423790__X09__Y1E__P006.jpg,0.752810,18.283247,ok
EES0423790__X09__Y21__P007.jpg,0.772071,20.925831,ok
EES0423790__X09__Y39__P008.jpg,0.703008,18.292157,ok
EES0423790__X0C__Y15__P009.jpg,0.702175,18.085478,ok
EES0423790__X0C__Y18__P010.jpg,0.792909,18.922102,ok
EES0423790__X0C__Y1B__P011.jpg,0.801954,20.758808,ok
EES0423790__X0C__Y1E__P012.jpg,0.902131,30.976720,ok
EES0423790__X0C__Y21__P013.jpg,0.824384,21.398670,ok
EES0423790__X0C__Y24__P014.jpg,0.732402,19.927653,ok
EES0423790__X0F__Y12__P015.jpg,0.782953,21.235571,ok
EES0423790__X0F__Y1B__P016.jpg,0.744334,19.940175,ok
EES0423790__X0F__Y1E__P017.jpg,0.701622,17.689433,ok
EES0423790__X0F__Y21__P018.jpg,0.819086,22.435464,ok
EES0423790__X0F__Y24__P019.jpg,0.761787,20.516463,ok
EES0423790__X12__Y0F__P020.jpg,0.723067,17.787496,ok
EES0423790__X12__Y12__P021.jpg,0.758863,17.984163,ok
EES0423790__X12__Y15__P022.jpg,0.733183,19.331974,ok
EES0423790__X12__Y1B__P023.jpg,0.825402,19.755650,ok
EES0423790__X15__Y0F__P024.jpg,0.714903,20.019805,ok
EES0423790__X15__Y12__P025.jpg,0.714658,21.000885,ok
EES0423791__X15__Y15__P001.jpg,0.749544,19.434058,ok
EES0423791__X18__Y0C__P002.jpg,0.756337,17.539918,ok
EES0423791__X18__Y0F__P003.jpg,0.766607,18.018431,ok
EES0423791__X18__Y12__P004.jpg,0.787610,17.679359,ok
EES0423791__X18__Y15__P005.jpg,0.754250,18.152381,ok
EES0423791__X1B__Y0C__P006.jpg,0.886432,20.085798,ok
EES0423791__X1B__Y0F__P007.jpg,0.763494,18.385535,ok
EES0423791__X1B__Y12__P008.jpg,0.839246,22.392135,ok
EES0423791__X1E__Y0C__P009.jpg,0.754999,18.763032,ok
EES0423791__X1E__Y0F__P010.jpg,0.758363,18.986558,ok
EES0423791__X21__Y0F__P011.jpg,0.713526,17.400416,ok
EES0423791__X21__Y12__P012.jpg,0.789263,19.459327,ok
EES0423791__X24__Y0F__P013.jpg,0.759123,18.173218,ok
EES0423791__X24__Y12__P014.jpg,0.811847,18.723372,ok
EES0423791__X27__Y0C__P015.jpg,0.781309,19.555394,ok
EES0423791__X27__Y0F__P016.jpg,0.807542,20.120363,ok
EES0423791__X2A__Y0C__P017.jpg,0.769153,19.275988,ok
EES0423791__X2A__Y0F__P018.jpg,0.783449,21.403716,ok
EES0423791__X2A__Y12__P019.jpg,0.818508,23.356727,ok
EES0423791__X2D__Y0C__P020.jpg,0.756385,17.677332,ok
EES0423791__X2D__Y0F__P021.jpg,0.727654,18.831440,ok
EES0423791__X2D__Y12__P022.jpg,0.764958,19.143088,ok
EES0423791__X33__Y45__P023.jpg,0.764372,19.953193,ok
EES0423791__X3C__Y1B__P024.jpg,0.776936,19.929428,ok
EES0423791__X3F__Y1B__P025.jpg,0.787510,17.562869,ok
EES0423792__X21__Y2D__P001.jpg,0.864423,21.923925,ok
EES0423792__X21__Y42__P002.jpg,0.812357,20.222178,ok
EES0423792__X21__Y45__P003.jpg,0.887500,22.019842,ok
EES0423792__X24__Y2D__P004.jpg,0.827813,18.777446,ok
EES0423792__X2A__Y21__P005.jpg,0.622352,16.158655,ok
EES0423792__X2A__Y24__P006.jpg,0.830651,20.927683,ok
EES0423792__X2A__Y27__P007.jpg,0.803988,21.691458,ok
EES0423792__X2A__Y2A__P008.jpg,0.868296,22.713931,ok
EES0423792__X2D__Y27__P009.jpg,0.832064,19.005389,ok
EES0423792__X30__Y1B__P010.jpg,0.858426,22.442848,ok
EES0423792__X30__Y1E__P011.jpg,0.849404,18.597380,ok
EES0423792__X30__Y3F__P012.jpg,0.805777,20.771296,ok
EES0423792__X33__Y18__P013.jpg,0.858742,23.539546,ok
EES0423792__X33__Y24__P014.jpg,0.842756,24.252534,ok
EES0423792__X33__Y27__P015.jpg,0.859339,19.059780,ok
EES0423792__X33__Y36__P016.jpg,0.804871,19.390992,ok
EES0423792__X33__Y39__P017.jpg,0.739295,17.935000,ok
EES0423792__X36__Y1B__P018.jpg,0.824900,18.364294,ok
EES0423792__X36__Y2A__P019.jpg,0.696980,16.761371,ok
EES0423792__X36__Y36__P020.jpg,0.811150,18.324227,ok
EES0423792__X36__Y39__P021.jpg,0.738929,17.283449,ok
EES0423792__X39__Y21__P022.jpg,0.804936,19.195162,ok
EES0423792__X39__Y2A__P023.jpg,0.859026,23.604385,ok
EES0423792__X3C__Y27__P024.jpg,0.855646,21.027636,ok
EES0423792__X3C__Y2A__P025.jpg,0.823491,20.516453,ok
EES0423793__X3F__Y27__P001.jpg,0.757818,17.040729,ok
EES0423793__X0F__Y39__P002.jpg,0.853194,19.147322,ok
EES0423793__X12__Y0C__P003.jpg,0.757686,18.241079,ok
EES0423793__X18__Y09__P004.jpg,0.915832,27.817739,ok
EES0423793__X1E__Y06__P005.jpg,0.770858,21.276760,ok
EES0423793__X1E__Y45__P006.jpg,0.899320,30.265301,ok
EES0423793__X21__Y06__P007.jpg,0.747148,17.419131,ok
EES0423793__X21__Y45__P008.jpg,0.771917,19.945663,ok
EES0423793__X24__Y06__P009.jpg,0.724097,16.945525,ok
EES0423793__X24__Y45__P010.jpg,0.715124,17.621463,ok
EES0423793__X27__Y06__P011.jpg,0.708413,17.552140,ok
EES0423793__X30__Y0C__P012.jpg,0.869593,21.533271,ok
EES0423793__X30__Y1B__P013.jpg,0.832224,17.896877,ok
EES0423793__X30__Y45__P014.jpg,0.826683,20.594302,ok
EES0423793__X33__Y09__P015.jpg,0.863591,22.770290,ok
EES0423793__X33__Y0C__P016.jpg,0.700866,19.855754,ok
EES0423793__X33__Y0F__P017.jpg,0.914128,25.377880,ok
EES0423793__X33__Y1B__P018.jpg,0.926319,29.308224,ok
EES0423793__X33__Y1E__P019.jpg,0.870951,22.316424,ok
EES0423793__X33__Y21__P020.jpg,0.801835,17.714078,ok
EES0423793__X33__Y24__P021.jpg,0.835438,20.746766,ok
EES0423793__X33__Y42__P022.jpg,0.734706,19.864074,ok
EES0423793__X36__Y0C__P023.jpg,0.842147,18.825499,ok
EES0423793__X36__Y0F__P024.jpg,0.857979,19.093577,ok
EES0423793__X36__Y1B__P025.jpg,0.910756,26.336907,ok
EES0423794__X36__Y1E__P001.jpg,0.699913,17.773878,ok
EES0423794__X36__Y21__P002.jpg,0.694106,17.016624,ok
EES0423794__X36__Y24__P003.jpg,0.734268,19.648207,ok
EES0423794__X36__Y27__P004.jpg,0.742927,18.109560,ok
EES0423794__X36__Y42__P005.jpg,0.892620,21.685689,ok
EES0423794__X39__Y0C__P006.jpg,0.750587,18.038835,ok
EES0423794__X39__Y1B__P007.jpg,0.767557,18.782328,ok
EES0423794__X39__Y1E__P008.jpg,0.802051,23.611746,ok
EES0423794__X39__Y21__P009.jpg,0.903615,33.075667,ok
EES0423794__X39__Y24__P010.jpg,0.748813,18.722487,ok
EES0423794__X39__Y27__P011.jpg,0.804731,19.800612,ok
EES0423794__X39__Y3F__P012.jpg,0.828772,20.212643,ok
EES0423794__X3C__Y0F__P013.jpg,0.799158,20.081054,ok
EES0423794__X3C__Y1B__P014.jpg,0.781481,21.475213,ok
EES0423794__X3C__Y39__P015.jpg,0.776345,20.783115,ok
EES0423794__X3F__Y12__P016.jpg,0.704698,17.414238,ok
EES0423794__X3F__Y30__P017.jpg,0.915381,27.670802,ok
EES0423794__X3F__Y33__P018.jpg,0.914913,31.966174,ok
EES0423794__X3F__Y36__P019.jpg,0.716006,19.655304,ok
EES0423794__X42__Y15__P020.jpg,0.671498,18.449089,ok
EES0423794__X42__Y18__P021.jpg,0.916570,29.622051,ok
EES0423794__X42__Y30__P022.jpg,0.678173,17.700615,ok
EES0423794__X42__Y33__P023.jpg,0.926026,27.352731,ok
EES0423794__X42__Y36__P024.jpg,0.685398,16.620123,ok
EES0423794__X03__Y21__P025.jpg,0.667331,17.082826,ok
EES0423795__X24__Y09__P001.jpg,0.827350,20.960288,ok
EES0423795__X24__Y0F__P002.jpg,0.788359,18.374245,ok
EES0423795__X24__Y30__P003.jpg,0.761246,18.603373,ok
EES0423795__X24__Y33__P004.jpg,0.838890,22.501118,ok
EES0423795__X24__Y39__P005.jpg,0.768040,18.665161,ok
EES0423795__X27__Y12__P006.jpg,0.831426,20.647242,ok
EES0423795__X27__Y2D__P007.jpg,0.854010,22.444609,ok
EES0423795__X27__Y3F__P008.jpg,0.820476,19.182688,ok
EES0423795__X2A__Y0C__P009.jpg,0.787554,18.598074,ok
EES0423795__X2A__Y21__P010.jpg,0.839660,19.437092,ok
EES0423795__X2D__Y3F__P011.jpg,0.902259,27.536076,ok
EES0423795__X30__Y3F__P012.jpg,0.849666,19.753918,ok
EES0423795__X33__Y27__P013.jpg,0.846948,21.021098,ok
EES0423795__X33__Y2A__P014.jpg,0.833957,19.513578,ok
EES0423795__X33__Y33__P015.jpg,0.882353,22.511443,ok
EES0423795__X33__Y3C__P016.jpg,0.854410,19.614562,ok
EES0423795__X39__Y2A__P017.jpg,0.775520,18.019308,ok
EES0423795__X39__Y39__P018.jpg,0.819990,18.102495,ok
EES0423795__X3C__Y1B__P019.jpg,0.840807,19.372658,ok
EES0423795__X3C__Y27__P020.jpg,0.809305,20.688387,ok
EES0423795__X3C__Y33__P021.jpg,0.860532,22.310433,ok
EES0423795__X3F__Y15__P022.jpg,0.809447,17.989747,ok
EES0423795__X3F__Y21__P023.jpg,0.918836,34.074925,ok
EES0423795__X3F__Y24__P024.jpg,0.768067,18.567389,ok
EES0423795__X06__Y27__P025.jpg,0.841596,19.404127,ok
EES0423796__X03__Y1E__P001.jpg,0.746292,17.893372,ok
EES0423796__X03__Y30__P002.jpg,0.801550,18.757544,ok
EES0423796__X06__Y18__P003.jpg,0.685826,17.419253,ok
EES0423796__X0C__Y42__P004.jpg,0.815318,18.787735,ok
EES0423796__X12__Y45__P005.jpg,0.642716,17.437857,ok
EES0423796__X18__Y45__P006.jpg,0.875701,21.788455,ok
EES0423796__X1B__Y24__P007.jpg,0.873597,22.799772,ok
EES0423796__X1E__Y09__P008.jpg,0.685661,20.324230,ok
EES0423796__X1E__Y21__P009.jpg,0.690760,17.692295,ok
EES0423796__X21__Y09__P010.jpg,0.626399,17.198495,ok
EES0423796__X21__Y21__P011.jpg,0.844540,21.849926,ok
EES0423796__X21__Y24__P012.jpg,0.673033,16.885109,ok
EES0423796__X21__Y27__P013.jpg,0.786662,18.227404,ok
EES0423796__X24__Y21__P014.jpg,0.750809,19.119179,ok
EES0423796__X24__Y24__P015.jpg,0.869199,25.189854,ok
EES0423796__X24__Y27__P016.jpg,0.693786,16.984398,ok
EES0423796__X27__Y21__P017.jpg,0.668004,16.733138,ok
EES0423796__X27__Y24__P018.jpg,0.757803,18.872981,ok
EES0423796__X27__Y27__P019.jpg,0.630233,16.847118,ok
EES0423796__X2A__Y0C__P020.jpg,0.612826,16.560135,ok
EES0423796__X2A__Y1E__P021.jpg,0.827706,21.293795,ok
EES0423796__X2A__Y21__P022.jpg,0.630759,16.385268,ok
EES0423796__X2A__Y27__P023.jpg,0.654458,17.004782,ok
EES0423796__X2A__Y45__P024.jpg,0.727849,17.274475,ok
EES0423796__X2D__Y0C__P025.jpg,0.784809,18.243866,ok
EES0423797__X3F__Y30__P001.jpg,0.728767,18.588442,ok
EES0423797__X3F__Y33__P002.jpg,0.774974,21.407242,ok
EES0423797__X06__Y24__P003.jpg,0.752533,17.566062,ok
EES0423797__X06__Y27__P004.jpg,0.799956,18.154422,ok
EES0423797__X09__Y15__P005.jpg,0.753190,17.920325,ok
EES0423797__X09__Y18__P006.jpg,0.805974,18.285140,ok
EES0423797__X09__Y1B__P007.jpg,0.765511,18.946742,ok
EES0423797__X09__Y21__P008.jpg,0.870713,23.337241,ok
EES0423797__X09__Y24__P009.jpg,0.778463,17.531284,ok
EES0423797__X09__Y27__P010.jpg,0.788017,17.802132,ok
EES0423797__X09__Y2D__P011.jpg,0.790161,18.902674,ok
EES0423797__X09__Y33__P012.jpg,0.805883,18.053626,ok
EES0423797__X0C__Y24__P013.jpg,0.850669,23.669437,ok
EES0423797__X0C__Y33__P014.jpg,0.769528,17.630640,ok
EES0423797__X0C__Y3C__P015.jpg,0.844253,21.580414,ok
EES0423797__X12__Y0C__P016.jpg,0.852525,21.340458,ok
EES0423797__X12__Y3F__P017.jpg,0.900314,25.976204,ok
EES0423797__X15__Y0C__P018.jpg,0.893074,23.929929,ok
EES0423797__X18__Y09__P019.jpg,0.747077,18.466357,ok
EES0423797__X18__Y0C__P020.jpg,0.827272,20.465152,ok
EES0423797__X1B__Y09__P021.jpg,0.739066,17.326013,ok
EES0423797__X21__Y45__P022.jpg,0.885594,24.302730,ok
EES0423797__X24__Y45__P023.jpg,0.862931,21.482580,ok
EES0423797__X30__Y42__P024.jpg,0.818896,18.472107,ok
EES0423797__X30__Y45__P025.jpg,0.814793,19.236107,ok
EES0423798__X42__Y30__P001.jpg,0.889594,24.573768,ok
EES0423798__X0C__Y15__P002.jpg,0.884487,24.689810,ok
EES0423798__X0C__Y18__P003.jpg,0.809836,17.895157,ok
EES0423798__X0C__Y1B__P004.jpg,0.844445,23.623063,ok
EES0423798__X0F__Y12__P005.jpg,0.843024,18.708483,ok
EES0423798__X0F__Y15__P006.jpg,0.831312,21.726838,ok
EES0423798__X2D__Y0F__P007.jpg,0.830699,18.594804,ok
EES0423798__X30__Y1B__P008.jpg,0.755026,19.843633,ok
EES0423798__X36__Y36__P009.jpg,0.862713,21.653376,ok
EES0423798__X3F__Y12__P010.jpg,0.918214,27.225717,ok
EES0423798__X12__Y42__P011.jpg,0.778333,17.979663,ok
EES0423798__X09__Y2D__P012.jpg,0.871619,18.471650,ok
EES0423798__X09__Y30__P013.jpg,0.847008,18.339675,ok
EES0423798__X09__Y33__P014.jpg,0.784538,18.188263,ok
EES0423798__X0C__Y2D__P015.jpg,0.899775,24.624351,ok
EES0423798__X0C__Y33__P016.jpg,0.887106,21.835720,ok
EES0423798__X0F__Y36__P017.jpg,0.884207,21.903696,ok
EES0423798__X15__Y36__P018.jpg,0.812305,20.604440,ok
EES0423798__X15__Y39__P019.jpg,0.726852,16.999479,ok
EES0423798__X18__Y3C__P020.jpg,0.812650,18.200088,ok
EES0423798__X18__Y42__P021.jpg,0.711572,16.905291,ok
EES0423798__X1B__Y42__P022.jpg,0.790412,19.551002,ok
EES0423798__X1E__Y33__P023.jpg,0.848448,19.243682,ok
EES0423798__X1E__Y39__P024.jpg,0.766869,19.694574,ok
EES0423798__X1E__Y42__P025.jpg,0.792051,19.644847,ok
EES0423799__X0C__Y2A__P001.jpg,0.825110,21.210796,ok
EES0423799__X0C__Y2D__P002.jpg,0.918759,29.468429,ok
EES0423799__X0C__Y30__P003.jpg,0.836315,20.173659,ok
EES0423799__X0C__Y33__P004.jpg,0.823790,20.687569,ok
EES0423799__X0C__Y36__P005.jpg,0.796743,21.487231,ok
EES0423799__X0C__Y39__P006.jpg,0.805541,18.935432,ok
EES0423799__X0C__Y3C__P007.jpg,0.794263,19.561265,ok
EES0423799__X0F__Y1E__P008.jpg,0.872555,24.348180,ok
EES0423799__X0F__Y21__P009.jpg,0.832882,21.220042,ok
EES0423799__X0F__Y27__P010.jpg,0.760223,18.534252,ok
EES0423799__X0F__Y30__P011.jpg,0.722622,17.855400,ok
EES0423799__X0F__Y39__P012.jpg,0.847333,19.487204,ok
EES0423799__X0F__Y3C__P013.jpg,0.865701,24.724917,ok
EES0423799__X0F__Y3F__P014.jpg,0.727055,18.150744,ok
EES0423799__X12__Y1B__P015.jpg,0.796420,21.375239,ok
EES0423799__X12__Y1E__P016.jpg,0.752834,19.837251,ok
EES0423799__X12__Y21__P017.jpg,0.785312,19.962401,ok
EES0423799__X12__Y3F__P018.jpg,0.878257,23.128720,ok
EES0423799__X15__Y1B__P019.jpg,0.756644,18.093904,ok
EES0423799__X15__Y1E__P020.jpg,0.819542,22.199482,ok
EES0423799__X18__Y15__P021.jpg,0.882475,24.976267,ok
EES0423799__X18__Y18__P022.jpg,0.870600,25.145914,ok
EES0423799__X18__Y1B__P023.jpg,0.794735,18.393544,ok
EES0423799__X18__Y2A__P024.jpg,0.783494,17.538654,ok
EES0423799__X18__Y45__P025.jpg,0.763062,18.999876,ok
EES0423800__X1B__Y15__P001.jpg,0.792263,18.586459,ok
EES0423800__X1B__Y18__P002.jpg,0.765779,19.259889,ok
EES0423800__X1B__Y1B__P003.jpg,0.831357,20.446945,ok
EES0423800__X1B__Y45__P004.jpg,0.816907,20.503732,ok
EES0423800__X1E__Y12__P005.jpg,0.921845,26.785405,ok
EES0423800__X1E__Y15__P006.jpg,0.816742,19.998157,ok
EES0423800__X21__Y12__P007.jpg,0.798356,20.124812,ok
EES0423800__X21__Y42__P008.jpg,0.824558,19.323949,ok
EES0423800__X21__Y45__P009.jpg,0.795510,19.310187,ok
EES0423800__X24__Y0C__P010.jpg,0.767913,17.813362,ok
EES0423800__X24__Y0F__P011.jpg,0.825507,21.887432,ok
EES0423800__X24__Y12__P012.jpg,0.804214,22.161770,ok
EES0423800__X27__Y0F__P013.jpg,0.852977,21.527193,ok
EES0423800__X27__Y12__P014.jpg,0.841567,21.893184,ok
EES0423800__X2A__Y0F__P015.jpg,0.835950,20.522012,ok
EES0423800__X2A__Y12__P016.jpg,0.806330,21.529531,ok
EES0423800__X2A__Y45__P017.jpg,0.809240,20.632102,ok
EES0423800__X2D__Y45__P018.jpg,0.828890,20.113113,ok
EES0423800__X30__Y0C__P019.jpg,0.870547,26.124974,ok
EES0423800__X30__Y0F__P020.jpg,0.822469,22.429577,ok
EES0423800__X30__Y45__P021.jpg,0.791329,17.659313,ok
EES0423800__X33__Y0F__P022.jpg,0.675646,16.585065,ok
EES0423800__X36__Y12__P023.jpg,0.782226,18.001201,ok
EES0423800__X36__Y42__P024.jpg,0.837859,23.523187,ok
EES0423800__X39__Y12__P025.jpg,0.822224,19.921337,ok
EES0423801__X06__Y3C__P001.jpg,0.754333,17.970269,ok
EES0423801__X06__Y3F__P002.jpg,0.889171,19.057045,ok
EES0423801__X09__Y3C__P003.jpg,0.761871,18.424078,ok
EES0423801__X21__Y06__P004.jpg,0.814406,18.247580,ok
EES0423801__X24__Y06__P005.jpg,0.873657,23.037375,ok
EES0423801__X27__Y06__P006.jpg,0.773095,18.021113,ok
EES0423801__X2A__Y06__P007.jpg,0.837543,18.948424,ok
EES0423801__X2D__Y06__P008.jpg,0.759784,19.012029,ok
EES0423801__X2D__Y09__P009.jpg,0.919134,30.556970,ok
EES0423801__X30__Y09__P010.jpg,0.826260,18.168227,ok
EES0423801__X30__Y12__P011.jpg,0.818493,20.938270,ok
EES0423801__X33__Y09__P012.jpg,0.612131,17.348211,ok
EES0423801__X33__Y0C__P013.jpg,0.630407,16.364073,ok
EES0423801__X33__Y1B__P014.jpg,0.826116,20.880404,ok
EES0423801__X36__Y0F__P015.jpg,0.853531,20.776700,ok
EES0423801__X36__Y1B__P016.jpg,0.797782,19.647932,ok
EES0423801__X39__Y1B__P017.jpg,0.790517,18.669404,ok
EES0423801__X3F__Y1B__P018.jpg,0.797105,19.489256,ok
EES0423801__X42__Y24__P019.jpg,0.671361,17.998066,ok
EES0423801__X42__Y27__P020.jpg,0.726540,19.079590,ok
EES0423801__X42__Y2A__P021.jpg,0.695921,17.033956,ok
EES0423801__X2A__Y3F__P022.jpg,0.632555,16.406984,ok
EES0423801__X2A__Y42__P023.jpg,0.789690,18.423558,ok
EES0423801__X2D__Y39__P024.jpg,0.874388,18.714865,ok
EES0423801__X2D__Y3F__P025.jpg,0.831526,19.908241,ok
EES0423802__X09__Y24__P001.jpg,0.811300,19.619445,ok
EES0423802__X09__Y27__P002.jpg,0.828399,20.772010,ok
EES0423802__X09__Y2A__P003.jpg,0.704756,16.967001,ok
EES0423802__X09__Y30__P004.jpg,0.777282,17.682892,ok
EES0423802__X09__Y33__P005.jpg,0.847417,20.749401,ok
EES0423802__X0C__Y1B__P006.jpg,0.816653,19.012035,ok
EES0423802__X0C__Y27__P007.jpg,0.884056,22.111205,ok
EES0423802__X0C__Y36__P008.jpg,0.893653,23.271545,ok
EES0423802__X0C__Y39__P009.jpg,0.865854,19.675513,ok
EES0423802__X0F__Y36__P010.jpg,0.743174,18.554178,ok
EES0423802__X0F__Y39__P011.jpg,0.764116,18.066942,ok
EES0423802__X12__Y0C__P012.jpg,0.835187,21.711402,ok
EES0423802__X12__Y0F__P013.jpg,0.851108,21.472062,ok
EES0423802__X12__Y12__P014.jpg,0.878753,24.332961,ok
EES0423802__X15__Y09__P015.jpg,0.789294,19.300494,ok
EES0423802__X15__Y0C__P016.jpg,0.837779,22.700940,ok
EES0423802__X15__Y3F__P017.jpg,0.774367,17.946279,ok
EES0423802__X18__Y09__P018.jpg,0.873511,23.202905,ok
EES0423802__X18__Y0C__P019.jpg,0.804161,20.642085,ok
EES0423802__X1B__Y0C__P020.jpg,0.917793,29.427515,ok
EES0423802__X1B__Y42__P021.jpg,0.793506,18.268503,ok
EES0423802__X1E__Y42__P022.jpg,0.930597,28.783217,ok
EES0423802__X24__Y45__P023.jpg,0.917375,26.284129,ok
EES0423802__X30__Y42__P024.jpg,0.739566,17.273612,ok
EES0423802__X36__Y3F__P025.jpg,0.750479,17.774099,ok
EES0423803__X0F__Y30__P001.jpg,0.866668,24.131501,ok
EES0423803__X12__Y09__P002.jpg,0.809136,17.906391,ok
EES0423803__X18__Y3C__P003.jpg,0.694160,17.211026,ok
EES0423803__X1E__Y3C__P004.jpg,0.777674,19.422529,ok
EES0423803__X1E__Y3F__P005.jpg,0.773451,17.519377,ok
EES0423803__X24__Y3F__P006.jpg,0.835643,22.501534,ok
EES0423803__X39__Y0C__P007.jpg,0.832153,23.705434,ok
EES0423803__X3F__Y33__P008.jpg,0.845006,21.335944,ok
EES0423803__X42__Y1B__P009.jpg,0.771936,17.756479,ok
EES0423803__X42__Y2A__P010.jpg,0.827194,19.082737,ok
EES0423803__X0C__Y2A__P011.jpg,0.873288,21.361681,ok
EES0423803__X12__Y2A__P012.jpg,0.869689,19.085916,ok
EES0423803__X12__Y30__P013.jpg,0.886107,23.424690,ok
EES0423803__X15__Y24__P014.jpg,0.855297,21.949243,ok
EES0423803__X15__Y27__P015.jpg,0.788993,21.303086,ok
EES0423803__X15__Y2A__P016.jpg,0.846982,21.259861,ok
EES0423803__X18__Y24__P017.jpg,0.767464,20.238307,ok
EES0423803__X18__Y27__P018.jpg,0.838450,20.489046,ok
EES0423803__X1B__Y24__P019.jpg,0.821536,18.479058,ok
EES0423803__X1B__Y27__P020.jpg,0.857307,19.011312,ok
EES0423803__X1E__Y21__P021.jpg,0.841723,21.015785,ok
EES0423803__X1E__Y27__P022.jpg,0.816514,20.621992,ok
EES0423803__X1E__Y2A__P023.jpg,0.774065,18.977436,ok
EES0423803__X1E__Y2D__P024.jpg,0.826771,20.894988,ok
EES0423803__X1E__Y36__P025.jpg,0.855521,21.367747,ok
EES0423804__X15__Y36__P001.jpg,0.851238,20.479570,ok
EES0423804__X18__Y0C__P002.jpg,0.819281,18.337912,ok
EES0423804__X18__Y0F__P003.jpg,0.808588,21.345353,ok
EES0423804__X18__Y18__P004.jpg,0.820490,21.024599,ok
EES0423804__X18__Y1B__P005.jpg,0.880115,22.439838,ok
EES0423804__X18__Y1E__P006.jpg,0.867627,20.726788,ok
EES0423804__X18__Y21__P007.jpg,0.869104,20.571918,ok
EES0423804__X18__Y27__P008.jpg,0.901529,24.687466,ok
EES0423804__X1B__Y09__P009.jpg,0.886392,22.525972,ok
EES0423804__X1B__Y0C__P010.jpg,0.793156,18.131726,ok
EES0423804__X1B__Y0F__P011.jpg,0.907342,24.099738,ok
EES0423804__X1B__Y12__P012.jpg,0.885863,20.912315,ok
EES0423804__X1B__Y18__P013.jpg,0.834269,21.499299,ok
EES0423804__X1B__Y1B__P014.jpg,0.776174,17.976200,ok
EES0423804__X1B__Y1E__P015.jpg,0.783441,19.727543,ok
EES0423804__X1B__Y21__P016.jpg,0.774742,17.993221,ok
EES0423804__X1B__Y24__P017.jpg,0.838151,17.804758,ok
EES0423804__X1B__Y27__P018.jpg,0.856970,20.288298,ok
EES0423804__X1B__Y39__P019.jpg,0.838253,19.869004,ok
EES0423804__X1E__Y09__P020.jpg,0.771584,17.998486,ok
EES0423804__X1E__Y0C__P021.jpg,0.821144,19.050983,ok
EES0423804__X1E__Y12__P022.jpg,0.806223,19.591231,ok
EES0423804__X1E__Y15__P023.jpg,0.764287,18.272260,ok
EES0423804__X1E__Y18__P024.jpg,0.698931,17.621536,ok
EES0423804__X1E__Y1B__P025.jpg,0.820096,20.464511,ok
EES0423805__X36__Y36__P001.jpg,0.823085,17.937199,ok
EES0423805__X39__Y18__P002.jpg,0.826867,19.578391,ok
EES0423805__X39__Y1E__P003.jpg,0.756378,18.397455,ok
EES0423805__X39__Y30__P004.jpg,0.804031,19.368378,ok
EES0423805__X3C__Y1B__P005.jpg,0.902949,23.175498,ok
EES0423805__X3C__Y30__P006.jpg,0.823592,19.257641,ok
EES0423805__X3F__Y24__P007.jpg,0.857235,20.196720,ok
EES0423805__X09__Y15__P008.jpg,0.876164,23.040532,ok
EES0423805__X09__Y33__P009.jpg,0.937411,27.122660,ok
EES0423805__X0C__Y33__P010.jpg,0.852720,21.429712,ok
EES0423805__X12__Y3C__P011.jpg,0.757340,19.103495,ok
EES0423805__X18__Y06__P012.jpg,0.686785,16.798503,ok
EES0423805__X18__Y3C__P013.jpg,0.900749,23.948060,ok
EES0423805__X18__Y3F__P014.jpg,0.910273,23.786696,ok
EES0423805__X1E__Y03__P015.jpg,0.716560,17.667862,ok
EES0423805__X1E__Y42__P016.jpg,0.807826,19.973156,ok
EES0423805__X21__Y42__P017.jpg,0.796201,19.074355,ok
EES0423805__X24__Y42__P018.jpg,0.844379,20.294041,ok
EES0423805__X27__Y42__P019.jpg,0.853444,20.457139,ok
EES0423805__X2A__Y03__P020.jpg,0.860450,18.857499,ok
EES0423805__X2A__Y42__P021.jpg,0.724934,17.581256,ok
EES0423805__X2D__Y03__P022.jpg,0.927543,24.477830,ok
EES0423805__X30__Y03__P023.jpg,0.787305,19.989547,ok
EES0423805__X33__Y03__P024.jpg,0.875768,21.760033,ok
EES0423805__X33__Y06__P025.jpg,0.731767,17.834873,ok
EES0423806__X1E__Y1B__P001.jpg,0.753193,17.909632,ok
EES0423806__X1E__Y27__P002.jpg,0.741669,17.607246,ok
EES0423806__X1E__Y2A__P003.jpg,0.757182,17.808654,ok
EES0423806__X1E__Y33__P004.jpg,0.756631,18.820179,ok
EES0423806__X1E__Y3F__P005.jpg,0.818017,19.154408,ok
EES0423806__X21__Y15__P006.jpg,0.757231,18.332704,ok
EES0423806__X21__Y18__P007.jpg,0.749453,19.009961,ok
EES0423806__X2D__Y0F__P008.jpg,0.740823,18.270792,ok
EES0423806__X2D__Y12__P009.jpg,0.830949,21.846218,ok
EES0423806__X2D__Y15__P010.jpg,0.680303,16.646096,ok
EES0423806__X2D__Y18__P011.jpg,0.826405,19.435125,ok
EES0423806__X30__Y06__P012.jpg,0.738492,18.143235,ok
EES0423806__X30__Y09__P013.jpg,0.664920,16.741445,ok
EES0423806__X30__Y0C__P014.jpg,0.729557,18.141456,ok
EES0423806__X30__Y0F__P015.jpg,0.685516,16.925370,ok
EES0423806__X30__Y1B__P016.jpg,0.787619,20.161845,ok
EES0423806__X30__Y1E__P017.jpg,0.767707,18.149790,ok
EES0423806__X30__Y27__P018.jpg,0.763162,17.240457,ok
EES0423806__X30__Y2A__P019.jpg,0.688640,16.585256,ok
EES0423806__X30__Y33__P020.jpg,0.752008,19.350348,ok
EES0423806__X30__Y36__P021.jpg,0.828919,18.630062,ok
EES0423806__X33__Y09__P022.jpg,0.756273,18.189103,ok
EES0423806__X33__Y0C__P023.jpg,0.797465,20.039247,ok
EES0423806__X33__Y36__P024.jpg,0.741582,17.913543,ok
EES0423806__X36__Y0C__P025.jpg,0.804098,20.016418,ok
EES0423807__X09__Y1E__P001.jpg,0.788726,19.319602,ok
EES0423807__X09__Y21__P002.jpg,0.784240,19.510484,ok
EES0423807__X09__Y27__P003.jpg,0.783354,19.903298,ok
EES0423807__X09__Y2A__P004.jpg,0.810085,19.807355,ok
EES0423807__X09__Y2D__P005.jpg,0.762471,19.023967,ok
EES0423807__X09__Y30__P006.jpg,0.911929,22.439481,ok
EES0423807__X09__Y33__P007.jpg,0.798577,18.496426,ok
EES0423807__X09__Y36__P008.jpg,0.686916,17.379614,ok
EES0423807__X09__Y45__P009.jpg,0.716122,17.217361,ok
EES0423807__X0C__Y0F__P010.jpg,0.743555,18.379683,ok
EES0423807__X0C__Y12__P011.jpg,0.755210,18.308311,ok
EES0423807__X0C__Y18__P012.jpg,0.895147,23.171510,ok
EES0423807__X0C__Y1B__P013.jpg,0.853881,20.167702,ok
EES0423807__X0C__Y1E__P014.jpg,0.767411,18.440643,ok
EES0423807__X0C__Y21__P015.jpg,0.878518,21.368142,ok
EES0423807__X0C__Y30__P016.jpg,0.755011,18.010899,ok
EES0423807__X0C__Y33__P017.jpg,0.752748,18.973671,ok
EES0423807__X0C__Y36__P018.jpg,0.787575,18.371734,ok
EES0423807__X0C__Y39__P019.jpg,0.824844,20.374756,ok
EES0423807__X0F__Y0F__P020.jpg,0.776424,19.469022,ok
EES0423807__X0F__Y12__P021.jpg,0.862978,20.993325,ok
EES0423807__X0F__Y15__P022.jpg,0.832016,20.330117,ok
EES0423807__X0F__Y36__P023.jpg,0.757101,18.376700,ok
EES0423807__X0F__Y3C__P024.jpg,0.734485,17.266847,ok
EES0423807__X12__Y0C__P025.jpg,0.934430,28.090160,ok
EES0423808__X12__Y3F__P001.jpg,0.744225,17.463754,ok
EES0423808__X15__Y0C__P002.jpg,0.757817,17.800409,ok
EES0423808__X15__Y0F__P003.jpg,0.763736,17.822875,ok
EES0423808__X15__Y12__P004.jpg,0.836196,20.762868,ok
EES0423808__X15__Y3F__P005.jpg,0.788140,19.629979,ok
EES0423808__X18__Y09__P006.jpg,0.881225,22.394492,ok
EES0423808__X18__Y0C__P007.jpg,0.852670,19.884259,ok
EES0423808__X18__Y42__P008.jpg,0.796062,18.921648,ok
EES0423808__X1B__Y06__P009.jpg,0.860227,21.017757,ok
EES0423808__X1B__Y09__P010.jpg,0.817288,20.940981,ok
EES0423808__X1B__Y0C__P011.jpg,0.869582,21.033567,ok
EES0423808__X1E__Y06__P012.jpg,0.728174,17.593028,ok
EES0423808__X1E__Y09__P013.jpg,0.822751,21.144674,ok
EES0423808__X1E__Y45__P014.jpg,0.840892,20.679855,ok
EES0423808__X21__Y06__P015.jpg,0.828469,19.932592,ok
EES0423808__X21__Y09__P016.jpg,0.902803,23.736418,ok
EES0423808__X21__Y45__P017.jpg,0.838072,21.083626,ok
EES0423808__X24__Y45__P018.jpg,0.876198,24.775410,ok
EES0423808__X27__Y06__P019.jpg,0.832181,21.784956,ok
EES0423808__X27__Y45__P020.jpg,0.857435,19.088192,ok
EES0423808__X2A__Y06__P021.jpg,0.837681,20.254194,ok
EES0423808__X2A__Y45__P022.jpg,0.781272,18.781300,ok
EES0423808__X2D__Y45__P023.jpg,0.675148,17.306113,ok
EES0423808__X30__Y42__P024.jpg,0.935783,30.335839,ok
EES0423808__X33__Y09__P025.jpg,0.880378,22.188049,ok
EES0423809__X15__Y1B__P001.jpg,0.758532,17.928013,ok
EES0423809__X15__Y1E__P002.jpg,0.722375,17.013122,ok
EES0423809__X18__Y0F__P003.jpg,0.815103,20.093798,ok
EES0423809__X18__Y12__P004.jpg,0.749909,18.454902,ok
EES0423809__X18__Y18__P005.jpg,0.797745,19.874984,ok
EES0423809__X1B__Y0C__P006.jpg,0.755992,17.638219,ok
EES0423809__X1B__Y0F__P007.jpg,0.782130,18.165960,ok
EES0423809__X1B__Y12__P008.jpg,0.854516,21.846479,ok
EES0423809__X1B__Y15__P009.jpg,0.794703,19.302802,ok
EES0423809__X1B__Y18__P010.jpg,0.831193,20.326649,ok
EES0423809__X1B__Y1B__P011.jpg,0.734913,17.339687,ok
EES0423809__X1E__Y09__P012.jpg,0.858156,20.461949,ok
EES0423809__X1E__Y0C__P013.jpg,0.877988,20.475369,ok
EES0423809__X1E__Y0F__P014.jpg,0.877207,23.326054,ok
EES0423809__X1E__Y42__P015.jpg,0.726075,17.106674,ok
EES0423809__X21__Y09__P016.jpg,0.809035,19.759315,ok
EES0423809__X21__Y0C__P017.jpg,0.878799,22.333817,ok
EES0423809__X21__Y0F__P018.jpg,0.720379,17.675785,ok
EES0423809__X21__Y12__P019.jpg,0.850181,22.127827,ok
EES0423809__X21__Y15__P020.jpg,0.845798,22.247702,ok
EES0423809__X24__Y09__P021.jpg,0.741085,17.954933,ok
EES0423809__X24__Y0C__P022.jpg,0.676929,16.713005,ok
EES0423809__X24__Y0F__P023.jpg,0.730487,18.986248,ok
EES0423809__X27__Y09__P024.jpg,0.794895,18.466316,ok
EES0423809__X27__Y0C__P025.jpg,0.867950,22.681076,ok
EES0423810__X0C__Y27__P001.jpg,0.788669,18.323980,ok
EES0423810__X0C__Y2A__P002.jpg,0.816617,21.199201,ok
EES0423810__X0C__Y2D__P003.jpg,0.716506,17.737569,ok
EES0423810__X0C__Y30__P004.jpg,0.803440,19.535091,ok
EES0423810__X0F__Y15__P005.jpg,0.719039,17.268944,ok
EES0423810__X0F__Y18__P006.jpg,0.746215,17.298663,ok
EES0423810__X0F__Y1B__P007.jpg,0.820360,20.695262,ok
EES0423810__X12__Y0F__P008.jpg,0.782359,18.946717,ok
EES0423810__X12__Y12__P009.jpg,0.911504,24.393173,ok
EES0423810__X12__Y15__P010.jpg,0.766854,19.730779,ok
EES0423810__X12__Y18__P011.jpg,0.729392,17.748344,ok
EES0423810__X12__Y1B__P012.jpg,0.851104,21.271441,ok
EES0423810__X12__Y39__P013.jpg,0.786568,18.722516,ok
EES0423810__X15__Y0C__P014.jpg,0.775823,18.641540,ok
EES0423810__X15__Y0F__P015.jpg,0.823490,21.726372,ok
EES0423810__X15__Y12__P016.jpg,0.756210,18.127169,ok
EES0423810__X15__Y15__P017.jpg,0.831133,21.238370,ok
EES0423810__X15__Y1B__P018.jpg,0.813495,21.358074,ok
EES0423810__X15__Y21__P019.jpg,0.721869,17.286499,ok
EES0423810__X15__Y3C__P020.jpg,0.711008,16.813140,ok
EES0423810__X18__Y0C__P021.jpg,0.826006,18.555545,ok
EES0423810__X18__Y0F__P022.jpg,0.793400,21.938234,ok
EES0423810__X18__Y12__P023.jpg,0.864641,20.929773,ok
EES0423810__X18__Y1B__P024.jpg,0.764266,18.130800,ok
EES0423810__X18__Y27__P025.jpg,0.860580,20.915628,ok
