filename,ssim,psnr,status
EES0423311__X12__Y39__P001.jpg,0.764768,19.682678,ok
EES0423311__X15__Y06__P002.jpg,0.925849,36.896755,ok
EES0423311__X15__Y09__P003.jpg,0.591955,17.924268,ok
EES0423311__X15__Y39__P004.jpg,0.721076,17.965560,ok
EES0423311__X18__Y06__P005.jpg,0.867151,24.884427,ok
EES0423311__X18__Y3C__P006.jpg,0.678945,18.435291,ok
EES0423311__X1B__Y3F__P007.jpg,0.737895,20.340262,ok
EES0423311__X1E__Y03__P008.jpg,0.696378,19.294868,ok
EES0423311__X1E__Y3F__P009.jpg,0.749032,22.277099,ok
EES0423311__X24__Y42__P010.jpg,0.828738,20.373133,ok
EES0423311__X27__Y42__P011.jpg,0.776541,18.858806,ok
EES0423311__X2A__Y42__P012.jpg,0.712751,18.339652,ok
EES0423311__X2D__Y42__P013.jpg,0.707634,17.490362,ok
EES0423311__X33__Y3F__P014.jpg,0.702605,18.701186,ok
EES0423311__X36__Y3F__P015.jpg,0.803895,21.552697,ok
EES0423311__X39__Y06__P016.jpg,0.768606,20.676040,ok
EES0423311__X39__Y3C__P017.jpg,0.764226,19.835024,ok
EES0423311__X3C__Y09__P018.jpg,0.640629,18.379193,ok
EES0423311__X3C__Y39__P019.jpg,0.629669,19.128916,ok
EES0423311__X3F__Y0C__P020.jpg,0.669076,18.830775,ok
EES0423311__X3F__Y36__P021.jpg,0.658838,18.884163,ok
EES0423311__X42__Y0F__P022.jpg,0.891658,29.945966,ok
EES0423311__X42__Y33__P023.jpg,0.740638,19.132331,ok
EES0423311__X45__Y15__P024.jpg,0.743499,22.171035,ok
EES0423311__X45__Y2A__P025.jpg,0.648396,19.796171,ok
EES0423312__X12__Y1E__P001.jpg,0.732050,17.047082,ok
EES0423312__X12__Y21__P002.jpg,0.687373,17.804064,ok
EES0423312__X12__Y24__P003.jpg,0.767011,20.557224,ok
EES0423312__X12__Y27__P004.jpg,0.792501,20.122520,ok
EES0423312__X12__Y2A__P005.jpg,0.789718,20.571920,ok
EES0423312__X12__Y2D__P006.jpg,0.717964,18.039872,ok
EES0423312__X12__Y30__P007.jpg,0.734173,18.381638,ok
EES0423312__X12__Y33__P008.jpg,0.902130,27.160040,ok
EES0423312__X15__Y0F__P009.jpg,0.771985,19.947747,ok
EES0423312__X15__Y12__P010.jpg,0.677152,19.430934,ok
EES0423312__X15__Y33__P011.jpg,0.863342,28.422619,ok
EES0423312__X18__Y0C__P012.jpg,0.863422,25.427213,ok
EES0423312__X18__Y36__P013.jpg,0.817094,21.673343,ok
EES0423312__X18__Y39__P014.jpg,0.850783,23.706619,ok
EES0423312__X18__Y42__P015.jpg,0.885115,25.428394,ok
EES0423312__X18__Y45__P016.jpg,0.909097,34.925630,ok
EES0423312__X1B__Y39__P017.jpg,0.754599,22.273941,ok
EES0423312__X1B__Y42__P018.jpg,0.919566,33.556033,ok
EES0423312__X1E__Y09__P019.jpg,0.740323,19.434924,ok
EES0423312__X1E__Y3C__P020.jpg,0.774307,19.930077,ok
EES0423312__X1E__Y42__P021.jpg,0.899474,27.102124,ok
EES0423312__X21__Y3C__P022.jpg,0.809164,23.781449,ok
EES0423312__X21__Y42__P023.jpg,0.821404,22.307276,ok
EES0423312__X24__Y06__P024.jpg,0.863259,24.209003,ok
EES0423312__X24__Y3F__P025.jpg,0.872450,22.927066,ok
EES0423313__X0F__Y27__P001.jpg,0.758097,18.660837,ok
EES0423313__X12__Y0F__P002.jpg,0.917983,32.895138,ok
EES0423313__X12__Y2D__P003.jpg,0.734659,18.356480,ok
EES0423313__X12__Y33__P004.jpg,0.884927,26.568003,ok
EES0423313__X15__Y0C__P005.jpg,0.735279,16.574696,ok
EES0423313__X15__Y36__P006.jpg,0.845515,21.761305,ok
EES0423313__X18__Y06__P007.jpg,0.847646,23.998485,ok
EES0423313__X18__Y36__P008.jpg,0.846225,23.475613,ok
EES0423313__X18__Y39__P009.jpg,0.816297,20.873348,ok
EES0423313__X1B__Y3C__P010.jpg,0.795843,22.768440,ok
EES0423313__X1E__Y03__P011.jpg,0.867667,22.894175,ok
EES0423313__X1E__Y39__P012.jpg,0.798376,19.930213,ok
EES0423313__X27__Y3C__P013.jpg,0.720165,17.388839,ok
EES0423313__X27__Y3F__P014.jpg,0.916751,29.083318,ok
EES0423313__X2A__Y3C__P015.jpg,0.764756,19.397314,ok
EES0423313__X2A__Y3F__P016.jpg,0.891932,24.892985,ok
EES0423313__X30__Y3C__P017.jpg,0.800857,21.183388,ok
EES0423313__X33__Y03__P018.jpg,0.812999,19.611656,ok
EES0423313__X36__Y03__P019.jpg,0.867498,24.001947,ok
EES0423313__X36__Y39__P020.jpg,0.682917,17.252681,ok
EES0423313__X39__Y06__P021.jpg,0.773485,18.122288,ok
EES0423313__X39__Y39__P022.jpg,0.865168,24.069883,ok
EES0423313__X3C__Y36__P023.jpg,0.868353,23.894008,ok
EES0423313__X3F__Y33__P024.jpg,0.865799,24.510553,ok
EES0423313__X42__Y0F__P025.jpg,0.839598,22.275607,ok
EES0423314__X24__Y42__P001.jpg,0.856901,21.479826,ok
EES0423314__X27__Y06__P002.jpg,0.927240,40.822971,ok
EES0423314__X2A__Y06__P003.jpg,0.850579,23.595958,ok
EES0423314__X2A__Y42__P004.jpg,0.790896,20.713466,ok
EES0423314__X2D__Y06__P005.jpg,0.822711,21.779494,ok
EES0423314__X2D__Y42__P006.jpg,0.821666,24.174487,ok
EES0423314__X30__Y06__P007.jpg,0.826101,23.093993,ok
EES0423314__X30__Y42__P008.jpg,0.866923,27.939488,ok
EES0423314__X36__Y09__P009.jpg,0.920697,27.666682,ok
EES0423314__X39__Y0C__P010.jpg,0.692244,18.259751,ok
EES0423314__X39__Y1E__P011.jpg,0.693208,18.477334,ok
EES0423314__X3C__Y3C__P012.jpg,0.897545,26.330132,ok
EES0423314__X3F__Y12__P013.jpg,0.725398,18.334564,ok
EES0423314__X3F__Y39__P014.jpg,0.813055,22.810027,ok
EES0423314__X42__Y15__P015.jpg,0.803206,20.889725,ok
EES0423314__X45__Y1B__P016.jpg,0.899152,29.048100,ok
EES0423314__X45__Y1E__P017.jpg,0.697667,19.047134,ok
EES0423314__X45__Y27__P018.jpg,0.637576,17.855191,ok
EES0423314__X45__Y2A__P019.jpg,0.688943,18.376406,ok
EES0423314__X45__Y2D__P020.jpg,0.766074,19.624904,ok
EES0423314__X45__Y30__P021.jpg,0.852979,24.532477,ok
EES0423314__X18__Y39__P022.jpg,0.718565,16.945618,ok
EES0423314__X1B__Y0C__P023.jpg,0.684851,16.116592,ok
EES0423314__X1E__Y09__P024.jpg,0.854750,20.364790,ok
EES0423314__X2A__Y06__P025.jpg,0.834724,20.155101,ok
EES0423315__X27__Y42__P001.jpg,0.799284,20.721664,ok
EES0423315__X2A__Y42__P002.jpg,0.777125,19.244670,ok
EES0423315__X2D__Y42__P003.jpg,0.754704,20.896380,ok
EES0423315__X30__Y3F__P004.jpg,0.699857,17.866154,ok
EES0423315__X30__Y42__P005.jpg,0.894920,26.468038,ok
EES0423315__X33__Y3F__P006.jpg,0.781887,21.790654,ok
EES0423315__X33__Y42__P007.jpg,0.739780,19.356439,ok
EES0423315__X36__Y3F__P008.jpg,0.873162,25.128325,ok
EES0423315__X36__Y42__P009.jpg,0.738490,17.093606,ok
EES0423315__X36__Y45__P010.jpg,0.833483,21.378551,ok
EES0423315__X39__Y3C__P011.jpg,0.722595,19.326824,ok
EES0423315__X39__Y45__P012.jpg,0.721190,17.899280,ok
EES0423315__X3C__Y0C__P013.jpg,0.826265,21.241333,ok
EES0423315__X3C__Y39__P014.jpg,0.679265,19.393451,ok
EES0423315__X3C__Y45__P015.jpg,0.803093,19.856905,ok
EES0423315__X3F__Y0F__P016.jpg,0.869412,23.957275,ok
EES0423315__X3F__Y39__P017.jpg,0.919180,28.312687,ok
EES0423315__X3F__Y42__P018.jpg,0.821638,19.708138,ok
EES0423315__X42__Y12__P019.jpg,0.857276,22.767817,ok
EES0423315__X42__Y15__P020.jpg,0.779260,18.915581,ok
EES0423315__X42__Y33__P021.jpg,0.718410,18.080816,ok
EES0423315__X42__Y42__P022.jpg,0.838296,21.088750,ok
EES0423315__X42__Y45__P023.jpg,0.791129,18.962454,ok
EES0423315__X45__Y15__P024.jpg,0.810943,19.946870,ok
EES0423315__X45__Y18__P025.jpg,0.799765,21.032117,ok
EES0423316__X45__Y1E__P001.jpg,0.790460,20.418755,ok
EES0423316__X45__Y2A__P002.jpg,0.683799,17.560292,ok
EES0423316__X45__Y39__P003.jpg,0.842655,21.623126,ok
EES0423316__X45__Y42__P004.jpg,0.884221,25.791197,ok
EES0423316__X48__Y1E__P005.jpg,0.880612,23.856648,ok
EES0423316__X48__Y21__P006.jpg,0.820744,21.155434,ok
EES0423316__X48__Y27__P007.jpg,0.833975,20.998357,ok
EES0423316__X48__Y2D__P008.jpg,0.870329,23.244107,ok
EES0423316__X48__Y3F__P009.jpg,0.825927,22.622440,ok
EES0423316__X48__Y42__P010.jpg,0.916610,28.981452,ok
EES0423316__X15__Y21__P011.jpg,0.829911,23.093025,ok
EES0423316__X15__Y27__P012.jpg,0.835292,23.592177,ok
EES0423316__X18__Y18__P013.jpg,0.762463,21.295080,ok
EES0423316__X18__Y21__P014.jpg,0.827427,22.914380,ok
EES0423316__X18__Y2A__P015.jpg,0.688976,18.433118,ok
EES0423316__X1B__Y0C__P016.jpg,0.889876,30.999590,ok
EES0423316__X1E__Y30__P017.jpg,0.781331,20.719220,ok
EES0423316__X21__Y36__P018.jpg,0.783684,21.604403,ok
EES0423316__X27__Y15__P019.jpg,0.759988,20.991813,ok
EES0423316__X33__Y09__P020.jpg,0.883974,24.961820,ok
EES0423316__X39__Y12__P021.jpg,0.722391,20.013572,ok
EES0423316__X45__Y2D__P022.jpg,0.802572,21.641827,ok
EES0423316__X48__Y24__P023.jpg,0.918756,27.904570,ok
EES0423316__X48__Y27__P024.jpg,0.912952,27.983942,ok
EES0423316__X15__Y1E__P025.jpg,0.686201,16.570749,ok
EES0423317__X42__Y30__P001.jpg,0.654066,17.446582,ok
EES0423317__X42__Y39__P002.jpg,0.839343,24.635900,ok
EES0423317__X42__Y3C__P003.jpg,0.812422,18.923349,ok
EES0423317__X45__Y15__P004.jpg,0.823888,21.333105,ok
EES0423317__X45__Y33__P005.jpg,0.658958,18.509998,ok
EES0423317__X45__Y36__P006.jpg,0.915238,31.550104,ok
EES0423317__X48__Y24__P007.jpg,0.733648,19.754875,ok
EES0423317__X48__Y2A__P008.jpg,0.713741,18.872652,ok
EES0423317__X48__Y30__P009.jpg,0.828061,18.941955,ok
EES0423317__X09__Y1E__P010.jpg,0.783513,19.064160,ok
EES0423317__X09__Y2A__P011.jpg,0.774273,18.413337,ok
EES0423317__X0C__Y15__P012.jpg,0.830973,21.477944,ok
EES0423317__X0C__Y2D__P013.jpg,0.720561,19.753633,ok
EES0423317__X0C__Y30__P014.jpg,0.772958,19.056440,ok
EES0423317__X0C__Y33__P015.jpg,0.903771,27.558748,ok
EES0423317__X0F__Y0F__P016.jpg,0.844300,20.180262,ok
EES0423317__X0F__Y12__P017.jpg,0.893040,25.853290,ok
EES0423317__X0F__Y33__P018.jpg,0.658017,17.146857,ok
EES0423317__X0F__Y36__P019.jpg,0.841353,21.216984,ok
EES0423317__X12__Y0C__P020.jpg,0.849674,22.669519,ok
EES0423317__X12__Y36__P021.jpg,0.687381,17.134234,ok
EES0423317__X12__Y39__P022.jpg,0.819145,20.883068,ok
EES0423317__X15__Y09__P023.jpg,0.878017,30.607758,ok
EES0423317__X18__Y09__P024.jpg,0.746736,17.759020,ok
EES0423317__X18__Y3C__P025.jpg,0.639433,18.322954,ok
EES0423318__X18__Y3F__P001.jpg,0.859510,22.770804,ok
EES0423318__X1E__Y03__P002.jpg,0.943602,24.230146,ok
EES0423318__X21__Y03__P003.jpg,0.945843,22.802749,ok
EES0423318__X2D__Y06__P004.jpg,0.933640,22.046245,ok
EES0423318__X30__Y06__P005.jpg,0.955548,23.185155,ok
EES0423318__X06__Y18__P006.jpg,0.954137,23.176506,ok
EES0423318__X18__Y3F__P007.jpg,0.858907,20.746084,ok
EES0423318__X1B__Y3F__P008.jpg,0.780985,20.079658,ok
EES0423318__X1B__Y45__P009.jpg,0.916430,21.648411,ok
EES0423318__X24__Y3F__P010.jpg,0.845499,22.070602,ok
EES0423318__X45__Y1B__P011.jpg,0.922276,24.881134,ok
EES0423318__X30__Y42__P012.jpg,0.918415,24.853558,ok
EES0423318__X42__Y33__P013.jpg,0.932316,23.117229,ok
EES0423318__X42__Y45__P014.jpg,0.930721,24.254507,ok
EES0423318__X18__Y30__P015.jpg,0.885155,21.553376,ok
EES0423318__X18__Y33__P016.jpg,0.910134,21.701698,ok
EES0423318__X21__Y42__P017.jpg,0.930503,25.045866,ok
EES0423318__X27__Y45__P018.jpg,0.912912,25.214250,ok
EES0423318__X36__Y42__P019.jpg,0.943346,25.105283,ok
EES0423318__X36__Y45__P020.jpg,0.939947,22.827234,ok
EES0423318__X3F__Y1B__P021.jpg,0.867497,22.962064,ok
EES0423318__X42__Y42__P022.jpg,0.951001,25.626530,ok
EES0423318__X09__Y12__P023.jpg,0.905137,24.475156,ok
EES0423318__X09__Y15__P024.jpg,0.893436,22.351571,ok
EES0423318__X0C__Y0F__P025.jpg,0.886222,24.638603,ok
EES0423319__X48__Y3F__P001.jpg,0.957335,24.837529,ok
EES0423319__X48__Y42__P002.jpg,0.956303,23.865507,ok
EES0423319__X06__Y0F__P003.jpg,0.854428,20.716262,ok
EES0423319__X06__Y12__P004.jpg,0.897366,22.337249,ok
EES0423319__X06__Y15__P005.jpg,0.658362,18.223393,ok
EES0423319__X06__Y27__P006.jpg,0.722929,18.893057,ok
EES0423319__X06__Y2A__P007.jpg,0.717411,19.012362,ok
EES0423319__X06__Y2D__P008.jpg,0.702051,19.340240,ok
EES0423319__X06__Y30__P009.jpg,0.816650,19.846458,ok
EES0423319__X09__Y33__P010.jpg,0.856044,22.811246,ok
EES0423319__X12__Y3C__P011.jpg,0.952981,29.008298,ok
EES0423319__X18__Y3F__P012.jpg,0.955426,25.191618,ok
EES0423319__X1B__Y03__P013.jpg,0.881526,24.235063,ok
EES0423319__X1B__Y06__P014.jpg,0.621640,17.189800,ok
EES0423319__X1E__Y03__P015.jpg,0.927771,22.429666,ok
EES0423319__X21__Y03__P016.jpg,0.882849,21.501360,ok
EES0423319__X21__Y42__P017.jpg,0.919378,25.625701,ok
EES0423319__X24__Y03__P018.jpg,0.916004,24.363735,ok
EES0423319__X24__Y42__P019.jpg,0.853508,23.161117,ok
EES0423319__X2A__Y06__P020.jpg,0.935053,22.477044,ok
EES0423319__X2D__Y06__P021.jpg,0.957558,23.893009,ok
EES0423319__X48__Y06__P022.jpg,0.955851,23.741389,ok
EES0423319__X48__Y09__P023.jpg,0.959557,25.719929,ok
EES0423319__X48__Y0C__P024.jpg,0.958561,24.441614,ok
EES0423319__X48__Y0F__P025.jpg,0.960518,23.699952,ok
EES0423320__X48__Y12__P001.jpg,0.960021,23.745118,ok
EES0423320__X48__Y15__P002.jpg,0.959513,23.759813,ok
EES0423320__X48__Y18__P003.jpg,0.960729,24.156551,ok
EES0423320__X48__Y1B__P004.jpg,0.953449,26.987441,ok
EES0423320__X48__Y1E__P005.jpg,0.957101,27.346478,ok
EES0423320__X48__Y21__P006.jpg,0.958679,23.885747,ok
EES0423320__X48__Y24__P007.jpg,0.942089,28.101255,ok
EES0423320__X48__Y2A__P008.jpg,0.953487,24.658517,ok
EES0423320__X48__Y2D__P009.jpg,0.960267,23.892601,ok
EES0423320__X48__Y30__P010.jpg,0.960502,23.687129,ok
EES0423320__X48__Y33__P011.jpg,0.958334,24.833449,ok
EES0423320__X48__Y36__P012.jpg,0.959001,23.921915,ok
EES0423320__X48__Y39__P013.jpg,0.958950,23.713636,ok
EES0423320__X48__Y3C__P014.jpg,0.955781,23.311973,ok
EES0423320__X48__Y3F__P015.jpg,0.957409,23.731699,ok
EES0423320__X48__Y42__P016.jpg,0.957869,24.498490,ok
EES0423320__X48__Y45__P017.jpg,0.958074,27.498332,ok
EES0423320__X03__Y33__P018.jpg,0.939638,23.324179,ok
EES0423320__X06__Y33__P019.jpg,0.938162,26.763196,ok
EES0423320__X09__Y36__P020.jpg,0.938555,27.400682,ok
EES0423320__X0C__Y36__P021.jpg,0.875259,22.856926,ok
EES0423320__X39__Y45__P022.jpg,0.939566,25.850213,ok
EES0423320__X45__Y30__P023.jpg,0.927970,24.663402,ok
EES0423320__X48__Y06__P024.jpg,0.954053,23.718896,ok
EES0423320__X48__Y09__P025.jpg,0.951803,24.469291,ok
EES0423321__X48__Y0C__P001.jpg,0.955939,23.438326,ok
EES0423321__X48__Y0F__P002.jpg,0.954611,23.616624,ok
EES0423321__X48__Y12__P003.jpg,0.955793,24.594679,ok
EES0423321__X48__Y15__P004.jpg,0.955717,24.919954,ok
EES0423321__X48__Y1B__P005.jpg,0.953765,23.874661,ok
EES0423321__X48__Y1E__P006.jpg,0.953094,26.363721,ok
EES0423321__X48__Y21__P007.jpg,0.953668,25.059562,ok
EES0423321__X48__Y24__P008.jpg,0.945879,24.123524,ok
EES0423321__X48__Y2A__P009.jpg,0.878926,23.888430,ok
EES0423321__X48__Y2D__P010.jpg,0.940634,27.335805,ok
EES0423321__X48__Y30__P011.jpg,0.893402,24.767212,ok
EES0423321__X48__Y33__P012.jpg,0.917084,26.244198,ok
EES0423321__X48__Y36__P013.jpg,0.955199,24.057136,ok
EES0423321__X48__Y39__P014.jpg,0.953759,24.123285,ok
EES0423321__X1E__Y03__P015.jpg,0.957491,23.278240,ok
EES0423321__X21__Y03__P016.jpg,0.956694,26.217402,ok
EES0423321__X21__Y06__P017.jpg,0.846729,20.583826,ok
EES0423321__X24__Y03__P018.jpg,0.951476,27.241120,ok
EES0423321__X27__Y03__P019.jpg,0.956076,25.644004,ok
EES0423321__X2A__Y03__P020.jpg,0.955141,23.851730,ok
EES0423321__X42__Y21__P021.jpg,0.911652,24.581709,ok
EES0423321__X18__Y06__P022.jpg,0.796961,20.427900,ok
EES0423321__X1E__Y42__P023.jpg,0.901922,24.173818,ok
EES0423321__X21__Y06__P024.jpg,0.725988,19.360990,ok
EES0423321__X21__Y42__P025.jpg,0.843063,21.917075,ok
EES0423322__X24__Y42__P001.jpg,0.947822,27.690275,ok
EES0423322__X39__Y15__P002.jpg,0.873161,22.485722,ok
EES0423322__X39__Y33__P003.jpg,0.847771,21.557889,ok
EES0423322__X1B__Y42__P004.jpg,0.760744,18.508475,ok
EES0423322__X2A__Y30__P005.jpg,0.760543,20.201244,ok
EES0423322__X2A__Y33__P006.jpg,0.862584,22.022067,ok
EES0423322__X2A__Y39__P007.jpg,0.849774,21.594157,ok
EES0423322__X2A__Y45__P008.jpg,0.897012,21.781240,ok
EES0423322__X2D__Y30__P009.jpg,0.754967,19.323814,ok
EES0423322__X2D__Y33__P010.jpg,0.702966,19.127141,ok
EES0423322__X2D__Y39__P011.jpg,0.845482,21.320516,ok
EES0423322__X30__Y2A__P012.jpg,0.800842,19.666426,ok
EES0423322__X36__Y30__P013.jpg,0.794274,19.811295,ok
EES0423322__X36__Y39__P014.jpg,0.901878,23.180459,ok
EES0423322__X39__Y33__P015.jpg,0.851998,22.217656,ok
EES0423322__X48__Y06__P016.jpg,0.956467,27.157139,ok
EES0423322__X48__Y09__P017.jpg,0.958988,25.995197,ok
EES0423322__X48__Y0C__P018.jpg,0.954357,25.739788,ok
EES0423322__X48__Y0F__P019.jpg,0.954095,23.142607,ok
EES0423322__X48__Y12__P020.jpg,0.957229,23.740174,ok
EES0423322__X48__Y15__P021.jpg,0.956244,27.836551,ok
EES0423322__X48__Y18__P022.jpg,0.955356,26.279159,ok
EES0423322__X48__Y1B__P023.jpg,0.956121,23.631301,ok
EES0423322__X48__Y1E__P024.jpg,0.956915,23.790191,ok
EES0423322__X48__Y21__P025.jpg,0.958846,24.158030,ok
EES0423323__X12__Y0F__P001.jpg,0.903240,24.288865,ok
EES0423323__X12__Y27__P002.jpg,0.802942,19.578285,ok
EES0423323__X12__Y2A__P003.jpg,0.683614,17.926755,ok
EES0423323__X15__Y0C__P004.jpg,0.921411,25.249522,ok
EES0423323__X18__Y0F__P005.jpg,0.822730,20.327346,ok
EES0423323__X33__Y1E__P006.jpg,0.663669,19.374391,ok
EES0423323__X03__Y18__P007.jpg,0.922899,25.876819,ok
EES0423323__X03__Y1B__P008.jpg,0.932269,25.643752,ok
EES0423323__X24__Y45__P009.jpg,0.789205,20.129304,ok
EES0423323__X27__Y06__P010.jpg,0.918274,23.864182,ok
EES0423323__X27__Y45__P011.jpg,0.872197,21.586593,ok
EES0423323__X2A__Y06__P012.jpg,0.886775,22.968654,ok
EES0423323__X2A__Y45__P013.jpg,0.871496,22.066588,ok
EES0423323__X2D__Y45__P014.jpg,0.939008,26.551022,ok
EES0423323__X30__Y48__P015.jpg,0.938535,26.550300,ok
EES0423323__X33__Y42__P016.jpg,0.943495,25.141428,ok
EES0423323__X36__Y09__P017.jpg,0.947237,26.725842,ok
EES0423323__X3F__Y1B__P018.jpg,0.889967,22.615775,ok
EES0423323__X42__Y2A__P019.jpg,0.927257,24.775026,ok
EES0423323__X42__Y2D__P020.jpg,0.887901,22.650236,ok
EES0423323__X45__Y18__P021.jpg,0.935542,25.459066,ok
EES0423323__X45__Y1B__P022.jpg,0.942588,26.544217,ok
EES0423323__X45__Y21__P023.jpg,0.950425,29.069662,ok
EES0423323__X45__Y2D__P024.jpg,0.936180,25.982860,ok
EES0423323__X06__Y0C__P025.jpg,0.951451,27.456886,ok
EES0423324__X06__Y18__P001.jpg,0.825167,21.374226,ok
EES0423324__X06__Y1B__P002.jpg,0.948456,25.161100,ok
EES0423324__X06__Y1E__P003.jpg,0.883881,22.780648,ok
EES0423324__X06__Y21__P004.jpg,0.808867,21.595388,ok
EES0423324__X06__Y24__P005.jpg,0.919949,25.420688,ok
EES0423324__X06__Y27__P006.jpg,0.756498,19.788804,ok
EES0423324__X06__Y2A__P007.jpg,0.905196,22.982333,ok
EES0423324__X06__Y2D__P008.jpg,0.765228,20.116649,ok
EES0423324__X06__Y30__P009.jpg,0.858776,20.971728,ok
EES0423324__X06__Y33__P010.jpg,0.711009,19.415999,ok
EES0423324__X06__Y36__P011.jpg,0.930695,26.247606,ok
EES0423324__X09__Y15__P012.jpg,0.851995,22.801336,ok
EES0423324__X09__Y18__P013.jpg,0.859992,22.051799,ok
EES0423324__X09__Y1B__P014.jpg,0.905466,23.142087,ok
EES0423324__X09__Y30__P015.jpg,0.857865,22.017601,ok
EES0423324__X09__Y33__P016.jpg,0.905927,24.611813,ok
EES0423324__X09__Y36__P017.jpg,0.943707,26.845140,ok
EES0423324__X09__Y39__P018.jpg,0.915172,24.058774,ok
EES0423324__X0C__Y0F__P019.jpg,0.956308,26.328599,ok
EES0423324__X0C__Y12__P020.jpg,0.906875,24.420396,ok
EES0423324__X0C__Y39__P021.jpg,0.944906,28.722520,ok
EES0423324__X0F__Y0F__P022.jpg,0.909994,24.365590,ok
EES0423324__X12__Y42__P023.jpg,0.915614,24.234175,ok
EES0423324__X15__Y09__P024.jpg,0.910097,24.995074,ok
EES0423324__X15__Y0C__P025.jpg,0.879119,22.690743,ok
EES0423325__X15__Y42__P001.jpg,0.867678,21.881137,ok
EES0423325__X18__Y09__P002.jpg,0.817407,22.413197,ok
EES0423325__X1B__Y45__P003.jpg,0.911234,25.041870,ok
EES0423325__X1E__Y45__P004.jpg,0.850061,22.312360,ok
EES0423325__X21__Y06__P005.jpg,0.843099,20.759435,ok
EES0423325__X21__Y45__P006.jpg,0.886832,23.272976,ok
EES0423325__X24__Y06__P007.jpg,0.859255,22.459063,ok
EES0423325__X24__Y45__P008.jpg,0.745146,19.836370,ok
EES0423325__X27__Y06__P009.jpg,0.954374,25.680139,ok
EES0423325__X42__Y2D__P010.jpg,0.899988,24.690784,ok
EES0423325__X45__Y2D__P011.jpg,0.895278,20.573493,ok
EES0423325__X48__Y06__P012.jpg,0.957191,25.547135,ok
EES0423325__X48__Y09__P013.jpg,0.956548,26.311801,ok
EES0423325__X48__Y0C__P014.jpg,0.958754,23.583426,ok
EES0423325__X48__Y0F__P015.jpg,0.957822,27.024025,ok
EES0423325__X48__Y12__P016.jpg,0.954271,26.630926,ok
EES0423325__X48__Y15__P017.jpg,0.957707,26.411269,ok
EES0423325__X48__Y18__P018.jpg,0.957022,28.955510,ok
EES0423325__X48__Y1B__P019.jpg,0.957918,24.111288,ok
EES0423325__X48__Y1E__P020.jpg,0.956386,24.213728,ok
EES0423325__X48__Y2A__P021.jpg,0.942545,26.564472,ok
EES0423325__X48__Y30__P022.jpg,0.949554,25.736756,ok
EES0423325__X48__Y33__P023.jpg,0.954388,23.828484,ok
EES0423325__X48__Y36__P024.jpg,0.953675,23.742188,ok
EES0423325__X48__Y39__P025.jpg,0.955045,23.962516,ok
EES0423326__X48__Y3C__P001.jpg,0.954852,26.447679,ok
EES0423326__X48__Y3F__P002.jpg,0.952675,25.590076,ok
EES0423326__X48__Y42__P003.jpg,0.950467,23.620434,ok
EES0423326__X48__Y45__P004.jpg,0.952459,25.279112,ok
EES0423326__X48__Y48__P005.jpg,0.954914,27.826490,ok
EES0423326__X03__Y27__P006.jpg,0.674670,19.306718,ok
EES0423326__X03__Y2D__P007.jpg,0.835216,21.641132,ok
EES0423326__X03__Y30__P008.jpg,0.869198,20.921086,ok
EES0423326__X03__Y39__P009.jpg,0.947712,21.694186,ok
EES0423326__X03__Y3C__P010.jpg,0.950636,24.569029,ok
EES0423326__X06__Y33__P011.jpg,0.800927,19.747954,ok
EES0423326__X06__Y36__P012.jpg,0.923674,26.138402,ok
EES0423326__X0C__Y0C__P013.jpg,0.893659,25.787486,ok
EES0423326__X0F__Y3F__P014.jpg,0.821925,20.061703,ok
EES0423326__X15__Y42__P015.jpg,0.788069,20.605862,ok
EES0423326__X1B__Y42__P016.jpg,0.710718,16.701133,ok
EES0423326__X27__Y45__P017.jpg,0.950825,24.319299,ok
EES0423326__X2A__Y03__P018.jpg,0.913281,24.805808,ok
EES0423326__X2A__Y45__P019.jpg,0.945872,21.541837,ok
EES0423326__X30__Y03__P020.jpg,0.837398,22.262489,ok
EES0423326__X33__Y06__P021.jpg,0.791704,19.708109,ok
EES0423326__X36__Y06__P022.jpg,0.843349,23.408357,ok
EES0423326__X3C__Y15__P023.jpg,0.856818,23.895904,ok
EES0423326__X3F__Y18__P024.jpg,0.800580,20.615547,ok
EES0423326__X42__Y2A__P025.jpg,0.771730,21.138655,ok
EES0423327__X0C__Y06__P001.jpg,0.931664,22.078360,ok
EES0423327__X0C__Y1E__P002.jpg,0.882857,20.814655,ok
EES0423327__X0C__Y21__P003.jpg,0.931975,24.582245,ok
EES0423327__X15__Y12__P004.jpg,0.952768,28.039239,ok
EES0423327__X18__Y0F__P005.jpg,0.894265,23.699154,ok
EES0423327__X18__Y15__P006.jpg,0.807889,22.005854,ok
EES0423327__X1B__Y15__P007.jpg,0.893244,23.480683,ok
EES0423327__X1E__Y15__P008.jpg,0.878130,22.130801,ok
EES0423327__X21__Y09__P009.jpg,0.948499,23.885172,ok
EES0423327__X21__Y15__P010.jpg,0.813569,20.703760,ok
EES0423327__X24__Y09__P011.jpg,0.872805,23.228797,ok
EES0423327__X24__Y18__P012.jpg,0.884752,22.642091,ok
EES0423327__X24__Y1B__P013.jpg,0.863938,21.760304,ok
EES0423327__X36__Y1B__P014.jpg,0.841612,20.630988,ok
EES0423327__X06__Y1E__P015.jpg,0.883640,20.969120,ok
EES0423327__X06__Y21__P016.jpg,0.924087,25.882351,ok
EES0423327__X06__Y24__P017.jpg,0.936602,23.551210,ok
EES0423327__X06__Y27__P018.jpg,0.909113,23.949083,ok
EES0423327__X06__Y2A__P019.jpg,0.954055,24.821240,ok
EES0423327__X09__Y24__P020.jpg,0.749091,18.017619,ok
EES0423327__X09__Y27__P021.jpg,0.853342,21.028595,ok
EES0423327__X09__Y2D__P022.jpg,0.821470,21.974805,ok
EES0423327__X0C__Y30__P023.jpg,0.864235,20.901945,ok
EES0423327__X0C__Y36__P024.jpg,0.932972,23.333479,ok
EES0423327__X0F__Y33__P025.jpg,0.691205,18.707946,ok
EES0423328__X0F__Y36__P001.jpg,0.872231,21.133562,ok
EES0423328__X12__Y39__P002.jpg,0.717406,19.164787,ok
EES0423328__X15__Y3C__P003.jpg,0.845568,22.183649,ok
EES0423328__X15__Y3F__P004.jpg,0.924195,22.924269,ok
EES0423328__X1E__Y06__P005.jpg,0.914482,24.654460,ok
EES0423328__X21__Y06__P006.jpg,0.927856,23.100597,ok
EES0423328__X24__Y06__P007.jpg,0.943218,26.565329,ok
EES0423328__X27__Y06__P008.jpg,0.950671,24.111433,ok
EES0423328__X2A__Y06__P009.jpg,0.948805,27.697986,ok
EES0423328__X2A__Y09__P010.jpg,0.897222,24.239274,ok
EES0423328__X2D__Y09__P011.jpg,0.933202,27.161072,ok
EES0423328__X3F__Y1B__P012.jpg,0.950213,23.906597,ok
EES0423328__X3F__Y1E__P013.jpg,0.953385,27.736584,ok
EES0423328__X3F__Y21__P014.jpg,0.814183,20.175626,ok
EES0423328__X3F__Y24__P015.jpg,0.697408,17.617547,ok
EES0423328__X3F__Y2A__P016.jpg,0.876917,21.733373,ok
EES0423328__X3F__Y2D__P017.jpg,0.949575,26.835244,ok
EES0423328__X3F__Y21__P018.jpg,0.858337,23.221453,ok
EES0423328__X03__Y1B__P019.jpg,0.681301,17.523551,ok
EES0423328__X03__Y30__P020.jpg,0.799025,19.238060,ok
EES0423328__X03__Y33__P021.jpg,0.834543,20.262540,ok
EES0423328__X03__Y36__P022.jpg,0.890477,21.453510,ok
EES0423328__X03__Y39__P023.jpg,0.921124,22.339656,ok
EES0423328__X06__Y39__P024.jpg,0.866471,22.551352,ok
EES0423328__X0C__Y3F__P025.jpg,0.817170,21.088972,ok
EES0423329__X0C__Y42__P001.jpg,0.952280,26.286290,ok
EES0423329__X0F__Y42__P002.jpg,0.911846,25.921114,ok
EES0423329__X15__Y06__P003.jpg,0.795661,22.029241,ok
EES0423329__X18__Y06__P004.jpg,0.852232,21.884421,ok
EES0423329__X18__Y45__P005.jpg,0.826636,20.511257,ok
EES0423329__X1B__Y45__P006.jpg,0.871469,21.656369,ok
EES0423329__X2A__Y42__P007.jpg,0.945306,26.417363,ok
EES0423329__X2D__Y42__P008.jpg,0.949526,22.754016,ok
EES0423329__X3F__Y21__P009.jpg,0.903849,24.512334,ok
EES0423329__X06__Y1E__P010.jpg,0.835862,19.945292,ok
EES0423329__X06__Y24__P011.jpg,0.760186,18.270288,ok
EES0423329__X0C__Y12__P012.jpg,0.952311,23.386679,ok
EES0423329__X0C__Y15__P013.jpg,0.941025,24.634629,ok
EES0423329__X1B__Y45__P014.jpg,0.931639,26.193666,ok
EES0423329__X1E__Y45__P015.jpg,0.841461,20.629906,ok
EES0423329__X21__Y09__P016.jpg,0.906374,25.303213,ok
EES0423329__X21__Y45__P017.jpg,0.820704,20.439288,ok
EES0423329__X24__Y09__P018.jpg,0.776481,21.534894,ok
EES0423329__X24__Y45__P019.jpg,0.897938,23.745735,ok
EES0423329__X27__Y09__P020.jpg,0.948900,27.982925,ok
EES0423329__X2D__Y0C__P021.jpg,0.876866,24.323521,ok
EES0423329__X30__Y0C__P022.jpg,0.902739,23.421717,ok
EES0423329__X30__Y0F__P023.jpg,0.657335,18.571672,ok
EES0423329__X33__Y0F__P024.jpg,0.936829,23.269621,ok
EES0423329__X3F__Y30__P025.jpg,0.939632,22.030808,ok
EES0423330__X45__Y30__P001.jpg,0.691323,12.307611,ok
EES0423330__X09__Y33__P002.jpg,0.899927,23.547526,ok
EES0423330__X0C__Y30__P003.jpg,0.853468,19.597154,ok
EES0423330__X0F__Y30__P004.jpg,0.819131,20.086629,ok
EES0423330__X1B__Y30__P005.jpg,0.727714,16.928335,ok
EES0423330__X1B__Y3C__P006.jpg,0.767842,18.145417,ok
EES0423330__X1E__Y30__P007.jpg,0.736944,17.836325,ok
EES0423330__X1E__Y3C__P008.jpg,0.755983,17.897444,ok
EES0423330__X21__Y30__P009.jpg,0.764259,18.440304,ok
EES0423330__X24__Y06__P010.jpg,0.948022,27.158147,ok
EES0423330__X24__Y09__P011.jpg,0.805039,20.471983,ok
EES0423330__X27__Y06__P012.jpg,0.904233,22.511438,ok
EES0423330__X27__Y09__P013.jpg,0.862457,21.331312,ok
EES0423330__X27__Y30__P014.jpg,0.727359,17.596378,ok
EES0423330__X03__Y24__P015.jpg,0.947037,23.467804,ok
EES0423330__X03__Y27__P016.jpg,0.932157,25.838928,ok
EES0423330__X03__Y2A__P017.jpg,0.944454,27.350144,ok
EES0423330__X06__Y15__P018.jpg,0.950460,23.795750,ok
EES0423330__X06__Y18__P019.jpg,0.955573,23.868110,ok
EES0423330__X18__Y09__P020.jpg,0.894135,23.542626,ok
EES0423330__X2A__Y45__P021.jpg,0.945140,26.406856,ok
EES0423330__X2D__Y09__P022.jpg,0.942372,28.235108,ok
EES0423330__X2D__Y45__P023.jpg,0.924911,25.926198,ok
EES0423330__X42__Y2D__P024.jpg,0.951307,22.616072,ok
EES0423330__X42__Y30__P025.jpg,0.944154,26.665417,ok
EES0423331__X03__Y1B__P001.jpg,0.911324,21.929258,ok
EES0423331__X03__Y30__P002.jpg,0.913611,25.240012,ok
EES0423331__X18__Y42__P003.jpg,0.920771,25.303264,ok
EES0423331__X1B__Y45__P004.jpg,0.934136,23.353947,ok
EES0423331__X3C__Y21__P005.jpg,0.874833,23.895478,ok
EES0423331__X06__Y1B__P006.jpg,0.851237,21.467553,ok
EES0423331__X06__Y30__P007.jpg,0.891321,24.601425,ok
EES0423331__X06__Y33__P008.jpg,0.911170,23.147776,ok
EES0423331__X09__Y36__P009.jpg,0.917071,23.852536,ok
EES0423331__X15__Y45__P010.jpg,0.894080,24.582239,ok
EES0423331__X18__Y06__P011.jpg,0.958208,27.245489,ok
EES0423331__X18__Y45__P012.jpg,0.914781,25.203143,ok
EES0423331__X1B__Y06__P013.jpg,0.958560,24.674839,ok
EES0423331__X1E__Y06__P014.jpg,0.871244,22.183672,ok
EES0423331__X21__Y06__P015.jpg,0.852674,20.499954,ok
EES0423331__X24__Y06__P016.jpg,0.787254,19.933388,ok
EES0423331__X27__Y06__P017.jpg,0.906288,24.364539,ok
EES0423331__X27__Y45__P018.jpg,0.930946,25.869538,ok
EES0423331__X39__Y1B__P019.jpg,0.854369,21.225720,ok
EES0423331__X0C__Y21__P020.jpg,0.863955,22.494171,ok
EES0423331__X0C__Y2D__P021.jpg,0.917217,24.341725,ok
EES0423331__X0F__Y1E__P022.jpg,0.805381,20.314682,ok
EES0423331__X0F__Y21__P023.jpg,0.890740,21.620412,ok
EES0423331__X0F__Y24__P024.jpg,0.647622,17.562961,ok
EES0423331__X12__Y1B__P025.jpg,0.641757,17.277125,ok
EES0423332__X21__Y45__P001.jpg,0.823271,20.161196,ok
EES0423332__X27__Y45__P002.jpg,0.884542,21.170774,ok
EES0423332__X2A__Y45__P003.jpg,0.844925,19.000811,ok
EES0423332__X2D__Y45__P004.jpg,0.947256,27.027508,ok
EES0423332__X30__Y42__P005.jpg,0.781573,20.097053,ok
EES0423332__X30__Y45__P006.jpg,0.956318,25.553009,ok
EES0423332__X42__Y33__P007.jpg,0.944460,24.464276,ok
EES0423332__X45__Y27__P008.jpg,0.945568,27.173351,ok
EES0423332__X45__Y33__P009.jpg,0.948219,28.755014,ok
EES0423332__X03__Y15__P010.jpg,0.839289,20.230356,ok
EES0423332__X03__Y18__P011.jpg,0.916974,25.754682,ok
EES0423332__X03__Y1B__P012.jpg,0.899220,22.878515,ok
EES0423332__X03__Y1E__P013.jpg,0.946571,23.541863,ok
EES0423332__X03__Y21__P014.jpg,0.932865,23.111350,ok
EES0423332__X03__Y24__P015.jpg,0.920514,24.285712,ok
EES0423332__X03__Y27__P016.jpg,0.903337,24.335513,ok
EES0423332__X03__Y2A__P017.jpg,0.895312,22.868647,ok
EES0423332__X03__Y2D__P018.jpg,0.829550,21.599019,ok
EES0423332__X03__Y30__P019.jpg,0.903499,24.861466,ok
EES0423332__X06__Y21__P020.jpg,0.786541,20.877874,ok
EES0423332__X06__Y30__P021.jpg,0.816230,20.679079,ok
EES0423332__X09__Y33__P022.jpg,0.768630,19.911662,ok
EES0423332__X0C__Y3C__P023.jpg,0.943612,27.202614,ok
EES0423332__X0F__Y3C__P024.jpg,0.922833,24.450499,ok
EES0423332__X0F__Y3F__P025.jpg,0.954854,27.639210,ok
EES0423333__X12__Y3F__P001.jpg,0.830372,21.206327,ok
EES0423333__X18__Y42__P002.jpg,0.921350,26.357659,ok
EES0423333__X30__Y42__P003.jpg,0.925597,27.949189,ok
EES0423333__X30__Y45__P004.jpg,0.953840,28.200306,ok
EES0423333__X42__Y18__P005.jpg,0.948506,23.002693,ok
EES0423333__X06__Y21__P006.jpg,0.920626,24.205403,ok
EES0423333__X06__Y24__P007.jpg,0.893711,22.689184,ok
EES0423333__X06__Y27__P008.jpg,0.896266,23.908581,ok
EES0423333__X06__Y30__P009.jpg,0.956141,23.956951,ok
EES0423333__X0C__Y1B__P010.jpg,0.761077,19.115440,ok
EES0423333__X15__Y3F__P011.jpg,0.928198,26.185095,ok
EES0423333__X1B__Y0C__P012.jpg,0.849110,20.812681,ok
EES0423333__X1B__Y3F__P013.jpg,0.727958,18.985729,ok
EES0423333__X21__Y09__P014.jpg,0.754303,18.792281,ok
EES0423333__X24__Y06__P015.jpg,0.921007,24.519811,ok
EES0423333__X2A__Y3F__P016.jpg,0.896922,22.766154,ok
EES0423333__X2D__Y3F__P017.jpg,0.933805,26.067146,ok
EES0423333__X3F__Y1B__P018.jpg,0.953897,27.992627,ok
EES0423333__X3F__Y1E__P019.jpg,0.822719,21.005595,ok
EES0423333__X3F__Y21__P020.jpg,0.765875,20.221679,ok
EES0423333__X3F__Y24__P021.jpg,0.592391,17.564615,ok
EES0423333__X3F__Y27__P022.jpg,0.886276,24.173900,ok
EES0423333__X3F__Y2A__P023.jpg,0.954618,23.903608,ok
EES0423333__X06__Y1B__P024.jpg,0.943506,27.107559,ok
EES0423333__X06__Y1E__P025.jpg,0.942542,23.176225,ok
EES0423334__X06__Y21__P001.jpg,0.898401,22.406003,ok
EES0423334__X06__Y24__P002.jpg,0.780679,19.617010,ok
EES0423334__X06__Y27__P003.jpg,0.804327,20.976775,ok
EES0423334__X06__Y2D__P004.jpg,0.828674,20.364239,ok
EES0423334__X06__Y30__P005.jpg,0.915394,22.596066,ok
EES0423334__X06__Y36__P006.jpg,0.931556,26.759839,ok
EES0423334__X09__Y24__P007.jpg,0.706130,17.204249,ok
EES0423334__X09__Y27__P008.jpg,0.848163,22.834327,ok
EES0423334__X09__Y2D__P009.jpg,0.898939,23.897235,ok
EES0423334__X09__Y30__P010.jpg,0.738776,18.761681,ok
EES0423334__X0C__Y30__P011.jpg,0.809354,20.518185,ok
EES0423334__X0C__Y33__P012.jpg,0.854005,22.638486,ok
EES0423334__X24__Y09__P013.jpg,0.951194,26.785880,ok
EES0423334__X27__Y45__P014.jpg,0.910140,24.040431,ok
EES0423334__X2A__Y45__P015.jpg,0.921319,26.971260,ok
EES0423334__X2D__Y42__P016.jpg,0.869796,21.976884,ok
EES0423334__X2D__Y45__P017.jpg,0.942151,26.945761,ok
EES0423334__X30__Y0C__P018.jpg,0.957564,29.167099,ok
EES0423334__X33__Y0C__P019.jpg,0.867425,23.417037,ok
EES0423334__X3F__Y33__P020.jpg,0.957449,24.103279,ok
EES0423334__X45__Y24__P021.jpg,0.948712,24.592351,ok
EES0423334__X45__Y27__P022.jpg,0.893479,22.700437,ok
EES0423334__X0F__Y2A__P023.jpg,0.888189,24.312618,ok
EES0423334__X0F__Y2D__P024.jpg,0.820911,21.168066,ok
EES0423334__X12__Y2A__P025.jpg,0.867685,21.212743,ok
EES0423335__X09__Y27__P001.jpg,0.851047,22.448668,ok
EES0423335__X09__Y2A__P002.jpg,0.951241,27.382296,ok
EES0423335__X09__Y2D__P003.jpg,0.902581,22.169236,ok
EES0423335__X09__Y36__P004.jpg,0.946417,27.909114,ok
EES0423335__X0C__Y21__P005.jpg,0.761234,19.080743,ok
EES0423335__X0C__Y24__P006.jpg,0.674682,19.895456,ok
EES0423335__X0C__Y27__P007.jpg,0.690901,18.886580,ok
EES0423335__X0C__Y30__P008.jpg,0.822490,20.633102,ok
EES0423335__X0C__Y33__P009.jpg,0.888297,23.682944,ok
EES0423335__X0C__Y36__P010.jpg,0.888501,22.125991,ok
EES0423335__X0C__Y39__P011.jpg,0.882593,22.214975,ok
EES0423335__X0F__Y1B__P012.jpg,0.915922,22.581960,ok
EES0423335__X0F__Y24__P013.jpg,0.832055,19.925799,ok
EES0423335__X0F__Y30__P014.jpg,0.840331,20.771355,ok
EES0423335__X0F__Y33__P015.jpg,0.707203,18.994040,ok
EES0423335__X0F__Y36__P016.jpg,0.811292,20.264995,ok
EES0423335__X0F__Y39__P017.jpg,0.699795,19.724723,ok
EES0423335__X0F__Y3C__P018.jpg,0.800422,20.785744,ok
EES0423335__X12__Y36__P019.jpg,0.805790,20.759225,ok
EES0423335__X12__Y39__P020.jpg,0.867907,22.119418,ok
EES0423335__X18__Y45__P021.jpg,0.908379,22.714775,ok
EES0423335__X1B__Y45__P022.jpg,0.778631,20.226189,ok
EES0423335__X1E__Y45__P023.jpg,0.698239,17.976676,ok
EES0423335__X33__Y45__P024.jpg,0.930789,25.906440,ok
EES0423335__X36__Y45__P025.jpg,0.938133,26.387022,ok
EES0423336__X21__Y0F__P001.jpg,0.796469,19.788751,ok
EES0423336__X21__Y12__P002.jpg,0.843056,20.746479,ok
EES0423336__X21__Y15__P003.jpg,0.685222,18.284476,ok
EES0423336__X24__Y0C__P004.jpg,0.946847,24.095517,ok
EES0423336__X24__Y0F__P005.jpg,0.818111,21.452277,ok
EES0423336__X24__Y12__P006.jpg,0.589506,17.277261,ok
EES0423336__X27__Y0C__P007.jpg,0.953985,24.054489,ok
EES0423336__X30__Y0F__P008.jpg,0.943360,23.920458,ok
EES0423336__X3F__Y45__P009.jpg,0.950757,26.508026,ok
EES0423336__X42__Y30__P010.jpg,0.932166,23.901206,ok
EES0423336__X06__Y15__P011.jpg,0.958264,24.295918,ok
EES0423336__X06__Y18__P012.jpg,0.890532,22.663718,ok
EES0423336__X06__Y1B__P013.jpg,0.768695,18.030808,ok
EES0423336__X06__Y1E__P014.jpg,0.846047,20.952226,ok
EES0423336__X06__Y21__P015.jpg,0.758229,19.815626,ok
EES0423336__X06__Y24__P016.jpg,0.889205,21.419943,ok
EES0423336__X06__Y27__P017.jpg,0.884392,21.175613,ok
EES0423336__X06__Y2A__P018.jpg,0.859433,20.624971,ok
EES0423336__X06__Y2D__P019.jpg,0.869366,22.103727,ok
EES0423336__X06__Y30__P020.jpg,0.931246,23.024489,ok
EES0423336__X06__Y33__P021.jpg,0.940537,24.098277,ok
EES0423336__X09__Y39__P022.jpg,0.923580,24.814042,ok
EES0423336__X09__Y3C__P023.jpg,0.958200,25.708368,ok
EES0423336__X09__Y3F__P024.jpg,0.956925,25.550537,ok
EES0423336__X0C__Y12__P025.jpg,0.921613,23.526183,ok
EES0423337__X33__Y06__P001.jpg,0.946975,23.173723,ok
EES0423337__X42__Y24__P002.jpg,0.927205,23.171349,ok
EES0423337__X42__Y27__P003.jpg,0.952053,25.185616,ok
EES0423337__X06__Y15__P004.jpg,0.959143,24.413681,ok
EES0423337__X0F__Y30__P005.jpg,0.757855,19.850407,ok
EES0423337__X18__Y06__P006.jpg,0.889787,22.211852,ok
EES0423337__X18__Y3C__P007.jpg,0.891542,22.570151,ok
EES0423337__X1B__Y06__P008.jpg,0.886755,23.426083,ok
EES0423337__X1B__Y3C__P009.jpg,0.761792,19.074002,ok
EES0423337__X1B__Y3F__P010.jpg,0.902382,24.554514,ok
EES0423337__X1B__Y42__P011.jpg,0.943064,27.854468,ok
EES0423337__X1E__Y3C__P012.jpg,0.723810,18.982334,ok
EES0423337__X1E__Y42__P013.jpg,0.927528,26.282640,ok
EES0423337__X21__Y3C__P014.jpg,0.686300,19.467398,ok
EES0423337__X21__Y3F__P015.jpg,0.822337,20.859590,ok
EES0423337__X24__Y3F__P016.jpg,0.863886,22.692415,ok
EES0423337__X03__Y1E__P017.jpg,0.938503,24.305549,ok
EES0423337__X03__Y21__P018.jpg,0.902881,24.718697,ok
EES0423337__X09__Y0F__P019.jpg,0.942054,24.616063,ok
EES0423337__X0C__Y09__P020.jpg,0.938023,23.259970,ok
EES0423337__X0C__Y0C__P021.jpg,0.923761,23.017442,ok
EES0423337__X0F__Y09__P022.jpg,0.897376,22.691034,ok
EES0423337__X12__Y09__P023.jpg,0.909034,25.395683,ok
EES0423337__X15__Y06__P024.jpg,0.956425,24.909165,ok
EES0423337__X15__Y09__P025.jpg,0.828338,20.049775,ok
EES0423338__X03__Y2A__P001.jpg,0.798776,20.010025,ok
EES0423338__X06__Y36__P002.jpg,0.890847,22.838995,ok
EES0423338__X09__Y39__P003.jpg,0.783473,19.990887,ok
EES0423338__X09__Y3C__P004.jpg,0.954023,28.645233,ok
EES0423338__X12__Y0C__P005.jpg,0.921118,23.535632,ok
EES0423338__X21__Y45__P006.jpg,0.708677,18.602519,ok
EES0423338__X3F__Y21__P007.jpg,0.831444,21.027599,ok
EES0423338__X06__Y12__P008.jpg,0.932909,24.504456,ok
EES0423338__X15__Y3C__P009.jpg,0.940887,26.813073,ok
EES0423338__X18__Y39__P010.jpg,0.738276,18.216591,ok
EES0423338__X18__Y3C__P011.jpg,0.928784,24.769581,ok
EES0423338__X1B__Y39__P012.jpg,0.751849,19.065355,ok
EES0423338__X1B__Y3C__P013.jpg,0.867334,23.822815,ok
EES0423338__X12__Y09__P014.jpg,0.955352,24.305771,ok
EES0423338__X18__Y3C__P015.jpg,0.904663,23.354811,ok
EES0423338__X18__Y3F__P016.jpg,0.952955,27.246952,ok
EES0423338__X1B__Y3F__P017.jpg,0.885790,22.068760,ok
EES0423338__X27__Y3F__P018.jpg,0.944707,27.458448,ok
EES0423338__X2A__Y3F__P019.jpg,0.923080,24.047149,ok
EES0423338__X06__Y36__P020.jpg,0.943258,23.828531,ok
EES0423338__X0C__Y0F__P021.jpg,0.954665,23.658834,ok
EES0423338__X0F__Y0C__P022.jpg,0.893908,23.470809,ok
EES0423338__X18__Y06__P023.jpg,0.943465,25.300315,ok
EES0423338__X18__Y09__P024.jpg,0.905691,22.523314,ok
EES0423338__X1B__Y06__P025.jpg,0.925227,22.857968,ok
EES0423339__X1E__Y06__P001.jpg,0.919304,23.036728,ok
EES0423339__X21__Y45__P002.jpg,0.945223,24.162037,ok
EES0423339__X24__Y45__P003.jpg,0.935029,21.079548,ok
EES0423339__X27__Y45__P004.jpg,0.932806,26.309687,ok
EES0423339__X42__Y1E__P005.jpg,0.882281,21.154151,ok
EES0423339__X06__Y1B__P006.jpg,0.899943,23.445504,ok
EES0423339__X06__Y1E__P007.jpg,0.856209,20.192974,ok
EES0423339__X06__Y21__P008.jpg,0.931233,25.837919,ok
EES0423339__X06__Y33__P009.jpg,0.702570,17.668823,ok
EES0423339__X06__Y36__P010.jpg,0.709760,17.602111,ok
EES0423339__X06__Y39__P011.jpg,0.950292,23.664835,ok
EES0423339__X09__Y15__P012.jpg,0.892224,21.538551,ok
EES0423339__X09__Y18__P013.jpg,0.913859,22.641468,ok
EES0423339__X15__Y36__P014.jpg,0.881276,21.967582,ok
EES0423339__X15__Y42__P015.jpg,0.859355,21.677335,ok
EES0423339__X18__Y33__P016.jpg,0.841730,21.373424,ok
EES0423339__X18__Y36__P017.jpg,0.778699,19.437078,ok
EES0423339__X18__Y3C__P018.jpg,0.809105,21.582354,ok
EES0423339__X18__Y42__P019.jpg,0.862190,22.042125,ok
EES0423339__X1B__Y09__P020.jpg,0.737565,18.376820,ok
EES0423339__X1B__Y42__P021.jpg,0.890033,21.774646,ok
EES0423339__X1B__Y45__P022.jpg,0.944478,25.025037,ok
EES0423339__X1E__Y45__P023.jpg,0.827878,19.739784,ok
EES0423339__X2D__Y09__P024.jpg,0.951688,24.089829,ok
EES0423339__X2D__Y42__P025.jpg,0.937029,22.720827,ok
EES0423340__X30__Y42__P001.jpg,0.924837,23.753720,ok
EES0423340__X39__Y36__P002.jpg,0.843535,20.857639,ok
EES0423340__X3C__Y36__P003.jpg,0.912010,22.610758,ok
EES0423340__X3F__Y1B__P004.jpg,0.942737,24.776273,ok
EES0423340__X3F__Y1E__P005.jpg,0.907403,22.365135,ok
EES0423340__X3F__Y21__P006.jpg,0.822056,19.967032,ok
EES0423340__X3F__Y2A__P007.jpg,0.844131,20.876621,ok
EES0423340__X12__Y21__P008.jpg,0.846161,21.689483,ok
EES0423340__X21__Y09__P009.jpg,0.905055,22.206049,ok
EES0423340__X30__Y18__P010.jpg,0.877116,22.223401,ok
EES0423340__X33__Y1B__P011.jpg,0.818277,20.462757,ok
EES0423340__X36__Y1B__P012.jpg,0.773656,19.072956,ok
EES0423340__X39__Y30__P013.jpg,0.818144,21.707967,ok
EES0423340__X3C__Y30__P014.jpg,0.898751,22.596675,ok
EES0423340__X3F__Y2A__P015.jpg,0.957971,24.832952,ok
EES0423340__X3F__Y2D__P016.jpg,0.943195,26.234200,ok
EES0423340__X06__Y1B__P017.jpg,0.555444,16.291295,ok
EES0423340__X06__Y1E__P018.jpg,0.734278,18.807888,ok
EES0423340__X0C__Y3F__P019.jpg,0.760821,20.627502,ok
EES0423340__X12__Y0C__P020.jpg,0.830041,21.553565,ok
EES0423340__X15__Y09__P021.jpg,0.924213,29.407729,ok
EES0423340__X15__Y45__P022.jpg,0.874260,25.809480,ok
EES0423340__X18__Y09__P023.jpg,0.879348,26.763207,ok
EES0423340__X18__Y45__P024.jpg,0.704071,18.176439,ok
EES0423340__X1B__Y09__P025.jpg,0.868206,22.997801,ok
EES0423341__X1E__Y09__P001.jpg,0.853034,23.654056,ok
EES0423341__X21__Y09__P002.jpg,0.718325,18.148700,ok
EES0423341__X24__Y09__P003.jpg,0.669543,17.299547,ok
EES0423341__X27__Y09__P004.jpg,0.704468,17.759974,ok
EES0423341__X2A__Y09__P005.jpg,0.914870,28.002933,ok
EES0423341__X2A__Y45__P006.jpg,0.625949,17.594605,ok
EES0423341__X2D__Y09__P007.jpg,0.848864,23.076813,ok
EES0423341__X2D__Y0C__P008.jpg,0.784839,19.739297,ok
EES0423341__X2D__Y45__P009.jpg,0.783401,20.622094,ok
EES0423341__X30__Y0C__P010.jpg,0.806788,20.256802,ok
EES0423341__X30__Y42__P011.jpg,0.754095,18.339597,ok
EES0423341__X30__Y45__P012.jpg,0.821644,21.319518,ok
EES0423341__X33__Y0C__P013.jpg,0.717348,18.278830,ok
EES0423341__X33__Y0F__P014.jpg,0.675833,17.824431,ok
EES0423341__X33__Y24__P015.jpg,0.765975,19.279664,ok
EES0423341__X33__Y42__P016.jpg,0.868661,25.439536,ok
EES0423341__X36__Y0C__P017.jpg,0.918610,29.955400,ok
EES0423341__X36__Y0F__P018.jpg,0.804406,21.733697,ok
EES0423341__X36__Y12__P019.jpg,0.720138,19.182899,ok
EES0423341__X36__Y3F__P020.jpg,0.747502,18.965678,ok
EES0423341__X39__Y0F__P021.jpg,0.919570,28.556968,ok
EES0423341__X39__Y12__P022.jpg,0.825211,21.630531,ok
EES0423341__X3C__Y15__P023.jpg,0.782445,19.984707,ok
EES0423341__X3F__Y15__P024.jpg,0.921287,34.199765,ok
EES0423341__X3F__Y18__P025.jpg,0.894941,27.257481,ok
EES0423342__X45__Y2A__P001.jpg,0.874763,24.673134,ok
EES0423342__X45__Y2D__P002.jpg,0.887328,33.895321,ok
EES0423342__X45__Y30__P003.jpg,0.922936,29.288430,ok
EES0423342__X03__Y12__P004.jpg,0.899347,27.851562,ok
EES0423342__X03__Y15__P005.jpg,0.913204,25.335411,ok
EES0423342__X06__Y15__P006.jpg,0.884397,24.324725,ok
EES0423342__X06__Y18__P007.jpg,0.859777,22.956449,ok
EES0423342__X0C__Y0F__P008.jpg,0.732661,18.659811,ok
EES0423342__X0F__Y0C__P009.jpg,0.744593,21.547433,ok
EES0423342__X0F__Y0F__P010.jpg,0.802584,20.660624,ok
EES0423342__X12__Y0C__P011.jpg,0.822038,20.428507,ok
EES0423342__X15__Y45__P012.jpg,0.805317,21.364764,ok
EES0423342__X18__Y09__P013.jpg,0.838574,22.722757,ok
EES0423342__X1B__Y09__P014.jpg,0.904237,29.582084,ok
EES0423342__X1E__Y09__P015.jpg,0.808463,24.498237,ok
EES0423342__X24__Y09__P016.jpg,0.799095,20.497649,ok
EES0423342__X27__Y09__P017.jpg,0.862501,24.773840,ok
EES0423342__X2D__Y45__P018.jpg,0.752684,18.344624,ok
EES0423342__X30__Y0C__P019.jpg,0.882700,24.540171,ok
EES0423342__X30__Y45__P020.jpg,0.752728,17.923026,ok
EES0423342__X36__Y42__P021.jpg,0.874208,23.749658,ok
EES0423342__X3F__Y18__P022.jpg,0.903676,29.390555,ok
EES0423342__X42__Y1E__P023.jpg,0.898459,28.300771,ok
EES0423342__X42__Y33__P024.jpg,0.916804,31.826800,ok
EES0423342__X45__Y39__P025.jpg,0.895067,27.601891,ok
EES0423343__X24__Y2A__P001.jpg,0.738300,21.050836,ok
EES0423343__X24__Y3C__P002.jpg,0.781251,20.934738,ok
EES0423343__X24__Y3F__P003.jpg,0.772744,20.449943,ok
EES0423343__X24__Y42__P004.jpg,0.820720,22.974153,ok
EES0423343__X24__Y45__P005.jpg,0.875511,25.406779,ok
EES0423343__X27__Y45__P006.jpg,0.927455,35.081147,ok
EES0423343__X2A__Y0F__P007.jpg,0.910831,26.062670,ok
EES0423343__X2A__Y1B__P008.jpg,0.864052,24.674624,ok
EES0423343__X2A__Y33__P009.jpg,0.833472,22.338995,ok
EES0423343__X2A__Y39__P010.jpg,0.851143,23.547219,ok
EES0423343__X2A__Y3F__P011.jpg,0.850215,22.477099,ok
EES0423343__X2A__Y45__P012.jpg,0.855000,23.921871,ok
EES0423343__X2D__Y3C__P013.jpg,0.856061,21.992442,ok
EES0423343__X30__Y12__P014.jpg,0.856968,23.942971,ok
EES0423343__X30__Y39__P015.jpg,0.774625,19.326881,ok
EES0423343__X30__Y3C__P016.jpg,0.875203,26.659264,ok
EES0423343__X33__Y3C__P017.jpg,0.845473,22.226151,ok
EES0423343__X36__Y15__P018.jpg,0.881800,25.520889,ok
EES0423343__X36__Y18__P019.jpg,0.822688,22.729195,ok
EES0423343__X36__Y3C__P020.jpg,0.789921,21.928676,ok
EES0423343__X36__Y3F__P021.jpg,0.855434,22.283722,ok
EES0423343__X39__Y39__P022.jpg,0.800538,20.699290,ok
EES0423343__X39__Y3C__P023.jpg,0.641929,18.195560,ok
EES0423343__X3C__Y2D__P024.jpg,0.900254,23.066288,ok
EES0423343__X3C__Y33__P025.jpg,0.814716,21.522770,ok
EES0423344__X3C__Y39__P001.jpg,0.765017,19.637662,ok
EES0423344__X3F__Y2A__P002.jpg,0.784326,21.183821,ok
EES0423344__X42__Y2A__P003.jpg,0.701363,19.369168,ok
EES0423344__X03__Y1E__P004.jpg,0.853104,26.092113,ok
EES0423344__X03__Y2D__P005.jpg,0.914588,31.398484,ok
EES0423344__X06__Y18__P006.jpg,0.863833,34.393669,ok
EES0423344__X06__Y1B__P007.jpg,0.704330,18.991852,ok
EES0423344__X06__Y1E__P008.jpg,0.642533,17.644412,ok
EES0423344__X06__Y2A__P009.jpg,0.748154,19.323489,ok
EES0423344__X06__Y2D__P010.jpg,0.863254,25.900928,ok
EES0423344__X09__Y12__P011.jpg,0.885226,26.638321,ok
EES0423344__X09__Y33__P012.jpg,0.794463,20.800999,ok
EES0423344__X09__Y36__P013.jpg,0.860905,23.709205,ok
EES0423344__X0C__Y0F__P014.jpg,0.866971,24.928888,ok
EES0423344__X0C__Y39__P015.jpg,0.821283,22.086848,ok
EES0423344__X0F__Y0C__P016.jpg,0.740699,19.448607,ok
EES0423344__X0F__Y39__P017.jpg,0.741786,20.186934,ok
EES0423344__X0F__Y3C__P018.jpg,0.860259,24.285667,ok
EES0423344__X12__Y3F__P019.jpg,0.886091,26.713168,ok
EES0423344__X15__Y3F__P020.jpg,0.807086,20.385946,ok
EES0423344__X18__Y06__P021.jpg,0.915203,27.055396,ok
EES0423344__X18__Y42__P022.jpg,0.901818,26.948961,ok
EES0423344__X1B__Y06__P023.jpg,0.916511,27.993741,ok
EES0423344__X1B__Y42__P024.jpg,0.764733,19.598347,ok
EES0423344__X1E__Y06__P025.jpg,0.875316,25.883526,ok
EES0423345__X1E__Y45__P001.jpg,0.727346,19.568594,ok
EES0423345__X21__Y06__P002.jpg,0.775313,20.653371,ok
EES0423345__X21__Y42__P003.jpg,0.755855,18.905445,ok
EES0423345__X21__Y45__P004.jpg,0.774157,21.027910,ok
EES0423345__X24__Y06__P005.jpg,0.792175,21.590133,ok
EES0423345__X24__Y45__P006.jpg,0.872612,24.827594,ok
EES0423345__X27__Y06__P007.jpg,0.826275,23.693894,ok
EES0423345__X27__Y45__P008.jpg,0.685270,18.756476,ok
EES0423345__X2A__Y06__P009.jpg,0.805054,20.592550,ok
EES0423345__X2A__Y45__P010.jpg,0.893636,25.431819,ok
EES0423345__X2D__Y06__P011.jpg,0.920156,28.964950,ok
EES0423345__X2D__Y42__P012.jpg,0.659684,18.202091,ok
EES0423345__X2D__Y45__P013.jpg,0.925996,30.887807,ok
EES0423345__X30__Y06__P014.jpg,0.899797,32.328780,ok
EES0423345__X30__Y09__P015.jpg,0.760181,20.357055,ok
EES0423345__X30__Y42__P016.jpg,0.712376,19.246105,ok
EES0423345__X33__Y09__P017.jpg,0.761073,19.668279,ok
EES0423345__X33__Y42__P018.jpg,0.927335,34.945187,ok
EES0423345__X36__Y09__P019.jpg,0.856498,23.539840,ok
EES0423345__X36__Y0C__P020.jpg,0.782937,20.815856,ok
EES0423345__X39__Y09__P021.jpg,0.847645,23.268718,ok
EES0423345__X39__Y0C__P022.jpg,0.915594,28.616632,ok
EES0423345__X39__Y0F__P023.jpg,0.715300,19.236855,ok
EES0423345__X3C__Y0F__P024.jpg,0.791814,20.600001,ok
EES0423345__X3C__Y3C__P025.jpg,0.919326,29.686345,ok
EES0423346__X3F__Y12__P001.jpg,0.905010,26.447693,ok
EES0423346__X3F__Y15__P002.jpg,0.683010,19.138318,ok
EES0423346__X3F__Y36__P003.jpg,0.685689,18.848420,ok
EES0423346__X42__Y12__P004.jpg,0.690919,18.623290,ok
EES0423346__X42__Y15__P005.jpg,0.805666,22.242540,ok
EES0423346__X42__Y18__P006.jpg,0.929565,32.799079,ok
EES0423346__X42__Y1B__P007.jpg,0.752312,19.625754,ok
EES0423346__X42__Y1E__P008.jpg,0.614668,17.917062,ok
EES0423346__X42__Y2D__P009.jpg,0.614096,16.264622,ok
EES0423346__X42__Y30__P010.jpg,0.656324,17.707133,ok
EES0423346__X42__Y33__P011.jpg,0.814371,22.108889,ok
EES0423346__X45__Y15__P012.jpg,0.806658,20.380312,ok
EES0423346__X45__Y18__P013.jpg,0.893669,26.282731,ok
EES0423346__X45__Y1E__P014.jpg,0.926498,29.916890,ok
EES0423346__X45__Y21__P015.jpg,0.922045,30.905358,ok
EES0423346__X45__Y24__P016.jpg,0.913709,27.636815,ok
EES0423346__X45__Y27__P017.jpg,0.921411,34.439290,ok
EES0423346__X45__Y2A__P018.jpg,0.922708,29.298813,ok
EES0423346__X45__Y2D__P019.jpg,0.830972,21.643241,ok
EES0423346__X45__Y30__P020.jpg,0.864379,23.314922,ok
EES0423346__X45__Y33__P021.jpg,0.896898,28.931365,ok
EES0423346__X03__Y1B__P022.jpg,0.887185,25.610139,ok
EES0423346__X03__Y1E__P023.jpg,0.849585,23.188851,ok
EES0423346__X03__Y21__P024.jpg,0.778462,22.732860,ok
EES0423346__X03__Y24__P025.jpg,0.757762,21.040690,ok
EES0423347__X03__Y27__P001.jpg,0.717428,20.580205,ok
EES0423347__X03__Y2A__P002.jpg,0.737963,21.253952,ok
EES0423347__X03__Y2D__P003.jpg,0.779623,22.527148,ok
EES0423347__X03__Y30__P004.jpg,0.818473,22.941151,ok
EES0423347__X03__Y33__P005.jpg,0.881711,26.826831,ok
EES0423347__X03__Y36__P006.jpg,0.918095,27.267624,ok
EES0423347__X03__Y39__P007.jpg,0.934074,33.154150,ok
EES0423347__X06__Y15__P008.jpg,0.699148,19.353115,ok
EES0423347__X06__Y18__P009.jpg,0.759666,20.367604,ok
EES0423347__X06__Y30__P010.jpg,0.626028,18.768141,ok
EES0423347__X06__Y36__P011.jpg,0.772670,20.509758,ok
EES0423347__X06__Y39__P012.jpg,0.860284,23.954807,ok
EES0423347__X06__Y3C__P013.jpg,0.898453,27.065985,ok
EES0423347__X09__Y15__P014.jpg,0.762947,20.783242,ok
EES0423347__X09__Y3C__P015.jpg,0.799702,21.448301,ok
EES0423347__X09__Y3F__P016.jpg,0.837855,22.707356,ok
EES0423347__X0C__Y3F__P017.jpg,0.803710,21.578643,ok
EES0423347__X0F__Y3F__P018.jpg,0.708770,19.037745,ok
EES0423347__X0F__Y42__P019.jpg,0.878148,25.867458,ok
EES0423347__X0F__Y45__P020.jpg,0.928765,38.287826,ok
EES0423347__X12__Y42__P021.jpg,0.660769,19.314515,ok
EES0423347__X12__Y45__P022.jpg,0.847753,23.977554,ok
EES0423347__X15__Y45__P023.jpg,0.841724,23.876477,ok
EES0423347__X18__Y45__P024.jpg,0.547364,17.251913,ok
EES0423347__X33__Y45__P025.jpg,0.865654,24.227439,ok
EES0423348__X33__Y3C__P001.jpg,0.864619,23.865442,ok
EES0423348__X33__Y3F__P002.jpg,0.736731,19.879602,ok
EES0423348__X33__Y42__P003.jpg,0.771903,22.775951,ok
EES0423348__X36__Y2A__P004.jpg,0.894565,28.144939,ok
EES0423348__X36__Y30__P005.jpg,0.842405,22.515323,ok
EES0423348__X36__Y33__P006.jpg,0.850473,21.763395,ok
EES0423348__X39__Y2A__P007.jpg,0.867115,22.888669,ok
EES0423348__X39__Y30__P008.jpg,0.855003,24.336428,ok
EES0423348__X3C__Y27__P009.jpg,0.909092,26.611453,ok
EES0423348__X3C__Y2A__P010.jpg,0.843311,25.347650,ok
EES0423348__X3F__Y27__P011.jpg,0.791763,20.575184,ok
EES0423348__X03__Y15__P012.jpg,0.924628,29.922321,ok
EES0423348__X03__Y18__P013.jpg,0.850215,23.424248,ok
EES0423348__X03__Y1B__P014.jpg,0.850143,25.492710,ok
EES0423348__X03__Y2A__P015.jpg,0.623184,18.615854,ok
EES0423348__X03__Y2D__P016.jpg,0.650979,19.438405,ok
EES0423348__X03__Y30__P017.jpg,0.791604,21.695940,ok
EES0423348__X03__Y33__P018.jpg,0.827005,22.411507,ok
EES0423348__X06__Y0F__P019.jpg,0.889117,24.795959,ok
EES0423348__X06__Y12__P020.jpg,0.849329,25.064704,ok
EES0423348__X06__Y15__P021.jpg,0.632620,19.560698,ok
EES0423348__X06__Y30__P022.jpg,0.750269,20.806540,ok
EES0423348__X06__Y33__P023.jpg,0.634335,18.112919,ok
EES0423348__X06__Y36__P024.jpg,0.811684,21.233523,ok
EES0423348__X09__Y0F__P025.jpg,0.818461,21.149135,ok
EES0423349__X09__Y36__P001.jpg,0.679323,19.372893,ok
EES0423349__X09__Y39__P002.jpg,0.793840,22.421386,ok
EES0423349__X0C__Y0C__P003.jpg,0.865805,25.142263,ok
EES0423349__X0C__Y3C__P004.jpg,0.792516,21.719551,ok
EES0423349__X0F__Y09__P005.jpg,0.868454,27.112224,ok
EES0423349__X0F__Y3F__P006.jpg,0.772591,21.498072,ok
EES0423349__X12__Y42__P007.jpg,0.911157,32.165568,ok
EES0423349__X15__Y42__P008.jpg,0.775191,20.267174,ok
EES0423349__X18__Y42__P009.jpg,0.603484,17.810315,ok
EES0423349__X18__Y45__P010.jpg,0.904738,26.268255,ok
EES0423349__X1B__Y42__P011.jpg,0.587849,18.370750,ok
EES0423349__X1B__Y45__P012.jpg,0.870201,24.697132,ok
EES0423349__X1E__Y45__P013.jpg,0.918071,28.955849,ok
EES0423349__X21__Y45__P014.jpg,0.743806,20.699987,ok
EES0423349__X24__Y45__P015.jpg,0.929209,29.901267,ok
EES0423349__X27__Y45__P016.jpg,0.928424,40.150044,ok
EES0423349__X2D__Y09__P017.jpg,0.676185,18.660123,ok
EES0423349__X2D__Y42__P018.jpg,0.851335,24.086361,ok
EES0423349__X30__Y09__P019.jpg,0.933032,30.336233,ok
EES0423349__X30__Y3F__P020.jpg,0.685251,18.895464,ok
EES0423349__X33__Y0C__P021.jpg,0.726235,20.611426,ok
EES0423349__X33__Y3F__P022.jpg,0.859519,23.483362,ok
EES0423349__X39__Y39__P023.jpg,0.842281,23.109612,ok
EES0423349__X3C__Y15__P024.jpg,0.889441,27.022423,ok
EES0423349__X3C__Y36__P025.jpg,0.841376,21.984356,ok
EES0423350__X30__Y2A__P001.jpg,0.927978,31.057654,ok
EES0423350__X30__Y30__P002.jpg,0.813923,22.266087,ok
EES0423350__X30__Y36__P003.jpg,0.816753,20.567442,ok
EES0423350__X30__Y39__P004.jpg,0.828304,22.112536,ok
EES0423350__X30__Y3F__P005.jpg,0.827197,21.054653,ok
EES0423350__X30__Y42__P006.jpg,0.792918,20.349526,ok
EES0423350__X33__Y24__P007.jpg,0.888711,26.195111,ok
EES0423350__X33__Y27__P008.jpg,0.819586,24.578039,ok
EES0423350__X33__Y30__P009.jpg,0.798713,22.680322,ok
EES0423350__X33__Y39__P010.jpg,0.884324,25.552009,ok
EES0423350__X33__Y3C__P011.jpg,0.797163,20.160895,ok
EES0423350__X33__Y3F__P012.jpg,0.900556,28.317157,ok
EES0423350__X36__Y30__P013.jpg,0.891310,26.211619,ok
EES0423350__X36__Y39__P014.jpg,0.890806,25.629059,ok
EES0423350__X36__Y3F__P015.jpg,0.854825,21.264413,ok
EES0423350__X36__Y42__P016.jpg,0.712446,18.080446,ok
EES0423350__X39__Y3C__P017.jpg,0.777931,20.594082,ok
EES0423350__X09__Y1E__P018.jpg,0.846866,22.218175,ok
EES0423350__X09__Y24__P019.jpg,0.677078,17.911583,ok
EES0423350__X09__Y27__P020.jpg,0.825479,20.942487,ok
EES0423350__X09__Y2A__P021.jpg,0.864024,24.519197,ok
EES0423350__X09__Y2D__P022.jpg,0.894936,27.413097,ok
EES0423350__X09__Y30__P023.jpg,0.693450,17.956024,ok
EES0423350__X0C__Y18__P024.jpg,0.858221,27.059357,ok
EES0423350__X0C__Y1E__P025.jpg,0.849558,22.802327,ok
EES0423351__X21__Y06__P001.jpg,0.822947,20.929582,ok
EES0423351__X21__Y45__P002.jpg,0.811995,23.302560,ok
EES0423351__X24__Y06__P003.jpg,0.877914,25.534664,ok
EES0423351__X24__Y45__P004.jpg,0.748638,19.912933,ok
EES0423351__X27__Y09__P005.jpg,0.841070,23.790182,ok
EES0423351__X27__Y45__P006.jpg,0.831503,23.838783,ok
EES0423351__X2A__Y09__P007.jpg,0.823894,25.284345,ok
EES0423351__X2D__Y06__P008.jpg,0.856774,25.004945,ok
EES0423351__X30__Y09__P009.jpg,0.908437,34.447099,ok
EES0423351__X30__Y0C__P010.jpg,0.912370,29.915380,ok
EES0423351__X33__Y09__P011.jpg,0.880330,24.589716,ok
EES0423351__X33__Y0C__P012.jpg,0.925282,28.974557,ok
EES0423351__X33__Y0F__P013.jpg,0.814037,23.122469,ok
EES0423351__X33__Y3F__P014.jpg,0.925904,36.851283,ok
EES0423351__X36__Y0C__P015.jpg,0.853827,23.711948,ok
EES0423351__X36__Y0F__P016.jpg,0.901637,27.530924,ok
EES0423351__X36__Y12__P017.jpg,0.804430,23.906967,ok
EES0423351__X36__Y3C__P018.jpg,0.881607,27.742874,ok
EES0423351__X39__Y12__P019.jpg,0.874273,26.842914,ok
EES0423351__X3C__Y18__P020.jpg,0.923925,37.798297,ok
EES0423351__X3C__Y33__P021.jpg,0.908868,27.726631,ok
EES0423351__X3F__Y1B__P022.jpg,0.890537,27.177829,ok
EES0423351__X3F__Y1E__P023.jpg,0.922946,29.069283,ok
EES0423351__X3F__Y21__P024.jpg,0.887721,24.643833,ok
EES0423351__X3F__Y24__P025.jpg,0.934174,35.292742,ok
EES0423352__X3F__Y27__P001.jpg,0.931230,32.495544,ok
EES0423352__X3F__Y36__P002.jpg,0.885070,25.648167,ok
EES0423352__X03__Y1E__P003.jpg,0.877563,25.681554,ok
EES0423352__X03__Y21__P004.jpg,0.885479,23.735587,ok
EES0423352__X03__Y24__P005.jpg,0.900176,27.200361,ok
EES0423352__X03__Y27__P006.jpg,0.815676,20.837796,ok
EES0423352__X03__Y2A__P007.jpg,0.676639,16.977916,ok
EES0423352__X03__Y2D__P008.jpg,0.716810,17.518487,ok
EES0423352__X03__Y30__P009.jpg,0.659742,16.978744,ok
EES0423352__X03__Y33__P010.jpg,0.900685,25.882216,ok
EES0423352__X06__Y18__P011.jpg,0.844502,20.838250,ok
EES0423352__X06__Y1B__P012.jpg,0.721813,17.033282,ok
EES0423352__X06__Y1E__P013.jpg,0.704767,17.917580,ok
EES0423352__X06__Y21__P014.jpg,0.680255,18.295578,ok
EES0423352__X06__Y24__P015.jpg,0.630206,16.613392,ok
EES0423352__X06__Y2A__P016.jpg,0.762002,18.495191,ok
EES0423352__X06__Y2D__P017.jpg,0.532754,16.054808,ok
EES0423352__X09__Y15__P018.jpg,0.918350,27.317884,ok
EES0423352__X09__Y18__P019.jpg,0.768598,20.307275,ok
EES0423352__X0C__Y0F__P020.jpg,0.932240,30.799338,ok
EES0423352__X0C__Y12__P021.jpg,0.718514,18.230759,ok
EES0423352__X0C__Y15__P022.jpg,0.807557,20.213824,ok
EES0423352__X0C__Y18__P023.jpg,0.651113,16.576267,ok
EES0423352__X0C__Y1B__P024.jpg,0.654027,16.203431,ok
EES0423352__X0C__Y3F__P025.jpg,0.756509,18.342468,ok
EES0423353__X2D__Y09__P001.jpg,0.931021,31.534408,ok
EES0423353__X2D__Y45__P002.jpg,0.885363,24.049795,ok
EES0423353__X30__Y0C__P003.jpg,0.669765,18.231170,ok
EES0423353__X33__Y0C__P004.jpg,0.928095,31.915143,ok
EES0423353__X33__Y0F__P005.jpg,0.685945,17.595928,ok
EES0423353__X33__Y30__P006.jpg,0.697159,16.699020,ok
EES0423353__X33__Y42__P007.jpg,0.927827,29.501940,ok
EES0423353__X36__Y0F__P008.jpg,0.874465,22.942840,ok
EES0423353__X36__Y3F__P009.jpg,0.777236,19.767715,ok
EES0423353__X39__Y12__P010.jpg,0.729199,17.828612,ok
EES0423353__X39__Y3C__P011.jpg,0.686396,18.602401,ok
EES0423353__X39__Y3F__P012.jpg,0.931667,31.795041,ok
EES0423353__X3C__Y15__P013.jpg,0.796834,21.631525,ok
EES0423353__X3C__Y39__P014.jpg,0.769037,19.932621,ok
EES0423353__X3F__Y18__P015.jpg,0.916172,26.354715,ok
EES0423353__X3F__Y1B__P016.jpg,0.624650,16.456994,ok
EES0423353__X3F__Y33__P017.jpg,0.626145,16.637984,ok
EES0423353__X3F__Y36__P018.jpg,0.929681,29.267702,ok
EES0423353__X42__Y21__P019.jpg,0.799913,19.735740,ok
EES0423353__X42__Y24__P020.jpg,0.819050,20.807471,ok
EES0423353__X42__Y27__P021.jpg,0.639925,16.675692,ok
EES0423353__X42__Y2A__P022.jpg,0.782763,19.121381,ok
EES0423353__X42__Y2D__P023.jpg,0.923423,30.557172,ok
EES0423353__X33__Y0F__P024.jpg,0.848623,23.142257,ok
EES0423353__X36__Y0F__P025.jpg,0.868250,22.016511,ok
EES0423354__X36__Y1B__P001.jpg,0.831736,22.147903,ok
EES0423354__X36__Y36__P002.jpg,0.777136,20.493925,ok
EES0423354__X36__Y39__P003.jpg,0.800304,20.741845,ok
EES0423354__X39__Y1B__P004.jpg,0.817528,20.936186,ok
EES0423354__X39__Y39__P005.jpg,0.798505,21.554078,ok
EES0423354__X3C__Y1B__P006.jpg,0.826208,21.814326,ok
EES0423354__X3C__Y36__P007.jpg,0.758856,19.847720,ok
EES0423354__X3C__Y39__P008.jpg,0.852176,22.861236,ok
EES0423354__X3F__Y18__P009.jpg,0.862315,24.164286,ok
EES0423354__X3F__Y1B__P010.jpg,0.839340,21.240585,ok
EES0423354__X3F__Y21__P011.jpg,0.672445,15.191827,ok
EES0423354__X3F__Y24__P012.jpg,0.792238,18.549589,ok
EES0423354__X3F__Y27__P013.jpg,0.863662,24.423760,ok
EES0423354__X42__Y1E__P014.jpg,0.829400,21.164260,ok
EES0423354__X42__Y21__P015.jpg,0.870088,22.706554,ok
EES0423354__X06__Y1E__P016.jpg,0.928027,35.376297,ok
EES0423354__X06__Y21__P017.jpg,0.862809,24.683587,ok
EES0423354__X06__Y24__P018.jpg,0.837801,23.559191,ok
EES0423354__X06__Y27__P019.jpg,0.864459,23.967883,ok
EES0423354__X06__Y2A__P020.jpg,0.799507,22.495704,ok
EES0423354__X06__Y2D__P021.jpg,0.848595,24.479902,ok
EES0423354__X06__Y30__P022.jpg,0.853239,24.680329,ok
EES0423354__X09__Y1B__P023.jpg,0.739839,20.866266,ok
EES0423354__X09__Y1E__P024.jpg,0.565722,16.902558,ok
EES0423354__X09__Y21__P025.jpg,0.623559,18.080803,ok
EES0423355__X09__Y24__P001.jpg,0.539611,16.939090,ok
EES0423355__X09__Y33__P002.jpg,0.725854,19.408286,ok
EES0423355__X09__Y36__P003.jpg,0.880137,25.670170,ok
EES0423355__X0C__Y15__P004.jpg,0.845573,23.298636,ok
EES0423355__X0C__Y18__P005.jpg,0.664246,18.567250,ok
EES0423355__X0C__Y1B__P006.jpg,0.756600,21.213551,ok
EES0423355__X0C__Y1E__P007.jpg,0.526008,16.908610,ok
EES0423355__X0C__Y39__P008.jpg,0.727654,21.492230,ok
EES0423355__X0C__Y3C__P009.jpg,0.887500,27.674484,ok
EES0423355__X0C__Y3F__P010.jpg,0.817500,22.338372,ok
EES0423355__X0C__Y45__P011.jpg,0.908234,31.230956,ok
EES0423355__X0F__Y12__P012.jpg,0.846792,23.732359,ok
EES0423355__X0F__Y15__P013.jpg,0.647248,18.552024,ok
EES0423355__X0F__Y18__P014.jpg,0.704080,18.258995,ok
EES0423355__X0F__Y3F__P015.jpg,0.892993,30.533252,ok
EES0423355__X12__Y0F__P016.jpg,0.864462,24.559557,ok
EES0423355__X12__Y12__P017.jpg,0.735007,20.794153,ok
EES0423355__X12__Y1E__P018.jpg,0.932447,38.909849,ok
EES0423355__X12__Y42__P019.jpg,0.934224,32.975430,ok
EES0423355__X15__Y0C__P020.jpg,0.922726,34.839005,ok
EES0423355__X15__Y0F__P021.jpg,0.794071,20.807429,ok
EES0423355__X18__Y0C__P022.jpg,0.791571,21.512998,ok
EES0423355__X18__Y0F__P023.jpg,0.670785,19.471615,ok
EES0423355__X18__Y12__P024.jpg,0.632966,19.291687,ok
EES0423355__X18__Y45__P025.jpg,0.915061,35.667196,ok
EES0423356__X1B__Y09__P001.jpg,0.925718,39.857263,ok
EES0423356__X1B__Y0C__P002.jpg,0.704810,19.200696,ok
EES0423356__X1B__Y45__P003.jpg,0.714421,19.155494,ok
EES0423356__X1E__Y09__P004.jpg,0.930473,30.793137,ok
EES0423356__X1E__Y0C__P005.jpg,0.633163,18.476006,ok
EES0423356__X21__Y09__P006.jpg,0.692292,19.502630,ok
EES0423356__X24__Y09__P007.jpg,0.784897,22.053651,ok
EES0423356__X27__Y09__P008.jpg,0.734920,18.777595,ok
EES0423356__X2A__Y09__P009.jpg,0.864525,25.176052,ok
EES0423356__X2D__Y09__P010.jpg,0.933546,31.748976,ok
EES0423356__X30__Y0C__P011.jpg,0.592674,17.545341,ok
EES0423356__X30__Y45__P012.jpg,0.702974,19.011661,ok
EES0423356__X33__Y0C__P013.jpg,0.815608,23.367635,ok
EES0423356__X33__Y0F__P014.jpg,0.634053,18.449026,ok
EES0423356__X33__Y45__P015.jpg,0.918948,39.965761,ok
EES0423356__X36__Y0F__P016.jpg,0.560034,17.752321,ok
EES0423356__X39__Y0F__P017.jpg,0.931950,31.926397,ok
EES0423356__X3C__Y12__P018.jpg,0.828428,23.249775,ok
EES0423356__X3F__Y39__P019.jpg,0.678364,20.035102,ok
EES0423356__X3F__Y3C__P020.jpg,0.843481,24.782722,ok
EES0423356__X3F__Y3F__P021.jpg,0.926198,36.624554,ok
EES0423356__X42__Y18__P022.jpg,0.928361,39.897462,ok
EES0423356__X42__Y1B__P023.jpg,0.654987,18.537689,ok
EES0423356__X42__Y36__P024.jpg,0.843922,24.618580,ok
EES0423356__X45__Y1B__P025.jpg,0.903423,26.267320,ok
EES0423357__X45__Y1E__P001.jpg,0.912649,28.072978,ok
EES0423357__X45__Y21__P002.jpg,0.741498,19.953131,ok
EES0423357__X45__Y24__P003.jpg,0.740000,19.760666,ok
EES0423357__X45__Y27__P004.jpg,0.682845,17.256992,ok
EES0423357__X45__Y2A__P005.jpg,0.612670,18.356291,ok
EES0423357__X45__Y2D__P006.jpg,0.789329,20.781229,ok
EES0423357__X45__Y30__P007.jpg,0.921938,32.904582,ok
EES0423357__X45__Y3C__P008.jpg,0.908047,30.181827,ok
EES0423357__X06__Y1E__P009.jpg,0.859789,25.258388,ok
EES0423357__X06__Y21__P010.jpg,0.539536,15.100540,ok
EES0423357__X06__Y24__P011.jpg,0.840013,22.695812,ok
EES0423357__X06__Y27__P012.jpg,0.716084,19.048289,ok
EES0423357__X06__Y2A__P013.jpg,0.798155,20.459155,ok
EES0423357__X06__Y2D__P014.jpg,0.745237,19.339884,ok
EES0423357__X06__Y30__P015.jpg,0.857591,24.492477,ok
EES0423357__X09__Y2A__P016.jpg,0.763066,20.728307,ok
EES0423357__X09__Y30__P017.jpg,0.734211,19.417232,ok
EES0423357__X09__Y33__P018.jpg,0.730176,21.378349,ok
EES0423357__X09__Y36__P019.jpg,0.883050,24.960205,ok
EES0423357__X09__Y39__P020.jpg,0.837247,23.174563,ok
EES0423357__X0C__Y12__P021.jpg,0.839065,23.722542,ok
EES0423357__X0C__Y30__P022.jpg,0.761507,20.162780,ok
EES0423357__X0C__Y36__P023.jpg,0.803008,22.425042,ok
EES0423357__X0C__Y39__P024.jpg,0.848032,23.262567,ok
EES0423357__X0C__Y3C__P025.jpg,0.831573,21.794133,ok
EES0423358__X24__Y45__P001.jpg,0.766509,20.281410,ok
EES0423358__X27__Y09__P002.jpg,0.781022,19.982403,ok
EES0423358__X27__Y45__P003.jpg,0.798996,20.800479,ok
EES0423358__X2A__Y09__P004.jpg,0.842531,23.661651,ok
EES0423358__X2A__Y45__P005.jpg,0.751546,20.268914,ok
EES0423358__X2D__Y39__P006.jpg,0.870645,24.837532,ok
EES0423358__X2D__Y45__P007.jpg,0.916465,29.482519,ok
EES0423358__X30__Y42__P008.jpg,0.678844,18.827808,ok
EES0423358__X33__Y0C__P009.jpg,0.895064,24.914657,ok
EES0423358__X33__Y42__P010.jpg,0.812399,22.161320,ok
EES0423358__X36__Y0F__P011.jpg,0.808458,22.589797,ok
EES0423358__X3C__Y12__P012.jpg,0.798901,20.403558,ok
EES0423358__X3F__Y15__P013.jpg,0.864892,24.252153,ok
EES0423358__X42__Y1B__P014.jpg,0.840145,22.452965,ok
EES0423358__X42__Y33__P015.jpg,0.869558,24.160825,ok
EES0423358__X45__Y21__P016.jpg,0.929710,32.640990,ok
EES0423358__X45__Y24__P017.jpg,0.867749,23.754305,ok
EES0423358__X45__Y27__P018.jpg,0.864309,23.452874,ok
EES0423358__X45__Y2A__P019.jpg,0.886403,27.022820,ok
EES0423358__X09__Y21__P020.jpg,0.896174,26.435609,ok
EES0423358__X09__Y2D__P021.jpg,0.698883,16.866433,ok
EES0423358__X0C__Y21__P022.jpg,0.676966,18.614462,ok
EES0423358__X0C__Y27__P023.jpg,0.796463,20.134921,ok
EES0423358__X0F__Y15__P024.jpg,0.678356,18.407181,ok
EES0423358__X0F__Y18__P025.jpg,0.846740,23.665774,ok
EES0423359__X3C__Y3C__P001.jpg,0.811071,22.703659,ok
EES0423359__X3F__Y1B__P002.jpg,0.701024,18.383408,ok
EES0423359__X42__Y1B__P003.jpg,0.867512,24.820886,ok
EES0423359__X45__Y24__P004.jpg,0.877151,26.192995,ok
EES0423359__X45__Y27__P005.jpg,0.809386,20.786739,ok
EES0423359__X45__Y2A__P006.jpg,0.876896,25.261063,ok
EES0423359__X03__Y18__P007.jpg,0.895630,28.279149,ok
EES0423359__X03__Y1B__P008.jpg,0.862893,23.536919,ok
EES0423359__X03__Y3C__P009.jpg,0.796976,22.028657,ok
EES0423359__X03__Y3F__P010.jpg,0.793239,21.145692,ok
EES0423359__X03__Y42__P011.jpg,0.869701,24.859529,ok
EES0423359__X03__Y45__P012.jpg,0.817321,22.637490,ok
EES0423359__X06__Y18__P013.jpg,0.834343,23.191984,ok
EES0423359__X06__Y3F__P014.jpg,0.789665,21.799037,ok
EES0423359__X06__Y42__P015.jpg,0.808501,22.583728,ok
EES0423359__X06__Y45__P016.jpg,0.848647,22.917446,ok
EES0423359__X09__Y45__P017.jpg,0.857023,24.555670,ok
EES0423359__X0C__Y0F__P018.jpg,0.934173,39.183854,ok
EES0423359__X0F__Y0F__P019.jpg,0.855830,23.798468,ok
EES0423359__X15__Y0C__P020.jpg,0.896926,25.454579,ok
EES0423359__X21__Y0C__P021.jpg,0.707924,19.814460,ok
EES0423359__X2D__Y0C__P022.jpg,0.925013,29.287497,ok
EES0423359__X30__Y0F__P023.jpg,0.755808,20.932938,ok
EES0423359__X36__Y3F__P024.jpg,0.760114,21.643545,ok
EES0423359__X39__Y15__P025.jpg,0.878078,24.607937,ok
EES0423360__X42__Y36__P001.jpg,0.840805,23.222847,ok
EES0423360__X45__Y27__P002.jpg,0.914334,29.419211,ok
EES0423360__X06__Y12__P003.jpg,0.919178,30.754287,ok
EES0423360__X06__Y15__P004.jpg,0.913274,27.108956,ok
EES0423360__X06__Y27__P005.jpg,0.902322,26.737352,ok
EES0423360__X09__Y12__P006.jpg,0.906878,26.155180,ok
EES0423360__X09__Y15__P007.jpg,0.925674,27.828299,ok
EES0423360__X18__Y0C__P008.jpg,0.893164,26.716320,ok
EES0423360__X21__Y09__P009.jpg,0.922949,30.956155,ok
EES0423360__X24__Y09__P010.jpg,0.907170,28.697282,ok
EES0423360__X27__Y09__P011.jpg,0.891346,24.962820,ok
EES0423360__X2A__Y09__P012.jpg,0.918860,28.193090,ok
EES0423360__X2D__Y45__P013.jpg,0.853089,24.279751,ok
EES0423360__X30__Y0C__P014.jpg,0.763336,20.656211,ok
EES0423360__X33__Y0C__P015.jpg,0.883048,25.263279,ok
EES0423360__X39__Y12__P016.jpg,0.815666,20.570865,ok
EES0423360__X3F__Y33__P017.jpg,0.711423,17.909339,ok
EES0423360__X3F__Y36__P018.jpg,0.883764,24.312375,ok
EES0423360__X42__Y24__P019.jpg,0.862742,24.194891,ok
EES0423360__X42__Y27__P020.jpg,0.807300,21.165775,ok
EES0423360__X42__Y2A__P021.jpg,0.841651,22.444033,ok
EES0423360__X06__Y2A__P022.jpg,0.825675,21.210977,ok
EES0423360__X06__Y2D__P023.jpg,0.882296,24.071161,ok
EES0423360__X09__Y33__P024.jpg,0.725203,20.243399,ok
EES0423360__X09__Y36__P025.jpg,0.856502,23.001947,ok
EES0423361__X45__Y30__P001.jpg,0.924638,31.110392,ok
EES0423361__X06__Y1E__P002.jpg,0.867239,23.979326,ok
EES0423361__X06__Y21__P003.jpg,0.693966,19.222988,ok
EES0423361__X06__Y24__P004.jpg,0.813522,21.270129,ok
EES0423361__X06__Y27__P005.jpg,0.714199,17.624104,ok
EES0423361__X06__Y2A__P006.jpg,0.822109,22.195573,ok
EES0423361__X06__Y2D__P007.jpg,0.872344,24.717456,ok
EES0423361__X06__Y30__P008.jpg,0.883075,26.191890,ok
EES0423361__X06__Y33__P009.jpg,0.868221,24.474042,ok
EES0423361__X09__Y18__P010.jpg,0.808621,21.631670,ok
EES0423361__X09__Y1B__P011.jpg,0.780441,19.548770,ok
EES0423361__X09__Y1E__P012.jpg,0.688387,18.233727,ok
EES0423361__X09__Y33__P013.jpg,0.796477,20.984360,ok
EES0423361__X09__Y36__P014.jpg,0.829087,22.782416,ok
EES0423361__X09__Y39__P015.jpg,0.926002,30.657595,ok
EES0423361__X0C__Y12__P016.jpg,0.857125,22.887408,ok
EES0423361__X0C__Y15__P017.jpg,0.751197,19.243973,ok
EES0423361__X0C__Y1B__P018.jpg,0.713854,17.715212,ok
EES0423361__X0C__Y39__P019.jpg,0.644083,18.336274,ok
EES0423361__X0C__Y3C__P020.jpg,0.927448,32.498766,ok
EES0423361__X0F__Y0F__P021.jpg,0.909656,28.418092,ok
EES0423361__X0F__Y12__P022.jpg,0.795668,19.990781,ok
EES0423361__X0F__Y3C__P023.jpg,0.649200,18.487209,ok
EES0423361__X0F__Y3F__P024.jpg,0.927938,32.835667,ok
EES0423361__X12__Y0C__P025.jpg,0.887684,25.795996,ok
EES0423362__X12__Y0F__P001.jpg,0.687111,17.338620,ok
EES0423362__X12__Y3F__P002.jpg,0.693082,19.715883,ok
EES0423362__X12__Y42__P003.jpg,0.932884,31.529846,ok
EES0423362__X18__Y45__P004.jpg,0.930398,33.352885,ok
EES0423362__X1B__Y09__P005.jpg,0.873800,24.727284,ok
EES0423362__X1B__Y45__P006.jpg,0.801488,20.431621,ok
EES0423362__X1E__Y09__P007.jpg,0.641883,17.398977,ok
EES0423362__X1E__Y45__P008.jpg,0.692033,16.709287,ok
EES0423362__X21__Y09__P009.jpg,0.690348,19.102323,ok
EES0423362__X2D__Y09__P010.jpg,0.790864,20.721265,ok
EES0423362__X30__Y09__P011.jpg,0.928281,39.251725,ok
EES0423362__X30__Y45__P012.jpg,0.707854,18.899672,ok
EES0423362__X33__Y0C__P013.jpg,0.571953,16.411846,ok
EES0423362__X33__Y45__P014.jpg,0.903246,25.762988,ok
EES0423362__X36__Y0C__P015.jpg,0.851318,23.761621,ok
EES0423362__X36__Y42__P016.jpg,0.686307,18.466251,ok
EES0423362__X39__Y42__P017.jpg,0.859651,23.585420,ok
EES0423362__X3C__Y0F__P018.jpg,0.908748,27.735177,ok
EES0423362__X3C__Y3F__P019.jpg,0.876032,24.241141,ok
EES0423362__X3F__Y12__P020.jpg,0.913937,29.874529,ok
EES0423362__X42__Y15__P021.jpg,0.923850,31.401836,ok
EES0423362__X42__Y39__P022.jpg,0.810155,20.617038,ok
EES0423362__X42__Y3C__P023.jpg,0.930789,31.644131,ok
EES0423362__X45__Y18__P024.jpg,0.930055,33.374256,ok
EES0423362__X45__Y1B__P025.jpg,0.743873,19.117925,ok
EES0423363__X45__Y1E__P001.jpg,0.668886,17.464587,ok
EES0423363__X45__Y30__P002.jpg,0.668039,17.321134,ok
EES0423363__X45__Y33__P003.jpg,0.874898,24.159587,ok
EES0423363__X48__Y1E__P004.jpg,0.910190,27.818934,ok
EES0423363__X48__Y21__P005.jpg,0.842665,24.124024,ok
EES0423363__X48__Y24__P006.jpg,0.884486,24.877379,ok
EES0423363__X48__Y27__P007.jpg,0.714932,19.407951,ok
EES0423363__X48__Y2A__P008.jpg,0.902104,26.564463,ok
EES0423363__X48__Y2D__P009.jpg,0.801237,21.491271,ok
EES0423363__X48__Y30__P010.jpg,0.929450,40.961887,ok
EES0423363__X48__Y33__P011.jpg,0.859245,25.177630,ok
EES0423363__X03__Y1E__P012.jpg,0.896316,28.576301,ok
EES0423363__X03__Y21__P013.jpg,0.884796,25.920925,ok
EES0423363__X03__Y24__P014.jpg,0.782874,20.137143,ok
EES0423363__X03__Y27__P015.jpg,0.909271,27.938812,ok
EES0423363__X03__Y2A__P016.jpg,0.823628,21.725831,ok
EES0423363__X03__Y2D__P017.jpg,0.705763,18.286289,ok
EES0423363__X03__Y30__P018.jpg,0.781916,20.428877,ok
EES0423363__X03__Y33__P019.jpg,0.829728,22.778167,ok
EES0423363__X03__Y36__P020.jpg,0.884206,36.731874,ok
EES0423363__X06__Y1B__P021.jpg,0.842302,22.316535,ok
EES0423363__X06__Y1E__P022.jpg,0.864648,24.271010,ok
EES0423363__X06__Y21__P023.jpg,0.710307,18.982119,ok
EES0423363__X06__Y24__P024.jpg,0.871256,24.347284,ok
EES0423363__X06__Y27__P025.jpg,0.782998,20.052338,ok
EES0423364__X06__Y2A__P001.jpg,0.725099,19.017651,ok
EES0423364__X06__Y39__P002.jpg,0.726153,19.470191,ok
EES0423364__X09__Y15__P003.jpg,0.932103,36.785639,ok
EES0423364__X09__Y18__P004.jpg,0.822531,22.579052,ok
EES0423364__X09__Y1B__P005.jpg,0.836341,21.297222,ok
EES0423364__X09__Y1E__P006.jpg,0.804623,21.836452,ok
EES0423364__X09__Y21__P007.jpg,0.735906,19.945379,ok
EES0423364__X09__Y3F__P008.jpg,0.914069,38.875853,ok
EES0423364__X0C__Y15__P009.jpg,0.843275,23.244394,ok
EES0423364__X0C__Y18__P010.jpg,0.774761,21.765101,ok
EES0423364__X0C__Y1B__P011.jpg,0.742712,19.741684,ok
EES0423364__X0C__Y21__P012.jpg,0.666238,19.240643,ok
EES0423364__X0C__Y42__P013.jpg,0.930516,31.512319,ok
EES0423364__X0F__Y12__P014.jpg,0.724608,19.326301,ok
EES0423364__X0F__Y15__P015.jpg,0.862875,25.056724,ok
EES0423364__X0F__Y18__P016.jpg,0.702271,19.526403,ok
EES0423364__X0F__Y1B__P017.jpg,0.785196,20.816500,ok
EES0423364__X12__Y0F__P018.jpg,0.925055,31.805433,ok
EES0423364__X12__Y12__P019.jpg,0.641215,18.276977,ok
EES0423364__X12__Y15__P020.jpg,0.721916,19.503581,ok
EES0423364__X12__Y45__P021.jpg,0.884127,25.927674,ok
EES0423364__X15__Y0F__P022.jpg,0.786224,21.465971,ok
EES0423364__X15__Y12__P023.jpg,0.751241,21.485322,ok
EES0423364__X15__Y45__P024.jpg,0.795211,21.851289,ok
EES0423364__X18__Y0C__P025.jpg,0.927109,30.347435,ok
EES0423365__X18__Y0F__P001.jpg,0.757414,21.048047,ok
EES0423365__X1B__Y0C__P002.jpg,0.859950,24.799906,ok
EES0423365__X1E__Y0C__P003.jpg,0.806548,22.260886,ok
EES0423365__X21__Y0C__P004.jpg,0.763331,20.803678,ok
EES0423365__X24__Y09__P005.jpg,0.907613,33.561188,ok
EES0423365__X24__Y0C__P006.jpg,0.789900,21.910592,ok
EES0423365__X27__Y0C__P007.jpg,0.802375,22.467312,ok
EES0423365__X2A__Y0C__P008.jpg,0.772128,21.649081,ok
EES0423365__X2D__Y0C__P009.jpg,0.925655,34.606434,ok
EES0423365__X2D__Y12__P010.jpg,0.748613,20.871276,ok
EES0423365__X30__Y0F__P011.jpg,0.724455,18.908755,ok
EES0423365__X30__Y45__P012.jpg,0.735097,20.955494,ok
EES0423365__X33__Y0F__P013.jpg,0.763903,21.305566,ok
EES0423365__X33__Y45__P014.jpg,0.925834,30.919427,ok
EES0423365__X36__Y12__P015.jpg,0.700351,19.759340,ok
EES0423365__X36__Y42__P016.jpg,0.855863,23.547376,ok
EES0423365__X39__Y3F__P017.jpg,0.881260,25.201787,ok
EES0423365__X3C__Y3C__P018.jpg,0.916902,27.545599,ok
EES0423365__X3F__Y1B__P019.jpg,0.734269,18.844183,ok
EES0423365__X3F__Y36__P020.jpg,0.748708,20.405549,ok
EES0423365__X3F__Y39__P021.jpg,0.928893,39.823035,ok
EES0423365__X42__Y21__P022.jpg,0.783036,20.946285,ok
EES0423365__X42__Y24__P023.jpg,0.683759,18.654164,ok
EES0423365__X42__Y27__P024.jpg,0.646006,17.945510,ok
EES0423365__X42__Y2A__P025.jpg,0.677047,17.906353,ok
EES0423366__X3C__Y15__P001.jpg,0.724969,17.590579,ok
EES0423366__X3C__Y36__P002.jpg,0.805233,20.485470,ok
EES0423366__X3C__Y3F__P003.jpg,0.846688,21.667730,ok
EES0423366__X3F__Y18__P004.jpg,0.819615,20.310310,ok
EES0423366__X3F__Y1E__P005.jpg,0.811550,20.606882,ok
EES0423366__X3F__Y21__P006.jpg,0.781069,18.929189,ok
EES0423366__X3F__Y24__P007.jpg,0.616010,16.999169,ok
EES0423366__X3F__Y30__P008.jpg,0.672045,17.334481,ok
EES0423366__X3F__Y33__P009.jpg,0.773048,19.355306,ok
EES0423366__X3F__Y3C__P010.jpg,0.847502,22.464603,ok
EES0423366__X42__Y1B__P011.jpg,0.883436,24.402861,ok
EES0423366__X42__Y1E__P012.jpg,0.814583,20.855226,ok
EES0423366__X42__Y21__P013.jpg,0.766426,18.945734,ok
EES0423366__X42__Y2A__P014.jpg,0.823312,21.162407,ok
EES0423366__X42__Y39__P015.jpg,0.904338,27.372697,ok
EES0423366__X45__Y27__P016.jpg,0.851398,22.158283,ok
EES0423366__X45__Y2A__P017.jpg,0.834919,20.933627,ok
EES0423366__X45__Y2D__P018.jpg,0.835269,23.044843,ok
EES0423366__X45__Y30__P019.jpg,0.868164,22.040205,ok
EES0423366__X45__Y33__P020.jpg,0.904327,26.135577,ok
EES0423366__X21__Y1B__P021.jpg,0.791968,20.214698,ok
EES0423366__X36__Y0F__P022.jpg,0.830048,22.167398,ok
EES0423366__X36__Y39__P023.jpg,0.700053,18.432235,ok
EES0423366__X06__Y1E__P024.jpg,0.764253,18.988277,ok
EES0423366__X06__Y21__P025.jpg,0.645333,18.445825,ok
EES0423367__X3C__Y0F__P001.jpg,0.903718,27.042396,ok
EES0423367__X3C__Y21__P002.jpg,0.695861,18.144029,ok
EES0423367__X3F__Y12__P003.jpg,0.928398,38.719562,ok
EES0423367__X3F__Y15__P004.jpg,0.810455,21.284128,ok
EES0423367__X42__Y15__P005.jpg,0.859310,24.773943,ok
EES0423367__X42__Y18__P006.jpg,0.867409,21.778389,ok
EES0423367__X45__Y1E__P007.jpg,0.810082,18.565804,ok
EES0423367__X06__Y2A__P008.jpg,0.810453,20.163219,ok
EES0423367__X09__Y1B__P009.jpg,0.815441,22.644374,ok
EES0423367__X09__Y24__P010.jpg,0.857441,22.928969,ok
EES0423367__X09__Y27__P011.jpg,0.922594,33.983987,ok
EES0423367__X09__Y2A__P012.jpg,0.784118,21.026194,ok
EES0423367__X0C__Y18__P013.jpg,0.820903,23.220462,ok
EES0423367__X0C__Y1B__P014.jpg,0.633375,17.278687,ok
EES0423367__X0C__Y1E__P015.jpg,0.915296,28.921248,ok
EES0423367__X0C__Y21__P016.jpg,0.803765,20.887974,ok
EES0423367__X0C__Y27__P017.jpg,0.868528,22.672779,ok
EES0423367__X0C__Y2A__P018.jpg,0.819670,21.064959,ok
EES0423367__X0C__Y30__P019.jpg,0.690443,18.467973,ok
EES0423367__X0C__Y36__P020.jpg,0.894422,26.486293,ok
EES0423367__X0C__Y39__P021.jpg,0.720749,18.393762,ok
EES0423367__X0F__Y18__P022.jpg,0.702384,17.614351,ok
EES0423367__X0F__Y1B__P023.jpg,0.733303,19.285420,ok
EES0423367__X0F__Y21__P024.jpg,0.837370,21.266875,ok
EES0423367__X0F__Y2A__P025.jpg,0.801988,21.263526,ok
EES0423368__X36__Y36__P001.jpg,0.812972,21.504112,ok
EES0423368__X36__Y39__P002.jpg,0.915815,30.390289,ok
EES0423368__X36__Y3C__P003.jpg,0.884760,26.307658,ok
EES0423368__X39__Y2A__P004.jpg,0.848444,22.495131,ok
EES0423368__X3C__Y21__P005.jpg,0.831182,21.384027,ok
EES0423368__X3C__Y24__P006.jpg,0.867209,22.244862,ok
EES0423368__X3C__Y2D__P007.jpg,0.866657,24.244080,ok
EES0423368__X3C__Y30__P008.jpg,0.841995,20.185654,ok
EES0423368__X3F__Y24__P009.jpg,0.861874,22.086821,ok
EES0423368__X3F__Y27__P010.jpg,0.854743,22.717863,ok
EES0423368__X3F__Y30__P011.jpg,0.832174,20.951465,ok
EES0423368__X42__Y24__P012.jpg,0.892758,26.081284,ok
EES0423368__X42__Y27__P013.jpg,0.807226,21.668528,ok
EES0423368__X42__Y30__P014.jpg,0.835001,21.519651,ok
EES0423368__X03__Y24__P015.jpg,0.925928,36.982001,ok
EES0423368__X06__Y1E__P016.jpg,0.813312,22.217488,ok
EES0423368__X06__Y21__P017.jpg,0.663291,18.218773,ok
EES0423368__X06__Y27__P018.jpg,0.772431,20.830311,ok
EES0423368__X06__Y2A__P019.jpg,0.816674,23.735531,ok
EES0423368__X06__Y30__P020.jpg,0.695598,20.839809,ok
EES0423368__X06__Y33__P021.jpg,0.809376,22.500661,ok
EES0423368__X06__Y36__P022.jpg,0.839288,22.204903,ok
EES0423368__X09__Y15__P023.jpg,0.923883,36.631482,ok
EES0423368__X09__Y33__P024.jpg,0.705977,18.978345,ok
EES0423368__X09__Y36__P025.jpg,0.842114,24.196066,ok
EES0423369__X09__Y39__P001.jpg,0.800529,23.811307,ok
EES0423369__X0C__Y12__P002.jpg,0.875853,26.282754,ok
EES0423369__X0C__Y39__P003.jpg,0.618549,18.436453,ok
EES0423369__X0F__Y0F__P004.jpg,0.879452,26.102569,ok
EES0423369__X0F__Y3F__P005.jpg,0.824399,25.150024,ok
EES0423369__X12__Y0C__P006.jpg,0.762280,20.761773,ok
EES0423369__X12__Y42__P007.jpg,0.864641,25.452202,ok
EES0423369__X15__Y42__P008.jpg,0.888511,26.530979,ok
EES0423369__X1B__Y45__P009.jpg,0.744769,20.473505,ok
EES0423369__X33__Y0C__P010.jpg,0.749706,21.391857,ok
EES0423369__X33__Y45__P011.jpg,0.923692,34.648931,ok
EES0423369__X36__Y0C__P012.jpg,0.861730,24.858936,ok
EES0423369__X39__Y0C__P013.jpg,0.880676,25.235838,ok
EES0423369__X39__Y0F__P014.jpg,0.894110,27.065520,ok
EES0423369__X3C__Y0F__P015.jpg,0.818723,21.408918,ok
EES0423369__X3C__Y12__P016.jpg,0.774376,22.027280,ok
EES0423369__X3F__Y12__P017.jpg,0.925339,33.051515,ok
EES0423369__X3F__Y15__P018.jpg,0.808669,22.486562,ok
EES0423369__X3F__Y39__P019.jpg,0.804923,20.517924,ok
EES0423369__X42__Y15__P020.jpg,0.749763,19.735164,ok
EES0423369__X42__Y18__P021.jpg,0.776747,20.149321,ok
EES0423369__X42__Y1B__P022.jpg,0.784129,22.179330,ok
EES0423369__X42__Y36__P023.jpg,0.896508,27.177326,ok
EES0423369__X45__Y1E__P024.jpg,0.861033,24.121627,ok
EES0423369__X45__Y21__P025.jpg,0.572602,16.579476,ok
EES0423370__X30__Y2A__P001.jpg,0.662080,17.394345,ok
EES0423370__X30__Y36__P002.jpg,0.857481,22.480002,ok
EES0423370__X33__Y1B__P003.jpg,0.878876,23.066109,ok
EES0423370__X33__Y21__P004.jpg,0.839547,21.713712,ok
EES0423370__X33__Y27__P005.jpg,0.840441,21.769240,ok
EES0423370__X33__Y2A__P006.jpg,0.893241,25.279640,ok
EES0423370__X36__Y24__P007.jpg,0.841823,22.372360,ok
EES0423370__X36__Y27__P008.jpg,0.732911,19.258103,ok
EES0423370__X36__Y30__P009.jpg,0.811124,21.089936,ok
EES0423370__X39__Y24__P010.jpg,0.841280,21.914811,ok
EES0423370__X39__Y2A__P011.jpg,0.752366,18.079444,ok
EES0423370__X39__Y2D__P012.jpg,0.835689,22.023187,ok
EES0423370__X39__Y36__P013.jpg,0.863547,23.744887,ok
EES0423370__X3C__Y1E__P014.jpg,0.863746,21.982468,ok
EES0423370__X3C__Y27__P015.jpg,0.894155,23.770348,ok
EES0423370__X3C__Y2A__P016.jpg,0.888983,25.639608,ok
EES0423370__X3C__Y2D__P017.jpg,0.746848,17.921772,ok
EES0423370__X3C__Y30__P018.jpg,0.875215,24.211407,ok
EES0423370__X3C__Y33__P019.jpg,0.892993,24.576859,ok
EES0423370__X3F__Y21__P020.jpg,0.769178,21.268474,ok
EES0423370__X3F__Y24__P021.jpg,0.899873,27.809272,ok
EES0423370__X3F__Y2A__P022.jpg,0.807020,19.290484,ok
EES0423370__X09__Y1B__P023.jpg,0.846551,24.223341,ok
EES0423370__X09__Y21__P024.jpg,0.792105,21.451474,ok
EES0423370__X09__Y24__P025.jpg,0.720729,19.568079,ok
EES0423371__X3F__Y15__P001.jpg,0.919787,30.495054,ok
EES0423371__X3F__Y3C__P002.jpg,0.872674,27.512265,ok
EES0423371__X42__Y15__P003.jpg,0.929204,37.549303,ok
EES0423371__X42__Y2A__P004.jpg,0.831666,22.703826,ok
EES0423371__X42__Y39__P005.jpg,0.867159,24.759888,ok
EES0423371__X45__Y1B__P006.jpg,0.928597,35.332087,ok
EES0423371__X45__Y30__P007.jpg,0.749315,19.738525,ok
EES0423371__X45__Y33__P008.jpg,0.885249,28.486319,ok
EES0423371__X0F__Y2A__P009.jpg,0.819284,22.001915,ok
EES0423371__X12__Y2A__P010.jpg,0.890105,26.269409,ok
EES0423371__X18__Y27__P011.jpg,0.908667,29.248687,ok
EES0423371__X1E__Y0F__P012.jpg,0.918117,29.288330,ok
EES0423371__X1E__Y1E__P013.jpg,0.915921,27.420497,ok
EES0423371__X21__Y1E__P014.jpg,0.884912,22.743018,ok
EES0423371__X21__Y27__P015.jpg,0.857032,23.547882,ok
EES0423371__X21__Y2A__P016.jpg,0.888969,26.063695,ok
EES0423371__X21__Y39__P017.jpg,0.878069,23.994490,ok
EES0423371__X21__Y3C__P018.jpg,0.840357,23.250041,ok
EES0423371__X24__Y36__P019.jpg,0.873817,24.086289,ok
EES0423371__X27__Y0C__P020.jpg,0.904358,26.531292,ok
EES0423371__X27__Y1B__P021.jpg,0.896258,27.002892,ok
EES0423371__X27__Y36__P022.jpg,0.856717,24.180110,ok
EES0423371__X2A__Y3C__P023.jpg,0.868759,23.912688,ok
EES0423371__X2A__Y45__P024.jpg,0.906123,27.288017,ok
EES0423371__X2D__Y3C__P025.jpg,0.910087,28.863678,ok
EES0423372__X09__Y12__P001.jpg,0.881279,24.780667,ok
EES0423372__X0C__Y0F__P002.jpg,0.827979,20.924421,ok
EES0423372__X0F__Y0C__P003.jpg,0.865515,24.344546,ok
EES0423372__X0F__Y42__P004.jpg,0.864727,25.680464,ok
EES0423372__X15__Y45__P005.jpg,0.694531,18.823749,ok
EES0423372__X18__Y09__P006.jpg,0.776370,21.394306,ok
EES0423372__X1B__Y09__P007.jpg,0.843624,22.939961,ok
EES0423372__X1E__Y09__P008.jpg,0.676473,17.035173,ok
EES0423372__X21__Y09__P009.jpg,0.722410,18.656035,ok
EES0423372__X24__Y09__P010.jpg,0.718533,19.205930,ok
EES0423372__X27__Y09__P011.jpg,0.895913,27.221569,ok
EES0423372__X2A__Y09__P012.jpg,0.918825,27.505621,ok
EES0423372__X2D__Y09__P013.jpg,0.926330,38.523976,ok
EES0423372__X2D__Y42__P014.jpg,0.657775,18.853365,ok
EES0423372__X2D__Y45__P015.jpg,0.540449,16.584194,ok
EES0423372__X30__Y0C__P016.jpg,0.733504,20.388808,ok
EES0423372__X33__Y0C__P017.jpg,0.911711,28.955369,ok
EES0423372__X36__Y0C__P018.jpg,0.900349,27.988893,ok
EES0423372__X36__Y0F__P019.jpg,0.783293,20.542569,ok
EES0423372__X39__Y0F__P020.jpg,0.881188,26.773349,ok
EES0423372__X39__Y12__P021.jpg,0.736174,19.972934,ok
EES0423372__X3C__Y15__P022.jpg,0.885184,26.382425,ok
EES0423372__X3C__Y3C__P023.jpg,0.936457,33.522306,ok
EES0423372__X3F__Y18__P024.jpg,0.930461,31.775215,ok
EES0423372__X42__Y0F__P025.jpg,0.929434,27.896408,ok
EES0423373__X42__Y1E__P001.jpg,0.923176,31.070068,ok
EES0423373__X42__Y21__P002.jpg,0.751585,21.377397,ok
EES0423373__X42__Y24__P003.jpg,0.837303,21.728256,ok
EES0423373__X42__Y27__P004.jpg,0.794720,21.285417,ok
EES0423373__X42__Y2A__P005.jpg,0.845965,22.131435,ok
EES0423373__X42__Y2D__P006.jpg,0.862317,22.633781,ok
EES0423373__X42__Y30__P007.jpg,0.859855,24.505075,ok
EES0423373__X03__Y21__P008.jpg,0.840641,23.388071,ok
EES0423373__X03__Y24__P009.jpg,0.733387,19.169785,ok
EES0423373__X03__Y2A__P010.jpg,0.682479,18.172133,ok
EES0423373__X03__Y2D__P011.jpg,0.760530,21.180700,ok
EES0423373__X03__Y30__P012.jpg,0.823397,22.521443,ok
EES0423373__X03__Y33__P013.jpg,0.846192,23.363793,ok
EES0423373__X06__Y1B__P014.jpg,0.782205,20.891272,ok
EES0423373__X06__Y1E__P015.jpg,0.591725,16.979521,ok
EES0423373__X06__Y36__P016.jpg,0.780435,21.202104,ok
EES0423373__X09__Y3C__P017.jpg,0.929745,38.285137,ok
EES0423373__X0C__Y12__P018.jpg,0.699553,17.762854,ok
EES0423373__X0F__Y0F__P019.jpg,0.853377,25.369817,ok
EES0423373__X12__Y0C__P020.jpg,0.908280,29.529343,ok
EES0423373__X15__Y0C__P021.jpg,0.611099,17.340976,ok
EES0423373__X18__Y09__P022.jpg,0.926359,34.551299,ok
EES0423373__X1B__Y09__P023.jpg,0.708796,18.523711,ok
EES0423373__X1E__Y09__P024.jpg,0.853284,21.815714,ok
EES0423373__X21__Y09__P025.jpg,0.691475,17.149645,ok
EES0423374__X15__Y45__P001.jpg,0.855197,23.801609,ok
EES0423374__X18__Y09__P002.jpg,0.699627,18.687706,ok
EES0423374__X18__Y0F__P003.jpg,0.763788,20.367391,ok
EES0423374__X18__Y45__P004.jpg,0.840623,22.598564,ok
EES0423374__X27__Y09__P005.jpg,0.774668,20.133348,ok
EES0423374__X2D__Y45__P006.jpg,0.792557,22.143429,ok
EES0423374__X30__Y24__P007.jpg,0.758193,21.605898,ok
EES0423374__X39__Y39__P008.jpg,0.854116,25.428608,ok
EES0423374__X3C__Y36__P009.jpg,0.815330,23.530469,ok
EES0423374__X03__Y0F__P010.jpg,0.891532,23.150464,ok
EES0423374__X03__Y12__P011.jpg,0.862596,23.342586,ok
EES0423374__X03__Y18__P012.jpg,0.910240,26.367035,ok
EES0423374__X03__Y1B__P013.jpg,0.874589,25.560983,ok
EES0423374__X03__Y2D__P014.jpg,0.718787,19.161590,ok
EES0423374__X03__Y30__P015.jpg,0.597160,17.397065,ok
EES0423374__X03__Y33__P016.jpg,0.750649,19.250295,ok
EES0423374__X03__Y36__P017.jpg,0.755965,19.440619,ok
EES0423374__X03__Y39__P018.jpg,0.570417,14.727790,ok
EES0423374__X03__Y3C__P019.jpg,0.795398,18.497394,ok
EES0423374__X03__Y3F__P020.jpg,0.847876,23.373105,ok
EES0423374__X03__Y45__P021.jpg,0.860371,24.215768,ok
EES0423374__X06__Y15__P022.jpg,0.813629,22.491893,ok
EES0423374__X06__Y18__P023.jpg,0.803182,21.231157,ok
EES0423374__X06__Y36__P024.jpg,0.714757,19.201180,ok
EES0423374__X06__Y39__P025.jpg,0.794985,21.931676,ok
EES0423375__X39__Y09__P001.jpg,0.778606,20.314942,ok
EES0423375__X39__Y0C__P002.jpg,0.844687,23.599597,ok
EES0423375__X3C__Y0C__P003.jpg,0.812574,21.611407,ok
EES0423375__X3C__Y0F__P004.jpg,0.824209,21.126758,ok
EES0423375__X3F__Y0C__P005.jpg,0.919557,32.093271,ok
EES0423375__X3F__Y0F__P006.jpg,0.869023,24.920264,ok
EES0423375__X3F__Y12__P007.jpg,0.864635,23.365202,ok
EES0423375__X3F__Y15__P008.jpg,0.822409,22.294706,ok
EES0423375__X3F__Y39__P009.jpg,0.713356,19.257087,ok
EES0423375__X3F__Y3C__P010.jpg,0.840283,22.390240,ok
EES0423375__X42__Y0F__P011.jpg,0.930527,36.945356,ok
EES0423375__X42__Y12__P012.jpg,0.813624,21.490168,ok
EES0423375__X42__Y15__P013.jpg,0.831823,23.960510,ok
EES0423375__X42__Y18__P014.jpg,0.825192,20.288278,ok
EES0423375__X42__Y1B__P015.jpg,0.633445,17.597056,ok
EES0423375__X42__Y36__P016.jpg,0.883282,24.020107,ok
EES0423375__X42__Y39__P017.jpg,0.902254,27.585627,ok
EES0423375__X45__Y15__P018.jpg,0.831200,23.006875,ok
EES0423375__X45__Y18__P019.jpg,0.881640,25.997150,ok
EES0423375__X45__Y1B__P020.jpg,0.782591,20.942563,ok
EES0423375__X45__Y1E__P021.jpg,0.862271,23.533252,ok
EES0423375__X45__Y21__P022.jpg,0.837443,22.587249,ok
EES0423375__X45__Y24__P023.jpg,0.880032,27.948931,ok
EES0423375__X45__Y27__P024.jpg,0.851736,23.364907,ok
EES0423375__X45__Y2A__P025.jpg,0.893696,27.316386,ok
EES0423376__X3C__Y27__P001.jpg,0.857432,23.614174,ok
EES0423376__X3C__Y2D__P002.jpg,0.817589,20.743540,ok
EES0423376__X3F__Y2A__P003.jpg,0.757373,18.214455,ok
EES0423376__X3F__Y2D__P004.jpg,0.612368,16.887215,ok
EES0423376__X06__Y15__P005.jpg,0.839017,24.144389,ok
EES0423376__X06__Y18__P006.jpg,0.701495,19.910914,ok
EES0423376__X0F__Y09__P007.jpg,0.903774,28.192522,ok
EES0423376__X0F__Y0C__P008.jpg,0.829722,24.559227,ok
EES0423376__X12__Y09__P009.jpg,0.921683,30.395204,ok
EES0423376__X2D__Y09__P010.jpg,0.691274,19.787638,ok
EES0423376__X2D__Y45__P011.jpg,0.643414,18.772576,ok
EES0423376__X30__Y45__P012.jpg,0.897219,26.894926,ok
EES0423376__X33__Y09__P013.jpg,0.845781,23.992259,ok
EES0423376__X33__Y42__P014.jpg,0.869111,25.656085,ok
EES0423376__X36__Y0C__P015.jpg,0.835006,23.910477,ok
EES0423376__X36__Y3F__P016.jpg,0.731436,19.547484,ok
EES0423376__X39__Y0F__P017.jpg,0.630468,19.132155,ok
EES0423376__X3C__Y12__P018.jpg,0.723494,20.870784,ok
EES0423376__X3F__Y15__P019.jpg,0.798682,22.226983,ok
EES0423376__X3F__Y18__P020.jpg,0.706408,19.697620,ok
EES0423376__X3F__Y36__P021.jpg,0.911562,29.159344,ok
EES0423376__X42__Y1B__P022.jpg,0.907385,28.365227,ok
EES0423376__X42__Y1E__P023.jpg,0.845988,24.085708,ok
EES0423376__X42__Y21__P024.jpg,0.742952,20.249163,ok
EES0423376__X42__Y24__P025.jpg,0.591128,16.621422,ok
EES0423377__X24__Y3C__P001.jpg,0.729998,18.448231,ok
EES0423377__X24__Y3F__P002.jpg,0.807118,21.296431,ok
EES0423377__X27__Y1B__P003.jpg,0.841518,21.636349,ok
EES0423377__X27__Y21__P004.jpg,0.824027,20.270387,ok
EES0423377__X2A__Y18__P005.jpg,0.880115,23.694442,ok
EES0423377__X2A__Y24__P006.jpg,0.766946,19.614991,ok
EES0423377__X2A__Y2A__P007.jpg,0.814905,21.672410,ok
EES0423377__X2A__Y2D__P008.jpg,0.781906,19.876729,ok
EES0423377__X2D__Y15__P009.jpg,0.696863,17.997860,ok
EES0423377__X2D__Y1B__P010.jpg,0.805599,20.545994,ok
EES0423377__X2D__Y21__P011.jpg,0.757459,18.626203,ok
EES0423377__X2D__Y33__P012.jpg,0.891097,24.884206,ok
EES0423377__X30__Y21__P013.jpg,0.796969,19.710367,ok
EES0423377__X33__Y0F__P014.jpg,0.835468,21.356810,ok
EES0423377__X33__Y12__P015.jpg,0.779599,19.581857,ok
EES0423377__X33__Y15__P016.jpg,0.679622,17.224713,ok
EES0423377__X33__Y18__P017.jpg,0.784047,19.691292,ok
EES0423377__X33__Y1B__P018.jpg,0.715296,17.752126,ok
EES0423377__X33__Y1E__P019.jpg,0.787368,20.512506,ok
EES0423377__X39__Y15__P020.jpg,0.748377,18.455066,ok
EES0423377__X39__Y18__P021.jpg,0.792020,20.549801,ok
EES0423377__X3C__Y1E__P022.jpg,0.827188,20.687671,ok
EES0423377__X3C__Y21__P023.jpg,0.760020,19.118630,ok
EES0423377__X3C__Y45__P024.jpg,0.919487,33.175762,ok
EES0423377__X3F__Y1B__P025.jpg,0.817974,20.169463,ok
EES0423378__X09__Y2A__P001.jpg,0.769783,18.506283,ok
EES0423378__X1E__Y3F__P002.jpg,0.841622,19.991578,ok
EES0423378__X1E__Y42__P003.jpg,0.926195,22.567676,ok
EES0423378__X21__Y3F__P004.jpg,0.729697,17.456677,ok
EES0423378__X21__Y42__P005.jpg,0.804543,19.009888,ok
EES0423378__X2D__Y42__P006.jpg,0.898272,21.555711,ok
EES0423378__X42__Y1B__P007.jpg,0.929149,25.163764,ok
EES0423378__X42__Y1E__P008.jpg,0.836481,19.825353,ok
EES0423378__X42__Y2D__P009.jpg,0.745171,18.501014,ok
EES0423378__X42__Y30__P010.jpg,0.950686,22.737178,ok
EES0423378__X39__Y09__P011.jpg,0.930848,24.365629,ok
EES0423378__X48__Y18__P012.jpg,0.884587,21.846055,ok
EES0423378__X48__Y27__P013.jpg,0.951436,27.456150,ok
EES0423378__X48__Y2A__P014.jpg,0.929920,25.577834,ok
EES0423378__X48__Y2D__P015.jpg,0.905968,24.206179,ok
EES0423378__X0F__Y24__P016.jpg,0.810577,20.985929,ok
EES0423378__X18__Y24__P017.jpg,0.841924,20.877201,ok
EES0423378__X18__Y27__P018.jpg,0.862374,20.960077,ok
EES0423378__X18__Y2A__P019.jpg,0.876738,20.654352,ok
EES0423378__X2A__Y1B__P020.jpg,0.877700,20.706741,ok
EES0423378__X2D__Y1B__P021.jpg,0.851659,20.276861,ok
EES0423378__X2D__Y27__P022.jpg,0.782097,20.200928,ok
EES0423378__X2D__Y36__P023.jpg,0.833018,20.301436,ok
EES0423378__X3C__Y24__P024.jpg,0.869897,20.472668,ok
EES0423378__X3C__Y2A__P025.jpg,0.892166,21.334921,ok
EES0423379__X06__Y24__P001.jpg,0.842858,22.528758,ok
EES0423379__X06__Y27__P002.jpg,0.835035,22.486631,ok
EES0423379__X06__Y2A__P003.jpg,0.900681,24.168067,ok
EES0423379__X06__Y3F__P004.jpg,0.915933,24.067927,ok
EES0423379__X06__Y45__P005.jpg,0.933455,25.863482,ok
EES0423379__X0C__Y45__P006.jpg,0.820061,20.712416,ok
EES0423379__X0F__Y45__P007.jpg,0.948487,27.670776,ok
EES0423379__X15__Y0C__P008.jpg,0.862122,21.739601,ok
EES0423379__X18__Y45__P009.jpg,0.850868,22.192490,ok
EES0423379__X1B__Y09__P010.jpg,0.915515,24.587817,ok
EES0423379__X1B__Y45__P011.jpg,0.751308,20.935769,ok
EES0423379__X2A__Y09__P012.jpg,0.798184,21.256574,ok
EES0423379__X2D__Y09__P013.jpg,0.911171,25.433021,ok
EES0423379__X33__Y45__P014.jpg,0.880126,22.585811,ok
EES0423379__X39__Y0F__P015.jpg,0.952248,27.383193,ok
EES0423379__X3C__Y3F__P016.jpg,0.912720,24.038975,ok
EES0423379__X3F__Y39__P017.jpg,0.681270,19.313474,ok
EES0423379__X42__Y36__P018.jpg,0.854563,21.515434,ok
EES0423379__X42__Y39__P019.jpg,0.881786,22.143435,ok
EES0423379__X42__Y3C__P020.jpg,0.864711,21.403956,ok
EES0423379__X45__Y1E__P021.jpg,0.838681,19.535637,ok
EES0423379__X45__Y21__P022.jpg,0.854895,21.328179,ok
EES0423379__X45__Y27__P023.jpg,0.721549,19.491095,ok
EES0423379__X45__Y2A__P024.jpg,0.850703,21.577666,ok
EES0423379__X45__Y30__P025.jpg,0.925166,25.780442,ok
EES0423380__X45__Y33__P001.jpg,0.939865,26.001021,ok
EES0423380__X45__Y36__P002.jpg,0.809277,20.745958,ok
EES0423380__X15__Y0C__P003.jpg,0.850247,20.696410,ok
EES0423380__X15__Y0F__P004.jpg,0.883029,19.632357,ok
EES0423380__X18__Y0C__P005.jpg,0.766481,16.538785,ok
EES0423380__X18__Y15__P006.jpg,0.852973,17.624168,ok
EES0423380__X18__Y18__P007.jpg,0.926548,23.272838,ok
EES0423380__X18__Y1B__P008.jpg,0.854896,18.141885,ok
EES0423380__X1B__Y09__P009.jpg,0.884284,18.985092,ok
EES0423380__X1B__Y1B__P010.jpg,0.905684,20.660941,ok
EES0423380__X1E__Y09__P011.jpg,0.910336,22.446398,ok
EES0423380__X1E__Y0C__P012.jpg,0.804708,17.074922,ok
EES0423380__X1E__Y15__P013.jpg,0.839933,18.085900,ok
EES0423380__X21__Y09__P014.jpg,0.867113,19.292704,ok
EES0423380__X21__Y0C__P015.jpg,0.815341,18.540221,ok
EES0423380__X21__Y15__P016.jpg,0.903317,21.261416,ok
EES0423380__X21__Y18__P017.jpg,0.912582,21.773293,ok
EES0423380__X21__Y1B__P018.jpg,0.918043,21.739879,ok
EES0423380__X21__Y1E__P019.jpg,0.867798,21.218909,ok
EES0423380__X24__Y09__P020.jpg,0.713978,18.245632,ok
EES0423380__X24__Y0C__P021.jpg,0.918530,23.102246,ok
EES0423380__X24__Y0F__P022.jpg,0.842165,18.996450,ok
EES0423380__X24__Y12__P023.jpg,0.903927,20.008357,ok
EES0423380__X24__Y15__P024.jpg,0.891470,20.824325,ok
EES0423380__X24__Y18__P025.jpg,0.872694,21.089380,ok
EES0423381__X24__Y1B__P001.jpg,0.897895,21.431054,ok
EES0423381__X24__Y1E__P002.jpg,0.897068,21.798241,ok
EES0423381__X24__Y24__P003.jpg,0.883686,20.527445,ok
EES0423381__X27__Y0C__P004.jpg,0.848622,18.817328,ok
EES0423381__X27__Y12__P005.jpg,0.857261,21.008145,ok
EES0423381__X27__Y15__P006.jpg,0.941001,24.825228,ok
EES0423381__X27__Y18__P007.jpg,0.744192,18.163384,ok
EES0423381__X27__Y1B__P008.jpg,0.853336,20.402659,ok
EES0423381__X2A__Y0C__P009.jpg,0.935780,24.563121,ok
EES0423381__X2A__Y0F__P010.jpg,0.908809,21.931773,ok
EES0423381__X2A__Y18__P011.jpg,0.913103,21.968063,ok
EES0423381__X2A__Y1B__P012.jpg,0.862928,21.513482,ok
EES0423381__X2A__Y21__P013.jpg,0.831260,19.719661,ok
EES0423381__X2A__Y24__P014.jpg,0.886671,21.058844,ok
EES0423381__X2D__Y0C__P015.jpg,0.764770,18.078909,ok
EES0423381__X2D__Y0F__P016.jpg,0.933921,23.370853,ok
EES0423381__X2D__Y1B__P017.jpg,0.923765,21.995774,ok
EES0423381__X30__Y0F__P018.jpg,0.820955,18.787162,ok
EES0423381__X30__Y12__P019.jpg,0.896525,21.542309,ok
EES0423381__X30__Y1E__P020.jpg,0.847051,20.544070,ok
EES0423381__X30__Y21__P021.jpg,0.903932,21.090227,ok
EES0423381__X33__Y1B__P022.jpg,0.864729,19.615152,ok
EES0423381__X33__Y1E__P023.jpg,0.845470,20.635810,ok
EES0423381__X33__Y21__P024.jpg,0.824837,18.832005,ok
EES0423381__X36__Y1B__P025.jpg,0.847808,18.807101,ok
EES0423382__X21__Y45__P001.jpg,0.834850,20.655984,ok
EES0423382__X24__Y06__P002.jpg,0.931209,24.171749,ok
EES0423382__X27__Y06__P003.jpg,0.939684,26.300089,ok
EES0423382__X2D__Y45__P004.jpg,0.819949,20.207706,ok
EES0423382__X3F__Y39__P005.jpg,0.876179,22.890609,ok
EES0423382__X42__Y18__P006.jpg,0.791855,20.053616,ok
EES0423382__X42__Y1B__P007.jpg,0.528585,16.472243,ok
EES0423382__X42__Y33__P008.jpg,0.720362,18.779037,ok
EES0423382__X42__Y36__P009.jpg,0.858842,21.035436,ok
EES0423382__X45__Y1E__P010.jpg,0.880585,22.036184,ok
EES0423382__X45__Y21__P011.jpg,0.783440,20.313119,ok
EES0423382__X45__Y24__P012.jpg,0.774845,19.080423,ok
EES0423382__X45__Y27__P013.jpg,0.726454,19.151156,ok
EES0423382__X45__Y2A__P014.jpg,0.878195,21.831090,ok
EES0423382__X45__Y2D__P015.jpg,0.767853,19.025823,ok
EES0423382__X45__Y30__P016.jpg,0.928146,23.564394,ok
EES0423382__X15__Y45__P017.jpg,0.740614,19.421951,ok
EES0423382__X18__Y0C__P018.jpg,0.940706,26.133129,ok
EES0423382__X1B__Y0C__P019.jpg,0.631147,17.269035,ok
EES0423382__X1E__Y0C__P020.jpg,0.738347,19.360335,ok
EES0423382__X21__Y0C__P021.jpg,0.794659,18.745646,ok
EES0423382__X24__Y0C__P022.jpg,0.663408,17.704921,ok
EES0423382__X27__Y0C__P023.jpg,0.811072,19.990160,ok
EES0423382__X2D__Y0C__P024.jpg,0.955858,23.445975,ok
EES0423382__X42__Y24__P025.jpg,0.953964,26.184857,ok
EES0423383__X42__Y27__P001.jpg,0.884924,21.777578,ok
EES0423383__X42__Y2A__P002.jpg,0.827987,19.631225,ok
EES0423383__X42__Y2D__P003.jpg,0.773992,19.480679,ok
EES0423383__X42__Y30__P004.jpg,0.901894,21.986726,ok
EES0423383__X42__Y33__P005.jpg,0.925346,24.521047,ok
EES0423383__X42__Y36__P006.jpg,0.952853,23.916090,ok
EES0423383__X03__Y1E__P007.jpg,0.801231,18.556464,ok
EES0423383__X06__Y15__P008.jpg,0.915668,23.351571,ok
EES0423383__X15__Y21__P009.jpg,0.935897,25.866684,ok
EES0423383__X18__Y21__P010.jpg,0.934388,25.379820,ok
EES0423383__X18__Y27__P011.jpg,0.941870,26.873021,ok
EES0423383__X18__Y3C__P012.jpg,0.947071,28.081345,ok
EES0423383__X1B__Y27__P013.jpg,0.944097,27.094642,ok
EES0423383__X1E__Y1E__P014.jpg,0.927995,23.957716,ok
EES0423383__X1E__Y2A__P015.jpg,0.926371,25.546596,ok
EES0423383__X21__Y2A__P016.jpg,0.912930,25.357135,ok
EES0423383__X24__Y3F__P017.jpg,0.903732,23.691841,ok
EES0423383__X2A__Y1E__P018.jpg,0.925502,24.410965,ok
EES0423383__X33__Y39__P019.jpg,0.911537,22.499393,ok
EES0423383__X36__Y21__P020.jpg,0.931172,26.117293,ok
EES0423383__X36__Y27__P021.jpg,0.914427,25.271583,ok
EES0423383__X36__Y39__P022.jpg,0.814963,18.807426,ok
EES0423383__X39__Y36__P023.jpg,0.908887,21.991802,ok
EES0423383__X39__Y39__P024.jpg,0.924475,22.839323,ok
EES0423383__X3F__Y21__P025.jpg,0.920104,24.001177,ok
EES0423384__X3F__Y2A__P001.jpg,0.931205,23.442261,ok
EES0423384__X42__Y21__P002.jpg,0.900883,22.570221,ok
EES0423384__X1B__Y09__P003.jpg,0.916805,22.207442,ok
EES0423384__X21__Y09__P004.jpg,0.859443,20.672980,ok
EES0423384__X21__Y0C__P005.jpg,0.668846,17.949407,ok
EES0423384__X21__Y0F__P006.jpg,0.748499,18.631522,ok
EES0423384__X21__Y45__P007.jpg,0.831075,19.251009,ok
EES0423384__X24__Y09__P008.jpg,0.932453,22.762167,ok
EES0423384__X24__Y45__P009.jpg,0.815944,18.906441,ok
EES0423384__X30__Y0C__P010.jpg,0.955574,23.157596,ok
EES0423384__X06__Y33__P011.jpg,0.894878,22.585238,ok
EES0423384__X06__Y36__P012.jpg,0.910570,23.900993,ok
EES0423384__X0F__Y45__P013.jpg,0.903975,24.656995,ok
EES0423384__X21__Y0C__P014.jpg,0.796680,20.642747,ok
EES0423384__X24__Y0C__P015.jpg,0.772042,19.708603,ok
EES0423384__X42__Y27__P016.jpg,0.931998,24.400569,ok
EES0423384__X42__Y36__P017.jpg,0.917983,24.636048,ok
EES0423384__X42__Y39__P018.jpg,0.896432,25.193950,ok
EES0423384__X09__Y30__P019.jpg,0.815326,19.899865,ok
EES0423384__X0C__Y30__P020.jpg,0.883504,21.258226,ok
EES0423384__X0C__Y33__P021.jpg,0.886100,21.806938,ok
EES0423384__X0C__Y36__P022.jpg,0.924276,22.982068,ok
EES0423384__X0F__Y33__P023.jpg,0.899835,21.866194,ok
EES0423384__X18__Y3F__P024.jpg,0.823867,20.529308,ok
EES0423384__X21__Y3F__P025.jpg,0.876071,20.989114,ok
EES0423385__X21__Y42__P001.jpg,0.942706,22.673761,ok
EES0423385__X24__Y45__P002.jpg,0.857797,20.621634,ok
EES0423385__X27__Y45__P003.jpg,0.902181,21.635708,ok
EES0423385__X2A__Y42__P004.jpg,0.779468,20.305260,ok
EES0423385__X2A__Y45__P005.jpg,0.864453,20.359690,ok
EES0423385__X2D__Y42__P006.jpg,0.764373,19.257586,ok
EES0423385__X2D__Y45__P007.jpg,0.898342,21.615636,ok
EES0423385__X30__Y06__P008.jpg,0.890687,22.585300,ok
EES0423385__X30__Y42__P009.jpg,0.939842,26.631758,ok
EES0423385__X30__Y45__P010.jpg,0.869760,20.702090,ok
EES0423385__X3C__Y30__P011.jpg,0.803120,19.536591,ok
EES0423385__X06__Y1B__P012.jpg,0.928886,23.286078,ok
EES0423385__X06__Y1E__P013.jpg,0.792596,19.317817,ok
EES0423385__X2A__Y09__P014.jpg,0.552295,17.632647,ok
EES0423385__X2D__Y09__P015.jpg,0.628247,18.435662,ok
EES0423385__X30__Y09__P016.jpg,0.910574,22.233144,ok
EES0423385__X45__Y1B__P017.jpg,0.948267,27.342777,ok
EES0423385__X45__Y1E__P018.jpg,0.708603,17.933857,ok
EES0423385__X48__Y1B__P019.jpg,0.890961,21.649522,ok
EES0423385__X48__Y1E__P020.jpg,0.935241,27.305153,ok
EES0423385__X06__Y24__P021.jpg,0.790192,17.758438,ok
EES0423385__X06__Y27__P022.jpg,0.721487,18.153909,ok
EES0423385__X06__Y2A__P023.jpg,0.487777,16.304720,ok
EES0423385__X06__Y2D__P024.jpg,0.703234,17.197631,ok
EES0423385__X0C__Y27__P025.jpg,0.638563,17.750703,ok
EES0423386__X2D__Y03__P001.jpg,0.912967,34.930339,ok
EES0423386__X39__Y3C__P002.jpg,0.791444,21.137680,ok
EES0423386__X42__Y0F__P003.jpg,0.880209,25.316119,ok
EES0423386__X45__Y30__P004.jpg,0.820362,22.420540,ok
EES0423386__X48__Y1E__P005.jpg,0.917078,38.858453,ok
EES0423386__X48__Y21__P006.jpg,0.847363,23.598268,ok
EES0423386__X48__Y24__P007.jpg,0.912128,33.309120,ok
EES0423386__X0C__Y1B__P008.jpg,0.903257,31.098951,ok
EES0423386__X0C__Y1E__P009.jpg,0.878516,26.271816,ok
EES0423386__X0C__Y21__P010.jpg,0.891307,27.179088,ok
EES0423386__X0C__Y24__P011.jpg,0.787559,20.770380,ok
EES0423386__X0F__Y12__P012.jpg,0.890050,31.199380,ok
EES0423386__X0F__Y30__P013.jpg,0.814230,22.332572,ok
EES0423386__X18__Y09__P014.jpg,0.849363,24.967546,ok
EES0423386__X1E__Y06__P015.jpg,0.775811,24.348002,ok
EES0423386__X24__Y03__P016.jpg,0.909117,38.136181,ok
EES0423386__X27__Y03__P017.jpg,0.804534,21.744516,ok
EES0423386__X2A__Y03__P018.jpg,0.879615,31.601268,ok
EES0423386__X30__Y3C__P019.jpg,0.792130,20.485724,ok
EES0423386__X33__Y3C__P020.jpg,0.801903,21.428930,ok
EES0423386__X3F__Y0F__P021.jpg,0.748149,20.311943,ok
EES0423386__X45__Y1B__P022.jpg,0.790325,20.092369,ok
EES0423386__X45__Y2A__P023.jpg,0.894523,29.914978,ok
EES0423386__X12__Y30__P024.jpg,0.642743,17.249985,ok
EES0423386__X15__Y27__P025.jpg,0.743109,20.542821,ok
EES0423387__X3C__Y0C__P001.jpg,0.861094,26.128429,ok
EES0423387__X06__Y1B__P002.jpg,0.923105,39.745665,ok
EES0423387__X06__Y1E__P003.jpg,0.723440,19.744770,ok
EES0423387__X06__Y21__P004.jpg,0.874408,21.883871,ok
EES0423387__X06__Y27__P005.jpg,0.783048,20.683071,ok
EES0423387__X06__Y2A__P006.jpg,0.847177,22.723046,ok
EES0423387__X09__Y15__P007.jpg,0.897329,26.192853,ok
EES0423387__X09__Y18__P008.jpg,0.912640,33.917454,ok
EES0423387__X09__Y30__P009.jpg,0.880937,24.714978,ok
EES0423387__X0C__Y12__P010.jpg,0.833565,24.500170,ok
EES0423387__X0F__Y39__P011.jpg,0.759700,19.251920,ok
EES0423387__X12__Y0C__P012.jpg,0.750282,18.793749,ok
EES0423387__X12__Y3C__P013.jpg,0.826004,21.441099,ok
EES0423387__X15__Y09__P014.jpg,0.828881,22.668548,ok
EES0423387__X18__Y09__P015.jpg,0.750351,19.768592,ok
EES0423387__X1B__Y42__P016.jpg,0.903432,28.330218,ok
EES0423387__X1E__Y06__P017.jpg,0.742006,19.362028,ok
EES0423387__X1E__Y42__P018.jpg,0.761120,21.251697,ok
EES0423387__X24__Y06__P019.jpg,0.756593,21.349322,ok
EES0423387__X27__Y06__P020.jpg,0.675862,18.260533,ok
EES0423387__X2A__Y06__P021.jpg,0.760695,20.011699,ok
EES0423387__X2D__Y06__P022.jpg,0.756260,20.177698,ok
EES0423387__X2D__Y42__P023.jpg,0.894403,28.630286,ok
EES0423387__X30__Y06__P024.jpg,0.774080,19.918490,ok
EES0423387__X30__Y42__P025.jpg,0.799589,20.100547,ok
EES0423388__X33__Y09__P001.jpg,0.850715,24.437032,ok
EES0423388__X36__Y09__P002.jpg,0.888840,25.628505,ok
EES0423388__X36__Y0C__P003.jpg,0.800080,20.542515,ok
EES0423388__X36__Y3C__P004.jpg,0.898779,27.156100,ok
EES0423388__X39__Y0C__P005.jpg,0.824546,20.650789,ok
EES0423388__X39__Y0F__P006.jpg,0.733236,18.261020,ok
EES0423388__X3C__Y0F__P007.jpg,0.703516,15.759422,ok
EES0423388__X3C__Y12__P008.jpg,0.799253,19.723325,ok
EES0423388__X3C__Y36__P009.jpg,0.881404,25.885758,ok
EES0423388__X3C__Y39__P010.jpg,0.806836,19.960768,ok
EES0423388__X3F__Y12__P011.jpg,0.800137,21.263854,ok
EES0423388__X3F__Y15__P012.jpg,0.868605,25.921565,ok
EES0423388__X3F__Y30__P013.jpg,0.877523,29.883279,ok
EES0423388__X3F__Y33__P014.jpg,0.907458,37.606055,ok
EES0423388__X3F__Y36__P015.jpg,0.740674,18.927230,ok
EES0423388__X42__Y18__P016.jpg,0.809612,19.688202,ok
EES0423388__X42__Y1B__P017.jpg,0.681114,15.837599,ok
EES0423388__X42__Y27__P018.jpg,0.869511,22.395304,ok
EES0423388__X42__Y2A__P019.jpg,0.682467,17.412496,ok
EES0423388__X42__Y30__P020.jpg,0.729463,17.914021,ok
EES0423388__X42__Y33__P021.jpg,0.654061,17.872285,ok
EES0423388__X45__Y1B__P022.jpg,0.903329,28.348010,ok
EES0423388__X45__Y1E__P023.jpg,0.746973,18.905167,ok
EES0423388__X45__Y21__P024.jpg,0.822763,19.480853,ok
EES0423388__X45__Y24__P025.jpg,0.806978,21.123527,ok
EES0423389__X09__Y21__P001.jpg,0.904756,21.634362,ok
EES0423389__X09__Y24__P002.jpg,0.933977,26.602016,ok
EES0423389__X0C__Y12__P003.jpg,0.931789,21.486139,ok
EES0423389__X0C__Y15__P004.jpg,0.805130,18.723346,ok
EES0423389__X0C__Y1B__P005.jpg,0.725570,18.189431,ok
EES0423389__X0C__Y21__P006.jpg,0.699659,17.372030,ok
EES0423389__X0C__Y24__P007.jpg,0.728546,17.989953,ok
EES0423389__X0F__Y27__P008.jpg,0.591436,17.496687,ok
EES0423389__X0F__Y2A__P009.jpg,0.641223,17.190890,ok
EES0423389__X0F__Y2D__P010.jpg,0.814623,19.939640,ok
EES0423389__X0F__Y30__P011.jpg,0.890769,21.919132,ok
EES0423389__X15__Y39__P012.jpg,0.891968,21.326653,ok
EES0423389__X18__Y06__P013.jpg,0.902876,22.227289,ok
EES0423389__X18__Y39__P014.jpg,0.584321,16.550375,ok
EES0423389__X18__Y3C__P015.jpg,0.926529,22.819008,ok
EES0423389__X1B__Y39__P016.jpg,0.739359,18.417597,ok
EES0423389__X21__Y03__P017.jpg,0.871207,20.930970,ok
EES0423389__X24__Y03__P018.jpg,0.841386,20.799034,ok
EES0423389__X27__Y03__P019.jpg,0.762318,17.942507,ok
EES0423389__X27__Y3F__P020.jpg,0.820739,19.057055,ok
EES0423389__X2A__Y03__P021.jpg,0.856840,21.693628,ok
EES0423389__X2A__Y3C__P022.jpg,0.590050,16.601695,ok
EES0423389__X2D__Y3F__P023.jpg,0.916028,21.533771,ok
EES0423389__X45__Y2A__P024.jpg,0.773949,18.229252,ok
EES0423389__X12__Y36__P025.jpg,0.713222,17.764173,ok
EES0423390__X27__Y06__P001.jpg,0.865528,20.712232,ok
EES0423390__X27__Y3C__P002.jpg,0.724234,18.190598,ok
EES0423390__X2A__Y3C__P003.jpg,0.740577,17.346859,ok
EES0423390__X2D__Y3C__P004.jpg,0.735673,17.362752,ok
EES0423390__X30__Y3C__P005.jpg,0.680899,17.873123,ok
EES0423390__X33__Y3C__P006.jpg,0.543982,16.675528,ok
EES0423390__X36__Y3C__P007.jpg,0.619327,16.875471,ok
EES0423390__X42__Y18__P008.jpg,0.901831,21.421600,ok
EES0423390__X42__Y2D__P009.jpg,0.664225,16.167397,ok
EES0423390__X42__Y30__P010.jpg,0.929103,22.759799,ok
EES0423390__X0C__Y1E__P011.jpg,0.793044,18.069755,ok
EES0423390__X0C__Y21__P012.jpg,0.832011,19.554137,ok
EES0423390__X0C__Y24__P013.jpg,0.840255,19.012653,ok
EES0423390__X0F__Y1E__P014.jpg,0.839364,19.796787,ok
EES0423390__X18__Y12__P015.jpg,0.855050,20.519044,ok
EES0423390__X1B__Y0F__P016.jpg,0.868717,20.575904,ok
EES0423390__X21__Y0C__P017.jpg,0.797180,18.307249,ok
EES0423390__X2A__Y09__P018.jpg,0.628912,16.413423,ok
EES0423390__X30__Y09__P019.jpg,0.936285,25.353610,ok
EES0423390__X36__Y42__P020.jpg,0.927428,23.582285,ok
EES0423390__X09__Y30__P021.jpg,0.924003,25.548964,ok
EES0423390__X0C__Y1B__P022.jpg,0.922078,26.004081,ok
EES0423390__X0C__Y30__P023.jpg,0.932581,25.945606,ok
EES0423390__X12__Y0F__P024.jpg,0.900437,22.382489,ok
EES0423390__X12__Y39__P025.jpg,0.897150,22.205063,ok
EES0423391__X15__Y3C__P001.jpg,0.882280,22.071333,ok
EES0423391__X1B__Y09__P002.jpg,0.908471,25.937881,ok
EES0423391__X1E__Y09__P003.jpg,0.625490,16.911534,ok
EES0423391__X21__Y42__P004.jpg,0.784398,19.183664,ok
EES0423391__X24__Y42__P005.jpg,0.825507,20.950182,ok
EES0423391__X27__Y42__P006.jpg,0.883656,20.980786,ok
EES0423391__X2A__Y42__P007.jpg,0.828512,21.092975,ok
EES0423391__X33__Y09__P008.jpg,0.713712,18.288066,ok
EES0423391__X36__Y09__P009.jpg,0.947212,23.656002,ok
EES0423391__X39__Y0C__P010.jpg,0.893214,21.780831,ok
EES0423391__X39__Y42__P011.jpg,0.886589,21.271037,ok
EES0423391__X3C__Y0C__P012.jpg,0.933518,27.269805,ok
EES0423391__X42__Y36__P013.jpg,0.878467,20.276824,ok
EES0423391__X45__Y36__P014.jpg,0.902710,21.137870,ok
EES0423391__X09__Y1B__P015.jpg,0.723330,18.069934,ok
EES0423391__X09__Y21__P016.jpg,0.780592,19.239581,ok
EES0423391__X09__Y24__P017.jpg,0.671390,16.647741,ok
EES0423391__X09__Y27__P018.jpg,0.769789,18.111039,ok
EES0423391__X09__Y2A__P019.jpg,0.822743,20.101346,ok
EES0423391__X09__Y2D__P020.jpg,0.932844,23.898634,ok
EES0423391__X0C__Y1E__P021.jpg,0.655733,17.231405,ok
EES0423391__X0C__Y24__P022.jpg,0.715168,16.852682,ok
EES0423391__X0C__Y30__P023.jpg,0.797453,18.651428,ok
EES0423391__X0F__Y36__P024.jpg,0.903997,22.379596,ok
EES0423391__X12__Y36__P025.jpg,0.716595,18.389855,ok
EES0423392__X12__Y39__P001.jpg,0.919088,22.079326,ok
EES0423392__X18__Y06__P002.jpg,0.871056,21.066692,ok
EES0423392__X1B__Y06__P003.jpg,0.721723,17.847373,ok
EES0423392__X1E__Y3F__P004.jpg,0.922954,23.416288,ok
EES0423392__X21__Y3F__P005.jpg,0.712974,18.054971,ok
EES0423392__X2D__Y06__P006.jpg,0.934547,24.281948,ok
EES0423392__X2D__Y3F__P007.jpg,0.942148,22.792485,ok
EES0423392__X30__Y06__P008.jpg,0.855220,20.571991,ok
EES0423392__X21__Y15__P009.jpg,0.870008,21.007853,ok
EES0423392__X30__Y30__P010.jpg,0.778048,17.099802,ok
EES0423392__X33__Y18__P011.jpg,0.705320,15.046867,ok
EES0423392__X33__Y21__P012.jpg,0.769831,16.340768,ok
EES0423392__X36__Y18__P013.jpg,0.802459,18.149584,ok
EES0423392__X36__Y1B__P014.jpg,0.773273,16.101937,ok
EES0423392__X12__Y39__P015.jpg,0.751335,17.478762,ok
EES0423392__X1B__Y03__P016.jpg,0.752899,17.666322,ok
EES0423392__X21__Y3F__P017.jpg,0.927975,22.759385,ok
EES0423392__X24__Y3F__P018.jpg,0.832114,19.092989,ok
EES0423392__X27__Y3F__P019.jpg,0.853769,19.752363,ok
EES0423392__X2A__Y3F__P020.jpg,0.929123,22.556385,ok
EES0423392__X2D__Y3F__P021.jpg,0.921959,22.161105,ok
EES0423392__X0C__Y1B__P022.jpg,0.757737,16.548626,ok
EES0423392__X24__Y09__P023.jpg,0.634538,16.890886,ok
EES0423392__X27__Y09__P024.jpg,0.454044,14.846606,ok
EES0423392__X36__Y0C__P025.jpg,0.658112,16.072852,ok
EES0423393__X03__Y2D__P001.jpg,0.915203,20.601939,ok
EES0423393__X3F__Y36__P002.jpg,0.940710,23.009729,ok
EES0423393__X1B__Y30__P003.jpg,0.706158,18.299560,ok
EES0423393__X1E__Y27__P004.jpg,0.677323,18.142683,ok
EES0423393__X1E__Y2A__P005.jpg,0.884352,20.794138,ok
EES0423393__X33__Y36__P006.jpg,0.695489,17.842259,ok
EES0423393__X33__Y3C__P007.jpg,0.946917,23.503561,ok
EES0423393__X0F__Y06__P008.jpg,0.923499,23.591698,ok
EES0423393__X3F__Y1E__P009.jpg,0.953524,24.109049,ok
EES0423393__X03__Y1E__P010.jpg,0.950856,23.437657,ok
EES0423393__X03__Y21__P011.jpg,0.952405,24.070042,ok
EES0423393__X03__Y27__P012.jpg,0.957311,23.919197,ok
EES0423393__X03__Y30__P013.jpg,0.930461,25.963767,ok
EES0423393__X03__Y42__P014.jpg,0.903313,21.725302,ok
EES0423393__X06__Y30__P015.jpg,0.951497,24.062906,ok
EES0423393__X06__Y33__P016.jpg,0.955969,23.714980,ok
EES0423393__X15__Y0F__P017.jpg,0.875842,20.970503,ok
EES0423393__X39__Y06__P018.jpg,0.930800,24.420558,ok
EES0423393__X3C__Y06__P019.jpg,0.947434,24.140585,ok
EES0423393__X3C__Y36__P020.jpg,0.953519,23.989949,ok
EES0423393__X45__Y06__P021.jpg,0.895984,16.385966,ok
EES0423393__X45__Y18__P022.jpg,0.954767,23.722413,ok
EES0423393__X12__Y21__P023.jpg,0.823061,20.012615,ok
EES0423393__X1E__Y24__P024.jpg,0.754647,19.535732,ok
EES0423393__X30__Y30__P025.jpg,0.756875,18.766611,ok
EES0423394__X06__Y0F__P001.jpg,0.940486,24.169627,ok
EES0423394__X2D__Y42__P002.jpg,0.916913,22.749286,ok
EES0423394__X30__Y42__P003.jpg,0.941043,24.156211,ok
EES0423394__X33__Y3F__P004.jpg,0.936013,23.003109,ok
EES0423394__X33__Y42__P005.jpg,0.945566,23.992464,ok
EES0423394__X36__Y3F__P006.jpg,0.941462,26.074775,ok
EES0423394__X3F__Y15__P007.jpg,0.939135,23.126809,ok
EES0423394__X3F__Y33__P008.jpg,0.944189,23.751150,ok
EES0423394__X3F__Y39__P009.jpg,0.952265,23.839745,ok
EES0423394__X3C__Y2D__P010.jpg,0.894689,22.865164,ok
EES0423394__X30__Y06__P011.jpg,0.928242,22.812337,ok
EES0423394__X03__Y24__P012.jpg,0.943342,23.172108,ok
EES0423394__X03__Y27__P013.jpg,0.949514,24.150933,ok
EES0423394__X06__Y2A__P014.jpg,0.950449,24.608896,ok
EES0423394__X15__Y3C__P015.jpg,0.857776,21.989527,ok
EES0423394__X18__Y3C__P016.jpg,0.954149,24.264496,ok
EES0423394__X27__Y03__P017.jpg,0.902005,20.947063,ok
EES0423394__X3C__Y15__P018.jpg,0.941128,22.947253,ok
EES0423394__X03__Y18__P019.jpg,0.948315,24.117614,ok
EES0423394__X03__Y1E__P020.jpg,0.912984,22.643562,ok
EES0423394__X0F__Y03__P021.jpg,0.942787,23.596803,ok
EES0423394__X15__Y39__P022.jpg,0.925113,22.539672,ok
EES0423394__X15__Y3C__P023.jpg,0.922853,22.683708,ok
EES0423394__X2A__Y3C__P024.jpg,0.952573,23.699512,ok
EES0423394__X30__Y06__P025.jpg,0.948394,23.695622,ok
EES0423395__X1B__Y06__P001.jpg,0.955052,26.172425,ok
EES0423395__X36__Y09__P002.jpg,0.951379,23.628523,ok
EES0423395__X3F__Y15__P003.jpg,0.894357,24.814419,ok
EES0423395__X06__Y15__P004.jpg,0.947080,22.638299,ok
EES0423395__X06__Y1B__P005.jpg,0.945979,23.724298,ok
EES0423395__X06__Y21__P006.jpg,0.939998,23.413975,ok
EES0423395__X06__Y24__P007.jpg,0.923229,22.710672,ok
EES0423395__X06__Y27__P008.jpg,0.937703,22.172933,ok
EES0423395__X09__Y15__P009.jpg,0.950235,23.568085,ok
EES0423395__X09__Y18__P010.jpg,0.939518,23.320847,ok
EES0423395__X12__Y09__P011.jpg,0.890655,21.497393,ok
EES0423395__X21__Y3F__P012.jpg,0.934379,22.992074,ok
EES0423395__X3F__Y18__P013.jpg,0.911436,21.548198,ok
EES0423395__X03__Y18__P014.jpg,0.895426,20.919459,ok
EES0423395__X03__Y1B__P015.jpg,0.955410,23.733553,ok
EES0423395__X03__Y21__P016.jpg,0.956919,24.068399,ok
EES0423395__X03__Y24__P017.jpg,0.954036,23.526836,ok
EES0423395__X18__Y03__P018.jpg,0.932927,23.523523,ok
EES0423395__X30__Y03__P019.jpg,0.895200,21.407749,ok
EES0423395__X33__Y03__P020.jpg,0.952774,23.863558,ok
EES0423395__X3F__Y2D__P021.jpg,0.887159,21.106957,ok
EES0423395__X03__Y1E__P022.jpg,0.954183,23.926184,ok
EES0423395__X06__Y2D__P023.jpg,0.955443,25.524535,ok
EES0423395__X0F__Y3C__P024.jpg,0.939482,22.544310,ok
EES0423395__X15__Y0C__P025.jpg,0.891717,22.342468,ok
EES0423396__X12__Y09__P001.jpg,0.861513,20.797099,ok
EES0423396__X12__Y39__P002.jpg,0.593032,18.363884,ok
EES0423396__X15__Y06__P003.jpg,0.910801,23.639473,ok
EES0423396__X15__Y09__P004.jpg,0.939371,25.333305,ok
EES0423396__X15__Y3C__P005.jpg,0.677999,18.457308,ok
EES0423396__X15__Y3F__P006.jpg,0.889757,23.871076,ok
EES0423396__X18__Y06__P007.jpg,0.866533,20.771046,ok
EES0423396__X1B__Y3F__P008.jpg,0.701250,17.533993,ok
EES0423396__X1E__Y06__P009.jpg,0.947457,29.318835,ok
EES0423396__X21__Y06__P010.jpg,0.930171,23.571101,ok
EES0423396__X21__Y42__P011.jpg,0.660971,18.457747,ok
EES0423396__X24__Y06__P012.jpg,0.862500,21.361988,ok
EES0423396__X24__Y42__P013.jpg,0.721047,18.863316,ok
EES0423396__X27__Y06__P014.jpg,0.930532,24.019740,ok
EES0423396__X2A__Y06__P015.jpg,0.889435,20.615056,ok
EES0423396__X2D__Y06__P016.jpg,0.950647,25.483482,ok
EES0423396__X30__Y09__P017.jpg,0.851899,20.008773,ok
EES0423396__X33__Y09__P018.jpg,0.916243,23.801081,ok
EES0423396__X39__Y0F__P019.jpg,0.930543,24.822375,ok
EES0423396__X3C__Y12__P020.jpg,0.919672,25.686347,ok
EES0423396__X3C__Y39__P021.jpg,0.812443,20.114237,ok
EES0423396__X3F__Y15__P022.jpg,0.906178,23.378381,ok
EES0423396__X3F__Y18__P023.jpg,0.933147,27.430295,ok
EES0423396__X3F__Y30__P024.jpg,0.936147,27.000863,ok
EES0423396__X3F__Y33__P025.jpg,0.891999,21.550878,ok
EES0423397__X2D__Y06__P001.jpg,0.960351,28.443030,ok
EES0423397__X3C__Y0C__P002.jpg,0.943863,26.839745,ok
EES0423397__X0C__Y24__P003.jpg,0.926217,24.344930,ok
EES0423397__X0C__Y27__P004.jpg,0.925322,24.953912,ok
EES0423397__X18__Y09__P005.jpg,0.947465,24.315398,ok
EES0423397__X2A__Y06__P006.jpg,0.891235,23.476030,ok
EES0423397__X36__Y12__P007.jpg,0.933973,24.847692,ok
EES0423397__X03__Y18__P008.jpg,0.949313,26.698959,ok
EES0423397__X03__Y1B__P009.jpg,0.885372,23.303722,ok
EES0423397__X03__Y1E__P010.jpg,0.897455,22.458190,ok
EES0423397__X03__Y21__P011.jpg,0.887161,23.208074,ok
EES0423397__X03__Y24__P012.jpg,0.894349,23.255712,ok
EES0423397__X03__Y27__P013.jpg,0.956249,25.845113,ok
EES0423397__X06__Y12__P014.jpg,0.916322,23.598118,ok
EES0423397__X06__Y15__P015.jpg,0.946101,25.900441,ok
EES0423397__X12__Y06__P016.jpg,0.949080,26.122230,ok
EES0423397__X18__Y03__P017.jpg,0.955062,26.774372,ok
EES0423397__X1B__Y03__P018.jpg,0.851611,21.712963,ok
EES0423397__X1E__Y03__P019.jpg,0.928288,24.156791,ok
EES0423397__X21__Y03__P020.jpg,0.876182,23.480714,ok
EES0423397__X30__Y03__P021.jpg,0.954383,26.497329,ok
EES0423397__X33__Y06__P022.jpg,0.930432,24.674804,ok
EES0423397__X39__Y09__P023.jpg,0.954741,27.542155,ok
EES0423397__X3C__Y06__P024.jpg,0.951259,25.795498,ok
EES0423397__X3F__Y0C__P025.jpg,0.955659,26.639941,ok
EES0423398__X3F__Y15__P001.jpg,0.925326,23.846700,ok
EES0423398__X42__Y1B__P002.jpg,0.925701,25.669204,ok
EES0423398__X42__Y1E__P003.jpg,0.935456,24.264488,ok
EES0423398__X42__Y27__P004.jpg,0.929605,25.355675,ok
EES0423398__X42__Y2A__P005.jpg,0.931361,24.300342,ok
EES0423398__X45__Y24__P006.jpg,0.935035,25.658958,ok
EES0423398__X03__Y15__P007.jpg,0.936441,24.553246,ok
EES0423398__X03__Y18__P008.jpg,0.886701,22.375598,ok
EES0423398__X03__Y1B__P009.jpg,0.920422,24.848335,ok
EES0423398__X03__Y1E__P010.jpg,0.783420,18.565785,ok
EES0423398__X03__Y21__P011.jpg,0.891529,22.882518,ok
EES0423398__X03__Y24__P012.jpg,0.896047,22.022852,ok
EES0423398__X03__Y2D__P013.jpg,0.911560,24.574413,ok
EES0423398__X06__Y0F__P014.jpg,0.880482,21.559134,ok
EES0423398__X06__Y2D__P015.jpg,0.903917,22.959175,ok
EES0423398__X0C__Y36__P016.jpg,0.920323,25.071828,ok
EES0423398__X0F__Y39__P017.jpg,0.917606,25.804438,ok
EES0423398__X0F__Y3F__P018.jpg,0.902751,23.058952,ok
EES0423398__X12__Y3C__P019.jpg,0.928776,25.556975,ok
EES0423398__X15__Y3C__P020.jpg,0.708166,18.800853,ok
EES0423398__X15__Y3F__P021.jpg,0.933092,25.555497,ok
EES0423398__X18__Y3F__P022.jpg,0.888766,24.351212,ok
EES0423398__X21__Y3C__P023.jpg,0.653360,16.683640,ok
EES0423398__X2A__Y3C__P024.jpg,0.929189,26.600234,ok
EES0423398__X2D__Y3C__P025.jpg,0.953654,26.447212,ok
EES0423399__X30__Y03__P001.jpg,0.925990,24.790038,ok
EES0423399__X30__Y39__P002.jpg,0.861931,22.694663,ok
EES0423399__X36__Y06__P003.jpg,0.918824,24.319059,ok
EES0423399__X3C__Y0C__P004.jpg,0.948333,26.458610,ok
EES0423399__X3C__Y30__P005.jpg,0.948056,29.372184,ok
EES0423399__X3C__Y33__P006.jpg,0.952535,26.293316,ok
EES0423399__X3F__Y12__P007.jpg,0.906480,23.316339,ok
EES0423399__X3F__Y27__P008.jpg,0.807868,18.723602,ok
EES0423399__X3F__Y2A__P009.jpg,0.919376,24.963140,ok
EES0423399__X42__Y24__P010.jpg,0.959649,28.003225,ok
EES0423399__X06__Y1E__P011.jpg,0.954587,25.573259,ok
EES0423399__X0C__Y0F__P012.jpg,0.944337,24.272717,ok
EES0423399__X1E__Y0C__P013.jpg,0.901168,23.384608,ok
EES0423399__X2A__Y0C__P014.jpg,0.896609,22.784123,ok
EES0423399__X2A__Y0F__P015.jpg,0.916506,22.598270,ok
EES0423399__X3F__Y1E__P016.jpg,0.889477,22.141180,ok
EES0423399__X3F__Y24__P017.jpg,0.895844,23.540122,ok
EES0423399__X3F__Y27__P018.jpg,0.911675,24.891857,ok
EES0423399__X06__Y15__P019.jpg,0.819320,19.220160,ok
EES0423399__X12__Y06__P020.jpg,0.938897,24.590138,ok
EES0423399__X2D__Y33__P021.jpg,0.892067,19.820454,ok
EES0423399__X33__Y33__P022.jpg,0.904248,22.505984,ok
EES0423399__X36__Y24__P023.jpg,0.873321,20.282804,ok
EES0423399__X39__Y21__P024.jpg,0.869089,21.446785,ok
EES0423399__X06__Y1B__P025.jpg,0.953895,26.395285,ok
EES0423400__X3C__Y21__P001.jpg,0.808436,20.129750,ok
EES0423400__X18__Y3F__P002.jpg,0.934649,26.446531,ok
EES0423400__X33__Y30__P003.jpg,0.853231,21.415665,ok
EES0423400__X3C__Y1B__P004.jpg,0.880416,21.959264,ok
EES0423400__X21__Y06__P005.jpg,0.831398,21.543220,ok
EES0423400__X24__Y06__P006.jpg,0.879320,22.371213,ok
EES0423400__X27__Y09__P007.jpg,0.888507,22.959354,ok
EES0423400__X27__Y0C__P008.jpg,0.907028,23.766127,ok
EES0423400__X2D__Y06__P009.jpg,0.894376,23.771040,ok
EES0423400__X2D__Y09__P010.jpg,0.791105,19.343764,ok
EES0423400__X30__Y09__P011.jpg,0.852612,20.911236,ok
EES0423400__X33__Y09__P012.jpg,0.950762,27.468493,ok
EES0423400__X36__Y06__P013.jpg,0.952307,27.135260,ok
EES0423400__X39__Y06__P014.jpg,0.954070,29.137461,ok
EES0423400__X03__Y1B__P015.jpg,0.813099,22.531462,ok
EES0423400__X03__Y2D__P016.jpg,0.952949,26.040238,ok
EES0423400__X06__Y0F__P017.jpg,0.902400,24.627715,ok
EES0423400__X06__Y12__P018.jpg,0.925276,25.245518,ok
EES0423400__X06__Y33__P019.jpg,0.954792,26.562755,ok
EES0423400__X06__Y3C__P020.jpg,0.956286,27.491958,ok
EES0423400__X09__Y0F__P021.jpg,0.919618,25.510396,ok
EES0423400__X09__Y39__P022.jpg,0.900387,22.491513,ok
EES0423400__X09__Y3C__P023.jpg,0.936008,25.311479,ok
EES0423400__X0F__Y09__P024.jpg,0.918762,27.421590,ok
EES0423400__X12__Y42__P025.jpg,0.910071,25.115726,ok
EES0423401__X18__Y06__P001.jpg,0.960811,28.507174,ok
EES0423401__X18__Y42__P002.jpg,0.891989,23.677387,ok
EES0423401__X18__Y45__P003.jpg,0.949274,31.218513,ok
EES0423401__X1B__Y06__P004.jpg,0.912828,25.449229,ok
EES0423401__X1B__Y45__P005.jpg,0.960431,28.430230,ok
EES0423401__X1E__Y45__P006.jpg,0.953656,28.346208,ok
EES0423401__X24__Y45__P007.jpg,0.958466,28.626679,ok
EES0423401__X30__Y3F__P008.jpg,0.957990,28.372119,ok
EES0423401__X33__Y3C__P009.jpg,0.946750,25.792521,ok
EES0423401__X36__Y36__P010.jpg,0.890199,26.231570,ok
EES0423401__X39__Y2D__P011.jpg,0.859546,23.066904,ok
EES0423401__X39__Y33__P012.jpg,0.831072,21.831564,ok
EES0423401__X39__Y36__P013.jpg,0.948208,26.581506,ok
EES0423401__X3C__Y2A__P014.jpg,0.942088,29.414164,ok
EES0423401__X3C__Y2D__P015.jpg,0.896845,24.971323,ok
EES0423401__X3C__Y30__P016.jpg,0.957174,27.813205,ok
EES0423401__X3F__Y21__P017.jpg,0.954616,28.285725,ok
EES0423401__X03__Y21__P018.jpg,0.806736,20.285773,ok
EES0423401__X09__Y0F__P019.jpg,0.921955,23.794671,ok
EES0423401__X0C__Y0C__P020.jpg,0.952015,27.214260,ok
EES0423401__X1B__Y06__P021.jpg,0.840204,20.973342,ok
EES0423401__X36__Y2D__P022.jpg,0.712582,16.982135,ok
EES0423401__X0C__Y1B__P023.jpg,0.851594,20.854422,ok
EES0423401__X18__Y0F__P024.jpg,0.812917,20.415204,ok
EES0423401__X1E__Y09__P025.jpg,0.839309,21.149515,ok
EES0423402__X18__Y09__P001.jpg,0.864649,21.403988,ok
EES0423402__X1B__Y09__P002.jpg,0.905849,24.730958,ok
EES0423402__X21__Y09__P003.jpg,0.823395,20.313204,ok
EES0423402__X2A__Y09__P004.jpg,0.850884,20.738884,ok
EES0423402__X2A__Y42__P005.jpg,0.946585,27.255239,ok
EES0423402__X33__Y3F__P006.jpg,0.944426,27.710049,ok
EES0423402__X39__Y12__P007.jpg,0.885599,23.268000,ok
EES0423402__X3C__Y15__P008.jpg,0.882862,22.517515,ok
EES0423402__X3F__Y12__P009.jpg,0.940251,27.544917,ok
EES0423402__X42__Y15__P010.jpg,0.939243,27.085950,ok
EES0423402__X45__Y1B__P011.jpg,0.957513,38.072928,ok
EES0423402__X45__Y27__P012.jpg,0.890865,24.052136,ok
EES0423402__X45__Y2A__P013.jpg,0.939691,27.918338,ok
EES0423402__X45__Y2D__P014.jpg,0.919803,25.946631,ok
EES0423402__X2D__Y06__P015.jpg,0.957516,27.532324,ok
EES0423402__X03__Y0C__P016.jpg,0.805615,18.436527,ok
EES0423402__X03__Y0F__P017.jpg,0.890700,21.026043,ok
EES0423402__X03__Y12__P018.jpg,0.910472,24.199682,ok
EES0423402__X06__Y09__P019.jpg,0.890823,22.180424,ok
EES0423402__X06__Y1E__P020.jpg,0.932661,24.151932,ok
EES0423402__X06__Y24__P021.jpg,0.914718,24.088155,ok
EES0423402__X06__Y2A__P022.jpg,0.956725,27.592198,ok
EES0423402__X06__Y3C__P023.jpg,0.922579,24.396757,ok
EES0423402__X09__Y12__P024.jpg,0.904603,23.031173,ok
EES0423402__X09__Y15__P025.jpg,0.870884,20.956978,ok
EES0423403__X0F__Y15__P001.jpg,0.888009,23.718840,ok
EES0423403__X0F__Y1B__P002.jpg,0.927889,24.733729,ok
EES0423403__X0F__Y1E__P003.jpg,0.942488,24.828405,ok
EES0423403__X0F__Y21__P004.jpg,0.952304,25.743190,ok
EES0423403__X12__Y15__P005.jpg,0.859745,22.660120,ok
EES0423403__X12__Y18__P006.jpg,0.953740,26.066825,ok
EES0423403__X12__Y1B__P007.jpg,0.907175,25.038548,ok
EES0423403__X12__Y1E__P008.jpg,0.922116,24.888525,ok
EES0423403__X15__Y0F__P009.jpg,0.952736,26.332296,ok
EES0423403__X15__Y12__P010.jpg,0.916233,23.559543,ok
EES0423403__X15__Y15__P011.jpg,0.903893,24.463314,ok
EES0423403__X15__Y18__P012.jpg,0.943086,24.614842,ok
EES0423403__X15__Y1B__P013.jpg,0.899238,24.414123,ok
EES0423403__X15__Y1E__P014.jpg,0.913251,24.251018,ok
EES0423403__X15__Y21__P015.jpg,0.862924,21.731675,ok
EES0423403__X15__Y24__P016.jpg,0.925619,24.065678,ok
EES0423403__X18__Y0C__P017.jpg,0.946879,25.543171,ok
EES0423403__X18__Y0F__P018.jpg,0.950024,25.600738,ok
EES0423403__X18__Y12__P019.jpg,0.907703,24.245444,ok
EES0423403__X18__Y15__P020.jpg,0.925325,23.650163,ok
EES0423403__X18__Y18__P021.jpg,0.916632,23.590898,ok
EES0423403__X18__Y1B__P022.jpg,0.880248,22.591278,ok
EES0423403__X18__Y21__P023.jpg,0.846698,20.830517,ok
EES0423403__X1B__Y09__P024.jpg,0.914935,24.242654,ok
EES0423403__X1B__Y0C__P025.jpg,0.865343,22.458953,ok
EES0423404__X2D__Y06__P001.jpg,0.733191,19.392620,ok
EES0423404__X2D__Y09__P002.jpg,0.784351,19.929431,ok
EES0423404__X2D__Y3F__P003.jpg,0.711717,18.778930,ok
EES0423404__X2D__Y42__P004.jpg,0.924277,26.350066,ok
EES0423404__X30__Y06__P005.jpg,0.839636,22.921376,ok
EES0423404__X30__Y09__P006.jpg,0.756949,20.789314,ok
EES0423404__X36__Y09__P007.jpg,0.742662,18.949978,ok
EES0423404__X36__Y0C__P008.jpg,0.805527,21.213796,ok
EES0423404__X3C__Y0C__P009.jpg,0.903706,27.289159,ok
EES0423404__X3F__Y36__P010.jpg,0.858948,24.021917,ok
EES0423404__X42__Y15__P011.jpg,0.708613,19.255171,ok
EES0423404__X42__Y30__P012.jpg,0.636826,18.682987,ok
EES0423404__X0C__Y3C__P013.jpg,0.922586,26.981998,ok
EES0423404__X0C__Y3F__P014.jpg,0.853344,20.993291,ok
EES0423404__X12__Y3F__P015.jpg,0.921215,28.245535,ok
EES0423404__X30__Y3F__P016.jpg,0.908159,25.667966,ok
EES0423404__X39__Y39__P017.jpg,0.854582,23.184291,ok
EES0423404__X0F__Y1B__P018.jpg,0.930916,33.032777,ok
EES0423404__X12__Y1B__P019.jpg,0.803083,20.065484,ok
EES0423404__X12__Y2A__P020.jpg,0.879352,32.944558,ok
EES0423404__X15__Y0F__P021.jpg,0.920796,32.307469,ok
EES0423404__X15__Y21__P022.jpg,0.897807,26.155493,ok
EES0423404__X15__Y33__P023.jpg,0.894191,27.185669,ok
EES0423404__X18__Y1B__P024.jpg,0.778905,18.306042,ok
EES0423404__X18__Y1E__P025.jpg,0.865748,21.895605,ok
EES0423405__X18__Y27__P001.jpg,0.783208,18.559576,ok
EES0423405__X18__Y36__P002.jpg,0.858787,23.501001,ok
EES0423405__X1B__Y18__P003.jpg,0.821680,22.759283,ok
EES0423405__X1B__Y1B__P004.jpg,0.800309,20.531437,ok
EES0423405__X1E__Y1B__P005.jpg,0.809915,20.832960,ok
EES0423405__X21__Y18__P006.jpg,0.906183,27.508416,ok
EES0423405__X21__Y1B__P007.jpg,0.898375,25.732746,ok
EES0423405__X24__Y09__P008.jpg,0.814927,22.364732,ok
EES0423405__X24__Y0C__P009.jpg,0.832879,24.345599,ok
EES0423405__X24__Y12__P010.jpg,0.785680,20.973359,ok
EES0423405__X24__Y15__P011.jpg,0.856913,22.506376,ok
EES0423405__X27__Y09__P012.jpg,0.801549,21.698868,ok
EES0423405__X27__Y0C__P013.jpg,0.931149,34.825639,ok
EES0423405__X27__Y0F__P014.jpg,0.913313,27.370222,ok
EES0423405__X27__Y18__P015.jpg,0.760484,17.766034,ok
EES0423405__X2A__Y0C__P016.jpg,0.776541,21.263348,ok
EES0423405__X2A__Y0F__P017.jpg,0.870724,24.027958,ok
EES0423405__X2A__Y15__P018.jpg,0.870230,24.335812,ok
EES0423405__X2D__Y09__P019.jpg,0.924884,30.625196,ok
EES0423405__X2D__Y0C__P020.jpg,0.866472,22.748855,ok
EES0423405__X2D__Y0F__P021.jpg,0.817024,19.424651,ok
EES0423405__X2D__Y12__P022.jpg,0.898593,23.743875,ok
EES0423405__X30__Y0C__P023.jpg,0.809160,19.960228,ok
EES0423405__X30__Y0F__P024.jpg,0.926149,28.302134,ok
EES0423405__X30__Y12__P025.jpg,0.904080,24.359304,ok
EES0423406__X30__Y3C__P001.jpg,0.879150,23.294233,ok
EES0423406__X30__Y3F__P002.jpg,0.859997,21.249595,ok
EES0423406__X33__Y06__P003.jpg,0.918565,27.822840,ok
EES0423406__X33__Y0F__P004.jpg,0.836542,21.471031,ok
EES0423406__X33__Y18__P005.jpg,0.796441,20.702919,ok
EES0423406__X33__Y3C__P006.jpg,0.856064,23.914280,ok
EES0423406__X36__Y18__P007.jpg,0.840275,21.580544,ok
EES0423406__X36__Y21__P008.jpg,0.830173,20.896382,ok
EES0423406__X36__Y3C__P009.jpg,0.751758,18.765670,ok
EES0423406__X39__Y1E__P010.jpg,0.886244,27.407114,ok
EES0423406__X39__Y2D__P011.jpg,0.921453,28.726972,ok
EES0423406__X39__Y30__P012.jpg,0.885849,25.775499,ok
EES0423406__X39__Y36__P013.jpg,0.926518,30.996963,ok
EES0423406__X39__Y39__P014.jpg,0.902023,28.000478,ok
EES0423406__X3C__Y15__P015.jpg,0.863239,21.969740,ok
EES0423406__X3C__Y1E__P016.jpg,0.865681,24.673023,ok
EES0423406__X3C__Y24__P017.jpg,0.709425,17.458276,ok
EES0423406__X3C__Y2D__P018.jpg,0.851306,22.306189,ok
EES0423406__X3C__Y36__P019.jpg,0.881417,23.592377,ok
EES0423406__X3C__Y39__P020.jpg,0.918920,31.351601,ok
EES0423406__X3F__Y15__P021.jpg,0.910643,23.240001,ok
EES0423406__X3F__Y18__P022.jpg,0.932438,37.829510,ok
EES0423406__X3F__Y21__P023.jpg,0.883875,25.025415,ok
EES0423406__X3F__Y24__P024.jpg,0.884482,25.443506,ok
EES0423406__X3F__Y36__P025.jpg,0.923161,31.097326,ok
EES0423407__X1E__Y39__P001.jpg,0.798310,22.763605,ok
EES0423407__X21__Y33__P002.jpg,0.788519,21.871167,ok
EES0423407__X24__Y30__P003.jpg,0.736966,19.751796,ok
EES0423407__X24__Y33__P004.jpg,0.843812,24.094155,ok
EES0423407__X2A__Y33__P005.jpg,0.833224,22.850344,ok
EES0423407__X2D__Y36__P006.jpg,0.793404,19.822964,ok
EES0423407__X30__Y36__P007.jpg,0.840548,23.145303,ok
EES0423407__X33__Y36__P008.jpg,0.746941,20.033835,ok
EES0423407__X33__Y39__P009.jpg,0.764209,20.488255,ok
EES0423407__X33__Y3C__P010.jpg,0.798631,21.759817,ok
EES0423407__X33__Y42__P011.jpg,0.885835,24.034130,ok
EES0423407__X36__Y0C__P012.jpg,0.910409,29.443191,ok
EES0423407__X36__Y36__P013.jpg,0.789196,21.760348,ok
EES0423407__X36__Y39__P014.jpg,0.756277,19.078660,ok
EES0423407__X36__Y3F__P015.jpg,0.789098,21.283283,ok
EES0423407__X39__Y39__P016.jpg,0.827455,23.804489,ok
EES0423407__X3F__Y15__P017.jpg,0.912952,26.928503,ok
EES0423407__X3F__Y24__P018.jpg,0.876967,25.555349,ok
EES0423407__X3F__Y30__P019.jpg,0.812504,22.474707,ok
EES0423407__X42__Y33__P020.jpg,0.918338,31.201992,ok
EES0423407__X45__Y27__P021.jpg,0.934348,27.400749,ok
EES0423407__X0C__Y36__P022.jpg,0.911959,28.435312,ok
EES0423407__X0F__Y21__P023.jpg,0.893406,25.867736,ok
EES0423407__X0F__Y36__P024.jpg,0.887761,27.224620,ok
EES0423407__X12__Y12__P025.jpg,0.854225,22.273414,ok
EES0423408__X12__Y2A__P001.jpg,0.918674,29.730824,ok
EES0423408__X12__Y33__P002.jpg,0.745226,18.903164,ok
EES0423408__X15__Y18__P003.jpg,0.896853,22.943586,ok
EES0423408__X15__Y21__P004.jpg,0.907855,26.280975,ok
EES0423408__X15__Y2A__P005.jpg,0.920211,28.860840,ok
EES0423408__X15__Y30__P006.jpg,0.921198,28.157533,ok
EES0423408__X15__Y33__P007.jpg,0.827323,22.351457,ok
EES0423408__X18__Y21__P008.jpg,0.923682,33.578525,ok
EES0423408__X18__Y2A__P009.jpg,0.884188,24.860687,ok
EES0423408__X1B__Y12__P010.jpg,0.904236,27.800318,ok
EES0423408__X1B__Y2D__P011.jpg,0.928508,32.886067,ok
EES0423408__X1B__Y30__P012.jpg,0.918024,30.129776,ok
EES0423408__X1B__Y3F__P013.jpg,0.867709,26.244482,ok
EES0423408__X1B__Y42__P014.jpg,0.934300,31.472567,ok
EES0423408__X1E__Y1B__P015.jpg,0.904940,24.050493,ok
EES0423408__X1E__Y36__P016.jpg,0.665256,17.610291,ok
EES0423408__X1E__Y3F__P017.jpg,0.929580,29.856039,ok
EES0423408__X21__Y36__P018.jpg,0.910739,28.806953,ok
EES0423408__X21__Y42__P019.jpg,0.877449,25.407936,ok
EES0423408__X24__Y0C__P020.jpg,0.920710,29.330803,ok
EES0423408__X24__Y42__P021.jpg,0.927459,32.974871,ok
EES0423408__X27__Y0F__P022.jpg,0.925303,28.796058,ok
EES0423408__X27__Y1E__P023.jpg,0.857388,23.947060,ok
EES0423408__X27__Y24__P024.jpg,0.922113,29.739521,ok
EES0423408__X27__Y45__P025.jpg,0.906165,27.586961,ok
EES0423409__X2A__Y0C__P001.jpg,0.915027,26.693351,ok
EES0423409__X2A__Y0F__P002.jpg,0.926304,31.386446,ok
EES0423409__X2A__Y1E__P003.jpg,0.821873,23.969759,ok
EES0423409__X2A__Y3C__P004.jpg,0.894029,29.571502,ok
EES0423409__X2A__Y45__P005.jpg,0.848187,22.106930,ok
EES0423409__X2D__Y12__P006.jpg,0.898804,26.732334,ok
EES0423409__X2D__Y18__P007.jpg,0.898519,29.432227,ok
EES0423409__X2D__Y2A__P008.jpg,0.875252,27.774044,ok
EES0423409__X2D__Y2D__P009.jpg,0.925060,32.140277,ok
EES0423409__X2D__Y33__P010.jpg,0.906476,27.085824,ok
EES0423409__X2D__Y3F__P011.jpg,0.893185,27.980825,ok
EES0423409__X30__Y12__P012.jpg,0.906535,28.668554,ok
EES0423409__X30__Y15__P013.jpg,0.926265,28.442215,ok
EES0423409__X30__Y18__P014.jpg,0.877176,24.720437,ok
EES0423409__X30__Y1B__P015.jpg,0.897710,29.365215,ok
EES0423409__X30__Y36__P016.jpg,0.894113,28.339049,ok
EES0423409__X30__Y39__P017.jpg,0.918795,31.111771,ok
EES0423409__X30__Y3C__P018.jpg,0.919414,29.666346,ok
EES0423409__X30__Y3F__P019.jpg,0.820077,20.826081,ok
EES0423409__X33__Y1E__P020.jpg,0.924920,33.510311,ok
EES0423409__X33__Y24__P021.jpg,0.861854,27.032796,ok
EES0423409__X33__Y36__P022.jpg,0.913635,31.484457,ok
EES0423409__X36__Y24__P023.jpg,0.925926,31.031627,ok
EES0423409__X36__Y2A__P024.jpg,0.917926,31.567192,ok
EES0423409__X36__Y2D__P025.jpg,0.920868,33.139623,ok
EES0423410__X36__Y39__P001.jpg,0.902142,30.538829,ok
EES0423410__X36__Y3C__P002.jpg,0.924896,31.482501,ok
EES0423410__X39__Y12__P003.jpg,0.929414,32.890599,ok
EES0423410__X39__Y15__P004.jpg,0.880648,26.189863,ok
EES0423410__X39__Y21__P005.jpg,0.893329,27.604606,ok
EES0423410__X39__Y24__P006.jpg,0.897753,26.722222,ok
EES0423410__X39__Y27__P007.jpg,0.916558,29.441809,ok
EES0423410__X39__Y39__P008.jpg,0.915362,28.293469,ok
EES0423410__X3C__Y1E__P009.jpg,0.770046,20.446601,ok
EES0423410__X3C__Y27__P010.jpg,0.926523,29.952972,ok
EES0423410__X3C__Y30__P011.jpg,0.836461,22.907489,ok
EES0423410__X3C__Y36__P012.jpg,0.871738,24.933419,ok
EES0423410__X3C__Y39__P013.jpg,0.819700,23.821901,ok
EES0423410__X3F__Y1B__P014.jpg,0.860571,23.608529,ok
EES0423410__X3F__Y1E__P015.jpg,0.910360,28.090025,ok
EES0423410__X3F__Y30__P016.jpg,0.916212,28.330465,ok
EES0423410__X42__Y1B__P017.jpg,0.812066,20.232291,ok
EES0423410__X42__Y27__P018.jpg,0.905378,25.385754,ok
EES0423410__X45__Y27__P019.jpg,0.892255,23.152186,ok
EES0423410__X09__Y21__P020.jpg,0.886507,25.894946,ok
EES0423410__X0C__Y12__P021.jpg,0.910914,29.322806,ok
EES0423410__X0F__Y2D__P022.jpg,0.875066,24.366847,ok
EES0423410__X0F__Y30__P023.jpg,0.863603,23.262752,ok
EES0423410__X0F__Y33__P024.jpg,0.873928,26.095941,ok
EES0423410__X12__Y0C__P025.jpg,0.910327,28.999996,ok
EES0423411__X12__Y15__P001.jpg,0.902678,27.837009,ok
EES0423411__X12__Y1B__P002.jpg,0.921436,28.953650,ok
EES0423411__X12__Y2A__P003.jpg,0.866651,25.887549,ok
EES0423411__X12__Y2D__P004.jpg,0.918889,28.312797,ok
EES0423411__X12__Y30__P005.jpg,0.916641,26.609122,ok
EES0423411__X12__Y33__P006.jpg,0.912863,28.191422,ok
EES0423411__X12__Y36__P007.jpg,0.927334,31.805470,ok
EES0423411__X15__Y0C__P008.jpg,0.865711,23.248343,ok
EES0423411__X15__Y0F__P009.jpg,0.921308,27.952292,ok
EES0423411__X18__Y0C__P010.jpg,0.924416,30.105196,ok
EES0423411__X18__Y1E__P011.jpg,0.914755,29.154285,ok
EES0423411__X18__Y27__P012.jpg,0.916480,30.956831,ok
EES0423411__X18__Y39__P013.jpg,0.908699,29.903895,ok
EES0423411__X18__Y3C__P014.jpg,0.920551,30.922218,ok
EES0423411__X1B__Y09__P015.jpg,0.903521,28.486747,ok
EES0423411__X1B__Y0C__P016.jpg,0.785759,19.871973,ok
EES0423411__X1B__Y21__P017.jpg,0.857593,24.854370,ok
EES0423411__X1B__Y27__P018.jpg,0.908866,26.400222,ok
EES0423411__X1B__Y2D__P019.jpg,0.914394,27.717047,ok
EES0423411__X1B__Y3F__P020.jpg,0.919635,30.584740,ok
EES0423411__X1E__Y0C__P021.jpg,0.894416,28.603639,ok
EES0423411__X1E__Y0F__P022.jpg,0.927570,32.392001,ok
EES0423411__X1E__Y12__P023.jpg,0.893143,25.802322,ok
EES0423411__X1E__Y27__P024.jpg,0.921575,31.205587,ok
EES0423411__X1E__Y2D__P025.jpg,0.885573,25.137616,ok
EES0423412__X1E__Y36__P001.jpg,0.901609,27.024839,ok
EES0423412__X21__Y0F__P002.jpg,0.868279,25.719765,ok
EES0423412__X21__Y33__P003.jpg,0.877566,26.554133,ok
EES0423412__X24__Y09__P004.jpg,0.919305,27.366489,ok
EES0423412__X24__Y0F__P005.jpg,0.906617,26.182118,ok
EES0423412__X24__Y39__P006.jpg,0.902256,25.818835,ok
EES0423412__X27__Y09__P007.jpg,0.909187,26.294157,ok
EES0423412__X27__Y1B__P008.jpg,0.908777,26.953053,ok
EES0423412__X27__Y30__P009.jpg,0.924042,28.304210,ok
EES0423412__X2A__Y27__P010.jpg,0.915097,31.483135,ok
EES0423412__X2D__Y2A__P011.jpg,0.919403,32.691032,ok
EES0423412__X30__Y0F__P012.jpg,0.885285,23.764815,ok
EES0423412__X30__Y12__P013.jpg,0.889693,26.621113,ok
EES0423412__X30__Y2A__P014.jpg,0.916602,28.858956,ok
EES0423412__X33__Y12__P015.jpg,0.926761,26.999677,ok
EES0423412__X33__Y27__P016.jpg,0.903367,28.506196,ok
EES0423412__X36__Y21__P017.jpg,0.917181,30.445747,ok
EES0423412__X36__Y24__P018.jpg,0.906295,30.317900,ok
EES0423412__X36__Y33__P019.jpg,0.858441,25.995024,ok
EES0423412__X39__Y1E__P020.jpg,0.932526,32.344162,ok
EES0423412__X3C__Y1B__P021.jpg,0.929722,33.960429,ok
EES0423412__X3C__Y2A__P022.jpg,0.885743,26.598927,ok
EES0423412__X3C__Y30__P023.jpg,0.854254,25.056041,ok
EES0423412__X3C__Y36__P024.jpg,0.921773,31.997969,ok
EES0423412__X3F__Y18__P025.jpg,0.937684,35.842518,ok
EES0423413__X3F__Y21__P001.jpg,0.870093,26.288968,ok
EES0423413__X3F__Y27__P002.jpg,0.926635,32.380411,ok
EES0423413__X3F__Y2A__P003.jpg,0.917148,31.028702,ok
EES0423413__X3F__Y2D__P004.jpg,0.928753,28.970220,ok
EES0423413__X09__Y24__P005.jpg,0.807824,23.566160,ok
EES0423413__X09__Y2A__P006.jpg,0.911971,29.754215,ok
EES0423413__X0C__Y2D__P007.jpg,0.844240,23.407600,ok
EES0423413__X0F__Y24__P008.jpg,0.905012,27.123450,ok
EES0423413__X0F__Y27__P009.jpg,0.829353,22.282547,ok
EES0423413__X0F__Y2A__P010.jpg,0.854694,23.959048,ok
EES0423413__X18__Y1E__P011.jpg,0.864135,24.554098,ok
EES0423413__X18__Y24__P012.jpg,0.852450,24.536630,ok
EES0423413__X18__Y27__P013.jpg,0.899641,27.437723,ok
EES0423413__X18__Y2A__P014.jpg,0.820913,22.965177,ok
EES0423413__X1B__Y1E__P015.jpg,0.891797,26.406145,ok
EES0423413__X1B__Y21__P016.jpg,0.878628,27.007340,ok
EES0423413__X1B__Y24__P017.jpg,0.868720,25.241897,ok
EES0423413__X1B__Y27__P018.jpg,0.883845,25.420735,ok
EES0423413__X1E__Y15__P019.jpg,0.825743,23.130065,ok
EES0423413__X1E__Y18__P020.jpg,0.860357,23.045759,ok
EES0423413__X1E__Y1B__P021.jpg,0.797421,22.896417,ok
EES0423413__X21__Y0F__P022.jpg,0.918367,32.721314,ok
EES0423413__X21__Y15__P023.jpg,0.866595,23.802180,ok
EES0423413__X21__Y18__P024.jpg,0.833472,23.666153,ok
EES0423413__X21__Y1B__P025.jpg,0.860281,26.881591,ok
EES0423414__X21__Y1E__P001.jpg,0.827716,23.640314,ok
EES0423414__X21__Y3C__P002.jpg,0.864377,24.813848,ok
EES0423414__X24__Y15__P003.jpg,0.882346,27.061619,ok
EES0423414__X24__Y18__P004.jpg,0.861810,24.037421,ok
EES0423414__X24__Y1B__P005.jpg,0.890304,26.159678,ok
EES0423414__X24__Y1E__P006.jpg,0.860855,23.500906,ok
EES0423414__X24__Y3C__P007.jpg,0.732721,19.868100,ok
EES0423414__X27__Y15__P008.jpg,0.885835,25.907055,ok
EES0423414__X27__Y18__P009.jpg,0.846255,24.077531,ok
EES0423414__X27__Y1B__P010.jpg,0.799468,21.752560,ok
EES0423414__X27__Y1E__P011.jpg,0.837020,24.060985,ok
EES0423414__X27__Y24__P012.jpg,0.751248,20.304408,ok
EES0423414__X2A__Y0F__P013.jpg,0.872130,23.721314,ok
EES0423414__X2A__Y15__P014.jpg,0.881453,27.635316,ok
EES0423414__X2A__Y1B__P015.jpg,0.865782,28.511362,ok
EES0423414__X2A__Y1E__P016.jpg,0.859638,24.973722,ok
EES0423414__X2A__Y21__P017.jpg,0.785610,20.871317,ok
EES0423414__X2A__Y24__P018.jpg,0.787264,20.658034,ok
EES0423414__X2A__Y36__P019.jpg,0.910274,28.994809,ok
EES0423414__X2A__Y3F__P020.jpg,0.879642,23.482595,ok
EES0423414__X2D__Y18__P021.jpg,0.821181,23.341651,ok
EES0423414__X2D__Y1B__P022.jpg,0.879034,26.556296,ok
EES0423414__X2D__Y1E__P023.jpg,0.875079,25.420053,ok
EES0423414__X2D__Y21__P024.jpg,0.821998,22.627111,ok
EES0423414__X2D__Y24__P025.jpg,0.843307,22.803368,ok
EES0423415__X2D__Y2A__P001.jpg,0.881050,24.659621,ok
EES0423415__X2D__Y36__P002.jpg,0.874328,23.388977,ok
EES0423415__X2D__Y39__P003.jpg,0.870021,23.201270,ok
EES0423415__X2D__Y3C__P004.jpg,0.855123,22.874058,ok
EES0423415__X30__Y1E__P005.jpg,0.859997,24.057618,ok
EES0423415__X30__Y2D__P006.jpg,0.877904,24.073744,ok
EES0423415__X30__Y30__P007.jpg,0.724320,18.677735,ok
EES0423415__X30__Y39__P008.jpg,0.879054,24.026518,ok
EES0423415__X33__Y21__P009.jpg,0.848060,23.615531,ok
EES0423415__X33__Y24__P010.jpg,0.933688,30.311662,ok
EES0423415__X33__Y27__P011.jpg,0.913643,29.456943,ok
EES0423415__X33__Y2A__P012.jpg,0.900374,27.627391,ok
EES0423415__X33__Y36__P013.jpg,0.848055,22.802506,ok
EES0423415__X36__Y24__P014.jpg,0.813647,23.154281,ok
EES0423415__X36__Y27__P015.jpg,0.786515,21.467669,ok
EES0423415__X36__Y2A__P016.jpg,0.898068,28.248507,ok
EES0423415__X36__Y30__P017.jpg,0.899345,25.999264,ok
EES0423415__X39__Y24__P018.jpg,0.847347,23.356278,ok
EES0423415__X39__Y27__P019.jpg,0.791488,21.008716,ok
EES0423415__X39__Y2A__P020.jpg,0.895857,30.947826,ok
EES0423415__X39__Y2D__P021.jpg,0.790341,20.768953,ok
EES0423415__X0C__Y15__P022.jpg,0.865273,24.339223,ok
EES0423415__X0F__Y27__P023.jpg,0.859515,23.064082,ok
EES0423415__X0F__Y2A__P024.jpg,0.907590,27.865241,ok
EES0423415__X12__Y0F__P025.jpg,0.914865,28.422670,ok
EES0423416__X42__Y27__P001.jpg,0.884813,24.867615,ok
EES0423416__X45__Y18__P002.jpg,0.913460,28.889700,ok
EES0423416__X45__Y1B__P003.jpg,0.882587,26.046598,ok
EES0423416__X45__Y1E__P004.jpg,0.863675,24.205224,ok
EES0423416__X45__Y21__P005.jpg,0.899118,27.547287,ok
EES0423416__X45__Y2A__P006.jpg,0.828439,23.278220,ok
EES0423416__X45__Y2D__P007.jpg,0.850876,23.586132,ok
EES0423416__X45__Y30__P008.jpg,0.887112,23.987009,ok
EES0423416__X12__Y3C__P009.jpg,0.899537,23.947179,ok
EES0423416__X15__Y3C__P010.jpg,0.898584,23.862172,ok
EES0423416__X27__Y3C__P011.jpg,0.873685,23.686567,ok
EES0423416__X27__Y3F__P012.jpg,0.858992,21.857432,ok
EES0423416__X2A__Y3F__P013.jpg,0.818015,20.986624,ok
EES0423416__X2D__Y3C__P014.jpg,0.841218,19.672054,ok
EES0423416__X30__Y0C__P015.jpg,0.900447,26.632408,ok
EES0423416__X30__Y2A__P016.jpg,0.844784,21.022495,ok
EES0423416__X30__Y2D__P017.jpg,0.705874,16.789440,ok
EES0423416__X30__Y39__P018.jpg,0.914333,26.055237,ok
EES0423416__X33__Y0F__P019.jpg,0.882425,24.082961,ok
EES0423416__X33__Y12__P020.jpg,0.826240,21.357224,ok
EES0423416__X33__Y1B__P021.jpg,0.799142,19.848589,ok
EES0423416__X33__Y21__P022.jpg,0.917427,29.211508,ok
EES0423416__X36__Y1E__P023.jpg,0.824873,21.274921,ok
EES0423416__X36__Y2A__P024.jpg,0.880232,23.816020,ok
EES0423416__X39__Y18__P025.jpg,0.896338,23.820533,ok
EES0423417__X30__Y24__P001.jpg,0.699388,17.628199,ok
EES0423417__X30__Y27__P002.jpg,0.718994,19.927123,ok
EES0423417__X33__Y0C__P003.jpg,0.550671,16.792853,ok
EES0423417__X33__Y1B__P004.jpg,0.746364,19.612982,ok
EES0423417__X33__Y1E__P005.jpg,0.579397,18.316847,ok
EES0423417__X33__Y21__P006.jpg,0.557542,17.606003,ok
EES0423417__X33__Y30__P007.jpg,0.772639,20.147041,ok
EES0423417__X36__Y15__P008.jpg,0.758082,19.729168,ok
EES0423417__X36__Y1B__P009.jpg,0.801670,21.368425,ok
EES0423417__X39__Y3C__P010.jpg,0.931442,37.587224,ok
EES0423417__X3F__Y1B__P011.jpg,0.670451,18.122180,ok
EES0423417__X3F__Y30__P012.jpg,0.727982,19.757153,ok
EES0423417__X3F__Y33__P013.jpg,0.929811,26.661657,ok
EES0423417__X0C__Y21__P014.jpg,0.908512,25.442448,ok
EES0423417__X15__Y1E__P015.jpg,0.921273,28.419379,ok
EES0423417__X15__Y30__P016.jpg,0.867949,24.013709,ok
EES0423417__X18__Y1E__P017.jpg,0.914818,25.887346,ok
EES0423417__X18__Y2D__P018.jpg,0.907001,27.305679,ok
EES0423417__X1B__Y12__P019.jpg,0.926024,31.400232,ok
EES0423417__X1B__Y2A__P020.jpg,0.874158,24.217430,ok
EES0423417__X1B__Y2D__P021.jpg,0.883926,23.999071,ok
EES0423417__X1E__Y1B__P022.jpg,0.926568,30.765790,ok
EES0423417__X1E__Y2A__P023.jpg,0.908353,28.534243,ok
EES0423417__X21__Y15__P024.jpg,0.885862,23.902161,ok
EES0423417__X21__Y2A__P025.jpg,0.874601,24.997368,ok
EES0423418__X0C__Y2D__P001.jpg,0.849003,24.164496,ok
EES0423418__X0C__Y30__P002.jpg,0.882426,24.732374,ok
EES0423418__X0C__Y33__P003.jpg,0.764058,19.222589,ok
EES0423418__X0F__Y24__P004.jpg,0.917020,26.197854,ok
EES0423418__X0F__Y2A__P005.jpg,0.888145,26.295299,ok
EES0423418__X0F__Y2D__P006.jpg,0.875950,24.152055,ok
EES0423418__X0F__Y33__P007.jpg,0.867107,23.250011,ok
EES0423418__X0F__Y36__P008.jpg,0.752743,19.162927,ok
EES0423418__X0F__Y39__P009.jpg,0.886413,26.078731,ok
EES0423418__X12__Y1E__P010.jpg,0.819075,21.458135,ok
EES0423418__X12__Y24__P011.jpg,0.918055,26.509103,ok
EES0423418__X12__Y2A__P012.jpg,0.915240,27.926127,ok
EES0423418__X12__Y2D__P013.jpg,0.852876,23.365670,ok
EES0423418__X12__Y30__P014.jpg,0.827216,22.365305,ok
EES0423418__X12__Y39__P015.jpg,0.825596,22.660718,ok
EES0423418__X12__Y3C__P016.jpg,0.881236,24.888363,ok
EES0423418__X15__Y18__P017.jpg,0.882681,25.110321,ok
EES0423418__X15__Y21__P018.jpg,0.856624,24.381238,ok
EES0423418__X15__Y24__P019.jpg,0.796968,19.844440,ok
EES0423418__X15__Y2D__P020.jpg,0.902273,27.292456,ok
EES0423418__X15__Y39__P021.jpg,0.855747,22.655602,ok
EES0423418__X15__Y3C__P022.jpg,0.881071,25.160470,ok
EES0423418__X18__Y0F__P023.jpg,0.832585,21.798549,ok
EES0423418__X18__Y21__P024.jpg,0.840312,20.708152,ok
EES0423418__X18__Y24__P025.jpg,0.908430,27.677900,ok
EES0423419__X36__Y15__P001.jpg,0.821714,22.670484,ok
EES0423419__X15__Y2A__P002.jpg,0.862804,23.786965,ok
EES0423419__X21__Y39__P003.jpg,0.845877,22.704362,ok
EES0423419__X24__Y42__P004.jpg,0.838047,22.536506,ok
EES0423419__X2A__Y0C__P005.jpg,0.884357,26.246453,ok
EES0423419__X33__Y0F__P006.jpg,0.856820,22.486894,ok
EES0423419__X3F__Y24__P007.jpg,0.846830,23.074618,ok
EES0423419__X3F__Y2A__P008.jpg,0.858841,24.810891,ok
EES0423419__X3F__Y2D__P009.jpg,0.833229,22.552935,ok
EES0423419__X0F__Y3F__P010.jpg,0.883339,26.623280,ok
EES0423419__X18__Y2D__P011.jpg,0.911210,28.774806,ok
EES0423419__X1B__Y2D__P012.jpg,0.909823,26.289510,ok
EES0423419__X1B__Y30__P013.jpg,0.909925,27.615789,ok
EES0423419__X1B__Y3C__P014.jpg,0.925628,30.731794,ok
EES0423419__X1B__Y45__P015.jpg,0.890591,26.326714,ok
EES0423419__X21__Y21__P016.jpg,0.933699,39.912633,ok
EES0423419__X21__Y45__P017.jpg,0.887219,24.362398,ok
EES0423419__X24__Y30__P018.jpg,0.882588,27.421797,ok
EES0423419__X24__Y39__P019.jpg,0.876945,25.394261,ok
EES0423419__X24__Y45__P020.jpg,0.834302,22.675494,ok
EES0423419__X27__Y15__P021.jpg,0.926305,33.422202,ok
EES0423419__X2A__Y2A__P022.jpg,0.851402,22.878168,ok
EES0423419__X30__Y24__P023.jpg,0.898824,26.898553,ok
EES0423419__X30__Y33__P024.jpg,0.875080,22.310927,ok
EES0423419__X30__Y39__P025.jpg,0.905903,27.738700,ok
EES0423420__X30__Y3C__P001.jpg,0.872394,24.960913,ok
EES0423420__X30__Y3F__P002.jpg,0.829408,22.691062,ok
EES0423420__X33__Y39__P003.jpg,0.801948,21.155800,ok
EES0423420__X33__Y3C__P004.jpg,0.881318,25.268497,ok
EES0423420__X36__Y39__P005.jpg,0.825426,21.992421,ok
EES0423420__X36__Y3C__P006.jpg,0.877622,25.098321,ok
EES0423420__X0F__Y0F__P007.jpg,0.913883,29.867203,ok
EES0423420__X15__Y0C__P008.jpg,0.841836,21.988723,ok
EES0423420__X1B__Y09__P009.jpg,0.916254,30.017737,ok
EES0423420__X1E__Y09__P010.jpg,0.916822,26.365550,ok
EES0423420__X2A__Y09__P011.jpg,0.885685,23.915746,ok
EES0423420__X30__Y45__P012.jpg,0.810024,21.638320,ok
EES0423420__X33__Y0C__P013.jpg,0.867707,24.039972,ok
EES0423420__X36__Y42__P014.jpg,0.835904,23.076613,ok
EES0423420__X39__Y0C__P015.jpg,0.923688,26.069981,ok
EES0423420__X39__Y3F__P016.jpg,0.768623,21.279865,ok
EES0423420__X39__Y42__P017.jpg,0.914685,27.544561,ok
EES0423420__X3C__Y12__P018.jpg,0.921708,31.052306,ok
EES0423420__X3C__Y39__P019.jpg,0.771634,20.264620,ok
EES0423420__X3C__Y3F__P020.jpg,0.825657,23.051841,ok
EES0423420__X3C__Y45__P021.jpg,0.916270,25.308231,ok
EES0423420__X3F__Y12__P022.jpg,0.826224,24.243638,ok
EES0423420__X3F__Y30__P023.jpg,0.742471,19.716642,ok
EES0423420__X3F__Y39__P024.jpg,0.835692,21.813754,ok
EES0423420__X3F__Y3C__P025.jpg,0.906314,25.825896,ok
EES0423421__X42__Y1B__P001.jpg,0.891752,26.984324,ok
EES0423421__X42__Y30__P002.jpg,0.817010,22.277680,ok
EES0423421__X42__Y36__P003.jpg,0.852778,24.379914,ok
EES0423421__X42__Y39__P004.jpg,0.903254,28.874839,ok
EES0423421__X45__Y21__P005.jpg,0.926112,29.063402,ok
EES0423421__X45__Y24__P006.jpg,0.933163,36.143322,ok
EES0423421__X45__Y27__P007.jpg,0.912914,28.217711,ok
EES0423421__X45__Y2A__P008.jpg,0.933898,28.890666,ok
EES0423421__X45__Y2D__P009.jpg,0.888036,23.808669,ok
EES0423421__X45__Y30__P010.jpg,0.922901,32.056427,ok
EES0423421__X03__Y0C__P011.jpg,0.910412,26.838173,ok
EES0423421__X03__Y0F__P012.jpg,0.806489,20.555653,ok
EES0423421__X03__Y12__P013.jpg,0.857302,24.484830,ok
EES0423421__X03__Y15__P014.jpg,0.768357,18.398561,ok
EES0423421__X03__Y18__P015.jpg,0.728183,18.900007,ok
EES0423421__X03__Y1B__P016.jpg,0.757769,18.668797,ok
EES0423421__X03__Y1E__P017.jpg,0.813654,21.768943,ok
EES0423421__X03__Y21__P018.jpg,0.776210,19.940402,ok
EES0423421__X03__Y24__P019.jpg,0.893534,27.059448,ok
EES0423421__X03__Y27__P020.jpg,0.870021,24.791866,ok
EES0423421__X03__Y2A__P021.jpg,0.924028,27.211463,ok
EES0423421__X03__Y2D__P022.jpg,0.864160,24.283615,ok
EES0423421__X03__Y30__P023.jpg,0.805369,21.466362,ok
EES0423421__X03__Y33__P024.jpg,0.813175,21.723673,ok
EES0423421__X03__Y36__P025.jpg,0.866646,23.679942,ok
EES0423422__X03__Y39__P001.jpg,0.888969,26.860529,ok
EES0423422__X03__Y3C__P002.jpg,0.760715,19.616795,ok
EES0423422__X03__Y3F__P003.jpg,0.880778,25.107636,ok
EES0423422__X03__Y42__P004.jpg,0.785838,20.666656,ok
EES0423422__X06__Y0C__P005.jpg,0.846966,23.345834,ok
EES0423422__X06__Y0F__P006.jpg,0.801116,20.358084,ok
EES0423422__X06__Y12__P007.jpg,0.805039,21.197250,ok
EES0423422__X06__Y15__P008.jpg,0.796093,19.261782,ok
EES0423422__X06__Y18__P009.jpg,0.894146,24.193803,ok
EES0423422__X06__Y1E__P010.jpg,0.825917,22.483622,ok
EES0423422__X06__Y21__P011.jpg,0.764878,20.101075,ok
EES0423422__X06__Y24__P012.jpg,0.779772,20.874848,ok
EES0423422__X06__Y27__P013.jpg,0.769803,19.849844,ok
EES0423422__X06__Y2A__P014.jpg,0.770020,19.623426,ok
EES0423422__X06__Y30__P015.jpg,0.850544,23.208952,ok
EES0423422__X06__Y33__P016.jpg,0.808009,22.110922,ok
EES0423422__X06__Y36__P017.jpg,0.817198,21.572387,ok
EES0423422__X09__Y0C__P018.jpg,0.821011,21.217982,ok
EES0423422__X09__Y0F__P019.jpg,0.923596,27.450349,ok
EES0423422__X09__Y15__P020.jpg,0.833469,24.777472,ok
EES0423422__X09__Y18__P021.jpg,0.743783,18.594635,ok
EES0423422__X09__Y1B__P022.jpg,0.609656,17.179123,ok
EES0423422__X09__Y30__P023.jpg,0.497911,15.770307,ok
EES0423422__X09__Y33__P024.jpg,0.742021,20.813001,ok
EES0423422__X09__Y36__P025.jpg,0.856874,23.733357,ok
EES0423423__X3C__Y0C__P001.jpg,0.870993,23.988123,ok
EES0423423__X3C__Y0F__P002.jpg,0.670877,18.745741,ok
EES0423423__X3F__Y0C__P003.jpg,0.921126,25.924069,ok
EES0423423__X3F__Y0F__P004.jpg,0.872476,24.034807,ok
EES0423423__X3F__Y42__P005.jpg,0.869004,24.776006,ok
EES0423423__X3F__Y45__P006.jpg,0.808205,21.886656,ok
EES0423423__X42__Y12__P007.jpg,0.887536,25.987864,ok
EES0423423__X42__Y3F__P008.jpg,0.719013,18.579904,ok
EES0423423__X42__Y42__P009.jpg,0.890136,25.519362,ok
EES0423423__X42__Y45__P010.jpg,0.831829,22.385680,ok
EES0423423__X18__Y09__P011.jpg,0.878752,25.567080,ok
EES0423423__X18__Y0C__P012.jpg,0.775089,21.228834,ok
EES0423423__X1B__Y0C__P013.jpg,0.720551,19.513710,ok
EES0423423__X24__Y45__P014.jpg,0.813154,21.800460,ok
EES0423423__X27__Y09__P015.jpg,0.923455,35.451838,ok
EES0423423__X27__Y3F__P016.jpg,0.754866,20.577409,ok
EES0423423__X33__Y0F__P017.jpg,0.912377,26.816227,ok
EES0423423__X39__Y15__P018.jpg,0.898559,31.755141,ok
EES0423423__X3C__Y30__P019.jpg,0.892086,24.841050,ok
EES0423423__X06__Y18__P020.jpg,0.890839,23.775715,ok
EES0423423__X06__Y3C__P021.jpg,0.870836,25.945818,ok
EES0423423__X18__Y09__P022.jpg,0.902406,24.262377,ok
EES0423423__X33__Y0C__P023.jpg,0.928068,30.612868,ok
EES0423423__X36__Y42__P024.jpg,0.908509,25.641475,ok
EES0423423__X39__Y12__P025.jpg,0.923419,27.034085,ok
EES0423424__X3F__Y18__P001.jpg,0.923838,32.446632,ok
EES0423424__X42__Y21__P002.jpg,0.937376,37.645028,ok
EES0423424__X42__Y24__P003.jpg,0.829844,19.559384,ok
EES0423424__X42__Y2D__P004.jpg,0.898984,22.992363,ok
EES0423424__X42__Y30__P005.jpg,0.924759,27.205402,ok
EES0423424__X09__Y1E__P006.jpg,0.823178,24.090143,ok
EES0423424__X0C__Y1B__P007.jpg,0.835588,24.105086,ok
EES0423424__X0F__Y1E__P008.jpg,0.838778,25.102800,ok
EES0423424__X12__Y15__P009.jpg,0.874151,26.924307,ok
EES0423424__X15__Y15__P010.jpg,0.750337,21.845664,ok
EES0423424__X15__Y1B__P011.jpg,0.862548,24.674014,ok
EES0423424__X15__Y1E__P012.jpg,0.836993,24.892645,ok
EES0423424__X15__Y21__P013.jpg,0.899424,29.131630,ok
EES0423424__X15__Y42__P014.jpg,0.882035,25.639444,ok
EES0423424__X18__Y0F__P015.jpg,0.889983,27.375616,ok
EES0423424__X18__Y18__P016.jpg,0.865688,23.188675,ok
EES0423424__X18__Y1B__P017.jpg,0.880900,26.413488,ok
EES0423424__X18__Y21__P018.jpg,0.887160,24.561167,ok
EES0423424__X1B__Y0F__P019.jpg,0.749310,21.645580,ok
EES0423424__X1B__Y12__P020.jpg,0.798223,21.959024,ok
EES0423424__X1B__Y15__P021.jpg,0.773859,21.971890,ok
EES0423424__X1B__Y18__P022.jpg,0.784628,20.219301,ok
EES0423424__X1B__Y1B__P023.jpg,0.777791,19.416925,ok
EES0423424__X1B__Y1E__P024.jpg,0.830636,20.431417,ok
EES0423424__X1B__Y21__P025.jpg,0.852749,23.532890,ok
EES0423425__X1B__Y24__P001.jpg,0.812032,20.151127,ok
EES0423425__X1E__Y0F__P002.jpg,0.870007,23.159469,ok
EES0423425__X1E__Y1B__P003.jpg,0.869477,23.726648,ok
EES0423425__X1E__Y1E__P004.jpg,0.828056,22.590593,ok
EES0423425__X1E__Y21__P005.jpg,0.842990,23.467165,ok
EES0423425__X1E__Y24__P006.jpg,0.837382,22.462652,ok
EES0423425__X21__Y0F__P007.jpg,0.823871,22.155150,ok
EES0423425__X21__Y12__P008.jpg,0.816097,22.711995,ok
EES0423425__X21__Y15__P009.jpg,0.817930,24.758105,ok
EES0423425__X21__Y21__P010.jpg,0.874174,23.220457,ok
EES0423425__X24__Y0F__P011.jpg,0.863753,23.644967,ok
EES0423425__X24__Y12__P012.jpg,0.871305,28.733914,ok
EES0423425__X24__Y15__P013.jpg,0.879592,27.846041,ok
EES0423425__X24__Y18__P014.jpg,0.880138,25.447131,ok
EES0423425__X24__Y1B__P015.jpg,0.808740,23.969481,ok
EES0423425__X27__Y0F__P016.jpg,0.912393,28.125639,ok
EES0423425__X27__Y18__P017.jpg,0.863151,25.356642,ok
EES0423425__X2A__Y12__P018.jpg,0.888721,25.969558,ok
EES0423425__X2A__Y15__P019.jpg,0.844161,24.029127,ok
EES0423425__X2D__Y0F__P020.jpg,0.865813,25.872340,ok
EES0423425__X2D__Y12__P021.jpg,0.889907,27.025206,ok
EES0423425__X2D__Y24__P022.jpg,0.844516,24.158009,ok
EES0423425__X33__Y24__P023.jpg,0.916273,30.867058,ok
EES0423425__X3C__Y33__P024.jpg,0.912537,26.086985,ok
EES0423425__X03__Y33__P025.jpg,0.785942,21.029844,ok
EES0423426__X09__Y30__P001.jpg,0.688990,17.914882,ok
EES0423426__X09__Y33__P002.jpg,0.854021,23.800179,ok
EES0423426__X0C__Y12__P003.jpg,0.902528,27.057004,ok
EES0423426__X0C__Y39__P004.jpg,0.915758,27.702099,ok
EES0423426__X0F__Y0C__P005.jpg,0.927166,35.271247,ok
EES0423426__X0F__Y0F__P006.jpg,0.730774,19.048511,ok
EES0423426__X12__Y0C__P007.jpg,0.845173,22.713662,ok
EES0423426__X18__Y09__P008.jpg,0.806871,20.908659,ok
EES0423426__X18__Y33__P009.jpg,0.714005,19.983502,ok
EES0423426__X18__Y3F__P010.jpg,0.746218,18.746046,ok
EES0423426__X18__Y42__P011.jpg,0.797415,20.955145,ok
EES0423426__X1B__Y1E__P012.jpg,0.793722,19.924177,ok
EES0423426__X1B__Y30__P013.jpg,0.760551,19.573148,ok
EES0423426__X1B__Y3C__P014.jpg,0.819258,23.625349,ok
EES0423426__X1B__Y45__P015.jpg,0.900644,27.448587,ok
EES0423426__X1E__Y09__P016.jpg,0.627249,17.531561,ok
EES0423426__X21__Y09__P017.jpg,0.619795,15.981598,ok
EES0423426__X24__Y45__P018.jpg,0.737259,18.270503,ok
EES0423426__X27__Y09__P019.jpg,0.880967,23.192439,ok
EES0423426__X2A__Y2D__P020.jpg,0.683962,19.928008,ok
EES0423426__X2A__Y42__P021.jpg,0.756226,20.250302,ok
EES0423426__X2A__Y45__P022.jpg,0.686674,17.586624,ok
EES0423426__X2D__Y39__P023.jpg,0.804700,20.468430,ok
EES0423426__X2D__Y45__P024.jpg,0.840105,21.069761,ok
EES0423426__X30__Y0C__P025.jpg,0.922111,29.833597,ok
EES0423427__X30__Y33__P001.jpg,0.540694,16.225248,ok
EES0423427__X33__Y42__P002.jpg,0.851711,25.496579,ok
EES0423427__X39__Y12__P003.jpg,0.882671,26.004642,ok
EES0423427__X3F__Y1B__P004.jpg,0.885033,26.738466,ok
EES0423427__X3F__Y33__P005.jpg,0.816021,20.935594,ok
EES0423427__X42__Y24__P006.jpg,0.880924,27.380456,ok
EES0423427__X42__Y27__P007.jpg,0.825236,22.176986,ok
EES0423427__X42__Y2D__P008.jpg,0.936664,39.289498,ok
EES0423427__X03__Y30__P009.jpg,0.859832,24.402996,ok
EES0423427__X06__Y1B__P010.jpg,0.895656,26.893553,ok
EES0423427__X06__Y27__P011.jpg,0.874806,26.410396,ok
EES0423427__X18__Y15__P012.jpg,0.896048,27.788470,ok
EES0423427__X1B__Y39__P013.jpg,0.849435,24.181278,ok
EES0423427__X1E__Y39__P014.jpg,0.879272,26.471231,ok
EES0423427__X21__Y3F__P015.jpg,0.881184,27.413621,ok
EES0423427__X24__Y1B__P016.jpg,0.894416,26.510553,ok
EES0423427__X24__Y1E__P017.jpg,0.847485,22.641954,ok
EES0423427__X24__Y3F__P018.jpg,0.881669,25.400220,ok
EES0423427__X27__Y1E__P019.jpg,0.833901,22.828498,ok
EES0423427__X27__Y42__P020.jpg,0.876569,24.715358,ok
EES0423427__X2D__Y30__P021.jpg,0.871159,25.690171,ok
EES0423427__X2D__Y36__P022.jpg,0.842386,22.718775,ok
EES0423427__X2D__Y39__P023.jpg,0.901596,27.879292,ok
EES0423427__X30__Y27__P024.jpg,0.847522,24.285906,ok
EES0423427__X33__Y12__P025.jpg,0.859294,24.314711,ok
EES0423428__X21__Y3F__P001.jpg,0.821763,22.342920,ok
EES0423428__X24__Y0C__P002.jpg,0.889483,25.707315,ok
EES0423428__X24__Y0F__P003.jpg,0.892405,25.818974,ok
EES0423428__X24__Y12__P004.jpg,0.843152,23.560297,ok
EES0423428__X24__Y3F__P005.jpg,0.795661,22.705800,ok
EES0423428__X27__Y0F__P006.jpg,0.881806,25.521144,ok
EES0423428__X27__Y3F__P007.jpg,0.865475,24.874777,ok
EES0423428__X2A__Y0F__P008.jpg,0.886918,25.022331,ok
EES0423428__X2A__Y3F__P009.jpg,0.903815,27.553779,ok
EES0423428__X2D__Y30__P010.jpg,0.906955,28.663147,ok
EES0423428__X2D__Y3C__P011.jpg,0.860054,24.959831,ok
EES0423428__X2D__Y3F__P012.jpg,0.903560,29.572629,ok
EES0423428__X30__Y09__P013.jpg,0.874571,24.209218,ok
EES0423428__X30__Y3F__P014.jpg,0.905902,25.825040,ok
EES0423428__X33__Y15__P015.jpg,0.904325,26.516918,ok
EES0423428__X33__Y24__P016.jpg,0.856230,22.441980,ok
EES0423428__X33__Y30__P017.jpg,0.906175,26.535953,ok
EES0423428__X33__Y3F__P018.jpg,0.889703,24.924763,ok
EES0423428__X36__Y12__P019.jpg,0.910859,27.017936,ok
EES0423428__X36__Y15__P020.jpg,0.874586,24.533668,ok
EES0423428__X36__Y18__P021.jpg,0.877238,23.465791,ok
EES0423428__X36__Y21__P022.jpg,0.870320,24.853291,ok
EES0423428__X36__Y24__P023.jpg,0.876992,24.463189,ok
EES0423428__X36__Y27__P024.jpg,0.846118,22.521151,ok
EES0423428__X36__Y2D__P025.jpg,0.888088,24.593143,ok
EES0423429__X30__Y33__P001.jpg,0.722863,21.257184,ok
EES0423429__X30__Y36__P002.jpg,0.872343,25.134380,ok
EES0423429__X30__Y39__P003.jpg,0.730041,18.850825,ok
EES0423429__X30__Y3C__P004.jpg,0.871380,24.430201,ok
EES0423429__X33__Y21__P005.jpg,0.879417,25.182225,ok
EES0423429__X33__Y24__P006.jpg,0.796213,21.326893,ok
EES0423429__X33__Y27__P007.jpg,0.885723,25.497988,ok
EES0423429__X33__Y2A__P008.jpg,0.799614,23.401263,ok
EES0423429__X33__Y2D__P009.jpg,0.858397,22.564858,ok
EES0423429__X33__Y30__P010.jpg,0.894051,26.619519,ok
EES0423429__X33__Y33__P011.jpg,0.803411,22.677373,ok
EES0423429__X33__Y36__P012.jpg,0.825042,23.119765,ok
EES0423429__X33__Y39__P013.jpg,0.662034,15.702453,ok
EES0423429__X36__Y24__P014.jpg,0.873414,24.481783,ok
EES0423429__X36__Y27__P015.jpg,0.834099,22.330515,ok
EES0423429__X36__Y2A__P016.jpg,0.869899,26.615373,ok
EES0423429__X36__Y2D__P017.jpg,0.864488,23.653954,ok
EES0423429__X36__Y30__P018.jpg,0.856530,25.534601,ok
EES0423429__X36__Y33__P019.jpg,0.832351,23.860307,ok
EES0423429__X36__Y36__P020.jpg,0.860970,23.480328,ok
EES0423429__X36__Y39__P021.jpg,0.884515,29.639139,ok
EES0423429__X36__Y3C__P022.jpg,0.842054,23.082614,ok
EES0423429__X39__Y2A__P023.jpg,0.833777,20.989766,ok
EES0423429__X39__Y2D__P024.jpg,0.872728,24.149244,ok
EES0423429__X3C__Y2A__P025.jpg,0.827720,21.892613,ok
EES0423430__X3C__Y30__P001.jpg,0.797703,22.393738,ok
EES0423430__X06__Y21__P002.jpg,0.897167,24.883869,ok
EES0423430__X06__Y24__P003.jpg,0.702212,16.792846,ok
EES0423430__X0C__Y15__P004.jpg,0.715036,16.939635,ok
EES0423430__X15__Y0C__P005.jpg,0.898985,24.342331,ok
EES0423430__X21__Y06__P006.jpg,0.917141,27.591624,ok
EES0423430__X24__Y06__P007.jpg,0.898190,25.614502,ok
EES0423430__X2A__Y06__P008.jpg,0.892494,23.966605,ok
EES0423430__X30__Y09__P009.jpg,0.781609,17.843984,ok
EES0423430__X33__Y09__P010.jpg,0.924619,30.058922,ok
EES0423430__X36__Y0C__P011.jpg,0.604388,13.909594,ok
EES0423430__X39__Y0C__P012.jpg,0.893356,25.160174,ok
EES0423430__X3C__Y0F__P013.jpg,0.905578,27.764577,ok
EES0423430__X3C__Y3F__P014.jpg,0.847145,21.099567,ok
EES0423430__X42__Y15__P015.jpg,0.891440,26.254483,ok
EES0423430__X45__Y1B__P016.jpg,0.893890,25.552914,ok
EES0423430__X03__Y1B__P017.jpg,0.916696,29.317383,ok
EES0423430__X03__Y1E__P018.jpg,0.826548,22.766826,ok
EES0423430__X03__Y2D__P019.jpg,0.730106,19.197470,ok
EES0423430__X03__Y30__P020.jpg,0.786602,21.536105,ok
EES0423430__X03__Y33__P021.jpg,0.922130,31.386737,ok
EES0423430__X06__Y15__P022.jpg,0.836533,23.225570,ok
EES0423430__X06__Y36__P023.jpg,0.879818,26.235679,ok
EES0423430__X0C__Y3F__P024.jpg,0.737468,20.933741,ok
EES0423430__X0F__Y42__P025.jpg,0.827680,22.789186,ok
EES0423431__X36__Y36__P001.jpg,0.866419,24.064250,ok
EES0423431__X39__Y2D__P002.jpg,0.855094,24.224136,ok
EES0423431__X39__Y33__P003.jpg,0.865117,23.912228,ok
EES0423431__X39__Y36__P004.jpg,0.855852,26.208906,ok
EES0423431__X3C__Y1E__P005.jpg,0.859345,23.714079,ok
EES0423431__X3C__Y30__P006.jpg,0.811686,21.422968,ok
EES0423431__X3F__Y30__P007.jpg,0.816484,22.180804,ok
EES0423431__X42__Y36__P008.jpg,0.929973,35.818639,ok
EES0423431__X15__Y09__P009.jpg,0.859437,20.204432,ok
EES0423431__X1B__Y06__P010.jpg,0.839568,24.167596,ok
EES0423431__X39__Y0C__P011.jpg,0.862561,24.312320,ok
EES0423431__X42__Y15__P012.jpg,0.901790,26.000950,ok
EES0423431__X06__Y2D__P013.jpg,0.792153,21.544103,ok
EES0423431__X0F__Y39__P014.jpg,0.750621,19.450417,ok
EES0423431__X1B__Y45__P015.jpg,0.763429,20.632535,ok
EES0423431__X1E__Y09__P016.jpg,0.930818,33.795144,ok
EES0423431__X1E__Y45__P017.jpg,0.822441,23.327587,ok
EES0423431__X21__Y09__P018.jpg,0.934198,40.575241,ok
EES0423431__X21__Y45__P019.jpg,0.792038,22.647809,ok
EES0423431__X24__Y09__P020.jpg,0.930720,41.277067,ok
EES0423431__X2D__Y42__P021.jpg,0.786340,21.260898,ok
EES0423431__X33__Y3F__P022.jpg,0.825220,22.005652,ok
EES0423431__X3C__Y15__P023.jpg,0.933375,35.595007,ok
EES0423431__X3F__Y18__P024.jpg,0.875830,25.381116,ok
EES0423431__X06__Y21__P025.jpg,0.854635,23.676771,ok
EES0423432__X33__Y3F__P001.jpg,0.876422,24.763944,ok
EES0423432__X36__Y18__P002.jpg,0.790534,23.310402,ok
EES0423432__X36__Y36__P003.jpg,0.812715,23.076621,ok
EES0423432__X39__Y1B__P004.jpg,0.702623,20.676060,ok
EES0423432__X39__Y36__P005.jpg,0.800140,22.653195,ok
EES0423432__X3C__Y30__P006.jpg,0.837168,24.040015,ok
EES0423432__X03__Y18__P007.jpg,0.898508,25.318478,ok
EES0423432__X03__Y1B__P008.jpg,0.887445,23.845882,ok
EES0423432__X03__Y1E__P009.jpg,0.855941,23.133904,ok
EES0423432__X03__Y21__P010.jpg,0.762982,18.989802,ok
EES0423432__X03__Y2A__P011.jpg,0.790871,18.454986,ok
EES0423432__X03__Y2D__P012.jpg,0.813214,22.218476,ok
EES0423432__X03__Y30__P013.jpg,0.755494,19.343993,ok
EES0423432__X03__Y33__P014.jpg,0.920285,27.644082,ok
EES0423432__X06__Y15__P015.jpg,0.910758,30.656221,ok
EES0423432__X09__Y3C__P016.jpg,0.884434,22.890532,ok
EES0423432__X0C__Y0F__P017.jpg,0.884444,25.846899,ok
EES0423432__X0F__Y42__P018.jpg,0.763174,19.451488,ok
EES0423432__X12__Y0C__P019.jpg,0.781725,19.736668,ok
EES0423432__X15__Y09__P020.jpg,0.892537,27.167008,ok
EES0423432__X18__Y09__P021.jpg,0.834938,21.427554,ok
EES0423432__X18__Y45__P022.jpg,0.657208,15.844497,ok
EES0423432__X1B__Y45__P023.jpg,0.661876,17.167006,ok
EES0423432__X1E__Y06__P024.jpg,0.897360,25.730648,ok
EES0423432__X24__Y06__P025.jpg,0.873644,24.881191,ok
EES0423433__X27__Y06__P001.jpg,0.916081,33.148629,ok
EES0423433__X27__Y45__P002.jpg,0.676960,17.399573,ok
EES0423433__X2A__Y45__P003.jpg,0.860533,21.995281,ok
EES0423433__X2D__Y09__P004.jpg,0.859245,24.478742,ok
EES0423433__X2D__Y45__P005.jpg,0.906853,24.921957,ok
EES0423433__X30__Y09__P006.jpg,0.892344,25.460152,ok
EES0423433__X33__Y42__P007.jpg,0.819280,20.744866,ok
EES0423433__X36__Y0C__P008.jpg,0.846762,21.126103,ok
EES0423433__X36__Y3F__P009.jpg,0.764655,18.968001,ok
EES0423433__X39__Y0F__P010.jpg,0.819319,20.696772,ok
EES0423433__X39__Y3F__P011.jpg,0.926656,27.146674,ok
EES0423433__X3C__Y0F__P012.jpg,0.907182,29.381223,ok
EES0423433__X3C__Y3C__P013.jpg,0.858168,22.430662,ok
EES0423433__X3F__Y0F__P014.jpg,0.816095,20.487835,ok
EES0423433__X3F__Y15__P015.jpg,0.818246,19.662541,ok
EES0423433__X3F__Y18__P016.jpg,0.808281,20.846263,ok
EES0423433__X3F__Y30__P017.jpg,0.704035,16.796454,ok
EES0423433__X3F__Y33__P018.jpg,0.727466,17.136902,ok
EES0423433__X3F__Y36__P019.jpg,0.894022,25.017525,ok
EES0423433__X42__Y0C__P020.jpg,0.928700,33.331129,ok
EES0423433__X42__Y0F__P021.jpg,0.876082,24.410094,ok
EES0423433__X42__Y12__P022.jpg,0.895372,26.087337,ok
EES0423433__X42__Y15__P023.jpg,0.794179,20.039802,ok
EES0423433__X42__Y18__P024.jpg,0.864739,23.120554,ok
EES0423433__X42__Y1B__P025.jpg,0.847378,21.646181,ok
EES0423434__X42__Y1E__P001.jpg,0.843513,21.099799,ok
EES0423434__X42__Y21__P002.jpg,0.775191,19.684417,ok
EES0423434__X42__Y27__P003.jpg,0.675759,17.089908,ok
EES0423434__X42__Y2A__P004.jpg,0.787343,18.749674,ok
EES0423434__X42__Y2D__P005.jpg,0.656630,16.850683,ok
EES0423434__X42__Y30__P006.jpg,0.712317,17.079691,ok
EES0423434__X42__Y33__P007.jpg,0.875260,25.264713,ok
EES0423434__X06__Y1B__P008.jpg,0.763892,23.355280,ok
EES0423434__X06__Y1E__P009.jpg,0.796024,21.620302,ok
EES0423434__X06__Y21__P010.jpg,0.711667,19.072065,ok
EES0423434__X06__Y24__P011.jpg,0.607433,16.351856,ok
EES0423434__X06__Y27__P012.jpg,0.721761,19.063525,ok
EES0423434__X06__Y2D__P013.jpg,0.773669,20.170671,ok
EES0423434__X06__Y30__P014.jpg,0.821600,21.708809,ok
EES0423434__X06__Y33__P015.jpg,0.912098,27.705018,ok
EES0423434__X09__Y15__P016.jpg,0.836970,22.764794,ok
EES0423434__X09__Y36__P017.jpg,0.866587,23.376779,ok
EES0423434__X09__Y39__P018.jpg,0.920543,27.645848,ok
EES0423434__X0C__Y39__P019.jpg,0.659285,17.744704,ok
EES0423434__X0C__Y3C__P020.jpg,0.911048,28.667631,ok
EES0423434__X15__Y09__P021.jpg,0.924326,27.148367,ok
EES0423434__X15__Y42__P022.jpg,0.908094,26.679744,ok
EES0423434__X18__Y09__P023.jpg,0.880101,24.687675,ok
EES0423434__X1E__Y06__P024.jpg,0.922278,31.283498,ok
EES0423434__X1E__Y45__P025.jpg,0.897742,27.518450,ok
EES0423435__X21__Y06__P001.jpg,0.886092,25.679809,ok
EES0423435__X21__Y45__P002.jpg,0.799845,20.545040,ok
EES0423435__X24__Y06__P003.jpg,0.807296,21.939978,ok
EES0423435__X24__Y45__P004.jpg,0.738607,17.702326,ok
EES0423435__X27__Y06__P005.jpg,0.931285,38.750859,ok
EES0423435__X27__Y45__P006.jpg,0.865675,23.164022,ok
EES0423435__X2A__Y06__P007.jpg,0.928503,29.961345,ok
EES0423435__X2A__Y45__P008.jpg,0.904266,30.325670,ok
EES0423435__X2D__Y45__P009.jpg,0.905798,27.098426,ok
EES0423435__X33__Y09__P010.jpg,0.840913,26.129056,ok
EES0423435__X36__Y42__P011.jpg,0.915283,28.472203,ok
EES0423435__X39__Y0C__P012.jpg,0.907942,30.190807,ok
EES0423435__X39__Y3F__P013.jpg,0.867249,24.419671,ok
EES0423435__X3C__Y0F__P014.jpg,0.844566,24.372309,ok
EES0423435__X3C__Y3C__P015.jpg,0.932274,37.772135,ok
EES0423435__X3F__Y0F__P016.jpg,0.884744,25.623188,ok
EES0423435__X3F__Y12__P017.jpg,0.888060,27.207973,ok
EES0423435__X3F__Y39__P018.jpg,0.898682,25.877003,ok
EES0423435__X42__Y18__P019.jpg,0.898182,26.065110,ok
EES0423435__X42__Y33__P020.jpg,0.890234,25.065501,ok
EES0423435__X42__Y36__P021.jpg,0.919669,27.118160,ok
EES0423435__X45__Y1B__P022.jpg,0.879962,26.714119,ok
EES0423435__X45__Y1E__P023.jpg,0.921819,27.340623,ok
EES0423435__X45__Y21__P024.jpg,0.883477,28.018084,ok
EES0423435__X45__Y24__P025.jpg,0.882891,27.117815,ok
EES0423436__X45__Y27__P001.jpg,0.765379,20.252551,ok
EES0423436__X45__Y2A__P002.jpg,0.856829,25.358492,ok
EES0423436__X45__Y2D__P003.jpg,0.838148,24.481814,ok
EES0423436__X03__Y27__P004.jpg,0.898901,27.799548,ok
EES0423436__X06__Y1E__P005.jpg,0.890321,24.734545,ok
EES0423436__X09__Y1E__P006.jpg,0.910328,26.651363,ok
EES0423436__X09__Y2A__P007.jpg,0.883608,24.748100,ok
EES0423436__X0C__Y2A__P008.jpg,0.914953,31.956920,ok
EES0423436__X0F__Y27__P009.jpg,0.917269,27.716867,ok
EES0423436__X12__Y30__P010.jpg,0.883954,25.620777,ok
EES0423436__X12__Y3F__P011.jpg,0.838261,22.421172,ok
EES0423436__X15__Y1B__P012.jpg,0.927152,28.234445,ok
EES0423436__X15__Y2D__P013.jpg,0.867562,24.549487,ok
EES0423436__X18__Y3C__P014.jpg,0.886299,26.629477,ok
EES0423436__X18__Y42__P015.jpg,0.833418,22.843067,ok
EES0423436__X1B__Y3C__P016.jpg,0.859510,25.957920,ok
EES0423436__X1B__Y3F__P017.jpg,0.825104,24.289892,ok
EES0423436__X1B__Y42__P018.jpg,0.871761,24.804771,ok
EES0423436__X1E__Y3F__P019.jpg,0.907677,27.780585,ok
EES0423436__X21__Y42__P020.jpg,0.844269,22.263276,ok
EES0423436__X2A__Y27__P021.jpg,0.899975,27.143353,ok
EES0423436__X2A__Y2A__P022.jpg,0.833773,23.242595,ok
EES0423436__X2A__Y33__P023.jpg,0.900141,26.000376,ok
EES0423436__X2A__Y39__P024.jpg,0.875481,25.822379,ok
EES0423436__X2A__Y3C__P025.jpg,0.885301,26.738939,ok
EES0423437__X15__Y0C__P001.jpg,0.928195,34.078904,ok
EES0423437__X1B__Y09__P002.jpg,0.930968,38.806420,ok
EES0423437__X1E__Y09__P003.jpg,0.871162,24.299222,ok
EES0423437__X1E__Y45__P004.jpg,0.779862,21.285685,ok
EES0423437__X21__Y09__P005.jpg,0.814979,21.511169,ok
EES0423437__X21__Y18__P006.jpg,0.738193,19.258299,ok
EES0423437__X2A__Y09__P007.jpg,0.864194,25.515817,ok
EES0423437__X2A__Y18__P008.jpg,0.590357,16.188528,ok
EES0423437__X2D__Y09__P009.jpg,0.927850,28.261534,ok
EES0423437__X2D__Y1E__P010.jpg,0.598864,17.213076,ok
EES0423437__X2D__Y21__P011.jpg,0.643812,16.297388,ok
EES0423437__X2D__Y27__P012.jpg,0.649482,16.189129,ok
EES0423437__X30__Y1E__P013.jpg,0.637338,17.602450,ok
EES0423437__X36__Y0F__P014.jpg,0.771133,21.638751,ok
EES0423437__X39__Y0F__P015.jpg,0.892914,26.465695,ok
EES0423437__X3F__Y15__P016.jpg,0.915696,29.092572,ok
EES0423437__X42__Y18__P017.jpg,0.932137,39.148999,ok
EES0423437__X03__Y21__P018.jpg,0.857546,23.418021,ok
EES0423437__X03__Y27__P019.jpg,0.661837,19.110859,ok
EES0423437__X03__Y30__P020.jpg,0.793363,22.127650,ok
EES0423437__X03__Y33__P021.jpg,0.808977,22.626550,ok
EES0423437__X03__Y36__P022.jpg,0.842286,21.435781,ok
EES0423437__X03__Y39__P023.jpg,0.911221,26.873463,ok
EES0423437__X06__Y18__P024.jpg,0.922783,36.925969,ok
EES0423437__X06__Y1B__P025.jpg,0.802699,22.761452,ok
EES0423438__X06__Y39__P001.jpg,0.873812,23.872900,ok
EES0423438__X09__Y15__P002.jpg,0.868532,26.974377,ok
EES0423438__X09__Y3C__P003.jpg,0.777280,18.607594,ok
EES0423438__X0C__Y0F__P004.jpg,0.858082,26.208081,ok
EES0423438__X0C__Y3F__P005.jpg,0.784219,21.979664,ok
EES0423438__X0C__Y42__P006.jpg,0.934428,28.531662,ok
EES0423438__X0F__Y42__P007.jpg,0.722140,19.308321,ok
EES0423438__X12__Y0C__P008.jpg,0.888269,25.447826,ok
EES0423438__X18__Y09__P009.jpg,0.835626,21.714774,ok
EES0423438__X18__Y45__P010.jpg,0.772016,21.474908,ok
EES0423438__X1B__Y09__P011.jpg,0.927579,29.980089,ok
EES0423438__X1E__Y09__P012.jpg,0.791212,22.557004,ok
EES0423438__X21__Y09__P013.jpg,0.661363,19.673128,ok
EES0423438__X27__Y09__P014.jpg,0.816957,26.502172,ok
EES0423438__X30__Y45__P015.jpg,0.867764,24.388224,ok
EES0423438__X36__Y0F__P016.jpg,0.914965,29.054092,ok
EES0423438__X39__Y42__P017.jpg,0.898572,27.154197,ok
EES0423438__X3C__Y3C__P018.jpg,0.878890,25.457916,ok
EES0423438__X3F__Y39__P019.jpg,0.808055,22.610940,ok
EES0423438__X42__Y1E__P020.jpg,0.919551,28.146057,ok
EES0423438__X42__Y30__P021.jpg,0.878251,27.602561,ok
EES0423438__X0C__Y1B__P022.jpg,0.817557,21.149632,ok
EES0423438__X0C__Y1E__P023.jpg,0.576585,15.070897,ok
EES0423438__X0C__Y21__P024.jpg,0.727371,17.005561,ok
EES0423438__X09__Y27__P025.jpg,0.921772,27.335869,ok
EES0423439__X15__Y2A__P001.jpg,0.868541,25.379642,ok
EES0423439__X1E__Y09__P002.jpg,0.915804,26.763314,ok
EES0423439__X1E__Y0C__P003.jpg,0.853749,19.835176,ok
EES0423439__X1E__Y39__P004.jpg,0.917544,26.582307,ok
EES0423439__X21__Y0C__P005.jpg,0.889545,25.205878,ok
EES0423439__X27__Y15__P006.jpg,0.861041,26.639353,ok
EES0423439__X27__Y1E__P007.jpg,0.923131,27.045898,ok
EES0423439__X24__Y45__P008.jpg,0.859414,24.979617,ok
EES0423439__X2A__Y45__P009.jpg,0.775592,20.543231,ok
EES0423439__X2D__Y45__P010.jpg,0.777747,20.943987,ok
EES0423439__X36__Y3F__P011.jpg,0.803086,21.160310,ok
EES0423439__X3C__Y15__P012.jpg,0.916666,25.585351,ok
EES0423439__X3F__Y18__P013.jpg,0.924642,28.232325,ok
EES0423439__X42__Y21__P014.jpg,0.788437,20.189153,ok
EES0423439__X1E__Y09__P015.jpg,0.930994,33.459793,ok
EES0423439__X2D__Y45__P016.jpg,0.868260,27.664021,ok
EES0423439__X3C__Y36__P017.jpg,0.834727,21.635703,ok
EES0423439__X3F__Y21__P018.jpg,0.802072,19.974993,ok
EES0423439__X3F__Y2A__P019.jpg,0.786352,20.666921,ok
EES0423439__X3F__Y2D__P020.jpg,0.854688,22.643471,ok
EES0423439__X1E__Y3F__P021.jpg,0.727378,18.776568,ok
EES0423439__X1E__Y42__P022.jpg,0.603905,18.111965,ok
EES0423439__X21__Y3F__P023.jpg,0.799300,21.442633,ok
EES0423439__X24__Y39__P024.jpg,0.603387,19.064579,ok
EES0423439__X24__Y3F__P025.jpg,0.686337,19.279216,ok
EES0423440__X0F__Y3F__P001.jpg,0.906471,26.533659,ok
EES0423440__X18__Y06__P002.jpg,0.883168,24.101780,ok
EES0423440__X1B__Y06__P003.jpg,0.670155,17.933299,ok
EES0423440__X24__Y45__P004.jpg,0.889157,24.209969,ok
EES0423440__X27__Y06__P005.jpg,0.546208,16.722749,ok
EES0423440__X27__Y45__P006.jpg,0.855432,22.959017,ok
EES0423440__X2A__Y06__P007.jpg,0.850962,23.190360,ok
EES0423440__X2D__Y06__P008.jpg,0.933981,30.342199,ok
EES0423440__X30__Y42__P009.jpg,0.888299,25.449914,ok
EES0423440__X33__Y09__P010.jpg,0.910303,28.645251,ok
EES0423440__X36__Y0C__P011.jpg,0.771493,20.936696,ok
EES0423440__X39__Y3C__P012.jpg,0.887485,26.152509,ok
EES0423440__X3C__Y0F__P013.jpg,0.931336,33.604139,ok
EES0423440__X3F__Y0C__P014.jpg,0.825104,22.102209,ok
EES0423440__X3F__Y12__P015.jpg,0.931643,35.324440,ok
EES0423440__X3F__Y15__P016.jpg,0.785026,20.702833,ok
EES0423440__X42__Y18__P017.jpg,0.934224,37.521546,ok
EES0423440__X42__Y1B__P018.jpg,0.849133,23.507561,ok
EES0423440__X42__Y1E__P019.jpg,0.757841,19.738203,ok
EES0423440__X42__Y21__P020.jpg,0.708498,18.144434,ok
EES0423440__X42__Y24__P021.jpg,0.784458,21.547671,ok
EES0423440__X42__Y27__P022.jpg,0.822844,22.613357,ok
EES0423440__X42__Y2A__P023.jpg,0.918685,26.830776,ok
EES0423440__X42__Y2D__P024.jpg,0.925718,30.337264,ok
EES0423440__X03__Y1B__P025.jpg,0.896621,30.539498,ok
EES0423441__X03__Y1E__P001.jpg,0.735018,20.273545,ok
EES0423441__X03__Y36__P002.jpg,0.827964,26.457285,ok
EES0423441__X03__Y39__P003.jpg,0.827488,23.880176,ok
EES0423441__X06__Y18__P004.jpg,0.877003,26.641161,ok
EES0423441__X06__Y3C__P005.jpg,0.917320,26.477886,ok
EES0423441__X09__Y12__P006.jpg,0.920621,29.897282,ok
EES0423441__X09__Y3F__P007.jpg,0.930303,30.640679,ok
EES0423441__X0C__Y0F__P008.jpg,0.818149,22.679950,ok
EES0423441__X0C__Y42__P009.jpg,0.931697,34.831430,ok
EES0423441__X12__Y0C__P010.jpg,0.935490,39.377471,ok
EES0423441__X12__Y45__P011.jpg,0.848844,23.746286,ok
EES0423441__X1B__Y09__P012.jpg,0.907186,27.778696,ok
EES0423441__X21__Y09__P013.jpg,0.903585,27.839159,ok
EES0423441__X27__Y09__P014.jpg,0.854393,28.381644,ok
EES0423441__X30__Y0C__P015.jpg,0.903283,28.610712,ok
EES0423441__X30__Y45__P016.jpg,0.795082,21.621080,ok
EES0423441__X33__Y45__P017.jpg,0.763543,21.906271,ok
EES0423441__X36__Y0F__P018.jpg,0.899074,28.293666,ok
EES0423441__X36__Y42__P019.jpg,0.884582,26.657755,ok
EES0423441__X39__Y12__P020.jpg,0.862766,24.350164,ok
EES0423441__X39__Y3F__P021.jpg,0.834062,23.200493,ok
EES0423441__X3C__Y0C__P022.jpg,0.918788,33.029526,ok
EES0423441__X3C__Y3F__P023.jpg,0.927135,29.004722,ok
EES0423441__X3F__Y12__P024.jpg,0.888278,27.126987,ok
EES0423441__X3F__Y39__P025.jpg,0.884632,25.906493,ok
EES0423442__X42__Y12__P001.jpg,0.861417,28.331522,ok
EES0423442__X42__Y18__P002.jpg,0.851826,24.330097,ok
EES0423442__X42__Y1B__P003.jpg,0.930104,27.904646,ok
EES0423442__X42__Y1E__P004.jpg,0.933477,29.397169,ok
EES0423442__X42__Y21__P005.jpg,0.841656,25.030334,ok
EES0423442__X42__Y30__P006.jpg,0.873243,24.811010,ok
EES0423442__X42__Y33__P007.jpg,0.805086,21.444275,ok
EES0423442__X42__Y36__P008.jpg,0.888132,25.763717,ok
EES0423442__X42__Y39__P009.jpg,0.877714,25.598100,ok
EES0423442__X12__Y39__P010.jpg,0.805875,21.067526,ok
EES0423442__X18__Y0F__P011.jpg,0.858679,24.021647,ok
EES0423442__X18__Y12__P012.jpg,0.877888,25.261876,ok
EES0423442__X18__Y39__P013.jpg,0.899659,28.778657,ok
EES0423442__X18__Y3C__P014.jpg,0.855161,24.973923,ok
EES0423442__X1B__Y12__P015.jpg,0.913044,30.257943,ok
EES0423442__X1B__Y39__P016.jpg,0.910726,29.015133,ok
EES0423442__X21__Y09__P017.jpg,0.865839,22.741157,ok
EES0423442__X21__Y12__P018.jpg,0.844968,21.668815,ok
EES0423442__X21__Y33__P019.jpg,0.778212,20.442382,ok
EES0423442__X27__Y09__P020.jpg,0.812578,21.526158,ok
EES0423442__X2A__Y30__P021.jpg,0.851897,24.920828,ok
EES0423442__X2D__Y1B__P022.jpg,0.862072,24.332034,ok
EES0423442__X2D__Y30__P023.jpg,0.811524,22.285533,ok
EES0423442__X2D__Y33__P024.jpg,0.881024,24.866784,ok
EES0423442__X2D__Y36__P025.jpg,0.836877,21.129046,ok
EES0423443__X2D__Y24__P001.jpg,0.702571,17.746262,ok
EES0423443__X30__Y45__P002.jpg,0.847747,23.540401,ok
EES0423443__X3F__Y1B__P003.jpg,0.922373,29.830585,ok
EES0423443__X3F__Y1E__P004.jpg,0.699631,19.183008,ok
EES0423443__X3F__Y21__P005.jpg,0.709556,18.498990,ok
EES0423443__X3F__Y33__P006.jpg,0.745145,18.236202,ok
EES0423443__X3F__Y36__P007.jpg,0.842961,22.908605,ok
EES0423443__X42__Y24__P008.jpg,0.918665,30.292503,ok
EES0423443__X42__Y27__P009.jpg,0.876513,26.685496,ok
EES0423443__X42__Y2A__P010.jpg,0.880884,25.301463,ok
EES0423443__X42__Y2D__P011.jpg,0.902744,27.052504,ok
EES0423443__X42__Y30__P012.jpg,0.927453,28.380992,ok
EES0423443__X27__Y06__P013.jpg,0.920082,31.112532,ok
EES0423443__X2D__Y39__P014.jpg,0.660483,18.506890,ok
EES0423443__X2D__Y3F__P015.jpg,0.706470,16.845091,ok
EES0423443__X30__Y39__P016.jpg,0.566953,16.503033,ok
EES0423443__X30__Y3F__P017.jpg,0.689797,17.962460,ok
EES0423443__X30__Y42__P018.jpg,0.694536,19.468699,ok
EES0423443__X33__Y39__P019.jpg,0.598049,17.921792,ok
EES0423443__X33__Y3F__P020.jpg,0.658672,19.346608,ok
EES0423443__X36__Y0C__P021.jpg,0.712529,19.659042,ok
EES0423443__X39__Y1B__P022.jpg,0.629926,17.956515,ok
EES0423443__X39__Y3F__P023.jpg,0.919864,32.558048,ok
EES0423443__X3C__Y3C__P024.jpg,0.924596,29.185762,ok
EES0423443__X3F__Y15__P025.jpg,0.891045,27.010284,ok
EES0423444__X42__Y1B__P001.jpg,0.843144,24.376345,ok
EES0423444__X42__Y30__P002.jpg,0.822985,24.029089,ok
EES0423444__X42__Y33__P003.jpg,0.925281,34.946169,ok
EES0423444__X03__Y27__P004.jpg,0.852921,23.644832,ok
EES0423444__X03__Y2D__P005.jpg,0.852342,22.972019,ok
EES0423444__X06__Y24__P006.jpg,0.852659,23.687249,ok
EES0423444__X06__Y33__P007.jpg,0.833594,22.899130,ok
EES0423444__X09__Y15__P008.jpg,0.909117,26.758003,ok
EES0423444__X15__Y09__P009.jpg,0.920068,34.740020,ok
EES0423444__X18__Y09__P010.jpg,0.898733,25.609279,ok
EES0423444__X2D__Y42__P011.jpg,0.655255,18.562767,ok
EES0423444__X3C__Y3C__P012.jpg,0.858527,22.458190,ok
EES0423444__X42__Y1E__P013.jpg,0.660555,17.826749,ok
EES0423444__X42__Y30__P014.jpg,0.881942,25.923467,ok
EES0423444__X27__Y18__P015.jpg,0.880602,25.459239,ok
EES0423444__X2A__Y0F__P016.jpg,0.921903,28.214425,ok
EES0423444__X2D__Y1B__P017.jpg,0.825240,21.360083,ok
EES0423444__X2A__Y45__P018.jpg,0.750302,20.426593,ok
EES0423444__X2D__Y45__P019.jpg,0.850222,24.007936,ok
EES0423444__X36__Y0C__P020.jpg,0.890466,29.751043,ok
EES0423444__X42__Y18__P021.jpg,0.882247,24.809194,ok
EES0423444__X42__Y1B__P022.jpg,0.817505,22.274078,ok
EES0423444__X18__Y0C__P023.jpg,0.886615,29.386796,ok
EES0423444__X21__Y09__P024.jpg,0.790318,21.305313,ok
EES0423444__X24__Y09__P025.jpg,0.868190,25.180417,ok
EES0423445__X2D__Y45__P001.jpg,0.697842,20.641341,ok
EES0423445__X33__Y0C__P002.jpg,0.906257,30.087114,ok
EES0423445__X33__Y42__P003.jpg,0.704798,20.875100,ok
EES0423445__X33__Y45__P004.jpg,0.831713,23.931796,ok
EES0423445__X42__Y18__P005.jpg,0.911102,30.277172,ok
EES0423445__X45__Y1B__P006.jpg,0.860218,25.063134,ok
EES0423445__X45__Y36__P007.jpg,0.837050,21.260815,ok
EES0423445__X48__Y21__P008.jpg,0.871557,25.718475,ok
EES0423445__X48__Y24__P009.jpg,0.681854,19.032938,ok
EES0423445__X48__Y27__P010.jpg,0.897127,27.901890,ok
EES0423445__X48__Y2A__P011.jpg,0.860642,24.398861,ok
EES0423445__X48__Y2D__P012.jpg,0.870378,25.475196,ok
EES0423445__X03__Y1E__P013.jpg,0.861138,24.794627,ok
EES0423445__X03__Y21__P014.jpg,0.800817,21.579614,ok
EES0423445__X09__Y12__P015.jpg,0.917097,31.468402,ok
EES0423445__X0C__Y0F__P016.jpg,0.865573,24.621249,ok
EES0423445__X15__Y09__P017.jpg,0.924662,36.154125,ok
EES0423445__X18__Y09__P018.jpg,0.840124,24.356655,ok
EES0423445__X1B__Y09__P019.jpg,0.659668,17.614578,ok
EES0423445__X2D__Y09__P020.jpg,0.924376,31.127638,ok
EES0423445__X2D__Y0C__P021.jpg,0.610315,16.189423,ok
EES0423445__X30__Y0C__P022.jpg,0.736777,19.392021,ok
EES0423445__X33__Y0C__P023.jpg,0.922887,31.658893,ok
EES0423445__X36__Y0F__P024.jpg,0.823789,22.727583,ok
EES0423445__X3F__Y18__P025.jpg,0.877597,24.495036,ok
EES0423446__X33__Y0F__P001.jpg,0.825549,23.375525,ok
EES0423446__X33__Y12__P002.jpg,0.627780,17.725715,ok
EES0423446__X36__Y09__P003.jpg,0.827417,20.824590,ok
EES0423446__X36__Y0C__P004.jpg,0.842081,22.570738,ok
EES0423446__X36__Y0F__P005.jpg,0.874468,27.147445,ok
EES0423446__X36__Y12__P006.jpg,0.814830,21.607672,ok
EES0423446__X36__Y15__P007.jpg,0.672408,19.058526,ok
EES0423446__X39__Y0F__P008.jpg,0.920483,29.912362,ok
EES0423446__X39__Y12__P009.jpg,0.865976,24.194463,ok
EES0423446__X39__Y15__P010.jpg,0.876165,24.906730,ok
EES0423446__X3C__Y0C__P011.jpg,0.848929,23.783784,ok
EES0423446__X0F__Y24__P012.jpg,0.672915,19.990672,ok
EES0423446__X33__Y33__P013.jpg,0.771692,21.783096,ok
EES0423446__X06__Y21__P014.jpg,0.685867,18.657299,ok
EES0423446__X06__Y2A__P015.jpg,0.740627,18.810885,ok
EES0423446__X06__Y30__P016.jpg,0.741957,20.390105,ok
EES0423446__X06__Y33__P017.jpg,0.848777,22.471169,ok
EES0423446__X06__Y36__P018.jpg,0.881453,25.118701,ok
EES0423446__X09__Y15__P019.jpg,0.868040,24.644300,ok
EES0423446__X3F__Y15__P020.jpg,0.908142,32.799331,ok
EES0423446__X42__Y1B__P021.jpg,0.863029,26.836911,ok
EES0423446__X45__Y1E__P022.jpg,0.908389,30.562444,ok
EES0423446__X45__Y27__P023.jpg,0.807710,25.887341,ok
EES0423446__X45__Y2A__P024.jpg,0.887672,25.879071,ok
EES0423446__X15__Y0F__P025.jpg,0.924160,29.943258,ok
EES0423447__X42__Y27__P001.jpg,0.765334,20.172224,ok
EES0423447__X0C__Y24__P002.jpg,0.834632,23.997318,ok
EES0423447__X0C__Y2D__P003.jpg,0.842966,24.472666,ok
EES0423447__X0C__Y33__P004.jpg,0.872840,22.743215,ok
EES0423447__X0C__Y39__P005.jpg,0.791752,22.898156,ok
EES0423447__X0F__Y21__P006.jpg,0.896739,26.220951,ok
EES0423447__X0F__Y27__P007.jpg,0.855345,25.136231,ok
EES0423447__X0F__Y33__P008.jpg,0.898857,31.158436,ok
EES0423447__X12__Y1E__P009.jpg,0.848182,25.462269,ok
EES0423447__X12__Y21__P010.jpg,0.843555,23.543270,ok
EES0423447__X12__Y2D__P011.jpg,0.888636,27.190515,ok
EES0423447__X12__Y36__P012.jpg,0.899142,25.654470,ok
EES0423447__X12__Y39__P013.jpg,0.761014,21.843806,ok
EES0423447__X12__Y3C__P014.jpg,0.863037,25.375769,ok
EES0423447__X15__Y2A__P015.jpg,0.876835,25.788152,ok
EES0423447__X15__Y39__P016.jpg,0.866535,22.516613,ok
EES0423447__X18__Y1B__P017.jpg,0.810368,21.755630,ok
EES0423447__X18__Y39__P018.jpg,0.858547,25.928854,ok
EES0423447__X18__Y3F__P019.jpg,0.908457,32.632006,ok
EES0423447__X18__Y42__P020.jpg,0.837939,23.570605,ok
EES0423447__X1B__Y12__P021.jpg,0.849985,24.043642,ok
EES0423447__X1B__Y15__P022.jpg,0.868515,23.737670,ok
EES0423447__X1B__Y39__P023.jpg,0.911724,28.698570,ok
EES0423447__X1E__Y3F__P024.jpg,0.892885,25.995398,ok
EES0423447__X1E__Y42__P025.jpg,0.900911,27.907835,ok
EES0423448__X21__Y27__P001.jpg,0.849928,24.627657,ok
EES0423448__X24__Y42__P002.jpg,0.820270,22.456308,ok
EES0423448__X24__Y45__P003.jpg,0.920391,34.054635,ok
EES0423448__X27__Y2D__P004.jpg,0.852097,25.249531,ok
EES0423448__X27__Y3C__P005.jpg,0.901724,29.973351,ok
EES0423448__X2A__Y2A__P006.jpg,0.844907,24.897046,ok
EES0423448__X2A__Y2D__P007.jpg,0.810649,22.275759,ok
EES0423448__X2A__Y30__P008.jpg,0.903475,22.971779,ok
EES0423448__X2A__Y36__P009.jpg,0.847813,25.609217,ok
EES0423448__X2D__Y2D__P010.jpg,0.810510,26.234290,ok
EES0423448__X2D__Y42__P011.jpg,0.890399,23.971896,ok
EES0423448__X30__Y30__P012.jpg,0.813188,23.078875,ok
EES0423448__X30__Y3F__P013.jpg,0.806266,20.950135,ok
EES0423448__X30__Y42__P014.jpg,0.883926,25.050502,ok
EES0423448__X33__Y2D__P015.jpg,0.877118,26.299524,ok
EES0423448__X33__Y3F__P016.jpg,0.843758,23.646324,ok
EES0423448__X33__Y42__P017.jpg,0.846967,22.334326,ok
EES0423448__X36__Y24__P018.jpg,0.873452,27.031794,ok
EES0423448__X36__Y27__P019.jpg,0.859358,23.009604,ok
EES0423448__X36__Y3C__P020.jpg,0.891341,26.691207,ok
EES0423448__X36__Y3F__P021.jpg,0.906387,26.855534,ok
EES0423448__X39__Y30__P022.jpg,0.841363,24.242282,ok
EES0423448__X3C__Y1B__P023.jpg,0.885175,26.543566,ok
EES0423448__X3F__Y2A__P024.jpg,0.892886,28.404510,ok
EES0423448__X3F__Y2D__P025.jpg,0.806484,21.588571,ok
EES0423449__X03__Y1E__P001.jpg,0.873453,25.471506,ok
EES0423449__X03__Y24__P002.jpg,0.835202,18.084474,ok
EES0423449__X03__Y27__P003.jpg,0.861643,25.999518,ok
EES0423449__X03__Y2A__P004.jpg,0.830801,24.468165,ok
EES0423449__X03__Y2D__P005.jpg,0.751824,21.554039,ok
EES0423449__X06__Y3C__P006.jpg,0.892396,27.138641,ok
EES0423449__X09__Y1B__P007.jpg,0.792288,21.821679,ok
EES0423449__X09__Y3F__P008.jpg,0.835505,23.386525,ok
EES0423449__X0C__Y42__P009.jpg,0.799730,23.628052,ok
EES0423449__X0F__Y45__P010.jpg,0.915047,31.886558,ok
EES0423449__X39__Y42__P011.jpg,0.899123,30.947798,ok
EES0423449__X3F__Y39__P012.jpg,0.846400,23.644597,ok
EES0423449__X3F__Y3C__P013.jpg,0.857179,24.452684,ok
EES0423449__X06__Y27__P014.jpg,0.776895,21.689805,ok
EES0423449__X09__Y2D__P015.jpg,0.724295,18.513949,ok
EES0423449__X09__Y30__P016.jpg,0.778072,20.781937,ok
EES0423449__X09__Y33__P017.jpg,0.731962,19.615377,ok
EES0423449__X0C__Y15__P018.jpg,0.771450,20.979405,ok
EES0423449__X0F__Y39__P019.jpg,0.903183,28.282927,ok
EES0423449__X0F__Y3C__P020.jpg,0.816066,23.111765,ok
EES0423449__X15__Y42__P021.jpg,0.913102,31.229886,ok
EES0423449__X1E__Y09__P022.jpg,0.885432,26.926925,ok
EES0423449__X1E__Y45__P023.jpg,0.780257,22.350078,ok
EES0423449__X24__Y45__P024.jpg,0.752322,20.487091,ok
EES0423449__X27__Y45__P025.jpg,0.643869,17.240037,ok
EES0423450__X45__Y1B__P001.jpg,0.886871,35.319807,ok
EES0423450__X45__Y24__P002.jpg,0.897930,26.771896,ok
EES0423450__X45__Y2D__P003.jpg,0.921914,31.709023,ok
EES0423450__X06__Y24__P004.jpg,0.881982,24.194087,ok
EES0423450__X06__Y27__P005.jpg,0.824483,22.236522,ok
EES0423450__X09__Y24__P006.jpg,0.783333,20.130262,ok
EES0423450__X0F__Y15__P007.jpg,0.904764,28.431827,ok
EES0423450__X18__Y12__P008.jpg,0.836225,22.779048,ok
EES0423450__X21__Y0C__P009.jpg,0.724527,18.263079,ok
EES0423450__X24__Y0C__P010.jpg,0.769529,19.376964,ok
EES0423450__X2A__Y0C__P011.jpg,0.802645,19.587020,ok
EES0423450__X3C__Y42__P012.jpg,0.863849,22.837803,ok
EES0423450__X42__Y1B__P013.jpg,0.765483,18.637525,ok
EES0423450__X42__Y3C__P014.jpg,0.789001,18.203407,ok
EES0423450__X45__Y21__P015.jpg,0.916108,29.780623,ok
EES0423450__X45__Y24__P016.jpg,0.660965,16.682516,ok
EES0423450__X45__Y27__P017.jpg,0.591489,16.000211,ok
EES0423450__X45__Y30__P018.jpg,0.818346,22.368209,ok
EES0423450__X45__Y39__P019.jpg,0.928519,32.712370,ok
EES0423450__X06__Y24__P020.jpg,0.829933,23.452019,ok
EES0423450__X06__Y27__P021.jpg,0.828147,24.512954,ok
EES0423450__X06__Y2D__P022.jpg,0.801530,21.586379,ok
EES0423450__X06__Y30__P023.jpg,0.804022,21.890972,ok
EES0423450__X0C__Y15__P024.jpg,0.873203,25.423279,ok
EES0423450__X0C__Y1B__P025.jpg,0.772222,20.996154,ok
EES0423451__X0C__Y42__P001.jpg,0.917892,31.206018,ok
EES0423451__X0F__Y18__P002.jpg,0.823355,24.883660,ok
EES0423451__X0F__Y45__P003.jpg,0.830381,21.958202,ok
EES0423451__X15__Y0F__P004.jpg,0.864412,21.881827,ok
EES0423451__X15__Y15__P005.jpg,0.733614,20.227661,ok
EES0423451__X1B__Y0F__P006.jpg,0.843979,22.542486,ok
EES0423451__X1E__Y0C__P007.jpg,0.895938,27.756635,ok
EES0423451__X21__Y0C__P008.jpg,0.802498,20.891809,ok
EES0423451__X24__Y0C__P009.jpg,0.877334,26.187511,ok
EES0423451__X24__Y0F__P010.jpg,0.849058,24.480426,ok
EES0423451__X2A__Y0C__P011.jpg,0.871478,26.836239,ok
EES0423451__X2D__Y0F__P012.jpg,0.747680,20.765272,ok
EES0423451__X33__Y0F__P013.jpg,0.891731,28.709449,ok
EES0423451__X33__Y12__P014.jpg,0.694246,18.610592,ok
EES0423451__X39__Y42__P015.jpg,0.930481,32.424652,ok
EES0423451__X3F__Y39__P016.jpg,0.924751,31.219055,ok
EES0423451__X3F__Y3C__P017.jpg,0.911509,34.415313,ok
EES0423451__X42__Y21__P018.jpg,0.897236,27.982307,ok
EES0423451__X42__Y24__P019.jpg,0.904803,30.771722,ok
EES0423451__X42__Y2A__P020.jpg,0.709627,20.285450,ok
EES0423451__X42__Y30__P021.jpg,0.815130,23.060672,ok
EES0423451__X42__Y33__P022.jpg,0.926556,34.980962,ok
EES0423451__X12__Y2A__P023.jpg,0.809897,22.304082,ok
EES0423451__X15__Y2A__P024.jpg,0.716858,18.238959,ok
EES0423451__X24__Y0F__P025.jpg,0.786512,20.868867,ok
EES0423452__X39__Y09__P001.jpg,0.914606,29.577103,ok
EES0423452__X39__Y3C__P002.jpg,0.779688,19.826726,ok
EES0423452__X3C__Y0C__P003.jpg,0.908428,25.870882,ok
EES0423452__X3C__Y3C__P004.jpg,0.901307,27.533913,ok
EES0423452__X3F__Y0C__P005.jpg,0.897022,24.137675,ok
EES0423452__X3F__Y0F__P006.jpg,0.758882,19.788341,ok
EES0423452__X3F__Y36__P007.jpg,0.620441,16.664949,ok
EES0423452__X3F__Y39__P008.jpg,0.881320,23.846484,ok
EES0423452__X42__Y12__P009.jpg,0.710231,18.983768,ok
EES0423452__X42__Y33__P010.jpg,0.791682,20.932326,ok
EES0423452__X45__Y18__P011.jpg,0.871585,26.015569,ok
EES0423452__X45__Y1B__P012.jpg,0.733400,19.297512,ok
EES0423452__X45__Y27__P013.jpg,0.762069,20.617120,ok
EES0423452__X45__Y2D__P014.jpg,0.801608,20.576566,ok
EES0423452__X45__Y30__P015.jpg,0.927320,34.985128,ok
EES0423452__X48__Y1E__P016.jpg,0.853651,23.405429,ok
EES0423452__X48__Y21__P017.jpg,0.874547,23.354207,ok
EES0423452__X48__Y2A__P018.jpg,0.845712,26.805341,ok
EES0423452__X18__Y03__P019.jpg,0.679549,18.031924,ok
EES0423452__X1B__Y03__P020.jpg,0.466254,15.939988,ok
EES0423452__X1E__Y03__P021.jpg,0.705377,16.645789,ok
EES0423452__X21__Y03__P022.jpg,0.758998,19.246795,ok
EES0423452__X0C__Y21__P023.jpg,0.774667,18.775524,ok
EES0423452__X0C__Y24__P024.jpg,0.720570,15.980089,ok
EES0423452__X0C__Y27__P025.jpg,0.707795,17.486383,ok
EES0423453__X3C__Y33__P001.jpg,0.676264,18.424694,ok
EES0423453__X3C__Y36__P002.jpg,0.757867,20.289641,ok
EES0423453__X30__Y3F__P003.jpg,0.922301,21.968250,ok
EES0423453__X33__Y3F__P004.jpg,0.808616,17.792444,ok
EES0423453__X42__Y30__P005.jpg,0.864015,20.225835,ok
EES0423453__X0F__Y1E__P006.jpg,0.832080,19.693450,ok
EES0423453__X1E__Y18__P007.jpg,0.926502,24.494410,ok
EES0423453__X21__Y0C__P008.jpg,0.866781,20.252704,ok
EES0423453__X21__Y0F__P009.jpg,0.864811,20.282396,ok
EES0423453__X21__Y12__P010.jpg,0.906911,21.433696,ok
EES0423453__X21__Y15__P011.jpg,0.909251,24.967839,ok
EES0423453__X21__Y1B__P012.jpg,0.891676,20.982022,ok
EES0423453__X24__Y09__P013.jpg,0.887227,19.961575,ok
EES0423453__X24__Y0C__P014.jpg,0.775808,18.171651,ok
EES0423453__X24__Y15__P015.jpg,0.836882,18.326916,ok
EES0423453__X24__Y18__P016.jpg,0.881838,19.849603,ok
EES0423453__X24__Y30__P017.jpg,0.878359,19.971088,ok
EES0423453__X27__Y0C__P018.jpg,0.908680,21.708139,ok
EES0423453__X27__Y0F__P019.jpg,0.880521,20.573652,ok
EES0423453__X2A__Y0C__P020.jpg,0.929154,21.792870,ok
EES0423453__X33__Y1E__P021.jpg,0.852210,19.795318,ok
EES0423453__X36__Y18__P022.jpg,0.827600,18.741200,ok
EES0423453__X36__Y1B__P023.jpg,0.827721,18.347859,ok
EES0423453__X36__Y1E__P024.jpg,0.896067,19.508526,ok
EES0423453__X39__Y18__P025.jpg,0.841934,20.184506,ok
EES0423454__X18__Y12__P001.jpg,0.615728,16.704348,ok
EES0423454__X18__Y15__P002.jpg,0.601647,16.814107,ok
EES0423454__X1B__Y12__P003.jpg,0.588437,16.427147,ok
EES0423454__X1B__Y15__P004.jpg,0.583046,17.006985,ok
EES0423454__X1E__Y09__P005.jpg,0.926550,22.252356,ok
EES0423454__X1E__Y0C__P006.jpg,0.722738,17.317284,ok
EES0423454__X1E__Y0F__P007.jpg,0.582448,16.442090,ok
EES0423454__X1E__Y3F__P008.jpg,0.886965,22.520741,ok
EES0423454__X21__Y06__P009.jpg,0.893364,21.715187,ok
EES0423454__X21__Y09__P010.jpg,0.763561,18.426633,ok
EES0423454__X24__Y06__P011.jpg,0.791338,18.285032,ok
EES0423454__X27__Y06__P012.jpg,0.681674,17.189609,ok
EES0423454__X27__Y42__P013.jpg,0.794177,19.138182,ok
EES0423454__X2A__Y03__P014.jpg,0.851212,21.056845,ok
EES0423454__X2A__Y42__P015.jpg,0.788370,17.990385,ok
EES0423454__X2D__Y03__P016.jpg,0.782916,18.507728,ok
EES0423454__X2D__Y42__P017.jpg,0.713394,18.010631,ok
EES0423454__X30__Y03__P018.jpg,0.862594,20.528314,ok
EES0423454__X30__Y42__P019.jpg,0.918132,22.026587,ok
EES0423454__X33__Y03__P020.jpg,0.929490,22.073606,ok
EES0423454__X33__Y42__P021.jpg,0.764819,20.167583,ok
EES0423454__X36__Y03__P022.jpg,0.896862,20.924918,ok
EES0423454__X36__Y42__P023.jpg,0.862034,21.634905,ok
EES0423454__X39__Y42__P024.jpg,0.912237,25.398555,ok
EES0423454__X3C__Y06__P025.jpg,0.905923,22.860475,ok
EES0423455__X21__Y24__P001.jpg,0.821348,17.477474,ok
EES0423455__X21__Y30__P002.jpg,0.907784,21.781501,ok
EES0423455__X21__Y39__P003.jpg,0.833668,19.804582,ok
EES0423455__X24__Y18__P004.jpg,0.734049,16.833851,ok
EES0423455__X24__Y30__P005.jpg,0.913743,21.493568,ok
EES0423455__X2A__Y1E__P006.jpg,0.840791,18.716984,ok
EES0423455__X2A__Y21__P007.jpg,0.916084,23.333490,ok
EES0423455__X2A__Y24__P008.jpg,0.878554,21.221179,ok
EES0423455__X2A__Y27__P009.jpg,0.937831,22.394441,ok
EES0423455__X2A__Y2A__P010.jpg,0.933204,22.766145,ok
EES0423455__X2A__Y30__P011.jpg,0.896675,21.641932,ok
EES0423455__X2D__Y1E__P012.jpg,0.940161,21.993229,ok
EES0423455__X2D__Y24__P013.jpg,0.804398,17.849804,ok
EES0423455__X2D__Y27__P014.jpg,0.937157,23.247530,ok
EES0423455__X2D__Y2A__P015.jpg,0.857579,19.120688,ok
EES0423455__X2D__Y2D__P016.jpg,0.829764,18.902760,ok
EES0423455__X2D__Y3F__P017.jpg,0.805177,17.422284,ok
EES0423455__X30__Y24__P018.jpg,0.766503,19.098897,ok
EES0423455__X30__Y27__P019.jpg,0.859966,21.503905,ok
EES0423455__X30__Y2D__P020.jpg,0.865839,20.555667,ok
EES0423455__X30__Y30__P021.jpg,0.864138,20.055182,ok
EES0423455__X33__Y2D__P022.jpg,0.772586,17.813169,ok
EES0423455__X33__Y30__P023.jpg,0.858349,20.445620,ok
EES0423455__X36__Y33__P024.jpg,0.819435,20.625486,ok
EES0423455__X09__Y1B__P025.jpg,0.775778,19.611129,ok
EES0423456__X24__Y2A__P001.jpg,0.820040,20.548404,ok
EES0423456__X24__Y2D__P002.jpg,0.874705,22.481664,ok
EES0423456__X24__Y30__P003.jpg,0.689211,19.120647,ok
EES0423456__X24__Y33__P004.jpg,0.853261,20.395272,ok
EES0423456__X24__Y36__P005.jpg,0.854522,20.215719,ok
EES0423456__X24__Y39__P006.jpg,0.744969,18.031237,ok
EES0423456__X24__Y3C__P007.jpg,0.812448,20.296653,ok
EES0423456__X27__Y27__P008.jpg,0.792477,19.089652,ok
EES0423456__X2A__Y27__P009.jpg,0.818492,20.772558,ok
EES0423456__X2A__Y30__P010.jpg,0.815908,19.859192,ok
EES0423456__X30__Y18__P011.jpg,0.771148,20.240801,ok
EES0423456__X30__Y27__P012.jpg,0.798238,19.479642,ok
EES0423456__X30__Y30__P013.jpg,0.796572,18.966308,ok
EES0423456__X30__Y33__P014.jpg,0.811590,20.658380,ok
EES0423456__X30__Y36__P015.jpg,0.833856,20.556185,ok
EES0423456__X33__Y30__P016.jpg,0.902108,21.687961,ok
EES0423456__X33__Y33__P017.jpg,0.797785,20.331648,ok
EES0423456__X33__Y36__P018.jpg,0.816332,19.237520,ok
EES0423456__X36__Y15__P019.jpg,0.671128,19.004316,ok
EES0423456__X36__Y27__P020.jpg,0.761781,19.757919,ok
EES0423456__X36__Y2A__P021.jpg,0.800653,20.039613,ok
EES0423456__X36__Y30__P022.jpg,0.654973,17.539630,ok
EES0423456__X36__Y33__P023.jpg,0.938394,23.742694,ok
EES0423456__X36__Y36__P024.jpg,0.825595,20.357333,ok
EES0423456__X36__Y39__P025.jpg,0.894151,21.659346,ok
EES0423457__X18__Y06__P001.jpg,0.898669,21.677912,ok
EES0423457__X18__Y3F__P002.jpg,0.731799,18.877946,ok
EES0423457__X1B__Y06__P003.jpg,0.800693,19.266951,ok
EES0423457__X1E__Y06__P004.jpg,0.530477,15.579985,ok
EES0423457__X21__Y42__P005.jpg,0.750747,18.867486,ok
EES0423457__X24__Y42__P006.jpg,0.643502,17.068839,ok
EES0423457__X27__Y42__P007.jpg,0.632364,18.734802,ok
EES0423457__X2A__Y06__P008.jpg,0.554518,15.812047,ok
EES0423457__X2A__Y42__P009.jpg,0.741472,19.071236,ok
EES0423457__X2D__Y06__P010.jpg,0.699308,18.603553,ok
EES0423457__X30__Y06__P011.jpg,0.926174,23.686854,ok
EES0423457__X36__Y3F__P012.jpg,0.898776,21.868620,ok
EES0423457__X45__Y1E__P013.jpg,0.911047,23.288382,ok
EES0423457__X45__Y21__P014.jpg,0.910126,22.272859,ok
EES0423457__X45__Y24__P015.jpg,0.808173,19.473504,ok
EES0423457__X45__Y27__P016.jpg,0.875191,21.138063,ok
EES0423457__X0C__Y2D__P017.jpg,0.752931,18.913787,ok
EES0423457__X0C__Y30__P018.jpg,0.880205,20.993882,ok
EES0423457__X0C__Y33__P019.jpg,0.777854,17.757319,ok
EES0423457__X0C__Y36__P020.jpg,0.899150,22.743470,ok
EES0423457__X12__Y2D__P021.jpg,0.837010,19.836752,ok
EES0423457__X18__Y39__P022.jpg,0.888224,22.177307,ok
EES0423457__X1B__Y18__P023.jpg,0.810931,19.314065,ok
EES0423457__X1B__Y27__P024.jpg,0.823992,20.165469,ok
EES0423457__X1B__Y36__P025.jpg,0.868923,21.310370,ok
EES0423458__X27__Y30__P001.jpg,0.764854,17.021619,ok
EES0423458__X2A__Y2D__P002.jpg,0.650378,17.677939,ok
EES0423458__X2A__Y30__P003.jpg,0.917981,22.784054,ok
EES0423458__X2A__Y33__P004.jpg,0.937232,26.450319,ok
EES0423458__X2A__Y3C__P005.jpg,0.856402,21.795924,ok
EES0423458__X2D__Y1B__P006.jpg,0.937533,22.901424,ok
EES0423458__X2D__Y2D__P007.jpg,0.937164,22.748181,ok
EES0423458__X2D__Y30__P008.jpg,0.789112,18.922892,ok
EES0423458__X2D__Y33__P009.jpg,0.672630,17.247389,ok
EES0423458__X2D__Y3F__P010.jpg,0.856008,21.199449,ok
EES0423458__X30__Y12__P011.jpg,0.910442,21.257633,ok
EES0423458__X30__Y18__P012.jpg,0.828834,20.597181,ok
EES0423458__X30__Y1B__P013.jpg,0.875175,21.424273,ok
EES0423458__X30__Y1E__P014.jpg,0.929950,25.888442,ok
EES0423458__X30__Y21__P015.jpg,0.929373,23.508774,ok
EES0423458__X30__Y24__P016.jpg,0.868775,19.592057,ok
EES0423458__X30__Y30__P017.jpg,0.863490,20.592572,ok
EES0423458__X30__Y36__P018.jpg,0.872039,22.062820,ok
EES0423458__X30__Y39__P019.jpg,0.933170,24.412611,ok
EES0423458__X30__Y3C__P020.jpg,0.896547,23.036346,ok
EES0423458__X30__Y3F__P021.jpg,0.926679,23.108626,ok
EES0423458__X30__Y42__P022.jpg,0.931455,25.806928,ok
EES0423458__X30__Y45__P023.jpg,0.773792,19.796105,ok
EES0423458__X33__Y21__P024.jpg,0.889581,21.703454,ok
EES0423458__X33__Y24__P025.jpg,0.895186,22.672579,ok
EES0423459__X33__Y3C__P001.jpg,0.807913,19.847842,ok
EES0423459__X33__Y3F__P002.jpg,0.872750,22.166484,ok
EES0423459__X36__Y1E__P003.jpg,0.848607,19.799777,ok
EES0423459__X36__Y21__P004.jpg,0.785463,20.612032,ok
EES0423459__X36__Y2A__P005.jpg,0.886428,22.029322,ok
EES0423459__X36__Y36__P006.jpg,0.870272,20.868800,ok
EES0423459__X36__Y39__P007.jpg,0.883780,21.021878,ok
EES0423459__X36__Y3C__P008.jpg,0.782055,19.108959,ok
EES0423459__X36__Y3F__P009.jpg,0.911290,22.704645,ok
EES0423459__X39__Y2A__P010.jpg,0.829564,19.340936,ok
EES0423459__X39__Y30__P011.jpg,0.886361,20.267836,ok
EES0423459__X39__Y33__P012.jpg,0.842465,20.560939,ok
EES0423459__X3C__Y3C__P013.jpg,0.812299,20.678624,ok
EES0423459__X3C__Y3F__P014.jpg,0.873258,21.584996,ok
EES0423459__X3F__Y24__P015.jpg,0.855140,20.899751,ok
EES0423459__X3F__Y27__P016.jpg,0.839928,20.055349,ok
EES0423459__X42__Y24__P017.jpg,0.745856,18.655245,ok
EES0423459__X42__Y2A__P018.jpg,0.772281,19.648100,ok
EES0423459__X42__Y2D__P019.jpg,0.754889,17.845343,ok
EES0423459__X42__Y30__P020.jpg,0.924325,22.651334,ok
EES0423459__X45__Y06__P021.jpg,0.933816,26.793089,ok
EES0423459__X45__Y30__P022.jpg,0.771430,20.159125,ok
EES0423459__X45__Y33__P023.jpg,0.867633,17.720675,ok
EES0423459__X12__Y18__P024.jpg,0.746775,18.839271,ok
EES0423459__X15__Y18__P025.jpg,0.726648,17.440577,ok
EES0423460__X24__Y42__P001.jpg,0.819072,19.634355,ok
EES0423460__X27__Y42__P002.jpg,0.836535,20.812085,ok
EES0423460__X2A__Y3F__P003.jpg,0.697513,18.859119,ok
EES0423460__X2A__Y42__P004.jpg,0.839411,19.642245,ok
EES0423460__X2D__Y3F__P005.jpg,0.793613,19.685322,ok
EES0423460__X2D__Y42__P006.jpg,0.807103,19.674018,ok
EES0423460__X30__Y42__P007.jpg,0.874588,21.478941,ok
EES0423460__X33__Y42__P008.jpg,0.902427,22.847479,ok
EES0423460__X36__Y3F__P009.jpg,0.804950,19.848372,ok
EES0423460__X36__Y42__P010.jpg,0.922193,21.485954,ok
EES0423460__X3C__Y3C__P011.jpg,0.906953,22.193863,ok
EES0423460__X09__Y1E__P012.jpg,0.862224,20.720731,ok
EES0423460__X09__Y21__P013.jpg,0.900016,21.805042,ok
EES0423460__X09__Y24__P014.jpg,0.851767,19.150318,ok
EES0423460__X09__Y27__P015.jpg,0.790017,19.621811,ok
EES0423460__X09__Y2A__P016.jpg,0.775094,19.753295,ok
EES0423460__X09__Y2D__P017.jpg,0.652558,16.527549,ok
EES0423460__X09__Y30__P018.jpg,0.894362,23.044434,ok
EES0423460__X0C__Y15__P019.jpg,0.929217,26.847647,ok
EES0423460__X0C__Y18__P020.jpg,0.854822,21.599308,ok
EES0423460__X0C__Y27__P021.jpg,0.684219,18.194427,ok
EES0423460__X0C__Y2A__P022.jpg,0.749988,18.124850,ok
EES0423460__X0C__Y2D__P023.jpg,0.692822,17.589961,ok
EES0423460__X0C__Y30__P024.jpg,0.656918,17.378649,ok
EES0423460__X0C__Y33__P025.jpg,0.758381,19.570710,ok
EES0423461__X36__Y0C__P001.jpg,0.564666,15.941968,ok
EES0423461__X36__Y0F__P002.jpg,0.693180,18.512487,ok
EES0423461__X36__Y1E__P003.jpg,0.771596,19.197708,ok
EES0423461__X42__Y18__P004.jpg,0.607251,17.741731,ok
EES0423461__X45__Y18__P005.jpg,0.904765,22.413120,ok
EES0423461__X45__Y33__P006.jpg,0.759768,19.717089,ok
EES0423461__X48__Y1E__P007.jpg,0.852446,21.554853,ok
EES0423461__X48__Y24__P008.jpg,0.711587,18.842751,ok
EES0423461__X48__Y27__P009.jpg,0.809942,19.823343,ok
EES0423461__X48__Y2A__P010.jpg,0.756181,19.153722,ok
EES0423461__X12__Y1E__P011.jpg,0.840151,18.890457,ok
EES0423461__X15__Y1E__P012.jpg,0.900950,22.508647,ok
EES0423461__X15__Y21__P013.jpg,0.705276,16.830268,ok
EES0423461__X15__Y3C__P014.jpg,0.867031,19.312877,ok
EES0423461__X18__Y1B__P015.jpg,0.800664,20.680048,ok
EES0423461__X1B__Y1B__P016.jpg,0.846722,20.623861,ok
EES0423461__X1B__Y1E__P017.jpg,0.924495,21.286648,ok
EES0423461__X1B__Y27__P018.jpg,0.739084,18.389054,ok
EES0423461__X1B__Y36__P019.jpg,0.887660,22.085356,ok
EES0423461__X1B__Y39__P020.jpg,0.799249,19.070892,ok
EES0423461__X1E__Y15__P021.jpg,0.832756,20.806771,ok
EES0423461__X1E__Y1B__P022.jpg,0.816726,20.061428,ok
EES0423461__X1E__Y1E__P023.jpg,0.951437,26.082820,ok
EES0423461__X1E__Y27__P024.jpg,0.883824,22.214953,ok
EES0423461__X1E__Y2A__P025.jpg,0.856560,21.224021,ok
EES0423462__X1E__Y30__P001.jpg,0.807375,18.004955,ok
EES0423462__X1E__Y33__P002.jpg,0.874813,21.498475,ok
EES0423462__X1E__Y36__P003.jpg,0.880409,20.421931,ok
EES0423462__X1E__Y39__P004.jpg,0.781019,20.457711,ok
EES0423462__X1E__Y3C__P005.jpg,0.924638,23.457191,ok
EES0423462__X21__Y15__P006.jpg,0.868867,22.531900,ok
EES0423462__X21__Y18__P007.jpg,0.733913,19.802160,ok
EES0423462__X21__Y1B__P008.jpg,0.882498,22.401020,ok
EES0423462__X21__Y1E__P009.jpg,0.844219,21.893814,ok
EES0423462__X21__Y2D__P010.jpg,0.932425,24.842201,ok
EES0423462__X21__Y30__P011.jpg,0.830789,19.513425,ok
EES0423462__X24__Y18__P012.jpg,0.765247,19.503242,ok
EES0423462__X24__Y1B__P013.jpg,0.750403,17.614963,ok
EES0423462__X24__Y27__P014.jpg,0.926744,22.463288,ok
EES0423462__X24__Y2A__P015.jpg,0.700711,19.835087,ok
EES0423462__X24__Y2D__P016.jpg,0.853718,21.439231,ok
EES0423462__X2A__Y0F__P017.jpg,0.863649,21.017760,ok
EES0423462__X2A__Y12__P018.jpg,0.888169,21.825750,ok
EES0423462__X2A__Y15__P019.jpg,0.905140,22.789905,ok
EES0423462__X2A__Y18__P020.jpg,0.912296,22.234147,ok
EES0423462__X2A__Y1B__P021.jpg,0.890244,21.777549,ok
EES0423462__X2A__Y1E__P022.jpg,0.861183,21.710401,ok
EES0423462__X2A__Y21__P023.jpg,0.885471,22.102155,ok
EES0423462__X2D__Y12__P024.jpg,0.887771,21.125340,ok
EES0423462__X2D__Y15__P025.jpg,0.915451,21.671536,ok
EES0423463__X2D__Y18__P001.jpg,0.888646,20.668945,ok
EES0423463__X2D__Y1B__P002.jpg,0.840889,19.653762,ok
EES0423463__X30__Y15__P003.jpg,0.860908,21.037282,ok
EES0423463__X30__Y1B__P004.jpg,0.736445,18.282233,ok
EES0423463__X36__Y1E__P005.jpg,0.777554,17.895405,ok
EES0423463__X36__Y21__P006.jpg,0.859252,22.268214,ok
EES0423463__X36__Y24__P007.jpg,0.921796,23.397819,ok
EES0423463__X39__Y27__P008.jpg,0.880698,21.680700,ok
EES0423463__X39__Y2A__P009.jpg,0.863705,21.040126,ok
EES0423463__X3C__Y15__P010.jpg,0.889304,23.850701,ok
EES0423463__X3C__Y18__P011.jpg,0.933220,25.219165,ok
EES0423463__X3C__Y21__P012.jpg,0.683833,19.165386,ok
EES0423463__X42__Y1E__P013.jpg,0.919334,21.294578,ok
EES0423463__X42__Y21__P014.jpg,0.936362,29.558327,ok
EES0423463__X42__Y27__P015.jpg,0.928459,25.241162,ok
EES0423463__X42__Y36__P016.jpg,0.797096,21.611683,ok
EES0423463__X45__Y1E__P017.jpg,0.910868,22.455759,ok
EES0423463__X48__Y1B__P018.jpg,0.806909,19.429715,ok
EES0423463__X48__Y1E__P019.jpg,0.819550,20.165845,ok
EES0423463__X48__Y27__P020.jpg,0.898368,22.104340,ok
EES0423463__X48__Y2A__P021.jpg,0.798205,20.241555,ok
EES0423463__X0F__Y42__P022.jpg,0.925834,23.533270,ok
EES0423463__X24__Y36__P023.jpg,0.876620,20.511216,ok
EES0423463__X24__Y39__P024.jpg,0.884616,21.008873,ok
EES0423463__X24__Y3C__P025.jpg,0.832822,19.634999,ok
EES0423464__X27__Y24__P001.jpg,0.831505,19.681553,ok
EES0423464__X27__Y27__P002.jpg,0.654994,16.342382,ok
EES0423464__X2A__Y33__P003.jpg,0.869466,21.027335,ok
EES0423464__X36__Y2D__P004.jpg,0.849904,20.084953,ok
EES0423464__X36__Y30__P005.jpg,0.760013,18.045922,ok
EES0423464__X36__Y33__P006.jpg,0.888635,21.182849,ok
EES0423464__X09__Y1B__P007.jpg,0.940913,25.951219,ok
EES0423464__X18__Y09__P008.jpg,0.905027,23.227522,ok
EES0423464__X1E__Y06__P009.jpg,0.912798,23.935350,ok
EES0423464__X1E__Y09__P010.jpg,0.800094,19.274444,ok
EES0423464__X21__Y06__P011.jpg,0.844814,22.444963,ok
EES0423464__X24__Y06__P012.jpg,0.861141,20.447930,ok
EES0423464__X2A__Y06__P013.jpg,0.831336,20.587820,ok
EES0423464__X33__Y1B__P014.jpg,0.770880,18.984764,ok
EES0423464__X36__Y09__P015.jpg,0.918472,22.151918,ok
EES0423464__X45__Y2D__P016.jpg,0.892192,24.629994,ok
EES0423464__X45__Y30__P017.jpg,0.941214,24.355593,ok
EES0423464__X48__Y2D__P018.jpg,0.933247,23.766727,ok
EES0423464__X06__Y1E__P019.jpg,0.856664,21.642176,ok
EES0423464__X09__Y15__P020.jpg,0.861514,21.671000,ok
EES0423464__X09__Y18__P021.jpg,0.887541,24.927399,ok
EES0423464__X09__Y1B__P022.jpg,0.678990,16.304416,ok
EES0423464__X09__Y1E__P023.jpg,0.838352,20.184814,ok
EES0423464__X09__Y21__P024.jpg,0.741896,18.015007,ok
EES0423464__X09__Y27__P025.jpg,0.792762,18.852503,ok
EES0423465__X48__Y1B__P001.jpg,0.931463,24.907672,ok
EES0423465__X48__Y1E__P002.jpg,0.692421,16.039411,ok
EES0423465__X48__Y2D__P003.jpg,0.906743,22.476690,ok
EES0423465__X09__Y1E__P004.jpg,0.824607,19.286754,ok
EES0423465__X09__Y21__P005.jpg,0.790709,18.032184,ok
EES0423465__X09__Y24__P006.jpg,0.873048,19.952602,ok
EES0423465__X09__Y27__P007.jpg,0.758523,17.934790,ok
EES0423465__X0C__Y12__P008.jpg,0.837125,19.848944,ok
EES0423465__X0C__Y2D__P009.jpg,0.717842,17.030563,ok
EES0423465__X1E__Y3F__P010.jpg,0.769056,17.276956,ok
EES0423465__X27__Y3F__P011.jpg,0.591183,15.920393,ok
EES0423465__X2D__Y3F__P012.jpg,0.748267,17.243822,ok
EES0423465__X30__Y3F__P013.jpg,0.503473,15.246364,ok
EES0423465__X33__Y3F__P014.jpg,0.791249,18.361217,ok
EES0423465__X45__Y21__P015.jpg,0.799781,19.514798,ok
EES0423465__X09__Y18__P016.jpg,0.769335,16.910158,ok
EES0423465__X09__Y1B__P017.jpg,0.807172,17.875463,ok
EES0423465__X09__Y1E__P018.jpg,0.732162,16.552202,ok
EES0423465__X09__Y30__P019.jpg,0.629748,15.005624,ok
EES0423465__X09__Y33__P020.jpg,0.709063,15.749838,ok
EES0423465__X09__Y36__P021.jpg,0.944079,25.044929,ok
EES0423465__X0C__Y39__P022.jpg,0.917631,21.586425,ok
EES0423465__X1B__Y06__P023.jpg,0.886768,20.998832,ok
EES0423465__X1E__Y45__P024.jpg,0.856576,20.293824,ok
EES0423465__X24__Y45__P025.jpg,0.815283,19.621364,ok
EES0423466__X30__Y06__P001.jpg,0.890134,21.065906,ok
EES0423466__X42__Y33__P002.jpg,0.912413,23.513827,ok
EES0423466__X45__Y1B__P003.jpg,0.891139,21.518893,ok
EES0423466__X09__Y24__P004.jpg,0.865087,22.873975,ok
EES0423466__X09__Y27__P005.jpg,0.861838,22.431550,ok
EES0423466__X09__Y2A__P006.jpg,0.865150,22.775018,ok
EES0423466__X0C__Y18__P007.jpg,0.714470,18.060182,ok
EES0423466__X0F__Y36__P008.jpg,0.850318,20.864313,ok
EES0423466__X12__Y0C__P009.jpg,0.878521,23.092588,ok
EES0423466__X15__Y09__P010.jpg,0.896966,21.951089,ok
EES0423466__X15__Y3C__P011.jpg,0.889738,22.444878,ok
EES0423466__X1B__Y06__P012.jpg,0.690602,17.468420,ok
EES0423466__X24__Y42__P013.jpg,0.914876,21.362080,ok
EES0423466__X27__Y42__P014.jpg,0.802999,19.132876,ok
EES0423466__X2A__Y42__P015.jpg,0.818478,19.622552,ok
EES0423466__X2D__Y42__P016.jpg,0.928229,22.635574,ok
EES0423466__X33__Y06__P017.jpg,0.767762,18.449725,ok
EES0423466__X36__Y06__P018.jpg,0.795634,18.737168,ok
EES0423466__X36__Y3F__P019.jpg,0.911907,22.613330,ok
EES0423466__X48__Y18__P020.jpg,0.918060,22.519491,ok
EES0423466__X48__Y1B__P021.jpg,0.693360,17.019333,ok
EES0423466__X48__Y33__P022.jpg,0.887899,21.788308,ok
EES0423466__X24__Y42__P023.jpg,0.915139,21.251486,ok
EES0423466__X12__Y18__P024.jpg,0.901877,21.149939,ok
EES0423466__X15__Y45__P025.jpg,0.925529,24.647140,ok
EES0423467__X1B__Y15__P001.jpg,0.914446,21.924183,ok
EES0423467__X21__Y09__P002.jpg,0.785714,17.953701,ok
EES0423467__X24__Y15__P003.jpg,0.937630,21.765254,ok
EES0423467__X2A__Y1B__P004.jpg,0.911349,21.591142,ok
EES0423467__X2D__Y1B__P005.jpg,0.932540,23.096089,ok
EES0423467__X30__Y1B__P006.jpg,0.842099,19.262660,ok
EES0423467__X33__Y30__P007.jpg,0.921010,22.671006,ok
EES0423467__X36__Y30__P008.jpg,0.893576,21.137705,ok
EES0423467__X39__Y30__P009.jpg,0.885676,20.871379,ok
EES0423467__X3F__Y1B__P010.jpg,0.879082,20.439080,ok
EES0423467__X0C__Y30__P011.jpg,0.721963,17.767642,ok
EES0423467__X0C__Y36__P012.jpg,0.916433,25.434036,ok
EES0423467__X0F__Y18__P013.jpg,0.852097,20.050681,ok
EES0423467__X0F__Y1B__P014.jpg,0.749691,18.107280,ok
EES0423467__X0F__Y1E__P015.jpg,0.820452,19.123714,ok
EES0423467__X0F__Y21__P016.jpg,0.759954,17.955426,ok
EES0423467__X12__Y18__P017.jpg,0.842767,20.093668,ok
EES0423467__X12__Y1B__P018.jpg,0.692141,17.574481,ok
EES0423467__X12__Y1E__P019.jpg,0.728560,18.120276,ok
EES0423467__X15__Y0F__P020.jpg,0.898436,22.290947,ok
EES0423467__X15__Y12__P021.jpg,0.869315,20.977154,ok
EES0423467__X15__Y18__P022.jpg,0.703884,17.096533,ok
EES0423467__X15__Y1B__P023.jpg,0.709689,17.857564,ok
EES0423467__X18__Y0C__P024.jpg,0.938481,24.077759,ok
EES0423467__X18__Y0F__P025.jpg,0.856563,20.851573,ok
EES0423468__X18__Y12__P001.jpg,0.803029,18.733123,ok
EES0423468__X18__Y15__P002.jpg,0.769512,18.878620,ok
EES0423468__X18__Y18__P003.jpg,0.726599,17.746860,ok
EES0423468__X18__Y1B__P004.jpg,0.694898,17.184525,ok
EES0423468__X1B__Y0F__P005.jpg,0.742250,18.230978,ok
EES0423468__X1B__Y12__P006.jpg,0.837541,19.665298,ok
EES0423468__X1B__Y15__P007.jpg,0.764364,18.312184,ok
EES0423468__X1E__Y0C__P008.jpg,0.875086,19.548324,ok
EES0423468__X1E__Y0F__P009.jpg,0.802780,18.872323,ok
EES0423468__X1E__Y12__P010.jpg,0.728308,17.537176,ok
EES0423468__X21__Y09__P011.jpg,0.847732,20.286125,ok
EES0423468__X21__Y0C__P012.jpg,0.794962,19.344684,ok
EES0423468__X21__Y45__P013.jpg,0.923389,24.082460,ok
EES0423468__X24__Y09__P014.jpg,0.879396,20.402894,ok
EES0423468__X24__Y0C__P015.jpg,0.720651,16.938421,ok
EES0423468__X24__Y45__P016.jpg,0.895454,20.828270,ok
EES0423468__X27__Y09__P017.jpg,0.883511,20.998135,ok
EES0423468__X27__Y0C__P018.jpg,0.797810,19.079494,ok
EES0423468__X27__Y45__P019.jpg,0.803505,19.074217,ok
EES0423468__X2A__Y45__P020.jpg,0.928391,27.267341,ok
EES0423468__X48__Y24__P021.jpg,0.934612,22.545982,ok
EES0423468__X48__Y27__P022.jpg,0.937151,23.731886,ok
EES0423468__X0C__Y1B__P023.jpg,0.734079,17.513401,ok
EES0423468__X0C__Y1E__P024.jpg,0.656661,16.241880,ok
EES0423468__X0C__Y21__P025.jpg,0.841766,19.447461,ok
EES0423469__X24__Y0C__P001.jpg,0.735796,15.331731,ok
EES0423469__X24__Y36__P002.jpg,0.895532,20.942313,ok
EES0423469__X24__Y42__P003.jpg,0.765020,17.626720,ok
EES0423469__X27__Y2D__P004.jpg,0.834167,18.814808,ok
EES0423469__X27__Y33__P005.jpg,0.810559,18.863790,ok
EES0423469__X27__Y36__P006.jpg,0.662694,15.920100,ok
EES0423469__X27__Y3C__P007.jpg,0.890382,21.865552,ok
EES0423469__X27__Y3F__P008.jpg,0.864768,20.494103,ok
EES0423469__X27__Y42__P009.jpg,0.665590,16.634757,ok
EES0423469__X2A__Y24__P010.jpg,0.879587,21.703478,ok
EES0423469__X2A__Y42__P011.jpg,0.909354,22.301181,ok
EES0423469__X2D__Y42__P012.jpg,0.825424,17.942542,ok
EES0423469__X30__Y36__P013.jpg,0.742237,14.606934,ok
EES0423469__X30__Y3C__P014.jpg,0.817402,19.341239,ok
EES0423469__X36__Y1E__P015.jpg,0.855052,19.719110,ok
EES0423469__X36__Y24__P016.jpg,0.820747,19.404981,ok
EES0423469__X36__Y39__P017.jpg,0.834271,19.700913,ok
EES0423469__X39__Y21__P018.jpg,0.789353,17.368122,ok
EES0423469__X39__Y27__P019.jpg,0.848910,19.723474,ok
EES0423469__X39__Y2A__P020.jpg,0.801612,17.950839,ok
EES0423469__X3C__Y1B__P021.jpg,0.898512,21.674122,ok
EES0423469__X3C__Y27__P022.jpg,0.738766,16.580361,ok
EES0423469__X3C__Y2A__P023.jpg,0.787777,19.003712,ok
EES0423469__X3C__Y2D__P024.jpg,0.709375,17.733211,ok
EES0423469__X3C__Y30__P025.jpg,0.934818,24.042928,ok
EES0423470__X27__Y3F__P001.jpg,0.740445,18.245883,ok
EES0423470__X2A__Y42__P002.jpg,0.845865,20.334464,ok
EES0423470__X39__Y3C__P003.jpg,0.930426,23.920348,ok
EES0423470__X3F__Y36__P004.jpg,0.926386,21.429111,ok
EES0423470__X45__Y1B__P005.jpg,0.858107,23.590162,ok
EES0423470__X0C__Y21__P006.jpg,0.874406,21.896094,ok
EES0423470__X0C__Y24__P007.jpg,0.932044,22.867231,ok
EES0423470__X0F__Y24__P008.jpg,0.878687,20.737511,ok
EES0423470__X0F__Y2A__P009.jpg,0.873703,22.390682,ok
EES0423470__X15__Y2D__P010.jpg,0.865704,20.524983,ok
EES0423470__X1B__Y36__P011.jpg,0.908211,22.026299,ok
EES0423470__X1E__Y33__P012.jpg,0.926592,22.937346,ok
EES0423470__X21__Y33__P013.jpg,0.725311,17.459222,ok
EES0423470__X21__Y3C__P014.jpg,0.897629,21.419104,ok
EES0423470__X21__Y3F__P015.jpg,0.732746,17.957017,ok
EES0423470__X24__Y39__P016.jpg,0.863928,20.726990,ok
EES0423470__X24__Y3C__P017.jpg,0.936658,23.556826,ok
EES0423470__X30__Y33__P018.jpg,0.920446,22.088911,ok
EES0423470__X33__Y15__P019.jpg,0.847630,19.852520,ok
EES0423470__X33__Y1E__P020.jpg,0.879875,20.526629,ok
EES0423470__X36__Y15__P021.jpg,0.849307,18.947691,ok
EES0423470__X36__Y18__P022.jpg,0.884787,20.981510,ok
EES0423470__X36__Y1B__P023.jpg,0.742633,17.057550,ok
EES0423470__X36__Y1E__P024.jpg,0.898181,21.508577,ok
EES0423470__X39__Y15__P025.jpg,0.922071,23.388120,ok
EES0423471__X39__Y18__P001.jpg,0.879794,20.256290,ok
EES0423471__X39__Y2A__P002.jpg,0.890055,21.130548,ok
EES0423471__X3C__Y15__P003.jpg,0.797841,17.849234,ok
EES0423471__X3C__Y18__P004.jpg,0.849535,19.258848,ok
EES0423471__X3C__Y24__P005.jpg,0.797963,19.042390,ok
EES0423471__X3C__Y33__P006.jpg,0.921885,24.390711,ok
EES0423471__X3F__Y27__P007.jpg,0.784432,17.957346,ok
EES0423471__X09__Y15__P008.jpg,0.723516,19.566217,ok
EES0423471__X09__Y18__P009.jpg,0.877375,21.600582,ok
EES0423471__X09__Y1B__P010.jpg,0.657940,18.563755,ok
EES0423471__X09__Y1E__P011.jpg,0.817933,20.806522,ok
EES0423471__X09__Y21__P012.jpg,0.773260,19.336765,ok
EES0423471__X09__Y27__P013.jpg,0.607834,18.162999,ok
EES0423471__X09__Y2D__P014.jpg,0.862500,21.104647,ok
EES0423471__X0C__Y30__P015.jpg,0.775810,19.590887,ok
EES0423471__X12__Y39__P016.jpg,0.895145,22.185662,ok
EES0423471__X1E__Y03__P017.jpg,0.885890,21.599737,ok
EES0423471__X21__Y03__P018.jpg,0.863020,21.731731,ok
EES0423471__X24__Y03__P019.jpg,0.827885,20.913036,ok
EES0423471__X27__Y03__P020.jpg,0.923934,26.097295,ok
EES0423471__X3C__Y18__P021.jpg,0.547321,17.309407,ok
EES0423471__X42__Y15__P022.jpg,0.886103,21.656569,ok
EES0423471__X09__Y24__P023.jpg,0.862561,17.162313,ok
EES0423471__X0F__Y2D__P024.jpg,0.871906,20.661208,ok
EES0423471__X12__Y1B__P025.jpg,0.899849,21.074797,ok
EES0423472__X15__Y1B__P001.jpg,0.859127,19.818549,ok
EES0423472__X15__Y39__P002.jpg,0.897819,21.775019,ok
EES0423472__X1B__Y18__P003.jpg,0.912033,22.567297,ok
EES0423472__X1E__Y09__P004.jpg,0.932989,23.296399,ok
EES0423472__X1E__Y0C__P005.jpg,0.882686,20.351125,ok
EES0423472__X1E__Y18__P006.jpg,0.849922,20.861023,ok
EES0423472__X1E__Y3C__P007.jpg,0.939257,24.467069,ok
EES0423472__X21__Y15__P008.jpg,0.867105,21.715086,ok
EES0423472__X21__Y1B__P009.jpg,0.904610,21.807532,ok
EES0423472__X21__Y1E__P010.jpg,0.794006,17.358941,ok
EES0423472__X24__Y18__P011.jpg,0.826047,18.642559,ok
EES0423472__X24__Y1B__P012.jpg,0.861674,20.557288,ok
EES0423472__X24__Y21__P013.jpg,0.859709,20.292707,ok
EES0423472__X24__Y24__P014.jpg,0.935525,22.069291,ok
EES0423472__X24__Y42__P015.jpg,0.871370,20.657646,ok
EES0423472__X27__Y21__P016.jpg,0.907880,24.909416,ok
EES0423472__X2D__Y36__P017.jpg,0.919763,22.932174,ok
EES0423472__X2D__Y39__P018.jpg,0.914610,22.682134,ok
EES0423472__X2D__Y3C__P019.jpg,0.914122,24.056287,ok
EES0423472__X30__Y2A__P020.jpg,0.939551,23.058907,ok
EES0423472__X30__Y33__P021.jpg,0.906510,21.567375,ok
EES0423472__X30__Y36__P022.jpg,0.883733,21.374017,ok
EES0423472__X30__Y39__P023.jpg,0.713223,15.692390,ok
EES0423472__X33__Y12__P024.jpg,0.875144,20.432840,ok
EES0423472__X33__Y15__P025.jpg,0.777472,16.802481,ok
EES0423473__X0F__Y1B__P001.jpg,0.884844,20.803867,ok
EES0423473__X0F__Y1E__P002.jpg,0.837984,20.267781,ok
EES0423473__X0F__Y2A__P003.jpg,0.892656,21.191970,ok
EES0423473__X0F__Y2D__P004.jpg,0.871400,20.701128,ok
EES0423473__X12__Y30__P005.jpg,0.914124,21.891452,ok
EES0423473__X15__Y30__P006.jpg,0.887385,21.803499,ok
EES0423473__X18__Y0F__P007.jpg,0.939076,25.476470,ok
EES0423473__X1B__Y36__P008.jpg,0.849479,20.844269,ok
EES0423473__X1E__Y30__P009.jpg,0.938012,24.300392,ok
EES0423473__X1E__Y36__P010.jpg,0.797145,20.157512,ok
EES0423473__X24__Y06__P011.jpg,0.939838,23.305805,ok
EES0423473__X24__Y09__P012.jpg,0.895131,21.089228,ok
EES0423473__X24__Y2D__P013.jpg,0.872341,21.640801,ok
EES0423473__X24__Y30__P014.jpg,0.875911,20.954068,ok
EES0423473__X24__Y36__P015.jpg,0.887211,21.129263,ok
EES0423473__X24__Y3F__P016.jpg,0.827598,19.485368,ok
EES0423473__X27__Y06__P017.jpg,0.768884,19.325840,ok
EES0423473__X27__Y30__P018.jpg,0.839019,20.589149,ok
EES0423473__X27__Y3C__P019.jpg,0.844527,19.586817,ok
EES0423473__X2A__Y30__P020.jpg,0.859640,21.188315,ok
EES0423473__X30__Y0C__P021.jpg,0.808331,19.360946,ok
EES0423473__X30__Y27__P022.jpg,0.846562,20.759689,ok
EES0423473__X30__Y33__P023.jpg,0.937356,22.479697,ok
EES0423473__X30__Y36__P024.jpg,0.902166,21.988230,ok
EES0423473__X30__Y3F__P025.jpg,0.905902,22.910171,ok
EES0423474__X33__Y09__P001.jpg,0.944396,23.604189,ok
EES0423474__X33__Y36__P002.jpg,0.808842,19.915979,ok
EES0423474__X36__Y27__P003.jpg,0.841885,20.579644,ok
EES0423474__X36__Y2A__P004.jpg,0.879643,21.156464,ok
EES0423474__X36__Y2D__P005.jpg,0.741057,18.555606,ok
EES0423474__X36__Y30__P006.jpg,0.890651,20.812822,ok
EES0423474__X36__Y36__P007.jpg,0.930987,23.526203,ok
EES0423474__X39__Y2A__P008.jpg,0.924213,21.825417,ok
EES0423474__X39__Y2D__P009.jpg,0.821417,20.220836,ok
EES0423474__X39__Y30__P010.jpg,0.907565,22.438410,ok
EES0423474__X3C__Y12__P011.jpg,0.830003,20.920970,ok
EES0423474__X3C__Y30__P012.jpg,0.764562,19.203579,ok
EES0423474__X3F__Y27__P013.jpg,0.901927,21.916766,ok
EES0423474__X3F__Y30__P014.jpg,0.687221,18.335341,ok
EES0423474__X42__Y21__P015.jpg,0.876345,21.433182,ok
EES0423474__X42__Y24__P016.jpg,0.898689,22.289920,ok
EES0423474__X42__Y30__P017.jpg,0.832314,20.108795,ok
EES0423474__X45__Y1E__P018.jpg,0.832964,18.939638,ok
EES0423474__X12__Y27__P019.jpg,0.916258,21.540006,ok
EES0423474__X18__Y2A__P020.jpg,0.938192,23.600738,ok
EES0423474__X1B__Y2A__P021.jpg,0.899155,21.635738,ok
EES0423474__X1B__Y2D__P022.jpg,0.851053,20.062950,ok
EES0423474__X1E__Y15__P023.jpg,0.939459,23.956374,ok
EES0423474__X1E__Y18__P024.jpg,0.896619,23.345999,ok
EES0423474__X1E__Y3C__P025.jpg,0.928769,22.430396,ok
EES0423475__X24__Y2A__P001.jpg,0.878450,21.859123,ok
EES0423475__X24__Y2D__P002.jpg,0.897654,21.575642,ok
EES0423475__X24__Y3C__P003.jpg,0.929226,23.283540,ok
EES0423475__X27__Y12__P004.jpg,0.935011,23.065073,ok
EES0423475__X27__Y3F__P005.jpg,0.830999,20.157887,ok
EES0423475__X2A__Y39__P006.jpg,0.944913,25.237423,ok
EES0423475__X30__Y24__P007.jpg,0.936773,27.306960,ok
EES0423475__X30__Y33__P008.jpg,0.904924,21.980760,ok
EES0423475__X36__Y27__P009.jpg,0.866389,19.738696,ok
EES0423475__X39__Y15__P010.jpg,0.885039,20.581535,ok
EES0423475__X39__Y39__P011.jpg,0.924324,22.190229,ok
EES0423475__X3F__Y39__P012.jpg,0.891593,21.366506,ok
EES0423475__X45__Y24__P013.jpg,0.941661,26.720326,ok
EES0423475__X12__Y21__P014.jpg,0.910486,21.529099,ok
EES0423475__X15__Y27__P015.jpg,0.874247,20.185202,ok
EES0423475__X15__Y2D__P016.jpg,0.873687,19.896980,ok
EES0423475__X24__Y0C__P017.jpg,0.924899,21.962869,ok
EES0423475__X24__Y2D__P018.jpg,0.899410,21.900287,ok
EES0423475__X24__Y36__P019.jpg,0.927637,22.382628,ok
EES0423475__X27__Y1E__P020.jpg,0.923270,21.947427,ok
EES0423475__X27__Y3F__P021.jpg,0.809446,19.100840,ok
EES0423475__X2A__Y2A__P022.jpg,0.875930,21.921547,ok
EES0423475__X2A__Y33__P023.jpg,0.902203,21.416686,ok
EES0423475__X2A__Y39__P024.jpg,0.872660,20.477974,ok
EES0423475__X2A__Y3C__P025.jpg,0.863172,20.104404,ok
EES0423476__X2D__Y12__P001.jpg,0.852471,20.942663,ok
EES0423476__X2D__Y27__P002.jpg,0.942987,22.734103,ok
EES0423476__X2D__Y39__P003.jpg,0.944059,23.308178,ok
EES0423476__X2D__Y3C__P004.jpg,0.874629,20.835732,ok
EES0423476__X30__Y3F__P005.jpg,0.931530,22.372081,ok
EES0423476__X33__Y3F__P006.jpg,0.937335,22.401787,ok
EES0423476__X39__Y21__P007.jpg,0.841677,20.762455,ok
EES0423476__X3C__Y0C__P008.jpg,0.896849,21.840809,ok
EES0423476__X3C__Y0F__P009.jpg,0.847683,20.656281,ok
EES0423476__X3C__Y21__P010.jpg,0.919637,22.146388,ok
EES0423476__X3C__Y2D__P011.jpg,0.905254,21.381410,ok
EES0423476__X3C__Y30__P012.jpg,0.826071,15.606620,ok
EES0423476__X3C__Y33__P013.jpg,0.895957,20.352182,ok
EES0423476__X42__Y1E__P014.jpg,0.841973,17.677484,ok
EES0423476__X45__Y1E__P015.jpg,0.887853,20.728351,ok
EES0423476__X45__Y21__P016.jpg,0.907997,21.987036,ok
EES0423476__X0F__Y15__P017.jpg,0.779599,19.069242,ok
EES0423476__X12__Y30__P018.jpg,0.889605,21.224502,ok
EES0423476__X18__Y1B__P019.jpg,0.714804,18.883421,ok
EES0423476__X1B__Y06__P020.jpg,0.931310,22.662885,ok
EES0423476__X21__Y06__P021.jpg,0.781457,19.332129,ok
EES0423476__X24__Y15__P022.jpg,0.690336,17.688055,ok
EES0423476__X24__Y18__P023.jpg,0.549515,16.174325,ok
EES0423476__X24__Y3C__P024.jpg,0.702278,18.534492,ok
EES0423476__X24__Y3F__P025.jpg,0.857188,20.747018,ok
EES0423477__X21__Y30__P001.jpg,0.689828,16.669843,ok
EES0423477__X21__Y33__P002.jpg,0.619557,15.422793,ok
EES0423477__X21__Y36__P003.jpg,0.816019,17.767244,ok
EES0423477__X21__Y3C__P004.jpg,0.807943,17.947565,ok
EES0423477__X24__Y1B__P005.jpg,0.680393,16.519619,ok
EES0423477__X24__Y1E__P006.jpg,0.726274,15.681211,ok
EES0423477__X24__Y24__P007.jpg,0.685795,17.067262,ok
EES0423477__X24__Y2D__P008.jpg,0.711119,16.357964,ok
EES0423477__X24__Y33__P009.jpg,0.825989,17.598049,ok
EES0423477__X24__Y36__P010.jpg,0.842694,18.556580,ok
EES0423477__X27__Y24__P011.jpg,0.860480,19.735531,ok
EES0423477__X27__Y2D__P012.jpg,0.755643,16.827248,ok
EES0423477__X27__Y36__P013.jpg,0.813673,18.646621,ok
EES0423477__X27__Y3C__P014.jpg,0.795087,17.921719,ok
EES0423477__X2A__Y1E__P015.jpg,0.864801,18.736327,ok
EES0423477__X2A__Y21__P016.jpg,0.846744,18.908121,ok
EES0423477__X2A__Y24__P017.jpg,0.787811,17.346109,ok
EES0423477__X2A__Y2A__P018.jpg,0.772709,16.634842,ok
EES0423477__X2A__Y30__P019.jpg,0.807769,17.476328,ok
EES0423477__X2A__Y33__P020.jpg,0.852877,19.651512,ok
EES0423477__X2A__Y36__P021.jpg,0.795852,17.693624,ok
EES0423477__X2D__Y1E__P022.jpg,0.864942,19.679932,ok
EES0423477__X2D__Y21__P023.jpg,0.825065,18.248727,ok
EES0423477__X2D__Y24__P024.jpg,0.872069,20.835459,ok
EES0423477__X2D__Y27__P025.jpg,0.848652,19.966138,ok
EES0423478__X30__Y21__P001.jpg,0.922159,22.893616,ok
EES0423478__X30__Y2D__P002.jpg,0.822754,21.338004,ok
EES0423478__X30__Y33__P003.jpg,0.726024,18.185865,ok
EES0423478__X33__Y1B__P004.jpg,0.726913,18.285226,ok
EES0423478__X33__Y1E__P005.jpg,0.917092,22.509174,ok
EES0423478__X33__Y21__P006.jpg,0.736501,20.054608,ok
EES0423478__X33__Y33__P007.jpg,0.771657,20.099713,ok
EES0423478__X36__Y1B__P008.jpg,0.862504,21.440914,ok
EES0423478__X36__Y33__P009.jpg,0.789312,20.031976,ok
EES0423478__X39__Y15__P010.jpg,0.826146,19.143762,ok
EES0423478__X39__Y18__P011.jpg,0.807705,18.871661,ok
EES0423478__X39__Y1B__P012.jpg,0.803241,19.898385,ok
EES0423478__X3C__Y15__P013.jpg,0.869891,22.031497,ok
EES0423478__X3C__Y18__P014.jpg,0.890188,21.625257,ok
EES0423478__X3C__Y1B__P015.jpg,0.778245,19.029985,ok
EES0423478__X3F__Y18__P016.jpg,0.755537,18.721461,ok
EES0423478__X3F__Y1B__P017.jpg,0.757280,19.283477,ok
EES0423478__X42__Y18__P018.jpg,0.812074,18.996015,ok
EES0423478__X42__Y1B__P019.jpg,0.645884,17.795318,ok
EES0423478__X09__Y0F__P020.jpg,0.871482,21.463201,ok
EES0423478__X09__Y12__P021.jpg,0.644415,17.039648,ok
EES0423478__X09__Y33__P022.jpg,0.727812,18.003855,ok
EES0423478__X09__Y36__P023.jpg,0.864100,20.009227,ok
EES0423478__X0C__Y39__P024.jpg,0.885402,21.303606,ok
EES0423478__X0F__Y09__P025.jpg,0.900651,22.980987,ok
EES0423479__X0C__Y15__P001.jpg,0.576209,18.007206,ok
EES0423479__X0C__Y30__P002.jpg,0.735821,19.142918,ok
EES0423479__X0C__Y33__P003.jpg,0.668710,17.276273,ok
EES0423479__X12__Y09__P004.jpg,0.920973,24.366485,ok
EES0423479__X18__Y3F__P005.jpg,0.893200,22.292192,ok
EES0423479__X1E__Y03__P006.jpg,0.822639,20.969254,ok
EES0423479__X21__Y03__P007.jpg,0.729871,19.141997,ok
EES0423479__X21__Y42__P008.jpg,0.921888,23.349289,ok
EES0423479__X24__Y42__P009.jpg,0.895619,22.770381,ok
EES0423479__X27__Y42__P010.jpg,0.876928,21.858803,ok
EES0423479__X2A__Y03__P011.jpg,0.602030,18.412331,ok
EES0423479__X2A__Y42__P012.jpg,0.808535,20.480005,ok
EES0423479__X2D__Y03__P013.jpg,0.717780,19.004305,ok
EES0423479__X2D__Y42__P014.jpg,0.943936,26.601213,ok
EES0423479__X30__Y03__P015.jpg,0.738699,19.622389,ok
EES0423479__X36__Y06__P016.jpg,0.725563,19.110424,ok
EES0423479__X39__Y3C__P017.jpg,0.889496,21.097578,ok
EES0423479__X3C__Y09__P018.jpg,0.915022,23.269477,ok
EES0423479__X42__Y0F__P019.jpg,0.888192,23.656548,ok
EES0423479__X45__Y15__P020.jpg,0.903885,21.334835,ok
EES0423479__X48__Y24__P021.jpg,0.909704,22.313326,ok
EES0423479__X0F__Y12__P022.jpg,0.759108,19.256043,ok
EES0423479__X21__Y0C__P023.jpg,0.763364,18.387199,ok
EES0423479__X24__Y0F__P024.jpg,0.695858,17.697445,ok
EES0423479__X27__Y06__P025.jpg,0.815457,19.422096,ok
EES0423480__X36__Y3F__P001.jpg,0.827831,19.991547,ok
EES0423480__X3C__Y09__P002.jpg,0.901246,22.009027,ok
EES0423480__X48__Y27__P003.jpg,0.774717,16.763253,ok
EES0423480__X21__Y45__P004.jpg,0.823248,18.948065,ok
EES0423480__X24__Y45__P005.jpg,0.817222,18.827201,ok
EES0423480__X27__Y06__P006.jpg,0.876382,21.951794,ok
EES0423480__X2A__Y06__P007.jpg,0.908410,23.544388,ok
EES0423480__X33__Y09__P008.jpg,0.867778,21.077306,ok
EES0423480__X39__Y0C__P009.jpg,0.938469,29.296706,ok
EES0423480__X3F__Y12__P010.jpg,0.870862,21.992274,ok
EES0423480__X42__Y18__P011.jpg,0.841835,24.280492,ok
EES0423480__X45__Y1B__P012.jpg,0.917121,26.508337,ok
EES0423480__X45__Y1E__P013.jpg,0.871628,22.663562,ok
EES0423480__X45__Y24__P014.jpg,0.820702,20.565622,ok
EES0423480__X1E__Y0C__P015.jpg,0.862041,21.926924,ok
EES0423480__X21__Y09__P016.jpg,0.890030,24.087244,ok
EES0423480__X24__Y2D__P017.jpg,0.868705,23.319916,ok
EES0423480__X30__Y0C__P018.jpg,0.874219,22.586807,ok
EES0423480__X0F__Y24__P019.jpg,0.919187,25.251450,ok
EES0423480__X12__Y24__P020.jpg,0.832843,20.031010,ok
EES0423480__X18__Y09__P021.jpg,0.930034,25.690044,ok
EES0423480__X1B__Y27__P022.jpg,0.848838,20.926837,ok
EES0423480__X1E__Y2A__P023.jpg,0.902250,23.672862,ok
EES0423480__X1E__Y2D__P024.jpg,0.810866,18.748471,ok
EES0423480__X24__Y09__P025.jpg,0.912223,24.687400,ok
EES0423481__X24__Y1E__P001.jpg,0.796089,19.190490,ok
EES0423481__X24__Y2A__P002.jpg,0.876205,22.183567,ok
EES0423481__X24__Y39__P003.jpg,0.867376,21.628375,ok
EES0423481__X27__Y36__P004.jpg,0.886628,23.660018,ok
EES0423481__X2A__Y1E__P005.jpg,0.896689,23.035641,ok
EES0423481__X2A__Y21__P006.jpg,0.830455,19.200744,ok
EES0423481__X2A__Y30__P007.jpg,0.865194,21.843929,ok
EES0423481__X2D__Y09__P008.jpg,0.879100,21.923145,ok
EES0423481__X30__Y0F__P009.jpg,0.878400,22.288297,ok
EES0423481__X30__Y12__P010.jpg,0.890126,22.784831,ok
EES0423481__X30__Y24__P011.jpg,0.699648,15.889157,ok
EES0423481__X30__Y42__P012.jpg,0.933765,25.527007,ok
EES0423481__X33__Y0C__P013.jpg,0.880397,21.519773,ok
EES0423481__X33__Y0F__P014.jpg,0.862955,21.738855,ok
EES0423481__X33__Y15__P015.jpg,0.922459,25.529792,ok
EES0423481__X33__Y1B__P016.jpg,0.812163,18.912204,ok
EES0423481__X33__Y27__P017.jpg,0.913895,24.320251,ok
EES0423481__X33__Y36__P018.jpg,0.821625,18.326709,ok
EES0423481__X36__Y0F__P019.jpg,0.862631,21.123883,ok
EES0423481__X36__Y1B__P020.jpg,0.839254,20.018041,ok
EES0423481__X36__Y21__P021.jpg,0.874061,21.241098,ok
EES0423481__X36__Y24__P022.jpg,0.864066,21.952913,ok
EES0423481__X36__Y39__P023.jpg,0.839646,20.780761,ok
EES0423481__X39__Y1E__P024.jpg,0.839162,20.361222,ok
EES0423481__X39__Y39__P025.jpg,0.904389,22.132671,ok
EES0423482__X3C__Y0C__P001.jpg,0.910434,22.297064,ok
EES0423482__X3C__Y21__P002.jpg,0.936010,24.810712,ok
EES0423482__X3C__Y36__P003.jpg,0.894019,22.714995,ok
EES0423482__X3F__Y2A__P004.jpg,0.898420,23.397578,ok
EES0423482__X42__Y15__P005.jpg,0.871078,22.622246,ok
EES0423482__X42__Y21__P006.jpg,0.851753,20.926858,ok
EES0423482__X42__Y2D__P007.jpg,0.910425,23.890865,ok
EES0423482__X45__Y1E__P008.jpg,0.876642,22.870669,ok
EES0423482__X45__Y21__P009.jpg,0.745596,17.055264,ok
EES0423482__X45__Y27__P010.jpg,0.814928,18.594378,ok
EES0423482__X18__Y2A__P011.jpg,0.874914,23.031923,ok
EES0423482__X1B__Y1E__P012.jpg,0.655612,14.426625,ok
EES0423482__X2A__Y24__P013.jpg,0.841407,20.109917,ok
EES0423482__X2D__Y39__P014.jpg,0.820725,21.289682,ok
EES0423482__X30__Y39__P015.jpg,0.840581,20.910154,ok
EES0423482__X33__Y0C__P016.jpg,0.854425,22.293420,ok
EES0423482__X33__Y24__P017.jpg,0.882092,23.138621,ok
EES0423482__X33__Y2A__P018.jpg,0.893125,24.144859,ok
EES0423482__X36__Y3C__P019.jpg,0.864403,23.009832,ok
EES0423482__X3C__Y21__P020.jpg,0.849542,21.264154,ok
EES0423482__X3C__Y33__P021.jpg,0.798048,18.376170,ok
EES0423482__X0C__Y1B__P022.jpg,0.635489,15.545612,ok
EES0423482__X2A__Y06__P023.jpg,0.923900,27.351752,ok
EES0423482__X33__Y09__P024.jpg,0.813485,18.935465,ok
EES0423482__X42__Y15__P025.jpg,0.819641,17.968191,ok
EES0423483__X1E__Y1B__P001.jpg,0.856178,22.428869,ok
EES0423483__X1E__Y27__P002.jpg,0.908948,24.208137,ok
EES0423483__X1E__Y33__P003.jpg,0.880193,19.696276,ok
EES0423483__X21__Y1B__P004.jpg,0.854865,21.152398,ok
EES0423483__X24__Y09__P005.jpg,0.905720,24.314751,ok
EES0423483__X24__Y0C__P006.jpg,0.855957,21.682012,ok
EES0423483__X24__Y0F__P007.jpg,0.890148,23.317236,ok
EES0423483__X24__Y18__P008.jpg,0.892881,23.116281,ok
EES0423483__X24__Y36__P009.jpg,0.813425,21.423636,ok
EES0423483__X24__Y39__P010.jpg,0.883318,23.726303,ok
EES0423483__X27__Y18__P011.jpg,0.869875,23.029595,ok
EES0423483__X27__Y21__P012.jpg,0.924326,25.463623,ok
EES0423483__X27__Y24__P013.jpg,0.898758,23.873673,ok
EES0423483__X2A__Y0C__P014.jpg,0.884589,23.380882,ok
EES0423483__X2A__Y12__P015.jpg,0.893084,22.659822,ok
EES0423483__X2A__Y30__P016.jpg,0.918588,25.368011,ok
EES0423483__X2D__Y09__P017.jpg,0.857455,22.256104,ok
EES0423483__X2D__Y27__P018.jpg,0.856451,21.867742,ok
EES0423483__X30__Y1B__P019.jpg,0.893367,23.552015,ok
EES0423483__X30__Y21__P020.jpg,0.889032,23.336067,ok
EES0423483__X30__Y24__P021.jpg,0.797341,21.295405,ok
EES0423483__X30__Y27__P022.jpg,0.911159,25.063858,ok
EES0423483__X30__Y2D__P023.jpg,0.889547,23.280551,ok
EES0423483__X30__Y36__P024.jpg,0.909809,24.718186,ok
EES0423483__X33__Y1B__P025.jpg,0.863529,20.786467,ok
EES0423484__X33__Y21__P001.jpg,0.830573,21.286199,ok
EES0423484__X33__Y2D__P002.jpg,0.923187,24.550015,ok
EES0423484__X36__Y09__P003.jpg,0.904666,24.094269,ok
EES0423484__X36__Y0C__P004.jpg,0.896199,23.662701,ok
EES0423484__X36__Y1E__P005.jpg,0.864012,20.924145,ok
EES0423484__X36__Y2A__P006.jpg,0.907679,23.908505,ok
EES0423484__X39__Y0C__P007.jpg,0.869930,22.763951,ok
EES0423484__X39__Y21__P008.jpg,0.844076,20.691230,ok
EES0423484__X39__Y2D__P009.jpg,0.840465,21.362502,ok
EES0423484__X39__Y33__P010.jpg,0.871414,22.979635,ok
EES0423484__X3C__Y0F__P011.jpg,0.883819,22.685720,ok
EES0423484__X3C__Y2A__P012.jpg,0.920630,26.474237,ok
EES0423484__X3C__Y33__P013.jpg,0.829672,20.581488,ok
EES0423484__X3F__Y1B__P014.jpg,0.899913,24.450021,ok
EES0423484__X0F__Y18__P015.jpg,0.831481,21.311176,ok
EES0423484__X12__Y24__P016.jpg,0.914257,25.637284,ok
EES0423484__X15__Y12__P017.jpg,0.838364,21.725638,ok
EES0423484__X15__Y18__P018.jpg,0.854258,20.181918,ok
EES0423484__X15__Y1E__P019.jpg,0.937029,26.494303,ok
EES0423484__X15__Y21__P020.jpg,0.856914,21.477152,ok
EES0423484__X15__Y24__P021.jpg,0.880437,22.241429,ok
EES0423484__X18__Y0C__P022.jpg,0.890538,19.897197,ok
EES0423484__X18__Y18__P023.jpg,0.861169,19.464230,ok
EES0423484__X1B__Y0F__P024.jpg,0.870756,22.910805,ok
EES0423484__X1B__Y21__P025.jpg,0.915949,25.605414,ok
EES0423485__X1B__Y2D__P001.jpg,0.943597,26.228399,ok
EES0423485__X1B__Y36__P002.jpg,0.801452,20.331129,ok
EES0423485__X1E__Y06__P003.jpg,0.766460,18.673571,ok
EES0423485__X1E__Y09__P004.jpg,0.902374,25.972097,ok
EES0423485__X1E__Y0C__P005.jpg,0.860468,21.012053,ok
EES0423485__X1E__Y0F__P006.jpg,0.893437,24.715599,ok
EES0423485__X1E__Y21__P007.jpg,0.863993,22.441754,ok
EES0423485__X1E__Y24__P008.jpg,0.885294,21.607939,ok
EES0423485__X1E__Y33__P009.jpg,0.900228,25.007372,ok
EES0423485__X1E__Y36__P010.jpg,0.915299,24.343323,ok
EES0423485__X21__Y0F__P011.jpg,0.864739,20.731760,ok
EES0423485__X21__Y12__P012.jpg,0.733824,19.361129,ok
EES0423485__X21__Y15__P013.jpg,0.857034,22.615655,ok
EES0423485__X21__Y18__P014.jpg,0.823798,17.703337,ok
EES0423485__X21__Y1B__P015.jpg,0.886811,21.449053,ok
EES0423485__X21__Y27__P016.jpg,0.855609,22.381471,ok
EES0423485__X24__Y18__P017.jpg,0.860889,21.890523,ok
EES0423485__X24__Y1E__P018.jpg,0.847012,23.633298,ok
EES0423485__X24__Y27__P019.jpg,0.891611,24.360171,ok
EES0423485__X24__Y2A__P020.jpg,0.668591,14.041598,ok
EES0423485__X24__Y30__P021.jpg,0.912795,26.070927,ok
EES0423485__X24__Y3C__P022.jpg,0.889293,24.088861,ok
EES0423485__X27__Y0C__P023.jpg,0.866713,23.811030,ok
EES0423485__X27__Y0F__P024.jpg,0.906692,24.906051,ok
EES0423485__X27__Y18__P025.jpg,0.905066,24.100787,ok
EES0423486__X27__Y1E__P001.jpg,0.896240,24.449788,ok
EES0423486__X27__Y21__P002.jpg,0.841427,19.973412,ok
EES0423486__X27__Y24__P003.jpg,0.892609,23.748119,ok
EES0423486__X27__Y33__P004.jpg,0.936153,25.596858,ok
EES0423486__X27__Y36__P005.jpg,0.840762,19.152752,ok
EES0423486__X27__Y3C__P006.jpg,0.868036,23.122006,ok
EES0423486__X2A__Y06__P007.jpg,0.931749,27.142302,ok
EES0423486__X2A__Y12__P008.jpg,0.919566,23.551268,ok
EES0423486__X2A__Y18__P009.jpg,0.853625,20.886876,ok
EES0423486__X2A__Y21__P010.jpg,0.854797,20.202002,ok
EES0423486__X2A__Y3F__P011.jpg,0.892693,23.082795,ok
EES0423486__X30__Y09__P012.jpg,0.900081,25.106256,ok
EES0423486__X30__Y0F__P013.jpg,0.894510,27.988627,ok
EES0423486__X30__Y1B__P014.jpg,0.839410,18.433074,ok
EES0423486__X30__Y21__P015.jpg,0.827273,20.741697,ok
EES0423486__X30__Y24__P016.jpg,0.842459,20.492421,ok
EES0423486__X30__Y2D__P017.jpg,0.884569,23.341166,ok
EES0423486__X30__Y30__P018.jpg,0.791901,19.669965,ok
EES0423486__X30__Y33__P019.jpg,0.804754,20.125028,ok
EES0423486__X30__Y36__P020.jpg,0.931408,29.800942,ok
EES0423486__X30__Y39__P021.jpg,0.784785,20.068510,ok
EES0423486__X30__Y3C__P022.jpg,0.845490,21.627513,ok
EES0423486__X33__Y09__P023.jpg,0.891132,22.898652,ok
EES0423486__X33__Y12__P024.jpg,0.877436,24.289378,ok
EES0423486__X33__Y21__P025.jpg,0.934341,26.983526,ok
EES0423487__X33__Y24__P001.jpg,0.903504,23.461529,ok
EES0423487__X33__Y30__P002.jpg,0.937685,28.434958,ok
EES0423487__X33__Y33__P003.jpg,0.916984,26.003318,ok
EES0423487__X33__Y36__P004.jpg,0.798734,16.966349,ok
EES0423487__X36__Y12__P005.jpg,0.811144,19.495235,ok
EES0423487__X36__Y2D__P006.jpg,0.909636,22.816789,ok
EES0423487__X39__Y0C__P007.jpg,0.753103,19.492562,ok
EES0423487__X39__Y12__P008.jpg,0.843914,20.041951,ok
EES0423487__X39__Y18__P009.jpg,0.900111,26.262532,ok
EES0423487__X39__Y27__P010.jpg,0.871537,24.051198,ok
EES0423487__X39__Y2D__P011.jpg,0.864367,22.134819,ok
EES0423487__X39__Y30__P012.jpg,0.815148,20.795105,ok
EES0423487__X39__Y33__P013.jpg,0.939032,26.370372,ok
EES0423487__X3C__Y0F__P014.jpg,0.884094,21.212913,ok
EES0423487__X3C__Y18__P015.jpg,0.904620,25.357049,ok
EES0423487__X3C__Y1B__P016.jpg,0.769403,18.422670,ok
EES0423487__X3C__Y36__P017.jpg,0.819816,19.658005,ok
EES0423487__X3F__Y18__P018.jpg,0.851558,22.101163,ok
EES0423487__X3F__Y1B__P019.jpg,0.876619,19.918400,ok
EES0423487__X15__Y1B__P020.jpg,0.841805,20.909451,ok
EES0423487__X15__Y36__P021.jpg,0.909169,23.909661,ok
EES0423487__X1B__Y0F__P022.jpg,0.905998,25.326240,ok
EES0423487__X1B__Y12__P023.jpg,0.855453,21.510859,ok
EES0423487__X1B__Y18__P024.jpg,0.925694,24.353847,ok
EES0423487__X1B__Y21__P025.jpg,0.888194,23.219688,ok
EES0423488__X1B__Y24__P001.jpg,0.932185,25.685292,ok
EES0423488__X1B__Y27__P002.jpg,0.849412,21.039934,ok
EES0423488__X1B__Y30__P003.jpg,0.863085,22.545798,ok
EES0423488__X1B__Y33__P004.jpg,0.849779,22.076743,ok
EES0423488__X1B__Y36__P005.jpg,0.920984,24.856123,ok
EES0423488__X1E__Y0F__P006.jpg,0.847438,23.064438,ok
EES0423488__X1E__Y30__P007.jpg,0.859736,21.719187,ok
EES0423488__X1E__Y36__P008.jpg,0.916081,24.357550,ok
EES0423488__X21__Y18__P009.jpg,0.913549,24.758583,ok
EES0423488__X21__Y21__P010.jpg,0.937635,27.922926,ok
EES0423488__X21__Y27__P011.jpg,0.878089,23.162271,ok
EES0423488__X24__Y1B__P012.jpg,0.847454,22.530353,ok
EES0423488__X24__Y2A__P013.jpg,0.883795,22.338401,ok
EES0423488__X24__Y2D__P014.jpg,0.922616,25.518886,ok
EES0423488__X24__Y39__P015.jpg,0.917921,24.820204,ok
EES0423488__X27__Y0F__P016.jpg,0.839125,20.075848,ok
EES0423488__X27__Y12__P017.jpg,0.871712,21.536358,ok
EES0423488__X2A__Y15__P018.jpg,0.935482,29.591530,ok
EES0423488__X2A__Y21__P019.jpg,0.889635,23.005240,ok
EES0423488__X2D__Y0F__P020.jpg,0.921301,25.860202,ok
EES0423488__X2D__Y27__P021.jpg,0.941561,25.952749,ok
EES0423488__X2D__Y30__P022.jpg,0.931820,23.866952,ok
EES0423488__X30__Y15__P023.jpg,0.887637,23.515339,ok
EES0423488__X30__Y1B__P024.jpg,0.933592,26.156932,ok
EES0423488__X30__Y1E__P025.jpg,0.831639,20.968721,ok
EES0423489__X33__Y2A__P001.jpg,0.735215,16.338523,ok
EES0423489__X36__Y0F__P002.jpg,0.689323,17.953685,ok
EES0423489__X36__Y27__P003.jpg,0.649975,18.113497,ok
EES0423489__X36__Y36__P004.jpg,0.894411,24.465051,ok
EES0423489__X3C__Y12__P005.jpg,0.728327,17.553076,ok
EES0423489__X3F__Y18__P006.jpg,0.740425,16.030897,ok
EES0423489__X3F__Y1B__P007.jpg,0.866313,21.002666,ok
EES0423489__X42__Y21__P008.jpg,0.718417,18.742204,ok
EES0423489__X42__Y30__P009.jpg,0.668388,17.311628,ok
EES0423489__X0F__Y2D__P010.jpg,0.917591,25.889162,ok
EES0423489__X0F__Y36__P011.jpg,0.850907,20.012469,ok
EES0423489__X12__Y1E__P012.jpg,0.928307,24.313625,ok
EES0423489__X12__Y27__P013.jpg,0.889677,23.516123,ok
EES0423489__X12__Y30__P014.jpg,0.903945,24.214307,ok
EES0423489__X12__Y39__P015.jpg,0.815991,20.661082,ok
EES0423489__X15__Y27__P016.jpg,0.844358,22.660356,ok
EES0423489__X15__Y36__P017.jpg,0.863960,22.240712,ok
EES0423489__X15__Y3C__P018.jpg,0.842816,21.188063,ok
EES0423489__X18__Y36__P019.jpg,0.844496,20.612794,ok
EES0423489__X18__Y3C__P020.jpg,0.917928,25.943269,ok
EES0423489__X1B__Y2A__P021.jpg,0.907175,23.198867,ok
EES0423489__X1B__Y2D__P022.jpg,0.834626,22.692034,ok
EES0423489__X1B__Y30__P023.jpg,0.921447,24.996686,ok
EES0423489__X1B__Y33__P024.jpg,0.926338,24.809277,ok
EES0423489__X1B__Y36__P025.jpg,0.829622,19.915438,ok
EES0423490__X1B__Y3C__P001.jpg,0.877400,22.253906,ok
EES0423490__X1B__Y3F__P002.jpg,0.829214,19.778052,ok
EES0423490__X1E__Y2A__P003.jpg,0.854466,19.688734,ok
EES0423490__X1E__Y2D__P004.jpg,0.864034,21.412319,ok
EES0423490__X1E__Y30__P005.jpg,0.891168,23.209531,ok
EES0423490__X1E__Y33__P006.jpg,0.934652,27.636597,ok
EES0423490__X1E__Y36__P007.jpg,0.911725,26.377651,ok
EES0423490__X1E__Y39__P008.jpg,0.846625,21.500995,ok
EES0423490__X1E__Y3C__P009.jpg,0.872007,23.211537,ok
EES0423490__X21__Y15__P010.jpg,0.807334,20.294452,ok
EES0423490__X21__Y30__P011.jpg,0.897107,23.355737,ok
EES0423490__X21__Y33__P012.jpg,0.900324,23.120146,ok
EES0423490__X21__Y3C__P013.jpg,0.808793,20.748205,ok
EES0423490__X21__Y42__P014.jpg,0.852224,22.689352,ok
EES0423490__X24__Y18__P015.jpg,0.888846,26.899242,ok
EES0423490__X24__Y1E__P016.jpg,0.820974,20.888524,ok
EES0423490__X24__Y27__P017.jpg,0.836683,21.723645,ok
EES0423490__X24__Y2D__P018.jpg,0.829723,21.815002,ok
EES0423490__X24__Y33__P019.jpg,0.890242,24.391699,ok
EES0423490__X24__Y36__P020.jpg,0.853344,20.275269,ok
EES0423490__X24__Y39__P021.jpg,0.858963,21.505676,ok
EES0423490__X24__Y3C__P022.jpg,0.799740,19.444015,ok
EES0423490__X24__Y3F__P023.jpg,0.843488,22.524968,ok
EES0423490__X24__Y42__P024.jpg,0.883252,21.460273,ok
EES0423490__X27__Y18__P025.jpg,0.852558,23.079291,ok
EES0423491__X27__Y2D__P001.jpg,0.892771,23.805854,ok
EES0423491__X2A__Y27__P002.jpg,0.820388,20.657960,ok
EES0423491__X2A__Y2D__P003.jpg,0.768260,19.641703,ok
EES0423491__X2A__Y33__P004.jpg,0.697084,17.231296,ok
EES0423491__X2A__Y36__P005.jpg,0.846607,21.066987,ok
EES0423491__X2A__Y3C__P006.jpg,0.931598,25.948670,ok
EES0423491__X2A__Y3F__P007.jpg,0.777609,17.742069,ok
EES0423491__X2D__Y12__P008.jpg,0.900646,22.848364,ok
EES0423491__X2D__Y27__P009.jpg,0.882652,22.980502,ok
EES0423491__X2D__Y33__P010.jpg,0.841406,20.881947,ok
EES0423491__X2D__Y3F__P011.jpg,0.878092,22.936955,ok
EES0423491__X2D__Y42__P012.jpg,0.865451,21.624662,ok
EES0423491__X30__Y15__P013.jpg,0.890525,24.835018,ok
EES0423491__X30__Y21__P014.jpg,0.808598,19.412221,ok
EES0423491__X30__Y24__P015.jpg,0.909714,25.022061,ok
EES0423491__X30__Y2A__P016.jpg,0.900917,25.538259,ok
EES0423491__X30__Y33__P017.jpg,0.747466,19.741805,ok
EES0423491__X30__Y39__P018.jpg,0.807961,20.754561,ok
EES0423491__X30__Y42__P019.jpg,0.869392,23.262668,ok
EES0423491__X33__Y24__P020.jpg,0.934243,25.859971,ok
EES0423491__X33__Y3C__P021.jpg,0.830833,20.061216,ok
EES0423491__X36__Y18__P022.jpg,0.900514,23.203327,ok
EES0423491__X36__Y1E__P023.jpg,0.908447,23.779524,ok
EES0423491__X36__Y24__P024.jpg,0.904555,22.562930,ok
EES0423491__X36__Y27__P025.jpg,0.861667,23.268931,ok
EES0423492__X36__Y2D__P001.jpg,0.875887,21.636143,ok
EES0423492__X36__Y36__P002.jpg,0.861859,22.537208,ok
EES0423492__X36__Y3F__P003.jpg,0.924683,24.789961,ok
EES0423492__X39__Y21__P004.jpg,0.892078,24.880349,ok
EES0423492__X39__Y30__P005.jpg,0.751956,18.528618,ok
EES0423492__X39__Y39__P006.jpg,0.900648,24.408969,ok
EES0423492__X3C__Y30__P007.jpg,0.871504,23.460096,ok
EES0423492__X3F__Y2D__P008.jpg,0.861172,24.185156,ok
EES0423492__X3F__Y36__P009.jpg,0.900444,23.290254,ok
EES0423492__X42__Y21__P010.jpg,0.911348,24.822377,ok
EES0423492__X42__Y30__P011.jpg,0.861520,23.307447,ok
EES0423492__X42__Y33__P012.jpg,0.873280,23.624487,ok
EES0423492__X15__Y0C__P013.jpg,0.884085,23.397981,ok
EES0423492__X1B__Y06__P014.jpg,0.818673,19.644190,ok
EES0423492__X1E__Y03__P015.jpg,0.860738,20.685368,ok
EES0423492__X21__Y06__P016.jpg,0.883215,22.924317,ok
EES0423492__X21__Y3F__P017.jpg,0.642301,16.171750,ok
EES0423492__X24__Y06__P018.jpg,0.776359,18.313406,ok
EES0423492__X24__Y3F__P019.jpg,0.673181,16.027769,ok
EES0423492__X27__Y3F__P020.jpg,0.709349,16.875514,ok
EES0423492__X33__Y3F__P021.jpg,0.732664,16.327101,ok
EES0423492__X36__Y3F__P022.jpg,0.619737,14.520630,ok
EES0423492__X45__Y33__P023.jpg,0.837078,19.040839,ok
EES0423492__X48__Y2D__P024.jpg,0.758224,16.818894,ok
EES0423492__X09__Y1E__P025.jpg,0.677593,16.992958,ok
EES0423493__X09__Y30__P001.jpg,0.915724,25.004113,ok
EES0423493__X0C__Y33__P002.jpg,0.813845,22.126485,ok
EES0423493__X0F__Y0F__P003.jpg,0.881110,20.607521,ok
EES0423493__X12__Y0C__P004.jpg,0.875502,21.916690,ok
EES0423493__X15__Y09__P005.jpg,0.823489,20.851279,ok
EES0423493__X1B__Y06__P006.jpg,0.841116,21.192273,ok
EES0423493__X1B__Y3F__P007.jpg,0.660980,16.823641,ok
EES0423493__X1E__Y06__P008.jpg,0.806334,19.517189,ok
EES0423493__X1E__Y42__P009.jpg,0.877374,22.670107,ok
EES0423493__X24__Y03__P010.jpg,0.944305,27.005305,ok
EES0423493__X24__Y42__P011.jpg,0.581058,15.606607,ok
EES0423493__X27__Y03__P012.jpg,0.902638,23.637498,ok
EES0423493__X33__Y06__P013.jpg,0.806902,18.879966,ok
EES0423493__X33__Y42__P014.jpg,0.857688,21.702387,ok
EES0423493__X39__Y3F__P015.jpg,0.842998,20.172411,ok
EES0423493__X45__Y15__P016.jpg,0.776826,18.078575,ok
EES0423493__X45__Y33__P017.jpg,0.935753,27.955211,ok
EES0423493__X48__Y2A__P018.jpg,0.792211,19.214461,ok
EES0423493__X48__Y2D__P019.jpg,0.938722,25.592307,ok
EES0423493__X0C__Y27__P020.jpg,0.734084,18.261367,ok
EES0423493__X0C__Y2A__P021.jpg,0.803822,19.459331,ok
EES0423493__X0C__Y2D__P022.jpg,0.673966,15.983322,ok
EES0423493__X0C__Y30__P023.jpg,0.496377,15.818837,ok
EES0423493__X0F__Y2A__P024.jpg,0.642446,16.421292,ok
EES0423493__X12__Y0F__P025.jpg,0.856171,22.568637,ok
EES0423494__X1E__Y39__P001.jpg,0.902517,24.536867,ok
EES0423494__X21__Y2A__P002.jpg,0.775327,18.205932,ok
EES0423494__X21__Y2D__P003.jpg,0.781209,17.276303,ok
EES0423494__X21__Y33__P004.jpg,0.787892,19.479114,ok
EES0423494__X24__Y2A__P005.jpg,0.713742,19.616436,ok
EES0423494__X24__Y2D__P006.jpg,0.705020,18.303622,ok
EES0423494__X24__Y30__P007.jpg,0.777141,19.061385,ok
EES0423494__X27__Y15__P008.jpg,0.808766,20.996711,ok
EES0423494__X27__Y27__P009.jpg,0.693557,18.313077,ok
EES0423494__X2A__Y09__P010.jpg,0.700048,16.949944,ok
EES0423494__X2A__Y12__P011.jpg,0.727638,18.800769,ok
EES0423494__X2A__Y15__P012.jpg,0.727022,18.978862,ok
EES0423494__X2A__Y18__P013.jpg,0.647090,17.256756,ok
EES0423494__X2A__Y2A__P014.jpg,0.710382,16.846610,ok
EES0423494__X2D__Y0C__P015.jpg,0.748302,18.062294,ok
EES0423494__X2D__Y0F__P016.jpg,0.696374,17.445791,ok
EES0423494__X2D__Y12__P017.jpg,0.687814,17.013983,ok
EES0423494__X2D__Y15__P018.jpg,0.803567,19.708134,ok
EES0423494__X2D__Y18__P019.jpg,0.688522,16.591568,ok
EES0423494__X2D__Y1B__P020.jpg,0.865704,21.236002,ok
EES0423494__X2D__Y21__P021.jpg,0.863390,20.916558,ok
EES0423494__X2D__Y24__P022.jpg,0.884055,22.632546,ok
EES0423494__X2D__Y2D__P023.jpg,0.844642,21.193242,ok
EES0423494__X2D__Y30__P024.jpg,0.818137,23.389389,ok
EES0423494__X2D__Y33__P025.jpg,0.658249,16.575815,ok
EES0423495__X2D__Y36__P001.jpg,0.787897,18.094447,ok
EES0423495__X2D__Y39__P002.jpg,0.784821,18.474817,ok
EES0423495__X30__Y06__P003.jpg,0.762796,17.205675,ok
EES0423495__X30__Y09__P004.jpg,0.769963,19.141751,ok
EES0423495__X30__Y0C__P005.jpg,0.719545,18.028618,ok
EES0423495__X30__Y0F__P006.jpg,0.791055,19.896679,ok
EES0423495__X30__Y1B__P007.jpg,0.759505,19.090760,ok
EES0423495__X30__Y1E__P008.jpg,0.813143,20.158384,ok
EES0423495__X30__Y21__P009.jpg,0.728812,18.034996,ok
EES0423495__X30__Y24__P010.jpg,0.833013,20.069043,ok
EES0423495__X30__Y27__P011.jpg,0.638336,16.185723,ok
EES0423495__X30__Y2A__P012.jpg,0.840236,19.388588,ok
EES0423495__X30__Y36__P013.jpg,0.733251,16.743604,ok
EES0423495__X30__Y39__P014.jpg,0.827737,19.838408,ok
EES0423495__X30__Y3C__P015.jpg,0.749184,17.015656,ok
EES0423495__X33__Y1E__P016.jpg,0.740711,16.910320,ok
EES0423495__X33__Y21__P017.jpg,0.882287,23.208398,ok
EES0423495__X33__Y24__P018.jpg,0.822489,19.661963,ok
EES0423495__X33__Y27__P019.jpg,0.720293,17.797249,ok
EES0423495__X36__Y21__P020.jpg,0.760442,19.366156,ok
EES0423495__X36__Y24__P021.jpg,0.688851,18.634278,ok
EES0423495__X39__Y21__P022.jpg,0.772321,20.928639,ok
EES0423495__X39__Y24__P023.jpg,0.761758,17.978011,ok
EES0423495__X39__Y27__P024.jpg,0.698152,19.190876,ok
EES0423495__X3C__Y1B__P025.jpg,0.800365,20.689387,ok
EES0423496__X3C__Y2A__P001.jpg,0.777707,19.585793,ok
EES0423496__X3C__Y2D__P002.jpg,0.797136,17.738338,ok
EES0423496__X3F__Y1B__P003.jpg,0.841137,22.805611,ok
EES0423496__X3F__Y27__P004.jpg,0.636860,16.666670,ok
EES0423496__X3F__Y2A__P005.jpg,0.791825,20.690119,ok
EES0423496__X3F__Y2D__P006.jpg,0.791496,18.105901,ok
EES0423496__X42__Y15__P007.jpg,0.765759,18.767441,ok
EES0423496__X42__Y18__P008.jpg,0.739094,18.560918,ok
EES0423496__X42__Y1B__P009.jpg,0.703882,17.381422,ok
EES0423496__X42__Y1E__P010.jpg,0.755907,18.905075,ok
EES0423496__X42__Y2A__P011.jpg,0.742596,19.590534,ok
EES0423496__X42__Y30__P012.jpg,0.916011,25.399171,ok
EES0423496__X0F__Y1E__P013.jpg,0.805846,20.304272,ok
EES0423496__X12__Y1E__P014.jpg,0.915463,26.728232,ok
EES0423496__X12__Y21__P015.jpg,0.919979,25.225366,ok
EES0423496__X12__Y24__P016.jpg,0.930593,25.824968,ok
EES0423496__X12__Y27__P017.jpg,0.823387,20.245500,ok
EES0423496__X12__Y2A__P018.jpg,0.791272,20.378212,ok
EES0423496__X12__Y2D__P019.jpg,0.880592,23.871963,ok
EES0423496__X15__Y21__P020.jpg,0.797471,21.248970,ok
EES0423496__X15__Y30__P021.jpg,0.896637,20.657370,ok
EES0423496__X15__Y33__P022.jpg,0.846945,21.863726,ok
EES0423496__X15__Y39__P023.jpg,0.892975,23.201146,ok
EES0423496__X15__Y3C__P024.jpg,0.908390,27.183411,ok
EES0423496__X18__Y27__P025.jpg,0.633159,18.697831,ok
EES0423497__X1B__Y12__P001.jpg,0.872889,23.507604,ok
EES0423497__X1B__Y1E__P002.jpg,0.759807,18.812999,ok
EES0423497__X1B__Y27__P003.jpg,0.915426,25.252149,ok
EES0423497__X1B__Y2A__P004.jpg,0.819487,21.666962,ok
EES0423497__X1B__Y2D__P005.jpg,0.800523,20.596120,ok
EES0423497__X1B__Y30__P006.jpg,0.804911,20.838114,ok
EES0423497__X1B__Y33__P007.jpg,0.742406,19.286475,ok
EES0423497__X1B__Y39__P008.jpg,0.586509,17.129201,ok
EES0423497__X1B__Y3C__P009.jpg,0.810229,20.106304,ok
EES0423497__X1B__Y3F__P010.jpg,0.858224,23.076747,ok
EES0423497__X1E__Y1E__P011.jpg,0.815045,21.225459,ok
EES0423497__X1E__Y27__P012.jpg,0.810376,22.191183,ok
EES0423497__X1E__Y2A__P013.jpg,0.766359,19.565329,ok
EES0423497__X1E__Y2D__P014.jpg,0.732494,18.043877,ok
EES0423497__X1E__Y30__P015.jpg,0.684375,18.657609,ok
EES0423497__X1E__Y39__P016.jpg,0.747532,19.085519,ok
EES0423497__X1E__Y3C__P017.jpg,0.823079,23.227661,ok
EES0423497__X21__Y30__P018.jpg,0.797504,21.709961,ok
EES0423497__X21__Y33__P019.jpg,0.871715,22.129983,ok
EES0423497__X21__Y36__P020.jpg,0.793425,19.514325,ok
EES0423497__X21__Y3C__P021.jpg,0.826199,20.972358,ok
EES0423497__X21__Y3F__P022.jpg,0.829153,19.642364,ok
EES0423497__X24__Y1B__P023.jpg,0.706700,19.812067,ok
EES0423497__X24__Y2D__P024.jpg,0.836269,22.013532,ok
EES0423497__X24__Y33__P025.jpg,0.744243,20.923992,ok
EES0423498__X24__Y39__P001.jpg,0.750498,20.193484,ok
EES0423498__X24__Y3C__P002.jpg,0.828366,23.053342,ok
EES0423498__X24__Y3F__P003.jpg,0.837534,21.535508,ok
EES0423498__X27__Y2A__P004.jpg,0.786633,22.284808,ok
EES0423498__X27__Y39__P005.jpg,0.745425,19.536135,ok
EES0423498__X27__Y3F__P006.jpg,0.714501,18.905579,ok
EES0423498__X2A__Y36__P007.jpg,0.727999,17.792469,ok
EES0423498__X2A__Y39__P008.jpg,0.821597,21.986763,ok
EES0423498__X2A__Y3C__P009.jpg,0.744033,19.623442,ok
EES0423498__X2A__Y3F__P010.jpg,0.851843,21.789640,ok
EES0423498__X2D__Y21__P011.jpg,0.790430,20.076602,ok
EES0423498__X2D__Y3C__P012.jpg,0.761232,19.867072,ok
EES0423498__X30__Y0F__P013.jpg,0.769473,19.304922,ok
EES0423498__X30__Y1B__P014.jpg,0.757619,20.291485,ok
EES0423498__X30__Y21__P015.jpg,0.689185,19.141210,ok
EES0423498__X30__Y24__P016.jpg,0.755429,19.644980,ok
EES0423498__X30__Y27__P017.jpg,0.711396,21.284557,ok
EES0423498__X30__Y2A__P018.jpg,0.680218,18.646771,ok
EES0423498__X30__Y30__P019.jpg,0.830648,22.153305,ok
EES0423498__X30__Y33__P020.jpg,0.910148,26.380062,ok
EES0423498__X30__Y39__P021.jpg,0.650591,18.890171,ok
EES0423498__X33__Y12__P022.jpg,0.857052,22.469967,ok
EES0423498__X33__Y39__P023.jpg,0.783307,19.655550,ok
EES0423498__X33__Y3C__P024.jpg,0.863655,21.841148,ok
EES0423498__X33__Y3F__P025.jpg,0.892193,24.493127,ok
EES0423499__X36__Y0F__P001.jpg,0.733222,18.732192,ok
EES0423499__X36__Y12__P002.jpg,0.843978,21.320428,ok
EES0423499__X36__Y15__P003.jpg,0.855053,22.348360,ok
EES0423499__X36__Y18__P004.jpg,0.852685,20.946503,ok
EES0423499__X36__Y1B__P005.jpg,0.825620,21.797294,ok
EES0423499__X36__Y1E__P006.jpg,0.801597,20.735960,ok
EES0423499__X36__Y21__P007.jpg,0.704083,18.703302,ok
EES0423499__X36__Y36__P008.jpg,0.722011,19.217454,ok
EES0423499__X36__Y39__P009.jpg,0.637540,18.270890,ok
EES0423499__X36__Y3F__P010.jpg,0.867140,23.301091,ok
EES0423499__X39__Y27__P011.jpg,0.694807,19.001556,ok
EES0423499__X3C__Y12__P012.jpg,0.776913,18.435269,ok
EES0423499__X3C__Y30__P013.jpg,0.670340,19.379079,ok
EES0423499__X3C__Y36__P014.jpg,0.832435,20.952560,ok
EES0423499__X42__Y1E__P015.jpg,0.726847,20.153734,ok
EES0423499__X42__Y24__P016.jpg,0.886072,24.695481,ok
EES0423499__X0C__Y03__P017.jpg,0.940241,25.791377,ok
EES0423499__X0C__Y06__P018.jpg,0.908169,25.074617,ok
EES0423499__X0F__Y03__P019.jpg,0.935772,29.663262,ok
EES0423499__X0F__Y2D__P020.jpg,0.718499,18.907005,ok
EES0423499__X12__Y12__P021.jpg,0.713332,17.444800,ok
EES0423499__X12__Y15__P022.jpg,0.883671,21.398466,ok
EES0423499__X12__Y18__P023.jpg,0.882733,23.508155,ok
EES0423499__X12__Y1B__P024.jpg,0.926215,27.994016,ok
EES0423499__X12__Y2A__P025.jpg,0.860901,24.127704,ok
EES0423500__X12__Y2D__P001.jpg,0.796473,20.109842,ok
EES0423500__X15__Y15__P002.jpg,0.786764,19.988876,ok
EES0423500__X15__Y18__P003.jpg,0.736190,17.669818,ok
EES0423500__X15__Y1B__P004.jpg,0.788678,20.802522,ok
EES0423500__X15__Y1E__P005.jpg,0.924845,26.695865,ok
EES0423500__X15__Y21__P006.jpg,0.776074,19.032097,ok
EES0423500__X15__Y24__P007.jpg,0.890333,21.557717,ok
EES0423500__X15__Y27__P008.jpg,0.849371,21.150003,ok
EES0423500__X15__Y2A__P009.jpg,0.865632,22.834051,ok
EES0423500__X18__Y1B__P010.jpg,0.851965,21.968787,ok
EES0423500__X18__Y27__P011.jpg,0.734821,20.207504,ok
EES0423500__X1B__Y0C__P012.jpg,0.863186,20.786756,ok
EES0423500__X1B__Y0F__P013.jpg,0.859288,23.864353,ok
EES0423500__X1B__Y12__P014.jpg,0.808656,19.496843,ok
EES0423500__X1B__Y18__P015.jpg,0.909634,27.671311,ok
EES0423500__X1B__Y1B__P016.jpg,0.892557,24.110844,ok
EES0423500__X1B__Y1E__P017.jpg,0.823721,20.770365,ok
EES0423500__X1B__Y21__P018.jpg,0.800546,19.641165,ok
EES0423500__X1B__Y24__P019.jpg,0.914390,25.076128,ok
EES0423500__X1B__Y27__P020.jpg,0.929934,31.533972,ok
EES0423500__X1B__Y2A__P021.jpg,0.817894,22.107197,ok
EES0423500__X1B__Y2D__P022.jpg,0.751733,20.513608,ok
EES0423500__X1B__Y33__P023.jpg,0.837714,21.931644,ok
EES0423500__X1B__Y36__P024.jpg,0.727975,19.103185,ok
EES0423500__X1E__Y12__P025.jpg,0.857729,23.623280,ok
EES0423501__X1E__Y15__P001.jpg,0.784569,21.521497,ok
EES0423501__X1E__Y1B__P002.jpg,0.712432,18.290352,ok
EES0423501__X1E__Y1E__P003.jpg,0.743012,18.804506,ok
EES0423501__X1E__Y21__P004.jpg,0.820647,22.617115,ok
EES0423501__X1E__Y24__P005.jpg,0.893274,24.954219,ok
EES0423501__X1E__Y30__P006.jpg,0.847110,21.458184,ok
EES0423501__X1E__Y33__P007.jpg,0.608784,19.201494,ok
EES0423501__X21__Y12__P008.jpg,0.726215,18.252583,ok
EES0423501__X21__Y15__P009.jpg,0.903713,23.402645,ok
EES0423501__X21__Y18__P010.jpg,0.865845,22.282063,ok
EES0423501__X21__Y1B__P011.jpg,0.762850,20.472801,ok
EES0423501__X24__Y0F__P012.jpg,0.802609,20.755095,ok
EES0423501__X24__Y12__P013.jpg,0.758149,17.794926,ok
EES0423501__X24__Y15__P014.jpg,0.821822,21.267030,ok
EES0423501__X24__Y18__P015.jpg,0.857939,22.086069,ok
EES0423501__X24__Y27__P016.jpg,0.895811,23.662726,ok
EES0423501__X24__Y2A__P017.jpg,0.862150,23.602089,ok
EES0423501__X24__Y33__P018.jpg,0.798927,22.388908,ok
EES0423501__X27__Y15__P019.jpg,0.783312,19.240090,ok
EES0423501__X27__Y1B__P020.jpg,0.847613,21.991431,ok
EES0423501__X27__Y1E__P021.jpg,0.911291,25.849315,ok
EES0423501__X27__Y21__P022.jpg,0.739501,20.646565,ok
EES0423501__X27__Y36__P023.jpg,0.722313,18.279006,ok
EES0423501__X2A__Y18__P024.jpg,0.812588,20.636962,ok
EES0423501__X2A__Y1B__P025.jpg,0.934094,27.849636,ok
EES0423502__X2A__Y21__P001.jpg,0.790606,18.861680,ok
EES0423502__X2A__Y2D__P002.jpg,0.872186,24.084675,ok
EES0423502__X30__Y18__P003.jpg,0.844032,20.777944,ok
EES0423502__X30__Y1B__P004.jpg,0.850323,22.069319,ok
EES0423502__X30__Y1E__P005.jpg,0.802594,18.122546,ok
EES0423502__X30__Y21__P006.jpg,0.834634,21.542338,ok
EES0423502__X30__Y24__P007.jpg,0.802864,19.323882,ok
EES0423502__X30__Y27__P008.jpg,0.764469,21.085646,ok
EES0423502__X30__Y2D__P009.jpg,0.736707,20.878532,ok
EES0423502__X33__Y27__P010.jpg,0.690898,17.099528,ok
EES0423502__X36__Y21__P011.jpg,0.673456,18.217723,ok
EES0423502__X36__Y24__P012.jpg,0.838424,21.586936,ok
EES0423502__X36__Y27__P013.jpg,0.757423,18.709669,ok
EES0423502__X36__Y2A__P014.jpg,0.705437,18.191680,ok
EES0423502__X39__Y27__P015.jpg,0.844311,21.660825,ok
EES0423502__X39__Y2A__P016.jpg,0.866441,23.072935,ok
EES0423502__X3F__Y2D__P017.jpg,0.929451,24.650613,ok
EES0423502__X42__Y27__P018.jpg,0.661209,17.671573,ok
EES0423502__X42__Y2A__P019.jpg,0.813133,18.365614,ok
EES0423502__X42__Y2D__P020.jpg,0.905707,26.734988,ok
EES0423502__X42__Y30__P021.jpg,0.920204,24.070185,ok
EES0423502__X0C__Y27__P022.jpg,0.832747,21.041395,ok
EES0423502__X0F__Y15__P023.jpg,0.919745,25.959548,ok
EES0423502__X15__Y21__P024.jpg,0.777009,18.374583,ok
EES0423502__X1B__Y1E__P025.jpg,0.818878,20.701907,ok
EES0423503__X39__Y1B__P001.jpg,0.761212,18.462797,ok
EES0423503__X3F__Y27__P002.jpg,0.832195,21.330927,ok
EES0423503__X42__Y1B__P003.jpg,0.739344,18.407484,ok
EES0423503__X42__Y27__P004.jpg,0.802307,19.324578,ok
EES0423503__X42__Y2A__P005.jpg,0.800418,20.337527,ok
EES0423503__X42__Y30__P006.jpg,0.773797,19.303334,ok
EES0423503__X09__Y06__P007.jpg,0.904861,22.735757,ok
EES0423503__X09__Y21__P008.jpg,0.933280,27.313626,ok
EES0423503__X09__Y27__P009.jpg,0.884162,22.439908,ok
EES0423503__X0C__Y1B__P010.jpg,0.878260,22.651696,ok
EES0423503__X0C__Y21__P011.jpg,0.669580,15.120652,ok
EES0423503__X0C__Y2D__P012.jpg,0.835847,21.007600,ok
EES0423503__X0C__Y30__P013.jpg,0.890411,23.526161,ok
EES0423503__X0C__Y33__P014.jpg,0.895743,24.097499,ok
EES0423503__X0F__Y1B__P015.jpg,0.745437,18.863663,ok
EES0423503__X0F__Y21__P016.jpg,0.840138,18.705754,ok
EES0423503__X0F__Y27__P017.jpg,0.725800,17.858595,ok
EES0423503__X0F__Y2A__P018.jpg,0.757448,17.523254,ok
EES0423503__X0F__Y2D__P019.jpg,0.715489,18.631631,ok
EES0423503__X0F__Y30__P020.jpg,0.733627,18.306248,ok
EES0423503__X0F__Y33__P021.jpg,0.745105,18.161729,ok
EES0423503__X0F__Y36__P022.jpg,0.683112,17.936341,ok
EES0423503__X12__Y12__P023.jpg,0.766213,19.949885,ok
EES0423503__X12__Y15__P024.jpg,0.852283,21.978438,ok
EES0423503__X12__Y18__P025.jpg,0.929570,24.926995,ok
EES0423504__X1E__Y42__P001.jpg,0.833768,22.558331,ok
EES0423504__X21__Y0C__P002.jpg,0.770730,19.089439,ok
EES0423504__X21__Y3F__P003.jpg,0.621401,17.206574,ok
EES0423504__X21__Y42__P004.jpg,0.787375,19.634413,ok
EES0423504__X24__Y06__P005.jpg,0.870843,22.655329,ok
EES0423504__X24__Y09__P006.jpg,0.741824,17.560776,ok
EES0423504__X24__Y0C__P007.jpg,0.713790,16.938035,ok
EES0423504__X24__Y0F__P008.jpg,0.748325,19.090944,ok
EES0423504__X27__Y09__P009.jpg,0.687488,15.570289,ok
EES0423504__X2A__Y06__P010.jpg,0.794080,18.560233,ok
EES0423504__X2A__Y0C__P011.jpg,0.816139,20.338478,ok
EES0423504__X2D__Y09__P012.jpg,0.616505,16.222992,ok
EES0423504__X33__Y42__P013.jpg,0.821821,20.473105,ok
EES0423504__X36__Y09__P014.jpg,0.900712,23.196721,ok
EES0423504__X3F__Y0F__P015.jpg,0.877570,21.377704,ok
EES0423504__X42__Y12__P016.jpg,0.815276,20.552976,ok
EES0423504__X48__Y2A__P017.jpg,0.837690,19.593289,ok
EES0423504__X12__Y18__P018.jpg,0.728313,17.503535,ok
EES0423504__X12__Y1B__P019.jpg,0.742203,18.151300,ok
EES0423504__X15__Y0F__P020.jpg,0.740221,18.521638,ok
EES0423504__X15__Y18__P021.jpg,0.696129,16.416967,ok
EES0423504__X15__Y1B__P022.jpg,0.659520,16.054859,ok
EES0423504__X15__Y1E__P023.jpg,0.720361,17.897410,ok
EES0423504__X15__Y27__P024.jpg,0.718291,16.616348,ok
EES0423504__X15__Y33__P025.jpg,0.812472,20.622458,ok
EES0423505__X15__Y15__P001.jpg,0.867559,22.093725,ok
EES0423505__X15__Y1B__P002.jpg,0.901525,24.644433,ok
EES0423505__X15__Y24__P003.jpg,0.718781,16.287039,ok
EES0423505__X15__Y27__P004.jpg,0.813806,18.875627,ok
EES0423505__X15__Y2A__P005.jpg,0.866076,22.382603,ok
EES0423505__X15__Y2D__P006.jpg,0.697208,17.882481,ok
EES0423505__X15__Y30__P007.jpg,0.651762,18.515177,ok
EES0423505__X15__Y33__P008.jpg,0.798302,18.779658,ok
EES0423505__X18__Y12__P009.jpg,0.888079,25.874729,ok
EES0423505__X18__Y1B__P010.jpg,0.845873,19.989057,ok
EES0423505__X18__Y21__P011.jpg,0.857924,20.849006,ok
EES0423505__X18__Y27__P012.jpg,0.765808,21.272830,ok
EES0423505__X18__Y2D__P013.jpg,0.719766,17.924618,ok
EES0423505__X18__Y30__P014.jpg,0.774455,18.720674,ok
EES0423505__X18__Y33__P015.jpg,0.915102,25.127411,ok
EES0423505__X18__Y36__P016.jpg,0.808285,19.633459,ok
EES0423505__X1B__Y09__P017.jpg,0.842777,22.721342,ok
EES0423505__X1B__Y12__P018.jpg,0.938761,26.413772,ok
EES0423505__X1B__Y1B__P019.jpg,0.803675,19.156326,ok
EES0423505__X1B__Y1E__P020.jpg,0.780683,18.783177,ok
EES0423505__X1B__Y21__P021.jpg,0.738442,17.965872,ok
EES0423505__X1B__Y24__P022.jpg,0.815836,22.026562,ok
EES0423505__X1B__Y27__P023.jpg,0.789786,18.104810,ok
EES0423505__X1B__Y2D__P024.jpg,0.838156,19.178584,ok
EES0423505__X1B__Y36__P025.jpg,0.761318,18.554282,ok
EES0423506__X1E__Y09__P001.jpg,0.768805,18.502318,ok
EES0423506__X1E__Y12__P002.jpg,0.755686,19.147818,ok
EES0423506__X1E__Y18__P003.jpg,0.809219,20.222074,ok
EES0423506__X1E__Y1B__P004.jpg,0.915544,24.261600,ok
EES0423506__X1E__Y21__P005.jpg,0.833298,20.579821,ok
EES0423506__X1E__Y27__P006.jpg,0.912744,27.788023,ok
EES0423506__X1E__Y30__P007.jpg,0.625689,15.230831,ok
EES0423506__X1E__Y36__P008.jpg,0.839649,22.125889,ok
EES0423506__X21__Y06__P009.jpg,0.759071,17.297607,ok
EES0423506__X21__Y09__P010.jpg,0.840648,19.140803,ok
EES0423506__X21__Y2D__P011.jpg,0.811012,21.436144,ok
EES0423506__X24__Y06__P012.jpg,0.789489,19.505679,ok
EES0423506__X24__Y09__P013.jpg,0.861407,22.283880,ok
EES0423506__X24__Y12__P014.jpg,0.835144,23.897693,ok
EES0423506__X24__Y1E__P015.jpg,0.781939,18.800948,ok
EES0423506__X24__Y27__P016.jpg,0.769072,20.522850,ok
EES0423506__X24__Y2A__P017.jpg,0.792409,20.331325,ok
EES0423506__X27__Y18__P018.jpg,0.718342,17.986597,ok
EES0423506__X27__Y1B__P019.jpg,0.796212,19.848942,ok
EES0423506__X27__Y1E__P020.jpg,0.836813,22.630787,ok
EES0423506__X2A__Y2A__P021.jpg,0.847952,22.429068,ok
EES0423506__X2A__Y33__P022.jpg,0.686253,18.677201,ok
EES0423506__X2D__Y0C__P023.jpg,0.922727,24.325056,ok
EES0423506__X30__Y18__P024.jpg,0.853604,21.812999,ok
EES0423506__X30__Y1B__P025.jpg,0.755425,18.620814,ok
EES0423507__X30__Y27__P001.jpg,0.750076,19.719332,ok
EES0423507__X30__Y30__P002.jpg,0.768986,18.886569,ok
EES0423507__X30__Y36__P003.jpg,0.853738,22.149106,ok
EES0423507__X30__Y39__P004.jpg,0.815020,19.864299,ok
EES0423507__X30__Y3C__P005.jpg,0.918645,28.400051,ok
EES0423507__X33__Y1E__P006.jpg,0.755201,18.454269,ok
EES0423507__X33__Y27__P007.jpg,0.825011,19.551316,ok
EES0423507__X33__Y30__P008.jpg,0.830282,21.309734,ok
EES0423507__X33__Y36__P009.jpg,0.844840,21.623905,ok
EES0423507__X36__Y09__P010.jpg,0.840697,21.401390,ok
EES0423507__X36__Y30__P011.jpg,0.876711,23.171243,ok
EES0423507__X36__Y33__P012.jpg,0.749987,19.100323,ok
EES0423507__X39__Y12__P013.jpg,0.747488,19.331691,ok
EES0423507__X3C__Y1E__P014.jpg,0.829149,19.139171,ok
EES0423507__X3C__Y27__P015.jpg,0.713114,18.499604,ok
EES0423507__X3C__Y2A__P016.jpg,0.806968,20.462786,ok
EES0423507__X0F__Y30__P017.jpg,0.818871,21.310130,ok
EES0423507__X12__Y15__P018.jpg,0.790329,20.896075,ok
EES0423507__X12__Y18__P019.jpg,0.848469,23.975844,ok
EES0423507__X12__Y1B__P020.jpg,0.862223,22.872455,ok
EES0423507__X12__Y21__P021.jpg,0.808644,20.805527,ok
EES0423507__X12__Y24__P022.jpg,0.812894,21.502099,ok
EES0423507__X12__Y27__P023.jpg,0.779758,19.854509,ok
EES0423507__X12__Y2D__P024.jpg,0.837258,20.811921,ok
EES0423507__X12__Y30__P025.jpg,0.785968,19.671979,ok
EES0423508__X12__Y33__P001.jpg,0.900486,25.417429,ok
EES0423508__X12__Y36__P002.jpg,0.811783,19.553555,ok
EES0423508__X15__Y1E__P003.jpg,0.817636,20.449900,ok
EES0423508__X15__Y2A__P004.jpg,0.783240,19.346018,ok
EES0423508__X15__Y2D__P005.jpg,0.721218,18.464597,ok
EES0423508__X15__Y30__P006.jpg,0.800177,19.656388,ok
EES0423508__X15__Y33__P007.jpg,0.821362,19.489800,ok
EES0423508__X18__Y39__P008.jpg,0.795356,18.981340,ok
EES0423508__X1B__Y1B__P009.jpg,0.760251,20.480146,ok
EES0423508__X1B__Y24__P010.jpg,0.706035,18.217173,ok
EES0423508__X1B__Y36__P011.jpg,0.867268,22.199255,ok
EES0423508__X1B__Y39__P012.jpg,0.778945,19.769670,ok
EES0423508__X1E__Y12__P013.jpg,0.907537,25.429650,ok
EES0423508__X1E__Y1E__P014.jpg,0.770857,19.527500,ok
EES0423508__X1E__Y21__P015.jpg,0.806314,20.340603,ok
EES0423508__X1E__Y24__P016.jpg,0.867693,21.663331,ok
EES0423508__X1E__Y2D__P017.jpg,0.768923,20.048287,ok
EES0423508__X1E__Y36__P018.jpg,0.724832,17.982548,ok
EES0423508__X1E__Y39__P019.jpg,0.662010,17.099441,ok
EES0423508__X21__Y15__P020.jpg,0.644760,18.495537,ok
EES0423508__X21__Y2A__P021.jpg,0.845322,20.516988,ok
EES0423508__X21__Y2D__P022.jpg,0.753411,19.446131,ok
EES0423508__X21__Y33__P023.jpg,0.676026,16.328655,ok
EES0423508__X21__Y39__P024.jpg,0.716231,17.640451,ok
EES0423508__X21__Y3C__P025.jpg,0.851917,21.853700,ok
EES0423509__X24__Y0C__P001.jpg,0.760053,18.993910,ok
EES0423509__X24__Y15__P002.jpg,0.733178,18.079573,ok
EES0423509__X24__Y1E__P003.jpg,0.727719,17.644695,ok
EES0423509__X24__Y24__P004.jpg,0.902586,23.471682,ok
EES0423509__X24__Y2A__P005.jpg,0.872236,23.190000,ok
EES0423509__X24__Y2D__P006.jpg,0.744686,19.344346,ok
EES0423509__X24__Y30__P007.jpg,0.787967,19.992347,ok
EES0423509__X24__Y36__P008.jpg,0.796095,19.649489,ok
EES0423509__X24__Y39__P009.jpg,0.909344,24.858433,ok
EES0423509__X24__Y3C__P010.jpg,0.847005,22.104684,ok
EES0423509__X27__Y27__P011.jpg,0.848904,22.008480,ok
EES0423509__X2A__Y2A__P012.jpg,0.874928,22.777328,ok
EES0423509__X2A__Y36__P013.jpg,0.769408,19.152154,ok
EES0423509__X2A__Y39__P014.jpg,0.879140,23.478246,ok
EES0423509__X2D__Y0C__P015.jpg,0.877028,23.495140,ok
EES0423509__X2D__Y0F__P016.jpg,0.752133,19.785962,ok
EES0423509__X2D__Y36__P017.jpg,0.675884,18.106560,ok
EES0423509__X30__Y12__P018.jpg,0.745319,17.089878,ok
EES0423509__X30__Y1B__P019.jpg,0.925702,28.177373,ok
EES0423509__X30__Y1E__P020.jpg,0.861844,22.417895,ok
EES0423509__X30__Y21__P021.jpg,0.873169,23.155874,ok
EES0423509__X30__Y27__P022.jpg,0.763838,18.788801,ok
EES0423509__X30__Y2A__P023.jpg,0.820401,22.272351,ok
EES0423509__X30__Y2D__P024.jpg,0.836055,20.945490,ok
EES0423509__X30__Y30__P025.jpg,0.716678,18.766393,ok
EES0423510__X30__Y36__P001.jpg,0.866293,21.438040,ok
EES0423510__X30__Y39__P002.jpg,0.931163,31.494099,ok
EES0423510__X30__Y3C__P003.jpg,0.706517,17.030275,ok
EES0423510__X33__Y30__P004.jpg,0.905691,23.373404,ok
EES0423510__X33__Y39__P005.jpg,0.809960,19.459076,ok
EES0423510__X36__Y09__P006.jpg,0.744545,17.740805,ok
EES0423510__X36__Y12__P007.jpg,0.772495,20.510577,ok
EES0423510__X36__Y18__P008.jpg,0.758249,19.526210,ok
EES0423510__X36__Y1B__P009.jpg,0.808853,19.175402,ok
EES0423510__X36__Y24__P010.jpg,0.709935,18.431683,ok
EES0423510__X36__Y2A__P011.jpg,0.735255,19.451253,ok
EES0423510__X36__Y36__P012.jpg,0.768412,19.844666,ok
EES0423510__X39__Y1E__P013.jpg,0.758502,20.106377,ok
EES0423510__X39__Y27__P014.jpg,0.743421,19.676029,ok
EES0423510__X12__Y0F__P015.jpg,0.771990,18.966099,ok
EES0423510__X12__Y18__P016.jpg,0.915780,25.181541,ok
EES0423510__X15__Y0C__P017.jpg,0.755589,18.516351,ok
EES0423510__X15__Y0F__P018.jpg,0.913936,23.372003,ok
EES0423510__X18__Y0C__P019.jpg,0.787251,15.562689,ok
EES0423510__X18__Y15__P020.jpg,0.889455,22.808922,ok
EES0423510__X18__Y18__P021.jpg,0.712087,16.403371,ok
EES0423510__X18__Y1E__P022.jpg,0.744309,17.511709,ok
EES0423510__X1B__Y06__P023.jpg,0.842950,22.006457,ok
EES0423510__X1B__Y09__P024.jpg,0.833082,19.721815,ok
EES0423510__X1B__Y0C__P025.jpg,0.720777,16.738757,ok
EES0423511__X1B__Y12__P001.jpg,0.810507,19.281191,ok
EES0423511__X1B__Y1B__P002.jpg,0.878201,22.608772,ok
EES0423511__X1B__Y21__P003.jpg,0.647839,15.678894,ok
EES0423511__X1E__Y09__P004.jpg,0.828871,19.592717,ok
EES0423511__X1E__Y0C__P005.jpg,0.711643,16.956427,ok
EES0423511__X1E__Y12__P006.jpg,0.874381,22.043228,ok
EES0423511__X1E__Y1B__P007.jpg,0.839640,19.001455,ok
EES0423511__X1E__Y24__P008.jpg,0.821181,19.375978,ok
EES0423511__X1E__Y30__P009.jpg,0.845824,21.330552,ok
EES0423511__X1E__Y39__P010.jpg,0.742578,17.541675,ok
EES0423511__X21__Y09__P011.jpg,0.735462,18.550533,ok
EES0423511__X24__Y06__P012.jpg,0.885361,22.218694,ok
EES0423511__X24__Y09__P013.jpg,0.806524,18.659603,ok
EES0423511__X24__Y0C__P014.jpg,0.708105,17.463828,ok
EES0423511__X24__Y0F__P015.jpg,0.802347,19.132133,ok
EES0423511__X24__Y12__P016.jpg,0.712364,17.022307,ok
EES0423511__X24__Y18__P017.jpg,0.755350,17.301264,ok
EES0423511__X24__Y1B__P018.jpg,0.773070,19.732474,ok
EES0423511__X24__Y21__P019.jpg,0.838730,20.135579,ok
EES0423511__X24__Y24__P020.jpg,0.817035,19.236894,ok
EES0423511__X27__Y09__P021.jpg,0.771930,19.398257,ok
EES0423511__X27__Y39__P022.jpg,0.718463,17.182338,ok
EES0423511__X2A__Y06__P023.jpg,0.610559,16.172302,ok
EES0423511__X2A__Y09__P024.jpg,0.692742,17.979650,ok
EES0423511__X2A__Y12__P025.jpg,0.725056,17.743673,ok
EES0423512__X15__Y0C__P001.jpg,0.676440,16.736171,ok
EES0423512__X15__Y39__P002.jpg,0.634202,16.317504,ok
EES0423512__X18__Y09__P003.jpg,0.837732,19.543954,ok
EES0423512__X18__Y3C__P004.jpg,0.700076,16.986515,ok
EES0423512__X1B__Y09__P005.jpg,0.624049,16.691560,ok
EES0423512__X1B__Y3F__P006.jpg,0.671713,16.038416,ok
EES0423512__X1E__Y06__P007.jpg,0.899082,22.080115,ok
EES0423512__X1E__Y42__P008.jpg,0.731503,15.984475,ok
EES0423512__X21__Y06__P009.jpg,0.745562,17.958749,ok
EES0423512__X21__Y42__P010.jpg,0.696539,15.717800,ok
EES0423512__X24__Y42__P011.jpg,0.618724,16.209368,ok
EES0423512__X2D__Y42__P012.jpg,0.489890,15.479275,ok
EES0423512__X30__Y06__P013.jpg,0.686665,16.563935,ok
EES0423512__X30__Y42__P014.jpg,0.520440,15.231099,ok
EES0423512__X33__Y06__P015.jpg,0.805976,18.079466,ok
EES0423512__X36__Y42__P016.jpg,0.869431,21.008694,ok
EES0423512__X39__Y09__P017.jpg,0.770342,18.281862,ok
EES0423512__X3C__Y09__P018.jpg,0.840004,18.840531,ok
EES0423512__X3C__Y3F__P019.jpg,0.931447,25.564949,ok
EES0423512__X3F__Y0C__P020.jpg,0.732556,17.638069,ok
EES0423512__X42__Y39__P021.jpg,0.656548,16.317794,ok
EES0423512__X45__Y0F__P022.jpg,0.732773,16.548568,ok
EES0423512__X45__Y12__P023.jpg,0.703870,16.822332,ok
EES0423512__X45__Y36__P024.jpg,0.678827,16.907998,ok
EES0423512__X45__Y39__P025.jpg,0.819475,18.528871,ok
EES0423513__X2A__Y09__P001.jpg,0.745347,16.426874,ok
EES0423513__X2A__Y0C__P002.jpg,0.703265,15.814047,ok
EES0423513__X2A__Y45__P003.jpg,0.799596,17.069715,ok
EES0423513__X2D__Y09__P004.jpg,0.669283,16.430567,ok
EES0423513__X2D__Y0C__P005.jpg,0.667950,15.855150,ok
EES0423513__X30__Y09__P006.jpg,0.735278,16.753863,ok
EES0423513__X30__Y0C__P007.jpg,0.674488,15.496559,ok
EES0423513__X33__Y0C__P008.jpg,0.575491,15.109945,ok
EES0423513__X33__Y42__P009.jpg,0.765447,17.473368,ok
EES0423513__X36__Y0C__P010.jpg,0.683565,15.538721,ok
EES0423513__X36__Y42__P011.jpg,0.847653,22.306111,ok
EES0423513__X39__Y0C__P012.jpg,0.863227,19.742671,ok
EES0423513__X39__Y3F__P013.jpg,0.732689,18.093652,ok
EES0423513__X3C__Y0F__P014.jpg,0.658965,15.532726,ok
EES0423513__X3F__Y12__P015.jpg,0.619359,15.626518,ok
EES0423513__X42__Y36__P016.jpg,0.452449,15.138523,ok
EES0423513__X45__Y18__P017.jpg,0.842845,19.425997,ok
EES0423513__X45__Y33__P018.jpg,0.861116,20.621480,ok
EES0423513__X48__Y1E__P019.jpg,0.826207,18.604623,ok
EES0423513__X48__Y21__P020.jpg,0.762427,17.303161,ok
EES0423513__X48__Y24__P021.jpg,0.595094,15.652245,ok
EES0423513__X48__Y27__P022.jpg,0.855411,20.837783,ok
EES0423513__X48__Y2A__P023.jpg,0.848287,19.602680,ok
EES0423513__X09__Y15__P024.jpg,0.875126,23.443261,ok
EES0423513__X09__Y18__P025.jpg,0.579893,15.764661,ok
EES0423514__X36__Y3F__P001.jpg,0.903151,25.236546,ok
EES0423514__X39__Y3C__P002.jpg,0.897116,25.090249,ok
EES0423514__X3C__Y06__P003.jpg,0.930601,28.140688,ok
EES0423514__X42__Y36__P004.jpg,0.874788,22.630492,ok
EES0423514__X45__Y33__P005.jpg,0.902706,24.929467,ok
EES0423514__X48__Y12__P006.jpg,0.937096,26.405368,ok
EES0423514__X48__Y15__P007.jpg,0.636697,17.676402,ok
EES0423514__X48__Y2D__P008.jpg,0.716955,18.690827,ok
EES0423514__X09__Y1E__P009.jpg,0.816751,19.193945,ok
EES0423514__X0C__Y24__P010.jpg,0.841648,20.288285,ok
EES0423514__X0C__Y2D__P011.jpg,0.899915,23.842209,ok
EES0423514__X12__Y0F__P012.jpg,0.885983,22.764876,ok
EES0423514__X12__Y1E__P013.jpg,0.877975,22.359161,ok
EES0423514__X15__Y0C__P014.jpg,0.840719,19.818236,ok
EES0423514__X18__Y0C__P015.jpg,0.845135,19.949650,ok
EES0423514__X1E__Y12__P016.jpg,0.763975,19.768916,ok
EES0423514__X1E__Y33__P017.jpg,0.807518,18.201152,ok
EES0423514__X1E__Y3C__P018.jpg,0.807147,18.183503,ok
EES0423514__X21__Y39__P019.jpg,0.931898,24.923712,ok
EES0423514__X24__Y09__P020.jpg,0.814500,19.724260,ok
EES0423514__X24__Y0F__P021.jpg,0.844996,21.636295,ok
EES0423514__X27__Y18__P022.jpg,0.829849,19.290744,ok
EES0423514__X2D__Y30__P023.jpg,0.863041,21.081947,ok
EES0423514__X30__Y1B__P024.jpg,0.896106,22.378219,ok
EES0423514__X30__Y21__P025.jpg,0.844725,20.889662,ok
EES0423515__X30__Y24__P001.jpg,0.803708,19.746478,ok
EES0423515__X30__Y33__P002.jpg,0.791694,17.442337,ok
EES0423515__X33__Y3C__P003.jpg,0.805780,20.572122,ok
EES0423515__X36__Y0F__P004.jpg,0.873814,22.449775,ok
EES0423515__X3C__Y18__P005.jpg,0.773960,18.503900,ok
EES0423515__X3F__Y15__P006.jpg,0.911965,24.507287,ok
EES0423515__X3F__Y24__P007.jpg,0.904344,24.014440,ok
EES0423515__X42__Y1B__P008.jpg,0.766291,18.412354,ok
EES0423515__X42__Y21__P009.jpg,0.892157,22.863627,ok
EES0423515__X42__Y27__P010.jpg,0.921243,25.819446,ok
EES0423515__X42__Y2D__P011.jpg,0.828927,20.976625,ok
EES0423515__X0F__Y1B__P012.jpg,0.879518,18.273119,ok
EES0423515__X0F__Y24__P013.jpg,0.834307,18.425628,ok
EES0423515__X0F__Y27__P014.jpg,0.920387,25.051249,ok
EES0423515__X0F__Y30__P015.jpg,0.902051,25.195879,ok
EES0423515__X12__Y2A__P016.jpg,0.927454,26.080114,ok
EES0423515__X18__Y2A__P017.jpg,0.869128,22.409839,ok
EES0423515__X18__Y2D__P018.jpg,0.899772,24.376784,ok
EES0423515__X1B__Y15__P019.jpg,0.912101,25.416197,ok
EES0423515__X1B__Y1B__P020.jpg,0.852980,22.284852,ok
EES0423515__X1B__Y1E__P021.jpg,0.882045,22.479833,ok
EES0423515__X1B__Y21__P022.jpg,0.905393,22.735381,ok
EES0423515__X1B__Y27__P023.jpg,0.853794,22.585000,ok
EES0423515__X1B__Y2D__P024.jpg,0.889078,23.168116,ok
EES0423515__X1B__Y33__P025.jpg,0.883121,22.688407,ok
EES0423516__X1B__Y36__P001.jpg,0.910517,24.802415,ok
EES0423516__X1B__Y39__P002.jpg,0.935203,27.511332,ok
EES0423516__X1E__Y2D__P003.jpg,0.826854,19.624487,ok
EES0423516__X1E__Y30__P004.jpg,0.864943,22.493395,ok
EES0423516__X21__Y12__P005.jpg,0.837588,19.914590,ok
EES0423516__X21__Y15__P006.jpg,0.911501,25.325463,ok
EES0423516__X21__Y2A__P007.jpg,0.881194,22.468805,ok
EES0423516__X21__Y2D__P008.jpg,0.892122,23.023858,ok
EES0423516__X21__Y39__P009.jpg,0.864942,19.945827,ok
EES0423516__X24__Y0F__P010.jpg,0.909322,24.711767,ok
EES0423516__X24__Y15__P011.jpg,0.900489,23.269109,ok
EES0423516__X24__Y24__P012.jpg,0.915832,23.902270,ok
EES0423516__X24__Y27__P013.jpg,0.889805,23.465660,ok
EES0423516__X24__Y33__P014.jpg,0.857944,21.433201,ok
EES0423516__X24__Y36__P015.jpg,0.904480,23.526148,ok
EES0423516__X24__Y3C__P016.jpg,0.920035,24.209912,ok
EES0423516__X2A__Y2A__P017.jpg,0.933610,27.886937,ok
EES0423516__X2A__Y33__P018.jpg,0.911138,26.659477,ok
EES0423516__X2A__Y36__P019.jpg,0.849575,19.555721,ok
EES0423516__X2A__Y3C__P020.jpg,0.882285,23.457307,ok
EES0423516__X2D__Y39__P021.jpg,0.813690,20.478164,ok
EES0423516__X30__Y12__P022.jpg,0.910397,24.725592,ok
EES0423516__X30__Y15__P023.jpg,0.931493,25.904584,ok
EES0423516__X30__Y18__P024.jpg,0.871966,22.495895,ok
EES0423516__X30__Y1B__P025.jpg,0.859333,21.434946,ok
EES0423517__X30__Y1E__P001.jpg,0.883478,23.037595,ok
EES0423517__X30__Y24__P002.jpg,0.914053,23.404606,ok
EES0423517__X30__Y27__P003.jpg,0.892452,22.888956,ok
EES0423517__X30__Y36__P004.jpg,0.935611,27.735832,ok
EES0423517__X30__Y39__P005.jpg,0.892346,22.739368,ok
EES0423517__X30__Y3C__P006.jpg,0.900075,24.100615,ok
EES0423517__X33__Y12__P007.jpg,0.881029,22.737994,ok
EES0423517__X33__Y1B__P008.jpg,0.875917,24.537325,ok
EES0423517__X33__Y27__P009.jpg,0.898784,22.035560,ok
EES0423517__X33__Y2A__P010.jpg,0.856521,22.072078,ok
EES0423517__X33__Y30__P011.jpg,0.900479,23.372247,ok
EES0423517__X36__Y12__P012.jpg,0.930084,26.415727,ok
EES0423517__X36__Y1E__P013.jpg,0.893386,23.294102,ok
EES0423517__X36__Y21__P014.jpg,0.942640,31.422968,ok
EES0423517__X36__Y24__P015.jpg,0.878432,22.451185,ok
EES0423517__X36__Y27__P016.jpg,0.854433,24.351605,ok
EES0423517__X36__Y2A__P017.jpg,0.824276,20.396067,ok
EES0423517__X36__Y36__P018.jpg,0.819799,18.881263,ok
EES0423517__X36__Y39__P019.jpg,0.887953,23.415256,ok
EES0423517__X36__Y3C__P020.jpg,0.882913,22.743112,ok
EES0423517__X39__Y1B__P021.jpg,0.788382,18.123369,ok
EES0423517__X3C__Y15__P022.jpg,0.914930,25.959018,ok
EES0423517__X3C__Y18__P023.jpg,0.863058,22.134320,ok
EES0423517__X3C__Y24__P024.jpg,0.819209,21.306690,ok
EES0423517__X3C__Y27__P025.jpg,0.852676,21.346978,ok
EES0423518__X3C__Y2A__P001.jpg,0.845092,20.976810,ok
EES0423518__X3C__Y2D__P002.jpg,0.866584,22.844148,ok
EES0423518__X3C__Y30__P003.jpg,0.894499,24.365210,ok
EES0423518__X3C__Y33__P004.jpg,0.901752,24.950686,ok
EES0423518__X3F__Y27__P005.jpg,0.878156,20.673165,ok
EES0423518__X3F__Y30__P006.jpg,0.935487,28.433923,ok
EES0423518__X09__Y1B__P007.jpg,0.913328,25.950221,ok
EES0423518__X0C__Y1E__P008.jpg,0.748214,17.544702,ok
EES0423518__X15__Y0F__P009.jpg,0.898905,23.614604,ok
EES0423518__X15__Y12__P010.jpg,0.850683,21.259086,ok
EES0423518__X15__Y15__P011.jpg,0.903728,23.423310,ok
EES0423518__X18__Y0F__P012.jpg,0.867914,21.300344,ok
EES0423518__X1B__Y09__P013.jpg,0.838670,19.889990,ok
EES0423518__X1B__Y0C__P014.jpg,0.818164,18.587232,ok
EES0423518__X1B__Y1B__P015.jpg,0.762065,17.292871,ok
EES0423518__X1E__Y06__P016.jpg,0.824320,18.831015,ok
EES0423518__X1E__Y09__P017.jpg,0.689123,16.685906,ok
EES0423518__X1E__Y0C__P018.jpg,0.815046,19.103472,ok
EES0423518__X1E__Y12__P019.jpg,0.793348,18.708642,ok
EES0423518__X1E__Y15__P020.jpg,0.773020,18.005401,ok
EES0423518__X1E__Y18__P021.jpg,0.828725,20.232207,ok
EES0423518__X1E__Y1B__P022.jpg,0.780417,19.316412,ok
EES0423518__X1E__Y1E__P023.jpg,0.798351,19.080486,ok
EES0423518__X1E__Y36__P024.jpg,0.878886,22.052242,ok
EES0423518__X1E__Y3C__P025.jpg,0.773473,16.478760,ok
EES0423519__X21__Y09__P001.jpg,0.887674,22.687711,ok
EES0423519__X21__Y0C__P002.jpg,0.894556,22.414538,ok
EES0423519__X21__Y15__P003.jpg,0.749648,15.725518,ok
EES0423519__X24__Y09__P004.jpg,0.915538,24.588232,ok
EES0423519__X24__Y0C__P005.jpg,0.856934,21.002226,ok
EES0423519__X24__Y18__P006.jpg,0.762083,16.370015,ok
EES0423519__X24__Y36__P007.jpg,0.840046,20.208374,ok
EES0423519__X27__Y06__P008.jpg,0.848509,19.956186,ok
EES0423519__X27__Y0C__P009.jpg,0.818981,19.227007,ok
EES0423519__X27__Y0F__P010.jpg,0.858790,21.447544,ok
EES0423519__X2A__Y0C__P011.jpg,0.831080,18.091413,ok
EES0423519__X2D__Y06__P012.jpg,0.879945,22.895661,ok
EES0423519__X2D__Y0F__P013.jpg,0.868353,21.764316,ok
EES0423519__X30__Y06__P014.jpg,0.771340,17.388766,ok
EES0423519__X30__Y0F__P015.jpg,0.859545,22.270657,ok
EES0423519__X30__Y15__P016.jpg,0.863314,23.179287,ok
EES0423519__X30__Y18__P017.jpg,0.731768,18.670954,ok
EES0423519__X33__Y33__P018.jpg,0.834881,19.666011,ok
EES0423519__X36__Y09__P019.jpg,0.873648,21.831530,ok
EES0423519__X36__Y0F__P020.jpg,0.820141,19.180527,ok
EES0423519__X36__Y18__P021.jpg,0.876794,21.377379,ok
EES0423519__X36__Y1B__P022.jpg,0.854983,20.536600,ok
EES0423519__X36__Y30__P023.jpg,0.774006,17.616190,ok
EES0423519__X36__Y33__P024.jpg,0.841491,20.922023,ok
EES0423519__X36__Y36__P025.jpg,0.795365,17.017126,ok
EES0423520__X27__Y0F__P001.jpg,0.935254,25.919015,ok
EES0423520__X27__Y1B__P002.jpg,0.882949,22.028763,ok
EES0423520__X27__Y21__P003.jpg,0.865543,20.827267,ok
EES0423520__X27__Y24__P004.jpg,0.901059,22.792058,ok
EES0423520__X27__Y2D__P005.jpg,0.869846,22.089259,ok
EES0423520__X2A__Y09__P006.jpg,0.884302,22.335403,ok
EES0423520__X2A__Y2A__P007.jpg,0.888335,23.177476,ok
EES0423520__X2D__Y06__P008.jpg,0.913841,24.408435,ok
EES0423520__X2D__Y2A__P009.jpg,0.769931,20.339840,ok
EES0423520__X2D__Y33__P010.jpg,0.935612,26.096809,ok
EES0423520__X2D__Y39__P011.jpg,0.888109,22.380497,ok
EES0423520__X30__Y0F__P012.jpg,0.935657,27.780503,ok
EES0423520__X30__Y12__P013.jpg,0.932172,25.091386,ok
EES0423520__X30__Y15__P014.jpg,0.933777,25.581553,ok
EES0423520__X30__Y1E__P015.jpg,0.867224,21.278016,ok
EES0423520__X30__Y21__P016.jpg,0.876886,23.814762,ok
EES0423520__X30__Y24__P017.jpg,0.917883,26.183013,ok
EES0423520__X30__Y2D__P018.jpg,0.905356,23.696721,ok
EES0423520__X30__Y30__P019.jpg,0.890284,21.508641,ok
EES0423520__X30__Y33__P020.jpg,0.931013,24.549590,ok
EES0423520__X30__Y3C__P021.jpg,0.886932,19.667988,ok
EES0423520__X33__Y27__P022.jpg,0.885859,22.895196,ok
EES0423520__X33__Y30__P023.jpg,0.856891,19.450428,ok
EES0423520__X36__Y09__P024.jpg,0.863067,21.839264,ok
EES0423520__X36__Y0F__P025.jpg,0.891653,23.261376,ok
EES0423521__X36__Y24__P001.jpg,0.827171,21.436915,ok
EES0423521__X36__Y2D__P002.jpg,0.920290,25.313154,ok
EES0423521__X36__Y36__P003.jpg,0.894938,23.489442,ok
EES0423521__X39__Y21__P004.jpg,0.932771,28.484109,ok
EES0423521__X39__Y2A__P005.jpg,0.914785,24.563535,ok
EES0423521__X3C__Y09__P006.jpg,0.813117,18.982900,ok
EES0423521__X3F__Y24__P007.jpg,0.917106,25.011690,ok
EES0423521__X42__Y15__P008.jpg,0.914938,23.547987,ok
EES0423521__X42__Y1B__P009.jpg,0.906469,25.152862,ok
EES0423521__X42__Y27__P010.jpg,0.919695,25.305949,ok
EES0423521__X42__Y2D__P011.jpg,0.902811,24.368447,ok
EES0423521__X45__Y0F__P012.jpg,0.911638,23.607710,ok
EES0423521__X45__Y30__P013.jpg,0.932064,25.867011,ok
EES0423521__X48__Y15__P014.jpg,0.926368,25.997689,ok
EES0423521__X48__Y1E__P015.jpg,0.809961,19.531240,ok
EES0423521__X0F__Y30__P016.jpg,0.798215,19.864780,ok
EES0423521__X0F__Y33__P017.jpg,0.801085,20.496706,ok
EES0423521__X15__Y2D__P018.jpg,0.889656,23.510490,ok
EES0423521__X1E__Y3C__P019.jpg,0.863263,22.768316,ok
EES0423521__X24__Y0F__P020.jpg,0.882550,22.701983,ok
EES0423521__X24__Y12__P021.jpg,0.766554,18.960345,ok
EES0423521__X24__Y15__P022.jpg,0.848933,22.472637,ok
EES0423521__X24__Y18__P023.jpg,0.872840,22.345296,ok
EES0423521__X24__Y1B__P024.jpg,0.880079,22.281650,ok
EES0423521__X24__Y2A__P025.jpg,0.791805,19.793413,ok
EES0423522__X24__Y2D__P001.jpg,0.822947,20.252445,ok
EES0423522__X24__Y30__P002.jpg,0.842578,21.514995,ok
EES0423522__X24__Y36__P003.jpg,0.788150,18.803349,ok
EES0423522__X24__Y39__P004.jpg,0.778197,19.899086,ok
EES0423522__X24__Y3C__P005.jpg,0.748969,18.969901,ok
EES0423522__X27__Y12__P006.jpg,0.881030,22.509818,ok
EES0423522__X2A__Y21__P007.jpg,0.870454,22.383751,ok
EES0423522__X2A__Y24__P008.jpg,0.814404,20.832239,ok
EES0423522__X2D__Y0C__P009.jpg,0.885067,22.069001,ok
EES0423522__X2D__Y0F__P010.jpg,0.891072,23.432658,ok
EES0423522__X2D__Y12__P011.jpg,0.849549,22.823919,ok
EES0423522__X2D__Y1E__P012.jpg,0.763219,19.396567,ok
EES0423522__X30__Y0C__P013.jpg,0.853654,20.544836,ok
EES0423522__X30__Y0F__P014.jpg,0.781573,19.699357,ok
EES0423522__X30__Y12__P015.jpg,0.896943,24.966613,ok
EES0423522__X30__Y1E__P016.jpg,0.802901,20.441633,ok
EES0423522__X33__Y1E__P017.jpg,0.829610,20.165720,ok
EES0423522__X36__Y0F__P018.jpg,0.867642,21.851762,ok
EES0423522__X36__Y12__P019.jpg,0.850561,22.182938,ok
EES0423522__X36__Y21__P020.jpg,0.870333,23.282339,ok
EES0423522__X36__Y2A__P021.jpg,0.833246,21.860856,ok
EES0423522__X36__Y33__P022.jpg,0.865263,21.969139,ok
EES0423522__X36__Y36__P023.jpg,0.915232,25.332909,ok
EES0423522__X36__Y3C__P024.jpg,0.855977,21.899278,ok
EES0423522__X39__Y2D__P025.jpg,0.785626,20.387503,ok
EES0423523__X3C__Y12__P001.jpg,0.803454,19.854037,ok
EES0423523__X3F__Y1B__P002.jpg,0.841147,21.053651,ok
EES0423523__X3F__Y2A__P003.jpg,0.669067,17.783360,ok
EES0423523__X45__Y1E__P004.jpg,0.876997,23.647481,ok
EES0423523__X0C__Y1B__P005.jpg,0.865400,22.280637,ok
EES0423523__X0C__Y1E__P006.jpg,0.840596,23.053545,ok
EES0423523__X0C__Y21__P007.jpg,0.814043,20.722218,ok
EES0423523__X0C__Y24__P008.jpg,0.851464,22.181291,ok
EES0423523__X0C__Y27__P009.jpg,0.871078,22.643878,ok
EES0423523__X0C__Y2A__P010.jpg,0.867028,22.623548,ok
EES0423523__X0C__Y2D__P011.jpg,0.913878,25.210845,ok
EES0423523__X0F__Y18__P012.jpg,0.779668,18.780953,ok
EES0423523__X0F__Y1E__P013.jpg,0.855577,21.612162,ok
EES0423523__X0F__Y24__P014.jpg,0.846988,21.114680,ok
EES0423523__X0F__Y27__P015.jpg,0.794509,19.977339,ok
EES0423523__X0F__Y2A__P016.jpg,0.863389,21.633020,ok
EES0423523__X0F__Y2D__P017.jpg,0.840095,20.937761,ok
EES0423523__X0F__Y30__P018.jpg,0.848701,21.561858,ok
EES0423523__X12__Y0C__P019.jpg,0.869809,23.284781,ok
EES0423523__X12__Y15__P020.jpg,0.630474,16.729262,ok
EES0423523__X12__Y18__P021.jpg,0.822200,21.451606,ok
EES0423523__X12__Y2D__P022.jpg,0.791330,20.730811,ok
EES0423523__X15__Y2D__P023.jpg,0.749269,19.447863,ok
EES0423523__X1B__Y33__P024.jpg,0.777339,20.026525,ok
EES0423523__X1B__Y36__P025.jpg,0.807251,20.340161,ok
EES0423524__X1B__Y39__P001.jpg,0.895189,24.656824,ok
EES0423524__X1E__Y33__P002.jpg,0.647976,17.303717,ok
EES0423524__X1E__Y3C__P003.jpg,0.829364,21.931531,ok
EES0423524__X21__Y36__P004.jpg,0.762673,19.368153,ok
EES0423524__X24__Y03__P005.jpg,0.858245,22.026472,ok
EES0423524__X24__Y33__P006.jpg,0.757627,19.418182,ok
EES0423524__X24__Y39__P007.jpg,0.715887,18.166236,ok
EES0423524__X24__Y3C__P008.jpg,0.692222,18.199968,ok
EES0423524__X27__Y03__P009.jpg,0.918658,25.166689,ok
EES0423524__X27__Y3C__P010.jpg,0.695724,18.817562,ok
EES0423524__X27__Y3F__P011.jpg,0.919258,26.212504,ok
EES0423524__X30__Y3C__P012.jpg,0.706973,18.645532,ok
EES0423524__X30__Y3F__P013.jpg,0.844123,22.243874,ok
EES0423524__X33__Y3C__P014.jpg,0.730595,18.703030,ok
EES0423524__X36__Y03__P015.jpg,0.848328,20.749677,ok
EES0423524__X48__Y1B__P016.jpg,0.940160,30.421233,ok
EES0423524__X48__Y1E__P017.jpg,0.912275,27.578339,ok
EES0423524__X48__Y24__P018.jpg,0.870699,22.107188,ok
EES0423524__X48__Y27__P019.jpg,0.882430,23.587664,ok
EES0423524__X09__Y18__P020.jpg,0.909665,23.639541,ok
EES0423524__X09__Y1E__P021.jpg,0.801508,19.608094,ok
EES0423524__X09__Y21__P022.jpg,0.835355,18.034427,ok
EES0423524__X09__Y24__P023.jpg,0.746180,16.669437,ok
EES0423524__X09__Y27__P024.jpg,0.734745,16.857784,ok
EES0423524__X09__Y2A__P025.jpg,0.773766,17.186598,ok
EES0423525__X09__Y30__P001.jpg,0.895854,22.064860,ok
EES0423525__X0C__Y15__P002.jpg,0.883601,21.986112,ok
EES0423525__X0C__Y18__P003.jpg,0.804079,19.070229,ok
EES0423525__X0C__Y21__P004.jpg,0.776347,16.774456,ok
EES0423525__X0C__Y2D__P005.jpg,0.730470,16.742369,ok
EES0423525__X0C__Y36__P006.jpg,0.829683,19.851482,ok
EES0423525__X0F__Y12__P007.jpg,0.891002,20.966429,ok
EES0423525__X0F__Y15__P008.jpg,0.760250,17.380597,ok
EES0423525__X12__Y0F__P009.jpg,0.811845,18.427502,ok
EES0423525__X15__Y0F__P010.jpg,0.869240,20.164836,ok
EES0423525__X15__Y12__P011.jpg,0.774927,17.816083,ok
EES0423525__X15__Y3F__P012.jpg,0.837378,22.703465,ok
EES0423525__X18__Y0C__P013.jpg,0.820997,18.132700,ok
EES0423525__X18__Y0F__P014.jpg,0.749618,18.423965,ok
EES0423525__X1B__Y09__P015.jpg,0.866265,20.687298,ok
EES0423525__X1B__Y42__P016.jpg,0.879001,21.047418,ok
EES0423525__X1E__Y0C__P017.jpg,0.687245,17.110001,ok
EES0423525__X1E__Y42__P018.jpg,0.610026,16.855004,ok
EES0423525__X21__Y42__P019.jpg,0.594969,16.735892,ok
EES0423525__X24__Y06__P020.jpg,0.728407,17.380143,ok
EES0423525__X2A__Y06__P021.jpg,0.795354,18.246553,ok
EES0423525__X2D__Y09__P022.jpg,0.713348,17.815047,ok
EES0423525__X30__Y06__P023.jpg,0.872182,21.079271,ok
EES0423525__X33__Y09__P024.jpg,0.723069,18.027021,ok
EES0423525__X33__Y42__P025.jpg,0.915294,22.409709,ok
EES0423526__X3C__Y3C__P001.jpg,0.913456,23.684506,ok
EES0423526__X45__Y18__P002.jpg,0.915373,26.013652,ok
EES0423526__X45__Y30__P003.jpg,0.887088,22.153735,ok
EES0423526__X15__Y06__P004.jpg,0.846600,19.882272,ok
EES0423526__X18__Y3C__P005.jpg,0.687268,17.233126,ok
EES0423526__X1E__Y3F__P006.jpg,0.666379,16.365357,ok
EES0423526__X21__Y03__P007.jpg,0.785705,18.334707,ok
EES0423526__X21__Y3F__P008.jpg,0.614487,15.162288,ok
EES0423526__X24__Y03__P009.jpg,0.613624,15.876586,ok
EES0423526__X27__Y03__P010.jpg,0.518666,14.026539,ok
EES0423526__X33__Y03__P011.jpg,0.804182,17.734151,ok
EES0423526__X36__Y3F__P012.jpg,0.686782,15.682466,ok
EES0423526__X3F__Y39__P013.jpg,0.699386,15.412054,ok
EES0423526__X42__Y36__P014.jpg,0.653047,15.910239,ok
EES0423526__X45__Y0F__P015.jpg,0.929186,27.580215,ok
EES0423526__X48__Y15__P016.jpg,0.847270,21.267699,ok
EES0423526__X48__Y18__P017.jpg,0.655886,16.103437,ok
EES0423526__X48__Y2D__P018.jpg,0.804889,20.106303,ok
EES0423526__X0F__Y24__P019.jpg,0.834865,19.956129,ok
EES0423526__X12__Y27__P020.jpg,0.902376,24.015170,ok
EES0423526__X12__Y2A__P021.jpg,0.848551,22.749166,ok
EES0423526__X15__Y09__P022.jpg,0.800975,20.380531,ok
EES0423526__X15__Y33__P023.jpg,0.820657,21.451216,ok
EES0423526__X18__Y0F__P024.jpg,0.811365,21.411943,ok
EES0423526__X18__Y12__P025.jpg,0.858470,22.391929,ok
EES0423527__X18__Y2D__P001.jpg,0.792229,20.371944,ok
EES0423527__X1E__Y06__P002.jpg,0.888547,22.636287,ok
EES0423527__X1E__Y0C__P003.jpg,0.850094,21.760250,ok
EES0423527__X21__Y0C__P004.jpg,0.825639,20.195873,ok
EES0423527__X21__Y24__P005.jpg,0.870122,22.384907,ok
EES0423527__X24__Y12__P006.jpg,0.843829,23.231668,ok
EES0423527__X24__Y2A__P007.jpg,0.833377,21.719396,ok
EES0423527__X24__Y36__P008.jpg,0.852885,20.517709,ok
EES0423527__X2A__Y18__P009.jpg,0.849785,22.411521,ok
EES0423527__X2A__Y1E__P010.jpg,0.853981,21.685845,ok
EES0423527__X2A__Y21__P011.jpg,0.847451,22.647585,ok
EES0423527__X2A__Y2A__P012.jpg,0.828577,20.128344,ok
EES0423527__X2A__Y30__P013.jpg,0.843063,21.835154,ok
EES0423527__X2A__Y3C__P014.jpg,0.835562,20.508509,ok
EES0423527__X2D__Y12__P015.jpg,0.852191,22.372034,ok
EES0423527__X2D__Y2A__P016.jpg,0.820982,19.899220,ok
EES0423527__X30__Y0F__P017.jpg,0.835991,21.330485,ok
EES0423527__X30__Y15__P018.jpg,0.780132,19.355667,ok
EES0423527__X30__Y1E__P019.jpg,0.821477,20.526319,ok
EES0423527__X30__Y21__P020.jpg,0.898233,23.468379,ok
EES0423527__X30__Y33__P021.jpg,0.863620,22.351335,ok
EES0423527__X30__Y39__P022.jpg,0.865740,21.824996,ok
EES0423527__X30__Y3C__P023.jpg,0.824211,20.323616,ok
EES0423527__X30__Y3F__P024.jpg,0.879003,22.881014,ok
EES0423527__X33__Y09__P025.jpg,0.812112,20.473205,ok
EES0423528__X33__Y0C__P001.jpg,0.901712,23.330702,ok
EES0423528__X33__Y18__P002.jpg,0.841202,20.898659,ok
EES0423528__X33__Y1E__P003.jpg,0.854925,22.026052,ok
EES0423528__X33__Y21__P004.jpg,0.762670,19.972660,ok
EES0423528__X33__Y2A__P005.jpg,0.798381,18.956492,ok
EES0423528__X33__Y33__P006.jpg,0.787114,19.141338,ok
EES0423528__X33__Y36__P007.jpg,0.833484,20.204672,ok
EES0423528__X36__Y18__P008.jpg,0.820572,20.089185,ok
EES0423528__X36__Y1B__P009.jpg,0.869148,22.098765,ok
EES0423528__X36__Y1E__P010.jpg,0.774134,19.743969,ok
EES0423528__X36__Y21__P011.jpg,0.758661,18.971487,ok
EES0423528__X36__Y24__P012.jpg,0.852409,22.493767,ok
EES0423528__X36__Y27__P013.jpg,0.760729,16.884342,ok
EES0423528__X36__Y2A__P014.jpg,0.665792,18.724807,ok
EES0423528__X39__Y09__P015.jpg,0.844293,21.310637,ok
EES0423528__X39__Y0F__P016.jpg,0.830743,21.953015,ok
EES0423528__X39__Y18__P017.jpg,0.858513,21.279992,ok
EES0423528__X39__Y1B__P018.jpg,0.821904,18.947498,ok
EES0423528__X39__Y1E__P019.jpg,0.871721,22.254075,ok
EES0423528__X39__Y2A__P020.jpg,0.756085,19.497767,ok
EES0423528__X3C__Y12__P021.jpg,0.758105,20.704739,ok
EES0423528__X3C__Y15__P022.jpg,0.846927,21.197643,ok
EES0423528__X3C__Y18__P023.jpg,0.766241,18.144597,ok
EES0423528__X3C__Y1B__P024.jpg,0.876132,22.561185,ok
EES0423528__X3C__Y1E__P025.jpg,0.868356,22.201348,ok
EES0423529__X3C__Y21__P001.jpg,0.851167,23.058494,ok
EES0423529__X3C__Y27__P002.jpg,0.761608,17.778347,ok
EES0423529__X3F__Y18__P003.jpg,0.857781,22.526889,ok
EES0423529__X3F__Y1B__P004.jpg,0.900929,23.392408,ok
EES0423529__X3F__Y1E__P005.jpg,0.770644,16.203159,ok
EES0423529__X42__Y1B__P006.jpg,0.820755,18.619234,ok
EES0423529__X42__Y1E__P007.jpg,0.819280,19.182660,ok
EES0423529__X0C__Y24__P008.jpg,0.839682,19.105253,ok
EES0423529__X0F__Y24__P009.jpg,0.831558,18.651731,ok
EES0423529__X12__Y21__P010.jpg,0.768378,17.624486,ok
EES0423529__X15__Y24__P011.jpg,0.803454,17.580852,ok
EES0423529__X18__Y24__P012.jpg,0.772330,17.659583,ok
EES0423529__X18__Y30__P013.jpg,0.761049,17.539529,ok
EES0423529__X1B__Y0F__P014.jpg,0.814312,19.369824,ok
EES0423529__X1B__Y12__P015.jpg,0.813474,20.287798,ok
EES0423529__X1B__Y24__P016.jpg,0.727918,16.505425,ok
EES0423529__X1E__Y12__P017.jpg,0.841111,20.531005,ok
EES0423529__X21__Y09__P018.jpg,0.764555,17.026783,ok
EES0423529__X21__Y21__P019.jpg,0.663335,14.481906,ok
EES0423529__X21__Y24__P020.jpg,0.823222,17.990118,ok
EES0423529__X21__Y33__P021.jpg,0.724299,16.155690,ok
EES0423529__X21__Y36__P022.jpg,0.739535,17.516121,ok
EES0423529__X24__Y0F__P023.jpg,0.809928,19.298375,ok
EES0423529__X24__Y18__P024.jpg,0.661242,16.112894,ok
EES0423529__X24__Y1E__P025.jpg,0.740235,16.891096,ok
EES0423530__X1B__Y3C__P001.jpg,0.799263,20.055698,ok
EES0423530__X1B__Y3F__P002.jpg,0.863654,22.491649,ok
EES0423530__X1E__Y09__P003.jpg,0.865441,22.508707,ok
EES0423530__X1E__Y3C__P004.jpg,0.797407,20.628075,ok
EES0423530__X1E__Y3F__P005.jpg,0.800765,20.361659,ok
EES0423530__X21__Y09__P006.jpg,0.760699,16.364153,ok
EES0423530__X24__Y33__P007.jpg,0.742070,18.667898,ok
EES0423530__X24__Y3F__P008.jpg,0.793920,20.029027,ok
EES0423530__X2A__Y09__P009.jpg,0.740718,18.212669,ok
EES0423530__X2A__Y3F__P010.jpg,0.723578,17.281570,ok
EES0423530__X2A__Y42__P011.jpg,0.813978,21.369586,ok
EES0423530__X2D__Y3F__P012.jpg,0.705260,17.561595,ok
EES0423530__X30__Y09__P013.jpg,0.903009,25.153350,ok
EES0423530__X30__Y42__P014.jpg,0.787871,20.630574,ok
EES0423530__X33__Y06__P015.jpg,0.879994,21.892330,ok
EES0423530__X36__Y3F__P016.jpg,0.834307,22.189243,ok
EES0423530__X3F__Y18__P017.jpg,0.618243,16.923331,ok
EES0423530__X42__Y15__P018.jpg,0.871841,23.802987,ok
EES0423530__X42__Y18__P019.jpg,0.659022,17.999150,ok
EES0423530__X45__Y1B__P020.jpg,0.767417,19.329736,ok
EES0423530__X48__Y27__P021.jpg,0.934295,34.123187,ok
EES0423530__X0C__Y18__P022.jpg,0.789886,17.904999,ok
EES0423530__X0C__Y1B__P023.jpg,0.870164,21.308175,ok
EES0423530__X0C__Y1E__P024.jpg,0.730794,16.760920,ok
EES0423530__X0C__Y21__P025.jpg,0.625947,16.334966,ok
EES0423531__X42__Y15__P001.jpg,0.535770,16.199082,ok
EES0423531__X42__Y39__P002.jpg,0.595862,16.977591,ok
EES0423531__X42__Y3C__P003.jpg,0.839505,24.182129,ok
EES0423531__X45__Y12__P004.jpg,0.842969,21.986217,ok
EES0423531__X45__Y15__P005.jpg,0.537762,16.877669,ok
EES0423531__X45__Y36__P006.jpg,0.782530,21.259671,ok
EES0423531__X45__Y39__P007.jpg,0.828798,23.384013,ok
EES0423531__X48__Y12__P008.jpg,0.893478,28.917685,ok
EES0423531__X48__Y15__P009.jpg,0.812322,22.377787,ok
EES0423531__X48__Y36__P010.jpg,0.918170,28.246661,ok
EES0423531__X0F__Y1E__P011.jpg,0.887935,23.023071,ok
EES0423531__X0F__Y21__P012.jpg,0.901198,24.315438,ok
EES0423531__X0F__Y24__P013.jpg,0.911323,25.454196,ok
EES0423531__X12__Y1B__P014.jpg,0.931638,28.275234,ok
EES0423531__X12__Y1E__P015.jpg,0.743022,17.677601,ok
EES0423531__X12__Y21__P016.jpg,0.814891,19.423579,ok
EES0423531__X12__Y24__P017.jpg,0.796485,19.431442,ok
EES0423531__X12__Y27__P018.jpg,0.851389,22.744731,ok
EES0423531__X12__Y2A__P019.jpg,0.875228,24.449282,ok
EES0423531__X15__Y12__P020.jpg,0.845215,23.091521,ok
EES0423531__X15__Y15__P021.jpg,0.805149,18.586488,ok
EES0423531__X15__Y18__P022.jpg,0.721866,17.209191,ok
EES0423531__X15__Y1E__P023.jpg,0.771475,19.709756,ok
EES0423531__X18__Y0F__P024.jpg,0.836007,21.724513,ok
EES0423531__X18__Y1B__P025.jpg,0.701687,17.696591,ok
EES0423532__X42__Y1B__P001.jpg,0.708224,18.139217,ok
EES0423532__X42__Y33__P002.jpg,0.695995,16.735615,ok
EES0423532__X45__Y15__P003.jpg,0.882089,23.516793,ok
EES0423532__X45__Y2D__P004.jpg,0.768468,20.147400,ok
EES0423532__X45__Y30__P005.jpg,0.867870,22.767870,ok
EES0423532__X48__Y1B__P006.jpg,0.944850,32.786358,ok
EES0423532__X48__Y1E__P007.jpg,0.896093,24.860730,ok
EES0423532__X48__Y21__P008.jpg,0.885318,23.542010,ok
EES0423532__X48__Y24__P009.jpg,0.843046,23.058213,ok
EES0423532__X48__Y27__P010.jpg,0.846964,20.022360,ok
EES0423532__X48__Y2A__P011.jpg,0.822448,20.186029,ok
EES0423532__X09__Y1E__P012.jpg,0.867546,26.360260,ok
EES0423532__X09__Y21__P013.jpg,0.865652,21.712274,ok
EES0423532__X09__Y24__P014.jpg,0.865379,25.496627,ok
EES0423532__X0C__Y30__P015.jpg,0.842588,24.764158,ok
EES0423532__X1E__Y06__P016.jpg,0.885876,25.930190,ok
EES0423532__X2D__Y3F__P017.jpg,0.869311,25.472003,ok
EES0423532__X30__Y06__P018.jpg,0.859350,26.617568,ok
EES0423532__X36__Y2D__P019.jpg,0.824557,22.634495,ok
EES0423532__X36__Y39__P020.jpg,0.818482,22.373593,ok
EES0423532__X39__Y21__P021.jpg,0.701148,19.158046,ok
EES0423532__X39__Y30__P022.jpg,0.797103,21.694668,ok
EES0423532__X39__Y39__P023.jpg,0.839021,23.251652,ok
EES0423532__X3C__Y1E__P024.jpg,0.762785,19.446480,ok
EES0423532__X3C__Y21__P025.jpg,0.764458,20.493554,ok
EES0423533__X33__Y30__P001.jpg,0.808967,18.246479,ok
EES0423533__X36__Y24__P002.jpg,0.854719,18.879362,ok
EES0423533__X36__Y27__P003.jpg,0.784605,17.815415,ok
EES0423533__X36__Y2A__P004.jpg,0.836723,18.947935,ok
EES0423533__X39__Y27__P005.jpg,0.877546,20.121305,ok
EES0423533__X06__Y18__P006.jpg,0.890513,22.565842,ok
EES0423533__X06__Y1B__P007.jpg,0.788111,19.576704,ok
EES0423533__X21__Y45__P008.jpg,0.848917,22.041950,ok
EES0423533__X2A__Y0C__P009.jpg,0.913532,23.854172,ok
EES0423533__X30__Y0F__P010.jpg,0.701797,18.209756,ok
EES0423533__X3C__Y1B__P011.jpg,0.746719,19.287323,ok
EES0423533__X3F__Y1B__P012.jpg,0.826095,20.132529,ok
EES0423533__X06__Y2D__P013.jpg,0.953662,22.730350,ok
EES0423533__X09__Y18__P014.jpg,0.937353,22.923825,ok
EES0423533__X0C__Y12__P015.jpg,0.932905,24.689435,ok
EES0423533__X0C__Y15__P016.jpg,0.746074,17.876437,ok
EES0423533__X0C__Y18__P017.jpg,0.786688,18.960763,ok
EES0423533__X15__Y42__P018.jpg,0.905595,22.146256,ok
EES0423533__X18__Y42__P019.jpg,0.950179,25.324399,ok
EES0423533__X1B__Y39__P020.jpg,0.745552,18.716053,ok
EES0423533__X21__Y45__P021.jpg,0.871666,21.774562,ok
EES0423533__X24__Y45__P022.jpg,0.934172,24.704058,ok
EES0423533__X48__Y48__P023.jpg,0.904013,21.940336,ok
EES0423533__X0F__Y1B__P024.jpg,0.818420,19.068549,ok
EES0423533__X15__Y1B__P025.jpg,0.647485,17.274029,ok
EES0423534__X15__Y1E__P001.jpg,0.883339,20.890617,ok
EES0423534__X18__Y0C__P002.jpg,0.774065,18.801631,ok
EES0423534__X18__Y0F__P003.jpg,0.855133,20.777754,ok
EES0423534__X18__Y1B__P004.jpg,0.775736,18.675193,ok
EES0423534__X18__Y21__P005.jpg,0.874409,20.412639,ok
EES0423534__X18__Y24__P006.jpg,0.771835,19.114127,ok
EES0423534__X18__Y36__P007.jpg,0.697407,18.107384,ok
EES0423534__X1B__Y0F__P008.jpg,0.711102,17.470982,ok
EES0423534__X1B__Y1E__P009.jpg,0.905187,21.720660,ok
EES0423534__X1B__Y27__P010.jpg,0.793238,19.485035,ok
EES0423534__X1E__Y0F__P011.jpg,0.827393,19.614022,ok
EES0423534__X1E__Y12__P012.jpg,0.819356,18.895274,ok
EES0423534__X1E__Y24__P013.jpg,0.903379,21.638987,ok
EES0423534__X21__Y0C__P014.jpg,0.690271,17.747442,ok
EES0423534__X21__Y0F__P015.jpg,0.721655,18.005898,ok
EES0423534__X24__Y09__P016.jpg,0.682660,17.701544,ok
EES0423534__X2A__Y09__P017.jpg,0.768226,19.285224,ok
EES0423534__X2D__Y21__P018.jpg,0.790643,19.328581,ok
EES0423534__X06__Y2A__P019.jpg,0.942774,27.478722,ok
EES0423534__X09__Y33__P020.jpg,0.924065,22.470714,ok
EES0423534__X06__Y15__P021.jpg,0.933652,23.078361,ok
EES0423534__X06__Y1B__P022.jpg,0.938513,25.333086,ok
EES0423534__X06__Y2A__P023.jpg,0.868167,22.032230,ok
EES0423534__X15__Y06__P024.jpg,0.943773,23.959777,ok
EES0423534__X15__Y09__P025.jpg,0.866768,20.880708,ok
EES0423535__X0F__Y12__P001.jpg,0.701486,19.265414,ok
EES0423535__X12__Y0F__P002.jpg,0.766073,19.182388,ok
EES0423535__X12__Y12__P003.jpg,0.782867,19.477361,ok
EES0423535__X15__Y12__P004.jpg,0.892893,22.148490,ok
EES0423535__X15__Y15__P005.jpg,0.848971,20.107300,ok
EES0423535__X15__Y18__P006.jpg,0.855112,21.764091,ok
EES0423535__X15__Y1B__P007.jpg,0.886506,23.149427,ok
EES0423535__X18__Y18__P008.jpg,0.860184,21.920060,ok
EES0423535__X18__Y1B__P009.jpg,0.824111,19.999468,ok
EES0423535__X1E__Y3F__P010.jpg,0.912262,25.747740,ok
EES0423535__X30__Y42__P011.jpg,0.894819,22.017076,ok
EES0423535__X03__Y30__P012.jpg,0.734301,18.092008,ok
EES0423535__X03__Y33__P013.jpg,0.850253,21.770977,ok
EES0423535__X03__Y36__P014.jpg,0.769366,17.997735,ok
EES0423535__X06__Y2A__P015.jpg,0.860442,21.041002,ok
EES0423535__X06__Y30__P016.jpg,0.871526,20.905939,ok
EES0423535__X15__Y09__P017.jpg,0.936142,27.153770,ok
EES0423535__X15__Y0C__P018.jpg,0.720561,18.603620,ok
EES0423535__X18__Y09__P019.jpg,0.951417,26.751731,ok
EES0423535__X18__Y0C__P020.jpg,0.676278,17.863753,ok
EES0423535__X27__Y09__P021.jpg,0.920188,22.506925,ok
EES0423535__X2A__Y09__P022.jpg,0.910438,22.395776,ok
EES0423535__X2A__Y0C__P023.jpg,0.928573,24.112157,ok
EES0423535__X2D__Y1B__P024.jpg,0.784514,18.676560,ok
EES0423535__X2D__Y1E__P025.jpg,0.654993,16.942137,ok
EES0423536__X33__Y0F__P001.jpg,0.871422,19.421458,ok
EES0423536__X33__Y12__P002.jpg,0.602823,16.026005,ok
EES0423536__X33__Y15__P003.jpg,0.742763,18.326150,ok
EES0423536__X03__Y45__P004.jpg,0.954491,23.594704,ok
EES0423536__X06__Y30__P005.jpg,0.912897,23.121921,ok
EES0423536__X21__Y42__P006.jpg,0.835557,22.104682,ok
EES0423536__X24__Y06__P007.jpg,0.945729,26.750578,ok
EES0423536__X27__Y42__P008.jpg,0.898109,24.647609,ok
EES0423536__X2D__Y3F__P009.jpg,0.805933,22.583526,ok
EES0423536__X2D__Y42__P010.jpg,0.896239,23.582010,ok
EES0423536__X30__Y09__P011.jpg,0.936961,26.363160,ok
EES0423536__X36__Y0C__P012.jpg,0.927297,24.063778,ok
EES0423536__X3C__Y33__P013.jpg,0.821251,21.463149,ok
EES0423536__X3F__Y1B__P014.jpg,0.880596,24.378293,ok
EES0423536__X3F__Y1E__P015.jpg,0.863817,21.970257,ok
EES0423536__X3F__Y33__P016.jpg,0.927393,23.022934,ok
EES0423536__X24__Y3C__P017.jpg,0.832208,20.734129,ok
EES0423536__X06__Y21__P018.jpg,0.915633,23.309717,ok
EES0423536__X06__Y24__P019.jpg,0.923227,23.769857,ok
EES0423536__X06__Y27__P020.jpg,0.899429,23.466975,ok
EES0423536__X06__Y2A__P021.jpg,0.831449,20.347724,ok
EES0423536__X06__Y2D__P022.jpg,0.940283,26.206002,ok
EES0423536__X09__Y1B__P023.jpg,0.900258,21.747423,ok
EES0423536__X09__Y1E__P024.jpg,0.888338,24.421734,ok
EES0423536__X09__Y21__P025.jpg,0.845668,21.685959,ok
EES0423537__X09__Y2A__P001.jpg,0.863652,20.933513,ok
EES0423537__X0C__Y1B__P002.jpg,0.817232,20.960498,ok
EES0423537__X0F__Y15__P003.jpg,0.698257,18.135364,ok
EES0423537__X12__Y12__P004.jpg,0.729248,18.552363,ok
EES0423537__X1B__Y0C__P005.jpg,0.898267,21.919503,ok
EES0423537__X21__Y09__P006.jpg,0.688880,18.445412,ok
EES0423537__X24__Y09__P007.jpg,0.828491,21.623968,ok
EES0423537__X24__Y45__P008.jpg,0.847892,21.338950,ok
EES0423537__X27__Y09__P009.jpg,0.725718,18.980127,ok
EES0423537__X2A__Y45__P010.jpg,0.819170,21.423003,ok
EES0423537__X2D__Y45__P011.jpg,0.951770,24.113087,ok
EES0423537__X33__Y0C__P012.jpg,0.953575,23.927157,ok
EES0423537__X33__Y42__P013.jpg,0.953842,23.968618,ok
EES0423537__X3F__Y33__P014.jpg,0.750680,19.723028,ok
EES0423537__X42__Y21__P015.jpg,0.937650,26.423979,ok
EES0423537__X42__Y24__P016.jpg,0.940991,27.593468,ok
EES0423537__X42__Y27__P017.jpg,0.866719,23.073240,ok
EES0423537__X42__Y2A__P018.jpg,0.922276,26.487027,ok
EES0423537__X42__Y33__P019.jpg,0.924860,23.754015,ok
EES0423537__X2A__Y48__P020.jpg,0.951943,23.721217,ok
EES0423537__X33__Y30__P021.jpg,0.745881,18.709921,ok
EES0423537__X39__Y39__P022.jpg,0.745184,19.037984,ok
EES0423537__X48__Y09__P023.jpg,0.960496,23.901951,ok
EES0423537__X48__Y0C__P024.jpg,0.959275,26.221716,ok
EES0423537__X48__Y0F__P025.jpg,0.955230,23.557850,ok
EES0423538__X48__Y24__P001.jpg,0.960069,23.799177,ok
EES0423538__X48__Y27__P002.jpg,0.956266,24.287184,ok
EES0423538__X21__Y45__P003.jpg,0.818090,20.169228,ok
EES0423538__X24__Y09__P004.jpg,0.778245,19.212302,ok
EES0423538__X2D__Y0F__P005.jpg,0.905419,22.943280,ok
EES0423538__X2D__Y15__P006.jpg,0.709878,18.607621,ok
EES0423538__X2D__Y18__P007.jpg,0.785730,19.420739,ok
EES0423538__X30__Y12__P008.jpg,0.731621,19.625288,ok
EES0423538__X30__Y15__P009.jpg,0.829294,21.100417,ok
EES0423538__X30__Y18__P010.jpg,0.898189,23.874346,ok
EES0423538__X33__Y12__P011.jpg,0.791130,20.245353,ok
EES0423538__X33__Y15__P012.jpg,0.737731,18.402954,ok
EES0423538__X33__Y18__P013.jpg,0.758112,20.387198,ok
EES0423538__X36__Y12__P014.jpg,0.792605,20.940812,ok
EES0423538__X36__Y15__P015.jpg,0.853657,20.748704,ok
EES0423538__X36__Y18__P016.jpg,0.713702,18.126840,ok
EES0423538__X36__Y1E__P017.jpg,0.761455,18.805539,ok
EES0423538__X36__Y21__P018.jpg,0.738473,19.128545,ok
EES0423538__X39__Y15__P019.jpg,0.694446,18.859086,ok
EES0423538__X39__Y1E__P020.jpg,0.811287,19.684206,ok
EES0423538__X39__Y21__P021.jpg,0.577701,17.532001,ok
EES0423538__X3C__Y30__P022.jpg,0.790525,20.202317,ok
EES0423538__X3F__Y06__P023.jpg,0.953957,27.419383,ok
EES0423538__X3F__Y30__P024.jpg,0.812297,20.927427,ok
EES0423538__X45__Y0F__P025.jpg,0.875800,22.797267,ok
EES0423539__X24__Y21__P001.jpg,0.899860,23.705419,ok
EES0423539__X24__Y27__P002.jpg,0.888629,23.530895,ok
EES0423539__X27__Y21__P003.jpg,0.894227,23.300168,ok
EES0423539__X27__Y39__P004.jpg,0.930215,25.030758,ok
EES0423539__X27__Y3C__P005.jpg,0.750123,18.925918,ok
EES0423539__X2A__Y1E__P006.jpg,0.871560,22.375063,ok
EES0423539__X2A__Y21__P007.jpg,0.871745,21.431397,ok
EES0423539__X2A__Y39__P008.jpg,0.872276,21.502215,ok
EES0423539__X33__Y36__P009.jpg,0.859252,22.520805,ok
EES0423539__X36__Y1E__P010.jpg,0.887547,23.706219,ok
EES0423539__X39__Y1E__P011.jpg,0.914853,24.320784,ok
EES0423539__X09__Y21__P012.jpg,0.857348,22.057410,ok
EES0423539__X09__Y27__P013.jpg,0.796079,19.501413,ok
EES0423539__X0C__Y18__P014.jpg,0.900144,23.308793,ok
EES0423539__X0C__Y1E__P015.jpg,0.873367,23.843405,ok
EES0423539__X0C__Y21__P016.jpg,0.820031,20.955752,ok
EES0423539__X0C__Y2A__P017.jpg,0.884822,22.410980,ok
EES0423539__X0C__Y33__P018.jpg,0.900072,23.334481,ok
EES0423539__X0F__Y1B__P019.jpg,0.918302,23.717666,ok
EES0423539__X0F__Y1E__P020.jpg,0.764691,18.956124,ok
EES0423539__X0F__Y21__P021.jpg,0.899353,22.292775,ok
EES0423539__X0F__Y24__P022.jpg,0.820698,20.016756,ok
EES0423539__X0F__Y27__P023.jpg,0.758284,19.436469,ok
EES0423539__X0F__Y2A__P024.jpg,0.800656,19.404977,ok
EES0423539__X0F__Y33__P025.jpg,0.715898,18.217279,ok
EES0423540__X15__Y27__P001.jpg,0.840084,21.987663,ok
EES0423540__X1B__Y12__P002.jpg,0.897475,24.608537,ok
EES0423540__X21__Y0F__P003.jpg,0.873739,23.663707,ok
EES0423540__X21__Y12__P004.jpg,0.810054,20.983128,ok
EES0423540__X24__Y0F__P005.jpg,0.731858,20.156459,ok
EES0423540__X24__Y2D__P006.jpg,0.797479,21.389949,ok
EES0423540__X2D__Y24__P007.jpg,0.790433,21.357970,ok
EES0423540__X30__Y27__P008.jpg,0.800455,19.827730,ok
EES0423540__X48__Y2D__P009.jpg,0.954075,26.686641,ok
EES0423540__X48__Y30__P010.jpg,0.955468,24.115639,ok
EES0423540__X48__Y33__P011.jpg,0.956614,24.045303,ok
EES0423540__X48__Y36__P012.jpg,0.952446,26.949317,ok
EES0423540__X48__Y45__P013.jpg,0.959102,24.023495,ok
EES0423540__X0F__Y36__P014.jpg,0.843519,21.152958,ok
EES0423540__X12__Y36__P015.jpg,0.893035,22.662932,ok
EES0423540__X15__Y36__P016.jpg,0.763512,19.658074,ok
EES0423540__X2D__Y21__P017.jpg,0.855109,20.251074,ok
EES0423540__X2D__Y33__P018.jpg,0.886989,21.819802,ok
EES0423540__X30__Y1E__P019.jpg,0.896171,22.838617,ok
EES0423540__X33__Y24__P020.jpg,0.900095,21.647234,ok
EES0423540__X39__Y21__P021.jpg,0.802475,20.581114,ok
EES0423540__X39__Y2D__P022.jpg,0.935447,25.917977,ok
EES0423540__X0C__Y21__P023.jpg,0.802879,19.350178,ok
EES0423540__X33__Y36__P024.jpg,0.850525,19.881608,ok
EES0423540__X09__Y27__P025.jpg,0.854954,22.693354,ok
EES0423541__X2D__Y33__P001.jpg,0.871707,21.645965,ok
EES0423541__X2D__Y36__P002.jpg,0.812261,18.868074,ok
EES0423541__X2D__Y39__P003.jpg,0.851455,19.982918,ok
EES0423541__X2D__Y3C__P004.jpg,0.813778,19.806905,ok
EES0423541__X30__Y27__P005.jpg,0.919173,25.124424,ok
EES0423541__X33__Y33__P006.jpg,0.926042,25.886614,ok
EES0423541__X36__Y36__P007.jpg,0.889959,24.493393,ok
EES0423541__X39__Y06__P008.jpg,0.954098,23.948644,ok
EES0423541__X48__Y45__P009.jpg,0.951349,26.746646,ok
EES0423541__X2D__Y42__P010.jpg,0.926286,26.659311,ok
EES0423541__X33__Y3F__P011.jpg,0.932728,28.358229,ok
EES0423541__X45__Y27__P012.jpg,0.938649,26.800401,ok
EES0423541__X45__Y2A__P013.jpg,0.951752,23.642766,ok
EES0423541__X03__Y24__P014.jpg,0.854533,21.353127,ok
EES0423541__X06__Y2A__P015.jpg,0.820686,20.167276,ok
EES0423541__X0C__Y3F__P016.jpg,0.957988,24.296633,ok
EES0423541__X2D__Y2A__P017.jpg,0.724916,18.723323,ok
EES0423541__X03__Y15__P018.jpg,0.845035,23.542622,ok
EES0423541__X03__Y18__P019.jpg,0.813905,22.005163,ok
EES0423541__X03__Y1B__P020.jpg,0.910896,24.377961,ok
EES0423541__X03__Y1E__P021.jpg,0.826112,20.683213,ok
EES0423541__X03__Y21__P022.jpg,0.582341,18.348343,ok
EES0423541__X03__Y24__P023.jpg,0.793695,20.137856,ok
EES0423541__X03__Y27__P024.jpg,0.745438,19.981043,ok
EES0423541__X03__Y2A__P025.jpg,0.810885,20.776860,ok
EES0423542__X03__Y2D__P001.jpg,0.635168,18.121021,ok
EES0423542__X03__Y30__P002.jpg,0.865369,23.644646,ok
EES0423542__X03__Y33__P003.jpg,0.871320,22.120527,ok
EES0423542__X06__Y0F__P004.jpg,0.953052,26.389210,ok
EES0423542__X06__Y12__P005.jpg,0.930667,25.193111,ok
EES0423542__X06__Y15__P006.jpg,0.504636,16.769492,ok
EES0423542__X06__Y18__P007.jpg,0.921269,23.834361,ok
EES0423542__X06__Y1B__P008.jpg,0.724128,19.999260,ok
EES0423542__X06__Y2D__P009.jpg,0.887053,22.260031,ok
EES0423542__X06__Y30__P010.jpg,0.666357,18.242540,ok
EES0423542__X06__Y33__P011.jpg,0.588950,18.854339,ok
EES0423542__X06__Y36__P012.jpg,0.917394,25.632103,ok
EES0423542__X06__Y39__P013.jpg,0.875732,21.296071,ok
EES0423542__X09__Y33__P014.jpg,0.908586,23.606565,ok
EES0423542__X09__Y36__P015.jpg,0.709455,19.553953,ok
EES0423542__X09__Y39__P016.jpg,0.877622,23.177949,ok
EES0423542__X0C__Y3C__P017.jpg,0.767231,21.162496,ok
EES0423542__X0F__Y09__P018.jpg,0.818383,21.601338,ok
EES0423542__X1B__Y45__P019.jpg,0.917135,27.058034,ok
EES0423542__X1E__Y45__P020.jpg,0.800229,21.247781,ok
EES0423542__X21__Y45__P021.jpg,0.731436,19.048482,ok
EES0423542__X24__Y45__P022.jpg,0.912994,24.180357,ok
EES0423542__X36__Y0C__P023.jpg,0.704175,17.720561,ok
EES0423542__X3F__Y30__P024.jpg,0.687908,18.807268,ok
EES0423542__X3F__Y33__P025.jpg,0.853702,24.075355,ok
EES0423543__X03__Y2A__P001.jpg,0.953398,25.784969,ok
EES0423543__X03__Y2D__P002.jpg,0.897036,21.287246,ok
EES0423543__X03__Y30__P003.jpg,0.941230,22.819022,ok
EES0423543__X06__Y2A__P004.jpg,0.809219,19.400801,ok
EES0423543__X09__Y1E__P005.jpg,0.917684,24.019419,ok
EES0423543__X09__Y21__P006.jpg,0.912007,22.986015,ok
EES0423543__X09__Y24__P007.jpg,0.720545,18.253828,ok
EES0423543__X0C__Y1E__P008.jpg,0.758506,19.104537,ok
EES0423543__X0C__Y21__P009.jpg,0.726966,19.224833,ok
EES0423543__X0F__Y1E__P010.jpg,0.748906,19.856435,ok
EES0423543__X0F__Y45__P011.jpg,0.925294,23.206666,ok
EES0423543__X12__Y15__P012.jpg,0.886454,21.766392,ok
EES0423543__X12__Y18__P013.jpg,0.835904,20.629334,ok
EES0423543__X12__Y1B__P014.jpg,0.723947,18.599281,ok
EES0423543__X15__Y15__P015.jpg,0.893775,22.971582,ok
EES0423543__X18__Y12__P016.jpg,0.841465,20.186860,ok
EES0423543__X18__Y15__P017.jpg,0.781646,19.918218,ok
EES0423543__X18__Y18__P018.jpg,0.756566,19.104762,ok
EES0423543__X1B__Y0F__P019.jpg,0.909805,24.670508,ok
EES0423543__X1B__Y12__P020.jpg,0.889357,21.821467,ok
EES0423543__X1B__Y15__P021.jpg,0.862273,20.545126,ok
EES0423543__X1E__Y0F__P022.jpg,0.879393,22.348884,ok
EES0423543__X1E__Y12__P023.jpg,0.853321,20.466315,ok
EES0423543__X1E__Y15__P024.jpg,0.758526,17.935107,ok
EES0423543__X21__Y0C__P025.jpg,0.944506,26.251419,ok
EES0423544__X0C__Y3C__P001.jpg,0.797014,19.210031,ok
EES0423544__X0C__Y3F__P002.jpg,0.934100,23.275239,ok
EES0423544__X0F__Y42__P003.jpg,0.928446,23.561221,ok
EES0423544__X12__Y3F__P004.jpg,0.727129,17.939570,ok
EES0423544__X15__Y45__P005.jpg,0.916181,24.365570,ok
EES0423544__X18__Y3F__P006.jpg,0.670034,17.128822,ok
EES0423544__X1B__Y3F__P007.jpg,0.707923,18.927077,ok
EES0423544__X42__Y39__P008.jpg,0.958761,24.315888,ok
EES0423544__X03__Y0C__P009.jpg,0.957934,23.871854,ok
EES0423544__X03__Y0F__P010.jpg,0.954605,24.814661,ok
EES0423544__X18__Y0C__P011.jpg,0.903903,22.091045,ok
EES0423544__X18__Y0F__P012.jpg,0.850884,20.467947,ok
EES0423544__X18__Y42__P013.jpg,0.937095,23.391851,ok
EES0423544__X2A__Y42__P014.jpg,0.932519,26.378751,ok
EES0423544__X2D__Y36__P015.jpg,0.652439,17.707048,ok
EES0423544__X2D__Y39__P016.jpg,0.684095,17.900501,ok
EES0423544__X36__Y36__P017.jpg,0.617078,17.107714,ok
EES0423544__X3C__Y33__P018.jpg,0.957514,24.230518,ok
EES0423544__X09__Y1B__P019.jpg,0.908398,24.982553,ok
EES0423544__X09__Y24__P020.jpg,0.906266,22.476099,ok
EES0423544__X09__Y27__P021.jpg,0.823735,20.215768,ok
EES0423544__X09__Y2A__P022.jpg,0.832733,21.124077,ok
EES0423544__X09__Y2D__P023.jpg,0.786742,19.840988,ok
EES0423544__X09__Y36__P024.jpg,0.868873,21.422129,ok
EES0423544__X09__Y39__P025.jpg,0.939233,23.464066,ok
EES0423545__X0C__Y1B__P001.jpg,0.902083,22.383887,ok
EES0423545__X0C__Y1E__P002.jpg,0.865950,20.839006,ok
EES0423545__X0C__Y21__P003.jpg,0.838375,21.920933,ok
EES0423545__X0C__Y27__P004.jpg,0.831584,20.264949,ok
EES0423545__X0C__Y2A__P005.jpg,0.738906,18.396944,ok
EES0423545__X0C__Y30__P006.jpg,0.700560,19.363326,ok
EES0423545__X0C__Y3C__P007.jpg,0.952062,24.289324,ok
EES0423545__X0F__Y18__P008.jpg,0.897728,23.611156,ok
EES0423545__X0F__Y1B__P009.jpg,0.756256,20.098015,ok
EES0423545__X0F__Y21__P010.jpg,0.622245,17.625402,ok
EES0423545__X12__Y15__P011.jpg,0.874229,21.321424,ok
EES0423545__X12__Y18__P012.jpg,0.772536,20.197422,ok
EES0423545__X15__Y12__P013.jpg,0.850664,21.763043,ok
EES0423545__X15__Y15__P014.jpg,0.869154,21.720019,ok
EES0423545__X15__Y42__P015.jpg,0.923686,23.368351,ok
EES0423545__X15__Y45__P016.jpg,0.902326,23.109574,ok
EES0423545__X18__Y12__P017.jpg,0.859985,21.516874,ok
EES0423545__X18__Y45__P018.jpg,0.822918,20.496196,ok
EES0423545__X1B__Y0C__P019.jpg,0.943737,26.518055,ok
EES0423545__X1B__Y0F__P020.jpg,0.749111,19.516876,ok
EES0423545__X1B__Y45__P021.jpg,0.897750,22.306015,ok
EES0423545__X1E__Y0C__P022.jpg,0.928758,24.057973,ok
EES0423545__X1E__Y45__P023.jpg,0.780045,19.473508,ok
EES0423545__X21__Y0C__P024.jpg,0.928960,26.452430,ok
EES0423545__X21__Y45__P025.jpg,0.689440,17.919334,ok
EES0423546__X18__Y06__P001.jpg,0.950153,26.124646,ok
EES0423546__X18__Y09__P002.jpg,0.888550,20.751110,ok
EES0423546__X1B__Y45__P003.jpg,0.921722,23.006081,ok
EES0423546__X21__Y06__P004.jpg,0.709320,18.251263,ok
EES0423546__X24__Y06__P005.jpg,0.773987,19.522805,ok
EES0423546__X27__Y06__P006.jpg,0.711197,18.879543,ok
EES0423546__X2A__Y39__P007.jpg,0.855798,20.973382,ok
EES0423546__X2A__Y3C__P008.jpg,0.829020,20.896250,ok
EES0423546__X2D__Y06__P009.jpg,0.898695,24.760513,ok
EES0423546__X2D__Y39__P010.jpg,0.797475,20.796912,ok
EES0423546__X2D__Y3C__P011.jpg,0.827937,20.938814,ok
EES0423546__X2D__Y3F__P012.jpg,0.902385,23.182369,ok
EES0423546__X30__Y06__P013.jpg,0.914797,24.635874,ok
EES0423546__X33__Y09__P014.jpg,0.892171,22.898898,ok
EES0423546__X0F__Y1B__P015.jpg,0.860517,22.109013,ok
EES0423546__X15__Y21__P016.jpg,0.717921,18.807315,ok
EES0423546__X18__Y1E__P017.jpg,0.700221,17.141139,ok
EES0423546__X18__Y21__P018.jpg,0.735945,18.740122,ok
EES0423546__X18__Y24__P019.jpg,0.811226,19.320539,ok
EES0423546__X18__Y2A__P020.jpg,0.822125,20.189406,ok
EES0423546__X18__Y36__P021.jpg,0.829413,21.649950,ok
EES0423546__X18__Y39__P022.jpg,0.675693,18.617280,ok
EES0423546__X1B__Y1E__P023.jpg,0.791449,18.674167,ok
EES0423546__X1B__Y27__P024.jpg,0.653702,16.449957,ok
EES0423546__X1B__Y2A__P025.jpg,0.832073,19.990441,ok
EES0423547__X1B__Y2D__P001.jpg,0.787390,20.049576,ok
EES0423547__X09__Y21__P002.jpg,0.955454,29.710934,ok
EES0423547__X09__Y2D__P003.jpg,0.879823,21.096528,ok
EES0423547__X0C__Y24__P004.jpg,0.802694,19.920624,ok
EES0423547__X0C__Y27__P005.jpg,0.818880,20.209355,ok
EES0423547__X0C__Y2A__P006.jpg,0.828895,20.666369,ok
EES0423547__X0C__Y2D__P007.jpg,0.707648,17.879205,ok
EES0423547__X0C__Y30__P008.jpg,0.829371,19.976700,ok
EES0423547__X0C__Y33__P009.jpg,0.888188,22.068952,ok
EES0423547__X0C__Y36__P010.jpg,0.919383,23.719480,ok
EES0423547__X0C__Y39__P011.jpg,0.944094,25.004544,ok
EES0423547__X0F__Y24__P012.jpg,0.794346,19.434078,ok
EES0423547__X12__Y18__P013.jpg,0.883898,22.640815,ok
EES0423547__X12__Y1B__P014.jpg,0.851911,21.688050,ok
EES0423547__X15__Y15__P015.jpg,0.900784,22.327540,ok
EES0423547__X15__Y1E__P016.jpg,0.711510,17.477866,ok
EES0423547__X1E__Y0F__P017.jpg,0.839428,22.058448,ok
EES0423547__X1E__Y12__P018.jpg,0.593784,18.094055,ok
EES0423547__X1E__Y45__P019.jpg,0.952902,25.751735,ok
EES0423547__X21__Y45__P020.jpg,0.893633,23.047951,ok
EES0423547__X24__Y0C__P021.jpg,0.842820,19.267549,ok
EES0423547__X27__Y0C__P022.jpg,0.897606,21.218801,ok
EES0423547__X36__Y3F__P023.jpg,0.880794,21.359584,ok
EES0423547__X39__Y3C__P024.jpg,0.848195,21.672051,ok
EES0423547__X39__Y3F__P025.jpg,0.910741,24.771767,ok
EES0423548__X42__Y21__P001.jpg,0.894036,28.140590,ok
EES0423548__X42__Y27__P002.jpg,0.779108,22.166589,ok
EES0423548__X42__Y2D__P003.jpg,0.792505,22.971107,ok
EES0423548__X06__Y1B__P004.jpg,0.895780,26.989900,ok
EES0423548__X06__Y24__P005.jpg,0.777688,20.308820,ok
EES0423548__X06__Y27__P006.jpg,0.751154,20.224045,ok
EES0423548__X06__Y2A__P007.jpg,0.819526,21.917688,ok
EES0423548__X09__Y15__P008.jpg,0.918233,31.049648,ok
EES0423548__X09__Y36__P009.jpg,0.849760,23.748370,ok
EES0423548__X0C__Y36__P010.jpg,0.813230,23.038062,ok
EES0423548__X0C__Y39__P011.jpg,0.800410,21.649431,ok
EES0423548__X0F__Y0F__P012.jpg,0.886304,25.744075,ok
EES0423548__X0F__Y39__P013.jpg,0.771784,20.877758,ok
EES0423548__X12__Y39__P014.jpg,0.597472,18.211851,ok
EES0423548__X1B__Y09__P015.jpg,0.802607,22.245826,ok
EES0423548__X2D__Y09__P016.jpg,0.837956,22.999843,ok
EES0423548__X2D__Y45__P017.jpg,0.835674,23.271842,ok
EES0423548__X33__Y42__P018.jpg,0.812499,23.025276,ok
EES0423548__X39__Y0F__P019.jpg,0.901813,26.240487,ok
EES0423548__X3F__Y15__P020.jpg,0.902832,26.583072,ok
EES0423548__X3F__Y1E__P021.jpg,0.632215,18.542472,ok
EES0423548__X3F__Y39__P022.jpg,0.891197,25.314097,ok
EES0423548__X42__Y33__P023.jpg,0.776672,23.697292,ok
EES0423548__X45__Y21__P024.jpg,0.886074,25.037477,ok
EES0423548__X45__Y24__P025.jpg,0.790753,21.622665,ok
EES0423549__X33__Y1B__P001.jpg,0.708804,18.757254,ok
EES0423549__X33__Y1E__P002.jpg,0.637970,18.141338,ok
EES0423549__X33__Y2D__P003.jpg,0.831840,21.097679,ok
EES0423549__X36__Y15__P004.jpg,0.762495,18.802545,ok
EES0423549__X36__Y1B__P005.jpg,0.784054,20.347397,ok
EES0423549__X39__Y1B__P006.jpg,0.785172,19.993906,ok
EES0423549__X39__Y21__P007.jpg,0.917829,28.797432,ok
EES0423549__X3C__Y1B__P008.jpg,0.797168,19.923136,ok
EES0423549__X09__Y2A__P009.jpg,0.856378,23.360950,ok
EES0423549__X0C__Y21__P010.jpg,0.887506,27.212738,ok
EES0423549__X0F__Y24__P011.jpg,0.903924,29.345983,ok
EES0423549__X18__Y3C__P012.jpg,0.877312,26.259905,ok
EES0423549__X18__Y45__P013.jpg,0.855351,23.577996,ok
EES0423549__X1B__Y1B__P014.jpg,0.869227,24.737446,ok
EES0423549__X1B__Y39__P015.jpg,0.827065,21.813250,ok
EES0423549__X1E__Y1B__P016.jpg,0.862226,25.852859,ok
EES0423549__X33__Y30__P017.jpg,0.851039,22.866593,ok
EES0423549__X33__Y33__P018.jpg,0.886987,27.729297,ok
EES0423549__X33__Y39__P019.jpg,0.842979,23.101823,ok
EES0423549__X33__Y3C__P020.jpg,0.810705,22.164794,ok
EES0423549__X33__Y42__P021.jpg,0.901542,28.035267,ok
EES0423549__X33__Y45__P022.jpg,0.903284,31.752979,ok
EES0423549__X36__Y1B__P023.jpg,0.880410,27.110038,ok
EES0423549__X36__Y2A__P024.jpg,0.856617,24.473572,ok
EES0423549__X36__Y33__P025.jpg,0.839894,19.860199,ok
EES0423550__X45__Y24__P001.jpg,0.656304,18.459503,ok
EES0423550__X45__Y27__P002.jpg,0.902253,25.835957,ok
EES0423550__X45__Y2A__P003.jpg,0.822091,21.647694,ok
EES0423550__X45__Y2D__P004.jpg,0.881257,24.399262,ok
EES0423550__X45__Y33__P005.jpg,0.907731,27.663826,ok
EES0423550__X06__Y21__P006.jpg,0.815087,22.131136,ok
EES0423550__X0C__Y1B__P007.jpg,0.877648,25.250179,ok
EES0423550__X0F__Y18__P008.jpg,0.843654,22.541933,ok
EES0423550__X0F__Y36__P009.jpg,0.738980,21.165283,ok
EES0423550__X12__Y18__P010.jpg,0.834225,21.728203,ok
EES0423550__X18__Y0F__P011.jpg,0.833318,21.396987,ok
EES0423550__X18__Y1E__P012.jpg,0.755059,19.850773,ok
EES0423550__X18__Y33__P013.jpg,0.856849,24.665886,ok
EES0423550__X18__Y3F__P014.jpg,0.716446,20.754612,ok
EES0423550__X1B__Y21__P015.jpg,0.870974,23.359786,ok
EES0423550__X1E__Y09__P016.jpg,0.795979,21.101968,ok
EES0423550__X21__Y0C__P017.jpg,0.824935,22.196459,ok
EES0423550__X21__Y18__P018.jpg,0.846487,23.780619,ok
EES0423550__X21__Y21__P019.jpg,0.755891,22.432885,ok
EES0423550__X21__Y2A__P020.jpg,0.854003,22.852595,ok
EES0423550__X21__Y2D__P021.jpg,0.865605,23.273693,ok
EES0423550__X24__Y18__P022.jpg,0.803092,22.342299,ok
EES0423550__X24__Y1E__P023.jpg,0.861853,24.799652,ok
EES0423550__X24__Y3F__P024.jpg,0.857110,23.091332,ok
EES0423550__X24__Y42__P025.jpg,0.855762,23.922309,ok
EES0423551__X36__Y18__P001.jpg,0.847426,23.101575,ok
EES0423551__X36__Y33__P002.jpg,0.780203,21.435438,ok
EES0423551__X36__Y36__P003.jpg,0.832498,22.902847,ok
EES0423551__X39__Y12__P004.jpg,0.908716,27.489680,ok
EES0423551__X39__Y15__P005.jpg,0.777346,20.149265,ok
EES0423551__X39__Y1E__P006.jpg,0.779203,18.894585,ok
EES0423551__X39__Y27__P007.jpg,0.833566,21.682841,ok
EES0423551__X39__Y2A__P008.jpg,0.784164,20.815320,ok
EES0423551__X39__Y33__P009.jpg,0.853364,23.510701,ok
EES0423551__X3C__Y15__P010.jpg,0.742666,19.307549,ok
EES0423551__X3C__Y1B__P011.jpg,0.846061,23.092897,ok
EES0423551__X3C__Y2A__P012.jpg,0.807602,21.473939,ok
EES0423551__X3F__Y21__P013.jpg,0.825544,21.832098,ok
EES0423551__X3F__Y27__P014.jpg,0.827511,21.895749,ok
EES0423551__X0F__Y2D__P015.jpg,0.849633,21.515057,ok
EES0423551__X18__Y09__P016.jpg,0.874260,24.891728,ok
EES0423551__X18__Y0F__P017.jpg,0.876023,24.030602,ok
EES0423551__X18__Y27__P018.jpg,0.841170,22.266878,ok
EES0423551__X1B__Y21__P019.jpg,0.792996,21.072058,ok
EES0423551__X1E__Y09__P020.jpg,0.831896,21.531962,ok
EES0423551__X1E__Y0C__P021.jpg,0.767011,19.131519,ok
EES0423551__X1E__Y27__P022.jpg,0.813171,20.853647,ok
EES0423551__X1E__Y2A__P023.jpg,0.840674,22.066634,ok
EES0423551__X21__Y09__P024.jpg,0.828743,21.822959,ok
EES0423551__X21__Y0F__P025.jpg,0.857810,23.543674,ok
EES0423552__X36__Y1E__P001.jpg,0.869447,20.116737,ok
EES0423552__X3C__Y03__P002.jpg,0.756739,18.521538,ok
EES0423552__X42__Y09__P003.jpg,0.904845,21.299713,ok
EES0423552__X45__Y03__P004.jpg,0.918027,21.277212,ok
EES0423552__X45__Y06__P005.jpg,0.861107,19.664322,ok
EES0423552__X45__Y09__P006.jpg,0.498749,14.102365,ok
EES0423552__X06__Y2A__P007.jpg,0.943455,25.851825,ok
EES0423552__X0C__Y18__P008.jpg,0.900556,21.571042,ok
EES0423552__X0C__Y1B__P009.jpg,0.888250,21.234217,ok
EES0423552__X0C__Y1E__P010.jpg,0.799333,18.560255,ok
EES0423552__X0C__Y21__P011.jpg,0.872797,19.706609,ok
EES0423552__X0F__Y18__P012.jpg,0.824613,20.005694,ok
EES0423552__X0F__Y1B__P013.jpg,0.883445,22.195749,ok
EES0423552__X0F__Y21__P014.jpg,0.882016,20.428686,ok
EES0423552__X0F__Y36__P015.jpg,0.854155,21.186927,ok
EES0423552__X1B__Y0C__P016.jpg,0.893557,20.681574,ok
EES0423552__X42__Y24__P017.jpg,0.898588,20.584352,ok
EES0423552__X42__Y27__P018.jpg,0.899724,20.524954,ok
EES0423552__X2A__Y2D__P019.jpg,0.809387,18.846236,ok
EES0423552__X2A__Y30__P020.jpg,0.802815,20.085290,ok
EES0423552__X2D__Y42__P021.jpg,0.805078,18.235820,ok
EES0423552__X30__Y36__P022.jpg,0.606659,16.075574,ok
EES0423552__X33__Y30__P023.jpg,0.743507,19.283071,ok
EES0423552__X33__Y33__P024.jpg,0.633823,16.729283,ok
EES0423552__X33__Y36__P025.jpg,0.789869,18.384091,ok
EES0423553__X33__Y42__P001.jpg,0.944383,24.970034,ok
EES0423553__X36__Y2A__P002.jpg,0.745400,18.040350,ok
EES0423553__X36__Y2D__P003.jpg,0.554289,14.602664,ok
EES0423553__X36__Y30__P004.jpg,0.771416,18.654559,ok
EES0423553__X36__Y33__P005.jpg,0.737933,17.928277,ok
EES0423553__X36__Y36__P006.jpg,0.764882,17.399914,ok
EES0423553__X39__Y30__P007.jpg,0.647134,16.676991,ok
EES0423553__X39__Y33__P008.jpg,0.749809,18.706576,ok
EES0423553__X3C__Y30__P009.jpg,0.796884,18.602025,ok
EES0423553__X3C__Y33__P010.jpg,0.838992,21.024055,ok
EES0423553__X3C__Y36__P011.jpg,0.789287,19.054992,ok
EES0423553__X06__Y21__P012.jpg,0.842671,22.093810,ok
EES0423553__X06__Y2A__P013.jpg,0.840495,21.283747,ok
EES0423553__X09__Y18__P014.jpg,0.889877,23.326146,ok
EES0423553__X12__Y0C__P015.jpg,0.914282,23.452750,ok
EES0423553__X12__Y42__P016.jpg,0.946672,27.227274,ok
EES0423553__X15__Y09__P017.jpg,0.955105,25.452293,ok
EES0423553__X15__Y0C__P018.jpg,0.526853,16.776659,ok
EES0423553__X15__Y0F__P019.jpg,0.582438,17.372102,ok
EES0423553__X18__Y0C__P020.jpg,0.645280,17.568946,ok
EES0423553__X18__Y1B__P021.jpg,0.553600,16.880273,ok
EES0423553__X18__Y45__P022.jpg,0.928307,24.179798,ok
EES0423553__X1E__Y06__P023.jpg,0.949627,25.009969,ok
EES0423553__X1E__Y45__P024.jpg,0.890369,22.951947,ok
EES0423553__X21__Y06__P025.jpg,0.919250,22.230247,ok
EES0423554__X12__Y27__P001.jpg,0.771362,21.296596,ok
EES0423554__X15__Y27__P002.jpg,0.822664,21.908459,ok
EES0423554__X15__Y3F__P003.jpg,0.817468,22.916271,ok
EES0423554__X18__Y0C__P004.jpg,0.816088,22.353471,ok
EES0423554__X1B__Y09__P005.jpg,0.898985,29.647335,ok
EES0423554__X1B__Y1B__P006.jpg,0.701925,20.325926,ok
EES0423554__X1B__Y21__P007.jpg,0.882138,23.826116,ok
EES0423554__X1E__Y09__P008.jpg,0.913828,28.684323,ok
EES0423554__X27__Y12__P009.jpg,0.874633,24.144511,ok
EES0423554__X06__Y1E__P010.jpg,0.878122,23.535177,ok
EES0423554__X06__Y21__P011.jpg,0.813536,21.751991,ok
EES0423554__X06__Y30__P012.jpg,0.848406,23.084501,ok
EES0423554__X09__Y18__P013.jpg,0.912408,27.743692,ok
EES0423554__X0C__Y1B__P014.jpg,0.793197,21.201448,ok
EES0423554__X0F__Y15__P015.jpg,0.859773,23.845261,ok
EES0423554__X0F__Y18__P016.jpg,0.874407,24.943795,ok
EES0423554__X0F__Y1B__P017.jpg,0.792056,20.342083,ok
EES0423554__X0F__Y21__P018.jpg,0.763788,20.509139,ok
EES0423554__X12__Y15__P019.jpg,0.834164,23.688542,ok
EES0423554__X15__Y0F__P020.jpg,0.823221,22.606313,ok
EES0423554__X15__Y1B__P021.jpg,0.805423,22.362993,ok
EES0423554__X18__Y15__P022.jpg,0.776850,21.092456,ok
EES0423554__X18__Y1B__P023.jpg,0.846939,22.683818,ok
EES0423554__X18__Y45__P024.jpg,0.812268,22.112188,ok
EES0423554__X1B__Y0C__P025.jpg,0.837564,22.405557,ok
EES0423555__X1B__Y12__P001.jpg,0.809715,23.399434,ok
EES0423555__X1B__Y1B__P002.jpg,0.738227,19.468480,ok
EES0423555__X1B__Y45__P003.jpg,0.856937,23.731408,ok
EES0423555__X1E__Y1B__P004.jpg,0.781551,20.540681,ok
EES0423555__X1E__Y45__P005.jpg,0.901684,27.082637,ok
EES0423555__X21__Y45__P006.jpg,0.906970,29.082367,ok
EES0423555__X0F__Y1B__P007.jpg,0.878103,24.712872,ok
EES0423555__X1E__Y24__P008.jpg,0.854306,23.069626,ok
EES0423555__X2A__Y27__P009.jpg,0.783541,20.516723,ok
EES0423555__X0C__Y1B__P010.jpg,0.900040,28.121960,ok
EES0423555__X0C__Y27__P011.jpg,0.854501,24.443218,ok
EES0423555__X0C__Y2A__P012.jpg,0.879265,25.302753,ok
EES0423555__X0F__Y2A__P013.jpg,0.903163,30.153085,ok
EES0423555__X0F__Y30__P014.jpg,0.833833,22.871900,ok
EES0423555__X12__Y1B__P015.jpg,0.847225,23.288429,ok
EES0423555__X18__Y0F__P016.jpg,0.885545,24.986785,ok
EES0423555__X21__Y0C__P017.jpg,0.874107,25.325843,ok
EES0423555__X2A__Y09__P018.jpg,0.815166,22.619542,ok
EES0423555__X3C__Y12__P019.jpg,0.927411,29.281415,ok
EES0423555__X06__Y1B__P020.jpg,0.927960,29.819113,ok
EES0423555__X06__Y1E__P021.jpg,0.849854,23.835179,ok
EES0423555__X06__Y21__P022.jpg,0.835205,23.174429,ok
EES0423555__X09__Y18__P023.jpg,0.911814,30.597440,ok
EES0423555__X0F__Y12__P024.jpg,0.885153,24.970782,ok
EES0423555__X0F__Y3C__P025.jpg,0.820155,22.487884,ok
EES0423556__X24__Y42__P001.jpg,0.770977,20.561637,ok
EES0423556__X27__Y42__P002.jpg,0.861239,26.906101,ok
EES0423556__X2A__Y09__P003.jpg,0.814958,22.446035,ok
EES0423556__X2A__Y42__P004.jpg,0.798802,20.421167,ok
EES0423556__X2D__Y09__P005.jpg,0.870555,23.615025,ok
EES0423556__X2D__Y42__P006.jpg,0.844327,23.719808,ok
EES0423556__X30__Y0C__P007.jpg,0.893135,25.583159,ok
EES0423556__X3C__Y18__P008.jpg,0.851796,24.064239,ok
EES0423556__X3C__Y21__P009.jpg,0.796874,23.305630,ok
EES0423556__X3F__Y27__P010.jpg,0.836773,22.958715,ok
EES0423556__X0C__Y1B__P011.jpg,0.846220,22.528011,ok
EES0423556__X18__Y1B__P012.jpg,0.812999,21.298353,ok
EES0423556__X18__Y1E__P013.jpg,0.792269,19.584485,ok
EES0423556__X18__Y21__P014.jpg,0.873997,25.110916,ok
EES0423556__X18__Y2D__P015.jpg,0.816067,20.459904,ok
EES0423556__X1B__Y1B__P016.jpg,0.829249,21.027501,ok
EES0423556__X1B__Y1E__P017.jpg,0.825519,21.438297,ok
EES0423556__X1B__Y21__P018.jpg,0.853987,23.091268,ok
EES0423556__X1B__Y24__P019.jpg,0.829173,21.495503,ok
EES0423556__X1B__Y27__P020.jpg,0.828535,22.775302,ok
EES0423556__X1B__Y2D__P021.jpg,0.816335,20.942963,ok
EES0423556__X1E__Y24__P022.jpg,0.823315,21.339364,ok
EES0423556__X1E__Y27__P023.jpg,0.818719,21.102628,ok
EES0423556__X1E__Y2A__P024.jpg,0.815883,22.541872,ok
EES0423556__X1E__Y2D__P025.jpg,0.782773,20.555776,ok
EES0423557__X2A__Y30__P001.jpg,0.782490,20.048551,ok
EES0423557__X2A__Y33__P002.jpg,0.810108,21.693683,ok
EES0423557__X2A__Y39__P003.jpg,0.776686,19.866266,ok
EES0423557__X2D__Y1E__P004.jpg,0.842114,22.979181,ok
EES0423557__X2D__Y24__P005.jpg,0.843542,22.332052,ok
EES0423557__X2D__Y27__P006.jpg,0.800235,20.349170,ok
EES0423557__X30__Y15__P007.jpg,0.790528,19.552090,ok
EES0423557__X30__Y1B__P008.jpg,0.803588,20.011650,ok
EES0423557__X30__Y2A__P009.jpg,0.778326,20.236763,ok
EES0423557__X33__Y1B__P010.jpg,0.804964,20.413166,ok
EES0423557__X33__Y21__P011.jpg,0.791952,19.143143,ok
EES0423557__X36__Y1B__P012.jpg,0.836816,22.755230,ok
EES0423557__X36__Y27__P013.jpg,0.819584,21.482060,ok
EES0423557__X36__Y2A__P014.jpg,0.814938,21.004828,ok
EES0423557__X39__Y1E__P015.jpg,0.736604,19.266068,ok
EES0423557__X39__Y27__P016.jpg,0.838038,22.180553,ok
EES0423557__X0F__Y0F__P017.jpg,0.826373,23.203605,ok
EES0423557__X12__Y0C__P018.jpg,0.921872,30.955522,ok
EES0423557__X18__Y09__P019.jpg,0.923823,30.392619,ok
EES0423557__X1B__Y09__P020.jpg,0.894871,28.872593,ok
EES0423557__X2A__Y09__P021.jpg,0.915405,30.328242,ok
EES0423557__X36__Y0F__P022.jpg,0.840312,23.264636,ok
EES0423557__X39__Y0F__P023.jpg,0.872028,23.527150,ok
EES0423557__X06__Y30__P024.jpg,0.913427,32.242979,ok
EES0423557__X0C__Y24__P025.jpg,0.903331,28.623035,ok
EES0423558__X0F__Y24__P001.jpg,0.785932,20.943822,ok
EES0423558__X0F__Y42__P002.jpg,0.921746,34.063007,ok
EES0423558__X12__Y1B__P003.jpg,0.878931,24.189895,ok
EES0423558__X12__Y24__P004.jpg,0.863491,23.516938,ok
EES0423558__X18__Y12__P005.jpg,0.854812,22.645040,ok
EES0423558__X18__Y15__P006.jpg,0.793588,21.876840,ok
EES0423558__X1E__Y0F__P007.jpg,0.868651,24.896626,ok
EES0423558__X21__Y12__P008.jpg,0.781088,21.237133,ok
EES0423558__X21__Y15__P009.jpg,0.856459,22.503017,ok
EES0423558__X24__Y12__P010.jpg,0.767987,19.715951,ok
EES0423558__X2A__Y12__P011.jpg,0.849105,23.960818,ok
EES0423558__X2A__Y15__P012.jpg,0.860607,24.310695,ok
EES0423558__X42__Y2D__P013.jpg,0.832438,22.641248,ok
EES0423558__X0C__Y36__P014.jpg,0.854632,24.258945,ok
EES0423558__X0F__Y39__P015.jpg,0.818949,22.837987,ok
EES0423558__X1E__Y42__P016.jpg,0.848189,22.286461,ok
EES0423558__X27__Y42__P017.jpg,0.854428,22.773202,ok
EES0423558__X2A__Y24__P018.jpg,0.780832,21.050312,ok
EES0423558__X2D__Y21__P019.jpg,0.765400,21.550224,ok
EES0423558__X2D__Y24__P020.jpg,0.815109,22.479617,ok
EES0423558__X2D__Y42__P021.jpg,0.926119,33.063315,ok
EES0423558__X3C__Y33__P022.jpg,0.855276,24.998931,ok
EES0423558__X3F__Y30__P023.jpg,0.866556,28.637047,ok
EES0423558__X3F__Y33__P024.jpg,0.907524,28.992143,ok
EES0423558__X42__Y1B__P025.jpg,0.829046,22.168943,ok
EES0423559__X27__Y3F__P001.jpg,0.652624,16.770180,ok
EES0423559__X30__Y3F__P002.jpg,0.882232,20.010061,ok
EES0423559__X33__Y09__P003.jpg,0.913375,23.932429,ok
EES0423559__X42__Y1B__P004.jpg,0.899174,22.939846,ok
EES0423559__X39__Y1E__P005.jpg,0.795465,18.483313,ok
EES0423559__X39__Y21__P006.jpg,0.755388,18.653297,ok
EES0423559__X42__Y1B__P007.jpg,0.894646,22.651731,ok
EES0423559__X42__Y21__P008.jpg,0.823112,19.585375,ok
EES0423559__X09__Y21__P009.jpg,0.767741,19.496291,ok
EES0423559__X09__Y24__P010.jpg,0.922188,21.712222,ok
EES0423559__X09__Y27__P011.jpg,0.921527,22.800053,ok
EES0423559__X0C__Y2A__P012.jpg,0.691438,17.057278,ok
EES0423559__X0F__Y30__P013.jpg,0.686540,17.498149,ok
EES0423559__X12__Y30__P014.jpg,0.621055,17.225636,ok
EES0423559__X18__Y09__P015.jpg,0.902217,22.582250,ok
EES0423559__X18__Y3F__P016.jpg,0.922244,22.515934,ok
EES0423559__X1E__Y06__P017.jpg,0.789445,19.238305,ok
EES0423559__X1E__Y3F__P018.jpg,0.578338,16.275003,ok
EES0423559__X1E__Y42__P019.jpg,0.863469,20.600655,ok
EES0423559__X21__Y06__P020.jpg,0.766713,19.133693,ok
EES0423559__X21__Y42__P021.jpg,0.651016,16.991859,ok
EES0423559__X24__Y06__P022.jpg,0.640062,18.252851,ok
EES0423559__X24__Y42__P023.jpg,0.684385,18.202761,ok
EES0423559__X2D__Y06__P024.jpg,0.766676,19.255848,ok
EES0423559__X30__Y06__P025.jpg,0.877156,21.100663,ok
EES0423560__X33__Y06__P001.jpg,0.891660,21.815811,ok
EES0423560__X33__Y09__P002.jpg,0.591481,16.683777,ok
EES0423560__X33__Y42__P003.jpg,0.909375,21.847439,ok
EES0423560__X36__Y09__P004.jpg,0.915096,22.316631,ok
EES0423560__X36__Y42__P005.jpg,0.920698,22.559876,ok
EES0423560__X48__Y1B__P006.jpg,0.681823,17.847742,ok
EES0423560__X48__Y2A__P007.jpg,0.666674,17.691304,ok
EES0423560__X1B__Y06__P008.jpg,0.648786,16.830054,ok
EES0423560__X1E__Y42__P009.jpg,0.899137,21.055245,ok
EES0423560__X21__Y42__P010.jpg,0.759177,17.038515,ok
EES0423560__X24__Y42__P011.jpg,0.637229,15.794153,ok
EES0423560__X2A__Y42__P012.jpg,0.661608,16.225920,ok
EES0423560__X3C__Y39__P013.jpg,0.836492,19.462397,ok
EES0423560__X42__Y30__P014.jpg,0.841570,18.506928,ok
EES0423560__X09__Y24__P015.jpg,0.783788,18.785229,ok
EES0423560__X09__Y27__P016.jpg,0.825125,20.015453,ok
EES0423560__X09__Y2A__P017.jpg,0.906180,23.067490,ok
EES0423560__X12__Y15__P018.jpg,0.627249,17.005285,ok
EES0423560__X1B__Y0F__P019.jpg,0.704228,17.232516,ok
EES0423560__X1B__Y12__P020.jpg,0.667888,17.498327,ok
EES0423560__X1E__Y18__P021.jpg,0.596378,16.210709,ok
EES0423560__X21__Y15__P022.jpg,0.563040,16.703930,ok
EES0423560__X09__Y15__P023.jpg,0.853555,22.013233,ok
EES0423560__X09__Y18__P024.jpg,0.914502,21.303407,ok
EES0423560__X09__Y1E__P025.jpg,0.877081,21.546369,ok
EES0423561__X12__Y39__P001.jpg,0.692680,17.323742,ok
EES0423561__X15__Y3C__P002.jpg,0.786365,19.388750,ok
EES0423561__X2D__Y18__P003.jpg,0.748698,18.875356,ok
EES0423561__X06__Y27__P004.jpg,0.753853,17.570909,ok
EES0423561__X1B__Y27__P005.jpg,0.752391,18.990322,ok
EES0423561__X1E__Y2A__P006.jpg,0.747424,17.667024,ok
EES0423561__X21__Y2A__P007.jpg,0.616405,16.442356,ok
EES0423561__X06__Y36__P008.jpg,0.818710,15.748912,ok
EES0423561__X18__Y3C__P009.jpg,0.936391,22.988049,ok
EES0423561__X1E__Y3F__P010.jpg,0.919578,23.327390,ok
EES0423561__X21__Y3F__P011.jpg,0.932998,24.377575,ok
EES0423561__X24__Y3F__P012.jpg,0.826830,19.601309,ok
EES0423561__X3F__Y0C__P013.jpg,0.914418,22.420966,ok
EES0423561__X0C__Y27__P014.jpg,0.653477,16.616025,ok
EES0423561__X0C__Y2A__P015.jpg,0.721655,16.422550,ok
EES0423561__X0C__Y2D__P016.jpg,0.667613,16.912280,ok
EES0423561__X0C__Y30__P017.jpg,0.641034,17.236895,ok
EES0423561__X0C__Y33__P018.jpg,0.852648,20.677545,ok
EES0423561__X0F__Y1B__P019.jpg,0.711669,16.652227,ok
EES0423561__X0F__Y30__P020.jpg,0.784095,18.116271,ok
EES0423561__X0F__Y36__P021.jpg,0.642961,16.788466,ok
EES0423561__X12__Y18__P022.jpg,0.737066,17.061232,ok
EES0423561__X12__Y1B__P023.jpg,0.519450,15.411735,ok
EES0423561__X12__Y21__P024.jpg,0.610331,16.305608,ok
EES0423561__X12__Y3C__P025.jpg,0.925614,22.733473,ok
EES0423562__X1E__Y09__P001.jpg,0.778199,18.986768,ok
EES0423562__X21__Y09__P002.jpg,0.811099,19.697183,ok
EES0423562__X24__Y42__P003.jpg,0.495167,15.576710,ok
EES0423562__X2A__Y42__P004.jpg,0.686756,16.640943,ok
EES0423562__X30__Y09__P005.jpg,0.766809,18.664942,ok
EES0423562__X33__Y09__P006.jpg,0.902296,22.002727,ok
EES0423562__X33__Y42__P007.jpg,0.831772,19.420844,ok
EES0423562__X48__Y21__P008.jpg,0.921050,26.237038,ok
EES0423562__X48__Y24__P009.jpg,0.917130,22.979010,ok
EES0423562__X48__Y2D__P010.jpg,0.870126,21.242546,ok
EES0423562__X06__Y24__P011.jpg,0.826773,19.349217,ok
EES0423562__X06__Y27__P012.jpg,0.747047,17.220300,ok
EES0423562__X09__Y30__P013.jpg,0.874157,20.284453,ok
EES0423562__X0C__Y36__P014.jpg,0.832817,18.981610,ok
EES0423562__X18__Y3F__P015.jpg,0.751498,18.554281,ok
EES0423562__X1E__Y39__P016.jpg,0.713496,17.736585,ok
EES0423562__X21__Y42__P017.jpg,0.854508,18.688728,ok
EES0423562__X24__Y42__P018.jpg,0.742541,18.698525,ok
EES0423562__X12__Y27__P019.jpg,0.796230,19.336869,ok
EES0423562__X12__Y2A__P020.jpg,0.773753,18.771355,ok
EES0423562__X12__Y33__P021.jpg,0.717139,18.859763,ok
EES0423562__X15__Y1E__P022.jpg,0.843335,20.060575,ok
EES0423562__X15__Y21__P023.jpg,0.706063,18.339653,ok
EES0423562__X15__Y27__P024.jpg,0.849185,20.577413,ok
EES0423562__X18__Y1B__P025.jpg,0.830443,20.921853,ok
EES0423563__X18__Y1E__P001.jpg,0.648853,16.974067,ok
EES0423563__X18__Y21__P002.jpg,0.743501,17.629436,ok
EES0423563__X1B__Y15__P003.jpg,0.898892,21.042091,ok
EES0423563__X1B__Y18__P004.jpg,0.816501,19.608460,ok
EES0423563__X1E__Y12__P005.jpg,0.825449,20.952938,ok
EES0423563__X1E__Y15__P006.jpg,0.776601,19.234068,ok
EES0423563__X24__Y21__P007.jpg,0.553338,16.956727,ok
EES0423563__X24__Y2D__P008.jpg,0.765242,18.793500,ok
EES0423563__X24__Y42__P009.jpg,0.642797,17.571857,ok
EES0423563__X2A__Y0F__P010.jpg,0.851969,18.948009,ok
EES0423563__X30__Y0F__P011.jpg,0.812961,18.897914,ok
EES0423563__X36__Y0F__P012.jpg,0.908447,22.598674,ok
EES0423563__X39__Y0F__P013.jpg,0.698393,17.482079,ok
EES0423563__X39__Y12__P014.jpg,0.615488,15.833819,ok
EES0423563__X39__Y36__P015.jpg,0.670540,16.862951,ok
EES0423563__X39__Y39__P016.jpg,0.794347,19.524931,ok
EES0423563__X3C__Y36__P017.jpg,0.679480,17.861884,ok
EES0423563__X06__Y21__P018.jpg,0.879312,22.009429,ok
EES0423563__X06__Y24__P019.jpg,0.877533,21.893328,ok
EES0423563__X09__Y15__P020.jpg,0.823850,21.031413,ok
EES0423563__X09__Y18__P021.jpg,0.839490,20.197527,ok
EES0423563__X09__Y27__P022.jpg,0.737266,19.464512,ok
EES0423563__X09__Y2A__P023.jpg,0.831370,20.082342,ok
EES0423563__X09__Y2D__P024.jpg,0.794340,19.234286,ok
EES0423563__X09__Y30__P025.jpg,0.877162,21.472957,ok
EES0423564__X0C__Y15__P001.jpg,0.851975,19.755795,ok
EES0423564__X0C__Y30__P002.jpg,0.770955,18.765243,ok
EES0423564__X0C__Y33__P003.jpg,0.786330,19.959693,ok
EES0423564__X0F__Y0F__P004.jpg,0.791355,19.507120,ok
EES0423564__X0F__Y12__P005.jpg,0.646018,16.924884,ok
EES0423564__X0F__Y33__P006.jpg,0.711131,18.379509,ok
EES0423564__X0F__Y39__P007.jpg,0.917093,22.962909,ok
EES0423564__X12__Y0C__P008.jpg,0.854683,21.236239,ok
EES0423564__X12__Y0F__P009.jpg,0.758949,20.222018,ok
EES0423564__X15__Y09__P010.jpg,0.884848,21.419542,ok
EES0423564__X15__Y0C__P011.jpg,0.694268,17.405019,ok
EES0423564__X18__Y09__P012.jpg,0.847466,20.265755,ok
EES0423564__X18__Y0C__P013.jpg,0.777265,19.413035,ok
EES0423564__X18__Y3C__P014.jpg,0.630808,17.870582,ok
EES0423564__X18__Y3F__P015.jpg,0.803912,19.714186,ok
EES0423564__X1B__Y09__P016.jpg,0.739061,19.667546,ok
EES0423564__X1B__Y3F__P017.jpg,0.608250,17.787779,ok
EES0423564__X1B__Y42__P018.jpg,0.931576,22.869621,ok
EES0423564__X1E__Y09__P019.jpg,0.788011,19.685236,ok
EES0423564__X21__Y09__P020.jpg,0.754980,19.373206,ok
EES0423564__X24__Y09__P021.jpg,0.645571,18.069977,ok
EES0423564__X27__Y09__P022.jpg,0.662657,18.326817,ok
EES0423564__X2A__Y09__P023.jpg,0.647783,18.636505,ok
EES0423564__X2A__Y42__P024.jpg,0.524045,16.826167,ok
EES0423564__X2D__Y09__P025.jpg,0.731338,18.124371,ok
EES0423565__X30__Y09__P001.jpg,0.694209,17.994007,ok
EES0423565__X30__Y42__P002.jpg,0.903515,22.659942,ok
EES0423565__X33__Y09__P003.jpg,0.870079,21.103586,ok
EES0423565__X33__Y42__P004.jpg,0.924532,22.975080,ok
EES0423565__X42__Y1B__P005.jpg,0.766595,20.078886,ok
EES0423565__X0C__Y1E__P006.jpg,0.863916,20.175860,ok
EES0423565__X0C__Y21__P007.jpg,0.769396,17.167515,ok
EES0423565__X0C__Y24__P008.jpg,0.802851,18.064850,ok
EES0423565__X0C__Y30__P009.jpg,0.711592,16.727726,ok
EES0423565__X1B__Y09__P010.jpg,0.906208,21.526997,ok
EES0423565__X1B__Y3C__P011.jpg,0.695272,17.003149,ok
EES0423565__X1E__Y09__P012.jpg,0.764996,17.645756,ok
EES0423565__X1E__Y0C__P013.jpg,0.822683,18.636371,ok
EES0423565__X1E__Y39__P014.jpg,0.744739,17.816243,ok
EES0423565__X1E__Y3C__P015.jpg,0.668002,16.128567,ok
EES0423565__X1E__Y3F__P016.jpg,0.708061,16.748656,ok
EES0423565__X1E__Y42__P017.jpg,0.863569,19.635986,ok
EES0423565__X21__Y3C__P018.jpg,0.688450,16.817288,ok
EES0423565__X21__Y3F__P019.jpg,0.665836,15.907299,ok
EES0423565__X21__Y42__P020.jpg,0.759767,17.323577,ok
EES0423565__X27__Y3C__P021.jpg,0.711651,17.100566,ok
EES0423565__X2A__Y3C__P022.jpg,0.683746,16.210774,ok
EES0423565__X42__Y21__P023.jpg,0.790859,18.276119,ok
EES0423565__X42__Y27__P024.jpg,0.672410,16.982826,ok
EES0423565__X42__Y2A__P025.jpg,0.858461,19.929444,ok
EES0423566__X3F__Y1E__P001.jpg,0.521145,15.867220,ok
EES0423566__X3F__Y21__P002.jpg,0.467967,15.344588,ok
EES0423566__X3F__Y24__P003.jpg,0.524666,15.142095,ok
EES0423566__X0C__Y24__P004.jpg,0.624114,16.662472,ok
EES0423566__X12__Y36__P005.jpg,0.688897,18.214466,ok
EES0423566__X12__Y39__P006.jpg,0.822253,19.062287,ok
EES0423566__X15__Y39__P007.jpg,0.695728,15.410662,ok
EES0423566__X15__Y3C__P008.jpg,0.854430,20.191050,ok
EES0423566__X18__Y3C__P009.jpg,0.788856,18.139272,ok
EES0423566__X18__Y3F__P010.jpg,0.835506,19.755589,ok
EES0423566__X1B__Y09__P011.jpg,0.858788,20.698366,ok
EES0423566__X1B__Y3C__P012.jpg,0.641772,16.570147,ok
EES0423566__X1B__Y3F__P013.jpg,0.831497,19.148551,ok
EES0423566__X1E__Y09__P014.jpg,0.669181,17.603230,ok
EES0423566__X1E__Y39__P015.jpg,0.554501,16.636678,ok
EES0423566__X1E__Y3F__P016.jpg,0.697099,17.017738,ok
EES0423566__X21__Y42__P017.jpg,0.898512,23.042168,ok
EES0423566__X24__Y42__P018.jpg,0.896084,21.780067,ok
EES0423566__X27__Y42__P019.jpg,0.796163,18.192102,ok
EES0423566__X2A__Y42__P020.jpg,0.843518,20.013964,ok
EES0423566__X2D__Y3F__P021.jpg,0.616704,18.056741,ok
EES0423566__X2D__Y42__P022.jpg,0.936872,24.638277,ok
EES0423566__X30__Y09__P023.jpg,0.563243,17.087796,ok
EES0423566__X30__Y3F__P024.jpg,0.743721,18.432028,ok
EES0423566__X33__Y09__P025.jpg,0.746922,18.650622,ok
EES0423567__X33__Y3C__P001.jpg,0.681479,17.464660,ok
EES0423567__X33__Y3F__P002.jpg,0.906428,23.036126,ok
EES0423567__X36__Y3C__P003.jpg,0.732030,16.930312,ok
EES0423567__X39__Y0C__P004.jpg,0.878612,21.191475,ok
EES0423567__X39__Y39__P005.jpg,0.772300,17.999209,ok
EES0423567__X3C__Y36__P006.jpg,0.728554,16.501096,ok
EES0423567__X3C__Y39__P007.jpg,0.930618,24.090238,ok
EES0423567__X3F__Y30__P008.jpg,0.754516,19.865390,ok
EES0423567__X3F__Y33__P009.jpg,0.685155,17.072020,ok
EES0423567__X42__Y1B__P010.jpg,0.803982,19.200282,ok
EES0423567__X06__Y2A__P011.jpg,0.911312,25.194560,ok
EES0423567__X09__Y15__P012.jpg,0.900759,22.755102,ok
EES0423567__X09__Y18__P013.jpg,0.829292,20.361048,ok
EES0423567__X09__Y1B__P014.jpg,0.849568,20.073067,ok
EES0423567__X09__Y1E__P015.jpg,0.727737,17.561350,ok
EES0423567__X09__Y21__P016.jpg,0.730331,18.044343,ok
EES0423567__X09__Y24__P017.jpg,0.700437,17.444520,ok
EES0423567__X09__Y27__P018.jpg,0.837498,20.215084,ok
EES0423567__X0C__Y0F__P019.jpg,0.837665,20.514299,ok
EES0423567__X0C__Y1B__P020.jpg,0.626904,17.196692,ok
EES0423567__X0C__Y24__P021.jpg,0.640903,17.427150,ok
EES0423567__X0C__Y2A__P022.jpg,0.574527,16.848495,ok
EES0423567__X0C__Y2D__P023.jpg,0.745877,18.793174,ok
EES0423567__X0C__Y30__P024.jpg,0.675712,18.565483,ok
EES0423567__X0C__Y33__P025.jpg,0.880153,22.853455,ok
EES0423568__X0F__Y30__P001.jpg,0.705631,16.940103,ok
EES0423568__X18__Y06__P002.jpg,0.880484,21.352216,ok
EES0423568__X1B__Y06__P003.jpg,0.753828,19.023368,ok
EES0423568__X1E__Y03__P004.jpg,0.774570,18.689439,ok
EES0423568__X1E__Y3F__P005.jpg,0.857837,20.148509,ok
EES0423568__X21__Y03__P006.jpg,0.768757,18.806448,ok
EES0423568__X21__Y3F__P007.jpg,0.833273,19.392815,ok
EES0423568__X24__Y03__P008.jpg,0.794424,19.655682,ok
EES0423568__X24__Y3F__P009.jpg,0.898554,22.027966,ok
EES0423568__X27__Y03__P010.jpg,0.705836,18.952682,ok
EES0423568__X27__Y3F__P011.jpg,0.772537,18.386364,ok
EES0423568__X2A__Y03__P012.jpg,0.683768,17.489095,ok
EES0423568__X2D__Y03__P013.jpg,0.859833,20.973533,ok
EES0423568__X33__Y3C__P014.jpg,0.944694,22.920576,ok
EES0423568__X03__Y1E__P015.jpg,0.839285,19.876422,ok
EES0423568__X0C__Y1E__P016.jpg,0.788301,20.339092,ok
EES0423568__X0C__Y30__P017.jpg,0.751493,18.923180,ok
EES0423568__X0F__Y18__P018.jpg,0.762119,18.786584,ok
EES0423568__X0F__Y2D__P019.jpg,0.721500,18.772806,ok
EES0423568__X0F__Y30__P020.jpg,0.660113,17.878996,ok
EES0423568__X0F__Y33__P021.jpg,0.799034,20.986747,ok
EES0423568__X12__Y2A__P022.jpg,0.616997,16.384612,ok
EES0423568__X15__Y30__P023.jpg,0.583478,16.589040,ok
EES0423568__X18__Y3C__P024.jpg,0.814032,20.392001,ok
EES0423568__X1B__Y09__P025.jpg,0.850313,21.074907,ok
EES0423569__X2A__Y3F__P001.jpg,0.675158,17.413838,ok
EES0423569__X30__Y09__P002.jpg,0.668536,17.400964,ok
EES0423569__X30__Y3C__P003.jpg,0.692876,18.402404,ok
EES0423569__X39__Y0C__P004.jpg,0.833565,20.122381,ok
EES0423569__X3C__Y0F__P005.jpg,0.888070,21.548123,ok
EES0423569__X3F__Y12__P006.jpg,0.856956,19.939086,ok
EES0423569__X42__Y21__P007.jpg,0.709005,17.885736,ok
EES0423569__X42__Y33__P008.jpg,0.858703,21.881444,ok
EES0423569__X45__Y1E__P009.jpg,0.761442,17.527316,ok
EES0423569__X45__Y21__P010.jpg,0.641390,16.215331,ok
EES0423569__X45__Y2A__P011.jpg,0.802617,19.300384,ok
EES0423569__X45__Y2D__P012.jpg,0.879070,21.267297,ok
EES0423569__X0C__Y1B__P013.jpg,0.668241,17.940254,ok
EES0423569__X0C__Y1E__P014.jpg,0.716244,17.225475,ok
EES0423569__X0C__Y21__P015.jpg,0.671277,16.910840,ok
EES0423569__X0C__Y24__P016.jpg,0.723380,18.014451,ok
EES0423569__X0C__Y27__P017.jpg,0.697302,17.380392,ok
EES0423569__X0C__Y2A__P018.jpg,0.663022,16.404510,ok
EES0423569__X0C__Y2D__P019.jpg,0.695060,17.500824,ok
EES0423569__X21__Y0F__P020.jpg,0.554803,16.195861,ok
EES0423569__X21__Y39__P021.jpg,0.753858,17.852619,ok
EES0423569__X27__Y06__P022.jpg,0.681074,17.074268,ok
EES0423569__X2A__Y06__P023.jpg,0.878288,21.449300,ok
EES0423569__X33__Y09__P024.jpg,0.853691,19.012817,ok
EES0423569__X36__Y3C__P025.jpg,0.902787,21.761219,ok
EES0423570__X42__Y33__P001.jpg,0.866862,20.692172,ok
EES0423570__X09__Y1E__P002.jpg,0.716041,17.229916,ok
EES0423570__X09__Y21__P003.jpg,0.726303,18.114007,ok
EES0423570__X09__Y24__P004.jpg,0.728886,18.560987,ok
EES0423570__X09__Y30__P005.jpg,0.826475,19.707835,ok
EES0423570__X0C__Y36__P006.jpg,0.923976,23.648191,ok
EES0423570__X0F__Y1E__P007.jpg,0.586941,16.305905,ok
EES0423570__X12__Y15__P008.jpg,0.736098,18.297820,ok
EES0423570__X15__Y0F__P009.jpg,0.723168,18.119742,ok
EES0423570__X15__Y3F__P010.jpg,0.937772,29.476578,ok
EES0423570__X18__Y0C__P011.jpg,0.742918,18.489955,ok
EES0423570__X1B__Y42__P012.jpg,0.869846,20.821719,ok
EES0423570__X1E__Y0C__P013.jpg,0.740185,17.913701,ok
EES0423570__X21__Y09__P014.jpg,0.656812,16.926253,ok
EES0423570__X24__Y09__P015.jpg,0.750239,17.680521,ok
EES0423570__X27__Y09__P016.jpg,0.732358,17.832809,ok
EES0423570__X2A__Y09__P017.jpg,0.779917,19.226673,ok
EES0423570__X2D__Y42__P018.jpg,0.765104,19.158736,ok
EES0423570__X30__Y42__P019.jpg,0.924303,23.242737,ok
EES0423570__X33__Y0C__P020.jpg,0.878224,21.891256,ok
EES0423570__X36__Y3C__P021.jpg,0.764043,19.290143,ok
EES0423570__X3F__Y1B__P022.jpg,0.825134,20.655545,ok
EES0423570__X42__Y1B__P023.jpg,0.931976,24.350060,ok
EES0423570__X42__Y21__P024.jpg,0.922897,25.665252,ok
EES0423570__X42__Y24__P025.jpg,0.935435,26.852534,ok
EES0423571__X42__Y33__P001.jpg,0.854991,20.606465,ok
EES0423571__X0F__Y1E__P002.jpg,0.857028,20.831170,ok
EES0423571__X0F__Y21__P003.jpg,0.737573,18.361275,ok
EES0423571__X0F__Y24__P004.jpg,0.840917,20.719292,ok
EES0423571__X0F__Y27__P005.jpg,0.754679,18.802857,ok
EES0423571__X0F__Y2A__P006.jpg,0.730618,17.696783,ok
EES0423571__X12__Y18__P007.jpg,0.859745,20.569323,ok
EES0423571__X12__Y1E__P008.jpg,0.756364,18.819421,ok
EES0423571__X12__Y21__P009.jpg,0.661870,18.185010,ok
EES0423571__X12__Y27__P010.jpg,0.661062,17.741416,ok
EES0423571__X15__Y1E__P011.jpg,0.708780,18.112640,ok
EES0423571__X18__Y12__P012.jpg,0.785725,19.978941,ok
EES0423571__X18__Y15__P013.jpg,0.757655,18.999895,ok
EES0423571__X18__Y18__P014.jpg,0.732880,18.571771,ok
EES0423571__X18__Y1E__P015.jpg,0.717654,18.661815,ok
EES0423571__X1B__Y12__P016.jpg,0.678203,17.664011,ok
EES0423571__X1B__Y15__P017.jpg,0.708216,18.220160,ok
EES0423571__X1B__Y18__P018.jpg,0.741911,18.961465,ok
EES0423571__X1E__Y0F__P019.jpg,0.755419,17.873563,ok
EES0423571__X1E__Y12__P020.jpg,0.812158,19.813124,ok
EES0423571__X1E__Y15__P021.jpg,0.694155,18.047794,ok
EES0423571__X24__Y0C__P022.jpg,0.729211,17.964915,ok
EES0423571__X24__Y0F__P023.jpg,0.610151,17.025214,ok
EES0423571__X24__Y12__P024.jpg,0.669341,17.271087,ok
EES0423571__X24__Y15__P025.jpg,0.701554,18.156905,ok
EES0423572__X27__Y0C__P001.jpg,0.703544,18.719996,ok
EES0423572__X27__Y0F__P002.jpg,0.697400,18.521628,ok
EES0423572__X27__Y12__P003.jpg,0.691243,18.518843,ok
EES0423572__X33__Y0C__P004.jpg,0.717138,18.338210,ok
EES0423572__X33__Y3F__P005.jpg,0.928525,20.571518,ok
EES0423572__X33__Y42__P006.jpg,0.907297,22.483803,ok
EES0423572__X09__Y1B__P007.jpg,0.844251,20.923917,ok
EES0423572__X18__Y06__P008.jpg,0.813482,19.894718,ok
EES0423572__X1E__Y03__P009.jpg,0.891877,20.852959,ok
EES0423572__X21__Y03__P010.jpg,0.678054,17.130484,ok
EES0423572__X21__Y06__P011.jpg,0.801532,19.616371,ok
EES0423572__X21__Y3F__P012.jpg,0.846064,20.414468,ok
EES0423572__X24__Y03__P013.jpg,0.738210,19.361594,ok
EES0423572__X27__Y03__P014.jpg,0.805552,19.403289,ok
EES0423572__X2A__Y03__P015.jpg,0.816234,19.179183,ok
EES0423572__X2D__Y06__P016.jpg,0.801492,20.164929,ok
EES0423572__X33__Y06__P017.jpg,0.860257,22.747599,ok
EES0423572__X36__Y06__P018.jpg,0.840264,19.554097,ok
EES0423572__X36__Y09__P019.jpg,0.724602,17.267022,ok
EES0423572__X39__Y09__P020.jpg,0.741799,16.593519,ok
EES0423572__X3C__Y0C__P021.jpg,0.803717,18.975178,ok
EES0423572__X45__Y24__P022.jpg,0.718078,17.642232,ok
EES0423572__X09__Y1B__P023.jpg,0.867958,20.871025,ok
EES0423572__X09__Y1E__P024.jpg,0.887654,21.715690,ok
EES0423572__X0C__Y24__P025.jpg,0.839207,19.202080,ok
EES0423573__X0C__Y2D__P001.jpg,0.880941,22.313816,ok
EES0423573__X15__Y36__P002.jpg,0.879612,21.508621,ok
EES0423573__X15__Y39__P003.jpg,0.811170,21.427362,ok
EES0423573__X18__Y36__P004.jpg,0.808068,19.750203,ok
EES0423573__X18__Y39__P005.jpg,0.683412,18.454152,ok
EES0423573__X1B__Y36__P006.jpg,0.758368,19.926725,ok
EES0423573__X1E__Y39__P007.jpg,0.839737,20.748889,ok
EES0423573__X21__Y06__P008.jpg,0.756475,18.687814,ok
EES0423573__X21__Y39__P009.jpg,0.793451,20.758516,ok
EES0423573__X21__Y3F__P010.jpg,0.829877,20.745436,ok
EES0423573__X24__Y39__P011.jpg,0.676269,18.230446,ok
EES0423573__X2A__Y06__P012.jpg,0.709731,19.536269,ok
EES0423573__X2A__Y21__P013.jpg,0.758397,18.916799,ok
EES0423573__X30__Y09__P014.jpg,0.848509,20.926380,ok
EES0423573__X33__Y09__P015.jpg,0.932126,24.733603,ok
EES0423573__X36__Y0C__P016.jpg,0.775976,19.568300,ok
EES0423573__X3F__Y27__P017.jpg,0.750052,19.708297,ok
EES0423573__X09__Y1E__P018.jpg,0.892570,20.062152,ok
EES0423573__X30__Y06__P019.jpg,0.880810,23.641202,ok
EES0423573__X42__Y33__P020.jpg,0.917932,23.268068,ok
EES0423573__X18__Y06__P021.jpg,0.831801,18.298485,ok
EES0423573__X18__Y3F__P022.jpg,0.939901,22.728816,ok
EES0423573__X42__Y0F__P023.jpg,0.877233,22.834777,ok
EES0423573__X42__Y12__P024.jpg,0.832544,21.662818,ok
EES0423573__X2D__Y0C__P025.jpg,0.815827,17.967158,ok
EES0423574__X18__Y09__P001.jpg,0.902408,21.888493,ok
EES0423574__X21__Y42__P002.jpg,0.938090,22.997535,ok
EES0423574__X0C__Y2D__P003.jpg,0.768329,18.311672,ok
EES0423574__X39__Y2D__P004.jpg,0.737962,16.198127,ok
EES0423574__X03__Y2D__P005.jpg,0.745485,16.724909,ok
EES0423574__X03__Y30__P006.jpg,0.720717,15.807043,ok
EES0423574__X03__Y33__P007.jpg,0.911506,23.490856,ok
EES0423574__X06__Y33__P008.jpg,0.702530,14.984044,ok
EES0423574__X06__Y36__P009.jpg,0.778476,16.907680,ok
EES0423574__X0C__Y39__P010.jpg,0.731519,15.234241,ok
EES0423574__X0F__Y3C__P011.jpg,0.443919,11.253082,ok
EES0423574__X12__Y3F__P012.jpg,0.517424,12.671173,ok
EES0423574__X15__Y3F__P013.jpg,0.754681,16.774967,ok
EES0423574__X3F__Y33__P014.jpg,0.913075,23.172087,ok
EES0423574__X06__Y24__P015.jpg,0.869134,20.101124,ok
EES0423574__X1B__Y06__P016.jpg,0.885502,21.307488,ok
EES0423574__X2A__Y06__P017.jpg,0.939687,24.912961,ok
EES0423574__X33__Y09__P018.jpg,0.954905,26.116622,ok
EES0423574__X3C__Y12__P019.jpg,0.948738,26.079950,ok
EES0423574__X3F__Y18__P020.jpg,0.921318,23.176988,ok
EES0423574__X0C__Y24__P021.jpg,0.690341,17.834678,ok
EES0423574__X12__Y2D__P022.jpg,0.692277,18.164638,ok
EES0423574__X12__Y30__P023.jpg,0.672630,16.777048,ok
EES0423574__X15__Y0F__P024.jpg,0.758909,18.751467,ok
EES0423574__X15__Y12__P025.jpg,0.712853,17.654994,ok
EES0423575__X15__Y39__P001.jpg,0.676232,18.310991,ok
EES0423575__X18__Y39__P002.jpg,0.778354,20.150500,ok
EES0423575__X1B__Y39__P003.jpg,0.763602,19.396816,ok
EES0423575__X1E__Y1E__P004.jpg,0.641829,17.488629,ok
EES0423575__X1E__Y3C__P005.jpg,0.674575,17.707583,ok
EES0423575__X33__Y33__P006.jpg,0.527329,17.070675,ok
EES0423575__X33__Y39__P007.jpg,0.734034,18.669131,ok
EES0423575__X3F__Y2A__P008.jpg,0.754719,19.131846,ok
EES0423575__X0C__Y21__P009.jpg,0.914764,22.982674,ok
EES0423575__X0C__Y39__P010.jpg,0.956986,28.596716,ok
EES0423575__X0F__Y27__P011.jpg,0.910254,24.473971,ok
EES0423575__X0F__Y39__P012.jpg,0.929238,25.025670,ok
EES0423575__X12__Y1B__P013.jpg,0.898921,22.910135,ok
EES0423575__X27__Y3C__P014.jpg,0.875945,22.526754,ok
EES0423575__X2A__Y2D__P015.jpg,0.935572,25.186108,ok
EES0423575__X2D__Y12__P016.jpg,0.921380,22.871834,ok
EES0423575__X2D__Y3C__P017.jpg,0.913945,24.108093,ok
EES0423575__X33__Y0F__P018.jpg,0.896235,22.272119,ok
EES0423575__X06__Y15__P019.jpg,0.796702,22.814847,ok
EES0423575__X06__Y18__P020.jpg,0.731596,20.139292,ok
EES0423575__X06__Y1B__P021.jpg,0.682698,18.103578,ok
EES0423575__X06__Y21__P022.jpg,0.822102,21.556986,ok
EES0423575__X09__Y1E__P023.jpg,0.715209,20.167590,ok
EES0423575__X0C__Y2D__P024.jpg,0.714414,19.198814,ok
EES0423575__X0F__Y09__P025.jpg,0.878218,24.760937,ok
EES0423576__X1E__Y03__P001.jpg,0.858453,24.064825,ok
EES0423576__X2D__Y06__P002.jpg,0.888782,26.558402,ok
EES0423576__X03__Y21__P003.jpg,0.909559,23.494265,ok
EES0423576__X03__Y24__P004.jpg,0.853755,21.545149,ok
EES0423576__X03__Y27__P005.jpg,0.936844,26.609820,ok
EES0423576__X03__Y2A__P006.jpg,0.877346,22.597730,ok
EES0423576__X06__Y15__P007.jpg,0.913794,21.989720,ok
EES0423576__X06__Y1B__P008.jpg,0.678647,17.047965,ok
EES0423576__X06__Y1E__P009.jpg,0.751718,18.978535,ok
EES0423576__X06__Y24__P010.jpg,0.710478,18.079863,ok
EES0423576__X06__Y27__P011.jpg,0.632558,17.236575,ok
EES0423576__X06__Y2A__P012.jpg,0.819403,19.752825,ok
EES0423576__X06__Y2D__P013.jpg,0.896624,22.521770,ok
EES0423576__X09__Y27__P014.jpg,0.667119,17.781839,ok
EES0423576__X09__Y2A__P015.jpg,0.770564,19.428716,ok
EES0423576__X09__Y2D__P016.jpg,0.851839,21.801897,ok
EES0423576__X09__Y33__P017.jpg,0.915003,23.455910,ok
EES0423576__X0C__Y30__P018.jpg,0.678022,18.016893,ok
EES0423576__X0C__Y33__P019.jpg,0.692611,17.783458,ok
EES0423576__X0C__Y36__P020.jpg,0.708221,17.864195,ok
EES0423576__X0C__Y39__P021.jpg,0.934381,26.014791,ok
EES0423576__X0F__Y30__P022.jpg,0.628159,17.767985,ok
EES0423576__X0F__Y36__P023.jpg,0.835561,20.836005,ok
EES0423576__X0F__Y39__P024.jpg,0.870026,22.443958,ok
EES0423576__X0F__Y3C__P025.jpg,0.874281,21.733736,ok
EES0423577__X3F__Y36__P001.jpg,0.811453,18.242993,ok
EES0423577__X42__Y1B__P002.jpg,0.877993,22.264964,ok
EES0423577__X42__Y2D__P003.jpg,0.900743,22.648757,ok
EES0423577__X15__Y15__P004.jpg,0.892808,22.197302,ok
EES0423577__X18__Y06__P005.jpg,0.933198,23.664233,ok
EES0423577__X1E__Y1B__P006.jpg,0.862264,21.469088,ok
EES0423577__X1E__Y39__P007.jpg,0.904358,22.790645,ok
EES0423577__X33__Y30__P008.jpg,0.883391,22.437401,ok
EES0423577__X0C__Y27__P009.jpg,0.820679,19.792732,ok
EES0423577__X0F__Y2D__P010.jpg,0.856123,22.140361,ok
EES0423577__X12__Y0F__P011.jpg,0.843946,20.782226,ok
EES0423577__X12__Y39__P012.jpg,0.820309,20.559980,ok
EES0423577__X15__Y0F__P013.jpg,0.794165,19.019278,ok
EES0423577__X15__Y33__P014.jpg,0.813442,20.072027,ok
EES0423577__X18__Y36__P015.jpg,0.891256,21.835814,ok
EES0423577__X18__Y39__P016.jpg,0.847717,20.176224,ok
EES0423577__X3C__Y2A__P017.jpg,0.805109,20.076737,ok
EES0423577__X0C__Y0C__P018.jpg,0.940815,27.091514,ok
EES0423577__X0C__Y18__P019.jpg,0.884958,23.194858,ok
EES0423577__X0C__Y21__P020.jpg,0.925659,24.437380,ok
EES0423577__X0C__Y2D__P021.jpg,0.950051,25.949795,ok
EES0423577__X0F__Y0F__P022.jpg,0.929603,25.554343,ok
EES0423577__X0F__Y30__P023.jpg,0.893446,22.774651,ok
EES0423577__X21__Y03__P024.jpg,0.955877,27.030378,ok
EES0423577__X27__Y12__P025.jpg,0.933029,25.475995,ok
EES0423578__X21__Y06__P001.jpg,0.912141,23.390196,ok
EES0423578__X24__Y06__P002.jpg,0.919865,23.851153,ok
EES0423578__X24__Y42__P003.jpg,0.729430,16.361076,ok
EES0423578__X27__Y06__P004.jpg,0.950029,27.397567,ok
EES0423578__X27__Y42__P005.jpg,0.833096,20.240970,ok
EES0423578__X2A__Y42__P006.jpg,0.900803,22.462373,ok
EES0423578__X33__Y18__P007.jpg,0.869616,21.084721,ok
EES0423578__X42__Y2D__P008.jpg,0.889327,22.449563,ok
EES0423578__X45__Y21__P009.jpg,0.902899,22.894580,ok
EES0423578__X0C__Y1E__P010.jpg,0.771291,17.891616,ok
EES0423578__X1E__Y3C__P011.jpg,0.805713,19.216558,ok
EES0423578__X21__Y3C__P012.jpg,0.803211,18.258738,ok
EES0423578__X24__Y3C__P013.jpg,0.834350,19.558646,ok
EES0423578__X27__Y39__P014.jpg,0.819803,19.752992,ok
EES0423578__X2A__Y36__P015.jpg,0.817706,19.179956,ok
EES0423578__X2A__Y39__P016.jpg,0.865119,21.420519,ok
EES0423578__X2D__Y36__P017.jpg,0.835437,20.641515,ok
EES0423578__X30__Y30__P018.jpg,0.677020,17.648038,ok
EES0423578__X30__Y33__P019.jpg,0.722081,18.485842,ok
EES0423578__X36__Y2A__P020.jpg,0.836065,19.820138,ok
EES0423578__X36__Y2D__P021.jpg,0.879499,21.131875,ok
EES0423578__X39__Y1E__P022.jpg,0.753726,17.655904,ok
EES0423578__X39__Y2D__P023.jpg,0.826468,18.906627,ok
EES0423578__X3C__Y1B__P024.jpg,0.781091,18.550928,ok
EES0423578__X3C__Y1E__P025.jpg,0.822366,19.472340,ok
EES0423579__X21__Y09__P001.jpg,0.805126,19.726017,ok
EES0423579__X24__Y09__P002.jpg,0.891160,22.309562,ok
EES0423579__X24__Y0F__P003.jpg,0.824060,19.531481,ok
EES0423579__X27__Y0C__P004.jpg,0.733209,18.222749,ok
EES0423579__X2A__Y09__P005.jpg,0.829915,20.799119,ok
EES0423579__X2A__Y0F__P006.jpg,0.798503,19.440489,ok
EES0423579__X2D__Y09__P007.jpg,0.929827,23.346367,ok
EES0423579__X2D__Y0C__P008.jpg,0.796957,20.304810,ok
EES0423579__X2D__Y0F__P009.jpg,0.766761,19.871926,ok
EES0423579__X30__Y0C__P010.jpg,0.926514,24.786499,ok
EES0423579__X33__Y18__P011.jpg,0.753555,19.198367,ok
EES0423579__X33__Y1B__P012.jpg,0.829526,20.560919,ok
EES0423579__X36__Y12__P013.jpg,0.755378,20.070501,ok
EES0423579__X36__Y15__P014.jpg,0.820170,22.064166,ok
EES0423579__X39__Y15__P015.jpg,0.797951,21.310088,ok
EES0423579__X3C__Y21__P016.jpg,0.762050,18.646912,ok
EES0423579__X3C__Y24__P017.jpg,0.801308,20.135095,ok
EES0423579__X3C__Y27__P018.jpg,0.707472,18.037472,ok
EES0423579__X3F__Y1E__P019.jpg,0.869948,21.834050,ok
EES0423579__X3F__Y24__P020.jpg,0.777178,19.208789,ok
EES0423579__X3F__Y27__P021.jpg,0.786599,18.664238,ok
EES0423579__X3F__Y2A__P022.jpg,0.864217,21.085709,ok
EES0423579__X06__Y12__P023.jpg,0.829849,20.008900,ok
EES0423579__X06__Y15__P024.jpg,0.764120,18.933478,ok
EES0423579__X06__Y18__P025.jpg,0.828950,20.483545,ok
EES0423580__X06__Y1E__P001.jpg,0.761315,19.484297,ok
EES0423580__X06__Y24__P002.jpg,0.778349,19.700334,ok
EES0423580__X06__Y27__P003.jpg,0.783779,19.654285,ok
EES0423580__X06__Y2A__P004.jpg,0.788673,19.291494,ok
EES0423580__X06__Y2D__P005.jpg,0.846177,20.998616,ok
EES0423580__X09__Y0F__P006.jpg,0.852958,20.801757,ok
EES0423580__X09__Y12__P007.jpg,0.710850,18.112806,ok
EES0423580__X1B__Y27__P008.jpg,0.621767,18.768639,ok
EES0423580__X21__Y3F__P009.jpg,0.887604,23.984077,ok
EES0423580__X27__Y3C__P010.jpg,0.680352,18.188033,ok
EES0423580__X27__Y3F__P011.jpg,0.821480,20.498407,ok
EES0423580__X2A__Y3F__P012.jpg,0.895659,22.799419,ok
EES0423580__X2D__Y3F__P013.jpg,0.906500,22.435812,ok
EES0423580__X30__Y36__P014.jpg,0.701352,18.328068,ok
EES0423580__X30__Y39__P015.jpg,0.788585,18.939477,ok
EES0423580__X30__Y3C__P016.jpg,0.865857,22.782927,ok
EES0423580__X33__Y39__P017.jpg,0.872165,22.796301,ok
EES0423580__X39__Y36__P018.jpg,0.899617,22.343720,ok
EES0423580__X3C__Y30__P019.jpg,0.829781,20.118311,ok
EES0423580__X30__Y3C__P020.jpg,0.902010,23.862272,ok
EES0423580__X33__Y0C__P021.jpg,0.759886,18.024864,ok
EES0423580__X3F__Y1E__P022.jpg,0.730488,18.629447,ok
EES0423580__X09__Y2D__P023.jpg,0.933276,25.236112,ok
EES0423580__X0C__Y12__P024.jpg,0.898116,24.349001,ok
EES0423580__X0C__Y33__P025.jpg,0.953733,26.987285,ok
EES0423581__X09__Y18__P001.jpg,0.677155,18.365462,ok
EES0423581__X09__Y24__P002.jpg,0.645156,17.249360,ok
EES0423581__X09__Y27__P003.jpg,0.753452,18.189064,ok
EES0423581__X09__Y2A__P004.jpg,0.892082,21.599228,ok
EES0423581__X0C__Y0F__P005.jpg,0.620823,17.129847,ok
EES0423581__X0C__Y2D__P006.jpg,0.718756,18.174141,ok
EES0423581__X0C__Y33__P007.jpg,0.930743,26.180090,ok
EES0423581__X0F__Y33__P008.jpg,0.665338,17.222293,ok
EES0423581__X0F__Y36__P009.jpg,0.931616,25.944521,ok
EES0423581__X12__Y36__P010.jpg,0.760872,18.566997,ok
EES0423581__X12__Y39__P011.jpg,0.912685,24.202140,ok
EES0423581__X18__Y03__P012.jpg,0.866028,21.445419,ok
EES0423581__X18__Y06__P013.jpg,0.682339,18.051373,ok
EES0423581__X18__Y3C__P014.jpg,0.782102,18.434445,ok
EES0423581__X1E__Y3C__P015.jpg,0.677250,17.811962,ok
EES0423581__X24__Y3C__P016.jpg,0.695500,18.043555,ok
EES0423581__X24__Y3F__P017.jpg,0.882910,21.767035,ok
EES0423581__X27__Y3F__P018.jpg,0.847876,20.890892,ok
EES0423581__X2A__Y3C__P019.jpg,0.830600,20.492635,ok
EES0423581__X2A__Y3F__P020.jpg,0.822513,20.118304,ok
EES0423581__X2D__Y03__P021.jpg,0.616880,16.294848,ok
EES0423581__X2D__Y3C__P022.jpg,0.741987,18.575529,ok
EES0423581__X30__Y03__P023.jpg,0.918624,24.176538,ok
EES0423581__X30__Y3C__P024.jpg,0.765289,18.901551,ok
EES0423581__X33__Y06__P025.jpg,0.674966,17.222692,ok
EES0423582__X33__Y33__P001.jpg,0.535981,16.667145,ok
EES0423582__X36__Y06__P002.jpg,0.904392,21.611938,ok
EES0423582__X36__Y09__P003.jpg,0.675722,17.322676,ok
EES0423582__X36__Y33__P004.jpg,0.577068,16.981924,ok
EES0423582__X36__Y36__P005.jpg,0.617549,16.875028,ok
EES0423582__X36__Y39__P006.jpg,0.865553,21.298464,ok
EES0423582__X39__Y09__P007.jpg,0.888423,22.867717,ok
EES0423582__X39__Y36__P008.jpg,0.822365,19.352206,ok
EES0423582__X3C__Y0C__P009.jpg,0.669645,17.116716,ok
EES0423582__X3C__Y33__P010.jpg,0.802545,17.846922,ok
EES0423582__X3F__Y0F__P011.jpg,0.815706,18.922193,ok
EES0423582__X3F__Y15__P012.jpg,0.659205,17.766346,ok
EES0423582__X3F__Y18__P013.jpg,0.691666,17.824184,ok
EES0423582__X3F__Y1B__P014.jpg,0.679649,17.338468,ok
EES0423582__X3F__Y30__P015.jpg,0.834631,19.753002,ok
EES0423582__X42__Y15__P016.jpg,0.821918,19.788088,ok
EES0423582__X42__Y18__P017.jpg,0.618204,18.645484,ok
EES0423582__X42__Y24__P018.jpg,0.591159,16.818394,ok
EES0423582__X42__Y2A__P019.jpg,0.901386,23.060199,ok
EES0423582__X45__Y18__P020.jpg,0.951954,29.368516,ok
EES0423582__X45__Y1E__P021.jpg,0.897522,21.409665,ok
EES0423582__X45__Y21__P022.jpg,0.829413,19.908059,ok
EES0423582__X45__Y24__P023.jpg,0.908604,23.194042,ok
EES0423582__X0C__Y1E__P024.jpg,0.949760,25.379694,ok
EES0423582__X0C__Y24__P025.jpg,0.839451,20.766057,ok
EES0423583__X1B__Y15__P001.jpg,0.874431,23.244078,ok
EES0423583__X1B__Y18__P002.jpg,0.905126,23.121368,ok
EES0423583__X1B__Y21__P003.jpg,0.890340,24.241560,ok
EES0423583__X1E__Y09__P004.jpg,0.950538,26.142590,ok
EES0423583__X1E__Y0C__P005.jpg,0.879311,23.514166,ok
EES0423583__X1E__Y0F__P006.jpg,0.860719,21.859934,ok
EES0423583__X1E__Y12__P007.jpg,0.790226,19.839528,ok
EES0423583__X1E__Y15__P008.jpg,0.933070,25.425310,ok
EES0423583__X1E__Y18__P009.jpg,0.929514,24.858796,ok
EES0423583__X1E__Y21__P010.jpg,0.913689,24.511693,ok
EES0423583__X1E__Y2D__P011.jpg,0.838907,22.874359,ok
EES0423583__X21__Y09__P012.jpg,0.913469,23.901447,ok
EES0423583__X21__Y0C__P013.jpg,0.905663,22.054995,ok
EES0423583__X21__Y15__P014.jpg,0.886888,22.870986,ok
EES0423583__X21__Y21__P015.jpg,0.878431,23.955998,ok
EES0423583__X21__Y2A__P016.jpg,0.895663,23.247452,ok
EES0423583__X21__Y2D__P017.jpg,0.875815,22.630853,ok
EES0423583__X24__Y09__P018.jpg,0.924043,24.403045,ok
EES0423583__X24__Y15__P019.jpg,0.846764,22.414516,ok
EES0423583__X24__Y18__P020.jpg,0.861720,21.864224,ok
EES0423583__X24__Y24__P021.jpg,0.848171,22.961549,ok
EES0423583__X24__Y2A__P022.jpg,0.915879,24.241618,ok
EES0423583__X24__Y2D__P023.jpg,0.923703,25.186343,ok
EES0423583__X24__Y30__P024.jpg,0.853599,21.601503,ok
EES0423583__X27__Y0F__P025.jpg,0.849465,22.302942,ok
EES0423584__X27__Y12__P001.jpg,0.944463,25.551160,ok
EES0423584__X27__Y1E__P002.jpg,0.871840,21.779310,ok
EES0423584__X27__Y24__P003.jpg,0.910918,24.551464,ok
EES0423584__X27__Y27__P004.jpg,0.860701,22.529270,ok
EES0423584__X27__Y2A__P005.jpg,0.901966,24.195596,ok
EES0423584__X27__Y30__P006.jpg,0.926411,25.148746,ok
EES0423584__X2A__Y0C__P007.jpg,0.949850,27.483812,ok
EES0423584__X2A__Y12__P008.jpg,0.943614,25.833253,ok
EES0423584__X2A__Y21__P009.jpg,0.918766,24.014935,ok
EES0423584__X2A__Y24__P010.jpg,0.909820,24.169269,ok
EES0423584__X2A__Y27__P011.jpg,0.875242,22.091243,ok
EES0423584__X2A__Y30__P012.jpg,0.915452,23.221354,ok
EES0423584__X2A__Y33__P013.jpg,0.897841,23.823464,ok
EES0423584__X2D__Y0C__P014.jpg,0.888534,23.778192,ok
EES0423584__X2D__Y21__P015.jpg,0.879265,22.829394,ok
EES0423584__X2D__Y24__P016.jpg,0.854655,23.396840,ok
EES0423584__X2D__Y2D__P017.jpg,0.807868,20.881658,ok
EES0423584__X30__Y12__P018.jpg,0.876531,22.033891,ok
EES0423584__X0C__Y18__P019.jpg,0.796430,19.304458,ok
EES0423584__X0C__Y1B__P020.jpg,0.781734,18.217975,ok
EES0423584__X0C__Y27__P021.jpg,0.814911,20.241386,ok
EES0423584__X0F__Y24__P022.jpg,0.811771,18.683609,ok
EES0423584__X12__Y30__P023.jpg,0.884048,22.277117,ok
EES0423584__X12__Y33__P024.jpg,0.860988,20.619935,ok
EES0423584__X15__Y2D__P025.jpg,0.874195,20.824368,ok
EES0423585__X12__Y1E__P001.jpg,0.885845,24.212941,ok
EES0423585__X15__Y1E__P002.jpg,0.897502,26.040707,ok
EES0423585__X18__Y09__P003.jpg,0.828714,22.232412,ok
EES0423585__X18__Y18__P004.jpg,0.883067,25.261852,ok
EES0423585__X18__Y1E__P005.jpg,0.885732,25.001418,ok
EES0423585__X18__Y24__P006.jpg,0.887816,25.044356,ok
EES0423585__X18__Y27__P007.jpg,0.880148,24.380153,ok
EES0423585__X1B__Y24__P008.jpg,0.892611,25.823183,ok
EES0423585__X1B__Y27__P009.jpg,0.889405,25.721770,ok
EES0423585__X1E__Y09__P010.jpg,0.893132,25.522073,ok
EES0423585__X1E__Y2A__P011.jpg,0.887098,24.635262,ok
EES0423585__X21__Y09__P012.jpg,0.868755,22.791328,ok
EES0423585__X21__Y0C__P013.jpg,0.891035,24.185618,ok
EES0423585__X21__Y2D__P014.jpg,0.786080,19.047841,ok
EES0423585__X21__Y39__P015.jpg,0.912316,28.950520,ok
EES0423585__X24__Y12__P016.jpg,0.890811,25.652739,ok
EES0423585__X27__Y30__P017.jpg,0.849641,21.297934,ok
EES0423585__X27__Y3C__P018.jpg,0.873978,22.875083,ok
EES0423585__X2A__Y2A__P019.jpg,0.887806,24.558897,ok
EES0423585__X2A__Y2D__P020.jpg,0.899336,25.802393,ok
EES0423585__X2A__Y3C__P021.jpg,0.889549,23.491305,ok
EES0423585__X2D__Y2D__P022.jpg,0.901693,26.041549,ok
EES0423585__X36__Y36__P023.jpg,0.916080,28.698542,ok
EES0423585__X39__Y0F__P024.jpg,0.861268,23.583809,ok
EES0423585__X39__Y2A__P025.jpg,0.909494,27.540455,ok
EES0423586__X3C__Y1E__P001.jpg,0.901817,28.374084,ok
EES0423586__X3C__Y21__P002.jpg,0.892237,25.673439,ok
EES0423586__X3C__Y2A__P003.jpg,0.915676,29.046843,ok
EES0423586__X3F__Y15__P004.jpg,0.923185,30.824588,ok
EES0423586__X3F__Y21__P005.jpg,0.922239,27.122430,ok
EES0423586__X3F__Y2A__P006.jpg,0.862148,24.247239,ok
EES0423586__X42__Y24__P007.jpg,0.856839,22.979642,ok
EES0423586__X42__Y27__P008.jpg,0.874999,23.946612,ok
EES0423586__X0F__Y1E__P009.jpg,0.870370,27.631954,ok
EES0423586__X18__Y21__P010.jpg,0.876455,27.704366,ok
EES0423586__X1B__Y33__P011.jpg,0.868866,26.571290,ok
EES0423586__X1E__Y0F__P012.jpg,0.873385,25.655047,ok
EES0423586__X1E__Y12__P013.jpg,0.837937,23.962418,ok
EES0423586__X1E__Y15__P014.jpg,0.881543,24.879572,ok
EES0423586__X21__Y18__P015.jpg,0.850966,21.955156,ok
EES0423586__X21__Y1E__P016.jpg,0.847856,24.257862,ok
EES0423586__X21__Y21__P017.jpg,0.891020,27.067598,ok
EES0423586__X21__Y2A__P018.jpg,0.871902,25.751310,ok
EES0423586__X21__Y2D__P019.jpg,0.809994,22.961049,ok
EES0423586__X21__Y30__P020.jpg,0.875814,26.377172,ok
EES0423586__X24__Y1B__P021.jpg,0.805749,20.297994,ok
EES0423586__X24__Y21__P022.jpg,0.836951,23.101691,ok
EES0423586__X24__Y2A__P023.jpg,0.833849,23.382441,ok
EES0423586__X24__Y2D__P024.jpg,0.844417,22.811616,ok
EES0423586__X27__Y15__P025.jpg,0.860672,24.115630,ok
EES0423587__X27__Y1B__P001.jpg,0.884463,26.568630,ok
EES0423587__X27__Y1E__P002.jpg,0.828448,23.203269,ok
EES0423587__X27__Y21__P003.jpg,0.823830,22.141360,ok
EES0423587__X27__Y2A__P004.jpg,0.878778,25.332395,ok
EES0423587__X2A__Y18__P005.jpg,0.864585,24.241320,ok
EES0423587__X2A__Y1B__P006.jpg,0.845650,24.695098,ok
EES0423587__X2D__Y1B__P007.jpg,0.914000,28.047522,ok
EES0423587__X2D__Y24__P008.jpg,0.890539,25.672083,ok
EES0423587__X30__Y0C__P009.jpg,0.885743,25.113592,ok
EES0423587__X33__Y06__P010.jpg,0.918738,26.713669,ok
EES0423587__X33__Y1E__P011.jpg,0.870810,24.396324,ok
EES0423587__X36__Y1E__P012.jpg,0.880680,25.965195,ok
EES0423587__X36__Y21__P013.jpg,0.831224,22.269139,ok
EES0423587__X36__Y24__P014.jpg,0.856705,24.395808,ok
EES0423587__X36__Y27__P015.jpg,0.876782,24.262307,ok
EES0423587__X39__Y1E__P016.jpg,0.879684,23.530644,ok
EES0423587__X39__Y27__P017.jpg,0.852479,23.141006,ok
EES0423587__X39__Y2A__P018.jpg,0.821896,21.777324,ok
EES0423587__X3C__Y15__P019.jpg,0.886054,28.017832,ok
EES0423587__X3C__Y21__P020.jpg,0.877374,26.018451,ok
EES0423587__X3C__Y27__P021.jpg,0.836137,21.546139,ok
EES0423587__X3C__Y2A__P022.jpg,0.812875,19.826356,ok
EES0423587__X3F__Y1B__P023.jpg,0.818624,23.303296,ok
EES0423587__X3F__Y1E__P024.jpg,0.851851,23.897047,ok
EES0423587__X42__Y1B__P025.jpg,0.798875,20.521306,ok
EES0423588__X21__Y39__P001.jpg,0.875418,26.231517,ok
EES0423588__X24__Y15__P002.jpg,0.913610,26.039804,ok
EES0423588__X24__Y36__P003.jpg,0.894036,26.287522,ok
EES0423588__X27__Y30__P004.jpg,0.896970,26.032155,ok
EES0423588__X2A__Y21__P005.jpg,0.900065,26.449571,ok
EES0423588__X2A__Y27__P006.jpg,0.817918,21.342272,ok
EES0423588__X2A__Y2D__P007.jpg,0.922739,30.820493,ok
EES0423588__X2A__Y36__P008.jpg,0.825314,22.605578,ok
EES0423588__X2A__Y39__P009.jpg,0.813967,21.964773,ok
EES0423588__X2A__Y3C__P010.jpg,0.750088,20.935056,ok
EES0423588__X2D__Y21__P011.jpg,0.901761,27.169077,ok
EES0423588__X2D__Y3C__P012.jpg,0.874355,25.147755,ok
EES0423588__X33__Y30__P013.jpg,0.828546,22.460888,ok
EES0423588__X39__Y2A__P014.jpg,0.892749,25.907434,ok
EES0423588__X39__Y2D__P015.jpg,0.784551,21.607040,ok
EES0423588__X3C__Y2A__P016.jpg,0.914637,29.468802,ok
EES0423588__X09__Y18__P017.jpg,0.872159,24.962302,ok
EES0423588__X12__Y0C__P018.jpg,0.843109,23.923230,ok
EES0423588__X15__Y0C__P019.jpg,0.912340,26.359572,ok
EES0423588__X1B__Y09__P020.jpg,0.890771,24.286983,ok
EES0423588__X21__Y09__P021.jpg,0.791488,20.719864,ok
EES0423588__X21__Y0C__P022.jpg,0.762241,20.267865,ok
EES0423588__X24__Y0C__P023.jpg,0.714487,19.059193,ok
EES0423588__X24__Y0F__P024.jpg,0.677541,18.159547,ok
EES0423588__X24__Y45__P025.jpg,0.739222,19.734891,ok
EES0423589__X27__Y45__P001.jpg,0.755621,19.428503,ok
EES0423589__X2A__Y09__P002.jpg,0.876323,24.416386,ok
EES0423589__X33__Y39__P003.jpg,0.762478,20.359167,ok
EES0423589__X33__Y42__P004.jpg,0.824667,22.062895,ok
EES0423589__X36__Y36__P005.jpg,0.712962,18.808808,ok
EES0423589__X15__Y33__P006.jpg,0.813194,20.742869,ok
EES0423589__X18__Y33__P007.jpg,0.805266,20.461654,ok
EES0423589__X18__Y3C__P008.jpg,0.890386,25.424053,ok
EES0423589__X21__Y39__P009.jpg,0.828839,22.152549,ok
EES0423589__X21__Y3F__P010.jpg,0.729637,18.641997,ok
EES0423589__X2A__Y39__P011.jpg,0.757333,19.031667,ok
EES0423589__X2A__Y3C__P012.jpg,0.723305,18.608424,ok
EES0423589__X2A__Y3F__P013.jpg,0.806242,20.442992,ok
EES0423589__X2D__Y39__P014.jpg,0.913828,27.696723,ok
EES0423589__X33__Y30__P015.jpg,0.894918,26.025064,ok
EES0423589__X33__Y36__P016.jpg,0.801716,19.883627,ok
EES0423589__X33__Y3C__P017.jpg,0.849894,21.712630,ok
EES0423589__X36__Y39__P018.jpg,0.822206,21.284257,ok
EES0423589__X39__Y36__P019.jpg,0.839123,22.334313,ok
EES0423589__X3C__Y18__P020.jpg,0.870183,22.943037,ok
EES0423589__X3C__Y24__P021.jpg,0.762549,19.245710,ok
EES0423589__X3C__Y30__P022.jpg,0.766878,19.310169,ok
EES0423589__X3C__Y33__P023.jpg,0.661694,17.000481,ok
EES0423589__X0C__Y30__P024.jpg,0.656265,17.999150,ok
EES0423589__X15__Y09__P025.jpg,0.913925,27.307767,ok
EES0423590__X33__Y15__P001.jpg,0.835712,22.317494,ok
EES0423590__X39__Y1E__P002.jpg,0.874823,22.518747,ok
EES0423590__X3C__Y27__P003.jpg,0.906726,27.099759,ok
EES0423590__X3C__Y2D__P004.jpg,0.864293,26.013145,ok
EES0423590__X3F__Y24__P005.jpg,0.881484,26.832697,ok
EES0423590__X0F__Y15__P006.jpg,0.883607,24.589285,ok
EES0423590__X18__Y0C__P007.jpg,0.904827,28.020356,ok
EES0423590__X1B__Y27__P008.jpg,0.873490,23.909314,ok
EES0423590__X1B__Y3F__P009.jpg,0.915641,30.470809,ok
EES0423590__X1E__Y09__P010.jpg,0.838225,23.003686,ok
EES0423590__X1E__Y0C__P011.jpg,0.890915,24.933367,ok
EES0423590__X1E__Y0F__P012.jpg,0.892506,24.896712,ok
EES0423590__X1E__Y15__P013.jpg,0.873490,24.304005,ok
EES0423590__X1E__Y24__P014.jpg,0.851822,19.256098,ok
EES0423590__X1E__Y3F__P015.jpg,0.874423,23.445532,ok
EES0423590__X21__Y09__P016.jpg,0.875616,25.304663,ok
EES0423590__X21__Y0C__P017.jpg,0.904195,27.215150,ok
EES0423590__X21__Y0F__P018.jpg,0.843746,23.141647,ok
EES0423590__X21__Y12__P019.jpg,0.820246,21.981383,ok
EES0423590__X21__Y15__P020.jpg,0.864232,24.043258,ok
EES0423590__X21__Y18__P021.jpg,0.868638,27.252620,ok
EES0423590__X21__Y21__P022.jpg,0.839191,22.585326,ok
EES0423590__X21__Y24__P023.jpg,0.875066,24.538825,ok
EES0423590__X21__Y30__P024.jpg,0.872909,26.227640,ok
EES0423590__X21__Y33__P025.jpg,0.874886,25.503492,ok
EES0423591__X18__Y39__P001.jpg,0.849854,25.025933,ok
EES0423591__X1B__Y1E__P002.jpg,0.794878,22.126438,ok
EES0423591__X1B__Y33__P003.jpg,0.828337,22.614670,ok
EES0423591__X1E__Y15__P004.jpg,0.901574,26.987518,ok
EES0423591__X1E__Y24__P005.jpg,0.863482,24.128700,ok
EES0423591__X1E__Y3F__P006.jpg,0.816642,24.222460,ok
EES0423591__X21__Y45__P007.jpg,0.802461,20.145222,ok
EES0423591__X24__Y30__P008.jpg,0.876413,26.250943,ok
EES0423591__X27__Y3C__P009.jpg,0.869399,24.036712,ok
EES0423591__X27__Y42__P010.jpg,0.908810,27.985674,ok
EES0423591__X2A__Y30__P011.jpg,0.842946,24.747099,ok
EES0423591__X2A__Y39__P012.jpg,0.826205,22.481432,ok
EES0423591__X2A__Y3C__P013.jpg,0.872870,26.309032,ok
EES0423591__X2A__Y3F__P014.jpg,0.879674,25.953645,ok
EES0423591__X2D__Y27__P015.jpg,0.866369,23.941597,ok
EES0423591__X2D__Y3C__P016.jpg,0.791344,20.655701,ok
EES0423591__X2D__Y3F__P017.jpg,0.773337,19.812268,ok
EES0423591__X30__Y1B__P018.jpg,0.825028,23.866044,ok
EES0423591__X33__Y33__P019.jpg,0.839224,22.161908,ok
EES0423591__X33__Y39__P020.jpg,0.809707,20.842482,ok
EES0423591__X36__Y15__P021.jpg,0.829496,23.194693,ok
EES0423591__X36__Y21__P022.jpg,0.848975,24.942591,ok
EES0423591__X36__Y27__P023.jpg,0.879137,24.728358,ok
EES0423591__X36__Y2D__P024.jpg,0.845942,24.292016,ok
EES0423591__X36__Y30__P025.jpg,0.816906,21.652714,ok
EES0423592__X2A__Y3F__P001.jpg,0.892842,24.815515,ok
EES0423592__X2D__Y2A__P002.jpg,0.883910,23.453938,ok
EES0423592__X2D__Y3C__P003.jpg,0.895608,27.222080,ok
EES0423592__X2D__Y3F__P004.jpg,0.869880,24.377556,ok
EES0423592__X30__Y2A__P005.jpg,0.898457,26.600909,ok
EES0423592__X30__Y2D__P006.jpg,0.915658,29.107232,ok
EES0423592__X33__Y12__P007.jpg,0.863769,24.955438,ok
EES0423592__X33__Y24__P008.jpg,0.805734,22.118388,ok
EES0423592__X33__Y2A__P009.jpg,0.891698,27.542012,ok
EES0423592__X33__Y2D__P010.jpg,0.861505,23.117619,ok
EES0423592__X36__Y39__P011.jpg,0.910829,28.831710,ok
EES0423592__X39__Y2A__P012.jpg,0.878071,24.176341,ok
EES0423592__X39__Y36__P013.jpg,0.900399,25.857781,ok
EES0423592__X3C__Y2A__P014.jpg,0.890254,25.922285,ok
EES0423592__X3C__Y33__P015.jpg,0.909971,29.409837,ok
EES0423592__X0F__Y39__P016.jpg,0.758396,16.624174,ok
EES0423592__X0F__Y3C__P017.jpg,0.869707,23.371102,ok
EES0423592__X15__Y3C__P018.jpg,0.758110,18.385590,ok
EES0423592__X18__Y18__P019.jpg,0.801217,20.513075,ok
EES0423592__X1E__Y24__P020.jpg,0.780495,19.417427,ok
EES0423592__X21__Y1B__P021.jpg,0.744361,17.788377,ok
EES0423592__X21__Y21__P022.jpg,0.734842,16.487048,ok
EES0423592__X21__Y24__P023.jpg,0.758309,17.423705,ok
EES0423592__X21__Y27__P024.jpg,0.717600,18.295020,ok
EES0423592__X21__Y2A__P025.jpg,0.819874,20.154198,ok
EES0423593__X2D__Y39__P001.jpg,0.815248,21.384524,ok
EES0423593__X2D__Y3C__P002.jpg,0.805840,22.781906,ok
EES0423593__X30__Y39__P003.jpg,0.756832,20.283679,ok
EES0423593__X33__Y0F__P004.jpg,0.857089,23.158971,ok
EES0423593__X33__Y1B__P005.jpg,0.896726,25.622403,ok
EES0423593__X33__Y1E__P006.jpg,0.847828,24.673936,ok
EES0423593__X33__Y2D__P007.jpg,0.761151,20.266205,ok
EES0423593__X33__Y30__P008.jpg,0.798862,22.798310,ok
EES0423593__X33__Y3C__P009.jpg,0.877529,26.330019,ok
EES0423593__X36__Y2D__P010.jpg,0.803806,20.938195,ok
EES0423593__X36__Y3C__P011.jpg,0.898559,27.609730,ok
EES0423593__X39__Y1E__P012.jpg,0.830853,20.661403,ok
EES0423593__X39__Y24__P013.jpg,0.848058,23.588122,ok
EES0423593__X39__Y2A__P014.jpg,0.874915,26.494053,ok
EES0423593__X39__Y2D__P015.jpg,0.768261,21.627256,ok
EES0423593__X39__Y30__P016.jpg,0.907392,28.320654,ok
EES0423593__X39__Y33__P017.jpg,0.723395,18.832924,ok
EES0423593__X39__Y36__P018.jpg,0.734957,19.769916,ok
EES0423593__X39__Y39__P019.jpg,0.846783,22.130336,ok
EES0423593__X3C__Y1E__P020.jpg,0.841774,21.615313,ok
EES0423593__X3C__Y30__P021.jpg,0.833898,22.621544,ok
EES0423593__X3C__Y33__P022.jpg,0.910793,27.617000,ok
EES0423593__X3C__Y39__P023.jpg,0.906565,31.001482,ok
EES0423593__X3F__Y24__P024.jpg,0.793808,20.502302,ok
EES0423593__X3F__Y2A__P025.jpg,0.806231,21.388514,ok
EES0423594__X33__Y39__P001.jpg,0.778268,21.431092,ok
EES0423594__X36__Y24__P002.jpg,0.868198,26.545138,ok
EES0423594__X36__Y36__P003.jpg,0.792073,21.921707,ok
EES0423594__X36__Y39__P004.jpg,0.814383,20.287840,ok
EES0423594__X39__Y2A__P005.jpg,0.875656,25.655268,ok
EES0423594__X39__Y2D__P006.jpg,0.786658,21.585677,ok
EES0423594__X3C__Y33__P007.jpg,0.728798,18.415238,ok
EES0423594__X3C__Y36__P008.jpg,0.853031,23.474559,ok
EES0423594__X3F__Y30__P009.jpg,0.825112,21.260946,ok
EES0423594__X3F__Y33__P010.jpg,0.838747,23.222746,ok
EES0423594__X42__Y33__P011.jpg,0.890739,26.627384,ok
EES0423594__X06__Y1B__P012.jpg,0.869457,24.570835,ok
EES0423594__X06__Y21__P013.jpg,0.776335,19.965076,ok
EES0423594__X06__Y24__P014.jpg,0.838943,22.101382,ok
EES0423594__X06__Y27__P015.jpg,0.912398,27.434377,ok
EES0423594__X0C__Y33__P016.jpg,0.894597,26.204917,ok
EES0423594__X1B__Y0C__P017.jpg,0.914399,27.160903,ok
EES0423594__X1B__Y24__P018.jpg,0.868060,25.361046,ok
EES0423594__X1E__Y12__P019.jpg,0.844046,22.768228,ok
EES0423594__X1E__Y21__P020.jpg,0.866398,25.815991,ok
EES0423594__X21__Y0F__P021.jpg,0.872060,23.906476,ok
EES0423594__X21__Y15__P022.jpg,0.870755,21.358679,ok
EES0423594__X21__Y33__P023.jpg,0.847851,23.360075,ok
EES0423594__X21__Y39__P024.jpg,0.869050,23.406649,ok
EES0423594__X24__Y30__P025.jpg,0.886896,27.805076,ok
EES0423595__X06__Y24__P001.jpg,0.869703,23.848740,ok
EES0423595__X06__Y27__P002.jpg,0.867795,23.213271,ok
EES0423595__X06__Y2A__P003.jpg,0.848655,23.755662,ok
EES0423595__X09__Y1E__P004.jpg,0.887216,25.491563,ok
EES0423595__X09__Y2D__P005.jpg,0.898410,28.233534,ok
EES0423595__X0C__Y36__P006.jpg,0.856767,24.040648,ok
EES0423595__X0F__Y36__P007.jpg,0.878422,26.440252,ok
EES0423595__X12__Y2A__P008.jpg,0.871402,25.009230,ok
EES0423595__X12__Y2D__P009.jpg,0.873877,25.230187,ok
EES0423595__X18__Y1E__P010.jpg,0.911593,30.708853,ok
EES0423595__X18__Y2A__P011.jpg,0.759868,19.541153,ok
EES0423595__X1B__Y1E__P012.jpg,0.881859,25.346696,ok
EES0423595__X1B__Y27__P013.jpg,0.861216,25.058192,ok
EES0423595__X1B__Y2A__P014.jpg,0.880256,25.479556,ok
EES0423595__X1B__Y2D__P015.jpg,0.863028,24.787878,ok
EES0423595__X1E__Y12__P016.jpg,0.891691,24.578600,ok
EES0423595__X1E__Y30__P017.jpg,0.849247,25.318412,ok
EES0423595__X21__Y12__P018.jpg,0.805805,22.716166,ok
EES0423595__X24__Y12__P019.jpg,0.882331,25.882137,ok
EES0423595__X27__Y15__P020.jpg,0.833940,23.180270,ok
EES0423595__X2A__Y18__P021.jpg,0.865967,23.362243,ok
EES0423595__X3C__Y24__P022.jpg,0.828398,22.750119,ok
EES0423595__X06__Y2A__P023.jpg,0.833343,23.517205,ok
EES0423595__X06__Y36__P024.jpg,0.812355,24.604231,ok
EES0423595__X09__Y3C__P025.jpg,0.818320,25.803113,ok
EES0423596__X3C__Y12__P001.jpg,0.899705,27.375121,ok
EES0423596__X3F__Y33__P002.jpg,0.568301,17.210133,ok
EES0423596__X42__Y1B__P003.jpg,0.910354,30.663049,ok
EES0423596__X42__Y1E__P004.jpg,0.648517,17.435898,ok
EES0423596__X42__Y21__P005.jpg,0.542355,16.523532,ok
EES0423596__X42__Y30__P006.jpg,0.724403,18.886098,ok
EES0423596__X42__Y33__P007.jpg,0.912927,27.398759,ok
EES0423596__X15__Y15__P008.jpg,0.856319,24.493847,ok
EES0423596__X15__Y18__P009.jpg,0.894309,25.496254,ok
EES0423596__X15__Y21__P010.jpg,0.827943,21.164847,ok
EES0423596__X15__Y27__P011.jpg,0.853095,23.281189,ok
EES0423596__X15__Y2A__P012.jpg,0.861133,22.131409,ok
EES0423596__X15__Y36__P013.jpg,0.856100,23.793014,ok
EES0423596__X18__Y30__P014.jpg,0.763408,18.484635,ok
EES0423596__X18__Y36__P015.jpg,0.843364,20.988592,ok
EES0423596__X1B__Y24__P016.jpg,0.853392,22.383656,ok
EES0423596__X1B__Y30__P017.jpg,0.824468,21.695190,ok
EES0423596__X1B__Y3F__P018.jpg,0.843267,24.266392,ok
EES0423596__X1E__Y27__P019.jpg,0.872477,26.954215,ok
EES0423596__X21__Y09__P020.jpg,0.906782,27.779701,ok
EES0423596__X27__Y2A__P021.jpg,0.785658,19.904465,ok
EES0423596__X2D__Y42__P022.jpg,0.766377,18.561484,ok
EES0423596__X30__Y3C__P023.jpg,0.897343,25.639492,ok
EES0423596__X33__Y12__P024.jpg,0.879416,24.438632,ok
EES0423596__X33__Y15__P025.jpg,0.847980,23.015963,ok
EES0423597__X33__Y39__P001.jpg,0.865392,24.947784,ok
EES0423597__X36__Y30__P002.jpg,0.911799,28.726890,ok
EES0423597__X15__Y45__P003.jpg,0.892783,28.871759,ok
EES0423597__X36__Y42__P004.jpg,0.903825,31.481281,ok
EES0423597__X39__Y3F__P005.jpg,0.859241,24.971481,ok
EES0423597__X3F__Y39__P006.jpg,0.925176,30.198026,ok
EES0423597__X0C__Y2A__P007.jpg,0.650556,18.683028,ok
EES0423597__X0C__Y21__P008.jpg,0.782431,22.618894,ok
EES0423597__X0C__Y27__P009.jpg,0.865771,25.119456,ok
EES0423597__X0C__Y33__P010.jpg,0.853852,22.684466,ok
EES0423597__X0F__Y36__P011.jpg,0.827298,22.861147,ok
EES0423597__X12__Y36__P012.jpg,0.785165,21.566364,ok
EES0423597__X12__Y3C__P013.jpg,0.831817,23.681613,ok
EES0423597__X15__Y3C__P014.jpg,0.842477,22.855262,ok
EES0423597__X18__Y39__P015.jpg,0.847975,23.375302,ok
EES0423597__X18__Y3C__P016.jpg,0.809212,22.858834,ok
EES0423597__X1B__Y30__P017.jpg,0.870581,24.351363,ok
EES0423597__X1B__Y33__P018.jpg,0.820018,22.818644,ok
EES0423597__X1B__Y36__P019.jpg,0.834057,23.268335,ok
EES0423597__X1B__Y39__P020.jpg,0.790842,21.955782,ok
EES0423597__X1B__Y42__P021.jpg,0.838463,22.799321,ok
EES0423597__X1E__Y15__P022.jpg,0.858475,24.665980,ok
EES0423597__X1E__Y39__P023.jpg,0.692986,19.986539,ok
EES0423597__X1E__Y3C__P024.jpg,0.776344,20.134513,ok
EES0423597__X1E__Y3F__P025.jpg,0.721169,19.427782,ok
EES0423598__X1E__Y42__P001.jpg,0.816124,22.406142,ok
EES0423598__X21__Y30__P002.jpg,0.721158,20.501378,ok
EES0423598__X24__Y0C__P003.jpg,0.832919,23.158092,ok
EES0423598__X24__Y0F__P004.jpg,0.827707,23.112272,ok
EES0423598__X24__Y12__P005.jpg,0.863559,25.225008,ok
EES0423598__X24__Y30__P006.jpg,0.856225,23.296934,ok
EES0423598__X2A__Y30__P007.jpg,0.769465,20.821564,ok
EES0423598__X2D__Y33__P008.jpg,0.820680,22.229461,ok
EES0423598__X2D__Y36__P009.jpg,0.867301,25.630688,ok
EES0423598__X30__Y36__P010.jpg,0.859699,25.299195,ok
EES0423598__X33__Y36__P011.jpg,0.787140,22.236614,ok
EES0423598__X33__Y39__P012.jpg,0.862443,25.070532,ok
EES0423598__X36__Y36__P013.jpg,0.820827,22.982864,ok
EES0423598__X36__Y39__P014.jpg,0.751360,20.516687,ok
EES0423598__X36__Y3C__P015.jpg,0.914676,27.100898,ok
EES0423598__X39__Y33__P016.jpg,0.849195,23.547357,ok
EES0423598__X3C__Y33__P017.jpg,0.823125,22.747363,ok
EES0423598__X3F__Y30__P018.jpg,0.880055,25.509117,ok
EES0423598__X3F__Y33__P019.jpg,0.887521,25.197226,ok
EES0423598__X42__Y27__P020.jpg,0.889623,25.600951,ok
EES0423598__X06__Y30__P021.jpg,0.870517,25.298076,ok
EES0423598__X24__Y0C__P022.jpg,0.917996,32.615751,ok
EES0423598__X33__Y12__P023.jpg,0.864996,26.798888,ok
EES0423598__X3C__Y1B__P024.jpg,0.901455,25.985466,ok
EES0423598__X3F__Y21__P025.jpg,0.910218,29.399807,ok
EES0423599__X2A__Y42__P001.jpg,0.626975,17.829944,ok
EES0423599__X2D__Y42__P002.jpg,0.731644,20.278044,ok
EES0423599__X39__Y0F__P003.jpg,0.876830,23.491965,ok
EES0423599__X3C__Y3C__P004.jpg,0.890187,27.898746,ok
EES0423599__X3F__Y39__P005.jpg,0.880758,26.692567,ok
EES0423599__X45__Y21__P006.jpg,0.882338,26.405539,ok
EES0423599__X45__Y24__P007.jpg,0.758092,18.849299,ok
EES0423599__X45__Y2A__P008.jpg,0.884394,25.134212,ok
EES0423599__X09__Y2D__P009.jpg,0.870862,23.845216,ok
EES0423599__X18__Y45__P010.jpg,0.792038,21.041790,ok
EES0423599__X1B__Y0F__P011.jpg,0.814664,21.439599,ok
EES0423599__X2A__Y3F__P012.jpg,0.782396,19.733717,ok
EES0423599__X30__Y15__P013.jpg,0.820852,23.129588,ok
EES0423599__X33__Y39__P014.jpg,0.796858,22.340968,ok
EES0423599__X33__Y3F__P015.jpg,0.783122,20.255537,ok
EES0423599__X36__Y12__P016.jpg,0.858730,25.103395,ok
EES0423599__X36__Y15__P017.jpg,0.869607,23.712818,ok
EES0423599__X36__Y39__P018.jpg,0.726294,18.769008,ok
EES0423599__X3C__Y30__P019.jpg,0.806806,21.819615,ok
EES0423599__X3F__Y33__P020.jpg,0.823389,21.802785,ok
EES0423599__X03__Y27__P021.jpg,0.898150,25.351170,ok
EES0423599__X06__Y33__P022.jpg,0.878290,25.700135,ok
EES0423599__X15__Y0C__P023.jpg,0.836744,21.974118,ok
EES0423599__X2D__Y0C__P024.jpg,0.711776,17.009541,ok
EES0423599__X30__Y0C__P025.jpg,0.827204,21.829084,ok
EES0423600__X33__Y39__P001.jpg,0.736071,19.058777,ok
EES0423600__X33__Y3C__P002.jpg,0.831533,23.213683,ok
EES0423600__X36__Y39__P003.jpg,0.783625,20.542118,ok
EES0423600__X09__Y15__P004.jpg,0.884209,26.611573,ok
EES0423600__X09__Y1B__P005.jpg,0.738118,18.497362,ok
EES0423600__X0C__Y1B__P006.jpg,0.818684,23.946849,ok
EES0423600__X0C__Y2A__P007.jpg,0.707538,19.703349,ok
EES0423600__X0C__Y39__P008.jpg,0.821186,22.623379,ok
EES0423600__X0F__Y36__P009.jpg,0.868285,24.706487,ok
EES0423600__X12__Y3C__P010.jpg,0.843636,23.895702,ok
EES0423600__X12__Y3F__P011.jpg,0.861344,26.760251,ok
EES0423600__X15__Y3C__P012.jpg,0.772081,21.400012,ok
EES0423600__X15__Y3F__P013.jpg,0.788498,21.442813,ok
EES0423600__X21__Y09__P014.jpg,0.896111,31.316080,ok
EES0423600__X21__Y45__P015.jpg,0.874485,26.195992,ok
EES0423600__X24__Y09__P016.jpg,0.902733,30.720484,ok
EES0423600__X24__Y45__P017.jpg,0.816847,21.833649,ok
EES0423600__X30__Y0C__P018.jpg,0.880210,28.409635,ok
EES0423600__X30__Y45__P019.jpg,0.841391,27.987221,ok
EES0423600__X36__Y0C__P020.jpg,0.926299,32.211081,ok
EES0423600__X3C__Y12__P021.jpg,0.888530,27.265039,ok
EES0423600__X3C__Y3F__P022.jpg,0.882761,30.989768,ok
EES0423600__X3F__Y3F__P023.jpg,0.884669,25.206279,ok
EES0423600__X42__Y3C__P024.jpg,0.905423,31.351598,ok
EES0423600__X45__Y18__P025.jpg,0.843404,23.025199,ok
EES0423601__X39__Y3F__P001.jpg,0.900144,25.986562,ok
EES0423601__X3C__Y18__P002.jpg,0.709765,19.074191,ok
EES0423601__X3C__Y1B__P003.jpg,0.669542,17.008308,ok
EES0423601__X3C__Y2A__P004.jpg,0.704078,18.187171,ok
EES0423601__X3F__Y1B__P005.jpg,0.726183,18.752605,ok
EES0423601__X42__Y1E__P006.jpg,0.712512,18.299067,ok
EES0423601__X42__Y30__P007.jpg,0.786044,20.638397,ok
EES0423601__X42__Y33__P008.jpg,0.815364,20.610379,ok
EES0423601__X09__Y30__P009.jpg,0.779008,20.861278,ok
EES0423601__X0C__Y33__P010.jpg,0.844018,23.911720,ok
EES0423601__X21__Y09__P011.jpg,0.899694,28.978079,ok
EES0423601__X24__Y42__P012.jpg,0.814082,22.859356,ok
EES0423601__X33__Y3F__P013.jpg,0.738478,19.299158,ok
EES0423601__X36__Y0F__P014.jpg,0.855870,24.805091,ok
EES0423601__X36__Y39__P015.jpg,0.673174,18.672484,ok
EES0423601__X39__Y3F__P016.jpg,0.922449,32.085897,ok
EES0423601__X3C__Y3C__P017.jpg,0.865181,29.555396,ok
EES0423601__X3F__Y18__P018.jpg,0.864769,25.926412,ok
EES0423601__X3F__Y39__P019.jpg,0.919740,29.430588,ok
EES0423601__X42__Y33__P020.jpg,0.920889,30.096198,ok
EES0423601__X45__Y3C__P021.jpg,0.862526,23.712108,ok
EES0423601__X3C__Y3F__P022.jpg,0.808832,20.430703,ok
EES0423601__X45__Y2A__P023.jpg,0.829051,21.386634,ok
EES0423601__X03__Y36__P024.jpg,0.875130,22.636741,ok
EES0423601__X06__Y39__P025.jpg,0.889135,22.460528,ok
EES0423602__X36__Y39__P001.jpg,0.705316,16.983594,ok
EES0423602__X39__Y3F__P002.jpg,0.869424,24.895988,ok
EES0423602__X3F__Y21__P003.jpg,0.656901,14.938100,ok
EES0423602__X3F__Y30__P004.jpg,0.580518,14.427504,ok
EES0423602__X42__Y30__P005.jpg,0.725552,16.242151,ok
EES0423602__X0F__Y2A__P006.jpg,0.903004,27.341183,ok
EES0423602__X18__Y1B__P007.jpg,0.912645,29.357509,ok
EES0423602__X2D__Y36__P008.jpg,0.877467,24.992563,ok
EES0423602__X30__Y18__P009.jpg,0.877836,24.158756,ok
EES0423602__X33__Y36__P010.jpg,0.917242,29.250120,ok
EES0423602__X36__Y12__P011.jpg,0.852245,24.064684,ok
EES0423602__X36__Y2A__P012.jpg,0.854458,23.226339,ok
EES0423602__X36__Y30__P013.jpg,0.845789,23.099306,ok
EES0423602__X36__Y33__P014.jpg,0.836521,21.699168,ok
EES0423602__X36__Y36__P015.jpg,0.869424,23.167029,ok
EES0423602__X39__Y1E__P016.jpg,0.918877,28.472691,ok
EES0423602__X39__Y27__P017.jpg,0.850156,23.147842,ok
EES0423602__X3F__Y15__P018.jpg,0.864026,22.930644,ok
EES0423602__X3F__Y18__P019.jpg,0.847366,22.756084,ok
EES0423602__X3F__Y30__P020.jpg,0.881546,25.367000,ok
EES0423602__X45__Y21__P021.jpg,0.878928,22.742582,ok
EES0423602__X06__Y2A__P022.jpg,0.877344,26.830156,ok
EES0423602__X09__Y1B__P023.jpg,0.772722,21.182684,ok
EES0423602__X09__Y1E__P024.jpg,0.790883,20.343436,ok
EES0423602__X09__Y21__P025.jpg,0.857854,23.430941,ok
EES0423603__X0C__Y2A__P001.jpg,0.760055,19.103710,ok
EES0423603__X0F__Y1E__P002.jpg,0.780758,17.932295,ok
EES0423603__X0F__Y21__P003.jpg,0.651093,17.298440,ok
EES0423603__X0F__Y2A__P004.jpg,0.740538,17.285863,ok
EES0423603__X0F__Y2D__P005.jpg,0.716534,18.013493,ok
EES0423603__X12__Y1E__P006.jpg,0.812481,18.797536,ok
EES0423603__X12__Y36__P007.jpg,0.819239,18.876266,ok
EES0423603__X15__Y33__P008.jpg,0.742849,17.818279,ok
EES0423603__X21__Y3F__P009.jpg,0.696039,16.972836,ok
EES0423603__X33__Y33__P010.jpg,0.681365,16.229271,ok
EES0423603__X33__Y39__P011.jpg,0.746168,18.028135,ok
EES0423603__X36__Y33__P012.jpg,0.748999,17.869810,ok
EES0423603__X12__Y21__P013.jpg,0.873654,21.298761,ok
EES0423603__X15__Y15__P014.jpg,0.788054,20.185743,ok
EES0423603__X15__Y18__P015.jpg,0.811046,21.250404,ok
EES0423603__X18__Y12__P016.jpg,0.741313,19.564912,ok
EES0423603__X18__Y15__P017.jpg,0.855689,20.623687,ok
EES0423603__X1B__Y12__P018.jpg,0.682131,18.200596,ok
EES0423603__X1B__Y15__P019.jpg,0.700271,18.510283,ok
EES0423603__X1B__Y18__P020.jpg,0.842370,20.418900,ok
EES0423603__X1B__Y1E__P021.jpg,0.729868,18.941643,ok
EES0423603__X1E__Y12__P022.jpg,0.803680,19.770438,ok
EES0423603__X1E__Y15__P023.jpg,0.912392,22.826446,ok
EES0423603__X1E__Y18__P024.jpg,0.703268,17.821357,ok
EES0423603__X1E__Y21__P025.jpg,0.634695,17.544225,ok
EES0423604__X1E__Y24__P001.jpg,0.726796,19.104311,ok
EES0423604__X21__Y21__P002.jpg,0.766337,19.951883,ok
EES0423604__X21__Y33__P003.jpg,0.813387,21.112671,ok
EES0423604__X24__Y09__P004.jpg,0.879548,20.901438,ok
EES0423604__X24__Y1E__P005.jpg,0.787122,19.603771,ok
EES0423604__X24__Y21__P006.jpg,0.745933,19.627630,ok
EES0423604__X24__Y33__P007.jpg,0.728532,17.222555,ok
EES0423604__X27__Y09__P008.jpg,0.783797,19.887671,ok
EES0423604__X27__Y30__P009.jpg,0.822799,20.468927,ok
EES0423604__X27__Y33__P010.jpg,0.612694,17.445535,ok
EES0423604__X2A__Y09__P011.jpg,0.734073,18.550484,ok
EES0423604__X2A__Y18__P012.jpg,0.862091,21.207531,ok
EES0423604__X2A__Y1B__P013.jpg,0.693722,18.557717,ok
EES0423604__X2A__Y1E__P014.jpg,0.717562,19.034373,ok
EES0423604__X2A__Y27__P015.jpg,0.866093,20.974264,ok
EES0423604__X2A__Y39__P016.jpg,0.853698,20.758313,ok
EES0423604__X2A__Y3C__P017.jpg,0.683109,20.015398,ok
EES0423604__X2D__Y24__P018.jpg,0.820274,19.472630,ok
EES0423604__X2D__Y3C__P019.jpg,0.742965,19.331400,ok
EES0423604__X30__Y30__P020.jpg,0.745400,18.710067,ok
EES0423604__X3C__Y24__P021.jpg,0.819719,22.131673,ok
EES0423604__X3C__Y27__P022.jpg,0.636695,17.708853,ok
EES0423604__X3C__Y2A__P023.jpg,0.829014,20.618007,ok
EES0423604__X3C__Y2D__P024.jpg,0.765089,19.352915,ok
EES0423604__X3C__Y30__P025.jpg,0.854567,21.105315,ok
EES0423605__X39__Y1B__P001.jpg,0.786773,18.924966,ok
EES0423605__X39__Y21__P002.jpg,0.830336,18.675138,ok
EES0423605__X39__Y24__P003.jpg,0.875968,20.558844,ok
EES0423605__X45__Y45__P004.jpg,0.935660,24.071897,ok
EES0423605__X0F__Y2A__P005.jpg,0.932670,22.786756,ok
EES0423605__X12__Y33__P006.jpg,0.706897,16.275962,ok
EES0423605__X15__Y2A__P007.jpg,0.808682,17.387280,ok
EES0423605__X18__Y30__P008.jpg,0.701602,16.766548,ok
EES0423605__X18__Y3C__P009.jpg,0.682737,16.784263,ok
EES0423605__X18__Y3F__P010.jpg,0.788547,18.768746,ok
EES0423605__X1B__Y2D__P011.jpg,0.684220,16.041808,ok
EES0423605__X1B__Y30__P012.jpg,0.806860,17.807207,ok
EES0423605__X1B__Y33__P013.jpg,0.836613,19.028555,ok
EES0423605__X1B__Y36__P014.jpg,0.779951,16.284208,ok
EES0423605__X1B__Y39__P015.jpg,0.724359,16.620355,ok
EES0423605__X1B__Y3C__P016.jpg,0.802874,17.152052,ok
EES0423605__X1E__Y2D__P017.jpg,0.686839,16.522222,ok
EES0423605__X1E__Y33__P018.jpg,0.572683,15.745673,ok
EES0423605__X1E__Y36__P019.jpg,0.744002,17.171199,ok
EES0423605__X1E__Y3F__P020.jpg,0.750352,17.415199,ok
EES0423605__X1E__Y42__P021.jpg,0.881037,19.587256,ok
EES0423605__X21__Y18__P022.jpg,0.678559,16.354677,ok
EES0423605__X21__Y2D__P023.jpg,0.751972,17.292663,ok
EES0423605__X21__Y30__P024.jpg,0.912467,20.751233,ok
EES0423605__X21__Y33__P025.jpg,0.736447,16.738549,ok
EES0423606__X21__Y36__P001.jpg,0.559217,15.382033,ok
EES0423606__X21__Y39__P002.jpg,0.845096,18.094373,ok
EES0423606__X21__Y42__P003.jpg,0.819620,19.557106,ok
EES0423606__X24__Y2D__P004.jpg,0.629778,16.877816,ok
EES0423606__X24__Y30__P005.jpg,0.734745,18.524380,ok
EES0423606__X24__Y3C__P006.jpg,0.867424,19.575540,ok
EES0423606__X24__Y3F__P007.jpg,0.704227,16.077049,ok
EES0423606__X24__Y42__P008.jpg,0.716845,16.593572,ok
EES0423606__X27__Y36__P009.jpg,0.667495,15.989852,ok
EES0423606__X27__Y3F__P010.jpg,0.766083,17.241014,ok
EES0423606__X2A__Y21__P011.jpg,0.716303,16.340207,ok
EES0423606__X2A__Y33__P012.jpg,0.757015,16.612986,ok
EES0423606__X2A__Y36__P013.jpg,0.711189,16.040285,ok
EES0423606__X2A__Y3F__P014.jpg,0.721560,16.308501,ok
EES0423606__X2D__Y36__P015.jpg,0.752481,17.524305,ok
EES0423606__X30__Y36__P016.jpg,0.700561,16.018307,ok
EES0423606__X30__Y39__P017.jpg,0.884751,19.613853,ok
EES0423606__X33__Y30__P018.jpg,0.823595,19.102214,ok
EES0423606__X33__Y33__P019.jpg,0.518021,14.862828,ok
EES0423606__X33__Y39__P020.jpg,0.744639,16.906807,ok
EES0423606__X36__Y2D__P021.jpg,0.709916,17.314130,ok
EES0423606__X36__Y30__P022.jpg,0.891166,20.962196,ok
EES0423606__X36__Y33__P023.jpg,0.507080,15.389650,ok
EES0423606__X36__Y36__P024.jpg,0.745408,17.148457,ok
EES0423606__X36__Y3C__P025.jpg,0.728331,16.404291,ok
EES0423607__X39__Y2D__P001.jpg,0.847646,19.510183,ok
EES0423607__X3C__Y2D__P002.jpg,0.725560,17.154328,ok
EES0423607__X3C__Y30__P003.jpg,0.681225,16.590145,ok
EES0423607__X42__Y2D__P004.jpg,0.664816,16.150486,ok
EES0423607__X0F__Y1E__P005.jpg,0.736716,18.872205,ok
EES0423607__X0F__Y21__P006.jpg,0.726676,17.820649,ok
EES0423607__X0F__Y24__P007.jpg,0.816339,20.540422,ok
EES0423607__X0F__Y27__P008.jpg,0.891069,21.168666,ok
EES0423607__X12__Y1E__P009.jpg,0.583677,17.592775,ok
EES0423607__X15__Y33__P010.jpg,0.747648,18.145658,ok
EES0423607__X24__Y33__P011.jpg,0.689426,17.639200,ok
EES0423607__X33__Y1B__P012.jpg,0.710306,18.364122,ok
EES0423607__X36__Y1B__P013.jpg,0.801908,19.481064,ok
EES0423607__X3C__Y1B__P014.jpg,0.674951,18.330431,ok
EES0423607__X0C__Y30__P015.jpg,0.931031,24.459586,ok
EES0423607__X0F__Y21__P016.jpg,0.852203,20.733281,ok
EES0423607__X0F__Y27__P017.jpg,0.844129,22.548102,ok
EES0423607__X0F__Y2D__P018.jpg,0.892161,21.937964,ok
EES0423607__X0F__Y30__P019.jpg,0.905559,20.913038,ok
EES0423607__X12__Y18__P020.jpg,0.890938,20.460016,ok
EES0423607__X12__Y24__P021.jpg,0.713331,17.924207,ok
EES0423607__X12__Y2A__P022.jpg,0.613464,16.367738,ok
EES0423607__X12__Y33__P023.jpg,0.783273,19.718191,ok
EES0423607__X15__Y18__P024.jpg,0.634678,16.588902,ok
EES0423607__X18__Y0F__P025.jpg,0.701057,16.518839,ok
EES0423608__X3F__Y3F__P001.jpg,0.926519,22.563038,ok
EES0423608__X0F__Y21__P002.jpg,0.888641,20.793165,ok
EES0423608__X0F__Y27__P003.jpg,0.907575,21.683739,ok
EES0423608__X12__Y24__P004.jpg,0.888286,21.143627,ok
EES0423608__X15__Y15__P005.jpg,0.896269,21.795523,ok
EES0423608__X18__Y18__P006.jpg,0.783673,19.451888,ok
EES0423608__X18__Y1B__P007.jpg,0.888050,20.675204,ok
EES0423608__X18__Y1E__P008.jpg,0.834570,20.444558,ok
EES0423608__X1B__Y1B__P009.jpg,0.833782,18.251992,ok
EES0423608__X1B__Y21__P010.jpg,0.822018,19.582251,ok
EES0423608__X1B__Y24__P011.jpg,0.825025,18.982899,ok
EES0423608__X1B__Y33__P012.jpg,0.813006,19.262762,ok
EES0423608__X1E__Y15__P013.jpg,0.847763,20.553000,ok
EES0423608__X1E__Y18__P014.jpg,0.908961,21.359550,ok
EES0423608__X1E__Y21__P015.jpg,0.783280,17.847207,ok
EES0423608__X1E__Y24__P016.jpg,0.917936,25.285183,ok
EES0423608__X1E__Y27__P017.jpg,0.891271,21.058385,ok
EES0423608__X1E__Y2D__P018.jpg,0.879903,19.785691,ok
EES0423608__X1E__Y30__P019.jpg,0.853437,20.296317,ok
EES0423608__X1E__Y33__P020.jpg,0.897441,20.595827,ok
EES0423608__X21__Y0C__P021.jpg,0.869818,20.987696,ok
EES0423608__X21__Y0F__P022.jpg,0.716349,18.304551,ok
EES0423608__X21__Y12__P023.jpg,0.900111,21.878184,ok
EES0423608__X21__Y15__P024.jpg,0.911110,23.013515,ok
EES0423608__X21__Y1B__P025.jpg,0.832320,18.388815,ok
EES0423609__X09__Y1E__P001.jpg,0.766612,18.693303,ok
EES0423609__X09__Y21__P002.jpg,0.510531,15.824941,ok
EES0423609__X09__Y27__P003.jpg,0.607130,17.518356,ok
EES0423609__X09__Y30__P004.jpg,0.585691,16.101893,ok
EES0423609__X09__Y33__P005.jpg,0.656189,17.123868,ok
EES0423609__X09__Y36__P006.jpg,0.898095,21.485154,ok
EES0423609__X0C__Y1B__P007.jpg,0.616450,16.488217,ok
EES0423609__X15__Y0C__P008.jpg,0.739509,17.384016,ok
EES0423609__X18__Y45__P009.jpg,0.911552,21.662041,ok
EES0423609__X1B__Y09__P010.jpg,0.890144,20.595323,ok
EES0423609__X1B__Y45__P011.jpg,0.786447,18.096512,ok
EES0423609__X1E__Y09__P012.jpg,0.675082,16.623601,ok
EES0423609__X1E__Y45__P013.jpg,0.599801,15.440655,ok
EES0423609__X21__Y45__P014.jpg,0.544733,15.137974,ok
EES0423609__X30__Y45__P015.jpg,0.706214,17.958373,ok
EES0423609__X33__Y09__P016.jpg,0.801604,18.901940,ok
EES0423609__X33__Y45__P017.jpg,0.873769,21.002212,ok
EES0423609__X45__Y18__P018.jpg,0.927032,24.732208,ok
EES0423609__X48__Y27__P019.jpg,0.926125,23.121943,ok
EES0423609__X12__Y0F__P020.jpg,0.886684,21.943962,ok
EES0423609__X12__Y12__P021.jpg,0.787424,19.680707,ok
EES0423609__X12__Y1E__P022.jpg,0.790830,19.481347,ok
EES0423609__X12__Y27__P023.jpg,0.811804,19.414773,ok
EES0423609__X12__Y2A__P024.jpg,0.892266,21.319215,ok
EES0423609__X15__Y15__P025.jpg,0.813220,20.759220,ok
EES0423610__X15__Y2A__P001.jpg,0.856419,20.602933,ok
EES0423610__X18__Y18__P002.jpg,0.657608,19.216066,ok
EES0423610__X18__Y27__P003.jpg,0.668218,16.250292,ok
EES0423610__X1B__Y0C__P004.jpg,0.726502,19.007872,ok
EES0423610__X1B__Y18__P005.jpg,0.665852,17.874368,ok
EES0423610__X1B__Y27__P006.jpg,0.783978,19.393233,ok
EES0423610__X1E__Y06__P007.jpg,0.793745,20.860723,ok
EES0423610__X1E__Y0C__P008.jpg,0.891514,21.537947,ok
EES0423610__X1E__Y0F__P009.jpg,0.849678,20.543496,ok
EES0423610__X1E__Y18__P010.jpg,0.826303,18.415996,ok
EES0423610__X1E__Y27__P011.jpg,0.836762,21.682812,ok
EES0423610__X1E__Y2A__P012.jpg,0.792641,18.454771,ok
EES0423610__X1E__Y30__P013.jpg,0.668712,17.612607,ok
EES0423610__X1E__Y33__P014.jpg,0.821917,19.637322,ok
EES0423610__X1E__Y39__P015.jpg,0.815158,19.914525,ok
EES0423610__X21__Y2A__P016.jpg,0.840104,19.785277,ok
EES0423610__X21__Y2D__P017.jpg,0.761616,18.231022,ok
EES0423610__X21__Y30__P018.jpg,0.879626,20.792045,ok
EES0423610__X21__Y33__P019.jpg,0.808621,17.979639,ok
EES0423610__X21__Y36__P020.jpg,0.884256,20.682069,ok
EES0423610__X24__Y09__P021.jpg,0.876841,20.935388,ok
EES0423610__X24__Y0C__P022.jpg,0.745015,19.887060,ok
EES0423610__X24__Y15__P023.jpg,0.882241,22.067395,ok
EES0423610__X24__Y18__P024.jpg,0.623381,18.102393,ok
EES0423610__X24__Y27__P025.jpg,0.877300,21.567714,ok
EES0423611__X0F__Y2A__P001.jpg,0.912383,21.797380,ok
EES0423611__X12__Y27__P002.jpg,0.695492,18.600577,ok
EES0423611__X12__Y2A__P003.jpg,0.809364,20.185273,ok
EES0423611__X12__Y30__P004.jpg,0.910018,21.856747,ok
EES0423611__X15__Y27__P005.jpg,0.941424,22.916092,ok
EES0423611__X18__Y3C__P006.jpg,0.682846,19.472716,ok
EES0423611__X18__Y3F__P007.jpg,0.764953,18.286470,ok
EES0423611__X1B__Y3C__P008.jpg,0.881185,20.554664,ok
EES0423611__X1E__Y30__P009.jpg,0.712369,18.481538,ok
EES0423611__X21__Y36__P010.jpg,0.711865,17.336629,ok
EES0423611__X21__Y3C__P011.jpg,0.882678,21.448354,ok
EES0423611__X24__Y39__P012.jpg,0.792215,19.428520,ok
EES0423611__X24__Y45__P013.jpg,0.898464,23.949479,ok
EES0423611__X27__Y39__P014.jpg,0.699179,18.074077,ok
EES0423611__X2A__Y39__P015.jpg,0.698907,19.600547,ok
EES0423611__X2A__Y3C__P016.jpg,0.844650,20.815195,ok
EES0423611__X2A__Y3F__P017.jpg,0.844101,20.571799,ok
EES0423611__X2A__Y42__P018.jpg,0.847534,21.253433,ok
EES0423611__X2D__Y3C__P019.jpg,0.746509,17.874249,ok
EES0423611__X2D__Y3F__P020.jpg,0.786960,20.247790,ok
EES0423611__X30__Y39__P021.jpg,0.778088,18.693188,ok
EES0423611__X30__Y3F__P022.jpg,0.721885,18.978229,ok
EES0423611__X30__Y42__P023.jpg,0.771139,18.421524,ok
EES0423611__X33__Y39__P024.jpg,0.919413,21.670444,ok
EES0423611__X33__Y3C__P025.jpg,0.708535,18.959326,ok
EES0423612__X3F__Y39__P001.jpg,0.747029,19.970860,ok
EES0423612__X48__Y2D__P002.jpg,0.748818,19.494087,ok
EES0423612__X06__Y18__P003.jpg,0.829114,21.308158,ok
EES0423612__X06__Y1B__P004.jpg,0.602827,16.836540,ok
EES0423612__X06__Y1E__P005.jpg,0.703706,17.680680,ok
EES0423612__X06__Y21__P006.jpg,0.549478,17.290998,ok
EES0423612__X06__Y24__P007.jpg,0.642463,17.266604,ok
EES0423612__X06__Y27__P008.jpg,0.783750,19.070691,ok
EES0423612__X06__Y2A__P009.jpg,0.641249,16.916135,ok
EES0423612__X06__Y2D__P010.jpg,0.789956,19.730170,ok
EES0423612__X06__Y30__P011.jpg,0.872588,19.381894,ok
EES0423612__X09__Y12__P012.jpg,0.929727,24.243124,ok
EES0423612__X09__Y2A__P013.jpg,0.687499,17.276726,ok
EES0423612__X09__Y2D__P014.jpg,0.657780,17.488325,ok
EES0423612__X09__Y30__P015.jpg,0.738614,19.236692,ok
EES0423612__X09__Y33__P016.jpg,0.634893,18.106791,ok
EES0423612__X09__Y36__P017.jpg,0.931922,22.657891,ok
EES0423612__X0C__Y2D__P018.jpg,0.519049,15.882186,ok
EES0423612__X0C__Y33__P019.jpg,0.671294,17.643495,ok
EES0423612__X0C__Y36__P020.jpg,0.795476,19.618796,ok
EES0423612__X0C__Y39__P021.jpg,0.846236,20.085458,ok
EES0423612__X0F__Y39__P022.jpg,0.814785,19.603860,ok
EES0423612__X12__Y09__P023.jpg,0.937841,22.510430,ok
EES0423612__X12__Y3C__P024.jpg,0.781474,19.698433,ok
EES0423612__X15__Y3F__P025.jpg,0.785107,18.106687,ok
EES0423613__X1B__Y39__P001.jpg,0.769577,19.055874,ok
EES0423613__X1E__Y24__P002.jpg,0.788742,18.640899,ok
EES0423613__X21__Y12__P003.jpg,0.849315,20.520684,ok
EES0423613__X21__Y15__P004.jpg,0.864140,20.595416,ok
EES0423613__X24__Y3C__P005.jpg,0.900239,21.668268,ok
EES0423613__X24__Y3F__P006.jpg,0.694370,18.091092,ok
EES0423613__X24__Y45__P007.jpg,0.905737,22.228328,ok
EES0423613__X2A__Y42__P008.jpg,0.919382,21.548949,ok
EES0423613__X2D__Y21__P009.jpg,0.818090,19.844791,ok
EES0423613__X30__Y15__P010.jpg,0.671499,17.996823,ok
EES0423613__X30__Y1E__P011.jpg,0.788832,19.319173,ok
EES0423613__X30__Y21__P012.jpg,0.796447,19.639148,ok
EES0423613__X30__Y24__P013.jpg,0.720846,18.815106,ok
EES0423613__X30__Y3F__P014.jpg,0.893853,22.611457,ok
EES0423613__X33__Y15__P015.jpg,0.834555,20.694699,ok
EES0423613__X33__Y24__P016.jpg,0.837510,20.518796,ok
EES0423613__X33__Y36__P017.jpg,0.730149,18.675112,ok
EES0423613__X33__Y3C__P018.jpg,0.884507,21.636095,ok
EES0423613__X36__Y12__P019.jpg,0.736987,18.490780,ok
EES0423613__X36__Y15__P020.jpg,0.769384,19.908875,ok
EES0423613__X36__Y18__P021.jpg,0.797509,19.823355,ok
EES0423613__X36__Y39__P022.jpg,0.784090,19.693842,ok
EES0423613__X0F__Y24__P023.jpg,0.628113,16.477328,ok
EES0423613__X1B__Y1B__P024.jpg,0.845047,19.713759,ok
EES0423613__X1B__Y21__P025.jpg,0.729667,17.258674,ok
EES0423614__X24__Y0C__P001.jpg,0.742826,17.300668,ok
EES0423614__X24__Y1E__P002.jpg,0.691150,17.578423,ok
EES0423614__X24__Y21__P003.jpg,0.672966,16.596338,ok
EES0423614__X24__Y27__P004.jpg,0.773380,18.634378,ok
EES0423614__X24__Y36__P005.jpg,0.823555,18.475907,ok
EES0423614__X27__Y1B__P006.jpg,0.706153,17.367843,ok
EES0423614__X2A__Y1E__P007.jpg,0.887431,20.278345,ok
EES0423614__X2D__Y1E__P008.jpg,0.607040,15.170073,ok
EES0423614__X2D__Y39__P009.jpg,0.876791,20.978818,ok
EES0423614__X30__Y15__P010.jpg,0.792559,19.259480,ok
EES0423614__X30__Y24__P011.jpg,0.858833,19.883655,ok
EES0423614__X33__Y21__P012.jpg,0.721872,16.601632,ok
EES0423614__X36__Y2A__P013.jpg,0.714557,16.703314,ok
EES0423614__X36__Y2D__P014.jpg,0.759431,16.227524,ok
EES0423614__X36__Y33__P015.jpg,0.873837,20.800833,ok
EES0423614__X3C__Y24__P016.jpg,0.772454,19.176644,ok
EES0423614__X3C__Y27__P017.jpg,0.744068,17.031627,ok
EES0423614__X3C__Y33__P018.jpg,0.862890,20.323477,ok
EES0423614__X3F__Y24__P019.jpg,0.737152,16.246998,ok
EES0423614__X3F__Y27__P020.jpg,0.867527,18.989704,ok
EES0423614__X0C__Y1B__P021.jpg,0.746097,16.977960,ok
EES0423614__X0C__Y1E__P022.jpg,0.591986,15.994411,ok
EES0423614__X0C__Y21__P023.jpg,0.843361,19.283385,ok
EES0423614__X0C__Y30__P024.jpg,0.674219,16.241989,ok
EES0423614__X0F__Y1B__P025.jpg,0.687293,15.683977,ok
EES0423615__X45__Y27__P001.jpg,0.768089,17.590739,ok
EES0423615__X45__Y2A__P002.jpg,0.765420,17.247371,ok
EES0423615__X0F__Y1B__P003.jpg,0.744539,18.007381,ok
EES0423615__X12__Y1E__P004.jpg,0.661206,16.012575,ok
EES0423615__X21__Y0C__P005.jpg,0.802594,18.572865,ok
EES0423615__X21__Y0F__P006.jpg,0.726399,16.782317,ok
EES0423615__X27__Y36__P007.jpg,0.775587,18.462593,ok
EES0423615__X30__Y0F__P008.jpg,0.670327,17.026253,ok
EES0423615__X33__Y0F__P009.jpg,0.695297,17.854266,ok
EES0423615__X36__Y0F__P010.jpg,0.927577,21.467673,ok
EES0423615__X3C__Y1E__P011.jpg,0.669966,16.778637,ok
EES0423615__X3C__Y21__P012.jpg,0.558424,15.701003,ok
EES0423615__X0C__Y2A__P013.jpg,0.944281,25.800862,ok
EES0423615__X12__Y27__P014.jpg,0.788373,19.904286,ok
EES0423615__X1E__Y15__P015.jpg,0.891582,21.433664,ok
EES0423615__X1E__Y18__P016.jpg,0.885949,21.704168,ok
EES0423615__X1E__Y42__P017.jpg,0.722636,19.156206,ok
EES0423615__X21__Y2A__P018.jpg,0.800614,19.922559,ok
EES0423615__X24__Y12__P019.jpg,0.835356,17.416683,ok
EES0423615__X24__Y15__P020.jpg,0.915523,22.470391,ok
EES0423615__X24__Y18__P021.jpg,0.929512,27.709060,ok
EES0423615__X24__Y2A__P022.jpg,0.865617,21.041354,ok
EES0423615__X24__Y30__P023.jpg,0.848321,20.289525,ok
EES0423615__X24__Y42__P024.jpg,0.873584,21.722473,ok
EES0423615__X27__Y12__P025.jpg,0.833026,18.964204,ok
EES0423616__X18__Y09__P001.jpg,0.780530,19.870187,ok
EES0423616__X1B__Y0C__P002.jpg,0.781891,19.589304,ok
EES0423616__X1B__Y12__P003.jpg,0.746483,18.845553,ok
EES0423616__X1E__Y0C__P004.jpg,0.705140,18.668115,ok
EES0423616__X21__Y18__P005.jpg,0.636267,17.068334,ok
EES0423616__X24__Y15__P006.jpg,0.812711,20.313324,ok
EES0423616__X24__Y18__P007.jpg,0.717466,18.232572,ok
EES0423616__X27__Y0C__P008.jpg,0.757165,19.089131,ok
EES0423616__X2A__Y0C__P009.jpg,0.780680,19.109345,ok
EES0423616__X3C__Y09__P010.jpg,0.922613,22.416129,ok
EES0423616__X0F__Y18__P011.jpg,0.791425,18.214446,ok
EES0423616__X0F__Y1B__P012.jpg,0.681674,17.325534,ok
EES0423616__X18__Y0C__P013.jpg,0.802136,17.589168,ok
EES0423616__X1B__Y09__P014.jpg,0.818614,18.287115,ok
EES0423616__X1B__Y0C__P015.jpg,0.736074,17.295098,ok
EES0423616__X1E__Y09__P016.jpg,0.626875,15.069556,ok
EES0423616__X24__Y06__P017.jpg,0.766545,17.173367,ok
EES0423616__X2A__Y45__P018.jpg,0.801067,19.605124,ok
EES0423616__X2D__Y06__P019.jpg,0.719895,16.399756,ok
EES0423616__X2D__Y45__P020.jpg,0.921962,22.201807,ok
EES0423616__X30__Y06__P021.jpg,0.821900,18.273911,ok
EES0423616__X30__Y09__P022.jpg,0.605064,16.615435,ok
EES0423616__X42__Y0F__P023.jpg,0.893139,20.978891,ok
EES0423616__X48__Y18__P024.jpg,0.899860,21.694295,ok
EES0423616__X48__Y1B__P025.jpg,0.711242,17.510497,ok
EES0423617__X15__Y12__P001.jpg,0.715552,15.982561,ok
EES0423617__X15__Y15__P002.jpg,0.764332,17.621730,ok
EES0423617__X15__Y18__P003.jpg,0.805580,17.170582,ok
EES0423617__X15__Y1B__P004.jpg,0.675298,17.814253,ok
EES0423617__X15__Y30__P005.jpg,0.676492,16.977287,ok
EES0423617__X18__Y12__P006.jpg,0.723220,16.775548,ok
EES0423617__X1B__Y12__P007.jpg,0.776085,19.084070,ok
EES0423617__X1B__Y33__P008.jpg,0.611467,16.202975,ok
EES0423617__X1E__Y0C__P009.jpg,0.897309,21.139130,ok
EES0423617__X1E__Y0F__P010.jpg,0.857713,20.785258,ok
EES0423617__X1E__Y12__P011.jpg,0.628407,18.103244,ok
EES0423617__X1E__Y15__P012.jpg,0.717004,17.618040,ok
EES0423617__X21__Y0C__P013.jpg,0.681540,16.542478,ok
EES0423617__X24__Y0C__P014.jpg,0.685043,16.686806,ok
EES0423617__X24__Y0F__P015.jpg,0.697015,16.540445,ok
EES0423617__X24__Y45__P016.jpg,0.926755,24.997070,ok
EES0423617__X27__Y0C__P017.jpg,0.626230,17.286944,ok
EES0423617__X2D__Y0C__P018.jpg,0.738955,15.684884,ok
EES0423617__X30__Y0C__P019.jpg,0.574955,16.560251,ok
EES0423617__X3F__Y12__P020.jpg,0.725203,18.284144,ok
EES0423617__X3F__Y30__P021.jpg,0.779516,18.505917,ok
EES0423617__X45__Y1B__P022.jpg,0.715179,16.935529,ok
EES0423617__X45__Y2D__P023.jpg,0.822687,18.062276,ok
EES0423617__X12__Y1B__P024.jpg,0.831228,19.675716,ok
EES0423617__X12__Y1E__P025.jpg,0.864904,21.074847,ok
EES0423618__X12__Y21__P001.jpg,0.780514,19.813852,ok
EES0423618__X12__Y24__P002.jpg,0.719510,18.583796,ok
EES0423618__X18__Y1B__P003.jpg,0.789236,19.756325,ok
EES0423618__X18__Y1E__P004.jpg,0.699896,18.486798,ok
EES0423618__X1B__Y18__P005.jpg,0.894676,21.864841,ok
EES0423618__X1B__Y1B__P006.jpg,0.811428,20.640016,ok
EES0423618__X1B__Y1E__P007.jpg,0.768051,18.907843,ok
EES0423618__X1E__Y18__P008.jpg,0.815205,20.059926,ok
EES0423618__X1E__Y1B__P009.jpg,0.752514,18.765545,ok
EES0423618__X24__Y0C__P010.jpg,0.782463,18.463338,ok
EES0423618__X24__Y0F__P011.jpg,0.725346,17.550099,ok
EES0423618__X24__Y12__P012.jpg,0.794675,19.637328,ok
EES0423618__X24__Y15__P013.jpg,0.700282,19.442478,ok
EES0423618__X24__Y18__P014.jpg,0.734435,18.161447,ok
EES0423618__X24__Y1B__P015.jpg,0.801973,19.748514,ok
EES0423618__X27__Y12__P016.jpg,0.666727,17.639894,ok
EES0423618__X27__Y15__P017.jpg,0.615203,17.161865,ok
EES0423618__X27__Y18__P018.jpg,0.755894,19.150974,ok
EES0423618__X27__Y1B__P019.jpg,0.709795,18.746649,ok
EES0423618__X2A__Y15__P020.jpg,0.629265,17.146165,ok
EES0423618__X2A__Y18__P021.jpg,0.800818,19.786366,ok
EES0423618__X2A__Y1B__P022.jpg,0.573090,16.713512,ok
EES0423618__X2D__Y09__P023.jpg,0.713648,18.849982,ok
EES0423618__X2D__Y0C__P024.jpg,0.793907,18.469784,ok
EES0423618__X2D__Y12__P025.jpg,0.712887,17.876864,ok
EES0423619__X42__Y2D__P001.jpg,0.864109,21.253165,ok
EES0423619__X42__Y30__P002.jpg,0.781818,19.284032,ok
EES0423619__X42__Y33__P003.jpg,0.634913,17.087089,ok
EES0423619__X09__Y18__P004.jpg,0.808783,19.448383,ok
EES0423619__X09__Y1B__P005.jpg,0.879683,20.867330,ok
EES0423619__X09__Y1E__P006.jpg,0.769695,19.076860,ok
EES0423619__X09__Y21__P007.jpg,0.781690,19.007033,ok
EES0423619__X09__Y24__P008.jpg,0.881164,21.337547,ok
EES0423619__X09__Y27__P009.jpg,0.823280,19.666415,ok
EES0423619__X0C__Y24__P010.jpg,0.862490,20.207346,ok
EES0423619__X0F__Y12__P011.jpg,0.673818,17.406363,ok
EES0423619__X18__Y09__P012.jpg,0.901827,24.766908,ok
EES0423619__X1E__Y33__P013.jpg,0.661224,17.882982,ok
EES0423619__X21__Y09__P014.jpg,0.704406,17.762876,ok
EES0423619__X24__Y06__P015.jpg,0.900228,21.753803,ok
EES0423619__X27__Y06__P016.jpg,0.817730,20.334231,ok
EES0423619__X2A__Y06__P017.jpg,0.918852,23.602578,ok
EES0423619__X33__Y0F__P018.jpg,0.747410,18.051140,ok
EES0423619__X33__Y12__P019.jpg,0.678416,17.336827,ok
EES0423619__X33__Y1B__P020.jpg,0.687681,17.176872,ok
EES0423619__X36__Y1B__P021.jpg,0.636747,16.315464,ok
EES0423619__X15__Y24__P022.jpg,0.684468,15.000013,ok
EES0423619__X18__Y21__P023.jpg,0.752621,16.318898,ok
EES0423619__X18__Y24__P024.jpg,0.685251,16.156203,ok
EES0423619__X18__Y2D__P025.jpg,0.697648,15.585955,ok
EES0423620__X1B__Y24__P001.jpg,0.525836,15.681278,ok
EES0423620__X1B__Y2D__P002.jpg,0.726621,16.621723,ok
EES0423620__X1E__Y1E__P003.jpg,0.677320,15.739747,ok
EES0423620__X1E__Y24__P004.jpg,0.559769,15.381473,ok
EES0423620__X21__Y12__P005.jpg,0.741599,15.618241,ok
EES0423620__X24__Y39__P006.jpg,0.716918,16.608217,ok
EES0423620__X2A__Y24__P007.jpg,0.560406,15.938102,ok
EES0423620__X2A__Y36__P008.jpg,0.762198,17.560184,ok
EES0423620__X2A__Y39__P009.jpg,0.602047,15.733143,ok
EES0423620__X2D__Y21__P010.jpg,0.623623,16.654404,ok
EES0423620__X2D__Y36__P011.jpg,0.744356,16.726851,ok
EES0423620__X2D__Y39__P012.jpg,0.773642,16.967506,ok
EES0423620__X33__Y36__P013.jpg,0.796143,16.708198,ok
EES0423620__X3C__Y18__P014.jpg,0.764148,17.122236,ok
EES0423620__X3C__Y21__P015.jpg,0.739851,16.047655,ok
EES0423620__X3C__Y2D__P016.jpg,0.857432,18.860740,ok
EES0423620__X3C__Y30__P017.jpg,0.831396,17.784273,ok
EES0423620__X3F__Y15__P018.jpg,0.806609,16.743446,ok
EES0423620__X3F__Y24__P019.jpg,0.775849,17.678114,ok
EES0423620__X42__Y15__P020.jpg,0.797194,16.668272,ok
EES0423620__X42__Y21__P021.jpg,0.781903,17.590877,ok
EES0423620__X42__Y24__P022.jpg,0.681382,17.137465,ok
EES0423620__X0C__Y1B__P023.jpg,0.776022,18.842757,ok
EES0423620__X0C__Y1E__P024.jpg,0.869242,20.600624,ok
EES0423620__X0C__Y21__P025.jpg,0.906591,21.354413,ok
EES0423621__X0C__Y24__P001.jpg,0.819260,20.216743,ok
EES0423621__X0C__Y27__P002.jpg,0.734052,18.883975,ok
EES0423621__X0C__Y2D__P003.jpg,0.925556,23.010487,ok
EES0423621__X0F__Y1B__P004.jpg,0.735505,18.652532,ok
EES0423621__X0F__Y21__P005.jpg,0.761856,19.379789,ok
EES0423621__X0F__Y2A__P006.jpg,0.729544,18.646799,ok
EES0423621__X0F__Y2D__P007.jpg,0.740377,19.281063,ok
EES0423621__X0F__Y30__P008.jpg,0.840100,20.860887,ok
EES0423621__X12__Y0F__P009.jpg,0.897348,21.767587,ok
EES0423621__X12__Y2D__P010.jpg,0.776335,19.218014,ok
EES0423621__X12__Y30__P011.jpg,0.793724,20.014357,ok
EES0423621__X12__Y39__P012.jpg,0.883381,22.406094,ok
EES0423621__X15__Y30__P013.jpg,0.750795,17.888937,ok
EES0423621__X15__Y33__P014.jpg,0.668470,17.007448,ok
EES0423621__X15__Y36__P015.jpg,0.769506,17.853573,ok
EES0423621__X15__Y39__P016.jpg,0.792508,19.485105,ok
EES0423621__X18__Y36__P017.jpg,0.714870,19.044617,ok
EES0423621__X18__Y39__P018.jpg,0.783415,19.734251,ok
EES0423621__X1B__Y39__P019.jpg,0.762581,18.919651,ok
EES0423621__X1B__Y3C__P020.jpg,0.884510,21.616493,ok
EES0423621__X1B__Y3F__P021.jpg,0.857302,20.492246,ok
EES0423621__X1E__Y39__P022.jpg,0.858783,19.363338,ok
EES0423621__X1E__Y3F__P023.jpg,0.834621,20.818419,ok
EES0423621__X21__Y3F__P024.jpg,0.781213,18.629340,ok
EES0423621__X24__Y3C__P025.jpg,0.695818,17.947538,ok
EES0423622__X09__Y2A__P001.jpg,0.885479,19.936348,ok
EES0423622__X09__Y2D__P002.jpg,0.725398,16.609939,ok
EES0423622__X0C__Y12__P003.jpg,0.868446,20.874866,ok
EES0423622__X0C__Y15__P004.jpg,0.713655,18.270965,ok
EES0423622__X0C__Y18__P005.jpg,0.678263,17.329222,ok
EES0423622__X0C__Y24__P006.jpg,0.666462,16.921778,ok
EES0423622__X0C__Y2A__P007.jpg,0.657551,16.732547,ok
EES0423622__X0C__Y2D__P008.jpg,0.740192,17.731581,ok
EES0423622__X0C__Y30__P009.jpg,0.829083,19.065204,ok
EES0423622__X0F__Y36__P010.jpg,0.820769,20.054091,ok
EES0423622__X12__Y36__P011.jpg,0.653372,16.158533,ok
EES0423622__X15__Y09__P012.jpg,0.922143,25.869668,ok
EES0423622__X15__Y3C__P013.jpg,0.817615,18.456608,ok
EES0423622__X1B__Y06__P014.jpg,0.925185,21.996970,ok
EES0423622__X1E__Y06__P015.jpg,0.775172,18.351438,ok
EES0423622__X21__Y06__P016.jpg,0.690959,17.526414,ok
EES0423622__X2D__Y42__P017.jpg,0.636686,16.490764,ok
EES0423622__X30__Y06__P018.jpg,0.847255,19.523153,ok
EES0423622__X30__Y42__P019.jpg,0.771071,18.720318,ok
EES0423622__X33__Y09__P020.jpg,0.782187,18.022362,ok
EES0423622__X33__Y42__P021.jpg,0.920855,23.254690,ok
EES0423622__X39__Y3F__P022.jpg,0.924983,23.030480,ok
EES0423622__X45__Y1E__P023.jpg,0.945593,25.935461,ok
EES0423622__X45__Y2A__P024.jpg,0.828248,20.788719,ok
EES0423622__X45__Y2D__P025.jpg,0.920776,21.942537,ok
EES0423623__X45__Y36__P001.jpg,0.916651,26.390878,ok
EES0423623__X48__Y36__P002.jpg,0.927103,25.070199,ok
EES0423623__X48__Y42__P003.jpg,0.935752,22.214940,ok
EES0423623__X06__Y15__P004.jpg,0.766386,20.760541,ok
EES0423623__X06__Y18__P005.jpg,0.855608,20.793053,ok
EES0423623__X06__Y1B__P006.jpg,0.714211,18.039747,ok
EES0423623__X06__Y1E__P007.jpg,0.660208,17.194815,ok
EES0423623__X06__Y21__P008.jpg,0.722788,17.822392,ok
EES0423623__X06__Y24__P009.jpg,0.728249,17.155631,ok
EES0423623__X06__Y27__P010.jpg,0.711952,16.353314,ok
EES0423623__X06__Y2A__P011.jpg,0.793204,19.978205,ok
EES0423623__X06__Y2D__P012.jpg,0.666698,16.562435,ok
EES0423623__X06__Y30__P013.jpg,0.790376,18.647134,ok
EES0423623__X06__Y33__P014.jpg,0.765109,17.990781,ok
EES0423623__X09__Y12__P015.jpg,0.890076,22.168450,ok
EES0423623__X09__Y15__P016.jpg,0.792685,19.750746,ok
EES0423623__X09__Y18__P017.jpg,0.738567,18.737249,ok
EES0423623__X09__Y1B__P018.jpg,0.639618,16.574357,ok
EES0423623__X09__Y21__P019.jpg,0.675145,17.305880,ok
EES0423623__X09__Y24__P020.jpg,0.635453,15.905497,ok
EES0423623__X09__Y27__P021.jpg,0.639276,17.642929,ok
EES0423623__X09__Y2D__P022.jpg,0.761943,16.934472,ok
EES0423623__X09__Y30__P023.jpg,0.759095,17.059330,ok
EES0423623__X09__Y36__P024.jpg,0.784550,19.853414,ok
EES0423623__X0C__Y12__P025.jpg,0.804670,18.459115,ok
EES0423624__X2D__Y2D__P001.jpg,0.855153,21.699183,ok
EES0423624__X2D__Y36__P002.jpg,0.780366,19.275967,ok
EES0423624__X2D__Y39__P003.jpg,0.776229,19.673559,ok
EES0423624__X2D__Y3C__P004.jpg,0.844479,20.427577,ok
EES0423624__X30__Y0C__P005.jpg,0.752038,19.543715,ok
EES0423624__X30__Y27__P006.jpg,0.758622,17.645593,ok
EES0423624__X30__Y2D__P007.jpg,0.741381,17.644384,ok
EES0423624__X33__Y0F__P008.jpg,0.719122,19.919609,ok
EES0423624__X33__Y24__P009.jpg,0.692299,16.837665,ok
EES0423624__X33__Y3C__P010.jpg,0.755623,18.388026,ok
EES0423624__X36__Y3C__P011.jpg,0.737819,18.280408,ok
EES0423624__X3F__Y27__P012.jpg,0.753943,18.915777,ok
EES0423624__X3F__Y2D__P013.jpg,0.680927,17.920851,ok
EES0423624__X3F__Y30__P014.jpg,0.787694,18.483859,ok
EES0423624__X42__Y2A__P015.jpg,0.703241,16.835507,ok
EES0423624__X42__Y2D__P016.jpg,0.697239,17.946198,ok
EES0423624__X42__Y30__P017.jpg,0.770358,17.889814,ok
EES0423624__X45__Y2A__P018.jpg,0.771903,19.193409,ok
EES0423624__X45__Y2D__P019.jpg,0.772939,18.945852,ok
EES0423624__X45__Y30__P020.jpg,0.760420,17.897351,ok
EES0423624__X18__Y3F__P021.jpg,0.826653,19.880913,ok
EES0423624__X1E__Y42__P022.jpg,0.817785,19.826190,ok
EES0423624__X27__Y06__P023.jpg,0.926708,22.582657,ok
EES0423624__X3C__Y0C__P024.jpg,0.938248,26.772674,ok
EES0423624__X3F__Y3C__P025.jpg,0.763460,17.937993,ok
EES0423625__X0C__Y24__P001.jpg,0.677655,16.310697,ok
EES0423625__X0C__Y27__P002.jpg,0.848990,20.178631,ok
EES0423625__X0C__Y2A__P003.jpg,0.831884,19.966696,ok
EES0423625__X0F__Y2D__P004.jpg,0.732218,17.616318,ok
EES0423625__X12__Y30__P005.jpg,0.682998,16.542330,ok
EES0423625__X1B__Y39__P006.jpg,0.799481,18.127953,ok
EES0423625__X1E__Y36__P007.jpg,0.646714,15.839805,ok
EES0423625__X1E__Y39__P008.jpg,0.671868,16.640316,ok
EES0423625__X1E__Y3C__P009.jpg,0.885037,21.562690,ok
EES0423625__X21__Y36__P010.jpg,0.727794,17.389210,ok
EES0423625__X21__Y39__P011.jpg,0.648740,16.110329,ok
EES0423625__X21__Y3C__P012.jpg,0.804287,18.807761,ok
EES0423625__X24__Y3C__P013.jpg,0.774392,18.581675,ok
EES0423625__X27__Y3C__P014.jpg,0.750354,17.158667,ok
EES0423625__X2A__Y3C__P015.jpg,0.576825,15.702657,ok
EES0423625__X2D__Y3C__P016.jpg,0.696931,16.834293,ok
EES0423625__X33__Y3C__P017.jpg,0.930896,23.140107,ok
EES0423625__X39__Y06__P018.jpg,0.829550,20.092601,ok
EES0423625__X3C__Y36__P019.jpg,0.910702,22.248264,ok
EES0423625__X3F__Y33__P020.jpg,0.925172,22.794030,ok
EES0423625__X45__Y1B__P021.jpg,0.917917,22.472597,ok
EES0423625__X45__Y1E__P022.jpg,0.770672,17.763971,ok
EES0423625__X45__Y21__P023.jpg,0.886392,20.829976,ok
EES0423625__X45__Y24__P024.jpg,0.874164,21.953124,ok
EES0423625__X21__Y3F__P025.jpg,0.918014,22.606319,ok
EES0423626__X3F__Y24__P001.jpg,0.838290,18.954667,ok
EES0423626__X3F__Y27__P002.jpg,0.763025,17.702963,ok
EES0423626__X06__Y33__P003.jpg,0.570354,15.113784,ok
EES0423626__X18__Y27__P004.jpg,0.798917,19.397556,ok
EES0423626__X18__Y42__P005.jpg,0.719958,16.025300,ok
EES0423626__X1B__Y18__P006.jpg,0.813786,20.549172,ok
EES0423626__X1B__Y24__P007.jpg,0.718401,17.647373,ok
EES0423626__X1B__Y27__P008.jpg,0.816097,19.446914,ok
EES0423626__X1B__Y2A__P009.jpg,0.718395,17.635134,ok
EES0423626__X1B__Y30__P010.jpg,0.852986,21.661292,ok
EES0423626__X1E__Y1E__P011.jpg,0.634792,17.754676,ok
EES0423626__X1E__Y21__P012.jpg,0.845133,20.940598,ok
EES0423626__X21__Y06__P013.jpg,0.822943,20.685019,ok
EES0423626__X21__Y09__P014.jpg,0.742839,18.513928,ok
EES0423626__X21__Y18__P015.jpg,0.735762,18.456556,ok
EES0423626__X21__Y1E__P016.jpg,0.809528,18.983584,ok
EES0423626__X21__Y36__P017.jpg,0.906332,25.303400,ok
EES0423626__X24__Y09__P018.jpg,0.793131,19.777461,ok
EES0423626__X24__Y1E__P019.jpg,0.812502,21.479787,ok
EES0423626__X24__Y21__P020.jpg,0.705228,18.462384,ok
EES0423626__X27__Y09__P021.jpg,0.863348,20.466106,ok
EES0423626__X2A__Y06__P022.jpg,0.782391,20.643337,ok
EES0423626__X2A__Y09__P023.jpg,0.734815,18.178987,ok
EES0423626__X2A__Y0C__P024.jpg,0.771284,19.369968,ok
EES0423626__X2A__Y1B__P025.jpg,0.650290,18.509174,ok
EES0423627__X2A__Y1E__P001.jpg,0.803390,20.682197,ok
EES0423627__X2D__Y06__P002.jpg,0.769171,19.058155,ok
EES0423627__X2D__Y09__P003.jpg,0.730580,19.152326,ok
EES0423627__X2D__Y18__P004.jpg,0.824647,20.419814,ok
EES0423627__X2D__Y1B__P005.jpg,0.856449,20.201823,ok
EES0423627__X2D__Y1E__P006.jpg,0.617339,16.749978,ok
EES0423627__X2D__Y21__P007.jpg,0.655819,17.153578,ok
EES0423627__X30__Y09__P008.jpg,0.835775,18.670457,ok
EES0423627__X30__Y0C__P009.jpg,0.848681,20.912962,ok
EES0423627__X30__Y18__P010.jpg,0.731456,17.859025,ok
EES0423627__X30__Y1B__P011.jpg,0.794072,19.970215,ok
EES0423627__X30__Y21__P012.jpg,0.771028,19.302781,ok
EES0423627__X30__Y36__P013.jpg,0.731914,18.201540,ok
EES0423627__X30__Y39__P014.jpg,0.811097,18.912561,ok
EES0423627__X33__Y09__P015.jpg,0.776342,19.801247,ok
EES0423627__X33__Y0C__P016.jpg,0.840688,21.048438,ok
EES0423627__X33__Y18__P017.jpg,0.781836,18.674215,ok
EES0423627__X36__Y18__P018.jpg,0.903392,22.454443,ok
EES0423627__X42__Y1B__P019.jpg,0.864885,21.313452,ok
EES0423627__X0C__Y1E__P020.jpg,0.551689,15.270243,ok
EES0423627__X0C__Y21__P021.jpg,0.784145,18.135007,ok
EES0423627__X0C__Y24__P022.jpg,0.781848,18.902955,ok
EES0423627__X0C__Y27__P023.jpg,0.757314,18.049231,ok
EES0423627__X0C__Y2A__P024.jpg,0.698737,16.161049,ok
EES0423627__X0C__Y2D__P025.jpg,0.865295,20.231578,ok
EES0423628__X33__Y15__P001.jpg,0.765791,19.445236,ok
EES0423628__X33__Y39__P002.jpg,0.617289,16.793342,ok
EES0423628__X36__Y12__P003.jpg,0.747579,18.609403,ok
EES0423628__X42__Y2A__P004.jpg,0.667948,17.764836,ok
EES0423628__X06__Y1E__P005.jpg,0.863860,21.595069,ok
EES0423628__X09__Y12__P006.jpg,0.862749,20.523825,ok
EES0423628__X09__Y15__P007.jpg,0.929801,24.112427,ok
EES0423628__X09__Y1B__P008.jpg,0.830228,19.982174,ok
EES0423628__X09__Y1E__P009.jpg,0.774239,19.293517,ok
EES0423628__X09__Y24__P010.jpg,0.771864,19.462530,ok
EES0423628__X09__Y27__P011.jpg,0.808134,18.572042,ok
EES0423628__X09__Y2A__P012.jpg,0.838751,20.937293,ok
EES0423628__X09__Y2D__P013.jpg,0.905553,21.179151,ok
EES0423628__X09__Y30__P014.jpg,0.834195,18.439702,ok
EES0423628__X0C__Y0F__P015.jpg,0.842317,19.723179,ok
EES0423628__X0C__Y12__P016.jpg,0.748109,18.623663,ok
EES0423628__X0C__Y15__P017.jpg,0.824339,19.910969,ok
EES0423628__X0C__Y18__P018.jpg,0.747721,18.801514,ok
EES0423628__X0C__Y21__P019.jpg,0.651854,17.019553,ok
EES0423628__X0C__Y24__P020.jpg,0.771032,18.148497,ok
EES0423628__X0C__Y27__P021.jpg,0.592795,16.350927,ok
EES0423628__X0C__Y2A__P022.jpg,0.821678,18.711045,ok
EES0423628__X0C__Y2D__P023.jpg,0.763535,18.511349,ok
EES0423628__X0C__Y30__P024.jpg,0.783587,19.935039,ok
EES0423628__X0C__Y33__P025.jpg,0.687299,17.159830,ok
EES0423629__X21__Y42__P001.jpg,0.586156,15.623287,ok
EES0423629__X24__Y06__P002.jpg,0.840681,19.686951,ok
EES0423629__X27__Y06__P003.jpg,0.700152,18.008091,ok
EES0423629__X2A__Y06__P004.jpg,0.818946,19.579309,ok
EES0423629__X2D__Y06__P005.jpg,0.798183,18.921720,ok
EES0423629__X42__Y12__P006.jpg,0.741787,17.641688,ok
EES0423629__X45__Y15__P007.jpg,0.871033,21.897147,ok
EES0423629__X45__Y18__P008.jpg,0.898631,21.436581,ok
EES0423629__X0F__Y06__P009.jpg,0.936130,23.895654,ok
EES0423629__X0F__Y30__P010.jpg,0.473171,14.528769,ok
EES0423629__X2A__Y45__P011.jpg,0.679357,17.927131,ok
EES0423629__X2D__Y45__P012.jpg,0.865470,21.024542,ok
EES0423629__X36__Y42__P013.jpg,0.827738,20.356909,ok
EES0423629__X3C__Y0F__P014.jpg,0.858172,20.406995,ok
EES0423629__X42__Y15__P015.jpg,0.878184,20.663399,ok
EES0423629__X48__Y24__P016.jpg,0.927806,23.357468,ok
EES0423629__X48__Y27__P017.jpg,0.933188,23.655652,ok
EES0423629__X0C__Y27__P018.jpg,0.648920,17.592622,ok
EES0423629__X0F__Y12__P019.jpg,0.738557,19.056758,ok
EES0423629__X1E__Y3F__P020.jpg,0.870426,21.413693,ok
EES0423629__X27__Y06__P021.jpg,0.670003,18.102363,ok
EES0423629__X27__Y42__P022.jpg,0.807749,19.837013,ok
EES0423629__X2A__Y42__P023.jpg,0.764451,19.100529,ok
EES0423629__X36__Y09__P024.jpg,0.830845,20.972038,ok
EES0423629__X42__Y1B__P025.jpg,0.654799,17.676635,ok
EES0423630__X0C__Y2A__P001.jpg,0.684956,17.604630,ok
EES0423630__X0C__Y2D__P002.jpg,0.746169,18.318206,ok
EES0423630__X0C__Y33__P003.jpg,0.894423,21.807812,ok
EES0423630__X0F__Y15__P004.jpg,0.828630,21.027513,ok
EES0423630__X0F__Y18__P005.jpg,0.718505,19.191058,ok
EES0423630__X0F__Y1B__P006.jpg,0.707228,18.630977,ok
EES0423630__X0F__Y27__P007.jpg,0.660278,16.377876,ok
EES0423630__X12__Y12__P008.jpg,0.805502,18.385322,ok
EES0423630__X12__Y1B__P009.jpg,0.603239,17.022726,ok
EES0423630__X15__Y0F__P010.jpg,0.862349,20.498733,ok
EES0423630__X18__Y0C__P011.jpg,0.719356,18.436540,ok
EES0423630__X18__Y0F__P012.jpg,0.673723,18.448529,ok
EES0423630__X1B__Y0C__P013.jpg,0.846369,19.897060,ok
EES0423630__X1B__Y0F__P014.jpg,0.665297,18.118769,ok
EES0423630__X1E__Y09__P015.jpg,0.868243,20.759920,ok
EES0423630__X1E__Y0C__P016.jpg,0.603876,17.091046,ok
EES0423630__X1E__Y0F__P017.jpg,0.658618,17.465616,ok
EES0423630__X21__Y06__P018.jpg,0.887084,21.795768,ok
EES0423630__X21__Y09__P019.jpg,0.804600,19.453368,ok
EES0423630__X21__Y42__P020.jpg,0.803580,18.990349,ok
EES0423630__X24__Y09__P021.jpg,0.847848,19.845699,ok
EES0423630__X24__Y42__P022.jpg,0.876859,20.789896,ok
EES0423630__X27__Y06__P023.jpg,0.884914,21.451481,ok
EES0423630__X27__Y09__P024.jpg,0.614388,17.056768,ok
EES0423630__X27__Y42__P025.jpg,0.791421,19.032991,ok
EES0423631__X2A__Y06__P001.jpg,0.874006,21.732663,ok
EES0423631__X2A__Y09__P002.jpg,0.664760,17.226491,ok
EES0423631__X2A__Y42__P003.jpg,0.830862,19.903543,ok
EES0423631__X2D__Y06__P004.jpg,0.847464,20.848936,ok
EES0423631__X2D__Y09__P005.jpg,0.621644,17.970161,ok
EES0423631__X2D__Y42__P006.jpg,0.681201,18.473338,ok
EES0423631__X30__Y06__P007.jpg,0.742304,17.686780,ok
EES0423631__X30__Y09__P008.jpg,0.712835,17.966054,ok
EES0423631__X30__Y0C__P009.jpg,0.677280,16.684869,ok
EES0423631__X33__Y06__P010.jpg,0.859518,20.196812,ok
EES0423631__X33__Y09__P011.jpg,0.800163,18.701578,ok
EES0423631__X36__Y09__P012.jpg,0.849364,20.328727,ok
EES0423631__X36__Y0C__P013.jpg,0.695218,17.527815,ok
EES0423631__X39__Y0C__P014.jpg,0.646815,16.387876,ok
EES0423631__X48__Y21__P015.jpg,0.768800,19.469705,ok
EES0423631__X09__Y0F__P016.jpg,0.801253,20.060902,ok
EES0423631__X09__Y12__P017.jpg,0.714514,18.576431,ok
EES0423631__X09__Y15__P018.jpg,0.735633,18.300088,ok
EES0423631__X09__Y18__P019.jpg,0.781015,19.859902,ok
EES0423631__X09__Y2A__P020.jpg,0.764665,19.409243,ok
EES0423631__X09__Y30__P021.jpg,0.934416,22.483869,ok
EES0423631__X0C__Y0F__P022.jpg,0.654206,16.737954,ok
EES0423631__X0C__Y12__P023.jpg,0.696399,16.750092,ok
EES0423631__X0F__Y0C__P024.jpg,0.703516,17.050066,ok
EES0423631__X0F__Y0F__P025.jpg,0.605950,17.106942,ok
EES0423632__X12__Y09__P001.jpg,0.772499,20.506361,ok
EES0423632__X15__Y09__P002.jpg,0.602528,16.737763,ok
EES0423632__X18__Y03__P003.jpg,0.774596,19.435260,ok
EES0423632__X24__Y3C__P004.jpg,0.715014,16.609743,ok
EES0423632__X2A__Y3C__P005.jpg,0.761481,17.236245,ok
EES0423632__X2D__Y3C__P006.jpg,0.671435,15.857206,ok
EES0423632__X42__Y18__P007.jpg,0.762267,17.124213,ok
EES0423632__X42__Y21__P008.jpg,0.836582,18.910401,ok
EES0423632__X42__Y24__P009.jpg,0.771681,17.194501,ok
EES0423632__X42__Y27__P010.jpg,0.877345,20.957156,ok
EES0423632__X45__Y21__P011.jpg,0.757973,17.000401,ok
EES0423632__X45__Y24__P012.jpg,0.823035,18.311482,ok
EES0423632__X09__Y21__P013.jpg,0.914863,22.837457,ok
EES0423632__X0F__Y33__P014.jpg,0.886422,21.674719,ok
EES0423632__X12__Y33__P015.jpg,0.780471,18.735383,ok
EES0423632__X18__Y1E__P016.jpg,0.663303,17.194212,ok
EES0423632__X18__Y39__P017.jpg,0.735041,19.039362,ok
EES0423632__X18__Y3C__P018.jpg,0.790690,19.045075,ok
EES0423632__X18__Y3F__P019.jpg,0.863352,22.054996,ok
EES0423632__X1B__Y39__P020.jpg,0.759656,17.777036,ok
EES0423632__X1B__Y3C__P021.jpg,0.828619,20.716015,ok
EES0423632__X21__Y0F__P022.jpg,0.751048,18.504463,ok
EES0423632__X2D__Y0C__P023.jpg,0.756032,18.846646,ok
EES0423632__X2D__Y3F__P024.jpg,0.808546,20.045716,ok
EES0423632__X33__Y12__P025.jpg,0.709201,16.811089,ok
EES0423633__X33__Y15__P001.jpg,0.709958,17.185494,ok
EES0423633__X1B__Y27__P002.jpg,0.816247,19.547766,ok
EES0423633__X1E__Y2A__P003.jpg,0.799373,19.278934,ok
EES0423633__X24__Y33__P004.jpg,0.770227,19.213780,ok
EES0423633__X24__Y36__P005.jpg,0.746485,19.005628,ok
EES0423633__X2A__Y33__P006.jpg,0.653580,17.525287,ok
EES0423633__X2A__Y3F__P007.jpg,0.873355,21.191712,ok
EES0423633__X2D__Y33__P008.jpg,0.840848,20.172599,ok
EES0423633__X2D__Y39__P009.jpg,0.789434,19.972826,ok
EES0423633__X30__Y2D__P010.jpg,0.775953,19.155884,ok
EES0423633__X36__Y18__P011.jpg,0.834149,19.787477,ok
EES0423633__X36__Y2D__P012.jpg,0.791946,19.034556,ok
EES0423633__X21__Y30__P013.jpg,0.915198,22.603078,ok
EES0423633__X24__Y33__P014.jpg,0.610843,15.728596,ok
EES0423633__X27__Y33__P015.jpg,0.639587,15.481621,ok
EES0423633__X27__Y3F__P016.jpg,0.570376,14.903465,ok
EES0423633__X2A__Y3F__P017.jpg,0.798937,18.397596,ok
EES0423633__X33__Y12__P018.jpg,0.798869,18.787431,ok
EES0423633__X33__Y39__P019.jpg,0.920493,22.963669,ok
EES0423633__X36__Y15__P020.jpg,0.856516,20.376229,ok
EES0423633__X36__Y3C__P021.jpg,0.695131,15.491101,ok
EES0423633__X3C__Y12__P022.jpg,0.839700,19.579880,ok
EES0423633__X3C__Y15__P023.jpg,0.715134,16.265840,ok
EES0423633__X3C__Y1B__P024.jpg,0.686742,16.357929,ok
EES0423633__X3C__Y1E__P025.jpg,0.750807,17.717394,ok
EES0423634__X33__Y24__P001.jpg,0.799206,18.363236,ok
EES0423634__X33__Y33__P002.jpg,0.876114,21.492703,ok
EES0423634__X33__Y36__P003.jpg,0.907117,22.509564,ok
EES0423634__X33__Y39__P004.jpg,0.859710,20.587569,ok
EES0423634__X42__Y1E__P005.jpg,0.936680,22.774217,ok
EES0423634__X15__Y21__P006.jpg,0.747269,17.275353,ok
EES0423634__X18__Y27__P007.jpg,0.708937,17.043318,ok
EES0423634__X18__Y2D__P008.jpg,0.759122,17.285651,ok
EES0423634__X21__Y39__P009.jpg,0.824335,20.120493,ok
EES0423634__X21__Y3C__P010.jpg,0.785964,18.427546,ok
EES0423634__X21__Y42__P011.jpg,0.734855,17.932889,ok
EES0423634__X24__Y39__P012.jpg,0.704480,17.287491,ok
EES0423634__X24__Y3C__P013.jpg,0.614082,17.751458,ok
EES0423634__X27__Y3C__P014.jpg,0.736429,17.294327,ok
EES0423634__X27__Y3F__P015.jpg,0.816457,18.794611,ok
EES0423634__X27__Y42__P016.jpg,0.702269,16.933411,ok
EES0423634__X2A__Y0C__P017.jpg,0.634669,17.585562,ok
EES0423634__X2A__Y36__P018.jpg,0.847828,20.320472,ok
EES0423634__X2A__Y39__P019.jpg,0.731418,17.764066,ok
EES0423634__X2A__Y3C__P020.jpg,0.812534,18.416641,ok
EES0423634__X2A__Y3F__P021.jpg,0.753971,19.354788,ok
EES0423634__X2A__Y42__P022.jpg,0.833212,19.554686,ok
EES0423634__X2D__Y1E__P023.jpg,0.777361,20.435802,ok
EES0423634__X2D__Y21__P024.jpg,0.829036,18.996895,ok
EES0423634__X2D__Y24__P025.jpg,0.780935,19.743776,ok
EES0423635__X2D__Y2A__P001.jpg,0.694482,16.972225,ok
EES0423635__X2D__Y36__P002.jpg,0.792801,18.750272,ok
EES0423635__X2D__Y3C__P003.jpg,0.872617,20.278042,ok
EES0423635__X30__Y39__P004.jpg,0.794870,18.732169,ok
EES0423635__X30__Y3C__P005.jpg,0.729144,17.901219,ok
EES0423635__X30__Y3F__P006.jpg,0.758569,18.031027,ok
EES0423635__X33__Y3C__P007.jpg,0.771529,18.227311,ok
EES0423635__X36__Y21__P008.jpg,0.806912,18.197857,ok
EES0423635__X36__Y24__P009.jpg,0.682985,16.274637,ok
EES0423635__X36__Y39__P010.jpg,0.802365,19.290201,ok
EES0423635__X39__Y2A__P011.jpg,0.706934,16.481824,ok
EES0423635__X3C__Y2A__P012.jpg,0.720142,17.542928,ok
EES0423635__X3C__Y36__P013.jpg,0.626097,15.810144,ok
EES0423635__X3F__Y27__P014.jpg,0.688101,18.060082,ok
EES0423635__X3F__Y2A__P015.jpg,0.694753,18.314490,ok
EES0423635__X3F__Y2D__P016.jpg,0.874637,20.368207,ok
EES0423635__X3F__Y30__P017.jpg,0.769725,17.361699,ok
EES0423635__X3F__Y33__P018.jpg,0.754491,17.738895,ok
EES0423635__X42__Y1B__P019.jpg,0.742598,17.141132,ok
EES0423635__X42__Y27__P020.jpg,0.708372,17.773916,ok
EES0423635__X42__Y2A__P021.jpg,0.788010,20.047012,ok
EES0423635__X18__Y24__P022.jpg,0.665841,15.168844,ok
EES0423635__X24__Y39__P023.jpg,0.828188,17.962463,ok
EES0423635__X27__Y30__P024.jpg,0.755922,15.760168,ok
EES0423635__X27__Y33__P025.jpg,0.786493,16.159793,ok
EES0423636__X36__Y3C__P001.jpg,0.751057,16.441414,ok
EES0423636__X3C__Y30__P002.jpg,0.728290,16.314050,ok
EES0423636__X3C__Y33__P003.jpg,0.863445,19.283616,ok
EES0423636__X0C__Y21__P004.jpg,0.789031,19.999030,ok
EES0423636__X0C__Y24__P005.jpg,0.674869,17.931989,ok
EES0423636__X0C__Y2A__P006.jpg,0.693342,17.344495,ok
EES0423636__X0C__Y2D__P007.jpg,0.778205,19.678548,ok
EES0423636__X0C__Y30__P008.jpg,0.886706,21.897473,ok
EES0423636__X0F__Y1B__P009.jpg,0.801565,19.919176,ok
EES0423636__X0F__Y1E__P010.jpg,0.763745,19.554439,ok
EES0423636__X0F__Y21__P011.jpg,0.659383,17.822211,ok
EES0423636__X12__Y15__P012.jpg,0.805655,19.849311,ok
EES0423636__X12__Y18__P013.jpg,0.810235,20.547965,ok
EES0423636__X12__Y1B__P014.jpg,0.813345,19.987965,ok
EES0423636__X12__Y1E__P015.jpg,0.664218,16.938321,ok
EES0423636__X15__Y12__P016.jpg,0.785814,19.733592,ok
EES0423636__X15__Y15__P017.jpg,0.840256,21.244689,ok
EES0423636__X18__Y0C__P018.jpg,0.885112,23.080844,ok
EES0423636__X18__Y0F__P019.jpg,0.790568,19.413399,ok
EES0423636__X1B__Y0C__P020.jpg,0.769316,19.418601,ok
EES0423636__X1B__Y0F__P021.jpg,0.733043,19.505659,ok
EES0423636__X1E__Y0C__P022.jpg,0.824064,20.368522,ok
EES0423636__X21__Y0C__P023.jpg,0.677448,18.318188,ok
EES0423636__X24__Y0F__P024.jpg,0.691731,18.351959,ok
EES0423636__X27__Y09__P025.jpg,0.876524,22.135694,ok
EES0423637__X2A__Y09__P001.jpg,0.698671,18.336139,ok
EES0423637__X2A__Y0C__P002.jpg,0.645953,18.350197,ok
EES0423637__X2D__Y09__P003.jpg,0.758770,19.562266,ok
EES0423637__X2D__Y0C__P004.jpg,0.681640,18.601302,ok
EES0423637__X30__Y09__P005.jpg,0.851852,21.317632,ok
EES0423637__X39__Y42__P006.jpg,0.945580,23.387224,ok
EES0423637__X42__Y12__P007.jpg,0.902955,22.262902,ok
EES0423637__X48__Y1E__P008.jpg,0.879522,22.239000,ok
EES0423637__X48__Y21__P009.jpg,0.742785,19.567184,ok
EES0423637__X48__Y24__P010.jpg,0.643650,18.086682,ok
EES0423637__X48__Y2D__P011.jpg,0.674369,18.359103,ok
EES0423637__X48__Y30__P012.jpg,0.882765,21.971700,ok
EES0423637__X0C__Y33__P013.jpg,0.836577,20.104109,ok
EES0423637__X1B__Y1E__P014.jpg,0.701460,17.038474,ok
EES0423637__X21__Y39__P015.jpg,0.762688,19.023188,ok
EES0423637__X24__Y33__P016.jpg,0.726711,18.362004,ok
EES0423637__X2D__Y39__P017.jpg,0.798188,20.142520,ok
EES0423637__X33__Y36__P018.jpg,0.677369,17.534187,ok
EES0423637__X36__Y1B__P019.jpg,0.688138,18.095460,ok
EES0423637__X36__Y1E__P020.jpg,0.716202,17.529908,ok
EES0423637__X39__Y1E__P021.jpg,0.659184,17.588407,ok
EES0423637__X39__Y33__P022.jpg,0.724533,17.850837,ok
EES0423637__X0C__Y1B__P023.jpg,0.785986,19.758375,ok
EES0423637__X0C__Y1E__P024.jpg,0.775498,19.659845,ok
EES0423637__X0C__Y2A__P025.jpg,0.887526,21.975387,ok
EES0423638__X27__Y1B__P001.jpg,0.556600,16.254927,ok
EES0423638__X42__Y1B__P002.jpg,0.739400,18.774955,ok
EES0423638__X42__Y30__P003.jpg,0.759977,18.587923,ok
EES0423638__X1E__Y09__P004.jpg,0.830258,19.753437,ok
EES0423638__X1E__Y1E__P005.jpg,0.784821,20.238897,ok
EES0423638__X1E__Y33__P006.jpg,0.904854,22.344187,ok
EES0423638__X21__Y1E__P007.jpg,0.691161,17.075022,ok
EES0423638__X24__Y30__P008.jpg,0.806447,20.366146,ok
EES0423638__X27__Y1B__P009.jpg,0.730811,18.248303,ok
EES0423638__X27__Y2D__P010.jpg,0.808604,19.764265,ok
EES0423638__X27__Y30__P011.jpg,0.868218,20.957118,ok
EES0423638__X27__Y33__P012.jpg,0.881707,21.526625,ok
EES0423638__X27__Y3C__P013.jpg,0.857152,21.512174,ok
EES0423638__X2D__Y1E__P014.jpg,0.725841,18.102995,ok
EES0423638__X2D__Y27__P015.jpg,0.709021,18.149925,ok
EES0423638__X2D__Y2A__P016.jpg,0.865306,22.168589,ok
EES0423638__X2D__Y2D__P017.jpg,0.886856,21.628000,ok
EES0423638__X2D__Y36__P018.jpg,0.904974,22.135123,ok
EES0423638__X30__Y1E__P019.jpg,0.919949,22.479646,ok
EES0423638__X30__Y27__P020.jpg,0.805599,20.315035,ok
EES0423638__X30__Y2A__P021.jpg,0.798654,19.575463,ok
EES0423638__X30__Y3C__P022.jpg,0.809846,19.343428,ok
EES0423638__X33__Y36__P023.jpg,0.738188,18.674620,ok
EES0423638__X36__Y0C__P024.jpg,0.887088,22.059585,ok
EES0423638__X39__Y15__P025.jpg,0.743965,18.921312,ok
EES0423639__X39__Y2A__P001.jpg,0.767963,18.956002,ok
EES0423639__X39__Y2D__P002.jpg,0.852009,20.644675,ok
EES0423639__X42__Y1E__P003.jpg,0.778937,19.865477,ok
EES0423639__X3F__Y1B__P004.jpg,0.787909,18.755793,ok
EES0423639__X1E__Y09__P005.jpg,0.844824,21.435158,ok
EES0423639__X21__Y09__P006.jpg,0.840870,18.402174,ok
EES0423639__X21__Y0C__P007.jpg,0.780751,19.571154,ok
EES0423639__X24__Y12__P008.jpg,0.739308,18.799818,ok
EES0423639__X24__Y3F__P009.jpg,0.790257,19.470678,ok
EES0423639__X2A__Y06__P010.jpg,0.767362,17.888986,ok
EES0423639__X2D__Y06__P011.jpg,0.680697,17.414535,ok
EES0423639__X2D__Y09__P012.jpg,0.865586,20.784611,ok
EES0423639__X30__Y09__P013.jpg,0.824386,20.247451,ok
EES0423639__X33__Y1B__P014.jpg,0.733756,18.292862,ok
EES0423639__X39__Y24__P015.jpg,0.813600,19.330691,ok
EES0423639__X3F__Y1B__P016.jpg,0.700316,17.738986,ok
EES0423639__X18__Y39__P017.jpg,0.883963,20.709457,ok
EES0423639__X1B__Y2A__P018.jpg,0.757890,17.140320,ok
EES0423639__X1B__Y2D__P019.jpg,0.808998,18.217253,ok
EES0423639__X1B__Y39__P020.jpg,0.906922,21.719530,ok
EES0423639__X1E__Y27__P021.jpg,0.867574,20.635713,ok
EES0423639__X1E__Y36__P022.jpg,0.810150,18.915223,ok
EES0423639__X1E__Y39__P023.jpg,0.870229,20.382678,ok
EES0423639__X21__Y2A__P024.jpg,0.766104,17.806046,ok
EES0423639__X21__Y39__P025.jpg,0.735166,16.209191,ok
EES0423640__X24__Y12__P001.jpg,0.829016,18.170372,ok
EES0423640__X24__Y27__P002.jpg,0.722256,16.493446,ok
EES0423640__X24__Y30__P003.jpg,0.729428,17.550965,ok
EES0423640__X24__Y33__P004.jpg,0.807691,18.043312,ok
EES0423640__X24__Y36__P005.jpg,0.694399,16.019508,ok
EES0423640__X24__Y39__P006.jpg,0.780675,17.243950,ok
EES0423640__X24__Y3C__P007.jpg,0.699980,15.739324,ok
EES0423640__X27__Y27__P008.jpg,0.803032,18.345919,ok
EES0423640__X27__Y2A__P009.jpg,0.805893,18.715932,ok
EES0423640__X27__Y2D__P010.jpg,0.721948,16.579569,ok
EES0423640__X27__Y39__P011.jpg,0.812321,17.550663,ok
EES0423640__X2A__Y12__P012.jpg,0.678401,15.838426,ok
EES0423640__X2A__Y27__P013.jpg,0.682987,16.090426,ok
EES0423640__X2A__Y2A__P014.jpg,0.656407,15.608416,ok
EES0423640__X2A__Y2D__P015.jpg,0.808791,19.261727,ok
EES0423640__X2A__Y33__P016.jpg,0.782284,17.604883,ok
EES0423640__X2A__Y39__P017.jpg,0.763690,16.598655,ok
EES0423640__X2A__Y3C__P018.jpg,0.643696,15.790251,ok
EES0423640__X2D__Y24__P019.jpg,0.770417,17.428082,ok
EES0423640__X2D__Y2A__P020.jpg,0.697609,16.542758,ok
EES0423640__X2D__Y33__P021.jpg,0.605502,16.157147,ok
EES0423640__X2D__Y3C__P022.jpg,0.797420,18.472229,ok
EES0423640__X30__Y30__P023.jpg,0.810698,17.819868,ok
EES0423640__X33__Y15__P024.jpg,0.833147,18.009946,ok
EES0423640__X33__Y1B__P025.jpg,0.684448,15.618551,ok
EES0423641__X33__Y2D__P001.jpg,0.687586,14.566692,ok
EES0423641__X33__Y30__P002.jpg,0.789680,17.049952,ok
EES0423641__X36__Y1E__P003.jpg,0.736990,16.448030,ok
EES0423641__X36__Y21__P004.jpg,0.812691,18.213737,ok
EES0423641__X36__Y24__P005.jpg,0.726720,16.250073,ok
EES0423641__X36__Y27__P006.jpg,0.731577,16.498001,ok
EES0423641__X3C__Y0F__P007.jpg,0.630746,16.605235,ok
EES0423641__X3C__Y21__P008.jpg,0.821413,17.988858,ok
EES0423641__X3C__Y24__P009.jpg,0.788825,18.641283,ok
EES0423641__X3C__Y2A__P010.jpg,0.623096,16.282538,ok
EES0423641__X3C__Y2D__P011.jpg,0.700225,16.082348,ok
EES0423641__X3C__Y30__P012.jpg,0.702205,17.036459,ok
EES0423641__X3C__Y33__P013.jpg,0.808677,18.044524,ok
EES0423641__X3F__Y24__P014.jpg,0.786477,17.388417,ok
EES0423641__X3F__Y2D__P015.jpg,0.785625,17.029987,ok
EES0423641__X0F__Y24__P016.jpg,0.882321,22.173149,ok
EES0423641__X1E__Y0C__P017.jpg,0.732432,16.436508,ok
EES0423641__X1E__Y0F__P018.jpg,0.797611,18.938221,ok
EES0423641__X21__Y15__P019.jpg,0.662555,17.695467,ok
EES0423641__X21__Y18__P020.jpg,0.777608,18.467772,ok
EES0423641__X21__Y1B__P021.jpg,0.651367,16.731576,ok
EES0423641__X21__Y1E__P022.jpg,0.706672,17.509072,ok
EES0423641__X21__Y2D__P023.jpg,0.824615,19.546011,ok
EES0423641__X24__Y0F__P024.jpg,0.699646,17.273518,ok
EES0423641__X24__Y1B__P025.jpg,0.765446,17.968511,ok
EES0423642__X24__Y1E__P001.jpg,0.722203,17.592165,ok
EES0423642__X24__Y27__P002.jpg,0.755127,19.114462,ok
EES0423642__X24__Y2A__P003.jpg,0.741783,17.887020,ok
EES0423642__X24__Y2D__P004.jpg,0.734248,18.098645,ok
EES0423642__X2A__Y27__P005.jpg,0.717216,18.304122,ok
EES0423642__X2A__Y2D__P006.jpg,0.742577,17.912532,ok
EES0423642__X2A__Y30__P007.jpg,0.627407,17.240752,ok
EES0423642__X2A__Y33__P008.jpg,0.805749,19.225352,ok
EES0423642__X30__Y1B__P009.jpg,0.697393,16.949109,ok
EES0423642__X36__Y15__P010.jpg,0.770597,18.565968,ok
EES0423642__X3C__Y15__P011.jpg,0.637249,17.528936,ok
EES0423642__X3C__Y18__P012.jpg,0.755413,18.068140,ok
EES0423642__X3C__Y30__P013.jpg,0.591094,15.718463,ok
EES0423642__X1B__Y33__P014.jpg,0.767597,16.614248,ok
EES0423642__X1E__Y21__P015.jpg,0.714833,16.445790,ok
EES0423642__X1E__Y27__P016.jpg,0.830171,18.356131,ok
EES0423642__X1E__Y2A__P017.jpg,0.776636,17.361298,ok
EES0423642__X1E__Y36__P018.jpg,0.639755,16.521129,ok
EES0423642__X1E__Y3C__P019.jpg,0.771424,16.802265,ok
EES0423642__X21__Y0C__P020.jpg,0.851995,19.764528,ok
EES0423642__X21__Y0F__P021.jpg,0.862778,20.683827,ok
EES0423642__X21__Y24__P022.jpg,0.798748,16.756651,ok
EES0423642__X21__Y27__P023.jpg,0.849098,20.212831,ok
EES0423642__X21__Y2A__P024.jpg,0.827782,19.555326,ok
EES0423642__X21__Y2D__P025.jpg,0.848916,20.458276,ok
EES0423643__X2D__Y2A__P001.jpg,0.745713,17.829388,ok
EES0423643__X2D__Y2D__P002.jpg,0.843983,20.324394,ok
EES0423643__X2D__Y30__P003.jpg,0.711061,17.034923,ok
EES0423643__X2D__Y33__P004.jpg,0.757954,16.717788,ok
EES0423643__X30__Y24__P005.jpg,0.823209,18.897125,ok
EES0423643__X30__Y27__P006.jpg,0.816086,18.853612,ok
EES0423643__X30__Y2A__P007.jpg,0.838884,18.755702,ok
EES0423643__X33__Y1E__P008.jpg,0.755918,18.474363,ok
EES0423643__X33__Y21__P009.jpg,0.794066,19.212081,ok
EES0423643__X33__Y24__P010.jpg,0.800874,18.716410,ok
EES0423643__X33__Y27__P011.jpg,0.775587,18.788893,ok
EES0423643__X33__Y2A__P012.jpg,0.815863,19.466854,ok
EES0423643__X33__Y2D__P013.jpg,0.829715,18.448828,ok
EES0423643__X33__Y30__P014.jpg,0.778888,17.341386,ok
EES0423643__X33__Y33__P015.jpg,0.900346,22.392217,ok
EES0423643__X36__Y1E__P016.jpg,0.823822,18.672998,ok
EES0423643__X36__Y2D__P017.jpg,0.811388,18.148717,ok
EES0423643__X36__Y30__P018.jpg,0.814061,18.647682,ok
EES0423643__X36__Y33__P019.jpg,0.852260,19.926791,ok
EES0423643__X36__Y36__P020.jpg,0.837750,18.899199,ok
EES0423643__X39__Y21__P021.jpg,0.751045,16.566350,ok
EES0423643__X0F__Y1E__P022.jpg,0.714026,18.320802,ok
EES0423643__X12__Y1E__P023.jpg,0.691925,17.406126,ok
EES0423643__X24__Y1B__P024.jpg,0.710106,16.819074,ok
EES0423643__X33__Y33__P025.jpg,0.743162,18.231612,ok
EES0423644__X36__Y33__P001.jpg,0.785622,17.878303,ok
EES0423644__X3C__Y30__P002.jpg,0.651513,16.032939,ok
EES0423644__X3C__Y33__P003.jpg,0.849664,21.365617,ok
EES0423644__X3F__Y1E__P004.jpg,0.617600,16.641418,ok
EES0423644__X48__Y1B__P005.jpg,0.846671,18.845331,ok
EES0423644__X0C__Y24__P006.jpg,0.629086,17.416104,ok
EES0423644__X0C__Y27__P007.jpg,0.814571,19.400375,ok
EES0423644__X12__Y18__P008.jpg,0.858487,20.309967,ok
EES0423644__X15__Y1B__P009.jpg,0.663562,17.850143,ok
EES0423644__X18__Y1B__P010.jpg,0.780007,20.446800,ok
EES0423644__X18__Y36__P011.jpg,0.905406,22.435123,ok
EES0423644__X21__Y1B__P012.jpg,0.864622,21.589872,ok
EES0423644__X21__Y1E__P013.jpg,0.732333,19.346254,ok
EES0423644__X21__Y33__P014.jpg,0.709990,18.519623,ok
EES0423644__X21__Y36__P015.jpg,0.656611,18.291017,ok
EES0423644__X24__Y3F__P016.jpg,0.685527,18.099120,ok
EES0423644__X33__Y0C__P017.jpg,0.701724,18.484166,ok
EES0423644__X36__Y18__P018.jpg,0.620824,17.691799,ok
EES0423644__X45__Y1E__P019.jpg,0.804527,21.059134,ok
EES0423644__X09__Y21__P020.jpg,0.864447,21.366140,ok
EES0423644__X09__Y27__P021.jpg,0.882453,22.313549,ok
EES0423644__X09__Y2A__P022.jpg,0.769461,20.178887,ok
EES0423644__X09__Y33__P023.jpg,0.869216,20.816455,ok
EES0423644__X0C__Y1E__P024.jpg,0.796091,19.868812,ok
EES0423644__X0C__Y21__P025.jpg,0.891152,21.986298,ok
EES0423645__X0C__Y27__P001.jpg,0.841788,22.004084,ok
EES0423645__X0C__Y30__P002.jpg,0.893513,22.826432,ok
EES0423645__X0F__Y1E__P003.jpg,0.902325,22.334596,ok
EES0423645__X12__Y21__P004.jpg,0.816864,20.900203,ok
EES0423645__X15__Y21__P005.jpg,0.698810,18.520291,ok
EES0423645__X15__Y30__P006.jpg,0.831909,21.776963,ok
EES0423645__X18__Y21__P007.jpg,0.883272,21.660963,ok
EES0423645__X1B__Y27__P008.jpg,0.771917,20.265886,ok
EES0423645__X1E__Y21__P009.jpg,0.705063,18.420812,ok
EES0423645__X1E__Y2A__P010.jpg,0.862940,22.556589,ok
EES0423645__X1E__Y2D__P011.jpg,0.781219,20.296094,ok
EES0423645__X1E__Y33__P012.jpg,0.813367,19.962070,ok
EES0423645__X1E__Y42__P013.jpg,0.770578,19.859150,ok
EES0423645__X24__Y09__P014.jpg,0.828702,20.332171,ok
EES0423645__X24__Y2A__P015.jpg,0.894914,22.033966,ok
EES0423645__X27__Y1E__P016.jpg,0.820791,20.728430,ok
EES0423645__X2A__Y1B__P017.jpg,0.923132,22.731496,ok
EES0423645__X2A__Y1E__P018.jpg,0.749226,17.620657,ok
EES0423645__X2D__Y18__P019.jpg,0.831505,21.142622,ok
EES0423645__X2D__Y1B__P020.jpg,0.704739,19.149586,ok
EES0423645__X2D__Y21__P021.jpg,0.806591,20.090030,ok
EES0423645__X30__Y15__P022.jpg,0.665381,17.069381,ok
EES0423645__X30__Y18__P023.jpg,0.766389,18.820720,ok
EES0423645__X30__Y1B__P024.jpg,0.743384,18.953516,ok
EES0423645__X30__Y1E__P025.jpg,0.738924,18.273379,ok
EES0423646__X0F__Y39__P001.jpg,0.729796,19.846599,ok
EES0423646__X0F__Y3C__P002.jpg,0.849975,20.810069,ok
EES0423646__X15__Y06__P003.jpg,0.785578,20.635119,ok
EES0423646__X15__Y3F__P004.jpg,0.802469,20.265576,ok
EES0423646__X18__Y3F__P005.jpg,0.736452,18.235971,ok
EES0423646__X1E__Y03__P006.jpg,0.786315,19.653794,ok
EES0423646__X1E__Y42__P007.jpg,0.775765,19.433374,ok
EES0423646__X21__Y03__P008.jpg,0.898271,22.099933,ok
EES0423646__X21__Y42__P009.jpg,0.581128,15.852634,ok
EES0423646__X24__Y03__P010.jpg,0.920776,23.438241,ok
EES0423646__X27__Y03__P011.jpg,0.923941,23.964829,ok
EES0423646__X2D__Y42__P012.jpg,0.926572,23.525680,ok
EES0423646__X33__Y3F__P013.jpg,0.865397,21.906945,ok
EES0423646__X42__Y18__P014.jpg,0.928735,25.859003,ok
EES0423646__X42__Y1B__P015.jpg,0.707452,19.858885,ok
EES0423646__X42__Y1E__P016.jpg,0.519377,16.875196,ok
EES0423646__X42__Y21__P017.jpg,0.598987,18.003216,ok
EES0423646__X42__Y2D__P018.jpg,0.819124,19.907084,ok
EES0423646__X0F__Y1E__P019.jpg,0.851124,20.983304,ok
EES0423646__X0F__Y21__P020.jpg,0.763109,18.686877,ok
EES0423646__X15__Y1E__P021.jpg,0.626899,16.486506,ok
EES0423646__X24__Y06__P022.jpg,0.852404,20.083310,ok
EES0423646__X24__Y09__P023.jpg,0.701372,16.785394,ok
EES0423646__X27__Y06__P024.jpg,0.841524,20.100711,ok
EES0423646__X2A__Y06__P025.jpg,0.869649,21.223647,ok
EES0423647__X2A__Y09__P001.jpg,0.799284,19.195511,ok
EES0423647__X33__Y3F__P002.jpg,0.630305,15.950216,ok
EES0423647__X36__Y06__P003.jpg,0.780904,18.471795,ok
EES0423647__X36__Y3F__P004.jpg,0.658869,16.369650,ok
EES0423647__X39__Y0C__P005.jpg,0.722121,17.954321,ok
EES0423647__X48__Y30__P006.jpg,0.926133,23.516785,ok
EES0423647__X21__Y42__P007.jpg,0.900307,22.642061,ok
EES0423647__X2A__Y42__P008.jpg,0.870734,21.826413,ok
EES0423647__X2D__Y06__P009.jpg,0.417115,15.468734,ok
EES0423647__X30__Y06__P010.jpg,0.895653,22.240445,ok
EES0423647__X42__Y18__P011.jpg,0.649555,17.823921,ok
EES0423647__X09__Y24__P012.jpg,0.753626,18.585236,ok
EES0423647__X0C__Y24__P013.jpg,0.785815,18.650145,ok
EES0423647__X0F__Y12__P014.jpg,0.852589,21.166853,ok
EES0423647__X0F__Y15__P015.jpg,0.838437,19.961247,ok
EES0423647__X12__Y15__P016.jpg,0.685191,18.032950,ok
EES0423647__X1E__Y09__P017.jpg,0.653353,16.482515,ok
EES0423647__X1E__Y0C__P018.jpg,0.614899,16.809689,ok
EES0423647__X21__Y09__P019.jpg,0.677586,16.891869,ok
EES0423647__X27__Y06__P020.jpg,0.550243,15.003421,ok
EES0423647__X2A__Y06__P021.jpg,0.717822,17.960182,ok
EES0423647__X2A__Y09__P022.jpg,0.747464,18.962458,ok
EES0423647__X33__Y3F__P023.jpg,0.680312,15.862514,ok
EES0423647__X33__Y42__P024.jpg,0.810500,18.878238,ok
EES0423647__X0C__Y12__P025.jpg,0.811260,20.682875,ok
EES0423648__X48__Y27__P001.jpg,0.754091,16.551168,ok
EES0423648__X48__Y2A__P002.jpg,0.824245,19.152690,ok
EES0423648__X0F__Y24__P003.jpg,0.675048,16.507539,ok
EES0423648__X0F__Y2A__P004.jpg,0.774353,19.287467,ok
EES0423648__X12__Y27__P005.jpg,0.612473,15.902893,ok
EES0423648__X15__Y2A__P006.jpg,0.669360,16.409789,ok
EES0423648__X18__Y39__P007.jpg,0.724048,16.375060,ok
EES0423648__X1B__Y39__P008.jpg,0.668627,16.496374,ok
EES0423648__X1E__Y3C__P009.jpg,0.639142,15.607492,ok
EES0423648__X24__Y3C__P010.jpg,0.591825,15.741081,ok
EES0423648__X24__Y3F__P011.jpg,0.836407,19.675312,ok
EES0423648__X27__Y3C__P012.jpg,0.645244,16.338748,ok
EES0423648__X27__Y3F__P013.jpg,0.658612,16.719444,ok
EES0423648__X2A__Y3C__P014.jpg,0.640921,16.105062,ok
EES0423648__X2A__Y3F__P015.jpg,0.658490,15.577304,ok
EES0423648__X2D__Y3F__P016.jpg,0.596366,15.761373,ok
EES0423648__X30__Y3F__P017.jpg,0.690352,15.685844,ok
EES0423648__X33__Y3F__P018.jpg,0.822637,19.886865,ok
EES0423648__X39__Y33__P019.jpg,0.547596,16.067768,ok
EES0423648__X3C__Y39__P020.jpg,0.580859,16.403684,ok
EES0423648__X3F__Y36__P021.jpg,0.606340,17.081608,ok
EES0423648__X3F__Y39__P022.jpg,0.632977,16.165612,ok
EES0423648__X45__Y33__P023.jpg,0.763441,18.307467,ok
EES0423648__X48__Y1B__P024.jpg,0.655653,17.124054,ok
EES0423648__X48__Y27__P025.jpg,0.660923,17.089635,ok
EES0423649__X48__Y2A__P001.jpg,0.653291,16.323678,ok
EES0423649__X48__Y2D__P002.jpg,0.885677,22.800505,ok
EES0423649__X06__Y24__P003.jpg,0.906825,22.664728,ok
EES0423649__X09__Y1B__P004.jpg,0.814879,20.521162,ok
EES0423649__X09__Y1E__P005.jpg,0.725437,18.400117,ok
EES0423649__X0C__Y15__P006.jpg,0.828653,19.327742,ok
EES0423649__X0C__Y18__P007.jpg,0.753260,17.493834,ok
EES0423649__X0F__Y12__P008.jpg,0.763465,17.850986,ok
EES0423649__X12__Y0F__P009.jpg,0.797713,19.374976,ok
EES0423649__X15__Y0C__P010.jpg,0.683223,16.632338,ok
EES0423649__X18__Y0C__P011.jpg,0.729576,18.582729,ok
EES0423649__X1B__Y09__P012.jpg,0.566869,16.052797,ok
EES0423649__X1B__Y0C__P013.jpg,0.607359,15.774656,ok
EES0423649__X1B__Y42__P014.jpg,0.804603,20.881091,ok
EES0423649__X1E__Y06__P015.jpg,0.846997,20.432803,ok
EES0423649__X21__Y06__P016.jpg,0.710959,17.569369,ok
EES0423649__X24__Y45__P017.jpg,0.825753,20.308205,ok
EES0423649__X27__Y06__P018.jpg,0.785819,18.580053,ok
EES0423649__X2A__Y06__P019.jpg,0.799220,20.006423,ok
EES0423649__X2D__Y06__P020.jpg,0.735915,18.712999,ok
EES0423649__X2D__Y45__P021.jpg,0.615486,16.617814,ok
EES0423649__X30__Y06__P022.jpg,0.837764,20.928477,ok
EES0423649__X30__Y45__P023.jpg,0.752550,18.099707,ok
EES0423649__X39__Y0C__P024.jpg,0.710615,18.583453,ok
EES0423649__X3F__Y39__P025.jpg,0.812139,20.326915,ok
EES0423650__X45__Y1B__P001.jpg,0.803451,20.577529,ok
EES0423650__X09__Y1E__P002.jpg,0.796544,19.565198,ok
EES0423650__X0C__Y15__P003.jpg,0.845360,23.142279,ok
EES0423650__X0C__Y1E__P004.jpg,0.546697,17.172431,ok
EES0423650__X0C__Y21__P005.jpg,0.723835,17.942070,ok
EES0423650__X0F__Y0F__P006.jpg,0.920784,25.291677,ok
EES0423650__X12__Y0C__P007.jpg,0.942489,24.888034,ok
EES0423650__X12__Y39__P008.jpg,0.804905,20.910822,ok
EES0423650__X15__Y3C__P009.jpg,0.847132,23.168846,ok
EES0423650__X18__Y09__P010.jpg,0.871482,22.104850,ok
EES0423650__X18__Y39__P011.jpg,0.674819,17.538463,ok
EES0423650__X18__Y3C__P012.jpg,0.744073,19.272031,ok
EES0423650__X1E__Y06__P013.jpg,0.788397,20.239233,ok
EES0423650__X1E__Y3C__P014.jpg,0.721245,18.216106,ok
EES0423650__X1E__Y3F__P015.jpg,0.580812,16.940666,ok
EES0423650__X21__Y3F__P016.jpg,0.673830,17.815385,ok
EES0423650__X21__Y42__P017.jpg,0.824985,20.549761,ok
EES0423650__X24__Y3C__P018.jpg,0.672461,17.359003,ok
EES0423650__X24__Y3F__P019.jpg,0.644615,18.594973,ok
EES0423650__X24__Y42__P020.jpg,0.762823,19.534608,ok
EES0423650__X27__Y42__P021.jpg,0.591455,16.106747,ok
EES0423650__X2D__Y06__P022.jpg,0.781119,21.772063,ok
EES0423650__X30__Y06__P023.jpg,0.898210,24.167975,ok
EES0423650__X33__Y3F__P024.jpg,0.620228,17.397266,ok
EES0423650__X36__Y09__P025.jpg,0.767286,20.065533,ok
EES0423651__X36__Y3C__P001.jpg,0.532581,15.878431,ok
EES0423651__X36__Y3F__P002.jpg,0.689625,16.683027,ok
EES0423651__X3F__Y39__P003.jpg,0.924960,26.666489,ok
EES0423651__X09__Y24__P004.jpg,0.794456,18.032558,ok
EES0423651__X0F__Y30__P005.jpg,0.701280,17.263697,ok
EES0423651__X18__Y09__P006.jpg,0.762251,18.457797,ok
EES0423651__X1B__Y3C__P007.jpg,0.721213,16.886349,ok
EES0423651__X21__Y30__P008.jpg,0.694795,16.959061,ok
EES0423651__X21__Y3C__P009.jpg,0.514743,15.549149,ok
EES0423651__X24__Y3C__P010.jpg,0.651273,16.491446,ok
EES0423651__X30__Y1E__P011.jpg,0.660756,16.998969,ok
EES0423651__X30__Y30__P012.jpg,0.678894,17.521378,ok
EES0423651__X33__Y3C__P013.jpg,0.684448,16.269019,ok
EES0423651__X36__Y12__P014.jpg,0.767298,18.068789,ok
EES0423651__X36__Y15__P015.jpg,0.677663,17.184457,ok
EES0423651__X36__Y30__P016.jpg,0.646186,16.448002,ok
EES0423651__X12__Y1B__P017.jpg,0.876418,23.767549,ok
EES0423651__X12__Y24__P018.jpg,0.905146,23.778377,ok
EES0423651__X15__Y15__P019.jpg,0.876142,19.861577,ok
EES0423651__X1B__Y0C__P020.jpg,0.851601,21.514572,ok
EES0423651__X1B__Y1E__P021.jpg,0.890316,23.887563,ok
EES0423651__X1E__Y0C__P022.jpg,0.893716,24.224644,ok
EES0423651__X1E__Y0F__P023.jpg,0.905818,23.893062,ok
EES0423651__X1E__Y12__P024.jpg,0.876128,22.224911,ok
EES0423651__X1E__Y15__P025.jpg,0.860739,21.203124,ok
EES0423652__X30__Y21__P001.jpg,0.898715,25.097364,ok
EES0423652__X30__Y24__P002.jpg,0.854412,22.089947,ok
EES0423652__X30__Y2D__P003.jpg,0.899196,23.981260,ok
EES0423652__X30__Y36__P004.jpg,0.896535,24.018205,ok
EES0423652__X30__Y3C__P005.jpg,0.885768,23.732684,ok
EES0423652__X36__Y21__P006.jpg,0.913129,24.891202,ok
EES0423652__X36__Y39__P007.jpg,0.901578,25.202348,ok
EES0423652__X39__Y0C__P008.jpg,0.918195,25.029784,ok
EES0423652__X39__Y33__P009.jpg,0.891363,22.987240,ok
EES0423652__X3F__Y1B__P010.jpg,0.908857,24.848139,ok
EES0423652__X3F__Y30__P011.jpg,0.828464,20.670484,ok
EES0423652__X42__Y24__P012.jpg,0.932038,27.108854,ok
EES0423652__X42__Y2A__P013.jpg,0.907429,24.324135,ok
EES0423652__X12__Y2D__P014.jpg,0.762558,18.052551,ok
EES0423652__X12__Y30__P015.jpg,0.804469,17.886523,ok
EES0423652__X15__Y18__P016.jpg,0.829250,19.122725,ok
EES0423652__X18__Y1B__P017.jpg,0.850233,19.866842,ok
EES0423652__X21__Y30__P018.jpg,0.788809,19.292051,ok
EES0423652__X24__Y2D__P019.jpg,0.674364,17.494238,ok
EES0423652__X24__Y30__P020.jpg,0.750182,18.897225,ok
EES0423652__X2A__Y3F__P021.jpg,0.757113,17.953974,ok
EES0423652__X2D__Y0F__P022.jpg,0.774655,18.048006,ok
EES0423652__X2D__Y3F__P023.jpg,0.781521,18.744349,ok
EES0423652__X30__Y12__P024.jpg,0.757365,18.505399,ok
EES0423652__X33__Y3F__P025.jpg,0.782896,18.046920,ok
EES0423653__X3C__Y1E__P001.jpg,0.754475,17.537515,ok
EES0423653__X3C__Y36__P002.jpg,0.851456,20.426254,ok
EES0423653__X3C__Y39__P003.jpg,0.822780,20.795262,ok
EES0423653__X3F__Y12__P004.jpg,0.876273,21.367572,ok
EES0423653__X3F__Y2A__P005.jpg,0.783890,19.523835,ok
EES0423653__X3F__Y2D__P006.jpg,0.825831,20.900822,ok
EES0423653__X3F__Y30__P007.jpg,0.737167,18.233794,ok
EES0423653__X3F__Y33__P008.jpg,0.718462,17.455830,ok
EES0423653__X42__Y27__P009.jpg,0.822574,20.223610,ok
EES0423653__X42__Y33__P010.jpg,0.694761,16.313949,ok
EES0423653__X0C__Y15__P011.jpg,0.852686,20.496374,ok
EES0423653__X0F__Y12__P012.jpg,0.698721,16.167435,ok
EES0423653__X0F__Y15__P013.jpg,0.657989,17.350917,ok
EES0423653__X0F__Y18__P014.jpg,0.592419,16.871659,ok
EES0423653__X0F__Y1B__P015.jpg,0.914745,24.987541,ok
EES0423653__X0F__Y1E__P016.jpg,0.650417,17.449643,ok
EES0423653__X0F__Y24__P017.jpg,0.816708,19.662818,ok
EES0423653__X12__Y15__P018.jpg,0.892852,23.436799,ok
EES0423653__X12__Y1E__P019.jpg,0.846353,21.811166,ok
EES0423653__X12__Y30__P020.jpg,0.733504,17.623662,ok
EES0423653__X12__Y36__P021.jpg,0.811408,22.672433,ok
EES0423653__X15__Y0C__P022.jpg,0.723602,19.119215,ok
EES0423653__X15__Y1B__P023.jpg,0.737778,19.516324,ok
EES0423653__X15__Y1E__P024.jpg,0.676052,17.965601,ok
EES0423653__X15__Y27__P025.jpg,0.721745,17.396538,ok
EES0423654__X2A__Y06__P001.jpg,0.614503,18.016802,ok
EES0423654__X2A__Y3C__P002.jpg,0.627764,16.127063,ok
EES0423654__X39__Y0C__P003.jpg,0.798171,19.587456,ok
EES0423654__X39__Y39__P004.jpg,0.629333,16.631840,ok
EES0423654__X42__Y15__P005.jpg,0.697719,17.076498,ok
EES0423654__X42__Y30__P006.jpg,0.840654,21.402243,ok
EES0423654__X45__Y24__P007.jpg,0.662933,16.298431,ok
EES0423654__X45__Y27__P008.jpg,0.936252,26.522011,ok
EES0423654__X15__Y36__P009.jpg,0.766339,18.251438,ok
EES0423654__X1E__Y06__P010.jpg,0.834322,20.001688,ok
EES0423654__X1E__Y09__P011.jpg,0.889402,22.495475,ok
EES0423654__X21__Y1E__P012.jpg,0.809871,19.040789,ok
EES0423654__X21__Y21__P013.jpg,0.865014,21.516431,ok
EES0423654__X21__Y30__P014.jpg,0.730839,17.038934,ok
EES0423654__X24__Y18__P015.jpg,0.836679,20.224266,ok
EES0423654__X24__Y30__P016.jpg,0.742950,17.733632,ok
EES0423654__X24__Y33__P017.jpg,0.784415,18.437201,ok
EES0423654__X24__Y36__P018.jpg,0.808652,18.833002,ok
EES0423654__X24__Y3F__P019.jpg,0.792918,18.921562,ok
EES0423654__X27__Y21__P020.jpg,0.853449,20.957740,ok
EES0423654__X27__Y2A__P021.jpg,0.747081,17.571589,ok
EES0423654__X27__Y33__P022.jpg,0.830342,19.654069,ok
EES0423654__X27__Y36__P023.jpg,0.768885,18.128012,ok
EES0423654__X27__Y3F__P024.jpg,0.776511,18.872423,ok
EES0423654__X2A__Y1B__P025.jpg,0.809207,18.250744,ok
EES0423655__X2A__Y21__P001.jpg,0.761294,17.942056,ok
EES0423655__X2A__Y2A__P002.jpg,0.786297,17.693562,ok
EES0423655__X2A__Y2D__P003.jpg,0.720207,17.040444,ok
EES0423655__X2A__Y30__P004.jpg,0.836057,20.380142,ok
EES0423655__X2A__Y3F__P005.jpg,0.584609,15.220191,ok
EES0423655__X2D__Y2D__P006.jpg,0.800373,19.122762,ok
EES0423655__X2D__Y30__P007.jpg,0.726446,17.482226,ok
EES0423655__X30__Y1B__P008.jpg,0.811462,18.755577,ok
EES0423655__X30__Y2A__P009.jpg,0.851084,21.414681,ok
EES0423655__X30__Y30__P010.jpg,0.710410,17.615134,ok
EES0423655__X33__Y1E__P011.jpg,0.861064,20.833283,ok
EES0423655__X39__Y2D__P012.jpg,0.764430,17.475692,ok
EES0423655__X39__Y30__P013.jpg,0.769364,18.277417,ok
EES0423655__X3C__Y2A__P014.jpg,0.767371,18.522965,ok
EES0423655__X3C__Y30__P015.jpg,0.869138,22.064609,ok
EES0423655__X3F__Y15__P016.jpg,0.781281,17.263687,ok
EES0423655__X3F__Y30__P017.jpg,0.774953,17.986246,ok
EES0423655__X12__Y30__P018.jpg,0.876502,22.499708,ok
EES0423655__X18__Y0F__P019.jpg,0.843294,20.466556,ok
EES0423655__X21__Y03__P020.jpg,0.662983,15.857965,ok
EES0423655__X21__Y39__P021.jpg,0.726493,17.524549,ok
EES0423655__X27__Y03__P022.jpg,0.797649,18.332325,ok
EES0423655__X2A__Y06__P023.jpg,0.821665,20.280329,ok
EES0423655__X2D__Y15__P024.jpg,0.772575,18.834236,ok
EES0423655__X30__Y03__P025.jpg,0.834857,20.485142,ok
EES0423656__X30__Y12__P001.jpg,0.746218,17.803913,ok
EES0423656__X30__Y39__P002.jpg,0.790669,18.969967,ok
EES0423656__X3C__Y36__P003.jpg,0.822376,20.547017,ok
EES0423656__X0C__Y1E__P004.jpg,0.897075,24.198613,ok
EES0423656__X0C__Y27__P005.jpg,0.871454,21.320602,ok
EES0423656__X12__Y36__P006.jpg,0.866868,21.604258,ok
EES0423656__X15__Y36__P007.jpg,0.811169,18.720156,ok
EES0423656__X1B__Y39__P008.jpg,0.867544,21.325823,ok
EES0423656__X21__Y27__P009.jpg,0.801326,19.341743,ok
EES0423656__X21__Y2A__P010.jpg,0.769735,18.136784,ok
EES0423656__X2D__Y39__P011.jpg,0.590792,14.971485,ok
EES0423656__X33__Y2D__P012.jpg,0.764203,17.346284,ok
EES0423656__X36__Y36__P013.jpg,0.611392,15.366806,ok
EES0423656__X36__Y39__P014.jpg,0.781552,19.219922,ok
EES0423656__X0C__Y18__P015.jpg,0.785872,18.500109,ok
EES0423656__X0C__Y1B__P016.jpg,0.606620,17.648120,ok
EES0423656__X0C__Y24__P017.jpg,0.622328,17.822455,ok
EES0423656__X0C__Y2A__P018.jpg,0.741316,17.911359,ok
EES0423656__X0F__Y12__P019.jpg,0.731583,18.003972,ok
EES0423656__X0F__Y1B__P020.jpg,0.712943,17.600513,ok
EES0423656__X0F__Y27__P021.jpg,0.747063,18.833326,ok
EES0423656__X0F__Y2A__P022.jpg,0.732820,18.567428,ok
EES0423656__X0F__Y2D__P023.jpg,0.729802,18.955820,ok
EES0423656__X12__Y0F__P024.jpg,0.768408,19.338605,ok
EES0423656__X12__Y12__P025.jpg,0.687539,18.087183,ok
EES0423657__X12__Y18__P001.jpg,0.689147,16.649820,ok
EES0423657__X18__Y0F__P002.jpg,0.839835,19.998216,ok
EES0423657__X1B__Y12__P003.jpg,0.719439,18.543318,ok
EES0423657__X1E__Y42__P004.jpg,0.808154,21.153173,ok
EES0423657__X21__Y0C__P005.jpg,0.747223,18.020519,ok
EES0423657__X21__Y0F__P006.jpg,0.626786,16.961684,ok
EES0423657__X24__Y06__P007.jpg,0.877794,22.696400,ok
EES0423657__X24__Y09__P008.jpg,0.787301,18.863434,ok
EES0423657__X24__Y0C__P009.jpg,0.704862,17.393186,ok
EES0423657__X27__Y0C__P010.jpg,0.680190,17.883011,ok
EES0423657__X36__Y09__P011.jpg,0.681690,16.087597,ok
EES0423657__X39__Y30__P012.jpg,0.570462,17.361067,ok
EES0423657__X39__Y3F__P013.jpg,0.912961,28.622515,ok
EES0423657__X3C__Y0F__P014.jpg,0.790984,17.649234,ok
EES0423657__X3F__Y39__P015.jpg,0.721176,17.640307,ok
EES0423657__X45__Y18__P016.jpg,0.748454,18.481728,ok
EES0423657__X48__Y21__P017.jpg,0.824402,19.794567,ok
EES0423657__X48__Y24__P018.jpg,0.724264,17.691184,ok
EES0423657__X48__Y27__P019.jpg,0.724391,18.060718,ok
EES0423657__X09__Y12__P020.jpg,0.763629,17.832409,ok
EES0423657__X09__Y15__P021.jpg,0.789408,18.969509,ok
EES0423657__X09__Y1E__P022.jpg,0.761330,19.026049,ok
EES0423657__X09__Y24__P023.jpg,0.694654,18.432579,ok
EES0423657__X09__Y2A__P024.jpg,0.713799,18.391437,ok
EES0423657__X0C__Y30__P025.jpg,0.829018,20.071510,ok
EES0423658__X1B__Y24__P001.jpg,0.790510,20.166535,ok
EES0423658__X1B__Y30__P002.jpg,0.874708,21.985314,ok
EES0423658__X1E__Y06__P003.jpg,0.816932,20.492091,ok
EES0423658__X1E__Y09__P004.jpg,0.796443,20.408052,ok
EES0423658__X1E__Y27__P005.jpg,0.860650,20.404551,ok
EES0423658__X1E__Y30__P006.jpg,0.838995,20.329859,ok
EES0423658__X21__Y06__P007.jpg,0.805559,19.638221,ok
EES0423658__X21__Y18__P008.jpg,0.847545,21.987292,ok
EES0423658__X24__Y0C__P009.jpg,0.770878,19.705179,ok
EES0423658__X24__Y2A__P010.jpg,0.854848,23.206579,ok
EES0423658__X27__Y09__P011.jpg,0.894717,23.733463,ok
EES0423658__X27__Y0C__P012.jpg,0.714549,19.650186,ok
EES0423658__X2D__Y36__P013.jpg,0.770403,20.250984,ok
EES0423658__X2D__Y39__P014.jpg,0.843433,20.640493,ok
EES0423658__X30__Y09__P015.jpg,0.687141,17.033748,ok
EES0423658__X30__Y21__P016.jpg,0.854766,22.374976,ok
EES0423658__X30__Y30__P017.jpg,0.747468,17.923098,ok
EES0423658__X30__Y36__P018.jpg,0.838396,21.500553,ok
EES0423658__X30__Y3C__P019.jpg,0.762495,18.481199,ok
EES0423658__X33__Y3C__P020.jpg,0.709441,19.824811,ok
EES0423658__X36__Y09__P021.jpg,0.747148,18.551977,ok
EES0423658__X36__Y15__P022.jpg,0.883049,23.398696,ok
EES0423658__X36__Y1B__P023.jpg,0.631152,17.395929,ok
EES0423658__X36__Y21__P024.jpg,0.773762,18.233116,ok
EES0423658__X36__Y39__P025.jpg,0.745889,19.155857,ok
EES0423659__X2D__Y1B__P001.jpg,0.674381,17.569900,ok
EES0423659__X30__Y09__P002.jpg,0.759148,18.362235,ok
EES0423659__X30__Y12__P003.jpg,0.771024,19.179320,ok
EES0423659__X30__Y1B__P004.jpg,0.705423,17.966525,ok
EES0423659__X30__Y33__P005.jpg,0.706884,18.821625,ok
EES0423659__X30__Y36__P006.jpg,0.754839,18.949365,ok
EES0423659__X30__Y3C__P007.jpg,0.715999,19.843815,ok
EES0423659__X33__Y21__P008.jpg,0.640895,17.169653,ok
EES0423659__X36__Y09__P009.jpg,0.688002,16.430492,ok
EES0423659__X36__Y1E__P010.jpg,0.846924,19.774771,ok
EES0423659__X36__Y21__P011.jpg,0.670628,16.821581,ok
EES0423659__X39__Y27__P012.jpg,0.632699,17.475200,ok
EES0423659__X48__Y27__P013.jpg,0.834061,20.651309,ok
EES0423659__X09__Y15__P014.jpg,0.815932,18.373120,ok
EES0423659__X09__Y2D__P015.jpg,0.863246,19.231565,ok
EES0423659__X0C__Y12__P016.jpg,0.835719,21.326601,ok
EES0423659__X0C__Y18__P017.jpg,0.818624,19.491457,ok
EES0423659__X0F__Y18__P018.jpg,0.786276,16.814330,ok
EES0423659__X0F__Y1E__P019.jpg,0.737551,16.705743,ok
EES0423659__X12__Y18__P020.jpg,0.845242,24.128709,ok
EES0423659__X12__Y1B__P021.jpg,0.723942,17.905998,ok
EES0423659__X12__Y27__P022.jpg,0.809826,20.069340,ok
EES0423659__X12__Y30__P023.jpg,0.866304,21.641928,ok
EES0423659__X15__Y09__P024.jpg,0.789194,17.902514,ok
EES0423659__X15__Y12__P025.jpg,0.807917,17.936371,ok
EES0423660__X2A__Y15__P001.jpg,0.755579,17.313825,ok
EES0423660__X2A__Y30__P002.jpg,0.867298,21.211286,ok
EES0423660__X2D__Y0C__P003.jpg,0.782892,18.018422,ok
EES0423660__X2D__Y0F__P004.jpg,0.847663,20.462433,ok
EES0423660__X2D__Y12__P005.jpg,0.782682,18.560664,ok
EES0423660__X2D__Y18__P006.jpg,0.767453,17.894452,ok
EES0423660__X2D__Y21__P007.jpg,0.777501,18.114132,ok
EES0423660__X30__Y0F__P008.jpg,0.601260,16.875078,ok
EES0423660__X30__Y15__P009.jpg,0.850123,20.800796,ok
EES0423660__X30__Y1E__P010.jpg,0.723130,17.236905,ok
EES0423660__X30__Y21__P011.jpg,0.764731,19.063577,ok
EES0423660__X30__Y27__P012.jpg,0.694337,17.608864,ok
EES0423660__X30__Y30__P013.jpg,0.842589,21.633055,ok
EES0423660__X30__Y36__P014.jpg,0.806833,19.414843,ok
EES0423660__X33__Y1B__P015.jpg,0.685909,16.555346,ok
EES0423660__X33__Y36__P016.jpg,0.856504,19.702954,ok
EES0423660__X36__Y0F__P017.jpg,0.905118,24.233275,ok
EES0423660__X36__Y15__P018.jpg,0.720749,17.071771,ok
EES0423660__X36__Y18__P019.jpg,0.793433,17.680237,ok
EES0423660__X36__Y1B__P020.jpg,0.787292,18.756469,ok
EES0423660__X36__Y21__P021.jpg,0.778350,18.554724,ok
EES0423660__X36__Y27__P022.jpg,0.774440,17.232349,ok
EES0423660__X36__Y2A__P023.jpg,0.811467,19.108625,ok
EES0423660__X36__Y30__P024.jpg,0.729820,17.207199,ok
EES0423660__X36__Y33__P025.jpg,0.859230,20.542378,ok
EES0423661__X36__Y1E__P001.jpg,0.542834,15.740577,ok
EES0423661__X36__Y3C__P002.jpg,0.591971,16.278679,ok
EES0423661__X3C__Y18__P003.jpg,0.543981,16.144525,ok
EES0423661__X3F__Y15__P004.jpg,0.605108,16.256171,ok
EES0423661__X45__Y1E__P005.jpg,0.577341,15.432932,ok
EES0423661__X09__Y2D__P006.jpg,0.925770,27.046765,ok
EES0423661__X12__Y2D__P007.jpg,0.887290,23.652088,ok
EES0423661__X1E__Y15__P008.jpg,0.868999,21.115009,ok
EES0423661__X2A__Y09__P009.jpg,0.852403,20.693235,ok
EES0423661__X30__Y06__P010.jpg,0.918412,24.368587,ok
EES0423661__X30__Y09__P011.jpg,0.809526,19.627326,ok
EES0423661__X30__Y0C__P012.jpg,0.780331,19.685885,ok
EES0423661__X30__Y3C__P013.jpg,0.855685,21.575622,ok
EES0423661__X33__Y30__P014.jpg,0.683396,16.917189,ok
EES0423661__X36__Y30__P015.jpg,0.779107,19.775426,ok
EES0423661__X39__Y1B__P016.jpg,0.802926,19.731000,ok
EES0423661__X3C__Y21__P017.jpg,0.860259,21.954734,ok
EES0423661__X42__Y15__P018.jpg,0.936472,26.890433,ok
EES0423661__X3C__Y0C__P019.jpg,0.867900,20.458154,ok
EES0423661__X21__Y06__P020.jpg,0.723569,16.928439,ok
EES0423661__X45__Y1E__P021.jpg,0.716690,16.842242,ok
EES0423661__X09__Y06__P022.jpg,0.763916,17.349857,ok
EES0423661__X09__Y15__P023.jpg,0.873105,22.659563,ok
EES0423661__X09__Y18__P024.jpg,0.754332,17.798742,ok
EES0423661__X09__Y1B__P025.jpg,0.752843,19.151154,ok
EES0423662__X09__Y30__P001.jpg,0.843754,20.796843,ok
EES0423662__X09__Y33__P002.jpg,0.750672,18.565429,ok
EES0423662__X09__Y36__P003.jpg,0.861600,23.744597,ok
EES0423662__X0C__Y33__P004.jpg,0.703624,18.369196,ok
EES0423662__X0C__Y36__P005.jpg,0.736544,19.239397,ok
EES0423662__X0C__Y39__P006.jpg,0.816854,20.581503,ok
EES0423662__X0F__Y0C__P007.jpg,0.868742,22.168440,ok
EES0423662__X0F__Y3C__P008.jpg,0.826196,20.880884,ok
EES0423662__X12__Y3F__P009.jpg,0.849408,20.948934,ok
EES0423662__X18__Y42__P010.jpg,0.919604,27.781405,ok
EES0423662__X1B__Y42__P011.jpg,0.717319,18.169320,ok
EES0423662__X1E__Y42__P012.jpg,0.699621,18.915868,ok
EES0423662__X21__Y42__P013.jpg,0.710258,18.435340,ok
EES0423662__X24__Y42__P014.jpg,0.628573,17.167558,ok
EES0423662__X27__Y03__P015.jpg,0.842136,22.947079,ok
EES0423662__X2D__Y42__P016.jpg,0.776340,19.958229,ok
EES0423662__X30__Y42__P017.jpg,0.890256,22.429033,ok
EES0423662__X45__Y2A__P018.jpg,0.914850,27.571683,ok
EES0423662__X0C__Y30__P019.jpg,0.835710,21.604961,ok
EES0423662__X0F__Y30__P020.jpg,0.614093,16.570236,ok
EES0423662__X0F__Y36__P021.jpg,0.928907,28.069163,ok
EES0423662__X12__Y36__P022.jpg,0.668648,17.041340,ok
EES0423662__X12__Y39__P023.jpg,0.865784,24.102607,ok
EES0423662__X18__Y3C__P024.jpg,0.691257,18.283122,ok
EES0423662__X1B__Y3F__P025.jpg,0.908719,23.436809,ok
EES0423663__X1E__Y3F__P001.jpg,0.598896,16.991207,ok
EES0423663__X33__Y3F__P002.jpg,0.686638,18.406658,ok
EES0423663__X36__Y3F__P003.jpg,0.909513,23.891894,ok
EES0423663__X39__Y3C__P004.jpg,0.623540,17.640115,ok
EES0423663__X39__Y3F__P005.jpg,0.818877,20.979566,ok
EES0423663__X3C__Y3C__P006.jpg,0.869000,24.112794,ok
EES0423663__X3F__Y39__P007.jpg,0.861682,24.332101,ok
EES0423663__X42__Y36__P008.jpg,0.908041,23.893009,ok
EES0423663__X09__Y1B__P009.jpg,0.881000,24.527772,ok
EES0423663__X09__Y1E__P010.jpg,0.794364,19.772773,ok
EES0423663__X09__Y21__P011.jpg,0.653306,16.374418,ok
EES0423663__X09__Y24__P012.jpg,0.771543,19.567148,ok
EES0423663__X09__Y27__P013.jpg,0.725827,18.023406,ok
EES0423663__X09__Y2A__P014.jpg,0.883796,22.272902,ok
EES0423663__X09__Y2D__P015.jpg,0.817332,21.479634,ok
EES0423663__X0C__Y18__P016.jpg,0.779346,20.233415,ok
EES0423663__X0C__Y27__P017.jpg,0.666692,18.398085,ok
EES0423663__X0C__Y2A__P018.jpg,0.688975,18.320032,ok
EES0423663__X0C__Y2D__P019.jpg,0.770770,17.812553,ok
EES0423663__X0C__Y33__P020.jpg,0.907916,23.376282,ok
EES0423663__X0F__Y36__P021.jpg,0.772086,20.273081,ok
EES0423663__X12__Y36__P022.jpg,0.707063,19.085678,ok
EES0423663__X12__Y39__P023.jpg,0.634583,18.501688,ok
EES0423663__X12__Y3C__P024.jpg,0.811617,20.691997,ok
EES0423663__X15__Y0C__P025.jpg,0.928101,25.352277,ok
EES0423664__X15__Y3C__P001.jpg,0.699882,18.517397,ok
EES0423664__X15__Y3F__P002.jpg,0.751420,18.070578,ok
EES0423664__X18__Y36__P003.jpg,0.706984,17.184833,ok
EES0423664__X18__Y3F__P004.jpg,0.849645,21.022850,ok
EES0423664__X1B__Y09__P005.jpg,0.838777,21.071884,ok
EES0423664__X1B__Y36__P006.jpg,0.728457,19.486813,ok
EES0423664__X1B__Y3F__P007.jpg,0.713849,18.217951,ok
EES0423664__X1E__Y3C__P008.jpg,0.721165,18.445575,ok
EES0423664__X1E__Y3F__P009.jpg,0.659605,17.955906,ok
EES0423664__X1E__Y42__P010.jpg,0.857922,17.708089,ok
EES0423664__X21__Y06__P011.jpg,0.944087,30.799392,ok
EES0423664__X21__Y3C__P012.jpg,0.672212,18.433072,ok
EES0423664__X21__Y42__P013.jpg,0.846315,21.652649,ok
EES0423664__X24__Y06__P014.jpg,0.927166,27.768278,ok
EES0423664__X24__Y3F__P015.jpg,0.650607,17.370306,ok
EES0423664__X24__Y42__P016.jpg,0.823975,19.929394,ok
EES0423664__X27__Y06__P017.jpg,0.839573,22.483420,ok
EES0423664__X27__Y42__P018.jpg,0.719616,16.889658,ok
EES0423664__X2A__Y06__P019.jpg,0.918636,26.860586,ok
EES0423664__X2A__Y42__P020.jpg,0.743714,19.117405,ok
EES0423664__X2D__Y42__P021.jpg,0.649383,17.331009,ok
EES0423664__X30__Y3F__P022.jpg,0.571433,17.077181,ok
EES0423664__X30__Y42__P023.jpg,0.797087,20.417758,ok
EES0423664__X33__Y09__P024.jpg,0.817340,21.253179,ok
EES0423664__X33__Y42__P025.jpg,0.823273,21.818431,ok
EES0423665__X36__Y3F__P001.jpg,0.649859,17.470921,ok
EES0423665__X39__Y0C__P002.jpg,0.877922,24.284884,ok
EES0423665__X39__Y3F__P003.jpg,0.845296,22.132040,ok
EES0423665__X42__Y36__P004.jpg,0.813928,20.790705,ok
EES0423665__X45__Y18__P005.jpg,0.906745,29.011285,ok
EES0423665__X48__Y21__P006.jpg,0.924800,28.493389,ok
EES0423665__X48__Y24__P007.jpg,0.858020,23.894611,ok
EES0423665__X0C__Y18__P008.jpg,0.860997,21.933551,ok
EES0423665__X0C__Y1B__P009.jpg,0.851707,21.269929,ok
EES0423665__X0C__Y1E__P010.jpg,0.756410,17.559094,ok
EES0423665__X0C__Y21__P011.jpg,0.792060,18.128789,ok
EES0423665__X0C__Y24__P012.jpg,0.683228,17.985492,ok
EES0423665__X0C__Y27__P013.jpg,0.706257,19.451532,ok
EES0423665__X0C__Y2A__P014.jpg,0.654196,17.821667,ok
EES0423665__X0C__Y2D__P015.jpg,0.769530,18.988791,ok
EES0423665__X0C__Y30__P016.jpg,0.929742,30.806819,ok
EES0423665__X0F__Y12__P017.jpg,0.867962,22.050056,ok
EES0423665__X0F__Y18__P018.jpg,0.667935,17.170257,ok
EES0423665__X0F__Y1B__P019.jpg,0.703160,18.403289,ok
EES0423665__X0F__Y21__P020.jpg,0.651126,16.604351,ok
EES0423665__X12__Y0C__P021.jpg,0.934900,29.088394,ok
EES0423665__X12__Y12__P022.jpg,0.692828,17.946409,ok
EES0423665__X12__Y15__P023.jpg,0.631729,16.464587,ok
EES0423665__X12__Y1B__P024.jpg,0.621352,16.676761,ok
EES0423665__X12__Y36__P025.jpg,0.655400,17.338191,ok
EES0423666__X39__Y30__P001.jpg,0.764285,18.009037,ok
EES0423666__X39__Y36__P002.jpg,0.863648,21.607170,ok
EES0423666__X39__Y39__P003.jpg,0.809560,19.318490,ok
EES0423666__X3C__Y33__P004.jpg,0.789642,18.363201,ok
EES0423666__X3F__Y24__P005.jpg,0.887192,22.951524,ok
EES0423666__X3F__Y30__P006.jpg,0.902142,23.074161,ok
EES0423666__X42__Y30__P007.jpg,0.888933,22.016899,ok
EES0423666__X09__Y21__P008.jpg,0.827766,18.303812,ok
EES0423666__X18__Y1E__P009.jpg,0.711883,15.463245,ok
EES0423666__X18__Y2A__P010.jpg,0.724786,17.281766,ok
EES0423666__X1B__Y09__P011.jpg,0.696721,16.478590,ok
EES0423666__X1B__Y0F__P012.jpg,0.645503,16.174127,ok
EES0423666__X1B__Y1B__P013.jpg,0.735524,16.341050,ok
EES0423666__X1B__Y21__P014.jpg,0.745015,18.325663,ok
EES0423666__X1B__Y2D__P015.jpg,0.665594,16.375987,ok
EES0423666__X1E__Y09__P016.jpg,0.712792,17.703303,ok
EES0423666__X1E__Y18__P017.jpg,0.706684,16.655421,ok
EES0423666__X1E__Y24__P018.jpg,0.730913,17.440139,ok
EES0423666__X1E__Y2A__P019.jpg,0.814651,17.198059,ok
EES0423666__X1E__Y36__P020.jpg,0.903433,22.062842,ok
EES0423666__X21__Y09__P021.jpg,0.821614,17.974486,ok
EES0423666__X21__Y15__P022.jpg,0.656010,15.221165,ok
EES0423666__X24__Y09__P023.jpg,0.618834,15.543972,ok
EES0423666__X24__Y15__P024.jpg,0.705430,15.767135,ok
EES0423666__X24__Y1E__P025.jpg,0.788722,20.075065,ok
EES0423667__X39__Y0F__P001.jpg,0.809606,18.570420,ok
EES0423667__X39__Y21__P002.jpg,0.776826,16.959370,ok
EES0423667__X3C__Y0F__P003.jpg,0.746702,18.134068,ok
EES0423667__X3C__Y21__P004.jpg,0.690824,16.494056,ok
EES0423667__X3C__Y24__P005.jpg,0.719716,16.319236,ok
EES0423667__X3F__Y24__P006.jpg,0.588031,14.924549,ok
EES0423667__X3F__Y27__P007.jpg,0.757054,16.909241,ok
EES0423667__X3F__Y30__P008.jpg,0.789397,18.590326,ok
EES0423667__X42__Y18__P009.jpg,0.660860,16.223719,ok
EES0423667__X18__Y24__P010.jpg,0.660672,16.180020,ok
EES0423667__X18__Y27__P011.jpg,0.791575,19.225068,ok
EES0423667__X1B__Y09__P012.jpg,0.875086,21.606908,ok
EES0423667__X1B__Y2A__P013.jpg,0.886037,21.817578,ok
EES0423667__X1E__Y12__P014.jpg,0.926522,25.130969,ok
EES0423667__X1E__Y1B__P015.jpg,0.918006,24.120659,ok
EES0423667__X1E__Y1E__P016.jpg,0.870701,21.245389,ok
EES0423667__X1E__Y2D__P017.jpg,0.824364,18.655002,ok
EES0423667__X1E__Y33__P018.jpg,0.898360,22.221376,ok
EES0423667__X21__Y12__P019.jpg,0.886094,21.992484,ok
EES0423667__X21__Y27__P020.jpg,0.932132,25.331131,ok
EES0423667__X21__Y2A__P021.jpg,0.819845,18.677303,ok
EES0423667__X24__Y0F__P022.jpg,0.757705,17.456779,ok
EES0423667__X24__Y12__P023.jpg,0.842291,21.652458,ok
EES0423667__X24__Y21__P024.jpg,0.928385,25.204639,ok
EES0423667__X24__Y2A__P025.jpg,0.929220,24.740617,ok
EES0423668__X24__Y36__P001.jpg,0.764069,17.919682,ok
EES0423668__X27__Y0F__P002.jpg,0.750272,16.577532,ok
EES0423668__X27__Y1E__P003.jpg,0.836236,20.302058,ok
EES0423668__X2A__Y0F__P004.jpg,0.798381,18.687934,ok
EES0423668__X2A__Y1E__P005.jpg,0.665950,15.117436,ok
EES0423668__X2A__Y3C__P006.jpg,0.736756,16.100840,ok
EES0423668__X2D__Y1E__P007.jpg,0.764901,17.243934,ok
EES0423668__X2D__Y21__P008.jpg,0.832731,20.047076,ok
EES0423668__X2D__Y24__P009.jpg,0.717628,16.874725,ok
EES0423668__X2D__Y36__P010.jpg,0.689540,16.746773,ok
EES0423668__X30__Y09__P011.jpg,0.830869,19.610840,ok
EES0423668__X30__Y0F__P012.jpg,0.800839,17.865850,ok
EES0423668__X30__Y12__P013.jpg,0.851049,21.117312,ok
EES0423668__X30__Y1B__P014.jpg,0.774117,17.873957,ok
EES0423668__X30__Y1E__P015.jpg,0.813324,19.168811,ok
EES0423668__X30__Y2A__P016.jpg,0.809277,18.665806,ok
EES0423668__X30__Y2D__P017.jpg,0.804302,18.882808,ok
EES0423668__X30__Y30__P018.jpg,0.849201,21.450168,ok
EES0423668__X30__Y3C__P019.jpg,0.652145,15.113852,ok
EES0423668__X36__Y1B__P020.jpg,0.854912,19.739486,ok
EES0423668__X36__Y2A__P021.jpg,0.671656,15.833535,ok
EES0423668__X36__Y2D__P022.jpg,0.819128,19.411530,ok
EES0423668__X36__Y39__P023.jpg,0.848301,20.689982,ok
EES0423668__X36__Y3F__P024.jpg,0.731032,16.492544,ok
EES0423668__X39__Y1B__P025.jpg,0.812715,17.652662,ok
EES0423669__X39__Y1E__P001.jpg,0.853072,20.374349,ok
EES0423669__X3C__Y18__P002.jpg,0.819492,19.516283,ok
EES0423669__X3C__Y1E__P003.jpg,0.776415,16.389655,ok
EES0423669__X3C__Y21__P004.jpg,0.658139,16.214359,ok
EES0423669__X3C__Y30__P005.jpg,0.676625,15.597383,ok
EES0423669__X3F__Y33__P006.jpg,0.798885,19.363063,ok
EES0423669__X42__Y1B__P007.jpg,0.777438,18.344619,ok
EES0423669__X45__Y33__P008.jpg,0.744967,18.659464,ok
EES0423669__X48__Y2A__P009.jpg,0.882160,21.624616,ok
EES0423669__X09__Y2D__P010.jpg,0.775394,18.322988,ok
EES0423669__X0C__Y33__P011.jpg,0.755991,17.538806,ok
EES0423669__X0F__Y27__P012.jpg,0.765285,17.330659,ok
EES0423669__X0F__Y30__P013.jpg,0.803095,18.718789,ok
EES0423669__X15__Y39__P014.jpg,0.866176,21.562204,ok
EES0423669__X1E__Y3F__P015.jpg,0.653806,16.106583,ok
EES0423669__X1E__Y42__P016.jpg,0.725910,16.208232,ok
EES0423669__X21__Y06__P017.jpg,0.896930,23.734884,ok
EES0423669__X21__Y3F__P018.jpg,0.714513,17.744331,ok
EES0423669__X09__Y21__P019.jpg,0.837293,19.648108,ok
EES0423669__X09__Y27__P020.jpg,0.847298,21.175987,ok
EES0423669__X09__Y2A__P021.jpg,0.825694,19.395971,ok
EES0423669__X09__Y2D__P022.jpg,0.859882,21.430649,ok
EES0423669__X0C__Y1B__P023.jpg,0.875323,21.379070,ok
EES0423669__X0C__Y1E__P024.jpg,0.777415,18.760416,ok
EES0423669__X0C__Y21__P025.jpg,0.743237,17.905109,ok
EES0423670__X0C__Y2A__P001.jpg,0.718424,16.145818,ok
EES0423670__X0C__Y2D__P002.jpg,0.731568,17.619172,ok
EES0423670__X0F__Y15__P003.jpg,0.804343,18.450956,ok
EES0423670__X0F__Y18__P004.jpg,0.798713,19.016051,ok
EES0423670__X0F__Y1B__P005.jpg,0.703163,16.076288,ok
EES0423670__X0F__Y21__P006.jpg,0.646242,17.337505,ok
EES0423670__X0F__Y30__P007.jpg,0.605267,16.412082,ok
EES0423670__X0F__Y33__P008.jpg,0.736490,18.610657,ok
EES0423670__X0F__Y36__P009.jpg,0.727858,18.303705,ok
EES0423670__X0F__Y39__P010.jpg,0.798373,19.906627,ok
EES0423670__X12__Y12__P011.jpg,0.923087,24.246621,ok
EES0423670__X12__Y15__P012.jpg,0.766943,17.698595,ok
EES0423670__X12__Y18__P013.jpg,0.669293,17.637441,ok
EES0423670__X15__Y0F__P014.jpg,0.891398,21.056852,ok
EES0423670__X15__Y15__P015.jpg,0.770036,17.568904,ok
EES0423670__X18__Y0C__P016.jpg,0.847928,19.923736,ok
EES0423670__X18__Y15__P017.jpg,0.651877,17.042039,ok
EES0423670__X1B__Y0C__P018.jpg,0.832652,19.214081,ok
EES0423670__X1E__Y03__P019.jpg,0.931900,25.467750,ok
EES0423670__X1E__Y09__P020.jpg,0.838088,18.614760,ok
EES0423670__X1E__Y0C__P021.jpg,0.579167,15.980065,ok
EES0423670__X21__Y0F__P022.jpg,0.691128,18.195099,ok
EES0423670__X24__Y45__P023.jpg,0.746888,18.353351,ok
EES0423670__X27__Y0C__P024.jpg,0.623515,16.090749,ok
EES0423670__X27__Y45__P025.jpg,0.662546,17.559813,ok
EES0423671__X12__Y15__P001.jpg,0.662764,15.891449,ok
EES0423671__X12__Y18__P002.jpg,0.637259,16.215437,ok
EES0423671__X12__Y1B__P003.jpg,0.664257,16.652397,ok
EES0423671__X12__Y2A__P004.jpg,0.633693,15.576344,ok
EES0423671__X12__Y2D__P005.jpg,0.755914,18.764091,ok
EES0423671__X15__Y12__P006.jpg,0.664492,17.054664,ok
EES0423671__X15__Y15__P007.jpg,0.607199,16.296613,ok
EES0423671__X15__Y18__P008.jpg,0.640331,17.480452,ok
EES0423671__X15__Y1B__P009.jpg,0.563968,16.643328,ok
EES0423671__X15__Y1E__P010.jpg,0.763705,18.647861,ok
EES0423671__X15__Y21__P011.jpg,0.688446,16.308038,ok
EES0423671__X15__Y27__P012.jpg,0.701872,17.744270,ok
EES0423671__X15__Y2D__P013.jpg,0.688454,18.433250,ok
EES0423671__X15__Y30__P014.jpg,0.619522,15.936688,ok
EES0423671__X18__Y15__P015.jpg,0.635077,16.744470,ok
EES0423671__X18__Y18__P016.jpg,0.615377,17.271601,ok
EES0423671__X18__Y1E__P017.jpg,0.765365,19.345176,ok
EES0423671__X18__Y21__P018.jpg,0.723102,17.568182,ok
EES0423671__X18__Y24__P019.jpg,0.743038,17.672084,ok
EES0423671__X18__Y27__P020.jpg,0.729939,17.160584,ok
EES0423671__X18__Y2A__P021.jpg,0.660325,17.272882,ok
EES0423671__X18__Y2D__P022.jpg,0.600496,16.339725,ok
EES0423671__X18__Y30__P023.jpg,0.672720,16.646681,ok
EES0423671__X18__Y33__P024.jpg,0.580296,16.291242,ok
EES0423671__X1B__Y09__P025.jpg,0.791433,19.498954,ok
EES0423672__X1B__Y18__P001.jpg,0.628801,17.277894,ok
EES0423672__X1B__Y1B__P002.jpg,0.627382,16.434438,ok
EES0423672__X1B__Y1E__P003.jpg,0.588977,14.957175,ok
EES0423672__X1B__Y21__P004.jpg,0.682644,17.524418,ok
EES0423672__X1B__Y24__P005.jpg,0.698509,17.877832,ok
EES0423672__X1B__Y27__P006.jpg,0.654670,16.127553,ok
EES0423672__X1B__Y30__P007.jpg,0.667484,16.391577,ok
EES0423672__X1B__Y33__P008.jpg,0.736052,17.902497,ok
EES0423672__X1B__Y36__P009.jpg,0.806007,20.327771,ok
EES0423672__X1E__Y15__P010.jpg,0.680312,17.617093,ok
EES0423672__X1E__Y18__P011.jpg,0.680338,18.513850,ok
EES0423672__X1E__Y21__P012.jpg,0.612055,16.882198,ok
EES0423672__X1E__Y24__P013.jpg,0.626211,17.584873,ok
EES0423672__X1E__Y27__P014.jpg,0.697343,18.075960,ok
EES0423672__X1E__Y30__P015.jpg,0.713117,17.911823,ok
EES0423672__X1E__Y33__P016.jpg,0.720236,17.867339,ok
EES0423672__X1E__Y36__P017.jpg,0.729218,18.453093,ok
EES0423672__X1E__Y39__P018.jpg,0.718124,17.709184,ok
EES0423672__X21__Y0C__P019.jpg,0.693356,17.654795,ok
EES0423672__X21__Y33__P020.jpg,0.607901,16.165231,ok
EES0423672__X21__Y36__P021.jpg,0.680122,17.021863,ok
EES0423672__X21__Y39__P022.jpg,0.712680,17.332433,ok
EES0423672__X24__Y06__P023.jpg,0.700086,17.281870,ok
EES0423672__X24__Y09__P024.jpg,0.678670,17.381553,ok
EES0423672__X24__Y0C__P025.jpg,0.557505,15.782396,ok
EES0423673__X24__Y36__P001.jpg,0.681292,17.677455,ok
EES0423673__X24__Y39__P002.jpg,0.603710,16.180191,ok
EES0423673__X27__Y0C__P003.jpg,0.685492,18.195861,ok
EES0423673__X27__Y2D__P004.jpg,0.690501,18.199967,ok
EES0423673__X27__Y30__P005.jpg,0.656157,17.780858,ok
EES0423673__X27__Y33__P006.jpg,0.693789,18.017473,ok
EES0423673__X27__Y39__P007.jpg,0.784173,19.374242,ok
EES0423673__X2A__Y33__P008.jpg,0.657452,16.966123,ok
EES0423673__X33__Y09__P009.jpg,0.680159,17.808002,ok
EES0423673__X39__Y21__P010.jpg,0.668531,17.042502,ok
EES0423673__X39__Y24__P011.jpg,0.616355,16.020503,ok
EES0423673__X42__Y27__P012.jpg,0.600431,16.674818,ok
EES0423673__X06__Y09__P013.jpg,0.822746,21.279652,ok
EES0423673__X09__Y1E__P014.jpg,0.802095,21.674737,ok
EES0423673__X09__Y21__P015.jpg,0.730096,18.242605,ok
EES0423673__X09__Y27__P016.jpg,0.892526,26.604885,ok
EES0423673__X0C__Y12__P017.jpg,0.909740,32.004524,ok
EES0423673__X0C__Y15__P018.jpg,0.698136,20.673705,ok
EES0423673__X0C__Y2D__P019.jpg,0.752662,20.137974,ok
EES0423673__X0C__Y30__P020.jpg,0.790937,21.058863,ok
EES0423673__X0F__Y0C__P021.jpg,0.762357,19.355279,ok
EES0423673__X0F__Y0F__P022.jpg,0.722201,20.056496,ok
EES0423673__X0F__Y33__P023.jpg,0.733790,19.379168,ok
EES0423673__X12__Y09__P024.jpg,0.686050,19.229385,ok
EES0423673__X12__Y36__P025.jpg,0.676963,17.649232,ok
EES0423674__X45__Y2D__P001.jpg,0.691218,20.555483,ok
EES0423674__X45__Y30__P002.jpg,0.801695,20.648904,ok
EES0423674__X0F__Y1B__P003.jpg,0.772482,20.077492,ok
EES0423674__X0F__Y24__P004.jpg,0.838116,23.003244,ok
EES0423674__X12__Y27__P005.jpg,0.804471,20.719789,ok
EES0423674__X18__Y06__P006.jpg,0.913417,28.588245,ok
EES0423674__X1B__Y06__P007.jpg,0.791905,20.944635,ok
EES0423674__X1B__Y36__P008.jpg,0.833574,22.298008,ok
EES0423674__X1E__Y06__P009.jpg,0.815483,22.593353,ok
EES0423674__X1E__Y33__P010.jpg,0.804658,21.400878,ok
EES0423674__X21__Y36__P011.jpg,0.771350,20.507320,ok
EES0423674__X21__Y3C__P012.jpg,0.820324,21.610563,ok
EES0423674__X2D__Y06__P013.jpg,0.904959,33.583419,ok
EES0423674__X39__Y3C__P014.jpg,0.908777,30.483047,ok
EES0423674__X0F__Y18__P015.jpg,0.756045,18.322790,ok
EES0423674__X0F__Y21__P016.jpg,0.766569,20.785073,ok
EES0423674__X0F__Y24__P017.jpg,0.721467,18.221534,ok
EES0423674__X0F__Y27__P018.jpg,0.705996,17.429264,ok
EES0423674__X15__Y36__P019.jpg,0.799660,20.681042,ok
EES0423674__X1E__Y06__P020.jpg,0.837308,21.515755,ok
EES0423674__X27__Y3F__P021.jpg,0.828728,23.902105,ok
EES0423674__X33__Y3F__P022.jpg,0.793949,19.145678,ok
EES0423674__X39__Y09__P023.jpg,0.909778,30.621430,ok
EES0423674__X3C__Y0C__P024.jpg,0.909465,28.355413,ok
EES0423674__X42__Y12__P025.jpg,0.816193,19.537592,ok
EES0423675__X42__Y36__P001.jpg,0.793129,18.069498,ok
EES0423675__X48__Y1B__P002.jpg,0.906555,28.728925,ok
EES0423675__X06__Y1E__P003.jpg,0.861987,22.976561,ok
EES0423675__X06__Y21__P004.jpg,0.797588,20.133183,ok
EES0423675__X06__Y24__P005.jpg,0.904158,25.735135,ok
EES0423675__X06__Y27__P006.jpg,0.916676,28.928029,ok
EES0423675__X09__Y18__P007.jpg,0.823751,21.364555,ok
EES0423675__X09__Y1B__P008.jpg,0.780226,19.463531,ok
EES0423675__X09__Y2A__P009.jpg,0.664707,18.500668,ok
EES0423675__X09__Y2D__P010.jpg,0.787792,20.654518,ok
EES0423675__X0C__Y12__P011.jpg,0.855184,23.919721,ok
EES0423675__X0C__Y15__P012.jpg,0.699036,18.287668,ok
EES0423675__X0C__Y18__P013.jpg,0.763924,20.385057,ok
EES0423675__X0C__Y33__P014.jpg,0.782501,20.728547,ok
EES0423675__X0F__Y0F__P015.jpg,0.673340,19.623736,ok
EES0423675__X15__Y3C__P016.jpg,0.790846,19.105452,ok
EES0423675__X1E__Y03__P017.jpg,0.798855,21.704609,ok
EES0423675__X1E__Y3F__P018.jpg,0.709658,19.880079,ok
EES0423675__X21__Y03__P019.jpg,0.775983,20.684902,ok
EES0423675__X27__Y03__P020.jpg,0.687728,18.287059,ok
EES0423675__X2A__Y03__P021.jpg,0.822170,24.031716,ok
EES0423675__X2A__Y3F__P022.jpg,0.661072,17.098517,ok
EES0423675__X2D__Y03__P023.jpg,0.722081,18.369463,ok
EES0423675__X2D__Y3F__P024.jpg,0.800727,20.536077,ok
EES0423675__X30__Y3F__P025.jpg,0.807373,19.460699,ok
EES0423676__X33__Y3C__P001.jpg,0.740822,17.613630,ok
EES0423676__X36__Y09__P002.jpg,0.692249,20.200987,ok
EES0423676__X36__Y3C__P003.jpg,0.786398,21.091029,ok
EES0423676__X39__Y0C__P004.jpg,0.728619,20.402418,ok
EES0423676__X39__Y39__P005.jpg,0.838364,20.792342,ok
EES0423676__X3C__Y0C__P006.jpg,0.824306,20.659965,ok
EES0423676__X3C__Y0F__P007.jpg,0.762366,21.689118,ok
EES0423676__X3C__Y33__P008.jpg,0.730199,18.018456,ok
EES0423676__X3C__Y36__P009.jpg,0.903165,28.567173,ok
EES0423676__X3F__Y0F__P010.jpg,0.790169,21.810932,ok
EES0423676__X3F__Y12__P011.jpg,0.767317,21.807276,ok
EES0423676__X3F__Y2D__P012.jpg,0.723433,20.109840,ok
EES0423676__X3F__Y30__P013.jpg,0.814215,23.805041,ok
EES0423676__X42__Y0F__P014.jpg,0.794548,20.968471,ok
EES0423676__X42__Y15__P015.jpg,0.891672,25.581813,ok
EES0423676__X42__Y18__P016.jpg,0.852858,22.557929,ok
EES0423676__X42__Y1B__P017.jpg,0.774904,21.320333,ok
EES0423676__X42__Y1E__P018.jpg,0.726073,19.893899,ok
EES0423676__X42__Y21__P019.jpg,0.763849,19.883239,ok
EES0423676__X42__Y24__P020.jpg,0.827870,22.094282,ok
EES0423676__X42__Y27__P021.jpg,0.777046,20.588490,ok
EES0423676__X42__Y2A__P022.jpg,0.821200,22.454218,ok
EES0423676__X45__Y18__P023.jpg,0.649185,15.657520,ok
EES0423676__X0F__Y24__P024.jpg,0.739669,17.184044,ok
EES0423676__X1E__Y3C__P025.jpg,0.721185,17.411561,ok
EES0423677__X21__Y0C__P001.jpg,0.724886,18.383594,ok
EES0423677__X2A__Y2D__P002.jpg,0.779292,18.183404,ok
EES0423677__X33__Y09__P003.jpg,0.793711,19.229595,ok
EES0423677__X36__Y3F__P004.jpg,0.769315,18.011594,ok
EES0423677__X39__Y1B__P005.jpg,0.665609,15.654677,ok
EES0423677__X3C__Y0F__P006.jpg,0.884998,23.603373,ok
EES0423677__X3F__Y12__P007.jpg,0.881293,26.028985,ok
EES0423677__X12__Y1B__P008.jpg,0.708871,16.350099,ok
EES0423677__X15__Y18__P009.jpg,0.611280,14.136120,ok
EES0423677__X15__Y1B__P010.jpg,0.596642,14.402974,ok
EES0423677__X15__Y2D__P011.jpg,0.597536,14.714110,ok
EES0423677__X18__Y21__P012.jpg,0.673673,15.104507,ok
EES0423677__X18__Y24__P013.jpg,0.700021,15.848273,ok
EES0423677__X18__Y33__P014.jpg,0.734222,16.825758,ok
EES0423677__X1B__Y21__P015.jpg,0.611031,14.905532,ok
EES0423677__X1B__Y24__P016.jpg,0.578963,14.633427,ok
EES0423677__X1B__Y27__P017.jpg,0.615408,15.658564,ok
EES0423677__X1E__Y12__P018.jpg,0.544495,14.736498,ok
EES0423677__X1E__Y24__P019.jpg,0.693187,15.759535,ok
EES0423677__X1E__Y39__P020.jpg,0.517859,14.289997,ok
EES0423677__X1E__Y3C__P021.jpg,0.731199,16.709771,ok
EES0423677__X21__Y33__P022.jpg,0.661646,15.966910,ok
EES0423677__X21__Y39__P023.jpg,0.653838,15.469400,ok
EES0423677__X24__Y3F__P024.jpg,0.727102,17.166069,ok
EES0423677__X27__Y09__P025.jpg,0.602374,14.752909,ok
EES0423678__X27__Y39__P001.jpg,0.603645,14.651964,ok
EES0423678__X27__Y3F__P002.jpg,0.616282,14.634592,ok
EES0423678__X2A__Y18__P003.jpg,0.522845,14.319749,ok
EES0423678__X2A__Y3C__P004.jpg,0.630226,15.974964,ok
EES0423678__X30__Y09__P005.jpg,0.848504,21.141003,ok
EES0423678__X30__Y12__P006.jpg,0.732619,17.477504,ok
EES0423678__X30__Y3F__P007.jpg,0.691896,15.719660,ok
EES0423678__X33__Y33__P008.jpg,0.552280,14.171574,ok
EES0423678__X33__Y3C__P009.jpg,0.660255,16.296582,ok
EES0423678__X3C__Y1E__P010.jpg,0.725251,16.239989,ok
EES0423678__X3C__Y27__P011.jpg,0.685638,16.984175,ok
EES0423678__X3C__Y30__P012.jpg,0.535917,16.177761,ok
EES0423678__X3F__Y2A__P013.jpg,0.631528,15.740546,ok
EES0423678__X42__Y21__P014.jpg,0.697400,15.972556,ok
EES0423678__X45__Y21__P015.jpg,0.705906,16.088167,ok
EES0423678__X0F__Y1B__P016.jpg,0.775926,18.867689,ok
EES0423678__X0F__Y1E__P017.jpg,0.839230,21.637527,ok
EES0423678__X0F__Y21__P018.jpg,0.798010,19.070009,ok
EES0423678__X0F__Y24__P019.jpg,0.654621,16.236055,ok
EES0423678__X0F__Y27__P020.jpg,0.895070,26.776783,ok
EES0423678__X0F__Y2A__P021.jpg,0.799585,19.851309,ok
EES0423678__X12__Y12__P022.jpg,0.887280,25.368538,ok
EES0423678__X12__Y15__P023.jpg,0.917561,30.709085,ok
EES0423678__X12__Y18__P024.jpg,0.820063,20.312206,ok
EES0423678__X12__Y1B__P025.jpg,0.733676,17.826049,ok
EES0423679__X27__Y06__P001.jpg,0.854031,24.550346,ok
EES0423679__X2A__Y06__P002.jpg,0.799766,22.399462,ok
EES0423679__X2D__Y06__P003.jpg,0.819998,21.513620,ok
EES0423679__X30__Y06__P004.jpg,0.829229,23.988226,ok
EES0423679__X33__Y3F__P005.jpg,0.776405,21.810525,ok
EES0423679__X36__Y03__P006.jpg,0.892108,26.693509,ok
EES0423679__X36__Y09__P007.jpg,0.596841,18.017072,ok
EES0423679__X39__Y09__P008.jpg,0.800736,18.684567,ok
EES0423679__X39__Y3C__P009.jpg,0.788839,23.114098,ok
EES0423679__X42__Y12__P010.jpg,0.739735,19.880704,ok
EES0423679__X45__Y15__P011.jpg,0.850585,22.483697,ok
EES0423679__X45__Y30__P012.jpg,0.715848,20.480076,ok
EES0423679__X45__Y45__P013.jpg,0.839239,18.948928,ok
EES0423679__X48__Y18__P014.jpg,0.882091,24.760940,ok
EES0423679__X48__Y1B__P015.jpg,0.859414,22.446013,ok
EES0423679__X48__Y1E__P016.jpg,0.900784,25.406384,ok
EES0423679__X48__Y21__P017.jpg,0.756306,20.528102,ok
EES0423679__X48__Y24__P018.jpg,0.615087,17.974071,ok
EES0423679__X48__Y27__P019.jpg,0.743033,20.194751,ok
EES0423679__X48__Y2A__P020.jpg,0.739031,17.640182,ok
EES0423679__X0F__Y1B__P021.jpg,0.876963,26.090620,ok
EES0423679__X0F__Y2A__P022.jpg,0.579986,16.352036,ok
EES0423679__X0F__Y2D__P023.jpg,0.675785,17.822158,ok
EES0423679__X12__Y12__P024.jpg,0.870203,22.878425,ok
EES0423679__X12__Y15__P025.jpg,0.808795,21.985044,ok
EES0423680__X12__Y18__P001.jpg,0.860388,23.288577,ok
EES0423680__X12__Y1B__P002.jpg,0.672972,18.061040,ok
EES0423680__X12__Y1E__P003.jpg,0.572498,15.367855,ok
EES0423680__X12__Y24__P004.jpg,0.677967,17.495234,ok
EES0423680__X12__Y27__P005.jpg,0.654415,16.815239,ok
EES0423680__X12__Y30__P006.jpg,0.785624,21.701751,ok
EES0423680__X12__Y36__P007.jpg,0.791834,20.258478,ok
EES0423680__X15__Y12__P008.jpg,0.697014,18.788033,ok
EES0423680__X15__Y18__P009.jpg,0.595117,16.327778,ok
EES0423680__X15__Y1B__P010.jpg,0.592948,15.841418,ok
EES0423680__X15__Y21__P011.jpg,0.613261,17.178069,ok
EES0423680__X15__Y27__P012.jpg,0.565112,15.932647,ok
EES0423680__X15__Y30__P013.jpg,0.592954,16.572530,ok
EES0423680__X15__Y33__P014.jpg,0.810605,21.975901,ok
EES0423680__X15__Y36__P015.jpg,0.674870,17.291437,ok
EES0423680__X18__Y0F__P016.jpg,0.768447,20.991006,ok
EES0423680__X18__Y1E__P017.jpg,0.632914,17.271952,ok
EES0423680__X18__Y21__P018.jpg,0.588997,15.826269,ok
EES0423680__X18__Y33__P019.jpg,0.663263,18.156706,ok
EES0423680__X18__Y36__P020.jpg,0.810493,23.525146,ok
EES0423680__X18__Y39__P021.jpg,0.882419,25.413624,ok
EES0423680__X1B__Y0C__P022.jpg,0.731416,20.417176,ok
EES0423680__X1B__Y36__P023.jpg,0.600682,17.031442,ok
EES0423680__X1B__Y39__P024.jpg,0.665027,17.733422,ok
EES0423680__X1E__Y09__P025.jpg,0.840785,21.437172,ok
EES0423681__X1E__Y33__P001.jpg,0.583575,17.322749,ok
EES0423681__X1E__Y3C__P002.jpg,0.795965,22.266633,ok
EES0423681__X21__Y3C__P003.jpg,0.672056,18.614512,ok
EES0423681__X24__Y3F__P004.jpg,0.916531,29.141845,ok
EES0423681__X27__Y3F__P005.jpg,0.775397,20.740608,ok
EES0423681__X2A__Y09__P006.jpg,0.634703,17.647173,ok
EES0423681__X2A__Y3F__P007.jpg,0.658654,18.861846,ok
EES0423681__X2D__Y3C__P008.jpg,0.720399,20.268247,ok
EES0423681__X2D__Y3F__P009.jpg,0.667650,18.241120,ok
EES0423681__X30__Y09__P010.jpg,0.916262,30.210782,ok
EES0423681__X30__Y3C__P011.jpg,0.732622,20.757199,ok
EES0423681__X36__Y33__P012.jpg,0.708542,19.498625,ok
EES0423681__X36__Y36__P013.jpg,0.732340,20.238061,ok
EES0423681__X36__Y39__P014.jpg,0.784554,20.931355,ok
EES0423681__X39__Y36__P015.jpg,0.783207,21.153129,ok
EES0423681__X39__Y39__P016.jpg,0.736209,19.301610,ok
EES0423681__X3C__Y2A__P017.jpg,0.725993,19.014647,ok
EES0423681__X3F__Y30__P018.jpg,0.858624,24.185119,ok
EES0423681__X42__Y21__P019.jpg,0.698507,17.040097,ok
EES0423681__X42__Y2A__P020.jpg,0.840727,25.196458,ok
EES0423681__X0C__Y12__P021.jpg,0.893879,27.515760,ok
EES0423681__X0C__Y1E__P022.jpg,0.773957,19.182561,ok
EES0423681__X0F__Y18__P023.jpg,0.726189,17.331373,ok
EES0423681__X0F__Y1B__P024.jpg,0.773496,19.273849,ok
EES0423681__X0F__Y24__P025.jpg,0.722005,18.078249,ok
EES0423682__X42__Y30__P001.jpg,0.855781,22.936402,ok
EES0423682__X45__Y15__P002.jpg,0.744829,18.138285,ok
EES0423682__X45__Y2A__P003.jpg,0.854522,21.999793,ok
EES0423682__X0F__Y1E__P004.jpg,0.869210,22.447996,ok
EES0423682__X12__Y12__P005.jpg,0.740293,18.065268,ok
EES0423682__X12__Y18__P006.jpg,0.716552,18.287484,ok
EES0423682__X12__Y1B__P007.jpg,0.695683,18.238635,ok
EES0423682__X12__Y1E__P008.jpg,0.903927,27.028541,ok
EES0423682__X12__Y21__P009.jpg,0.726939,18.016957,ok
EES0423682__X12__Y24__P010.jpg,0.782596,19.860176,ok
EES0423682__X12__Y2A__P011.jpg,0.854371,24.706415,ok
EES0423682__X15__Y12__P012.jpg,0.781721,19.957626,ok
EES0423682__X15__Y15__P013.jpg,0.664856,16.409455,ok
EES0423682__X15__Y18__P014.jpg,0.711223,16.934429,ok
EES0423682__X15__Y1B__P015.jpg,0.643732,16.271695,ok
EES0423682__X15__Y21__P016.jpg,0.711672,17.061457,ok
EES0423682__X15__Y24__P017.jpg,0.591597,16.154961,ok
EES0423682__X15__Y27__P018.jpg,0.651766,16.940264,ok
EES0423682__X15__Y2A__P019.jpg,0.841653,22.346296,ok
EES0423682__X15__Y33__P020.jpg,0.712374,19.532678,ok
EES0423682__X18__Y0C__P021.jpg,0.703953,18.188075,ok
EES0423682__X18__Y12__P022.jpg,0.755269,17.923990,ok
EES0423682__X18__Y18__P023.jpg,0.672050,17.472787,ok
EES0423682__X18__Y1B__P024.jpg,0.703775,16.624276,ok
EES0423682__X18__Y24__P025.jpg,0.770281,19.521243,ok
EES0423683__X1B__Y09__P001.jpg,0.686366,17.582441,ok
EES0423683__X1B__Y0F__P002.jpg,0.687946,18.830446,ok
EES0423683__X1B__Y12__P003.jpg,0.797460,20.198144,ok
EES0423683__X1B__Y15__P004.jpg,0.770343,20.375994,ok
EES0423683__X1B__Y1B__P005.jpg,0.713850,18.458045,ok
EES0423683__X1B__Y1E__P006.jpg,0.760910,21.361670,ok
EES0423683__X1B__Y21__P007.jpg,0.843796,22.759563,ok
EES0423683__X1B__Y24__P008.jpg,0.803976,21.588038,ok
EES0423683__X1E__Y24__P009.jpg,0.780529,21.801672,ok
EES0423683__X1E__Y2D__P010.jpg,0.672807,18.862331,ok
EES0423683__X1E__Y30__P011.jpg,0.679093,17.055063,ok
EES0423683__X1E__Y33__P012.jpg,0.790895,19.481608,ok
EES0423683__X1E__Y36__P013.jpg,0.790363,18.937992,ok
EES0423683__X21__Y06__P014.jpg,0.671307,18.605032,ok
EES0423683__X24__Y2A__P015.jpg,0.732632,18.233818,ok
EES0423683__X24__Y2D__P016.jpg,0.752044,19.646749,ok
EES0423683__X24__Y30__P017.jpg,0.715917,17.443878,ok
EES0423683__X27__Y21__P018.jpg,0.635418,17.124402,ok
EES0423683__X27__Y2A__P019.jpg,0.685828,17.281888,ok
EES0423683__X27__Y2D__P020.jpg,0.660537,17.638111,ok
EES0423683__X2A__Y2D__P021.jpg,0.766782,20.086367,ok
EES0423683__X2D__Y2A__P022.jpg,0.771404,20.829723,ok
EES0423683__X2D__Y30__P023.jpg,0.712686,18.641069,ok
EES0423683__X30__Y24__P024.jpg,0.721611,19.209917,ok
EES0423683__X30__Y33__P025.jpg,0.758373,19.273870,ok
EES0423684__X30__Y36__P001.jpg,0.617453,16.422266,ok
EES0423684__X30__Y39__P002.jpg,0.757107,19.220230,ok
EES0423684__X33__Y24__P003.jpg,0.827273,22.197239,ok
EES0423684__X33__Y2D__P004.jpg,0.750061,19.603182,ok
EES0423684__X33__Y33__P005.jpg,0.685866,17.359280,ok
EES0423684__X33__Y39__P006.jpg,0.750963,18.845427,ok
EES0423684__X33__Y3C__P007.jpg,0.692222,16.877794,ok
EES0423684__X36__Y18__P008.jpg,0.782057,20.032893,ok
EES0423684__X36__Y21__P009.jpg,0.679631,16.791723,ok
EES0423684__X36__Y24__P010.jpg,0.819507,23.247454,ok
EES0423684__X36__Y27__P011.jpg,0.614571,16.592490,ok
EES0423684__X36__Y2A__P012.jpg,0.644486,18.136382,ok
EES0423684__X36__Y30__P013.jpg,0.775504,21.439953,ok
EES0423684__X36__Y33__P014.jpg,0.596230,16.360992,ok
EES0423684__X36__Y36__P015.jpg,0.695938,16.984002,ok
EES0423684__X36__Y39__P016.jpg,0.748534,20.043776,ok
EES0423684__X36__Y3C__P017.jpg,0.902980,27.203973,ok
EES0423684__X39__Y24__P018.jpg,0.721458,20.333819,ok
EES0423684__X39__Y27__P019.jpg,0.696794,17.865246,ok
EES0423684__X39__Y30__P020.jpg,0.809506,23.151256,ok
EES0423684__X3C__Y33__P021.jpg,0.679719,19.424819,ok
EES0423684__X3F__Y30__P022.jpg,0.678355,17.038759,ok
EES0423684__X3F__Y33__P023.jpg,0.550362,17.201873,ok
EES0423684__X45__Y2A__P024.jpg,0.834152,25.507978,ok
EES0423684__X45__Y2D__P025.jpg,0.920218,29.139048,ok
EES0423685__X12__Y27__P001.jpg,0.788652,20.334582,ok
EES0423685__X15__Y1B__P002.jpg,0.756827,18.101556,ok
EES0423685__X15__Y1E__P003.jpg,0.701455,16.340062,ok
EES0423685__X15__Y27__P004.jpg,0.705917,17.863886,ok
EES0423685__X15__Y2D__P005.jpg,0.706813,16.503961,ok
EES0423685__X18__Y1B__P006.jpg,0.699600,16.103489,ok
EES0423685__X1B__Y0F__P007.jpg,0.863021,22.379069,ok
EES0423685__X1B__Y12__P008.jpg,0.638018,17.399581,ok
EES0423685__X1B__Y21__P009.jpg,0.628860,16.038082,ok
EES0423685__X1E__Y12__P010.jpg,0.603946,15.820118,ok
EES0423685__X1E__Y21__P011.jpg,0.704669,19.047586,ok
EES0423685__X1E__Y24__P012.jpg,0.707522,18.791167,ok
EES0423685__X1E__Y30__P013.jpg,0.750090,17.846634,ok
EES0423685__X1E__Y33__P014.jpg,0.700274,16.781905,ok
EES0423685__X1E__Y36__P015.jpg,0.649021,16.662054,ok
EES0423685__X21__Y12__P016.jpg,0.580963,15.350030,ok
EES0423685__X21__Y2D__P017.jpg,0.562532,14.399600,ok
EES0423685__X21__Y33__P018.jpg,0.606553,15.543178,ok
EES0423685__X24__Y24__P019.jpg,0.702318,16.951535,ok
EES0423685__X24__Y27__P020.jpg,0.703052,17.824338,ok
EES0423685__X24__Y36__P021.jpg,0.583752,15.757026,ok
EES0423685__X24__Y39__P022.jpg,0.609618,16.300222,ok
EES0423685__X27__Y0C__P023.jpg,0.741209,18.800686,ok
EES0423685__X27__Y2A__P024.jpg,0.669572,16.755054,ok
EES0423685__X27__Y30__P025.jpg,0.824336,20.724629,ok
EES0423686__X27__Y36__P001.jpg,0.584689,15.855315,ok
EES0423686__X27__Y39__P002.jpg,0.695250,16.405811,ok
EES0423686__X2A__Y18__P003.jpg,0.683286,16.611449,ok
EES0423686__X2D__Y1E__P004.jpg,0.619341,16.151788,ok
EES0423686__X2D__Y30__P005.jpg,0.668559,16.530406,ok
EES0423686__X30__Y12__P006.jpg,0.697595,18.632272,ok
EES0423686__X30__Y1B__P007.jpg,0.709239,17.408672,ok
EES0423686__X30__Y1E__P008.jpg,0.617165,15.369339,ok
EES0423686__X30__Y21__P009.jpg,0.604573,15.152950,ok
EES0423686__X30__Y2D__P010.jpg,0.668896,17.627974,ok
EES0423686__X30__Y3C__P011.jpg,0.656230,17.375097,ok
EES0423686__X33__Y0C__P012.jpg,0.722640,18.214829,ok
EES0423686__X33__Y0F__P013.jpg,0.734332,17.366354,ok
EES0423686__X33__Y18__P014.jpg,0.681495,16.243939,ok
EES0423686__X36__Y15__P015.jpg,0.673248,17.092324,ok
EES0423686__X36__Y18__P016.jpg,0.754278,19.178915,ok
EES0423686__X39__Y0F__P017.jpg,0.712575,16.350146,ok
EES0423686__X3C__Y1E__P018.jpg,0.692711,16.925549,ok
EES0423686__X3F__Y2D__P019.jpg,0.719424,17.947979,ok
EES0423686__X42__Y15__P020.jpg,0.786361,18.996014,ok
EES0423686__X42__Y1B__P021.jpg,0.722397,18.201735,ok
EES0423686__X42__Y21__P022.jpg,0.569329,15.949692,ok
EES0423686__X12__Y1B__P023.jpg,0.803151,21.397710,ok
EES0423686__X12__Y1E__P024.jpg,0.623596,17.918909,ok
EES0423686__X12__Y21__P025.jpg,0.692781,17.648873,ok
EES0423687__X15__Y36__P001.jpg,0.912949,34.564709,ok
EES0423687__X18__Y21__P002.jpg,0.555785,16.767293,ok
EES0423687__X18__Y24__P003.jpg,0.600207,17.948843,ok
EES0423687__X1B__Y0C__P004.jpg,0.804145,19.353535,ok
EES0423687__X1B__Y3C__P005.jpg,0.852487,23.798951,ok
EES0423687__X1E__Y09__P006.jpg,0.887209,27.760056,ok
EES0423687__X1E__Y0C__P007.jpg,0.770215,20.474691,ok
EES0423687__X21__Y09__P008.jpg,0.696934,17.415648,ok
EES0423687__X21__Y3F__P009.jpg,0.625340,17.951368,ok
EES0423687__X24__Y06__P010.jpg,0.798866,20.528142,ok
EES0423687__X24__Y09__P011.jpg,0.784822,21.214896,ok
EES0423687__X24__Y15__P012.jpg,0.592890,17.136460,ok
EES0423687__X24__Y30__P013.jpg,0.582936,16.914047,ok
EES0423687__X24__Y3F__P014.jpg,0.698595,19.955419,ok
EES0423687__X27__Y42__P015.jpg,0.596385,16.096337,ok
EES0423687__X2A__Y06__P016.jpg,0.833545,20.152722,ok
EES0423687__X2A__Y3C__P017.jpg,0.516394,16.521186,ok
EES0423687__X2A__Y3F__P018.jpg,0.593352,16.643311,ok
EES0423687__X2D__Y06__P019.jpg,0.897021,30.255574,ok
EES0423687__X2D__Y3F__P020.jpg,0.708257,18.250756,ok
EES0423687__X30__Y06__P021.jpg,0.855319,23.185961,ok
EES0423687__X30__Y39__P022.jpg,0.608796,17.853400,ok
EES0423687__X30__Y3C__P023.jpg,0.613437,17.543824,ok
EES0423687__X30__Y3F__P024.jpg,0.605864,17.356130,ok
EES0423687__X30__Y42__P025.jpg,0.647386,17.267464,ok
EES0423688__X33__Y06__P001.jpg,0.738653,17.385551,ok
EES0423688__X33__Y09__P002.jpg,0.560678,16.418399,ok
EES0423688__X33__Y21__P003.jpg,0.599471,17.385002,ok
EES0423688__X33__Y42__P004.jpg,0.601902,15.934557,ok
EES0423688__X36__Y06__P005.jpg,0.751331,18.782921,ok
EES0423688__X36__Y09__P006.jpg,0.616263,16.803988,ok
EES0423688__X36__Y3C__P007.jpg,0.592799,17.026580,ok
EES0423688__X36__Y3F__P008.jpg,0.657883,18.243942,ok
EES0423688__X36__Y42__P009.jpg,0.587017,16.863626,ok
EES0423688__X39__Y06__P010.jpg,0.735587,17.397773,ok
EES0423688__X39__Y09__P011.jpg,0.764843,18.955290,ok
EES0423688__X39__Y18__P012.jpg,0.609926,16.596474,ok
EES0423688__X39__Y1B__P013.jpg,0.546784,17.345957,ok
EES0423688__X39__Y3F__P014.jpg,0.665004,17.508541,ok
EES0423688__X3C__Y09__P015.jpg,0.894092,27.393778,ok
EES0423688__X3C__Y0C__P016.jpg,0.713331,19.828509,ok
EES0423688__X3C__Y3F__P017.jpg,0.750526,19.802663,ok
EES0423688__X3F__Y09__P018.jpg,0.797235,19.717615,ok
EES0423688__X3F__Y0C__P019.jpg,0.743798,18.127162,ok
EES0423688__X3F__Y15__P020.jpg,0.607671,15.938791,ok
EES0423688__X3F__Y18__P021.jpg,0.593732,17.240489,ok
EES0423688__X3F__Y3C__P022.jpg,0.736029,18.288345,ok
EES0423688__X3F__Y3F__P023.jpg,0.922323,28.785546,ok
EES0423688__X42__Y0C__P024.jpg,0.779548,19.029236,ok
EES0423688__X42__Y0F__P025.jpg,0.808660,19.205892,ok
EES0423689__X15__Y33__P001.jpg,0.688205,18.775758,ok
EES0423689__X15__Y36__P002.jpg,0.829719,23.574254,ok
EES0423689__X18__Y0C__P003.jpg,0.799197,21.897757,ok
EES0423689__X18__Y36__P004.jpg,0.681286,19.510839,ok
EES0423689__X18__Y39__P005.jpg,0.717441,19.665871,ok
EES0423689__X1B__Y09__P006.jpg,0.911856,29.742122,ok
EES0423689__X1B__Y0C__P007.jpg,0.701750,19.367835,ok
EES0423689__X1B__Y1B__P008.jpg,0.561981,15.578216,ok
EES0423689__X1B__Y21__P009.jpg,0.551895,15.603948,ok
EES0423689__X1B__Y39__P010.jpg,0.786691,20.593336,ok
EES0423689__X1B__Y3C__P011.jpg,0.753975,19.194255,ok
EES0423689__X1E__Y09__P012.jpg,0.811596,21.950950,ok
EES0423689__X1E__Y18__P013.jpg,0.579777,15.603021,ok
EES0423689__X1E__Y1B__P014.jpg,0.607156,15.954604,ok
EES0423689__X1E__Y1E__P015.jpg,0.617508,18.187530,ok
EES0423689__X1E__Y21__P016.jpg,0.645042,17.747576,ok
EES0423689__X1E__Y24__P017.jpg,0.700049,17.894744,ok
EES0423689__X1E__Y3C__P018.jpg,0.610499,16.047937,ok
EES0423689__X1E__Y3F__P019.jpg,0.813602,20.433511,ok
EES0423689__X21__Y12__P020.jpg,0.577960,16.427249,ok
EES0423689__X21__Y15__P021.jpg,0.651300,17.368635,ok
EES0423689__X21__Y3F__P022.jpg,0.644016,18.997490,ok
EES0423689__X24__Y06__P023.jpg,0.804025,19.232546,ok
EES0423689__X24__Y15__P024.jpg,0.545858,17.118046,ok
EES0423689__X24__Y18__P025.jpg,0.589826,16.979381,ok
EES0423690__X2D__Y06__P001.jpg,0.899105,25.016293,ok
EES0423690__X36__Y3C__P002.jpg,0.852135,21.100948,ok
EES0423690__X09__Y1E__P003.jpg,0.898266,30.630211,ok
EES0423690__X09__Y21__P004.jpg,0.816959,20.945683,ok
EES0423690__X09__Y2A__P005.jpg,0.782837,21.570929,ok
EES0423690__X09__Y2D__P006.jpg,0.767330,20.476813,ok
EES0423690__X0C__Y21__P007.jpg,0.718628,18.324912,ok
EES0423690__X0C__Y24__P008.jpg,0.815203,22.420312,ok
EES0423690__X0C__Y27__P009.jpg,0.792319,19.228043,ok
EES0423690__X0C__Y2A__P010.jpg,0.777011,19.626093,ok
EES0423690__X0C__Y30__P011.jpg,0.883083,26.112049,ok
EES0423690__X0F__Y12__P012.jpg,0.757676,21.392580,ok
EES0423690__X0F__Y15__P013.jpg,0.833708,21.504127,ok
EES0423690__X0F__Y18__P014.jpg,0.765203,19.960405,ok
EES0423690__X0F__Y2D__P015.jpg,0.804181,21.595093,ok
EES0423690__X0F__Y33__P016.jpg,0.780400,19.442255,ok
EES0423690__X0F__Y36__P017.jpg,0.796425,23.578275,ok
EES0423690__X0F__Y39__P018.jpg,0.871912,23.735509,ok
EES0423690__X12__Y0F__P019.jpg,0.717348,20.740779,ok
EES0423690__X12__Y12__P020.jpg,0.713253,19.855932,ok
EES0423690__X12__Y36__P021.jpg,0.660228,18.188089,ok
EES0423690__X12__Y39__P022.jpg,0.740506,20.226105,ok
EES0423690__X15__Y0C__P023.jpg,0.815329,21.556281,ok
EES0423690__X18__Y3C__P024.jpg,0.717665,18.015776,ok
EES0423690__X18__Y3F__P025.jpg,0.776485,22.376894,ok
EES0423691__X1B__Y3F__P001.jpg,0.826346,23.246232,ok
EES0423691__X1E__Y24__P002.jpg,0.612892,17.579341,ok
EES0423691__X21__Y42__P003.jpg,0.909191,27.749146,ok
EES0423691__X24__Y06__P004.jpg,0.886183,27.168952,ok
EES0423691__X24__Y42__P005.jpg,0.816865,22.007802,ok
EES0423691__X27__Y06__P006.jpg,0.856072,23.261531,ok
EES0423691__X27__Y42__P007.jpg,0.856053,21.485218,ok
EES0423691__X2A__Y42__P008.jpg,0.835548,24.042716,ok
EES0423691__X30__Y09__P009.jpg,0.795162,20.178889,ok
EES0423691__X39__Y3C__P010.jpg,0.899784,27.022929,ok
EES0423691__X3C__Y39__P011.jpg,0.827255,22.088775,ok
EES0423691__X3F__Y36__P012.jpg,0.797864,21.560096,ok
EES0423691__X42__Y1B__P013.jpg,0.907748,24.338211,ok
EES0423691__X42__Y21__P014.jpg,0.733786,18.904634,ok
EES0423691__X42__Y27__P015.jpg,0.607342,17.146899,ok
EES0423691__X42__Y2A__P016.jpg,0.621279,16.946604,ok
EES0423691__X42__Y2D__P017.jpg,0.723027,19.587445,ok
EES0423691__X42__Y30__P018.jpg,0.882579,28.024634,ok
EES0423691__X09__Y1B__P019.jpg,0.819680,20.637843,ok
EES0423691__X09__Y1E__P020.jpg,0.768446,18.815564,ok
EES0423691__X09__Y2A__P021.jpg,0.749491,18.412643,ok
EES0423691__X09__Y2D__P022.jpg,0.907050,30.969471,ok
EES0423691__X0C__Y15__P023.jpg,0.862643,22.985015,ok
EES0423691__X0C__Y18__P024.jpg,0.647032,16.546664,ok
EES0423691__X0C__Y30__P025.jpg,0.610142,16.679111,ok
EES0423692__X0C__Y33__P001.jpg,0.916594,28.257603,ok
EES0423692__X0F__Y0F__P002.jpg,0.827271,21.950195,ok
EES0423692__X0F__Y12__P003.jpg,0.747065,17.669076,ok
EES0423692__X0F__Y15__P004.jpg,0.614929,15.204392,ok
EES0423692__X0F__Y36__P005.jpg,0.854835,23.011798,ok
EES0423692__X0F__Y45__P006.jpg,0.871466,23.387382,ok
EES0423692__X12__Y0C__P007.jpg,0.878547,24.754265,ok
EES0423692__X12__Y0F__P008.jpg,0.827176,21.745129,ok
EES0423692__X12__Y18__P009.jpg,0.641172,17.576636,ok
EES0423692__X12__Y39__P010.jpg,0.699810,18.109170,ok
EES0423692__X12__Y45__P011.jpg,0.852399,22.687998,ok
EES0423692__X15__Y0C__P012.jpg,0.773069,19.216200,ok
EES0423692__X15__Y3C__P013.jpg,0.772778,20.565244,ok
EES0423692__X15__Y3F__P014.jpg,0.847831,21.835881,ok
EES0423692__X18__Y09__P015.jpg,0.688688,17.381568,ok
EES0423692__X18__Y3C__P016.jpg,0.741473,21.798539,ok
EES0423692__X18__Y3F__P017.jpg,0.720985,18.165945,ok
EES0423692__X1B__Y06__P018.jpg,0.884328,27.298887,ok
EES0423692__X1B__Y3F__P019.jpg,0.725659,18.090397,ok
EES0423692__X1E__Y06__P020.jpg,0.705327,18.069997,ok
EES0423692__X1E__Y3F__P021.jpg,0.701234,17.635211,ok
EES0423692__X21__Y3F__P022.jpg,0.642694,17.803097,ok
EES0423692__X21__Y42__P023.jpg,0.736557,17.495213,ok
EES0423692__X24__Y3F__P024.jpg,0.680450,18.421520,ok
EES0423692__X24__Y42__P025.jpg,0.813371,20.608304,ok
EES0423693__X15__Y21__P001.jpg,0.562179,15.358689,ok
EES0423693__X15__Y24__P002.jpg,0.521921,15.180377,ok
EES0423693__X15__Y27__P003.jpg,0.644468,16.365486,ok
EES0423693__X24__Y24__P004.jpg,0.645505,16.643436,ok
EES0423693__X30__Y2D__P005.jpg,0.580796,15.330630,ok
EES0423693__X33__Y1B__P006.jpg,0.624505,15.978676,ok
EES0423693__X33__Y2A__P007.jpg,0.563846,15.386592,ok
EES0423693__X33__Y30__P008.jpg,0.552255,15.759161,ok
EES0423693__X36__Y0F__P009.jpg,0.584317,15.656934,ok
EES0423693__X36__Y27__P010.jpg,0.583899,16.251579,ok
EES0423693__X39__Y27__P011.jpg,0.649689,15.632092,ok
EES0423693__X39__Y36__P012.jpg,0.542089,15.743310,ok
EES0423693__X39__Y39__P013.jpg,0.571718,15.234913,ok
EES0423693__X3C__Y1B__P014.jpg,0.551668,14.546798,ok
EES0423693__X3C__Y1E__P015.jpg,0.557422,14.556526,ok
EES0423693__X3C__Y3C__P016.jpg,0.639249,15.006211,ok
EES0423693__X3F__Y18__P017.jpg,0.551292,15.069988,ok
EES0423693__X3F__Y1B__P018.jpg,0.542627,14.954536,ok
EES0423693__X3F__Y1E__P019.jpg,0.490416,14.602405,ok
EES0423693__X3F__Y24__P020.jpg,0.568835,15.226259,ok
EES0423693__X42__Y0F__P021.jpg,0.805429,19.341410,ok
EES0423693__X12__Y36__P022.jpg,0.834746,22.782434,ok
EES0423693__X15__Y33__P023.jpg,0.805029,21.996232,ok
EES0423693__X15__Y39__P024.jpg,0.854227,25.295391,ok
EES0423693__X18__Y33__P025.jpg,0.752183,20.494406,ok
EES0423694__X18__Y39__P001.jpg,0.811840,20.814371,ok
EES0423694__X1B__Y3F__P002.jpg,0.904622,28.635354,ok
EES0423694__X1E__Y3F__P003.jpg,0.817260,21.142960,ok
EES0423694__X2A__Y3C__P004.jpg,0.714604,18.377011,ok
EES0423694__X36__Y0C__P005.jpg,0.894438,26.589801,ok
EES0423694__X36__Y39__P006.jpg,0.860697,27.972528,ok
EES0423694__X39__Y0F__P007.jpg,0.916665,28.678978,ok
EES0423694__X39__Y36__P008.jpg,0.773921,20.161167,ok
EES0423694__X3C__Y33__P009.jpg,0.899065,27.275426,ok
EES0423694__X3F__Y1B__P010.jpg,0.782111,20.496600,ok
EES0423694__X3F__Y2A__P011.jpg,0.720768,18.676099,ok
EES0423694__X3F__Y2D__P012.jpg,0.840934,25.221377,ok
EES0423694__X48__Y24__P013.jpg,0.883929,27.744186,ok
EES0423694__X48__Y27__P014.jpg,0.905420,27.252594,ok
EES0423694__X0F__Y21__P015.jpg,0.735585,16.969395,ok
EES0423694__X0F__Y24__P016.jpg,0.689001,17.532293,ok
EES0423694__X0F__Y27__P017.jpg,0.673102,16.430959,ok
EES0423694__X0F__Y2A__P018.jpg,0.642011,15.174448,ok
EES0423694__X0F__Y2D__P019.jpg,0.900852,26.826095,ok
EES0423694__X12__Y18__P020.jpg,0.712986,16.813796,ok
EES0423694__X12__Y24__P021.jpg,0.589775,16.097029,ok
EES0423694__X12__Y27__P022.jpg,0.575581,14.495650,ok
EES0423694__X12__Y2A__P023.jpg,0.671505,15.894502,ok
EES0423694__X12__Y2D__P024.jpg,0.663289,17.320750,ok
EES0423694__X12__Y30__P025.jpg,0.736432,17.652226,ok
EES0423695__X12__Y33__P001.jpg,0.810019,21.353674,ok
EES0423695__X15__Y18__P002.jpg,0.600592,16.965088,ok
EES0423695__X15__Y1B__P003.jpg,0.473140,14.538991,ok
EES0423695__X15__Y33__P004.jpg,0.579908,15.896296,ok
EES0423695__X15__Y36__P005.jpg,0.695062,17.160401,ok
EES0423695__X15__Y39__P006.jpg,0.927132,27.078706,ok
EES0423695__X18__Y39__P007.jpg,0.641865,16.617087,ok
EES0423695__X1B__Y3C__P008.jpg,0.693441,17.059146,ok
EES0423695__X1E__Y09__P009.jpg,0.884929,30.166168,ok
EES0423695__X1E__Y0C__P010.jpg,0.619359,16.754886,ok
EES0423695__X1E__Y3C__P011.jpg,0.584681,15.558784,ok
EES0423695__X1E__Y3F__P012.jpg,0.870538,22.940658,ok
EES0423695__X21__Y09__P013.jpg,0.781610,20.944634,ok
EES0423695__X21__Y0C__P014.jpg,0.612740,16.725318,ok
EES0423695__X21__Y3F__P015.jpg,0.696778,17.481663,ok
EES0423695__X24__Y09__P016.jpg,0.702004,18.221531,ok
EES0423695__X24__Y3F__P017.jpg,0.540662,17.275748,ok
EES0423695__X24__Y42__P018.jpg,0.801428,19.652596,ok
EES0423695__X27__Y42__P019.jpg,0.801817,19.920482,ok
EES0423695__X2A__Y06__P020.jpg,0.750663,19.322625,ok
EES0423695__X2A__Y42__P021.jpg,0.823063,21.215429,ok
EES0423695__X2D__Y06__P022.jpg,0.828648,23.370136,ok
EES0423695__X2D__Y42__P023.jpg,0.692766,19.449011,ok
EES0423695__X30__Y06__P024.jpg,0.897585,26.752997,ok
EES0423695__X30__Y42__P025.jpg,0.782211,19.903392,ok
EES0423696__X33__Y06__P001.jpg,0.904570,27.729249,ok
EES0423696__X33__Y42__P002.jpg,0.768138,20.738479,ok
EES0423696__X39__Y09__P003.jpg,0.656212,19.178477,ok
EES0423696__X39__Y3F__P004.jpg,0.695932,17.047440,ok
EES0423696__X3C__Y09__P005.jpg,0.922081,27.629860,ok
EES0423696__X3C__Y0C__P006.jpg,0.528191,16.564390,ok
EES0423696__X3C__Y3C__P007.jpg,0.730569,19.595542,ok
EES0423696__X3C__Y3F__P008.jpg,0.843124,23.770220,ok
EES0423696__X3F__Y0C__P009.jpg,0.773455,18.944144,ok
EES0423696__X3F__Y0F__P010.jpg,0.482292,16.320430,ok
EES0423696__X3F__Y3C__P011.jpg,0.783855,21.784169,ok
EES0423696__X42__Y0F__P012.jpg,0.753812,20.993008,ok
EES0423696__X42__Y39__P013.jpg,0.709192,18.095476,ok
EES0423696__X42__Y45__P014.jpg,0.826574,18.636518,ok
EES0423696__X45__Y12__P015.jpg,0.736885,19.396752,ok
EES0423696__X45__Y33__P016.jpg,0.628728,18.033800,ok
EES0423696__X45__Y36__P017.jpg,0.817771,22.071180,ok
EES0423696__X48__Y18__P018.jpg,0.822989,24.714608,ok
EES0423696__X48__Y1B__P019.jpg,0.750302,20.818815,ok
EES0423696__X48__Y27__P020.jpg,0.453759,16.043404,ok
EES0423696__X48__Y2A__P021.jpg,0.498689,15.624677,ok
EES0423696__X48__Y2D__P022.jpg,0.602901,16.555944,ok
EES0423696__X48__Y30__P023.jpg,0.637679,17.853104,ok
EES0423696__X48__Y3F__P024.jpg,0.826781,20.791595,ok
EES0423696__X48__Y42__P025.jpg,0.869053,22.915252,ok
EES0423697__X09__Y18__P001.jpg,0.797982,20.498418,ok
EES0423697__X09__Y1B__P002.jpg,0.879815,25.890995,ok
EES0423697__X09__Y1E__P003.jpg,0.691058,19.019544,ok
EES0423697__X0C__Y12__P004.jpg,0.716274,18.616273,ok
EES0423697__X0C__Y18__P005.jpg,0.607550,15.909652,ok
EES0423697__X0C__Y1B__P006.jpg,0.619986,17.562240,ok
EES0423697__X0C__Y1E__P007.jpg,0.655254,16.039377,ok
EES0423697__X0C__Y21__P008.jpg,0.817794,22.138503,ok
EES0423697__X0C__Y24__P009.jpg,0.774945,21.275638,ok
EES0423697__X0C__Y27__P010.jpg,0.828178,22.700992,ok
EES0423697__X0C__Y2A__P011.jpg,0.796098,20.631177,ok
EES0423697__X0F__Y0C__P012.jpg,0.795494,19.175427,ok
EES0423697__X0F__Y0F__P013.jpg,0.601401,16.314367,ok
EES0423697__X0F__Y2A__P014.jpg,0.817111,18.649131,ok
EES0423697__X0F__Y2D__P015.jpg,0.828367,19.099854,ok
EES0423697__X12__Y09__P016.jpg,0.857400,24.786871,ok
EES0423697__X12__Y27__P017.jpg,0.675636,17.742078,ok
EES0423697__X12__Y2A__P018.jpg,0.658993,16.737280,ok
EES0423697__X12__Y2D__P019.jpg,0.787279,19.673860,ok
EES0423697__X12__Y30__P020.jpg,0.884809,26.688682,ok
EES0423697__X15__Y06__P021.jpg,0.762765,18.096823,ok
EES0423697__X15__Y30__P022.jpg,0.645167,17.077768,ok
EES0423697__X18__Y36__P023.jpg,0.863477,24.082733,ok
EES0423697__X1B__Y03__P024.jpg,0.705801,19.017424,ok
EES0423697__X1B__Y21__P025.jpg,0.598619,16.239400,ok
EES0423698__X1B__Y33__P001.jpg,0.662306,18.241903,ok
EES0423698__X1B__Y36__P002.jpg,0.538921,15.174240,ok
EES0423698__X1B__Y39__P003.jpg,0.667513,17.373737,ok
EES0423698__X1E__Y03__P004.jpg,0.526319,15.472080,ok
EES0423698__X1E__Y1B__P005.jpg,0.573293,15.774164,ok
EES0423698__X1E__Y24__P006.jpg,0.573110,17.182059,ok
EES0423698__X1E__Y27__P007.jpg,0.628188,16.961933,ok
EES0423698__X1E__Y2A__P008.jpg,0.686526,17.630937,ok
EES0423698__X1E__Y36__P009.jpg,0.666657,17.507289,ok
EES0423698__X1E__Y39__P010.jpg,0.773286,18.972633,ok
EES0423698__X21__Y1B__P011.jpg,0.569817,16.045996,ok
EES0423698__X21__Y1E__P012.jpg,0.600437,18.669195,ok
EES0423698__X21__Y2D__P013.jpg,0.581673,16.689836,ok
EES0423698__X21__Y39__P014.jpg,0.719275,17.608572,ok
EES0423698__X24__Y18__P015.jpg,0.694737,18.378008,ok
EES0423698__X24__Y2A__P016.jpg,0.643612,17.653806,ok
EES0423698__X24__Y2D__P017.jpg,0.681635,18.554121,ok
EES0423698__X27__Y1B__P018.jpg,0.614762,17.136837,ok
EES0423698__X27__Y2D__P019.jpg,0.585657,16.643264,ok
EES0423698__X27__Y3C__P020.jpg,0.910933,31.033503,ok
EES0423698__X2A__Y1B__P021.jpg,0.669768,18.012108,ok
EES0423698__X2A__Y3C__P022.jpg,0.820658,23.580068,ok
EES0423698__X2D__Y03__P023.jpg,0.556857,17.586380,ok
EES0423698__X2D__Y1B__P024.jpg,0.599884,16.314728,ok
EES0423698__X2D__Y1E__P025.jpg,0.628869,17.508972,ok
EES0423699__X2D__Y24__P001.jpg,0.615872,17.723324,ok
EES0423699__X2D__Y2A__P002.jpg,0.631052,16.780614,ok
EES0423699__X2D__Y30__P003.jpg,0.577855,16.740451,ok
EES0423699__X2D__Y3C__P004.jpg,0.868822,24.488391,ok
EES0423699__X30__Y03__P005.jpg,0.738650,19.352109,ok
EES0423699__X30__Y21__P006.jpg,0.575422,15.209038,ok
EES0423699__X30__Y2A__P007.jpg,0.730626,17.932591,ok
EES0423699__X30__Y33__P008.jpg,0.601137,16.616035,ok
EES0423699__X33__Y1E__P009.jpg,0.629601,16.537705,ok
EES0423699__X33__Y24__P010.jpg,0.615680,15.173511,ok
EES0423699__X33__Y39__P011.jpg,0.791185,20.659982,ok
EES0423699__X36__Y06__P012.jpg,0.865355,25.164785,ok
EES0423699__X39__Y33__P013.jpg,0.590215,16.926706,ok
EES0423699__X3C__Y33__P014.jpg,0.907811,27.232147,ok
EES0423699__X42__Y15__P015.jpg,0.862431,22.532458,ok
EES0423699__X42__Y18__P016.jpg,0.658055,17.841284,ok
EES0423699__X42__Y1E__P017.jpg,0.661296,17.305830,ok
EES0423699__X42__Y24__P018.jpg,0.705054,18.130738,ok
EES0423699__X42__Y2A__P019.jpg,0.859146,26.024682,ok
EES0423699__X48__Y30__P020.jpg,0.918016,29.623372,ok
EES0423699__X06__Y39__P021.jpg,0.829022,19.664872,ok
EES0423699__X06__Y3C__P022.jpg,0.802614,19.619076,ok
EES0423699__X09__Y3F__P023.jpg,0.826198,19.458424,ok
EES0423699__X09__Y42__P024.jpg,0.868488,21.545316,ok
EES0423699__X0C__Y42__P025.jpg,0.815355,18.053033,ok
EES0423700__X0C__Y45__P001.jpg,0.867904,21.257513,ok
EES0423700__X0F__Y18__P002.jpg,0.742349,16.930376,ok
EES0423700__X0F__Y1B__P003.jpg,0.804286,19.229108,ok
EES0423700__X0F__Y27__P004.jpg,0.690679,15.760661,ok
EES0423700__X0F__Y2A__P005.jpg,0.642524,15.794677,ok
EES0423700__X0F__Y2D__P006.jpg,0.696079,16.517837,ok
EES0423700__X0F__Y30__P007.jpg,0.733474,17.296213,ok
EES0423700__X0F__Y45__P008.jpg,0.838049,19.466150,ok
EES0423700__X12__Y1B__P009.jpg,0.640461,15.384481,ok
EES0423700__X12__Y1E__P010.jpg,0.557321,15.169494,ok
EES0423700__X12__Y24__P011.jpg,0.598340,15.797283,ok
EES0423700__X12__Y27__P012.jpg,0.591681,15.321019,ok
EES0423700__X12__Y2A__P013.jpg,0.613193,15.451656,ok
EES0423700__X12__Y2D__P014.jpg,0.676058,16.669012,ok
EES0423700__X12__Y30__P015.jpg,0.603723,15.824875,ok
EES0423700__X12__Y33__P016.jpg,0.676299,16.550641,ok
EES0423700__X12__Y45__P017.jpg,0.732287,17.629744,ok
EES0423700__X15__Y1B__P018.jpg,0.557168,15.021277,ok
EES0423700__X15__Y1E__P019.jpg,0.638207,15.373117,ok
EES0423700__X15__Y2A__P020.jpg,0.538766,15.776805,ok
EES0423700__X15__Y36__P021.jpg,0.629435,15.346209,ok
EES0423700__X18__Y1E__P022.jpg,0.551748,15.174190,ok
EES0423700__X18__Y21__P023.jpg,0.563211,15.357862,ok
EES0423700__X18__Y24__P024.jpg,0.493663,14.652708,ok
EES0423700__X18__Y39__P025.jpg,0.680639,17.261070,ok
EES0423701__X1B__Y1E__P001.jpg,0.573117,15.021406,ok
EES0423701__X1E__Y3F__P002.jpg,0.707168,17.302222,ok
EES0423701__X21__Y3F__P003.jpg,0.653113,16.384475,ok
EES0423701__X24__Y42__P004.jpg,0.730475,17.365213,ok
EES0423701__X27__Y42__P005.jpg,0.715061,17.650258,ok
EES0423701__X2A__Y15__P006.jpg,0.524181,13.919763,ok
EES0423701__X2A__Y42__P007.jpg,0.646626,16.730449,ok
EES0423701__X2D__Y2D__P008.jpg,0.457416,15.716841,ok
EES0423701__X2D__Y3F__P009.jpg,0.580508,16.824727,ok
EES0423701__X2D__Y42__P010.jpg,0.653816,15.979265,ok
EES0423701__X30__Y09__P011.jpg,0.502597,15.157603,ok
EES0423701__X30__Y0F__P012.jpg,0.532142,14.738759,ok
EES0423701__X30__Y15__P013.jpg,0.463927,14.095490,ok
EES0423701__X30__Y1B__P014.jpg,0.481142,14.851927,ok
EES0423701__X30__Y2A__P015.jpg,0.503690,15.949274,ok
EES0423701__X30__Y36__P016.jpg,0.576135,15.838597,ok
EES0423701__X30__Y39__P017.jpg,0.504252,14.819008,ok
EES0423701__X30__Y3F__P018.jpg,0.574970,16.196255,ok
EES0423701__X30__Y42__P019.jpg,0.644271,16.267208,ok
EES0423701__X33__Y09__P020.jpg,0.725755,16.236476,ok
EES0423701__X33__Y3C__P021.jpg,0.592500,15.336585,ok
EES0423701__X33__Y3F__P022.jpg,0.546553,15.235863,ok
EES0423701__X33__Y42__P023.jpg,0.755273,17.548716,ok
EES0423701__X36__Y3C__P024.jpg,0.556422,16.057323,ok
EES0423701__X36__Y3F__P025.jpg,0.594919,15.091492,ok
EES0423702__X39__Y09__P001.jpg,0.854342,22.787036,ok
EES0423702__X39__Y0C__P002.jpg,0.622622,14.333488,ok
EES0423702__X39__Y1E__P003.jpg,0.554892,15.351629,ok
EES0423702__X39__Y3C__P004.jpg,0.507099,15.183569,ok
EES0423702__X39__Y3F__P005.jpg,0.783437,19.532919,ok
EES0423702__X3C__Y1E__P006.jpg,0.524949,14.660177,ok
EES0423702__X3C__Y3C__P007.jpg,0.637405,16.704759,ok
EES0423702__X3F__Y12__P008.jpg,0.598477,15.122250,ok
EES0423702__X3F__Y15__P009.jpg,0.548574,15.402114,ok
EES0423702__X3F__Y30__P010.jpg,0.600191,17.439885,ok
EES0423702__X3F__Y36__P011.jpg,0.586858,15.762840,ok
EES0423702__X3F__Y39__P012.jpg,0.736526,18.904389,ok
EES0423702__X42__Y12__P013.jpg,0.751349,17.836672,ok
EES0423702__X42__Y15__P014.jpg,0.699346,17.256444,ok
EES0423702__X42__Y18__P015.jpg,0.621948,15.209186,ok
EES0423702__X42__Y2D__P016.jpg,0.607550,16.473774,ok
EES0423702__X42__Y30__P017.jpg,0.612662,15.908331,ok
EES0423702__X42__Y33__P018.jpg,0.583775,15.290985,ok
EES0423702__X42__Y45__P019.jpg,0.823004,18.540825,ok
EES0423702__X45__Y45__P020.jpg,0.769915,17.498199,ok
EES0423702__X12__Y1B__P021.jpg,0.874245,25.717631,ok
EES0423702__X12__Y24__P022.jpg,0.575940,15.971323,ok
EES0423702__X12__Y33__P023.jpg,0.853980,22.213540,ok
EES0423702__X15__Y36__P024.jpg,0.789178,19.186059,ok
EES0423702__X18__Y39__P025.jpg,0.861233,25.781884,ok
EES0423703__X1B__Y1E__P001.jpg,0.603809,17.653198,ok
EES0423703__X1E__Y09__P002.jpg,0.890931,27.524682,ok
EES0423703__X21__Y0F__P003.jpg,0.574575,16.932623,ok
EES0423703__X24__Y06__P004.jpg,0.900787,26.960017,ok
EES0423703__X27__Y06__P005.jpg,0.842823,23.387640,ok
EES0423703__X30__Y06__P006.jpg,0.841812,23.287066,ok
EES0423703__X36__Y09__P007.jpg,0.663655,18.411284,ok
EES0423703__X36__Y3F__P008.jpg,0.796814,20.725739,ok
EES0423703__X39__Y09__P009.jpg,0.838987,21.435788,ok
EES0423703__X39__Y3F__P010.jpg,0.894872,25.413653,ok
EES0423703__X3C__Y3C__P011.jpg,0.824619,21.449588,ok
EES0423703__X42__Y36__P012.jpg,0.814593,22.262100,ok
EES0423703__X48__Y18__P013.jpg,0.893808,25.936057,ok
EES0423703__X48__Y1E__P014.jpg,0.837950,22.158004,ok
EES0423703__X48__Y21__P015.jpg,0.819068,22.021314,ok
EES0423703__X48__Y24__P016.jpg,0.826080,22.274183,ok
EES0423703__X48__Y27__P017.jpg,0.831882,22.157109,ok
EES0423703__X48__Y2A__P018.jpg,0.807846,20.580922,ok
EES0423703__X48__Y2D__P019.jpg,0.727319,17.823589,ok
EES0423703__X48__Y30__P020.jpg,0.817706,20.502698,ok
EES0423703__X12__Y18__P021.jpg,0.644561,17.915225,ok
EES0423703__X12__Y1E__P022.jpg,0.635647,16.405334,ok
EES0423703__X18__Y09__P023.jpg,0.819175,21.718949,ok
EES0423703__X18__Y1E__P024.jpg,0.688982,18.205580,ok
EES0423703__X18__Y21__P025.jpg,0.746525,20.394428,ok
EES0423704__X1B__Y0C__P001.jpg,0.711310,17.920973,ok
EES0423704__X1B__Y0F__P002.jpg,0.820879,23.682857,ok
EES0423704__X1B__Y18__P003.jpg,0.778715,19.818170,ok
EES0423704__X1B__Y1B__P004.jpg,0.705221,18.301690,ok
EES0423704__X1B__Y1E__P005.jpg,0.694759,18.826737,ok
EES0423704__X1B__Y21__P006.jpg,0.680435,18.508416,ok
EES0423704__X1B__Y27__P007.jpg,0.783355,19.900343,ok
EES0423704__X1E__Y06__P008.jpg,0.746478,19.192781,ok
EES0423704__X1E__Y0C__P009.jpg,0.746100,18.731154,ok
EES0423704__X1E__Y0F__P010.jpg,0.667774,19.059793,ok
EES0423704__X1E__Y12__P011.jpg,0.652046,18.039091,ok
EES0423704__X1E__Y15__P012.jpg,0.717919,17.336514,ok
EES0423704__X1E__Y1B__P013.jpg,0.602475,15.906827,ok
EES0423704__X1E__Y1E__P014.jpg,0.695545,17.913168,ok
EES0423704__X1E__Y21__P015.jpg,0.602849,18.407630,ok
EES0423704__X1E__Y24__P016.jpg,0.683991,19.194263,ok
EES0423704__X1E__Y27__P017.jpg,0.685993,17.838127,ok
EES0423704__X1E__Y2A__P018.jpg,0.642587,16.669473,ok
EES0423704__X21__Y09__P019.jpg,0.748528,21.409389,ok
EES0423704__X21__Y0C__P020.jpg,0.772678,21.113787,ok
EES0423704__X21__Y0F__P021.jpg,0.725759,19.017578,ok
EES0423704__X21__Y12__P022.jpg,0.778538,22.730519,ok
EES0423704__X21__Y15__P023.jpg,0.706700,18.250429,ok
EES0423704__X21__Y18__P024.jpg,0.890120,26.908324,ok
EES0423704__X21__Y2A__P025.jpg,0.694652,19.620815,ok
EES0423705__X21__Y30__P001.jpg,0.792012,19.193178,ok
EES0423705__X24__Y0C__P002.jpg,0.637066,18.258879,ok
EES0423705__X24__Y12__P003.jpg,0.760861,21.158022,ok
EES0423705__X24__Y15__P004.jpg,0.594579,17.369588,ok
EES0423705__X24__Y18__P005.jpg,0.683333,18.604222,ok
EES0423705__X24__Y2A__P006.jpg,0.694016,18.749989,ok
EES0423705__X24__Y2D__P007.jpg,0.711879,18.301740,ok
EES0423705__X27__Y06__P008.jpg,0.762904,18.447391,ok
EES0423705__X27__Y2A__P009.jpg,0.652504,17.290820,ok
EES0423705__X27__Y2D__P010.jpg,0.755730,19.813355,ok
EES0423705__X2A__Y18__P011.jpg,0.649294,19.508576,ok
EES0423705__X2A__Y1B__P012.jpg,0.644183,18.205664,ok
EES0423705__X2D__Y09__P013.jpg,0.819839,22.712842,ok
EES0423705__X2D__Y0C__P014.jpg,0.658146,18.211150,ok
EES0423705__X2D__Y12__P015.jpg,0.663909,18.504609,ok
EES0423705__X2D__Y1B__P016.jpg,0.753645,19.280804,ok
EES0423705__X2D__Y1E__P017.jpg,0.612211,17.791162,ok
EES0423705__X2D__Y21__P018.jpg,0.661354,17.625385,ok
EES0423705__X2D__Y24__P019.jpg,0.672288,18.697577,ok
EES0423705__X2D__Y2A__P020.jpg,0.767551,20.156364,ok
EES0423705__X30__Y06__P021.jpg,0.655042,17.204982,ok
EES0423705__X30__Y09__P022.jpg,0.732710,18.921020,ok
EES0423705__X30__Y12__P023.jpg,0.688708,17.484337,ok
EES0423705__X30__Y18__P024.jpg,0.659911,17.725179,ok
EES0423705__X30__Y1B__P025.jpg,0.580829,17.042793,ok
EES0423706__X30__Y1E__P001.jpg,0.707709,18.485944,ok
EES0423706__X30__Y21__P002.jpg,0.575738,16.518881,ok
EES0423706__X30__Y24__P003.jpg,0.637861,16.847903,ok
EES0423706__X30__Y2A__P004.jpg,0.643961,17.339344,ok
EES0423706__X33__Y06__P005.jpg,0.691106,16.655637,ok
EES0423706__X33__Y09__P006.jpg,0.781808,20.065496,ok
EES0423706__X33__Y0C__P007.jpg,0.736366,18.787374,ok
EES0423706__X33__Y1E__P008.jpg,0.611140,16.989594,ok
EES0423706__X36__Y06__P009.jpg,0.918424,28.190003,ok
EES0423706__X36__Y09__P010.jpg,0.723621,17.935110,ok
EES0423706__X36__Y0C__P011.jpg,0.649059,16.407525,ok
EES0423706__X36__Y0F__P012.jpg,0.658022,17.816041,ok
EES0423706__X36__Y1E__P013.jpg,0.670691,17.220715,ok
EES0423706__X39__Y09__P014.jpg,0.689173,17.561771,ok
EES0423706__X3C__Y0C__P015.jpg,0.735903,18.570654,ok
EES0423706__X3F__Y0F__P016.jpg,0.807415,20.877930,ok
EES0423706__X3F__Y12__P017.jpg,0.872913,23.236338,ok
EES0423706__X3F__Y15__P018.jpg,0.644399,16.622427,ok
EES0423706__X42__Y15__P019.jpg,0.804701,21.422116,ok
EES0423706__X0F__Y1B__P020.jpg,0.842718,23.218543,ok
EES0423706__X0F__Y27__P021.jpg,0.829048,21.174769,ok
EES0423706__X0F__Y2A__P022.jpg,0.771622,17.773181,ok
EES0423706__X12__Y12__P023.jpg,0.781804,20.741016,ok
EES0423706__X12__Y15__P024.jpg,0.712019,18.861468,ok
EES0423706__X12__Y18__P025.jpg,0.563146,16.226644,ok
EES0423707__X12__Y1B__P001.jpg,0.601157,16.534790,ok
EES0423707__X12__Y1E__P002.jpg,0.572256,16.123504,ok
EES0423707__X12__Y27__P003.jpg,0.592036,17.359971,ok
EES0423707__X12__Y2A__P004.jpg,0.621124,16.540641,ok
EES0423707__X12__Y2D__P005.jpg,0.700976,18.664148,ok
EES0423707__X12__Y30__P006.jpg,0.740775,18.106811,ok
EES0423707__X15__Y0F__P007.jpg,0.718988,18.210518,ok
EES0423707__X15__Y18__P008.jpg,0.492425,16.199340,ok
EES0423707__X15__Y27__P009.jpg,0.526504,15.868542,ok
EES0423707__X15__Y2A__P010.jpg,0.564848,16.181489,ok
EES0423707__X18__Y09__P011.jpg,0.833523,20.888199,ok
EES0423707__X18__Y0F__P012.jpg,0.611941,17.030385,ok
EES0423707__X18__Y2A__P013.jpg,0.645158,17.152691,ok
EES0423707__X18__Y36__P014.jpg,0.732608,18.524436,ok
EES0423707__X1B__Y39__P015.jpg,0.763083,18.628237,ok
EES0423707__X21__Y3F__P016.jpg,0.870120,23.407517,ok
EES0423707__X2A__Y03__P017.jpg,0.697542,19.000480,ok
EES0423707__X2D__Y03__P018.jpg,0.764522,22.285894,ok
EES0423707__X2D__Y3F__P019.jpg,0.705336,21.668987,ok
EES0423707__X30__Y03__P020.jpg,0.853181,25.586638,ok
EES0423707__X33__Y06__P021.jpg,0.554814,16.324511,ok
EES0423707__X33__Y3C__P022.jpg,0.660970,18.029290,ok
EES0423707__X36__Y06__P023.jpg,0.673783,18.731945,ok
EES0423707__X36__Y09__P024.jpg,0.431373,15.010000,ok
EES0423707__X36__Y0C__P025.jpg,0.519978,15.661276,ok
EES0423708__X36__Y12__P001.jpg,0.510598,16.359694,ok
EES0423708__X39__Y06__P002.jpg,0.871185,23.193312,ok
EES0423708__X39__Y0C__P003.jpg,0.540227,15.920409,ok
EES0423708__X3C__Y09__P004.jpg,0.719764,18.476857,ok
EES0423708__X3C__Y0F__P005.jpg,0.561478,16.360631,ok
EES0423708__X3C__Y36__P006.jpg,0.743216,20.156536,ok
EES0423708__X3C__Y39__P007.jpg,0.851416,21.607265,ok
EES0423708__X3F__Y0C__P008.jpg,0.564219,17.641042,ok
EES0423708__X3F__Y2A__P009.jpg,0.533999,16.563720,ok
EES0423708__X3F__Y2D__P010.jpg,0.487570,16.251409,ok
EES0423708__X3F__Y30__P011.jpg,0.507103,16.748916,ok
EES0423708__X3F__Y33__P012.jpg,0.600665,17.760183,ok
EES0423708__X3F__Y36__P013.jpg,0.705959,18.373333,ok
EES0423708__X42__Y0F__P014.jpg,0.778586,19.076224,ok
EES0423708__X42__Y12__P015.jpg,0.710977,17.977050,ok
EES0423708__X42__Y15__P016.jpg,0.515111,15.829069,ok
EES0423708__X42__Y24__P017.jpg,0.487404,16.346670,ok
EES0423708__X42__Y27__P018.jpg,0.475668,16.276301,ok
EES0423708__X42__Y2A__P019.jpg,0.531823,16.549447,ok
EES0423708__X42__Y2D__P020.jpg,0.712823,18.505003,ok
EES0423708__X45__Y12__P021.jpg,0.797700,19.246970,ok
EES0423708__X45__Y15__P022.jpg,0.757484,19.955443,ok
EES0423708__X45__Y18__P023.jpg,0.708385,17.556076,ok
EES0423708__X45__Y1B__P024.jpg,0.757699,18.159014,ok
EES0423708__X45__Y1E__P025.jpg,0.708203,16.582335,ok
EES0423709__X45__Y21__P001.jpg,0.659709,16.976449,ok
EES0423709__X45__Y24__P002.jpg,0.613315,16.805183,ok
EES0423709__X45__Y27__P003.jpg,0.727561,18.353204,ok
EES0423709__X45__Y2A__P004.jpg,0.802652,20.801889,ok
EES0423709__X45__Y2D__P005.jpg,0.804490,20.226494,ok
EES0423709__X48__Y18__P006.jpg,0.804935,19.778720,ok
EES0423709__X48__Y1B__P007.jpg,0.849222,21.437305,ok
EES0423709__X48__Y1E__P008.jpg,0.739797,18.078962,ok
EES0423709__X48__Y21__P009.jpg,0.650426,17.425285,ok
EES0423709__X48__Y24__P010.jpg,0.834439,23.269948,ok
EES0423709__X48__Y27__P011.jpg,0.759619,19.152103,ok
EES0423709__X48__Y2A__P012.jpg,0.877757,23.465485,ok
EES0423709__X09__Y1B__P013.jpg,0.793438,19.407416,ok
EES0423709__X09__Y1E__P014.jpg,0.813436,25.429097,ok
EES0423709__X09__Y21__P015.jpg,0.626966,18.463667,ok
EES0423709__X09__Y24__P016.jpg,0.699032,19.760555,ok
EES0423709__X09__Y27__P017.jpg,0.746007,21.307523,ok
EES0423709__X09__Y2A__P018.jpg,0.815696,22.416475,ok
EES0423709__X09__Y2D__P019.jpg,0.791942,21.250324,ok
EES0423709__X09__Y30__P020.jpg,0.746719,19.553634,ok
EES0423709__X0C__Y18__P021.jpg,0.753601,19.496200,ok
EES0423709__X0C__Y1B__P022.jpg,0.727794,20.589048,ok
EES0423709__X0C__Y1E__P023.jpg,0.730095,18.967976,ok
EES0423709__X0C__Y21__P024.jpg,0.686092,20.264137,ok
EES0423709__X0C__Y24__P025.jpg,0.661367,18.615117,ok
EES0423710__X0C__Y27__P001.jpg,0.759231,20.761026,ok
EES0423710__X0C__Y2A__P002.jpg,0.629029,19.041626,ok
EES0423710__X0C__Y2D__P003.jpg,0.661492,19.234207,ok
EES0423710__X0C__Y30__P004.jpg,0.755141,20.257189,ok
EES0423710__X0C__Y33__P005.jpg,0.899986,30.835811,ok
EES0423710__X0F__Y15__P006.jpg,0.728748,18.525360,ok
EES0423710__X0F__Y36__P007.jpg,0.592308,18.253614,ok
EES0423710__X0F__Y39__P008.jpg,0.913448,27.346435,ok
EES0423710__X12__Y0F__P009.jpg,0.747489,19.509893,ok
EES0423710__X12__Y12__P010.jpg,0.769074,19.857940,ok
EES0423710__X12__Y39__P011.jpg,0.782126,20.764028,ok
EES0423710__X12__Y3C__P012.jpg,0.921408,32.170238,ok
EES0423710__X15__Y0C__P013.jpg,0.835386,23.368084,ok
EES0423710__X15__Y3C__P014.jpg,0.741685,20.177447,ok
EES0423710__X18__Y09__P015.jpg,0.831172,22.892753,ok
EES0423710__X18__Y0C__P016.jpg,0.671681,19.864795,ok
EES0423710__X18__Y3F__P017.jpg,0.902577,27.138853,ok
EES0423710__X1B__Y06__P018.jpg,0.886051,26.733027,ok
EES0423710__X1B__Y09__P019.jpg,0.864909,23.657779,ok
EES0423710__X1B__Y3F__P020.jpg,0.693164,19.783543,ok
EES0423710__X1E__Y06__P021.jpg,0.726504,17.302937,ok
EES0423710__X1E__Y09__P022.jpg,0.693290,18.726545,ok
EES0423710__X1E__Y3F__P023.jpg,0.536355,16.943328,ok
EES0423710__X21__Y06__P024.jpg,0.803684,22.134902,ok
EES0423710__X21__Y2D__P025.jpg,0.757879,19.542999,ok
EES0423711__X21__Y42__P001.jpg,0.802199,21.267949,ok
EES0423711__X24__Y06__P002.jpg,0.718058,21.385289,ok
EES0423711__X24__Y42__P003.jpg,0.784285,21.758694,ok
EES0423711__X27__Y06__P004.jpg,0.742030,19.593476,ok
EES0423711__X27__Y42__P005.jpg,0.757155,20.390907,ok
EES0423711__X2A__Y06__P006.jpg,0.750777,18.798555,ok
EES0423711__X2A__Y42__P007.jpg,0.757034,19.264755,ok
EES0423711__X2D__Y06__P008.jpg,0.910702,27.592225,ok
EES0423711__X2D__Y42__P009.jpg,0.854535,22.679917,ok
EES0423711__X30__Y06__P010.jpg,0.908507,30.144123,ok
EES0423711__X30__Y3F__P011.jpg,0.546462,17.119937,ok
EES0423711__X33__Y3F__P012.jpg,0.844287,22.913861,ok
EES0423711__X36__Y09__P013.jpg,0.828861,20.604354,ok
EES0423711__X36__Y0C__P014.jpg,0.671801,18.536759,ok
EES0423711__X36__Y3C__P015.jpg,0.612352,17.360179,ok
EES0423711__X39__Y09__P016.jpg,0.907370,25.943977,ok
EES0423711__X39__Y0C__P017.jpg,0.819714,22.500971,ok
EES0423711__X39__Y3C__P018.jpg,0.819432,21.024746,ok
EES0423711__X3C__Y0F__P019.jpg,0.793252,19.639213,ok
EES0423711__X3C__Y39__P020.jpg,0.879157,25.940394,ok
EES0423711__X3F__Y12__P021.jpg,0.812809,21.371831,ok
EES0423711__X3F__Y15__P022.jpg,0.784228,20.559316,ok
EES0423711__X3F__Y36__P023.jpg,0.856214,29.098482,ok
EES0423711__X42__Y18__P024.jpg,0.837065,24.611388,ok
EES0423711__X42__Y1E__P025.jpg,0.649168,18.011749,ok
EES0423712__X42__Y2A__P001.jpg,0.658778,18.687323,ok
EES0423712__X42__Y2D__P002.jpg,0.738806,22.633863,ok
EES0423712__X42__Y30__P003.jpg,0.841099,25.866295,ok
EES0423712__X45__Y1E__P004.jpg,0.886959,25.917728,ok
EES0423712__X45__Y21__P005.jpg,0.848218,23.000109,ok
EES0423712__X45__Y24__P006.jpg,0.800971,18.539816,ok
EES0423712__X45__Y27__P007.jpg,0.860313,22.924110,ok
EES0423712__X45__Y2A__P008.jpg,0.907883,30.967293,ok
EES0423712__X48__Y42__P009.jpg,0.887554,31.887968,ok
EES0423712__X0C__Y18__P010.jpg,0.509089,15.300021,ok
EES0423712__X12__Y12__P011.jpg,0.613558,14.896836,ok
EES0423712__X1E__Y0F__P012.jpg,0.666588,16.205151,ok
EES0423712__X21__Y0C__P013.jpg,0.815509,20.500600,ok
EES0423712__X24__Y0C__P014.jpg,0.842774,21.784169,ok
EES0423712__X27__Y0C__P015.jpg,0.659959,15.419265,ok
EES0423712__X27__Y12__P016.jpg,0.631187,15.678810,ok
EES0423712__X2A__Y0C__P017.jpg,0.756316,18.765197,ok
EES0423712__X2A__Y0F__P018.jpg,0.665711,16.926773,ok
EES0423712__X2A__Y12__P019.jpg,0.632097,15.597068,ok
EES0423712__X2D__Y0C__P020.jpg,0.737393,16.601255,ok
EES0423712__X2D__Y0F__P021.jpg,0.685555,16.135965,ok
EES0423712__X2D__Y12__P022.jpg,0.649693,15.665730,ok
EES0423712__X2D__Y42__P023.jpg,0.557385,15.109881,ok
EES0423712__X30__Y0C__P024.jpg,0.762569,18.353593,ok
EES0423712__X30__Y0F__P025.jpg,0.762717,18.846770,ok
EES0423713__X30__Y12__P001.jpg,0.824651,20.483112,ok
EES0423713__X30__Y18__P002.jpg,0.700070,16.626286,ok
EES0423713__X30__Y1B__P003.jpg,0.631821,15.789415,ok
EES0423713__X30__Y1E__P004.jpg,0.591038,16.486726,ok
EES0423713__X33__Y0F__P005.jpg,0.722657,17.515031,ok
EES0423713__X33__Y12__P006.jpg,0.753818,17.864220,ok
EES0423713__X33__Y18__P007.jpg,0.707890,18.727720,ok
EES0423713__X33__Y1E__P008.jpg,0.599586,17.023559,ok
EES0423713__X33__Y21__P009.jpg,0.704815,16.124944,ok
EES0423713__X33__Y24__P010.jpg,0.721750,18.027634,ok
EES0423713__X36__Y12__P011.jpg,0.671447,16.437722,ok
EES0423713__X36__Y18__P012.jpg,0.807213,22.137396,ok
EES0423713__X36__Y1B__P013.jpg,0.656209,16.709423,ok
EES0423713__X36__Y1E__P014.jpg,0.710132,17.710627,ok
EES0423713__X36__Y21__P015.jpg,0.640396,15.666406,ok
EES0423713__X36__Y24__P016.jpg,0.619548,15.022393,ok
EES0423713__X36__Y27__P017.jpg,0.631246,16.614206,ok
EES0423713__X36__Y2A__P018.jpg,0.590195,15.522670,ok
EES0423713__X36__Y3F__P019.jpg,0.526833,15.306106,ok
EES0423713__X39__Y18__P020.jpg,0.804686,19.284648,ok
EES0423713__X39__Y1B__P021.jpg,0.721544,16.762788,ok
EES0423713__X39__Y1E__P022.jpg,0.721425,16.694428,ok
EES0423713__X39__Y21__P023.jpg,0.617023,16.745441,ok
EES0423713__X39__Y24__P024.jpg,0.597911,15.831114,ok
EES0423713__X39__Y27__P025.jpg,0.630366,15.256735,ok
EES0423714__X39__Y2A__P001.jpg,0.632476,16.300270,ok
EES0423714__X39__Y30__P002.jpg,0.567523,14.521851,ok
EES0423714__X3C__Y18__P003.jpg,0.749022,18.168389,ok
EES0423714__X3C__Y1B__P004.jpg,0.860338,22.571794,ok
EES0423714__X3C__Y21__P005.jpg,0.714472,18.561094,ok
EES0423714__X3C__Y24__P006.jpg,0.692904,18.094271,ok
EES0423714__X3C__Y2A__P007.jpg,0.708096,17.652129,ok
EES0423714__X3C__Y2D__P008.jpg,0.693444,17.444575,ok
EES0423714__X3C__Y30__P009.jpg,0.589568,15.684577,ok
EES0423714__X3C__Y33__P010.jpg,0.652879,15.746618,ok
EES0423714__X3C__Y36__P011.jpg,0.585264,14.555197,ok
EES0423714__X3C__Y3C__P012.jpg,0.889473,25.279346,ok
EES0423714__X3F__Y18__P013.jpg,0.898444,26.225172,ok
EES0423714__X3F__Y1B__P014.jpg,0.852540,22.723678,ok
EES0423714__X3F__Y1E__P015.jpg,0.756358,18.480017,ok
EES0423714__X3F__Y21__P016.jpg,0.716685,18.139701,ok
EES0423714__X3F__Y27__P017.jpg,0.752921,19.437115,ok
EES0423714__X3F__Y2A__P018.jpg,0.812218,20.133773,ok
EES0423714__X3F__Y2D__P019.jpg,0.621213,16.410688,ok
EES0423714__X3F__Y30__P020.jpg,0.660306,15.638639,ok
EES0423714__X3F__Y33__P021.jpg,0.770226,17.769807,ok
EES0423714__X3F__Y36__P022.jpg,0.667819,15.920598,ok
EES0423714__X42__Y24__P023.jpg,0.829134,23.792837,ok
EES0423714__X42__Y27__P024.jpg,0.816296,20.174103,ok
EES0423714__X42__Y2A__P025.jpg,0.752477,18.455017,ok
EES0423715__X42__Y2D__P001.jpg,0.750201,18.549306,ok
EES0423715__X42__Y30__P002.jpg,0.876426,24.084904,ok
EES0423715__X0F__Y18__P003.jpg,0.793624,19.165488,ok
EES0423715__X0F__Y1B__P004.jpg,0.591542,16.704856,ok
EES0423715__X0F__Y1E__P005.jpg,0.603671,16.640807,ok
EES0423715__X0F__Y2A__P006.jpg,0.553351,15.232333,ok
EES0423715__X0F__Y2D__P007.jpg,0.738055,17.154009,ok
EES0423715__X12__Y12__P008.jpg,0.836916,20.726163,ok
EES0423715__X12__Y15__P009.jpg,0.701141,17.714331,ok
EES0423715__X12__Y18__P010.jpg,0.554329,15.783885,ok
EES0423715__X12__Y30__P011.jpg,0.703242,19.962244,ok
EES0423715__X12__Y33__P012.jpg,0.819643,20.540112,ok
EES0423715__X15__Y0F__P013.jpg,0.700080,17.322726,ok
EES0423715__X15__Y36__P014.jpg,0.823017,20.998202,ok
EES0423715__X15__Y39__P015.jpg,0.883150,25.158823,ok
EES0423715__X18__Y0C__P016.jpg,0.717157,18.252221,ok
EES0423715__X18__Y39__P017.jpg,0.749430,19.369580,ok
EES0423715__X1B__Y09__P018.jpg,0.894537,24.539634,ok
EES0423715__X1B__Y0C__P019.jpg,0.746584,20.244601,ok
EES0423715__X1B__Y3C__P020.jpg,0.855651,22.779558,ok
EES0423715__X1E__Y09__P021.jpg,0.785346,18.065761,ok
EES0423715__X1E__Y3C__P022.jpg,0.774210,19.692369,ok
EES0423715__X21__Y06__P023.jpg,0.782213,19.065890,ok
EES0423715__X21__Y3F__P024.jpg,0.837407,23.311927,ok
EES0423715__X24__Y06__P025.jpg,0.725477,16.862119,ok
EES0423716__X24__Y3F__P001.jpg,0.763006,21.998273,ok
EES0423716__X27__Y06__P002.jpg,0.594335,16.668265,ok
EES0423716__X27__Y3F__P003.jpg,0.695112,19.803763,ok
EES0423716__X2A__Y03__P004.jpg,0.809002,20.501741,ok
EES0423716__X2A__Y06__P005.jpg,0.702030,16.928125,ok
EES0423716__X2A__Y3F__P006.jpg,0.678914,18.651252,ok
EES0423716__X2A__Y42__P007.jpg,0.876445,24.401212,ok
EES0423716__X2D__Y06__P008.jpg,0.656156,16.549665,ok
EES0423716__X30__Y06__P009.jpg,0.712899,17.408936,ok
EES0423716__X33__Y06__P010.jpg,0.798135,17.702615,ok
EES0423716__X33__Y3F__P011.jpg,0.771201,19.850820,ok
EES0423716__X36__Y06__P012.jpg,0.825585,19.215154,ok
EES0423716__X36__Y09__P013.jpg,0.599370,17.129508,ok
EES0423716__X36__Y36__P014.jpg,0.604197,15.535935,ok
EES0423716__X36__Y39__P015.jpg,0.688768,17.809692,ok
EES0423716__X36__Y3C__P016.jpg,0.629726,17.924639,ok
EES0423716__X39__Y09__P017.jpg,0.817596,19.268531,ok
EES0423716__X39__Y33__P018.jpg,0.665329,16.641750,ok
EES0423716__X39__Y36__P019.jpg,0.614382,16.860703,ok
EES0423716__X39__Y39__P020.jpg,0.692281,18.325269,ok
EES0423716__X39__Y3C__P021.jpg,0.640753,16.688566,ok
EES0423716__X3C__Y09__P022.jpg,0.899635,25.546682,ok
EES0423716__X3C__Y0C__P023.jpg,0.748671,18.222806,ok
EES0423716__X3C__Y33__P024.jpg,0.644165,16.460047,ok
EES0423716__X3C__Y36__P025.jpg,0.715695,17.727855,ok
EES0423717__X3C__Y39__P001.jpg,0.709862,18.291666,ok
EES0423717__X3F__Y0C__P002.jpg,0.824677,19.952125,ok
EES0423717__X3F__Y0F__P003.jpg,0.679754,17.409279,ok
EES0423717__X3F__Y2A__P004.jpg,0.644628,17.853910,ok
EES0423717__X3F__Y30__P005.jpg,0.645056,16.093394,ok
EES0423717__X42__Y0F__P006.jpg,0.886239,24.596020,ok
EES0423717__X42__Y12__P007.jpg,0.796176,18.948176,ok
EES0423717__X42__Y18__P008.jpg,0.651010,17.018870,ok
EES0423717__X42__Y27__P009.jpg,0.730383,17.513357,ok
EES0423717__X42__Y2D__P010.jpg,0.684041,15.749521,ok
EES0423717__X42__Y30__P011.jpg,0.748062,17.863204,ok
EES0423717__X45__Y12__P012.jpg,0.758559,18.313423,ok
EES0423717__X45__Y18__P013.jpg,0.819724,21.405664,ok
EES0423717__X45__Y21__P014.jpg,0.641069,17.094309,ok
EES0423717__X45__Y2A__P015.jpg,0.674498,16.516239,ok
EES0423717__X45__Y2D__P016.jpg,0.710873,19.697446,ok
EES0423717__X45__Y30__P017.jpg,0.827583,22.963334,ok
EES0423717__X48__Y21__P018.jpg,0.909750,30.357841,ok
EES0423717__X48__Y24__P019.jpg,0.858830,23.042002,ok
EES0423717__X15__Y27__P020.jpg,0.640141,14.566294,ok
EES0423717__X15__Y2A__P021.jpg,0.651592,13.538673,ok
EES0423717__X18__Y1E__P022.jpg,0.610603,14.809698,ok
EES0423717__X1B__Y21__P023.jpg,0.688451,16.818293,ok
EES0423717__X2D__Y09__P024.jpg,0.786703,18.497791,ok
EES0423717__X30__Y12__P025.jpg,0.702509,16.505219,ok
EES0423718__X30__Y39__P001.jpg,0.652552,14.957792,ok
EES0423718__X33__Y39__P002.jpg,0.539231,14.491221,ok
EES0423718__X3F__Y0C__P003.jpg,0.739770,17.158880,ok
EES0423718__X3F__Y0F__P004.jpg,0.746284,16.395914,ok
EES0423718__X42__Y1E__P005.jpg,0.697683,16.782178,ok
EES0423718__X42__Y21__P006.jpg,0.761786,19.042932,ok
EES0423718__X42__Y33__P007.jpg,0.770051,20.337448,ok
EES0423718__X09__Y24__P008.jpg,0.864076,22.558498,ok
EES0423718__X09__Y27__P009.jpg,0.823060,20.204247,ok
EES0423718__X12__Y39__P010.jpg,0.762396,17.793584,ok
EES0423718__X18__Y36__P011.jpg,0.611356,17.227681,ok
EES0423718__X18__Y3F__P012.jpg,0.697893,15.773390,ok
EES0423718__X1B__Y24__P013.jpg,0.606168,15.039347,ok
EES0423718__X1B__Y3F__P014.jpg,0.675725,16.847604,ok
EES0423718__X1E__Y24__P015.jpg,0.535430,15.056741,ok
EES0423718__X1E__Y27__P016.jpg,0.776663,21.473274,ok
EES0423718__X1E__Y36__P017.jpg,0.548580,16.052619,ok
EES0423718__X1E__Y39__P018.jpg,0.585360,15.720938,ok
EES0423718__X1E__Y42__P019.jpg,0.731013,17.277038,ok
EES0423718__X21__Y18__P020.jpg,0.595061,14.935109,ok
EES0423718__X21__Y30__P021.jpg,0.732811,17.508140,ok
EES0423718__X21__Y3C__P022.jpg,0.709811,18.252595,ok
EES0423718__X21__Y3F__P023.jpg,0.656559,16.737335,ok
EES0423718__X21__Y42__P024.jpg,0.810671,21.084252,ok
EES0423718__X24__Y09__P025.jpg,0.703707,17.173575,ok
EES0423719__X24__Y18__P001.jpg,0.698922,16.687709,ok
EES0423719__X24__Y24__P002.jpg,0.682387,15.485489,ok
EES0423719__X24__Y2A__P003.jpg,0.629673,15.861450,ok
EES0423719__X24__Y36__P004.jpg,0.601679,16.106163,ok
EES0423719__X24__Y39__P005.jpg,0.584966,16.201575,ok
EES0423719__X24__Y3C__P006.jpg,0.678308,17.749097,ok
EES0423719__X27__Y09__P007.jpg,0.664231,16.220459,ok
EES0423719__X27__Y0C__P008.jpg,0.600976,15.856853,ok
EES0423719__X27__Y24__P009.jpg,0.660007,15.979862,ok
EES0423719__X2A__Y09__P010.jpg,0.862284,21.946465,ok
EES0423719__X2A__Y3F__P011.jpg,0.665618,15.926618,ok
EES0423719__X2D__Y0C__P012.jpg,0.628781,16.410113,ok
EES0423719__X2D__Y0F__P013.jpg,0.602033,16.865245,ok
EES0423719__X2D__Y2D__P014.jpg,0.650545,17.480888,ok
EES0423719__X2D__Y36__P015.jpg,0.552483,15.393591,ok
EES0423719__X30__Y0C__P016.jpg,0.712743,16.093971,ok
EES0423719__X30__Y18__P017.jpg,0.534911,15.675125,ok
EES0423719__X30__Y21__P018.jpg,0.529167,15.373315,ok
EES0423719__X30__Y27__P019.jpg,0.699784,16.725952,ok
EES0423719__X30__Y33__P020.jpg,0.542277,15.503325,ok
EES0423719__X30__Y36__P021.jpg,0.614917,16.278602,ok
EES0423719__X30__Y42__P022.jpg,0.739124,20.258185,ok
EES0423719__X33__Y0C__P023.jpg,0.736548,16.327460,ok
EES0423719__X33__Y15__P024.jpg,0.670577,15.562138,ok
EES0423719__X33__Y36__P025.jpg,0.600004,14.640114,ok
EES0423720__X36__Y0F__P001.jpg,0.643441,16.722562,ok
EES0423720__X36__Y15__P002.jpg,0.558398,15.166488,ok
EES0423720__X36__Y18__P003.jpg,0.552638,14.986349,ok
EES0423720__X36__Y1B__P004.jpg,0.588667,15.962938,ok
EES0423720__X36__Y1E__P005.jpg,0.468855,15.088061,ok
EES0423720__X36__Y21__P006.jpg,0.704941,17.069481,ok
EES0423720__X36__Y33__P007.jpg,0.604342,14.904675,ok
EES0423720__X36__Y36__P008.jpg,0.611294,14.883069,ok
EES0423720__X36__Y3F__P009.jpg,0.635404,15.782584,ok
EES0423720__X39__Y12__P010.jpg,0.614518,15.194297,ok
EES0423720__X39__Y15__P011.jpg,0.636641,16.089241,ok
EES0423720__X39__Y18__P012.jpg,0.611577,14.985597,ok
EES0423720__X39__Y1E__P013.jpg,0.569836,16.143299,ok
EES0423720__X39__Y21__P014.jpg,0.642342,16.699796,ok
EES0423720__X39__Y27__P015.jpg,0.587073,14.830168,ok
EES0423720__X39__Y39__P016.jpg,0.580282,15.096444,ok
EES0423720__X39__Y3C__P017.jpg,0.641851,16.933994,ok
EES0423720__X3C__Y15__P018.jpg,0.647485,14.766298,ok
EES0423720__X3C__Y18__P019.jpg,0.603730,14.719221,ok
EES0423720__X3C__Y1B__P020.jpg,0.640741,15.750492,ok
EES0423720__X3C__Y24__P021.jpg,0.626764,15.213658,ok
EES0423720__X3C__Y30__P022.jpg,0.645066,14.868806,ok
EES0423720__X3C__Y33__P023.jpg,0.629355,15.091211,ok
EES0423720__X3C__Y36__P024.jpg,0.746218,17.881666,ok
EES0423720__X3F__Y15__P025.jpg,0.817098,20.136680,ok
EES0423721__X3F__Y18__P001.jpg,0.847746,21.051706,ok
EES0423721__X3F__Y1B__P002.jpg,0.683268,16.325606,ok
EES0423721__X3F__Y1E__P003.jpg,0.644080,15.552234,ok
EES0423721__X3F__Y21__P004.jpg,0.591647,14.994307,ok
EES0423721__X3F__Y27__P005.jpg,0.674315,16.779058,ok
EES0423721__X3F__Y2A__P006.jpg,0.676918,16.133291,ok
EES0423721__X3F__Y30__P007.jpg,0.706728,15.907604,ok
EES0423721__X42__Y1B__P008.jpg,0.776585,17.650734,ok
EES0423721__X42__Y21__P009.jpg,0.801484,19.256223,ok
EES0423721__X42__Y24__P010.jpg,0.668646,16.256529,ok
EES0423721__X42__Y27__P011.jpg,0.753031,16.840868,ok
EES0423721__X42__Y2A__P012.jpg,0.747643,19.230474,ok
EES0423721__X0F__Y06__P013.jpg,0.747573,21.586375,ok
EES0423721__X0F__Y2A__P014.jpg,0.806775,21.972459,ok
EES0423721__X12__Y1B__P015.jpg,0.802953,21.846121,ok
EES0423721__X12__Y2D__P016.jpg,0.753599,19.954982,ok
EES0423721__X15__Y1E__P017.jpg,0.814517,22.267157,ok
EES0423721__X15__Y24__P018.jpg,0.830712,23.208349,ok
EES0423721__X15__Y27__P019.jpg,0.760551,17.958009,ok
EES0423721__X15__Y33__P020.jpg,0.851019,24.266040,ok
EES0423721__X18__Y1E__P021.jpg,0.785505,22.083417,ok
EES0423721__X18__Y21__P022.jpg,0.864489,24.536571,ok
EES0423721__X18__Y24__P023.jpg,0.827747,23.671000,ok
EES0423721__X18__Y2D__P024.jpg,0.702864,20.247579,ok
EES0423721__X1B__Y1E__P025.jpg,0.838893,22.200937,ok
EES0423722__X36__Y0F__P001.jpg,0.701729,17.900622,ok
EES0423722__X36__Y1B__P002.jpg,0.737803,19.749655,ok
EES0423722__X36__Y27__P003.jpg,0.762624,20.982102,ok
EES0423722__X39__Y0F__P004.jpg,0.773092,20.449344,ok
EES0423722__X0F__Y18__P005.jpg,0.872022,23.273241,ok
EES0423722__X0F__Y1B__P006.jpg,0.813152,21.244789,ok
EES0423722__X0F__Y21__P007.jpg,0.713306,15.903396,ok
EES0423722__X0F__Y24__P008.jpg,0.738503,17.556339,ok
EES0423722__X0F__Y27__P009.jpg,0.790791,19.443750,ok
EES0423722__X0F__Y2A__P010.jpg,0.859374,23.982112,ok
EES0423722__X0F__Y2D__P011.jpg,0.835204,20.893799,ok
EES0423722__X12__Y12__P012.jpg,0.791070,19.879630,ok
EES0423722__X12__Y15__P013.jpg,0.695705,17.044024,ok
EES0423722__X12__Y18__P014.jpg,0.773336,21.822349,ok
EES0423722__X12__Y30__P015.jpg,0.839277,22.524099,ok
EES0423722__X12__Y33__P016.jpg,0.709572,16.655456,ok
EES0423722__X15__Y0F__P017.jpg,0.757996,18.916324,ok
EES0423722__X15__Y33__P018.jpg,0.700675,19.933141,ok
EES0423722__X15__Y36__P019.jpg,0.798342,19.119695,ok
EES0423722__X18__Y0C__P020.jpg,0.725636,18.767391,ok
EES0423722__X18__Y39__P021.jpg,0.854266,24.292752,ok
EES0423722__X1B__Y09__P022.jpg,0.837572,21.547121,ok
EES0423722__X1B__Y3C__P023.jpg,0.831426,21.751588,ok
EES0423722__X1E__Y09__P024.jpg,0.779696,19.775716,ok
EES0423722__X1E__Y3C__P025.jpg,0.771256,19.597636,ok
EES0423723__X21__Y06__P001.jpg,0.752948,21.363979,ok
EES0423723__X24__Y06__P002.jpg,0.622759,17.203450,ok
EES0423723__X24__Y30__P003.jpg,0.591643,16.532916,ok
EES0423723__X24__Y3F__P004.jpg,0.895975,26.108288,ok
EES0423723__X27__Y3F__P005.jpg,0.845949,26.513281,ok
EES0423723__X2A__Y03__P006.jpg,0.898149,26.681693,ok
EES0423723__X2D__Y03__P007.jpg,0.792950,19.459287,ok
EES0423723__X30__Y03__P008.jpg,0.860715,22.728809,ok
EES0423723__X30__Y1E__P009.jpg,0.563914,15.599553,ok
EES0423723__X30__Y3F__P010.jpg,0.825384,23.135973,ok
EES0423723__X33__Y03__P011.jpg,0.732613,19.478691,ok
EES0423723__X33__Y06__P012.jpg,0.752941,18.159867,ok
EES0423723__X33__Y1E__P013.jpg,0.534590,15.406805,ok
EES0423723__X33__Y3C__P014.jpg,0.790264,21.316438,ok
EES0423723__X36__Y06__P015.jpg,0.770641,18.719893,ok
EES0423723__X36__Y09__P016.jpg,0.524939,15.194963,ok
EES0423723__X36__Y30__P017.jpg,0.575729,16.154926,ok
EES0423723__X36__Y3C__P018.jpg,0.692490,18.507766,ok
EES0423723__X39__Y09__P019.jpg,0.676287,17.141702,ok
EES0423723__X39__Y12__P020.jpg,0.594573,15.435666,ok
EES0423723__X39__Y36__P021.jpg,0.554427,16.728440,ok
EES0423723__X39__Y39__P022.jpg,0.725582,17.465990,ok
EES0423723__X39__Y3C__P023.jpg,0.860936,23.660316,ok
EES0423723__X3C__Y0C__P024.jpg,0.573041,15.547863,ok
EES0423723__X3C__Y36__P025.jpg,0.752030,21.417285,ok
EES0423724__X3C__Y39__P001.jpg,0.708011,18.414953,ok
EES0423724__X3F__Y0C__P002.jpg,0.830197,21.695132,ok
EES0423724__X3F__Y15__P003.jpg,0.567386,15.647174,ok
EES0423724__X3F__Y21__P004.jpg,0.495632,15.586845,ok
EES0423724__X3F__Y30__P005.jpg,0.638502,17.895896,ok
EES0423724__X3F__Y33__P006.jpg,0.669965,18.637470,ok
EES0423724__X3F__Y36__P007.jpg,0.758224,18.168271,ok
EES0423724__X42__Y0F__P008.jpg,0.841956,20.972153,ok
EES0423724__X42__Y12__P009.jpg,0.758917,20.521022,ok
EES0423724__X42__Y15__P010.jpg,0.510587,15.200325,ok
EES0423724__X42__Y2D__P011.jpg,0.755295,20.355267,ok
EES0423724__X42__Y30__P012.jpg,0.664453,18.708216,ok
EES0423724__X45__Y15__P013.jpg,0.775960,19.103217,ok
EES0423724__X45__Y18__P014.jpg,0.774906,19.507861,ok
EES0423724__X45__Y1E__P015.jpg,0.635236,18.777581,ok
EES0423724__X45__Y27__P016.jpg,0.708243,18.805591,ok
EES0423724__X45__Y2D__P017.jpg,0.718624,17.890014,ok
EES0423724__X48__Y21__P018.jpg,0.682462,17.455626,ok
EES0423724__X48__Y27__P019.jpg,0.802498,20.419261,ok
EES0423724__X0F__Y2A__P020.jpg,0.852661,21.953542,ok
EES0423724__X12__Y21__P021.jpg,0.839604,21.490987,ok
EES0423724__X12__Y24__P022.jpg,0.813233,20.655935,ok
EES0423724__X12__Y27__P023.jpg,0.683228,16.454927,ok
EES0423724__X12__Y2A__P024.jpg,0.801118,19.900403,ok
EES0423724__X12__Y2D__P025.jpg,0.792186,20.190209,ok
EES0423725__X15__Y24__P001.jpg,0.694954,18.041235,ok
EES0423725__X15__Y30__P002.jpg,0.726233,19.432707,ok
EES0423725__X15__Y33__P003.jpg,0.778178,22.561885,ok
EES0423725__X15__Y36__P004.jpg,0.800963,21.378019,ok
EES0423725__X15__Y3C__P005.jpg,0.916594,36.839823,ok
EES0423725__X18__Y24__P006.jpg,0.630337,15.929366,ok
EES0423725__X18__Y27__P007.jpg,0.708392,19.796451,ok
EES0423725__X1B__Y24__P008.jpg,0.579024,16.283232,ok
EES0423725__X1B__Y27__P009.jpg,0.662849,16.750705,ok
EES0423725__X1B__Y3C__P010.jpg,0.752965,19.699753,ok
EES0423725__X1E__Y0C__P011.jpg,0.774990,20.606839,ok
EES0423725__X1E__Y18__P012.jpg,0.628894,17.170133,ok
EES0423725__X1E__Y27__P013.jpg,0.596623,15.857262,ok
EES0423725__X21__Y09__P014.jpg,0.908910,27.582244,ok
EES0423725__X21__Y12__P015.jpg,0.609655,16.058016,ok
EES0423725__X21__Y15__P016.jpg,0.627150,17.629153,ok
EES0423725__X21__Y27__P017.jpg,0.715282,16.566265,ok
EES0423725__X24__Y09__P018.jpg,0.776226,19.501630,ok
EES0423725__X24__Y0F__P019.jpg,0.720903,20.192172,ok
EES0423725__X24__Y12__P020.jpg,0.679981,17.483190,ok
EES0423725__X24__Y15__P021.jpg,0.545866,16.117327,ok
EES0423725__X24__Y18__P022.jpg,0.632459,16.659544,ok
EES0423725__X24__Y27__P023.jpg,0.691227,16.044509,ok
EES0423725__X24__Y2A__P024.jpg,0.615151,16.985943,ok
EES0423725__X27__Y15__P025.jpg,0.567678,16.299758,ok
EES0423726__X27__Y18__P001.jpg,0.626278,17.076321,ok
EES0423726__X27__Y2A__P002.jpg,0.696439,17.525074,ok
EES0423726__X27__Y2D__P003.jpg,0.698325,17.816378,ok
EES0423726__X2A__Y09__P004.jpg,0.741705,18.487637,ok
EES0423726__X2A__Y0C__P005.jpg,0.753088,19.464946,ok
EES0423726__X2A__Y0F__P006.jpg,0.637192,16.288475,ok
EES0423726__X2A__Y18__P007.jpg,0.713496,17.699315,ok
EES0423726__X2A__Y27__P008.jpg,0.754260,19.482302,ok
EES0423726__X2A__Y2D__P009.jpg,0.541941,16.748408,ok
EES0423726__X2D__Y09__P010.jpg,0.741424,20.159625,ok
EES0423726__X2D__Y0C__P011.jpg,0.688027,16.689557,ok
EES0423726__X2D__Y15__P012.jpg,0.584188,15.684726,ok
EES0423726__X2D__Y18__P013.jpg,0.646512,16.322720,ok
EES0423726__X2D__Y2D__P014.jpg,0.685458,17.766040,ok
EES0423726__X30__Y09__P015.jpg,0.672391,16.195087,ok
EES0423726__X30__Y0C__P016.jpg,0.679549,17.539066,ok
EES0423726__X30__Y27__P017.jpg,0.657767,16.936951,ok
EES0423726__X30__Y2A__P018.jpg,0.579027,15.097336,ok
EES0423726__X33__Y09__P019.jpg,0.797928,19.525783,ok
EES0423726__X33__Y0C__P020.jpg,0.745359,17.496440,ok
EES0423726__X36__Y0C__P021.jpg,0.829267,19.795752,ok
EES0423726__X36__Y12__P022.jpg,0.713789,18.230411,ok
EES0423726__X36__Y2A__P023.jpg,0.626633,17.058007,ok
EES0423726__X39__Y0F__P024.jpg,0.723041,16.772369,ok
EES0423726__X39__Y2A__P025.jpg,0.611959,15.524388,ok
EES0423727__X1B__Y06__P001.jpg,0.894502,24.844471,ok
EES0423727__X1E__Y3F__P002.jpg,0.856145,22.344190,ok
EES0423727__X21__Y3F__P003.jpg,0.742285,17.670064,ok
EES0423727__X24__Y03__P004.jpg,0.897784,27.402176,ok
EES0423727__X27__Y03__P005.jpg,0.907164,35.396600,ok
EES0423727__X27__Y3F__P006.jpg,0.802437,20.454501,ok
EES0423727__X30__Y06__P007.jpg,0.717027,18.542812,ok
EES0423727__X30__Y36__P008.jpg,0.757027,19.327129,ok
EES0423727__X30__Y3C__P009.jpg,0.771173,17.810430,ok
EES0423727__X33__Y2D__P010.jpg,0.616353,15.897231,ok
EES0423727__X33__Y30__P011.jpg,0.690732,18.573893,ok
EES0423727__X33__Y33__P012.jpg,0.735707,18.281780,ok
EES0423727__X33__Y36__P013.jpg,0.678800,16.339075,ok
EES0423727__X36__Y0C__P014.jpg,0.699665,17.217446,ok
EES0423727__X36__Y27__P015.jpg,0.641017,15.599231,ok
EES0423727__X36__Y2A__P016.jpg,0.580486,14.738580,ok
EES0423727__X36__Y2D__P017.jpg,0.666989,16.992692,ok
EES0423727__X36__Y30__P018.jpg,0.641632,16.203406,ok
EES0423727__X36__Y33__P019.jpg,0.748428,17.683076,ok
EES0423727__X39__Y0C__P020.jpg,0.700580,18.900398,ok
EES0423727__X39__Y0F__P021.jpg,0.736277,18.711633,ok
EES0423727__X39__Y1E__P022.jpg,0.668669,16.500378,ok
EES0423727__X39__Y27__P023.jpg,0.737115,16.922970,ok
EES0423727__X39__Y2A__P024.jpg,0.687402,16.375719,ok
EES0423727__X39__Y2D__P025.jpg,0.548980,15.067173,ok
EES0423728__X3C__Y0F__P001.jpg,0.824804,22.680920,ok
EES0423728__X3C__Y12__P002.jpg,0.582549,15.631540,ok
EES0423728__X3C__Y15__P003.jpg,0.731155,17.103671,ok
EES0423728__X3C__Y1B__P004.jpg,0.660119,17.141797,ok
EES0423728__X3C__Y1E__P005.jpg,0.706754,17.868469,ok
EES0423728__X3C__Y21__P006.jpg,0.697062,15.899252,ok
EES0423728__X3C__Y27__P007.jpg,0.841497,20.064526,ok
EES0423728__X3C__Y2A__P008.jpg,0.823235,19.965239,ok
EES0423728__X3C__Y36__P009.jpg,0.797385,20.304994,ok
EES0423728__X3F__Y12__P010.jpg,0.892010,25.379172,ok
EES0423728__X3F__Y18__P011.jpg,0.798141,20.031432,ok
EES0423728__X3F__Y1B__P012.jpg,0.767310,17.782739,ok
EES0423728__X3F__Y1E__P013.jpg,0.783224,19.601682,ok
EES0423728__X3F__Y21__P014.jpg,0.729002,18.657160,ok
EES0423728__X3F__Y24__P015.jpg,0.654295,15.864808,ok
EES0423728__X3F__Y27__P016.jpg,0.805878,18.916725,ok
EES0423728__X42__Y24__P017.jpg,0.745883,18.592606,ok
EES0423728__X12__Y18__P018.jpg,0.702965,19.140314,ok
EES0423728__X12__Y27__P019.jpg,0.692902,18.502958,ok
EES0423728__X15__Y1B__P020.jpg,0.626323,15.795214,ok
EES0423728__X15__Y2A__P021.jpg,0.580488,14.936746,ok
EES0423728__X18__Y1E__P022.jpg,0.644972,15.887878,ok
EES0423728__X18__Y21__P023.jpg,0.608939,15.770394,ok
EES0423728__X18__Y27__P024.jpg,0.707558,17.680823,ok
EES0423728__X1B__Y18__P025.jpg,0.615631,16.527263,ok
EES0423729__X2D__Y15__P001.jpg,0.679992,15.751121,ok
EES0423729__X2D__Y18__P002.jpg,0.650460,17.125926,ok
EES0423729__X2D__Y1B__P003.jpg,0.728213,16.872474,ok
EES0423729__X2D__Y1E__P004.jpg,0.626942,16.684743,ok
EES0423729__X30__Y0C__P005.jpg,0.665768,18.699643,ok
EES0423729__X30__Y15__P006.jpg,0.629543,17.370492,ok
EES0423729__X30__Y18__P007.jpg,0.727920,18.072887,ok
EES0423729__X33__Y0C__P008.jpg,0.802338,19.614426,ok
EES0423729__X33__Y0F__P009.jpg,0.856253,21.510638,ok
EES0423729__X33__Y18__P010.jpg,0.613345,17.077538,ok
EES0423729__X33__Y1B__P011.jpg,0.748948,17.776737,ok
EES0423729__X36__Y0C__P012.jpg,0.857267,24.400539,ok
EES0423729__X36__Y18__P013.jpg,0.707038,18.066975,ok
EES0423729__X39__Y0F__P014.jpg,0.887208,24.945758,ok
EES0423729__X39__Y12__P015.jpg,0.865568,23.283438,ok
EES0423729__X39__Y18__P016.jpg,0.861735,24.585953,ok
EES0423729__X3C__Y12__P017.jpg,0.827463,22.749604,ok
EES0423729__X3C__Y15__P018.jpg,0.678809,19.110129,ok
EES0423729__X3C__Y18__P019.jpg,0.835701,22.033225,ok
EES0423729__X3F__Y15__P020.jpg,0.836007,21.964382,ok
EES0423729__X3F__Y18__P021.jpg,0.764980,18.609814,ok
EES0423729__X12__Y1E__P022.jpg,0.562120,14.103897,ok
EES0423729__X1B__Y33__P023.jpg,0.469964,13.628516,ok
EES0423729__X1E__Y09__P024.jpg,0.586442,15.303001,ok
EES0423729__X1E__Y0C__P025.jpg,0.500728,15.106681,ok
EES0423730__X1E__Y36__P001.jpg,0.578498,15.197491,ok
EES0423730__X1E__Y39__P002.jpg,0.638749,15.325310,ok
EES0423730__X24__Y36__P003.jpg,0.655242,15.489136,ok
EES0423730__X27__Y33__P004.jpg,0.668476,14.674106,ok
EES0423730__X2A__Y06__P005.jpg,0.682308,15.007198,ok
EES0423730__X2D__Y30__P006.jpg,0.722001,17.234045,ok
EES0423730__X2D__Y33__P007.jpg,0.592625,14.749619,ok
EES0423730__X2D__Y36__P008.jpg,0.734653,17.556805,ok
EES0423730__X2D__Y3C__P009.jpg,0.700461,16.246161,ok
EES0423730__X30__Y36__P010.jpg,0.600169,14.436586,ok
EES0423730__X33__Y0C__P011.jpg,0.657371,15.347212,ok
EES0423730__X33__Y0F__P012.jpg,0.547389,15.086662,ok
EES0423730__X33__Y21__P013.jpg,0.633617,15.002684,ok
EES0423730__X36__Y12__P014.jpg,0.653628,16.076000,ok
EES0423730__X36__Y1B__P015.jpg,0.556555,14.860930,ok
EES0423730__X36__Y21__P016.jpg,0.631051,15.297346,ok
EES0423730__X36__Y27__P017.jpg,0.703000,14.859242,ok
EES0423730__X36__Y2A__P018.jpg,0.698737,15.799476,ok
EES0423730__X39__Y0C__P019.jpg,0.777892,17.515667,ok
EES0423730__X39__Y0F__P020.jpg,0.653165,15.850911,ok
EES0423730__X39__Y15__P021.jpg,0.709038,15.758057,ok
EES0423730__X39__Y1E__P022.jpg,0.639292,14.923696,ok
EES0423730__X39__Y21__P023.jpg,0.817360,19.725581,ok
EES0423730__X3C__Y12__P024.jpg,0.797603,18.045205,ok
EES0423730__X3C__Y18__P025.jpg,0.612185,15.918259,ok
EES0423731__X3F__Y30__P001.jpg,0.751646,19.635836,ok
EES0423731__X3F__Y33__P002.jpg,0.864389,24.056897,ok
EES0423731__X42__Y30__P003.jpg,0.696699,17.450077,ok
EES0423731__X45__Y30__P004.jpg,0.793141,20.220748,ok
EES0423731__X0F__Y15__P005.jpg,0.813847,22.418079,ok
EES0423731__X15__Y12__P006.jpg,0.743926,18.633520,ok
EES0423731__X15__Y15__P007.jpg,0.806240,21.954369,ok
EES0423731__X18__Y0C__P008.jpg,0.657047,17.763027,ok
EES0423731__X18__Y0F__P009.jpg,0.725755,19.056310,ok
EES0423731__X18__Y12__P010.jpg,0.593861,16.354435,ok
EES0423731__X18__Y15__P011.jpg,0.682050,17.946961,ok
EES0423731__X1B__Y09__P012.jpg,0.729855,18.554114,ok
EES0423731__X1B__Y0C__P013.jpg,0.681385,18.411472,ok
EES0423731__X1B__Y0F__P014.jpg,0.715278,18.877006,ok
EES0423731__X1E__Y0C__P015.jpg,0.676156,17.444102,ok
EES0423731__X1E__Y0F__P016.jpg,0.621422,16.237870,ok
EES0423731__X21__Y09__P017.jpg,0.668423,17.491451,ok
EES0423731__X21__Y0F__P018.jpg,0.713882,18.822025,ok
EES0423731__X21__Y12__P019.jpg,0.790479,20.721416,ok
EES0423731__X21__Y15__P020.jpg,0.746743,19.601832,ok
EES0423731__X24__Y09__P021.jpg,0.717144,17.874558,ok
EES0423731__X24__Y0C__P022.jpg,0.709867,17.730069,ok
EES0423731__X24__Y0F__P023.jpg,0.672104,18.831467,ok
EES0423731__X24__Y12__P024.jpg,0.700907,19.417704,ok
EES0423731__X24__Y15__P025.jpg,0.777964,20.375402,ok
EES0423732__X27__Y09__P001.jpg,0.584168,17.241754,ok
EES0423732__X27__Y0C__P002.jpg,0.662556,17.849681,ok
EES0423732__X27__Y0F__P003.jpg,0.704682,18.260887,ok
EES0423732__X27__Y12__P004.jpg,0.804508,21.003220,ok
EES0423732__X27__Y15__P005.jpg,0.670009,17.915233,ok
EES0423732__X2A__Y09__P006.jpg,0.831347,21.815683,ok
EES0423732__X2A__Y0C__P007.jpg,0.810277,21.847520,ok
EES0423732__X2A__Y0F__P008.jpg,0.619527,18.164098,ok
EES0423732__X2A__Y12__P009.jpg,0.648493,17.317086,ok
EES0423732__X2A__Y15__P010.jpg,0.718721,17.660461,ok
EES0423732__X2D__Y0C__P011.jpg,0.750053,20.204257,ok
EES0423732__X2D__Y0F__P012.jpg,0.698902,17.776444,ok
EES0423732__X2D__Y12__P013.jpg,0.624942,18.323897,ok
EES0423732__X2D__Y15__P014.jpg,0.819084,22.364169,ok
EES0423732__X2D__Y18__P015.jpg,0.627131,18.638402,ok
EES0423732__X2D__Y1B__P016.jpg,0.791070,20.805629,ok
EES0423732__X2D__Y24__P017.jpg,0.769233,19.632167,ok
EES0423732__X2D__Y2D__P018.jpg,0.838931,21.357011,ok
EES0423732__X2D__Y36__P019.jpg,0.783630,20.500867,ok
EES0423732__X30__Y0F__P020.jpg,0.631497,17.174112,ok
EES0423732__X30__Y12__P021.jpg,0.673153,18.497000,ok
EES0423732__X30__Y15__P022.jpg,0.738617,19.451363,ok
EES0423732__X30__Y18__P023.jpg,0.754915,19.175794,ok
EES0423732__X30__Y1B__P024.jpg,0.748755,19.183118,ok
EES0423732__X30__Y21__P025.jpg,0.789472,19.779511,ok
EES0423733__X33__Y0F__P001.jpg,0.813833,21.161727,ok
EES0423733__X33__Y12__P002.jpg,0.687006,19.465498,ok
EES0423733__X33__Y15__P003.jpg,0.831687,21.888556,ok
EES0423733__X33__Y18__P004.jpg,0.792793,20.025891,ok
EES0423733__X33__Y1B__P005.jpg,0.768329,20.294999,ok
EES0423733__X33__Y1E__P006.jpg,0.789341,19.988672,ok
EES0423733__X33__Y21__P007.jpg,0.721466,18.880686,ok
EES0423733__X33__Y2D__P008.jpg,0.696188,18.843044,ok
EES0423733__X36__Y18__P009.jpg,0.724687,18.525426,ok
EES0423733__X36__Y1B__P010.jpg,0.826444,24.117259,ok
EES0423733__X36__Y2D__P011.jpg,0.835994,21.387030,ok
EES0423733__X36__Y30__P012.jpg,0.805209,20.941027,ok
EES0423733__X39__Y15__P013.jpg,0.849552,21.814395,ok
EES0423733__X39__Y18__P014.jpg,0.716924,17.759824,ok
EES0423733__X39__Y27__P015.jpg,0.834196,22.043689,ok
EES0423733__X39__Y2A__P016.jpg,0.716365,17.265699,ok
EES0423733__X39__Y2D__P017.jpg,0.758467,18.098268,ok
EES0423733__X3F__Y24__P018.jpg,0.735752,18.486636,ok
EES0423733__X06__Y33__P019.jpg,0.892819,26.043816,ok
EES0423733__X09__Y21__P020.jpg,0.931059,30.779919,ok
EES0423733__X09__Y27__P021.jpg,0.786152,22.119285,ok
EES0423733__X09__Y2A__P022.jpg,0.680026,19.662983,ok
EES0423733__X09__Y2D__P023.jpg,0.751372,19.378681,ok
EES0423733__X09__Y30__P024.jpg,0.825114,21.978425,ok
EES0423733__X0F__Y1B__P025.jpg,0.847535,23.903868,ok
EES0423734__X0F__Y1E__P001.jpg,0.861505,25.296478,ok
EES0423734__X0F__Y33__P002.jpg,0.741020,20.304928,ok
EES0423734__X12__Y33__P003.jpg,0.840418,23.422542,ok
EES0423734__X12__Y36__P004.jpg,0.847028,23.191219,ok
EES0423734__X12__Y3C__P005.jpg,0.713420,19.494422,ok
EES0423734__X15__Y3C__P006.jpg,0.720500,20.115242,ok
EES0423734__X18__Y1B__P007.jpg,0.804497,21.705007,ok
EES0423734__X18__Y1E__P008.jpg,0.818149,21.725423,ok
EES0423734__X18__Y39__P009.jpg,0.786368,20.202010,ok
EES0423734__X18__Y3C__P010.jpg,0.823795,22.608656,ok
EES0423734__X18__Y3F__P011.jpg,0.884495,26.323167,ok
EES0423734__X18__Y42__P012.jpg,0.820911,23.251138,ok
EES0423734__X1B__Y1B__P013.jpg,0.718886,18.893831,ok
EES0423734__X1B__Y1E__P014.jpg,0.791675,21.375469,ok
EES0423734__X1B__Y2A__P015.jpg,0.842275,24.231539,ok
EES0423734__X1B__Y39__P016.jpg,0.774023,20.152772,ok
EES0423734__X1B__Y45__P017.jpg,0.784511,21.584623,ok
EES0423734__X1E__Y3C__P018.jpg,0.854154,23.356775,ok
EES0423734__X1E__Y42__P019.jpg,0.814141,23.363892,ok
EES0423734__X21__Y3C__P020.jpg,0.645179,17.493503,ok
EES0423734__X21__Y3F__P021.jpg,0.805033,20.672527,ok
EES0423734__X21__Y42__P022.jpg,0.849400,22.059067,ok
EES0423734__X21__Y45__P023.jpg,0.841597,23.518788,ok
EES0423734__X24__Y18__P024.jpg,0.809066,22.969062,ok
EES0423734__X24__Y1B__P025.jpg,0.749702,19.540395,ok
EES0423735__X3F__Y1B__P001.jpg,0.812084,22.389097,ok
EES0423735__X3F__Y1E__P002.jpg,0.660726,18.759504,ok
EES0423735__X3F__Y21__P003.jpg,0.656076,18.896178,ok
EES0423735__X3F__Y2D__P004.jpg,0.877215,26.328308,ok
EES0423735__X3F__Y30__P005.jpg,0.778216,21.090806,ok
EES0423735__X3F__Y33__P006.jpg,0.898137,27.629182,ok
EES0423735__X42__Y21__P007.jpg,0.897003,27.710862,ok
EES0423735__X42__Y24__P008.jpg,0.910713,27.530901,ok
EES0423735__X42__Y33__P009.jpg,0.866496,24.355499,ok
EES0423735__X42__Y36__P010.jpg,0.921085,31.428659,ok
EES0423735__X45__Y33__P011.jpg,0.811386,21.508382,ok
EES0423735__X0C__Y2D__P012.jpg,0.707036,18.565096,ok
EES0423735__X0C__Y30__P013.jpg,0.746181,19.607933,ok
EES0423735__X0F__Y21__P014.jpg,0.782512,21.439356,ok
EES0423735__X0F__Y27__P015.jpg,0.870479,24.516375,ok
EES0423735__X0F__Y2A__P016.jpg,0.781971,20.842020,ok
EES0423735__X0F__Y30__P017.jpg,0.859255,22.715298,ok
EES0423735__X12__Y2A__P018.jpg,0.750766,20.145920,ok
EES0423735__X12__Y36__P019.jpg,0.746489,18.830815,ok
EES0423735__X12__Y39__P020.jpg,0.686448,18.702192,ok
EES0423735__X15__Y18__P021.jpg,0.850965,22.485147,ok
EES0423735__X15__Y1B__P022.jpg,0.699723,18.749267,ok
EES0423735__X15__Y1E__P023.jpg,0.776875,21.261067,ok
EES0423735__X15__Y30__P024.jpg,0.713738,19.718727,ok
EES0423735__X15__Y36__P025.jpg,0.835124,23.223428,ok
EES0423736__X36__Y39__P001.jpg,0.711768,18.341808,ok
EES0423736__X36__Y3C__P002.jpg,0.519374,17.034584,ok
EES0423736__X39__Y0F__P003.jpg,0.740985,18.956775,ok
EES0423736__X39__Y24__P004.jpg,0.734781,17.643262,ok
EES0423736__X39__Y36__P005.jpg,0.621015,17.470150,ok
EES0423736__X3C__Y1B__P006.jpg,0.665788,18.857071,ok
EES0423736__X3C__Y27__P007.jpg,0.746842,19.625998,ok
EES0423736__X3C__Y36__P008.jpg,0.798963,20.342054,ok
EES0423736__X3F__Y1B__P009.jpg,0.668793,17.767069,ok
EES0423736__X3F__Y1E__P010.jpg,0.536401,17.329056,ok
EES0423736__X3F__Y24__P011.jpg,0.637216,18.092953,ok
EES0423736__X3F__Y27__P012.jpg,0.719905,18.807844,ok
EES0423736__X3F__Y2A__P013.jpg,0.647317,18.293875,ok
EES0423736__X42__Y18__P014.jpg,0.591652,15.725403,ok
EES0423736__X42__Y27__P015.jpg,0.676790,18.098810,ok
EES0423736__X42__Y2A__P016.jpg,0.648948,18.608220,ok
EES0423736__X03__Y1E__P017.jpg,0.879162,26.584627,ok
EES0423736__X03__Y21__P018.jpg,0.863775,28.522079,ok
EES0423736__X03__Y24__P019.jpg,0.865176,25.711947,ok
EES0423736__X03__Y2A__P020.jpg,0.835807,25.241627,ok
EES0423736__X03__Y2D__P021.jpg,0.869585,25.511787,ok
EES0423736__X06__Y18__P022.jpg,0.878112,26.394710,ok
EES0423736__X06__Y1B__P023.jpg,0.761767,24.047991,ok
EES0423736__X06__Y36__P024.jpg,0.827849,25.711594,ok
EES0423736__X09__Y0F__P025.jpg,0.881814,25.457880,ok
EES0423737__X27__Y18__P001.jpg,0.733182,19.127505,ok
EES0423737__X2A__Y15__P002.jpg,0.863955,27.666749,ok
EES0423737__X2A__Y18__P003.jpg,0.782314,20.790241,ok
EES0423737__X2A__Y1B__P004.jpg,0.723173,19.267469,ok
EES0423737__X2A__Y1E__P005.jpg,0.784865,21.170530,ok
EES0423737__X2A__Y21__P006.jpg,0.841485,22.010084,ok
EES0423737__X2A__Y2A__P007.jpg,0.867371,24.108416,ok
EES0423737__X2A__Y2D__P008.jpg,0.878720,25.479747,ok
EES0423737__X2A__Y33__P009.jpg,0.859611,21.854776,ok
EES0423737__X2A__Y39__P010.jpg,0.895658,25.147728,ok
EES0423737__X2A__Y3C__P011.jpg,0.849064,21.653765,ok
EES0423737__X2D__Y15__P012.jpg,0.785673,21.151596,ok
EES0423737__X2D__Y21__P013.jpg,0.807436,21.085824,ok
EES0423737__X2D__Y27__P014.jpg,0.867216,23.269839,ok
EES0423737__X2D__Y2A__P015.jpg,0.771937,21.140992,ok
EES0423737__X2D__Y2D__P016.jpg,0.798646,22.194973,ok
EES0423737__X2D__Y30__P017.jpg,0.905697,29.370887,ok
EES0423737__X2D__Y33__P018.jpg,0.825562,21.032581,ok
EES0423737__X2D__Y36__P019.jpg,0.724349,18.028584,ok
EES0423737__X2D__Y39__P020.jpg,0.746401,18.074872,ok
EES0423737__X2D__Y3C__P021.jpg,0.838208,21.965037,ok
EES0423737__X2D__Y3F__P022.jpg,0.785487,19.671334,ok
EES0423737__X2D__Y42__P023.jpg,0.801966,21.448831,ok
EES0423737__X30__Y18__P024.jpg,0.787824,22.740745,ok
EES0423737__X30__Y27__P025.jpg,0.862020,23.378118,ok
EES0423738__X0C__Y2A__P001.jpg,0.721096,19.249969,ok
EES0423738__X0C__Y30__P002.jpg,0.737165,19.925876,ok
EES0423738__X0F__Y1B__P003.jpg,0.694350,17.945024,ok
EES0423738__X0F__Y1E__P004.jpg,0.632435,18.242807,ok
EES0423738__X12__Y1B__P005.jpg,0.794246,20.970816,ok
EES0423738__X1B__Y42__P006.jpg,0.833874,23.698613,ok
EES0423738__X1E__Y09__P007.jpg,0.779405,21.991310,ok
EES0423738__X21__Y06__P008.jpg,0.905855,28.144457,ok
EES0423738__X21__Y09__P009.jpg,0.853563,24.285037,ok
EES0423738__X21__Y1B__P010.jpg,0.730072,20.864074,ok
EES0423738__X24__Y45__P011.jpg,0.927224,30.481226,ok
EES0423738__X27__Y06__P012.jpg,0.688487,19.879172,ok
EES0423738__X27__Y45__P013.jpg,0.921631,40.169785,ok
EES0423738__X2A__Y06__P014.jpg,0.791632,21.047588,ok
EES0423738__X2A__Y45__P015.jpg,0.936508,31.838937,ok
EES0423738__X2D__Y06__P016.jpg,0.786698,20.887762,ok
EES0423738__X2D__Y3F__P017.jpg,0.718067,19.083266,ok
EES0423738__X30__Y06__P018.jpg,0.874741,23.763549,ok
EES0423738__X33__Y3F__P019.jpg,0.729862,19.467893,ok
EES0423738__X33__Y42__P020.jpg,0.854210,23.808854,ok
EES0423738__X36__Y09__P021.jpg,0.763770,20.602621,ok
EES0423738__X3F__Y39__P022.jpg,0.856423,24.303270,ok
EES0423738__X0C__Y0C__P023.jpg,0.897038,28.796806,ok
EES0423738__X12__Y09__P024.jpg,0.925205,29.347700,ok
EES0423738__X1B__Y06__P025.jpg,0.858701,25.285488,ok
EES0423739__X0F__Y0C__P001.jpg,0.931330,32.518811,ok
EES0423739__X0F__Y0F__P002.jpg,0.826659,21.569694,ok
EES0423739__X0F__Y12__P003.jpg,0.611200,16.131254,ok
EES0423739__X0F__Y42__P004.jpg,0.883479,25.230992,ok
EES0423739__X12__Y0C__P005.jpg,0.762138,19.345987,ok
EES0423739__X12__Y12__P006.jpg,0.700808,18.296452,ok
EES0423739__X15__Y0C__P007.jpg,0.800654,21.269119,ok
EES0423739__X15__Y45__P008.jpg,0.906090,26.245338,ok
EES0423739__X18__Y09__P009.jpg,0.924239,30.013460,ok
EES0423739__X18__Y0C__P010.jpg,0.928671,31.286934,ok
EES0423739__X18__Y45__P011.jpg,0.558766,16.213068,ok
EES0423739__X1B__Y09__P012.jpg,0.922208,30.164669,ok
EES0423739__X1B__Y0C__P013.jpg,0.687415,17.649846,ok
EES0423739__X1B__Y0F__P014.jpg,0.501183,15.583771,ok
EES0423739__X1E__Y09__P015.jpg,0.754260,18.719731,ok
EES0423739__X1E__Y0C__P016.jpg,0.589490,16.886669,ok
EES0423739__X21__Y09__P017.jpg,0.729010,20.415030,ok
EES0423739__X21__Y0C__P018.jpg,0.577216,15.761813,ok
EES0423739__X24__Y09__P019.jpg,0.768312,19.346686,ok
EES0423739__X27__Y09__P020.jpg,0.629257,17.196980,ok
EES0423739__X27__Y2A__P021.jpg,0.594604,16.096141,ok
EES0423739__X27__Y45__P022.jpg,0.621557,16.095099,ok
EES0423739__X2A__Y09__P023.jpg,0.720647,18.789507,ok
EES0423739__X2A__Y0C__P024.jpg,0.729105,18.044517,ok
EES0423739__X2A__Y45__P025.jpg,0.518815,15.260460,ok
EES0423740__X0F__Y2D__P001.jpg,0.629554,18.415540,ok
EES0423740__X0F__Y30__P002.jpg,0.723925,19.465308,ok
EES0423740__X0F__Y33__P003.jpg,0.800273,21.258086,ok
EES0423740__X0F__Y36__P004.jpg,0.656644,18.336706,ok
EES0423740__X0F__Y39__P005.jpg,0.695291,18.490998,ok
EES0423740__X0F__Y3C__P006.jpg,0.627911,17.818744,ok
EES0423740__X12__Y36__P007.jpg,0.742660,19.861704,ok
EES0423740__X12__Y39__P008.jpg,0.719932,18.698248,ok
EES0423740__X12__Y3C__P009.jpg,0.752719,19.776719,ok
EES0423740__X15__Y0C__P010.jpg,0.853911,24.808474,ok
EES0423740__X15__Y36__P011.jpg,0.713918,18.033285,ok
EES0423740__X15__Y3C__P012.jpg,0.646881,17.792161,ok
EES0423740__X18__Y36__P013.jpg,0.652788,18.518368,ok
EES0423740__X18__Y39__P014.jpg,0.799218,21.008637,ok
EES0423740__X18__Y3F__P015.jpg,0.683532,18.805808,ok
EES0423740__X18__Y42__P016.jpg,0.642156,16.778475,ok
EES0423740__X18__Y45__P017.jpg,0.915423,30.077939,ok
EES0423740__X1B__Y42__P018.jpg,0.645992,17.017847,ok
EES0423740__X1B__Y45__P019.jpg,0.763117,19.071971,ok
EES0423740__X1E__Y09__P020.jpg,0.772101,21.338612,ok
EES0423740__X1E__Y45__P021.jpg,0.835359,22.765264,ok
EES0423740__X21__Y09__P022.jpg,0.777518,20.157918,ok
EES0423740__X21__Y45__P023.jpg,0.788721,20.670983,ok
EES0423740__X24__Y09__P024.jpg,0.866867,24.849131,ok
EES0423740__X24__Y39__P025.jpg,0.796308,21.795782,ok
EES0423741__X0F__Y30__P001.jpg,0.787188,20.108155,ok
EES0423741__X0F__Y36__P002.jpg,0.643580,17.590416,ok
EES0423741__X12__Y15__P003.jpg,0.821096,21.618891,ok
EES0423741__X12__Y36__P004.jpg,0.734342,19.431156,ok
EES0423741__X15__Y0F__P005.jpg,0.842900,23.596783,ok
EES0423741__X18__Y36__P006.jpg,0.783385,20.252003,ok
EES0423741__X1E__Y0C__P007.jpg,0.726076,19.694599,ok
EES0423741__X1E__Y0F__P008.jpg,0.669131,17.576243,ok
EES0423741__X21__Y0C__P009.jpg,0.794886,20.190890,ok
EES0423741__X21__Y0F__P010.jpg,0.719209,18.635167,ok
EES0423741__X21__Y2D__P011.jpg,0.813072,21.800329,ok
EES0423741__X24__Y0C__P012.jpg,0.763645,20.600468,ok
EES0423741__X24__Y18__P013.jpg,0.737602,19.712210,ok
EES0423741__X24__Y36__P014.jpg,0.702142,18.548841,ok
EES0423741__X27__Y0C__P015.jpg,0.836463,22.500185,ok
EES0423741__X2A__Y0C__P016.jpg,0.823766,21.394286,ok
EES0423741__X2D__Y0C__P017.jpg,0.809025,21.740035,ok
EES0423741__X2D__Y0F__P018.jpg,0.731317,18.994596,ok
EES0423741__X30__Y0C__P019.jpg,0.796795,23.041775,ok
EES0423741__X30__Y18__P020.jpg,0.802976,22.245234,ok
EES0423741__X30__Y1B__P021.jpg,0.804379,21.594875,ok
EES0423741__X33__Y1E__P022.jpg,0.707950,18.975225,ok
EES0423741__X36__Y0F__P023.jpg,0.673604,17.744286,ok
EES0423741__X3C__Y15__P024.jpg,0.645952,18.748428,ok
EES0423741__X3C__Y27__P025.jpg,0.799593,20.539417,ok
EES0423742__X3C__Y33__P001.jpg,0.807332,22.417241,ok
EES0423742__X3F__Y21__P002.jpg,0.761662,19.499275,ok
EES0423742__X3F__Y33__P003.jpg,0.892307,23.324226,ok
EES0423742__X09__Y21__P004.jpg,0.739654,19.420395,ok
EES0423742__X09__Y24__P005.jpg,0.606866,18.800958,ok
EES0423742__X09__Y27__P006.jpg,0.739936,20.615604,ok
EES0423742__X09__Y2D__P007.jpg,0.724568,21.449841,ok
EES0423742__X09__Y30__P008.jpg,0.819266,21.183506,ok
EES0423742__X09__Y33__P009.jpg,0.905605,28.813024,ok
EES0423742__X0C__Y39__P010.jpg,0.786984,20.949877,ok
EES0423742__X0F__Y15__P011.jpg,0.875803,25.178774,ok
EES0423742__X0F__Y24__P012.jpg,0.812188,22.422669,ok
EES0423742__X0F__Y39__P013.jpg,0.660377,19.480753,ok
EES0423742__X0F__Y3C__P014.jpg,0.884719,25.213964,ok
EES0423742__X12__Y33__P015.jpg,0.628826,18.811960,ok
EES0423742__X12__Y39__P016.jpg,0.759679,20.811963,ok
EES0423742__X15__Y0F__P017.jpg,0.824973,20.794971,ok
EES0423742__X15__Y42__P018.jpg,0.867165,25.931658,ok
EES0423742__X1B__Y45__P019.jpg,0.840368,24.182705,ok
EES0423742__X1E__Y0C__P020.jpg,0.776666,19.925417,ok
EES0423742__X1E__Y39__P021.jpg,0.821943,23.456048,ok
EES0423742__X1E__Y45__P022.jpg,0.702625,18.840212,ok
EES0423742__X21__Y0C__P023.jpg,0.814292,21.274238,ok
EES0423742__X24__Y0C__P024.jpg,0.815472,21.226889,ok
EES0423742__X24__Y21__P025.jpg,0.722447,21.442337,ok
EES0423743__X24__Y3C__P001.jpg,0.790611,21.557002,ok
EES0423743__X24__Y45__P002.jpg,0.768599,21.704455,ok
EES0423743__X27__Y0C__P003.jpg,0.617771,16.572963,ok
EES0423743__X27__Y45__P004.jpg,0.732306,18.910965,ok
EES0423743__X2A__Y0C__P005.jpg,0.874737,24.251928,ok
EES0423743__X2A__Y45__P006.jpg,0.734391,19.254331,ok
EES0423743__X2D__Y18__P007.jpg,0.750310,20.829533,ok
EES0423743__X2D__Y45__P008.jpg,0.744100,21.193086,ok
EES0423743__X30__Y0F__P009.jpg,0.741325,18.854196,ok
EES0423743__X30__Y45__P010.jpg,0.810383,21.376923,ok
EES0423743__X33__Y0F__P011.jpg,0.888098,27.032859,ok
EES0423743__X33__Y45__P012.jpg,0.723887,18.203314,ok
EES0423743__X36__Y15__P013.jpg,0.668733,18.048935,ok
EES0423743__X36__Y42__P014.jpg,0.696963,18.091091,ok
EES0423743__X36__Y45__P015.jpg,0.926085,30.278293,ok
EES0423743__X39__Y1E__P016.jpg,0.896363,26.032006,ok
EES0423743__X39__Y3C__P017.jpg,0.763331,20.013105,ok
EES0423743__X39__Y3F__P018.jpg,0.741691,20.588346,ok
EES0423743__X39__Y42__P019.jpg,0.775751,18.631618,ok
EES0423743__X3C__Y30__P020.jpg,0.752892,20.216038,ok
EES0423743__X3C__Y3F__P021.jpg,0.756291,18.619104,ok
EES0423743__X3F__Y18__P022.jpg,0.929241,32.185817,ok
EES0423743__X3F__Y27__P023.jpg,0.828234,22.453369,ok
EES0423743__X3F__Y3C__P024.jpg,0.754273,19.979243,ok
EES0423743__X42__Y1E__P025.jpg,0.842865,23.411247,ok
EES0423744__X0F__Y39__P001.jpg,0.782451,18.014556,ok
EES0423744__X12__Y33__P002.jpg,0.727841,17.042994,ok
EES0423744__X15__Y09__P003.jpg,0.799652,20.039386,ok
EES0423744__X18__Y09__P004.jpg,0.748033,17.928060,ok
EES0423744__X18__Y15__P005.jpg,0.759206,18.260175,ok
EES0423744__X18__Y2D__P006.jpg,0.719638,17.841548,ok
EES0423744__X18__Y30__P007.jpg,0.906749,29.222081,ok
EES0423744__X18__Y33__P008.jpg,0.810517,20.090802,ok
EES0423744__X18__Y36__P009.jpg,0.825724,20.739551,ok
EES0423744__X18__Y39__P010.jpg,0.809651,20.733225,ok
EES0423744__X18__Y3C__P011.jpg,0.834634,21.626167,ok
EES0423744__X1B__Y09__P012.jpg,0.820305,20.713653,ok
EES0423744__X1B__Y15__P013.jpg,0.691924,17.034239,ok
EES0423744__X1B__Y30__P014.jpg,0.744045,18.636249,ok
EES0423744__X1B__Y33__P015.jpg,0.780547,18.306604,ok
EES0423744__X1B__Y36__P016.jpg,0.773000,19.145524,ok
EES0423744__X1E__Y09__P017.jpg,0.727830,17.887607,ok
EES0423744__X1E__Y18__P018.jpg,0.779292,19.005014,ok
EES0423744__X1E__Y1B__P019.jpg,0.649158,16.560065,ok
EES0423744__X1E__Y21__P020.jpg,0.661965,16.348761,ok
EES0423744__X1E__Y24__P021.jpg,0.754178,18.608396,ok
EES0423744__X1E__Y33__P022.jpg,0.683933,16.772808,ok
EES0423744__X21__Y1B__P023.jpg,0.679332,17.307669,ok
EES0423744__X21__Y1E__P024.jpg,0.894276,26.535311,ok
EES0423744__X21__Y21__P025.jpg,0.744771,17.691437,ok
EES0423745__X24__Y09__P001.jpg,0.792828,21.804861,ok
EES0423745__X24__Y27__P002.jpg,0.840232,23.194628,ok
EES0423745__X36__Y21__P003.jpg,0.817711,21.651799,ok
EES0423745__X39__Y27__P004.jpg,0.839198,22.608895,ok
EES0423745__X3C__Y27__P005.jpg,0.720052,18.214047,ok
EES0423745__X3C__Y2A__P006.jpg,0.803289,20.505242,ok
EES0423745__X06__Y1E__P007.jpg,0.860045,23.083076,ok
EES0423745__X06__Y27__P008.jpg,0.699549,17.983253,ok
EES0423745__X09__Y18__P009.jpg,0.821445,21.908956,ok
EES0423745__X09__Y1B__P010.jpg,0.770350,19.422451,ok
EES0423745__X0C__Y18__P011.jpg,0.592913,16.411500,ok
EES0423745__X0C__Y1B__P012.jpg,0.687425,17.885126,ok
EES0423745__X0F__Y15__P013.jpg,0.653080,16.719067,ok
EES0423745__X0F__Y18__P014.jpg,0.555007,16.086294,ok
EES0423745__X0F__Y1B__P015.jpg,0.787327,18.925161,ok
EES0423745__X12__Y15__P016.jpg,0.741695,18.363560,ok
EES0423745__X12__Y18__P017.jpg,0.843263,21.431156,ok
EES0423745__X15__Y0F__P018.jpg,0.701451,18.054280,ok
EES0423745__X15__Y1B__P019.jpg,0.804166,19.280166,ok
EES0423745__X18__Y0C__P020.jpg,0.847822,22.194430,ok
EES0423745__X18__Y45__P021.jpg,0.755351,18.964790,ok
EES0423745__X1B__Y0C__P022.jpg,0.816903,20.424577,ok
EES0423745__X1B__Y0F__P023.jpg,0.635242,16.399279,ok
EES0423745__X1B__Y12__P024.jpg,0.771109,19.674668,ok
EES0423745__X1E__Y0C__P025.jpg,0.699114,18.209797,ok
EES0423746__X06__Y24__P001.jpg,0.567842,15.602134,ok
EES0423746__X06__Y2A__P002.jpg,0.898739,23.923764,ok
EES0423746__X06__Y2D__P003.jpg,0.783694,21.771951,ok
EES0423746__X09__Y27__P004.jpg,0.835334,22.304261,ok
EES0423746__X09__Y36__P005.jpg,0.727113,17.754069,ok
EES0423746__X0C__Y12__P006.jpg,0.862800,24.372337,ok
EES0423746__X0C__Y36__P007.jpg,0.733157,19.421352,ok
EES0423746__X0C__Y39__P008.jpg,0.707520,20.126647,ok
EES0423746__X0F__Y0F__P009.jpg,0.922708,28.524835,ok
EES0423746__X0F__Y36__P010.jpg,0.748781,20.927473,ok
EES0423746__X0F__Y39__P011.jpg,0.828966,22.792591,ok
EES0423746__X0F__Y3F__P012.jpg,0.805907,21.483341,ok
EES0423746__X12__Y36__P013.jpg,0.753142,19.880095,ok
EES0423746__X12__Y39__P014.jpg,0.782291,21.550508,ok
EES0423746__X12__Y3F__P015.jpg,0.804810,21.607506,ok
EES0423746__X15__Y42__P016.jpg,0.828036,22.587076,ok
EES0423746__X18__Y0C__P017.jpg,0.754847,20.582543,ok
EES0423746__X1B__Y0C__P018.jpg,0.635794,17.691662,ok
EES0423746__X1B__Y3F__P019.jpg,0.698470,18.891409,ok
EES0423746__X1B__Y42__P020.jpg,0.793835,21.260676,ok
EES0423746__X1B__Y45__P021.jpg,0.701573,18.717633,ok
EES0423746__X1E__Y42__P022.jpg,0.728676,18.131844,ok
EES0423746__X1E__Y45__P023.jpg,0.661298,16.251559,ok
EES0423746__X21__Y0C__P024.jpg,0.666119,17.417295,ok
EES0423746__X21__Y45__P025.jpg,0.800384,22.425317,ok
EES0423747__X24__Y0C__P001.jpg,0.445019,14.240214,ok
EES0423747__X24__Y45__P002.jpg,0.734290,18.824448,ok
EES0423747__X27__Y0C__P003.jpg,0.769358,19.332695,ok
EES0423747__X27__Y45__P004.jpg,0.768901,19.763746,ok
EES0423747__X2A__Y0C__P005.jpg,0.929964,30.963020,ok
EES0423747__X2A__Y3F__P006.jpg,0.846164,22.423242,ok
EES0423747__X30__Y0F__P007.jpg,0.891953,26.392071,ok
EES0423747__X30__Y39__P008.jpg,0.755336,19.223035,ok
EES0423747__X30__Y3C__P009.jpg,0.740911,20.126123,ok
EES0423747__X36__Y39__P010.jpg,0.742436,20.410478,ok
EES0423747__X36__Y3F__P011.jpg,0.842709,22.331993,ok
EES0423747__X3F__Y21__P012.jpg,0.817011,22.267703,ok
EES0423747__X3F__Y24__P013.jpg,0.613831,16.591879,ok
EES0423747__X3F__Y27__P014.jpg,0.750175,20.652079,ok
EES0423747__X3F__Y2A__P015.jpg,0.708636,17.734944,ok
EES0423747__X03__Y1E__P016.jpg,0.767406,21.910125,ok
EES0423747__X03__Y21__P017.jpg,0.676868,19.736386,ok
EES0423747__X03__Y2D__P018.jpg,0.724224,19.926584,ok
EES0423747__X03__Y30__P019.jpg,0.728837,18.908558,ok
EES0423747__X03__Y33__P020.jpg,0.693942,17.897699,ok
EES0423747__X03__Y36__P021.jpg,0.766107,19.511054,ok
EES0423747__X03__Y39__P022.jpg,0.870370,24.307150,ok
EES0423747__X06__Y18__P023.jpg,0.902050,28.211129,ok
EES0423747__X06__Y2D__P024.jpg,0.683028,18.834716,ok
EES0423747__X06__Y30__P025.jpg,0.682514,17.189147,ok
EES0423748__X06__Y33__P001.jpg,0.765704,19.219712,ok
EES0423748__X06__Y36__P002.jpg,0.698960,17.323674,ok
EES0423748__X06__Y39__P003.jpg,0.691025,18.159586,ok
EES0423748__X06__Y3F__P004.jpg,0.827859,21.952070,ok
EES0423748__X09__Y15__P005.jpg,0.784974,22.836606,ok
EES0423748__X09__Y33__P006.jpg,0.777340,19.853962,ok
EES0423748__X0F__Y2A__P007.jpg,0.694511,19.042620,ok
EES0423748__X15__Y0C__P008.jpg,0.932826,32.210160,ok
EES0423748__X15__Y27__P009.jpg,0.660548,17.469455,ok
EES0423748__X1B__Y1B__P010.jpg,0.751155,20.955411,ok
EES0423748__X2A__Y0C__P011.jpg,0.835986,23.246579,ok
EES0423748__X2A__Y15__P012.jpg,0.664369,18.106224,ok
EES0423748__X2D__Y0C__P013.jpg,0.916973,33.007425,ok
EES0423748__X30__Y0F__P014.jpg,0.889930,26.888341,ok
EES0423748__X30__Y1E__P015.jpg,0.709983,19.385847,ok
EES0423748__X33__Y1E__P016.jpg,0.705297,19.071994,ok
EES0423748__X33__Y21__P017.jpg,0.726340,18.504482,ok
EES0423748__X36__Y1E__P018.jpg,0.691876,18.545902,ok
EES0423748__X36__Y21__P019.jpg,0.747630,19.395623,ok
EES0423748__X39__Y18__P020.jpg,0.823992,21.875080,ok
EES0423748__X39__Y1B__P021.jpg,0.771550,20.027327,ok
EES0423748__X39__Y1E__P022.jpg,0.679331,18.195414,ok
EES0423748__X3C__Y1B__P023.jpg,0.731211,18.523350,ok
EES0423748__X3C__Y1E__P024.jpg,0.763078,19.193876,ok
EES0423748__X3C__Y21__P025.jpg,0.692542,18.284336,ok
EES0423749__X0C__Y15__P001.jpg,0.738241,18.327132,ok
EES0423749__X0F__Y12__P002.jpg,0.735076,19.158435,ok
EES0423749__X12__Y0F__P003.jpg,0.742233,19.674506,ok
EES0423749__X15__Y09__P004.jpg,0.771205,19.715596,ok
EES0423749__X18__Y09__P005.jpg,0.816362,21.126632,ok
EES0423749__X1E__Y09__P006.jpg,0.853597,21.852196,ok
EES0423749__X21__Y3F__P007.jpg,0.732033,19.069665,ok
EES0423749__X24__Y3F__P008.jpg,0.640808,18.153325,ok
EES0423749__X27__Y09__P009.jpg,0.704350,18.159231,ok
EES0423749__X2A__Y09__P010.jpg,0.854329,23.875222,ok
EES0423749__X2A__Y3F__P011.jpg,0.689727,18.376160,ok
EES0423749__X2D__Y09__P012.jpg,0.561210,16.651591,ok
EES0423749__X2D__Y0C__P013.jpg,0.683601,17.820740,ok
EES0423749__X30__Y09__P014.jpg,0.787922,19.226273,ok
EES0423749__X33__Y09__P015.jpg,0.853635,22.175320,ok
EES0423749__X33__Y0C__P016.jpg,0.585316,16.953111,ok
EES0423749__X36__Y09__P017.jpg,0.733766,18.217509,ok
EES0423749__X36__Y0C__P018.jpg,0.788642,20.560385,ok
EES0423749__X36__Y0F__P019.jpg,0.695775,17.938631,ok
EES0423749__X36__Y1B__P020.jpg,0.661514,17.236149,ok
EES0423749__X36__Y21__P021.jpg,0.688031,18.603453,ok
EES0423749__X36__Y33__P022.jpg,0.577972,16.880837,ok
EES0423749__X39__Y09__P023.jpg,0.838426,22.160335,ok
EES0423749__X39__Y0C__P024.jpg,0.803284,19.808134,ok
EES0423749__X3C__Y0C__P025.jpg,0.793699,19.185929,ok
EES0423750__X0F__Y30__P001.jpg,0.817265,21.521471,ok
EES0423750__X0F__Y36__P002.jpg,0.723645,18.946967,ok
EES0423750__X0F__Y39__P003.jpg,0.773241,20.370487,ok
EES0423750__X0F__Y3C__P004.jpg,0.725187,18.441935,ok
EES0423750__X12__Y1B__P005.jpg,0.709397,19.002505,ok
EES0423750__X12__Y24__P006.jpg,0.866190,24.835166,ok
EES0423750__X12__Y27__P007.jpg,0.772298,20.097016,ok
EES0423750__X12__Y30__P008.jpg,0.631071,16.558486,ok
EES0423750__X12__Y36__P009.jpg,0.794801,21.085836,ok
EES0423750__X12__Y39__P010.jpg,0.761083,20.705972,ok
EES0423750__X12__Y3C__P011.jpg,0.844001,23.658469,ok
EES0423750__X15__Y12__P012.jpg,0.788888,22.680274,ok
EES0423750__X15__Y21__P013.jpg,0.767151,20.378644,ok
EES0423750__X15__Y24__P014.jpg,0.706933,17.514956,ok
EES0423750__X15__Y27__P015.jpg,0.669386,17.619563,ok
EES0423750__X15__Y30__P016.jpg,0.817332,20.900296,ok
EES0423750__X15__Y36__P017.jpg,0.858383,22.914533,ok
EES0423750__X15__Y39__P018.jpg,0.721100,18.846525,ok
EES0423750__X18__Y2A__P019.jpg,0.688109,18.057518,ok
EES0423750__X18__Y30__P020.jpg,0.694523,18.602050,ok
EES0423750__X18__Y36__P021.jpg,0.795082,21.012548,ok
EES0423750__X18__Y3C__P022.jpg,0.792435,20.899575,ok
EES0423750__X1B__Y0F__P023.jpg,0.721205,19.037637,ok
EES0423750__X1B__Y1B__P024.jpg,0.800442,20.530212,ok
EES0423750__X1B__Y27__P025.jpg,0.742297,19.350126,ok
EES0423751__X06__Y30__P001.jpg,0.776887,19.679554,ok
EES0423751__X06__Y33__P002.jpg,0.846271,22.740485,ok
EES0423751__X09__Y36__P003.jpg,0.837003,23.844804,ok
EES0423751__X0C__Y15__P004.jpg,0.715836,17.872396,ok
EES0423751__X0C__Y24__P005.jpg,0.746477,19.870868,ok
EES0423751__X0C__Y33__P006.jpg,0.761207,18.759482,ok
EES0423751__X0C__Y36__P007.jpg,0.738906,19.686244,ok
EES0423751__X0C__Y3C__P008.jpg,0.738170,19.166312,ok
EES0423751__X0F__Y15__P009.jpg,0.694299,17.651487,ok
EES0423751__X0F__Y18__P010.jpg,0.669789,16.742791,ok
EES0423751__X0F__Y1B__P011.jpg,0.617237,17.234817,ok
EES0423751__X0F__Y36__P012.jpg,0.765097,19.942452,ok
EES0423751__X0F__Y3C__P013.jpg,0.780901,19.977363,ok
EES0423751__X0F__Y3F__P014.jpg,0.771770,19.858455,ok
EES0423751__X15__Y09__P015.jpg,0.930719,34.924429,ok
EES0423751__X15__Y3C__P016.jpg,0.827401,22.294708,ok
EES0423751__X18__Y09__P017.jpg,0.678268,18.015943,ok
EES0423751__X18__Y42__P018.jpg,0.811240,20.953110,ok
EES0423751__X1B__Y09__P019.jpg,0.600043,15.789738,ok
EES0423751__X1B__Y0C__P020.jpg,0.628398,16.358364,ok
EES0423751__X1E__Y39__P021.jpg,0.816674,21.071113,ok
EES0423751__X1E__Y42__P022.jpg,0.805025,21.172064,ok
EES0423751__X21__Y3C__P023.jpg,0.687497,18.257610,ok
EES0423751__X21__Y3F__P024.jpg,0.820427,21.149265,ok
EES0423751__X21__Y42__P025.jpg,0.807241,19.454076,ok
EES0423752__X1E__Y15__P001.jpg,0.870599,23.112945,ok
EES0423752__X1E__Y27__P002.jpg,0.774372,19.950612,ok
EES0423752__X1E__Y2A__P003.jpg,0.763881,18.259339,ok
EES0423752__X1E__Y42__P004.jpg,0.770256,19.956856,ok
EES0423752__X21__Y1B__P005.jpg,0.729119,18.206270,ok
EES0423752__X21__Y21__P006.jpg,0.839981,21.381665,ok
EES0423752__X21__Y42__P007.jpg,0.883674,27.802616,ok
EES0423752__X24__Y21__P008.jpg,0.828097,20.543250,ok
EES0423752__X24__Y24__P009.jpg,0.580031,14.698784,ok
EES0423752__X24__Y3C__P010.jpg,0.844820,23.884101,ok
EES0423752__X27__Y2D__P011.jpg,0.687806,16.556883,ok
EES0423752__X27__Y30__P012.jpg,0.711684,18.070477,ok
EES0423752__X2A__Y12__P013.jpg,0.767239,19.720259,ok
EES0423752__X2A__Y1E__P014.jpg,0.678755,17.451981,ok
EES0423752__X2A__Y21__P015.jpg,0.720417,17.541178,ok
EES0423752__X2A__Y2D__P016.jpg,0.839847,21.589971,ok
EES0423752__X2A__Y30__P017.jpg,0.644339,16.402911,ok
EES0423752__X2A__Y36__P018.jpg,0.796684,20.012338,ok
EES0423752__X2D__Y12__P019.jpg,0.796111,19.998303,ok
EES0423752__X2D__Y1B__P020.jpg,0.854028,23.388751,ok
EES0423752__X2D__Y21__P021.jpg,0.870104,24.065717,ok
EES0423752__X2D__Y2D__P022.jpg,0.921664,29.382916,ok
EES0423752__X2D__Y30__P023.jpg,0.672691,16.211295,ok
EES0423752__X2D__Y3C__P024.jpg,0.801500,19.894361,ok
EES0423752__X30__Y27__P025.jpg,0.875765,24.165747,ok
EES0423753__X09__Y27__P001.jpg,0.837513,22.870785,ok
EES0423753__X09__Y2A__P002.jpg,0.843219,23.212535,ok
EES0423753__X09__Y2D__P003.jpg,0.747987,20.801914,ok
EES0423753__X0C__Y18__P004.jpg,0.874438,23.623512,ok
EES0423753__X0C__Y1B__P005.jpg,0.738201,19.478360,ok
EES0423753__X0C__Y1E__P006.jpg,0.706392,19.100417,ok
EES0423753__X0C__Y21__P007.jpg,0.833241,22.711098,ok
EES0423753__X0C__Y2A__P008.jpg,0.829836,22.876456,ok
EES0423753__X0F__Y12__P009.jpg,0.799310,21.308679,ok
EES0423753__X0F__Y27__P010.jpg,0.800995,21.058770,ok
EES0423753__X0F__Y33__P011.jpg,0.708745,18.020133,ok
EES0423753__X0F__Y36__P012.jpg,0.762491,19.338341,ok
EES0423753__X12__Y24__P013.jpg,0.726958,18.536861,ok
EES0423753__X12__Y36__P014.jpg,0.767071,19.339989,ok
EES0423753__X15__Y36__P015.jpg,0.762584,20.113149,ok
EES0423753__X18__Y0C__P016.jpg,0.805049,21.168377,ok
EES0423753__X18__Y1B__P017.jpg,0.766726,19.630157,ok
EES0423753__X18__Y1E__P018.jpg,0.626180,17.381718,ok
EES0423753__X1B__Y0C__P019.jpg,0.769760,20.251557,ok
EES0423753__X1B__Y30__P020.jpg,0.727755,19.609513,ok
EES0423753__X1E__Y0C__P021.jpg,0.844032,21.728205,ok
EES0423753__X21__Y0C__P022.jpg,0.734734,14.909253,ok
EES0423753__X24__Y1E__P023.jpg,0.775995,19.351944,ok
EES0423753__X24__Y24__P024.jpg,0.819852,22.040372,ok
EES0423753__X27__Y09__P025.jpg,0.838891,23.182484,ok
EES0423754__X27__Y0C__P001.jpg,0.841783,23.304285,ok
EES0423754__X27__Y0F__P002.jpg,0.748402,19.855529,ok
EES0423754__X27__Y24__P003.jpg,0.682220,17.930465,ok
EES0423754__X27__Y27__P004.jpg,0.780886,20.632730,ok
EES0423754__X2A__Y12__P005.jpg,0.805919,21.066956,ok
EES0423754__X2A__Y3F__P006.jpg,0.815081,21.167442,ok
EES0423754__X2D__Y0C__P007.jpg,0.679199,17.416916,ok
EES0423754__X2D__Y12__P008.jpg,0.743852,19.319085,ok
EES0423754__X2D__Y1B__P009.jpg,0.805739,20.767292,ok
EES0423754__X2D__Y1E__P010.jpg,0.712457,19.284265,ok
EES0423754__X2D__Y27__P011.jpg,0.745615,21.028673,ok
EES0423754__X2D__Y2A__P012.jpg,0.726516,18.534581,ok
EES0423754__X2D__Y42__P013.jpg,0.718965,19.143204,ok
EES0423754__X30__Y0C__P014.jpg,0.887008,25.540386,ok
EES0423754__X30__Y0F__P015.jpg,0.729337,19.272675,ok
EES0423754__X30__Y12__P016.jpg,0.757808,19.673264,ok
EES0423754__X30__Y15__P017.jpg,0.869376,23.954921,ok
EES0423754__X30__Y18__P018.jpg,0.565081,16.920756,ok
EES0423754__X30__Y27__P019.jpg,0.754008,21.293650,ok
EES0423754__X33__Y0C__P020.jpg,0.781194,19.853734,ok
EES0423754__X33__Y0F__P021.jpg,0.774802,20.922254,ok
EES0423754__X33__Y12__P022.jpg,0.730835,18.657836,ok
EES0423754__X36__Y0F__P023.jpg,0.887144,27.510031,ok
EES0423754__X36__Y12__P024.jpg,0.847984,22.481979,ok
EES0423754__X36__Y15__P025.jpg,0.731494,18.590738,ok
EES0423755__X33__Y24__P001.jpg,0.849370,22.151420,ok
EES0423755__X33__Y27__P002.jpg,0.695452,17.339116,ok
EES0423755__X33__Y33__P003.jpg,0.810258,21.018460,ok
EES0423755__X36__Y12__P004.jpg,0.715869,17.493311,ok
EES0423755__X36__Y15__P005.jpg,0.854397,22.070319,ok
EES0423755__X36__Y1E__P006.jpg,0.712554,17.217528,ok
EES0423755__X36__Y21__P007.jpg,0.805296,20.310263,ok
EES0423755__X36__Y24__P008.jpg,0.787948,19.567712,ok
EES0423755__X36__Y27__P009.jpg,0.728623,18.820856,ok
EES0423755__X39__Y24__P010.jpg,0.848569,21.511212,ok
EES0423755__X3C__Y24__P011.jpg,0.828846,21.125106,ok
EES0423755__X03__Y21__P012.jpg,0.803958,21.502835,ok
EES0423755__X03__Y24__P013.jpg,0.768571,20.308307,ok
EES0423755__X03__Y33__P014.jpg,0.881507,24.978085,ok
EES0423755__X06__Y30__P015.jpg,0.807744,20.759405,ok
EES0423755__X06__Y36__P016.jpg,0.796505,21.294683,ok
EES0423755__X09__Y3C__P017.jpg,0.926827,38.240806,ok
EES0423755__X0C__Y12__P018.jpg,0.737733,18.939294,ok
EES0423755__X0C__Y15__P019.jpg,0.746747,20.341044,ok
EES0423755__X0C__Y36__P020.jpg,0.686812,18.318215,ok
EES0423755__X0C__Y3F__P021.jpg,0.889033,25.602671,ok
EES0423755__X0F__Y15__P022.jpg,0.751176,20.164838,ok
EES0423755__X0F__Y42__P023.jpg,0.927972,31.301018,ok
EES0423755__X12__Y15__P024.jpg,0.821285,20.872570,ok
EES0423755__X12__Y30__P025.jpg,0.663987,18.298737,ok
EES0423756__X15__Y0F__P001.jpg,0.722160,18.929583,ok
EES0423756__X15__Y15__P002.jpg,0.815961,21.638471,ok
EES0423756__X15__Y18__P003.jpg,0.683893,18.073656,ok
EES0423756__X15__Y1B__P004.jpg,0.765438,19.227674,ok
EES0423756__X15__Y21__P005.jpg,0.701374,17.949750,ok
EES0423756__X15__Y24__P006.jpg,0.791353,21.079646,ok
EES0423756__X15__Y45__P007.jpg,0.894565,26.108150,ok
EES0423756__X18__Y0C__P008.jpg,0.845835,22.343471,ok
EES0423756__X18__Y18__P009.jpg,0.762172,20.814162,ok
EES0423756__X18__Y27__P010.jpg,0.688598,19.043351,ok
EES0423756__X18__Y2D__P011.jpg,0.791485,20.265269,ok
EES0423756__X18__Y33__P012.jpg,0.664012,17.834107,ok
EES0423756__X18__Y39__P013.jpg,0.727019,19.017811,ok
EES0423756__X18__Y3C__P014.jpg,0.849464,22.056415,ok
EES0423756__X18__Y45__P015.jpg,0.769782,19.777215,ok
EES0423756__X1B__Y0C__P016.jpg,0.682840,17.160723,ok
EES0423756__X1B__Y0F__P017.jpg,0.802538,21.609926,ok
EES0423756__X1B__Y1E__P018.jpg,0.771538,21.283045,ok
EES0423756__X1B__Y27__P019.jpg,0.755187,20.408238,ok
EES0423756__X1B__Y45__P020.jpg,0.764748,20.182912,ok
EES0423756__X1E__Y09__P021.jpg,0.845188,25.136060,ok
EES0423756__X21__Y09__P022.jpg,0.803486,21.674059,ok
EES0423756__X21__Y0F__P023.jpg,0.765049,20.814425,ok
EES0423756__X24__Y09__P024.jpg,0.790380,21.693305,ok
EES0423756__X27__Y42__P025.jpg,0.864152,22.544509,ok
EES0423757__X36__Y21__P001.jpg,0.899928,26.909189,ok
EES0423757__X36__Y24__P002.jpg,0.859884,24.203911,ok
EES0423757__X36__Y27__P003.jpg,0.740166,19.380261,ok
EES0423757__X39__Y1B__P004.jpg,0.884483,23.451498,ok
EES0423757__X39__Y1E__P005.jpg,0.788617,19.696891,ok
EES0423757__X39__Y21__P006.jpg,0.767338,19.455713,ok
EES0423757__X3C__Y1B__P007.jpg,0.866000,23.234745,ok
EES0423757__X3C__Y1E__P008.jpg,0.831534,21.672817,ok
EES0423757__X3C__Y21__P009.jpg,0.826125,21.380772,ok
EES0423757__X3C__Y24__P010.jpg,0.701635,19.165534,ok
EES0423757__X0C__Y1B__P011.jpg,0.827386,23.440400,ok
EES0423757__X0C__Y1E__P012.jpg,0.773911,21.977751,ok
EES0423757__X0C__Y21__P013.jpg,0.781602,21.982758,ok
EES0423757__X0C__Y24__P014.jpg,0.637747,18.868863,ok
EES0423757__X0C__Y27__P015.jpg,0.758784,20.818223,ok
EES0423757__X0C__Y2A__P016.jpg,0.647542,18.082955,ok
EES0423757__X0C__Y2D__P017.jpg,0.664780,19.467699,ok
EES0423757__X0C__Y30__P018.jpg,0.694820,18.110056,ok
EES0423757__X0C__Y39__P019.jpg,0.921309,30.108993,ok
EES0423757__X0F__Y18__P020.jpg,0.842710,25.077752,ok
EES0423757__X0F__Y1B__P021.jpg,0.756879,19.877423,ok
EES0423757__X0F__Y1E__P022.jpg,0.782669,21.096477,ok
EES0423757__X0F__Y21__P023.jpg,0.726221,19.819863,ok
EES0423757__X0F__Y24__P024.jpg,0.698011,19.775203,ok
EES0423757__X0F__Y27__P025.jpg,0.683035,18.364161,ok
EES0423758__X0F__Y30__P001.jpg,0.801505,21.700754,ok
EES0423758__X0F__Y33__P002.jpg,0.787329,22.016168,ok
EES0423758__X12__Y12__P003.jpg,0.829776,22.144913,ok
EES0423758__X12__Y15__P004.jpg,0.778008,20.046651,ok
EES0423758__X12__Y18__P005.jpg,0.760664,21.157378,ok
EES0423758__X12__Y1B__P006.jpg,0.717943,19.844023,ok
EES0423758__X12__Y27__P007.jpg,0.642951,16.421455,ok
EES0423758__X12__Y2A__P008.jpg,0.645166,17.684923,ok
EES0423758__X12__Y3F__P009.jpg,0.692180,18.670170,ok
EES0423758__X15__Y12__P010.jpg,0.856580,26.437655,ok
EES0423758__X15__Y15__P011.jpg,0.750844,22.045556,ok
EES0423758__X15__Y42__P012.jpg,0.899951,29.728776,ok
EES0423758__X18__Y0C__P013.jpg,0.893751,25.591213,ok
EES0423758__X18__Y0F__P014.jpg,0.868858,25.849874,ok
EES0423758__X18__Y12__P015.jpg,0.845474,23.031771,ok
EES0423758__X18__Y15__P016.jpg,0.673147,17.709203,ok
EES0423758__X18__Y1E__P017.jpg,0.592197,17.706683,ok
EES0423758__X1B__Y0C__P018.jpg,0.831606,22.141786,ok
EES0423758__X1B__Y0F__P019.jpg,0.856623,23.071634,ok
EES0423758__X1B__Y12__P020.jpg,0.839772,23.279030,ok
EES0423758__X1B__Y15__P021.jpg,0.668201,17.550206,ok
EES0423758__X1B__Y21__P022.jpg,0.669919,17.638772,ok
EES0423758__X1B__Y45__P023.jpg,0.914156,26.985749,ok
EES0423758__X1E__Y09__P024.jpg,0.659531,17.638777,ok
EES0423758__X1E__Y0C__P025.jpg,0.718947,20.505014,ok
EES0423759__X1E__Y12__P001.jpg,0.705358,19.437460,ok
EES0423759__X21__Y09__P002.jpg,0.815719,21.832610,ok
EES0423759__X21__Y0C__P003.jpg,0.822428,20.832919,ok
EES0423759__X21__Y0F__P004.jpg,0.794426,21.576832,ok
EES0423759__X21__Y12__P005.jpg,0.717012,19.152004,ok
EES0423759__X21__Y15__P006.jpg,0.657190,18.245311,ok
EES0423759__X24__Y09__P007.jpg,0.786673,21.809557,ok
EES0423759__X24__Y0C__P008.jpg,0.737626,19.880370,ok
EES0423759__X27__Y09__P009.jpg,0.737598,21.010531,ok
EES0423759__X27__Y0C__P010.jpg,0.791676,20.871976,ok
EES0423759__X27__Y12__P011.jpg,0.708229,19.009745,ok
EES0423759__X2A__Y09__P012.jpg,0.864923,25.791690,ok
EES0423759__X2A__Y0C__P013.jpg,0.824013,22.392042,ok
EES0423759__X2D__Y09__P014.jpg,0.824881,23.719047,ok
EES0423759__X2D__Y0C__P015.jpg,0.737583,19.520755,ok
EES0423759__X33__Y0C__P016.jpg,0.761369,19.424779,ok
EES0423759__X33__Y24__P017.jpg,0.673981,18.371597,ok
EES0423759__X33__Y45__P018.jpg,0.856487,24.663666,ok
EES0423759__X36__Y0C__P019.jpg,0.906457,26.314163,ok
EES0423759__X36__Y18__P020.jpg,0.719225,18.463969,ok
EES0423759__X36__Y1B__P021.jpg,0.666668,17.729543,ok
EES0423759__X39__Y0F__P022.jpg,0.797235,22.532554,ok
EES0423759__X39__Y12__P023.jpg,0.769971,19.265170,ok
EES0423759__X3C__Y12__P024.jpg,0.789115,21.167495,ok
EES0423759__X3C__Y15__P025.jpg,0.726210,19.977122,ok
EES0423760__X33__Y1E__P001.jpg,0.922583,28.127969,ok
EES0423760__X33__Y21__P002.jpg,0.892841,24.840054,ok
EES0423760__X33__Y24__P003.jpg,0.917955,29.904555,ok
EES0423760__X36__Y1E__P004.jpg,0.860894,21.746140,ok
EES0423760__X36__Y21__P005.jpg,0.881227,23.777835,ok
EES0423760__X39__Y21__P006.jpg,0.879414,23.603681,ok
EES0423760__X3C__Y2A__P007.jpg,0.902351,26.034881,ok
EES0423760__X3C__Y36__P008.jpg,0.867231,24.057324,ok
EES0423760__X3F__Y2A__P009.jpg,0.926765,35.140053,ok
EES0423760__X3F__Y30__P010.jpg,0.906191,25.789286,ok
EES0423760__X0C__Y1E__P011.jpg,0.679810,17.290543,ok
EES0423760__X0C__Y27__P012.jpg,0.708955,18.057411,ok
EES0423760__X0F__Y21__P013.jpg,0.705079,18.607490,ok
EES0423760__X0F__Y27__P014.jpg,0.717601,18.884664,ok
EES0423760__X12__Y21__P015.jpg,0.716036,17.615922,ok
EES0423760__X12__Y30__P016.jpg,0.602026,16.720100,ok
EES0423760__X15__Y30__P017.jpg,0.657012,16.863341,ok
EES0423760__X18__Y0C__P018.jpg,0.683595,17.469358,ok
EES0423760__X18__Y0F__P019.jpg,0.635417,16.358707,ok
EES0423760__X18__Y15__P020.jpg,0.627448,16.726945,ok
EES0423760__X18__Y30__P021.jpg,0.737049,18.127000,ok
EES0423760__X18__Y36__P022.jpg,0.700185,17.955221,ok
EES0423760__X1B__Y0C__P023.jpg,0.690987,17.230010,ok
EES0423760__X1B__Y0F__P024.jpg,0.736757,17.556380,ok
EES0423760__X1B__Y15__P025.jpg,0.629020,16.915844,ok
EES0423761__X1B__Y1E__P001.jpg,0.655087,16.984295,ok
EES0423761__X1B__Y36__P002.jpg,0.647001,17.681714,ok
EES0423761__X1E__Y0C__P003.jpg,0.828448,20.828387,ok
EES0423761__X1E__Y15__P004.jpg,0.711371,18.473998,ok
EES0423761__X1E__Y21__P005.jpg,0.744766,18.373281,ok
EES0423761__X1E__Y36__P006.jpg,0.588305,15.906926,ok
EES0423761__X21__Y0C__P007.jpg,0.717796,17.768838,ok
EES0423761__X21__Y12__P008.jpg,0.656991,17.589179,ok
EES0423761__X21__Y24__P009.jpg,0.593216,15.091692,ok
EES0423761__X21__Y30__P010.jpg,0.750174,19.192462,ok
EES0423761__X24__Y0C__P011.jpg,0.743799,18.175209,ok
EES0423761__X24__Y21__P012.jpg,0.798590,19.242211,ok
EES0423761__X2A__Y0C__P013.jpg,0.723826,18.344528,ok
EES0423761__X2A__Y12__P014.jpg,0.627957,16.940505,ok
EES0423761__X2A__Y27__P015.jpg,0.694618,17.553427,ok
EES0423761__X2D__Y0C__P016.jpg,0.816454,21.005718,ok
EES0423761__X2D__Y12__P017.jpg,0.724396,18.256845,ok
EES0423761__X2D__Y15__P018.jpg,0.748271,18.771977,ok
EES0423761__X2D__Y18__P019.jpg,0.678829,17.771839,ok
EES0423761__X30__Y18__P020.jpg,0.634784,16.617027,ok
EES0423761__X33__Y0C__P021.jpg,0.761055,19.196341,ok
EES0423761__X33__Y15__P022.jpg,0.751946,19.562994,ok
EES0423761__X33__Y18__P023.jpg,0.806357,20.526815,ok
EES0423761__X33__Y27__P024.jpg,0.730532,17.839273,ok
EES0423761__X33__Y36__P025.jpg,0.784964,19.581464,ok
EES0423762__X24__Y09__P001.jpg,0.603021,16.695997,ok
EES0423762__X27__Y09__P002.jpg,0.912687,28.143606,ok
EES0423762__X2A__Y09__P003.jpg,0.929567,39.454633,ok
EES0423762__X30__Y0C__P004.jpg,0.698460,18.409430,ok
EES0423762__X30__Y45__P005.jpg,0.862591,22.936079,ok
EES0423762__X33__Y0F__P006.jpg,0.721253,19.187826,ok
EES0423762__X36__Y0F__P007.jpg,0.818532,21.860209,ok
EES0423762__X36__Y42__P008.jpg,0.822993,21.874224,ok
EES0423762__X39__Y12__P009.jpg,0.768343,20.007051,ok
EES0423762__X39__Y3F__P010.jpg,0.791302,20.999106,ok
EES0423762__X3C__Y15__P011.jpg,0.799688,20.875081,ok
EES0423762__X3C__Y3C__P012.jpg,0.673134,18.045813,ok
EES0423762__X3F__Y1B__P013.jpg,0.636209,18.376260,ok
EES0423762__X42__Y1E__P014.jpg,0.908758,27.725974,ok
EES0423762__X42__Y21__P015.jpg,0.607084,17.427972,ok
EES0423762__X03__Y1E__P016.jpg,0.828131,26.051803,ok
EES0423762__X03__Y21__P017.jpg,0.666833,19.855643,ok
EES0423762__X03__Y27__P018.jpg,0.752466,21.517491,ok
EES0423762__X03__Y2A__P019.jpg,0.731300,20.936338,ok
EES0423762__X03__Y2D__P020.jpg,0.726951,19.885484,ok
EES0423762__X06__Y33__P021.jpg,0.863056,28.984325,ok
EES0423762__X0C__Y0F__P022.jpg,0.837103,23.002700,ok
EES0423762__X0C__Y3C__P023.jpg,0.855301,24.737960,ok
EES0423762__X0F__Y42__P024.jpg,0.702815,20.573229,ok
EES0423762__X12__Y45__P025.jpg,0.861090,24.471640,ok
EES0423763__X06__Y3C__P001.jpg,0.711500,18.528475,ok
EES0423763__X06__Y3F__P002.jpg,0.633105,12.960615,ok
EES0423763__X09__Y12__P003.jpg,0.769045,19.955162,ok
EES0423763__X09__Y3F__P004.jpg,0.811272,21.485469,ok
EES0423763__X0C__Y0F__P005.jpg,0.777781,20.710710,ok
EES0423763__X0C__Y3F__P006.jpg,0.715083,18.508220,ok
EES0423763__X0C__Y42__P007.jpg,0.804559,20.735325,ok
EES0423763__X0F__Y0C__P008.jpg,0.919166,30.333385,ok
EES0423763__X0F__Y0F__P009.jpg,0.688498,17.864928,ok
EES0423763__X0F__Y42__P010.jpg,0.708254,19.497019,ok
EES0423763__X0F__Y45__P011.jpg,0.886848,24.835815,ok
EES0423763__X12__Y0C__P012.jpg,0.831018,23.666117,ok
EES0423763__X12__Y45__P013.jpg,0.877325,28.918635,ok
EES0423763__X15__Y09__P014.jpg,0.840431,23.125286,ok
EES0423763__X15__Y45__P015.jpg,0.733290,20.345821,ok
EES0423763__X18__Y09__P016.jpg,0.845774,22.997811,ok
EES0423763__X1B__Y09__P017.jpg,0.729132,20.067528,ok
EES0423763__X2A__Y09__P018.jpg,0.655624,18.369978,ok
EES0423763__X2D__Y09__P019.jpg,0.641552,18.435282,ok
EES0423763__X30__Y09__P020.jpg,0.837801,22.809406,ok
EES0423763__X30__Y45__P021.jpg,0.635873,17.517556,ok
EES0423763__X33__Y09__P022.jpg,0.809880,21.019616,ok
EES0423763__X33__Y0C__P023.jpg,0.683612,19.270107,ok
EES0423763__X36__Y09__P024.jpg,0.785943,21.853520,ok
EES0423763__X36__Y0C__P025.jpg,0.691578,18.135276,ok
EES0423764__X42__Y2D__P001.jpg,0.808242,22.774854,ok
EES0423764__X42__Y30__P002.jpg,0.852090,25.957737,ok
EES0423764__X09__Y2A__P003.jpg,0.877140,23.368905,ok
EES0423764__X0C__Y1E__P004.jpg,0.821688,20.536141,ok
EES0423764__X0F__Y27__P005.jpg,0.743220,18.231551,ok
EES0423764__X0F__Y2A__P006.jpg,0.844480,21.651973,ok
EES0423764__X12__Y1E__P007.jpg,0.637924,16.365460,ok
EES0423764__X15__Y18__P008.jpg,0.804301,19.124062,ok
EES0423764__X15__Y1B__P009.jpg,0.775064,19.428341,ok
EES0423764__X18__Y12__P010.jpg,0.825163,21.166949,ok
EES0423764__X18__Y15__P011.jpg,0.702290,17.847693,ok
EES0423764__X18__Y1E__P012.jpg,0.717766,17.079509,ok
EES0423764__X18__Y24__P013.jpg,0.745360,18.763207,ok
EES0423764__X18__Y27__P014.jpg,0.771261,18.533329,ok
EES0423764__X18__Y2A__P015.jpg,0.798698,20.418508,ok
EES0423764__X18__Y2D__P016.jpg,0.674421,16.718555,ok
EES0423764__X18__Y30__P017.jpg,0.841799,21.797356,ok
EES0423764__X1B__Y0F__P018.jpg,0.865369,22.516138,ok
EES0423764__X1B__Y15__P019.jpg,0.823963,20.574980,ok
EES0423764__X1B__Y1B__P020.jpg,0.736253,17.716915,ok
EES0423764__X1B__Y24__P021.jpg,0.810197,19.712024,ok
EES0423764__X1B__Y27__P022.jpg,0.869802,22.774268,ok
EES0423764__X1B__Y2A__P023.jpg,0.725734,16.820537,ok
EES0423764__X1B__Y2D__P024.jpg,0.688095,16.519954,ok
EES0423764__X1B__Y30__P025.jpg,0.731821,18.990950,ok
EES0423765__X1B__Y33__P001.jpg,0.817662,19.725955,ok
EES0423765__X1E__Y1B__P002.jpg,0.809160,20.285950,ok
EES0423765__X1E__Y1E__P003.jpg,0.791222,19.788632,ok
EES0423765__X1E__Y2D__P004.jpg,0.839594,21.589441,ok
EES0423765__X1E__Y30__P005.jpg,0.771431,19.039922,ok
EES0423765__X21__Y0C__P006.jpg,0.796338,20.294489,ok
EES0423765__X21__Y0F__P007.jpg,0.730031,18.408691,ok
EES0423765__X21__Y15__P008.jpg,0.850852,22.819258,ok
EES0423765__X21__Y18__P009.jpg,0.770807,19.037028,ok
EES0423765__X21__Y1E__P010.jpg,0.730322,18.884782,ok
EES0423765__X21__Y24__P011.jpg,0.755875,19.096046,ok
EES0423765__X21__Y27__P012.jpg,0.756428,19.401147,ok
EES0423765__X21__Y2A__P013.jpg,0.904877,28.427166,ok
EES0423765__X21__Y30__P014.jpg,0.778744,19.165070,ok
EES0423765__X21__Y33__P015.jpg,0.775343,18.793080,ok
EES0423765__X24__Y0C__P016.jpg,0.812105,19.424046,ok
EES0423765__X24__Y15__P017.jpg,0.779663,19.015954,ok
EES0423765__X24__Y18__P018.jpg,0.799710,19.722921,ok
EES0423765__X24__Y24__P019.jpg,0.752074,18.513352,ok
EES0423765__X24__Y27__P020.jpg,0.675854,18.808103,ok
EES0423765__X24__Y2A__P021.jpg,0.762090,19.379368,ok
EES0423765__X24__Y2D__P022.jpg,0.817786,19.824847,ok
EES0423765__X24__Y30__P023.jpg,0.689813,18.109001,ok
EES0423765__X24__Y33__P024.jpg,0.765775,18.834226,ok
EES0423765__X24__Y36__P025.jpg,0.760149,18.801774,ok
EES0423766__X0C__Y24__P001.jpg,0.812736,20.922037,ok
EES0423766__X0C__Y27__P002.jpg,0.661463,18.651438,ok
EES0423766__X0C__Y2A__P003.jpg,0.771953,20.499191,ok
EES0423766__X0C__Y2D__P004.jpg,0.819940,21.543075,ok
EES0423766__X0C__Y30__P005.jpg,0.730204,19.735864,ok
EES0423766__X0C__Y33__P006.jpg,0.889074,27.290679,ok
EES0423766__X0F__Y1E__P007.jpg,0.703317,18.982726,ok
EES0423766__X0F__Y2A__P008.jpg,0.756851,19.782765,ok
EES0423766__X0F__Y30__P009.jpg,0.824321,22.054160,ok
EES0423766__X0F__Y33__P010.jpg,0.743608,20.579059,ok
EES0423766__X0F__Y36__P011.jpg,0.864826,24.475828,ok
EES0423766__X12__Y24__P012.jpg,0.763257,20.297210,ok
EES0423766__X12__Y27__P013.jpg,0.789785,22.108873,ok
EES0423766__X12__Y33__P014.jpg,0.697250,19.661463,ok
EES0423766__X12__Y36__P015.jpg,0.837651,23.669430,ok
EES0423766__X12__Y3C__P016.jpg,0.867009,24.172422,ok
EES0423766__X15__Y3F__P017.jpg,0.915284,34.210063,ok
EES0423766__X18__Y09__P018.jpg,0.912557,30.503488,ok
EES0423766__X18__Y3F__P019.jpg,0.803207,22.782086,ok
EES0423766__X1B__Y09__P020.jpg,0.784150,21.509899,ok
EES0423766__X1B__Y3F__P021.jpg,0.755180,19.185939,ok
EES0423766__X1B__Y42__P022.jpg,0.812482,22.459563,ok
EES0423766__X1E__Y3F__P023.jpg,0.714038,17.975209,ok
EES0423766__X1E__Y42__P024.jpg,0.795046,20.803864,ok
EES0423766__X21__Y3F__P025.jpg,0.724445,19.262807,ok
EES0423767__X0F__Y18__P001.jpg,0.781225,21.389730,ok
EES0423767__X0F__Y27__P002.jpg,0.725280,22.006370,ok
EES0423767__X0F__Y30__P003.jpg,0.697106,18.591027,ok
EES0423767__X0F__Y33__P004.jpg,0.835031,22.138030,ok
EES0423767__X12__Y33__P005.jpg,0.758216,19.491965,ok
EES0423767__X12__Y36__P006.jpg,0.827228,22.730592,ok
EES0423767__X12__Y39__P007.jpg,0.815821,21.457904,ok
EES0423767__X15__Y36__P008.jpg,0.766150,21.121001,ok
EES0423767__X15__Y39__P009.jpg,0.643302,18.236446,ok
EES0423767__X18__Y0F__P010.jpg,0.831549,23.691139,ok
EES0423767__X1B__Y0C__P011.jpg,0.795239,23.624533,ok
EES0423767__X1B__Y42__P012.jpg,0.923212,38.149543,ok
EES0423767__X1E__Y0C__P013.jpg,0.680367,18.395336,ok
EES0423767__X1E__Y42__P014.jpg,0.726133,19.732072,ok
EES0423767__X21__Y0C__P015.jpg,0.731495,19.717564,ok
EES0423767__X2D__Y45__P016.jpg,0.915726,34.258074,ok
EES0423767__X30__Y0C__P017.jpg,0.649728,19.140677,ok
EES0423767__X33__Y0C__P018.jpg,0.851766,25.692496,ok
EES0423767__X33__Y42__P019.jpg,0.754438,20.794127,ok
EES0423767__X39__Y0F__P020.jpg,0.842352,22.064282,ok
EES0423767__X3C__Y12__P021.jpg,0.719238,20.686759,ok
EES0423767__X3C__Y15__P022.jpg,0.660253,18.402580,ok
EES0423767__X3C__Y18__P023.jpg,0.750424,20.210443,ok
EES0423767__X3C__Y36__P024.jpg,0.716785,20.612417,ok
EES0423767__X3C__Y39__P025.jpg,0.622856,17.304492,ok
EES0423768__X3F__Y18__P001.jpg,0.756834,21.744414,ok
EES0423768__X3F__Y1B__P002.jpg,0.688368,19.579954,ok
EES0423768__X3F__Y33__P003.jpg,0.748842,19.471396,ok
EES0423768__X3F__Y36__P004.jpg,0.832341,22.795950,ok
EES0423768__X3F__Y39__P005.jpg,0.873802,25.072123,ok
EES0423768__X42__Y1B__P006.jpg,0.815191,24.240346,ok
EES0423768__X42__Y1E__P007.jpg,0.758140,22.486027,ok
EES0423768__X42__Y21__P008.jpg,0.812127,24.478995,ok
EES0423768__X42__Y27__P009.jpg,0.827303,24.195400,ok
EES0423768__X42__Y2D__P010.jpg,0.797035,22.017173,ok
EES0423768__X42__Y30__P011.jpg,0.778596,21.915670,ok
EES0423768__X42__Y33__P012.jpg,0.827146,20.977622,ok
EES0423768__X45__Y21__P013.jpg,0.909191,30.448257,ok
EES0423768__X45__Y24__P014.jpg,0.911133,38.172709,ok
EES0423768__X45__Y2A__P015.jpg,0.918182,32.069182,ok
EES0423768__X0F__Y18__P016.jpg,0.914241,31.151824,ok
EES0423768__X0F__Y21__P017.jpg,0.733501,18.959327,ok
EES0423768__X0F__Y24__P018.jpg,0.510844,15.322287,ok
EES0423768__X0F__Y27__P019.jpg,0.564720,15.035232,ok
EES0423768__X0F__Y2D__P020.jpg,0.560237,16.459474,ok
EES0423768__X0F__Y30__P021.jpg,0.930365,31.249746,ok
EES0423768__X12__Y15__P022.jpg,0.662731,19.015948,ok
EES0423768__X12__Y1B__P023.jpg,0.584361,16.226858,ok
EES0423768__X12__Y1E__P024.jpg,0.556889,15.244273,ok
EES0423768__X12__Y24__P025.jpg,0.538288,15.524492,ok
EES0423769__X15__Y0F__P001.jpg,0.905960,33.328811,ok
EES0423769__X15__Y12__P002.jpg,0.792363,20.565442,ok
EES0423769__X15__Y18__P003.jpg,0.714489,18.896603,ok
EES0423769__X15__Y1E__P004.jpg,0.403320,14.949932,ok
EES0423769__X15__Y21__P005.jpg,0.584669,16.337629,ok
EES0423769__X18__Y18__P006.jpg,0.617081,17.027670,ok
EES0423769__X18__Y1E__P007.jpg,0.601666,15.544007,ok
EES0423769__X1E__Y09__P008.jpg,0.878274,26.559827,ok
EES0423769__X1E__Y3F__P009.jpg,0.769167,22.012026,ok
EES0423769__X21__Y09__P010.jpg,0.674097,17.809042,ok
EES0423769__X24__Y09__P011.jpg,0.674001,18.584480,ok
EES0423769__X2A__Y42__P012.jpg,0.885082,27.576959,ok
EES0423769__X2D__Y42__P013.jpg,0.924233,30.964447,ok
EES0423769__X36__Y3F__P014.jpg,0.868949,25.889334,ok
EES0423769__X45__Y15__P015.jpg,0.892930,27.693937,ok
EES0423769__X45__Y30__P016.jpg,0.760614,18.572494,ok
EES0423769__X48__Y1B__P017.jpg,0.916621,35.014206,ok
EES0423769__X48__Y21__P018.jpg,0.820238,22.613504,ok
EES0423769__X48__Y24__P019.jpg,0.835450,23.495715,ok
EES0423769__X48__Y27__P020.jpg,0.820192,20.868744,ok
EES0423769__X48__Y33__P021.jpg,0.801029,21.353235,ok
EES0423769__X18__Y21__P022.jpg,0.819130,22.138109,ok
EES0423769__X27__Y0C__P023.jpg,0.824323,20.944878,ok
EES0423769__X2D__Y18__P024.jpg,0.774549,21.182320,ok
EES0423769__X33__Y33__P025.jpg,0.820170,21.709542,ok
EES0423770__X09__Y18__P001.jpg,0.807023,22.744746,ok
EES0423770__X09__Y1B__P002.jpg,0.798918,21.750853,ok
EES0423770__X09__Y1E__P003.jpg,0.658771,18.514323,ok
EES0423770__X09__Y24__P004.jpg,0.601474,17.498406,ok
EES0423770__X09__Y30__P005.jpg,0.803215,24.866715,ok
EES0423770__X0C__Y12__P006.jpg,0.849773,25.909532,ok
EES0423770__X0C__Y15__P007.jpg,0.637260,18.587011,ok
EES0423770__X0F__Y36__P008.jpg,0.796762,24.452458,ok
EES0423770__X15__Y09__P009.jpg,0.817621,26.005316,ok
EES0423770__X18__Y09__P010.jpg,0.871756,28.546297,ok
EES0423770__X18__Y3F__P011.jpg,0.834698,24.093507,ok
EES0423770__X1B__Y06__P012.jpg,0.884560,24.519465,ok
EES0423770__X1E__Y06__P013.jpg,0.663425,19.797526,ok
EES0423770__X1E__Y09__P014.jpg,0.563985,16.554481,ok
EES0423770__X21__Y06__P015.jpg,0.671579,19.553561,ok
EES0423770__X24__Y06__P016.jpg,0.811806,22.425559,ok
EES0423770__X24__Y42__P017.jpg,0.757403,22.213631,ok
EES0423770__X27__Y06__P018.jpg,0.713016,19.474826,ok
EES0423770__X27__Y42__P019.jpg,0.674501,18.504700,ok
EES0423770__X2A__Y06__P020.jpg,0.900078,26.951969,ok
EES0423770__X2D__Y06__P021.jpg,0.731619,20.806698,ok
EES0423770__X30__Y06__P022.jpg,0.844190,21.290911,ok
EES0423770__X33__Y09__P023.jpg,0.683090,19.205021,ok
EES0423770__X33__Y3F__P024.jpg,0.755069,21.877425,ok
EES0423770__X36__Y09__P025.jpg,0.873962,26.441975,ok
EES0423771__X39__Y0C__P001.jpg,0.773568,21.128233,ok
EES0423771__X3F__Y36__P002.jpg,0.763593,22.054520,ok
EES0423771__X42__Y15__P003.jpg,0.863018,23.777841,ok
EES0423771__X42__Y2D__P004.jpg,0.687413,18.993278,ok
EES0423771__X42__Y30__P005.jpg,0.771050,20.880301,ok
EES0423771__X42__Y33__P006.jpg,0.844488,22.178200,ok
EES0423771__X45__Y1B__P007.jpg,0.840415,19.872447,ok
EES0423771__X45__Y1E__P008.jpg,0.784412,22.892767,ok
EES0423771__X45__Y21__P009.jpg,0.722049,20.049134,ok
EES0423771__X45__Y24__P010.jpg,0.650736,19.327288,ok
EES0423771__X45__Y27__P011.jpg,0.836378,25.582178,ok
EES0423771__X45__Y2A__P012.jpg,0.850143,24.958303,ok
EES0423771__X09__Y18__P013.jpg,0.703086,17.284131,ok
EES0423771__X09__Y1B__P014.jpg,0.795538,20.334967,ok
EES0423771__X09__Y1E__P015.jpg,0.772612,22.856293,ok
EES0423771__X09__Y21__P016.jpg,0.531128,17.339636,ok
EES0423771__X09__Y24__P017.jpg,0.463310,16.863071,ok
EES0423771__X09__Y27__P018.jpg,0.539774,16.593196,ok
EES0423771__X09__Y2A__P019.jpg,0.688503,19.206161,ok
EES0423771__X09__Y2D__P020.jpg,0.729497,17.735981,ok
EES0423771__X09__Y30__P021.jpg,0.744223,19.557516,ok
EES0423771__X09__Y42__P022.jpg,0.696815,15.855312,ok
EES0423771__X09__Y45__P023.jpg,0.719317,17.448076,ok
EES0423771__X0C__Y15__P024.jpg,0.585726,15.953720,ok
EES0423771__X0C__Y18__P025.jpg,0.388605,17.248715,ok
EES0423772__X0C__Y30__P001.jpg,0.413418,16.262229,ok
EES0423772__X0C__Y33__P002.jpg,0.761013,19.989550,ok
EES0423772__X0F__Y36__P003.jpg,0.412129,16.351419,ok
EES0423772__X0F__Y39__P004.jpg,0.830434,21.747879,ok
EES0423772__X12__Y0F__P005.jpg,0.466917,16.544810,ok
EES0423772__X12__Y39__P006.jpg,0.499693,16.656068,ok
EES0423772__X12__Y3C__P007.jpg,0.671810,16.650674,ok
EES0423772__X15__Y3F__P008.jpg,0.792066,22.409140,ok
EES0423772__X18__Y09__P009.jpg,0.805408,26.219926,ok
EES0423772__X18__Y3F__P010.jpg,0.450328,15.747899,ok
EES0423772__X1B__Y09__P011.jpg,0.491151,15.197775,ok
EES0423772__X1B__Y42__P012.jpg,0.831761,24.132235,ok
EES0423772__X1E__Y09__P013.jpg,0.526714,17.816769,ok
EES0423772__X1E__Y42__P014.jpg,0.575446,15.471243,ok
EES0423772__X21__Y06__P015.jpg,0.799992,22.711216,ok
EES0423772__X21__Y42__P016.jpg,0.561730,16.684440,ok
EES0423772__X24__Y06__P017.jpg,0.676155,17.789157,ok
EES0423772__X27__Y06__P018.jpg,0.560999,16.137422,ok
EES0423772__X27__Y42__P019.jpg,0.481594,17.086680,ok
EES0423772__X27__Y45__P020.jpg,0.776569,22.035409,ok
EES0423772__X2A__Y06__P021.jpg,0.572801,16.400477,ok
EES0423772__X2A__Y42__P022.jpg,0.438309,17.253409,ok
EES0423772__X2D__Y42__P023.jpg,0.477811,16.137633,ok
EES0423772__X30__Y42__P024.jpg,0.444240,17.090864,ok
EES0423772__X33__Y42__P025.jpg,0.719245,21.780525,ok
EES0423773__X36__Y3F__P001.jpg,0.520675,17.973076,ok
EES0423773__X39__Y0C__P002.jpg,0.538426,17.106095,ok
EES0423773__X3C__Y0F__P003.jpg,0.492393,16.296761,ok
EES0423773__X3C__Y39__P004.jpg,0.507393,18.987907,ok
EES0423773__X3F__Y0F__P005.jpg,0.757865,21.763791,ok
EES0423773__X3F__Y12__P006.jpg,0.498155,16.077683,ok
EES0423773__X3F__Y36__P007.jpg,0.514361,16.317251,ok
EES0423773__X3F__Y39__P008.jpg,0.818500,25.523571,ok
EES0423773__X42__Y15__P009.jpg,0.490153,15.914834,ok
EES0423773__X42__Y18__P010.jpg,0.478840,17.193316,ok
EES0423773__X42__Y30__P011.jpg,0.403973,16.969439,ok
EES0423773__X42__Y33__P012.jpg,0.620186,16.713341,ok
EES0423773__X45__Y18__P013.jpg,0.819579,23.884280,ok
EES0423773__X45__Y1B__P014.jpg,0.592878,17.348825,ok
EES0423773__X45__Y1E__P015.jpg,0.474476,18.123742,ok
EES0423773__X45__Y21__P016.jpg,0.550387,16.129744,ok
EES0423773__X45__Y24__P017.jpg,0.502908,16.353239,ok
EES0423773__X45__Y27__P018.jpg,0.543411,15.966198,ok
EES0423773__X45__Y2A__P019.jpg,0.545188,15.764638,ok
EES0423773__X45__Y2D__P020.jpg,0.544986,15.897314,ok
EES0423773__X45__Y30__P021.jpg,0.791495,23.644670,ok
EES0423773__X09__Y21__P022.jpg,0.877223,27.776639,ok
EES0423773__X0F__Y18__P023.jpg,0.821948,23.380334,ok
EES0423773__X0F__Y1B__P024.jpg,0.809165,22.318408,ok
EES0423773__X0F__Y2D__P025.jpg,0.813311,21.109676,ok
EES0423774__X12__Y15__P001.jpg,0.743851,20.002013,ok
EES0423774__X12__Y18__P002.jpg,0.719437,19.169508,ok
EES0423774__X12__Y1B__P003.jpg,0.662322,18.524514,ok
EES0423774__X12__Y1E__P004.jpg,0.591327,17.484083,ok
EES0423774__X12__Y21__P005.jpg,0.670052,17.047614,ok
EES0423774__X12__Y33__P006.jpg,0.865843,26.413153,ok
EES0423774__X15__Y15__P007.jpg,0.649939,18.124347,ok
EES0423774__X15__Y18__P008.jpg,0.693548,19.834073,ok
EES0423774__X15__Y1B__P009.jpg,0.651346,17.807276,ok
EES0423774__X18__Y0C__P010.jpg,0.732420,20.576102,ok
EES0423774__X1B__Y09__P011.jpg,0.814956,23.099529,ok
EES0423774__X1B__Y0C__P012.jpg,0.691242,19.453813,ok
EES0423774__X1B__Y0F__P013.jpg,0.768650,20.826169,ok
EES0423774__X1B__Y3C__P014.jpg,0.908056,30.218482,ok
EES0423774__X1E__Y06__P015.jpg,0.781900,20.402876,ok
EES0423774__X1E__Y09__P016.jpg,0.661781,18.643916,ok
EES0423774__X21__Y06__P017.jpg,0.809180,22.712932,ok
EES0423774__X21__Y09__P018.jpg,0.639369,18.379553,ok
EES0423774__X24__Y06__P019.jpg,0.678978,18.848131,ok
EES0423774__X24__Y3F__P020.jpg,0.908907,31.004033,ok
EES0423774__X27__Y03__P021.jpg,0.909010,33.147137,ok
EES0423774__X27__Y06__P022.jpg,0.612367,17.256361,ok
EES0423774__X27__Y3F__P023.jpg,0.736325,21.559145,ok
EES0423774__X2A__Y03__P024.jpg,0.861570,28.341254,ok
EES0423774__X2A__Y06__P025.jpg,0.743949,21.444656,ok
EES0423775__X18__Y12__P001.jpg,0.716653,21.249763,ok
EES0423775__X1B__Y12__P002.jpg,0.824884,21.826585,ok
EES0423775__X1B__Y1B__P003.jpg,0.733291,21.600734,ok
EES0423775__X30__Y1B__P004.jpg,0.617655,17.447024,ok
EES0423775__X33__Y09__P005.jpg,0.849023,24.778393,ok
EES0423775__X36__Y27__P006.jpg,0.590924,17.018896,ok
EES0423775__X36__Y3C__P007.jpg,0.811134,23.418265,ok
EES0423775__X39__Y0C__P008.jpg,0.911253,30.184952,ok
EES0423775__X39__Y21__P009.jpg,0.649556,17.803238,ok
EES0423775__X39__Y39__P010.jpg,0.726303,19.150687,ok
EES0423775__X3C__Y0F__P011.jpg,0.776968,20.608222,ok
EES0423775__X3C__Y12__P012.jpg,0.780078,20.113361,ok
EES0423775__X3C__Y18__P013.jpg,0.704495,18.502619,ok
EES0423775__X3C__Y36__P014.jpg,0.648337,18.754761,ok
EES0423775__X3C__Y39__P015.jpg,0.680542,18.854423,ok
EES0423775__X3F__Y12__P016.jpg,0.818261,20.826940,ok
EES0423775__X42__Y24__P017.jpg,0.600555,17.337442,ok
EES0423775__X42__Y2A__P018.jpg,0.679462,17.864747,ok
EES0423775__X42__Y33__P019.jpg,0.878712,25.780482,ok
EES0423775__X45__Y1E__P020.jpg,0.887984,26.222685,ok
EES0423775__X45__Y21__P021.jpg,0.750562,19.221726,ok
EES0423775__X0C__Y24__P022.jpg,0.657354,16.469909,ok
EES0423775__X0C__Y2A__P023.jpg,0.839276,22.435543,ok
EES0423775__X2D__Y09__P024.jpg,0.880715,25.305772,ok
EES0423775__X3C__Y24__P025.jpg,0.680712,16.820752,ok
EES0423776__X0C__Y21__P001.jpg,0.599289,16.715764,ok
EES0423776__X0C__Y24__P002.jpg,0.489702,14.857368,ok
EES0423776__X0C__Y27__P003.jpg,0.644671,16.978492,ok
EES0423776__X0C__Y2D__P004.jpg,0.824276,22.500993,ok
EES0423776__X0F__Y15__P005.jpg,0.665253,16.952055,ok
EES0423776__X0F__Y2D__P006.jpg,0.538012,14.982995,ok
EES0423776__X0F__Y33__P007.jpg,0.793865,19.402063,ok
EES0423776__X12__Y0F__P008.jpg,0.890982,29.319894,ok
EES0423776__X15__Y0F__P009.jpg,0.680629,17.703992,ok
EES0423776__X15__Y39__P010.jpg,0.556563,16.004813,ok
EES0423776__X1B__Y09__P011.jpg,0.777629,21.113716,ok
EES0423776__X1E__Y06__P012.jpg,0.755268,18.973057,ok
EES0423776__X21__Y06__P013.jpg,0.871703,27.190975,ok
EES0423776__X2D__Y06__P014.jpg,0.619226,16.927260,ok
EES0423776__X33__Y06__P015.jpg,0.746576,19.722718,ok
EES0423776__X39__Y09__P016.jpg,0.716614,17.400291,ok
EES0423776__X3C__Y09__P017.jpg,0.757334,20.232100,ok
EES0423776__X18__Y3C__P018.jpg,0.673868,17.205142,ok
EES0423776__X1B__Y1E__P019.jpg,0.739863,19.640776,ok
EES0423776__X27__Y1B__P020.jpg,0.718699,18.454575,ok
EES0423776__X2D__Y06__P021.jpg,0.844713,22.254379,ok
EES0423776__X42__Y12__P022.jpg,0.740523,16.572344,ok
EES0423776__X42__Y15__P023.jpg,0.785595,18.970334,ok
EES0423776__X42__Y36__P024.jpg,0.793726,19.904169,ok
EES0423776__X45__Y1B__P025.jpg,0.713442,17.920891,ok
EES0423777__X21__Y1E__P001.jpg,0.588845,17.552249,ok
EES0423777__X21__Y21__P002.jpg,0.651238,19.796486,ok
EES0423777__X2D__Y09__P003.jpg,0.832996,22.273612,ok
EES0423777__X39__Y0F__P004.jpg,0.871585,26.566513,ok
EES0423777__X3C__Y21__P005.jpg,0.645395,18.555530,ok
EES0423777__X3F__Y15__P006.jpg,0.765922,21.728430,ok
EES0423777__X3F__Y1E__P007.jpg,0.630880,17.879129,ok
EES0423777__X3F__Y21__P008.jpg,0.703624,18.265556,ok
EES0423777__X42__Y18__P009.jpg,0.926466,31.051877,ok
EES0423777__X42__Y1E__P010.jpg,0.504685,16.413182,ok
EES0423777__X15__Y27__P011.jpg,0.836626,22.148654,ok
EES0423777__X18__Y39__P012.jpg,0.760890,21.127790,ok
EES0423777__X1B__Y2A__P013.jpg,0.831722,21.197298,ok
EES0423777__X1E__Y2D__P014.jpg,0.765521,20.461489,ok
EES0423777__X21__Y24__P015.jpg,0.796155,20.783416,ok
EES0423777__X21__Y27__P016.jpg,0.781604,21.722759,ok
EES0423777__X21__Y2A__P017.jpg,0.804170,20.848000,ok
EES0423777__X21__Y30__P018.jpg,0.741081,20.287751,ok
EES0423777__X21__Y33__P019.jpg,0.764956,19.350000,ok
EES0423777__X21__Y36__P020.jpg,0.730230,19.879882,ok
EES0423777__X24__Y24__P021.jpg,0.853192,25.110233,ok
EES0423777__X24__Y27__P022.jpg,0.760170,19.470764,ok
EES0423777__X24__Y2A__P023.jpg,0.756987,19.453986,ok
EES0423777__X24__Y30__P024.jpg,0.805064,22.326978,ok
EES0423777__X24__Y33__P025.jpg,0.760760,19.878562,ok
EES0423778__X3C__Y30__P001.jpg,0.826401,22.240070,ok
EES0423778__X3F__Y2A__P002.jpg,0.787521,20.388279,ok
EES0423778__X3F__Y30__P003.jpg,0.765361,20.555587,ok
EES0423778__X42__Y24__P004.jpg,0.890463,25.268997,ok
EES0423778__X42__Y27__P005.jpg,0.927743,32.958475,ok
EES0423778__X42__Y2A__P006.jpg,0.903472,27.008095,ok
EES0423778__X0C__Y18__P007.jpg,0.620700,17.704505,ok
EES0423778__X0C__Y1B__P008.jpg,0.602298,17.301299,ok
EES0423778__X0F__Y1B__P009.jpg,0.581724,18.663968,ok
EES0423778__X18__Y0C__P010.jpg,0.665067,18.730625,ok
EES0423778__X1E__Y45__P011.jpg,0.802454,21.681507,ok
EES0423778__X24__Y45__P012.jpg,0.739498,19.662073,ok
EES0423778__X27__Y45__P013.jpg,0.789265,20.166137,ok
EES0423778__X2A__Y45__P014.jpg,0.910313,28.095305,ok
EES0423778__X33__Y0C__P015.jpg,0.821296,21.253064,ok
EES0423778__X36__Y3F__P016.jpg,0.908087,27.634652,ok
EES0423778__X39__Y3C__P017.jpg,0.778114,20.115671,ok
EES0423778__X3C__Y39__P018.jpg,0.809916,20.417776,ok
EES0423778__X42__Y1B__P019.jpg,0.917562,29.515028,ok
EES0423778__X42__Y1E__P020.jpg,0.683937,18.219529,ok
EES0423778__X42__Y21__P021.jpg,0.558838,17.209693,ok
EES0423778__X42__Y2D__P022.jpg,0.703145,17.852293,ok
EES0423778__X09__Y1B__P023.jpg,0.758327,19.551242,ok
EES0423778__X09__Y2D__P024.jpg,0.857443,23.113388,ok
EES0423778__X0F__Y39__P025.jpg,0.831829,21.534313,ok
EES0423779__X15__Y09__P001.jpg,0.788513,19.200073,ok
EES0423779__X15__Y0F__P002.jpg,0.742448,19.116083,ok
EES0423779__X15__Y12__P003.jpg,0.697534,18.783149,ok
EES0423779__X18__Y06__P004.jpg,0.938784,38.645705,ok
EES0423779__X18__Y09__P005.jpg,0.733463,18.832430,ok
EES0423779__X1B__Y06__P006.jpg,0.789397,20.332993,ok
EES0423779__X1B__Y09__P007.jpg,0.819785,20.648003,ok
EES0423779__X1B__Y3F__P008.jpg,0.754772,20.318011,ok
EES0423779__X1E__Y06__P009.jpg,0.769997,19.720801,ok
EES0423779__X1E__Y15__P010.jpg,0.655401,17.948422,ok
EES0423779__X1E__Y42__P011.jpg,0.926280,30.888472,ok
EES0423779__X21__Y06__P012.jpg,0.717568,19.997346,ok
EES0423779__X21__Y09__P013.jpg,0.649717,17.389535,ok
EES0423779__X21__Y12__P014.jpg,0.712930,20.527410,ok
EES0423779__X21__Y15__P015.jpg,0.689925,19.562445,ok
EES0423779__X21__Y42__P016.jpg,0.895228,26.713734,ok
EES0423779__X24__Y03__P017.jpg,0.928592,38.869149,ok
EES0423779__X24__Y06__P018.jpg,0.718057,19.224314,ok
EES0423779__X24__Y09__P019.jpg,0.826300,22.871461,ok
EES0423779__X24__Y39__P020.jpg,0.794951,21.440279,ok
EES0423779__X27__Y06__P021.jpg,0.782004,21.002862,ok
EES0423779__X27__Y09__P022.jpg,0.639722,17.791845,ok
EES0423779__X2A__Y06__P023.jpg,0.687801,18.726618,ok
EES0423779__X2A__Y3F__P024.jpg,0.683724,18.195457,ok
EES0423779__X2A__Y42__P025.jpg,0.899386,24.494204,ok
EES0423780__X18__Y15__P001.jpg,0.841006,23.425380,ok
EES0423780__X18__Y1B__P002.jpg,0.791274,20.007365,ok
EES0423780__X18__Y1E__P003.jpg,0.802992,18.779920,ok
EES0423780__X1B__Y09__P004.jpg,0.879851,22.749466,ok
EES0423780__X1B__Y0C__P005.jpg,0.797056,17.677816,ok
EES0423780__X1B__Y12__P006.jpg,0.705770,18.124619,ok
EES0423780__X1B__Y15__P007.jpg,0.882024,24.375415,ok
EES0423780__X1B__Y18__P008.jpg,0.888487,26.494670,ok
EES0423780__X1B__Y1B__P009.jpg,0.842073,21.301889,ok
EES0423780__X1B__Y1E__P010.jpg,0.685251,16.234044,ok
EES0423780__X1E__Y09__P011.jpg,0.904229,26.512507,ok
EES0423780__X1E__Y0C__P012.jpg,0.913865,24.130997,ok
EES0423780__X1E__Y0F__P013.jpg,0.713176,16.990758,ok
EES0423780__X1E__Y15__P014.jpg,0.624275,14.510466,ok
EES0423780__X1E__Y1B__P015.jpg,0.663229,15.875958,ok
EES0423780__X21__Y0C__P016.jpg,0.791806,19.400382,ok
EES0423780__X21__Y0F__P017.jpg,0.791263,19.100406,ok
EES0423780__X21__Y12__P018.jpg,0.858678,22.028684,ok
EES0423780__X21__Y15__P019.jpg,0.667183,14.783587,ok
EES0423780__X21__Y18__P020.jpg,0.764350,17.521773,ok
EES0423780__X21__Y1B__P021.jpg,0.825992,19.867051,ok
EES0423780__X21__Y1E__P022.jpg,0.803621,18.767925,ok
EES0423780__X24__Y0F__P023.jpg,0.750563,18.093722,ok
EES0423780__X24__Y12__P024.jpg,0.826252,20.120714,ok
EES0423780__X24__Y18__P025.jpg,0.798140,19.804707,ok
EES0423781__X39__Y24__P001.jpg,0.846699,21.493692,ok
EES0423781__X39__Y2A__P002.jpg,0.910647,29.141802,ok
EES0423781__X3F__Y24__P003.jpg,0.934491,29.518604,ok
EES0423781__X3F__Y2A__P004.jpg,0.808497,20.888493,ok
EES0423781__X06__Y1E__P005.jpg,0.635700,18.220212,ok
EES0423781__X06__Y21__P006.jpg,0.705530,17.315230,ok
EES0423781__X06__Y24__P007.jpg,0.624353,18.084553,ok
EES0423781__X09__Y18__P008.jpg,0.790122,20.705315,ok
EES0423781__X09__Y1B__P009.jpg,0.698045,19.834409,ok
EES0423781__X09__Y21__P010.jpg,0.648458,17.429424,ok
EES0423781__X0C__Y15__P011.jpg,0.780201,19.520035,ok
EES0423781__X0C__Y18__P012.jpg,0.613080,17.942045,ok
EES0423781__X0F__Y15__P013.jpg,0.669261,17.908380,ok
EES0423781__X0F__Y18__P014.jpg,0.660323,18.333630,ok
EES0423781__X0F__Y1E__P015.jpg,0.700350,18.575548,ok
EES0423781__X18__Y1E__P016.jpg,0.653973,17.256448,ok
EES0423781__X18__Y21__P017.jpg,0.762180,19.310074,ok
EES0423781__X18__Y24__P018.jpg,0.834824,22.970114,ok
EES0423781__X18__Y33__P019.jpg,0.618717,17.671605,ok
EES0423781__X1B__Y18__P020.jpg,0.580206,16.665202,ok
EES0423781__X1B__Y1B__P021.jpg,0.742323,18.427267,ok
EES0423781__X1B__Y1E__P022.jpg,0.702372,19.170760,ok
EES0423781__X1B__Y21__P023.jpg,0.670808,17.695986,ok
EES0423781__X1B__Y24__P024.jpg,0.721500,20.056136,ok
EES0423781__X1B__Y27__P025.jpg,0.644064,18.114666,ok
EES0423782__X1E__Y1E__P001.jpg,0.673322,19.154060,ok
EES0423782__X1E__Y21__P002.jpg,0.672716,19.797785,ok
EES0423782__X1E__Y24__P003.jpg,0.649288,18.747195,ok
EES0423782__X1E__Y27__P004.jpg,0.682832,19.212768,ok
EES0423782__X21__Y15__P005.jpg,0.663789,18.236681,ok
EES0423782__X21__Y18__P006.jpg,0.606256,17.014876,ok
EES0423782__X21__Y1B__P007.jpg,0.738489,19.354185,ok
EES0423782__X21__Y2D__P008.jpg,0.607429,17.853002,ok
EES0423782__X21__Y30__P009.jpg,0.761834,19.979707,ok
EES0423782__X24__Y18__P010.jpg,0.551764,16.621276,ok
EES0423782__X24__Y1B__P011.jpg,0.684318,19.323551,ok
EES0423782__X24__Y30__P012.jpg,0.675504,18.241460,ok
EES0423782__X2A__Y15__P013.jpg,0.678766,18.106110,ok
EES0423782__X2A__Y2A__P014.jpg,0.714074,19.432891,ok
EES0423782__X2A__Y36__P015.jpg,0.857583,23.905128,ok
EES0423782__X2D__Y12__P016.jpg,0.740714,18.665493,ok
EES0423782__X2D__Y15__P017.jpg,0.684491,18.131110,ok
EES0423782__X2D__Y18__P018.jpg,0.661143,17.908214,ok
EES0423782__X2D__Y21__P019.jpg,0.639241,18.928280,ok
EES0423782__X2D__Y27__P020.jpg,0.629837,18.913488,ok
EES0423782__X2D__Y30__P021.jpg,0.697258,18.521635,ok
EES0423782__X30__Y0C__P022.jpg,0.786170,20.289685,ok
EES0423782__X30__Y1B__P023.jpg,0.660156,18.164777,ok
EES0423782__X30__Y1E__P024.jpg,0.713257,19.128761,ok
EES0423782__X30__Y21__P025.jpg,0.671954,19.226121,ok
EES0423783__X0C__Y0F__P001.jpg,0.872617,26.580251,ok
EES0423783__X0C__Y12__P002.jpg,0.730259,19.377847,ok
EES0423783__X0C__Y15__P003.jpg,0.637999,17.390538,ok
EES0423783__X0C__Y39__P004.jpg,0.752582,19.619291,ok
EES0423783__X0F__Y0C__P005.jpg,0.833428,21.640837,ok
EES0423783__X0F__Y0F__P006.jpg,0.823058,22.308834,ok
EES0423783__X0F__Y12__P007.jpg,0.579619,17.655747,ok
EES0423783__X12__Y0C__P008.jpg,0.787168,20.455900,ok
EES0423783__X15__Y09__P009.jpg,0.851978,23.897544,ok
EES0423783__X15__Y0C__P010.jpg,0.723971,18.869568,ok
EES0423783__X18__Y09__P011.jpg,0.755281,21.446197,ok
EES0423783__X18__Y0C__P012.jpg,0.682302,18.224986,ok
EES0423783__X1B__Y09__P013.jpg,0.754852,19.205700,ok
EES0423783__X1E__Y06__P014.jpg,0.814857,21.990647,ok
EES0423783__X21__Y06__P015.jpg,0.798069,20.653737,ok
EES0423783__X24__Y06__P016.jpg,0.749262,20.498611,ok
EES0423783__X27__Y06__P017.jpg,0.801396,22.389929,ok
EES0423783__X2A__Y06__P018.jpg,0.860820,23.665215,ok
EES0423783__X2D__Y06__P019.jpg,0.881615,25.249093,ok
EES0423783__X30__Y06__P020.jpg,0.899446,26.209149,ok
EES0423783__X33__Y09__P021.jpg,0.705704,18.845573,ok
EES0423783__X33__Y0C__P022.jpg,0.682361,17.685183,ok
EES0423783__X36__Y09__P023.jpg,0.809845,21.174875,ok
EES0423783__X36__Y0C__P024.jpg,0.680536,17.890609,ok
EES0423783__X39__Y0C__P025.jpg,0.866423,23.761351,ok
EES0423784__X06__Y36__P001.jpg,0.825552,23.805058,ok
EES0423784__X06__Y39__P002.jpg,0.931716,38.914447,ok
EES0423784__X12__Y42__P003.jpg,0.882219,24.943098,ok
EES0423784__X18__Y45__P004.jpg,0.918447,25.706351,ok
EES0423784__X1B__Y45__P005.jpg,0.867743,25.547187,ok
EES0423784__X21__Y45__P006.jpg,0.899655,25.692863,ok
EES0423784__X24__Y39__P007.jpg,0.587933,18.539497,ok
EES0423784__X24__Y3C__P008.jpg,0.549344,18.172799,ok
EES0423784__X24__Y45__P009.jpg,0.863470,24.868017,ok
EES0423784__X27__Y3C__P010.jpg,0.540363,17.919194,ok
EES0423784__X27__Y3F__P011.jpg,0.457395,15.914486,ok
EES0423784__X27__Y45__P012.jpg,0.897456,27.005843,ok
EES0423784__X2A__Y39__P013.jpg,0.660498,18.945725,ok
EES0423784__X2A__Y3C__P014.jpg,0.487357,17.777007,ok
EES0423784__X2A__Y3F__P015.jpg,0.594878,18.772198,ok
EES0423784__X2D__Y39__P016.jpg,0.604160,17.427032,ok
EES0423784__X2D__Y3C__P017.jpg,0.578284,17.717604,ok
EES0423784__X2D__Y3F__P018.jpg,0.680562,18.601677,ok
EES0423784__X30__Y39__P019.jpg,0.522050,18.387062,ok
EES0423784__X30__Y3C__P020.jpg,0.484816,17.266320,ok
EES0423784__X33__Y36__P021.jpg,0.636969,19.422835,ok
EES0423784__X33__Y39__P022.jpg,0.593636,19.309012,ok
EES0423784__X33__Y3C__P023.jpg,0.664274,18.796503,ok
EES0423784__X33__Y3F__P024.jpg,0.760254,20.632517,ok
EES0423784__X33__Y42__P025.jpg,0.914025,26.527013,ok
EES0423785__X36__Y36__P001.jpg,0.660509,19.666535,ok
EES0423785__X36__Y39__P002.jpg,0.590895,17.309313,ok
EES0423785__X36__Y3C__P003.jpg,0.719399,20.566795,ok
EES0423785__X36__Y3F__P004.jpg,0.906595,27.851859,ok
EES0423785__X39__Y36__P005.jpg,0.514446,17.402447,ok
EES0423785__X39__Y3C__P006.jpg,0.876494,24.980377,ok
EES0423785__X3C__Y24__P007.jpg,0.700008,19.790017,ok
EES0423785__X3C__Y2A__P008.jpg,0.602970,17.455783,ok
EES0423785__X3C__Y30__P009.jpg,0.642578,18.278611,ok
EES0423785__X3C__Y33__P010.jpg,0.626595,19.045098,ok
EES0423785__X3F__Y1B__P011.jpg,0.844942,21.736583,ok
EES0423785__X3F__Y1E__P012.jpg,0.696846,19.332389,ok
EES0423785__X3F__Y21__P013.jpg,0.627610,18.193585,ok
EES0423785__X3F__Y24__P014.jpg,0.701572,18.216865,ok
EES0423785__X3F__Y27__P015.jpg,0.644806,18.702731,ok
EES0423785__X3F__Y2A__P016.jpg,0.661958,18.174402,ok
EES0423785__X3F__Y2D__P017.jpg,0.677626,18.538587,ok
EES0423785__X3F__Y30__P018.jpg,0.738918,18.854419,ok
EES0423785__X3F__Y33__P019.jpg,0.921219,28.263195,ok
EES0423785__X06__Y1E__P020.jpg,0.841855,23.351472,ok
EES0423785__X06__Y21__P021.jpg,0.900239,25.933472,ok
EES0423785__X06__Y24__P022.jpg,0.708917,19.086356,ok
EES0423785__X06__Y2A__P023.jpg,0.881887,25.219179,ok
EES0423785__X09__Y15__P024.jpg,0.831479,22.790960,ok
EES0423785__X09__Y18__P025.jpg,0.899588,25.987695,ok
EES0423786__X09__Y15__P001.jpg,0.893137,25.954059,ok
EES0423786__X09__Y3F__P002.jpg,0.886602,28.467605,ok
EES0423786__X0C__Y12__P003.jpg,0.817646,21.891973,ok
EES0423786__X0C__Y15__P004.jpg,0.805783,21.598806,ok
EES0423786__X0C__Y42__P005.jpg,0.840908,23.943915,ok
EES0423786__X15__Y0C__P006.jpg,0.840860,22.317763,ok
EES0423786__X15__Y45__P007.jpg,0.677405,18.695927,ok
EES0423786__X18__Y45__P008.jpg,0.641131,18.399933,ok
EES0423786__X30__Y0C__P009.jpg,0.908158,32.348944,ok
EES0423786__X33__Y45__P010.jpg,0.783174,21.733741,ok
EES0423786__X36__Y0F__P011.jpg,0.861055,24.800623,ok
EES0423786__X3F__Y3C__P012.jpg,0.870572,22.966279,ok
EES0423786__X03__Y18__P013.jpg,0.928977,30.875773,ok
EES0423786__X03__Y1E__P014.jpg,0.691746,20.066141,ok
EES0423786__X03__Y21__P015.jpg,0.782489,22.157996,ok
EES0423786__X03__Y24__P016.jpg,0.711588,19.298407,ok
EES0423786__X03__Y27__P017.jpg,0.695763,19.220841,ok
EES0423786__X03__Y2A__P018.jpg,0.856253,24.871395,ok
EES0423786__X03__Y2D__P019.jpg,0.836827,24.226662,ok
EES0423786__X03__Y33__P020.jpg,0.827792,22.332940,ok
EES0423786__X06__Y15__P021.jpg,0.835548,24.889313,ok
EES0423786__X06__Y1E__P022.jpg,0.542809,18.078632,ok
EES0423786__X06__Y33__P023.jpg,0.674136,19.650533,ok
EES0423786__X06__Y36__P024.jpg,0.735220,20.624315,ok
EES0423786__X09__Y39__P025.jpg,0.714489,22.056558,ok
EES0423787__X0C__Y3C__P001.jpg,0.790588,22.090640,ok
EES0423787__X0F__Y0C__P002.jpg,0.878558,24.422340,ok
EES0423787__X12__Y0C__P003.jpg,0.650173,19.477581,ok
EES0423787__X18__Y09__P004.jpg,0.705682,21.564087,ok
EES0423787__X18__Y45__P005.jpg,0.749864,21.651890,ok
EES0423787__X21__Y0C__P006.jpg,0.656819,18.625804,ok
EES0423787__X24__Y09__P007.jpg,0.669349,19.301929,ok
EES0423787__X24__Y12__P008.jpg,0.623999,18.642292,ok
EES0423787__X2D__Y1B__P009.jpg,0.600956,20.164492,ok
EES0423787__X30__Y0C__P010.jpg,0.920711,26.542699,ok
EES0423787__X3C__Y30__P011.jpg,0.724205,20.443605,ok
EES0423787__X3F__Y27__P012.jpg,0.659488,18.888455,ok
EES0423787__X0C__Y2D__P013.jpg,0.852651,24.065063,ok
EES0423787__X0F__Y12__P014.jpg,0.772007,21.631990,ok
EES0423787__X0F__Y1B__P015.jpg,0.853341,27.090109,ok
EES0423787__X0F__Y21__P016.jpg,0.680349,19.409131,ok
EES0423787__X0F__Y24__P017.jpg,0.852272,25.223896,ok
EES0423787__X0F__Y2D__P018.jpg,0.667910,18.479239,ok
EES0423787__X0F__Y33__P019.jpg,0.836720,22.450352,ok
EES0423787__X0F__Y36__P020.jpg,0.744429,21.310550,ok
EES0423787__X12__Y0F__P021.jpg,0.840848,23.877463,ok
EES0423787__X12__Y18__P022.jpg,0.811413,22.705191,ok
EES0423787__X12__Y1E__P023.jpg,0.712350,19.766850,ok
EES0423787__X12__Y3C__P024.jpg,0.880739,26.222107,ok
EES0423787__X15__Y0C__P025.jpg,0.882841,26.317346,ok
EES0423788__X15__Y12__P001.jpg,0.843689,24.541071,ok
EES0423788__X15__Y15__P002.jpg,0.751564,21.064660,ok
EES0423788__X15__Y18__P003.jpg,0.756896,20.846707,ok
EES0423788__X18__Y0F__P004.jpg,0.828793,20.885460,ok
EES0423788__X18__Y12__P005.jpg,0.762592,21.346451,ok
EES0423788__X18__Y18__P006.jpg,0.793601,22.821304,ok
EES0423788__X18__Y1E__P007.jpg,0.807207,22.762646,ok
EES0423788__X1B__Y0C__P008.jpg,0.770622,21.186355,ok
EES0423788__X1B__Y2D__P009.jpg,0.778160,21.344393,ok
EES0423788__X1B__Y3C__P010.jpg,0.775538,22.133481,ok
EES0423788__X1E__Y18__P011.jpg,0.855947,24.760990,ok
EES0423788__X1E__Y1B__P012.jpg,0.773900,22.226269,ok
EES0423788__X21__Y09__P013.jpg,0.880550,23.788342,ok
EES0423788__X21__Y0C__P014.jpg,0.721573,20.275089,ok
EES0423788__X21__Y12__P015.jpg,0.756160,20.499175,ok
EES0423788__X21__Y15__P016.jpg,0.734122,21.156594,ok
EES0423788__X21__Y18__P017.jpg,0.628229,18.591445,ok
EES0423788__X21__Y1B__P018.jpg,0.792328,21.639271,ok
EES0423788__X21__Y1E__P019.jpg,0.730069,20.340994,ok
EES0423788__X21__Y21__P020.jpg,0.822375,23.782276,ok
EES0423788__X21__Y24__P021.jpg,0.743920,20.719008,ok
EES0423788__X21__Y2A__P022.jpg,0.868715,26.202323,ok
EES0423788__X21__Y2D__P023.jpg,0.809440,22.117872,ok
EES0423788__X21__Y30__P024.jpg,0.888948,26.004980,ok
EES0423788__X21__Y36__P025.jpg,0.846727,24.054300,ok
EES0423789__X12__Y45__P001.jpg,0.894724,28.103070,ok
EES0423789__X15__Y45__P002.jpg,0.850145,24.487549,ok
EES0423789__X18__Y45__P003.jpg,0.708999,19.310182,ok
EES0423789__X1B__Y09__P004.jpg,0.855637,23.591871,ok
EES0423789__X1B__Y45__P005.jpg,0.722873,20.269319,ok
EES0423789__X1E__Y09__P006.jpg,0.706853,18.786676,ok
EES0423789__X1E__Y45__P007.jpg,0.746354,20.098171,ok
EES0423789__X21__Y09__P008.jpg,0.710233,18.573717,ok
EES0423789__X24__Y09__P009.jpg,0.859668,25.220032,ok
EES0423789__X27__Y09__P010.jpg,0.923291,30.545407,ok
EES0423789__X30__Y45__P011.jpg,0.907898,28.161454,ok
EES0423789__X3C__Y18__P012.jpg,0.906926,25.458111,ok
EES0423789__X3C__Y39__P013.jpg,0.888183,25.005963,ok
EES0423789__X3F__Y1E__P014.jpg,0.863985,22.078967,ok
EES0423789__X0C__Y21__P015.jpg,0.694623,18.429926,ok
EES0423789__X0C__Y30__P016.jpg,0.776933,19.947453,ok
EES0423789__X0C__Y33__P017.jpg,0.770681,20.398914,ok
EES0423789__X0F__Y1B__P018.jpg,0.738706,18.550937,ok
EES0423789__X0F__Y30__P019.jpg,0.717677,18.306419,ok
EES0423789__X15__Y15__P020.jpg,0.607296,16.622052,ok
EES0423789__X15__Y39__P021.jpg,0.762035,20.362007,ok
EES0423789__X1E__Y0F__P022.jpg,0.825084,21.399138,ok
EES0423789__X21__Y15__P023.jpg,0.605963,17.334410,ok
EES0423789__X21__Y18__P024.jpg,0.794729,20.460549,ok
EES0423789__X21__Y21__P025.jpg,0.680777,17.830987,ok
EES0423790__X06__Y24__P001.jpg,0.742435,19.858774,ok
EES0423790__X06__Y27__P002.jpg,0.772134,20.564363,ok
EES0423790__X06__Y2A__P003.jpg,0.637145,18.214050,ok
EES0423790__X06__Y2D__P004.jpg,0.803839,21.581328,ok
EES0423790__X09__Y18__P005.jpg,0.841286,21.528408,ok
EES0423790__X09__Y1E__P006.jpg,0.625400,16.695095,ok
EES0423790__X09__Y21__P007.jpg,0.681208,18.719178,ok
EES0423790__X09__Y39__P008.jpg,0.926464,36.098803,ok
EES0423790__X0C__Y15__P009.jpg,0.832898,23.285785,ok
EES0423790__X0C__Y18__P010.jpg,0.604797,17.298081,ok
EES0423790__X0C__Y1B__P011.jpg,0.669127,17.717978,ok
EES0423790__X0C__Y1E__P012.jpg,0.632754,18.746857,ok
EES0423790__X0C__Y21__P013.jpg,0.616533,17.385738,ok
EES0423790__X0C__Y24__P014.jpg,0.644149,17.343401,ok
EES0423790__X0F__Y12__P015.jpg,0.742446,18.753328,ok
EES0423790__X0F__Y1B__P016.jpg,0.763076,20.912702,ok
EES0423790__X0F__Y1E__P017.jpg,0.704981,19.084336,ok
EES0423790__X0F__Y21__P018.jpg,0.659276,16.985374,ok
EES0423790__X0F__Y24__P019.jpg,0.635359,17.506560,ok
EES0423790__X12__Y0F__P020.jpg,0.856733,24.111884,ok
EES0423790__X12__Y12__P021.jpg,0.720476,19.374336,ok
EES0423790__X12__Y15__P022.jpg,0.703550,18.665592,ok
EES0423790__X12__Y1B__P023.jpg,0.642721,18.270107,ok
EES0423790__X15__Y0F__P024.jpg,0.707521,19.070924,ok
EES0423790__X15__Y12__P025.jpg,0.638422,17.364724,ok
EES0423791__X15__Y15__P001.jpg,0.735809,18.729925,ok
EES0423791__X18__Y0C__P002.jpg,0.818133,22.966245,ok
EES0423791__X18__Y0F__P003.jpg,0.672171,17.265367,ok
EES0423791__X18__Y12__P004.jpg,0.715304,19.201218,ok
EES0423791__X18__Y15__P005.jpg,0.655188,17.314841,ok
EES0423791__X1B__Y0C__P006.jpg,0.647037,16.873960,ok
EES0423791__X1B__Y0F__P007.jpg,0.671055,17.923430,ok
EES0423791__X1B__Y12__P008.jpg,0.758252,19.411916,ok
EES0423791__X1E__Y0C__P009.jpg,0.689166,16.990963,ok
EES0423791__X1E__Y0F__P010.jpg,0.681917,17.354057,ok
EES0423791__X21__Y0F__P011.jpg,0.692367,17.405982,ok
EES0423791__X21__Y12__P012.jpg,0.647992,17.311022,ok
EES0423791__X24__Y0F__P013.jpg,0.629460,16.457598,ok
EES0423791__X24__Y12__P014.jpg,0.731638,18.709036,ok
EES0423791__X27__Y0C__P015.jpg,0.668412,17.831994,ok
EES0423791__X27__Y0F__P016.jpg,0.675184,16.794635,ok
EES0423791__X2A__Y0C__P017.jpg,0.704752,18.171907,ok
EES0423791__X2A__Y0F__P018.jpg,0.703763,18.281152,ok
EES0423791__X2A__Y12__P019.jpg,0.717295,20.010975,ok
EES0423791__X2D__Y0C__P020.jpg,0.703249,17.819458,ok
EES0423791__X2D__Y0F__P021.jpg,0.735770,20.683372,ok
EES0423791__X2D__Y12__P022.jpg,0.681560,17.760041,ok
EES0423791__X33__Y45__P023.jpg,0.883101,24.590374,ok
EES0423791__X3C__Y1B__P024.jpg,0.758330,21.366522,ok
EES0423791__X3F__Y1B__P025.jpg,0.757314,22.091932,ok
EES0423792__X21__Y2D__P001.jpg,0.866716,23.557727,ok
EES0423792__X21__Y42__P002.jpg,0.763424,18.249195,ok
EES0423792__X21__Y45__P003.jpg,0.774050,18.309518,ok
EES0423792__X24__Y2D__P004.jpg,0.886775,24.472306,ok
EES0423792__X2A__Y21__P005.jpg,0.859863,21.983908,ok
EES0423792__X2A__Y24__P006.jpg,0.858052,21.343021,ok
EES0423792__X2A__Y27__P007.jpg,0.701006,16.873259,ok
EES0423792__X2A__Y2A__P008.jpg,0.799485,19.737578,ok
EES0423792__X2D__Y27__P009.jpg,0.870391,22.287456,ok
EES0423792__X30__Y1B__P010.jpg,0.867752,22.432224,ok
EES0423792__X30__Y1E__P011.jpg,0.875079,25.987843,ok
EES0423792__X30__Y3F__P012.jpg,0.798538,20.117478,ok
EES0423792__X33__Y18__P013.jpg,0.806909,21.055232,ok
EES0423792__X33__Y24__P014.jpg,0.867562,22.843303,ok
EES0423792__X33__Y27__P015.jpg,0.583312,15.040626,ok
EES0423792__X33__Y36__P016.jpg,0.815320,21.303486,ok
EES0423792__X33__Y39__P017.jpg,0.746004,17.688645,ok
EES0423792__X36__Y1B__P018.jpg,0.822876,21.000821,ok
EES0423792__X36__Y2A__P019.jpg,0.834819,20.469699,ok
EES0423792__X36__Y36__P020.jpg,0.759235,18.377495,ok
EES0423792__X36__Y39__P021.jpg,0.610241,14.605182,ok
EES0423792__X39__Y21__P022.jpg,0.847920,23.110707,ok
EES0423792__X39__Y2A__P023.jpg,0.818457,20.281303,ok
EES0423792__X3C__Y27__P024.jpg,0.709359,16.852632,ok
EES0423792__X3C__Y2A__P025.jpg,0.696731,16.064224,ok
EES0423793__X3F__Y27__P001.jpg,0.794916,19.037483,ok
EES0423793__X0F__Y39__P002.jpg,0.809630,20.539876,ok
EES0423793__X12__Y0C__P003.jpg,0.861212,22.354519,ok
EES0423793__X18__Y09__P004.jpg,0.849113,22.038317,ok
EES0423793__X1E__Y06__P005.jpg,0.909425,27.565033,ok
EES0423793__X1E__Y45__P006.jpg,0.902647,26.757589,ok
EES0423793__X21__Y06__P007.jpg,0.894594,28.852283,ok
EES0423793__X21__Y45__P008.jpg,0.839684,21.024228,ok
EES0423793__X24__Y06__P009.jpg,0.833731,22.286119,ok
EES0423793__X24__Y45__P010.jpg,0.845821,21.721256,ok
EES0423793__X27__Y06__P011.jpg,0.914390,26.950439,ok
EES0423793__X30__Y0C__P012.jpg,0.790378,19.390437,ok
EES0423793__X30__Y1B__P013.jpg,0.618232,16.648477,ok
EES0423793__X30__Y45__P014.jpg,0.812793,20.506190,ok
EES0423793__X33__Y09__P015.jpg,0.924345,28.948588,ok
EES0423793__X33__Y0C__P016.jpg,0.603550,15.443819,ok
EES0423793__X33__Y0F__P017.jpg,0.600776,15.914339,ok
EES0423793__X33__Y1B__P018.jpg,0.706874,18.106653,ok
EES0423793__X33__Y1E__P019.jpg,0.628178,16.825496,ok
EES0423793__X33__Y21__P020.jpg,0.673101,16.741876,ok
EES0423793__X33__Y24__P021.jpg,0.717216,18.020121,ok
EES0423793__X33__Y42__P022.jpg,0.729932,18.514516,ok
EES0423793__X36__Y0C__P023.jpg,0.746298,17.308332,ok
EES0423793__X36__Y0F__P024.jpg,0.581179,14.725000,ok
EES0423793__X36__Y1B__P025.jpg,0.627366,14.865136,ok
EES0423794__X36__Y1E__P001.jpg,0.680218,17.334886,ok
EES0423794__X36__Y21__P002.jpg,0.755547,18.695433,ok
EES0423794__X36__Y24__P003.jpg,0.676711,17.114584,ok
EES0423794__X36__Y27__P004.jpg,0.676295,18.131391,ok
EES0423794__X36__Y42__P005.jpg,0.919811,36.603505,ok
EES0423794__X39__Y0C__P006.jpg,0.926677,30.716552,ok
EES0423794__X39__Y1B__P007.jpg,0.581459,15.869734,ok
EES0423794__X39__Y1E__P008.jpg,0.645081,18.016563,ok
EES0423794__X39__Y21__P009.jpg,0.706553,18.377654,ok
EES0423794__X39__Y24__P010.jpg,0.623457,17.701685,ok
EES0423794__X39__Y27__P011.jpg,0.648572,17.248246,ok
EES0423794__X39__Y3F__P012.jpg,0.751797,19.080125,ok
EES0423794__X3C__Y0F__P013.jpg,0.905052,26.016404,ok
EES0423794__X3C__Y1B__P014.jpg,0.616725,18.684099,ok
EES0423794__X3C__Y39__P015.jpg,0.634011,16.544448,ok
EES0423794__X3F__Y12__P016.jpg,0.916258,32.708172,ok
EES0423794__X3F__Y30__P017.jpg,0.722555,17.846552,ok
EES0423794__X3F__Y33__P018.jpg,0.667158,16.432231,ok
EES0423794__X3F__Y36__P019.jpg,0.690576,17.111783,ok
EES0423794__X42__Y15__P020.jpg,0.926360,39.880171,ok
EES0423794__X42__Y18__P021.jpg,0.796228,21.546687,ok
EES0423794__X42__Y30__P022.jpg,0.732919,18.957301,ok
EES0423794__X42__Y33__P023.jpg,0.790050,21.819744,ok
EES0423794__X42__Y36__P024.jpg,0.936573,36.270220,ok
EES0423794__X03__Y21__P025.jpg,0.848502,23.155219,ok
EES0423795__X24__Y09__P001.jpg,0.721234,19.624951,ok
EES0423795__X24__Y0F__P002.jpg,0.815222,22.028516,ok
EES0423795__X24__Y30__P003.jpg,0.814577,21.666983,ok
EES0423795__X24__Y33__P004.jpg,0.812167,20.992108,ok
EES0423795__X24__Y39__P005.jpg,0.775350,20.729539,ok
EES0423795__X27__Y12__P006.jpg,0.869004,25.784901,ok
EES0423795__X27__Y2D__P007.jpg,0.764480,19.859111,ok
EES0423795__X27__Y3F__P008.jpg,0.714765,19.320544,ok
EES0423795__X2A__Y0C__P009.jpg,0.834575,22.818425,ok
EES0423795__X2A__Y21__P010.jpg,0.868060,24.575613,ok
EES0423795__X2D__Y3F__P011.jpg,0.785593,22.452862,ok
EES0423795__X30__Y3F__P012.jpg,0.878648,24.980946,ok
EES0423795__X33__Y27__P013.jpg,0.760757,21.058147,ok
EES0423795__X33__Y2A__P014.jpg,0.687797,19.518033,ok
EES0423795__X33__Y33__P015.jpg,0.684904,19.045026,ok
EES0423795__X33__Y3C__P016.jpg,0.839286,24.138377,ok
EES0423795__X39__Y2A__P017.jpg,0.831517,24.203909,ok
EES0423795__X39__Y39__P018.jpg,0.780993,22.082928,ok
EES0423795__X3C__Y1B__P019.jpg,0.812099,22.247070,ok
EES0423795__X3C__Y27__P020.jpg,0.854419,24.036205,ok
EES0423795__X3C__Y33__P021.jpg,0.806373,21.502344,ok
EES0423795__X3F__Y15__P022.jpg,0.929494,33.492087,ok
EES0423795__X3F__Y21__P023.jpg,0.847691,24.025175,ok
EES0423795__X3F__Y24__P024.jpg,0.753889,18.984698,ok
EES0423795__X06__Y27__P025.jpg,0.916835,27.090165,ok
EES0423796__X03__Y1E__P001.jpg,0.849547,24.016654,ok
EES0423796__X03__Y30__P002.jpg,0.734231,18.601775,ok
EES0423796__X06__Y18__P003.jpg,0.884641,26.461500,ok
EES0423796__X0C__Y42__P004.jpg,0.812548,23.051381,ok
EES0423796__X12__Y45__P005.jpg,0.751734,19.102372,ok
EES0423796__X18__Y45__P006.jpg,0.618680,16.206183,ok
EES0423796__X1B__Y24__P007.jpg,0.643295,16.719920,ok
EES0423796__X1E__Y09__P008.jpg,0.802857,20.767049,ok
EES0423796__X1E__Y21__P009.jpg,0.686939,18.021307,ok
EES0423796__X21__Y09__P010.jpg,0.787985,20.180097,ok
EES0423796__X21__Y21__P011.jpg,0.619205,17.463043,ok
EES0423796__X21__Y24__P012.jpg,0.573128,15.334843,ok
EES0423796__X21__Y27__P013.jpg,0.710322,17.091838,ok
EES0423796__X24__Y21__P014.jpg,0.568883,16.159566,ok
EES0423796__X24__Y24__P015.jpg,0.627239,18.168348,ok
EES0423796__X24__Y27__P016.jpg,0.646876,17.820058,ok
EES0423796__X27__Y21__P017.jpg,0.598025,16.456704,ok
EES0423796__X27__Y24__P018.jpg,0.580531,16.363313,ok
EES0423796__X27__Y27__P019.jpg,0.566504,15.387398,ok
EES0423796__X2A__Y0C__P020.jpg,0.747901,20.501556,ok
EES0423796__X2A__Y1E__P021.jpg,0.659087,16.108987,ok
EES0423796__X2A__Y21__P022.jpg,0.723006,19.740963,ok
EES0423796__X2A__Y27__P023.jpg,0.604724,16.456248,ok
EES0423796__X2A__Y45__P024.jpg,0.710420,18.431508,ok
EES0423796__X2D__Y0C__P025.jpg,0.850154,24.508688,ok
EES0423797__X3F__Y30__P001.jpg,0.889914,25.599609,ok
EES0423797__X3F__Y33__P002.jpg,0.866254,23.418813,ok
EES0423797__X06__Y24__P003.jpg,0.862755,25.436869,ok
EES0423797__X06__Y27__P004.jpg,0.907126,27.625837,ok
EES0423797__X09__Y15__P005.jpg,0.783771,20.022141,ok
EES0423797__X09__Y18__P006.jpg,0.697245,19.847111,ok
EES0423797__X09__Y1B__P007.jpg,0.720594,20.069886,ok
EES0423797__X09__Y21__P008.jpg,0.815179,23.246299,ok
EES0423797__X09__Y24__P009.jpg,0.765620,21.112678,ok
EES0423797__X09__Y27__P010.jpg,0.764219,21.986208,ok
EES0423797__X09__Y2D__P011.jpg,0.771085,21.900379,ok
EES0423797__X09__Y33__P012.jpg,0.832147,24.614181,ok
EES0423797__X0C__Y24__P013.jpg,0.723190,19.620502,ok
EES0423797__X0C__Y33__P014.jpg,0.648847,18.895362,ok
EES0423797__X0C__Y3C__P015.jpg,0.778875,22.517181,ok
EES0423797__X12__Y0C__P016.jpg,0.831713,23.649896,ok
EES0423797__X12__Y3F__P017.jpg,0.787016,20.594898,ok
EES0423797__X15__Y0C__P018.jpg,0.726095,18.811901,ok
EES0423797__X18__Y09__P019.jpg,0.869937,24.233860,ok
EES0423797__X18__Y0C__P020.jpg,0.641408,17.237964,ok
EES0423797__X1B__Y09__P021.jpg,0.627749,17.585085,ok
EES0423797__X21__Y45__P022.jpg,0.755607,21.041242,ok
EES0423797__X24__Y45__P023.jpg,0.726156,20.351843,ok
EES0423797__X30__Y42__P024.jpg,0.715158,18.578427,ok
EES0423797__X30__Y45__P025.jpg,0.823410,22.065956,ok
EES0423798__X42__Y30__P001.jpg,0.886208,26.225105,ok
EES0423798__X0C__Y15__P002.jpg,0.700395,19.559815,ok
EES0423798__X0C__Y18__P003.jpg,0.777447,21.000378,ok
EES0423798__X0C__Y1B__P004.jpg,0.800608,21.095693,ok
EES0423798__X0F__Y12__P005.jpg,0.780883,21.423085,ok
EES0423798__X0F__Y15__P006.jpg,0.775821,21.543729,ok
EES0423798__X2D__Y0F__P007.jpg,0.855488,25.296362,ok
EES0423798__X30__Y1B__P008.jpg,0.736594,17.422920,ok
EES0423798__X36__Y36__P009.jpg,0.604910,18.280349,ok
EES0423798__X3F__Y12__P010.jpg,0.918978,36.719225,ok
EES0423798__X12__Y42__P011.jpg,0.863314,22.151883,ok
EES0423798__X09__Y2D__P012.jpg,0.737651,21.146112,ok
EES0423798__X09__Y30__P013.jpg,0.775279,22.436923,ok
EES0423798__X09__Y33__P014.jpg,0.887775,26.433280,ok
EES0423798__X0C__Y2D__P015.jpg,0.830855,21.637730,ok
EES0423798__X0C__Y33__P016.jpg,0.847778,22.196692,ok
EES0423798__X0F__Y36__P017.jpg,0.781260,19.930038,ok
EES0423798__X15__Y36__P018.jpg,0.856622,24.563275,ok
EES0423798__X15__Y39__P019.jpg,0.880193,24.512428,ok
EES0423798__X18__Y3C__P020.jpg,0.849732,23.509749,ok
EES0423798__X18__Y42__P021.jpg,0.858484,22.492013,ok
EES0423798__X1B__Y42__P022.jpg,0.902322,26.304736,ok
EES0423798__X1E__Y33__P023.jpg,0.697008,19.884598,ok
EES0423798__X1E__Y39__P024.jpg,0.712744,17.984866,ok
EES0423798__X1E__Y42__P025.jpg,0.835610,21.803932,ok
EES0423799__X0C__Y2A__P001.jpg,0.683585,16.948176,ok
EES0423799__X0C__Y2D__P002.jpg,0.800769,19.994120,ok
EES0423799__X0C__Y30__P003.jpg,0.706246,18.000054,ok
EES0423799__X0C__Y33__P004.jpg,0.845542,23.630425,ok
EES0423799__X0C__Y36__P005.jpg,0.643273,17.434172,ok
EES0423799__X0C__Y39__P006.jpg,0.706905,17.258702,ok
EES0423799__X0C__Y3C__P007.jpg,0.868546,24.812151,ok
EES0423799__X0F__Y1E__P008.jpg,0.750173,19.886083,ok
EES0423799__X0F__Y21__P009.jpg,0.796228,19.730724,ok
EES0423799__X0F__Y27__P010.jpg,0.730283,17.828003,ok
EES0423799__X0F__Y30__P011.jpg,0.848134,23.625163,ok
EES0423799__X0F__Y39__P012.jpg,0.787273,19.191723,ok
EES0423799__X0F__Y3C__P013.jpg,0.695294,18.528341,ok
EES0423799__X0F__Y3F__P014.jpg,0.865351,23.248706,ok
EES0423799__X12__Y1B__P015.jpg,0.804294,21.033165,ok
EES0423799__X12__Y1E__P016.jpg,0.851303,24.027776,ok
EES0423799__X12__Y21__P017.jpg,0.789943,20.954624,ok
EES0423799__X12__Y3F__P018.jpg,0.664346,16.973907,ok
EES0423799__X15__Y1B__P019.jpg,0.744866,19.094240,ok
EES0423799__X15__Y1E__P020.jpg,0.742013,18.681386,ok
EES0423799__X18__Y15__P021.jpg,0.885698,25.669120,ok
EES0423799__X18__Y18__P022.jpg,0.804301,21.119021,ok
EES0423799__X18__Y1B__P023.jpg,0.737122,18.648137,ok
EES0423799__X18__Y2A__P024.jpg,0.710690,18.600859,ok
EES0423799__X18__Y45__P025.jpg,0.920347,32.281063,ok
EES0423800__X1B__Y15__P001.jpg,0.711337,19.407165,ok
EES0423800__X1B__Y18__P002.jpg,0.784269,21.070108,ok
EES0423800__X1B__Y1B__P003.jpg,0.788122,20.079933,ok
EES0423800__X1B__Y45__P004.jpg,0.737067,19.084534,ok
EES0423800__X1E__Y12__P005.jpg,0.746725,19.213670,ok
EES0423800__X1E__Y15__P006.jpg,0.802804,20.550808,ok
EES0423800__X21__Y12__P007.jpg,0.733527,18.957560,ok
EES0423800__X21__Y42__P008.jpg,0.796274,20.593374,ok
EES0423800__X21__Y45__P009.jpg,0.584904,16.151041,ok
EES0423800__X24__Y0C__P010.jpg,0.818997,20.990732,ok
EES0423800__X24__Y0F__P011.jpg,0.837905,21.541099,ok
EES0423800__X24__Y12__P012.jpg,0.790859,20.609318,ok
EES0423800__X27__Y0F__P013.jpg,0.772778,20.810805,ok
EES0423800__X27__Y12__P014.jpg,0.743713,20.511672,ok
EES0423800__X2A__Y0F__P015.jpg,0.733747,18.492578,ok
EES0423800__X2A__Y12__P016.jpg,0.687640,18.376954,ok
EES0423800__X2A__Y45__P017.jpg,0.735367,18.210930,ok
EES0423800__X2D__Y45__P018.jpg,0.721706,17.858751,ok
EES0423800__X30__Y0C__P019.jpg,0.776562,19.258003,ok
EES0423800__X30__Y0F__P020.jpg,0.727954,18.903738,ok
EES0423800__X30__Y45__P021.jpg,0.841974,23.204199,ok
EES0423800__X33__Y0F__P022.jpg,0.756506,18.623146,ok
EES0423800__X36__Y12__P023.jpg,0.780573,19.963216,ok
EES0423800__X36__Y42__P024.jpg,0.930183,37.443863,ok
EES0423800__X39__Y12__P025.jpg,0.764904,19.042625,ok
EES0423801__X06__Y3C__P001.jpg,0.891128,21.410339,ok
EES0423801__X06__Y3F__P002.jpg,0.924934,35.632638,ok
EES0423801__X09__Y3C__P003.jpg,0.880051,21.107038,ok
EES0423801__X21__Y06__P004.jpg,0.645610,18.218493,ok
EES0423801__X24__Y06__P005.jpg,0.758987,19.709943,ok
EES0423801__X27__Y06__P006.jpg,0.749468,19.644031,ok
EES0423801__X2A__Y06__P007.jpg,0.808677,21.108506,ok
EES0423801__X2D__Y06__P008.jpg,0.869726,26.203950,ok
EES0423801__X2D__Y09__P009.jpg,0.829057,22.299506,ok
EES0423801__X30__Y09__P010.jpg,0.843788,21.988738,ok
EES0423801__X30__Y12__P011.jpg,0.554572,18.123569,ok
EES0423801__X33__Y09__P012.jpg,0.791265,22.163285,ok
EES0423801__X33__Y0C__P013.jpg,0.713727,18.613323,ok
EES0423801__X33__Y1B__P014.jpg,0.542597,17.375055,ok
EES0423801__X36__Y0F__P015.jpg,0.721135,20.602596,ok
EES0423801__X36__Y1B__P016.jpg,0.615345,17.943979,ok
EES0423801__X39__Y1B__P017.jpg,0.501977,16.799315,ok
EES0423801__X3F__Y1B__P018.jpg,0.791572,22.640306,ok
EES0423801__X42__Y24__P019.jpg,0.794533,21.073981,ok
EES0423801__X42__Y27__P020.jpg,0.829718,24.075932,ok
EES0423801__X42__Y2A__P021.jpg,0.810739,20.831428,ok
EES0423801__X2A__Y3F__P022.jpg,0.714490,16.733571,ok
EES0423801__X2A__Y42__P023.jpg,0.664545,16.015217,ok
EES0423801__X2D__Y39__P024.jpg,0.720588,16.893799,ok
EES0423801__X2D__Y3F__P025.jpg,0.577090,14.618882,ok
EES0423802__X09__Y24__P001.jpg,0.714386,18.426342,ok
EES0423802__X09__Y27__P002.jpg,0.726294,19.679396,ok
EES0423802__X09__Y2A__P003.jpg,0.650458,18.165770,ok
EES0423802__X09__Y30__P004.jpg,0.776124,20.795865,ok
EES0423802__X09__Y33__P005.jpg,0.910547,29.592555,ok
EES0423802__X0C__Y1B__P006.jpg,0.758961,19.541919,ok
EES0423802__X0C__Y27__P007.jpg,0.608058,18.012493,ok
EES0423802__X0C__Y36__P008.jpg,0.817488,24.719411,ok
EES0423802__X0C__Y39__P009.jpg,0.933338,34.407337,ok
EES0423802__X0F__Y36__P010.jpg,0.738830,21.840452,ok
EES0423802__X0F__Y39__P011.jpg,0.616206,18.315870,ok
EES0423802__X12__Y0C__P012.jpg,0.778670,21.347465,ok
EES0423802__X12__Y0F__P013.jpg,0.647379,18.015666,ok
EES0423802__X12__Y12__P014.jpg,0.729360,19.094478,ok
EES0423802__X15__Y09__P015.jpg,0.856675,24.775958,ok
EES0423802__X15__Y0C__P016.jpg,0.729791,18.200495,ok
EES0423802__X15__Y3F__P017.jpg,0.922014,28.330341,ok
EES0423802__X18__Y09__P018.jpg,0.711526,18.095620,ok
EES0423802__X18__Y0C__P019.jpg,0.798611,20.502111,ok
EES0423802__X1B__Y0C__P020.jpg,0.612257,17.700166,ok
EES0423802__X1B__Y42__P021.jpg,0.882680,24.101470,ok
EES0423802__X1E__Y42__P022.jpg,0.849103,23.855848,ok
EES0423802__X24__Y45__P023.jpg,0.878922,24.226770,ok
EES0423802__X30__Y42__P024.jpg,0.836331,22.107822,ok
EES0423802__X36__Y3F__P025.jpg,0.873382,23.782412,ok
EES0423803__X0F__Y30__P001.jpg,0.645343,16.931595,ok
EES0423803__X12__Y09__P002.jpg,0.824931,21.874837,ok
EES0423803__X18__Y3C__P003.jpg,0.784188,20.062826,ok
EES0423803__X1E__Y3C__P004.jpg,0.661697,15.916539,ok
EES0423803__X1E__Y3F__P005.jpg,0.721114,18.574489,ok
EES0423803__X24__Y3F__P006.jpg,0.839836,22.405991,ok
EES0423803__X39__Y0C__P007.jpg,0.805240,20.493156,ok
EES0423803__X3F__Y33__P008.jpg,0.758280,20.238761,ok
EES0423803__X42__Y1B__P009.jpg,0.672234,18.049073,ok
EES0423803__X42__Y2A__P010.jpg,0.633606,17.681469,ok
EES0423803__X0C__Y2A__P011.jpg,0.852692,21.441205,ok
EES0423803__X12__Y2A__P012.jpg,0.774998,19.451938,ok
EES0423803__X12__Y30__P013.jpg,0.820757,20.288752,ok
EES0423803__X15__Y24__P014.jpg,0.768137,17.820401,ok
EES0423803__X15__Y27__P015.jpg,0.776208,20.014791,ok
EES0423803__X15__Y2A__P016.jpg,0.675126,16.711671,ok
EES0423803__X18__Y24__P017.jpg,0.747220,17.152338,ok
EES0423803__X18__Y27__P018.jpg,0.786692,17.240110,ok
EES0423803__X1B__Y24__P019.jpg,0.545189,16.437628,ok
EES0423803__X1B__Y27__P020.jpg,0.767483,17.568966,ok
EES0423803__X1E__Y21__P021.jpg,0.747521,18.968990,ok
EES0423803__X1E__Y27__P022.jpg,0.676205,16.849555,ok
EES0423803__X1E__Y2A__P023.jpg,0.711456,17.502655,ok
EES0423803__X1E__Y2D__P024.jpg,0.629252,16.212300,ok
EES0423803__X1E__Y36__P025.jpg,0.771712,16.929757,ok
EES0423804__X15__Y36__P001.jpg,0.813761,19.480482,ok
EES0423804__X18__Y0C__P002.jpg,0.783611,19.176791,ok
EES0423804__X18__Y0F__P003.jpg,0.784367,18.808935,ok
EES0423804__X18__Y18__P004.jpg,0.650398,16.523374,ok
EES0423804__X18__Y1B__P005.jpg,0.696532,16.815161,ok
EES0423804__X18__Y1E__P006.jpg,0.671458,16.870498,ok
EES0423804__X18__Y21__P007.jpg,0.626128,15.514894,ok
EES0423804__X18__Y27__P008.jpg,0.809702,18.245557,ok
EES0423804__X1B__Y09__P009.jpg,0.823983,21.888394,ok
EES0423804__X1B__Y0C__P010.jpg,0.707975,18.109774,ok
EES0423804__X1B__Y0F__P011.jpg,0.716051,18.039057,ok
EES0423804__X1B__Y12__P012.jpg,0.639556,18.235149,ok
EES0423804__X1B__Y18__P013.jpg,0.675636,18.043529,ok
EES0423804__X1B__Y1B__P014.jpg,0.849212,21.404883,ok
EES0423804__X1B__Y1E__P015.jpg,0.758929,18.101721,ok
EES0423804__X1B__Y21__P016.jpg,0.641577,15.710550,ok
EES0423804__X1B__Y24__P017.jpg,0.773324,18.876817,ok
EES0423804__X1B__Y27__P018.jpg,0.668725,17.010065,ok
EES0423804__X1B__Y39__P019.jpg,0.730683,16.984098,ok
EES0423804__X1E__Y09__P020.jpg,0.549603,16.682189,ok
EES0423804__X1E__Y0C__P021.jpg,0.727187,17.969692,ok
EES0423804__X1E__Y12__P022.jpg,0.854038,22.124174,ok
EES0423804__X1E__Y15__P023.jpg,0.847802,20.594619,ok
EES0423804__X1E__Y18__P024.jpg,0.880382,24.432888,ok
EES0423804__X1E__Y1B__P025.jpg,0.758470,18.981682,ok
EES0423805__X36__Y36__P001.jpg,0.791250,18.698146,ok
EES0423805__X39__Y18__P002.jpg,0.747170,18.179427,ok
EES0423805__X39__Y1E__P003.jpg,0.771302,18.859852,ok
EES0423805__X39__Y30__P004.jpg,0.788431,18.260502,ok
EES0423805__X3C__Y1B__P005.jpg,0.631263,16.702565,ok
EES0423805__X3C__Y30__P006.jpg,0.677941,16.159638,ok
EES0423805__X3F__Y24__P007.jpg,0.786436,18.871724,ok
EES0423805__X09__Y15__P008.jpg,0.530323,16.481431,ok
EES0423805__X09__Y33__P009.jpg,0.759363,19.088767,ok
EES0423805__X0C__Y33__P010.jpg,0.506560,16.206298,ok
EES0423805__X12__Y3C__P011.jpg,0.824519,19.737205,ok
EES0423805__X18__Y06__P012.jpg,0.493839,16.266959,ok
EES0423805__X18__Y3C__P013.jpg,0.540636,16.664483,ok
EES0423805__X18__Y3F__P014.jpg,0.708315,18.622771,ok
EES0423805__X1E__Y03__P015.jpg,0.548964,17.053068,ok
EES0423805__X1E__Y42__P016.jpg,0.892262,21.840516,ok
EES0423805__X21__Y42__P017.jpg,0.861609,22.753141,ok
EES0423805__X24__Y42__P018.jpg,0.834968,22.309233,ok
EES0423805__X27__Y42__P019.jpg,0.844916,20.759944,ok
EES0423805__X2A__Y03__P020.jpg,0.562745,16.732922,ok
EES0423805__X2A__Y42__P021.jpg,0.920001,25.865438,ok
EES0423805__X2D__Y03__P022.jpg,0.707466,19.493680,ok
EES0423805__X30__Y03__P023.jpg,0.804096,21.409033,ok
EES0423805__X33__Y03__P024.jpg,0.714467,18.321475,ok
EES0423805__X33__Y06__P025.jpg,0.626387,16.747867,ok
EES0423806__X1E__Y1B__P001.jpg,0.551862,16.358181,ok
EES0423806__X1E__Y27__P002.jpg,0.559988,16.576459,ok
EES0423806__X1E__Y2A__P003.jpg,0.660618,15.761381,ok
EES0423806__X1E__Y33__P004.jpg,0.664127,16.871628,ok
EES0423806__X1E__Y3F__P005.jpg,0.564223,17.079081,ok
EES0423806__X21__Y15__P006.jpg,0.574632,16.465122,ok
EES0423806__X21__Y18__P007.jpg,0.693448,16.541117,ok
EES0423806__X2D__Y0F__P008.jpg,0.758708,17.570236,ok
EES0423806__X2D__Y12__P009.jpg,0.688650,17.588391,ok
EES0423806__X2D__Y15__P010.jpg,0.531954,15.347941,ok
EES0423806__X2D__Y18__P011.jpg,0.635344,16.471211,ok
EES0423806__X30__Y06__P012.jpg,0.788179,19.411168,ok
EES0423806__X30__Y09__P013.jpg,0.587992,16.237462,ok
EES0423806__X30__Y0C__P014.jpg,0.645855,15.852549,ok
EES0423806__X30__Y0F__P015.jpg,0.629221,16.236045,ok
EES0423806__X30__Y1B__P016.jpg,0.614600,16.755706,ok
EES0423806__X30__Y1E__P017.jpg,0.580847,15.434709,ok
EES0423806__X30__Y27__P018.jpg,0.743003,17.142076,ok
EES0423806__X30__Y2A__P019.jpg,0.477711,15.260231,ok
EES0423806__X30__Y33__P020.jpg,0.645337,16.656164,ok
EES0423806__X30__Y36__P021.jpg,0.528914,16.081169,ok
EES0423806__X33__Y09__P022.jpg,0.689167,16.415237,ok
EES0423806__X33__Y0C__P023.jpg,0.711580,16.172096,ok
EES0423806__X33__Y36__P024.jpg,0.595737,17.401074,ok
EES0423806__X36__Y0C__P025.jpg,0.624011,16.870974,ok
EES0423807__X09__Y1E__P001.jpg,0.653981,16.144540,ok
EES0423807__X09__Y21__P002.jpg,0.550971,15.712823,ok
EES0423807__X09__Y27__P003.jpg,0.545593,15.359893,ok
EES0423807__X09__Y2A__P004.jpg,0.614192,15.794865,ok
EES0423807__X09__Y2D__P005.jpg,0.430114,15.011324,ok
EES0423807__X09__Y30__P006.jpg,0.481726,15.366289,ok
EES0423807__X09__Y33__P007.jpg,0.798125,18.216917,ok
EES0423807__X09__Y36__P008.jpg,0.728825,17.145925,ok
EES0423807__X09__Y45__P009.jpg,0.876467,20.594615,ok
EES0423807__X0C__Y0F__P010.jpg,0.909134,23.160319,ok
EES0423807__X0C__Y12__P011.jpg,0.533388,14.899868,ok
EES0423807__X0C__Y18__P012.jpg,0.506676,15.400568,ok
EES0423807__X0C__Y1B__P013.jpg,0.490017,14.663776,ok
EES0423807__X0C__Y1E__P014.jpg,0.490222,14.887649,ok
EES0423807__X0C__Y21__P015.jpg,0.591952,15.836809,ok
EES0423807__X0C__Y30__P016.jpg,0.477351,15.623965,ok
EES0423807__X0C__Y33__P017.jpg,0.507633,15.604158,ok
EES0423807__X0C__Y36__P018.jpg,0.484702,15.485058,ok
EES0423807__X0C__Y39__P019.jpg,0.629265,15.746265,ok
EES0423807__X0F__Y0F__P020.jpg,0.753344,16.689533,ok
EES0423807__X0F__Y12__P021.jpg,0.601031,15.428420,ok
EES0423807__X0F__Y15__P022.jpg,0.459672,15.315102,ok
EES0423807__X0F__Y36__P023.jpg,0.441124,15.486552,ok
EES0423807__X0F__Y3C__P024.jpg,0.591917,15.565835,ok
EES0423807__X12__Y0C__P025.jpg,0.785760,17.375186,ok
EES0423808__X12__Y3F__P001.jpg,0.724865,17.073013,ok
EES0423808__X15__Y0C__P002.jpg,0.626733,15.869936,ok
EES0423808__X15__Y0F__P003.jpg,0.475707,14.629308,ok
EES0423808__X15__Y12__P004.jpg,0.506955,15.372858,ok
EES0423808__X15__Y3F__P005.jpg,0.446814,15.317364,ok
EES0423808__X18__Y09__P006.jpg,0.766263,16.702274,ok
EES0423808__X18__Y0C__P007.jpg,0.580698,15.461246,ok
EES0423808__X18__Y42__P008.jpg,0.874104,20.307362,ok
EES0423808__X1B__Y06__P009.jpg,0.926969,24.994908,ok
EES0423808__X1B__Y09__P010.jpg,0.653116,15.926789,ok
EES0423808__X1B__Y0C__P011.jpg,0.535282,16.725184,ok
EES0423808__X1E__Y06__P012.jpg,0.661409,15.722901,ok
EES0423808__X1E__Y09__P013.jpg,0.707774,16.682493,ok
EES0423808__X1E__Y45__P014.jpg,0.726736,17.154518,ok
EES0423808__X21__Y06__P015.jpg,0.598161,15.093330,ok
EES0423808__X21__Y09__P016.jpg,0.416155,14.865079,ok
EES0423808__X21__Y45__P017.jpg,0.675604,16.060583,ok
EES0423808__X24__Y45__P018.jpg,0.589232,15.454974,ok
EES0423808__X27__Y06__P019.jpg,0.521677,15.131543,ok
EES0423808__X27__Y45__P020.jpg,0.731663,17.045450,ok
EES0423808__X2A__Y06__P021.jpg,0.808215,17.938621,ok
EES0423808__X2A__Y45__P022.jpg,0.669645,16.263778,ok
EES0423808__X2D__Y45__P023.jpg,0.846519,20.452536,ok
EES0423808__X30__Y42__P024.jpg,0.580856,16.160582,ok
EES0423808__X33__Y09__P025.jpg,0.811415,17.953786,ok
EES0423809__X15__Y1B__P001.jpg,0.603637,15.854194,ok
EES0423809__X15__Y1E__P002.jpg,0.557313,15.510749,ok
EES0423809__X18__Y0F__P003.jpg,0.616278,15.235694,ok
EES0423809__X18__Y12__P004.jpg,0.691464,15.628300,ok
EES0423809__X18__Y18__P005.jpg,0.508994,15.344195,ok
EES0423809__X1B__Y0C__P006.jpg,0.736058,17.134276,ok
EES0423809__X1B__Y0F__P007.jpg,0.536996,14.382293,ok
EES0423809__X1B__Y12__P008.jpg,0.663712,16.477835,ok
EES0423809__X1B__Y15__P009.jpg,0.594130,15.699902,ok
EES0423809__X1B__Y18__P010.jpg,0.456646,15.293021,ok
EES0423809__X1B__Y1B__P011.jpg,0.549228,15.853181,ok
EES0423809__X1E__Y09__P012.jpg,0.730432,18.217254,ok
EES0423809__X1E__Y0C__P013.jpg,0.763101,17.567199,ok
EES0423809__X1E__Y0F__P014.jpg,0.475325,14.892617,ok
EES0423809__X1E__Y42__P015.jpg,0.613576,15.278743,ok
EES0423809__X21__Y09__P016.jpg,0.756026,17.266968,ok
EES0423809__X21__Y0C__P017.jpg,0.766147,16.975794,ok
EES0423809__X21__Y0F__P018.jpg,0.596937,15.560066,ok
EES0423809__X21__Y12__P019.jpg,0.546332,14.827701,ok
EES0423809__X21__Y15__P020.jpg,0.471002,14.860892,ok
EES0423809__X24__Y09__P021.jpg,0.795377,18.500419,ok
EES0423809__X24__Y0C__P022.jpg,0.685613,16.458471,ok
EES0423809__X24__Y0F__P023.jpg,0.660257,15.684917,ok
EES0423809__X27__Y09__P024.jpg,0.745897,18.098984,ok
EES0423809__X27__Y0C__P025.jpg,0.620315,15.476807,ok
EES0423810__X0C__Y27__P001.jpg,0.454383,14.711478,ok
EES0423810__X0C__Y2A__P002.jpg,0.493784,15.155278,ok
EES0423810__X0C__Y2D__P003.jpg,0.609557,15.718733,ok
EES0423810__X0C__Y30__P004.jpg,0.702801,16.258209,ok
EES0423810__X0F__Y15__P005.jpg,0.789544,18.997260,ok
EES0423810__X0F__Y18__P006.jpg,0.579465,16.195536,ok
EES0423810__X0F__Y1B__P007.jpg,0.682080,16.520615,ok
EES0423810__X12__Y0F__P008.jpg,0.883135,22.906438,ok
EES0423810__X12__Y12__P009.jpg,0.782059,19.276589,ok
EES0423810__X12__Y15__P010.jpg,0.693243,17.292614,ok
EES0423810__X12__Y18__P011.jpg,0.630230,17.450843,ok
EES0423810__X12__Y1B__P012.jpg,0.483334,15.184847,ok
EES0423810__X12__Y39__P013.jpg,0.640415,15.830737,ok
EES0423810__X15__Y0C__P014.jpg,0.752210,17.675361,ok
EES0423810__X15__Y0F__P015.jpg,0.605177,16.453838,ok
EES0423810__X15__Y12__P016.jpg,0.653735,16.467241,ok
EES0423810__X15__Y15__P017.jpg,0.652470,16.895363,ok
EES0423810__X15__Y1B__P018.jpg,0.588737,14.817804,ok
EES0423810__X15__Y21__P019.jpg,0.486751,15.031828,ok
EES0423810__X15__Y3C__P020.jpg,0.647013,15.937246,ok
EES0423810__X18__Y0C__P021.jpg,0.648927,18.109767,ok
EES0423810__X18__Y0F__P022.jpg,0.711607,17.749972,ok
EES0423810__X18__Y12__P023.jpg,0.556067,16.261654,ok
EES0423810__X18__Y1B__P024.jpg,0.613852,15.078512,ok
EES0423810__X18__Y27__P025.jpg,0.540001,16.054008,ok
EES0423811__X42__Y15__P001.jpg,0.819930,20.691937,ok
EES0423811__X42__Y36__P002.jpg,0.842623,21.277778,ok
EES0423811__X45__Y18__P003.jpg,0.841056,21.998837,ok
EES0423811__X45__Y2A__P004.jpg,0.812835,21.215897,ok
EES0423811__X45__Y2D__P005.jpg,0.820617,21.592250,ok
EES0423811__X48__Y1E__P006.jpg,0.889620,24.319017,ok
EES0423811__X48__Y21__P007.jpg,0.844943,22.040198,ok
EES0423811__X18__Y1E__P008.jpg,0.757496,17.802979,ok
EES0423811__X18__Y24__P009.jpg,0.714433,16.574704,ok
EES0423811__X1B__Y1B__P010.jpg,0.756145,18.868049,ok
EES0423811__X1E__Y21__P011.jpg,0.755522,17.925560,ok
EES0423811__X21__Y09__P012.jpg,0.807220,18.611904,ok
EES0423811__X2A__Y0C__P013.jpg,0.870775,23.101063,ok
EES0423811__X2A__Y0F__P014.jpg,0.789321,18.609180,ok
EES0423811__X2A__Y12__P015.jpg,0.814700,19.730989,ok
EES0423811__X2D__Y0C__P016.jpg,0.742140,16.901010,ok
EES0423811__X2D__Y0F__P017.jpg,0.824013,20.804036,ok
EES0423811__X30__Y1B__P018.jpg,0.757014,17.414519,ok
EES0423811__X33__Y0F__P019.jpg,0.759623,17.434241,ok
EES0423811__X33__Y21__P020.jpg,0.683895,15.681378,ok
EES0423811__X36__Y27__P021.jpg,0.744004,17.713611,ok
EES0423811__X39__Y18__P022.jpg,0.715866,17.031471,ok
EES0423811__X39__Y24__P023.jpg,0.715734,16.558794,ok
EES0423811__X3C__Y36__P024.jpg,0.818951,20.312549,ok
EES0423811__X3F__Y36__P025.jpg,0.748385,18.401649,ok
EES0423812__X18__Y1E__P001.jpg,0.777958,19.419293,ok
EES0423812__X24__Y0C__P002.jpg,0.747042,18.924831,ok
EES0423812__X27__Y03__P003.jpg,0.819860,21.880641,ok
EES0423812__X2D__Y03__P004.jpg,0.854007,25.623428,ok
EES0423812__X3C__Y0C__P005.jpg,0.768335,19.444648,ok
EES0423812__X3C__Y36__P006.jpg,0.827953,21.777019,ok
EES0423812__X3F__Y1B__P007.jpg,0.804328,20.905699,ok
EES0423812__X45__Y18__P008.jpg,0.848160,24.558662,ok
EES0423812__X0C__Y27__P009.jpg,0.793160,19.579929,ok
EES0423812__X1B__Y24__P010.jpg,0.810110,20.262032,ok
EES0423812__X27__Y36__P011.jpg,0.816644,19.075816,ok
EES0423812__X30__Y09__P012.jpg,0.808915,19.708614,ok
EES0423812__X33__Y2D__P013.jpg,0.736436,16.074116,ok
EES0423812__X33__Y33__P014.jpg,0.835580,20.586218,ok
EES0423812__X36__Y0F__P015.jpg,0.769944,17.877703,ok
EES0423812__X39__Y30__P016.jpg,0.822299,19.711631,ok
EES0423812__X3C__Y24__P017.jpg,0.864045,21.442066,ok
EES0423812__X3C__Y27__P018.jpg,0.852212,21.774820,ok
EES0423812__X3C__Y30__P019.jpg,0.827625,20.280908,ok
EES0423812__X3F__Y24__P020.jpg,0.827621,19.769850,ok
EES0423812__X3F__Y2A__P021.jpg,0.819003,18.297978,ok
EES0423812__X42__Y15__P022.jpg,0.777293,17.738432,ok
EES0423812__X42__Y1B__P023.jpg,0.740941,16.937595,ok
EES0423812__X12__Y21__P024.jpg,0.687053,16.670325,ok
EES0423812__X12__Y24__P025.jpg,0.696003,16.570610,ok
EES0423813__X18__Y21__P001.jpg,0.732500,18.787609,ok
EES0423813__X1B__Y0C__P002.jpg,0.818740,20.284050,ok
EES0423813__X1B__Y1B__P003.jpg,0.714659,17.308171,ok
EES0423813__X1B__Y1E__P004.jpg,0.575962,16.505756,ok
EES0423813__X21__Y06__P005.jpg,0.949858,31.661643,ok
EES0423813__X21__Y1B__P006.jpg,0.718069,18.071873,ok
EES0423813__X24__Y0F__P007.jpg,0.662849,17.523183,ok
EES0423813__X24__Y2D__P008.jpg,0.642093,16.702601,ok
EES0423813__X27__Y06__P009.jpg,0.653639,17.394605,ok
EES0423813__X2A__Y42__P010.jpg,0.882524,23.276480,ok
EES0423813__X30__Y15__P011.jpg,0.711553,17.383378,ok
EES0423813__X30__Y2D__P012.jpg,0.744426,20.552743,ok
EES0423813__X33__Y06__P013.jpg,0.952367,33.198413,ok
EES0423813__X33__Y3F__P014.jpg,0.831596,20.068430,ok
EES0423813__X39__Y21__P015.jpg,0.620858,16.765943,ok
EES0423813__X39__Y3C__P016.jpg,0.832016,21.174006,ok
EES0423813__X3C__Y09__P017.jpg,0.912760,26.206884,ok
EES0423813__X3C__Y0C__P018.jpg,0.739351,18.425268,ok
EES0423813__X3C__Y1B__P019.jpg,0.641174,16.833428,ok
EES0423813__X3C__Y21__P020.jpg,0.754899,19.795699,ok
EES0423813__X3C__Y39__P021.jpg,0.788543,20.200015,ok
EES0423813__X3F__Y0C__P022.jpg,0.943603,29.419595,ok
EES0423813__X3F__Y1B__P023.jpg,0.720428,17.945038,ok
EES0423813__X3F__Y36__P024.jpg,0.743833,19.891830,ok
EES0423813__X3F__Y39__P025.jpg,0.925391,27.430712,ok
EES0423814__X3F__Y2A__P001.jpg,0.747439,19.074797,ok
EES0423814__X3F__Y30__P002.jpg,0.859560,23.696549,ok
EES0423814__X3F__Y33__P003.jpg,0.838890,23.665733,ok
EES0423814__X42__Y1B__P004.jpg,0.712074,17.567814,ok
EES0423814__X42__Y24__P005.jpg,0.834762,23.552596,ok
EES0423814__X42__Y27__P006.jpg,0.764007,20.495863,ok
EES0423814__X12__Y18__P007.jpg,0.754492,18.850224,ok
EES0423814__X27__Y06__P008.jpg,0.835609,21.823051,ok
EES0423814__X30__Y09__P009.jpg,0.872630,24.795988,ok
EES0423814__X30__Y0C__P010.jpg,0.833176,21.786840,ok
EES0423814__X3F__Y12__P011.jpg,0.840933,22.530565,ok
EES0423814__X45__Y27__P012.jpg,0.835926,21.167576,ok
EES0423814__X0F__Y1E__P013.jpg,0.749438,19.346507,ok
EES0423814__X0F__Y2A__P014.jpg,0.671777,17.230027,ok
EES0423814__X0F__Y2D__P015.jpg,0.859474,24.842248,ok
EES0423814__X12__Y18__P016.jpg,0.746810,18.149477,ok
EES0423814__X12__Y27__P017.jpg,0.630368,17.821009,ok
EES0423814__X12__Y2A__P018.jpg,0.692132,17.169452,ok
EES0423814__X12__Y2D__P019.jpg,0.713355,19.037421,ok
EES0423814__X12__Y30__P020.jpg,0.761071,20.836449,ok
EES0423814__X12__Y33__P021.jpg,0.748568,19.331999,ok
EES0423814__X12__Y36__P022.jpg,0.917925,30.498510,ok
EES0423814__X15__Y27__P023.jpg,0.622638,16.948605,ok
EES0423814__X15__Y2A__P024.jpg,0.570654,15.895064,ok
EES0423814__X15__Y30__P025.jpg,0.649533,17.841958,ok
EES0423815__X1B__Y21__P001.jpg,0.876297,24.490352,ok
EES0423815__X1B__Y24__P002.jpg,0.922143,30.444053,ok
EES0423815__X1B__Y27__P003.jpg,0.857271,24.438836,ok
EES0423815__X1B__Y30__P004.jpg,0.834709,21.668638,ok
EES0423815__X1E__Y0C__P005.jpg,0.805238,23.155298,ok
EES0423815__X21__Y18__P006.jpg,0.849594,23.737916,ok
EES0423815__X21__Y1E__P007.jpg,0.729788,18.609366,ok
EES0423815__X21__Y21__P008.jpg,0.659596,17.922516,ok
EES0423815__X21__Y2A__P009.jpg,0.776514,19.468739,ok
EES0423815__X21__Y2D__P010.jpg,0.813637,22.991490,ok
EES0423815__X24__Y18__P011.jpg,0.706908,18.876718,ok
EES0423815__X24__Y1B__P012.jpg,0.851677,24.580727,ok
EES0423815__X24__Y1E__P013.jpg,0.789790,19.760143,ok
EES0423815__X24__Y2A__P014.jpg,0.702605,18.217799,ok
EES0423815__X24__Y33__P015.jpg,0.780011,22.054248,ok
EES0423815__X27__Y1B__P016.jpg,0.777044,21.886741,ok
EES0423815__X27__Y2A__P017.jpg,0.822330,21.926418,ok
EES0423815__X2A__Y0C__P018.jpg,0.826236,22.361809,ok
EES0423815__X2A__Y24__P019.jpg,0.865422,23.887674,ok
EES0423815__X2A__Y27__P020.jpg,0.831118,23.489933,ok
EES0423815__X2D__Y21__P021.jpg,0.775559,18.956683,ok
EES0423815__X2D__Y27__P022.jpg,0.784586,20.264371,ok
EES0423815__X30__Y12__P023.jpg,0.808218,23.138877,ok
EES0423815__X30__Y24__P024.jpg,0.816561,22.446338,ok
EES0423815__X30__Y27__P025.jpg,0.791762,21.774416,ok
EES0423816__X1B__Y1B__P001.jpg,0.582180,15.274024,ok
EES0423816__X1B__Y1E__P002.jpg,0.664708,15.772825,ok
EES0423816__X1B__Y21__P003.jpg,0.632595,17.471112,ok
EES0423816__X1E__Y0C__P004.jpg,0.673547,18.162159,ok
EES0423816__X1E__Y0F__P005.jpg,0.639940,17.177274,ok
EES0423816__X1E__Y1E__P006.jpg,0.643572,16.043692,ok
EES0423816__X21__Y0C__P007.jpg,0.697600,17.053297,ok
EES0423816__X21__Y0F__P008.jpg,0.733006,18.567133,ok
EES0423816__X24__Y09__P009.jpg,0.774874,19.390159,ok
EES0423816__X24__Y0C__P010.jpg,0.696822,18.771019,ok
EES0423816__X24__Y0F__P011.jpg,0.610124,16.573583,ok
EES0423816__X24__Y12__P012.jpg,0.554511,16.635149,ok
EES0423816__X24__Y18__P013.jpg,0.654942,17.662973,ok
EES0423816__X24__Y1E__P014.jpg,0.567543,16.667761,ok
EES0423816__X27__Y09__P015.jpg,0.622259,16.968341,ok
EES0423816__X27__Y0C__P016.jpg,0.635610,17.050227,ok
EES0423816__X27__Y0F__P017.jpg,0.642784,16.756847,ok
EES0423816__X27__Y12__P018.jpg,0.611816,17.204751,ok
EES0423816__X27__Y15__P019.jpg,0.613490,16.606447,ok
EES0423816__X27__Y18__P020.jpg,0.576453,15.671212,ok
EES0423816__X2A__Y0F__P021.jpg,0.742305,18.094829,ok
EES0423816__X2A__Y18__P022.jpg,0.714679,16.730819,ok
EES0423816__X2D__Y09__P023.jpg,0.813446,24.259284,ok
EES0423816__X2D__Y0C__P024.jpg,0.799023,19.892862,ok
EES0423816__X2D__Y12__P025.jpg,0.733747,19.451901,ok
EES0423817__X3C__Y1B__P001.jpg,0.677399,16.587280,ok
EES0423817__X3C__Y1E__P002.jpg,0.771651,17.791715,ok
EES0423817__X3C__Y27__P003.jpg,0.635025,14.822860,ok
EES0423817__X3C__Y2A__P004.jpg,0.743121,17.919945,ok
EES0423817__X3F__Y12__P005.jpg,0.827872,19.768727,ok
EES0423817__X3F__Y18__P006.jpg,0.778748,18.733015,ok
EES0423817__X3F__Y1B__P007.jpg,0.653851,16.706979,ok
EES0423817__X3F__Y21__P008.jpg,0.720469,16.383909,ok
EES0423817__X3F__Y27__P009.jpg,0.817171,17.958968,ok
EES0423817__X3F__Y2A__P010.jpg,0.845456,20.819913,ok
EES0423817__X3F__Y2D__P011.jpg,0.804628,19.526127,ok
EES0423817__X42__Y21__P012.jpg,0.725661,16.681205,ok
EES0423817__X27__Y30__P013.jpg,0.856619,19.643369,ok
EES0423817__X2A__Y30__P014.jpg,0.816866,17.669588,ok
EES0423817__X2A__Y36__P015.jpg,0.886501,19.693575,ok
EES0423817__X2D__Y2A__P016.jpg,0.806838,17.496927,ok
EES0423817__X2D__Y30__P017.jpg,0.877926,19.407592,ok
EES0423817__X2D__Y36__P018.jpg,0.759733,16.746955,ok
EES0423817__X30__Y24__P019.jpg,0.818005,17.953704,ok
EES0423817__X30__Y27__P020.jpg,0.753545,17.473388,ok
EES0423817__X30__Y33__P021.jpg,0.839630,18.303311,ok
EES0423817__X33__Y21__P022.jpg,0.855138,18.979230,ok
EES0423817__X33__Y24__P023.jpg,0.835602,18.861362,ok
EES0423817__X33__Y27__P024.jpg,0.772479,16.779738,ok
EES0423817__X33__Y2A__P025.jpg,0.845534,19.036488,ok
EES0423818__X03__Y24__P001.jpg,0.713415,18.089157,ok
EES0423818__X06__Y39__P002.jpg,0.917065,24.690663,ok
EES0423818__X09__Y39__P003.jpg,0.779289,18.855503,ok
EES0423818__X0C__Y18__P004.jpg,0.691778,17.455527,ok
EES0423818__X0C__Y1B__P005.jpg,0.571414,16.359851,ok
EES0423818__X0C__Y36__P006.jpg,0.674174,17.369504,ok
EES0423818__X2A__Y42__P007.jpg,0.842624,20.397758,ok
EES0423818__X21__Y09__P008.jpg,0.928323,25.334481,ok
EES0423818__X21__Y36__P009.jpg,0.776195,19.829096,ok
EES0423818__X2D__Y39__P010.jpg,0.792550,19.953998,ok
EES0423818__X30__Y36__P011.jpg,0.646786,17.566454,ok
EES0423818__X30__Y39__P012.jpg,0.689124,18.299554,ok
EES0423818__X33__Y33__P013.jpg,0.667705,17.646736,ok
EES0423818__X36__Y2D__P014.jpg,0.805367,20.705514,ok
EES0423818__X36__Y30__P015.jpg,0.822447,19.871533,ok
EES0423818__X36__Y33__P016.jpg,0.743626,18.938294,ok
EES0423818__X36__Y36__P017.jpg,0.762629,18.927687,ok
EES0423818__X36__Y39__P018.jpg,0.764086,18.493496,ok
EES0423818__X39__Y33__P019.jpg,0.782003,19.461186,ok
EES0423818__X09__Y21__P020.jpg,0.900688,20.869120,ok
EES0423818__X1E__Y21__P021.jpg,0.810108,20.067787,ok
EES0423818__X1E__Y36__P022.jpg,0.843827,20.178385,ok
EES0423818__X21__Y24__P023.jpg,0.869125,22.188621,ok
EES0423818__X21__Y36__P024.jpg,0.835434,20.472462,ok
EES0423818__X21__Y39__P025.jpg,0.813630,19.535923,ok
EES0423819__X15__Y24__P001.jpg,0.721256,19.088178,ok
EES0423819__X18__Y24__P002.jpg,0.805097,20.208424,ok
EES0423819__X1B__Y21__P003.jpg,0.715938,18.710017,ok
EES0423819__X1B__Y24__P004.jpg,0.658536,17.714240,ok
EES0423819__X1B__Y27__P005.jpg,0.737116,19.717304,ok
EES0423819__X1E__Y12__P006.jpg,0.730857,17.726493,ok
EES0423819__X1E__Y18__P007.jpg,0.716664,18.984970,ok
EES0423819__X1E__Y21__P008.jpg,0.837986,22.417165,ok
EES0423819__X1E__Y2A__P009.jpg,0.743182,18.640843,ok
EES0423819__X21__Y1B__P010.jpg,0.772166,18.842139,ok
EES0423819__X21__Y2A__P011.jpg,0.755507,18.750479,ok
EES0423819__X21__Y2D__P012.jpg,0.740378,19.357001,ok
EES0423819__X21__Y30__P013.jpg,0.687222,17.062542,ok
EES0423819__X24__Y27__P014.jpg,0.706149,18.667810,ok
EES0423819__X24__Y2A__P015.jpg,0.768025,19.460588,ok
EES0423819__X24__Y30__P016.jpg,0.782206,20.716130,ok
EES0423819__X2A__Y2A__P017.jpg,0.757061,19.925469,ok
EES0423819__X2D__Y2A__P018.jpg,0.771352,20.496914,ok
EES0423819__X33__Y2A__P019.jpg,0.831684,23.106111,ok
EES0423819__X36__Y27__P020.jpg,0.669812,17.030523,ok
EES0423819__X39__Y2A__P021.jpg,0.729798,19.220475,ok
EES0423819__X3C__Y2A__P022.jpg,0.769489,19.134378,ok
EES0423819__X3F__Y27__P023.jpg,0.819640,20.688292,ok
EES0423819__X3F__Y2A__P024.jpg,0.538451,15.577510,ok
EES0423819__X3F__Y2D__P025.jpg,0.777654,19.743380,ok
EES0423820__X36__Y42__P001.jpg,0.674486,17.962479,ok
EES0423820__X3C__Y3C__P002.jpg,0.708249,18.837186,ok
EES0423820__X3F__Y18__P003.jpg,0.795582,20.483350,ok
EES0423820__X3F__Y36__P004.jpg,0.639718,16.823280,ok
EES0423820__X3F__Y39__P005.jpg,0.895449,23.814998,ok
EES0423820__X42__Y1E__P006.jpg,0.814407,21.030543,ok
EES0423820__X42__Y21__P007.jpg,0.771349,19.513046,ok
EES0423820__X42__Y24__P008.jpg,0.667723,18.943056,ok
EES0423820__X42__Y27__P009.jpg,0.620923,17.463966,ok
EES0423820__X42__Y2A__P010.jpg,0.547626,16.865901,ok
EES0423820__X42__Y2D__P011.jpg,0.646537,17.985053,ok
EES0423820__X42__Y30__P012.jpg,0.720294,18.753003,ok
EES0423820__X42__Y33__P013.jpg,0.925939,30.942421,ok
EES0423820__X0C__Y42__P014.jpg,0.934677,31.735442,ok
EES0423820__X0F__Y3C__P015.jpg,0.893944,27.673727,ok
EES0423820__X15__Y2A__P016.jpg,0.886979,23.954405,ok
EES0423820__X1B__Y3F__P017.jpg,0.790860,20.802751,ok
EES0423820__X1E__Y45__P018.jpg,0.890730,24.668186,ok
EES0423820__X24__Y12__P019.jpg,0.839296,22.084560,ok
EES0423820__X24__Y45__P020.jpg,0.804866,18.193662,ok
EES0423820__X30__Y2D__P021.jpg,0.838041,22.500217,ok
EES0423820__X33__Y1E__P022.jpg,0.855586,23.200027,ok
EES0423820__X33__Y27__P023.jpg,0.791405,19.930430,ok
EES0423820__X33__Y2A__P024.jpg,0.739721,19.867590,ok
EES0423820__X33__Y39__P025.jpg,0.786405,20.691869,ok
EES0423821__X15__Y39__P001.jpg,0.747316,19.792537,ok
EES0423821__X18__Y18__P002.jpg,0.699907,18.987965,ok
EES0423821__X18__Y1B__P003.jpg,0.778890,20.611246,ok
EES0423821__X18__Y1E__P004.jpg,0.870911,24.106447,ok
EES0423821__X18__Y27__P005.jpg,0.720523,18.540926,ok
EES0423821__X18__Y2A__P006.jpg,0.733786,18.699651,ok
EES0423821__X18__Y30__P007.jpg,0.706141,18.445737,ok
EES0423821__X18__Y36__P008.jpg,0.700648,18.940550,ok
EES0423821__X18__Y39__P009.jpg,0.819728,21.635587,ok
EES0423821__X1B__Y0F__P010.jpg,0.805759,21.013218,ok
EES0423821__X1B__Y1E__P011.jpg,0.863219,24.069543,ok
EES0423821__X1B__Y2A__P012.jpg,0.687202,18.627232,ok
EES0423821__X1B__Y36__P013.jpg,0.751861,18.979322,ok
EES0423821__X1E__Y2A__P014.jpg,0.796133,20.133974,ok
EES0423821__X1E__Y2D__P015.jpg,0.650894,17.462938,ok
EES0423821__X1E__Y36__P016.jpg,0.687840,18.434875,ok
EES0423821__X1E__Y39__P017.jpg,0.642819,18.032640,ok
EES0423821__X21__Y15__P018.jpg,0.768649,21.237460,ok
EES0423821__X21__Y1B__P019.jpg,0.762007,20.659972,ok
EES0423821__X21__Y24__P020.jpg,0.784924,20.857312,ok
EES0423821__X21__Y2A__P021.jpg,0.817625,23.089825,ok
EES0423821__X21__Y36__P022.jpg,0.713898,20.015348,ok
EES0423821__X24__Y0F__P023.jpg,0.747497,20.097096,ok
EES0423821__X24__Y12__P024.jpg,0.740150,20.097750,ok
EES0423821__X24__Y1E__P025.jpg,0.677909,18.768407,ok
EES0423822__X24__Y27__P001.jpg,0.828671,22.572305,ok
EES0423822__X24__Y2A__P002.jpg,0.710026,18.203385,ok
EES0423822__X24__Y36__P003.jpg,0.637609,18.519369,ok
EES0423822__X24__Y39__P004.jpg,0.771224,20.464906,ok
EES0423822__X27__Y12__P005.jpg,0.785737,20.963416,ok
EES0423822__X2D__Y0F__P006.jpg,0.747380,19.054792,ok
EES0423822__X2D__Y24__P007.jpg,0.710387,18.543322,ok
EES0423822__X2D__Y2A__P008.jpg,0.801783,20.733055,ok
EES0423822__X30__Y0C__P009.jpg,0.811955,22.412876,ok
EES0423822__X30__Y1E__P010.jpg,0.783058,20.449203,ok
EES0423822__X30__Y30__P011.jpg,0.795140,20.097418,ok
EES0423822__X33__Y12__P012.jpg,0.785170,21.193209,ok
EES0423822__X33__Y1B__P013.jpg,0.696231,19.015521,ok
EES0423822__X33__Y2A__P014.jpg,0.765015,19.596553,ok
EES0423822__X33__Y30__P015.jpg,0.807376,21.966636,ok
EES0423822__X33__Y39__P016.jpg,0.800668,20.493820,ok
EES0423822__X36__Y0F__P017.jpg,0.806666,22.675808,ok
EES0423822__X36__Y15__P018.jpg,0.756591,20.204021,ok
EES0423822__X36__Y1B__P019.jpg,0.664785,18.448980,ok
EES0423822__X36__Y27__P020.jpg,0.784007,20.204615,ok
EES0423822__X36__Y39__P021.jpg,0.669202,18.195594,ok
EES0423822__X39__Y1B__P022.jpg,0.829996,21.745210,ok
EES0423822__X39__Y27__P023.jpg,0.818501,21.124972,ok
EES0423822__X39__Y2A__P024.jpg,0.879159,25.879667,ok
EES0423822__X3C__Y21__P025.jpg,0.843936,22.998412,ok
EES0423823__X3C__Y27__P001.jpg,0.758274,20.401087,ok
EES0423823__X3F__Y1E__P002.jpg,0.811490,20.683504,ok
EES0423823__X3F__Y24__P003.jpg,0.713766,18.290742,ok
EES0423823__X42__Y1E__P004.jpg,0.812190,21.497008,ok
EES0423823__X06__Y27__P005.jpg,0.773753,20.048356,ok
EES0423823__X0C__Y15__P006.jpg,0.849439,21.666669,ok
EES0423823__X0C__Y33__P007.jpg,0.827987,20.530185,ok
EES0423823__X0C__Y36__P008.jpg,0.713651,18.522899,ok
EES0423823__X12__Y3C__P009.jpg,0.806125,20.325066,ok
EES0423823__X18__Y0C__P010.jpg,0.923678,30.539161,ok
EES0423823__X18__Y3C__P011.jpg,0.816952,20.692393,ok
EES0423823__X1B__Y0C__P012.jpg,0.841640,21.625329,ok
EES0423823__X21__Y30__P013.jpg,0.843450,21.052303,ok
EES0423823__X2A__Y36__P014.jpg,0.670896,18.039556,ok
EES0423823__X2A__Y3C__P015.jpg,0.836773,22.013017,ok
EES0423823__X2D__Y36__P016.jpg,0.568062,15.956264,ok
EES0423823__X2D__Y39__P017.jpg,0.852343,22.057188,ok
EES0423823__X30__Y36__P018.jpg,0.803926,20.148251,ok
EES0423823__X30__Y39__P019.jpg,0.786707,19.898613,ok
EES0423823__X36__Y12__P020.jpg,0.855282,23.065536,ok
EES0423823__X36__Y33__P021.jpg,0.787716,19.465065,ok
EES0423823__X36__Y39__P022.jpg,0.766526,18.718824,ok
EES0423823__X39__Y15__P023.jpg,0.806602,19.681615,ok
EES0423823__X39__Y1B__P024.jpg,0.835318,22.518620,ok
EES0423823__X39__Y30__P025.jpg,0.693462,18.285288,ok
EES0423824__X39__Y33__P001.jpg,0.746226,18.292850,ok
EES0423824__X39__Y39__P002.jpg,0.678070,17.475822,ok
EES0423824__X39__Y3C__P003.jpg,0.795938,19.489077,ok
EES0423824__X3F__Y1B__P004.jpg,0.728202,18.443230,ok
EES0423824__X3F__Y1E__P005.jpg,0.717680,18.433690,ok
EES0423824__X3F__Y24__P006.jpg,0.732308,18.153430,ok
EES0423824__X3F__Y27__P007.jpg,0.690456,17.504159,ok
EES0423824__X3F__Y2A__P008.jpg,0.618738,16.733900,ok
EES0423824__X3F__Y2D__P009.jpg,0.674710,16.735029,ok
EES0423824__X3F__Y30__P010.jpg,0.772116,19.423418,ok
EES0423824__X3F__Y33__P011.jpg,0.889671,23.672479,ok
EES0423824__X42__Y27__P012.jpg,0.751163,18.288783,ok
EES0423824__X42__Y2A__P013.jpg,0.839693,20.588931,ok
EES0423824__X0C__Y33__P014.jpg,0.841178,22.264958,ok
EES0423824__X0F__Y33__P015.jpg,0.760028,19.345586,ok
EES0423824__X18__Y30__P016.jpg,0.844305,23.489773,ok
EES0423824__X18__Y36__P017.jpg,0.605857,17.098360,ok
EES0423824__X18__Y39__P018.jpg,0.613984,17.827894,ok
EES0423824__X1B__Y09__P019.jpg,0.787400,21.255202,ok
EES0423824__X1B__Y36__P020.jpg,0.795745,20.569796,ok
EES0423824__X1B__Y3F__P021.jpg,0.874074,25.710808,ok
EES0423824__X21__Y39__P022.jpg,0.880012,24.906219,ok
EES0423824__X24__Y39__P023.jpg,0.766405,19.539987,ok
EES0423824__X24__Y3C__P024.jpg,0.837489,22.747447,ok
EES0423824__X24__Y3F__P025.jpg,0.703916,18.765345,ok
EES0423825__X24__Y42__P001.jpg,0.878280,24.224265,ok
EES0423825__X27__Y42__P002.jpg,0.768892,20.395635,ok
EES0423825__X2A__Y09__P003.jpg,0.691019,18.016956,ok
EES0423825__X2A__Y42__P004.jpg,0.733673,19.784596,ok
EES0423825__X2D__Y09__P005.jpg,0.648610,16.811281,ok
EES0423825__X2D__Y12__P006.jpg,0.766386,21.064539,ok
EES0423825__X2D__Y42__P007.jpg,0.835509,22.671619,ok
EES0423825__X30__Y09__P008.jpg,0.648480,16.779813,ok
EES0423825__X30__Y39__P009.jpg,0.696308,20.213435,ok
EES0423825__X33__Y12__P010.jpg,0.811700,21.367432,ok
EES0423825__X33__Y33__P011.jpg,0.660053,17.286609,ok
EES0423825__X33__Y36__P012.jpg,0.796599,20.590789,ok
EES0423825__X36__Y0C__P013.jpg,0.714205,18.909465,ok
EES0423825__X36__Y30__P014.jpg,0.907083,26.844034,ok
EES0423825__X36__Y3C__P015.jpg,0.818766,22.869214,ok
EES0423825__X39__Y0C__P016.jpg,0.805961,23.164978,ok
EES0423825__X39__Y15__P017.jpg,0.831130,21.615239,ok
EES0423825__X39__Y21__P018.jpg,0.759141,19.982340,ok
EES0423825__X39__Y27__P019.jpg,0.690520,18.520344,ok
EES0423825__X39__Y2A__P020.jpg,0.872874,24.737297,ok
EES0423825__X39__Y33__P021.jpg,0.682988,18.429819,ok
EES0423825__X3C__Y12__P022.jpg,0.807477,20.693608,ok
EES0423825__X3C__Y2A__P023.jpg,0.712630,18.823732,ok
EES0423825__X3F__Y18__P024.jpg,0.813193,21.159867,ok
EES0423825__X3F__Y1B__P025.jpg,0.779335,20.417418,ok
EES0423826__X3F__Y21__P001.jpg,0.819302,21.073714,ok
EES0423826__X3F__Y24__P002.jpg,0.688317,18.476936,ok
EES0423826__X3F__Y2A__P003.jpg,0.745918,19.377893,ok
EES0423826__X3F__Y30__P004.jpg,0.772677,20.868972,ok
EES0423826__X3F__Y33__P005.jpg,0.769138,19.839898,ok
EES0423826__X42__Y15__P006.jpg,0.837007,21.558531,ok
EES0423826__X42__Y24__P007.jpg,0.763110,19.601842,ok
EES0423826__X45__Y24__P008.jpg,0.846390,22.739920,ok
EES0423826__X45__Y27__P009.jpg,0.879204,24.080143,ok
EES0423826__X0F__Y1B__P010.jpg,0.808622,22.409782,ok
EES0423826__X0F__Y1E__P011.jpg,0.833741,23.317348,ok
EES0423826__X0F__Y2D__P012.jpg,0.800337,21.858826,ok
EES0423826__X0F__Y30__P013.jpg,0.711797,18.846203,ok
EES0423826__X12__Y12__P014.jpg,0.742025,21.073291,ok
EES0423826__X12__Y1B__P015.jpg,0.791988,21.228052,ok
EES0423826__X12__Y21__P016.jpg,0.714436,19.246670,ok
EES0423826__X12__Y24__P017.jpg,0.747973,21.505930,ok
EES0423826__X12__Y27__P018.jpg,0.790190,20.471591,ok
EES0423826__X12__Y2A__P019.jpg,0.759828,20.623350,ok
EES0423826__X15__Y0F__P020.jpg,0.789067,21.124689,ok
EES0423826__X15__Y12__P021.jpg,0.867592,25.309282,ok
EES0423826__X15__Y39__P022.jpg,0.726620,20.336699,ok
EES0423826__X18__Y12__P023.jpg,0.739734,18.507762,ok
EES0423826__X18__Y27__P024.jpg,0.619688,17.946434,ok
EES0423826__X21__Y0C__P025.jpg,0.760079,19.922731,ok
EES0423827__X21__Y39__P001.jpg,0.618069,17.655038,ok
EES0423827__X24__Y0C__P002.jpg,0.645641,17.656785,ok
EES0423827__X27__Y09__P003.jpg,0.828340,22.220429,ok
EES0423827__X27__Y2A__P004.jpg,0.555867,17.693060,ok
EES0423827__X27__Y3C__P005.jpg,0.787012,20.522196,ok
EES0423827__X2A__Y09__P006.jpg,0.870602,22.486452,ok
EES0423827__X2A__Y0C__P007.jpg,0.756483,19.981784,ok
EES0423827__X2A__Y0F__P008.jpg,0.747901,19.862954,ok
EES0423827__X2A__Y33__P009.jpg,0.648969,18.335378,ok
EES0423827__X30__Y0C__P010.jpg,0.616122,17.791448,ok
EES0423827__X30__Y15__P011.jpg,0.743749,19.461977,ok
EES0423827__X30__Y18__P012.jpg,0.822714,22.909616,ok
EES0423827__X30__Y21__P013.jpg,0.790875,21.191723,ok
EES0423827__X30__Y33__P014.jpg,0.614919,18.004142,ok
EES0423827__X30__Y39__P015.jpg,0.719621,19.072482,ok
EES0423827__X33__Y0C__P016.jpg,0.769453,19.981600,ok
EES0423827__X33__Y24__P017.jpg,0.658207,18.389536,ok
EES0423827__X33__Y30__P018.jpg,0.641459,17.784474,ok
EES0423827__X33__Y39__P019.jpg,0.703256,18.968359,ok
EES0423827__X33__Y3C__P020.jpg,0.783060,19.314002,ok
EES0423827__X36__Y0C__P021.jpg,0.760236,19.947685,ok
EES0423827__X36__Y0F__P022.jpg,0.739630,19.921654,ok
EES0423827__X36__Y18__P023.jpg,0.716475,18.428136,ok
EES0423827__X36__Y1B__P024.jpg,0.570309,17.190452,ok
EES0423827__X36__Y30__P025.jpg,0.584423,17.283247,ok
EES0423828__X0F__Y42__P001.jpg,0.841088,27.436864,ok
EES0423828__X12__Y45__P002.jpg,0.902154,30.403017,ok
EES0423828__X15__Y45__P003.jpg,0.838411,24.807524,ok
EES0423828__X1B__Y09__P004.jpg,0.858931,24.869411,ok
EES0423828__X27__Y09__P005.jpg,0.766766,21.619896,ok
EES0423828__X33__Y45__P006.jpg,0.872567,26.236398,ok
EES0423828__X36__Y45__P007.jpg,0.894128,29.670129,ok
EES0423828__X39__Y0F__P008.jpg,0.864493,25.956811,ok
EES0423828__X39__Y42__P009.jpg,0.867867,24.441243,ok
EES0423828__X3C__Y3F__P010.jpg,0.892320,29.378528,ok
EES0423828__X3F__Y15__P011.jpg,0.909219,27.860473,ok
EES0423828__X3F__Y39__P012.jpg,0.856668,25.365909,ok
EES0423828__X3F__Y3C__P013.jpg,0.888631,29.457266,ok
EES0423828__X42__Y18__P014.jpg,0.804409,22.446892,ok
EES0423828__X42__Y1B__P015.jpg,0.773937,22.077847,ok
EES0423828__X42__Y33__P016.jpg,0.824374,22.015988,ok
EES0423828__X42__Y36__P017.jpg,0.889398,26.509875,ok
EES0423828__X0F__Y21__P018.jpg,0.791318,20.252943,ok
EES0423828__X1B__Y0F__P019.jpg,0.840692,22.200502,ok
EES0423828__X1B__Y12__P020.jpg,0.788925,20.036305,ok
EES0423828__X21__Y15__P021.jpg,0.788652,20.539508,ok
EES0423828__X21__Y18__P022.jpg,0.756592,18.558823,ok
EES0423828__X24__Y12__P023.jpg,0.786650,21.640079,ok
EES0423828__X24__Y15__P024.jpg,0.826820,21.769387,ok
EES0423828__X27__Y15__P025.jpg,0.765042,21.658541,ok
EES0423829__X0C__Y15__P001.jpg,0.861449,26.166003,ok
EES0423829__X0C__Y30__P002.jpg,0.731951,20.287746,ok
EES0423829__X0C__Y36__P003.jpg,0.807453,22.939359,ok
EES0423829__X0F__Y12__P004.jpg,0.865530,24.944487,ok
EES0423829__X12__Y0F__P005.jpg,0.923145,29.090206,ok
EES0423829__X15__Y2A__P006.jpg,0.752639,18.804213,ok
EES0423829__X18__Y0C__P007.jpg,0.821316,21.955100,ok
EES0423829__X1B__Y21__P008.jpg,0.653437,18.261340,ok
EES0423829__X1E__Y18__P009.jpg,0.779716,22.037812,ok
EES0423829__X1E__Y30__P010.jpg,0.667094,19.655360,ok
EES0423829__X30__Y45__P011.jpg,0.746660,19.943150,ok
EES0423829__X33__Y45__P012.jpg,0.814614,24.034207,ok
EES0423829__X36__Y2A__P013.jpg,0.771889,18.696116,ok
EES0423829__X39__Y36__P014.jpg,0.787624,20.627621,ok
EES0423829__X3C__Y30__P015.jpg,0.751870,20.671300,ok
EES0423829__X3C__Y36__P016.jpg,0.642748,18.134198,ok
EES0423829__X3C__Y3C__P017.jpg,0.813170,21.394126,ok
EES0423829__X3F__Y30__P018.jpg,0.738361,19.351283,ok
EES0423829__X3F__Y33__P019.jpg,0.709533,19.090706,ok
EES0423829__X3F__Y36__P020.jpg,0.757312,19.246384,ok
EES0423829__X42__Y18__P021.jpg,0.876671,23.192391,ok
EES0423829__X42__Y30__P022.jpg,0.746562,19.233176,ok
EES0423829__X42__Y33__P023.jpg,0.759504,19.669016,ok
EES0423829__X42__Y36__P024.jpg,0.824683,22.114936,ok
EES0423829__X45__Y2D__P025.jpg,0.748290,19.000495,ok
EES0423830__X42__Y2D__P001.jpg,0.735589,19.769930,ok
EES0423830__X42__Y30__P002.jpg,0.818294,21.506672,ok
EES0423830__X0C__Y15__P003.jpg,0.870516,26.775535,ok
EES0423830__X0C__Y33__P004.jpg,0.712870,19.041761,ok
EES0423830__X0F__Y21__P005.jpg,0.719413,19.932858,ok
EES0423830__X12__Y0F__P006.jpg,0.859816,24.727681,ok
EES0423830__X1E__Y09__P007.jpg,0.879008,25.577579,ok
EES0423830__X27__Y09__P008.jpg,0.761368,19.440688,ok
EES0423830__X27__Y45__P009.jpg,0.684785,18.154301,ok
EES0423830__X2A__Y09__P010.jpg,0.878425,25.651492,ok
EES0423830__X2A__Y45__P011.jpg,0.697951,19.225582,ok
EES0423830__X2D__Y45__P012.jpg,0.696362,19.318710,ok
EES0423830__X33__Y15__P013.jpg,0.630647,18.905542,ok
EES0423830__X39__Y42__P014.jpg,0.914854,28.550930,ok
EES0423830__X3F__Y12__P015.jpg,0.874976,27.821596,ok
EES0423830__X45__Y1B__P016.jpg,0.837042,22.136892,ok
EES0423830__X45__Y33__P017.jpg,0.793456,22.459684,ok
EES0423830__X09__Y15__P018.jpg,0.709178,18.014489,ok
EES0423830__X09__Y30__P019.jpg,0.826999,20.874444,ok
EES0423830__X09__Y36__P020.jpg,0.786179,19.910774,ok
EES0423830__X0C__Y33__P021.jpg,0.747816,18.147126,ok
EES0423830__X0C__Y36__P022.jpg,0.759645,18.609163,ok
EES0423830__X0C__Y39__P023.jpg,0.860470,23.268874,ok
EES0423830__X0C__Y3C__P024.jpg,0.772449,18.955450,ok
EES0423830__X0F__Y33__P025.jpg,0.691391,17.158736,ok
EES0423831__X1E__Y0F__P001.jpg,0.678946,16.881668,ok
EES0423831__X21__Y0C__P002.jpg,0.780424,20.160836,ok
EES0423831__X24__Y36__P003.jpg,0.721934,17.923360,ok
EES0423831__X27__Y09__P004.jpg,0.929318,31.466051,ok
EES0423831__X27__Y0C__P005.jpg,0.747382,18.318092,ok
EES0423831__X2A__Y0C__P006.jpg,0.689271,18.307315,ok
EES0423831__X2A__Y45__P007.jpg,0.819423,20.758368,ok
EES0423831__X2D__Y0C__P008.jpg,0.789877,19.966847,ok
EES0423831__X2D__Y0F__P009.jpg,0.670784,16.955221,ok
EES0423831__X2D__Y3C__P010.jpg,0.859556,22.340136,ok
EES0423831__X2D__Y45__P011.jpg,0.718883,17.135141,ok
EES0423831__X30__Y0F__P012.jpg,0.830017,19.898713,ok
EES0423831__X30__Y12__P013.jpg,0.739004,18.524375,ok
EES0423831__X33__Y0F__P014.jpg,0.614263,17.035825,ok
EES0423831__X33__Y1B__P015.jpg,0.754845,19.130866,ok
EES0423831__X33__Y3F__P016.jpg,0.685767,18.074073,ok
EES0423831__X33__Y45__P017.jpg,0.860594,22.191597,ok
EES0423831__X36__Y0F__P018.jpg,0.783358,19.566815,ok
EES0423831__X36__Y12__P019.jpg,0.690818,16.655089,ok
EES0423831__X36__Y15__P020.jpg,0.741307,19.691480,ok
EES0423831__X36__Y18__P021.jpg,0.854373,22.456645,ok
EES0423831__X36__Y2A__P022.jpg,0.793417,20.309040,ok
EES0423831__X36__Y3F__P023.jpg,0.750009,19.775375,ok
EES0423831__X39__Y12__P024.jpg,0.780028,18.835881,ok
EES0423831__X39__Y30__P025.jpg,0.723432,18.647852,ok
EES0423832__X1B__Y3C__P001.jpg,0.801777,20.802767,ok
EES0423832__X1E__Y12__P002.jpg,0.690052,18.671085,ok
EES0423832__X1E__Y21__P003.jpg,0.676336,18.671868,ok
EES0423832__X21__Y1B__P004.jpg,0.783918,20.525072,ok
EES0423832__X21__Y1E__P005.jpg,0.734195,18.247915,ok
EES0423832__X21__Y2A__P006.jpg,0.690811,18.312829,ok
EES0423832__X24__Y12__P007.jpg,0.774200,20.390412,ok
EES0423832__X24__Y36__P008.jpg,0.861955,25.879458,ok
EES0423832__X24__Y3C__P009.jpg,0.684569,19.070482,ok
EES0423832__X27__Y1B__P010.jpg,0.872772,25.056355,ok
EES0423832__X27__Y24__P011.jpg,0.751410,18.977904,ok
EES0423832__X27__Y3F__P012.jpg,0.725776,19.043075,ok
EES0423832__X2A__Y39__P013.jpg,0.837485,23.272811,ok
EES0423832__X2A__Y3F__P014.jpg,0.675608,18.019975,ok
EES0423832__X2A__Y45__P015.jpg,0.776719,19.738931,ok
EES0423832__X2D__Y12__P016.jpg,0.727631,18.963890,ok
EES0423832__X2D__Y27__P017.jpg,0.864785,23.961151,ok
EES0423832__X2D__Y30__P018.jpg,0.793811,20.472037,ok
EES0423832__X2D__Y3F__P019.jpg,0.751817,19.629443,ok
EES0423832__X30__Y12__P020.jpg,0.754952,19.205698,ok
EES0423832__X30__Y18__P021.jpg,0.895653,26.019432,ok
EES0423832__X30__Y2A__P022.jpg,0.758473,19.559896,ok
EES0423832__X30__Y36__P023.jpg,0.798190,21.588175,ok
EES0423832__X33__Y12__P024.jpg,0.844793,22.965776,ok
EES0423832__X33__Y15__P025.jpg,0.690597,18.207043,ok
EES0423833__X27__Y12__P001.jpg,0.826939,23.386940,ok
EES0423833__X27__Y24__P002.jpg,0.849642,22.965898,ok
EES0423833__X27__Y27__P003.jpg,0.851133,20.556319,ok
EES0423833__X27__Y33__P004.jpg,0.809859,22.987688,ok
EES0423833__X2A__Y1E__P005.jpg,0.829685,21.325959,ok
EES0423833__X2A__Y21__P006.jpg,0.818587,19.135419,ok
EES0423833__X2A__Y24__P007.jpg,0.811422,21.142111,ok
EES0423833__X2D__Y18__P008.jpg,0.811340,21.335707,ok
EES0423833__X2D__Y21__P009.jpg,0.796233,20.541561,ok
EES0423833__X2D__Y2D__P010.jpg,0.839047,22.552447,ok
EES0423833__X2D__Y33__P011.jpg,0.766485,22.466387,ok
EES0423833__X2D__Y36__P012.jpg,0.672376,18.113911,ok
EES0423833__X2D__Y3F__P013.jpg,0.831497,23.638235,ok
EES0423833__X30__Y21__P014.jpg,0.803001,22.053867,ok
EES0423833__X30__Y24__P015.jpg,0.622936,17.628830,ok
EES0423833__X30__Y30__P016.jpg,0.841343,23.447578,ok
EES0423833__X30__Y36__P017.jpg,0.814288,22.742037,ok
EES0423833__X33__Y18__P018.jpg,0.836900,23.848516,ok
EES0423833__X33__Y1B__P019.jpg,0.735273,18.755833,ok
EES0423833__X33__Y30__P020.jpg,0.778875,21.465038,ok
EES0423833__X36__Y18__P021.jpg,0.763678,20.660219,ok
EES0423833__X36__Y1B__P022.jpg,0.750032,19.358830,ok
EES0423833__X36__Y27__P023.jpg,0.749061,19.214600,ok
EES0423833__X39__Y24__P024.jpg,0.840333,23.033068,ok
EES0423833__X39__Y27__P025.jpg,0.796134,21.622157,ok
EES0423834__X39__Y36__P001.jpg,0.835346,23.566776,ok
EES0423834__X3C__Y30__P002.jpg,0.777463,20.315293,ok
EES0423834__X03__Y27__P003.jpg,0.884305,22.746687,ok
EES0423834__X06__Y1B__P004.jpg,0.719053,18.733529,ok
EES0423834__X06__Y24__P005.jpg,0.811357,21.281331,ok
EES0423834__X06__Y2A__P006.jpg,0.790999,22.429783,ok
EES0423834__X0C__Y15__P007.jpg,0.879153,25.144283,ok
EES0423834__X0C__Y1B__P008.jpg,0.753641,20.152701,ok
EES0423834__X0F__Y12__P009.jpg,0.699415,20.446880,ok
EES0423834__X15__Y0F__P010.jpg,0.844034,22.967440,ok
EES0423834__X18__Y0C__P011.jpg,0.726473,19.838689,ok
EES0423834__X18__Y0F__P012.jpg,0.852445,23.093881,ok
EES0423834__X1B__Y0C__P013.jpg,0.845017,24.954135,ok
EES0423834__X1B__Y0F__P014.jpg,0.873627,26.366624,ok
EES0423834__X24__Y0C__P015.jpg,0.864204,23.830256,ok
EES0423834__X24__Y0F__P016.jpg,0.757730,20.143900,ok
EES0423834__X24__Y12__P017.jpg,0.625762,17.894859,ok
EES0423834__X27__Y09__P018.jpg,0.912225,30.438416,ok
EES0423834__X2A__Y15__P019.jpg,0.583712,16.397315,ok
EES0423834__X2D__Y0C__P020.jpg,0.851980,24.830822,ok
EES0423834__X2D__Y2A__P021.jpg,0.717564,19.535093,ok
EES0423834__X30__Y0C__P022.jpg,0.917625,28.905540,ok
EES0423834__X30__Y0F__P023.jpg,0.769478,20.062619,ok
EES0423834__X30__Y45__P024.jpg,0.762370,21.617565,ok
EES0423834__X33__Y1E__P025.jpg,0.769923,19.640104,ok
EES0423835__X36__Y0F__P001.jpg,0.910270,28.432866,ok
EES0423835__X36__Y18__P002.jpg,0.666749,18.310280,ok
EES0423835__X39__Y12__P003.jpg,0.894381,24.685624,ok
EES0423835__X39__Y15__P004.jpg,0.817155,21.264399,ok
EES0423835__X3C__Y15__P005.jpg,0.814826,20.252933,ok
EES0423835__X3C__Y21__P006.jpg,0.727507,21.230159,ok
EES0423835__X3C__Y3C__P007.jpg,0.783484,23.475295,ok
EES0423835__X3F__Y1B__P008.jpg,0.537043,16.749248,ok
EES0423835__X3F__Y21__P009.jpg,0.587420,17.384518,ok
EES0423835__X3F__Y2D__P010.jpg,0.713224,20.564098,ok
EES0423835__X42__Y15__P011.jpg,0.922716,29.161009,ok
EES0423835__X42__Y1B__P012.jpg,0.866254,26.650536,ok
EES0423835__X42__Y1E__P013.jpg,0.853872,26.023889,ok
EES0423835__X42__Y30__P014.jpg,0.781267,21.729599,ok
EES0423835__X42__Y33__P015.jpg,0.793033,21.337254,ok
EES0423835__X45__Y24__P016.jpg,0.925564,32.178024,ok
EES0423835__X45__Y45__P017.jpg,0.818957,20.906737,ok
EES0423835__X06__Y27__P018.jpg,0.860453,24.810833,ok
EES0423835__X0C__Y1B__P019.jpg,0.773944,20.694055,ok
EES0423835__X0C__Y27__P020.jpg,0.839597,22.855970,ok
EES0423835__X0C__Y2D__P021.jpg,0.887022,25.984594,ok
EES0423835__X0C__Y39__P022.jpg,0.776051,22.906641,ok
EES0423835__X0F__Y18__P023.jpg,0.884096,24.615531,ok
EES0423835__X0F__Y21__P024.jpg,0.751748,21.601856,ok
EES0423835__X0F__Y24__P025.jpg,0.903975,30.545062,ok
EES0423836__X0F__Y39__P001.jpg,0.818293,22.021322,ok
EES0423836__X12__Y12__P002.jpg,0.786891,21.080581,ok
EES0423836__X15__Y12__P003.jpg,0.840888,24.059515,ok
EES0423836__X15__Y33__P004.jpg,0.797800,21.890603,ok
EES0423836__X18__Y12__P005.jpg,0.736774,19.706882,ok
EES0423836__X18__Y15__P006.jpg,0.827641,22.295762,ok
EES0423836__X18__Y18__P007.jpg,0.841891,22.386396,ok
EES0423836__X18__Y1B__P008.jpg,0.726048,19.946155,ok
EES0423836__X1B__Y12__P009.jpg,0.804934,22.840488,ok
EES0423836__X1B__Y15__P010.jpg,0.839267,20.360550,ok
EES0423836__X1E__Y12__P011.jpg,0.835416,23.515504,ok
EES0423836__X1E__Y18__P012.jpg,0.874970,25.262227,ok
EES0423836__X1E__Y1B__P013.jpg,0.788138,21.829264,ok
EES0423836__X1E__Y3F__P014.jpg,0.849354,23.334147,ok
EES0423836__X21__Y15__P015.jpg,0.849556,23.893493,ok
EES0423836__X21__Y18__P016.jpg,0.874729,25.081186,ok
EES0423836__X21__Y33__P017.jpg,0.884039,25.791668,ok
EES0423836__X21__Y3C__P018.jpg,0.855784,24.360559,ok
EES0423836__X27__Y15__P019.jpg,0.800062,21.914543,ok
EES0423836__X27__Y18__P020.jpg,0.796996,22.804342,ok
EES0423836__X27__Y39__P021.jpg,0.882421,25.486180,ok
EES0423836__X2A__Y15__P022.jpg,0.781854,21.869660,ok
EES0423836__X2A__Y2A__P023.jpg,0.866125,26.256918,ok
EES0423836__X2A__Y30__P024.jpg,0.797291,21.394812,ok
EES0423836__X2A__Y39__P025.jpg,0.776537,21.530937,ok
EES0423837__X2D__Y21__P001.jpg,0.839122,23.510096,ok
EES0423837__X2D__Y2A__P002.jpg,0.871586,26.961959,ok
EES0423837__X2D__Y33__P003.jpg,0.914591,26.535224,ok
EES0423837__X2D__Y3F__P004.jpg,0.825078,23.157350,ok
EES0423837__X30__Y36__P005.jpg,0.852595,24.029620,ok
EES0423837__X30__Y3F__P006.jpg,0.830700,23.903690,ok
EES0423837__X33__Y2A__P007.jpg,0.679869,19.779449,ok
EES0423837__X33__Y36__P008.jpg,0.756525,21.623475,ok
EES0423837__X36__Y1E__P009.jpg,0.875840,24.980380,ok
EES0423837__X36__Y21__P010.jpg,0.869320,25.115305,ok
EES0423837__X39__Y24__P011.jpg,0.901377,27.366357,ok
EES0423837__X39__Y30__P012.jpg,0.892715,24.414255,ok
EES0423837__X3C__Y30__P013.jpg,0.904650,27.106956,ok
EES0423837__X3C__Y33__P014.jpg,0.752714,21.771677,ok
EES0423837__X0C__Y27__P015.jpg,0.745872,18.868342,ok
EES0423837__X0C__Y2A__P016.jpg,0.835497,23.620673,ok
EES0423837__X0F__Y27__P017.jpg,0.708202,17.211049,ok
EES0423837__X15__Y39__P018.jpg,0.866845,23.013158,ok
EES0423837__X1B__Y12__P019.jpg,0.901816,26.677762,ok
EES0423837__X1B__Y36__P020.jpg,0.768004,18.421186,ok
EES0423837__X1B__Y39__P021.jpg,0.739473,19.668863,ok
EES0423837__X1B__Y3C__P022.jpg,0.692385,17.404403,ok
EES0423837__X1E__Y39__P023.jpg,0.694044,18.963547,ok
EES0423837__X21__Y12__P024.jpg,0.802843,20.939131,ok
EES0423837__X21__Y36__P025.jpg,0.726218,19.788013,ok
EES0423838__X21__Y39__P001.jpg,0.785798,22.715613,ok
EES0423838__X2A__Y27__P002.jpg,0.720773,16.836154,ok
EES0423838__X2A__Y2A__P003.jpg,0.700467,17.878414,ok
EES0423838__X2A__Y2D__P004.jpg,0.713609,19.437684,ok
EES0423838__X2D__Y2D__P005.jpg,0.802912,20.187061,ok
EES0423838__X30__Y12__P006.jpg,0.773308,19.257677,ok
EES0423838__X33__Y27__P007.jpg,0.796071,21.351644,ok
EES0423838__X36__Y12__P008.jpg,0.751663,17.898085,ok
EES0423838__X36__Y15__P009.jpg,0.706233,17.715230,ok
EES0423838__X36__Y1E__P010.jpg,0.758803,19.504934,ok
EES0423838__X39__Y12__P011.jpg,0.732550,18.601908,ok
EES0423838__X39__Y15__P012.jpg,0.741246,17.910822,ok
EES0423838__X39__Y18__P013.jpg,0.854648,22.417477,ok
EES0423838__X39__Y1B__P014.jpg,0.674289,17.807483,ok
EES0423838__X39__Y1E__P015.jpg,0.710223,19.991735,ok
EES0423838__X39__Y24__P016.jpg,0.691565,19.118952,ok
EES0423838__X3C__Y15__P017.jpg,0.858802,23.582655,ok
EES0423838__X3C__Y18__P018.jpg,0.696537,18.278629,ok
EES0423838__X3C__Y1B__P019.jpg,0.755385,21.297700,ok
EES0423838__X3F__Y18__P020.jpg,0.816927,22.695217,ok
EES0423838__X42__Y1B__P021.jpg,0.905516,26.167390,ok
EES0423838__X42__Y21__P022.jpg,0.862644,24.005591,ok
EES0423838__X45__Y24__P023.jpg,0.745383,20.895730,ok
EES0423838__X06__Y1B__P024.jpg,0.772473,18.751984,ok
EES0423838__X06__Y2D__P025.jpg,0.655691,17.045611,ok
EES0423839__X21__Y45__P001.jpg,0.868648,23.007777,ok
EES0423839__X24__Y09__P002.jpg,0.690192,18.129326,ok
EES0423839__X24__Y12__P003.jpg,0.643604,17.974613,ok
EES0423839__X24__Y3F__P004.jpg,0.705497,19.176016,ok
EES0423839__X27__Y09__P005.jpg,0.790610,19.032856,ok
EES0423839__X2D__Y39__P006.jpg,0.738332,19.700430,ok
EES0423839__X33__Y33__P007.jpg,0.768565,19.691888,ok
EES0423839__X33__Y39__P008.jpg,0.706385,19.139936,ok
EES0423839__X36__Y12__P009.jpg,0.786172,20.639995,ok
EES0423839__X36__Y39__P010.jpg,0.786631,19.945949,ok
EES0423839__X36__Y3C__P011.jpg,0.802621,22.152785,ok
EES0423839__X39__Y39__P012.jpg,0.778883,19.806292,ok
EES0423839__X0C__Y18__P013.jpg,0.889401,25.673890,ok
EES0423839__X0C__Y33__P014.jpg,0.681170,16.466427,ok
EES0423839__X0F__Y33__P015.jpg,0.729479,18.766359,ok
EES0423839__X0F__Y36__P016.jpg,0.800578,17.661534,ok
EES0423839__X0F__Y3C__P017.jpg,0.845262,21.308265,ok
EES0423839__X12__Y39__P018.jpg,0.828874,20.720095,ok
EES0423839__X12__Y3C__P019.jpg,0.669803,16.392887,ok
EES0423839__X15__Y15__P020.jpg,0.881422,24.000114,ok
EES0423839__X18__Y12__P021.jpg,0.800143,21.357805,ok
EES0423839__X18__Y2A__P022.jpg,0.715373,18.440067,ok
EES0423839__X18__Y2D__P023.jpg,0.828429,21.323128,ok
EES0423839__X18__Y42__P024.jpg,0.879689,23.512456,ok
EES0423839__X1B__Y36__P025.jpg,0.704256,17.778604,ok
EES0423840__X21__Y12__P001.jpg,0.768055,19.831352,ok
EES0423840__X21__Y15__P002.jpg,0.834598,20.853030,ok
EES0423840__X21__Y21__P003.jpg,0.856637,21.766042,ok
EES0423840__X21__Y24__P004.jpg,0.669493,17.406389,ok
EES0423840__X21__Y27__P005.jpg,0.875450,25.056200,ok
EES0423840__X21__Y2A__P006.jpg,0.792126,20.497873,ok
EES0423840__X21__Y36__P007.jpg,0.636875,18.208295,ok
EES0423840__X24__Y15__P008.jpg,0.699709,17.555457,ok
EES0423840__X24__Y21__P009.jpg,0.781913,19.262498,ok
EES0423840__X24__Y39__P010.jpg,0.775159,19.072400,ok
EES0423840__X24__Y3C__P011.jpg,0.812578,20.732379,ok
EES0423840__X27__Y0C__P012.jpg,0.800969,21.003956,ok
EES0423840__X27__Y15__P013.jpg,0.911535,26.701840,ok
EES0423840__X27__Y21__P014.jpg,0.709644,17.682220,ok
EES0423840__X27__Y27__P015.jpg,0.848415,21.635889,ok
EES0423840__X27__Y2A__P016.jpg,0.838975,21.301526,ok
EES0423840__X2A__Y15__P017.jpg,0.745868,18.771066,ok
EES0423840__X2A__Y21__P018.jpg,0.776246,19.181800,ok
EES0423840__X2A__Y27__P019.jpg,0.788675,19.958521,ok
EES0423840__X2A__Y2A__P020.jpg,0.815554,20.608733,ok
EES0423840__X2D__Y21__P021.jpg,0.793999,20.063996,ok
EES0423840__X2D__Y24__P022.jpg,0.782026,21.923394,ok
EES0423840__X30__Y21__P023.jpg,0.754711,18.478747,ok
EES0423840__X30__Y24__P024.jpg,0.679336,16.549917,ok
EES0423840__X30__Y30__P025.jpg,0.781637,19.545959,ok
EES0423841__X2A__Y0F__P001.jpg,0.793716,21.794925,ok
EES0423841__X2A__Y18__P002.jpg,0.797729,20.872675,ok
EES0423841__X2D__Y0C__P003.jpg,0.706996,18.409172,ok
EES0423841__X2D__Y0F__P004.jpg,0.811209,21.775253,ok
EES0423841__X2D__Y1B__P005.jpg,0.696541,17.963539,ok
EES0423841__X2D__Y45__P006.jpg,0.888253,24.050630,ok
EES0423841__X30__Y0C__P007.jpg,0.814489,20.913264,ok
EES0423841__X30__Y1B__P008.jpg,0.774603,19.695828,ok
EES0423841__X33__Y0F__P009.jpg,0.792748,20.272274,ok
EES0423841__X33__Y12__P010.jpg,0.769179,19.411235,ok
EES0423841__X33__Y18__P011.jpg,0.782256,21.088125,ok
EES0423841__X33__Y1B__P012.jpg,0.753862,19.752175,ok
EES0423841__X33__Y1E__P013.jpg,0.797624,22.064308,ok
EES0423841__X36__Y0F__P014.jpg,0.803475,20.435051,ok
EES0423841__X36__Y12__P015.jpg,0.691003,17.736795,ok
EES0423841__X36__Y15__P016.jpg,0.774043,19.113215,ok
EES0423841__X36__Y3F__P017.jpg,0.865222,22.841024,ok
EES0423841__X39__Y12__P018.jpg,0.788391,20.035122,ok
EES0423841__X39__Y3C__P019.jpg,0.836185,23.791997,ok
EES0423841__X3C__Y15__P020.jpg,0.853296,22.386021,ok
EES0423841__X3C__Y39__P021.jpg,0.817301,22.344897,ok
EES0423841__X3F__Y18__P022.jpg,0.916146,33.481546,ok
EES0423841__X3F__Y1B__P023.jpg,0.794175,20.422858,ok
EES0423841__X3F__Y1E__P024.jpg,0.717002,19.094437,ok
EES0423841__X3F__Y24__P025.jpg,0.804056,21.998930,ok
EES0423842__X3F__Y27__P001.jpg,0.760028,19.879508,ok
EES0423842__X3F__Y33__P002.jpg,0.701221,17.792932,ok
EES0423842__X3F__Y36__P003.jpg,0.892955,28.566566,ok
EES0423842__X42__Y21__P004.jpg,0.819003,22.512481,ok
EES0423842__X42__Y24__P005.jpg,0.767860,20.562654,ok
EES0423842__X42__Y2A__P006.jpg,0.794212,21.063160,ok
EES0423842__X42__Y2D__P007.jpg,0.858319,24.253028,ok
EES0423842__X21__Y2A__P008.jpg,0.823897,22.575569,ok
EES0423842__X27__Y0F__P009.jpg,0.796483,19.702200,ok
EES0423842__X27__Y2A__P010.jpg,0.884073,24.794759,ok
EES0423842__X2A__Y27__P011.jpg,0.831356,22.698970,ok
EES0423842__X2D__Y21__P012.jpg,0.850160,23.938389,ok
EES0423842__X2D__Y2A__P013.jpg,0.814379,20.602924,ok
EES0423842__X2D__Y36__P014.jpg,0.892907,26.378458,ok
EES0423842__X30__Y1B__P015.jpg,0.824790,20.177256,ok
EES0423842__X30__Y21__P016.jpg,0.703495,18.277465,ok
EES0423842__X30__Y24__P017.jpg,0.785570,20.269502,ok
EES0423842__X30__Y27__P018.jpg,0.802204,19.890615,ok
EES0423842__X30__Y2A__P019.jpg,0.824732,20.298879,ok
EES0423842__X33__Y1B__P020.jpg,0.779716,20.372296,ok
EES0423842__X33__Y21__P021.jpg,0.801548,21.638197,ok
EES0423842__X33__Y24__P022.jpg,0.584329,17.534310,ok
EES0423842__X33__Y27__P023.jpg,0.901092,28.517506,ok
EES0423842__X33__Y2A__P024.jpg,0.842694,21.787541,ok
EES0423842__X36__Y1B__P025.jpg,0.793928,20.925901,ok
EES0423843__X36__Y0C__P001.jpg,0.846354,23.775512,ok
EES0423843__X36__Y15__P002.jpg,0.649786,16.721577,ok
EES0423843__X36__Y18__P003.jpg,0.748853,18.765691,ok
EES0423843__X39__Y15__P004.jpg,0.677062,17.902717,ok
EES0423843__X39__Y18__P005.jpg,0.648352,17.606408,ok
EES0423843__X39__Y21__P006.jpg,0.704141,18.122137,ok
EES0423843__X3C__Y15__P007.jpg,0.643910,17.500511,ok
EES0423843__X3C__Y18__P008.jpg,0.762814,19.556296,ok
EES0423843__X3C__Y2D__P009.jpg,0.774549,19.807131,ok
EES0423843__X3C__Y33__P010.jpg,0.716081,19.025786,ok
EES0423843__X3F__Y27__P011.jpg,0.746902,18.594311,ok
EES0423843__X3F__Y2A__P012.jpg,0.754505,18.846285,ok
EES0423843__X3F__Y30__P013.jpg,0.608465,16.972004,ok
EES0423843__X42__Y24__P014.jpg,0.856453,21.959135,ok
EES0423843__X42__Y27__P015.jpg,0.822935,21.252352,ok
EES0423843__X42__Y2A__P016.jpg,0.638856,17.213788,ok
EES0423843__X42__Y30__P017.jpg,0.695584,17.181165,ok
EES0423843__X45__Y27__P018.jpg,0.799889,19.736600,ok
EES0423843__X45__Y2A__P019.jpg,0.809951,20.494499,ok
EES0423843__X48__Y2A__P020.jpg,0.820731,21.169650,ok
EES0423843__X03__Y1B__P021.jpg,0.840151,22.212428,ok
EES0423843__X03__Y1E__P022.jpg,0.595089,18.209760,ok
EES0423843__X03__Y21__P023.jpg,0.533346,16.690480,ok
EES0423843__X06__Y18__P024.jpg,0.852921,23.396667,ok
EES0423843__X09__Y0F__P025.jpg,0.901028,27.931413,ok
EES0423844__X45__Y2D__P001.jpg,0.822688,22.737676,ok
EES0423844__X45__Y33__P002.jpg,0.761958,20.129621,ok
EES0423844__X0C__Y30__P003.jpg,0.877053,23.861830,ok
EES0423844__X0C__Y33__P004.jpg,0.770582,20.153574,ok
EES0423844__X0F__Y2D__P005.jpg,0.893413,26.525386,ok
EES0423844__X0F__Y30__P006.jpg,0.838595,23.209866,ok
EES0423844__X0F__Y33__P007.jpg,0.812258,22.085313,ok
EES0423844__X12__Y2D__P008.jpg,0.860558,24.176422,ok
EES0423844__X12__Y30__P009.jpg,0.811924,21.203903,ok
EES0423844__X12__Y33__P010.jpg,0.779960,20.404052,ok
EES0423844__X12__Y36__P011.jpg,0.786688,20.638834,ok
EES0423844__X15__Y27__P012.jpg,0.824908,24.298767,ok
EES0423844__X15__Y2A__P013.jpg,0.753924,20.392101,ok
EES0423844__X15__Y2D__P014.jpg,0.912751,30.154846,ok
EES0423844__X15__Y33__P015.jpg,0.844414,25.886367,ok
EES0423844__X15__Y36__P016.jpg,0.822053,22.377865,ok
EES0423844__X15__Y39__P017.jpg,0.826258,23.826293,ok
EES0423844__X18__Y2A__P018.jpg,0.814614,23.446297,ok
EES0423844__X18__Y30__P019.jpg,0.837997,22.105655,ok
EES0423844__X18__Y39__P020.jpg,0.848393,24.262360,ok
EES0423844__X18__Y3C__P021.jpg,0.833887,22.130300,ok
EES0423844__X1B__Y24__P022.jpg,0.804185,19.722953,ok
EES0423844__X1B__Y27__P023.jpg,0.832650,24.320544,ok
EES0423844__X1B__Y2D__P024.jpg,0.850759,23.625188,ok
EES0423844__X1B__Y33__P025.jpg,0.837063,24.465045,ok
EES0423845__X1E__Y27__P001.jpg,0.827199,22.341583,ok
EES0423845__X1E__Y2A__P002.jpg,0.791150,20.472610,ok
EES0423845__X1E__Y2D__P003.jpg,0.725489,18.595083,ok
EES0423845__X1E__Y30__P004.jpg,0.751721,19.612835,ok
EES0423845__X21__Y27__P005.jpg,0.825328,21.068937,ok
EES0423845__X21__Y2A__P006.jpg,0.869615,24.947119,ok
EES0423845__X21__Y30__P007.jpg,0.673935,17.023370,ok
EES0423845__X24__Y2A__P008.jpg,0.814456,20.627167,ok
EES0423845__X24__Y39__P009.jpg,0.772372,19.412927,ok
EES0423845__X2A__Y0C__P010.jpg,0.855291,22.669481,ok
EES0423845__X2A__Y15__P011.jpg,0.897378,26.022309,ok
EES0423845__X2A__Y1B__P012.jpg,0.796028,20.739351,ok
EES0423845__X2A__Y1E__P013.jpg,0.877216,23.327585,ok
EES0423845__X2D__Y12__P014.jpg,0.818572,21.765505,ok
EES0423845__X30__Y0C__P015.jpg,0.826952,21.720925,ok
EES0423845__X30__Y12__P016.jpg,0.898494,26.766973,ok
EES0423845__X30__Y1E__P017.jpg,0.786627,21.018752,ok
EES0423845__X33__Y1B__P018.jpg,0.906426,28.974145,ok
EES0423845__X33__Y1E__P019.jpg,0.745240,21.584543,ok
EES0423845__X33__Y21__P020.jpg,0.848103,22.195556,ok
EES0423845__X33__Y39__P021.jpg,0.828328,21.631646,ok
EES0423845__X36__Y15__P022.jpg,0.846792,23.362932,ok
EES0423845__X36__Y1E__P023.jpg,0.857376,23.362946,ok
EES0423845__X36__Y21__P024.jpg,0.722994,18.919058,ok
EES0423845__X39__Y1E__P025.jpg,0.781066,19.070743,ok
EES0423846__X0F__Y21__P001.jpg,0.640673,16.762699,ok
EES0423846__X12__Y21__P002.jpg,0.628016,16.225426,ok
EES0423846__X3F__Y21__P003.jpg,0.614830,15.928608,ok
EES0423846__X3C__Y21__P004.jpg,0.916214,30.523862,ok
EES0423846__X03__Y33__P005.jpg,0.852335,22.343014,ok
EES0423846__X30__Y0C__P006.jpg,0.836887,20.375137,ok
EES0423846__X30__Y21__P007.jpg,0.798444,20.053264,ok
EES0423846__X33__Y0C__P008.jpg,0.862231,23.192071,ok
EES0423846__X33__Y0F__P009.jpg,0.739667,18.764525,ok
EES0423846__X33__Y12__P010.jpg,0.666562,18.459669,ok
EES0423846__X33__Y1B__P011.jpg,0.738174,17.815064,ok
EES0423846__X33__Y1E__P012.jpg,0.686806,17.248455,ok
EES0423846__X33__Y21__P013.jpg,0.811374,21.400427,ok
EES0423846__X36__Y1B__P014.jpg,0.694518,17.725482,ok
EES0423846__X36__Y21__P015.jpg,0.761482,19.442740,ok
EES0423846__X36__Y24__P016.jpg,0.662566,18.088839,ok
EES0423846__X36__Y27__P017.jpg,0.728384,19.142469,ok
EES0423846__X39__Y1B__P018.jpg,0.650008,18.199249,ok
EES0423846__X39__Y21__P019.jpg,0.775919,19.685318,ok
EES0423846__X39__Y24__P020.jpg,0.760336,19.504383,ok
EES0423846__X39__Y27__P021.jpg,0.629418,17.389906,ok
EES0423846__X3C__Y1B__P022.jpg,0.845830,23.110169,ok
EES0423846__X3C__Y1E__P023.jpg,0.788811,19.821719,ok
EES0423846__X3C__Y21__P024.jpg,0.689194,17.658845,ok
EES0423846__X3C__Y24__P025.jpg,0.613097,16.824438,ok
EES0423847__X3C__Y27__P001.jpg,0.676609,19.407689,ok
EES0423847__X3C__Y2A__P002.jpg,0.648266,18.371569,ok
EES0423847__X3C__Y2D__P003.jpg,0.748970,19.324470,ok
EES0423847__X3C__Y30__P004.jpg,0.891786,30.209635,ok
EES0423847__X06__Y1B__P005.jpg,0.902231,28.992824,ok
EES0423847__X06__Y27__P006.jpg,0.856187,24.103478,ok
EES0423847__X06__Y2A__P007.jpg,0.879465,24.072557,ok
EES0423847__X09__Y15__P008.jpg,0.886282,24.793449,ok
EES0423847__X09__Y1B__P009.jpg,0.796783,20.530108,ok
EES0423847__X09__Y1E__P010.jpg,0.861334,21.602322,ok
EES0423847__X09__Y21__P011.jpg,0.815306,22.871658,ok
EES0423847__X09__Y24__P012.jpg,0.869007,25.159108,ok
EES0423847__X09__Y2A__P013.jpg,0.896770,24.965417,ok
EES0423847__X0C__Y15__P014.jpg,0.799485,19.630469,ok
EES0423847__X0C__Y18__P015.jpg,0.792303,20.137878,ok
EES0423847__X0C__Y1B__P016.jpg,0.776342,21.700447,ok
EES0423847__X0C__Y24__P017.jpg,0.833275,23.560412,ok
EES0423847__X0C__Y27__P018.jpg,0.842065,24.063158,ok
EES0423847__X0C__Y2A__P019.jpg,0.832554,23.929479,ok
EES0423847__X0F__Y0F__P020.jpg,0.848320,23.747152,ok
EES0423847__X0F__Y15__P021.jpg,0.808225,22.247666,ok
EES0423847__X0F__Y21__P022.jpg,0.743324,21.113169,ok
EES0423847__X0F__Y27__P023.jpg,0.743550,21.756096,ok
EES0423847__X0F__Y30__P024.jpg,0.859551,24.450790,ok
EES0423847__X0F__Y33__P025.jpg,0.817822,22.216546,ok
EES0423848__X15__Y0F__P001.jpg,0.929636,29.539290,ok
EES0423848__X18__Y3F__P002.jpg,0.829017,22.443833,ok
EES0423848__X18__Y42__P003.jpg,0.698084,19.242297,ok
EES0423848__X1B__Y3F__P004.jpg,0.755478,20.556833,ok
EES0423848__X21__Y0C__P005.jpg,0.833628,23.832946,ok
EES0423848__X24__Y0C__P006.jpg,0.913763,27.926755,ok
EES0423848__X2A__Y2D__P007.jpg,0.833551,22.775650,ok
EES0423848__X2D__Y0F__P008.jpg,0.874029,28.559921,ok
EES0423848__X2D__Y39__P009.jpg,0.733481,21.048666,ok
EES0423848__X30__Y3F__P010.jpg,0.780325,20.468007,ok
EES0423848__X06__Y1B__P011.jpg,0.839142,22.433100,ok
EES0423848__X06__Y1E__P012.jpg,0.861074,24.742070,ok
EES0423848__X09__Y15__P013.jpg,0.895456,26.633611,ok
EES0423848__X09__Y18__P014.jpg,0.812183,21.487126,ok
EES0423848__X09__Y1B__P015.jpg,0.694495,17.934910,ok
EES0423848__X09__Y21__P016.jpg,0.781346,21.048616,ok
EES0423848__X09__Y24__P017.jpg,0.777785,23.484763,ok
EES0423848__X09__Y27__P018.jpg,0.734903,21.047150,ok
EES0423848__X09__Y2A__P019.jpg,0.877309,24.421333,ok
EES0423848__X09__Y2D__P020.jpg,0.830866,23.960800,ok
EES0423848__X09__Y30__P021.jpg,0.839392,23.337608,ok
EES0423848__X09__Y33__P022.jpg,0.799579,21.688711,ok
EES0423848__X0C__Y1B__P023.jpg,0.654567,17.893227,ok
EES0423848__X0C__Y1E__P024.jpg,0.733842,20.514148,ok
EES0423848__X0C__Y21__P025.jpg,0.797185,21.380286,ok
EES0423849__X1E__Y30__P001.jpg,0.779271,20.688278,ok
EES0423849__X1E__Y33__P002.jpg,0.779762,19.731839,ok
EES0423849__X1E__Y36__P003.jpg,0.821575,22.979855,ok
EES0423849__X21__Y18__P004.jpg,0.842537,22.959756,ok
EES0423849__X21__Y1B__P005.jpg,0.833690,22.299404,ok
EES0423849__X21__Y24__P006.jpg,0.767278,18.801800,ok
EES0423849__X21__Y2A__P007.jpg,0.755304,19.300378,ok
EES0423849__X21__Y2D__P008.jpg,0.804619,21.292623,ok
EES0423849__X21__Y30__P009.jpg,0.740617,18.673485,ok
EES0423849__X21__Y33__P010.jpg,0.766484,19.169452,ok
EES0423849__X21__Y36__P011.jpg,0.773066,19.664896,ok
EES0423849__X24__Y0C__P012.jpg,0.833957,22.182741,ok
EES0423849__X24__Y24__P013.jpg,0.838903,22.502376,ok
EES0423849__X24__Y27__P014.jpg,0.766674,19.654938,ok
EES0423849__X24__Y2A__P015.jpg,0.786563,20.701967,ok
EES0423849__X24__Y30__P016.jpg,0.784893,19.832335,ok
EES0423849__X24__Y33__P017.jpg,0.826932,22.502083,ok
EES0423849__X24__Y36__P018.jpg,0.791143,20.341111,ok
EES0423849__X27__Y30__P019.jpg,0.770898,19.384817,ok
EES0423849__X27__Y33__P020.jpg,0.704933,18.646177,ok
EES0423849__X27__Y36__P021.jpg,0.778577,20.605392,ok
EES0423849__X2A__Y15__P022.jpg,0.865023,24.049608,ok
EES0423849__X2A__Y21__P023.jpg,0.824887,21.430560,ok
EES0423849__X2A__Y2A__P024.jpg,0.842852,23.061930,ok
EES0423849__X2A__Y2D__P025.jpg,0.805618,21.353431,ok
EES0423850__X12__Y21__P001.jpg,0.845135,21.442438,ok
EES0423850__X12__Y27__P002.jpg,0.691034,16.747995,ok
EES0423850__X12__Y2A__P003.jpg,0.721512,17.017668,ok
EES0423850__X2D__Y0C__P004.jpg,0.847495,26.100925,ok
EES0423850__X30__Y42__P005.jpg,0.810290,19.635882,ok
EES0423850__X3F__Y1E__P006.jpg,0.694584,17.127881,ok
EES0423850__X1B__Y09__P007.jpg,0.744327,18.969454,ok
EES0423850__X30__Y06__P008.jpg,0.706692,16.481791,ok
EES0423850__X33__Y06__P009.jpg,0.798200,19.909049,ok
EES0423850__X36__Y0C__P010.jpg,0.697632,17.806326,ok
EES0423850__X36__Y0F__P011.jpg,0.691803,16.504288,ok
EES0423850__X39__Y18__P012.jpg,0.666029,15.884458,ok
EES0423850__X3C__Y0F__P013.jpg,0.659370,15.602638,ok
EES0423850__X3C__Y15__P014.jpg,0.641644,15.853805,ok
EES0423850__X3F__Y39__P015.jpg,0.772911,19.351927,ok
EES0423850__X42__Y36__P016.jpg,0.717513,16.727340,ok
EES0423850__X45__Y33__P017.jpg,0.769679,19.106444,ok
EES0423850__X45__Y36__P018.jpg,0.686817,15.870478,ok
EES0423850__X48__Y15__P019.jpg,0.883231,27.635695,ok
EES0423850__X48__Y21__P020.jpg,0.676802,16.036799,ok
EES0423850__X48__Y30__P021.jpg,0.778790,19.851046,ok
EES0423850__X48__Y33__P022.jpg,0.874091,27.776907,ok
EES0423850__X0C__Y21__P023.jpg,0.826601,21.857397,ok
EES0423850__X0C__Y24__P024.jpg,0.767773,20.740635,ok
EES0423850__X0C__Y2D__P025.jpg,0.808101,21.034400,ok
EES0423851__X3F__Y24__P001.jpg,0.664463,18.163593,ok
EES0423851__X2D__Y1B__P002.jpg,0.814484,18.966360,ok
EES0423851__X33__Y0C__P003.jpg,0.906215,30.694566,ok
EES0423851__X3C__Y1E__P004.jpg,0.807873,20.685663,ok
EES0423851__X3C__Y21__P005.jpg,0.779387,17.506848,ok
EES0423851__X3C__Y27__P006.jpg,0.840643,22.573381,ok
EES0423851__X3F__Y18__P007.jpg,0.868149,23.387531,ok
EES0423851__X3F__Y1E__P008.jpg,0.875943,25.365720,ok
EES0423851__X42__Y1B__P009.jpg,0.815352,22.036883,ok
EES0423851__X48__Y18__P010.jpg,0.475700,11.866887,ok
EES0423851__X1E__Y39__P011.jpg,0.882376,26.209850,ok
EES0423851__X27__Y3F__P012.jpg,0.849461,22.107344,ok
EES0423851__X30__Y30__P013.jpg,0.888536,25.451948,ok
EES0423851__X39__Y1E__P014.jpg,0.835387,23.072086,ok
EES0423851__X39__Y21__P015.jpg,0.845971,23.308028,ok
EES0423851__X3C__Y24__P016.jpg,0.861624,23.596814,ok
EES0423851__X1B__Y09__P017.jpg,0.719402,19.733471,ok
EES0423851__X1B__Y1B__P018.jpg,0.611094,17.966214,ok
EES0423851__X24__Y2D__P019.jpg,0.678968,18.726598,ok
EES0423851__X24__Y30__P020.jpg,0.733243,19.539289,ok
EES0423851__X36__Y30__P021.jpg,0.602884,16.967158,ok
EES0423851__X39__Y06__P022.jpg,0.843863,23.979339,ok
EES0423851__X45__Y18__P023.jpg,0.846966,25.033720,ok
EES0423851__X45__Y21__P024.jpg,0.812177,22.312988,ok
EES0423851__X45__Y24__P025.jpg,0.894457,29.542199,ok
EES0423852__X15__Y2D__P001.jpg,0.681769,17.726585,ok
EES0423852__X15__Y30__P002.jpg,0.783736,19.105754,ok
EES0423852__X18__Y24__P003.jpg,0.703506,18.866472,ok
EES0423852__X18__Y2A__P004.jpg,0.710590,17.409229,ok
EES0423852__X1B__Y21__P005.jpg,0.668648,17.645431,ok
EES0423852__X1B__Y27__P006.jpg,0.771792,19.421001,ok
EES0423852__X1B__Y2D__P007.jpg,0.750888,18.861058,ok
EES0423852__X1B__Y30__P008.jpg,0.791642,19.728941,ok
EES0423852__X1B__Y33__P009.jpg,0.708420,17.953021,ok
EES0423852__X1B__Y36__P010.jpg,0.667185,17.726454,ok
EES0423852__X1E__Y24__P011.jpg,0.784853,20.654285,ok
EES0423852__X1E__Y27__P012.jpg,0.722469,17.297256,ok
EES0423852__X1E__Y33__P013.jpg,0.767215,18.664365,ok
EES0423852__X1E__Y36__P014.jpg,0.846748,22.373080,ok
EES0423852__X1E__Y3C__P015.jpg,0.697192,17.276319,ok
EES0423852__X21__Y30__P016.jpg,0.719211,18.865620,ok
EES0423852__X21__Y33__P017.jpg,0.718579,18.459225,ok
EES0423852__X21__Y36__P018.jpg,0.705452,18.081164,ok
EES0423852__X21__Y39__P019.jpg,0.717773,17.243340,ok
EES0423852__X24__Y1B__P020.jpg,0.720566,17.967458,ok
EES0423852__X24__Y24__P021.jpg,0.658204,17.182828,ok
EES0423852__X24__Y27__P022.jpg,0.615054,16.221973,ok
EES0423852__X24__Y36__P023.jpg,0.653006,16.677324,ok
EES0423852__X24__Y39__P024.jpg,0.707678,18.068461,ok
EES0423852__X24__Y3C__P025.jpg,0.776973,20.056213,ok
EES0423853__X27__Y3F__P001.jpg,0.638274,16.589983,ok
EES0423853__X2A__Y36__P002.jpg,0.673436,16.610933,ok
EES0423853__X2A__Y3F__P003.jpg,0.752354,18.801824,ok
EES0423853__X30__Y3C__P004.jpg,0.689926,17.956565,ok
EES0423853__X33__Y21__P005.jpg,0.795352,19.692749,ok
EES0423853__X33__Y24__P006.jpg,0.690076,17.892786,ok
EES0423853__X33__Y3C__P007.jpg,0.706716,17.947156,ok
EES0423853__X36__Y27__P008.jpg,0.732466,21.071174,ok
EES0423853__X39__Y1E__P009.jpg,0.723541,17.534463,ok
EES0423853__X39__Y27__P010.jpg,0.646594,17.725428,ok
EES0423853__X3C__Y27__P011.jpg,0.814160,19.971868,ok
EES0423853__X3F__Y24__P012.jpg,0.755145,19.540957,ok
EES0423853__X42__Y27__P013.jpg,0.743274,19.238233,ok
EES0423853__X2D__Y27__P014.jpg,0.734451,18.785125,ok
EES0423853__X30__Y27__P015.jpg,0.845060,21.852461,ok
EES0423853__X36__Y24__P016.jpg,0.791191,20.102590,ok
EES0423853__X36__Y2A__P017.jpg,0.744241,18.388997,ok
EES0423853__X36__Y2D__P018.jpg,0.710714,17.672720,ok
EES0423853__X3C__Y2D__P019.jpg,0.791269,19.039138,ok
EES0423853__X42__Y24__P020.jpg,0.696474,18.154649,ok
EES0423853__X42__Y27__P021.jpg,0.754726,18.832152,ok
EES0423853__X45__Y24__P022.jpg,0.826201,21.083904,ok
EES0423853__X48__Y2A__P023.jpg,0.812645,20.341951,ok
EES0423853__X0F__Y21__P024.jpg,0.726123,18.785800,ok
EES0423853__X12__Y24__P025.jpg,0.753967,19.670874,ok
EES0423854__X09__Y1E__P001.jpg,0.817942,19.765004,ok
EES0423854__X09__Y21__P002.jpg,0.776359,20.123059,ok
EES0423854__X0F__Y33__P003.jpg,0.725627,16.983489,ok
EES0423854__X12__Y39__P004.jpg,0.808332,21.867277,ok
EES0423854__X3C__Y33__P005.jpg,0.719709,16.078665,ok
EES0423854__X1B__Y09__P006.jpg,0.819333,21.098239,ok
EES0423854__X33__Y3F__P007.jpg,0.823736,21.770595,ok
EES0423854__X45__Y1B__P008.jpg,0.884178,26.601442,ok
EES0423854__X12__Y21__P009.jpg,0.727491,17.920541,ok
EES0423854__X12__Y24__P010.jpg,0.727833,18.907093,ok
EES0423854__X15__Y21__P011.jpg,0.758317,18.649536,ok
EES0423854__X1B__Y09__P012.jpg,0.911353,30.652876,ok
EES0423854__X1B__Y0C__P013.jpg,0.748009,19.596346,ok
EES0423854__X1B__Y0F__P014.jpg,0.771448,20.454541,ok
EES0423854__X1B__Y3C__P015.jpg,0.852347,24.984235,ok
EES0423854__X1E__Y0C__P016.jpg,0.788886,18.438595,ok
EES0423854__X21__Y0F__P017.jpg,0.618428,16.498139,ok
EES0423854__X21__Y3F__P018.jpg,0.876610,27.708715,ok
EES0423854__X2D__Y06__P019.jpg,0.737253,17.964104,ok
EES0423854__X39__Y09__P020.jpg,0.802671,20.148783,ok
EES0423854__X45__Y18__P021.jpg,0.858898,27.769865,ok
EES0423854__X45__Y1B__P022.jpg,0.665976,17.090319,ok
EES0423854__X12__Y24__P023.jpg,0.802691,21.450589,ok
EES0423854__X0C__Y1B__P024.jpg,0.717220,19.365318,ok
EES0423854__X0C__Y1E__P025.jpg,0.575516,16.460334,ok
EES0423855__X48__Y18__P001.jpg,0.835604,21.311521,ok
EES0423855__X48__Y1B__P002.jpg,0.688906,17.048579,ok
EES0423855__X12__Y27__P003.jpg,0.812933,20.999615,ok
EES0423855__X12__Y2A__P004.jpg,0.706355,18.027429,ok
EES0423855__X15__Y21__P005.jpg,0.674125,15.629326,ok
EES0423855__X15__Y27__P006.jpg,0.629344,16.560143,ok
EES0423855__X15__Y2A__P007.jpg,0.710480,18.465961,ok
EES0423855__X15__Y2D__P008.jpg,0.713555,17.438318,ok
EES0423855__X15__Y30__P009.jpg,0.603492,16.459894,ok
EES0423855__X15__Y36__P010.jpg,0.708046,18.076017,ok
EES0423855__X18__Y21__P011.jpg,0.726464,16.979911,ok
EES0423855__X18__Y27__P012.jpg,0.586528,15.097593,ok
EES0423855__X18__Y2A__P013.jpg,0.664259,16.598264,ok
EES0423855__X1B__Y21__P014.jpg,0.629542,16.208440,ok
EES0423855__X1E__Y15__P015.jpg,0.742029,18.687230,ok
EES0423855__X1E__Y18__P016.jpg,0.809926,19.160435,ok
EES0423855__X1E__Y21__P017.jpg,0.744074,18.678145,ok
EES0423855__X1E__Y24__P018.jpg,0.774744,17.875001,ok
EES0423855__X1E__Y27__P019.jpg,0.721990,19.248776,ok
EES0423855__X1E__Y2A__P020.jpg,0.640751,16.906058,ok
EES0423855__X1E__Y36__P021.jpg,0.759324,17.700674,ok
EES0423855__X21__Y15__P022.jpg,0.694173,16.177296,ok
EES0423855__X21__Y27__P023.jpg,0.602907,17.060207,ok
EES0423855__X21__Y2A__P024.jpg,0.678558,16.573890,ok
EES0423855__X21__Y30__P025.jpg,0.771825,19.059125,ok
EES0423856__X24__Y12__P001.jpg,0.785898,18.521603,ok
EES0423856__X24__Y21__P002.jpg,0.653859,15.777954,ok
EES0423856__X24__Y30__P003.jpg,0.837010,22.008176,ok
EES0423856__X24__Y3C__P004.jpg,0.489532,15.399697,ok
EES0423856__X27__Y12__P005.jpg,0.794074,18.825170,ok
EES0423856__X27__Y18__P006.jpg,0.657072,16.781890,ok
EES0423856__X27__Y2A__P007.jpg,0.642723,16.437446,ok
EES0423856__X27__Y2D__P008.jpg,0.765277,18.790273,ok
EES0423856__X27__Y30__P009.jpg,0.772731,19.228117,ok
EES0423856__X27__Y33__P010.jpg,0.643670,15.971742,ok
EES0423856__X27__Y36__P011.jpg,0.758240,18.262406,ok
EES0423856__X27__Y3C__P012.jpg,0.681673,17.089812,ok
EES0423856__X2A__Y0C__P013.jpg,0.814646,20.767847,ok
EES0423856__X2A__Y2D__P014.jpg,0.685559,16.856650,ok
EES0423856__X2A__Y30__P015.jpg,0.690116,16.323401,ok
EES0423856__X2D__Y12__P016.jpg,0.721915,17.192591,ok
EES0423856__X2D__Y39__P017.jpg,0.745095,17.623650,ok
EES0423856__X30__Y12__P018.jpg,0.677346,16.567027,ok
EES0423856__X30__Y27__P019.jpg,0.704220,18.438913,ok
EES0423856__X30__Y36__P020.jpg,0.768230,18.580301,ok
EES0423856__X33__Y12__P021.jpg,0.717486,16.128902,ok
EES0423856__X33__Y21__P022.jpg,0.687120,17.618354,ok
EES0423856__X33__Y33__P023.jpg,0.778986,18.821767,ok
EES0423856__X24__Y06__P024.jpg,0.880033,27.550024,ok
EES0423856__X27__Y06__P025.jpg,0.851003,25.071446,ok
EES0423857__X45__Y27__P001.jpg,0.741571,16.813167,ok
EES0423857__X45__Y2A__P002.jpg,0.846354,21.375518,ok
EES0423857__X45__Y2D__P003.jpg,0.732491,17.118800,ok
EES0423857__X12__Y21__P004.jpg,0.833380,23.016110,ok
EES0423857__X24__Y33__P005.jpg,0.829260,23.433098,ok
EES0423857__X24__Y36__P006.jpg,0.887603,24.774472,ok
EES0423857__X27__Y27__P007.jpg,0.849802,22.498997,ok
EES0423857__X27__Y42__P008.jpg,0.830501,23.626172,ok
EES0423857__X36__Y42__P009.jpg,0.793255,20.511198,ok
EES0423857__X39__Y12__P010.jpg,0.837206,22.885340,ok
EES0423857__X3C__Y27__P011.jpg,0.788559,19.987829,ok
EES0423857__X3C__Y30__P012.jpg,0.865053,22.924996,ok
EES0423857__X3F__Y24__P013.jpg,0.831654,21.722417,ok
EES0423857__X0F__Y2A__P014.jpg,0.808639,20.776454,ok
EES0423857__X12__Y1E__P015.jpg,0.596696,16.487178,ok
EES0423857__X15__Y21__P016.jpg,0.715923,18.907815,ok
EES0423857__X18__Y36__P017.jpg,0.747971,19.481430,ok
EES0423857__X1B__Y39__P018.jpg,0.496104,15.303613,ok
EES0423857__X30__Y36__P019.jpg,0.629790,16.229960,ok
EES0423857__X30__Y3C__P020.jpg,0.585297,15.005605,ok
EES0423857__X36__Y39__P021.jpg,0.578530,16.252262,ok
EES0423857__X39__Y36__P022.jpg,0.637053,16.522931,ok
EES0423857__X0C__Y27__P023.jpg,0.795646,21.289854,ok
EES0423857__X12__Y18__P024.jpg,0.862052,23.182183,ok
EES0423857__X18__Y0C__P025.jpg,0.879486,24.039598,ok
EES0423858__X18__Y24__P001.jpg,0.914862,31.805198,ok
EES0423858__X18__Y2A__P002.jpg,0.851280,22.679374,ok
EES0423858__X1B__Y2A__P003.jpg,0.908967,29.552512,ok
EES0423858__X1B__Y33__P004.jpg,0.886021,26.820895,ok
EES0423858__X1E__Y1B__P005.jpg,0.820851,21.069854,ok
EES0423858__X21__Y1B__P006.jpg,0.719561,17.738923,ok
EES0423858__X21__Y24__P007.jpg,0.879913,25.082586,ok
EES0423858__X21__Y27__P008.jpg,0.801074,21.289512,ok
EES0423858__X24__Y09__P009.jpg,0.809195,21.514529,ok
EES0423858__X24__Y21__P010.jpg,0.817284,21.842997,ok
EES0423858__X24__Y27__P011.jpg,0.857659,23.338343,ok
EES0423858__X27__Y2A__P012.jpg,0.866441,24.859265,ok
EES0423858__X30__Y0F__P013.jpg,0.809998,20.527545,ok
EES0423858__X33__Y24__P014.jpg,0.790627,22.616910,ok
EES0423858__X36__Y0C__P015.jpg,0.816327,21.387766,ok
EES0423858__X36__Y0F__P016.jpg,0.835754,21.995691,ok
EES0423858__X36__Y1E__P017.jpg,0.772349,19.311357,ok
EES0423858__X36__Y21__P018.jpg,0.799602,19.762905,ok
EES0423858__X36__Y24__P019.jpg,0.836579,22.533703,ok
EES0423858__X39__Y12__P020.jpg,0.792560,21.672693,ok
EES0423858__X39__Y30__P021.jpg,0.872794,26.211914,ok
EES0423858__X3C__Y18__P022.jpg,0.804590,20.169114,ok
EES0423858__X21__Y27__P023.jpg,0.774241,19.184969,ok
EES0423858__X24__Y2D__P024.jpg,0.665058,16.946288,ok
EES0423858__X24__Y3F__P025.jpg,0.820509,20.650817,ok
EES0423859__X27__Y39__P001.jpg,0.648155,18.125174,ok
EES0423859__X27__Y3F__P002.jpg,0.773949,19.373333,ok
EES0423859__X27__Y42__P003.jpg,0.870557,24.263018,ok
EES0423859__X2A__Y39__P004.jpg,0.811481,20.715949,ok
EES0423859__X2D__Y27__P005.jpg,0.775822,21.000855,ok
EES0423859__X3F__Y21__P006.jpg,0.795262,20.577931,ok
EES0423859__X1E__Y33__P007.jpg,0.655341,17.506562,ok
EES0423859__X21__Y21__P008.jpg,0.772203,21.106487,ok
EES0423859__X24__Y24__P009.jpg,0.728546,20.953687,ok
EES0423859__X27__Y12__P010.jpg,0.707765,19.521717,ok
EES0423859__X2A__Y1B__P011.jpg,0.749218,19.469657,ok
EES0423859__X3C__Y15__P012.jpg,0.732657,19.090088,ok
EES0423859__X15__Y33__P013.jpg,0.690637,16.240935,ok
EES0423859__X24__Y21__P014.jpg,0.678407,17.327617,ok
EES0423859__X30__Y1E__P015.jpg,0.647115,16.859326,ok
EES0423859__X30__Y3C__P016.jpg,0.790106,20.920424,ok
EES0423859__X33__Y09__P017.jpg,0.682335,18.386243,ok
EES0423859__X33__Y0C__P018.jpg,0.616165,16.736626,ok
EES0423859__X3C__Y09__P019.jpg,0.723520,17.405427,ok
EES0423859__X3C__Y0C__P020.jpg,0.666776,16.430741,ok
EES0423859__X3C__Y0F__P021.jpg,0.661916,17.064597,ok
EES0423859__X3C__Y12__P022.jpg,0.614687,15.325901,ok
EES0423859__X3C__Y30__P023.jpg,0.502918,15.061102,ok
EES0423859__X42__Y1B__P024.jpg,0.643749,16.124560,ok
EES0423859__X42__Y21__P025.jpg,0.715048,17.354159,ok
EES0423860__X45__Y1B__P001.jpg,0.629136,16.614370,ok
EES0423860__X0C__Y2A__P002.jpg,0.680812,17.990705,ok
EES0423860__X0C__Y2D__P003.jpg,0.811742,21.622619,ok
EES0423860__X0F__Y33__P004.jpg,0.832659,22.497443,ok
EES0423860__X12__Y36__P005.jpg,0.769895,21.391057,ok
EES0423860__X12__Y3C__P006.jpg,0.896293,33.123889,ok
EES0423860__X15__Y39__P007.jpg,0.726548,18.668627,ok
EES0423860__X15__Y3C__P008.jpg,0.858676,24.098685,ok
EES0423860__X1B__Y09__P009.jpg,0.775280,20.365250,ok
EES0423860__X33__Y3F__P010.jpg,0.857091,23.155136,ok
EES0423860__X3C__Y39__P011.jpg,0.894699,26.263144,ok
EES0423860__X42__Y1B__P012.jpg,0.802601,22.570277,ok
EES0423860__X12__Y24__P013.jpg,0.821840,20.949048,ok
EES0423860__X39__Y24__P014.jpg,0.702510,18.200123,ok
EES0423860__X48__Y21__P015.jpg,0.859109,25.082349,ok
EES0423860__X0F__Y39__P016.jpg,0.891209,34.619971,ok
EES0423860__X12__Y36__P017.jpg,0.886913,28.000045,ok
EES0423860__X15__Y33__P018.jpg,0.867575,23.955077,ok
EES0423860__X1E__Y30__P019.jpg,0.778027,19.259756,ok
EES0423860__X27__Y1B__P020.jpg,0.827953,22.171919,ok
EES0423860__X2A__Y0F__P021.jpg,0.706978,18.097047,ok
EES0423860__X30__Y15__P022.jpg,0.846262,23.602888,ok
EES0423860__X30__Y24__P023.jpg,0.802808,21.810831,ok
EES0423860__X33__Y36__P024.jpg,0.823979,22.793114,ok
EES0423860__X36__Y24__P025.jpg,0.799603,21.259044,ok
EES0423861__X36__Y30__P001.jpg,0.837997,24.236938,ok
EES0423861__X36__Y36__P002.jpg,0.864606,24.980332,ok
EES0423861__X39__Y0F__P003.jpg,0.878184,26.308936,ok
EES0423861__X39__Y1E__P004.jpg,0.767009,20.534545,ok
EES0423861__X39__Y24__P005.jpg,0.772725,19.435669,ok
EES0423861__X39__Y30__P006.jpg,0.888897,26.933500,ok
EES0423861__X39__Y36__P007.jpg,0.825626,22.480050,ok
EES0423861__X3C__Y1B__P008.jpg,0.797042,20.756316,ok
EES0423861__X3F__Y21__P009.jpg,0.831894,21.470195,ok
EES0423861__X42__Y1E__P010.jpg,0.859761,24.365791,ok
EES0423861__X42__Y21__P011.jpg,0.796244,22.449851,ok
EES0423861__X15__Y33__P012.jpg,0.721271,16.950577,ok
EES0423861__X18__Y24__P013.jpg,0.708627,16.693579,ok
EES0423861__X1B__Y1B__P014.jpg,0.653947,15.984118,ok
EES0423861__X1E__Y0C__P015.jpg,0.737096,18.903441,ok
EES0423861__X1E__Y1B__P016.jpg,0.737581,18.182714,ok
EES0423861__X1E__Y21__P017.jpg,0.773355,18.505625,ok
EES0423861__X1E__Y27__P018.jpg,0.728119,18.441528,ok
EES0423861__X1E__Y2A__P019.jpg,0.725835,17.791599,ok
EES0423861__X1E__Y30__P020.jpg,0.684140,17.011377,ok
EES0423861__X21__Y24__P021.jpg,0.719783,17.423006,ok
EES0423861__X24__Y0C__P022.jpg,0.786244,20.151412,ok
EES0423861__X24__Y1E__P023.jpg,0.721850,17.504941,ok
EES0423861__X24__Y2D__P024.jpg,0.724180,17.192585,ok
EES0423861__X27__Y2D__P025.jpg,0.656308,17.016819,ok
EES0423862__X2A__Y0F__P001.jpg,0.659313,16.752981,ok
EES0423862__X2A__Y3C__P002.jpg,0.769300,19.017777,ok
EES0423862__X2D__Y1E__P003.jpg,0.735541,18.270034,ok
EES0423862__X2D__Y21__P004.jpg,0.697560,17.158097,ok
EES0423862__X2D__Y27__P005.jpg,0.686697,17.629547,ok
EES0423862__X2D__Y3F__P006.jpg,0.832324,24.240224,ok
EES0423862__X33__Y2A__P007.jpg,0.685152,16.582407,ok
EES0423862__X33__Y2D__P008.jpg,0.689373,17.276349,ok
EES0423862__X33__Y30__P009.jpg,0.720012,17.127906,ok
EES0423862__X33__Y33__P010.jpg,0.683909,17.136309,ok
EES0423862__X33__Y39__P011.jpg,0.717109,17.829855,ok
EES0423862__X36__Y15__P012.jpg,0.729147,17.574516,ok
EES0423862__X36__Y18__P013.jpg,0.769964,18.430194,ok
EES0423862__X36__Y30__P014.jpg,0.587411,14.925423,ok
EES0423862__X36__Y33__P015.jpg,0.637360,16.285209,ok
EES0423862__X39__Y2A__P016.jpg,0.684376,18.311768,ok
EES0423862__X39__Y30__P017.jpg,0.673530,17.154280,ok
EES0423862__X39__Y33__P018.jpg,0.628152,16.635571,ok
EES0423862__X39__Y36__P019.jpg,0.652863,15.711653,ok
EES0423862__X3C__Y18__P020.jpg,0.666068,15.649270,ok
EES0423862__X3C__Y1B__P021.jpg,0.675665,17.144482,ok
EES0423862__X3C__Y30__P022.jpg,0.710584,17.145605,ok
EES0423862__X3F__Y27__P023.jpg,0.718333,17.400623,ok
EES0423862__X3F__Y2A__P024.jpg,0.631278,15.394293,ok
EES0423862__X3F__Y33__P025.jpg,0.695968,17.125452,ok
EES0423863__X42__Y2A__P001.jpg,0.723993,17.325650,ok
EES0423863__X45__Y24__P002.jpg,0.686027,16.579455,ok
EES0423863__X09__Y24__P003.jpg,0.882047,29.047112,ok
EES0423863__X15__Y18__P004.jpg,0.672138,17.649828,ok
EES0423863__X1B__Y21__P005.jpg,0.475567,15.528336,ok
EES0423863__X36__Y2D__P006.jpg,0.503090,16.566831,ok
EES0423863__X39__Y2A__P007.jpg,0.573839,16.831808,ok
EES0423863__X3F__Y2D__P008.jpg,0.459567,15.984022,ok
EES0423863__X1B__Y3F__P009.jpg,0.808648,22.489453,ok
EES0423863__X1E__Y21__P010.jpg,0.852467,23.718341,ok
EES0423863__X1E__Y27__P011.jpg,0.876881,25.633015,ok
EES0423863__X21__Y2D__P012.jpg,0.856825,25.904028,ok
EES0423863__X21__Y3F__P013.jpg,0.806307,22.125676,ok
EES0423863__X24__Y3F__P014.jpg,0.785767,21.253449,ok
EES0423863__X27__Y0F__P015.jpg,0.858031,24.144683,ok
EES0423863__X27__Y3F__P016.jpg,0.703152,18.049618,ok
EES0423863__X2A__Y09__P017.jpg,0.867943,26.236937,ok
EES0423863__X2A__Y2D__P018.jpg,0.829092,21.904226,ok
EES0423863__X2A__Y3F__P019.jpg,0.788687,21.591016,ok
EES0423863__X2D__Y12__P020.jpg,0.865394,25.786003,ok
EES0423863__X2D__Y15__P021.jpg,0.800089,22.979662,ok
EES0423863__X2D__Y1E__P022.jpg,0.829697,23.369272,ok
EES0423863__X2D__Y21__P023.jpg,0.813828,21.676812,ok
EES0423863__X2D__Y36__P024.jpg,0.726052,18.898096,ok
EES0423863__X30__Y39__P025.jpg,0.817973,21.864794,ok
EES0423864__X33__Y0F__P001.jpg,0.826158,21.930507,ok
EES0423864__X33__Y21__P002.jpg,0.807866,21.255465,ok
EES0423864__X33__Y33__P003.jpg,0.836068,22.394800,ok
EES0423864__X33__Y39__P004.jpg,0.850527,22.882960,ok
EES0423864__X36__Y33__P005.jpg,0.831530,23.407444,ok
EES0423864__X39__Y30__P006.jpg,0.807816,21.332551,ok
EES0423864__X15__Y2A__P007.jpg,0.631428,16.527833,ok
EES0423864__X15__Y30__P008.jpg,0.759609,19.130690,ok
EES0423864__X18__Y30__P009.jpg,0.703052,18.283410,ok
EES0423864__X18__Y36__P010.jpg,0.645482,17.497653,ok
EES0423864__X1E__Y3C__P011.jpg,0.788281,19.823128,ok
EES0423864__X21__Y39__P012.jpg,0.743575,18.027819,ok
EES0423864__X21__Y3C__P013.jpg,0.881285,26.514599,ok
EES0423864__X24__Y06__P014.jpg,0.687854,17.974788,ok
EES0423864__X30__Y06__P015.jpg,0.871262,25.295484,ok
EES0423864__X33__Y09__P016.jpg,0.828560,21.315723,ok
EES0423864__X36__Y06__P017.jpg,0.742601,13.270396,ok
EES0423864__X36__Y09__P018.jpg,0.813502,19.731088,ok
EES0423864__X3F__Y2A__P019.jpg,0.763214,19.842623,ok
EES0423864__X42__Y1E__P020.jpg,0.767164,18.516779,ok
EES0423864__X42__Y30__P021.jpg,0.725163,18.045481,ok
EES0423864__X2D__Y42__P022.jpg,0.889212,26.490844,ok
EES0423864__X09__Y1B__P023.jpg,0.795965,20.553502,ok
EES0423864__X09__Y21__P024.jpg,0.776222,18.462946,ok
EES0423864__X1E__Y06__P025.jpg,0.846905,21.836118,ok
EES0423865__X15__Y15__P001.jpg,0.775746,17.233364,ok
EES0423865__X15__Y1B__P002.jpg,0.391974,15.424588,ok
EES0423865__X15__Y3F__P003.jpg,0.931471,23.558614,ok
EES0423865__X1B__Y0C__P004.jpg,0.855801,19.607906,ok
EES0423865__X1B__Y0F__P005.jpg,0.611126,15.507512,ok
EES0423865__X1E__Y0C__P006.jpg,0.631295,15.829374,ok
EES0423865__X1E__Y0F__P007.jpg,0.614322,16.293036,ok
EES0423865__X21__Y0C__P008.jpg,0.640740,15.432791,ok
EES0423865__X21__Y0F__P009.jpg,0.548401,16.356086,ok
EES0423865__X24__Y0C__P010.jpg,0.579219,16.330835,ok
EES0423865__X24__Y0F__P011.jpg,0.588502,16.420479,ok
EES0423865__X27__Y0C__P012.jpg,0.647719,16.680187,ok
EES0423865__X27__Y45__P013.jpg,0.761004,18.546016,ok
EES0423865__X2A__Y0C__P014.jpg,0.544586,16.725921,ok
EES0423865__X2A__Y45__P015.jpg,0.671298,16.317748,ok
EES0423865__X2D__Y0C__P016.jpg,0.613020,15.823901,ok
EES0423865__X2D__Y45__P017.jpg,0.935675,24.559442,ok
EES0423865__X30__Y45__P018.jpg,0.911488,22.414708,ok
EES0423865__X42__Y30__P019.jpg,0.734532,17.786962,ok
EES0423865__X42__Y33__P020.jpg,0.460258,14.210033,ok
EES0423865__X09__Y24__P021.jpg,0.917708,24.669637,ok
EES0423865__X0C__Y1E__P022.jpg,0.827981,20.111549,ok
EES0423865__X0F__Y18__P023.jpg,0.934031,26.313729,ok
EES0423865__X12__Y30__P024.jpg,0.638852,17.079091,ok
EES0423865__X18__Y39__P025.jpg,0.659591,16.903950,ok
EES0423866__X0C__Y1B__P001.jpg,0.839620,20.399498,ok
EES0423866__X0F__Y0F__P002.jpg,0.897727,22.959814,ok
EES0423866__X0F__Y1B__P003.jpg,0.626470,16.159908,ok
EES0423866__X0F__Y21__P004.jpg,0.623336,16.404983,ok
EES0423866__X12__Y18__P005.jpg,0.637238,17.193611,ok
EES0423866__X12__Y1B__P006.jpg,0.542028,15.859182,ok
EES0423866__X12__Y1E__P007.jpg,0.629844,16.969228,ok
EES0423866__X12__Y21__P008.jpg,0.631739,16.964847,ok
EES0423866__X12__Y27__P009.jpg,0.768831,17.819957,ok
EES0423866__X15__Y30__P010.jpg,0.806592,18.520285,ok
EES0423866__X18__Y09__P011.jpg,0.920216,23.195653,ok
EES0423866__X18__Y2D__P012.jpg,0.728222,17.504995,ok
EES0423866__X18__Y30__P013.jpg,0.669559,17.564564,ok
EES0423866__X1B__Y30__P014.jpg,0.617333,16.515723,ok
EES0423866__X1B__Y33__P015.jpg,0.609935,16.186676,ok
EES0423866__X1B__Y36__P016.jpg,0.683277,17.320553,ok
EES0423866__X1E__Y30__P017.jpg,0.545576,16.379347,ok
EES0423866__X1E__Y33__P018.jpg,0.643060,17.609630,ok
EES0423866__X1E__Y36__P019.jpg,0.653109,17.325902,ok
EES0423866__X1E__Y39__P020.jpg,0.729428,17.569688,ok
EES0423866__X21__Y36__P021.jpg,0.543921,16.023591,ok
EES0423866__X21__Y39__P022.jpg,0.722712,16.917824,ok
EES0423866__X21__Y3C__P023.jpg,0.836735,19.249231,ok
EES0423866__X24__Y06__P024.jpg,0.783996,18.888323,ok
EES0423866__X24__Y3C__P025.jpg,0.797144,18.445560,ok
EES0423867__X15__Y30__P001.jpg,0.698398,16.191157,ok
EES0423867__X15__Y33__P002.jpg,0.879362,21.577451,ok
EES0423867__X18__Y30__P003.jpg,0.769885,17.929951,ok
EES0423867__X1B__Y30__P004.jpg,0.765805,18.303278,ok
EES0423867__X21__Y33__P005.jpg,0.653321,16.842979,ok
EES0423867__X21__Y3C__P006.jpg,0.768817,18.325945,ok
EES0423867__X24__Y33__P007.jpg,0.620093,16.282869,ok
EES0423867__X24__Y3C__P008.jpg,0.828136,19.957002,ok
EES0423867__X48__Y1E__P009.jpg,0.895340,24.053345,ok
EES0423867__X06__Y33__P010.jpg,0.874756,27.124168,ok
EES0423867__X09__Y21__P011.jpg,0.870446,24.371203,ok
EES0423867__X09__Y33__P012.jpg,0.899668,27.592341,ok
EES0423867__X09__Y39__P013.jpg,0.820903,23.379766,ok
EES0423867__X0C__Y24__P014.jpg,0.821929,22.884588,ok
EES0423867__X0C__Y2A__P015.jpg,0.843994,22.174261,ok
EES0423867__X0C__Y30__P016.jpg,0.848436,25.287114,ok
EES0423867__X0C__Y33__P017.jpg,0.798204,20.637450,ok
EES0423867__X0C__Y36__P018.jpg,0.905607,30.003050,ok
EES0423867__X0F__Y1B__P019.jpg,0.858261,24.597049,ok
EES0423867__X0F__Y30__P020.jpg,0.860253,25.037152,ok
EES0423867__X0F__Y36__P021.jpg,0.735798,20.425744,ok
EES0423867__X12__Y12__P022.jpg,0.810492,22.761820,ok
EES0423867__X12__Y1B__P023.jpg,0.904732,25.566186,ok
EES0423867__X12__Y36__P024.jpg,0.790535,21.656863,ok
EES0423867__X15__Y1B__P025.jpg,0.874484,23.702724,ok
EES0423868__X18__Y15__P001.jpg,0.816465,22.769973,ok
EES0423868__X18__Y36__P002.jpg,0.880358,26.482413,ok
EES0423868__X1E__Y21__P003.jpg,0.848476,22.743597,ok
EES0423868__X24__Y1E__P004.jpg,0.867731,27.584754,ok
EES0423868__X27__Y1E__P005.jpg,0.792453,21.982504,ok
EES0423868__X2D__Y39__P006.jpg,0.773631,22.934997,ok
EES0423868__X2D__Y3C__P007.jpg,0.887765,25.803927,ok
EES0423868__X30__Y1B__P008.jpg,0.840704,21.372205,ok
EES0423868__X30__Y3C__P009.jpg,0.814336,22.687198,ok
EES0423868__X33__Y0F__P010.jpg,0.864937,23.843798,ok
EES0423868__X33__Y1B__P011.jpg,0.861025,25.567526,ok
EES0423868__X39__Y18__P012.jpg,0.859660,27.507481,ok
EES0423868__X39__Y1B__P013.jpg,0.808404,22.260847,ok
EES0423868__X39__Y1E__P014.jpg,0.879344,25.561994,ok
EES0423868__X03__Y27__P015.jpg,0.762596,20.041297,ok
EES0423868__X03__Y2A__P016.jpg,0.791204,18.917995,ok
EES0423868__X09__Y1B__P017.jpg,0.590727,15.656725,ok
EES0423868__X36__Y1B__P018.jpg,0.676729,18.158306,ok
EES0423868__X42__Y1E__P019.jpg,0.850897,21.418356,ok
EES0423868__X0C__Y36__P020.jpg,0.884896,24.819030,ok
EES0423868__X0F__Y39__P021.jpg,0.710355,19.683431,ok
EES0423868__X1B__Y09__P022.jpg,0.802968,22.629707,ok
EES0423868__X1E__Y09__P023.jpg,0.741627,21.444978,ok
EES0423868__X1E__Y1E__P024.jpg,0.498952,16.649381,ok
EES0423868__X21__Y09__P025.jpg,0.692302,19.067206,ok
EES0423869__X24__Y36__P001.jpg,0.724951,19.255228,ok
EES0423869__X27__Y30__P002.jpg,0.816407,21.745952,ok
EES0423869__X27__Y33__P003.jpg,0.713978,19.188302,ok
EES0423869__X27__Y36__P004.jpg,0.772291,19.938084,ok
EES0423869__X27__Y39__P005.jpg,0.849087,23.934332,ok
EES0423869__X2A__Y2D__P006.jpg,0.825356,23.662202,ok
EES0423869__X2A__Y39__P007.jpg,0.791425,21.312710,ok
EES0423869__X2A__Y3F__P008.jpg,0.830482,22.017706,ok
EES0423869__X2D__Y2A__P009.jpg,0.834736,22.453449,ok
EES0423869__X2D__Y30__P010.jpg,0.840030,23.607823,ok
EES0423869__X2D__Y36__P011.jpg,0.835525,22.480441,ok
EES0423869__X2D__Y39__P012.jpg,0.805323,20.785774,ok
EES0423869__X33__Y2A__P013.jpg,0.762701,19.264678,ok
EES0423869__X33__Y36__P014.jpg,0.702997,18.942993,ok
EES0423869__X33__Y39__P015.jpg,0.754442,18.950016,ok
EES0423869__X36__Y2A__P016.jpg,0.840760,22.193991,ok
EES0423869__X36__Y30__P017.jpg,0.680504,20.145718,ok
EES0423869__X36__Y33__P018.jpg,0.770734,20.351298,ok
EES0423869__X36__Y36__P019.jpg,0.788305,20.048246,ok
EES0423869__X36__Y39__P020.jpg,0.732778,18.749549,ok
EES0423869__X39__Y36__P021.jpg,0.756958,19.441324,ok
EES0423869__X39__Y39__P022.jpg,0.762036,18.551966,ok
EES0423869__X3C__Y24__P023.jpg,0.796673,21.232176,ok
EES0423869__X3C__Y2A__P024.jpg,0.840468,21.696691,ok
EES0423869__X3C__Y2D__P025.jpg,0.799849,19.975945,ok
EES0423870__X15__Y36__P001.jpg,0.861398,23.619666,ok
EES0423870__X18__Y30__P002.jpg,0.816889,23.092653,ok
EES0423870__X1B__Y1E__P003.jpg,0.816973,23.192277,ok
EES0423870__X1E__Y1B__P004.jpg,0.773619,20.607764,ok
EES0423870__X1E__Y39__P005.jpg,0.659428,19.330734,ok
EES0423870__X24__Y1E__P006.jpg,0.820841,22.323546,ok
EES0423870__X24__Y27__P007.jpg,0.815500,21.245197,ok
EES0423870__X27__Y1B__P008.jpg,0.830807,23.587873,ok
EES0423870__X2A__Y1B__P009.jpg,0.712410,18.818538,ok
EES0423870__X2D__Y1B__P010.jpg,0.805479,20.316783,ok
EES0423870__X30__Y0F__P011.jpg,0.755133,19.431828,ok
EES0423870__X33__Y36__P012.jpg,0.780227,20.138786,ok
EES0423870__X36__Y39__P013.jpg,0.739951,19.283107,ok
EES0423870__X36__Y3C__P014.jpg,0.885473,25.525782,ok
EES0423870__X39__Y39__P015.jpg,0.815365,23.792927,ok
EES0423870__X09__Y21__P016.jpg,0.661881,18.612709,ok
EES0423870__X09__Y24__P017.jpg,0.777842,20.486670,ok
EES0423870__X09__Y27__P018.jpg,0.740457,20.170145,ok
EES0423870__X09__Y2D__P019.jpg,0.745666,18.829605,ok
EES0423870__X0C__Y15__P020.jpg,0.789457,21.679691,ok
EES0423870__X0C__Y1E__P021.jpg,0.691646,18.573556,ok
EES0423870__X0C__Y33__P022.jpg,0.834683,22.037793,ok
EES0423870__X0F__Y1E__P023.jpg,0.806080,20.905557,ok
EES0423870__X0F__Y36__P024.jpg,0.794584,21.572007,ok
EES0423870__X12__Y0C__P025.jpg,0.839904,23.334565,ok
EES0423871__X42__Y1E__P001.jpg,0.873725,22.895585,ok
EES0423871__X42__Y21__P002.jpg,0.738584,17.483763,ok
EES0423871__X42__Y24__P003.jpg,0.861457,22.054774,ok
EES0423871__X42__Y2A__P004.jpg,0.846324,21.450755,ok
EES0423871__X2A__Y45__P005.jpg,0.713503,18.001996,ok
EES0423871__X2D__Y30__P006.jpg,0.709699,18.088320,ok
EES0423871__X2D__Y45__P007.jpg,0.798405,20.219972,ok
EES0423871__X30__Y42__P008.jpg,0.815586,21.103413,ok
EES0423871__X33__Y42__P009.jpg,0.770581,20.364760,ok
EES0423871__X36__Y42__P010.jpg,0.768062,19.828790,ok
EES0423871__X39__Y42__P011.jpg,0.822957,19.699151,ok
EES0423871__X39__Y15__P012.jpg,0.865188,25.651077,ok
EES0423871__X3F__Y27__P013.jpg,0.901006,25.033777,ok
EES0423871__X0C__Y18__P014.jpg,0.768807,18.449334,ok
EES0423871__X0C__Y1B__P015.jpg,0.637083,14.454445,ok
EES0423871__X0C__Y1E__P016.jpg,0.841733,20.246732,ok
EES0423871__X0C__Y27__P017.jpg,0.829753,21.201925,ok
EES0423871__X0F__Y1B__P018.jpg,0.756841,17.459321,ok
EES0423871__X15__Y0F__P019.jpg,0.761044,21.505173,ok
EES0423871__X15__Y15__P020.jpg,0.887115,26.580925,ok
EES0423871__X15__Y18__P021.jpg,0.740902,19.527359,ok
EES0423871__X15__Y1E__P022.jpg,0.751216,18.269025,ok
EES0423871__X15__Y21__P023.jpg,0.763656,17.112586,ok
EES0423871__X18__Y0F__P024.jpg,0.885011,23.978262,ok
EES0423871__X18__Y12__P025.jpg,0.700129,17.591585,ok
EES0423872__X27__Y1B__P001.jpg,0.899414,24.289707,ok
EES0423872__X2D__Y0C__P002.jpg,0.900934,25.462606,ok
EES0423872__X2D__Y0F__P003.jpg,0.759873,17.586370,ok
EES0423872__X2D__Y12__P004.jpg,0.879586,25.056561,ok
EES0423872__X2D__Y15__P005.jpg,0.751986,17.863379,ok
EES0423872__X33__Y12__P006.jpg,0.883583,23.834622,ok
EES0423872__X33__Y27__P007.jpg,0.841150,20.880814,ok
EES0423872__X36__Y12__P008.jpg,0.884906,23.295592,ok
EES0423872__X36__Y1E__P009.jpg,0.799781,18.973060,ok
EES0423872__X36__Y2D__P010.jpg,0.702782,15.582515,ok
EES0423872__X39__Y1B__P011.jpg,0.827267,20.248999,ok
EES0423872__X3F__Y24__P012.jpg,0.837803,20.166389,ok
EES0423872__X3F__Y33__P013.jpg,0.792097,18.894837,ok
EES0423872__X3F__Y36__P014.jpg,0.722117,17.218695,ok
EES0423872__X0C__Y33__P015.jpg,0.843147,23.047180,ok
EES0423872__X0F__Y30__P016.jpg,0.819534,22.094858,ok
EES0423872__X12__Y33__P017.jpg,0.865392,25.484876,ok
EES0423872__X15__Y36__P018.jpg,0.833160,23.021483,ok
EES0423872__X15__Y39__P019.jpg,0.846038,23.913125,ok
EES0423872__X18__Y36__P020.jpg,0.736661,21.177966,ok
EES0423872__X18__Y39__P021.jpg,0.785598,21.645341,ok
EES0423872__X18__Y3C__P022.jpg,0.817778,21.838611,ok
EES0423872__X1B__Y36__P023.jpg,0.800464,21.410542,ok
EES0423872__X1B__Y39__P024.jpg,0.820987,22.406463,ok
EES0423872__X1E__Y36__P025.jpg,0.780248,20.803119,ok
EES0423873__X1B__Y09__P001.jpg,0.679530,18.769982,ok
EES0423873__X1B__Y0C__P002.jpg,0.614077,18.148487,ok
EES0423873__X1E__Y06__P003.jpg,0.746059,18.731860,ok
EES0423873__X1E__Y09__P004.jpg,0.577797,18.109619,ok
EES0423873__X21__Y06__P005.jpg,0.736788,19.270506,ok
EES0423873__X21__Y09__P006.jpg,0.765022,20.706742,ok
EES0423873__X24__Y06__P007.jpg,0.701765,18.749932,ok
EES0423873__X24__Y09__P008.jpg,0.658995,18.788645,ok
EES0423873__X27__Y06__P009.jpg,0.894950,25.598709,ok
EES0423873__X2A__Y45__P010.jpg,0.812169,22.688621,ok
EES0423873__X30__Y09__P011.jpg,0.865840,24.472678,ok
EES0423873__X36__Y0C__P012.jpg,0.859880,26.415390,ok
EES0423873__X36__Y0F__P013.jpg,0.747492,20.638435,ok
EES0423873__X3C__Y36__P014.jpg,0.632728,17.600797,ok
EES0423873__X3C__Y39__P015.jpg,0.790869,21.005848,ok
EES0423873__X3F__Y18__P016.jpg,0.789932,21.306679,ok
EES0423873__X3F__Y1B__P017.jpg,0.753566,19.522779,ok
EES0423873__X3F__Y1E__P018.jpg,0.807827,22.089979,ok
EES0423873__X3F__Y36__P019.jpg,0.917103,24.976091,ok
EES0423873__X42__Y30__P020.jpg,0.897273,25.818628,ok
EES0423873__X06__Y27__P021.jpg,0.864045,23.830066,ok
EES0423873__X06__Y2A__P022.jpg,0.832132,22.777618,ok
EES0423873__X09__Y1B__P023.jpg,0.919885,28.726553,ok
EES0423873__X09__Y2A__P024.jpg,0.867513,23.346222,ok
EES0423873__X0C__Y21__P025.jpg,0.905631,26.088571,ok
EES0423874__X18__Y39__P001.jpg,0.892372,26.129815,ok
EES0423874__X1B__Y0F__P002.jpg,0.887163,25.195481,ok
EES0423874__X21__Y39__P003.jpg,0.856358,23.701828,ok
EES0423874__X2D__Y39__P004.jpg,0.873545,24.662257,ok
EES0423874__X30__Y39__P005.jpg,0.888258,25.848095,ok
EES0423874__X21__Y09__P006.jpg,0.772430,20.073699,ok
EES0423874__X21__Y45__P007.jpg,0.737186,20.026174,ok
EES0423874__X24__Y09__P008.jpg,0.774163,20.606651,ok
EES0423874__X24__Y0C__P009.jpg,0.748724,19.849048,ok
EES0423874__X24__Y12__P010.jpg,0.738090,17.689765,ok
EES0423874__X24__Y42__P011.jpg,0.683497,16.057636,ok
EES0423874__X24__Y45__P012.jpg,0.721325,19.645900,ok
EES0423874__X27__Y09__P013.jpg,0.889818,24.152334,ok
EES0423874__X27__Y0C__P014.jpg,0.771179,20.101305,ok
EES0423874__X27__Y0F__P015.jpg,0.782940,21.403005,ok
EES0423874__X27__Y12__P016.jpg,0.680316,18.230720,ok
EES0423874__X27__Y15__P017.jpg,0.725085,18.944329,ok
EES0423874__X27__Y18__P018.jpg,0.798476,20.649145,ok
EES0423874__X2A__Y0C__P019.jpg,0.836277,23.683433,ok
EES0423874__X2A__Y0F__P020.jpg,0.787650,21.473395,ok
EES0423874__X2A__Y12__P021.jpg,0.718962,18.259907,ok
EES0423874__X2D__Y09__P022.jpg,0.858080,23.558554,ok
EES0423874__X2D__Y12__P023.jpg,0.771535,20.575577,ok
EES0423874__X2D__Y45__P024.jpg,0.817934,22.401704,ok
EES0423874__X30__Y45__P025.jpg,0.850858,22.957785,ok
EES0423875__X36__Y36__P001.jpg,0.862316,24.829567,ok
EES0423875__X39__Y24__P002.jpg,0.827460,21.872172,ok
EES0423875__X39__Y27__P003.jpg,0.859599,24.778777,ok
EES0423875__X3C__Y24__P004.jpg,0.894680,28.519669,ok
EES0423875__X3C__Y27__P005.jpg,0.847465,22.924230,ok
EES0423875__X3F__Y21__P006.jpg,0.883237,25.185270,ok
EES0423875__X06__Y1E__P007.jpg,0.758349,20.555853,ok
EES0423875__X06__Y21__P008.jpg,0.776001,20.406101,ok
EES0423875__X12__Y0C__P009.jpg,0.866792,23.475742,ok
EES0423875__X12__Y15__P010.jpg,0.715441,19.340838,ok
EES0423875__X15__Y30__P011.jpg,0.727012,20.023474,ok
EES0423875__X1E__Y1E__P012.jpg,0.807729,21.426325,ok
EES0423875__X1E__Y39__P013.jpg,0.730022,20.319502,ok
EES0423875__X2D__Y30__P014.jpg,0.765073,20.501213,ok
EES0423875__X2D__Y3C__P015.jpg,0.763639,19.788900,ok
EES0423875__X2D__Y3F__P016.jpg,0.648094,16.285983,ok
EES0423875__X2D__Y42__P017.jpg,0.738238,19.147373,ok
EES0423875__X30__Y42__P018.jpg,0.794745,21.994461,ok
EES0423875__X36__Y1B__P019.jpg,0.774144,20.118121,ok
EES0423875__X36__Y21__P020.jpg,0.663034,19.107632,ok
EES0423875__X39__Y21__P021.jpg,0.810160,21.629869,ok
EES0423875__X39__Y24__P022.jpg,0.744790,20.008465,ok
EES0423875__X39__Y27__P023.jpg,0.716923,19.785361,ok
EES0423875__X39__Y2A__P024.jpg,0.710165,18.666159,ok
EES0423875__X09__Y1E__P025.jpg,0.804480,21.108219,ok
EES0423876__X09__Y27__P001.jpg,0.774186,20.880556,ok
EES0423876__X09__Y39__P002.jpg,0.770818,19.301223,ok
EES0423876__X0C__Y12__P003.jpg,0.812139,20.857368,ok
EES0423876__X0F__Y3F__P004.jpg,0.720940,18.792835,ok
EES0423876__X12__Y0C__P005.jpg,0.780988,19.742680,ok
EES0423876__X12__Y39__P006.jpg,0.808829,22.359792,ok
EES0423876__X18__Y09__P007.jpg,0.697717,17.991094,ok
EES0423876__X18__Y0C__P008.jpg,0.831992,21.352022,ok
EES0423876__X18__Y21__P009.jpg,0.849104,22.629716,ok
EES0423876__X1B__Y09__P010.jpg,0.768724,19.727514,ok
EES0423876__X21__Y0C__P011.jpg,0.825502,19.357085,ok
EES0423876__X21__Y42__P012.jpg,0.695741,19.541349,ok
EES0423876__X24__Y09__P013.jpg,0.619466,16.426334,ok
EES0423876__X24__Y0C__P014.jpg,0.614040,16.259772,ok
EES0423876__X24__Y15__P015.jpg,0.843602,21.910018,ok
EES0423876__X27__Y09__P016.jpg,0.870437,21.987023,ok
EES0423876__X27__Y0C__P017.jpg,0.750627,18.154240,ok
EES0423876__X2D__Y0F__P018.jpg,0.835070,22.356414,ok
EES0423876__X2D__Y12__P019.jpg,0.764922,19.400245,ok
EES0423876__X2D__Y45__P020.jpg,0.915463,28.445444,ok
EES0423876__X30__Y0F__P021.jpg,0.700595,16.762747,ok
EES0423876__X30__Y15__P022.jpg,0.796754,21.549052,ok
EES0423876__X33__Y12__P023.jpg,0.857887,22.880196,ok
EES0423876__X33__Y15__P024.jpg,0.745271,19.528591,ok
EES0423876__X33__Y18__P025.jpg,0.761863,19.544160,ok
EES0423877__X33__Y1E__P001.jpg,0.684441,16.457893,ok
EES0423877__X33__Y33__P002.jpg,0.655986,18.616781,ok
EES0423877__X36__Y15__P003.jpg,0.839076,19.976047,ok
EES0423877__X36__Y18__P004.jpg,0.760303,20.030081,ok
EES0423877__X36__Y1E__P005.jpg,0.714036,18.109937,ok
EES0423877__X36__Y24__P006.jpg,0.771719,21.764833,ok
EES0423877__X36__Y27__P007.jpg,0.709312,18.895703,ok
EES0423877__X39__Y15__P008.jpg,0.719958,18.236112,ok
EES0423877__X39__Y18__P009.jpg,0.854295,22.646132,ok
EES0423877__X39__Y1B__P010.jpg,0.789736,19.037238,ok
EES0423877__X39__Y1E__P011.jpg,0.710072,18.579355,ok
EES0423877__X39__Y27__P012.jpg,0.762053,19.784609,ok
EES0423877__X3C__Y1B__P013.jpg,0.824100,20.643913,ok
EES0423877__X3C__Y1E__P014.jpg,0.825191,20.202911,ok
EES0423877__X3C__Y24__P015.jpg,0.819765,21.946382,ok
EES0423877__X3C__Y27__P016.jpg,0.713745,17.867366,ok
EES0423877__X3F__Y24__P017.jpg,0.840922,23.311638,ok
EES0423877__X3F__Y2A__P018.jpg,0.830862,22.222909,ok
EES0423877__X3F__Y2D__P019.jpg,0.842496,22.692571,ok
EES0423877__X2A__Y0C__P020.jpg,0.745275,18.999801,ok
EES0423877__X2A__Y3F__P021.jpg,0.730715,17.330175,ok
EES0423877__X33__Y33__P022.jpg,0.813124,20.995081,ok
EES0423877__X36__Y36__P023.jpg,0.811547,20.985448,ok
EES0423877__X39__Y1E__P024.jpg,0.672472,17.073677,ok
EES0423877__X39__Y21__P025.jpg,0.577639,16.787319,ok
EES0423878__X3C__Y21__P001.jpg,0.686796,17.645009,ok
EES0423878__X3C__Y30__P002.jpg,0.797937,20.443693,ok
EES0423878__X3C__Y33__P003.jpg,0.750472,18.850079,ok
EES0423878__X0C__Y2A__P004.jpg,0.826176,22.179140,ok
EES0423878__X0C__Y2D__P005.jpg,0.756962,19.696119,ok
EES0423878__X0C__Y30__P006.jpg,0.797964,21.147668,ok
EES0423878__X0C__Y33__P007.jpg,0.844838,23.744955,ok
EES0423878__X0C__Y36__P008.jpg,0.793302,21.372971,ok
EES0423878__X0F__Y2D__P009.jpg,0.777727,21.737608,ok
EES0423878__X0F__Y30__P010.jpg,0.792483,21.259921,ok
EES0423878__X0F__Y33__P011.jpg,0.767383,21.485891,ok
EES0423878__X0F__Y36__P012.jpg,0.790220,21.387038,ok
EES0423878__X0F__Y39__P013.jpg,0.811878,21.185281,ok
EES0423878__X15__Y24__P014.jpg,0.819216,22.958480,ok
EES0423878__X15__Y27__P015.jpg,0.866780,25.215593,ok
EES0423878__X15__Y2A__P016.jpg,0.874721,25.235307,ok
EES0423878__X18__Y24__P017.jpg,0.816166,22.496965,ok
EES0423878__X18__Y27__P018.jpg,0.728087,19.986473,ok
EES0423878__X18__Y2A__P019.jpg,0.798589,21.756332,ok
EES0423878__X1B__Y21__P020.jpg,0.849077,23.277577,ok
EES0423878__X1B__Y24__P021.jpg,0.766456,21.297826,ok
EES0423878__X1E__Y18__P022.jpg,0.813515,22.494040,ok
EES0423878__X1E__Y1B__P023.jpg,0.767899,21.716203,ok
EES0423878__X1E__Y21__P024.jpg,0.746350,17.978848,ok
EES0423878__X21__Y15__P025.jpg,0.912892,31.155652,ok
EES0423879__X24__Y15__P001.jpg,0.802154,21.983313,ok
EES0423879__X24__Y18__P002.jpg,0.794745,21.695918,ok
EES0423879__X24__Y1B__P003.jpg,0.764254,19.881164,ok
EES0423879__X2A__Y18__P004.jpg,0.882357,26.213765,ok
EES0423879__X2A__Y1B__P005.jpg,0.836181,22.159656,ok
EES0423879__X2D__Y1B__P006.jpg,0.816701,23.333303,ok
EES0423879__X2D__Y1E__P007.jpg,0.883618,26.403525,ok
EES0423879__X2D__Y3F__P008.jpg,0.804930,20.978016,ok
EES0423879__X2D__Y42__P009.jpg,0.871771,24.434048,ok
EES0423879__X30__Y3F__P010.jpg,0.822119,21.431237,ok
EES0423879__X36__Y27__P011.jpg,0.837919,24.918413,ok
EES0423879__X36__Y2A__P012.jpg,0.756966,19.765776,ok
EES0423879__X36__Y2D__P013.jpg,0.737604,20.094844,ok
EES0423879__X36__Y33__P014.jpg,0.846792,23.489807,ok
EES0423879__X36__Y36__P015.jpg,0.810785,21.108516,ok
EES0423879__X36__Y39__P016.jpg,0.761756,19.465511,ok
EES0423879__X39__Y2D__P017.jpg,0.841880,23.742156,ok
EES0423879__X39__Y30__P018.jpg,0.806508,21.081843,ok
EES0423879__X39__Y36__P019.jpg,0.762396,19.857884,ok
EES0423879__X3C__Y2D__P020.jpg,0.756650,20.623039,ok
EES0423879__X3C__Y33__P021.jpg,0.824386,21.358263,ok
EES0423879__X3C__Y36__P022.jpg,0.884982,26.253700,ok
EES0423879__X3F__Y2D__P023.jpg,0.810525,22.394318,ok
EES0423879__X3F__Y30__P024.jpg,0.776090,19.852350,ok
EES0423879__X21__Y2A__P025.jpg,0.796703,21.969771,ok
EES0423880__X21__Y45__P001.jpg,0.844844,23.134195,ok
EES0423880__X24__Y45__P002.jpg,0.741722,19.471133,ok
EES0423880__X27__Y2A__P003.jpg,0.871085,25.282423,ok
EES0423880__X2A__Y39__P004.jpg,0.838897,23.127615,ok
EES0423880__X2D__Y39__P005.jpg,0.808139,21.868832,ok
EES0423880__X2D__Y3C__P006.jpg,0.867904,24.210270,ok
EES0423880__X33__Y1B__P007.jpg,0.822782,22.895390,ok
EES0423880__X33__Y24__P008.jpg,0.753535,18.640574,ok
EES0423880__X33__Y2A__P009.jpg,0.747492,21.290584,ok
EES0423880__X33__Y30__P010.jpg,0.818312,22.428821,ok
EES0423880__X33__Y36__P011.jpg,0.808878,20.902513,ok
EES0423880__X33__Y39__P012.jpg,0.755737,22.864567,ok
EES0423880__X33__Y3C__P013.jpg,0.861902,23.390893,ok
EES0423880__X36__Y1B__P014.jpg,0.737111,18.938200,ok
EES0423880__X36__Y1E__P015.jpg,0.816877,21.402018,ok
EES0423880__X36__Y21__P016.jpg,0.749326,19.465855,ok
EES0423880__X36__Y24__P017.jpg,0.840395,23.357114,ok
EES0423880__X36__Y27__P018.jpg,0.808998,21.058646,ok
EES0423880__X36__Y2A__P019.jpg,0.851755,22.765090,ok
EES0423880__X36__Y33__P020.jpg,0.814639,22.333588,ok
EES0423880__X36__Y36__P021.jpg,0.883658,27.273464,ok
EES0423880__X36__Y39__P022.jpg,0.863738,24.667275,ok
EES0423880__X36__Y3C__P023.jpg,0.882272,28.234008,ok
EES0423880__X39__Y30__P024.jpg,0.846885,22.019817,ok
EES0423880__X39__Y36__P025.jpg,0.885585,26.315484,ok
EES0423881__X3C__Y33__P001.jpg,0.854986,24.170608,ok
EES0423881__X1E__Y21__P002.jpg,0.874518,25.962630,ok
EES0423881__X21__Y2A__P003.jpg,0.864518,24.903943,ok
EES0423881__X24__Y1B__P004.jpg,0.815814,22.094745,ok
EES0423881__X27__Y1B__P005.jpg,0.741998,19.649322,ok
EES0423881__X2A__Y1B__P006.jpg,0.847024,23.999159,ok
EES0423881__X2A__Y1E__P007.jpg,0.885697,27.349540,ok
EES0423881__X2A__Y2A__P008.jpg,0.813186,21.965142,ok
EES0423881__X2A__Y2D__P009.jpg,0.737830,19.394296,ok
EES0423881__X2A__Y30__P010.jpg,0.755613,21.012011,ok
EES0423881__X2A__Y33__P011.jpg,0.863789,24.049255,ok
EES0423881__X2D__Y1E__P012.jpg,0.849265,23.810415,ok
EES0423881__X2D__Y2D__P013.jpg,0.800250,21.825394,ok
EES0423881__X2D__Y30__P014.jpg,0.835568,23.290939,ok
EES0423881__X2D__Y45__P015.jpg,0.685791,17.643226,ok
EES0423881__X30__Y36__P016.jpg,0.755316,19.200326,ok
EES0423881__X30__Y3C__P017.jpg,0.898668,27.666759,ok
EES0423881__X30__Y42__P018.jpg,0.829665,23.230041,ok
EES0423881__X33__Y24__P019.jpg,0.827262,23.279903,ok
EES0423881__X33__Y36__P020.jpg,0.819834,22.410148,ok
EES0423881__X33__Y39__P021.jpg,0.756856,19.832569,ok
EES0423881__X33__Y3C__P022.jpg,0.866163,25.012424,ok
EES0423881__X33__Y3F__P023.jpg,0.842711,23.620049,ok
EES0423881__X33__Y42__P024.jpg,0.803328,21.718025,ok
EES0423881__X36__Y24__P025.jpg,0.820702,22.176414,ok
EES0423882__X36__Y27__P001.jpg,0.747834,20.310882,ok
EES0423882__X36__Y2A__P002.jpg,0.812218,22.373949,ok
EES0423882__X36__Y2D__P003.jpg,0.764390,20.186411,ok
EES0423882__X36__Y39__P004.jpg,0.778063,20.099234,ok
EES0423882__X36__Y3C__P005.jpg,0.823636,21.761321,ok
EES0423882__X36__Y3F__P006.jpg,0.875290,25.681180,ok
EES0423882__X36__Y42__P007.jpg,0.797899,21.631173,ok
EES0423882__X39__Y27__P008.jpg,0.853697,24.214275,ok
EES0423882__X39__Y39__P009.jpg,0.743148,18.845167,ok
EES0423882__X39__Y3C__P010.jpg,0.799916,21.753289,ok
EES0423882__X39__Y3F__P011.jpg,0.860651,24.512310,ok
EES0423882__X3C__Y33__P012.jpg,0.815485,23.055957,ok
EES0423882__X3C__Y36__P013.jpg,0.771883,20.806489,ok
EES0423882__X3C__Y39__P014.jpg,0.801315,21.664695,ok
EES0423882__X3C__Y3F__P015.jpg,0.895784,24.926882,ok
EES0423882__X3F__Y33__P016.jpg,0.812518,22.392880,ok
EES0423882__X3F__Y36__P017.jpg,0.865841,22.170439,ok
EES0423882__X3F__Y39__P018.jpg,0.851369,24.207522,ok
EES0423882__X42__Y30__P019.jpg,0.879545,23.394772,ok
EES0423882__X03__Y21__P020.jpg,0.809238,23.930847,ok
EES0423882__X03__Y24__P021.jpg,0.780776,21.082726,ok
EES0423882__X03__Y30__P022.jpg,0.775414,22.577238,ok
EES0423882__X03__Y33__P023.jpg,0.885551,27.610896,ok
EES0423882__X06__Y1B__P024.jpg,0.861959,23.812762,ok
EES0423882__X06__Y39__P025.jpg,0.807676,21.871685,ok
EES0423883__X27__Y0F__P001.jpg,0.879574,25.734670,ok
EES0423883__X27__Y18__P002.jpg,0.727241,18.739732,ok
EES0423883__X27__Y1B__P003.jpg,0.779837,22.003069,ok
EES0423883__X27__Y3C__P004.jpg,0.870060,23.632973,ok
EES0423883__X2A__Y1E__P005.jpg,0.857445,25.824748,ok
EES0423883__X2A__Y21__P006.jpg,0.781175,21.790838,ok
EES0423883__X2D__Y0C__P007.jpg,0.726908,20.581925,ok
EES0423883__X2D__Y15__P008.jpg,0.796222,21.987701,ok
EES0423883__X2D__Y1E__P009.jpg,0.834859,22.473506,ok
EES0423883__X2D__Y2A__P010.jpg,0.877672,28.336964,ok
EES0423883__X2D__Y3C__P011.jpg,0.777496,23.009361,ok
EES0423883__X30__Y21__P012.jpg,0.806089,21.102992,ok
EES0423883__X33__Y15__P013.jpg,0.808303,22.279788,ok
EES0423883__X33__Y18__P014.jpg,0.806968,21.564269,ok
EES0423883__X33__Y1B__P015.jpg,0.867318,26.839446,ok
EES0423883__X33__Y24__P016.jpg,0.817527,23.835148,ok
EES0423883__X33__Y27__P017.jpg,0.813955,23.566869,ok
EES0423883__X33__Y33__P018.jpg,0.745824,20.894715,ok
EES0423883__X33__Y39__P019.jpg,0.805565,23.375353,ok
EES0423883__X36__Y1B__P020.jpg,0.778902,21.450099,ok
EES0423883__X36__Y24__P021.jpg,0.821331,23.138754,ok
EES0423883__X3C__Y1E__P022.jpg,0.854195,24.681802,ok
EES0423883__X0F__Y27__P023.jpg,0.872294,28.199816,ok
EES0423883__X12__Y36__P024.jpg,0.748883,19.613144,ok
EES0423883__X15__Y0C__P025.jpg,0.853506,23.710256,ok
EES0423884__X15__Y36__P001.jpg,0.847218,22.695738,ok
EES0423884__X1B__Y0C__P002.jpg,0.839849,22.211330,ok
EES0423884__X1B__Y39__P003.jpg,0.811470,21.787492,ok
EES0423884__X1B__Y3F__P004.jpg,0.873976,27.111185,ok
EES0423884__X21__Y39__P005.jpg,0.888171,26.879763,ok
EES0423884__X24__Y33__P006.jpg,0.783747,21.469604,ok
EES0423884__X27__Y12__P007.jpg,0.874871,25.664322,ok
EES0423884__X27__Y33__P008.jpg,0.876107,25.862812,ok
EES0423884__X27__Y36__P009.jpg,0.882140,25.882813,ok
EES0423884__X2A__Y12__P010.jpg,0.931664,29.644611,ok
EES0423884__X2A__Y33__P011.jpg,0.842185,22.745120,ok
EES0423884__X2A__Y36__P012.jpg,0.749343,20.102583,ok
EES0423884__X2D__Y1E__P013.jpg,0.881236,25.842870,ok
EES0423884__X2D__Y2A__P014.jpg,0.808966,21.616653,ok
EES0423884__X2D__Y2D__P015.jpg,0.785125,20.674553,ok
EES0423884__X2D__Y30__P016.jpg,0.854115,23.034623,ok
EES0423884__X2D__Y33__P017.jpg,0.802187,21.375993,ok
EES0423884__X2D__Y36__P018.jpg,0.756842,22.406234,ok
EES0423884__X2D__Y39__P019.jpg,0.776790,21.312551,ok
EES0423884__X30__Y12__P020.jpg,0.824181,23.049492,ok
EES0423884__X30__Y1E__P021.jpg,0.807339,22.678019,ok
EES0423884__X30__Y24__P022.jpg,0.764867,21.898813,ok
EES0423884__X30__Y27__P023.jpg,0.792396,23.238320,ok
EES0423884__X30__Y2A__P024.jpg,0.851214,23.285461,ok
EES0423884__X30__Y2D__P025.jpg,0.799161,22.619339,ok
EES0423885__X21__Y30__P001.jpg,0.733672,20.808820,ok
EES0423885__X27__Y0F__P002.jpg,0.807905,20.743624,ok
EES0423885__X2A__Y1B__P003.jpg,0.674563,17.774721,ok
EES0423885__X2D__Y0C__P004.jpg,0.809687,20.675611,ok
EES0423885__X2D__Y12__P005.jpg,0.661495,18.237826,ok
EES0423885__X2D__Y39__P006.jpg,0.655759,17.658521,ok
EES0423885__X33__Y12__P007.jpg,0.675552,17.768279,ok
EES0423885__X33__Y18__P008.jpg,0.736345,18.590188,ok
EES0423885__X33__Y1B__P009.jpg,0.571001,16.998250,ok
EES0423885__X36__Y1B__P010.jpg,0.716872,18.317912,ok
EES0423885__X3C__Y1B__P011.jpg,0.660600,17.159714,ok
EES0423885__X3C__Y2A__P012.jpg,0.685647,18.341182,ok
EES0423885__X3F__Y27__P013.jpg,0.705769,18.376495,ok
EES0423885__X42__Y24__P014.jpg,0.879694,25.082623,ok
EES0423885__X42__Y27__P015.jpg,0.797603,20.180142,ok
EES0423885__X42__Y2A__P016.jpg,0.882316,23.459334,ok
EES0423885__X06__Y27__P017.jpg,0.733296,21.218071,ok
EES0423885__X09__Y27__P018.jpg,0.833884,24.017304,ok
EES0423885__X0C__Y36__P019.jpg,0.846104,24.277239,ok
EES0423885__X0F__Y24__P020.jpg,0.805771,21.591831,ok
EES0423885__X0F__Y2A__P021.jpg,0.767995,20.561130,ok
EES0423885__X0F__Y39__P022.jpg,0.870885,24.305899,ok
EES0423885__X12__Y18__P023.jpg,0.805976,21.161462,ok
EES0423885__X12__Y21__P024.jpg,0.812567,23.408390,ok
EES0423885__X12__Y2D__P025.jpg,0.827898,23.644073,ok
EES0423886__X42__Y21__P001.jpg,0.878681,23.903373,ok
EES0423886__X0C__Y36__P002.jpg,0.900538,25.403886,ok
EES0423886__X15__Y42__P003.jpg,0.788278,19.248802,ok
EES0423886__X1E__Y09__P004.jpg,0.864798,24.609486,ok
EES0423886__X1E__Y45__P005.jpg,0.852786,21.483493,ok
EES0423886__X21__Y45__P006.jpg,0.759478,17.231042,ok
EES0423886__X24__Y09__P007.jpg,0.796114,19.804312,ok
EES0423886__X27__Y09__P008.jpg,0.843598,21.814109,ok
EES0423886__X30__Y45__P009.jpg,0.805710,19.212051,ok
EES0423886__X3C__Y1E__P010.jpg,0.715919,16.857766,ok
EES0423886__X3F__Y18__P011.jpg,0.796940,18.623342,ok
EES0423886__X42__Y1E__P012.jpg,0.834454,19.508724,ok
EES0423886__X42__Y24__P013.jpg,0.633814,16.811809,ok
EES0423886__X06__Y24__P014.jpg,0.791031,22.413503,ok
EES0423886__X0C__Y21__P015.jpg,0.765560,21.926803,ok
EES0423886__X0C__Y2A__P016.jpg,0.859782,24.713874,ok
EES0423886__X0F__Y18__P017.jpg,0.765905,23.494008,ok
EES0423886__X0F__Y21__P018.jpg,0.895895,26.936727,ok
EES0423886__X0F__Y24__P019.jpg,0.853571,24.836527,ok
EES0423886__X0F__Y33__P020.jpg,0.738706,20.651544,ok
EES0423886__X12__Y2A__P021.jpg,0.756905,20.771628,ok
EES0423886__X18__Y15__P022.jpg,0.772226,21.807497,ok
EES0423886__X18__Y1B__P023.jpg,0.708308,20.365818,ok
EES0423886__X18__Y21__P024.jpg,0.727599,21.331844,ok
EES0423886__X1B__Y21__P025.jpg,0.867881,24.692874,ok
EES0423887__X1E__Y12__P001.jpg,0.735515,20.156096,ok
EES0423887__X1E__Y15__P002.jpg,0.797064,22.883428,ok
EES0423887__X1E__Y36__P003.jpg,0.721377,21.249283,ok
EES0423887__X1E__Y3F__P004.jpg,0.775779,22.087847,ok
EES0423887__X1E__Y45__P005.jpg,0.873746,25.307232,ok
EES0423887__X21__Y12__P006.jpg,0.623649,19.015296,ok
EES0423887__X21__Y15__P007.jpg,0.847726,24.383428,ok
EES0423887__X21__Y33__P008.jpg,0.834307,23.160504,ok
EES0423887__X21__Y36__P009.jpg,0.754926,22.057211,ok
EES0423887__X24__Y15__P010.jpg,0.859466,24.376627,ok
EES0423887__X24__Y18__P011.jpg,0.759440,22.262799,ok
EES0423887__X24__Y24__P012.jpg,0.777891,21.333439,ok
EES0423887__X2A__Y18__P013.jpg,0.802135,21.795399,ok
EES0423887__X2A__Y1B__P014.jpg,0.797624,22.991995,ok
EES0423887__X2D__Y15__P015.jpg,0.767015,21.519161,ok
EES0423887__X2D__Y18__P016.jpg,0.809826,22.862123,ok
EES0423887__X2D__Y24__P017.jpg,0.760061,21.632292,ok
EES0423887__X2D__Y2A__P018.jpg,0.722290,20.427679,ok
EES0423887__X2D__Y36__P019.jpg,0.756711,21.291830,ok
EES0423887__X2D__Y39__P020.jpg,0.814930,22.601856,ok
EES0423887__X30__Y27__P021.jpg,0.835593,22.672945,ok
EES0423887__X33__Y15__P022.jpg,0.818839,21.694119,ok
EES0423887__X33__Y18__P023.jpg,0.919586,29.773162,ok
EES0423887__X33__Y1B__P024.jpg,0.837742,23.795022,ok
EES0423887__X33__Y2D__P025.jpg,0.746175,20.359149,ok
EES0423888__X03__Y24__P001.jpg,0.706415,18.419974,ok
EES0423888__X03__Y2A__P002.jpg,0.749334,19.370164,ok
EES0423888__X06__Y1B__P003.jpg,0.758613,19.026882,ok
EES0423888__X06__Y1E__P004.jpg,0.675733,17.964932,ok
EES0423888__X06__Y2A__P005.jpg,0.695176,17.482484,ok
EES0423888__X06__Y2D__P006.jpg,0.698380,18.693209,ok
EES0423888__X18__Y3F__P007.jpg,0.751924,19.928628,ok
EES0423888__X21__Y45__P008.jpg,0.839865,23.250968,ok
EES0423888__X2D__Y24__P009.jpg,0.589382,16.618583,ok
EES0423888__X3F__Y39__P010.jpg,0.797339,20.996404,ok
EES0423888__X09__Y24__P011.jpg,0.924380,32.174476,ok
EES0423888__X09__Y30__P012.jpg,0.890990,26.794895,ok
EES0423888__X09__Y33__P013.jpg,0.910367,27.341854,ok
EES0423888__X0C__Y18__P014.jpg,0.853738,22.376070,ok
EES0423888__X0F__Y18__P015.jpg,0.894310,27.422668,ok
EES0423888__X0F__Y1B__P016.jpg,0.875008,24.857068,ok
EES0423888__X0F__Y2D__P017.jpg,0.885457,26.479719,ok
EES0423888__X12__Y18__P018.jpg,0.895171,28.602755,ok
EES0423888__X18__Y1E__P019.jpg,0.859237,25.219625,ok
EES0423888__X1B__Y18__P020.jpg,0.896513,26.717849,ok
EES0423888__X1B__Y1E__P021.jpg,0.882545,24.379444,ok
EES0423888__X1E__Y0F__P022.jpg,0.850659,22.317999,ok
EES0423888__X21__Y18__P023.jpg,0.861203,24.441841,ok
EES0423888__X21__Y39__P024.jpg,0.882042,24.956692,ok
EES0423888__X24__Y3F__P025.jpg,0.879198,26.411151,ok
EES0423889__X2A__Y30__P001.jpg,0.921055,29.293117,ok
EES0423889__X09__Y24__P002.jpg,0.780417,22.194589,ok
EES0423889__X0C__Y18__P003.jpg,0.798411,22.163601,ok
EES0423889__X0C__Y21__P004.jpg,0.831946,21.429914,ok
EES0423889__X0C__Y24__P005.jpg,0.764427,20.971816,ok
EES0423889__X0F__Y12__P006.jpg,0.841844,24.603661,ok
EES0423889__X0F__Y18__P007.jpg,0.764086,20.411245,ok
EES0423889__X0F__Y1E__P008.jpg,0.774586,21.275293,ok
EES0423889__X0F__Y30__P009.jpg,0.864724,25.116023,ok
EES0423889__X0F__Y36__P010.jpg,0.743320,21.276451,ok
EES0423889__X15__Y12__P011.jpg,0.863810,22.773020,ok
EES0423889__X15__Y33__P012.jpg,0.749048,20.878924,ok
EES0423889__X18__Y0C__P013.jpg,0.810759,21.914140,ok
EES0423889__X18__Y15__P014.jpg,0.768774,19.337420,ok
EES0423889__X18__Y3F__P015.jpg,0.781752,21.699695,ok
EES0423889__X1B__Y12__P016.jpg,0.728852,19.898842,ok
EES0423889__X1B__Y18__P017.jpg,0.785996,21.389368,ok
EES0423889__X1E__Y12__P018.jpg,0.742176,20.415963,ok
EES0423889__X1E__Y1B__P019.jpg,0.840776,22.611778,ok
EES0423889__X1E__Y3F__P020.jpg,0.710130,18.250664,ok
EES0423889__X21__Y09__P021.jpg,0.697889,18.834403,ok
EES0423889__X21__Y2A__P022.jpg,0.795731,21.412286,ok
EES0423889__X21__Y30__P023.jpg,0.883856,26.024505,ok
EES0423889__X21__Y33__P024.jpg,0.689738,18.512592,ok
EES0423889__X21__Y3F__P025.jpg,0.760570,20.663094,ok
EES0423890__X2A__Y0F__P001.jpg,0.761316,20.951165,ok
EES0423890__X2A__Y36__P002.jpg,0.781986,20.839378,ok
EES0423890__X2A__Y39__P003.jpg,0.700756,18.925257,ok
EES0423890__X2D__Y39__P004.jpg,0.614890,17.869660,ok
EES0423890__X2D__Y3C__P005.jpg,0.787170,21.324701,ok
EES0423890__X30__Y33__P006.jpg,0.830305,22.400789,ok
EES0423890__X30__Y39__P007.jpg,0.733473,18.838620,ok
EES0423890__X33__Y39__P008.jpg,0.608800,19.153891,ok
EES0423890__X33__Y3C__P009.jpg,0.776961,20.261789,ok
EES0423890__X36__Y39__P010.jpg,0.637840,18.845129,ok
EES0423890__X3C__Y12__P011.jpg,0.882010,24.623148,ok
EES0423890__X06__Y18__P012.jpg,0.830301,22.849146,ok
EES0423890__X0C__Y0F__P013.jpg,0.836791,22.995410,ok
EES0423890__X18__Y06__P014.jpg,0.838169,21.253138,ok
EES0423890__X24__Y06__P015.jpg,0.746113,16.926587,ok
EES0423890__X2A__Y06__P016.jpg,0.782190,18.565615,ok
EES0423890__X2D__Y42__P017.jpg,0.689654,16.672680,ok
EES0423890__X30__Y06__P018.jpg,0.825401,21.293139,ok
EES0423890__X30__Y42__P019.jpg,0.729833,17.984365,ok
EES0423890__X39__Y0C__P020.jpg,0.900154,25.289559,ok
EES0423890__X3F__Y12__P021.jpg,0.786628,19.692693,ok
EES0423890__X42__Y2A__P022.jpg,0.582534,15.979026,ok
EES0423890__X18__Y0C__P023.jpg,0.778630,21.380016,ok
EES0423890__X1B__Y0C__P024.jpg,0.817492,22.247498,ok
EES0423890__X1B__Y0F__P025.jpg,0.803642,22.310379,ok
EES0423891__X1E__Y24__P001.jpg,0.822814,23.963776,ok
EES0423891__X1E__Y36__P002.jpg,0.823961,22.463721,ok
EES0423891__X21__Y2A__P003.jpg,0.818758,23.363362,ok
EES0423891__X21__Y30__P004.jpg,0.814236,22.471038,ok
EES0423891__X21__Y36__P005.jpg,0.770181,18.763289,ok
EES0423891__X24__Y18__P006.jpg,0.799430,22.337737,ok
EES0423891__X24__Y2A__P007.jpg,0.882926,24.603701,ok
EES0423891__X24__Y30__P008.jpg,0.841952,23.591804,ok
EES0423891__X2A__Y2D__P009.jpg,0.891752,28.752608,ok
EES0423891__X2A__Y33__P010.jpg,0.795981,21.322267,ok
EES0423891__X2D__Y33__P011.jpg,0.836498,23.786447,ok
EES0423891__X2D__Y36__P012.jpg,0.800160,23.602977,ok
EES0423891__X30__Y33__P013.jpg,0.848313,23.155618,ok
EES0423891__X30__Y36__P014.jpg,0.799580,20.965902,ok
EES0423891__X30__Y39__P015.jpg,0.847649,24.662258,ok
EES0423891__X36__Y21__P016.jpg,0.832786,22.493793,ok
EES0423891__X36__Y24__P017.jpg,0.780368,19.706949,ok
EES0423891__X39__Y36__P018.jpg,0.831086,23.306007,ok
EES0423891__X3F__Y2A__P019.jpg,0.710223,16.985139,ok
EES0423891__X42__Y2A__P020.jpg,0.798193,19.772751,ok
EES0423891__X0F__Y30__P021.jpg,0.721226,18.986479,ok
EES0423891__X12__Y21__P022.jpg,0.890836,27.325660,ok
EES0423891__X12__Y30__P023.jpg,0.843077,24.221553,ok
EES0423891__X12__Y36__P024.jpg,0.880988,27.791495,ok
EES0423891__X18__Y2D__P025.jpg,0.809250,21.024685,ok
EES0423892__X18__Y39__P001.jpg,0.799413,22.566377,ok
EES0423892__X24__Y39__P002.jpg,0.806158,22.701311,ok
EES0423892__X27__Y2A__P003.jpg,0.814402,21.636875,ok
EES0423892__X2A__Y2A__P004.jpg,0.722337,18.612461,ok
EES0423892__X2A__Y30__P005.jpg,0.837949,24.028262,ok
EES0423892__X2D__Y21__P006.jpg,0.770314,21.592861,ok
EES0423892__X2D__Y24__P007.jpg,0.597506,16.794313,ok
EES0423892__X2D__Y27__P008.jpg,0.778434,20.997585,ok
EES0423892__X2D__Y2A__P009.jpg,0.654584,18.629632,ok
EES0423892__X2D__Y33__P010.jpg,0.758677,21.992025,ok
EES0423892__X33__Y2D__P011.jpg,0.753395,20.091208,ok
EES0423892__X36__Y2A__P012.jpg,0.819893,21.319866,ok
EES0423892__X36__Y30__P013.jpg,0.777091,21.614879,ok
EES0423892__X39__Y30__P014.jpg,0.859061,24.386573,ok
EES0423892__X39__Y33__P015.jpg,0.843866,23.257244,ok
EES0423892__X0C__Y30__P016.jpg,0.781354,22.801835,ok
EES0423892__X0F__Y15__P017.jpg,0.832115,23.025984,ok
EES0423892__X12__Y24__P018.jpg,0.740293,20.758967,ok
EES0423892__X1E__Y12__P019.jpg,0.780210,20.283482,ok
EES0423892__X1E__Y42__P020.jpg,0.761369,19.859943,ok
EES0423892__X21__Y30__P021.jpg,0.738616,20.489098,ok
EES0423892__X21__Y39__P022.jpg,0.721293,20.139727,ok
EES0423892__X21__Y3C__P023.jpg,0.783761,21.053837,ok
EES0423892__X21__Y3F__P024.jpg,0.733887,20.217170,ok
EES0423892__X24__Y09__P025.jpg,0.720545,18.633406,ok
EES0423893__X24__Y0F__P001.jpg,0.761650,19.569766,ok
EES0423893__X2A__Y30__P002.jpg,0.721425,19.829339,ok
EES0423893__X2D__Y1B__P003.jpg,0.726995,20.240701,ok
EES0423893__X2D__Y3C__P004.jpg,0.801188,22.079313,ok
EES0423893__X2D__Y3F__P005.jpg,0.737851,19.525428,ok
EES0423893__X2D__Y42__P006.jpg,0.814020,22.022726,ok
EES0423893__X33__Y3F__P007.jpg,0.786940,22.763061,ok
EES0423893__X36__Y30__P008.jpg,0.778960,21.755499,ok
EES0423893__X3C__Y30__P009.jpg,0.770823,20.886577,ok
EES0423893__X3F__Y1B__P010.jpg,0.744106,19.890945,ok
EES0423893__X3F__Y24__P011.jpg,0.721419,20.090869,ok
EES0423893__X3F__Y33__P012.jpg,0.693241,18.279820,ok
EES0423893__X42__Y21__P013.jpg,0.733751,19.121993,ok
EES0423893__X42__Y24__P014.jpg,0.784512,20.684627,ok
EES0423893__X21__Y15__P015.jpg,0.792103,21.293025,ok
EES0423893__X30__Y0F__P016.jpg,0.727827,18.528999,ok
EES0423893__X39__Y24__P017.jpg,0.770788,20.488198,ok
EES0423893__X3F__Y18__P018.jpg,0.658980,18.429085,ok
EES0423893__X3F__Y1B__P019.jpg,0.769862,19.236941,ok
EES0423893__X3F__Y1E__P020.jpg,0.707718,19.002827,ok
EES0423893__X42__Y1B__P021.jpg,0.818892,21.212782,ok
EES0423893__X42__Y36__P022.jpg,0.917341,29.882891,ok
EES0423893__X45__Y2A__P023.jpg,0.679523,16.784445,ok
EES0423893__X45__Y2D__P024.jpg,0.787921,20.623049,ok
EES0423893__X0C__Y3C__P025.jpg,0.855126,24.075302,ok
EES0423894__X3F__Y30__P001.jpg,0.909624,27.150758,ok
EES0423894__X42__Y27__P002.jpg,0.822686,20.685956,ok
EES0423894__X42__Y2A__P003.jpg,0.736473,19.459938,ok
EES0423894__X0F__Y24__P004.jpg,0.855464,26.888102,ok
EES0423894__X12__Y2D__P005.jpg,0.838821,22.734802,ok
EES0423894__X21__Y09__P006.jpg,0.827566,23.035721,ok
EES0423894__X21__Y24__P007.jpg,0.828118,21.884653,ok
EES0423894__X21__Y30__P008.jpg,0.888942,26.348437,ok
EES0423894__X27__Y0C__P009.jpg,0.816307,24.108254,ok
EES0423894__X2A__Y21__P010.jpg,0.867008,24.881969,ok
EES0423894__X2A__Y24__P011.jpg,0.810982,22.116697,ok
EES0423894__X2A__Y33__P012.jpg,0.811157,21.677823,ok
EES0423894__X2D__Y0C__P013.jpg,0.900437,26.415173,ok
EES0423894__X2D__Y1E__P014.jpg,0.820728,23.535692,ok
EES0423894__X2D__Y36__P015.jpg,0.731822,20.486293,ok
EES0423894__X2D__Y39__P016.jpg,0.829951,23.679753,ok
EES0423894__X2D__Y3F__P017.jpg,0.870225,24.877471,ok
EES0423894__X30__Y21__P018.jpg,0.856946,23.153040,ok
EES0423894__X30__Y3F__P019.jpg,0.802726,20.888183,ok
EES0423894__X33__Y18__P020.jpg,0.827892,22.944720,ok
EES0423894__X33__Y1B__P021.jpg,0.810415,21.462546,ok
EES0423894__X33__Y21__P022.jpg,0.788889,20.256081,ok
EES0423894__X33__Y24__P023.jpg,0.833657,22.561832,ok
EES0423894__X33__Y27__P024.jpg,0.852284,24.040537,ok
EES0423894__X33__Y36__P025.jpg,0.852265,22.618716,ok
EES0423895__X2D__Y0C__P001.jpg,0.900310,27.163984,ok
EES0423895__X2D__Y0F__P002.jpg,0.822797,21.044797,ok
EES0423895__X2D__Y15__P003.jpg,0.909990,25.611962,ok
EES0423895__X2D__Y1B__P004.jpg,0.829704,21.510969,ok
EES0423895__X2D__Y30__P005.jpg,0.780856,19.929229,ok
EES0423895__X2D__Y33__P006.jpg,0.838659,21.822285,ok
EES0423895__X30__Y12__P007.jpg,0.902501,25.628804,ok
EES0423895__X30__Y1B__P008.jpg,0.855503,23.649866,ok
EES0423895__X30__Y33__P009.jpg,0.830336,21.041724,ok
EES0423895__X33__Y1B__P010.jpg,0.854107,23.846876,ok
EES0423895__X36__Y1B__P011.jpg,0.849602,23.054920,ok
EES0423895__X39__Y2D__P012.jpg,0.895504,25.570363,ok
EES0423895__X39__Y36__P013.jpg,0.870298,23.420081,ok
EES0423895__X03__Y30__P014.jpg,0.883474,24.315439,ok
EES0423895__X06__Y15__P015.jpg,0.865672,19.950322,ok
EES0423895__X18__Y06__P016.jpg,0.860464,24.445258,ok
EES0423895__X1E__Y06__P017.jpg,0.769115,19.731865,ok
EES0423895__X21__Y06__P018.jpg,0.561244,15.509728,ok
EES0423895__X24__Y06__P019.jpg,0.732776,19.000673,ok
EES0423895__X27__Y06__P020.jpg,0.743780,19.458823,ok
EES0423895__X2A__Y3F__P021.jpg,0.621062,16.925089,ok
EES0423895__X2D__Y06__P022.jpg,0.795787,20.016975,ok
EES0423895__X2D__Y3F__P023.jpg,0.585083,16.609843,ok
EES0423895__X33__Y0C__P024.jpg,0.711733,17.865052,ok
EES0423895__X36__Y3F__P025.jpg,0.723618,18.546709,ok
EES0423896__X39__Y3C__P001.jpg,0.835630,22.847718,ok
EES0423896__X3C__Y12__P002.jpg,0.857864,23.582759,ok
EES0423896__X3C__Y39__P003.jpg,0.872289,25.528146,ok
EES0423896__X3F__Y15__P004.jpg,0.888126,26.754599,ok
EES0423896__X3F__Y30__P005.jpg,0.623350,16.683923,ok
EES0423896__X42__Y1B__P006.jpg,0.899417,26.595961,ok
EES0423896__X42__Y30__P007.jpg,0.903444,24.546644,ok
EES0423896__X0C__Y1E__P008.jpg,0.749828,19.036834,ok
EES0423896__X0C__Y21__P009.jpg,0.733539,18.296636,ok
EES0423896__X0F__Y21__P010.jpg,0.789001,20.139453,ok
EES0423896__X2D__Y0C__P011.jpg,0.785297,20.857551,ok
EES0423896__X2D__Y1B__P012.jpg,0.686874,17.395976,ok
EES0423896__X30__Y1B__P013.jpg,0.609916,17.381861,ok
EES0423896__X33__Y1B__P014.jpg,0.747770,18.655610,ok
EES0423896__X33__Y1E__P015.jpg,0.676152,17.148635,ok
EES0423896__X33__Y2A__P016.jpg,0.753311,19.294702,ok
EES0423896__X36__Y18__P017.jpg,0.714690,19.085936,ok
EES0423896__X36__Y1B__P018.jpg,0.775193,19.272740,ok
EES0423896__X36__Y21__P019.jpg,0.731163,18.416772,ok
EES0423896__X36__Y39__P020.jpg,0.754648,19.374787,ok
EES0423896__X3C__Y1E__P021.jpg,0.756985,18.522137,ok
EES0423896__X3F__Y1B__P022.jpg,0.704022,17.741251,ok
EES0423896__X3F__Y1E__P023.jpg,0.604193,15.906863,ok
EES0423896__X3F__Y21__P024.jpg,0.694218,18.561347,ok
EES0423896__X3F__Y2D__P025.jpg,0.704394,18.217985,ok
EES0423897__X3F__Y1B__P001.jpg,0.693000,18.069158,ok
EES0423897__X42__Y1E__P002.jpg,0.868570,26.673639,ok
EES0423897__X42__Y21__P003.jpg,0.876790,24.576689,ok
EES0423897__X42__Y24__P004.jpg,0.653962,17.876676,ok
EES0423897__X42__Y27__P005.jpg,0.767569,20.404146,ok
EES0423897__X42__Y2A__P006.jpg,0.901207,30.015679,ok
EES0423897__X42__Y2D__P007.jpg,0.906242,28.719852,ok
EES0423897__X2D__Y15__P008.jpg,0.793154,21.377882,ok
EES0423897__X30__Y30__P009.jpg,0.685562,19.946425,ok
EES0423897__X30__Y36__P010.jpg,0.638820,16.568808,ok
EES0423897__X33__Y1E__P011.jpg,0.722589,18.816384,ok
EES0423897__X33__Y21__P012.jpg,0.856026,23.670661,ok
EES0423897__X33__Y33__P013.jpg,0.658574,18.577809,ok
EES0423897__X33__Y36__P014.jpg,0.732130,19.638140,ok
EES0423897__X33__Y39__P015.jpg,0.739563,20.776225,ok
EES0423897__X36__Y21__P016.jpg,0.764439,19.814929,ok
EES0423897__X36__Y36__P017.jpg,0.734321,19.832687,ok
EES0423897__X36__Y39__P018.jpg,0.746193,19.301670,ok
EES0423897__X39__Y1B__P019.jpg,0.784602,21.834935,ok
EES0423897__X3F__Y18__P020.jpg,0.834702,22.413812,ok
EES0423897__X3F__Y1B__P021.jpg,0.774961,20.229770,ok
EES0423897__X0C__Y39__P022.jpg,0.865987,25.642097,ok
EES0423897__X33__Y1B__P023.jpg,0.806241,20.412837,ok
EES0423897__X36__Y45__P024.jpg,0.781130,19.759472,ok
EES0423897__X45__Y2A__P025.jpg,0.640527,19.022533,ok
EES0423898__X0C__Y30__P001.jpg,0.646696,18.515162,ok
EES0423898__X0C__Y33__P002.jpg,0.799715,22.624978,ok
EES0423898__X0C__Y3F__P003.jpg,0.795263,25.848893,ok
EES0423898__X0F__Y30__P004.jpg,0.705498,19.333539,ok
EES0423898__X15__Y3F__P005.jpg,0.806279,23.247821,ok
EES0423898__X15__Y45__P006.jpg,0.857869,24.573711,ok
EES0423898__X18__Y3F__P007.jpg,0.772272,19.608916,ok
EES0423898__X1B__Y3F__P008.jpg,0.742931,20.675399,ok
EES0423898__X21__Y2A__P009.jpg,0.809650,22.586762,ok
EES0423898__X36__Y3C__P010.jpg,0.843941,23.730607,ok
EES0423898__X39__Y3C__P011.jpg,0.771658,21.263236,ok
EES0423898__X39__Y3F__P012.jpg,0.865256,26.668045,ok
EES0423898__X3F__Y30__P013.jpg,0.719723,20.438735,ok
EES0423898__X42__Y33__P014.jpg,0.894562,27.577171,ok
EES0423898__X03__Y18__P015.jpg,0.844616,24.823100,ok
EES0423898__X06__Y12__P016.jpg,0.887160,24.830731,ok
EES0423898__X0C__Y42__P017.jpg,0.916271,30.170766,ok
EES0423898__X12__Y45__P018.jpg,0.901030,27.931956,ok
EES0423898__X2D__Y45__P019.jpg,0.746559,18.797786,ok
EES0423898__X30__Y0C__P020.jpg,0.911912,29.427873,ok
EES0423898__X33__Y0F__P021.jpg,0.791646,20.285477,ok
EES0423898__X33__Y42__P022.jpg,0.857299,25.578291,ok
EES0423898__X36__Y0F__P023.jpg,0.926382,34.077112,ok
EES0423898__X39__Y12__P024.jpg,0.881628,25.951593,ok
EES0423898__X06__Y18__P025.jpg,0.888921,30.491757,ok
EES0423899__X06__Y1B__P001.jpg,0.764113,23.085885,ok
EES0423899__X09__Y0F__P002.jpg,0.830276,23.692741,ok
EES0423899__X09__Y15__P003.jpg,0.903734,33.328749,ok
EES0423899__X0C__Y12__P004.jpg,0.850468,24.136735,ok
EES0423899__X0F__Y0F__P005.jpg,0.885385,26.444601,ok
EES0423899__X15__Y0C__P006.jpg,0.833327,23.789851,ok
EES0423899__X1E__Y09__P007.jpg,0.877041,26.594457,ok
EES0423899__X21__Y09__P008.jpg,0.890812,27.061069,ok
EES0423899__X24__Y09__P009.jpg,0.860891,25.150163,ok
EES0423899__X1B__Y09__P010.jpg,0.844988,24.313105,ok
EES0423899__X1E__Y09__P011.jpg,0.795902,19.654808,ok
EES0423899__X21__Y09__P012.jpg,0.762262,19.473776,ok
EES0423899__X24__Y09__P013.jpg,0.803765,21.232406,ok
EES0423899__X24__Y45__P014.jpg,0.625872,16.488642,ok
EES0423899__X27__Y09__P015.jpg,0.871392,23.856573,ok
EES0423899__X27__Y3C__P016.jpg,0.707596,18.265563,ok
EES0423899__X2A__Y0C__P017.jpg,0.806735,20.898978,ok
EES0423899__X2A__Y45__P018.jpg,0.761353,20.213851,ok
EES0423899__X2D__Y09__P019.jpg,0.790528,20.027205,ok
EES0423899__X2D__Y0C__P020.jpg,0.806858,19.598819,ok
EES0423899__X30__Y09__P021.jpg,0.764673,18.999147,ok
EES0423899__X30__Y0C__P022.jpg,0.792185,20.063230,ok
EES0423899__X30__Y15__P023.jpg,0.572124,15.425591,ok
EES0423899__X33__Y09__P024.jpg,0.821940,20.941018,ok
EES0423899__X33__Y0C__P025.jpg,0.837013,22.591018,ok
EES0423900__X24__Y09__P001.jpg,0.913616,26.861032,ok
EES0423900__X30__Y0F__P002.jpg,0.901652,24.995140,ok
EES0423900__X36__Y0F__P003.jpg,0.903746,28.023302,ok
EES0423900__X3C__Y15__P004.jpg,0.838733,21.067221,ok
EES0423900__X06__Y2A__P005.jpg,0.808878,21.617330,ok
EES0423900__X0C__Y1B__P006.jpg,0.673040,19.613711,ok
EES0423900__X0C__Y1E__P007.jpg,0.767945,20.757240,ok
EES0423900__X0F__Y1B__P008.jpg,0.653071,17.007204,ok
EES0423900__X0F__Y2D__P009.jpg,0.829316,22.149568,ok
EES0423900__X0F__Y39__P010.jpg,0.801504,20.636657,ok
EES0423900__X12__Y1B__P011.jpg,0.746884,19.447811,ok
EES0423900__X18__Y09__P012.jpg,0.825190,21.063615,ok
EES0423900__X18__Y39__P013.jpg,0.617275,15.808636,ok
EES0423900__X1B__Y39__P014.jpg,0.693913,17.073998,ok
EES0423900__X24__Y2D__P015.jpg,0.726885,18.208362,ok
EES0423900__X2A__Y09__P016.jpg,0.742925,18.530010,ok
EES0423900__X2A__Y39__P017.jpg,0.742498,19.724249,ok
EES0423900__X2D__Y09__P018.jpg,0.899143,26.787492,ok
EES0423900__X2D__Y0F__P019.jpg,0.591878,16.173234,ok
EES0423900__X2D__Y12__P020.jpg,0.701476,18.269675,ok
EES0423900__X2D__Y1B__P021.jpg,0.757415,19.818501,ok
EES0423900__X2D__Y39__P022.jpg,0.710755,18.590571,ok
EES0423900__X30__Y1E__P023.jpg,0.643876,16.685719,ok
EES0423900__X33__Y0C__P024.jpg,0.860245,24.036443,ok
EES0423900__X42__Y24__P025.jpg,0.766350,19.309855,ok
EES0423901__X21__Y42__P001.jpg,0.829860,18.690486,ok
EES0423901__X2A__Y42__P002.jpg,0.863948,21.813431,ok
EES0423901__X2D__Y42__P003.jpg,0.860343,21.818818,ok
EES0423901__X30__Y36__P004.jpg,0.823848,21.943080,ok
EES0423901__X30__Y3C__P005.jpg,0.808703,21.341684,ok
EES0423901__X33__Y3C__P006.jpg,0.886304,26.565562,ok
EES0423901__X36__Y36__P007.jpg,0.790113,23.098255,ok
EES0423901__X36__Y39__P008.jpg,0.792850,20.046691,ok
EES0423901__X39__Y36__P009.jpg,0.863955,24.747033,ok
EES0423901__X39__Y39__P010.jpg,0.717819,17.709835,ok
EES0423901__X39__Y3C__P011.jpg,0.851925,22.773337,ok
EES0423901__X39__Y3F__P012.jpg,0.889922,26.244098,ok
EES0423901__X3C__Y3F__P013.jpg,0.874114,31.253055,ok
EES0423901__X15__Y30__P014.jpg,0.813641,22.365386,ok
EES0423901__X1E__Y30__P015.jpg,0.839121,23.757884,ok
EES0423901__X21__Y18__P016.jpg,0.808651,23.021818,ok
EES0423901__X21__Y2D__P017.jpg,0.893733,28.422122,ok
EES0423901__X21__Y30__P018.jpg,0.825920,22.484373,ok
EES0423901__X21__Y33__P019.jpg,0.811486,21.324116,ok
EES0423901__X2A__Y30__P020.jpg,0.801535,21.490615,ok
EES0423901__X2D__Y30__P021.jpg,0.851686,23.766962,ok
EES0423901__X2D__Y33__P022.jpg,0.718128,18.769082,ok
EES0423901__X30__Y3C__P023.jpg,0.752426,19.384264,ok
EES0423901__X33__Y33__P024.jpg,0.802767,21.292518,ok
EES0423901__X33__Y36__P025.jpg,0.767711,20.102023,ok
EES0423902__X27__Y1B__P001.jpg,0.872387,24.227683,ok
EES0423902__X2D__Y24__P002.jpg,0.826788,19.885950,ok
EES0423902__X33__Y2A__P003.jpg,0.835083,22.856644,ok
EES0423902__X33__Y30__P004.jpg,0.803971,20.865213,ok
EES0423902__X36__Y2A__P005.jpg,0.746741,19.053314,ok
EES0423902__X36__Y2D__P006.jpg,0.734778,18.335092,ok
EES0423902__X39__Y39__P007.jpg,0.863593,22.981698,ok
EES0423902__X3C__Y2A__P008.jpg,0.710571,17.261727,ok
EES0423902__X3F__Y24__P009.jpg,0.740844,18.740276,ok
EES0423902__X3F__Y27__P010.jpg,0.800863,19.715583,ok
EES0423902__X3F__Y2A__P011.jpg,0.844666,21.145095,ok
EES0423902__X45__Y27__P012.jpg,0.885937,25.099566,ok
EES0423902__X1E__Y2A__P013.jpg,0.845793,23.596574,ok
EES0423902__X1E__Y36__P014.jpg,0.811933,21.680730,ok
EES0423902__X21__Y0F__P015.jpg,0.861862,23.696199,ok
EES0423902__X2A__Y15__P016.jpg,0.770562,20.867906,ok
EES0423902__X2D__Y15__P017.jpg,0.786108,18.385026,ok
EES0423902__X33__Y1B__P018.jpg,0.623576,17.977946,ok
EES0423902__X36__Y1B__P019.jpg,0.700035,18.836905,ok
EES0423902__X09__Y2A__P020.jpg,0.892960,25.114397,ok
EES0423902__X09__Y2D__P021.jpg,0.911658,29.036292,ok
EES0423902__X09__Y30__P022.jpg,0.813560,21.099247,ok
EES0423902__X09__Y33__P023.jpg,0.821663,22.331157,ok
EES0423902__X0C__Y24__P024.jpg,0.855932,21.433048,ok
EES0423902__X0C__Y27__P025.jpg,0.815617,21.216052,ok
EES0423903__X0F__Y1E__P001.jpg,0.581582,16.677814,ok
EES0423903__X0F__Y21__P002.jpg,0.641112,16.946613,ok
EES0423903__X0F__Y2A__P003.jpg,0.503390,15.768722,ok
EES0423903__X0F__Y2D__P004.jpg,0.742179,17.363909,ok
EES0423903__X0F__Y30__P005.jpg,0.804510,18.085199,ok
EES0423903__X12__Y18__P006.jpg,0.561000,15.827014,ok
EES0423903__X12__Y1B__P007.jpg,0.553438,16.027981,ok
EES0423903__X12__Y2A__P008.jpg,0.609170,15.992022,ok
EES0423903__X12__Y2D__P009.jpg,0.527982,16.362804,ok
EES0423903__X21__Y1E__P010.jpg,0.456835,15.836941,ok
EES0423903__X21__Y36__P011.jpg,0.620183,16.534305,ok
EES0423903__X24__Y1E__P012.jpg,0.585705,17.151863,ok
EES0423903__X27__Y1E__P013.jpg,0.439093,15.589009,ok
EES0423903__X36__Y1B__P014.jpg,0.541602,16.290925,ok
EES0423903__X36__Y1E__P015.jpg,0.613645,16.441973,ok
EES0423903__X39__Y1E__P016.jpg,0.514070,15.718848,ok
EES0423903__X21__Y39__P017.jpg,0.819867,18.327254,ok
EES0423903__X24__Y3F__P018.jpg,0.737550,17.616615,ok
EES0423903__X27__Y33__P019.jpg,0.853547,19.882786,ok
EES0423903__X2A__Y30__P020.jpg,0.700305,17.270024,ok
EES0423903__X2D__Y33__P021.jpg,0.823382,18.348823,ok
EES0423903__X36__Y2A__P022.jpg,0.667778,16.111379,ok
EES0423903__X39__Y2A__P023.jpg,0.747512,17.224302,ok
EES0423903__X39__Y3C__P024.jpg,0.846038,19.635152,ok
EES0423903__X3C__Y2A__P025.jpg,0.801734,18.113094,ok
EES0423904__X12__Y1B__P001.jpg,0.721816,17.410077,ok
EES0423904__X1B__Y3C__P002.jpg,0.704020,15.799522,ok
EES0423904__X1E__Y3C__P003.jpg,0.829297,19.820597,ok
EES0423904__X21__Y30__P004.jpg,0.566227,14.997326,ok
EES0423904__X21__Y3F__P005.jpg,0.702928,16.465329,ok
EES0423904__X24__Y30__P006.jpg,0.452726,15.238028,ok
EES0423904__X24__Y33__P007.jpg,0.660905,15.961840,ok
EES0423904__X24__Y36__P008.jpg,0.640108,16.578659,ok
EES0423904__X24__Y3F__P009.jpg,0.704421,17.234558,ok
EES0423904__X27__Y33__P010.jpg,0.798325,18.887957,ok
EES0423904__X2A__Y2D__P011.jpg,0.780135,18.846766,ok
EES0423904__X2A__Y30__P012.jpg,0.704068,18.126409,ok
EES0423904__X3C__Y18__P013.jpg,0.612684,15.684583,ok
EES0423904__X0C__Y27__P014.jpg,0.778264,17.833418,ok
EES0423904__X0C__Y30__P015.jpg,0.884289,22.826951,ok
EES0423904__X0F__Y1B__P016.jpg,0.755545,16.420206,ok
EES0423904__X0F__Y1E__P017.jpg,0.637950,16.056732,ok
EES0423904__X0F__Y21__P018.jpg,0.619969,15.392812,ok
EES0423904__X0F__Y24__P019.jpg,0.648703,17.336329,ok
EES0423904__X12__Y12__P020.jpg,0.763909,18.241158,ok
EES0423904__X15__Y12__P021.jpg,0.684856,16.424019,ok
EES0423904__X18__Y0C__P022.jpg,0.683085,16.923338,ok
EES0423904__X18__Y12__P023.jpg,0.678763,16.904907,ok
EES0423904__X1B__Y0C__P024.jpg,0.691595,16.340325,ok
EES0423904__X1B__Y0F__P025.jpg,0.686348,16.770617,ok
EES0423905__X1E__Y09__P001.jpg,0.735238,16.531886,ok
EES0423905__X1E__Y0C__P002.jpg,0.554838,15.375142,ok
EES0423905__X21__Y0C__P003.jpg,0.608932,16.299296,ok
EES0423905__X21__Y0F__P004.jpg,0.558876,15.648794,ok
EES0423905__X21__Y12__P005.jpg,0.584328,16.152951,ok
EES0423905__X21__Y15__P006.jpg,0.613611,16.585273,ok
EES0423905__X30__Y06__P007.jpg,0.711092,17.494962,ok
EES0423905__X36__Y09__P008.jpg,0.638473,16.175176,ok
EES0423905__X39__Y09__P009.jpg,0.735066,16.705161,ok
EES0423905__X48__Y18__P010.jpg,0.686193,17.310033,ok
EES0423905__X48__Y1B__P011.jpg,0.589810,15.640179,ok
EES0423905__X48__Y27__P012.jpg,0.554500,15.646028,ok
EES0423905__X48__Y2A__P013.jpg,0.686448,17.132544,ok
EES0423905__X1E__Y09__P014.jpg,0.797165,18.040124,ok
EES0423905__X24__Y09__P015.jpg,0.830872,18.691350,ok
EES0423905__X27__Y0C__P016.jpg,0.865528,19.352853,ok
EES0423905__X09__Y24__P017.jpg,0.876856,19.802266,ok
EES0423905__X0C__Y33__P018.jpg,0.745963,17.672357,ok
EES0423905__X0F__Y2A__P019.jpg,0.741269,17.034392,ok
EES0423905__X0F__Y2D__P020.jpg,0.790702,18.359029,ok
EES0423905__X12__Y12__P021.jpg,0.848904,19.887908,ok
EES0423905__X12__Y18__P022.jpg,0.896405,21.399978,ok
EES0423905__X12__Y2D__P023.jpg,0.715082,16.737987,ok
EES0423905__X12__Y30__P024.jpg,0.799495,19.655991,ok
EES0423905__X12__Y36__P025.jpg,0.734408,17.745508,ok
EES0423906__X2D__Y15__P001.jpg,0.695032,18.003984,ok
EES0423906__X2D__Y18__P002.jpg,0.830770,19.822421,ok
EES0423906__X2D__Y1B__P003.jpg,0.764054,17.399341,ok
EES0423906__X2D__Y1E__P004.jpg,0.622720,17.490914,ok
EES0423906__X30__Y0F__P005.jpg,0.767241,18.450818,ok
EES0423906__X30__Y12__P006.jpg,0.619207,14.890414,ok
EES0423906__X30__Y18__P007.jpg,0.637358,15.837972,ok
EES0423906__X30__Y1B__P008.jpg,0.761646,18.024721,ok
EES0423906__X30__Y1E__P009.jpg,0.590812,16.164584,ok
EES0423906__X30__Y39__P010.jpg,0.689782,17.833080,ok
EES0423906__X33__Y24__P011.jpg,0.573633,16.375138,ok
EES0423906__X33__Y39__P012.jpg,0.690149,18.199268,ok
EES0423906__X36__Y24__P013.jpg,0.713474,17.509745,ok
EES0423906__X36__Y27__P014.jpg,0.680055,17.314876,ok
EES0423906__X39__Y27__P015.jpg,0.681801,17.601563,ok
EES0423906__X39__Y2A__P016.jpg,0.608990,16.172729,ok
EES0423906__X39__Y2D__P017.jpg,0.731646,17.947871,ok
EES0423906__X3C__Y2A__P018.jpg,0.582906,14.562832,ok
EES0423906__X3C__Y2D__P019.jpg,0.659468,17.793278,ok
EES0423906__X3C__Y30__P020.jpg,0.606144,16.620825,ok
EES0423906__X3F__Y2D__P021.jpg,0.676428,15.549541,ok
EES0423906__X3F__Y30__P022.jpg,0.629993,16.755027,ok
EES0423906__X3F__Y33__P023.jpg,0.787459,19.281386,ok
EES0423906__X42__Y24__P024.jpg,0.642152,16.063057,ok
EES0423906__X42__Y27__P025.jpg,0.707653,16.680926,ok
EES0423907__X0C__Y36__P001.jpg,0.713485,19.220855,ok
EES0423907__X0F__Y12__P002.jpg,0.782682,20.124078,ok
EES0423907__X0F__Y33__P003.jpg,0.688912,17.764749,ok
EES0423907__X0F__Y39__P004.jpg,0.657517,17.955496,ok
EES0423907__X15__Y3C__P005.jpg,0.685770,17.723664,ok
EES0423907__X15__Y3F__P006.jpg,0.887808,21.671070,ok
EES0423907__X18__Y3F__P007.jpg,0.754817,17.791387,ok
EES0423907__X1B__Y3F__P008.jpg,0.679137,17.817787,ok
EES0423907__X1B__Y42__P009.jpg,0.796834,18.969943,ok
EES0423907__X1E__Y06__P010.jpg,0.840346,22.987431,ok
EES0423907__X1E__Y09__P011.jpg,0.622523,17.850255,ok
EES0423907__X1E__Y42__P012.jpg,0.787310,19.148298,ok
EES0423907__X21__Y45__P013.jpg,0.735870,17.583853,ok
EES0423907__X24__Y06__P014.jpg,0.789049,19.673744,ok
EES0423907__X24__Y45__P015.jpg,0.781455,20.376756,ok
EES0423907__X27__Y03__P016.jpg,0.770592,20.427153,ok
EES0423907__X27__Y45__P017.jpg,0.713362,18.470378,ok
EES0423907__X2A__Y06__P018.jpg,0.756229,19.264214,ok
EES0423907__X2A__Y45__P019.jpg,0.639913,17.878864,ok
EES0423907__X2D__Y06__P020.jpg,0.833605,21.298773,ok
EES0423907__X30__Y09__P021.jpg,0.763415,19.737627,ok
EES0423907__X30__Y45__P022.jpg,0.627493,18.016270,ok
EES0423907__X33__Y09__P023.jpg,0.821597,20.983848,ok
EES0423907__X33__Y0C__P024.jpg,0.649180,17.977796,ok
EES0423907__X36__Y09__P025.jpg,0.809046,19.424116,ok
EES0423908__X0C__Y15__P001.jpg,0.576409,16.921871,ok
EES0423908__X0C__Y18__P002.jpg,0.673521,16.863063,ok
EES0423908__X0C__Y1B__P003.jpg,0.537920,15.833354,ok
EES0423908__X0C__Y1E__P004.jpg,0.584962,16.419309,ok
EES0423908__X0C__Y21__P005.jpg,0.566764,16.390544,ok
EES0423908__X0C__Y30__P006.jpg,0.648076,17.009320,ok
EES0423908__X0C__Y33__P007.jpg,0.690425,18.164513,ok
EES0423908__X0F__Y0C__P008.jpg,0.804500,19.430518,ok
EES0423908__X0F__Y0F__P009.jpg,0.691588,17.021342,ok
EES0423908__X0F__Y12__P010.jpg,0.694793,17.752772,ok
EES0423908__X0F__Y15__P011.jpg,0.759931,18.109681,ok
EES0423908__X0F__Y18__P012.jpg,0.629638,16.615217,ok
EES0423908__X0F__Y1B__P013.jpg,0.669166,16.949451,ok
EES0423908__X0F__Y1E__P014.jpg,0.616218,16.945247,ok
EES0423908__X12__Y0C__P015.jpg,0.832043,19.676200,ok
EES0423908__X12__Y0F__P016.jpg,0.827899,19.152492,ok
EES0423908__X12__Y12__P017.jpg,0.687938,17.255090,ok
EES0423908__X12__Y15__P018.jpg,0.671747,18.883756,ok
EES0423908__X15__Y09__P019.jpg,0.844709,21.226090,ok
EES0423908__X15__Y0C__P020.jpg,0.761293,18.907041,ok
EES0423908__X15__Y0F__P021.jpg,0.703630,18.345883,ok
EES0423908__X18__Y09__P022.jpg,0.741236,18.024603,ok
EES0423908__X18__Y0F__P023.jpg,0.627230,16.653897,ok
EES0423908__X18__Y42__P024.jpg,0.875262,20.581965,ok
EES0423908__X1B__Y06__P025.jpg,0.904067,22.296181,ok
EES0423909__X1B__Y09__P001.jpg,0.726001,17.736803,ok
EES0423909__X1B__Y0C__P002.jpg,0.598088,16.414124,ok
EES0423909__X1B__Y0F__P003.jpg,0.738988,18.740109,ok
EES0423909__X1E__Y09__P004.jpg,0.751102,18.663472,ok
EES0423909__X24__Y06__P005.jpg,0.779179,18.859724,ok
EES0423909__X27__Y06__P006.jpg,0.767315,18.326159,ok
EES0423909__X2A__Y06__P007.jpg,0.696055,18.014927,ok
EES0423909__X2D__Y06__P008.jpg,0.806093,19.057774,ok
EES0423909__X0F__Y39__P009.jpg,0.923187,25.204206,ok
EES0423909__X18__Y30__P010.jpg,0.821704,21.171560,ok
EES0423909__X21__Y15__P011.jpg,0.790889,21.202212,ok
EES0423909__X24__Y36__P012.jpg,0.713977,18.340986,ok
EES0423909__X24__Y39__P013.jpg,0.740150,20.127483,ok
EES0423909__X27__Y0C__P014.jpg,0.649409,17.263798,ok
EES0423909__X27__Y0F__P015.jpg,0.852485,20.761963,ok
EES0423909__X27__Y36__P016.jpg,0.661654,18.424825,ok
EES0423909__X27__Y3F__P017.jpg,0.843704,20.576493,ok
EES0423909__X2A__Y12__P018.jpg,0.731704,19.353846,ok
EES0423909__X2A__Y18__P019.jpg,0.763695,20.606215,ok
EES0423909__X2A__Y36__P020.jpg,0.719327,18.465217,ok
EES0423909__X2A__Y39__P021.jpg,0.747283,18.393873,ok
EES0423909__X2A__Y3C__P022.jpg,0.652428,16.581050,ok
EES0423909__X2A__Y3F__P023.jpg,0.823135,19.841263,ok
EES0423909__X2D__Y15__P024.jpg,0.656299,18.690017,ok
EES0423909__X2D__Y2A__P025.jpg,0.586009,16.789848,ok
EES0423910__X0C__Y30__P001.jpg,0.783245,18.177487,ok
EES0423910__X0F__Y18__P002.jpg,0.803820,19.687404,ok
EES0423910__X0F__Y1E__P003.jpg,0.710949,17.462988,ok
EES0423910__X0F__Y21__P004.jpg,0.705172,18.220507,ok
EES0423910__X0F__Y27__P005.jpg,0.629082,17.010066,ok
EES0423910__X0F__Y2A__P006.jpg,0.695960,17.229954,ok
EES0423910__X0F__Y2D__P007.jpg,0.744947,17.623967,ok
EES0423910__X0F__Y30__P008.jpg,0.833560,19.369524,ok
EES0423910__X0F__Y36__P009.jpg,0.808619,18.222932,ok
EES0423910__X12__Y2A__P010.jpg,0.620343,16.590274,ok
EES0423910__X15__Y2A__P011.jpg,0.517924,14.138482,ok
EES0423910__X1B__Y0C__P012.jpg,0.761733,16.274377,ok
EES0423910__X1B__Y0F__P013.jpg,0.703864,17.975153,ok
EES0423910__X1E__Y0C__P014.jpg,0.656456,17.053909,ok
EES0423910__X21__Y06__P015.jpg,0.741338,15.810647,ok
EES0423910__X21__Y09__P016.jpg,0.822741,18.471747,ok
EES0423910__X21__Y12__P017.jpg,0.593439,17.402575,ok
EES0423910__X21__Y3F__P018.jpg,0.574973,15.770883,ok
EES0423910__X24__Y06__P019.jpg,0.864454,20.613492,ok
EES0423910__X27__Y06__P020.jpg,0.691536,17.264917,ok
EES0423910__X2A__Y06__P021.jpg,0.652502,17.706843,ok
EES0423910__X2D__Y06__P022.jpg,0.686850,17.403471,ok
EES0423910__X2D__Y3F__P023.jpg,0.793585,18.668844,ok
EES0423910__X30__Y06__P024.jpg,0.666594,16.417756,ok
EES0423910__X30__Y09__P025.jpg,0.585904,16.370556,ok
EES0423911__X30__Y0C__P001.jpg,0.613267,16.235042,ok
EES0423911__X30__Y3F__P002.jpg,0.784544,19.378942,ok
EES0423911__X33__Y06__P003.jpg,0.799801,19.391587,ok
EES0423911__X33__Y09__P004.jpg,0.554710,15.777787,ok
EES0423911__X33__Y0C__P005.jpg,0.606324,15.959075,ok
EES0423911__X33__Y0F__P006.jpg,0.531577,16.075962,ok
EES0423911__X33__Y39__P007.jpg,0.587861,16.383018,ok
EES0423911__X36__Y06__P008.jpg,0.768266,18.330948,ok
EES0423911__X36__Y09__P009.jpg,0.600147,16.386234,ok
EES0423911__X36__Y0C__P010.jpg,0.690457,16.771213,ok
EES0423911__X36__Y0F__P011.jpg,0.531647,16.347178,ok
EES0423911__X36__Y39__P012.jpg,0.622175,17.039051,ok
EES0423911__X36__Y3C__P013.jpg,0.831197,18.775672,ok
EES0423911__X39__Y09__P014.jpg,0.605768,17.133273,ok
EES0423911__X39__Y0C__P015.jpg,0.585742,16.181021,ok
EES0423911__X3C__Y09__P016.jpg,0.933890,24.505255,ok
EES0423911__X45__Y1E__P017.jpg,0.808943,19.838650,ok
EES0423911__X09__Y15__P018.jpg,0.852488,19.420693,ok
EES0423911__X09__Y18__P019.jpg,0.632163,15.874320,ok
EES0423911__X09__Y1B__P020.jpg,0.757473,18.214368,ok
EES0423911__X09__Y1E__P021.jpg,0.728991,17.323116,ok
EES0423911__X09__Y21__P022.jpg,0.762335,18.439272,ok
EES0423911__X09__Y24__P023.jpg,0.695892,16.689870,ok
EES0423911__X12__Y33__P024.jpg,0.735771,17.604921,ok
EES0423911__X1E__Y3C__P025.jpg,0.666824,16.347624,ok
EES0423912__X33__Y3F__P001.jpg,0.641577,16.220141,ok
EES0423912__X45__Y1B__P002.jpg,0.727733,16.547854,ok
EES0423912__X18__Y24__P003.jpg,0.843331,20.116094,ok
EES0423912__X18__Y27__P004.jpg,0.723842,18.247204,ok
EES0423912__X18__Y2A__P005.jpg,0.855562,20.403448,ok
EES0423912__X18__Y39__P006.jpg,0.680001,18.178739,ok
EES0423912__X1B__Y1E__P007.jpg,0.826037,19.202751,ok
EES0423912__X1B__Y21__P008.jpg,0.835281,19.318641,ok
EES0423912__X1B__Y24__P009.jpg,0.636881,17.298977,ok
EES0423912__X1B__Y27__P010.jpg,0.728625,18.628475,ok
EES0423912__X1B__Y2A__P011.jpg,0.751252,18.048626,ok
EES0423912__X1B__Y2D__P012.jpg,0.705256,18.566641,ok
EES0423912__X1B__Y39__P013.jpg,0.726062,18.146830,ok
EES0423912__X1E__Y1E__P014.jpg,0.682446,17.464579,ok
EES0423912__X1E__Y21__P015.jpg,0.783162,18.640015,ok
EES0423912__X1E__Y27__P016.jpg,0.674239,17.877971,ok
EES0423912__X1E__Y2A__P017.jpg,0.651658,16.989320,ok
EES0423912__X1E__Y2D__P018.jpg,0.772847,18.612374,ok
EES0423912__X21__Y1B__P019.jpg,0.690320,17.697202,ok
EES0423912__X21__Y1E__P020.jpg,0.657044,17.521858,ok
EES0423912__X21__Y21__P021.jpg,0.728728,16.985673,ok
EES0423912__X21__Y2A__P022.jpg,0.720430,18.589371,ok
EES0423912__X24__Y39__P023.jpg,0.774749,19.360065,ok
EES0423912__X27__Y39__P024.jpg,0.665488,18.010293,ok
EES0423912__X2A__Y3C__P025.jpg,0.703421,18.265737,ok
EES0423913__X0C__Y36__P001.jpg,0.840303,19.534865,ok
EES0423913__X0F__Y30__P002.jpg,0.780080,19.117416,ok
EES0423913__X0F__Y33__P003.jpg,0.689523,18.084095,ok
EES0423913__X0F__Y36__P004.jpg,0.832087,18.800089,ok
EES0423913__X0F__Y39__P005.jpg,0.774779,19.956746,ok
EES0423913__X12__Y33__P006.jpg,0.613692,16.766251,ok
EES0423913__X12__Y36__P007.jpg,0.524057,16.335928,ok
EES0423913__X12__Y39__P008.jpg,0.677296,16.169377,ok
EES0423913__X12__Y3C__P009.jpg,0.747899,16.738716,ok
EES0423913__X15__Y0C__P010.jpg,0.750593,17.940358,ok
EES0423913__X15__Y36__P011.jpg,0.582667,17.578742,ok
EES0423913__X15__Y39__P012.jpg,0.742020,16.809500,ok
EES0423913__X15__Y3C__P013.jpg,0.755413,17.214665,ok
EES0423913__X15__Y3F__P014.jpg,0.930440,27.077010,ok
EES0423913__X18__Y09__P015.jpg,0.666941,17.607629,ok
EES0423913__X18__Y39__P016.jpg,0.572969,15.676572,ok
EES0423913__X18__Y3F__P017.jpg,0.628687,16.013545,ok
EES0423913__X1B__Y06__P018.jpg,0.902233,22.264961,ok
EES0423913__X1B__Y09__P019.jpg,0.624280,16.489647,ok
EES0423913__X1B__Y39__P020.jpg,0.586523,17.093746,ok
EES0423913__X1B__Y3C__P021.jpg,0.629322,15.535863,ok
EES0423913__X1B__Y3F__P022.jpg,0.605435,15.769959,ok
EES0423913__X1B__Y42__P023.jpg,0.693994,17.163802,ok
EES0423913__X1E__Y3F__P024.jpg,0.458528,15.241337,ok
EES0423913__X1E__Y42__P025.jpg,0.803402,18.953223,ok
EES0423914__X45__Y1B__P001.jpg,0.661630,17.677259,ok
EES0423914__X0C__Y21__P002.jpg,0.790889,17.847432,ok
EES0423914__X0F__Y1B__P003.jpg,0.637049,17.534657,ok
EES0423914__X0F__Y1E__P004.jpg,0.790015,18.923401,ok
EES0423914__X0F__Y21__P005.jpg,0.697765,17.887174,ok
EES0423914__X0F__Y24__P006.jpg,0.640470,16.545365,ok
EES0423914__X0F__Y27__P007.jpg,0.655595,16.422197,ok
EES0423914__X12__Y15__P008.jpg,0.862554,19.834182,ok
EES0423914__X12__Y1B__P009.jpg,0.635534,18.235149,ok
EES0423914__X12__Y1E__P010.jpg,0.628107,16.145824,ok
EES0423914__X12__Y27__P011.jpg,0.564615,16.125870,ok
EES0423914__X12__Y2D__P012.jpg,0.664262,17.434861,ok
EES0423914__X15__Y0F__P013.jpg,0.795249,19.127097,ok
EES0423914__X15__Y12__P014.jpg,0.712990,16.573672,ok
EES0423914__X15__Y15__P015.jpg,0.611635,17.588332,ok
EES0423914__X18__Y0F__P016.jpg,0.726538,19.084078,ok
EES0423914__X18__Y12__P017.jpg,0.668469,16.872314,ok
EES0423914__X1B__Y0F__P018.jpg,0.708708,17.962666,ok
EES0423914__X1E__Y06__P019.jpg,0.838624,18.457964,ok
EES0423914__X1E__Y09__P020.jpg,0.681050,17.525584,ok
EES0423914__X1E__Y0C__P021.jpg,0.638264,16.653725,ok
EES0423914__X21__Y06__P022.jpg,0.707731,16.793349,ok
EES0423914__X21__Y09__P023.jpg,0.651250,16.277233,ok
EES0423914__X24__Y06__P024.jpg,0.742308,18.311074,ok
EES0423914__X24__Y09__P025.jpg,0.639670,15.781697,ok
EES0423915__X2A__Y06__P001.jpg,0.679049,17.527635,ok
EES0423915__X33__Y06__P002.jpg,0.658453,16.864049,ok
EES0423915__X36__Y06__P003.jpg,0.627378,15.711970,ok
EES0423915__X3C__Y3C__P004.jpg,0.933675,22.851829,ok
EES0423915__X48__Y18__P005.jpg,0.817240,19.811246,ok
EES0423915__X48__Y1B__P006.jpg,0.605509,16.080190,ok
EES0423915__X48__Y27__P007.jpg,0.665643,15.807845,ok
EES0423915__X48__Y2A__P008.jpg,0.762562,18.075929,ok
EES0423915__X48__Y2D__P009.jpg,0.938895,26.485192,ok
EES0423915__X0F__Y30__P010.jpg,0.680512,16.603414,ok
EES0423915__X0F__Y33__P011.jpg,0.742500,17.860899,ok
EES0423915__X21__Y3C__P012.jpg,0.814186,18.524026,ok
EES0423915__X24__Y39__P013.jpg,0.607423,17.076453,ok
EES0423915__X2D__Y39__P014.jpg,0.699987,17.434085,ok
EES0423915__X2D__Y3C__P015.jpg,0.650088,15.845496,ok
EES0423915__X30__Y06__P016.jpg,0.835789,19.631544,ok
EES0423915__X30__Y36__P017.jpg,0.664064,17.313184,ok
EES0423915__X33__Y36__P018.jpg,0.693484,16.612946,ok
EES0423915__X36__Y33__P019.jpg,0.668097,16.951783,ok
EES0423915__X36__Y36__P020.jpg,0.576477,16.469494,ok
EES0423915__X39__Y33__P021.jpg,0.586561,16.013610,ok
EES0423915__X39__Y36__P022.jpg,0.656464,16.921776,ok
EES0423915__X0C__Y21__P023.jpg,0.717751,18.004296,ok
EES0423915__X0C__Y24__P024.jpg,0.845941,20.805031,ok
EES0423915__X0C__Y27__P025.jpg,0.824038,19.893212,ok
EES0423916__X3C__Y21__P001.jpg,0.720801,16.641623,ok
EES0423916__X3C__Y24__P002.jpg,0.561424,15.230824,ok
EES0423916__X3C__Y2A__P003.jpg,0.809227,18.466106,ok
EES0423916__X3C__Y30__P004.jpg,0.755813,17.531286,ok
EES0423916__X3C__Y3C__P005.jpg,0.849576,19.194079,ok
EES0423916__X3C__Y3F__P006.jpg,0.678867,17.767332,ok
EES0423916__X09__Y24__P007.jpg,0.790190,20.041463,ok
EES0423916__X09__Y27__P008.jpg,0.848045,21.395833,ok
EES0423916__X0C__Y27__P009.jpg,0.556196,16.127133,ok
EES0423916__X0C__Y30__P010.jpg,0.723882,17.045645,ok
EES0423916__X0F__Y2D__P011.jpg,0.589010,16.635377,ok
EES0423916__X0F__Y30__P012.jpg,0.756074,18.213196,ok
EES0423916__X0F__Y36__P013.jpg,0.814261,20.154428,ok
EES0423916__X15__Y33__P014.jpg,0.573335,16.122634,ok
EES0423916__X15__Y39__P015.jpg,0.679753,16.574291,ok
EES0423916__X15__Y3C__P016.jpg,0.731532,17.409047,ok
EES0423916__X18__Y36__P017.jpg,0.728652,18.375149,ok
EES0423916__X18__Y39__P018.jpg,0.544747,15.200028,ok
EES0423916__X1B__Y06__P019.jpg,0.669612,17.355639,ok
EES0423916__X1B__Y3F__P020.jpg,0.747764,19.342083,ok
EES0423916__X1E__Y3C__P021.jpg,0.619214,16.359622,ok
EES0423916__X1E__Y3F__P022.jpg,0.829741,19.892467,ok
EES0423916__X21__Y42__P023.jpg,0.918019,22.838242,ok
EES0423916__X24__Y3F__P024.jpg,0.741712,17.985140,ok
EES0423916__X24__Y42__P025.jpg,0.800867,18.284509,ok
EES0423917__X27__Y39__P001.jpg,0.667299,14.662750,ok
EES0423917__X2A__Y0F__P002.jpg,0.617325,14.896382,ok
EES0423917__X2A__Y24__P003.jpg,0.690187,17.196397,ok
EES0423917__X2A__Y27__P004.jpg,0.706937,15.577056,ok
EES0423917__X2A__Y30__P005.jpg,0.692053,15.430274,ok
EES0423917__X2A__Y33__P006.jpg,0.838354,18.354701,ok
EES0423917__X2D__Y0F__P007.jpg,0.572551,14.338265,ok
EES0423917__X2D__Y24__P008.jpg,0.663115,14.847140,ok
EES0423917__X2D__Y27__P009.jpg,0.717296,15.577108,ok
EES0423917__X2D__Y33__P010.jpg,0.827135,17.780331,ok
EES0423917__X30__Y3F__P011.jpg,0.597930,15.185337,ok
EES0423917__X33__Y0F__P012.jpg,0.742882,16.071802,ok
EES0423917__X33__Y12__P013.jpg,0.827684,18.145824,ok
EES0423917__X33__Y24__P014.jpg,0.723942,16.616840,ok
EES0423917__X33__Y27__P015.jpg,0.830060,17.890730,ok
EES0423917__X33__Y36__P016.jpg,0.690613,16.272715,ok
EES0423917__X33__Y3F__P017.jpg,0.703716,16.254663,ok
EES0423917__X36__Y0F__P018.jpg,0.640900,14.931948,ok
EES0423917__X36__Y12__P019.jpg,0.645670,15.423425,ok
EES0423917__X36__Y18__P020.jpg,0.675328,15.038937,ok
EES0423917__X36__Y1B__P021.jpg,0.633651,14.683764,ok
EES0423917__X36__Y24__P022.jpg,0.745180,16.870230,ok
EES0423917__X36__Y27__P023.jpg,0.733493,16.601712,ok
EES0423917__X36__Y33__P024.jpg,0.734119,15.564891,ok
EES0423917__X36__Y39__P025.jpg,0.748329,16.663550,ok
EES0423918__X18__Y24__P001.jpg,0.735621,18.564325,ok
EES0423918__X18__Y27__P002.jpg,0.821201,20.448829,ok
EES0423918__X1B__Y0C__P003.jpg,0.710824,15.959244,ok
EES0423918__X1B__Y18__P004.jpg,0.723521,17.727902,ok
EES0423918__X1B__Y1B__P005.jpg,0.807448,19.569921,ok
EES0423918__X1B__Y36__P006.jpg,0.795725,18.628358,ok
EES0423918__X1E__Y0C__P007.jpg,0.682151,17.117316,ok
EES0423918__X1E__Y12__P008.jpg,0.792571,21.856258,ok
EES0423918__X1E__Y15__P009.jpg,0.714865,18.180563,ok
EES0423918__X1E__Y30__P010.jpg,0.750602,18.496921,ok
EES0423918__X1E__Y36__P011.jpg,0.755190,20.295466,ok
EES0423918__X1E__Y3F__P012.jpg,0.754368,17.633024,ok
EES0423918__X21__Y09__P013.jpg,0.703333,18.970551,ok
EES0423918__X21__Y0C__P014.jpg,0.754525,20.446216,ok
EES0423918__X21__Y15__P015.jpg,0.722182,17.337418,ok
EES0423918__X21__Y1E__P016.jpg,0.742719,18.197192,ok
EES0423918__X21__Y30__P017.jpg,0.644889,18.808804,ok
EES0423918__X21__Y33__P018.jpg,0.644152,16.397859,ok
EES0423918__X21__Y3C__P019.jpg,0.821486,18.870349,ok
EES0423918__X24__Y0C__P020.jpg,0.728392,17.457125,ok
EES0423918__X24__Y2D__P021.jpg,0.713595,17.554677,ok
EES0423918__X24__Y33__P022.jpg,0.778640,18.704452,ok
EES0423918__X24__Y36__P023.jpg,0.789122,20.461793,ok
EES0423918__X24__Y3C__P024.jpg,0.866693,22.535150,ok
EES0423918__X27__Y09__P025.jpg,0.786612,19.718345,ok
EES0423919__X27__Y15__P001.jpg,0.729196,17.582474,ok
EES0423919__X27__Y18__P002.jpg,0.758644,19.613538,ok
EES0423919__X27__Y1B__P003.jpg,0.764879,17.521677,ok
EES0423919__X27__Y21__P004.jpg,0.762985,18.012921,ok
EES0423919__X27__Y33__P005.jpg,0.777117,19.253783,ok
EES0423919__X27__Y39__P006.jpg,0.766208,18.560086,ok
EES0423919__X2A__Y1E__P007.jpg,0.730218,17.110005,ok
EES0423919__X2A__Y21__P008.jpg,0.881540,23.914666,ok
EES0423919__X2A__Y27__P009.jpg,0.691197,17.667039,ok
EES0423919__X2A__Y36__P010.jpg,0.803283,17.385517,ok
EES0423919__X2A__Y39__P011.jpg,0.779066,19.633343,ok
EES0423919__X2A__Y3C__P012.jpg,0.764654,17.537702,ok
EES0423919__X2D__Y1E__P013.jpg,0.811636,19.468508,ok
EES0423919__X2D__Y36__P014.jpg,0.869417,21.159778,ok
EES0423919__X30__Y0C__P015.jpg,0.750659,18.462857,ok
EES0423919__X30__Y1B__P016.jpg,0.763988,18.136556,ok
EES0423919__X30__Y21__P017.jpg,0.596900,16.470619,ok
EES0423919__X30__Y24__P018.jpg,0.623105,16.873416,ok
EES0423919__X30__Y36__P019.jpg,0.934048,26.735756,ok
EES0423919__X30__Y3C__P020.jpg,0.694349,18.216846,ok
EES0423919__X33__Y0C__P021.jpg,0.815997,20.350082,ok
EES0423919__X33__Y0F__P022.jpg,0.821733,18.621437,ok
EES0423919__X33__Y18__P023.jpg,0.745941,18.510475,ok
EES0423919__X33__Y1E__P024.jpg,0.810040,19.206920,ok
EES0423919__X33__Y21__P025.jpg,0.663369,17.553086,ok
EES0423920__X09__Y21__P001.jpg,0.640341,16.838773,ok
EES0423920__X09__Y27__P002.jpg,0.707095,17.056335,ok
EES0423920__X09__Y2A__P003.jpg,0.831205,19.718666,ok
EES0423920__X0C__Y27__P004.jpg,0.681491,17.478388,ok
EES0423920__X0C__Y2D__P005.jpg,0.845799,21.677750,ok
EES0423920__X0C__Y30__P006.jpg,0.626049,17.089548,ok
EES0423920__X0F__Y30__P007.jpg,0.768239,19.138361,ok
EES0423920__X0F__Y33__P008.jpg,0.727478,17.390506,ok
EES0423920__X0F__Y36__P009.jpg,0.840527,21.031430,ok
EES0423920__X12__Y36__P010.jpg,0.790541,19.742101,ok
EES0423920__X12__Y39__P011.jpg,0.869321,20.058669,ok
EES0423920__X15__Y39__P012.jpg,0.695726,16.873765,ok
EES0423920__X15__Y3C__P013.jpg,0.724022,17.278276,ok
EES0423920__X18__Y39__P014.jpg,0.699080,17.234946,ok
EES0423920__X18__Y3C__P015.jpg,0.784568,18.713847,ok
EES0423920__X1B__Y06__P016.jpg,0.855978,22.813192,ok
EES0423920__X1B__Y36__P017.jpg,0.621169,17.524525,ok
EES0423920__X1B__Y3F__P018.jpg,0.769548,18.766920,ok
EES0423920__X1E__Y06__P019.jpg,0.638612,16.739113,ok
EES0423920__X1E__Y3F__P020.jpg,0.769685,19.666288,ok
EES0423920__X21__Y06__P021.jpg,0.722292,17.876160,ok
EES0423920__X21__Y3F__P022.jpg,0.707132,18.218619,ok
EES0423920__X24__Y3C__P023.jpg,0.651129,17.954779,ok
EES0423920__X24__Y3F__P024.jpg,0.688964,16.498049,ok
EES0423920__X27__Y3C__P025.jpg,0.672649,17.895183,ok
EES0423921__X15__Y33__P001.jpg,0.723306,17.987399,ok
EES0423921__X15__Y36__P002.jpg,0.720539,17.475284,ok
EES0423921__X18__Y09__P003.jpg,0.717880,17.561151,ok
EES0423921__X18__Y33__P004.jpg,0.759107,18.972321,ok
EES0423921__X1B__Y09__P005.jpg,0.605325,16.388303,ok
EES0423921__X1B__Y33__P006.jpg,0.642872,17.037603,ok
EES0423921__X1B__Y3F__P007.jpg,0.775832,19.218899,ok
EES0423921__X1E__Y09__P008.jpg,0.609089,17.488567,ok
EES0423921__X1E__Y3C__P009.jpg,0.691815,17.316771,ok
EES0423921__X1E__Y3F__P010.jpg,0.773799,18.525872,ok
EES0423921__X21__Y30__P011.jpg,0.656271,18.101058,ok
EES0423921__X21__Y3C__P012.jpg,0.671382,18.502530,ok
EES0423921__X24__Y06__P013.jpg,0.728348,18.304761,ok
EES0423921__X27__Y06__P014.jpg,0.782355,19.429538,ok
EES0423921__X2A__Y06__P015.jpg,0.737218,16.893245,ok
EES0423921__X2A__Y3C__P016.jpg,0.733290,18.509702,ok
EES0423921__X2A__Y42__P017.jpg,0.748859,18.265792,ok
EES0423921__X2D__Y3C__P018.jpg,0.731266,19.213134,ok
EES0423921__X2D__Y3F__P019.jpg,0.846497,21.332117,ok
EES0423921__X30__Y3F__P020.jpg,0.588213,16.912855,ok
EES0423921__X33__Y09__P021.jpg,0.683760,14.620751,ok
EES0423921__X39__Y30__P022.jpg,0.653837,18.031060,ok
EES0423921__X42__Y15__P023.jpg,0.740399,18.103866,ok
EES0423921__X09__Y1B__P024.jpg,0.925352,24.879035,ok
EES0423921__X09__Y2D__P025.jpg,0.830816,19.917429,ok
EES0423922__X12__Y1B__P001.jpg,0.824078,20.498111,ok
EES0423922__X12__Y2A__P002.jpg,0.669125,16.081549,ok
EES0423922__X12__Y2D__P003.jpg,0.707195,17.686778,ok
EES0423922__X12__Y36__P004.jpg,0.677169,17.658650,ok
EES0423922__X12__Y39__P005.jpg,0.835701,20.028567,ok
EES0423922__X12__Y3C__P006.jpg,0.938068,25.459167,ok
EES0423922__X15__Y15__P007.jpg,0.660684,16.755457,ok
EES0423922__X15__Y18__P008.jpg,0.777582,18.541051,ok
EES0423922__X15__Y1E__P009.jpg,0.600403,16.145525,ok
EES0423922__X15__Y39__P010.jpg,0.847695,20.428939,ok
EES0423922__X15__Y3C__P011.jpg,0.672297,17.169760,ok
EES0423922__X18__Y0F__P012.jpg,0.716791,17.376982,ok
EES0423922__X18__Y12__P013.jpg,0.648612,16.666737,ok
EES0423922__X18__Y15__P014.jpg,0.702181,17.195517,ok
EES0423922__X18__Y18__P015.jpg,0.728550,17.257319,ok
EES0423922__X18__Y1E__P016.jpg,0.617248,16.314364,ok
EES0423922__X18__Y3F__P017.jpg,0.672645,17.208118,ok
EES0423922__X1B__Y0C__P018.jpg,0.755732,18.938008,ok
EES0423922__X1B__Y0F__P019.jpg,0.859067,21.595155,ok
EES0423922__X1B__Y12__P020.jpg,0.810906,20.369813,ok
EES0423922__X1B__Y15__P021.jpg,0.672466,17.182278,ok
EES0423922__X1B__Y42__P022.jpg,0.924397,24.283082,ok
EES0423922__X1E__Y09__P023.jpg,0.652909,16.408861,ok
EES0423922__X1E__Y0C__P024.jpg,0.694687,17.693569,ok
EES0423922__X1E__Y0F__P025.jpg,0.749185,17.205129,ok
EES0423923__X1E__Y1E__P001.jpg,0.672781,16.735884,ok
EES0423923__X1E__Y24__P002.jpg,0.707057,17.162464,ok
EES0423923__X1E__Y27__P003.jpg,0.768594,20.116827,ok
EES0423923__X1E__Y2A__P004.jpg,0.756947,19.312867,ok
EES0423923__X1E__Y30__P005.jpg,0.889900,23.078686,ok
EES0423923__X1E__Y36__P006.jpg,0.844695,19.906797,ok
EES0423923__X21__Y09__P007.jpg,0.841404,20.215800,ok
EES0423923__X21__Y0C__P008.jpg,0.804136,20.457201,ok
EES0423923__X21__Y0F__P009.jpg,0.789129,18.832173,ok
EES0423923__X21__Y15__P010.jpg,0.711530,17.512182,ok
EES0423923__X21__Y27__P011.jpg,0.813327,20.671458,ok
EES0423923__X24__Y06__P012.jpg,0.747867,18.718724,ok
EES0423923__X24__Y0C__P013.jpg,0.769874,18.593831,ok
EES0423923__X24__Y0F__P014.jpg,0.688909,18.870715,ok
EES0423923__X24__Y12__P015.jpg,0.748918,19.768775,ok
EES0423923__X24__Y1E__P016.jpg,0.755854,19.174870,ok
EES0423923__X24__Y33__P017.jpg,0.756531,18.193134,ok
EES0423923__X27__Y0C__P018.jpg,0.804755,20.703913,ok
EES0423923__X27__Y15__P019.jpg,0.694022,18.067586,ok
EES0423923__X27__Y2D__P020.jpg,0.753870,18.404779,ok
EES0423923__X27__Y36__P021.jpg,0.853016,22.305207,ok
EES0423923__X2A__Y0F__P022.jpg,0.740066,17.573950,ok
EES0423923__X2A__Y1B__P023.jpg,0.516088,16.233261,ok
EES0423923__X2A__Y3C__P024.jpg,0.810648,19.910488,ok
EES0423923__X2D__Y0C__P025.jpg,0.817214,18.531039,ok
EES0423924__X33__Y09__P001.jpg,0.469099,16.752289,ok
EES0423924__X36__Y06__P002.jpg,0.856193,21.490806,ok
EES0423924__X36__Y3C__P003.jpg,0.734154,20.357946,ok
EES0423924__X36__Y3F__P004.jpg,0.746999,18.091701,ok
EES0423924__X39__Y09__P005.jpg,0.843965,23.811948,ok
EES0423924__X3C__Y36__P006.jpg,0.837472,22.264040,ok
EES0423924__X3F__Y30__P007.jpg,0.536426,17.718920,ok
EES0423924__X3F__Y36__P008.jpg,0.851476,20.955000,ok
EES0423924__X42__Y18__P009.jpg,0.882445,26.366700,ok
EES0423924__X42__Y1B__P010.jpg,0.620990,18.734527,ok
EES0423924__X42__Y27__P011.jpg,0.591365,17.479478,ok
EES0423924__X42__Y2D__P012.jpg,0.716145,19.324859,ok
EES0423924__X42__Y30__P013.jpg,0.877813,25.141801,ok
EES0423924__X45__Y1E__P014.jpg,0.893664,23.954061,ok
EES0423924__X45__Y21__P015.jpg,0.871168,22.873000,ok
EES0423924__X45__Y2D__P016.jpg,0.872877,22.247531,ok
EES0423924__X45__Y30__P017.jpg,0.919268,25.295755,ok
EES0423924__X0C__Y18__P018.jpg,0.785057,18.572543,ok
EES0423924__X0C__Y30__P019.jpg,0.675124,16.716499,ok
EES0423924__X0F__Y18__P020.jpg,0.617440,16.771662,ok
EES0423924__X0F__Y30__P021.jpg,0.721294,16.658241,ok
EES0423924__X0F__Y33__P022.jpg,0.682752,16.793104,ok
EES0423924__X0F__Y36__P023.jpg,0.759154,17.702859,ok
EES0423924__X12__Y15__P024.jpg,0.733518,17.587403,ok
EES0423924__X12__Y18__P025.jpg,0.645578,16.111574,ok
EES0423925__X12__Y30__P001.jpg,0.592046,15.723999,ok
EES0423925__X12__Y33__P002.jpg,0.682467,17.509035,ok
EES0423925__X12__Y36__P003.jpg,0.729701,17.251737,ok
EES0423925__X15__Y0F__P004.jpg,0.745247,18.330873,ok
EES0423925__X15__Y12__P005.jpg,0.848970,21.824844,ok
EES0423925__X15__Y18__P006.jpg,0.688064,16.242717,ok
EES0423925__X15__Y30__P007.jpg,0.583815,16.942128,ok
EES0423925__X15__Y36__P008.jpg,0.578310,15.655843,ok
EES0423925__X15__Y39__P009.jpg,0.706924,17.141680,ok
EES0423925__X18__Y0C__P010.jpg,0.724993,16.171462,ok
EES0423925__X18__Y0F__P011.jpg,0.746643,17.396345,ok
EES0423925__X18__Y18__P012.jpg,0.639714,16.125899,ok
EES0423925__X18__Y1B__P013.jpg,0.834418,19.957760,ok
EES0423925__X18__Y2A__P014.jpg,0.684038,17.310042,ok
EES0423925__X18__Y36__P015.jpg,0.519205,16.821666,ok
EES0423925__X18__Y39__P016.jpg,0.637201,16.749648,ok
EES0423925__X1B__Y0C__P017.jpg,0.767609,17.993808,ok
EES0423925__X1B__Y0F__P018.jpg,0.660011,16.201064,ok
EES0423925__X1B__Y18__P019.jpg,0.627929,16.184823,ok
EES0423925__X1E__Y09__P020.jpg,0.642903,16.304384,ok
EES0423925__X1E__Y0C__P021.jpg,0.714349,17.788840,ok
EES0423925__X1E__Y0F__P022.jpg,0.679598,16.458071,ok
EES0423925__X1E__Y12__P023.jpg,0.757320,18.461870,ok
EES0423925__X1E__Y15__P024.jpg,0.636373,16.655885,ok
EES0423925__X1E__Y18__P025.jpg,0.757402,18.133899,ok
EES0423926__X36__Y0C__P001.jpg,0.483501,15.074235,ok
EES0423926__X36__Y3F__P002.jpg,0.498869,15.766508,ok
EES0423926__X39__Y0C__P003.jpg,0.831530,19.791712,ok
EES0423926__X39__Y3C__P004.jpg,0.597165,15.904095,ok
EES0423926__X3C__Y0F__P005.jpg,0.893327,23.978008,ok
EES0423926__X3C__Y39__P006.jpg,0.606439,15.851388,ok
EES0423926__X3F__Y15__P007.jpg,0.471674,15.862970,ok
EES0423926__X3F__Y36__P008.jpg,0.752966,17.498313,ok
EES0423926__X42__Y18__P009.jpg,0.822397,20.195314,ok
EES0423926__X42__Y1B__P010.jpg,0.608546,15.864246,ok
EES0423926__X42__Y2D__P011.jpg,0.453691,15.320564,ok
EES0423926__X42__Y30__P012.jpg,0.762759,19.311143,ok
EES0423926__X09__Y1E__P013.jpg,0.814044,18.835604,ok
EES0423926__X09__Y24__P014.jpg,0.870104,21.833697,ok
EES0423926__X09__Y27__P015.jpg,0.843005,20.263162,ok
EES0423926__X0C__Y18__P016.jpg,0.871136,21.132439,ok
EES0423926__X0C__Y1B__P017.jpg,0.663076,16.377010,ok
EES0423926__X0C__Y21__P018.jpg,0.622464,16.604964,ok
EES0423926__X0C__Y2D__P019.jpg,0.681728,17.534864,ok
EES0423926__X0C__Y33__P020.jpg,0.899995,22.674057,ok
EES0423926__X0F__Y2D__P021.jpg,0.642693,16.227589,ok
EES0423926__X0F__Y33__P022.jpg,0.644459,16.226634,ok
EES0423926__X0F__Y36__P023.jpg,0.768718,16.998455,ok
EES0423926__X12__Y0F__P024.jpg,0.671306,16.602402,ok
EES0423926__X12__Y36__P025.jpg,0.750702,18.145068,ok
EES0423927__X48__Y15__P001.jpg,0.714812,16.241286,ok
EES0423927__X48__Y18__P002.jpg,0.503824,16.660607,ok
EES0423927__X48__Y30__P003.jpg,0.665612,16.935971,ok
EES0423927__X48__Y33__P004.jpg,0.685410,16.814561,ok
EES0423927__X48__Y36__P005.jpg,0.933709,28.296066,ok
EES0423927__X0C__Y1B__P006.jpg,0.720178,17.161602,ok
EES0423927__X0C__Y1E__P007.jpg,0.663354,15.345321,ok
EES0423927__X0C__Y21__P008.jpg,0.713480,17.011604,ok
EES0423927__X0C__Y24__P009.jpg,0.765362,16.917037,ok
EES0423927__X0C__Y27__P010.jpg,0.717898,17.443846,ok
EES0423927__X0C__Y2A__P011.jpg,0.698413,17.799357,ok
EES0423927__X0F__Y1B__P012.jpg,0.719375,16.425268,ok
EES0423927__X0F__Y21__P013.jpg,0.536421,15.079926,ok
EES0423927__X0F__Y24__P014.jpg,0.611215,15.825278,ok
EES0423927__X0F__Y2D__P015.jpg,0.646526,16.067748,ok
EES0423927__X12__Y12__P016.jpg,0.814741,18.465172,ok
EES0423927__X12__Y15__P017.jpg,0.680124,16.093830,ok
EES0423927__X12__Y18__P018.jpg,0.692885,16.576280,ok
EES0423927__X12__Y1B__P019.jpg,0.761448,18.730601,ok
EES0423927__X12__Y1E__P020.jpg,0.609909,16.251889,ok
EES0423927__X12__Y21__P021.jpg,0.603946,16.007498,ok
EES0423927__X15__Y0F__P022.jpg,0.820520,18.244707,ok
EES0423927__X15__Y12__P023.jpg,0.615427,15.500228,ok
EES0423927__X15__Y15__P024.jpg,0.745784,17.477091,ok
EES0423927__X15__Y18__P025.jpg,0.591515,15.889381,ok
EES0423928__X15__Y09__P001.jpg,0.833156,23.013118,ok
EES0423928__X15__Y0C__P002.jpg,0.746260,17.865715,ok
EES0423928__X15__Y1B__P003.jpg,0.714564,19.319905,ok
EES0423928__X18__Y09__P004.jpg,0.722625,19.271827,ok
EES0423928__X18__Y0C__P005.jpg,0.743967,18.508306,ok
EES0423928__X18__Y3C__P006.jpg,0.868787,22.529215,ok
EES0423928__X1B__Y06__P007.jpg,0.810129,21.241707,ok
EES0423928__X1B__Y0C__P008.jpg,0.650964,19.088134,ok
EES0423928__X1E__Y06__P009.jpg,0.717349,17.593490,ok
EES0423928__X1E__Y3F__P010.jpg,0.799923,20.288881,ok
EES0423928__X21__Y03__P011.jpg,0.764178,20.022641,ok
EES0423928__X21__Y09__P012.jpg,0.580658,15.829393,ok
EES0423928__X21__Y0C__P013.jpg,0.677749,17.024891,ok
EES0423928__X21__Y3F__P014.jpg,0.754459,19.026636,ok
EES0423928__X24__Y03__P015.jpg,0.749149,19.354558,ok
EES0423928__X24__Y06__P016.jpg,0.608398,17.608964,ok
EES0423928__X24__Y3F__P017.jpg,0.856162,23.138114,ok
EES0423928__X24__Y42__P018.jpg,0.883144,25.462616,ok
EES0423928__X27__Y03__P019.jpg,0.684154,18.588660,ok
EES0423928__X27__Y06__P020.jpg,0.772404,19.301956,ok
EES0423928__X2A__Y03__P021.jpg,0.622528,17.285669,ok
EES0423928__X2D__Y3F__P022.jpg,0.773469,18.461680,ok
EES0423928__X30__Y03__P023.jpg,0.771033,20.005256,ok
EES0423928__X30__Y3F__P024.jpg,0.689851,18.009178,ok
EES0423928__X33__Y3F__P025.jpg,0.859957,21.680715,ok
EES0423929__X24__Y30__P001.jpg,0.794852,17.889647,ok
EES0423929__X24__Y33__P002.jpg,0.715579,16.354391,ok
EES0423929__X24__Y36__P003.jpg,0.767883,17.229441,ok
EES0423929__X24__Y3C__P004.jpg,0.842810,18.887898,ok
EES0423929__X27__Y0F__P005.jpg,0.611457,16.170734,ok
EES0423929__X27__Y21__P006.jpg,0.685045,18.152014,ok
EES0423929__X27__Y33__P007.jpg,0.727160,15.831628,ok
EES0423929__X2A__Y24__P008.jpg,0.752641,17.310822,ok
EES0423929__X2A__Y27__P009.jpg,0.660954,16.028592,ok
EES0423929__X2D__Y21__P010.jpg,0.694186,15.849399,ok
EES0423929__X2D__Y27__P011.jpg,0.762981,17.298754,ok
EES0423929__X30__Y09__P012.jpg,0.654365,15.355887,ok
EES0423929__X30__Y0F__P013.jpg,0.749354,16.228423,ok
EES0423929__X30__Y15__P014.jpg,0.625176,14.582344,ok
EES0423929__X30__Y18__P015.jpg,0.788651,18.465725,ok
EES0423929__X30__Y21__P016.jpg,0.673122,15.931015,ok
EES0423929__X30__Y36__P017.jpg,0.774296,18.726793,ok
EES0423929__X30__Y39__P018.jpg,0.831411,19.114842,ok
EES0423929__X33__Y09__P019.jpg,0.695858,15.767200,ok
EES0423929__X33__Y0F__P020.jpg,0.670531,15.592746,ok
EES0423929__X33__Y12__P021.jpg,0.862127,20.206460,ok
EES0423929__X33__Y15__P022.jpg,0.793791,18.308369,ok
EES0423929__X33__Y24__P023.jpg,0.681678,16.238339,ok
EES0423929__X33__Y27__P024.jpg,0.675682,16.290111,ok
EES0423929__X36__Y09__P025.jpg,0.725740,17.708979,ok
EES0423930__X2A__Y45__P001.jpg,0.599170,17.001428,ok
EES0423930__X30__Y0C__P002.jpg,0.636580,16.650188,ok
EES0423930__X09__Y21__P003.jpg,0.906406,26.388807,ok
EES0423930__X0C__Y18__P004.jpg,0.852930,21.612752,ok
EES0423930__X0C__Y1B__P005.jpg,0.741351,17.056938,ok
EES0423930__X0C__Y24__P006.jpg,0.814498,20.586347,ok
EES0423930__X0C__Y27__P007.jpg,0.689342,17.699314,ok
EES0423930__X0C__Y2A__P008.jpg,0.826312,20.808242,ok
EES0423930__X0C__Y2D__P009.jpg,0.703179,17.614643,ok
EES0423930__X0C__Y30__P010.jpg,0.896601,23.044219,ok
EES0423930__X0F__Y21__P011.jpg,0.661952,17.690610,ok
EES0423930__X0F__Y27__P012.jpg,0.676050,18.404135,ok
EES0423930__X0F__Y2A__P013.jpg,0.739092,17.713804,ok
EES0423930__X0F__Y2D__P014.jpg,0.766411,19.142190,ok
EES0423930__X12__Y12__P015.jpg,0.691601,18.446396,ok
EES0423930__X12__Y21__P016.jpg,0.639533,17.470323,ok
EES0423930__X12__Y2A__P017.jpg,0.680549,17.053740,ok
EES0423930__X12__Y36__P018.jpg,0.825820,20.345463,ok
EES0423930__X12__Y39__P019.jpg,0.883765,24.446641,ok
EES0423930__X15__Y33__P020.jpg,0.704221,17.732942,ok
EES0423930__X15__Y36__P021.jpg,0.705062,19.059729,ok
EES0423930__X18__Y0C__P022.jpg,0.856254,21.678172,ok
EES0423930__X18__Y36__P023.jpg,0.763549,17.921025,ok
EES0423930__X1B__Y36__P024.jpg,0.713382,18.227334,ok
EES0423930__X1B__Y39__P025.jpg,0.710946,17.870615,ok
