filename,ssim,psnr,status
C132576__X1E__Y0F.jpg,0.945140,28.018740,ok
C132576__X1E__Y12.jpg,0.909944,26.264494,ok
C132576__X1E__Y21.jpg,0.920280,22.815118,ok
C132576__X1E__Y45.jpg,0.942449,31.991408,ok
C132576__X27__Y0C.jpg,0.907001,23.856077,ok
C132576__X27__Y1B.jpg,0.916996,23.845708,ok
C132576__X2A__Y0C.jpg,0.938104,25.083558,ok
C132576__X2A__Y12.jpg,0.934105,23.358149,ok
C132576__X2A__Y1E.jpg,0.928855,23.338271,ok
C132576__X2A__Y24.jpg,0.891687,22.070514,ok
C132576__X2D__Y09.jpg,0.898492,26.583323,ok
C132576__X2D__Y0C.jpg,0.925007,27.356599,ok
C132576__X2D__Y0F.jpg,0.917082,23.934334,ok
C132576__X2D__Y12.jpg,0.905129,23.576449,ok
C132576__X2D__Y15.jpg,0.937769,25.308339,ok
C132576__X2D__Y18.jpg,0.916490,22.450397,ok
C132576__X30__Y09.jpg,0.911471,28.275677,ok
C132576__X30__Y0C.jpg,0.909411,24.337655,ok
C132576__X30__Y18.jpg,0.885829,23.323722,ok
C132576__X30__Y21.jpg,0.902255,23.436999,ok
C132576__X33__Y0C.jpg,0.928097,23.201792,ok
C132576__X33__Y12.jpg,0.910865,22.406979,ok
C132576__X33__Y15.jpg,0.921699,23.580323,ok
C132576__X33__Y18.jpg,0.905413,22.812628,ok
C132576__X36__Y18.jpg,0.913948,24.244226,ok
C132577__X36__Y1E.jpg,0.921405,27.079651,ok
C132577__X36__Y2A.jpg,0.928723,22.495108,ok
C132577__X39__Y18.jpg,0.867446,23.135258,ok
C132577__X3C__Y1E.jpg,0.900304,21.842796,ok
C132577__X48__Y09.jpg,0.952916,25.557500,ok
C132577__X48__Y0C.jpg,0.950725,25.079048,ok
C132577__X18__Y24.jpg,0.879559,22.740477,ok
C132577__X1B__Y15.jpg,0.889133,17.323082,ok
C132577__X21__Y0F.jpg,0.892006,21.667478,ok
C132577__X21__Y15.jpg,0.756099,16.746776,ok
C132577__X21__Y18.jpg,0.906308,21.767254,ok
C132577__X21__Y1E.jpg,0.825083,18.968452,ok
C132577__X21__Y21.jpg,0.892175,23.453845,ok
C132577__X21__Y30.jpg,0.867797,17.321239,ok
C132577__X24__Y0C.jpg,0.865890,20.504413,ok
C132577__X24__Y0F.jpg,0.864327,21.496686,ok
C132577__X24__Y15.jpg,0.861727,20.437266,ok
C132577__X24__Y18.jpg,0.817741,19.456649,ok
C132577__X24__Y1B.jpg,0.877905,20.337194,ok
C132577__X24__Y21.jpg,0.862395,21.190636,ok
C132577__X24__Y24.jpg,0.830875,19.890628,ok
C132577__X24__Y30.jpg,0.864739,20.054287,ok
C132577__X24__Y33.jpg,0.871449,18.153099,ok
C132577__X27__Y0C.jpg,0.914022,27.058196,ok
C132577__X27__Y0F.jpg,0.811640,19.235282,ok
C132578__X27__Y15.jpg,0.863038,20.959869,ok
C132578__X27__Y1E.jpg,0.789626,17.409366,ok
C132578__X27__Y24.jpg,0.911029,22.479740,ok
C132578__X27__Y2A.jpg,0.925970,23.418692,ok
C132578__X27__Y30.jpg,0.754202,15.274033,ok
C132578__X2A__Y0C.jpg,0.766223,20.134931,ok
C132578__X2A__Y0F.jpg,0.875140,22.299674,ok
C132578__X2A__Y12.jpg,0.786308,16.835159,ok
C132578__X2A__Y15.jpg,0.863698,21.685100,ok
C132578__X2A__Y21.jpg,0.872815,24.334214,ok
C132578__X2A__Y24.jpg,0.894076,23.035450,ok
C132578__X2A__Y2A.jpg,0.895567,24.724618,ok
C132578__X2A__Y2D.jpg,0.878614,21.919211,ok
C132578__X2D__Y0C.jpg,0.877092,24.168656,ok
C132578__X2D__Y0F.jpg,0.892654,22.396639,ok
C132578__X2D__Y15.jpg,0.847147,20.266639,ok
C132578__X2D__Y18.jpg,0.859806,20.080391,ok
C132578__X2D__Y1B.jpg,0.836998,18.727493,ok
C132578__X2D__Y1E.jpg,0.796548,18.311541,ok
C132578__X2D__Y24.jpg,0.888096,21.599098,ok
C132578__X2D__Y2A.jpg,0.910649,24.821540,ok
C132578__X2D__Y2D.jpg,0.798467,19.410983,ok
C132578__X2D__Y30.jpg,0.904621,24.232609,ok
C132578__X2D__Y33.jpg,0.875377,22.010086,ok
C132578__X2D__Y3C.jpg,0.877430,22.044065,ok
C132579__X30__Y0C.jpg,0.920462,27.202571,ok
C132579__X30__Y0F.jpg,0.862459,21.764349,ok
C132579__X30__Y1B.jpg,0.886956,21.534211,ok
C132579__X30__Y21.jpg,0.872115,21.511867,ok
C132579__X30__Y2D.jpg,0.841128,20.850858,ok
C132579__X30__Y30.jpg,0.885095,22.533578,ok
C132579__X30__Y36.jpg,0.651648,16.021329,ok
C132579__X33__Y0C.jpg,0.896571,21.956923,ok
C132579__X33__Y0F.jpg,0.910300,22.747434,ok
C132579__X33__Y15.jpg,0.909100,23.911567,ok
C132579__X33__Y18.jpg,0.871449,21.520064,ok
C132579__X33__Y1B.jpg,0.849415,19.324151,ok
C132579__X33__Y1E.jpg,0.897673,21.477292,ok
C132579__X33__Y2A.jpg,0.889592,20.817085,ok
C132579__X33__Y36.jpg,0.887737,21.909618,ok
C132579__X33__Y39.jpg,0.843695,21.380573,ok
C132579__X36__Y15.jpg,0.916640,21.578762,ok
C132579__X36__Y18.jpg,0.669476,16.204237,ok
C132579__X36__Y1B.jpg,0.679119,17.313796,ok
C132579__X36__Y1E.jpg,0.817762,19.651355,ok
C132579__X36__Y21.jpg,0.658027,14.341168,ok
C132579__X36__Y2D.jpg,0.810090,17.074565,ok
C132579__X39__Y1E.jpg,0.904673,22.538078,ok
C132579__X39__Y27.jpg,0.700638,13.317695,ok
C132579__X39__Y2A.jpg,0.893352,21.622881,ok
C132580__X39__Y2D.jpg,0.742518,17.537282,ok
C132580__X3C__Y15.jpg,0.817462,17.625198,ok
C132580__X3C__Y18.jpg,0.796566,16.487754,ok
C132580__X3C__Y1B.jpg,0.907417,22.844408,ok
C132580__X3C__Y1E.jpg,0.919210,23.507801,ok
C132580__X3C__Y21.jpg,0.875091,21.170185,ok
C132580__X3C__Y24.jpg,0.823350,17.784768,ok
C132580__X3C__Y2D.jpg,0.749529,16.768041,ok
C132580__X3C__Y30.jpg,0.864140,17.905660,ok
C132580__X3F__Y21.jpg,0.876898,21.656812,ok
C132580__X3F__Y24.jpg,0.927864,25.617883,ok
C132580__X0C__Y18.jpg,0.783092,17.465594,ok
C132580__X0C__Y2D.jpg,0.684284,14.522046,ok
C132580__X0F__Y12.jpg,0.828654,19.215199,ok
C132580__X0F__Y15.jpg,0.765046,16.770938,ok
C132580__X0F__Y33.jpg,0.739848,14.743092,ok
C132580__X12__Y12.jpg,0.768360,15.673416,ok
C132580__X15__Y0C.jpg,0.791211,15.686626,ok
C132580__X18__Y09.jpg,0.902270,22.130052,ok
C132580__X1B__Y09.jpg,0.812213,18.685125,ok
C132580__X1B__Y12.jpg,0.671219,13.637722,ok
C132580__X1E__Y06.jpg,0.941957,26.088975,ok
C132580__X1E__Y09.jpg,0.785393,17.461007,ok
C132580__X1E__Y15.jpg,0.806065,17.814058,ok
C132580__X21__Y06.jpg,0.809387,18.935111,ok
C132581__X21__Y15.jpg,0.684559,14.904826,ok
C132581__X21__Y24.jpg,0.685249,14.146434,ok
C132581__X24__Y06.jpg,0.754111,18.051927,ok
C132581__X24__Y0F.jpg,0.703676,15.885506,ok
C132581__X24__Y12.jpg,0.707826,17.101132,ok
C132581__X24__Y15.jpg,0.766435,18.959573,ok
C132581__X24__Y18.jpg,0.707520,15.927770,ok
C132581__X24__Y21.jpg,0.647968,12.560008,ok
C132581__X27__Y06.jpg,0.811388,19.390952,ok
C132581__X27__Y0F.jpg,0.696652,14.072977,ok
C132581__X27__Y12.jpg,0.772541,19.599042,ok
C132581__X27__Y15.jpg,0.736349,18.009708,ok
C132581__X27__Y18.jpg,0.712602,15.464107,ok
C132581__X27__Y1E.jpg,0.736957,15.862854,ok
C132581__X27__Y21.jpg,0.709742,17.083351,ok
C132581__X27__Y24.jpg,0.782697,16.201319,ok
C132581__X2A__Y06.jpg,0.744099,16.032973,ok
C132581__X2A__Y12.jpg,0.745871,16.958237,ok
C132581__X2A__Y15.jpg,0.718866,16.939415,ok
C132581__X2A__Y21.jpg,0.768971,15.401340,ok
C132581__X2A__Y3C.jpg,0.803031,16.708050,ok
C132581__X2D__Y06.jpg,0.801265,20.435161,ok
C132581__X2D__Y09.jpg,0.869492,20.432730,ok
C132581__X2D__Y12.jpg,0.718280,15.616036,ok
C132581__X2D__Y15.jpg,0.757331,18.511165,ok
C132582__X30__Y06.jpg,0.833450,20.302323,ok
C132582__X30__Y09.jpg,0.812115,18.105997,ok
C132582__X30__Y12.jpg,0.786644,18.838676,ok
C132582__X30__Y15.jpg,0.750186,19.222068,ok
C132582__X30__Y18.jpg,0.661945,14.735682,ok
C132582__X30__Y1B.jpg,0.664363,13.741976,ok
C132582__X33__Y06.jpg,0.951428,29.873165,ok
C132582__X33__Y09.jpg,0.814920,18.734647,ok
C132582__X33__Y12.jpg,0.741783,16.177731,ok
C132582__X33__Y15.jpg,0.811273,19.946006,ok
C132582__X33__Y18.jpg,0.828753,19.978402,ok
C132582__X36__Y09.jpg,0.830996,20.437172,ok
C132582__X36__Y0C.jpg,0.770440,17.869338,ok
C132582__X36__Y12.jpg,0.757998,17.084106,ok
C132582__X36__Y15.jpg,0.773890,19.602227,ok
C132582__X36__Y18.jpg,0.734219,17.435386,ok
C132582__X36__Y24.jpg,0.676740,13.424477,ok
C132582__X39__Y09.jpg,0.941801,30.221520,ok
C132582__X39__Y0C.jpg,0.863164,21.708419,ok
C132582__X39__Y0F.jpg,0.808286,19.313183,ok
C132582__X39__Y12.jpg,0.838839,20.740155,ok
C132582__X39__Y15.jpg,0.807997,19.210684,ok
C132582__X39__Y21.jpg,0.712676,14.484549,ok
C132582__X3C__Y0C.jpg,0.894367,22.572882,ok
C132582__X3C__Y0F.jpg,0.847728,22.006290,ok
C132583__X3C__Y12.jpg,0.772456,18.780804,ok
C132583__X3C__Y15.jpg,0.818224,19.684374,ok
C132583__X3C__Y18.jpg,0.662439,14.721841,ok
C132583__X3C__Y24.jpg,0.773079,15.148381,ok
C132583__X3F__Y0F.jpg,0.888149,22.253208,ok
C132583__X3F__Y12.jpg,0.803991,17.980141,ok
C132583__X3F__Y15.jpg,0.873608,22.964875,ok
C132583__X3F__Y1B.jpg,0.811597,17.735962,ok
C132583__X3F__Y1E.jpg,0.815086,16.806423,ok
C132583__X3F__Y21.jpg,0.700823,15.532058,ok
C132583__X42__Y15.jpg,0.853764,21.222756,ok
C132583__X42__Y18.jpg,0.759754,18.256438,ok
C132583__X42__Y1B.jpg,0.841377,19.272126,ok
C132583__X42__Y21.jpg,0.841686,23.094147,ok
C132583__X42__Y24.jpg,0.804896,18.502930,ok
C132583__X42__Y33.jpg,0.892929,20.860678,ok
C132583__X09__Y18.jpg,0.905145,28.815663,ok
C132583__X09__Y1B.jpg,0.787863,20.306133,ok
C132583__X09__Y1E.jpg,0.805086,20.442992,ok
C132583__X0C__Y15.jpg,0.786042,17.172444,ok
C132583__X0C__Y18.jpg,0.785449,20.451891,ok
C132583__X0C__Y1B.jpg,0.757464,20.149903,ok
C132583__X0C__Y1E.jpg,0.821758,21.545463,ok
C132583__X0C__Y21.jpg,0.764217,18.388300,ok
C132583__X0C__Y24.jpg,0.758025,17.607198,ok
C132584__X0C__Y27.jpg,0.748459,17.037951,ok
C132584__X0F__Y18.jpg,0.764272,18.440600,ok
C132584__X0F__Y1B.jpg,0.745594,19.100048,ok
C132584__X0F__Y1E.jpg,0.790225,20.660459,ok
C132584__X0F__Y21.jpg,0.773152,20.321324,ok
C132584__X0F__Y24.jpg,0.770241,17.867721,ok
C132584__X12__Y1B.jpg,0.658511,15.628675,ok
C132584__X12__Y1E.jpg,0.756731,19.758952,ok
C132584__X12__Y21.jpg,0.790195,19.173253,ok
C132584__X12__Y30.jpg,0.718917,15.367574,ok
C132584__X15__Y1E.jpg,0.782157,17.422723,ok
C132584__X15__Y27.jpg,0.760176,17.451717,ok
C132584__X15__Y30.jpg,0.764035,17.277616,ok
C132584__X15__Y33.jpg,0.773814,18.253800,ok
C132584__X15__Y36.jpg,0.750325,17.841794,ok
C132584__X18__Y1E.jpg,0.725179,15.927028,ok
C132584__X18__Y21.jpg,0.746865,17.814360,ok
C132584__X18__Y33.jpg,0.761114,17.233250,ok
C132584__X18__Y39.jpg,0.720664,15.363206,ok
C132584__X1B__Y1B.jpg,0.719552,16.214489,ok
C132584__X1B__Y1E.jpg,0.769792,20.416019,ok
C132584__X1B__Y21.jpg,0.768022,18.791567,ok
C132584__X1B__Y33.jpg,0.765534,16.887595,ok
C132584__X1E__Y1E.jpg,0.761725,17.815144,ok
C132584__X1E__Y21.jpg,0.746349,18.490208,ok
C132585__X1E__Y30.jpg,0.729380,17.459007,ok
C132585__X1E__Y33.jpg,0.765774,19.232425,ok
C132585__X1E__Y36.jpg,0.765630,19.973154,ok
C132585__X1E__Y39.jpg,0.750583,19.814448,ok
C132585__X1E__Y3C.jpg,0.797539,19.020149,ok
C132585__X21__Y1B.jpg,0.719060,16.457292,ok
C132585__X21__Y1E.jpg,0.796258,20.552012,ok
C132585__X21__Y21.jpg,0.696380,16.184038,ok
C132585__X21__Y36.jpg,0.765502,19.249571,ok
C132585__X21__Y39.jpg,0.746311,17.217671,ok
C132585__X21__Y3C.jpg,0.761207,18.255042,ok
C132585__X24__Y1B.jpg,0.684399,16.982668,ok
C132585__X24__Y1E.jpg,0.721516,17.562620,ok
C132585__X24__Y33.jpg,0.742097,16.438098,ok
C132585__X24__Y36.jpg,0.779472,17.274898,ok
C132585__X24__Y3C.jpg,0.758661,17.371500,ok
C132585__X27__Y1B.jpg,0.739337,18.840226,ok
C132585__X27__Y1E.jpg,0.744420,17.317294,ok
C132585__X27__Y39.jpg,0.793756,19.211502,ok
C132585__X27__Y3C.jpg,0.748810,15.721966,ok
C132585__X2A__Y1B.jpg,0.731506,17.421584,ok
C132585__X2A__Y1E.jpg,0.751738,17.681338,ok
C132585__X2A__Y21.jpg,0.743783,18.042362,ok
C132585__X2A__Y24.jpg,0.729287,17.510264,ok
C132585__X2A__Y27.jpg,0.739288,16.746167,ok
C132586__X2A__Y2D.jpg,0.746270,16.893302,ok
C132586__X2A__Y30.jpg,0.697373,16.823923,ok
C132586__X2A__Y33.jpg,0.741550,18.238498,ok
C132586__X2A__Y36.jpg,0.739710,17.783110,ok
C132586__X2A__Y39.jpg,0.725162,18.303854,ok
C132586__X2A__Y3C.jpg,0.784002,18.816728,ok
C132586__X2D__Y21.jpg,0.739260,17.506016,ok
C132586__X2D__Y24.jpg,0.702025,17.173158,ok
C132586__X2D__Y33.jpg,0.753227,16.997246,ok
C132586__X2D__Y36.jpg,0.726332,18.841322,ok
C132586__X2D__Y39.jpg,0.745157,19.719471,ok
C132586__X2D__Y3C.jpg,0.795840,20.649581,ok
C132586__X2D__Y3F.jpg,0.849164,19.476271,ok
C132586__X30__Y36.jpg,0.722893,16.076743,ok
C132586__X30__Y39.jpg,0.703243,17.458979,ok
C132586__X30__Y3C.jpg,0.779416,18.167345,ok
C132586__X33__Y3C.jpg,0.895886,25.270976,ok
C132586__X33__Y3F.jpg,0.889130,24.848283,ok
C132586__X36__Y3C.jpg,0.882378,21.907741,ok
C132586__X39__Y0F.jpg,0.755825,15.644652,ok
C132586__X39__Y3C.jpg,0.852356,21.258550,ok
C132586__X0C__Y1E.jpg,0.875899,22.823047,ok
C132586__X0C__Y21.jpg,0.866633,17.150476,ok
C132586__X0F__Y15.jpg,0.841578,18.115110,ok
C132586__X0F__Y18.jpg,0.861592,19.516092,ok
C132587__X0F__Y1B.jpg,0.814357,18.507285,ok
C132587__X0F__Y1E.jpg,0.769023,17.947018,ok
C132587__X0F__Y24.jpg,0.850404,17.898729,ok
C132587__X12__Y0F.jpg,0.839747,18.536006,ok
C132587__X12__Y12.jpg,0.881686,21.071192,ok
C132587__X12__Y1B.jpg,0.807577,18.540918,ok
C132587__X12__Y1E.jpg,0.821116,20.034836,ok
C132587__X12__Y21.jpg,0.800265,17.260967,ok
C132587__X12__Y2D.jpg,0.870751,21.504530,ok
C132587__X15__Y0F.jpg,0.815181,17.720978,ok
C132587__X15__Y12.jpg,0.729984,15.298417,ok
C132587__X15__Y1E.jpg,0.723228,14.345874,ok
C132587__X15__Y2D.jpg,0.814636,20.140173,ok
C132587__X18__Y09.jpg,0.760160,14.402934,ok
C132587__X18__Y2D.jpg,0.826388,17.332629,ok
C132587__X1E__Y2D.jpg,0.789158,17.796311,ok
C132587__X24__Y12.jpg,0.683325,15.189121,ok
C132587__X24__Y15.jpg,0.678619,15.038113,ok
C132587__X24__Y2D.jpg,0.758123,16.245183,ok
C132587__X27__Y06.jpg,0.839920,16.958457,ok
C132587__X27__Y0F.jpg,0.724305,15.042176,ok
C132587__X27__Y21.jpg,0.752388,13.134145,ok
C132587__X27__Y24.jpg,0.754306,16.731699,ok
C132587__X27__Y2D.jpg,0.799202,15.330499,ok
C132587__X27__Y3C.jpg,0.774638,16.805615,ok
C132588__X2A__Y0F.jpg,0.780269,17.022071,ok
C132588__X2A__Y2D.jpg,0.730877,15.294626,ok
C132588__X2A__Y39.jpg,0.712399,15.706522,ok
C132588__X2A__Y3C.jpg,0.872542,22.122029,ok
C132588__X2D__Y0F.jpg,0.712458,15.631143,ok
C132588__X2D__Y12.jpg,0.803298,17.061029,ok
C132588__X2D__Y1E.jpg,0.786104,16.722136,ok
C132588__X2D__Y21.jpg,0.822422,16.096502,ok
C132588__X2D__Y2D.jpg,0.785368,18.617230,ok
C132588__X2D__Y39.jpg,0.797019,17.864547,ok
C132588__X2D__Y3C.jpg,0.843512,22.032963,ok
C132588__X30__Y0F.jpg,0.824982,16.847405,ok
C132588__X30__Y21.jpg,0.845508,19.233885,ok
C132588__X30__Y2A.jpg,0.759870,15.349792,ok
C132588__X30__Y2D.jpg,0.716008,16.675137,ok
C132588__X30__Y36.jpg,0.865972,17.991792,ok
C132588__X30__Y39.jpg,0.797321,18.112966,ok
C132588__X30__Y3C.jpg,0.852525,19.488231,ok
C132588__X33__Y12.jpg,0.841933,19.568638,ok
C132588__X33__Y21.jpg,0.786141,16.314902,ok
C132588__X33__Y39.jpg,0.816030,18.178142,ok
C132588__X36__Y0F.jpg,0.747513,16.796748,ok
C132588__X36__Y12.jpg,0.844365,19.608599,ok
C132588__X36__Y1E.jpg,0.815624,18.470267,ok
C132588__X36__Y2D.jpg,0.852295,20.095434,ok
C132589__X39__Y1E.jpg,0.790283,18.005465,ok
C132589__X39__Y21.jpg,0.787276,16.883643,ok
C132589__X39__Y2D.jpg,0.845075,19.965253,ok
C132589__X3C__Y21.jpg,0.831783,17.391725,ok
C132589__X3C__Y27.jpg,0.801489,15.608420,ok
C132589__X3C__Y2D.jpg,0.796980,16.349053,ok
C132589__X48__Y06.jpg,0.946628,25.255329,ok
C132589__X48__Y09.jpg,0.953227,32.991095,ok
C132589__X48__Y0C.jpg,0.935997,33.205486,ok
C132589__X48__Y0F.jpg,0.947186,32.342274,ok
C132589__X48__Y12.jpg,0.938706,34.754544,ok
C132589__X48__Y15.jpg,0.932848,27.597207,ok
C132589__X48__Y18.jpg,0.950886,26.562952,ok
C132589__X48__Y1B.jpg,0.942329,25.283540,ok
C132589__X48__Y21.jpg,0.925115,31.980254,ok
C132589__X48__Y24.jpg,0.933816,32.105548,ok
C132589__X48__Y27.jpg,0.936028,26.889305,ok
C132589__X48__Y2A.jpg,0.948735,28.731342,ok
C132589__X48__Y2D.jpg,0.953868,26.757616,ok
C132589__X48__Y30.jpg,0.949121,26.043429,ok
C132589__X48__Y33.jpg,0.946681,25.641252,ok
C132589__X48__Y36.jpg,0.946502,25.179417,ok
C132589__X48__Y39.jpg,0.943272,25.271405,ok
C132589__X48__Y3C.jpg,0.952508,25.341174,ok
C132589__X48__Y3F.jpg,0.949886,25.102430,ok
C132590__X48__Y42.jpg,0.944299,25.528662,ok
C132590__X0C__Y18.jpg,0.915355,28.443741,ok
C132590__X0C__Y1B.jpg,0.864906,20.838688,ok
C132590__X0C__Y1E.jpg,0.853460,23.606755,ok
C132590__X0C__Y21.jpg,0.818985,20.840754,ok
C132590__X0C__Y24.jpg,0.804193,19.295343,ok
C132590__X0F__Y12.jpg,0.866834,20.510692,ok
C132590__X0F__Y15.jpg,0.771512,18.549786,ok
C132590__X0F__Y1E.jpg,0.651041,15.895165,ok
C132590__X0F__Y2D.jpg,0.729053,17.871687,ok
C132590__X0F__Y30.jpg,0.920958,26.112651,ok
C132590__X12__Y0F.jpg,0.889165,20.852484,ok
C132590__X12__Y1E.jpg,0.668275,15.999704,ok
C132590__X12__Y21.jpg,0.691784,16.653910,ok
C132590__X12__Y33.jpg,0.700634,16.258541,ok
C132590__X15__Y0C.jpg,0.842359,18.589828,ok
C132590__X18__Y09.jpg,0.882858,20.320441,ok
C132590__X18__Y12.jpg,0.660548,14.125001,ok
C132590__X1B__Y09.jpg,0.661858,14.826712,ok
C132590__X1B__Y12.jpg,0.618644,13.737485,ok
C132590__X1B__Y15.jpg,0.584686,13.124913,ok
C132590__X1E__Y06.jpg,0.943988,30.114126,ok
C132590__X21__Y06.jpg,0.850439,21.840541,ok
C132590__X21__Y2D.jpg,0.649611,15.942752,ok
C132590__X21__Y3F.jpg,0.924258,28.853719,ok
C132591__X24__Y06.jpg,0.755778,18.158470,ok
C132591__X24__Y09.jpg,0.607521,12.993493,ok
C132591__X24__Y12.jpg,0.659623,14.155797,ok
C132591__X24__Y1E.jpg,0.662287,15.420080,ok
C132591__X24__Y21.jpg,0.611740,14.781880,ok
C132591__X24__Y24.jpg,0.677228,16.284443,ok
C132591__X24__Y2D.jpg,0.687546,16.782308,ok
C132591__X24__Y3F.jpg,0.796465,21.727304,ok
C132591__X27__Y03.jpg,0.946322,28.894711,ok
C132591__X27__Y06.jpg,0.736087,16.518106,ok
C132591__X27__Y12.jpg,0.661411,13.622468,ok
C132591__X27__Y15.jpg,0.616531,12.348755,ok
C132591__X27__Y1E.jpg,0.637123,16.094847,ok
C132591__X27__Y21.jpg,0.659887,16.929278,ok
C132591__X27__Y24.jpg,0.632287,16.170468,ok
C132591__X27__Y27.jpg,0.568446,13.624051,ok
C132591__X27__Y2D.jpg,0.637983,15.800452,ok
C132591__X27__Y3F.jpg,0.781939,19.382027,ok
C132591__X2A__Y03.jpg,0.891069,22.050782,ok
C132591__X2A__Y06.jpg,0.716002,17.523132,ok
C132591__X2A__Y1E.jpg,0.604350,14.674696,ok
C132591__X2A__Y21.jpg,0.654556,15.130354,ok
C132591__X2A__Y24.jpg,0.597455,15.599288,ok
C132591__X2A__Y2A.jpg,0.693976,16.575982,ok
C132591__X2A__Y2D.jpg,0.667266,15.456122,ok
C132592__X2D__Y03.jpg,0.925509,29.679677,ok
C132592__X2D__Y06.jpg,0.763693,19.360517,ok
C132592__X2D__Y09.jpg,0.672592,15.211179,ok
C132592__X2D__Y12.jpg,0.652885,14.915438,ok
C132592__X2D__Y1E.jpg,0.624536,13.901194,ok
C132592__X2D__Y21.jpg,0.668971,16.540571,ok
C132592__X2D__Y27.jpg,0.631597,13.397757,ok
C132592__X2D__Y3F.jpg,0.722951,17.003562,ok
C132592__X30__Y06.jpg,0.830938,21.192694,ok
C132592__X30__Y09.jpg,0.684688,16.920987,ok
C132592__X30__Y12.jpg,0.684262,16.036690,ok
C132592__X30__Y18.jpg,0.631213,14.000883,ok
C132592__X30__Y3F.jpg,0.902724,24.202590,ok
C132592__X33__Y06.jpg,0.850028,22.851871,ok
C132592__X33__Y09.jpg,0.782423,19.639680,ok
C132592__X36__Y09.jpg,0.862142,22.783650,ok
C132592__X36__Y2D.jpg,0.741905,16.738004,ok
C132592__X36__Y3C.jpg,0.811064,19.390862,ok
C132592__X39__Y09.jpg,0.896468,20.976427,ok
C132592__X39__Y1B.jpg,0.734291,15.683591,ok
C132592__X3C__Y0C.jpg,0.812523,17.404959,ok
C132592__X3F__Y0F.jpg,0.862597,19.178303,ok
C132592__X3F__Y1E.jpg,0.726282,15.158592,ok
C132592__X3F__Y24.jpg,0.720269,15.047345,ok
C132592__X42__Y12.jpg,0.926428,22.727206,ok
C132593__X42__Y15.jpg,0.869163,20.320403,ok
C132593__X42__Y30.jpg,0.929393,24.414898,ok
C132593__X45__Y18.jpg,0.922457,25.911763,ok
C132593__X45__Y1B.jpg,0.914007,24.113235,ok
C132593__X45__Y1E.jpg,0.878250,24.301090,ok
C132593__X45__Y21.jpg,0.861186,20.679995,ok
C132593__X15__Y12.jpg,0.901236,21.431006,ok
C132593__X18__Y12.jpg,0.833571,17.218502,ok
C132593__X1B__Y0F.jpg,0.821459,17.738552,ok
C132593__X1B__Y12.jpg,0.891642,21.832780,ok
C132593__X1E__Y09.jpg,0.879690,18.978063,ok
C132593__X1E__Y0F.jpg,0.868858,21.826225,ok
C132593__X1E__Y12.jpg,0.925843,24.890714,ok
C132593__X1E__Y15.jpg,0.922321,23.529455,ok
C132593__X1E__Y18.jpg,0.887251,22.647749,ok
C132593__X1E__Y1B.jpg,0.900366,24.489466,ok
C132593__X1E__Y1E.jpg,0.883025,21.019151,ok
C132593__X1E__Y21.jpg,0.910766,21.723761,ok
C132593__X1E__Y24.jpg,0.856451,21.029889,ok
C132593__X1E__Y27.jpg,0.901546,22.188235,ok
C132593__X1E__Y2A.jpg,0.880324,23.724405,ok
C132593__X1E__Y2D.jpg,0.918546,23.404281,ok
C132593__X1E__Y36.jpg,0.790202,14.342145,ok
C132593__X21__Y0C.jpg,0.826154,18.687145,ok
C132593__X21__Y12.jpg,0.929527,26.598434,ok
C132594__X21__Y1B.jpg,0.893142,24.798303,ok
C132594__X21__Y24.jpg,0.866827,16.804487,ok
C132594__X21__Y27.jpg,0.811060,17.290049,ok
C132594__X21__Y2A.jpg,0.845233,19.847836,ok
C132594__X24__Y09.jpg,0.904038,22.010792,ok
C132594__X24__Y0F.jpg,0.927773,21.830664,ok
C132594__X24__Y12.jpg,0.910856,21.951558,ok
C132594__X24__Y18.jpg,0.857012,17.041632,ok
C132594__X24__Y1B.jpg,0.925774,27.431513,ok
C132594__X24__Y27.jpg,0.883186,21.733937,ok
C132594__X24__Y2D.jpg,0.888731,21.834302,ok
C132594__X24__Y30.jpg,0.888807,20.556283,ok
C132594__X24__Y36.jpg,0.933689,24.744557,ok
C132594__X27__Y09.jpg,0.935835,25.318119,ok
C132594__X27__Y15.jpg,0.889146,19.076659,ok
C132594__X27__Y18.jpg,0.885958,24.871711,ok
C132594__X27__Y1B.jpg,0.898065,23.916563,ok
C132594__X27__Y21.jpg,0.916449,23.484023,ok
C132594__X27__Y27.jpg,0.901081,21.302614,ok
C132594__X27__Y2A.jpg,0.898779,21.349741,ok
C132594__X27__Y2D.jpg,0.911405,26.413915,ok
C132594__X27__Y30.jpg,0.886148,23.067300,ok
C132594__X27__Y33.jpg,0.889629,24.917899,ok
C132594__X27__Y36.jpg,0.888873,21.020298,ok
C132594__X2A__Y09.jpg,0.877901,18.928525,ok
C132595__X2A__Y0C.jpg,0.904847,23.838737,ok
C132595__X2A__Y27.jpg,0.931539,24.581790,ok
C132595__X2A__Y2D.jpg,0.817555,18.845124,ok
C132595__X2A__Y30.jpg,0.898013,25.830348,ok
C132595__X2A__Y36.jpg,0.755408,16.007043,ok
C132595__X2D__Y09.jpg,0.873304,20.369177,ok
C132595__X2D__Y30.jpg,0.886997,22.449808,ok
C132595__X2D__Y33.jpg,0.903763,21.121622,ok
C132595__X2D__Y3C.jpg,0.941541,24.282050,ok
C132595__X30__Y06.jpg,0.879303,21.798912,ok
C132595__X30__Y09.jpg,0.873985,19.128892,ok
C132595__X30__Y12.jpg,0.894787,18.925833,ok
C132595__X30__Y1B.jpg,0.871488,20.492032,ok
C132595__X30__Y1E.jpg,0.908420,23.121312,ok
C132595__X30__Y36.jpg,0.852333,16.506920,ok
C132595__X33__Y27.jpg,0.884933,18.285029,ok
C132595__X36__Y15.jpg,0.855784,17.812657,ok
C132595__X36__Y1E.jpg,0.885331,19.346379,ok
C132595__X36__Y27.jpg,0.927278,23.939667,ok
C132595__X39__Y0C.jpg,0.901817,21.152431,ok
C132595__X39__Y0F.jpg,0.905915,23.225772,ok
C132595__X39__Y12.jpg,0.932370,26.440155,ok
C132595__X39__Y15.jpg,0.857020,20.294132,ok
C132595__X39__Y1B.jpg,0.815519,18.349294,ok
C132595__X39__Y21.jpg,0.885154,20.600860,ok
C132596__X39__Y27.jpg,0.897618,22.063129,ok
C132596__X3C__Y0F.jpg,0.849077,20.570252,ok
C132596__X3C__Y21.jpg,0.903588,19.056492,ok
C132596__X3C__Y45.jpg,0.961578,26.687097,ok
C132596__X3F__Y12.jpg,0.942797,23.116505,ok
C132596__X3F__Y2D.jpg,0.842891,17.652463,ok
C132596__X42__Y1B.jpg,0.919155,22.517531,ok
C132596__X42__Y1E.jpg,0.773558,15.100436,ok
C132596__X42__Y27.jpg,0.837764,17.463188,ok
C132596__X48__Y27.jpg,0.780636,17.297188,ok
C132596__X48__Y2A.jpg,0.883971,24.852084,ok
C132596__X0F__Y1E.jpg,0.876893,22.124636,ok
C132596__X0F__Y21.jpg,0.829328,23.004303,ok
C132596__X0F__Y24.jpg,0.865561,23.138655,ok
C132596__X0F__Y27.jpg,0.853943,22.648703,ok
C132596__X0F__Y2A.jpg,0.844434,21.749767,ok
C132596__X0F__Y2D.jpg,0.881345,22.965327,ok
C132596__X12__Y15.jpg,0.851883,18.691015,ok
C132596__X12__Y18.jpg,0.859745,21.379744,ok
C132596__X12__Y1B.jpg,0.832413,17.152373,ok
C132596__X12__Y1E.jpg,0.821240,20.877402,ok
C132596__X12__Y21.jpg,0.851519,22.777464,ok
C132596__X12__Y24.jpg,0.761450,18.741741,ok
C132596__X12__Y27.jpg,0.830238,21.718603,ok
C132596__X12__Y2A.jpg,0.824278,20.917470,ok
C132597__X12__Y2D.jpg,0.810384,19.967502,ok
C132597__X12__Y30.jpg,0.825097,17.327027,ok
C132597__X12__Y33.jpg,0.799289,17.024417,ok
C132597__X15__Y0F.jpg,0.795163,17.147141,ok
C132597__X15__Y12.jpg,0.844694,21.316357,ok
C132597__X15__Y15.jpg,0.871579,21.885985,ok
C132597__X15__Y18.jpg,0.844891,17.810374,ok
C132597__X15__Y1E.jpg,0.841900,17.521029,ok
C132597__X15__Y21.jpg,0.783649,17.317436,ok
C132597__X15__Y24.jpg,0.792621,17.575904,ok
C132597__X15__Y27.jpg,0.776730,17.954955,ok
C132597__X15__Y36.jpg,0.723522,13.565844,ok
C132597__X18__Y0C.jpg,0.887692,21.515455,ok
C132597__X18__Y0F.jpg,0.876776,22.147674,ok
C132597__X18__Y12.jpg,0.806589,20.803152,ok
C132597__X18__Y15.jpg,0.790864,18.824833,ok
C132597__X1B__Y09.jpg,0.893277,21.522502,ok
C132597__X1B__Y0C.jpg,0.878157,22.347484,ok
C132597__X1B__Y12.jpg,0.791019,19.954644,ok
C132597__X1B__Y15.jpg,0.765111,18.348600,ok
C132597__X1B__Y3C.jpg,0.917406,21.450251,ok
C132597__X1E__Y09.jpg,0.854294,20.772718,ok
C132597__X1E__Y0C.jpg,0.814088,20.065248,ok
C132597__X1E__Y0F.jpg,0.758605,17.972640,ok
C132597__X1E__Y12.jpg,0.765756,19.445474,ok
C132598__X1E__Y15.jpg,0.764947,16.896141,ok
C132598__X1E__Y3C.jpg,0.729868,14.318739,ok
C132598__X21__Y06.jpg,0.903708,24.198894,ok
C132598__X21__Y09.jpg,0.867239,22.923027,ok
C132598__X21__Y0C.jpg,0.793097,18.333651,ok
C132598__X21__Y12.jpg,0.766824,15.831831,ok
C132598__X21__Y3F.jpg,0.897085,20.542208,ok
C132598__X24__Y06.jpg,0.824995,20.211370,ok
C132598__X24__Y09.jpg,0.865020,23.094497,ok
C132598__X24__Y0C.jpg,0.792713,17.354978,ok
C132598__X24__Y3F.jpg,0.887398,19.862872,ok
C132598__X27__Y06.jpg,0.876247,22.888048,ok
C132598__X27__Y09.jpg,0.800382,17.135234,ok
C132598__X27__Y3F.jpg,0.714106,15.308960,ok
C132598__X2A__Y06.jpg,0.829511,21.127259,ok
C132598__X2A__Y3F.jpg,0.704820,14.810030,ok
C132598__X2D__Y06.jpg,0.849514,23.213538,ok
C132598__X2D__Y09.jpg,0.783023,18.471236,ok
C132598__X2D__Y3F.jpg,0.671554,13.725246,ok
C132598__X30__Y06.jpg,0.880370,23.080033,ok
C132598__X30__Y09.jpg,0.818666,19.911859,ok
C132598__X30__Y3F.jpg,0.774465,16.573755,ok
C132598__X30__Y42.jpg,0.880478,22.132331,ok
C132598__X33__Y06.jpg,0.922809,25.843356,ok
C132598__X33__Y09.jpg,0.791797,19.415632,ok
C132599__X33__Y3F.jpg,0.945470,24.403591,ok
C132599__X36__Y09.jpg,0.843238,18.472075,ok
C132599__X36__Y3C.jpg,0.769111,15.721842,ok
C132599__X39__Y09.jpg,0.931136,23.513112,ok
C132599__X39__Y3C.jpg,0.930383,23.933378,ok
C132599__X3C__Y0C.jpg,0.878886,18.999371,ok
C132599__X3C__Y39.jpg,0.812924,17.148032,ok
C132599__X3F__Y0F.jpg,0.856909,17.757259,ok
C132599__X3F__Y36.jpg,0.746086,14.884116,ok
C132599__X42__Y12.jpg,0.932662,22.614821,ok
C132599__X42__Y33.jpg,0.820114,18.157154,ok
C132599__X45__Y18.jpg,0.941522,29.267612,ok
C132599__X45__Y1B.jpg,0.830317,19.855025,ok
C132599__X45__Y21.jpg,0.808807,16.950428,ok
C132599__X45__Y2A.jpg,0.803126,18.121722,ok
C132599__X45__Y2D.jpg,0.872421,21.453505,ok
C132599__X09__Y18.jpg,0.703047,16.098954,ok
C132599__X09__Y1B.jpg,0.736037,18.916446,ok
C132599__X09__Y24.jpg,0.731175,19.739859,ok
C132599__X09__Y27.jpg,0.791020,22.625133,ok
C132599__X09__Y2A.jpg,0.827462,21.086314,ok
C132599__X09__Y2D.jpg,0.877467,22.084416,ok
C132599__X0C__Y1B.jpg,0.796145,18.151172,ok
C132599__X0C__Y21.jpg,0.712961,13.758032,ok
C132599__X0C__Y27.jpg,0.794991,20.197495,ok
C132600__X0C__Y2A.jpg,0.829386,23.506457,ok
C132600__X0C__Y2D.jpg,0.784323,18.983639,ok
C132600__X0F__Y1B.jpg,0.740405,15.109246,ok
C132600__X0F__Y27.jpg,0.749484,18.353738,ok
C132600__X0F__Y2A.jpg,0.770641,18.027479,ok
C132600__X0F__Y30.jpg,0.806790,18.209032,ok
C132600__X12__Y09.jpg,0.781034,18.306823,ok
C132600__X12__Y1B.jpg,0.669541,15.342177,ok
C132600__X12__Y24.jpg,0.777766,16.585635,ok
C132600__X12__Y27.jpg,0.797038,21.131213,ok
C132600__X12__Y2A.jpg,0.728718,16.722583,ok
C132600__X12__Y36.jpg,0.834537,19.848892,ok
C132600__X15__Y24.jpg,0.748225,17.380020,ok
C132600__X15__Y2A.jpg,0.709785,17.778902,ok
C132600__X15__Y2D.jpg,0.729514,14.642363,ok
C132600__X15__Y33.jpg,0.741970,16.704862,ok
C132600__X18__Y27.jpg,0.827038,19.564142,ok
C132600__X18__Y33.jpg,0.746461,18.374901,ok
C132600__X18__Y36.jpg,0.786963,19.876413,ok
C132600__X1B__Y1B.jpg,0.810439,18.602116,ok
C132600__X1B__Y27.jpg,0.777243,20.312240,ok
C132600__X1B__Y2A.jpg,0.721543,16.479308,ok
C132600__X1B__Y30.jpg,0.705028,15.605539,ok
C132600__X1B__Y36.jpg,0.748924,18.227113,ok
C132600__X1B__Y39.jpg,0.824697,17.023880,ok
C132601__X1E__Y1B.jpg,0.738116,18.315324,ok
C132601__X1E__Y27.jpg,0.669745,17.137752,ok
C132601__X1E__Y2A.jpg,0.772577,18.152809,ok
C132601__X1E__Y36.jpg,0.800237,19.832078,ok
C132601__X1E__Y39.jpg,0.742750,18.979741,ok
C132601__X1E__Y3C.jpg,0.859942,23.734699,ok
C132601__X21__Y39.jpg,0.783694,21.315757,ok
C132601__X21__Y3C.jpg,0.728616,14.325533,ok
C132601__X24__Y18.jpg,0.747687,17.472169,ok
C132601__X24__Y1B.jpg,0.703208,17.991970,ok
C132601__X24__Y27.jpg,0.706671,15.301825,ok
C132601__X24__Y36.jpg,0.813816,21.041311,ok
C132601__X24__Y39.jpg,0.849258,20.568775,ok
C132601__X27__Y18.jpg,0.750123,17.702750,ok
C132601__X27__Y24.jpg,0.712389,13.511228,ok
C132601__X27__Y2A.jpg,0.626488,14.179516,ok
C132601__X27__Y36.jpg,0.774482,19.117460,ok
C132601__X27__Y39.jpg,0.830985,24.464268,ok
C132601__X27__Y3C.jpg,0.859383,24.147394,ok
C132601__X2A__Y33.jpg,0.641292,13.230234,ok
C132601__X2A__Y36.jpg,0.742435,19.031781,ok
C132601__X2A__Y39.jpg,0.831769,21.987524,ok
C132601__X2A__Y3C.jpg,0.817081,22.244286,ok
C132601__X2D__Y36.jpg,0.778953,19.092943,ok
C132601__X2D__Y39.jpg,0.843127,20.171296,ok
C132602__X30__Y1B.jpg,0.765968,18.098547,ok
C132602__X30__Y27.jpg,0.727265,15.408726,ok
C132602__X30__Y30.jpg,0.702041,14.385362,ok
C132602__X30__Y33.jpg,0.787405,17.635125,ok
C132602__X30__Y36.jpg,0.741928,18.858642,ok
C132602__X30__Y39.jpg,0.813991,22.182887,ok
C132602__X33__Y33.jpg,0.772836,17.075979,ok
C132602__X33__Y36.jpg,0.906786,26.715435,ok
C132602__X36__Y27.jpg,0.778656,16.211220,ok
C132602__X36__Y30.jpg,0.887020,23.267102,ok
C132602__X36__Y33.jpg,0.813301,20.429071,ok
C132602__X39__Y30.jpg,0.783809,19.956999,ok
C132602__X39__Y33.jpg,0.828198,17.177354,ok
C132602__X3C__Y27.jpg,0.769535,15.562168,ok
C132602__X3C__Y2A.jpg,0.761591,19.284298,ok
C132602__X3C__Y2D.jpg,0.744794,19.446701,ok
C132602__X3C__Y30.jpg,0.797967,19.195735,ok
C132602__X3F__Y27.jpg,0.840359,20.489735,ok
C132602__X42__Y09.jpg,0.685286,14.339078,ok
C132602__X42__Y24.jpg,0.802211,17.540846,ok
C132602__X45__Y0C.jpg,0.852423,18.091856,ok
C132602__X0C__Y1E.jpg,0.884147,21.130807,ok
C132602__X0C__Y21.jpg,0.840685,18.380529,ok
C132602__X0F__Y1E.jpg,0.796931,17.800738,ok
C132602__X0F__Y2A.jpg,0.770243,17.047817,ok
C132603__X0F__Y2D.jpg,0.852907,18.942916,ok
C132603__X12__Y0F.jpg,0.827829,18.171074,ok
C132603__X12__Y12.jpg,0.817307,19.275097,ok
C132603__X12__Y1E.jpg,0.744853,16.537870,ok
C132603__X12__Y2D.jpg,0.762113,17.069674,ok
C132603__X12__Y30.jpg,0.765303,17.804829,ok
C132603__X15__Y0F.jpg,0.813399,19.260532,ok
C132603__X15__Y12.jpg,0.782525,19.718541,ok
C132603__X15__Y21.jpg,0.768259,16.262704,ok
C132603__X18__Y0F.jpg,0.744412,17.256263,ok
C132603__X18__Y2D.jpg,0.751487,17.183297,ok
C132603__X1B__Y0C.jpg,0.796313,17.312839,ok
C132603__X1B__Y0F.jpg,0.751584,18.503016,ok
C132603__X1B__Y1E.jpg,0.765529,16.724225,ok
C132603__X1B__Y21.jpg,0.726810,16.322032,ok
C132603__X1B__Y2D.jpg,0.756788,19.206688,ok
C132603__X1B__Y39.jpg,0.823059,17.435149,ok
C132603__X1E__Y0F.jpg,0.723169,16.955252,ok
C132603__X1E__Y12.jpg,0.743744,16.927815,ok
C132603__X1E__Y2D.jpg,0.773638,18.780407,ok
C132603__X1E__Y39.jpg,0.718206,17.381432,ok
C132603__X21__Y2A.jpg,0.814712,20.823856,ok
C132603__X21__Y2D.jpg,0.802223,20.977907,ok
C132603__X21__Y39.jpg,0.795055,19.179373,ok
C132603__X21__Y3C.jpg,0.906378,22.637166,ok
C132604__X24__Y0C.jpg,0.843427,18.404677,ok
C132604__X24__Y0F.jpg,0.799159,17.370318,ok
C132604__X24__Y2A.jpg,0.825539,21.275048,ok
C132604__X24__Y2D.jpg,0.779787,18.167373,ok
C132604__X24__Y39.jpg,0.854129,18.681133,ok
C132604__X24__Y3C.jpg,0.837220,21.330063,ok
C132604__X27__Y03.jpg,0.839658,18.844779,ok
C132604__X27__Y06.jpg,0.843867,16.957524,ok
C132604__X27__Y0C.jpg,0.835459,16.743805,ok
C132604__X27__Y1E.jpg,0.746837,16.156759,ok
C132604__X27__Y39.jpg,0.799166,17.799331,ok
C132604__X27__Y3C.jpg,0.840162,21.642478,ok
C132604__X2A__Y03.jpg,0.855019,21.592563,ok
C132604__X2A__Y2D.jpg,0.741531,17.677435,ok
C132604__X2A__Y39.jpg,0.796973,18.221373,ok
C132604__X2A__Y3C.jpg,0.715600,18.068018,ok
C132604__X2D__Y03.jpg,0.845981,18.730243,ok
C132604__X2D__Y2D.jpg,0.788863,18.392779,ok
C132604__X2D__Y30.jpg,0.685432,14.237032,ok
C132604__X2D__Y39.jpg,0.771078,16.143151,ok
C132604__X2D__Y3C.jpg,0.787114,21.121973,ok
C132604__X30__Y0C.jpg,0.814862,17.933410,ok
C132604__X30__Y0F.jpg,0.742674,15.943016,ok
C132604__X30__Y2D.jpg,0.760669,18.197181,ok
C132604__X30__Y3C.jpg,0.849504,21.636189,ok
C132605__X33__Y0C.jpg,0.800448,17.204573,ok
C132605__X33__Y0F.jpg,0.780186,18.369369,ok
C132605__X33__Y3C.jpg,0.948890,24.279716,ok
C132605__X36__Y0C.jpg,0.852364,17.640970,ok
C132605__X36__Y12.jpg,0.805031,16.879275,ok
C132605__X36__Y2D.jpg,0.818739,18.868009,ok
C132605__X36__Y39.jpg,0.822305,17.803021,ok
C132605__X3C__Y2A.jpg,0.757699,16.437758,ok
C132605__X3C__Y2D.jpg,0.767428,17.242933,ok
C132605__X3C__Y36.jpg,0.775679,16.118577,ok
C132605__X3F__Y18.jpg,0.847559,18.930459,ok
C132605__X3F__Y1E.jpg,0.836387,17.928628,ok
C132605__X3F__Y2D.jpg,0.790025,18.559475,ok
C132605__X3F__Y33.jpg,0.780730,15.473252,ok
C132605__X42__Y18.jpg,0.870316,20.994898,ok
C132605__X42__Y1B.jpg,0.881100,21.897313,ok
C132605__X42__Y1E.jpg,0.844231,20.528476,ok
C132605__X42__Y21.jpg,0.724127,13.482337,ok
C132605__X42__Y2D.jpg,0.800077,20.304159,ok
C132605__X42__Y30.jpg,0.895132,19.357265,ok
C132605__X45__Y1B.jpg,0.857108,21.554657,ok
C132605__X45__Y1E.jpg,0.859260,21.449758,ok
C132605__X45__Y21.jpg,0.857985,21.925724,ok
C132605__X45__Y24.jpg,0.866148,21.192516,ok
C132605__X45__Y27.jpg,0.841901,18.957620,ok
C132606__X45__Y2A.jpg,0.895721,20.594052,ok
C132606__X12__Y30.jpg,0.909486,27.377050,ok
C132606__X12__Y33.jpg,0.800251,22.600447,ok
C132606__X12__Y36.jpg,0.844980,19.939792,ok
C132606__X15__Y2D.jpg,0.897015,21.691542,ok
C132606__X15__Y30.jpg,0.788112,22.279345,ok
C132606__X15__Y33.jpg,0.837868,19.220334,ok
C132606__X15__Y39.jpg,0.865184,20.935176,ok
C132606__X18__Y30.jpg,0.828501,21.330650,ok
C132606__X1B__Y2A.jpg,0.788722,18.736181,ok
C132606__X1B__Y3C.jpg,0.778575,17.320683,ok
C132606__X1E__Y0F.jpg,0.837934,18.193864,ok
C132606__X1E__Y27.jpg,0.839900,19.448999,ok
C132606__X1E__Y2D.jpg,0.832719,20.773276,ok
C132606__X21__Y12.jpg,0.820340,19.212748,ok
C132606__X21__Y15.jpg,0.757817,16.850252,ok
C132606__X21__Y2D.jpg,0.780571,17.856017,ok
C132606__X21__Y3F.jpg,0.868601,16.546498,ok
C132606__X24__Y12.jpg,0.773798,19.647995,ok
C132606__X24__Y3F.jpg,0.742952,16.656264,ok
C132606__X27__Y09.jpg,0.787178,20.521929,ok
C132606__X27__Y12.jpg,0.801544,20.620216,ok
C132606__X27__Y15.jpg,0.866620,22.044020,ok
C132606__X27__Y24.jpg,0.872128,20.890591,ok
C132606__X27__Y2D.jpg,0.880412,24.252252,ok
C132607__X27__Y30.jpg,0.817266,22.888049,ok
C132607__X27__Y33.jpg,0.778251,19.822938,ok
C132607__X27__Y3F.jpg,0.753848,18.862421,ok
C132607__X2A__Y06.jpg,0.859040,19.871963,ok
C132607__X2A__Y2D.jpg,0.864597,21.627684,ok
C132607__X2A__Y30.jpg,0.891266,23.341997,ok
C132607__X2A__Y3C.jpg,0.819470,18.169332,ok
C132607__X2A__Y3F.jpg,0.729970,17.869550,ok
C132607__X2D__Y15.jpg,0.817713,18.413488,ok
C132607__X2D__Y1E.jpg,0.892190,22.637400,ok
C132607__X2D__Y21.jpg,0.803586,18.646521,ok
C132607__X2D__Y30.jpg,0.787911,18.675172,ok
C132607__X2D__Y3F.jpg,0.841997,22.818352,ok
C132607__X30__Y09.jpg,0.807720,17.660843,ok
C132607__X30__Y12.jpg,0.852084,18.422075,ok
C132607__X30__Y24.jpg,0.812469,17.785063,ok
C132607__X30__Y2D.jpg,0.790138,19.762516,ok
C132607__X30__Y30.jpg,0.873016,26.114500,ok
C132607__X30__Y3F.jpg,0.948864,26.184948,ok
C132607__X33__Y09.jpg,0.852504,21.197432,ok
C132607__X33__Y12.jpg,0.872957,23.299275,ok
C132607__X33__Y15.jpg,0.761789,17.757064,ok
C132607__X33__Y2A.jpg,0.789964,19.116360,ok
C132607__X33__Y2D.jpg,0.842946,21.176422,ok
C132607__X33__Y30.jpg,0.801967,19.265016,ok
C132608__X33__Y33.jpg,0.816375,20.038054,ok
C132608__X33__Y3C.jpg,0.805263,18.195508,ok
C132608__X36__Y0F.jpg,0.805918,18.329488,ok
C132608__X36__Y12.jpg,0.865615,21.948840,ok
C132608__X36__Y21.jpg,0.857978,20.198472,ok
C132608__X36__Y30.jpg,0.860009,22.879773,ok
C132608__X36__Y3C.jpg,0.881032,23.033654,ok
C132608__X36__Y45.jpg,0.959799,25.932910,ok
C132608__X39__Y21.jpg,0.857537,21.606108,ok
C132608__X39__Y2D.jpg,0.846045,20.496331,ok
C132608__X39__Y30.jpg,0.847876,21.354584,ok
C132608__X3C__Y12.jpg,0.854246,19.698222,ok
C132608__X3C__Y15.jpg,0.847420,23.288957,ok
C132608__X3C__Y21.jpg,0.863474,22.883900,ok
C132608__X3C__Y24.jpg,0.850406,19.789642,ok
C132608__X3C__Y2D.jpg,0.845241,22.593874,ok
C132608__X3C__Y30.jpg,0.851791,22.940379,ok
C132608__X3F__Y0F.jpg,0.894880,20.041746,ok
C132608__X3F__Y15.jpg,0.851939,20.103594,ok
C132608__X3F__Y1B.jpg,0.820634,19.044097,ok
C132608__X3F__Y21.jpg,0.820312,20.079954,ok
C132608__X3F__Y24.jpg,0.858841,20.235953,ok
C132608__X3F__Y2A.jpg,0.789251,16.894678,ok
C132608__X3F__Y2D.jpg,0.812784,21.934857,ok
C132608__X3F__Y30.jpg,0.838470,20.713449,ok
C132609__X42__Y21.jpg,0.870764,21.822003,ok
C132609__X42__Y24.jpg,0.849713,20.444093,ok
C132609__X42__Y30.jpg,0.823360,18.180017,ok
C132609__X45__Y21.jpg,0.804595,18.406410,ok
C132609__X45__Y2A.jpg,0.834195,21.205247,ok
C132609__X45__Y2D.jpg,0.949104,29.809253,ok
C132609__X06__Y1B.jpg,0.828490,18.752531,ok
C132609__X06__Y1E.jpg,0.762352,18.073592,ok
C132609__X06__Y21.jpg,0.766654,17.933127,ok
C132609__X06__Y24.jpg,0.710480,17.382410,ok
C132609__X06__Y27.jpg,0.791041,18.833214,ok
C132609__X06__Y2A.jpg,0.807346,18.282280,ok
C132609__X09__Y30.jpg,0.759919,17.438968,ok
C132609__X0C__Y18.jpg,0.725566,14.916745,ok
C132609__X0C__Y27.jpg,0.736015,15.502271,ok
C132609__X0C__Y33.jpg,0.676171,16.990918,ok
C132609__X0C__Y36.jpg,0.888109,20.515870,ok
C132609__X0F__Y15.jpg,0.704360,13.702133,ok
C132609__X0F__Y1E.jpg,0.705836,13.707459,ok
C132609__X0F__Y27.jpg,0.735974,15.790363,ok
C132609__X0F__Y33.jpg,0.706868,17.449844,ok
C132609__X0F__Y36.jpg,0.754689,18.163358,ok
C132609__X0F__Y39.jpg,0.855094,20.356492,ok
C132609__X12__Y0C.jpg,0.786780,15.473185,ok
C132609__X12__Y24.jpg,0.723435,15.178709,ok
C132610__X12__Y27.jpg,0.681946,16.953968,ok
C132610__X12__Y2A.jpg,0.661037,13.894573,ok
C132610__X12__Y33.jpg,0.705281,15.596011,ok
C132610__X12__Y36.jpg,0.760566,18.618388,ok
C132610__X12__Y39.jpg,0.728384,16.427608,ok
C132610__X15__Y09.jpg,0.772732,16.579891,ok
C132610__X15__Y24.jpg,0.640110,12.318411,ok
C132610__X15__Y36.jpg,0.761285,17.569978,ok
C132610__X18__Y1B.jpg,0.711548,15.597354,ok
C132610__X18__Y2A.jpg,0.671915,14.131599,ok
C132610__X18__Y36.jpg,0.684980,14.934380,ok
C132610__X1B__Y06.jpg,0.826333,17.908074,ok
C132610__X1B__Y36.jpg,0.679159,14.495667,ok
C132610__X1B__Y39.jpg,0.630147,15.485231,ok
C132610__X1B__Y3F.jpg,0.802235,17.915439,ok
C132610__X1E__Y06.jpg,0.774268,20.059451,ok
C132610__X1E__Y39.jpg,0.802585,16.363482,ok
C132610__X1E__Y3F.jpg,0.814325,18.877198,ok
C132610__X21__Y06.jpg,0.762500,16.955756,ok
C132610__X21__Y36.jpg,0.707061,13.659464,ok
C132610__X21__Y3F.jpg,0.765444,16.753257,ok
C132610__X24__Y3F.jpg,0.773633,17.438111,ok
C132610__X27__Y06.jpg,0.746384,16.367612,ok
C132610__X27__Y0C.jpg,0.663100,12.663174,ok
C132610__X27__Y27.jpg,0.729395,14.084164,ok
C132611__X27__Y36.jpg,0.691842,15.878263,ok
C132611__X27__Y3F.jpg,0.758649,16.624692,ok
C132611__X2A__Y06.jpg,0.789792,18.940358,ok
C132611__X2A__Y36.jpg,0.693213,15.460810,ok
C132611__X2A__Y3F.jpg,0.776537,17.525226,ok
C132611__X2D__Y09.jpg,0.798385,16.814221,ok
C132611__X2D__Y2A.jpg,0.615601,11.789302,ok
C132611__X2D__Y30.jpg,0.739043,16.106222,ok
C132611__X2D__Y33.jpg,0.745903,16.626500,ok
C132611__X2D__Y36.jpg,0.707029,17.567404,ok
C132611__X2D__Y39.jpg,0.697823,14.816784,ok
C132611__X30__Y09.jpg,0.763334,19.827349,ok
C132611__X30__Y36.jpg,0.736076,16.940279,ok
C132611__X30__Y39.jpg,0.683674,16.957958,ok
C132611__X33__Y09.jpg,0.824946,18.104921,ok
C132611__X33__Y18.jpg,0.696710,14.800207,ok
C132611__X33__Y33.jpg,0.712668,16.074580,ok
C132611__X33__Y36.jpg,0.657820,15.407277,ok
C132611__X33__Y39.jpg,0.676368,16.583164,ok
C132611__X36__Y0F.jpg,0.749290,14.883860,ok
C132611__X36__Y36.jpg,0.710809,16.560472,ok
C132611__X36__Y39.jpg,0.708610,16.631025,ok
C132611__X39__Y1B.jpg,0.709598,13.228245,ok
C132611__X39__Y2A.jpg,0.705145,12.769227,ok
C132611__X39__Y36.jpg,0.724240,17.203013,ok
C132612__X3F__Y1B.jpg,0.774341,16.686339,ok
C132612__X3F__Y24.jpg,0.715669,14.737262,ok
C132612__X3F__Y27.jpg,0.672713,15.682744,ok
C132612__X3F__Y2A.jpg,0.711287,16.289576,ok
C132612__X42__Y0F.jpg,0.844209,15.983178,ok
C132612__X45__Y12.jpg,0.710022,16.028074,ok
C132612__X45__Y15.jpg,0.754890,17.648470,ok
C132612__X45__Y2A.jpg,0.860055,19.059449,ok
C132612__X45__Y2D.jpg,0.653590,16.327388,ok
C132612__X45__Y30.jpg,0.839158,19.467857,ok
C132612__X48__Y24.jpg,0.816746,20.055856,ok
C132612__X0C__Y1E.jpg,0.877741,26.577905,ok
C132612__X0C__Y21.jpg,0.896799,25.767975,ok
C132612__X0F__Y1B.jpg,0.742497,19.029245,ok
C132612__X0F__Y1E.jpg,0.829388,23.040168,ok
C132612__X0F__Y21.jpg,0.789643,21.608772,ok
C132612__X0F__Y24.jpg,0.849730,23.504240,ok
C132612__X0F__Y27.jpg,0.857190,23.276709,ok
C132612__X0F__Y2A.jpg,0.852862,23.959267,ok
C132612__X12__Y1E.jpg,0.837419,21.783979,ok
C132612__X12__Y21.jpg,0.782890,22.003997,ok
C132612__X12__Y24.jpg,0.789105,19.778886,ok
C132612__X12__Y27.jpg,0.856987,25.462656,ok
C132612__X12__Y2A.jpg,0.847547,24.272181,ok
C132612__X12__Y2D.jpg,0.863245,21.557336,ok
C132613__X15__Y1E.jpg,0.766292,21.277953,ok
C132613__X15__Y21.jpg,0.804297,22.990009,ok
C132613__X15__Y24.jpg,0.822999,22.765300,ok
C132613__X15__Y27.jpg,0.797253,21.871921,ok
C132613__X15__Y2A.jpg,0.848478,22.765406,ok
C132613__X15__Y33.jpg,0.825705,20.605090,ok
C132613__X18__Y1E.jpg,0.745077,19.340142,ok
C132613__X18__Y21.jpg,0.756545,21.745513,ok
C132613__X18__Y24.jpg,0.763219,19.240432,ok
C132613__X18__Y33.jpg,0.848216,22.704318,ok
C132613__X18__Y36.jpg,0.778780,17.674786,ok
C132613__X1B__Y33.jpg,0.822298,19.705617,ok
C132613__X1E__Y03.jpg,0.892640,27.908268,ok
C132613__X1E__Y06.jpg,0.711532,18.299146,ok
C132613__X1E__Y1E.jpg,0.810630,20.674544,ok
C132613__X1E__Y21.jpg,0.757134,21.132890,ok
C132613__X1E__Y39.jpg,0.818194,20.723272,ok
C132613__X21__Y03.jpg,0.907812,29.209314,ok
C132613__X24__Y03.jpg,0.859556,24.238965,ok
C132613__X24__Y3F.jpg,0.898214,24.294849,ok
C132613__X27__Y03.jpg,0.835972,23.953576,ok
C132613__X27__Y12.jpg,0.791605,20.337687,ok
C132613__X2A__Y03.jpg,0.828945,22.670970,ok
C132613__X2A__Y12.jpg,0.779429,20.414278,ok
C132613__X2D__Y03.jpg,0.873422,24.811489,ok
C132614__X2D__Y0C.jpg,0.792980,20.513651,ok
C132614__X2D__Y0F.jpg,0.765201,20.479101,ok
C132614__X2D__Y12.jpg,0.786864,21.575436,ok
C132614__X2D__Y15.jpg,0.749505,20.540766,ok
C132614__X2D__Y3F.jpg,0.873139,23.368651,ok
C132614__X30__Y03.jpg,0.892046,27.492047,ok
C132614__X30__Y06.jpg,0.792782,21.436472,ok
C132614__X30__Y12.jpg,0.787306,21.246819,ok
C132614__X30__Y15.jpg,0.818547,22.820766,ok
C132614__X33__Y03.jpg,0.912469,29.946754,ok
C132614__X33__Y06.jpg,0.804954,19.807187,ok
C132614__X33__Y0F.jpg,0.799628,22.520567,ok
C132614__X33__Y12.jpg,0.829719,23.371616,ok
C132614__X36__Y03.jpg,0.912436,27.978398,ok
C132614__X36__Y06.jpg,0.871239,25.803886,ok
C132614__X36__Y0C.jpg,0.778688,21.325418,ok
C132614__X36__Y15.jpg,0.774597,21.935346,ok
C132614__X39__Y03.jpg,0.872778,25.848283,ok
C132614__X39__Y06.jpg,0.936574,33.112210,ok
C132614__X39__Y09.jpg,0.769156,20.475563,ok
C132614__X39__Y0C.jpg,0.791537,23.073462,ok
C132614__X39__Y0F.jpg,0.787759,21.750195,ok
C132614__X39__Y12.jpg,0.812707,22.277792,ok
C132614__X39__Y15.jpg,0.763979,23.104458,ok
C132614__X39__Y1B.jpg,0.741059,15.780462,ok
C132615__X3C__Y06.jpg,0.894431,27.884631,ok
C132615__X3C__Y09.jpg,0.802838,21.674495,ok
C132615__X3C__Y18.jpg,0.775977,20.564107,ok
C132615__X3F__Y06.jpg,0.947714,28.354193,ok
C132615__X3F__Y09.jpg,0.902441,26.403545,ok
C132615__X3F__Y0C.jpg,0.744576,20.261401,ok
C132615__X3F__Y15.jpg,0.768958,20.426691,ok
C132615__X42__Y09.jpg,0.952506,28.853317,ok
C132615__X42__Y0C.jpg,0.857952,25.285274,ok
C132615__X42__Y18.jpg,0.845778,23.345141,ok
C132615__X45__Y0C.jpg,0.937211,34.514497,ok
C132615__X45__Y0F.jpg,0.830529,24.227557,ok
C132615__X48__Y03.jpg,0.948713,37.164190,ok
C132615__X48__Y0C.jpg,0.952228,29.248367,ok
C132615__X48__Y36.jpg,0.958026,36.033590,ok
C132615__X48__Y42.jpg,0.953812,36.461780,ok
C132615__X0C__Y24.jpg,0.759687,18.105334,ok
C132615__X0C__Y27.jpg,0.855614,23.077143,ok
C132615__X0F__Y21.jpg,0.712217,18.368708,ok
C132615__X0F__Y2A.jpg,0.888545,23.197413,ok
C132615__X0F__Y2D.jpg,0.862831,22.133366,ok
C132615__X0F__Y30.jpg,0.809609,19.680682,ok
C132615__X0F__Y33.jpg,0.876633,21.063357,ok
C132615__X12__Y18.jpg,0.852983,21.006071,ok
C132615__X12__Y21.jpg,0.867808,24.749344,ok
C132616__X12__Y24.jpg,0.777278,20.141450,ok
C132616__X12__Y27.jpg,0.913156,25.063622,ok
C132616__X12__Y2A.jpg,0.785397,19.092414,ok
C132616__X12__Y2D.jpg,0.827270,20.419490,ok
C132616__X12__Y30.jpg,0.831286,21.781092,ok
C132616__X12__Y33.jpg,0.906943,24.525005,ok
C132616__X12__Y36.jpg,0.879428,22.884363,ok
C132616__X15__Y18.jpg,0.895671,21.103783,ok
C132616__X15__Y27.jpg,0.910439,24.152275,ok
C132616__X15__Y2A.jpg,0.862943,19.989552,ok
C132616__X15__Y2D.jpg,0.772820,18.639503,ok
C132616__X15__Y30.jpg,0.815301,19.798828,ok
C132616__X15__Y33.jpg,0.807635,21.284238,ok
C132616__X15__Y36.jpg,0.804422,19.841312,ok
C132616__X15__Y39.jpg,0.829838,18.322220,ok
C132616__X18__Y27.jpg,0.784127,17.585187,ok
C132616__X18__Y30.jpg,0.833818,19.870951,ok
C132616__X18__Y33.jpg,0.848542,21.883279,ok
C132616__X18__Y36.jpg,0.892581,23.991110,ok
C132616__X18__Y39.jpg,0.893513,24.323430,ok
C132616__X1B__Y18.jpg,0.858205,18.949001,ok
C132616__X1B__Y27.jpg,0.869745,20.933337,ok
C132616__X1B__Y2D.jpg,0.814532,21.335613,ok
C132616__X1B__Y30.jpg,0.855658,23.303943,ok
C132616__X1B__Y33.jpg,0.772958,19.029776,ok
C132617__X1B__Y36.jpg,0.893455,22.603133,ok
C132617__X1B__Y39.jpg,0.788216,21.477879,ok
C132617__X1B__Y3C.jpg,0.705546,19.492164,ok
C132617__X1E__Y24.jpg,0.841450,19.319800,ok
C132617__X1E__Y27.jpg,0.699721,17.492067,ok
C132617__X1E__Y33.jpg,0.781098,20.607186,ok
C132617__X1E__Y36.jpg,0.820059,21.869428,ok
C132617__X1E__Y39.jpg,0.762551,20.413047,ok
C132617__X21__Y27.jpg,0.833107,20.048766,ok
C132617__X21__Y36.jpg,0.878797,22.538278,ok
C132617__X24__Y2D.jpg,0.854378,22.002971,ok
C132617__X24__Y30.jpg,0.871931,23.477394,ok
C132617__X24__Y33.jpg,0.884247,21.224432,ok
C132617__X24__Y36.jpg,0.872827,21.164493,ok
C132617__X24__Y39.jpg,0.861509,24.064432,ok
C132617__X24__Y3C.jpg,0.856803,20.432793,ok
C132617__X27__Y27.jpg,0.752109,18.156020,ok
C132617__X27__Y2A.jpg,0.807181,21.471594,ok
C132617__X27__Y2D.jpg,0.875498,24.283002,ok
C132617__X27__Y30.jpg,0.813258,23.097901,ok
C132617__X27__Y33.jpg,0.911254,22.954870,ok
C132617__X27__Y36.jpg,0.868884,22.161139,ok
C132617__X27__Y39.jpg,0.784134,19.090341,ok
C132617__X27__Y3F.jpg,0.865995,19.385886,ok
C132617__X2A__Y27.jpg,0.749223,17.326076,ok
C132618__X2A__Y2D.jpg,0.792457,19.727983,ok
C132618__X2A__Y30.jpg,0.789463,20.064394,ok
C132618__X2A__Y33.jpg,0.783695,18.512538,ok
C132618__X2A__Y36.jpg,0.768855,19.666488,ok
C132618__X2A__Y39.jpg,0.748473,18.254050,ok
C132618__X2A__Y3C.jpg,0.877927,19.547200,ok
C132618__X2D__Y27.jpg,0.815941,19.232742,ok
C132618__X2D__Y2A.jpg,0.872666,21.049757,ok
C132618__X2D__Y30.jpg,0.795889,19.016307,ok
C132618__X2D__Y33.jpg,0.867703,21.588167,ok
C132618__X2D__Y36.jpg,0.854709,21.582857,ok
C132618__X30__Y33.jpg,0.887316,22.841594,ok
C132618__X30__Y36.jpg,0.866744,19.462642,ok
C132618__X33__Y27.jpg,0.812313,19.792127,ok
C132618__X33__Y2A.jpg,0.823414,21.349542,ok
C132618__X33__Y2D.jpg,0.825172,20.541879,ok
C132618__X33__Y30.jpg,0.786363,20.333756,ok
C132618__X33__Y33.jpg,0.917946,23.828005,ok
C132618__X33__Y36.jpg,0.730023,17.277627,ok
C132618__X33__Y39.jpg,0.776162,18.037746,ok
C132618__X36__Y27.jpg,0.830720,20.407329,ok
C132618__X15__Y2D.jpg,0.910882,24.046334,ok
C132618__X18__Y30.jpg,0.906347,24.040377,ok
C132618__X1B__Y0C.jpg,0.871123,21.599085,ok
C132618__X1B__Y0F.jpg,0.941534,25.156824,ok
C132619__X1B__Y1B.jpg,0.928975,23.128792,ok
C132619__X1E__Y09.jpg,0.918483,26.499821,ok
C132619__X1E__Y0C.jpg,0.889722,22.372184,ok
C132619__X1E__Y0F.jpg,0.921344,23.642233,ok
C132619__X21__Y06.jpg,0.917897,21.400007,ok
C132619__X21__Y09.jpg,0.834542,17.195910,ok
C132619__X21__Y0C.jpg,0.921492,25.107586,ok
C132619__X21__Y0F.jpg,0.912699,26.782767,ok
C132619__X24__Y09.jpg,0.878667,24.705478,ok
C132619__X24__Y0C.jpg,0.869207,23.069028,ok
C132619__X24__Y0F.jpg,0.835621,20.342791,ok
C132619__X24__Y12.jpg,0.879230,23.661804,ok
C132619__X24__Y15.jpg,0.891436,20.179493,ok
C132619__X27__Y06.jpg,0.860568,16.874988,ok
C132619__X27__Y09.jpg,0.920809,26.996927,ok
C132619__X27__Y0F.jpg,0.936715,27.952838,ok
C132619__X27__Y12.jpg,0.873366,24.439292,ok
C132619__X27__Y15.jpg,0.883178,23.237782,ok
C132619__X2A__Y06.jpg,0.943566,28.790969,ok
C132619__X2A__Y09.jpg,0.888226,22.953402,ok
C132619__X2A__Y0C.jpg,0.925227,22.795565,ok
C132619__X2A__Y0F.jpg,0.926246,25.966319,ok
C132619__X2A__Y12.jpg,0.871275,23.391533,ok
C132619__X2A__Y15.jpg,0.893305,22.327356,ok
C132619__X2A__Y18.jpg,0.879488,21.899881,ok
C132620__X2D__Y0C.jpg,0.915370,19.262140,ok
C132620__X2D__Y0F.jpg,0.918410,26.113577,ok
C132620__X2D__Y12.jpg,0.912006,24.941732,ok
C132620__X2D__Y15.jpg,0.911228,25.696541,ok
C132620__X2D__Y18.jpg,0.797577,16.763181,ok
C132620__X30__Y09.jpg,0.834794,20.902880,ok
C132620__X30__Y0C.jpg,0.915285,31.277709,ok
C132620__X30__Y0F.jpg,0.875197,21.689757,ok
C132620__X30__Y15.jpg,0.842318,20.908226,ok
C132620__X30__Y18.jpg,0.919372,23.666525,ok
C132620__X30__Y1B.jpg,0.913889,24.777763,ok
C132620__X33__Y0C.jpg,0.872357,18.664549,ok
C132620__X33__Y15.jpg,0.899388,23.764118,ok
C132620__X33__Y18.jpg,0.908328,23.669927,ok
C132620__X33__Y1B.jpg,0.820379,19.245558,ok
C132620__X33__Y1E.jpg,0.917095,23.901003,ok
C132620__X36__Y0C.jpg,0.863482,19.153684,ok
C132620__X36__Y0F.jpg,0.909354,20.623111,ok
C132620__X36__Y18.jpg,0.896384,21.981960,ok
C132620__X36__Y1B.jpg,0.919359,26.481329,ok
C132620__X36__Y1E.jpg,0.928967,26.251409,ok
C132620__X39__Y0F.jpg,0.891693,19.060617,ok
C132620__X39__Y18.jpg,0.907756,25.996718,ok
C132620__X39__Y1B.jpg,0.924090,32.482168,ok
C132620__X39__Y1E.jpg,0.893934,23.638888,ok
C132621__X39__Y21.jpg,0.870625,21.252438,ok
C132621__X39__Y27.jpg,0.874842,21.218280,ok
C132621__X3C__Y12.jpg,0.884954,19.131336,ok
C132621__X3C__Y15.jpg,0.846259,20.628445,ok
C132621__X3C__Y18.jpg,0.937724,30.860578,ok
C132621__X3C__Y1B.jpg,0.917902,26.045870,ok
C132621__X3C__Y1E.jpg,0.925543,26.668064,ok
C132621__X3C__Y21.jpg,0.911029,25.922414,ok
C132621__X3C__Y24.jpg,0.864593,19.929742,ok
C132621__X3F__Y15.jpg,0.841325,21.755308,ok
C132621__X3F__Y18.jpg,0.921264,27.505429,ok
C132621__X3F__Y1B.jpg,0.908276,26.348829,ok
C132621__X3F__Y1E.jpg,0.926745,30.568587,ok
C132621__X3F__Y21.jpg,0.865175,22.646232,ok
C132621__X3F__Y24.jpg,0.866442,20.098693,ok
C132621__X42__Y15.jpg,0.805771,16.994208,ok
C132621__X42__Y18.jpg,0.875468,21.290224,ok
C132621__X42__Y1B.jpg,0.826519,18.355347,ok
C132621__X42__Y1E.jpg,0.894440,23.482204,ok
C132621__X42__Y21.jpg,0.892063,24.579407,ok
C132621__X42__Y24.jpg,0.904211,21.479803,ok
C132621__X42__Y2D.jpg,0.915159,22.132981,ok
C132621__X45__Y18.jpg,0.880331,22.995176,ok
C132621__X45__Y1B.jpg,0.837854,22.170794,ok
C132621__X45__Y1E.jpg,0.898943,26.335054,ok
C132622__X45__Y21.jpg,0.926085,27.507776,ok
C132622__X0C__Y21.jpg,0.744747,20.330438,ok
C132622__X0C__Y24.jpg,0.889402,23.546930,ok
C132622__X0C__Y27.jpg,0.805139,18.484263,ok
C132622__X0F__Y15.jpg,0.800549,21.053129,ok
C132622__X0F__Y18.jpg,0.868644,22.643667,ok
C132622__X0F__Y1B.jpg,0.699074,18.616454,ok
C132622__X0F__Y1E.jpg,0.837923,22.176237,ok
C132622__X0F__Y21.jpg,0.858390,22.358382,ok
C132622__X0F__Y24.jpg,0.845321,21.499441,ok
C132622__X0F__Y27.jpg,0.795728,21.002366,ok
C132622__X0F__Y2A.jpg,0.738779,21.022621,ok
C132622__X0F__Y30.jpg,0.800824,19.311051,ok
C132622__X12__Y12.jpg,0.815725,21.260449,ok
C132622__X12__Y15.jpg,0.852274,24.002995,ok
C132622__X12__Y18.jpg,0.787188,21.995263,ok
C132622__X12__Y1B.jpg,0.778527,19.993159,ok
C132622__X12__Y1E.jpg,0.749825,20.958530,ok
C132622__X12__Y21.jpg,0.741282,18.952741,ok
C132622__X12__Y24.jpg,0.713793,17.959984,ok
C132622__X15__Y12.jpg,0.824583,22.492475,ok
C132622__X15__Y15.jpg,0.792892,22.402130,ok
C132622__X15__Y18.jpg,0.758948,21.408902,ok
C132622__X15__Y1E.jpg,0.610627,16.401300,ok
C132622__X15__Y21.jpg,0.738098,18.502992,ok
C132623__X15__Y33.jpg,0.801330,18.383462,ok
C132623__X18__Y0C.jpg,0.901705,23.804584,ok
C132623__X18__Y0F.jpg,0.859240,22.387162,ok
C132623__X18__Y12.jpg,0.785729,20.539455,ok
C132623__X18__Y15.jpg,0.768322,20.459888,ok
C132623__X1B__Y09.jpg,0.814950,21.215698,ok
C132623__X1B__Y0C.jpg,0.807897,21.563095,ok
C132623__X1B__Y0F.jpg,0.841336,22.429807,ok
C132623__X1B__Y12.jpg,0.709137,18.630691,ok
C132623__X1B__Y15.jpg,0.718426,18.595176,ok
C132623__X1B__Y24.jpg,0.671916,17.038255,ok
C132623__X1B__Y2D.jpg,0.782690,17.726399,ok
C132623__X1E__Y09.jpg,0.909966,25.619941,ok
C132623__X1E__Y0C.jpg,0.734516,19.789514,ok
C132623__X1E__Y0F.jpg,0.683741,17.786489,ok
C132623__X1E__Y12.jpg,0.833537,21.996848,ok
C132623__X21__Y09.jpg,0.854450,23.393258,ok
C132623__X21__Y3F.jpg,0.826288,21.724610,ok
C132623__X24__Y06.jpg,0.818961,21.660881,ok
C132623__X24__Y09.jpg,0.896594,25.269426,ok
C132623__X24__Y0C.jpg,0.765532,20.266411,ok
C132623__X24__Y3F.jpg,0.843751,23.645345,ok
C132623__X27__Y06.jpg,0.844510,25.130211,ok
C132623__X27__Y09.jpg,0.883449,25.380683,ok
C132623__X27__Y0C.jpg,0.665215,15.808705,ok
C132624__X27__Y0F.jpg,0.669763,18.960947,ok
C132624__X27__Y12.jpg,0.672083,17.236540,ok
C132624__X27__Y15.jpg,0.608866,17.856825,ok
C132624__X27__Y33.jpg,0.615222,14.303773,ok
C132624__X27__Y3F.jpg,0.734107,18.054597,ok
C132624__X2A__Y06.jpg,0.924948,25.631021,ok
C132624__X2A__Y09.jpg,0.842710,24.150651,ok
C132624__X2A__Y0C.jpg,0.799871,20.371447,ok
C132624__X2A__Y30.jpg,0.671237,17.386160,ok
C132624__X2A__Y3C.jpg,0.630968,15.065755,ok
C132624__X2D__Y06.jpg,0.806888,22.734592,ok
C132624__X2D__Y09.jpg,0.785659,21.090732,ok
C132624__X2D__Y0C.jpg,0.674646,18.480579,ok
C132624__X30__Y06.jpg,0.826744,21.428269,ok
C132624__X30__Y09.jpg,0.837151,22.693009,ok
C132624__X30__Y12.jpg,0.692243,19.062719,ok
C132624__X30__Y36.jpg,0.785127,18.650517,ok
C132624__X30__Y3F.jpg,0.730726,18.920037,ok
C132624__X33__Y09.jpg,0.769110,18.141861,ok
C132624__X33__Y3F.jpg,0.820009,19.903989,ok
C132624__X36__Y09.jpg,0.896663,23.421504,ok
C132624__X39__Y12.jpg,0.705746,16.356854,ok
C132624__X39__Y27.jpg,0.764829,19.341600,ok
C132624__X39__Y39.jpg,0.774616,16.844307,ok
C132624__X39__Y3F.jpg,0.853867,20.710830,ok
C132625__X3C__Y0C.jpg,0.779224,19.281915,ok
C132625__X3F__Y0F.jpg,0.655894,16.517582,ok
C132625__X3F__Y15.jpg,0.751562,18.017981,ok
C132625__X3F__Y30.jpg,0.746567,16.606129,ok
C132625__X42__Y12.jpg,0.828813,19.886412,ok
C132625__X45__Y18.jpg,0.770534,17.925131,ok
C132625__X09__Y1B.jpg,0.835108,24.089660,ok
C132625__X09__Y1E.jpg,0.889138,26.067320,ok
C132625__X09__Y21.jpg,0.860119,25.076885,ok
C132625__X09__Y24.jpg,0.813085,22.484258,ok
C132625__X09__Y27.jpg,0.844532,22.013987,ok
C132625__X0C__Y15.jpg,0.840315,23.079293,ok
C132625__X0C__Y18.jpg,0.798704,20.068005,ok
C132625__X0C__Y1B.jpg,0.816153,23.233307,ok
C132625__X0C__Y1E.jpg,0.834305,23.771937,ok
C132625__X0C__Y21.jpg,0.784281,20.466514,ok
C132625__X0C__Y24.jpg,0.794360,20.983104,ok
C132625__X0C__Y27.jpg,0.866372,24.005418,ok
C132625__X0C__Y2A.jpg,0.763275,17.910893,ok
C132625__X0C__Y2D.jpg,0.850172,21.220594,ok
C132625__X0F__Y0F.jpg,0.826240,20.498405,ok
C132625__X0F__Y12.jpg,0.825849,21.319518,ok
C132625__X0F__Y18.jpg,0.818126,21.884220,ok
C132625__X0F__Y27.jpg,0.799034,20.193861,ok
C132625__X0F__Y2D.jpg,0.773042,18.520253,ok
C132626__X0F__Y30.jpg,0.798705,22.552050,ok
C132626__X0F__Y33.jpg,0.860330,23.504238,ok
C132626__X12__Y09.jpg,0.834317,21.755017,ok
C132626__X12__Y0C.jpg,0.812287,21.210954,ok
C132626__X12__Y0F.jpg,0.803118,21.175342,ok
C132626__X12__Y30.jpg,0.726881,20.007798,ok
C132626__X12__Y33.jpg,0.811774,23.144620,ok
C132626__X12__Y36.jpg,0.832606,22.528510,ok
C132626__X15__Y09.jpg,0.815055,20.220904,ok
C132626__X15__Y33.jpg,0.807511,22.066684,ok
C132626__X15__Y36.jpg,0.808073,19.752824,ok
C132626__X15__Y39.jpg,0.795292,21.741414,ok
C132626__X18__Y39.jpg,0.748332,16.565677,ok
C132626__X18__Y3C.jpg,0.813707,22.721964,ok
C132626__X1B__Y39.jpg,0.671716,17.762809,ok
C132626__X1B__Y3C.jpg,0.830587,22.382659,ok
C132626__X1B__Y3F.jpg,0.820409,23.194261,ok
C132626__X1E__Y3C.jpg,0.731480,19.709777,ok
C132626__X1E__Y3F.jpg,0.820030,21.603367,ok
C132626__X21__Y3F.jpg,0.775642,19.982567,ok
C132626__X24__Y3F.jpg,0.783048,20.385344,ok
C132626__X24__Y42.jpg,0.807925,20.510711,ok
C132626__X27__Y06.jpg,0.837522,22.305758,ok
C132626__X27__Y3F.jpg,0.760715,20.168999,ok
C132626__X2A__Y06.jpg,0.869525,22.765159,ok
C132627__X2A__Y3F.jpg,0.688939,18.413574,ok
C132627__X2D__Y3F.jpg,0.721916,19.323186,ok
C132627__X2D__Y42.jpg,0.747178,18.491243,ok
C132627__X30__Y06.jpg,0.858097,21.488109,ok
C132627__X30__Y09.jpg,0.776643,18.649816,ok
C132627__X30__Y3C.jpg,0.705089,18.311863,ok
C132627__X30__Y3F.jpg,0.814976,22.456174,ok
C132627__X30__Y42.jpg,0.863855,24.102761,ok
C132627__X33__Y06.jpg,0.795397,21.386091,ok
C132627__X33__Y09.jpg,0.835958,22.039733,ok
C132627__X33__Y39.jpg,0.739453,19.649473,ok
C132627__X33__Y3C.jpg,0.776856,21.115677,ok
C132627__X33__Y3F.jpg,0.793664,20.811007,ok
C132627__X33__Y42.jpg,0.897430,25.579736,ok
C132627__X36__Y0C.jpg,0.812181,20.463101,ok
C132627__X36__Y0F.jpg,0.858344,21.423339,ok
C132627__X36__Y39.jpg,0.743381,20.634715,ok
C132627__X36__Y3C.jpg,0.852322,22.381884,ok
C132627__X36__Y3F.jpg,0.772943,20.867099,ok
C132627__X39__Y0F.jpg,0.738539,18.258674,ok
C132627__X39__Y12.jpg,0.759404,18.240120,ok
C132627__X39__Y15.jpg,0.794568,20.075355,ok
C132627__X39__Y33.jpg,0.823971,19.781398,ok
C132627__X39__Y36.jpg,0.750574,19.599666,ok
C132627__X39__Y39.jpg,0.804354,19.906592,ok
C132628__X3C__Y15.jpg,0.841281,21.314327,ok
C132628__X3C__Y2D.jpg,0.816009,19.828601,ok
C132628__X3C__Y36.jpg,0.746895,18.672214,ok
C132628__X3F__Y0C.jpg,0.814655,20.574952,ok
C132628__X3F__Y1B.jpg,0.733319,17.825194,ok
C132628__X3F__Y27.jpg,0.733555,17.834158,ok
C132628__X3F__Y39.jpg,0.828699,21.817531,ok
C132628__X42__Y33.jpg,0.791242,19.306701,ok
C132628__X42__Y36.jpg,0.804184,21.788557,ok
C132628__X45__Y15.jpg,0.780637,18.771218,ok
C132628__X45__Y30.jpg,0.792878,20.747824,ok
C132628__X03__Y03.jpg,0.937019,30.020539,ok
C132628__X03__Y06.jpg,0.823625,15.677074,ok
C132628__X03__Y1B.jpg,0.929734,28.797824,ok
C132628__X03__Y1E.jpg,0.891226,23.864019,ok
C132628__X03__Y21.jpg,0.840340,20.843877,ok
C132628__X03__Y24.jpg,0.860319,23.193406,ok
C132628__X03__Y27.jpg,0.828742,21.548221,ok
C132628__X03__Y2A.jpg,0.788858,18.379897,ok
C132628__X03__Y2D.jpg,0.897542,25.059285,ok
C132628__X06__Y15.jpg,0.839072,20.512601,ok
C132628__X06__Y18.jpg,0.860400,22.862293,ok
C132628__X06__Y1B.jpg,0.825007,21.482123,ok
C132628__X06__Y1E.jpg,0.768882,18.584922,ok
C132628__X06__Y21.jpg,0.798532,19.759292,ok
C132629__X06__Y27.jpg,0.820340,19.103406,ok
C132629__X06__Y2A.jpg,0.801441,20.279164,ok
C132629__X06__Y2D.jpg,0.767314,16.994750,ok
C132629__X06__Y33.jpg,0.819303,21.546180,ok
C132629__X09__Y0F.jpg,0.942687,27.550924,ok
C132629__X09__Y12.jpg,0.810973,20.370028,ok
C132629__X09__Y15.jpg,0.850227,18.940312,ok
C132629__X09__Y18.jpg,0.820963,19.963545,ok
C132629__X09__Y1B.jpg,0.846260,22.976851,ok
C132629__X09__Y1E.jpg,0.818854,20.435636,ok
C132629__X09__Y24.jpg,0.765051,18.092942,ok
C132629__X09__Y27.jpg,0.798690,17.864618,ok
C132629__X09__Y2A.jpg,0.816290,19.600966,ok
C132629__X09__Y30.jpg,0.807295,20.214204,ok
C132629__X09__Y33.jpg,0.803260,20.540745,ok
C132629__X09__Y36.jpg,0.841961,21.177130,ok
C132629__X0C__Y0F.jpg,0.800507,18.813722,ok
C132629__X0C__Y1B.jpg,0.837928,22.430663,ok
C132629__X0C__Y2A.jpg,0.811440,18.724981,ok
C132629__X0C__Y33.jpg,0.778393,16.287951,ok
C132629__X0C__Y36.jpg,0.823227,22.133147,ok
C132629__X0C__Y39.jpg,0.808841,20.009212,ok
C132629__X0F__Y0C.jpg,0.814385,19.204515,ok
C132629__X0F__Y1B.jpg,0.801496,17.259863,ok
C132629__X0F__Y27.jpg,0.784655,19.281594,ok
C132630__X0F__Y2A.jpg,0.780903,20.026338,ok
C132630__X0F__Y36.jpg,0.819228,20.180983,ok
C132630__X0F__Y39.jpg,0.840227,21.439637,ok
C132630__X12__Y0C.jpg,0.826803,19.180133,ok
C132630__X15__Y18.jpg,0.878409,21.792937,ok
C132630__X15__Y36.jpg,0.709007,16.521982,ok
C132630__X18__Y06.jpg,0.824534,18.066032,ok
C132630__X1B__Y06.jpg,0.824257,19.635975,ok
C132630__X1B__Y1E.jpg,0.799284,18.596480,ok
C132630__X1B__Y36.jpg,0.754921,17.547975,ok
C132630__X21__Y36.jpg,0.772065,19.022257,ok
C132630__X21__Y39.jpg,0.764318,18.541935,ok
C132630__X24__Y1E.jpg,0.749118,18.789313,ok
C132630__X24__Y36.jpg,0.797324,19.693075,ok
C132630__X27__Y27.jpg,0.794527,16.847135,ok
C132630__X27__Y2A.jpg,0.783010,17.114746,ok
C132630__X27__Y2D.jpg,0.783789,19.573149,ok
C132630__X27__Y36.jpg,0.810393,19.920551,ok
C132630__X27__Y3F.jpg,0.844829,20.697586,ok
C132630__X2A__Y0C.jpg,0.775579,18.588696,ok
C132630__X2A__Y2D.jpg,0.832298,20.918131,ok
C132630__X2A__Y36.jpg,0.801336,20.211231,ok
C132630__X2A__Y39.jpg,0.821904,19.172367,ok
C132630__X2A__Y3C.jpg,0.857483,20.999711,ok
C132630__X2D__Y06.jpg,0.754491,17.357374,ok
C132631__X2D__Y39.jpg,0.854685,21.232403,ok
C132631__X30__Y27.jpg,0.767189,15.682551,ok
C132631__X30__Y36.jpg,0.744059,17.363828,ok
C132631__X30__Y39.jpg,0.703011,18.103842,ok
C132631__X33__Y09.jpg,0.818060,19.217793,ok
C132631__X33__Y36.jpg,0.829168,21.069062,ok
C132631__X36__Y2A.jpg,0.824518,20.632145,ok
C132631__X36__Y39.jpg,0.807624,20.148595,ok
C132631__X39__Y0C.jpg,0.927058,22.847344,ok
C132631__X39__Y2A.jpg,0.751772,18.312572,ok
C132631__X3C__Y0F.jpg,0.915529,20.472738,ok
C132631__X3F__Y1E.jpg,0.809498,20.242519,ok
C132631__X42__Y2A.jpg,0.868764,23.516689,ok
C132631__X42__Y2D.jpg,0.905697,26.484484,ok
C132631__X45__Y0C.jpg,0.909831,24.319659,ok
C132631__X45__Y0F.jpg,0.819647,20.882717,ok
C132631__X06__Y45.jpg,0.950264,37.015689,ok
C132631__X09__Y1E.jpg,0.754856,19.222529,ok
C132631__X09__Y21.jpg,0.840696,20.756681,ok
C132631__X09__Y24.jpg,0.822902,22.155392,ok
C132631__X09__Y27.jpg,0.816204,22.287366,ok
C132631__X09__Y2A.jpg,0.938387,30.389287,ok
C132631__X09__Y45.jpg,0.950278,35.781594,ok
C132631__X0C__Y12.jpg,0.960619,30.034149,ok
C132631__X0C__Y15.jpg,0.838977,22.019792,ok
C132632__X0C__Y2A.jpg,0.839067,22.770063,ok
C132632__X0C__Y2D.jpg,0.735907,18.958116,ok
C132632__X0C__Y30.jpg,0.750740,17.577192,ok
C132632__X0C__Y45.jpg,0.956854,35.591060,ok
C132632__X0F__Y0F.jpg,0.925953,24.050295,ok
C132632__X0F__Y12.jpg,0.780884,20.668500,ok
C132632__X0F__Y2D.jpg,0.726939,19.085634,ok
C132632__X0F__Y33.jpg,0.812732,19.543948,ok
C132632__X0F__Y36.jpg,0.841291,20.862618,ok
C132632__X0F__Y45.jpg,0.954604,36.046745,ok
C132632__X12__Y0C.jpg,0.923760,26.555448,ok
C132632__X12__Y36.jpg,0.771911,19.557576,ok
C132632__X12__Y39.jpg,0.709356,15.541178,ok
C132632__X12__Y45.jpg,0.957528,36.573146,ok
C132632__X15__Y2D.jpg,0.750577,17.837825,ok
C132632__X15__Y39.jpg,0.654389,16.495646,ok
C132632__X15__Y3C.jpg,0.760710,19.106660,ok
C132632__X15__Y45.jpg,0.957114,34.697762,ok
C132632__X18__Y3C.jpg,0.742995,19.219416,ok
C132632__X18__Y3F.jpg,0.870471,23.170740,ok
C132632__X18__Y45.jpg,0.951449,34.843277,ok
C132632__X1B__Y06.jpg,0.865285,22.049876,ok
C132632__X1B__Y45.jpg,0.935865,24.141352,ok
C132632__X1E__Y06.jpg,0.652117,18.909889,ok
C132632__X1E__Y42.jpg,0.838123,21.806363,ok
C132633__X1E__Y45.jpg,0.959804,32.090770,ok
C132633__X21__Y42.jpg,0.668768,17.945537,ok
C132633__X21__Y45.jpg,0.956297,31.725411,ok
C132633__X24__Y03.jpg,0.947309,34.712819,ok
C132633__X24__Y45.jpg,0.955923,28.813292,ok
C132633__X27__Y03.jpg,0.913679,28.340729,ok
C132633__X27__Y45.jpg,0.956975,30.840763,ok
C132633__X2A__Y03.jpg,0.906537,27.352424,ok
C132633__X2A__Y45.jpg,0.953770,31.383962,ok
C132633__X2D__Y45.jpg,0.929687,26.197010,ok
C132633__X30__Y03.jpg,0.907993,28.681154,ok
C132633__X30__Y06.jpg,0.759893,20.194807,ok
C132633__X30__Y45.jpg,0.950708,31.540765,ok
C132633__X33__Y06.jpg,0.891857,25.726844,ok
C132633__X33__Y42.jpg,0.824181,23.513053,ok
C132633__X33__Y45.jpg,0.953405,30.600642,ok
C132633__X36__Y06.jpg,0.902052,23.122888,ok
C132633__X36__Y09.jpg,0.757180,21.880578,ok
C132633__X36__Y42.jpg,0.919303,28.327739,ok
C132633__X36__Y45.jpg,0.956448,32.871186,ok
C132633__X39__Y09.jpg,0.887905,25.584955,ok
C132633__X39__Y0C.jpg,0.725549,18.365308,ok
C132633__X39__Y0F.jpg,0.741142,20.568528,ok
C132633__X39__Y3C.jpg,0.702219,18.329337,ok
C132633__X39__Y3F.jpg,0.737030,17.931898,ok
C132634__X39__Y45.jpg,0.959337,32.132935,ok
C132634__X3C__Y0C.jpg,0.795514,22.076948,ok
C132634__X3C__Y0F.jpg,0.870913,24.316987,ok
C132634__X3C__Y12.jpg,0.796322,20.130422,ok
C132634__X3C__Y3C.jpg,0.798477,19.112773,ok
C132634__X3C__Y45.jpg,0.958071,34.268486,ok
C132634__X3F__Y0C.jpg,0.961066,35.264169,ok
C132634__X3F__Y0F.jpg,0.752292,18.691880,ok
C132634__X3F__Y45.jpg,0.947156,34.195949,ok
C132634__X42__Y0F.jpg,0.960664,35.457177,ok
C132634__X42__Y12.jpg,0.812111,22.506347,ok
C132634__X42__Y36.jpg,0.862101,22.509045,ok
C132634__X42__Y39.jpg,0.930711,30.016670,ok
C132634__X42__Y45.jpg,0.949945,35.550951,ok
C132634__X45__Y15.jpg,0.909696,26.939876,ok
C132634__X45__Y18.jpg,0.849651,22.638419,ok
C132634__X45__Y2D.jpg,0.812628,21.771876,ok
C132634__X45__Y30.jpg,0.823061,21.352772,ok
C132634__X45__Y33.jpg,0.875505,24.044237,ok
C132634__X45__Y36.jpg,0.914511,26.161526,ok
C132634__X45__Y45.jpg,0.957690,36.718165,ok
C132634__X03__Y45.jpg,0.938752,25.576164,ok
C132634__X06__Y45.jpg,0.957904,36.456611,ok
C132634__X09__Y1B.jpg,0.906063,28.859215,ok
C132634__X09__Y1E.jpg,0.842086,25.159012,ok
C132635__X09__Y21.jpg,0.932780,31.201454,ok
C132635__X09__Y24.jpg,0.791379,22.096746,ok
C132635__X09__Y27.jpg,0.740978,19.468677,ok
C132635__X09__Y45.jpg,0.955516,36.978192,ok
C132635__X0C__Y15.jpg,0.888222,22.640117,ok
C132635__X0C__Y18.jpg,0.823526,21.613363,ok
C132635__X0C__Y1B.jpg,0.803766,22.274855,ok
C132635__X0C__Y1E.jpg,0.795739,21.780193,ok
C132635__X0C__Y21.jpg,0.753380,19.728774,ok
C132635__X0C__Y24.jpg,0.772885,19.774472,ok
C132635__X0C__Y27.jpg,0.722341,18.304954,ok
C132635__X0C__Y45.jpg,0.956759,35.548024,ok
C132635__X0F__Y0F.jpg,0.810297,21.558392,ok
C132635__X0F__Y1B.jpg,0.776352,19.561824,ok
C132635__X0F__Y1E.jpg,0.744959,20.956490,ok
C132635__X0F__Y21.jpg,0.730452,20.551575,ok
C132635__X0F__Y24.jpg,0.621719,14.993283,ok
C132635__X0F__Y45.jpg,0.948362,27.886885,ok
C132635__X12__Y0C.jpg,0.821464,20.960434,ok
C132635__X12__Y0F.jpg,0.800818,20.752021,ok
C132635__X12__Y45.jpg,0.957291,30.521466,ok
C132635__X15__Y09.jpg,0.844106,24.165279,ok
C132635__X15__Y0C.jpg,0.799229,21.252294,ok
C132635__X15__Y45.jpg,0.951336,35.750093,ok
C132635__X18__Y09.jpg,0.840711,22.133091,ok
C132636__X18__Y0C.jpg,0.721000,19.268788,ok
C132636__X18__Y45.jpg,0.961224,35.620000,ok
C132636__X1B__Y06.jpg,0.866179,24.813529,ok
C132636__X1B__Y09.jpg,0.792484,16.660430,ok
C132636__X1B__Y45.jpg,0.954603,34.830508,ok
C132636__X1E__Y06.jpg,0.890060,22.962947,ok
C132636__X1E__Y09.jpg,0.810117,23.228942,ok
C132636__X1E__Y45.jpg,0.951122,30.398351,ok
C132636__X21__Y06.jpg,0.851344,19.259122,ok
C132636__X21__Y45.jpg,0.960034,35.128501,ok
C132636__X24__Y06.jpg,0.840728,21.418620,ok
C132636__X24__Y45.jpg,0.958912,35.349762,ok
C132636__X27__Y06.jpg,0.761881,19.950779,ok
C132636__X27__Y45.jpg,0.956285,33.828929,ok
C132636__X2A__Y03.jpg,0.854084,19.982574,ok
C132636__X2A__Y06.jpg,0.718557,20.336135,ok
C132636__X2A__Y45.jpg,0.960956,35.323178,ok
C132636__X2D__Y06.jpg,0.783188,20.108529,ok
C132636__X2D__Y45.jpg,0.958352,35.701927,ok
C132636__X30__Y06.jpg,0.820978,20.019802,ok
C132636__X30__Y45.jpg,0.959415,34.463603,ok
C132636__X33__Y06.jpg,0.849247,22.619275,ok
C132636__X33__Y45.jpg,0.955215,36.244875,ok
C132636__X36__Y45.jpg,0.952821,35.134166,ok
C132636__X39__Y09.jpg,0.800718,22.601828,ok
C132637__X39__Y0C.jpg,0.813413,24.733951,ok
C132637__X39__Y45.jpg,0.956450,36.469356,ok
C132637__X3C__Y0C.jpg,0.768134,21.380424,ok
C132637__X3C__Y1E.jpg,0.698041,19.124180,ok
C132637__X3C__Y21.jpg,0.698816,18.833906,ok
C132637__X3C__Y24.jpg,0.689611,18.093953,ok
C132637__X3C__Y45.jpg,0.959365,36.234299,ok
C132637__X3F__Y18.jpg,0.804528,19.043268,ok
C132637__X3F__Y1B.jpg,0.787241,19.785154,ok
C132637__X3F__Y1E.jpg,0.804903,23.318574,ok
C132637__X3F__Y21.jpg,0.787549,22.390405,ok
C132637__X3F__Y24.jpg,0.775467,20.858815,ok
C132637__X3F__Y45.jpg,0.958749,36.152696,ok
C132637__X42__Y0F.jpg,0.936097,26.281191,ok
C132637__X42__Y18.jpg,0.767836,20.991657,ok
C132637__X42__Y1B.jpg,0.788281,24.056054,ok
C132637__X42__Y1E.jpg,0.772012,20.828964,ok
C132637__X42__Y21.jpg,0.718882,20.064253,ok
C132637__X42__Y24.jpg,0.808869,22.147574,ok
C132637__X42__Y45.jpg,0.956599,34.849489,ok
C132637__X45__Y15.jpg,0.850881,22.714453,ok
C132637__X45__Y18.jpg,0.779522,19.246219,ok
C132637__X45__Y1B.jpg,0.783801,20.895430,ok
C132637__X45__Y1E.jpg,0.714793,20.406299,ok
C132637__X45__Y21.jpg,0.726524,22.388344,ok
C132638__X45__Y45.jpg,0.960444,35.414234,ok
C132638__X09__Y1B.jpg,0.923072,28.717464,ok
C132638__X09__Y1E.jpg,0.892070,25.427369,ok
C132638__X09__Y27.jpg,0.895735,21.631145,ok
C132638__X0C__Y15.jpg,0.894489,25.861319,ok
C132638__X0C__Y18.jpg,0.868928,24.979718,ok
C132638__X0C__Y1B.jpg,0.808275,21.098470,ok
C132638__X0C__Y1E.jpg,0.843501,24.093322,ok
C132638__X0C__Y21.jpg,0.863862,25.215683,ok
C132638__X0C__Y27.jpg,0.816621,20.605078,ok
C132638__X0C__Y2A.jpg,0.804031,19.554244,ok
C132638__X0C__Y2D.jpg,0.861810,24.321144,ok
C132638__X0F__Y0F.jpg,0.872720,25.596650,ok
C132638__X0F__Y12.jpg,0.768944,21.044885,ok
C132638__X0F__Y15.jpg,0.790966,20.258183,ok
C132638__X0F__Y18.jpg,0.806226,22.248611,ok
C132638__X0F__Y1B.jpg,0.761430,20.704464,ok
C132638__X0F__Y21.jpg,0.824731,20.061809,ok
C132638__X0F__Y27.jpg,0.816275,20.268358,ok
C132638__X0F__Y2A.jpg,0.837211,24.163210,ok
C132638__X0F__Y2D.jpg,0.849265,24.259493,ok
C132638__X0F__Y30.jpg,0.901910,25.348160,ok
C132638__X12__Y0C.jpg,0.910870,31.221203,ok
C132638__X12__Y0F.jpg,0.827508,21.451281,ok
C132638__X12__Y12.jpg,0.812203,23.981826,ok
C132639__X12__Y15.jpg,0.823935,23.446721,ok
C132639__X12__Y18.jpg,0.748250,19.931762,ok
C132639__X12__Y1B.jpg,0.752147,21.118387,ok
C132639__X12__Y1E.jpg,0.761389,20.713262,ok
C132639__X12__Y2A.jpg,0.795910,17.903303,ok
C132639__X12__Y2D.jpg,0.812585,19.490085,ok
C132639__X12__Y33.jpg,0.831352,24.465934,ok
C132639__X12__Y36.jpg,0.862449,23.692138,ok
C132639__X15__Y09.jpg,0.956849,31.872871,ok
C132639__X15__Y12.jpg,0.817168,21.499065,ok
C132639__X15__Y15.jpg,0.722250,21.505298,ok
C132639__X15__Y18.jpg,0.782120,21.364825,ok
C132639__X15__Y33.jpg,0.799961,22.251857,ok
C132639__X15__Y36.jpg,0.731855,16.440611,ok
C132639__X15__Y39.jpg,0.830304,21.946277,ok
C132639__X18__Y09.jpg,0.794906,21.539961,ok
C132639__X18__Y18.jpg,0.802818,22.421939,ok
C132639__X18__Y33.jpg,0.845216,20.952003,ok
C132639__X18__Y39.jpg,0.762375,20.389182,ok
C132639__X18__Y3C.jpg,0.778295,21.533994,ok
C132639__X1B__Y09.jpg,0.753617,19.655334,ok
C132639__X1B__Y15.jpg,0.754939,19.448762,ok
C132639__X1B__Y30.jpg,0.657853,16.147089,ok
C132639__X1B__Y33.jpg,0.784437,21.967541,ok
C132639__X1B__Y36.jpg,0.743497,19.402651,ok
C132640__X1B__Y39.jpg,0.765137,19.203080,ok
C132640__X1B__Y3C.jpg,0.789050,20.867318,ok
C132640__X1E__Y06.jpg,0.803467,22.202031,ok
C132640__X1E__Y09.jpg,0.805762,21.170535,ok
C132640__X1E__Y0F.jpg,0.761691,21.025904,ok
C132640__X1E__Y12.jpg,0.752019,18.985901,ok
C132640__X1E__Y3C.jpg,0.827107,22.371762,ok
C132640__X1E__Y3F.jpg,0.811378,21.632415,ok
C132640__X21__Y06.jpg,0.744613,19.362113,ok
C132640__X21__Y09.jpg,0.803676,22.427404,ok
C132640__X21__Y0C.jpg,0.760518,20.377475,ok
C132640__X21__Y0F.jpg,0.798933,19.938069,ok
C132640__X21__Y3F.jpg,0.732428,18.161014,ok
C132640__X24__Y06.jpg,0.782805,22.451187,ok
C132640__X24__Y09.jpg,0.866190,23.605707,ok
C132640__X24__Y36.jpg,0.684324,16.465300,ok
C132640__X24__Y39.jpg,0.747835,19.518150,ok
C132640__X24__Y3F.jpg,0.865563,26.115844,ok
C132640__X24__Y42.jpg,0.848716,21.518016,ok
C132640__X27__Y03.jpg,0.851151,23.480443,ok
C132640__X27__Y06.jpg,0.820420,20.875472,ok
C132640__X27__Y36.jpg,0.725175,18.317074,ok
C132640__X27__Y3C.jpg,0.744436,20.107445,ok
C132640__X27__Y3F.jpg,0.735668,20.291941,ok
C132640__X27__Y42.jpg,0.763898,21.616578,ok
C132641__X2A__Y06.jpg,0.781553,19.461116,ok
C132641__X2A__Y3C.jpg,0.698652,15.131010,ok
C132641__X2A__Y42.jpg,0.728756,18.348689,ok
C132641__X2D__Y3F.jpg,0.715501,16.367193,ok
C132641__X30__Y39.jpg,0.716713,16.181518,ok
C132641__X39__Y3C.jpg,0.787642,18.985206,ok
C132641__X06__Y27.jpg,0.937726,30.207320,ok
C132641__X09__Y1B.jpg,0.851988,24.533574,ok
C132641__X09__Y1E.jpg,0.919430,30.154519,ok
C132641__X09__Y21.jpg,0.834608,23.908308,ok
C132641__X09__Y24.jpg,0.862989,25.012968,ok
C132641__X09__Y27.jpg,0.823404,21.780056,ok
C132641__X09__Y2A.jpg,0.878526,28.478664,ok
C132641__X09__Y2D.jpg,0.865869,26.986634,ok
C132641__X09__Y30.jpg,0.915442,31.409117,ok
C132641__X0C__Y15.jpg,0.927746,31.921459,ok
C132641__X0C__Y18.jpg,0.886120,27.468458,ok
C132641__X0C__Y1B.jpg,0.836848,23.930989,ok
C132641__X0C__Y1E.jpg,0.856959,26.355661,ok
C132641__X0C__Y21.jpg,0.795867,22.472980,ok
C132641__X0C__Y24.jpg,0.792122,23.873243,ok
C132641__X0C__Y27.jpg,0.795307,21.791425,ok
C132641__X0C__Y30.jpg,0.795462,23.452441,ok
C132641__X0C__Y33.jpg,0.824471,23.722617,ok
C132641__X0C__Y36.jpg,0.740444,20.687592,ok
C132642__X0F__Y12.jpg,0.885135,24.199855,ok
C132642__X0F__Y15.jpg,0.876963,27.515026,ok
C132642__X0F__Y18.jpg,0.852555,24.813897,ok
C132642__X0F__Y3C.jpg,0.882793,29.163294,ok
C132642__X12__Y0F.jpg,0.876397,27.465794,ok
C132642__X12__Y15.jpg,0.787806,20.685239,ok
C132642__X15__Y0C.jpg,0.924920,31.311441,ok
C132642__X15__Y0F.jpg,0.812846,23.518100,ok
C132642__X15__Y12.jpg,0.777539,24.460541,ok
C132642__X15__Y3F.jpg,0.840725,24.399157,ok
C132642__X18__Y0C.jpg,0.851817,25.389309,ok
C132642__X18__Y42.jpg,0.915327,30.043910,ok
C132642__X1B__Y0C.jpg,0.893194,27.753557,ok
C132642__X1B__Y42.jpg,0.818911,22.815458,ok
C132642__X1E__Y09.jpg,0.834509,24.444968,ok
C132642__X1E__Y0C.jpg,0.839536,25.533374,ok
C132642__X21__Y09.jpg,0.863584,28.055445,ok
C132642__X21__Y0C.jpg,0.831034,26.580496,ok
C132642__X24__Y06.jpg,0.949263,30.483362,ok
C132642__X27__Y06.jpg,0.897752,28.034722,ok
C132642__X27__Y09.jpg,0.820471,24.585650,ok
C132642__X2A__Y06.jpg,0.943503,33.647385,ok
C132642__X2A__Y09.jpg,0.820970,24.128838,ok
C132642__X2D__Y06.jpg,0.948759,28.008668,ok
C132642__X30__Y42.jpg,0.776197,23.762006,ok
C132643__X33__Y09.jpg,0.861545,25.852249,ok
C132643__X33__Y42.jpg,0.858102,24.073042,ok
C132643__X36__Y09.jpg,0.934347,29.710529,ok
C132643__X36__Y42.jpg,0.893467,27.496376,ok
C132643__X39__Y0C.jpg,0.784152,22.821795,ok
C132643__X39__Y3F.jpg,0.858147,23.236236,ok
C132643__X39__Y42.jpg,0.869018,24.799123,ok
C132643__X3C__Y0C.jpg,0.918928,27.024143,ok
C132643__X3C__Y3F.jpg,0.841864,24.865624,ok
C132643__X3F__Y0F.jpg,0.859472,25.368256,ok
C132643__X3F__Y12.jpg,0.873761,24.656113,ok
C132643__X3F__Y3C.jpg,0.828100,24.612163,ok
C132643__X42__Y12.jpg,0.867861,24.669136,ok
C132643__X42__Y15.jpg,0.919668,29.525509,ok
C132643__X42__Y18.jpg,0.816663,23.038595,ok
C132643__X42__Y33.jpg,0.834431,22.732698,ok
C132643__X42__Y36.jpg,0.861482,24.687282,ok
C132643__X42__Y39.jpg,0.847101,25.304602,ok
C132643__X45__Y15.jpg,0.883674,27.953863,ok
C132643__X45__Y18.jpg,0.852250,25.756443,ok
C132643__X45__Y1B.jpg,0.775424,22.201888,ok
C132643__X45__Y1E.jpg,0.786787,21.861659,ok
C132643__X45__Y24.jpg,0.785085,21.045882,ok
C132643__X45__Y30.jpg,0.833534,22.693547,ok
C132643__X45__Y36.jpg,0.895931,28.156212,ok
C132644__X48__Y03.jpg,0.956903,32.194917,ok
C132644__X48__Y06.jpg,0.956911,29.612698,ok
C132644__X48__Y09.jpg,0.961756,32.392585,ok
C132644__X48__Y0F.jpg,0.956506,25.843637,ok
C132644__X48__Y12.jpg,0.952548,32.592838,ok
C132644__X48__Y15.jpg,0.951143,31.491297,ok
C132644__X48__Y18.jpg,0.928422,23.608224,ok
C132644__X48__Y33.jpg,0.953982,32.779808,ok
C132644__X48__Y36.jpg,0.947868,24.867124,ok
C132644__X48__Y39.jpg,0.953430,30.030585,ok
C132644__X48__Y42.jpg,0.955734,31.207466,ok
C132644__X0C__Y21.jpg,0.821062,18.632361,ok
C132644__X0C__Y24.jpg,0.837325,21.783713,ok
C132644__X0C__Y27.jpg,0.871992,28.122705,ok
C132644__X0C__Y2A.jpg,0.860631,25.213095,ok
C132644__X0F__Y1B.jpg,0.832786,20.377614,ok
C132644__X0F__Y1E.jpg,0.869110,23.119841,ok
C132644__X0F__Y21.jpg,0.841109,22.396267,ok
C132644__X0F__Y24.jpg,0.835665,23.627624,ok
C132644__X0F__Y27.jpg,0.833939,22.902116,ok
C132644__X0F__Y2A.jpg,0.754066,20.137061,ok
C132644__X0F__Y2D.jpg,0.739023,17.426734,ok
C132644__X12__Y1E.jpg,0.753105,18.169131,ok
C132644__X12__Y21.jpg,0.801456,20.679521,ok
C132644__X12__Y24.jpg,0.794961,20.465655,ok
C132645__X12__Y27.jpg,0.801354,21.994213,ok
C132645__X12__Y2A.jpg,0.793360,21.483760,ok
C132645__X12__Y2D.jpg,0.879163,25.689729,ok
C132645__X12__Y30.jpg,0.882737,26.704112,ok
C132645__X15__Y21.jpg,0.741109,16.932303,ok
C132645__X15__Y24.jpg,0.751213,19.217925,ok
C132645__X15__Y27.jpg,0.798876,22.566801,ok
C132645__X15__Y2A.jpg,0.784464,22.551836,ok
C132645__X15__Y2D.jpg,0.820053,22.897193,ok
C132645__X15__Y30.jpg,0.852231,21.784482,ok
C132645__X18__Y21.jpg,0.807449,20.319533,ok
C132645__X18__Y24.jpg,0.780458,21.264128,ok
C132645__X18__Y27.jpg,0.742747,20.050243,ok
C132645__X18__Y2A.jpg,0.764663,19.412390,ok
C132645__X1B__Y06.jpg,0.858700,21.684867,ok
C132645__X1B__Y1E.jpg,0.821934,21.543190,ok
C132645__X1B__Y21.jpg,0.764551,19.978522,ok
C132645__X1B__Y27.jpg,0.765898,20.224318,ok
C132645__X1B__Y2A.jpg,0.780861,23.134352,ok
C132645__X1B__Y2D.jpg,0.790040,20.560149,ok
C132645__X1E__Y1B.jpg,0.658380,17.430975,ok
C132645__X1E__Y1E.jpg,0.717827,20.303927,ok
C132645__X1E__Y21.jpg,0.768373,19.174901,ok
C132645__X21__Y03.jpg,0.902732,26.277455,ok
C132645__X21__Y15.jpg,0.803288,21.601967,ok
C132646__X21__Y1B.jpg,0.730600,19.185897,ok
C132646__X24__Y03.jpg,0.859986,24.698286,ok
C132646__X24__Y06.jpg,0.797194,22.334105,ok
C132646__X24__Y1E.jpg,0.734384,17.888745,ok
C132646__X27__Y03.jpg,0.844449,23.525262,ok
C132646__X27__Y09.jpg,0.781544,21.114432,ok
C132646__X27__Y15.jpg,0.725803,19.848709,ok
C132646__X2A__Y03.jpg,0.866598,23.237750,ok
C132646__X2A__Y09.jpg,0.772813,20.979512,ok
C132646__X2A__Y0C.jpg,0.780568,20.040004,ok
C132646__X2A__Y0F.jpg,0.773845,22.133744,ok
C132646__X2A__Y12.jpg,0.708351,18.952920,ok
C132646__X2A__Y15.jpg,0.722561,20.423491,ok
C132646__X2A__Y1E.jpg,0.749284,19.936849,ok
C132646__X2D__Y03.jpg,0.874234,25.058459,ok
C132646__X2D__Y06.jpg,0.776315,21.426476,ok
C132646__X2D__Y0C.jpg,0.770126,20.729151,ok
C132646__X2D__Y0F.jpg,0.805613,24.254035,ok
C132646__X2D__Y12.jpg,0.774994,22.181682,ok
C132646__X30__Y03.jpg,0.877550,26.397035,ok
C132646__X30__Y06.jpg,0.771169,19.433879,ok
C132646__X30__Y09.jpg,0.788982,21.409009,ok
C132646__X30__Y0F.jpg,0.805149,22.371256,ok
C132646__X30__Y12.jpg,0.717908,18.812104,ok
C132646__X33__Y03.jpg,0.856829,23.310205,ok
C132647__X33__Y06.jpg,0.809674,21.423894,ok
C132647__X33__Y09.jpg,0.796709,21.553967,ok
C132647__X33__Y0C.jpg,0.755567,20.580656,ok
C132647__X33__Y0F.jpg,0.750478,19.606364,ok
C132647__X36__Y03.jpg,0.872715,23.624261,ok
C132647__X36__Y06.jpg,0.840822,24.287144,ok
C132647__X39__Y03.jpg,0.949637,35.328249,ok
C132647__X39__Y06.jpg,0.897548,26.591869,ok
C132647__X39__Y0F.jpg,0.804690,18.848477,ok
C132647__X3C__Y06.jpg,0.834830,24.350079,ok
C132647__X3C__Y09.jpg,0.825667,21.241255,ok
C132647__X3F__Y09.jpg,0.887796,24.239770,ok
C132647__X42__Y09.jpg,0.908373,25.072267,ok
C132647__X42__Y0C.jpg,0.852954,22.374689,ok
C132647__X45__Y0F.jpg,0.847631,24.198997,ok
C132647__X45__Y12.jpg,0.793574,20.604750,ok
C132647__X12__Y27.jpg,0.904787,27.416748,ok
C132647__X15__Y21.jpg,0.816308,23.804806,ok
C132647__X15__Y27.jpg,0.869470,23.567421,ok
C132647__X15__Y2A.jpg,0.853115,23.107799,ok
C132647__X15__Y30.jpg,0.788911,18.928394,ok
C132647__X15__Y33.jpg,0.763181,20.435416,ok
C132647__X15__Y36.jpg,0.831299,23.964260,ok
C132647__X18__Y2A.jpg,0.854597,22.839378,ok
C132647__X18__Y36.jpg,0.838716,23.517256,ok
C132648__X18__Y39.jpg,0.782797,18.590321,ok
C132648__X1B__Y1B.jpg,0.841360,24.141695,ok
C132648__X1B__Y2A.jpg,0.856273,23.978802,ok
C132648__X1B__Y2D.jpg,0.795847,23.789164,ok
C132648__X1B__Y30.jpg,0.835809,21.149952,ok
C132648__X1B__Y33.jpg,0.768263,20.053202,ok
C132648__X1B__Y36.jpg,0.783746,20.923940,ok
C132648__X1B__Y39.jpg,0.780419,20.543875,ok
C132648__X1E__Y18.jpg,0.841638,24.044186,ok
C132648__X1E__Y1B.jpg,0.827115,22.029810,ok
C132648__X1E__Y21.jpg,0.840354,24.512137,ok
C132648__X1E__Y24.jpg,0.836083,23.823643,ok
C132648__X1E__Y27.jpg,0.786695,19.808957,ok
C132648__X1E__Y2A.jpg,0.820822,22.093325,ok
C132648__X1E__Y30.jpg,0.802285,21.730643,ok
C132648__X1E__Y36.jpg,0.741737,19.128415,ok
C132648__X1E__Y39.jpg,0.844544,21.783021,ok
C132648__X1E__Y3C.jpg,0.827834,24.022539,ok
C132648__X21__Y27.jpg,0.762674,19.045636,ok
C132648__X21__Y2A.jpg,0.835151,23.308428,ok
C132648__X21__Y2D.jpg,0.845839,19.447246,ok
C132648__X21__Y30.jpg,0.776676,20.524641,ok
C132648__X21__Y39.jpg,0.819719,22.163470,ok
C132648__X24__Y21.jpg,0.813221,20.725676,ok
C132648__X24__Y27.jpg,0.806227,22.254282,ok
C132649__X24__Y2D.jpg,0.822853,21.375857,ok
C132649__X24__Y33.jpg,0.755945,20.050954,ok
C132649__X24__Y36.jpg,0.797770,23.057361,ok
C132649__X24__Y39.jpg,0.823851,22.823763,ok
C132649__X27__Y18.jpg,0.852769,24.995462,ok
C132649__X27__Y1B.jpg,0.840978,22.523965,ok
C132649__X27__Y21.jpg,0.807902,19.917773,ok
C132649__X27__Y2A.jpg,0.813558,20.376030,ok
C132649__X27__Y2D.jpg,0.776950,21.565563,ok
C132649__X27__Y30.jpg,0.854991,22.288312,ok
C132649__X27__Y33.jpg,0.783004,22.861573,ok
C132649__X2A__Y1E.jpg,0.836464,21.810289,ok
C132649__X2A__Y2D.jpg,0.768704,18.343668,ok
C132649__X2D__Y2A.jpg,0.811179,20.236697,ok
C132649__X2D__Y33.jpg,0.723218,17.883382,ok
C132649__X2D__Y39.jpg,0.846269,23.953835,ok
C132649__X2D__Y3C.jpg,0.768000,19.746474,ok
C132649__X30__Y0F.jpg,0.728111,19.204843,ok
C132649__X30__Y1B.jpg,0.805343,21.437332,ok
C132649__X30__Y2A.jpg,0.788160,21.181105,ok
C132649__X30__Y39.jpg,0.822890,22.098942,ok
C132649__X30__Y3F.jpg,0.835846,21.008951,ok
C132649__X33__Y1B.jpg,0.767601,20.744898,ok
C132649__X33__Y24.jpg,0.810467,20.356289,ok
C132649__X33__Y2A.jpg,0.846868,23.716200,ok
C132650__X33__Y36.jpg,0.728947,18.643654,ok
C132650__X33__Y39.jpg,0.885074,25.243580,ok
C132650__X36__Y27.jpg,0.774361,21.334334,ok
C132650__X36__Y30.jpg,0.772082,20.281877,ok
C132650__X36__Y36.jpg,0.868452,21.637680,ok
C132650__X36__Y39.jpg,0.817729,21.745731,ok
C132650__X39__Y2A.jpg,0.797414,21.720403,ok
C132650__X39__Y2D.jpg,0.734707,19.470084,ok
C132650__X39__Y36.jpg,0.874789,23.960414,ok
C132650__X39__Y39.jpg,0.833936,23.137832,ok
C132650__X3C__Y1B.jpg,0.839038,23.391733,ok
C132650__X3C__Y27.jpg,0.802832,21.969450,ok
C132650__X3C__Y2A.jpg,0.771806,19.719388,ok
C132650__X3C__Y2D.jpg,0.807182,22.286364,ok
C132650__X3C__Y36.jpg,0.864145,24.223113,ok
C132650__X3F__Y2D.jpg,0.771851,21.583465,ok
C132650__X3F__Y33.jpg,0.875437,20.830569,ok
C132650__X3F__Y36.jpg,0.791909,21.167531,ok
C132650__X42__Y36.jpg,0.824997,20.352902,ok
C132650__X48__Y03.jpg,0.955983,33.868840,ok
C132650__X48__Y06.jpg,0.960579,35.103852,ok
C132650__X1E__Y18.jpg,0.808093,24.417789,ok
C132650__X1E__Y1B.jpg,0.766783,21.662271,ok
C132650__X21__Y18.jpg,0.789510,22.091631,ok
C132650__X21__Y1B.jpg,0.797761,23.834746,ok
C132651__X21__Y1E.jpg,0.796636,22.777837,ok
C132651__X21__Y21.jpg,0.809833,24.024893,ok
C132651__X21__Y24.jpg,0.705624,21.564463,ok
C132651__X21__Y27.jpg,0.867216,26.921003,ok
C132651__X24__Y12.jpg,0.831358,20.358880,ok
C132651__X24__Y15.jpg,0.794194,21.717266,ok
C132651__X24__Y18.jpg,0.811088,22.938987,ok
C132651__X24__Y1B.jpg,0.821462,22.586316,ok
C132651__X24__Y1E.jpg,0.753864,21.651081,ok
C132651__X24__Y21.jpg,0.817267,23.081810,ok
C132651__X24__Y24.jpg,0.754220,21.839715,ok
C132651__X24__Y27.jpg,0.797501,24.236442,ok
C132651__X27__Y0C.jpg,0.838015,22.550716,ok
C132651__X27__Y0F.jpg,0.885678,25.958794,ok
C132651__X27__Y12.jpg,0.830556,23.524148,ok
C132651__X27__Y18.jpg,0.683357,17.673426,ok
C132651__X27__Y1E.jpg,0.741832,19.896678,ok
C132651__X27__Y21.jpg,0.708977,21.609605,ok
C132651__X27__Y24.jpg,0.704727,20.210141,ok
C132651__X27__Y27.jpg,0.715100,21.690235,ok
C132651__X2A__Y0C.jpg,0.859227,25.010755,ok
C132651__X2A__Y0F.jpg,0.807689,23.292309,ok
C132651__X2A__Y12.jpg,0.739216,20.928933,ok
C132651__X2A__Y18.jpg,0.774299,22.483323,ok
C132651__X2A__Y1B.jpg,0.721588,20.202236,ok
C132652__X2A__Y21.jpg,0.817012,23.513471,ok
C132652__X2A__Y24.jpg,0.756574,20.478576,ok
C132652__X2A__Y27.jpg,0.760548,20.570688,ok
C132652__X2D__Y0C.jpg,0.859815,24.477319,ok
C132652__X2D__Y0F.jpg,0.789447,22.588702,ok
C132652__X2D__Y12.jpg,0.795927,22.161967,ok
C132652__X2D__Y15.jpg,0.727114,19.145941,ok
C132652__X2D__Y18.jpg,0.801939,22.054974,ok
C132652__X2D__Y1E.jpg,0.779383,22.263652,ok
C132652__X2D__Y21.jpg,0.771951,23.126526,ok
C132652__X2D__Y24.jpg,0.784818,22.389136,ok
C132652__X2D__Y27.jpg,0.710140,21.154790,ok
C132652__X30__Y0F.jpg,0.871780,25.113275,ok
C132652__X30__Y12.jpg,0.766220,22.497866,ok
C132652__X30__Y18.jpg,0.769231,21.697088,ok
C132652__X30__Y21.jpg,0.695654,18.234637,ok
C132652__X33__Y12.jpg,0.825951,23.380049,ok
C132652__X33__Y18.jpg,0.805159,22.348196,ok
C132652__X33__Y1E.jpg,0.717373,20.212406,ok
C132652__X36__Y12.jpg,0.778340,22.783028,ok
C132652__X36__Y18.jpg,0.799494,23.370838,ok
C132652__X36__Y1B.jpg,0.710736,20.270159,ok
C132652__X36__Y1E.jpg,0.739136,20.901296,ok
C132652__X39__Y18.jpg,0.722456,20.170043,ok
C132652__X39__Y24.jpg,0.714458,20.156824,ok
C132653__X39__Y27.jpg,0.692377,19.876195,ok
C132653__X39__Y2A.jpg,0.759313,20.314993,ok
C132653__X3C__Y1B.jpg,0.819138,23.054033,ok
C132653__X3C__Y21.jpg,0.669717,18.960327,ok
C132653__X3C__Y27.jpg,0.717853,20.618643,ok
C132653__X3C__Y2A.jpg,0.741637,22.079264,ok
C132653__X3C__Y2D.jpg,0.771788,22.455432,ok
C132653__X3F__Y1B.jpg,0.807187,21.327252,ok
C132653__X3F__Y27.jpg,0.751196,20.975622,ok
C132653__X3F__Y2A.jpg,0.845506,24.319620,ok
C132653__X3F__Y2D.jpg,0.790623,22.009476,ok
C132653__X3F__Y30.jpg,0.768868,20.646262,ok
C132653__X3F__Y33.jpg,0.812603,22.994402,ok
C132653__X3F__Y36.jpg,0.850353,23.643584,ok
C132653__X42__Y27.jpg,0.678501,18.385292,ok
C132653__X42__Y2A.jpg,0.781974,21.279007,ok
C132653__X42__Y2D.jpg,0.851521,23.265354,ok
C132653__X42__Y30.jpg,0.847052,23.921680,ok
C132653__X42__Y33.jpg,0.860704,24.640745,ok
C132653__X42__Y36.jpg,0.803111,22.217123,ok
C132653__X45__Y27.jpg,0.810329,20.112780,ok
C132653__X45__Y2A.jpg,0.775535,21.334098,ok
C132653__X45__Y2D.jpg,0.864967,25.093139,ok
C132653__X45__Y30.jpg,0.777931,21.364585,ok
C132653__X45__Y33.jpg,0.855700,22.632822,ok
C132654__X45__Y36.jpg,0.846413,25.854350,ok
C132654__X0F__Y1E.jpg,0.800222,22.537256,ok
C132654__X0F__Y21.jpg,0.796048,21.442156,ok
C132654__X0F__Y24.jpg,0.808217,22.631986,ok
C132654__X12__Y18.jpg,0.859010,24.971406,ok
C132654__X12__Y1B.jpg,0.815591,19.730586,ok
C132654__X12__Y1E.jpg,0.865696,24.649342,ok
C132654__X12__Y21.jpg,0.830440,22.935927,ok
C132654__X12__Y24.jpg,0.774425,21.492904,ok
C132654__X12__Y27.jpg,0.808583,20.406425,ok
C132654__X12__Y2D.jpg,0.794350,20.300707,ok
C132654__X15__Y15.jpg,0.840228,21.316412,ok
C132654__X15__Y18.jpg,0.734849,20.463401,ok
C132654__X15__Y1B.jpg,0.803892,22.684095,ok
C132654__X15__Y1E.jpg,0.846294,22.434814,ok
C132654__X15__Y24.jpg,0.881066,23.786229,ok
C132654__X15__Y2D.jpg,0.848882,21.750403,ok
C132654__X18__Y12.jpg,0.823816,23.044096,ok
C132654__X18__Y18.jpg,0.847373,23.785522,ok
C132654__X18__Y1E.jpg,0.826081,22.776616,ok
C132654__X18__Y21.jpg,0.796669,20.964659,ok
C132654__X18__Y24.jpg,0.795512,20.930033,ok
C132654__X18__Y27.jpg,0.814300,22.210197,ok
C132654__X18__Y2A.jpg,0.821397,20.290513,ok
C132654__X1B__Y15.jpg,0.807395,21.030866,ok
C132655__X1B__Y21.jpg,0.849647,23.743185,ok
C132655__X1B__Y24.jpg,0.814052,22.976481,ok
C132655__X1B__Y27.jpg,0.873774,25.363162,ok
C132655__X1B__Y30.jpg,0.762462,20.014226,ok
C132655__X1E__Y12.jpg,0.868124,25.219238,ok
C132655__X1E__Y1B.jpg,0.813186,19.063491,ok
C132655__X1E__Y21.jpg,0.849715,23.569948,ok
C132655__X1E__Y24.jpg,0.855412,23.144606,ok
C132655__X1E__Y2A.jpg,0.789324,21.252030,ok
C132655__X21__Y24.jpg,0.814352,23.050751,ok
C132655__X24__Y15.jpg,0.745492,20.518404,ok
C132655__X24__Y24.jpg,0.866348,24.957435,ok
C132655__X27__Y12.jpg,0.822036,22.257392,ok
C132655__X27__Y15.jpg,0.865873,24.436724,ok
C132655__X27__Y18.jpg,0.777336,20.194786,ok
C132655__X27__Y1B.jpg,0.806744,20.395386,ok
C132655__X27__Y1E.jpg,0.835353,23.374660,ok
C132655__X27__Y21.jpg,0.859842,23.477503,ok
C132655__X27__Y24.jpg,0.752316,19.396982,ok
C132655__X2A__Y12.jpg,0.786786,21.692218,ok
C132655__X2A__Y15.jpg,0.759722,20.867276,ok
C132655__X2A__Y18.jpg,0.786942,22.414811,ok
C132655__X2A__Y1B.jpg,0.793399,22.145792,ok
C132655__X2D__Y15.jpg,0.803163,22.802147,ok
C132655__X2D__Y18.jpg,0.845130,24.169557,ok
C132656__X2D__Y1B.jpg,0.861177,23.954659,ok
C132656__X2D__Y1E.jpg,0.821213,22.992836,ok
C132656__X30__Y18.jpg,0.812092,22.023908,ok
C132656__X30__Y1B.jpg,0.809998,21.961272,ok
C132656__X30__Y1E.jpg,0.724266,19.399409,ok
C132656__X30__Y21.jpg,0.777913,20.664012,ok
C132656__X30__Y24.jpg,0.809235,21.732034,ok
C132656__X30__Y27.jpg,0.828753,22.631981,ok
C132656__X33__Y15.jpg,0.861011,26.060575,ok
C132656__X33__Y1B.jpg,0.747627,20.364676,ok
C132656__X33__Y21.jpg,0.823488,22.131480,ok
C132656__X33__Y24.jpg,0.782691,22.556755,ok
C132656__X33__Y27.jpg,0.840346,23.760434,ok
C132656__X36__Y24.jpg,0.894997,24.179362,ok
C132656__X36__Y33.jpg,0.719610,17.812873,ok
C132656__X36__Y39.jpg,0.795126,20.593159,ok
C132656__X36__Y3C.jpg,0.824051,21.227838,ok
C132656__X39__Y24.jpg,0.849792,24.029937,ok
C132656__X39__Y27.jpg,0.803917,22.962558,ok
C132656__X39__Y2A.jpg,0.807764,21.853159,ok
C132656__X39__Y30.jpg,0.868158,24.982863,ok
C132656__X39__Y33.jpg,0.763262,20.522863,ok
C132656__X39__Y39.jpg,0.835561,23.271577,ok
C132656__X3C__Y24.jpg,0.786433,20.135320,ok
C132656__X3C__Y2A.jpg,0.856254,22.951011,ok
C132657__X3C__Y33.jpg,0.853678,23.585922,ok
C132657__X3C__Y36.jpg,0.817102,21.646490,ok
C132657__X3F__Y27.jpg,0.834535,22.268252,ok
C132657__X3F__Y33.jpg,0.843726,24.822125,ok
C132657__X42__Y30.jpg,0.868125,24.948687,ok
C132657__X45__Y2A.jpg,0.843177,23.477079,ok
C132657__X0C__Y1E.jpg,0.729447,18.881435,ok
C132657__X0F__Y1E.jpg,0.831163,22.364282,ok
C132657__X0F__Y21.jpg,0.861491,20.878565,ok
C132657__X0F__Y2D.jpg,0.729281,16.758724,ok
C132657__X12__Y1B.jpg,0.810991,18.854033,ok
C132657__X12__Y1E.jpg,0.729691,17.827163,ok
C132657__X12__Y2D.jpg,0.769940,19.671472,ok
C132657__X15__Y1E.jpg,0.774254,18.864673,ok
C132657__X15__Y21.jpg,0.785982,20.014376,ok
C132657__X18__Y1E.jpg,0.872539,24.848336,ok
C132657__X18__Y21.jpg,0.780100,19.872385,ok
C132657__X18__Y2D.jpg,0.825141,20.109647,ok
C132657__X1B__Y1E.jpg,0.833037,23.036652,ok
C132657__X1B__Y21.jpg,0.726614,19.011802,ok
C132657__X1B__Y27.jpg,0.831089,19.818713,ok
C132657__X1B__Y2D.jpg,0.714320,17.158919,ok
C132657__X1E__Y12.jpg,0.845617,18.718235,ok
C132657__X1E__Y1E.jpg,0.725974,18.614874,ok
C132657__X1E__Y2D.jpg,0.895396,24.143675,ok
C132658__X21__Y0F.jpg,0.844007,21.968615,ok
C132658__X21__Y1E.jpg,0.778825,19.781033,ok
C132658__X21__Y21.jpg,0.780396,20.108693,ok
C132658__X24__Y0F.jpg,0.877868,24.382789,ok
C132658__X24__Y12.jpg,0.740906,16.876450,ok
C132658__X24__Y1E.jpg,0.872005,24.857500,ok
C132658__X24__Y21.jpg,0.830554,22.615045,ok
C132658__X24__Y2A.jpg,0.809628,20.783479,ok
C132658__X24__Y2D.jpg,0.752820,19.634177,ok
C132658__X24__Y3C.jpg,0.814407,20.446077,ok
C132658__X27__Y06.jpg,0.793484,20.095534,ok
C132658__X27__Y09.jpg,0.819297,18.264577,ok
C132658__X27__Y1B.jpg,0.846709,20.541581,ok
C132658__X27__Y1E.jpg,0.854144,22.452612,ok
C132658__X27__Y21.jpg,0.819495,21.008938,ok
C132658__X27__Y2A.jpg,0.771114,19.989952,ok
C132658__X27__Y2D.jpg,0.897096,22.228078,ok
C132658__X27__Y3C.jpg,0.876090,25.096149,ok
C132658__X2A__Y06.jpg,0.905786,26.234398,ok
C132658__X2A__Y1E.jpg,0.870269,23.553296,ok
C132658__X2A__Y21.jpg,0.759645,17.861762,ok
C132658__X2A__Y2A.jpg,0.844703,21.492269,ok
C132658__X2A__Y2D.jpg,0.897220,23.542636,ok
C132658__X2A__Y3C.jpg,0.850074,24.179921,ok
C132658__X2D__Y09.jpg,0.887192,23.383156,ok
C132659__X2D__Y0C.jpg,0.828974,21.663777,ok
C132659__X2D__Y1E.jpg,0.829528,20.225179,ok
C132659__X2D__Y21.jpg,0.885361,23.802962,ok
C132659__X2D__Y2A.jpg,0.736907,17.653559,ok
C132659__X2D__Y2D.jpg,0.890277,22.988115,ok
C132659__X2D__Y3C.jpg,0.915054,27.614102,ok
C132659__X30__Y06.jpg,0.786982,19.788430,ok
C132659__X30__Y0C.jpg,0.891382,23.897620,ok
C132659__X30__Y0F.jpg,0.748513,17.382068,ok
C132659__X30__Y12.jpg,0.814289,20.096795,ok
C132659__X30__Y21.jpg,0.918918,27.297468,ok
C132659__X30__Y2D.jpg,0.878398,19.664599,ok
C132659__X30__Y3C.jpg,0.847837,24.182393,ok
C132659__X33__Y0C.jpg,0.750683,17.830532,ok
C132659__X33__Y0F.jpg,0.914295,25.599695,ok
C132659__X33__Y1E.jpg,0.862519,21.078471,ok
C132659__X33__Y21.jpg,0.795606,20.290838,ok
C132659__X33__Y2D.jpg,0.820451,20.456315,ok
C132659__X33__Y39.jpg,0.844145,20.203145,ok
C132659__X36__Y0C.jpg,0.870507,21.389706,ok
C132659__X36__Y1E.jpg,0.942005,30.090180,ok
C132659__X36__Y21.jpg,0.849288,21.079780,ok
C132659__X36__Y2D.jpg,0.763221,16.997401,ok
C132659__X39__Y1E.jpg,0.834447,21.060260,ok
C132659__X39__Y21.jpg,0.821097,21.080345,ok
C132660__X39__Y2D.jpg,0.866613,23.428084,ok
C132660__X3C__Y1E.jpg,0.713688,17.412600,ok
C132660__X3C__Y21.jpg,0.814825,20.582095,ok
C132660__X3C__Y2D.jpg,0.870918,22.859406,ok
C132660__X3C__Y39.jpg,0.826823,20.297900,ok
C132660__X3F__Y1E.jpg,0.824747,21.490654,ok
C132660__X3F__Y21.jpg,0.849020,23.978570,ok
C132660__X3F__Y2D.jpg,0.750701,18.748552,ok
C132660__X42__Y1E.jpg,0.780861,19.748422,ok
C132660__X42__Y21.jpg,0.804350,19.867372,ok
C132660__X42__Y2D.jpg,0.902598,22.239309,ok
C132660__X0C__Y15.jpg,0.909133,23.032311,ok
C132660__X0C__Y18.jpg,0.886619,22.547179,ok
C132660__X0C__Y1B.jpg,0.930823,28.592385,ok
C132660__X0C__Y2D.jpg,0.806254,18.446068,ok
C132660__X0F__Y1B.jpg,0.930557,22.877117,ok
C132660__X12__Y2D.jpg,0.858720,19.696653,ok
C132660__X12__Y30.jpg,0.899376,24.688389,ok
C132660__X12__Y36.jpg,0.956616,29.874352,ok
C132660__X15__Y15.jpg,0.902749,21.002762,ok
C132660__X15__Y18.jpg,0.927075,25.925833,ok
C132660__X15__Y33.jpg,0.910007,22.139229,ok
C132660__X18__Y18.jpg,0.934022,24.495350,ok
C132660__X18__Y1B.jpg,0.898169,20.500950,ok
C132660__X18__Y21.jpg,0.907759,21.747612,ok
C132661__X1B__Y24.jpg,0.920884,23.386407,ok
C132661__X1E__Y18.jpg,0.922849,27.246401,ok
C132661__X1E__Y1B.jpg,0.825501,19.959385,ok
C132661__X1E__Y1E.jpg,0.910911,23.228716,ok
C132661__X1E__Y21.jpg,0.938643,26.099283,ok
C132661__X1E__Y24.jpg,0.951133,26.631706,ok
C132661__X1E__Y27.jpg,0.883723,19.932515,ok
C132661__X1E__Y2A.jpg,0.849292,19.668991,ok
C132661__X1E__Y2D.jpg,0.788877,17.650117,ok
C132661__X1E__Y30.jpg,0.879440,19.254449,ok
C132661__X1E__Y3C.jpg,0.861896,18.986687,ok
C132661__X21__Y03.jpg,0.939940,30.357231,ok
C132661__X21__Y09.jpg,0.905601,22.608464,ok
C132661__X21__Y15.jpg,0.892117,21.771579,ok
C132661__X21__Y18.jpg,0.920029,29.973535,ok
C132661__X21__Y21.jpg,0.897651,24.281479,ok
C132661__X21__Y24.jpg,0.837777,19.162916,ok
C132661__X21__Y2A.jpg,0.930169,25.174399,ok
C132661__X24__Y15.jpg,0.921785,25.818092,ok
C132661__X24__Y18.jpg,0.853284,22.816049,ok
C132661__X24__Y21.jpg,0.819934,19.209543,ok
C132661__X24__Y24.jpg,0.910069,24.261622,ok
C132661__X24__Y27.jpg,0.880894,21.671655,ok
C132661__X24__Y33.jpg,0.940392,26.282798,ok
C132661__X24__Y3F.jpg,0.892460,20.172030,ok
C132662__X27__Y09.jpg,0.936454,26.671412,ok
C132662__X27__Y0C.jpg,0.870340,21.715393,ok
C132662__X27__Y15.jpg,0.934549,25.479549,ok
C132662__X27__Y18.jpg,0.911267,20.778026,ok
C132662__X27__Y1B.jpg,0.902185,21.900402,ok
C132662__X27__Y1E.jpg,0.868262,21.963697,ok
C132662__X27__Y21.jpg,0.949009,28.501132,ok
C132662__X27__Y24.jpg,0.887965,22.813655,ok
C132662__X27__Y27.jpg,0.930096,26.146208,ok
C132662__X27__Y30.jpg,0.910543,22.620963,ok
C132662__X27__Y33.jpg,0.850439,19.942494,ok
C132662__X27__Y36.jpg,0.914441,24.471035,ok
C132662__X2A__Y15.jpg,0.846782,18.672950,ok
C132662__X2A__Y1E.jpg,0.911305,23.799598,ok
C132662__X2A__Y21.jpg,0.908149,26.872602,ok
C132662__X2A__Y24.jpg,0.878590,21.749408,ok
C132662__X2A__Y30.jpg,0.917737,24.221218,ok
C132662__X2A__Y33.jpg,0.941800,25.862657,ok
C132662__X2A__Y3F.jpg,0.924612,27.437100,ok
C132662__X2D__Y39.jpg,0.884937,21.614657,ok
C132662__X2D__Y3C.jpg,0.903756,23.610465,ok
C132662__X2D__Y3F.jpg,0.886000,22.498436,ok
C132662__X30__Y15.jpg,0.944658,24.888454,ok
C132662__X30__Y18.jpg,0.909294,23.336796,ok
C132662__X30__Y1B.jpg,0.914043,22.218623,ok
C132663__X30__Y21.jpg,0.904638,24.352772,ok
C132663__X30__Y24.jpg,0.930798,23.821340,ok
C132663__X30__Y2D.jpg,0.925264,21.717142,ok
C132663__X30__Y39.jpg,0.907253,21.711297,ok
C132663__X30__Y3C.jpg,0.887656,22.008110,ok
C132663__X33__Y21.jpg,0.874473,20.752440,ok
C132663__X33__Y30.jpg,0.942891,24.953470,ok
C132663__X33__Y36.jpg,0.811048,17.883272,ok
C132663__X36__Y2D.jpg,0.875584,22.040962,ok
C132663__X36__Y39.jpg,0.873426,18.592492,ok
C132663__X39__Y24.jpg,0.880000,20.879115,ok
C132663__X39__Y2A.jpg,0.915712,22.479391,ok
C132663__X39__Y2D.jpg,0.849369,20.755234,ok
C132663__X3C__Y15.jpg,0.941563,24.885751,ok
C132663__X3C__Y30.jpg,0.947999,25.816978,ok
C132663__X3F__Y24.jpg,0.912982,21.326787,ok
C132663__X06__Y1E.jpg,0.885062,29.416162,ok
C132663__X06__Y21.jpg,0.889541,29.939276,ok
C132663__X06__Y27.jpg,0.928945,30.485974,ok
C132663__X09__Y15.jpg,0.825467,21.272220,ok
C132663__X09__Y21.jpg,0.832234,19.667301,ok
C132663__X09__Y2D.jpg,0.899922,27.696995,ok
C132663__X0C__Y0F.jpg,0.734412,17.481417,ok
C132663__X0C__Y33.jpg,0.914231,30.528546,ok
C132663__X15__Y3C.jpg,0.924043,30.586641,ok
C132664__X18__Y3C.jpg,0.885946,23.643432,ok
C132664__X1B__Y03.jpg,0.769171,18.458330,ok
C132664__X1B__Y3C.jpg,0.846407,20.988009,ok
C132664__X1E__Y3C.jpg,0.810188,17.085126,ok
C132664__X21__Y3C.jpg,0.855158,21.422938,ok
C132664__X21__Y3F.jpg,0.840303,22.095047,ok
C132664__X21__Y42.jpg,0.802125,19.104507,ok
C132664__X24__Y3C.jpg,0.663784,15.686908,ok
C132664__X24__Y3F.jpg,0.881500,22.688787,ok
C132664__X27__Y3C.jpg,0.761203,18.392005,ok
C132664__X27__Y3F.jpg,0.836923,22.007070,ok
C132664__X2A__Y30.jpg,0.658033,15.862519,ok
C132664__X2A__Y3C.jpg,0.828930,21.649094,ok
C132664__X2A__Y3F.jpg,0.871104,21.214572,ok
C132664__X2D__Y3C.jpg,0.812194,21.342355,ok
C132664__X2D__Y3F.jpg,0.734138,18.996754,ok
C132664__X30__Y03.jpg,0.786973,18.337507,ok
C132664__X30__Y3C.jpg,0.806682,18.121329,ok
C132664__X30__Y3F.jpg,0.931402,28.231609,ok
C132664__X33__Y36.jpg,0.687459,16.523762,ok
C132664__X33__Y3C.jpg,0.892107,21.078217,ok
C132664__X36__Y06.jpg,0.645063,14.621926,ok
C132664__X36__Y30.jpg,0.733521,18.614396,ok
C132664__X36__Y36.jpg,0.818568,19.824738,ok
C132664__X36__Y39.jpg,0.855417,21.819736,ok
C132665__X39__Y2D.jpg,0.697724,18.460037,ok
C132665__X39__Y30.jpg,0.794539,20.842356,ok
C132665__X39__Y33.jpg,0.818232,20.679968,ok
C132665__X39__Y36.jpg,0.735932,16.188942,ok
C132665__X39__Y39.jpg,0.917775,25.712304,ok
C132665__X3C__Y2A.jpg,0.635273,14.436090,ok
C132665__X3C__Y2D.jpg,0.785366,20.661442,ok
C132665__X3C__Y30.jpg,0.790078,20.714046,ok
C132665__X3C__Y33.jpg,0.822577,20.862381,ok
C132665__X3C__Y36.jpg,0.891668,21.855190,ok
C132665__X3F__Y12.jpg,0.770937,19.659388,ok
C132665__X3F__Y21.jpg,0.686530,17.203271,ok
C132665__X3F__Y24.jpg,0.694067,18.257075,ok
C132665__X3F__Y2D.jpg,0.851892,25.544391,ok
C132665__X3F__Y30.jpg,0.829352,20.933957,ok
C132665__X42__Y12.jpg,0.775605,19.539058,ok
C132665__X42__Y15.jpg,0.772074,18.551306,ok
C132665__X42__Y21.jpg,0.753972,18.949446,ok
C132665__X42__Y24.jpg,0.708530,17.502195,ok
C132665__X42__Y27.jpg,0.793846,18.122487,ok
C132665__X42__Y2A.jpg,0.769640,18.405611,ok
C132665__X42__Y2D.jpg,0.789641,20.672495,ok
C132665__X45__Y1E.jpg,0.786706,17.807470,ok
C132665__X45__Y21.jpg,0.819443,20.445903,ok
C132665__X48__Y03.jpg,0.953011,30.363016,ok
C132666__X48__Y06.jpg,0.958890,34.254517,ok
C132666__X48__Y09.jpg,0.955413,32.635035,ok
C132666__X48__Y0C.jpg,0.957084,31.605553,ok
C132666__X48__Y0F.jpg,0.959753,34.378583,ok
C132666__X48__Y12.jpg,0.956368,31.239099,ok
C132666__X48__Y15.jpg,0.946560,31.706790,ok
C132666__X48__Y18.jpg,0.957655,32.367035,ok
C132666__X48__Y1B.jpg,0.957556,33.477358,ok
C132666__X48__Y1E.jpg,0.942199,24.606458,ok
C132666__X48__Y21.jpg,0.955746,32.450452,ok
C132666__X48__Y24.jpg,0.947907,29.962519,ok
C132666__X48__Y27.jpg,0.951645,31.778186,ok
C132666__X48__Y2A.jpg,0.952868,29.648907,ok
C132666__X48__Y2D.jpg,0.945157,25.760620,ok
C132666__X48__Y30.jpg,0.933655,21.651785,ok
C132666__X48__Y33.jpg,0.944595,27.958455,ok
C132666__X48__Y36.jpg,0.946871,26.498484,ok
C132666__X48__Y39.jpg,0.955750,33.312866,ok
C132666__X48__Y3C.jpg,0.960198,33.613103,ok
C132666__X48__Y3F.jpg,0.958909,34.224388,ok
C132666__X48__Y42.jpg,0.961201,34.072967,ok
C132666__X09__Y1B.jpg,0.922195,22.054625,ok
C132666__X0C__Y0F.jpg,0.945875,25.658489,ok
C132666__X0F__Y0C.jpg,0.891034,20.316732,ok
C132666__X0F__Y0F.jpg,0.862791,19.491052,ok
C132667__X0F__Y2D.jpg,0.722206,15.113000,ok
C132667__X15__Y03.jpg,0.870850,22.783155,ok
C132667__X15__Y06.jpg,0.858583,16.980164,ok
C132667__X15__Y39.jpg,0.861085,19.247407,ok
C132667__X18__Y03.jpg,0.860297,22.584966,ok
C132667__X18__Y06.jpg,0.898744,21.181414,ok
C132667__X1B__Y03.jpg,0.820119,19.459615,ok
C132667__X1B__Y39.jpg,0.757544,15.063110,ok
C132667__X1E__Y03.jpg,0.915390,25.491633,ok
C132667__X1E__Y3C.jpg,0.780665,15.944904,ok
C132667__X21__Y03.jpg,0.860334,21.312092,ok
C132667__X21__Y3C.jpg,0.812917,18.528684,ok
C132667__X24__Y03.jpg,0.833198,19.236290,ok
C132667__X24__Y1E.jpg,0.802257,17.516432,ok
C132667__X24__Y3C.jpg,0.803083,17.669804,ok
C132667__X27__Y03.jpg,0.820204,20.144840,ok
C132667__X27__Y1E.jpg,0.744297,17.038249,ok
C132667__X27__Y2D.jpg,0.715457,14.374704,ok
C132667__X27__Y39.jpg,0.740415,15.310276,ok
C132667__X27__Y3C.jpg,0.816194,19.227751,ok
C132667__X2A__Y03.jpg,0.844412,21.711901,ok
C132667__X2A__Y1E.jpg,0.683641,16.124683,ok
C132667__X2A__Y3C.jpg,0.771654,17.671045,ok
C132667__X2D__Y03.jpg,0.909459,26.174167,ok
C132667__X2D__Y06.jpg,0.810193,18.550375,ok
C132668__X2D__Y0F.jpg,0.768980,16.674601,ok
C132668__X2D__Y1E.jpg,0.760767,16.270394,ok
C132668__X2D__Y3C.jpg,0.816563,18.257394,ok
C132668__X30__Y03.jpg,0.927015,30.260729,ok
C132668__X30__Y0C.jpg,0.828117,18.713859,ok
C132668__X30__Y0F.jpg,0.835012,20.319973,ok
C132668__X30__Y39.jpg,0.859215,18.948079,ok
C132668__X30__Y3C.jpg,0.838422,19.940218,ok
C132668__X33__Y03.jpg,0.946889,30.650691,ok
C132668__X33__Y0F.jpg,0.831929,20.009861,ok
C132668__X33__Y12.jpg,0.832413,18.876826,ok
C132668__X33__Y39.jpg,0.784942,17.201771,ok
C132668__X36__Y03.jpg,0.898970,24.939616,ok
C132668__X36__Y3C.jpg,0.878579,20.079679,ok
C132668__X39__Y03.jpg,0.885836,22.735933,ok
C132668__X39__Y06.jpg,0.892552,22.609429,ok
C132668__X39__Y39.jpg,0.882899,20.594748,ok
C132668__X39__Y3C.jpg,0.837415,17.790378,ok
C132668__X3C__Y06.jpg,0.907537,18.746882,ok
C132668__X3C__Y36.jpg,0.847667,17.727646,ok
C132668__X3C__Y39.jpg,0.878534,21.052454,ok
C132668__X3F__Y09.jpg,0.920788,20.627587,ok
C132668__X3F__Y36.jpg,0.888795,18.514976,ok
C132668__X42__Y0C.jpg,0.914769,20.427064,ok
C132668__X42__Y0F.jpg,0.766680,16.452796,ok
C132669__X42__Y1E.jpg,0.845023,17.299989,ok
C132669__X42__Y2A.jpg,0.864651,19.883698,ok
C132669__X42__Y2D.jpg,0.860797,20.679144,ok
C132669__X42__Y30.jpg,0.898170,20.407760,ok
C132669__X45__Y12.jpg,0.888192,19.267650,ok
C132669__X45__Y1E.jpg,0.834878,18.654525,ok
C132669__X45__Y27.jpg,0.885692,19.871784,ok
C132669__X45__Y2A.jpg,0.891272,24.825191,ok
C132669__X45__Y2D.jpg,0.917825,26.058315,ok
C132669__X48__Y03.jpg,0.950780,36.411916,ok
C132669__X48__Y06.jpg,0.945513,35.818910,ok
C132669__X48__Y09.jpg,0.953817,35.875232,ok
C132669__X48__Y0C.jpg,0.951458,35.080845,ok
C132669__X48__Y0F.jpg,0.939108,33.393218,ok
C132669__X48__Y12.jpg,0.939471,26.808808,ok
C132669__X48__Y15.jpg,0.940018,28.223989,ok
C132669__X48__Y18.jpg,0.908095,18.887777,ok
C132669__X48__Y2A.jpg,0.900126,21.565310,ok
C132669__X48__Y2D.jpg,0.900564,19.806615,ok
C132669__X48__Y30.jpg,0.949374,33.093040,ok
C132669__X48__Y33.jpg,0.943033,28.636430,ok
C132669__X48__Y36.jpg,0.943391,28.722868,ok
C132669__X48__Y39.jpg,0.951897,34.371652,ok
C132669__X48__Y3C.jpg,0.954569,34.976788,ok
C132669__X48__Y3F.jpg,0.951750,35.658304,ok
C132670__X48__Y42.jpg,0.952023,35.434625,ok
C132670__X0F__Y15.jpg,0.837123,21.691116,ok
C132670__X0F__Y18.jpg,0.835272,19.472258,ok
C132670__X0F__Y21.jpg,0.806816,18.890589,ok
C132670__X12__Y12.jpg,0.848260,21.097006,ok
C132670__X12__Y15.jpg,0.867441,18.792038,ok
C132670__X15__Y0F.jpg,0.757173,18.131638,ok
C132670__X15__Y12.jpg,0.798100,19.714108,ok
C132670__X15__Y18.jpg,0.824384,19.680201,ok
C132670__X15__Y1E.jpg,0.690537,17.436524,ok
C132670__X18__Y09.jpg,0.772994,17.511634,ok
C132670__X18__Y12.jpg,0.786467,21.350389,ok
C132670__X18__Y15.jpg,0.739738,18.002197,ok
C132670__X18__Y24.jpg,0.818473,20.714684,ok
C132670__X1B__Y09.jpg,0.817035,21.161169,ok
C132670__X1B__Y0F.jpg,0.818036,21.124020,ok
C132670__X1B__Y12.jpg,0.799354,19.432637,ok
C132670__X1B__Y15.jpg,0.727487,19.110357,ok
C132670__X1B__Y21.jpg,0.697566,17.927569,ok
C132670__X1B__Y24.jpg,0.759510,18.112831,ok
C132670__X1E__Y09.jpg,0.931613,26.156010,ok
C132670__X1E__Y0F.jpg,0.778300,19.949899,ok
C132670__X1E__Y12.jpg,0.840552,21.147843,ok
C132670__X1E__Y15.jpg,0.807389,20.560617,ok
C132670__X1E__Y18.jpg,0.752397,17.861853,ok
C132671__X1E__Y1E.jpg,0.746833,18.408667,ok
C132671__X1E__Y21.jpg,0.694143,18.866343,ok
C132671__X21__Y06.jpg,0.855323,23.043089,ok
C132671__X21__Y15.jpg,0.813299,17.593955,ok
C132671__X21__Y1E.jpg,0.752152,18.207835,ok
C132671__X21__Y21.jpg,0.790662,21.434556,ok
C132671__X21__Y24.jpg,0.801867,18.740062,ok
C132671__X24__Y06.jpg,0.815174,20.472591,ok
C132671__X24__Y18.jpg,0.733844,17.531427,ok
C132671__X27__Y12.jpg,0.849476,20.095369,ok
C132671__X27__Y18.jpg,0.829252,21.201187,ok
C132671__X27__Y1B.jpg,0.723916,17.813824,ok
C132671__X27__Y1E.jpg,0.777728,18.569802,ok
C132671__X27__Y21.jpg,0.656049,17.791777,ok
C132671__X27__Y24.jpg,0.757571,18.465036,ok
C132671__X27__Y2D.jpg,0.818069,18.873390,ok
C132671__X2A__Y06.jpg,0.834728,20.227404,ok
C132671__X2A__Y12.jpg,0.773429,19.599124,ok
C132671__X2A__Y15.jpg,0.663235,16.235839,ok
C132671__X2A__Y18.jpg,0.835651,18.200384,ok
C132671__X2A__Y21.jpg,0.740249,18.764091,ok
C132671__X2A__Y24.jpg,0.786660,21.026306,ok
C132671__X2A__Y30.jpg,0.684817,16.861282,ok
C132671__X2D__Y12.jpg,0.869606,22.365570,ok
C132671__X2D__Y15.jpg,0.699378,17.896195,ok
C132672__X2D__Y1E.jpg,0.748664,20.103846,ok
C132672__X2D__Y21.jpg,0.813357,21.456738,ok
C132672__X2D__Y24.jpg,0.761931,18.357641,ok
C132672__X2D__Y2D.jpg,0.840172,19.498508,ok
C132672__X2D__Y30.jpg,0.797872,21.019451,ok
C132672__X30__Y12.jpg,0.805462,20.722922,ok
C132672__X30__Y15.jpg,0.734983,17.860192,ok
C132672__X30__Y1E.jpg,0.750170,18.809169,ok
C132672__X30__Y21.jpg,0.624800,16.747532,ok
C132672__X30__Y24.jpg,0.755499,17.974352,ok
C132672__X30__Y30.jpg,0.744081,18.940148,ok
C132672__X33__Y15.jpg,0.848911,22.889726,ok
C132672__X33__Y21.jpg,0.795415,21.083033,ok
C132672__X33__Y24.jpg,0.859169,20.264217,ok
C132672__X33__Y2D.jpg,0.743593,18.043764,ok
C132672__X36__Y12.jpg,0.738691,18.794957,ok
C132672__X36__Y15.jpg,0.782335,20.346559,ok
C132672__X36__Y21.jpg,0.768754,20.378410,ok
C132672__X36__Y24.jpg,0.781294,18.746185,ok
C132672__X36__Y30.jpg,0.717171,18.086562,ok
C132672__X39__Y15.jpg,0.762132,19.287216,ok
C132672__X39__Y21.jpg,0.774055,19.543551,ok
C132672__X39__Y24.jpg,0.791865,19.154503,ok
C132672__X39__Y2D.jpg,0.674570,16.243793,ok
C132672__X39__Y33.jpg,0.839745,22.254735,ok
C132673__X3C__Y12.jpg,0.784821,18.943793,ok
C132673__X3C__Y15.jpg,0.810315,21.320129,ok
C132673__X3C__Y1E.jpg,0.826115,18.283514,ok
C132673__X3C__Y21.jpg,0.716230,15.752027,ok
C132673__X3C__Y24.jpg,0.806348,20.016842,ok
C132673__X3F__Y24.jpg,0.760766,17.308708,ok
C132673__X03__Y27.jpg,0.831127,21.586134,ok
C132673__X03__Y2D.jpg,0.881456,26.761816,ok
C132673__X06__Y1B.jpg,0.761270,19.093227,ok
C132673__X06__Y1E.jpg,0.753372,18.978380,ok
C132673__X06__Y21.jpg,0.824063,19.621034,ok
C132673__X06__Y2D.jpg,0.828614,22.122972,ok
C132673__X09__Y1E.jpg,0.756257,18.844014,ok
C132673__X09__Y21.jpg,0.715144,19.349864,ok
C132673__X09__Y2A.jpg,0.770136,19.658715,ok
C132673__X09__Y2D.jpg,0.749821,18.814326,ok
C132673__X0C__Y12.jpg,0.762598,18.705448,ok
C132673__X0C__Y15.jpg,0.678065,17.354309,ok
C132673__X0C__Y1B.jpg,0.722055,18.745082,ok
C132673__X0C__Y1E.jpg,0.727846,18.311738,ok
C132673__X0C__Y21.jpg,0.716077,18.207402,ok
C132673__X0C__Y27.jpg,0.713270,15.942029,ok
C132673__X0C__Y2A.jpg,0.661698,17.969937,ok
C132673__X0C__Y2D.jpg,0.765065,20.366850,ok
C132673__X0C__Y30.jpg,0.751401,19.510999,ok
C132674__X0C__Y33.jpg,0.777249,20.281669,ok
C132674__X0F__Y15.jpg,0.704452,16.285802,ok
C132674__X0F__Y1E.jpg,0.688419,18.277666,ok
C132674__X0F__Y2A.jpg,0.752046,19.245806,ok
C132674__X0F__Y2D.jpg,0.723675,18.161778,ok
C132674__X12__Y1E.jpg,0.717785,18.084233,ok
C132674__X12__Y21.jpg,0.730015,18.315248,ok
C132674__X12__Y2D.jpg,0.733680,20.438775,ok
C132674__X12__Y30.jpg,0.800335,21.211761,ok
C132674__X15__Y1E.jpg,0.685917,17.721953,ok
C132674__X15__Y2D.jpg,0.735831,19.553445,ok
C132674__X18__Y06.jpg,0.813572,20.221631,ok
C132674__X18__Y0C.jpg,0.721645,16.900323,ok
C132674__X18__Y12.jpg,0.786040,19.115903,ok
C132674__X18__Y2D.jpg,0.750670,19.955905,ok
C132674__X1B__Y0C.jpg,0.707361,18.571496,ok
C132674__X1B__Y1E.jpg,0.773455,19.547430,ok
C132674__X1B__Y2D.jpg,0.726342,18.165682,ok
C132674__X1E__Y03.jpg,0.765173,19.102275,ok
C132674__X1E__Y0C.jpg,0.703600,17.794897,ok
C132674__X1E__Y1B.jpg,0.783871,20.395177,ok
C132674__X21__Y03.jpg,0.835338,22.932780,ok
C132674__X21__Y06.jpg,0.690402,17.951053,ok
C132674__X21__Y1E.jpg,0.743821,19.928083,ok
C132674__X24__Y06.jpg,0.732274,18.110468,ok
C132675__X24__Y0F.jpg,0.759606,18.979919,ok
C132675__X24__Y1E.jpg,0.846782,22.089821,ok
C132675__X27__Y03.jpg,0.797710,19.459333,ok
C132675__X27__Y0F.jpg,0.664712,17.631915,ok
C132675__X27__Y12.jpg,0.732989,17.574429,ok
C132675__X27__Y1E.jpg,0.807304,19.515348,ok
C132675__X27__Y21.jpg,0.717498,17.375769,ok
C132675__X2A__Y09.jpg,0.719369,18.632775,ok
C132675__X2A__Y0F.jpg,0.749623,20.241092,ok
C132675__X2A__Y12.jpg,0.660274,17.441136,ok
C132675__X2A__Y1E.jpg,0.706798,17.059738,ok
C132675__X2A__Y21.jpg,0.738787,19.081078,ok
C132675__X2A__Y36.jpg,0.771739,19.377723,ok
C132675__X2A__Y3C.jpg,0.779978,20.227702,ok
C132675__X2D__Y06.jpg,0.757736,18.117033,ok
C132675__X2D__Y0C.jpg,0.744419,19.777249,ok
C132675__X2D__Y3C.jpg,0.797763,22.321087,ok
C132675__X30__Y0C.jpg,0.717351,18.230873,ok
C132675__X30__Y21.jpg,0.837230,20.630873,ok
C132675__X33__Y06.jpg,0.830585,20.347085,ok
C132675__X33__Y0C.jpg,0.834067,18.773893,ok
C132675__X33__Y39.jpg,0.786232,17.930330,ok
C132675__X36__Y0F.jpg,0.722613,18.406949,ok
C132675__X36__Y12.jpg,0.742533,18.378457,ok
C132675__X36__Y15.jpg,0.735317,19.621803,ok
C132676__X39__Y0F.jpg,0.726157,18.260725,ok
C132676__X39__Y12.jpg,0.772563,18.953662,ok
C132676__X39__Y2D.jpg,0.811482,19.834334,ok
C132676__X39__Y30.jpg,0.793399,19.858130,ok
C132676__X3C__Y0F.jpg,0.778939,19.432240,ok
C132676__X3C__Y1E.jpg,0.756698,18.422781,ok
C132676__X3C__Y2D.jpg,0.815842,21.032270,ok
C132676__X3C__Y30.jpg,0.821697,21.489216,ok
C132676__X3F__Y12.jpg,0.754396,17.262786,ok
C132676__X3F__Y2D.jpg,0.787240,19.095703,ok
C132676__X42__Y1E.jpg,0.781349,19.188645,ok
C132676__X09__Y18.jpg,0.878911,26.654543,ok
C132676__X09__Y1B.jpg,0.749432,21.273251,ok
C132676__X09__Y1E.jpg,0.782849,21.794051,ok
C132676__X09__Y21.jpg,0.815944,24.843408,ok
C132676__X09__Y24.jpg,0.758922,23.257990,ok
C132676__X09__Y27.jpg,0.848005,25.776787,ok
C132676__X0C__Y12.jpg,0.905770,29.845772,ok
C132676__X0C__Y15.jpg,0.846757,23.719182,ok
C132676__X0C__Y18.jpg,0.836996,23.970440,ok
C132676__X0C__Y1B.jpg,0.733277,21.124410,ok
C132676__X0C__Y1E.jpg,0.703902,20.297173,ok
C132676__X0C__Y21.jpg,0.686134,18.885266,ok
C132676__X0C__Y24.jpg,0.725220,20.806912,ok
C132676__X0C__Y27.jpg,0.669858,20.239834,ok
C132677__X0C__Y2A.jpg,0.706128,19.441258,ok
C132677__X0C__Y2D.jpg,0.751519,19.635760,ok
C132677__X0C__Y30.jpg,0.845422,23.411873,ok
C132677__X0F__Y0F.jpg,0.856659,24.967384,ok
C132677__X0F__Y12.jpg,0.838337,22.116220,ok
C132677__X0F__Y15.jpg,0.766026,20.690042,ok
C132677__X0F__Y18.jpg,0.724295,20.315100,ok
C132677__X0F__Y30.jpg,0.731601,19.872294,ok
C132677__X0F__Y33.jpg,0.648987,18.888663,ok
C132677__X0F__Y36.jpg,0.795299,21.812251,ok
C132677__X12__Y0F.jpg,0.915804,23.931951,ok
C132677__X12__Y33.jpg,0.669108,19.585454,ok
C132677__X12__Y39.jpg,0.790401,20.066290,ok
C132677__X15__Y0C.jpg,0.901408,26.666529,ok
C132677__X15__Y33.jpg,0.816513,23.175627,ok
C132677__X15__Y36.jpg,0.708659,19.038118,ok
C132677__X18__Y09.jpg,0.856274,20.451416,ok
C132677__X18__Y0C.jpg,0.676861,17.601141,ok
C132677__X1B__Y09.jpg,0.802709,23.198797,ok
C132677__X1B__Y42.jpg,0.893418,27.607087,ok
C132677__X1E__Y06.jpg,0.909543,28.247668,ok
C132677__X1E__Y09.jpg,0.696751,20.663997,ok
C132677__X1E__Y42.jpg,0.866492,25.817485,ok
C132677__X21__Y06.jpg,0.794063,22.241684,ok
C132677__X21__Y09.jpg,0.726181,21.107494,ok
C132678__X21__Y42.jpg,0.790321,23.193585,ok
C132678__X24__Y06.jpg,0.866405,26.327976,ok
C132678__X24__Y09.jpg,0.700647,20.307868,ok
C132678__X27__Y06.jpg,0.888645,27.040249,ok
C132678__X27__Y09.jpg,0.758965,21.790342,ok
C132678__X27__Y42.jpg,0.755348,19.881475,ok
C132678__X2A__Y06.jpg,0.863517,27.298194,ok
C132678__X2A__Y09.jpg,0.739291,20.977298,ok
C132678__X2A__Y42.jpg,0.811377,25.350275,ok
C132678__X2D__Y06.jpg,0.887135,27.061542,ok
C132678__X2D__Y09.jpg,0.738721,19.417531,ok
C132678__X2D__Y42.jpg,0.815783,24.778381,ok
C132678__X30__Y09.jpg,0.851867,25.900251,ok
C132678__X30__Y0C.jpg,0.751054,21.306967,ok
C132678__X30__Y42.jpg,0.843424,24.827963,ok
C132678__X33__Y09.jpg,0.912297,29.911917,ok
C132678__X33__Y0C.jpg,0.745746,22.732057,ok
C132678__X33__Y3F.jpg,0.774122,22.611699,ok
C132678__X33__Y42.jpg,0.806991,23.501132,ok
C132678__X36__Y0C.jpg,0.804188,22.989412,ok
C132678__X36__Y0F.jpg,0.751103,20.862728,ok
C132678__X36__Y3F.jpg,0.842109,25.242284,ok
C132678__X39__Y0F.jpg,0.902968,27.824182,ok
C132678__X39__Y12.jpg,0.659793,18.955318,ok
C132678__X39__Y3C.jpg,0.853322,23.300203,ok
C132679__X3C__Y12.jpg,0.844246,22.428600,ok
C132679__X3C__Y15.jpg,0.843554,23.281256,ok
C132679__X3C__Y39.jpg,0.655781,19.595983,ok
C132679__X3C__Y3C.jpg,0.769722,19.713236,ok
C132679__X3F__Y18.jpg,0.812404,20.921122,ok
C132679__X3F__Y36.jpg,0.775749,20.429129,ok
C132679__X3F__Y39.jpg,0.802180,21.651541,ok
C132679__X42__Y1B.jpg,0.836122,22.479417,ok
C132679__X42__Y1E.jpg,0.796569,22.638693,ok
C132679__X42__Y21.jpg,0.761189,20.672790,ok
C132679__X42__Y2D.jpg,0.631166,17.598935,ok
C132679__X42__Y33.jpg,0.862432,23.541601,ok
C132679__X45__Y24.jpg,0.798972,21.059365,ok
C132679__X45__Y27.jpg,0.757682,20.753680,ok
C132679__X45__Y2A.jpg,0.811603,24.630750,ok
C132679__X45__Y2D.jpg,0.939090,31.491380,ok
C132679__X0C__Y2D.jpg,0.812283,17.585570,ok
C132679__X0F__Y2D.jpg,0.731952,17.147662,ok
C132679__X0F__Y33.jpg,0.795913,19.668894,ok
C132679__X0F__Y36.jpg,0.838954,21.365607,ok
C132679__X12__Y2A.jpg,0.744744,15.314278,ok
C132679__X12__Y36.jpg,0.750020,18.046069,ok
C132679__X15__Y36.jpg,0.779599,18.269654,ok
C132679__X18__Y36.jpg,0.786943,15.998094,ok
C132679__X1B__Y36.jpg,0.754816,18.035169,ok
C132680__X1B__Y39.jpg,0.789034,19.439973,ok
C132680__X1B__Y3C.jpg,0.804633,19.270831,ok
C132680__X1E__Y39.jpg,0.712059,16.323488,ok
C132680__X1E__Y3C.jpg,0.756605,19.174290,ok
C132680__X1E__Y3F.jpg,0.830451,21.397617,ok
C132680__X21__Y39.jpg,0.746744,19.871612,ok
C132680__X21__Y3C.jpg,0.829370,22.638522,ok
C132680__X21__Y3F.jpg,0.903765,24.922332,ok
C132680__X24__Y33.jpg,0.735313,18.002455,ok
C132680__X24__Y36.jpg,0.760344,19.572810,ok
C132680__X24__Y39.jpg,0.814958,20.571254,ok
C132680__X24__Y3C.jpg,0.799282,20.392174,ok
C132680__X24__Y3F.jpg,0.876506,22.648041,ok
C132680__X27__Y27.jpg,0.716706,16.651549,ok
C132680__X27__Y2D.jpg,0.711580,17.364493,ok
C132680__X27__Y33.jpg,0.753872,18.295927,ok
C132680__X27__Y36.jpg,0.788949,20.607630,ok
C132680__X27__Y39.jpg,0.790541,19.918592,ok
C132680__X27__Y3C.jpg,0.799454,20.026189,ok
C132680__X27__Y3F.jpg,0.809818,20.290358,ok
C132680__X2A__Y2D.jpg,0.709031,15.854756,ok
C132680__X2A__Y36.jpg,0.801221,19.400356,ok
C132680__X2A__Y39.jpg,0.820874,21.201103,ok
C132680__X2A__Y3C.jpg,0.782568,20.080839,ok
C132680__X2A__Y3F.jpg,0.881532,24.749739,ok
C132681__X2D__Y33.jpg,0.744825,18.038056,ok
C132681__X2D__Y36.jpg,0.771733,18.329058,ok
C132681__X2D__Y39.jpg,0.751019,19.332065,ok
C132681__X2D__Y3C.jpg,0.842064,21.672648,ok
C132681__X2D__Y3F.jpg,0.890049,24.026775,ok
C132681__X30__Y24.jpg,0.722498,16.949157,ok
C132681__X30__Y27.jpg,0.724051,16.577516,ok
C132681__X30__Y2A.jpg,0.759097,17.545981,ok
C132681__X30__Y2D.jpg,0.695804,16.596044,ok
C132681__X30__Y33.jpg,0.711011,18.816305,ok
C132681__X30__Y36.jpg,0.783833,19.895893,ok
C132681__X30__Y39.jpg,0.820468,19.857624,ok
C132681__X30__Y3C.jpg,0.761489,20.690170,ok
C132681__X33__Y27.jpg,0.802503,19.146047,ok
C132681__X33__Y2D.jpg,0.770059,18.220254,ok
C132681__X33__Y30.jpg,0.793479,20.163709,ok
C132681__X33__Y33.jpg,0.810400,21.012694,ok
C132681__X33__Y36.jpg,0.817805,21.064711,ok
C132681__X33__Y39.jpg,0.818553,20.978404,ok
C132681__X36__Y30.jpg,0.744992,15.835263,ok
C132681__X36__Y33.jpg,0.788433,20.648471,ok
C132681__X36__Y36.jpg,0.866505,22.864133,ok
C132681__X36__Y3C.jpg,0.793303,18.055959,ok
C132681__X39__Y09.jpg,0.771987,18.400144,ok
C132681__X39__Y27.jpg,0.770448,17.781567,ok
C132682__X39__Y2A.jpg,0.775911,17.976707,ok
C132682__X39__Y2D.jpg,0.778124,19.595505,ok
C132682__X39__Y30.jpg,0.852811,21.484972,ok
C132682__X39__Y33.jpg,0.819076,21.501159,ok
C132682__X39__Y36.jpg,0.826091,17.884355,ok
C132682__X39__Y39.jpg,0.814198,19.500914,ok
C132682__X3C__Y27.jpg,0.799958,20.158533,ok
C132682__X3C__Y2A.jpg,0.820884,20.949205,ok
C132682__X3C__Y2D.jpg,0.821079,20.996186,ok
C132682__X3C__Y30.jpg,0.879886,23.169621,ok
C132682__X3C__Y33.jpg,0.811011,20.431381,ok
C132682__X3F__Y24.jpg,0.801116,19.517740,ok
C132682__X3F__Y27.jpg,0.786737,19.322860,ok
C132682__X3F__Y2D.jpg,0.791112,15.264656,ok
C132682__X42__Y15.jpg,0.833347,20.953933,ok
C132682__X42__Y18.jpg,0.809264,20.238836,ok
C132682__X42__Y1B.jpg,0.858383,22.276896,ok
C132682__X42__Y1E.jpg,0.884298,23.180639,ok
C132682__X42__Y21.jpg,0.864901,22.242200,ok
C132682__X42__Y24.jpg,0.890685,24.866656,ok
C132682__X42__Y27.jpg,0.869486,23.321819,ok
C132682__X06__Y45.jpg,0.954905,34.463532,ok
C132682__X09__Y45.jpg,0.956303,35.863600,ok
C132682__X0C__Y24.jpg,0.853435,18.921960,ok
C132682__X12__Y15.jpg,0.822542,20.441374,ok
C132683__X12__Y30.jpg,0.800059,18.558973,ok
C132683__X12__Y33.jpg,0.843102,19.725275,ok
C132683__X18__Y27.jpg,0.881990,20.372957,ok
C132683__X1B__Y2D.jpg,0.812138,18.785328,ok
C132683__X1B__Y45.jpg,0.952489,35.739751,ok
C132683__X1E__Y27.jpg,0.831193,20.437052,ok
C132683__X1E__Y2D.jpg,0.802542,15.958257,ok
C132683__X1E__Y45.jpg,0.959572,36.521375,ok
C132683__X21__Y27.jpg,0.804594,18.665215,ok
C132683__X21__Y30.jpg,0.868620,18.813383,ok
C132683__X21__Y33.jpg,0.794966,19.533791,ok
C132683__X24__Y2D.jpg,0.847978,19.583849,ok
C132683__X24__Y33.jpg,0.772772,16.655380,ok
C132683__X27__Y21.jpg,0.670192,16.557496,ok
C132683__X27__Y2A.jpg,0.744968,16.894276,ok
C132683__X27__Y2D.jpg,0.854545,20.665445,ok
C132683__X27__Y30.jpg,0.766342,18.996488,ok
C132683__X27__Y33.jpg,0.849827,18.951068,ok
C132683__X27__Y36.jpg,0.742420,19.159900,ok
C132683__X27__Y39.jpg,0.734259,17.554922,ok
C132683__X27__Y3C.jpg,0.827414,19.243435,ok
C132683__X2A__Y2D.jpg,0.850845,20.267298,ok
C132683__X2A__Y3C.jpg,0.805305,19.596415,ok
C132683__X2D__Y2A.jpg,0.814287,20.548645,ok
C132683__X2D__Y36.jpg,0.708242,16.161665,ok
C132684__X2D__Y3C.jpg,0.848019,22.063045,ok
C132684__X30__Y2A.jpg,0.883314,21.910449,ok
C132684__X30__Y2D.jpg,0.876250,22.994807,ok
C132684__X30__Y33.jpg,0.839851,21.649819,ok
C132684__X30__Y36.jpg,0.800699,21.087657,ok
C132684__X30__Y39.jpg,0.841093,21.911812,ok
C132684__X30__Y3C.jpg,0.727224,16.999209,ok
C132684__X33__Y12.jpg,0.880833,21.149860,ok
C132684__X33__Y1E.jpg,0.803312,18.070555,ok
C132684__X33__Y2D.jpg,0.873449,20.403580,ok
C132684__X33__Y30.jpg,0.657386,15.424387,ok
C132684__X33__Y36.jpg,0.754593,17.988879,ok
C132684__X33__Y3C.jpg,0.745581,17.546944,ok
C132684__X36__Y12.jpg,0.828242,21.427411,ok
C132684__X36__Y1E.jpg,0.768679,18.716852,ok
C132684__X36__Y24.jpg,0.771041,18.360626,ok
C132684__X36__Y2D.jpg,0.819346,19.681572,ok
C132684__X36__Y36.jpg,0.775500,17.669474,ok
C132684__X39__Y12.jpg,0.822553,21.037979,ok
C132684__X39__Y15.jpg,0.850571,19.189530,ok
C132684__X39__Y18.jpg,0.911464,22.213280,ok
C132684__X39__Y1B.jpg,0.831514,18.661339,ok
C132684__X39__Y1E.jpg,0.888686,22.530388,ok
C132684__X39__Y21.jpg,0.743756,16.644462,ok
C132684__X39__Y24.jpg,0.878143,21.387818,ok
C132685__X39__Y2A.jpg,0.904763,21.826814,ok
C132685__X39__Y2D.jpg,0.824004,18.807067,ok
C132685__X39__Y33.jpg,0.756146,17.186360,ok
C132685__X39__Y36.jpg,0.770226,17.791607,ok
C132685__X39__Y45.jpg,0.955227,34.274912,ok
C132685__X3C__Y1B.jpg,0.858458,21.884427,ok
C132685__X3C__Y1E.jpg,0.811938,21.102252,ok
C132685__X3C__Y21.jpg,0.840040,19.664936,ok
C132685__X3C__Y2A.jpg,0.858533,21.830363,ok
C132685__X3C__Y2D.jpg,0.786424,18.840615,ok
C132685__X3C__Y33.jpg,0.797080,17.973382,ok
C132685__X3C__Y45.jpg,0.956239,33.827642,ok
C132685__X3F__Y1B.jpg,0.886212,21.307109,ok
C132685__X3F__Y1E.jpg,0.822810,20.558700,ok
C132685__X3F__Y21.jpg,0.792880,18.584907,ok
C132685__X3F__Y2A.jpg,0.802026,18.861466,ok
C132685__X3F__Y2D.jpg,0.818311,21.476253,ok
C132685__X3F__Y30.jpg,0.841637,18.134124,ok
C132685__X3F__Y45.jpg,0.958117,33.387721,ok
C132685__X42__Y1B.jpg,0.737038,17.861083,ok
C132685__X42__Y21.jpg,0.866119,22.154175,ok
C132685__X42__Y24.jpg,0.719571,16.542261,ok
C132685__X42__Y27.jpg,0.848289,18.702407,ok
C132685__X42__Y45.jpg,0.955200,35.117336,ok
C132685__X45__Y21.jpg,0.757555,18.012705,ok
C132686__X45__Y45.jpg,0.955296,34.134021,ok
C132686__X06__Y45.jpg,0.957667,34.030641,ok
C132686__X09__Y45.jpg,0.956579,35.019444,ok
C132686__X0C__Y45.jpg,0.953477,32.735604,ok
C132686__X0F__Y45.jpg,0.931500,31.891714,ok
C132686__X12__Y21.jpg,0.812911,24.594234,ok
C132686__X12__Y45.jpg,0.954142,33.342499,ok
C132686__X15__Y1B.jpg,0.964015,33.387613,ok
C132686__X15__Y1E.jpg,0.913342,30.255960,ok
C132686__X15__Y21.jpg,0.809817,24.312358,ok
C132686__X15__Y24.jpg,0.939324,31.465034,ok
C132686__X15__Y45.jpg,0.955769,33.891407,ok
C132686__X18__Y1B.jpg,0.945958,29.378414,ok
C132686__X18__Y1E.jpg,0.777669,25.037332,ok
C132686__X18__Y21.jpg,0.883497,28.745825,ok
C132686__X18__Y24.jpg,0.890333,26.848258,ok
C132686__X18__Y45.jpg,0.956920,33.319819,ok
C132686__X1B__Y1E.jpg,0.940419,32.319896,ok
C132686__X1B__Y21.jpg,0.839261,24.797191,ok
C132686__X1B__Y24.jpg,0.808595,20.765001,ok
C132686__X1B__Y45.jpg,0.955309,33.656745,ok
C132686__X1E__Y1B.jpg,0.900392,24.512965,ok
C132686__X1E__Y21.jpg,0.936380,32.072973,ok
C132686__X1E__Y24.jpg,0.782867,21.522723,ok
C132686__X1E__Y27.jpg,0.864558,25.089868,ok
C132687__X1E__Y45.jpg,0.954554,33.650209,ok
C132687__X21__Y21.jpg,0.872972,26.795335,ok
C132687__X21__Y24.jpg,0.851149,26.723501,ok
C132687__X21__Y45.jpg,0.959259,32.479350,ok
C132687__X24__Y15.jpg,0.910976,28.772305,ok
C132687__X24__Y21.jpg,0.869110,24.681642,ok
C132687__X24__Y24.jpg,0.910632,26.694549,ok
C132687__X24__Y27.jpg,0.854884,25.483218,ok
C132687__X24__Y45.jpg,0.954446,32.873325,ok
C132687__X27__Y21.jpg,0.901246,28.684738,ok
C132687__X27__Y24.jpg,0.846468,26.033690,ok
C132687__X27__Y2D.jpg,0.868446,24.302608,ok
C132687__X27__Y45.jpg,0.953564,33.795459,ok
C132687__X2A__Y21.jpg,0.925664,28.839195,ok
C132687__X2A__Y24.jpg,0.854984,26.392276,ok
C132687__X2A__Y45.jpg,0.954752,33.351662,ok
C132687__X2D__Y21.jpg,0.889738,25.599830,ok
C132687__X2D__Y24.jpg,0.839874,25.826852,ok
C132687__X2D__Y27.jpg,0.881981,27.186757,ok
C132687__X2D__Y2D.jpg,0.935200,29.084677,ok
C132687__X2D__Y45.jpg,0.953291,32.498546,ok
C132687__X30__Y27.jpg,0.883986,24.839047,ok
C132687__X30__Y2D.jpg,0.863159,26.008442,ok
C132687__X30__Y45.jpg,0.954282,33.671280,ok
C132687__X33__Y27.jpg,0.817107,22.623301,ok
C132688__X33__Y2D.jpg,0.890791,26.386545,ok
C132688__X33__Y33.jpg,0.881790,25.373692,ok
C132688__X33__Y45.jpg,0.957036,33.294497,ok
C132688__X36__Y30.jpg,0.935797,26.636642,ok
C132688__X36__Y33.jpg,0.933663,29.267475,ok
C132688__X36__Y45.jpg,0.953736,32.562574,ok
C132688__X39__Y45.jpg,0.956218,33.810409,ok
C132688__X3C__Y21.jpg,0.907184,27.911560,ok
C132688__X3C__Y45.jpg,0.955743,33.335233,ok
C132688__X3F__Y45.jpg,0.948649,32.512350,ok
C132688__X42__Y45.jpg,0.955441,34.663642,ok
C132688__X45__Y45.jpg,0.959375,33.781999,ok
C132688__X48__Y03.jpg,0.956946,32.673042,ok
C132688__X48__Y06.jpg,0.956024,32.178952,ok
C132688__X48__Y09.jpg,0.956037,33.005113,ok
C132688__X48__Y0C.jpg,0.954538,32.251758,ok
C132688__X48__Y0F.jpg,0.948106,30.985474,ok
C132688__X48__Y12.jpg,0.950319,30.947962,ok
C132688__X48__Y15.jpg,0.953938,31.205423,ok
C132688__X48__Y18.jpg,0.953187,31.064507,ok
C132688__X48__Y1B.jpg,0.954859,31.341286,ok
C132688__X48__Y1E.jpg,0.953699,29.952025,ok
C132688__X48__Y21.jpg,0.951760,27.718839,ok
C132688__X48__Y24.jpg,0.941189,23.663337,ok
C132688__X48__Y2A.jpg,0.954539,31.794998,ok
C132689__X48__Y2D.jpg,0.953398,30.016155,ok
C132689__X48__Y30.jpg,0.952932,31.423933,ok
C132689__X48__Y33.jpg,0.955175,30.988340,ok
C132689__X48__Y36.jpg,0.959675,33.198415,ok
C132689__X48__Y42.jpg,0.956518,31.309798,ok
C132689__X48__Y45.jpg,0.954301,32.981154,ok
C132689__X0C__Y45.jpg,0.955638,35.632260,ok
C132689__X0F__Y45.jpg,0.956850,33.112578,ok
C132689__X12__Y45.jpg,0.958810,33.649900,ok
C132689__X15__Y45.jpg,0.960391,34.635088,ok
C132689__X18__Y45.jpg,0.958433,31.831991,ok
C132689__X1B__Y3F.jpg,0.785664,22.508582,ok
C132689__X1B__Y45.jpg,0.956679,33.511477,ok
C132689__X1E__Y3F.jpg,0.731260,19.871332,ok
C132689__X1E__Y45.jpg,0.948679,27.792188,ok
C132689__X21__Y27.jpg,0.668937,19.706937,ok
C132689__X21__Y39.jpg,0.735327,20.088482,ok
C132689__X21__Y3C.jpg,0.731907,21.416624,ok
C132689__X21__Y3F.jpg,0.789012,22.717607,ok
C132689__X24__Y2A.jpg,0.760145,21.866609,ok
C132689__X24__Y2D.jpg,0.721479,20.192918,ok
C132689__X24__Y30.jpg,0.730054,19.849266,ok
C132689__X24__Y33.jpg,0.727072,20.101407,ok
C132689__X24__Y36.jpg,0.763142,22.968208,ok
C132689__X24__Y39.jpg,0.741911,21.056852,ok
C132690__X24__Y3C.jpg,0.772592,20.627469,ok
C132690__X24__Y3F.jpg,0.782040,22.874684,ok
C132690__X27__Y1E.jpg,0.718110,19.265932,ok
C132690__X27__Y21.jpg,0.702120,19.374108,ok
C132690__X27__Y24.jpg,0.685247,19.544141,ok
C132690__X27__Y27.jpg,0.683619,20.122970,ok
C132690__X27__Y2A.jpg,0.674732,17.689982,ok
C132690__X27__Y2D.jpg,0.720121,19.800306,ok
C132690__X27__Y36.jpg,0.736934,20.444366,ok
C132690__X27__Y39.jpg,0.829849,24.801743,ok
C132690__X27__Y3C.jpg,0.815271,23.272013,ok
C132690__X27__Y3F.jpg,0.840094,24.249248,ok
C132690__X27__Y42.jpg,0.753466,20.008660,ok
C132690__X2A__Y24.jpg,0.676232,19.735754,ok
C132690__X2A__Y2D.jpg,0.765717,21.499122,ok
C132690__X2A__Y30.jpg,0.660477,19.251534,ok
C132690__X2A__Y36.jpg,0.732571,20.725421,ok
C132690__X2A__Y39.jpg,0.723821,20.586812,ok
C132690__X2A__Y3F.jpg,0.789326,23.168217,ok
C132690__X2A__Y45.jpg,0.932179,24.028189,ok
C132690__X2D__Y1E.jpg,0.727657,18.446821,ok
C132690__X2D__Y21.jpg,0.732203,21.214821,ok
C132690__X2D__Y33.jpg,0.788513,22.083380,ok
C132690__X2D__Y36.jpg,0.749577,21.574748,ok
C132690__X2D__Y39.jpg,0.728049,21.118993,ok
C132691__X2D__Y3C.jpg,0.736244,20.082644,ok
C132691__X2D__Y45.jpg,0.945634,28.210218,ok
C132691__X30__Y27.jpg,0.641389,16.927560,ok
C132691__X30__Y2A.jpg,0.697887,18.551031,ok
C132691__X30__Y2D.jpg,0.643533,19.073716,ok
C132691__X30__Y30.jpg,0.758821,19.176128,ok
C132691__X30__Y33.jpg,0.703517,21.269401,ok
C132691__X30__Y36.jpg,0.676525,19.011911,ok
C132691__X30__Y45.jpg,0.952591,32.236982,ok
C132691__X33__Y21.jpg,0.744947,20.495708,ok
C132691__X33__Y27.jpg,0.679964,19.556187,ok
C132691__X33__Y2A.jpg,0.737479,21.642589,ok
C132691__X33__Y33.jpg,0.735873,20.731459,ok
C132691__X33__Y36.jpg,0.737159,21.704023,ok
C132691__X33__Y45.jpg,0.956050,29.907290,ok
C132691__X36__Y27.jpg,0.700743,20.790344,ok
C132691__X36__Y2A.jpg,0.796387,24.072308,ok
C132691__X36__Y2D.jpg,0.776849,21.658548,ok
C132691__X36__Y45.jpg,0.957315,30.041614,ok
C132691__X39__Y24.jpg,0.747149,20.438286,ok
C132691__X39__Y27.jpg,0.720431,20.750389,ok
C132691__X39__Y45.jpg,0.946354,25.418170,ok
C132691__X3C__Y21.jpg,0.800044,22.763221,ok
C132691__X3C__Y24.jpg,0.715570,20.891491,ok
C132691__X3C__Y27.jpg,0.745312,22.025842,ok
C132692__X3C__Y2A.jpg,0.783599,21.443690,ok
C132692__X3C__Y45.jpg,0.947104,27.103897,ok
C132692__X3F__Y18.jpg,0.914770,25.031292,ok
C132692__X3F__Y45.jpg,0.921079,19.617919,ok
C132692__X42__Y1B.jpg,0.786463,22.627920,ok
C132692__X42__Y1E.jpg,0.809083,22.558403,ok
C132692__X42__Y21.jpg,0.847979,24.564121,ok
C132692__X42__Y45.jpg,0.939571,26.878553,ok
C132692__X45__Y1E.jpg,0.888983,27.512018,ok
C132692__X45__Y24.jpg,0.774191,20.314164,ok
C132692__X45__Y27.jpg,0.870132,26.855545,ok
C132692__X06__Y45.jpg,0.960678,37.785764,ok
C132692__X09__Y45.jpg,0.959902,36.697100,ok
C132692__X0C__Y45.jpg,0.957025,35.580728,ok
C132692__X0F__Y15.jpg,0.902528,23.315883,ok
C132692__X0F__Y18.jpg,0.913011,25.134600,ok
C132692__X0F__Y1B.jpg,0.841785,19.707054,ok
C132692__X0F__Y1E.jpg,0.875937,23.747916,ok
C132692__X0F__Y21.jpg,0.875677,25.748883,ok
C132692__X0F__Y24.jpg,0.862351,22.822166,ok
C132692__X0F__Y27.jpg,0.839603,20.517543,ok
C132692__X12__Y12.jpg,0.828474,20.359013,ok
C132692__X12__Y15.jpg,0.882104,24.488902,ok
C132692__X12__Y18.jpg,0.816013,21.032257,ok
C132692__X12__Y45.jpg,0.945771,34.420149,ok
C132693__X15__Y0F.jpg,0.899728,21.930117,ok
C132693__X15__Y15.jpg,0.903788,27.228914,ok
C132693__X15__Y18.jpg,0.929645,23.274145,ok
C132693__X15__Y21.jpg,0.816852,21.381188,ok
C132693__X15__Y33.jpg,0.831059,17.581547,ok
C132693__X15__Y45.jpg,0.949882,35.973214,ok
C132693__X18__Y09.jpg,0.882608,24.911034,ok
C132693__X18__Y45.jpg,0.946001,34.721614,ok
C132693__X1B__Y24.jpg,0.915408,21.403157,ok
C132693__X1B__Y45.jpg,0.942637,24.813868,ok
C132693__X1E__Y12.jpg,0.877998,20.529867,ok
C132693__X1E__Y45.jpg,0.946749,35.478755,ok
C132693__X21__Y45.jpg,0.952288,34.939068,ok
C132693__X24__Y45.jpg,0.951768,35.999071,ok
C132693__X27__Y30.jpg,0.762638,20.348103,ok
C132693__X27__Y45.jpg,0.950355,35.780495,ok
C132693__X2A__Y09.jpg,0.879726,25.687603,ok
C132693__X2A__Y45.jpg,0.947932,35.273120,ok
C132693__X2D__Y09.jpg,0.904209,25.565809,ok
C132693__X2D__Y45.jpg,0.949331,34.907250,ok
C132693__X30__Y09.jpg,0.946792,35.314094,ok
C132693__X30__Y0F.jpg,0.901287,26.232380,ok
C132693__X30__Y12.jpg,0.906790,25.576239,ok
C132693__X30__Y15.jpg,0.872550,24.393098,ok
C132693__X30__Y18.jpg,0.891917,23.249894,ok
C132694__X30__Y1B.jpg,0.856940,22.140685,ok
C132694__X30__Y1E.jpg,0.841774,23.250582,ok
C132694__X30__Y21.jpg,0.863993,24.612335,ok
C132694__X30__Y24.jpg,0.898417,24.288404,ok
C132694__X30__Y27.jpg,0.855366,23.017331,ok
C132694__X30__Y30.jpg,0.833351,23.158260,ok
C132694__X30__Y33.jpg,0.901750,25.117307,ok
C132694__X30__Y45.jpg,0.957538,37.037515,ok
C132694__X33__Y09.jpg,0.907187,26.569889,ok
C132694__X33__Y18.jpg,0.860499,22.184596,ok
C132694__X33__Y21.jpg,0.856719,26.244569,ok
C132694__X33__Y24.jpg,0.814006,19.934151,ok
C132694__X33__Y27.jpg,0.814190,20.325238,ok
C132694__X33__Y45.jpg,0.941048,35.208641,ok
C132694__X36__Y15.jpg,0.884625,24.424757,ok
C132694__X36__Y18.jpg,0.885430,25.568352,ok
C132694__X36__Y1E.jpg,0.788417,21.506669,ok
C132694__X36__Y21.jpg,0.884399,24.982179,ok
C132694__X36__Y24.jpg,0.845177,21.850090,ok
C132694__X36__Y27.jpg,0.832686,23.214165,ok
C132694__X36__Y45.jpg,0.955964,35.759503,ok
C132694__X39__Y12.jpg,0.858671,23.968275,ok
C132694__X39__Y15.jpg,0.842050,21.960698,ok
C132694__X39__Y18.jpg,0.869105,23.009273,ok
C132694__X39__Y1B.jpg,0.796723,19.229855,ok
C132695__X39__Y1E.jpg,0.842547,20.100131,ok
C132695__X39__Y21.jpg,0.923134,24.297212,ok
C132695__X39__Y24.jpg,0.856899,23.031123,ok
C132695__X3C__Y12.jpg,0.869970,23.258974,ok
C132695__X3C__Y15.jpg,0.868690,21.699039,ok
C132695__X3C__Y18.jpg,0.825314,24.361246,ok
C132695__X3C__Y24.jpg,0.842156,21.686754,ok
C132695__X42__Y18.jpg,0.897687,25.470444,ok
C132695__X42__Y21.jpg,0.803270,20.791918,ok
C132695__X42__Y24.jpg,0.862597,20.876209,ok
C132695__X42__Y45.jpg,0.957709,37.262953,ok
C132695__X45__Y21.jpg,0.845627,22.855541,ok
C132695__X45__Y24.jpg,0.881222,23.850169,ok
C132695__X45__Y45.jpg,0.952678,35.761257,ok
C132695__X48__Y33.jpg,0.960210,32.592833,ok
C132695__X48__Y45.jpg,0.954346,36.256671,ok
C132695__X06__Y18.jpg,0.651013,16.103668,ok
C132695__X09__Y15.jpg,0.724018,16.677030,ok
C132695__X09__Y18.jpg,0.727794,17.602313,ok
C132695__X09__Y21.jpg,0.704377,15.967478,ok
C132695__X09__Y24.jpg,0.712032,17.135474,ok
C132695__X0C__Y0F.jpg,0.725518,15.728089,ok
C132695__X0F__Y30.jpg,0.666570,15.997621,ok
C132695__X12__Y24.jpg,0.678237,15.453789,ok
C132695__X12__Y33.jpg,0.699536,16.409973,ok
C132696__X12__Y36.jpg,0.737091,15.893795,ok
C132696__X15__Y09.jpg,0.803227,18.014632,ok
C132696__X15__Y3F.jpg,0.732571,16.462257,ok
C132696__X1B__Y15.jpg,0.717198,16.592640,ok
C132696__X1B__Y18.jpg,0.715418,17.461035,ok
C132696__X1B__Y24.jpg,0.678718,15.698746,ok
C132696__X1B__Y3F.jpg,0.739567,17.171945,ok
C132696__X1E__Y06.jpg,0.859016,20.286094,ok
C132696__X1E__Y2A.jpg,0.683537,16.248062,ok
C132696__X1E__Y3F.jpg,0.795086,18.990249,ok
C132696__X1E__Y42.jpg,0.788967,18.798307,ok
C132696__X21__Y06.jpg,0.806939,19.634470,ok
C132696__X21__Y3F.jpg,0.708287,16.842423,ok
C132696__X24__Y06.jpg,0.716925,17.850826,ok
C132696__X24__Y09.jpg,0.728042,16.293808,ok
C132696__X24__Y21.jpg,0.683494,15.860267,ok
C132696__X24__Y24.jpg,0.735438,17.088973,ok
C132696__X24__Y36.jpg,0.705877,16.143411,ok
C132696__X27__Y06.jpg,0.840891,19.685788,ok
C132696__X27__Y12.jpg,0.664462,16.030510,ok
C132696__X27__Y18.jpg,0.662278,14.494122,ok
C132696__X27__Y1B.jpg,0.678620,17.109906,ok
C132696__X27__Y24.jpg,0.706483,16.831895,ok
C132696__X27__Y27.jpg,0.677349,16.254879,ok
C132696__X27__Y39.jpg,0.707534,15.626847,ok
C132697__X27__Y3C.jpg,0.661962,16.170706,ok
C132697__X27__Y3F.jpg,0.699122,16.277944,ok
C132697__X27__Y42.jpg,0.741241,17.137353,ok
C132697__X2A__Y1B.jpg,0.741878,17.883369,ok
C132697__X2A__Y1E.jpg,0.662561,15.882245,ok
C132697__X2A__Y24.jpg,0.718203,16.018531,ok
C132697__X2A__Y36.jpg,0.688242,15.673065,ok
C132697__X2A__Y3C.jpg,0.715616,16.273607,ok
C132697__X2D__Y0F.jpg,0.664902,16.086004,ok
C132697__X2D__Y15.jpg,0.724181,15.834083,ok
C132697__X30__Y09.jpg,0.830936,18.995057,ok
C132697__X30__Y15.jpg,0.732248,17.709552,ok
C132697__X30__Y18.jpg,0.716586,17.085926,ok
C132697__X30__Y24.jpg,0.658147,15.927532,ok
C132697__X30__Y2A.jpg,0.739229,17.059647,ok
C132697__X30__Y2D.jpg,0.723571,17.063404,ok
C132697__X30__Y36.jpg,0.705364,17.657578,ok
C132697__X30__Y39.jpg,0.788468,18.773344,ok
C132697__X33__Y15.jpg,0.643822,14.826453,ok
C132697__X33__Y27.jpg,0.696113,16.591944,ok
C132697__X33__Y2D.jpg,0.690506,16.791311,ok
C132697__X33__Y33.jpg,0.728952,17.178081,ok
C132697__X36__Y0C.jpg,0.860645,20.127632,ok
C132697__X36__Y2A.jpg,0.660017,16.191828,ok
C132697__X36__Y2D.jpg,0.674742,16.886201,ok
C132698__X36__Y33.jpg,0.758052,17.556690,ok
C132698__X39__Y0F.jpg,0.730366,16.727351,ok
C132698__X39__Y15.jpg,0.737842,17.408050,ok
C132698__X39__Y18.jpg,0.766204,17.108471,ok
C132698__X39__Y1B.jpg,0.737026,18.332635,ok
C132698__X39__Y21.jpg,0.679799,16.242738,ok
C132698__X39__Y24.jpg,0.686214,16.296029,ok
C132698__X39__Y27.jpg,0.641188,15.209241,ok
C132698__X39__Y2D.jpg,0.755393,17.414990,ok
C132698__X39__Y30.jpg,0.740018,17.221893,ok
C132698__X39__Y33.jpg,0.807848,18.892381,ok
C132698__X39__Y36.jpg,0.716772,16.839234,ok
C132698__X3C__Y12.jpg,0.824756,18.049900,ok
C132698__X3C__Y1B.jpg,0.740403,17.253151,ok
C132698__X3C__Y27.jpg,0.666792,16.256594,ok
C132698__X3C__Y2A.jpg,0.788042,18.401745,ok
C132698__X3C__Y2D.jpg,0.749258,17.712365,ok
C132698__X3C__Y33.jpg,0.729116,16.204104,ok
C132698__X3F__Y18.jpg,0.784082,18.125944,ok
C132698__X3F__Y24.jpg,0.800674,18.653548,ok
C132698__X3F__Y27.jpg,0.764834,17.557233,ok
C132698__X09__Y1E.jpg,0.947733,27.626659,ok
C132698__X0C__Y1E.jpg,0.915582,23.179870,ok
C132698__X0C__Y21.jpg,0.934013,25.055757,ok
C132698__X0C__Y27.jpg,0.936056,20.354549,ok
C132699__X0C__Y2D.jpg,0.852643,20.443109,ok
C132699__X0F__Y33.jpg,0.879026,19.836335,ok
C132699__X12__Y24.jpg,0.941587,24.413970,ok
C132699__X12__Y33.jpg,0.914486,23.386840,ok
C132699__X1B__Y21.jpg,0.836607,20.291851,ok
C132699__X1B__Y27.jpg,0.921615,23.969629,ok
C132699__X1B__Y39.jpg,0.896906,22.950041,ok
C132699__X1E__Y2A.jpg,0.833693,21.718074,ok
C132699__X1E__Y2D.jpg,0.841796,23.238463,ok
C132699__X21__Y18.jpg,0.889989,19.878719,ok
C132699__X21__Y1B.jpg,0.949056,29.848579,ok
C132699__X21__Y1E.jpg,0.902201,20.762912,ok
C132699__X21__Y2D.jpg,0.932265,25.109814,ok
C132699__X21__Y3C.jpg,0.865142,20.726150,ok
C132699__X24__Y2A.jpg,0.866166,20.562933,ok
C132699__X24__Y2D.jpg,0.811087,17.257228,ok
C132699__X24__Y30.jpg,0.925184,25.656861,ok
C132699__X24__Y42.jpg,0.852431,18.840341,ok
C132699__X27__Y1B.jpg,0.955762,29.249059,ok
C132699__X27__Y21.jpg,0.865645,19.790788,ok
C132699__X27__Y27.jpg,0.878459,20.463821,ok
C132699__X27__Y2A.jpg,0.933457,27.492067,ok
C132699__X27__Y2D.jpg,0.784905,19.347512,ok
C132699__X27__Y39.jpg,0.844861,19.555211,ok
C132699__X2A__Y1B.jpg,0.825033,18.718650,ok
C132700__X2A__Y2A.jpg,0.890146,23.915200,ok
C132700__X2A__Y2D.jpg,0.946681,27.520477,ok
C132700__X2A__Y3F.jpg,0.956400,32.229133,ok
C132700__X2D__Y24.jpg,0.795968,18.987944,ok
C132700__X2D__Y27.jpg,0.861300,20.345307,ok
C132700__X2D__Y2A.jpg,0.752389,18.684747,ok
C132700__X2D__Y2D.jpg,0.918205,22.031468,ok
C132700__X2D__Y36.jpg,0.740878,17.967266,ok
C132700__X2D__Y39.jpg,0.843055,19.728088,ok
C132700__X30__Y15.jpg,0.842298,20.629903,ok
C132700__X30__Y1E.jpg,0.690835,17.143820,ok
C132700__X30__Y21.jpg,0.886015,22.006835,ok
C132700__X30__Y24.jpg,0.923946,25.602229,ok
C132700__X30__Y27.jpg,0.929172,24.410052,ok
C132700__X30__Y2A.jpg,0.882184,20.563817,ok
C132700__X30__Y30.jpg,0.923012,23.834722,ok
C132700__X30__Y33.jpg,0.854705,21.896576,ok
C132700__X30__Y36.jpg,0.838616,21.141273,ok
C132700__X30__Y39.jpg,0.923367,25.336825,ok
C132700__X30__Y3C.jpg,0.921619,23.188215,ok
C132700__X33__Y1B.jpg,0.874161,21.429676,ok
C132700__X33__Y1E.jpg,0.887335,22.320313,ok
C132700__X33__Y2D.jpg,0.922115,24.473693,ok
C132700__X33__Y30.jpg,0.893412,22.812110,ok
C132700__X33__Y39.jpg,0.894100,20.284223,ok
C132701__X33__Y3C.jpg,0.820672,19.429003,ok
C132701__X36__Y1B.jpg,0.859364,19.551903,ok
C132701__X36__Y1E.jpg,0.841573,19.931354,ok
C132701__X36__Y27.jpg,0.890974,20.643596,ok
C132701__X36__Y30.jpg,0.792581,18.562550,ok
C132701__X36__Y33.jpg,0.943579,29.806547,ok
C132701__X36__Y36.jpg,0.844672,19.306168,ok
C132701__X39__Y1B.jpg,0.906850,22.492679,ok
C132701__X39__Y24.jpg,0.871716,19.032771,ok
C132701__X39__Y27.jpg,0.826107,19.457417,ok
C132701__X39__Y2A.jpg,0.923883,24.658707,ok
C132701__X39__Y2D.jpg,0.902822,26.632430,ok
C132701__X39__Y30.jpg,0.775456,18.979794,ok
C132701__X39__Y33.jpg,0.775236,17.621872,ok
C132701__X39__Y36.jpg,0.866197,20.478902,ok
C132701__X39__Y39.jpg,0.887177,22.868936,ok
C132701__X3C__Y24.jpg,0.890225,21.221940,ok
C132701__X3C__Y2A.jpg,0.768990,18.975541,ok
C132701__X3C__Y2D.jpg,0.934382,25.044424,ok
C132701__X3C__Y30.jpg,0.896252,22.521583,ok
C132701__X3C__Y36.jpg,0.868762,19.231833,ok
C132701__X3F__Y1E.jpg,0.648495,16.064363,ok
C132701__X3F__Y21.jpg,0.916533,24.064206,ok
C132701__X3F__Y33.jpg,0.884877,18.853226,ok
C132701__X42__Y1E.jpg,0.755039,16.928134,ok
C132702__X42__Y27.jpg,0.809513,19.184559,ok
C132702__X0C__Y1E.jpg,0.819321,23.241522,ok
C132702__X0C__Y21.jpg,0.797327,22.564339,ok
C132702__X0F__Y18.jpg,0.917522,27.532048,ok
C132702__X12__Y12.jpg,0.725836,18.168697,ok
C132702__X12__Y18.jpg,0.759785,19.815543,ok
C132702__X12__Y1E.jpg,0.869351,19.006556,ok
C132702__X15__Y0F.jpg,0.879392,19.418123,ok
C132702__X15__Y12.jpg,0.898757,25.936667,ok
C132702__X15__Y15.jpg,0.786189,19.122322,ok
C132702__X15__Y18.jpg,0.709500,18.552118,ok
C132702__X15__Y1E.jpg,0.822093,21.534466,ok
C132702__X15__Y21.jpg,0.742843,17.650939,ok
C132702__X15__Y27.jpg,0.798587,22.619356,ok
C132702__X18__Y0F.jpg,0.652643,18.197157,ok
C132702__X18__Y12.jpg,0.856244,25.064287,ok
C132702__X18__Y15.jpg,0.901625,24.226567,ok
C132702__X18__Y18.jpg,0.815252,22.998636,ok
C132702__X18__Y1E.jpg,0.804798,20.885333,ok
C132702__X18__Y21.jpg,0.826274,20.928411,ok
C132702__X18__Y24.jpg,0.756370,18.330978,ok
C132702__X18__Y27.jpg,0.778503,19.661839,ok
C132702__X1B__Y0C.jpg,0.884489,24.720207,ok
C132702__X1B__Y0F.jpg,0.923659,25.490361,ok
C132702__X1B__Y15.jpg,0.843122,21.767222,ok
C132703__X1B__Y18.jpg,0.846853,21.038468,ok
C132703__X1B__Y1B.jpg,0.745937,18.155830,ok
C132703__X1B__Y1E.jpg,0.832292,21.030638,ok
C132703__X1B__Y21.jpg,0.696208,17.547197,ok
C132703__X1B__Y27.jpg,0.804442,21.941345,ok
C132703__X1E__Y0F.jpg,0.806433,19.023775,ok
C132703__X1E__Y18.jpg,0.860344,21.906885,ok
C132703__X1E__Y21.jpg,0.781701,19.153559,ok
C132703__X1E__Y27.jpg,0.815067,20.307534,ok
C132703__X1E__Y2D.jpg,0.918862,28.172890,ok
C132703__X21__Y09.jpg,0.851557,19.369826,ok
C132703__X21__Y21.jpg,0.772695,19.000795,ok
C132703__X21__Y27.jpg,0.900615,24.842818,ok
C132703__X21__Y2A.jpg,0.635115,18.094007,ok
C132703__X21__Y2D.jpg,0.708393,18.363577,ok
C132703__X24__Y0F.jpg,0.951937,29.844020,ok
C132703__X24__Y12.jpg,0.942289,30.778310,ok
C132703__X24__Y1B.jpg,0.789151,20.955976,ok
C132703__X24__Y1E.jpg,0.859172,21.298984,ok
C132703__X24__Y21.jpg,0.809431,22.352668,ok
C132703__X24__Y27.jpg,0.834586,20.396863,ok
C132703__X24__Y30.jpg,0.792239,20.348037,ok
C132703__X27__Y0C.jpg,0.918496,25.438574,ok
C132703__X27__Y0F.jpg,0.877012,20.603922,ok
C132703__X27__Y15.jpg,0.812719,19.986105,ok
C132704__X27__Y18.jpg,0.729486,19.953601,ok
C132704__X27__Y1B.jpg,0.640135,17.077789,ok
C132704__X27__Y1E.jpg,0.893563,26.947224,ok
C132704__X27__Y27.jpg,0.886536,25.029190,ok
C132704__X27__Y2D.jpg,0.875186,20.712120,ok
C132704__X2A__Y09.jpg,0.891794,24.215222,ok
C132704__X2A__Y12.jpg,0.920803,29.623332,ok
C132704__X2A__Y18.jpg,0.718609,19.893241,ok
C132704__X2A__Y1E.jpg,0.870133,22.738886,ok
C132704__X2A__Y21.jpg,0.824873,20.446519,ok
C132704__X2A__Y27.jpg,0.923666,23.334090,ok
C132704__X2A__Y2A.jpg,0.754439,17.350778,ok
C132704__X2A__Y30.jpg,0.913082,26.857628,ok
C132704__X2D__Y06.jpg,0.851224,23.164544,ok
C132704__X2D__Y09.jpg,0.928478,28.545379,ok
C132704__X2D__Y18.jpg,0.772225,21.146848,ok
C132704__X2D__Y21.jpg,0.780634,18.645699,ok
C132704__X2D__Y24.jpg,0.674100,12.831352,ok
C132704__X2D__Y27.jpg,0.808902,19.793892,ok
C132704__X30__Y09.jpg,0.726509,17.266427,ok
C132704__X30__Y27.jpg,0.698714,16.787473,ok
C132704__X33__Y0C.jpg,0.799163,19.562844,ok
C132704__X33__Y21.jpg,0.939753,27.327069,ok
C132704__X33__Y27.jpg,0.703803,17.110425,ok
C132704__X36__Y12.jpg,0.868268,22.480948,ok
C132705__X36__Y39.jpg,0.841327,20.500993,ok
C132705__X39__Y21.jpg,0.775180,18.835235,ok
C132705__X39__Y27.jpg,0.786114,19.445705,ok
C132705__X39__Y2D.jpg,0.697219,14.933944,ok
C132705__X3C__Y27.jpg,0.671096,16.357135,ok
C132705__X42__Y33.jpg,0.764246,17.386101,ok
C132705__X06__Y45.jpg,0.952668,33.209245,ok
C132705__X09__Y45.jpg,0.954549,31.714403,ok
C132705__X0C__Y45.jpg,0.957628,33.541938,ok
C132705__X0F__Y45.jpg,0.955457,34.197594,ok
C132705__X12__Y45.jpg,0.954825,33.691088,ok
C132705__X15__Y33.jpg,0.886616,21.788445,ok
C132705__X15__Y45.jpg,0.953888,33.875450,ok
C132705__X18__Y36.jpg,0.885775,19.607567,ok
C132705__X18__Y45.jpg,0.955281,33.750857,ok
C132705__X1B__Y24.jpg,0.860439,19.949685,ok
C132705__X1B__Y27.jpg,0.877385,22.458579,ok
C132705__X1B__Y30.jpg,0.819748,18.735092,ok
C132705__X1B__Y33.jpg,0.948552,30.435623,ok
C132705__X1B__Y45.jpg,0.952992,34.259897,ok
C132705__X1E__Y24.jpg,0.860434,18.347982,ok
C132705__X1E__Y33.jpg,0.903532,23.269361,ok
C132705__X1E__Y45.jpg,0.945003,27.820627,ok
C132705__X21__Y18.jpg,0.889324,17.594801,ok
C132705__X21__Y1E.jpg,0.930488,24.484735,ok
C132706__X21__Y24.jpg,0.923749,22.992456,ok
C132706__X21__Y33.jpg,0.760797,15.858693,ok
C132706__X21__Y36.jpg,0.917314,22.944276,ok
C132706__X21__Y3F.jpg,0.896474,18.286022,ok
C132706__X21__Y45.jpg,0.948596,32.403846,ok
C132706__X24__Y15.jpg,0.915148,23.756032,ok
C132706__X24__Y1E.jpg,0.918883,22.434629,ok
C132706__X24__Y21.jpg,0.897310,20.205319,ok
C132706__X24__Y24.jpg,0.900030,22.815186,ok
C132706__X24__Y27.jpg,0.927674,24.839239,ok
C132706__X24__Y36.jpg,0.896771,21.433861,ok
C132706__X24__Y45.jpg,0.927896,20.507587,ok
C132706__X27__Y15.jpg,0.805638,17.019213,ok
C132706__X27__Y1B.jpg,0.890876,22.043503,ok
C132706__X27__Y24.jpg,0.917376,23.265276,ok
C132706__X27__Y27.jpg,0.871730,18.692852,ok
C132706__X27__Y2A.jpg,0.920774,22.909068,ok
C132706__X27__Y30.jpg,0.896885,20.853992,ok
C132706__X27__Y45.jpg,0.946069,30.871523,ok
C132706__X2A__Y18.jpg,0.873293,20.949340,ok
C132706__X2A__Y1B.jpg,0.911237,22.049062,ok
C132706__X2A__Y27.jpg,0.824227,19.424768,ok
C132706__X2A__Y30.jpg,0.913437,22.516087,ok
C132706__X2A__Y45.jpg,0.945347,29.883560,ok
C132706__X2D__Y15.jpg,0.938706,27.829063,ok
C132707__X2D__Y18.jpg,0.917179,24.209140,ok
C132707__X2D__Y1E.jpg,0.859218,17.913756,ok
C132707__X2D__Y24.jpg,0.868204,21.145563,ok
C132707__X2D__Y27.jpg,0.914436,23.323725,ok
C132707__X2D__Y2D.jpg,0.910396,21.706460,ok
C132707__X2D__Y45.jpg,0.943759,33.283282,ok
C132707__X30__Y15.jpg,0.850393,21.661286,ok
C132707__X30__Y18.jpg,0.866587,20.059684,ok
C132707__X30__Y1E.jpg,0.934765,22.881671,ok
C132707__X30__Y24.jpg,0.901905,21.148996,ok
C132707__X30__Y36.jpg,0.857511,18.324767,ok
C132707__X30__Y3C.jpg,0.925053,24.615771,ok
C132707__X30__Y45.jpg,0.948733,33.926055,ok
C132707__X33__Y15.jpg,0.898551,22.381472,ok
C132707__X33__Y45.jpg,0.951125,32.742263,ok
C132707__X36__Y45.jpg,0.947398,31.597894,ok
C132707__X39__Y27.jpg,0.860009,15.634029,ok
C132707__X39__Y45.jpg,0.954022,33.756069,ok
C132707__X3C__Y15.jpg,0.931143,22.827699,ok
C132707__X3C__Y45.jpg,0.955115,33.204441,ok
C132707__X3F__Y1E.jpg,0.878064,17.062406,ok
C132707__X3F__Y45.jpg,0.947072,30.648705,ok
C132707__X42__Y45.jpg,0.957392,33.248948,ok
C132707__X45__Y45.jpg,0.954776,29.833432,ok
C132707__X48__Y03.jpg,0.951157,32.492256,ok
C132708__X48__Y06.jpg,0.952145,32.779081,ok
C132708__X48__Y09.jpg,0.957445,32.949569,ok
C132708__X48__Y12.jpg,0.955686,32.558049,ok
C132708__X48__Y15.jpg,0.945826,27.996355,ok
C132708__X48__Y18.jpg,0.947632,31.902224,ok
C132708__X48__Y30.jpg,0.949003,26.273845,ok
C132708__X48__Y33.jpg,0.950275,30.917424,ok
C132708__X48__Y36.jpg,0.938246,31.481355,ok
C132708__X48__Y39.jpg,0.953543,31.450063,ok
C132708__X48__Y3C.jpg,0.951497,31.504897,ok
C132708__X48__Y45.jpg,0.955747,33.573547,ok
C132708__X03__Y45.jpg,0.955262,36.493512,ok
C132708__X06__Y12.jpg,0.958334,35.478960,ok
C132708__X06__Y45.jpg,0.953724,36.161795,ok
C132708__X09__Y45.jpg,0.941793,33.828582,ok
C132708__X0C__Y45.jpg,0.939006,33.463461,ok
C132708__X0F__Y45.jpg,0.957957,36.951083,ok
C132708__X12__Y45.jpg,0.922155,34.963685,ok
C132708__X15__Y45.jpg,0.953369,35.590664,ok
C132708__X18__Y45.jpg,0.953050,34.940068,ok
C132708__X1B__Y45.jpg,0.949339,36.619038,ok
C132708__X1E__Y1E.jpg,0.711538,16.802384,ok
C132708__X1E__Y27.jpg,0.874042,22.155708,ok
C132708__X1E__Y2A.jpg,0.917667,25.970577,ok
C132708__X1E__Y36.jpg,0.853875,17.316875,ok
C132709__X1E__Y45.jpg,0.946505,35.747438,ok
C132709__X21__Y27.jpg,0.874935,22.876529,ok
C132709__X21__Y2A.jpg,0.920032,24.972629,ok
C132709__X21__Y3F.jpg,0.898227,18.350099,ok
C132709__X21__Y45.jpg,0.948839,36.465545,ok
C132709__X24__Y27.jpg,0.902953,23.930142,ok
C132709__X24__Y2A.jpg,0.850843,22.328696,ok
C132709__X24__Y30.jpg,0.873937,22.551936,ok
C132709__X24__Y33.jpg,0.902747,21.785087,ok
C132709__X24__Y45.jpg,0.952701,36.947232,ok
C132709__X27__Y1B.jpg,0.914092,24.649700,ok
C132709__X27__Y24.jpg,0.873073,20.817126,ok
C132709__X27__Y27.jpg,0.846145,21.850851,ok
C132709__X27__Y2A.jpg,0.920606,27.985605,ok
C132709__X27__Y2D.jpg,0.815485,15.917548,ok
C132709__X27__Y30.jpg,0.910200,25.765379,ok
C132709__X27__Y33.jpg,0.903634,25.640111,ok
C132709__X27__Y36.jpg,0.901603,21.192239,ok
C132709__X27__Y39.jpg,0.867605,23.170189,ok
C132709__X27__Y3C.jpg,0.924247,24.649026,ok
C132709__X27__Y3F.jpg,0.915022,25.366699,ok
C132709__X27__Y45.jpg,0.953805,36.798621,ok
C132709__X2A__Y06.jpg,0.890953,22.494307,ok
C132709__X2A__Y09.jpg,0.909010,22.793547,ok
C132709__X2A__Y0F.jpg,0.832162,19.284628,ok
C132710__X2A__Y2D.jpg,0.889378,22.464225,ok
C132710__X2A__Y45.jpg,0.953351,35.087329,ok
C132710__X2D__Y0C.jpg,0.855962,21.185886,ok
C132710__X2D__Y36.jpg,0.911822,24.008992,ok
C132710__X2D__Y39.jpg,0.920893,27.217189,ok
C132710__X2D__Y3C.jpg,0.903839,25.880741,ok
C132710__X2D__Y45.jpg,0.952786,36.014256,ok
C132710__X30__Y21.jpg,0.774836,16.236504,ok
C132710__X30__Y30.jpg,0.877034,23.812317,ok
C132710__X30__Y33.jpg,0.855740,18.609452,ok
C132710__X30__Y36.jpg,0.864926,19.937709,ok
C132710__X30__Y39.jpg,0.874823,24.467485,ok
C132710__X30__Y3C.jpg,0.909550,25.811774,ok
C132710__X30__Y45.jpg,0.952266,36.563632,ok
C132710__X33__Y2D.jpg,0.804785,18.197005,ok
C132710__X33__Y30.jpg,0.906401,23.547760,ok
C132710__X33__Y3C.jpg,0.931622,23.225195,ok
C132710__X33__Y3F.jpg,0.903574,22.097747,ok
C132710__X33__Y45.jpg,0.956483,37.215812,ok
C132710__X36__Y2A.jpg,0.842059,20.313544,ok
C132710__X36__Y30.jpg,0.891376,19.765005,ok
C132710__X36__Y36.jpg,0.859723,21.238640,ok
C132710__X36__Y3F.jpg,0.864294,19.670232,ok
C132710__X36__Y45.jpg,0.957258,36.642395,ok
C132710__X39__Y2A.jpg,0.926425,22.180627,ok
C132711__X39__Y33.jpg,0.903390,23.210077,ok
C132711__X39__Y36.jpg,0.864165,22.405235,ok
C132711__X39__Y45.jpg,0.950212,35.230850,ok
C132711__X3C__Y36.jpg,0.950681,28.677695,ok
C132711__X3C__Y39.jpg,0.915970,22.022555,ok
C132711__X3C__Y45.jpg,0.954986,30.366608,ok
C132711__X3F__Y27.jpg,0.910585,24.947303,ok
C132711__X3F__Y30.jpg,0.762085,18.778326,ok
C132711__X3F__Y36.jpg,0.826025,20.883035,ok
C132711__X3F__Y45.jpg,0.953138,31.629404,ok
C132711__X42__Y2A.jpg,0.801761,18.172463,ok
C132711__X42__Y33.jpg,0.863677,20.711172,ok
C132711__X42__Y45.jpg,0.955933,37.079173,ok
C132711__X45__Y2A.jpg,0.844586,19.238828,ok
C132711__X45__Y2D.jpg,0.891654,21.848273,ok
C132711__X45__Y45.jpg,0.953341,36.439485,ok
C132711__X06__Y45.jpg,0.954635,36.180139,ok
C132711__X09__Y45.jpg,0.961720,37.768363,ok
C132711__X0C__Y1B.jpg,0.786484,19.769447,ok
C132711__X0C__Y27.jpg,0.776993,18.818802,ok
C132711__X0C__Y2A.jpg,0.793043,20.512252,ok
C132711__X0C__Y2D.jpg,0.820070,20.481193,ok
C132711__X0C__Y30.jpg,0.805061,18.397100,ok
C132711__X0C__Y45.jpg,0.958312,35.966384,ok
C132711__X0F__Y18.jpg,0.852940,21.338199,ok
C132712__X0F__Y1B.jpg,0.872472,22.273122,ok
C132712__X0F__Y21.jpg,0.764237,18.466843,ok
C132712__X0F__Y24.jpg,0.832373,19.538261,ok
C132712__X0F__Y27.jpg,0.743737,18.405894,ok
C132712__X0F__Y2A.jpg,0.780887,19.422864,ok
C132712__X0F__Y36.jpg,0.845129,20.822919,ok
C132712__X12__Y18.jpg,0.857264,21.273271,ok
C132712__X12__Y1B.jpg,0.775509,19.521569,ok
C132712__X12__Y27.jpg,0.826490,20.697793,ok
C132712__X12__Y2A.jpg,0.686863,14.109855,ok
C132712__X12__Y33.jpg,0.792716,19.069025,ok
C132712__X12__Y36.jpg,0.762707,20.029497,ok
C132712__X12__Y45.jpg,0.943180,33.334852,ok
C132712__X15__Y0F.jpg,0.925049,22.518988,ok
C132712__X15__Y12.jpg,0.750740,17.634884,ok
C132712__X15__Y27.jpg,0.824734,19.042375,ok
C132712__X15__Y36.jpg,0.762400,19.205296,ok
C132712__X15__Y45.jpg,0.952692,29.935374,ok
C132712__X18__Y45.jpg,0.951096,30.852447,ok
C132712__X1B__Y0C.jpg,0.906195,24.418087,ok
C132712__X1B__Y0F.jpg,0.749987,17.626818,ok
C132712__X1B__Y18.jpg,0.784769,17.742176,ok
C132712__X1B__Y36.jpg,0.778716,19.513536,ok
C132712__X1B__Y45.jpg,0.955195,36.755581,ok
C132712__X1E__Y0C.jpg,0.830044,21.290249,ok
C132713__X1E__Y0F.jpg,0.738926,16.946219,ok
C132713__X1E__Y36.jpg,0.769816,17.657353,ok
C132713__X1E__Y45.jpg,0.947804,31.730119,ok
C132713__X21__Y0C.jpg,0.898740,23.239517,ok
C132713__X21__Y45.jpg,0.910081,22.186001,ok
C132713__X24__Y0C.jpg,0.785695,19.131716,ok
C132713__X27__Y09.jpg,0.853917,21.494836,ok
C132713__X27__Y0C.jpg,0.752671,19.289872,ok
C132713__X27__Y0F.jpg,0.811752,20.544558,ok
C132713__X27__Y33.jpg,0.745889,18.946009,ok
C132713__X27__Y36.jpg,0.787571,20.036304,ok
C132713__X27__Y39.jpg,0.788386,22.355985,ok
C132713__X2A__Y0C.jpg,0.811396,20.759336,ok
C132713__X2A__Y2A.jpg,0.794962,18.490600,ok
C132713__X2A__Y33.jpg,0.774960,18.773325,ok
C132713__X2A__Y36.jpg,0.757731,19.235081,ok
C132713__X2A__Y45.jpg,0.933200,28.869127,ok
C132713__X2D__Y09.jpg,0.806058,20.127385,ok
C132713__X2D__Y0C.jpg,0.853371,20.663392,ok
C132713__X2D__Y27.jpg,0.798073,19.667807,ok
C132713__X2D__Y36.jpg,0.777977,19.800462,ok
C132713__X2D__Y45.jpg,0.948026,34.501546,ok
C132713__X30__Y09.jpg,0.864203,23.059596,ok
C132713__X30__Y0C.jpg,0.784998,20.777952,ok
C132713__X30__Y36.jpg,0.807456,20.531171,ok
C132714__X30__Y42.jpg,0.748080,19.132448,ok
C132714__X30__Y45.jpg,0.952251,33.520852,ok
C132714__X33__Y0C.jpg,0.847603,21.987700,ok
C132714__X33__Y27.jpg,0.836509,20.917040,ok
C132714__X33__Y45.jpg,0.951328,34.024586,ok
C132714__X36__Y27.jpg,0.792581,19.859534,ok
C132714__X36__Y36.jpg,0.798141,19.694015,ok
C132714__X36__Y45.jpg,0.946624,36.831800,ok
C132714__X39__Y0C.jpg,0.802809,17.469522,ok
C132714__X39__Y27.jpg,0.770938,19.507679,ok
C132714__X39__Y45.jpg,0.957650,37.282284,ok
C132714__X3C__Y45.jpg,0.954172,33.416244,ok
C132714__X3F__Y27.jpg,0.799304,17.911725,ok
C132714__X3F__Y45.jpg,0.955495,34.973813,ok
C132714__X42__Y15.jpg,0.742266,16.614204,ok
C132714__X42__Y33.jpg,0.742464,17.423342,ok
C132714__X42__Y45.jpg,0.957014,37.381423,ok
C132714__X45__Y1B.jpg,0.781981,19.402685,ok
C132714__X45__Y2A.jpg,0.770298,18.331719,ok
C132714__X45__Y2D.jpg,0.763801,18.269021,ok
C132714__X45__Y45.jpg,0.957944,36.028021,ok
C132714__X18__Y30.jpg,0.863368,26.550647,ok
C132714__X1B__Y1E.jpg,0.849524,23.427106,ok
C132714__X1B__Y21.jpg,0.801702,22.183437,ok
C132714__X1B__Y24.jpg,0.903845,22.879778,ok
C132715__X1E__Y0F.jpg,0.810109,22.157678,ok
C132715__X1E__Y12.jpg,0.873332,23.433491,ok
C132715__X1E__Y1E.jpg,0.876843,21.447515,ok
C132715__X1E__Y27.jpg,0.801112,22.314571,ok
C132715__X1E__Y2A.jpg,0.872461,25.446208,ok
C132715__X1E__Y30.jpg,0.851104,24.920743,ok
C132715__X21__Y12.jpg,0.874480,26.639295,ok
C132715__X24__Y0C.jpg,0.775063,22.193649,ok
C132715__X24__Y0F.jpg,0.866478,24.163505,ok
C132715__X24__Y12.jpg,0.886453,23.891752,ok
C132715__X24__Y15.jpg,0.879684,23.854868,ok
C132715__X24__Y18.jpg,0.892190,25.124940,ok
C132715__X24__Y1E.jpg,0.860963,25.158198,ok
C132715__X27__Y0C.jpg,0.873316,23.066221,ok
C132715__X27__Y0F.jpg,0.863163,16.617571,ok
C132715__X27__Y12.jpg,0.927185,26.487173,ok
C132715__X27__Y15.jpg,0.891007,26.196670,ok
C132715__X27__Y18.jpg,0.858217,22.907233,ok
C132715__X27__Y1B.jpg,0.833114,22.872486,ok
C132715__X27__Y1E.jpg,0.882663,25.036081,ok
C132715__X27__Y21.jpg,0.845256,22.842201,ok
C132715__X27__Y24.jpg,0.821801,22.421390,ok
C132715__X2A__Y15.jpg,0.754549,20.263444,ok
C132715__X2A__Y1B.jpg,0.820381,22.463674,ok
C132715__X2A__Y1E.jpg,0.876277,24.051322,ok
C132716__X2A__Y21.jpg,0.820126,19.722070,ok
C132716__X2A__Y27.jpg,0.815818,21.121706,ok
C132716__X2A__Y2D.jpg,0.787627,19.955109,ok
C132716__X2D__Y09.jpg,0.769389,20.717505,ok
C132716__X2D__Y0C.jpg,0.871962,24.523314,ok
C132716__X2D__Y0F.jpg,0.840370,23.569986,ok
C132716__X2D__Y12.jpg,0.847181,23.493842,ok
C132716__X2D__Y15.jpg,0.873138,23.724834,ok
C132716__X2D__Y18.jpg,0.869341,25.116822,ok
C132716__X2D__Y1B.jpg,0.884948,25.760356,ok
C132716__X2D__Y1E.jpg,0.901463,29.394628,ok
C132716__X2D__Y2A.jpg,0.873401,24.117992,ok
C132716__X2D__Y2D.jpg,0.818666,22.585279,ok
C132716__X30__Y09.jpg,0.911573,25.170134,ok
C132716__X30__Y0C.jpg,0.784414,23.330083,ok
C132716__X30__Y0F.jpg,0.775796,21.785141,ok
C132716__X30__Y12.jpg,0.883358,25.524283,ok
C132716__X30__Y15.jpg,0.816001,22.535804,ok
C132716__X30__Y18.jpg,0.901944,27.985451,ok
C132716__X30__Y1B.jpg,0.774725,20.575388,ok
C132716__X30__Y1E.jpg,0.863965,24.389348,ok
C132716__X30__Y21.jpg,0.870319,24.963547,ok
C132716__X33__Y0C.jpg,0.881412,24.975274,ok
C132716__X33__Y12.jpg,0.894010,25.623490,ok
C132716__X33__Y15.jpg,0.813367,23.628913,ok
C132717__X33__Y18.jpg,0.818225,20.057750,ok
C132717__X33__Y1B.jpg,0.799717,21.256951,ok
C132717__X33__Y1E.jpg,0.877103,25.452575,ok
C132717__X36__Y0C.jpg,0.838104,22.481841,ok
C132717__X36__Y0F.jpg,0.798859,22.292846,ok
C132717__X36__Y12.jpg,0.813094,22.729626,ok
C132717__X36__Y15.jpg,0.744970,19.873084,ok
C132717__X36__Y21.jpg,0.907586,23.946764,ok
C132717__X36__Y27.jpg,0.831026,21.136879,ok
C132717__X36__Y2A.jpg,0.836043,22.842905,ok
C132717__X39__Y0F.jpg,0.834764,23.561690,ok
C132717__X39__Y12.jpg,0.870307,25.313959,ok
C132717__X39__Y15.jpg,0.829710,22.516433,ok
C132717__X39__Y18.jpg,0.834664,22.681782,ok
C132717__X39__Y1B.jpg,0.839328,21.765322,ok
C132717__X39__Y21.jpg,0.852354,23.020772,ok
C132717__X39__Y24.jpg,0.885671,26.810547,ok
C132717__X39__Y27.jpg,0.879048,24.541573,ok
C132717__X39__Y2A.jpg,0.854182,23.176264,ok
C132717__X3C__Y12.jpg,0.685213,19.673628,ok
C132717__X3C__Y15.jpg,0.826037,19.197333,ok
C132717__X3C__Y1B.jpg,0.806623,21.031586,ok
C132717__X3C__Y24.jpg,0.889186,24.683023,ok
C132717__X3F__Y15.jpg,0.874329,24.948440,ok
C132717__X3F__Y18.jpg,0.877497,25.228906,ok
C132718__X3F__Y2A.jpg,0.857171,23.327327,ok
C132718__X0F__Y27.jpg,0.877744,20.703977,ok
C132718__X0F__Y30.jpg,0.868868,28.191472,ok
C132718__X12__Y27.jpg,0.889825,27.207758,ok
C132718__X12__Y2A.jpg,0.881675,23.821821,ok
C132718__X12__Y30.jpg,0.886511,25.295290,ok
C132718__X18__Y24.jpg,0.917995,28.897083,ok
C132718__X1B__Y2A.jpg,0.921162,29.130767,ok
C132718__X21__Y30.jpg,0.917519,24.630761,ok
C132718__X21__Y33.jpg,0.901756,28.685435,ok
C132718__X24__Y27.jpg,0.750155,24.643252,ok
C132718__X24__Y2A.jpg,0.845791,27.432052,ok
C132718__X24__Y2D.jpg,0.916924,29.453711,ok
C132718__X24__Y30.jpg,0.900158,28.691827,ok
C132718__X24__Y42.jpg,0.877099,25.240646,ok
C132718__X27__Y24.jpg,0.842213,24.472838,ok
C132718__X27__Y27.jpg,0.819613,24.374618,ok
C132718__X27__Y2A.jpg,0.852731,23.398364,ok
C132718__X27__Y2D.jpg,0.847331,27.778885,ok
C132718__X27__Y30.jpg,0.890898,24.296207,ok
C132718__X27__Y33.jpg,0.875264,24.715610,ok
C132718__X27__Y42.jpg,0.909314,27.349349,ok
C132718__X2A__Y2A.jpg,0.918046,31.814161,ok
C132718__X2A__Y2D.jpg,0.884272,28.795450,ok
C132718__X2A__Y33.jpg,0.825984,24.803791,ok
C132719__X2D__Y1E.jpg,0.898477,23.625844,ok
C132719__X2D__Y27.jpg,0.834676,24.035553,ok
C132719__X2D__Y2A.jpg,0.863868,27.909188,ok
C132719__X2D__Y2D.jpg,0.849881,27.629348,ok
C132719__X2D__Y33.jpg,0.901214,26.245546,ok
C132719__X2D__Y3C.jpg,0.928721,23.200987,ok
C132719__X30__Y27.jpg,0.874915,27.699632,ok
C132719__X30__Y2A.jpg,0.820274,28.006229,ok
C132719__X30__Y30.jpg,0.743722,19.607644,ok
C132719__X30__Y33.jpg,0.857039,25.723833,ok
C132719__X33__Y1B.jpg,0.914011,21.983187,ok
C132719__X33__Y24.jpg,0.885735,25.505334,ok
C132719__X33__Y27.jpg,0.820406,25.841381,ok
C132719__X33__Y2A.jpg,0.802381,22.237800,ok
C132719__X33__Y30.jpg,0.907858,30.345388,ok
C132719__X33__Y33.jpg,0.812483,24.780598,ok
C132719__X36__Y1B.jpg,0.875780,25.281997,ok
C132719__X36__Y1E.jpg,0.807676,24.742524,ok
C132719__X36__Y24.jpg,0.830233,26.103299,ok
C132719__X36__Y27.jpg,0.833840,25.137912,ok
C132719__X36__Y2D.jpg,0.799916,23.484374,ok
C132719__X36__Y30.jpg,0.851169,25.812748,ok
C132719__X36__Y33.jpg,0.936920,29.447666,ok
C132719__X36__Y3F.jpg,0.816065,24.285145,ok
C132719__X39__Y18.jpg,0.846560,28.467456,ok
C132720__X39__Y1B.jpg,0.874236,28.193448,ok
C132720__X39__Y1E.jpg,0.823250,24.164536,ok
C132720__X39__Y21.jpg,0.805095,23.201168,ok
C132720__X39__Y27.jpg,0.877554,28.317586,ok
C132720__X39__Y30.jpg,0.883164,26.557990,ok
C132720__X39__Y33.jpg,0.853247,24.772588,ok
C132720__X3C__Y18.jpg,0.861558,28.460650,ok
C132720__X3C__Y1B.jpg,0.839524,25.040639,ok
C132720__X3C__Y1E.jpg,0.863357,28.616368,ok
C132720__X3C__Y21.jpg,0.851575,26.843108,ok
C132720__X3C__Y24.jpg,0.872952,26.418332,ok
C132720__X3C__Y27.jpg,0.877838,24.359287,ok
C132720__X3C__Y2A.jpg,0.815202,24.356545,ok
C132720__X3C__Y2D.jpg,0.821286,26.634218,ok
C132720__X3C__Y30.jpg,0.874621,25.774087,ok
C132720__X3C__Y33.jpg,0.845991,22.887686,ok
C132720__X3F__Y18.jpg,0.820133,23.885911,ok
C132720__X3F__Y1B.jpg,0.926026,29.539806,ok
C132720__X3F__Y1E.jpg,0.840168,26.441533,ok
C132720__X3F__Y21.jpg,0.831230,26.813779,ok
C132720__X3F__Y24.jpg,0.757631,22.134637,ok
C132720__X3F__Y27.jpg,0.883422,28.557842,ok
C132720__X3F__Y2D.jpg,0.873430,27.125163,ok
C132720__X3F__Y30.jpg,0.830854,24.727457,ok
C132720__X42__Y1B.jpg,0.883037,27.997679,ok
C132721__X42__Y1E.jpg,0.901347,27.684617,ok
C132721__X42__Y24.jpg,0.850105,25.653384,ok
C132721__X42__Y27.jpg,0.823755,25.294847,ok
C132721__X42__Y2D.jpg,0.837793,24.928680,ok
C132721__X45__Y24.jpg,0.865032,26.385221,ok
C132721__X45__Y27.jpg,0.896540,28.074699,ok
C132721__X09__Y21.jpg,0.836452,23.076007,ok
C132721__X09__Y24.jpg,0.873938,25.460035,ok
C132721__X09__Y27.jpg,0.889138,24.671717,ok
C132721__X09__Y2A.jpg,0.825071,21.898454,ok
C132721__X0C__Y1B.jpg,0.828954,21.886266,ok
C132721__X0C__Y1E.jpg,0.854788,21.211799,ok
C132721__X0C__Y21.jpg,0.821269,20.220435,ok
C132721__X0C__Y24.jpg,0.823202,20.859774,ok
C132721__X0C__Y27.jpg,0.799767,22.395237,ok
C132721__X0C__Y2A.jpg,0.736473,19.641830,ok
C132721__X0C__Y2D.jpg,0.805202,19.575158,ok
C132721__X0F__Y15.jpg,0.838845,21.341768,ok
C132721__X0F__Y18.jpg,0.833825,20.446264,ok
C132721__X0F__Y1B.jpg,0.888697,24.148678,ok
C132721__X0F__Y1E.jpg,0.871481,24.160950,ok
C132721__X0F__Y24.jpg,0.779061,18.976175,ok
C132721__X0F__Y27.jpg,0.800843,21.899706,ok
C132721__X0F__Y2A.jpg,0.751675,18.476241,ok
C132721__X0F__Y2D.jpg,0.752238,17.757842,ok
C132722__X0F__Y33.jpg,0.816526,23.007448,ok
C132722__X12__Y0F.jpg,0.838569,22.291483,ok
C132722__X12__Y1B.jpg,0.853317,22.498694,ok
C132722__X12__Y1E.jpg,0.862241,22.942454,ok
C132722__X12__Y24.jpg,0.816844,19.677615,ok
C132722__X12__Y27.jpg,0.857470,24.268159,ok
C132722__X12__Y2A.jpg,0.833914,20.449362,ok
C132722__X12__Y33.jpg,0.759121,20.278077,ok
C132722__X12__Y36.jpg,0.855352,22.728222,ok
C132722__X12__Y39.jpg,0.805004,20.483109,ok
C132722__X15__Y0F.jpg,0.828125,21.778846,ok
C132722__X15__Y18.jpg,0.889590,25.098040,ok
C132722__X15__Y21.jpg,0.755929,17.313699,ok
C132722__X15__Y27.jpg,0.781290,19.983833,ok
C132722__X15__Y2A.jpg,0.740971,18.695472,ok
C132722__X15__Y2D.jpg,0.749915,18.977200,ok
C132722__X15__Y30.jpg,0.845531,19.039275,ok
C132722__X15__Y33.jpg,0.851644,20.983231,ok
C132722__X15__Y36.jpg,0.805272,21.613271,ok
C132722__X15__Y39.jpg,0.861583,22.438029,ok
C132722__X18__Y1B.jpg,0.782483,20.232152,ok
C132722__X18__Y27.jpg,0.862383,22.527520,ok
C132722__X18__Y2A.jpg,0.872622,22.839191,ok
C132722__X18__Y36.jpg,0.712675,19.053403,ok
C132722__X1B__Y1B.jpg,0.758833,20.501412,ok
C132723__X1B__Y21.jpg,0.753729,18.559892,ok
C132723__X1B__Y27.jpg,0.867939,24.529620,ok
C132723__X1B__Y2A.jpg,0.798476,20.697576,ok
C132723__X1B__Y2D.jpg,0.739644,17.547188,ok
C132723__X1B__Y36.jpg,0.773755,19.576174,ok
C132723__X1B__Y39.jpg,0.711331,18.044667,ok
C132723__X1E__Y24.jpg,0.842802,18.613079,ok
C132723__X21__Y24.jpg,0.887451,24.386350,ok
C132723__X21__Y27.jpg,0.808679,21.294875,ok
C132723__X24__Y0C.jpg,0.889099,23.154382,ok
C132723__X27__Y09.jpg,0.831512,22.926368,ok
C132723__X27__Y0C.jpg,0.847714,20.748564,ok
C132723__X27__Y18.jpg,0.829015,23.768543,ok
C132723__X27__Y1B.jpg,0.880266,26.035212,ok
C132723__X27__Y24.jpg,0.842884,20.768580,ok
C132723__X2A__Y09.jpg,0.858089,23.585637,ok
C132723__X2A__Y0C.jpg,0.839110,21.948193,ok
C132723__X2A__Y0F.jpg,0.810300,22.727569,ok
C132723__X2A__Y12.jpg,0.758888,19.281637,ok
C132723__X2A__Y15.jpg,0.807065,20.421193,ok
C132723__X2A__Y1B.jpg,0.855926,25.702596,ok
C132723__X2A__Y24.jpg,0.833813,20.520439,ok
C132723__X2D__Y09.jpg,0.836393,23.350297,ok
C132723__X2D__Y0C.jpg,0.770022,20.114706,ok
C132723__X2D__Y0F.jpg,0.877493,20.295896,ok
C132724__X2D__Y1B.jpg,0.819764,21.635987,ok
C132724__X30__Y09.jpg,0.858946,25.970880,ok
C132724__X30__Y0C.jpg,0.859057,23.612906,ok
C132724__X30__Y0F.jpg,0.834809,21.255666,ok
C132724__X30__Y18.jpg,0.835090,20.326287,ok
C132724__X33__Y09.jpg,0.748378,22.824140,ok
C132724__X33__Y0C.jpg,0.782433,19.379527,ok
C132724__X36__Y0C.jpg,0.795743,20.954469,ok
C132724__X39__Y0C.jpg,0.755111,20.632070,ok
C132724__X45__Y18.jpg,0.903303,22.813430,ok
C132724__X45__Y30.jpg,0.900078,21.816770,ok
C132724__X0C__Y24.jpg,0.831621,20.210740,ok
C132724__X12__Y27.jpg,0.855957,20.158020,ok
C132724__X18__Y21.jpg,0.857965,22.009744,ok
C132724__X1B__Y21.jpg,0.852959,21.858084,ok
C132724__X1E__Y21.jpg,0.883670,22.442752,ok
C132724__X21__Y15.jpg,0.878671,22.525922,ok
C132724__X21__Y18.jpg,0.899764,24.130540,ok
C132724__X21__Y1B.jpg,0.848332,20.386097,ok
C132724__X21__Y21.jpg,0.871653,24.733952,ok
C132724__X21__Y24.jpg,0.771326,19.871880,ok
C132724__X21__Y30.jpg,0.782694,17.497157,ok
C132724__X24__Y15.jpg,0.860010,20.972684,ok
C132724__X24__Y21.jpg,0.830611,21.468660,ok
C132724__X24__Y2D.jpg,0.830856,20.489336,ok
C132725__X27__Y18.jpg,0.864062,22.163106,ok
C132725__X27__Y1E.jpg,0.816626,19.406584,ok
C132725__X27__Y21.jpg,0.847822,22.484920,ok
C132725__X27__Y27.jpg,0.814696,19.505139,ok
C132725__X27__Y2D.jpg,0.820487,20.373262,ok
C132725__X2A__Y12.jpg,0.827271,18.858147,ok
C132725__X2A__Y15.jpg,0.868231,22.148255,ok
C132725__X2A__Y18.jpg,0.865440,22.019196,ok
C132725__X2A__Y1B.jpg,0.810822,19.481771,ok
C132725__X2A__Y1E.jpg,0.802040,18.923148,ok
C132725__X2A__Y21.jpg,0.838853,19.999734,ok
C132725__X2A__Y24.jpg,0.842953,20.397047,ok
C132725__X2A__Y27.jpg,0.775854,18.276121,ok
C132725__X2A__Y2D.jpg,0.836572,20.742067,ok
C132725__X2A__Y3C.jpg,0.855729,21.454978,ok
C132725__X2D__Y12.jpg,0.845645,21.028012,ok
C132725__X2D__Y15.jpg,0.884099,24.838194,ok
C132725__X2D__Y18.jpg,0.868095,22.292972,ok
C132725__X2D__Y21.jpg,0.817564,22.127761,ok
C132725__X2D__Y24.jpg,0.841453,22.425690,ok
C132725__X2D__Y27.jpg,0.860346,20.210346,ok
C132725__X2D__Y2D.jpg,0.834605,19.371125,ok
C132725__X2D__Y30.jpg,0.817402,20.985009,ok
C132725__X2D__Y33.jpg,0.792424,19.959243,ok
C132725__X2D__Y3C.jpg,0.816916,19.718436,ok
C132726__X30__Y15.jpg,0.835021,20.374084,ok
C132726__X30__Y21.jpg,0.778278,20.415119,ok
C132726__X30__Y2D.jpg,0.837229,21.327207,ok
C132726__X30__Y30.jpg,0.829584,20.966479,ok
C132726__X33__Y0C.jpg,0.851408,17.215026,ok
C132726__X33__Y12.jpg,0.873438,23.149281,ok
C132726__X33__Y15.jpg,0.860676,22.105867,ok
C132726__X33__Y18.jpg,0.834314,20.397749,ok
C132726__X33__Y21.jpg,0.863290,23.185889,ok
C132726__X33__Y24.jpg,0.816108,17.533448,ok
C132726__X33__Y2D.jpg,0.844587,21.087109,ok
C132726__X33__Y30.jpg,0.781212,18.502375,ok
C132726__X33__Y3C.jpg,0.833539,20.503226,ok
C132726__X36__Y12.jpg,0.898746,24.777204,ok
C132726__X36__Y15.jpg,0.823844,20.366099,ok
C132726__X36__Y21.jpg,0.853741,23.155212,ok
C132726__X36__Y24.jpg,0.845044,20.672761,ok
C132726__X36__Y27.jpg,0.851111,21.403472,ok
C132726__X36__Y30.jpg,0.762214,18.169716,ok
C132726__X36__Y3C.jpg,0.836697,22.034678,ok
C132726__X39__Y12.jpg,0.875851,21.779554,ok
C132726__X39__Y18.jpg,0.809297,19.745501,ok
C132726__X39__Y21.jpg,0.809444,18.978990,ok
C132726__X39__Y24.jpg,0.841978,21.131250,ok
C132726__X39__Y30.jpg,0.787995,18.180945,ok
C132727__X39__Y3C.jpg,0.836066,18.959081,ok
C132727__X3F__Y18.jpg,0.729932,16.410017,ok
C132727__X3F__Y33.jpg,0.786457,17.423054,ok
C132727__X42__Y18.jpg,0.847430,20.319438,ok
C132727__X42__Y21.jpg,0.812911,19.338515,ok
C132727__X42__Y24.jpg,0.775402,18.983514,ok
C132727__X42__Y27.jpg,0.776096,17.656088,ok
C132727__X42__Y30.jpg,0.826369,20.125984,ok
C132727__X42__Y36.jpg,0.825524,17.862124,ok
C132727__X45__Y18.jpg,0.925333,25.444051,ok
C132727__X45__Y1B.jpg,0.885095,23.344867,ok
C132727__X45__Y1E.jpg,0.879920,22.448462,ok
C132727__X45__Y24.jpg,0.837854,20.323294,ok
C132727__X45__Y27.jpg,0.855725,20.844730,ok
C132727__X45__Y30.jpg,0.801812,18.767360,ok
C132727__X45__Y33.jpg,0.914763,23.827790,ok
C132727__X0C__Y21.jpg,0.852129,23.263376,ok
C132727__X0F__Y15.jpg,0.800594,21.499660,ok
C132727__X0F__Y18.jpg,0.815371,22.305779,ok
C132727__X0F__Y1B.jpg,0.814896,19.816643,ok
C132727__X0F__Y1E.jpg,0.766627,18.964138,ok
C132727__X0F__Y21.jpg,0.809651,20.267598,ok
C132727__X0F__Y24.jpg,0.740257,18.859354,ok
C132727__X0F__Y27.jpg,0.801306,22.501589,ok
C132727__X12__Y15.jpg,0.821617,20.660083,ok
C132728__X12__Y18.jpg,0.731319,17.306856,ok
C132728__X12__Y1B.jpg,0.779432,20.204450,ok
C132728__X12__Y1E.jpg,0.783115,20.530383,ok
C132728__X12__Y21.jpg,0.794860,20.306075,ok
C132728__X12__Y27.jpg,0.777057,19.061595,ok
C132728__X12__Y2D.jpg,0.823759,20.215491,ok
C132728__X12__Y30.jpg,0.763884,20.249215,ok
C132728__X15__Y0C.jpg,0.798194,20.281917,ok
C132728__X15__Y27.jpg,0.744761,17.929990,ok
C132728__X15__Y2D.jpg,0.755576,19.445605,ok
C132728__X15__Y30.jpg,0.809262,20.792057,ok
C132728__X15__Y36.jpg,0.873406,22.423150,ok
C132728__X18__Y30.jpg,0.795193,21.596300,ok
C132728__X18__Y33.jpg,0.780284,21.060451,ok
C132728__X18__Y36.jpg,0.808828,19.878664,ok
C132728__X1B__Y0C.jpg,0.728305,19.288912,ok
C132728__X1B__Y27.jpg,0.706390,16.767881,ok
C132728__X1B__Y33.jpg,0.756507,20.306338,ok
C132728__X1B__Y36.jpg,0.786090,21.307140,ok
C132728__X1B__Y39.jpg,0.806826,20.733147,ok
C132728__X1E__Y06.jpg,0.851195,21.634923,ok
C132728__X1E__Y33.jpg,0.700067,17.854773,ok
C132728__X1E__Y36.jpg,0.764980,20.224556,ok
C132728__X1E__Y39.jpg,0.706259,16.402280,ok
C132728__X21__Y39.jpg,0.787213,20.016824,ok
C132729__X21__Y3C.jpg,0.789341,20.352441,ok
C132729__X24__Y06.jpg,0.793336,20.762898,ok
C132729__X24__Y27.jpg,0.731176,18.864842,ok
C132729__X24__Y36.jpg,0.827686,22.685121,ok
C132729__X24__Y39.jpg,0.747037,18.692073,ok
C132729__X24__Y3C.jpg,0.759663,18.338604,ok
C132729__X27__Y06.jpg,0.795100,21.272391,ok
C132729__X27__Y33.jpg,0.792457,20.631306,ok
C132729__X27__Y3C.jpg,0.752537,18.813260,ok
C132729__X27__Y3F.jpg,0.857129,22.707515,ok
C132729__X2A__Y0C.jpg,0.734438,18.335185,ok
C132729__X2A__Y0F.jpg,0.744310,18.625337,ok
C132729__X2A__Y18.jpg,0.739553,16.491545,ok
C132729__X2A__Y21.jpg,0.741096,18.217970,ok
C132729__X2A__Y24.jpg,0.696204,17.441012,ok
C132729__X2A__Y2D.jpg,0.750679,19.987581,ok
C132729__X2A__Y33.jpg,0.781599,20.667104,ok
C132729__X2A__Y36.jpg,0.727973,17.862276,ok
C132729__X2A__Y39.jpg,0.732291,18.575683,ok
C132729__X2A__Y3C.jpg,0.737515,19.118925,ok
C132729__X2A__Y3F.jpg,0.867725,25.912429,ok
C132729__X2D__Y2A.jpg,0.736624,19.118199,ok
C132729__X2D__Y39.jpg,0.771665,19.377677,ok
C132729__X2D__Y3C.jpg,0.744064,20.433223,ok
C132729__X2D__Y3F.jpg,0.753616,20.194434,ok
C132730__X30__Y1E.jpg,0.722482,18.770217,ok
C132730__X30__Y33.jpg,0.733726,19.031717,ok
C132730__X30__Y36.jpg,0.727772,19.466684,ok
C132730__X30__Y39.jpg,0.728966,19.249909,ok
C132730__X30__Y3C.jpg,0.739406,18.563792,ok
C132730__X30__Y3F.jpg,0.808221,22.719098,ok
C132730__X33__Y30.jpg,0.760862,18.864916,ok
C132730__X33__Y36.jpg,0.681074,18.575022,ok
C132730__X33__Y3C.jpg,0.740197,18.901404,ok
C132730__X33__Y3F.jpg,0.707133,18.977413,ok
C132730__X36__Y27.jpg,0.780242,18.824118,ok
C132730__X36__Y39.jpg,0.751379,20.786729,ok
C132730__X36__Y3C.jpg,0.770805,20.727718,ok
C132730__X39__Y3C.jpg,0.768440,20.116393,ok
C132730__X3C__Y39.jpg,0.648999,16.515245,ok
C132730__X3F__Y2A.jpg,0.667096,17.083376,ok
C132730__X3F__Y33.jpg,0.704666,17.657512,ok
C132730__X3F__Y39.jpg,0.907253,26.524477,ok
C132730__X42__Y36.jpg,0.915049,23.900458,ok
C132730__X45__Y15.jpg,0.735357,19.128234,ok
C132730__X45__Y30.jpg,0.759664,19.862363,ok
C132730__X0C__Y1E.jpg,0.880147,25.598676,ok
C132730__X0C__Y21.jpg,0.888436,28.128384,ok
C132730__X0C__Y27.jpg,0.840311,21.898856,ok
C132730__X0F__Y18.jpg,0.876722,23.612026,ok
C132731__X0F__Y1B.jpg,0.818774,20.275873,ok
C132731__X0F__Y1E.jpg,0.830533,21.617515,ok
C132731__X0F__Y21.jpg,0.826398,21.604929,ok
C132731__X0F__Y24.jpg,0.761344,19.089884,ok
C132731__X0F__Y27.jpg,0.838744,21.700349,ok
C132731__X0F__Y2A.jpg,0.793586,18.128528,ok
C132731__X12__Y12.jpg,0.845521,23.434485,ok
C132731__X12__Y15.jpg,0.855231,21.944074,ok
C132731__X12__Y18.jpg,0.818941,21.339941,ok
C132731__X12__Y1B.jpg,0.852244,22.182700,ok
C132731__X12__Y1E.jpg,0.811309,20.608507,ok
C132731__X12__Y21.jpg,0.753367,19.471610,ok
C132731__X12__Y24.jpg,0.732064,18.259235,ok
C132731__X15__Y0F.jpg,0.858551,21.250563,ok
C132731__X15__Y12.jpg,0.833134,20.088567,ok
C132731__X15__Y15.jpg,0.748313,19.617114,ok
C132731__X15__Y1E.jpg,0.721137,17.781469,ok
C132731__X15__Y21.jpg,0.756703,18.987039,ok
C132731__X18__Y0C.jpg,0.805080,19.869223,ok
C132731__X18__Y0F.jpg,0.824979,22.742874,ok
C132731__X18__Y12.jpg,0.750814,17.825120,ok
C132731__X18__Y18.jpg,0.784054,19.906590,ok
C132731__X18__Y39.jpg,0.773634,16.357572,ok
C132731__X1B__Y0C.jpg,0.858978,22.211381,ok
C132731__X1B__Y0F.jpg,0.846861,21.155144,ok
C132732__X1B__Y12.jpg,0.731991,19.404835,ok
C132732__X1B__Y21.jpg,0.721491,18.049204,ok
C132732__X1E__Y09.jpg,0.886586,24.261854,ok
C132732__X1E__Y0C.jpg,0.812436,19.118363,ok
C132732__X1E__Y0F.jpg,0.801868,19.832334,ok
C132732__X1E__Y3C.jpg,0.652520,16.713354,ok
C132732__X21__Y09.jpg,0.839276,21.267805,ok
C132732__X21__Y0C.jpg,0.757321,18.541654,ok
C132732__X21__Y0F.jpg,0.781341,19.709936,ok
C132732__X21__Y12.jpg,0.735435,17.230503,ok
C132732__X24__Y09.jpg,0.878101,23.556910,ok
C132732__X24__Y0C.jpg,0.797721,19.831392,ok
C132732__X24__Y0F.jpg,0.769361,19.434672,ok
C132732__X27__Y06.jpg,0.849584,21.145297,ok
C132732__X27__Y09.jpg,0.831910,21.322030,ok
C132732__X27__Y0C.jpg,0.819430,20.251220,ok
C132732__X27__Y0F.jpg,0.781839,20.237508,ok
C132732__X27__Y1B.jpg,0.659300,15.661898,ok
C132732__X27__Y1E.jpg,0.686734,15.945212,ok
C132732__X27__Y24.jpg,0.691057,18.029786,ok
C132732__X27__Y27.jpg,0.722553,17.173031,ok
C132732__X27__Y2A.jpg,0.697428,16.811566,ok
C132732__X27__Y2D.jpg,0.719387,16.303941,ok
C132732__X27__Y3C.jpg,0.721120,15.815187,ok
C132732__X2A__Y06.jpg,0.827150,21.615001,ok
C132733__X2A__Y09.jpg,0.840355,23.370149,ok
C132733__X2A__Y0C.jpg,0.749170,18.571686,ok
C132733__X2A__Y0F.jpg,0.775049,19.879092,ok
C132733__X2A__Y12.jpg,0.699881,17.731469,ok
C132733__X2A__Y2D.jpg,0.760012,19.430051,ok
C132733__X2D__Y06.jpg,0.841647,23.781193,ok
C132733__X2D__Y09.jpg,0.772340,19.133956,ok
C132733__X2D__Y0C.jpg,0.804962,20.265620,ok
C132733__X2D__Y0F.jpg,0.759081,17.858053,ok
C132733__X2D__Y27.jpg,0.719632,17.119746,ok
C132733__X2D__Y2D.jpg,0.730382,18.170463,ok
C132733__X2D__Y30.jpg,0.701632,17.375339,ok
C132733__X2D__Y39.jpg,0.748918,17.686377,ok
C132733__X30__Y09.jpg,0.825204,20.803982,ok
C132733__X30__Y0C.jpg,0.847390,22.327936,ok
C132733__X30__Y27.jpg,0.774349,19.922147,ok
C132733__X33__Y09.jpg,0.826850,20.282875,ok
C132733__X33__Y0C.jpg,0.764234,19.120703,ok
C132733__X36__Y09.jpg,0.821911,20.587214,ok
C132733__X36__Y0C.jpg,0.811493,19.506145,ok
C132733__X36__Y30.jpg,0.763407,19.282726,ok
C132733__X3C__Y0C.jpg,0.803084,20.470396,ok
C132733__X3C__Y3F.jpg,0.844517,19.653648,ok
C132733__X3F__Y0F.jpg,0.764515,18.066393,ok
C132733__X45__Y1B.jpg,0.787917,19.761683,ok
C132734__X45__Y36.jpg,0.853986,21.649105,ok
C132734__X06__Y45.jpg,0.960966,34.956893,ok
C132734__X09__Y45.jpg,0.954396,31.568009,ok
C132734__X0C__Y45.jpg,0.951630,31.456389,ok
C132734__X12__Y21.jpg,0.813289,18.374625,ok
C132734__X15__Y21.jpg,0.803993,18.449362,ok
C132734__X15__Y2A.jpg,0.758314,17.933128,ok
C132734__X15__Y2D.jpg,0.832746,20.038046,ok
C132734__X18__Y2D.jpg,0.759064,19.609536,ok
C132734__X1B__Y12.jpg,0.741237,18.727161,ok
C132734__X1B__Y15.jpg,0.771313,20.839063,ok
C132734__X1B__Y1E.jpg,0.767795,17.903313,ok
C132734__X1B__Y2A.jpg,0.838071,22.088763,ok
C132734__X21__Y2D.jpg,0.810850,18.913745,ok
C132734__X24__Y03.jpg,0.819023,19.785481,ok
C132734__X24__Y2D.jpg,0.802488,21.251047,ok
C132734__X24__Y39.jpg,0.782239,17.963245,ok
C132734__X27__Y03.jpg,0.857809,23.331346,ok
C132734__X27__Y06.jpg,0.773986,19.181503,ok
C132734__X27__Y12.jpg,0.705492,16.167926,ok
C132734__X27__Y1E.jpg,0.699565,16.396914,ok
C132734__X27__Y2A.jpg,0.763157,16.209440,ok
C132734__X27__Y2D.jpg,0.804265,22.029526,ok
C132734__X27__Y30.jpg,0.743168,18.817280,ok
C132734__X27__Y39.jpg,0.708227,16.726396,ok
C132735__X27__Y3C.jpg,0.767100,17.539435,ok
C132735__X2A__Y03.jpg,0.792051,22.469005,ok
C132735__X2A__Y1E.jpg,0.764301,18.548617,ok
C132735__X2A__Y21.jpg,0.810655,22.191245,ok
C132735__X2A__Y2D.jpg,0.788684,19.133011,ok
C132735__X2A__Y45.jpg,0.955226,32.413472,ok
C132735__X2D__Y03.jpg,0.828306,25.115343,ok
C132735__X2D__Y06.jpg,0.663071,16.918109,ok
C132735__X2D__Y12.jpg,0.675408,15.780237,ok
C132735__X2D__Y1E.jpg,0.767566,18.933106,ok
C132735__X2D__Y2A.jpg,0.832273,21.945009,ok
C132735__X2D__Y2D.jpg,0.799782,22.355282,ok
C132735__X2D__Y30.jpg,0.835556,21.763562,ok
C132735__X2D__Y3C.jpg,0.771676,18.626879,ok
C132735__X30__Y03.jpg,0.741820,20.837065,ok
C132735__X30__Y18.jpg,0.778026,20.819655,ok
C132735__X30__Y1E.jpg,0.793585,21.154818,ok
C132735__X30__Y2D.jpg,0.743249,19.229193,ok
C132735__X30__Y30.jpg,0.849088,22.490070,ok
C132735__X33__Y12.jpg,0.743732,18.514112,ok
C132735__X33__Y15.jpg,0.764487,18.695984,ok
C132735__X33__Y30.jpg,0.692263,17.426037,ok
C132735__X33__Y3C.jpg,0.748020,17.695201,ok
C132735__X36__Y12.jpg,0.776431,19.155073,ok
C132735__X36__Y18.jpg,0.826869,20.677893,ok
C132736__X36__Y1B.jpg,0.794143,21.087348,ok
C132736__X36__Y1E.jpg,0.851724,25.495737,ok
C132736__X36__Y2D.jpg,0.726877,19.002791,ok
C132736__X39__Y12.jpg,0.736025,17.741758,ok
C132736__X39__Y1B.jpg,0.738905,17.748158,ok
C132736__X39__Y1E.jpg,0.710683,18.813049,ok
C132736__X39__Y21.jpg,0.817024,18.812088,ok
C132736__X39__Y2A.jpg,0.703520,17.549210,ok
C132736__X39__Y2D.jpg,0.750314,18.685330,ok
C132736__X39__Y3C.jpg,0.636907,16.346426,ok
C132736__X3C__Y09.jpg,0.791685,19.178021,ok
C132736__X3C__Y12.jpg,0.753651,19.164872,ok
C132736__X3C__Y1E.jpg,0.848361,20.962120,ok
C132736__X3C__Y21.jpg,0.648748,16.876968,ok
C132736__X3C__Y2D.jpg,0.814549,20.535306,ok
C132736__X3C__Y3C.jpg,0.718793,17.197513,ok
C132736__X3F__Y0C.jpg,0.816904,21.148936,ok
C132736__X3F__Y1E.jpg,0.786183,19.040814,ok
C132736__X3F__Y2D.jpg,0.754405,22.178516,ok
C132736__X42__Y0F.jpg,0.744053,19.374132,ok
C132736__X42__Y12.jpg,0.779329,21.734369,ok
C132736__X42__Y1B.jpg,0.854141,20.536410,ok
C132736__X42__Y2A.jpg,0.860958,23.330060,ok
C132736__X42__Y2D.jpg,0.762975,20.773945,ok
C132736__X42__Y30.jpg,0.734895,18.841066,ok
C132737__X45__Y12.jpg,0.905467,20.742030,ok
C132737__X45__Y1E.jpg,0.788701,19.337030,ok
C132737__X45__Y21.jpg,0.790628,18.567170,ok
C132737__X45__Y27.jpg,0.849044,21.435234,ok
C132737__X45__Y2A.jpg,0.800896,23.351235,ok
C132737__X45__Y2D.jpg,0.784229,19.338077,ok
C132737__X09__Y45.jpg,0.951951,36.818299,ok
C132737__X0C__Y45.jpg,0.949571,36.679428,ok
C132737__X0F__Y45.jpg,0.961640,36.647616,ok
C132737__X12__Y45.jpg,0.955379,36.128731,ok
C132737__X15__Y45.jpg,0.954424,35.104195,ok
C132737__X18__Y45.jpg,0.954328,33.476573,ok
C132737__X1B__Y45.jpg,0.951066,36.445364,ok
C132737__X1E__Y33.jpg,0.756612,14.954758,ok
C132737__X1E__Y45.jpg,0.953191,36.814105,ok
C132737__X21__Y27.jpg,0.771709,16.747626,ok
C132737__X21__Y45.jpg,0.949735,36.453328,ok
C132737__X24__Y27.jpg,0.838256,19.665598,ok
C132737__X24__Y36.jpg,0.774465,15.694855,ok
C132737__X24__Y45.jpg,0.946971,36.538882,ok
C132737__X27__Y1B.jpg,0.729551,15.787850,ok
C132737__X27__Y24.jpg,0.706524,13.750002,ok
C132737__X27__Y27.jpg,0.797075,19.354915,ok
C132737__X27__Y2A.jpg,0.773847,18.291724,ok
C132737__X27__Y2D.jpg,0.879159,22.130567,ok
C132738__X27__Y30.jpg,0.828706,20.671327,ok
C132738__X27__Y33.jpg,0.845675,20.815318,ok
C132738__X27__Y36.jpg,0.793562,19.628415,ok
C132738__X27__Y3F.jpg,0.853732,17.123936,ok
C132738__X27__Y45.jpg,0.941070,33.851701,ok
C132738__X2A__Y06.jpg,0.721421,16.132031,ok
C132738__X2A__Y1E.jpg,0.729113,12.394936,ok
C132738__X2A__Y27.jpg,0.853494,19.981521,ok
C132738__X2A__Y2A.jpg,0.810025,20.160994,ok
C132738__X2A__Y2D.jpg,0.856110,21.929783,ok
C132738__X2A__Y30.jpg,0.791659,18.833986,ok
C132738__X2A__Y33.jpg,0.754484,17.173506,ok
C132738__X2A__Y36.jpg,0.820953,16.041507,ok
C132738__X2A__Y45.jpg,0.948384,28.301995,ok
C132738__X2D__Y27.jpg,0.832960,18.011611,ok
C132738__X2D__Y2A.jpg,0.798842,18.658311,ok
C132738__X2D__Y2D.jpg,0.846865,20.832620,ok
C132738__X2D__Y36.jpg,0.853387,20.690058,ok
C132738__X2D__Y3F.jpg,0.721883,15.141843,ok
C132738__X2D__Y45.jpg,0.932667,27.080393,ok
C132738__X30__Y09.jpg,0.801483,19.784074,ok
C132738__X30__Y2D.jpg,0.783459,14.717025,ok
C132738__X30__Y30.jpg,0.823989,17.673043,ok
C132738__X30__Y33.jpg,0.812301,18.402910,ok
C132738__X30__Y36.jpg,0.783633,18.287492,ok
C132739__X30__Y39.jpg,0.823558,17.607507,ok
C132739__X30__Y3F.jpg,0.757829,15.510653,ok
C132739__X30__Y45.jpg,0.939472,32.843695,ok
C132739__X33__Y2A.jpg,0.865462,21.000330,ok
C132739__X33__Y30.jpg,0.834847,20.420144,ok
C132739__X33__Y33.jpg,0.836877,21.324968,ok
C132739__X33__Y36.jpg,0.805136,17.520536,ok
C132739__X33__Y3C.jpg,0.772192,14.912865,ok
C132739__X33__Y3F.jpg,0.898055,21.141989,ok
C132739__X33__Y45.jpg,0.953994,36.243195,ok
C132739__X36__Y2A.jpg,0.756254,15.704353,ok
C132739__X36__Y30.jpg,0.799366,20.046439,ok
C132739__X36__Y33.jpg,0.836931,20.674431,ok
C132739__X36__Y36.jpg,0.897598,23.433496,ok
C132739__X36__Y39.jpg,0.803615,18.765590,ok
C132739__X36__Y3C.jpg,0.814853,19.402892,ok
C132739__X36__Y3F.jpg,0.749681,14.028251,ok
C132739__X36__Y45.jpg,0.914148,19.185914,ok
C132739__X39__Y09.jpg,0.713079,14.663131,ok
C132739__X39__Y30.jpg,0.875801,23.075500,ok
C132739__X39__Y33.jpg,0.871608,22.224586,ok
C132739__X39__Y36.jpg,0.831705,21.105503,ok
C132739__X39__Y39.jpg,0.833937,20.993145,ok
C132739__X39__Y3C.jpg,0.881434,22.176268,ok
C132739__X39__Y45.jpg,0.947413,33.352738,ok
C132740__X3C__Y30.jpg,0.804254,19.962453,ok
C132740__X3C__Y33.jpg,0.850028,20.525846,ok
C132740__X3C__Y36.jpg,0.757244,18.917901,ok
C132740__X3C__Y39.jpg,0.855219,20.710437,ok
C132740__X3C__Y3C.jpg,0.829706,18.924980,ok
C132740__X3C__Y45.jpg,0.953569,33.708226,ok
C132740__X3F__Y36.jpg,0.818814,16.445325,ok
C132740__X3F__Y45.jpg,0.956249,35.701980,ok
C132740__X42__Y45.jpg,0.945110,37.146439,ok
C132740__X45__Y45.jpg,0.957669,33.862344,ok
C132740__X48__Y45.jpg,0.958965,34.452588,ok
C132740__X12__Y27.jpg,0.931882,25.048243,ok
C132740__X15__Y21.jpg,0.884448,23.366935,ok
C132740__X18__Y36.jpg,0.920589,25.031259,ok
C132740__X1B__Y18.jpg,0.820814,13.320138,ok
C132740__X1B__Y27.jpg,0.836853,17.386442,ok
C132740__X1B__Y2A.jpg,0.850262,17.593616,ok
C132740__X1B__Y2D.jpg,0.886170,19.767029,ok
C132740__X1B__Y30.jpg,0.914418,21.343443,ok
C132740__X1B__Y33.jpg,0.903251,21.873627,ok
C132740__X1B__Y36.jpg,0.883153,19.137227,ok
C132740__X1E__Y12.jpg,0.873256,21.854635,ok
C132740__X1E__Y15.jpg,0.936006,26.835354,ok
C132740__X1E__Y1B.jpg,0.853001,19.594720,ok
C132740__X21__Y12.jpg,0.907844,22.554324,ok
C132741__X21__Y15.jpg,0.922770,24.007727,ok
C132741__X21__Y21.jpg,0.907174,24.041027,ok
C132741__X21__Y27.jpg,0.940379,27.891596,ok
C132741__X24__Y0F.jpg,0.899615,22.646927,ok
C132741__X24__Y1E.jpg,0.882780,24.447871,ok
C132741__X24__Y21.jpg,0.906716,26.422791,ok
C132741__X24__Y24.jpg,0.900915,23.113032,ok
C132741__X24__Y27.jpg,0.762540,19.499626,ok
C132741__X24__Y2A.jpg,0.928620,28.079739,ok
C132741__X24__Y2D.jpg,0.890309,22.205733,ok
C132741__X27__Y09.jpg,0.912535,22.312620,ok
C132741__X27__Y0F.jpg,0.922456,24.382200,ok
C132741__X27__Y1E.jpg,0.871940,20.330326,ok
C132741__X27__Y21.jpg,0.893080,21.107172,ok
C132741__X27__Y27.jpg,0.929147,27.051028,ok
C132741__X27__Y2A.jpg,0.911462,27.943124,ok
C132741__X27__Y2D.jpg,0.913429,21.893085,ok
C132741__X2A__Y06.jpg,0.917996,24.451887,ok
C132741__X2A__Y0F.jpg,0.904365,23.297734,ok
C132741__X2A__Y1E.jpg,0.898645,23.611102,ok
C132741__X2A__Y2D.jpg,0.875083,22.054142,ok
C132741__X2A__Y30.jpg,0.899753,22.562184,ok
C132741__X2A__Y39.jpg,0.873000,25.477316,ok
C132741__X2D__Y0C.jpg,0.919996,25.859296,ok
C132741__X2D__Y0F.jpg,0.871194,21.194054,ok
C132742__X2D__Y12.jpg,0.937620,26.610758,ok
C132742__X2D__Y1E.jpg,0.891563,22.593010,ok
C132742__X2D__Y21.jpg,0.875202,21.368924,ok
C132742__X2D__Y24.jpg,0.862801,21.413797,ok
C132742__X2D__Y27.jpg,0.940170,25.097302,ok
C132742__X2D__Y30.jpg,0.864029,22.042305,ok
C132742__X30__Y06.jpg,0.823292,16.202603,ok
C132742__X30__Y09.jpg,0.900845,23.323132,ok
C132742__X30__Y12.jpg,0.896181,23.905142,ok
C132742__X30__Y15.jpg,0.914140,23.216903,ok
C132742__X30__Y1E.jpg,0.887217,23.478513,ok
C132742__X30__Y24.jpg,0.884864,18.851674,ok
C132742__X30__Y2D.jpg,0.942738,27.469193,ok
C132742__X33__Y0F.jpg,0.950952,25.518569,ok
C132742__X33__Y12.jpg,0.933265,27.755281,ok
C132742__X33__Y15.jpg,0.951683,26.496791,ok
C132742__X33__Y1E.jpg,0.903518,22.294632,ok
C132742__X33__Y21.jpg,0.934274,25.460702,ok
C132742__X33__Y2A.jpg,0.898005,20.210456,ok
C132742__X33__Y2D.jpg,0.933158,25.884960,ok
C132742__X36__Y09.jpg,0.875485,20.132189,ok
C132742__X36__Y27.jpg,0.925853,22.344621,ok
C132742__X36__Y2A.jpg,0.918506,22.872429,ok
C132742__X36__Y30.jpg,0.921030,24.057502,ok
C132742__X39__Y12.jpg,0.925842,23.520027,ok
C132743__X39__Y15.jpg,0.917844,24.636432,ok
C132743__X39__Y1B.jpg,0.925517,24.187213,ok
C132743__X39__Y2D.jpg,0.901305,22.077538,ok
C132743__X39__Y33.jpg,0.901916,21.861594,ok
C132743__X3C__Y0C.jpg,0.886776,23.416015,ok
C132743__X3C__Y12.jpg,0.913447,22.008176,ok
C132743__X3C__Y15.jpg,0.886494,20.008177,ok
C132743__X3C__Y2D.jpg,0.872478,16.590350,ok
C132743__X3C__Y33.jpg,0.917280,23.706944,ok
C132743__X3F__Y15.jpg,0.896627,24.554475,ok
C132743__X3F__Y27.jpg,0.875388,20.359120,ok
C132743__X3F__Y2D.jpg,0.895701,22.310661,ok
C132743__X3F__Y30.jpg,0.884080,22.623220,ok
C132743__X3F__Y33.jpg,0.909861,23.142948,ok
C132743__X42__Y2A.jpg,0.926716,21.341010,ok
C132743__X42__Y2D.jpg,0.915348,22.413554,ok
C132743__X06__Y45.jpg,0.947380,23.765569,ok
C132743__X09__Y45.jpg,0.956955,33.560078,ok
C132743__X0C__Y45.jpg,0.959487,33.336731,ok
C132743__X0F__Y18.jpg,0.891578,22.391779,ok
C132743__X0F__Y21.jpg,0.839633,20.063514,ok
C132743__X0F__Y24.jpg,0.794590,19.055804,ok
C132743__X0F__Y27.jpg,0.824734,19.102000,ok
C132743__X0F__Y45.jpg,0.940357,30.553882,ok
C132743__X12__Y12.jpg,0.855548,19.633562,ok
C132744__X12__Y15.jpg,0.851279,20.015475,ok
C132744__X12__Y18.jpg,0.802179,19.223250,ok
C132744__X12__Y21.jpg,0.747737,19.626028,ok
C132744__X12__Y24.jpg,0.783989,18.699660,ok
C132744__X12__Y27.jpg,0.759469,17.617158,ok
C132744__X12__Y30.jpg,0.729805,15.761839,ok
C132744__X12__Y45.jpg,0.951996,32.215694,ok
C132744__X15__Y12.jpg,0.795808,17.673485,ok
C132744__X15__Y15.jpg,0.851419,21.699359,ok
C132744__X15__Y18.jpg,0.865709,22.650556,ok
C132744__X15__Y21.jpg,0.655984,14.716586,ok
C132744__X15__Y33.jpg,0.763139,16.684785,ok
C132744__X15__Y45.jpg,0.956265,32.059827,ok
C132744__X18__Y12.jpg,0.798663,19.237723,ok
C132744__X18__Y15.jpg,0.830954,21.558200,ok
C132744__X18__Y18.jpg,0.785420,17.354326,ok
C132744__X18__Y45.jpg,0.956418,32.573427,ok
C132744__X1B__Y09.jpg,0.862694,21.176383,ok
C132744__X1B__Y0C.jpg,0.850737,21.317830,ok
C132744__X1B__Y0F.jpg,0.777645,18.597287,ok
C132744__X1B__Y12.jpg,0.838182,20.600442,ok
C132744__X1B__Y15.jpg,0.801144,20.291068,ok
C132744__X1B__Y18.jpg,0.764281,17.941979,ok
C132744__X1B__Y45.jpg,0.952553,33.721550,ok
C132744__X1E__Y06.jpg,0.939482,29.621114,ok
C132745__X1E__Y09.jpg,0.843195,20.149741,ok
C132745__X1E__Y12.jpg,0.738347,17.992951,ok
C132745__X1E__Y45.jpg,0.954445,33.270154,ok
C132745__X21__Y06.jpg,0.904323,23.277913,ok
C132745__X21__Y09.jpg,0.804990,20.713302,ok
C132745__X21__Y0F.jpg,0.774960,18.170696,ok
C132745__X21__Y12.jpg,0.708296,18.559138,ok
C132745__X21__Y15.jpg,0.763885,18.219483,ok
C132745__X21__Y45.jpg,0.953611,32.514455,ok
C132745__X24__Y09.jpg,0.837281,19.575002,ok
C132745__X24__Y0C.jpg,0.816979,18.884819,ok
C132745__X24__Y12.jpg,0.775531,18.649636,ok
C132745__X24__Y15.jpg,0.788905,19.916703,ok
C132745__X24__Y45.jpg,0.955352,32.489365,ok
C132745__X27__Y09.jpg,0.820486,18.837894,ok
C132745__X27__Y0C.jpg,0.788792,19.226673,ok
C132745__X27__Y0F.jpg,0.816353,19.015281,ok
C132745__X27__Y45.jpg,0.931112,20.708220,ok
C132745__X2A__Y09.jpg,0.821026,18.770662,ok
C132745__X2A__Y0C.jpg,0.790940,14.755764,ok
C132745__X2A__Y45.jpg,0.947638,26.131238,ok
C132745__X2D__Y09.jpg,0.795014,17.380317,ok
C132745__X2D__Y0C.jpg,0.779515,18.614486,ok
C132745__X2D__Y45.jpg,0.956007,33.409129,ok
C132745__X30__Y09.jpg,0.780105,18.487169,ok
C132746__X30__Y0C.jpg,0.794628,17.799304,ok
C132746__X30__Y45.jpg,0.954034,33.519398,ok
C132746__X33__Y45.jpg,0.953043,33.460522,ok
C132746__X36__Y42.jpg,0.846525,18.630730,ok
C132746__X36__Y45.jpg,0.957427,33.022626,ok
C132746__X39__Y45.jpg,0.957845,35.619029,ok
C132746__X3C__Y45.jpg,0.954213,34.057015,ok
C132746__X3F__Y45.jpg,0.961039,33.803521,ok
C132746__X42__Y45.jpg,0.957910,34.275678,ok
C132746__X45__Y15.jpg,0.874817,21.688600,ok
C132746__X45__Y45.jpg,0.957508,33.120202,ok
C132746__X48__Y03.jpg,0.958781,32.621708,ok
C132746__X48__Y06.jpg,0.952229,31.720397,ok
C132746__X48__Y09.jpg,0.953132,31.471094,ok
C132746__X48__Y0C.jpg,0.958308,31.329148,ok
C132746__X48__Y0F.jpg,0.958855,32.495523,ok
C132746__X48__Y12.jpg,0.927783,21.344909,ok
C132746__X48__Y15.jpg,0.950998,30.455881,ok
C132746__X48__Y3F.jpg,0.953984,32.109159,ok
C132746__X48__Y42.jpg,0.958383,31.391341,ok
C132746__X48__Y45.jpg,0.957102,34.355707,ok
C132746__X09__Y21.jpg,0.784671,20.477587,ok
C132746__X09__Y24.jpg,0.811098,23.036144,ok
C132746__X09__Y27.jpg,0.846511,23.591077,ok
C132746__X09__Y2A.jpg,0.799713,18.236193,ok
C132747__X0C__Y18.jpg,0.865826,22.496798,ok
C132747__X0C__Y1B.jpg,0.826754,20.791069,ok
C132747__X0C__Y1E.jpg,0.860209,23.622549,ok
C132747__X0C__Y24.jpg,0.842858,22.493322,ok
C132747__X0C__Y27.jpg,0.757268,19.904524,ok
C132747__X0C__Y2A.jpg,0.805852,22.234095,ok
C132747__X0C__Y2D.jpg,0.749221,20.277440,ok
C132747__X0C__Y30.jpg,0.825272,19.653294,ok
C132747__X0F__Y15.jpg,0.805626,20.286508,ok
C132747__X0F__Y1E.jpg,0.768824,21.454658,ok
C132747__X0F__Y27.jpg,0.824195,23.109209,ok
C132747__X0F__Y30.jpg,0.791780,21.367392,ok
C132747__X0F__Y33.jpg,0.826118,23.062662,ok
C132747__X0F__Y36.jpg,0.868813,23.525209,ok
C132747__X12__Y12.jpg,0.762525,19.432630,ok
C132747__X12__Y15.jpg,0.822369,21.718795,ok
C132747__X12__Y18.jpg,0.715601,17.166543,ok
C132747__X12__Y1B.jpg,0.650719,17.208186,ok
C132747__X12__Y21.jpg,0.723065,18.497396,ok
C132747__X12__Y24.jpg,0.759349,19.950828,ok
C132747__X12__Y27.jpg,0.733329,20.787040,ok
C132747__X12__Y2D.jpg,0.820825,21.313281,ok
C132747__X12__Y30.jpg,0.631627,17.088585,ok
C132747__X12__Y36.jpg,0.736042,18.809848,ok
C132747__X15__Y12.jpg,0.623232,16.473122,ok
C132748__X15__Y1B.jpg,0.722518,19.900349,ok
C132748__X15__Y27.jpg,0.695109,19.255305,ok
C132748__X15__Y30.jpg,0.799837,22.169976,ok
C132748__X15__Y33.jpg,0.731703,20.507666,ok
C132748__X15__Y36.jpg,0.711646,19.795477,ok
C132748__X18__Y18.jpg,0.753849,19.535977,ok
C132748__X1B__Y18.jpg,0.697913,21.014897,ok
C132748__X1B__Y1B.jpg,0.725393,20.773399,ok
C132748__X1B__Y27.jpg,0.775733,20.738075,ok
C132748__X1B__Y36.jpg,0.732207,19.461252,ok
C132748__X1E__Y0C.jpg,0.712943,18.487306,ok
C132748__X1E__Y1B.jpg,0.845636,24.056561,ok
C132748__X1E__Y1E.jpg,0.740803,18.490887,ok
C132748__X1E__Y27.jpg,0.740387,19.513492,ok
C132748__X21__Y27.jpg,0.749472,20.099100,ok
C132748__X24__Y09.jpg,0.692038,18.200816,ok
C132748__X24__Y15.jpg,0.652550,17.655660,ok
C132748__X24__Y1B.jpg,0.790570,21.697066,ok
C132748__X24__Y27.jpg,0.679709,17.775650,ok
C132748__X24__Y2A.jpg,0.756398,20.533789,ok
C132748__X27__Y09.jpg,0.760457,21.683687,ok
C132748__X27__Y0C.jpg,0.763716,19.718795,ok
C132748__X27__Y12.jpg,0.769729,18.994537,ok
C132748__X27__Y15.jpg,0.750613,20.493247,ok
C132748__X27__Y18.jpg,0.797117,18.933525,ok
C132749__X27__Y1B.jpg,0.736426,21.309412,ok
C132749__X27__Y21.jpg,0.808704,22.226414,ok
C132749__X27__Y24.jpg,0.825931,20.948774,ok
C132749__X27__Y27.jpg,0.771657,20.733042,ok
C132749__X27__Y30.jpg,0.730034,17.978410,ok
C132749__X27__Y36.jpg,0.789595,20.677266,ok
C132749__X2A__Y12.jpg,0.721196,20.295436,ok
C132749__X2A__Y15.jpg,0.760247,20.079252,ok
C132749__X2A__Y18.jpg,0.733059,20.412752,ok
C132749__X2A__Y1B.jpg,0.715857,18.139264,ok
C132749__X2A__Y1E.jpg,0.762937,21.324731,ok
C132749__X2A__Y27.jpg,0.758014,20.404805,ok
C132749__X2A__Y36.jpg,0.720380,17.735348,ok
C132749__X2A__Y3F.jpg,0.744219,17.938974,ok
C132749__X2D__Y1B.jpg,0.758541,19.117613,ok
C132749__X2D__Y24.jpg,0.756883,18.554861,ok
C132749__X2D__Y36.jpg,0.779585,17.051723,ok
C132749__X30__Y33.jpg,0.696646,19.784490,ok
C132749__X30__Y3F.jpg,0.729173,18.475929,ok
C132749__X33__Y0C.jpg,0.675429,17.795138,ok
C132749__X36__Y18.jpg,0.600197,15.072272,ok
C132749__X39__Y27.jpg,0.617790,17.705079,ok
C132749__X39__Y2A.jpg,0.751390,20.469711,ok
C132749__X39__Y36.jpg,0.718159,18.761513,ok
C132749__X45__Y1B.jpg,0.766291,20.253499,ok
C132750__X45__Y27.jpg,0.666658,17.032740,ok
C132750__X15__Y1B.jpg,0.819006,23.728465,ok
C132750__X15__Y1E.jpg,0.819278,21.404845,ok
C132750__X15__Y21.jpg,0.900177,26.926261,ok
C132750__X18__Y18.jpg,0.861467,22.216958,ok
C132750__X18__Y1E.jpg,0.845936,19.889526,ok
C132750__X1B__Y12.jpg,0.708732,16.634637,ok
C132750__X1B__Y1B.jpg,0.799593,21.902999,ok
C132750__X1B__Y1E.jpg,0.881259,26.860019,ok
C132750__X1B__Y21.jpg,0.774257,19.661429,ok
C132750__X1E__Y0F.jpg,0.767071,21.689048,ok
C132750__X1E__Y12.jpg,0.771088,22.555549,ok
C132750__X1E__Y15.jpg,0.816026,22.006201,ok
C132750__X1E__Y18.jpg,0.765433,22.019835,ok
C132750__X1E__Y1B.jpg,0.823769,22.516799,ok
C132750__X1E__Y1E.jpg,0.925298,28.849458,ok
C132750__X1E__Y21.jpg,0.882983,23.791848,ok
C132750__X1E__Y24.jpg,0.887353,24.792254,ok
C132750__X21__Y0C.jpg,0.712442,21.040522,ok
C132750__X21__Y0F.jpg,0.729534,20.487437,ok
C132750__X21__Y12.jpg,0.720809,20.410938,ok
C132750__X21__Y15.jpg,0.847438,20.671326,ok
C132750__X21__Y18.jpg,0.831126,21.934876,ok
C132750__X21__Y1B.jpg,0.873966,23.498683,ok
C132750__X21__Y1E.jpg,0.784425,22.671705,ok
C132751__X24__Y03.jpg,0.845393,24.506760,ok
C132751__X24__Y0C.jpg,0.817081,22.406501,ok
C132751__X24__Y0F.jpg,0.783260,21.700844,ok
C132751__X24__Y12.jpg,0.874468,24.163158,ok
C132751__X24__Y15.jpg,0.839523,24.789316,ok
C132751__X24__Y18.jpg,0.791706,22.471628,ok
C132751__X24__Y1B.jpg,0.797731,21.811766,ok
C132751__X27__Y03.jpg,0.818596,23.461960,ok
C132751__X27__Y09.jpg,0.780679,20.614937,ok
C132751__X27__Y0C.jpg,0.843699,23.242792,ok
C132751__X27__Y0F.jpg,0.800798,22.233339,ok
C132751__X27__Y12.jpg,0.798053,21.519226,ok
C132751__X27__Y15.jpg,0.888388,27.619655,ok
C132751__X27__Y18.jpg,0.883433,26.050910,ok
C132751__X27__Y1B.jpg,0.904847,27.942894,ok
C132751__X2A__Y03.jpg,0.900115,28.360388,ok
C132751__X2A__Y09.jpg,0.935171,28.072179,ok
C132751__X2A__Y0C.jpg,0.782620,21.436702,ok
C132751__X2A__Y0F.jpg,0.874240,26.350846,ok
C132751__X2A__Y12.jpg,0.890370,25.615977,ok
C132751__X2A__Y15.jpg,0.885054,27.395414,ok
C132751__X2A__Y18.jpg,0.899367,27.659917,ok
C132751__X2D__Y03.jpg,0.905387,28.715185,ok
C132751__X2D__Y09.jpg,0.875175,23.479371,ok
C132751__X2D__Y0C.jpg,0.875915,26.595843,ok
C132752__X2D__Y0F.jpg,0.872670,26.492852,ok
C132752__X2D__Y12.jpg,0.858684,25.280487,ok
C132752__X2D__Y15.jpg,0.777574,21.070897,ok
C132752__X2D__Y18.jpg,0.876877,25.152977,ok
C132752__X30__Y06.jpg,0.909205,26.393517,ok
C132752__X30__Y09.jpg,0.817450,23.495471,ok
C132752__X30__Y0C.jpg,0.751443,22.208595,ok
C132752__X30__Y12.jpg,0.848891,23.217555,ok
C132752__X30__Y15.jpg,0.850725,26.088473,ok
C132752__X30__Y18.jpg,0.826132,22.467319,ok
C132752__X33__Y06.jpg,0.811923,22.173513,ok
C132752__X33__Y09.jpg,0.862492,25.304153,ok
C132752__X33__Y0C.jpg,0.871199,24.658478,ok
C132752__X33__Y15.jpg,0.743343,21.559055,ok
C132752__X33__Y18.jpg,0.739397,18.841453,ok
C132752__X36__Y06.jpg,0.947464,29.513481,ok
C132752__X36__Y09.jpg,0.716274,18.803535,ok
C132752__X36__Y0C.jpg,0.832687,21.149165,ok
C132752__X36__Y0F.jpg,0.752821,20.551920,ok
C132752__X36__Y12.jpg,0.847269,21.246933,ok
C132752__X39__Y09.jpg,0.764731,18.570309,ok
C132752__X39__Y0C.jpg,0.713740,20.556443,ok
C132752__X39__Y12.jpg,0.861587,20.168155,ok
C132752__X39__Y1B.jpg,0.898254,26.573580,ok
C132752__X3C__Y0F.jpg,0.877560,21.436339,ok
C132753__X3C__Y18.jpg,0.834492,24.791501,ok
C132753__X3F__Y18.jpg,0.841020,24.728922,ok
C132753__X42__Y18.jpg,0.889964,26.812361,ok
C132753__X45__Y15.jpg,0.909163,26.167000,ok
C132753__X45__Y18.jpg,0.846134,24.585893,ok
C132753__X45__Y24.jpg,0.817507,23.329944,ok
C132753__X06__Y45.jpg,0.954096,30.332814,ok
C132753__X09__Y24.jpg,0.843145,23.650076,ok
C132753__X09__Y27.jpg,0.837351,22.819722,ok
C132753__X09__Y45.jpg,0.934265,30.881597,ok
C132753__X0C__Y30.jpg,0.901242,27.105859,ok
C132753__X0C__Y45.jpg,0.938216,34.467413,ok
C132753__X0F__Y36.jpg,0.886157,25.338059,ok
C132753__X0F__Y45.jpg,0.949462,35.651529,ok
C132753__X12__Y39.jpg,0.866564,26.418045,ok
C132753__X12__Y45.jpg,0.950604,35.100381,ok
C132753__X15__Y09.jpg,0.838656,23.222015,ok
C132753__X15__Y45.jpg,0.955372,34.584200,ok
C132753__X18__Y03.jpg,0.885912,20.119967,ok
C132753__X18__Y06.jpg,0.879646,28.561433,ok
C132753__X18__Y3F.jpg,0.841170,24.162625,ok
C132753__X18__Y45.jpg,0.932014,24.977943,ok
C132753__X1B__Y03.jpg,0.921303,30.259043,ok
C132753__X1B__Y06.jpg,0.885872,26.326539,ok
C132753__X1B__Y45.jpg,0.958163,35.479557,ok
C132754__X1E__Y03.jpg,0.924423,28.978726,ok
C132754__X1E__Y42.jpg,0.874090,24.828736,ok
C132754__X1E__Y45.jpg,0.948372,27.345446,ok
C132754__X21__Y03.jpg,0.814909,20.553194,ok
C132754__X21__Y42.jpg,0.828221,23.914784,ok
C132754__X21__Y45.jpg,0.944737,26.596543,ok
C132754__X24__Y03.jpg,0.877280,26.944930,ok
C132754__X27__Y03.jpg,0.806904,23.907630,ok
C132754__X2D__Y03.jpg,0.783957,23.356172,ok
C132754__X30__Y03.jpg,0.836259,25.427299,ok
C132754__X33__Y03.jpg,0.935324,30.133826,ok
C132754__X33__Y0C.jpg,0.883053,25.409961,ok
C132754__X33__Y42.jpg,0.856626,25.127684,ok
C132754__X36__Y0C.jpg,0.879461,25.821500,ok
C132754__X36__Y0F.jpg,0.918963,24.037048,ok
C132754__X36__Y15.jpg,0.817435,21.678339,ok
C132754__X36__Y42.jpg,0.840771,22.888302,ok
C132754__X39__Y06.jpg,0.839579,22.318306,ok
C132754__X39__Y0F.jpg,0.818624,22.754425,ok
C132754__X39__Y18.jpg,0.818261,20.637375,ok
C132754__X39__Y1B.jpg,0.790029,21.626256,ok
C132754__X39__Y27.jpg,0.881536,21.603785,ok
C132754__X39__Y2A.jpg,0.856359,23.735291,ok
C132754__X39__Y3F.jpg,0.848317,21.203069,ok
C132754__X39__Y42.jpg,0.797852,21.434263,ok
C132755__X39__Y45.jpg,0.907149,20.333400,ok
C132755__X3C__Y3F.jpg,0.841830,23.450042,ok
C132755__X3C__Y42.jpg,0.926226,30.726683,ok
C132755__X3C__Y45.jpg,0.914970,20.723184,ok
C132755__X3F__Y09.jpg,0.923008,25.997074,ok
C132755__X3F__Y18.jpg,0.888427,24.589880,ok
C132755__X3F__Y1B.jpg,0.786294,23.336118,ok
C132755__X3F__Y3C.jpg,0.850164,26.247203,ok
C132755__X3F__Y3F.jpg,0.811726,23.270465,ok
C132755__X3F__Y42.jpg,0.920245,26.889967,ok
C132755__X3F__Y45.jpg,0.954907,30.714196,ok
C132755__X42__Y06.jpg,0.886759,23.888241,ok
C132755__X42__Y09.jpg,0.923453,26.899255,ok
C132755__X42__Y0C.jpg,0.889961,25.371596,ok
C132755__X42__Y1E.jpg,0.772153,20.075028,ok
C132755__X42__Y27.jpg,0.767777,19.775751,ok
C132755__X42__Y39.jpg,0.833084,22.912486,ok
C132755__X42__Y3C.jpg,0.853623,23.378842,ok
C132755__X42__Y3F.jpg,0.930043,28.867014,ok
C132755__X42__Y45.jpg,0.957234,32.323324,ok
C132755__X45__Y0F.jpg,0.948247,32.382826,ok
C132755__X45__Y2A.jpg,0.824846,23.594023,ok
C132755__X45__Y30.jpg,0.800740,23.239256,ok
C132755__X45__Y36.jpg,0.806965,20.068255,ok
C132755__X45__Y39.jpg,0.867882,22.366950,ok
C132756__X45__Y3C.jpg,0.907703,26.043661,ok
C132756__X45__Y45.jpg,0.960813,34.625832,ok
C132756__X48__Y03.jpg,0.946618,32.463866,ok
C132756__X48__Y06.jpg,0.962571,29.059094,ok
C132756__X48__Y09.jpg,0.960266,32.938871,ok
C132756__X48__Y0C.jpg,0.957098,33.050576,ok
C132756__X48__Y0F.jpg,0.952393,28.662734,ok
C132756__X48__Y12.jpg,0.924583,21.533786,ok
C132756__X48__Y3F.jpg,0.958523,32.492647,ok
C132756__X48__Y42.jpg,0.957086,31.949815,ok
C132756__X48__Y45.jpg,0.936358,25.480241,ok
C132756__X03__Y45.jpg,0.961595,36.758166,ok
C132756__X06__Y45.jpg,0.957918,36.257369,ok
C132756__X09__Y12.jpg,0.853669,23.305508,ok
C132756__X09__Y45.jpg,0.960052,37.036816,ok
C132756__X0C__Y45.jpg,0.956419,36.052297,ok
C132756__X0F__Y45.jpg,0.952139,35.201439,ok
C132756__X12__Y27.jpg,0.825752,21.775537,ok
C132756__X12__Y2A.jpg,0.853634,23.818631,ok
C132756__X12__Y30.jpg,0.863401,20.868917,ok
C132756__X12__Y33.jpg,0.840698,19.859174,ok
C132756__X12__Y36.jpg,0.881754,26.101891,ok
C132756__X12__Y45.jpg,0.950728,32.112315,ok
C132756__X15__Y45.jpg,0.957237,34.899483,ok
C132756__X18__Y33.jpg,0.820700,19.495528,ok
C132757__X18__Y45.jpg,0.954149,35.159166,ok
C132757__X1B__Y33.jpg,0.838681,21.158840,ok
C132757__X1B__Y36.jpg,0.882243,25.794765,ok
C132757__X1B__Y39.jpg,0.908513,25.915158,ok
C132757__X1B__Y45.jpg,0.952367,35.630121,ok
C132757__X1E__Y36.jpg,0.834609,20.012640,ok
C132757__X1E__Y39.jpg,0.868341,22.287543,ok
C132757__X1E__Y45.jpg,0.953618,34.283790,ok
C132757__X21__Y33.jpg,0.844381,24.101090,ok
C132757__X21__Y36.jpg,0.869007,24.533602,ok
C132757__X21__Y45.jpg,0.949970,34.486095,ok
C132757__X24__Y33.jpg,0.848468,23.099966,ok
C132757__X24__Y36.jpg,0.889010,27.799664,ok
C132757__X24__Y39.jpg,0.844447,21.773149,ok
C132757__X24__Y45.jpg,0.944992,32.235559,ok
C132757__X27__Y2A.jpg,0.782586,18.718695,ok
C132757__X27__Y2D.jpg,0.869365,24.162683,ok
C132757__X27__Y30.jpg,0.882536,24.699771,ok
C132757__X27__Y33.jpg,0.863340,25.445000,ok
C132757__X27__Y36.jpg,0.823261,21.679477,ok
C132757__X27__Y39.jpg,0.848859,21.789139,ok
C132757__X27__Y45.jpg,0.951897,34.918330,ok
C132757__X2A__Y2D.jpg,0.864704,24.522783,ok
C132757__X2A__Y30.jpg,0.850539,24.679188,ok
C132757__X2A__Y33.jpg,0.821825,23.032842,ok
C132758__X2A__Y36.jpg,0.857935,26.623538,ok
C132758__X2A__Y39.jpg,0.853700,21.606654,ok
C132758__X2A__Y3C.jpg,0.740005,17.903047,ok
C132758__X2A__Y45.jpg,0.954004,35.562060,ok
C132758__X2D__Y2A.jpg,0.864202,22.992891,ok
C132758__X2D__Y2D.jpg,0.866403,25.390537,ok
C132758__X2D__Y30.jpg,0.864904,22.551156,ok
C132758__X2D__Y33.jpg,0.879029,26.536431,ok
C132758__X2D__Y36.jpg,0.819014,22.701580,ok
C132758__X2D__Y39.jpg,0.873568,25.412306,ok
C132758__X2D__Y3C.jpg,0.879978,26.756455,ok
C132758__X2D__Y45.jpg,0.954394,35.216486,ok
C132758__X30__Y2A.jpg,0.868313,24.541521,ok
C132758__X30__Y2D.jpg,0.800194,20.296664,ok
C132758__X30__Y33.jpg,0.823839,23.030011,ok
C132758__X30__Y36.jpg,0.835802,24.112487,ok
C132758__X30__Y39.jpg,0.903609,27.913433,ok
C132758__X30__Y3C.jpg,0.858875,23.484498,ok
C132758__X30__Y45.jpg,0.942809,26.126507,ok
C132758__X33__Y2A.jpg,0.855269,23.777726,ok
C132758__X33__Y2D.jpg,0.858794,23.179518,ok
C132758__X33__Y30.jpg,0.813429,17.336293,ok
C132758__X33__Y33.jpg,0.820373,21.292828,ok
C132758__X33__Y36.jpg,0.797727,21.160178,ok
C132758__X33__Y39.jpg,0.889157,24.341243,ok
C132759__X33__Y45.jpg,0.952798,30.855218,ok
C132759__X36__Y2A.jpg,0.851098,24.335152,ok
C132759__X36__Y33.jpg,0.841237,22.324996,ok
C132759__X36__Y36.jpg,0.845196,21.717147,ok
C132759__X36__Y45.jpg,0.953645,33.441211,ok
C132759__X39__Y27.jpg,0.763231,19.021428,ok
C132759__X39__Y2D.jpg,0.834858,20.004626,ok
C132759__X39__Y30.jpg,0.824870,20.880456,ok
C132759__X39__Y33.jpg,0.813865,21.133011,ok
C132759__X39__Y36.jpg,0.863852,21.791753,ok
C132759__X39__Y39.jpg,0.877145,23.082997,ok
C132759__X39__Y45.jpg,0.954920,35.853193,ok
C132759__X3C__Y45.jpg,0.947471,31.373332,ok
C132759__X3F__Y45.jpg,0.956853,33.586526,ok
C132759__X42__Y45.jpg,0.961899,36.711604,ok
C132759__X45__Y45.jpg,0.959875,36.034916,ok
C132759__X0C__Y24.jpg,0.932230,29.606828,ok
C132759__X0F__Y21.jpg,0.899502,26.150263,ok
C132759__X12__Y1E.jpg,0.836446,21.866578,ok
C132759__X12__Y21.jpg,0.866917,22.508291,ok
C132759__X12__Y24.jpg,0.833890,20.864003,ok
C132759__X12__Y33.jpg,0.779876,21.017086,ok
C132759__X15__Y18.jpg,0.810982,22.658653,ok
C132759__X15__Y24.jpg,0.762733,17.501999,ok
C132759__X15__Y2A.jpg,0.858307,23.697779,ok
C132760__X18__Y15.jpg,0.899070,24.394101,ok
C132760__X18__Y1B.jpg,0.816905,19.395285,ok
C132760__X18__Y1E.jpg,0.846797,22.273224,ok
C132760__X18__Y2A.jpg,0.756663,19.978107,ok
C132760__X18__Y2D.jpg,0.773085,20.282820,ok
C132760__X1B__Y15.jpg,0.827955,20.086224,ok
C132760__X1B__Y18.jpg,0.806969,20.284261,ok
C132760__X1B__Y1B.jpg,0.820056,21.871458,ok
C132760__X1B__Y1E.jpg,0.852654,23.544165,ok
C132760__X1B__Y21.jpg,0.821128,21.386539,ok
C132760__X1B__Y24.jpg,0.813595,20.394053,ok
C132760__X1B__Y27.jpg,0.901508,23.809760,ok
C132760__X1B__Y2D.jpg,0.772125,19.448826,ok
C132760__X1B__Y33.jpg,0.776341,20.223777,ok
C132760__X1B__Y36.jpg,0.790287,20.535364,ok
C132760__X1B__Y39.jpg,0.886140,25.349880,ok
C132760__X1E__Y1E.jpg,0.738663,18.340880,ok
C132760__X1E__Y39.jpg,0.871492,27.305075,ok
C132760__X21__Y18.jpg,0.787078,21.905485,ok
C132760__X21__Y1B.jpg,0.784560,19.699007,ok
C132760__X21__Y21.jpg,0.764064,20.415972,ok
C132760__X21__Y24.jpg,0.786761,19.835856,ok
C132760__X21__Y27.jpg,0.832775,21.778470,ok
C132760__X21__Y2A.jpg,0.825772,20.379697,ok
C132760__X21__Y2D.jpg,0.844854,21.057185,ok
C132761__X21__Y39.jpg,0.852247,23.982769,ok
C132761__X24__Y18.jpg,0.866157,24.188139,ok
C132761__X24__Y1E.jpg,0.835375,23.871448,ok
C132761__X24__Y21.jpg,0.814227,18.696637,ok
C132761__X24__Y24.jpg,0.799008,20.424428,ok
C132761__X24__Y30.jpg,0.808185,21.570452,ok
C132761__X24__Y33.jpg,0.820833,20.099063,ok
C132761__X24__Y36.jpg,0.637452,17.937049,ok
C132761__X24__Y39.jpg,0.842501,21.224886,ok
C132761__X27__Y12.jpg,0.780601,20.349456,ok
C132761__X27__Y18.jpg,0.906962,27.188294,ok
C132761__X27__Y1B.jpg,0.779070,19.140877,ok
C132761__X27__Y1E.jpg,0.808144,21.553669,ok
C132761__X27__Y24.jpg,0.795014,20.407944,ok
C132761__X27__Y27.jpg,0.756773,19.237276,ok
C132761__X27__Y2A.jpg,0.739454,18.323030,ok
C132761__X27__Y2D.jpg,0.787296,23.346666,ok
C132761__X27__Y30.jpg,0.895842,25.129167,ok
C132761__X27__Y36.jpg,0.783527,21.179925,ok
C132761__X27__Y39.jpg,0.817011,21.680111,ok
C132761__X2A__Y0C.jpg,0.858133,21.714877,ok
C132761__X2A__Y0F.jpg,0.834009,23.274610,ok
C132761__X2A__Y12.jpg,0.875943,24.556610,ok
C132761__X2A__Y18.jpg,0.800756,20.619695,ok
C132761__X2A__Y1E.jpg,0.843034,22.305068,ok
C132762__X2A__Y21.jpg,0.797724,19.906683,ok
C132762__X2A__Y24.jpg,0.716103,19.384072,ok
C132762__X2A__Y27.jpg,0.800389,20.281309,ok
C132762__X2A__Y2D.jpg,0.793815,21.442368,ok
C132762__X2A__Y30.jpg,0.738577,19.314879,ok
C132762__X2A__Y33.jpg,0.872491,21.707448,ok
C132762__X2D__Y0F.jpg,0.868065,23.660350,ok
C132762__X2D__Y1B.jpg,0.802804,19.494884,ok
C132762__X2D__Y1E.jpg,0.896747,23.979205,ok
C132762__X2D__Y21.jpg,0.759889,18.420184,ok
C132762__X2D__Y24.jpg,0.816916,20.439170,ok
C132762__X2D__Y27.jpg,0.773845,19.570786,ok
C132762__X2D__Y2D.jpg,0.815543,23.615295,ok
C132762__X2D__Y30.jpg,0.775661,21.679970,ok
C132762__X30__Y1B.jpg,0.876354,26.245063,ok
C132762__X30__Y21.jpg,0.762648,19.889713,ok
C132762__X30__Y27.jpg,0.772656,20.521150,ok
C132762__X33__Y39.jpg,0.839774,22.913693,ok
C132762__X36__Y18.jpg,0.793317,21.268931,ok
C132762__X36__Y1E.jpg,0.783228,20.372198,ok
C132762__X39__Y27.jpg,0.841599,22.618333,ok
C132762__X0F__Y2D.jpg,0.830859,24.109245,ok
C132762__X15__Y36.jpg,0.853516,26.423303,ok
C132762__X15__Y3C.jpg,0.854476,25.300086,ok
C132762__X1B__Y03.jpg,0.842120,26.018330,ok
C132763__X1B__Y33.jpg,0.762670,22.059041,ok
C132763__X1B__Y3C.jpg,0.818947,24.321003,ok
C132763__X1B__Y42.jpg,0.887955,27.457219,ok
C132763__X1E__Y36.jpg,0.769484,20.487988,ok
C132763__X1E__Y42.jpg,0.894506,29.172279,ok
C132763__X21__Y42.jpg,0.818503,24.551921,ok
C132763__X24__Y2D.jpg,0.830324,23.508122,ok
C132763__X24__Y33.jpg,0.785776,20.834241,ok
C132763__X24__Y3C.jpg,0.784002,22.402683,ok
C132763__X24__Y42.jpg,0.794726,23.938429,ok
C132763__X27__Y12.jpg,0.737490,21.686587,ok
C132763__X27__Y39.jpg,0.779605,22.012971,ok
C132763__X27__Y3C.jpg,0.807750,23.173437,ok
C132763__X27__Y42.jpg,0.796276,22.992498,ok
C132763__X2A__Y42.jpg,0.854678,26.201875,ok
C132763__X2D__Y1E.jpg,0.732777,19.726615,ok
C132763__X2D__Y42.jpg,0.862974,25.985725,ok
C132763__X30__Y0C.jpg,0.757688,20.620940,ok
C132763__X30__Y30.jpg,0.789803,21.143780,ok
C132763__X30__Y3F.jpg,0.754187,22.622766,ok
C132763__X33__Y30.jpg,0.777426,21.983566,ok
C132763__X33__Y3C.jpg,0.790977,22.101793,ok
C132763__X33__Y3F.jpg,0.881714,26.582730,ok
C132763__X36__Y06.jpg,0.895385,28.629877,ok
C132763__X36__Y27.jpg,0.766849,18.913913,ok
C132764__X36__Y3C.jpg,0.788638,22.592540,ok
C132764__X39__Y09.jpg,0.886319,26.631496,ok
C132764__X39__Y12.jpg,0.750584,21.801498,ok
C132764__X39__Y18.jpg,0.804350,22.469525,ok
C132764__X39__Y21.jpg,0.789726,22.656672,ok
C132764__X39__Y24.jpg,0.842462,23.605172,ok
C132764__X39__Y27.jpg,0.771259,21.333745,ok
C132764__X39__Y2A.jpg,0.803162,23.863455,ok
C132764__X39__Y30.jpg,0.861907,24.437285,ok
C132764__X39__Y33.jpg,0.834463,24.096417,ok
C132764__X39__Y36.jpg,0.829314,24.985970,ok
C132764__X39__Y39.jpg,0.838752,22.379086,ok
C132764__X3C__Y0C.jpg,0.845066,26.361858,ok
C132764__X3C__Y1B.jpg,0.807830,22.603691,ok
C132764__X3C__Y1E.jpg,0.821418,23.353649,ok
C132764__X3C__Y21.jpg,0.827161,23.926196,ok
C132764__X3C__Y24.jpg,0.810329,22.339638,ok
C132764__X3C__Y30.jpg,0.781655,22.323673,ok
C132764__X3F__Y0F.jpg,0.914454,30.431715,ok
C132764__X3F__Y12.jpg,0.878560,24.790211,ok
C132764__X3F__Y21.jpg,0.816581,21.646548,ok
C132764__X3F__Y27.jpg,0.775602,21.243777,ok
C132764__X3F__Y30.jpg,0.754440,20.730175,ok
C132764__X3F__Y33.jpg,0.876086,25.231715,ok
C132764__X42__Y12.jpg,0.876475,26.827112,ok
C132765__X42__Y15.jpg,0.872387,26.618153,ok
C132765__X42__Y18.jpg,0.844192,24.372932,ok
C132765__X42__Y1B.jpg,0.801775,22.834012,ok
C132765__X42__Y1E.jpg,0.743853,22.330236,ok
C132765__X42__Y21.jpg,0.799370,21.973499,ok
C132765__X42__Y27.jpg,0.780663,21.742332,ok
C132765__X42__Y30.jpg,0.920071,27.832178,ok
C132765__X42__Y33.jpg,0.933921,31.100463,ok
C132765__X42__Y36.jpg,0.875310,24.170478,ok
C132765__X45__Y1B.jpg,0.939270,32.241132,ok
C132765__X45__Y1E.jpg,0.910876,29.741886,ok
C132765__X45__Y21.jpg,0.884223,27.028944,ok
C132765__X45__Y27.jpg,0.929243,28.672408,ok
C132765__X48__Y03.jpg,0.957698,37.551351,ok
C132765__X48__Y06.jpg,0.959512,38.164024,ok
C132765__X48__Y09.jpg,0.958670,37.881404,ok
C132765__X48__Y0C.jpg,0.954982,37.500802,ok
C132765__X48__Y18.jpg,0.943332,26.862368,ok
C132765__X48__Y1B.jpg,0.951600,27.912920,ok
C132765__X48__Y1E.jpg,0.952611,33.523911,ok
C132765__X48__Y21.jpg,0.955117,33.016384,ok
C132765__X48__Y27.jpg,0.930855,25.558058,ok
C132765__X48__Y2D.jpg,0.936999,29.515967,ok
C132765__X48__Y3C.jpg,0.956051,33.837511,ok
C132765__X48__Y3F.jpg,0.958197,36.622716,ok
C132766__X48__Y42.jpg,0.958969,37.221239,ok
C132766__X09__Y21.jpg,0.818789,22.035723,ok
C132766__X09__Y24.jpg,0.777765,21.118683,ok
C132766__X09__Y27.jpg,0.852995,24.477720,ok
C132766__X0C__Y18.jpg,0.897540,28.995268,ok
C132766__X0C__Y1B.jpg,0.697737,17.555352,ok
C132766__X0C__Y1E.jpg,0.747654,19.335972,ok
C132766__X0C__Y21.jpg,0.727285,16.383849,ok
C132766__X0C__Y24.jpg,0.693565,18.088658,ok
C132766__X0C__Y27.jpg,0.716324,17.692648,ok
C132766__X0C__Y2A.jpg,0.744661,18.781516,ok
C132766__X0C__Y2D.jpg,0.735292,18.759699,ok
C132766__X0F__Y18.jpg,0.717860,17.909383,ok
C132766__X0F__Y1B.jpg,0.720713,18.455154,ok
C132766__X0F__Y1E.jpg,0.662320,17.660791,ok
C132766__X0F__Y27.jpg,0.662536,15.380922,ok
C132766__X0F__Y30.jpg,0.756862,18.064260,ok
C132766__X0F__Y33.jpg,0.700397,17.057922,ok
C132766__X12__Y18.jpg,0.747198,18.435408,ok
C132766__X12__Y1B.jpg,0.702905,17.708737,ok
C132766__X12__Y33.jpg,0.643705,16.573225,ok
C132766__X12__Y36.jpg,0.716864,17.173592,ok
C132766__X15__Y0F.jpg,0.727817,17.646446,ok
C132766__X15__Y12.jpg,0.717769,17.170497,ok
C132766__X15__Y36.jpg,0.716976,17.171768,ok
C132767__X15__Y39.jpg,0.667419,17.102087,ok
C132767__X18__Y0C.jpg,0.767111,18.152755,ok
C132767__X18__Y36.jpg,0.728372,18.475637,ok
C132767__X18__Y39.jpg,0.746410,17.815007,ok
C132767__X1B__Y33.jpg,0.666418,16.258273,ok
C132767__X1B__Y36.jpg,0.698677,17.822195,ok
C132767__X1B__Y39.jpg,0.663304,15.612790,ok
C132767__X1E__Y0C.jpg,0.731732,17.410528,ok
C132767__X24__Y12.jpg,0.745582,17.664241,ok
C132767__X24__Y27.jpg,0.656683,16.381187,ok
C132767__X24__Y39.jpg,0.635132,15.549527,ok
C132767__X27__Y09.jpg,0.742699,16.832535,ok
C132767__X27__Y0C.jpg,0.645483,16.596679,ok
C132767__X27__Y18.jpg,0.666633,16.063750,ok
C132767__X27__Y21.jpg,0.690181,15.851685,ok
C132767__X27__Y2A.jpg,0.669054,15.197297,ok
C132767__X27__Y36.jpg,0.570104,15.314949,ok
C132767__X27__Y3C.jpg,0.661516,16.340190,ok
C132767__X2A__Y0C.jpg,0.686632,16.598161,ok
C132767__X2A__Y36.jpg,0.627993,16.297404,ok
C132767__X2D__Y36.jpg,0.641185,15.939144,ok
C132767__X33__Y0C.jpg,0.739230,18.630550,ok
C132767__X3C__Y0F.jpg,0.754837,18.276115,ok
C132767__X3C__Y18.jpg,0.739826,17.403316,ok
C132767__X3C__Y1B.jpg,0.655275,15.407311,ok
C132768__X3C__Y2A.jpg,0.673074,16.322703,ok
C132768__X3F__Y33.jpg,0.677392,16.857848,ok
C132768__X3F__Y36.jpg,0.699622,17.368451,ok
C132768__X3F__Y39.jpg,0.704634,16.859645,ok
C132768__X3F__Y3F.jpg,0.824336,21.050020,ok
C132768__X42__Y1B.jpg,0.790581,19.958692,ok
C132768__X42__Y27.jpg,0.699646,17.242236,ok
C132768__X42__Y2A.jpg,0.718795,17.507543,ok
C132768__X42__Y2D.jpg,0.724877,18.339022,ok
C132768__X42__Y33.jpg,0.797910,19.074097,ok
C132768__X42__Y36.jpg,0.720894,18.227423,ok
C132768__X42__Y39.jpg,0.703342,17.088912,ok
C132768__X42__Y3C.jpg,0.813490,21.473213,ok
C132768__X45__Y1B.jpg,0.846038,21.220216,ok
C132768__X45__Y1E.jpg,0.802698,19.483585,ok
C132768__X45__Y24.jpg,0.793650,17.942018,ok
C132768__X45__Y27.jpg,0.807476,19.138096,ok
C132768__X45__Y2A.jpg,0.824971,18.799227,ok
C132768__X45__Y2D.jpg,0.811208,19.507074,ok
C132768__X45__Y30.jpg,0.787510,18.570461,ok
C132768__X45__Y33.jpg,0.795118,19.212483,ok
C132768__X45__Y36.jpg,0.749843,19.371414,ok
C132768__X45__Y39.jpg,0.924989,25.479080,ok
C132768__X48__Y03.jpg,0.958929,37.915124,ok
C132768__X48__Y06.jpg,0.956913,36.788006,ok
C132769__X48__Y09.jpg,0.958969,36.682593,ok
C132769__X48__Y12.jpg,0.953214,34.627277,ok
C132769__X48__Y15.jpg,0.938404,33.227378,ok
C132769__X48__Y18.jpg,0.956206,31.917294,ok
C132769__X48__Y39.jpg,0.946611,29.962946,ok
C132769__X48__Y42.jpg,0.949730,34.357053,ok
C132769__X06__Y24.jpg,0.847263,25.948765,ok
C132769__X09__Y33.jpg,0.867535,24.753440,ok
C132769__X0C__Y15.jpg,0.813736,22.785715,ok
C132769__X0C__Y18.jpg,0.794527,22.179918,ok
C132769__X0F__Y12.jpg,0.852910,25.827285,ok
C132769__X0F__Y15.jpg,0.843670,21.530995,ok
C132769__X12__Y0F.jpg,0.781663,22.007536,ok
C132769__X12__Y21.jpg,0.865137,24.510376,ok
C132769__X12__Y24.jpg,0.914013,27.513423,ok
C132769__X12__Y36.jpg,0.806716,17.005934,ok
C132769__X15__Y18.jpg,0.812600,20.360450,ok
C132769__X15__Y24.jpg,0.866581,26.256290,ok
C132769__X15__Y2D.jpg,0.802157,20.448492,ok
C132769__X15__Y30.jpg,0.866118,24.522008,ok
C132769__X15__Y33.jpg,0.880368,24.148173,ok
C132769__X18__Y09.jpg,0.832428,23.350242,ok
C132769__X18__Y30.jpg,0.836247,23.944344,ok
C132769__X18__Y33.jpg,0.872046,26.301112,ok
C132769__X18__Y36.jpg,0.864348,23.936976,ok
C132770__X1B__Y09.jpg,0.787498,22.621622,ok
C132770__X1B__Y0C.jpg,0.854419,23.684150,ok
C132770__X1B__Y18.jpg,0.797026,21.669822,ok
C132770__X1B__Y33.jpg,0.787310,22.748095,ok
C132770__X1B__Y39.jpg,0.805253,21.982751,ok
C132770__X1B__Y3C.jpg,0.867646,23.125293,ok
C132770__X1B__Y3F.jpg,0.848920,24.221669,ok
C132770__X1E__Y09.jpg,0.766794,20.216765,ok
C132770__X1E__Y0C.jpg,0.737216,22.095651,ok
C132770__X1E__Y18.jpg,0.726566,21.023106,ok
C132770__X1E__Y3C.jpg,0.793094,22.051227,ok
C132770__X1E__Y3F.jpg,0.856937,26.731345,ok
C132770__X21__Y09.jpg,0.821711,18.853837,ok
C132770__X21__Y3F.jpg,0.823700,24.017741,ok
C132770__X24__Y06.jpg,0.857940,24.963775,ok
C132770__X24__Y09.jpg,0.922211,28.063630,ok
C132770__X24__Y0C.jpg,0.788637,21.838141,ok
C132770__X24__Y12.jpg,0.765780,20.932028,ok
C132770__X24__Y3C.jpg,0.822466,23.006457,ok
C132770__X24__Y3F.jpg,0.914702,28.511709,ok
C132770__X27__Y06.jpg,0.930470,32.337861,ok
C132770__X27__Y09.jpg,0.874401,25.501278,ok
C132770__X27__Y12.jpg,0.821112,21.732633,ok
C132770__X27__Y24.jpg,0.806258,22.687829,ok
C132770__X2A__Y06.jpg,0.883909,28.156321,ok
C132771__X2D__Y06.jpg,0.865238,25.069103,ok
C132771__X2D__Y15.jpg,0.750231,20.717879,ok
C132771__X2D__Y1E.jpg,0.751296,19.388506,ok
C132771__X30__Y09.jpg,0.864172,25.710294,ok
C132771__X30__Y0C.jpg,0.740193,19.280624,ok
C132771__X33__Y09.jpg,0.808031,21.594424,ok
C132771__X36__Y09.jpg,0.886370,25.781670,ok
C132771__X36__Y0C.jpg,0.818831,22.000601,ok
C132771__X36__Y2A.jpg,0.759175,20.843775,ok
C132771__X39__Y0C.jpg,0.747743,20.516732,ok
C132771__X39__Y1B.jpg,0.817570,23.296898,ok
C132771__X39__Y36.jpg,0.791808,19.560322,ok
C132771__X3C__Y0C.jpg,0.861837,27.754018,ok
C132771__X3C__Y15.jpg,0.785420,21.453697,ok
C132771__X3C__Y33.jpg,0.777169,20.623256,ok
C132771__X3F__Y0F.jpg,0.892238,26.245990,ok
C132771__X3F__Y12.jpg,0.807672,21.479237,ok
C132771__X3F__Y2A.jpg,0.771523,21.900569,ok
C132771__X3F__Y30.jpg,0.816646,22.128876,ok
C132771__X3F__Y33.jpg,0.855022,25.393768,ok
C132771__X42__Y12.jpg,0.926583,29.687866,ok
C132771__X42__Y15.jpg,0.786397,20.522309,ok
C132771__X42__Y1B.jpg,0.770973,21.373936,ok
C132771__X42__Y1E.jpg,0.800933,22.283835,ok
C132771__X42__Y2A.jpg,0.788151,20.327698,ok
C132772__X42__Y2D.jpg,0.791864,21.398148,ok
C132772__X42__Y30.jpg,0.853770,25.027408,ok
C132772__X42__Y33.jpg,0.873680,25.539210,ok
C132772__X45__Y18.jpg,0.904204,25.669125,ok
C132772__X45__Y1B.jpg,0.822902,25.069075,ok
C132772__X45__Y1E.jpg,0.925526,29.414256,ok
C132772__X45__Y21.jpg,0.841559,23.950074,ok
C132772__X45__Y27.jpg,0.785786,21.068597,ok
C132772__X45__Y2A.jpg,0.763046,20.677984,ok
C132772__X45__Y2D.jpg,0.878257,24.439396,ok
C132772__X45__Y30.jpg,0.872989,25.569249,ok
C132772__X12__Y15.jpg,0.816916,20.521566,ok
C132772__X12__Y18.jpg,0.823891,19.803364,ok
C132772__X12__Y24.jpg,0.774850,18.289544,ok
C132772__X1B__Y09.jpg,0.841464,20.131607,ok
C132772__X1B__Y0C.jpg,0.886215,21.766717,ok
C132772__X1B__Y12.jpg,0.817191,19.404376,ok
C132772__X1B__Y15.jpg,0.789362,19.001510,ok
C132772__X1B__Y24.jpg,0.813377,17.807646,ok
C132772__X1E__Y09.jpg,0.883881,21.318906,ok
C132772__X1E__Y0F.jpg,0.797292,19.083214,ok
C132772__X1E__Y15.jpg,0.799570,18.423872,ok
C132772__X1E__Y33.jpg,0.831254,17.492132,ok
C132772__X21__Y09.jpg,0.868183,21.392434,ok
C132772__X21__Y12.jpg,0.834892,19.827092,ok
C132773__X24__Y09.jpg,0.867963,21.541065,ok
C132773__X24__Y0C.jpg,0.855606,21.313878,ok
C132773__X24__Y0F.jpg,0.790123,19.159000,ok
C132773__X24__Y12.jpg,0.763638,18.082825,ok
C132773__X24__Y15.jpg,0.826455,19.817011,ok
C132773__X24__Y18.jpg,0.816543,19.628184,ok
C132773__X24__Y24.jpg,0.753849,16.430616,ok
C132773__X27__Y09.jpg,0.860175,21.137508,ok
C132773__X27__Y0C.jpg,0.860004,20.819654,ok
C132773__X27__Y0F.jpg,0.807267,19.687280,ok
C132773__X27__Y15.jpg,0.823654,20.856185,ok
C132773__X27__Y18.jpg,0.833365,20.414420,ok
C132773__X27__Y24.jpg,0.766975,18.468256,ok
C132773__X2A__Y06.jpg,0.882605,23.445627,ok
C132773__X2A__Y0F.jpg,0.870366,22.500703,ok
C132773__X2A__Y12.jpg,0.769707,18.488309,ok
C132773__X2A__Y15.jpg,0.867371,22.132887,ok
C132773__X2A__Y18.jpg,0.799676,19.120141,ok
C132773__X2A__Y21.jpg,0.782463,17.591333,ok
C132773__X2D__Y06.jpg,0.871436,22.777097,ok
C132773__X2D__Y09.jpg,0.854118,20.429663,ok
C132773__X2D__Y0C.jpg,0.851882,21.207013,ok
C132773__X2D__Y0F.jpg,0.872308,23.076105,ok
C132773__X2D__Y12.jpg,0.849081,21.340248,ok
C132773__X2D__Y15.jpg,0.877920,23.018441,ok
C132774__X2D__Y18.jpg,0.810655,18.992993,ok
C132774__X2D__Y1E.jpg,0.842266,20.726503,ok
C132774__X2D__Y21.jpg,0.810544,19.555533,ok
C132774__X2D__Y24.jpg,0.839945,20.174002,ok
C132774__X30__Y06.jpg,0.888098,23.497154,ok
C132774__X30__Y09.jpg,0.877814,22.588824,ok
C132774__X30__Y0C.jpg,0.870351,23.480341,ok
C132774__X30__Y0F.jpg,0.822607,21.598704,ok
C132774__X30__Y12.jpg,0.829215,21.307093,ok
C132774__X30__Y15.jpg,0.831378,20.221120,ok
C132774__X30__Y18.jpg,0.810205,20.354982,ok
C132774__X30__Y1B.jpg,0.848181,21.018804,ok
C132774__X30__Y1E.jpg,0.808983,20.338831,ok
C132774__X30__Y21.jpg,0.795255,18.611933,ok
C132774__X30__Y24.jpg,0.724044,16.265584,ok
C132774__X30__Y27.jpg,0.731823,17.150675,ok
C132774__X30__Y3C.jpg,0.761216,16.783402,ok
C132774__X33__Y06.jpg,0.865535,22.543272,ok
C132774__X33__Y09.jpg,0.830084,20.054085,ok
C132774__X33__Y0C.jpg,0.835329,20.772474,ok
C132774__X33__Y0F.jpg,0.841581,20.737241,ok
C132774__X33__Y12.jpg,0.820047,20.489701,ok
C132774__X33__Y15.jpg,0.799295,20.464739,ok
C132774__X33__Y18.jpg,0.830482,22.826884,ok
C132774__X36__Y09.jpg,0.866752,20.632288,ok
C132775__X36__Y0C.jpg,0.821662,17.948067,ok
C132775__X36__Y12.jpg,0.828926,19.883585,ok
C132775__X36__Y15.jpg,0.861730,21.533222,ok
C132775__X36__Y18.jpg,0.807921,18.830713,ok
C132775__X36__Y21.jpg,0.846095,21.231003,ok
C132775__X39__Y0F.jpg,0.808163,19.107429,ok
C132775__X39__Y15.jpg,0.823340,20.995611,ok
C132775__X39__Y18.jpg,0.832254,19.695004,ok
C132775__X39__Y1E.jpg,0.799268,19.281996,ok
C132775__X39__Y21.jpg,0.853365,21.984855,ok
C132775__X3C__Y15.jpg,0.881179,22.657126,ok
C132775__X3C__Y18.jpg,0.875267,21.556239,ok
C132775__X3C__Y27.jpg,0.783672,17.484514,ok
C132775__X42__Y18.jpg,0.871077,21.168786,ok
C132775__X42__Y24.jpg,0.839904,19.541404,ok
C132775__X42__Y27.jpg,0.826630,21.052067,ok
C132775__X06__Y45.jpg,0.958523,31.200599,ok
C132775__X09__Y45.jpg,0.957884,33.874056,ok
C132775__X0C__Y45.jpg,0.956559,32.954852,ok
C132775__X0F__Y45.jpg,0.957230,36.180971,ok
C132775__X12__Y45.jpg,0.954447,34.601990,ok
C132775__X15__Y45.jpg,0.942864,31.143559,ok
C132775__X18__Y45.jpg,0.957134,33.918538,ok
C132775__X1B__Y09.jpg,0.776124,20.814967,ok
C132775__X1B__Y45.jpg,0.955803,33.878881,ok
C132776__X1E__Y09.jpg,0.763571,19.486366,ok
C132776__X1E__Y0C.jpg,0.716401,19.259411,ok
C132776__X1E__Y15.jpg,0.751778,18.972329,ok
C132776__X1E__Y2A.jpg,0.752752,19.855858,ok
C132776__X1E__Y2D.jpg,0.810992,21.093069,ok
C132776__X1E__Y45.jpg,0.944953,29.145314,ok
C132776__X21__Y45.jpg,0.954517,31.629501,ok
C132776__X24__Y3C.jpg,0.747207,19.844787,ok
C132776__X24__Y45.jpg,0.954722,34.801252,ok
C132776__X27__Y0C.jpg,0.794674,22.136533,ok
C132776__X27__Y12.jpg,0.765750,21.960981,ok
C132776__X27__Y36.jpg,0.817476,23.177708,ok
C132776__X27__Y45.jpg,0.950564,30.624670,ok
C132776__X2A__Y09.jpg,0.872073,25.335378,ok
C132776__X2A__Y12.jpg,0.749827,21.921238,ok
C132776__X2A__Y45.jpg,0.953133,27.885018,ok
C132776__X2D__Y2A.jpg,0.801651,21.598691,ok
C132776__X2D__Y3C.jpg,0.807190,23.021970,ok
C132776__X2D__Y45.jpg,0.953431,32.539095,ok
C132776__X30__Y0C.jpg,0.876272,24.159958,ok
C132776__X30__Y12.jpg,0.792532,20.882416,ok
C132776__X30__Y15.jpg,0.827270,23.988822,ok
C132776__X30__Y30.jpg,0.821434,20.091552,ok
C132776__X30__Y45.jpg,0.955804,34.943374,ok
C132776__X33__Y27.jpg,0.867246,25.503836,ok
C132777__X33__Y2A.jpg,0.785035,21.502076,ok
C132777__X33__Y30.jpg,0.781679,20.816947,ok
C132777__X33__Y36.jpg,0.761244,20.779861,ok
C132777__X33__Y39.jpg,0.799279,19.667217,ok
C132777__X33__Y45.jpg,0.959293,31.178214,ok
C132777__X36__Y18.jpg,0.851694,23.752696,ok
C132777__X36__Y24.jpg,0.843474,23.027901,ok
C132777__X36__Y2A.jpg,0.848974,25.815447,ok
C132777__X36__Y36.jpg,0.741266,19.387065,ok
C132777__X36__Y45.jpg,0.955233,31.624717,ok
C132777__X39__Y18.jpg,0.851705,25.910402,ok
C132777__X39__Y1B.jpg,0.779538,21.965414,ok
C132777__X39__Y1E.jpg,0.817157,23.295392,ok
C132777__X39__Y24.jpg,0.846077,25.936428,ok
C132777__X39__Y27.jpg,0.883301,26.745763,ok
C132777__X39__Y2A.jpg,0.788388,21.970163,ok
C132777__X39__Y2D.jpg,0.823994,24.916801,ok
C132777__X39__Y30.jpg,0.801927,23.301092,ok
C132777__X39__Y33.jpg,0.831292,23.664262,ok
C132777__X39__Y45.jpg,0.960130,34.453197,ok
C132777__X3C__Y18.jpg,0.797484,20.448147,ok
C132777__X3C__Y1B.jpg,0.835322,25.556144,ok
C132777__X3C__Y1E.jpg,0.834643,23.611627,ok
C132777__X3C__Y24.jpg,0.824776,23.557476,ok
C132777__X3C__Y27.jpg,0.819174,23.976284,ok
C132778__X3C__Y2A.jpg,0.772281,22.277645,ok
C132778__X3C__Y2D.jpg,0.835663,23.856901,ok
C132778__X3C__Y30.jpg,0.810376,21.655799,ok
C132778__X3C__Y33.jpg,0.863103,23.370800,ok
C132778__X3C__Y45.jpg,0.960312,35.375275,ok
C132778__X3F__Y1B.jpg,0.816695,23.094370,ok
C132778__X3F__Y1E.jpg,0.846903,24.524063,ok
C132778__X3F__Y21.jpg,0.822073,24.103791,ok
C132778__X3F__Y24.jpg,0.789463,22.643844,ok
C132778__X3F__Y27.jpg,0.795271,22.707510,ok
C132778__X3F__Y2A.jpg,0.794263,21.806386,ok
C132778__X3F__Y2D.jpg,0.859367,25.951014,ok
C132778__X3F__Y45.jpg,0.955044,34.944740,ok
C132778__X42__Y2D.jpg,0.838514,25.813407,ok
C132778__X42__Y45.jpg,0.959217,36.478535,ok
C132778__X45__Y45.jpg,0.962381,35.677967,ok
C132778__X48__Y03.jpg,0.950794,33.717069,ok
C132778__X48__Y06.jpg,0.960411,33.762756,ok
C132778__X48__Y3F.jpg,0.958331,32.764563,ok
C132778__X48__Y42.jpg,0.957909,32.183787,ok
C132778__X48__Y45.jpg,0.952893,33.000165,ok
C132778__X0C__Y1E.jpg,0.773352,17.164578,ok
C132778__X0C__Y27.jpg,0.853926,18.521990,ok
C132778__X0C__Y2D.jpg,0.883313,23.777035,ok
C132778__X0F__Y12.jpg,0.758898,17.775167,ok
C132779__X0F__Y2D.jpg,0.851568,19.996315,ok
C132779__X0F__Y30.jpg,0.858182,20.235753,ok
C132779__X12__Y12.jpg,0.779233,16.629954,ok
C132779__X12__Y30.jpg,0.870045,19.644977,ok
C132779__X12__Y3C.jpg,0.943532,26.950589,ok
C132779__X1B__Y03.jpg,0.831576,20.295785,ok
C132779__X1B__Y06.jpg,0.883745,21.503196,ok
C132779__X1B__Y42.jpg,0.865151,20.397789,ok
C132779__X1E__Y03.jpg,0.872420,22.692707,ok
C132779__X1E__Y06.jpg,0.881046,22.905283,ok
C132779__X1E__Y42.jpg,0.897510,23.718277,ok
C132779__X21__Y03.jpg,0.801297,19.422614,ok
C132779__X24__Y03.jpg,0.864007,21.145507,ok
C132779__X24__Y06.jpg,0.759664,15.911403,ok
C132779__X27__Y03.jpg,0.844518,21.570030,ok
C132779__X27__Y3F.jpg,0.752558,17.413808,ok
C132779__X2A__Y03.jpg,0.797396,20.955885,ok
C132779__X2A__Y3C.jpg,0.741054,16.167897,ok
C132779__X2A__Y3F.jpg,0.731686,16.502193,ok
C132779__X2A__Y42.jpg,0.857335,20.003048,ok
C132779__X2D__Y03.jpg,0.817138,20.706539,ok
C132779__X2D__Y06.jpg,0.745111,17.019232,ok
C132779__X30__Y03.jpg,0.885694,23.044187,ok
C132779__X30__Y06.jpg,0.861248,20.173308,ok
C132779__X30__Y3F.jpg,0.856165,19.526011,ok
C132780__X33__Y03.jpg,0.896131,23.364570,ok
C132780__X33__Y06.jpg,0.831506,19.409721,ok
C132780__X33__Y33.jpg,0.719790,15.216702,ok
C132780__X33__Y39.jpg,0.807259,18.469930,ok
C132780__X33__Y3C.jpg,0.869047,20.837311,ok
C132780__X33__Y3F.jpg,0.915828,24.058651,ok
C132780__X36__Y06.jpg,0.834509,20.793117,ok
C132780__X36__Y09.jpg,0.803451,16.981553,ok
C132780__X36__Y30.jpg,0.732654,18.189255,ok
C132780__X36__Y33.jpg,0.789958,20.184219,ok
C132780__X36__Y36.jpg,0.782775,19.333743,ok
C132780__X36__Y39.jpg,0.826878,21.295672,ok
C132780__X36__Y3C.jpg,0.843793,21.636367,ok
C132780__X39__Y06.jpg,0.941739,25.742733,ok
C132780__X39__Y09.jpg,0.850674,19.381470,ok
C132780__X39__Y2D.jpg,0.790804,19.061857,ok
C132780__X39__Y36.jpg,0.845853,20.951843,ok
C132780__X39__Y39.jpg,0.818371,20.274509,ok
C132780__X3C__Y09.jpg,0.890528,19.160158,ok
C132780__X3C__Y24.jpg,0.753598,16.353228,ok
C132780__X3C__Y27.jpg,0.670245,16.397486,ok
C132780__X3C__Y2D.jpg,0.808090,18.730786,ok
C132780__X3C__Y30.jpg,0.762776,17.981573,ok
C132780__X3C__Y33.jpg,0.754778,18.009201,ok
C132780__X3C__Y36.jpg,0.831507,21.518404,ok
C132781__X3C__Y39.jpg,0.942073,27.399344,ok
C132781__X3F__Y0C.jpg,0.853113,19.422291,ok
C132781__X3F__Y27.jpg,0.766688,17.496692,ok
C132781__X3F__Y2A.jpg,0.811496,18.457374,ok
C132781__X3F__Y2D.jpg,0.822360,21.128876,ok
C132781__X3F__Y30.jpg,0.811295,20.509448,ok
C132781__X3F__Y33.jpg,0.823224,18.852309,ok
C132781__X42__Y0F.jpg,0.896401,20.040733,ok
C132781__X42__Y12.jpg,0.759212,16.870801,ok
C132781__X42__Y18.jpg,0.788154,17.927441,ok
C132781__X42__Y21.jpg,0.757355,16.994110,ok
C132781__X42__Y24.jpg,0.794982,17.801854,ok
C132781__X42__Y27.jpg,0.814444,20.107190,ok
C132781__X42__Y2A.jpg,0.835686,20.916279,ok
C132781__X42__Y2D.jpg,0.849532,19.092206,ok
C132781__X42__Y30.jpg,0.911356,25.920635,ok
C132781__X42__Y39.jpg,0.961121,34.901971,ok
C132781__X42__Y3C.jpg,0.873980,20.681569,ok
C132781__X45__Y15.jpg,0.895565,22.457377,ok
C132781__X45__Y18.jpg,0.817775,20.546794,ok
C132781__X45__Y1B.jpg,0.853930,21.575053,ok
C132781__X45__Y1E.jpg,0.864541,22.209392,ok
C132781__X45__Y21.jpg,0.864048,21.743490,ok
C132781__X45__Y24.jpg,0.836434,23.055296,ok
C132781__X45__Y27.jpg,0.845524,21.098490,ok
C132782__X45__Y30.jpg,0.930778,24.369374,ok
C132782__X0C__Y21.jpg,0.879915,25.584835,ok
C132782__X0F__Y15.jpg,0.812323,18.865865,ok
C132782__X0F__Y18.jpg,0.808851,19.072232,ok
C132782__X0F__Y21.jpg,0.807725,19.987504,ok
C132782__X0F__Y24.jpg,0.806326,21.792074,ok
C132782__X0F__Y27.jpg,0.874364,23.658291,ok
C132782__X0F__Y30.jpg,0.866287,22.908538,ok
C132782__X12__Y15.jpg,0.816549,19.460028,ok
C132782__X12__Y21.jpg,0.844116,22.510433,ok
C132782__X12__Y24.jpg,0.900025,23.278750,ok
C132782__X12__Y27.jpg,0.821977,19.244218,ok
C132782__X12__Y2D.jpg,0.736429,18.101805,ok
C132782__X12__Y30.jpg,0.808537,20.379483,ok
C132782__X12__Y33.jpg,0.834654,18.517967,ok
C132782__X15__Y27.jpg,0.801323,19.125738,ok
C132782__X15__Y2A.jpg,0.764896,18.179922,ok
C132782__X15__Y30.jpg,0.833471,20.162879,ok
C132782__X18__Y33.jpg,0.911900,25.559579,ok
C132782__X1B__Y24.jpg,0.916838,27.304322,ok
C132782__X1B__Y27.jpg,0.876090,21.726344,ok
C132782__X1B__Y30.jpg,0.922821,23.850145,ok
C132782__X1B__Y33.jpg,0.903661,26.898145,ok
C132782__X1E__Y33.jpg,0.793087,19.708183,ok
C132782__X1E__Y36.jpg,0.842739,21.979868,ok
C132783__X1E__Y39.jpg,0.760393,18.290902,ok
C132783__X1E__Y3C.jpg,0.797941,19.584636,ok
C132783__X1E__Y42.jpg,0.777550,19.959703,ok
C132783__X21__Y30.jpg,0.944955,26.202542,ok
C132783__X21__Y36.jpg,0.831118,20.917239,ok
C132783__X24__Y30.jpg,0.929521,21.149082,ok
C132783__X24__Y36.jpg,0.819254,19.947295,ok
C132783__X24__Y39.jpg,0.855628,22.198603,ok
C132783__X24__Y3C.jpg,0.794766,20.106348,ok
C132783__X24__Y3F.jpg,0.878450,23.442329,ok
C132783__X27__Y2D.jpg,0.820824,17.964762,ok
C132783__X27__Y30.jpg,0.843958,18.826249,ok
C132783__X27__Y36.jpg,0.755147,16.159186,ok
C132783__X27__Y3C.jpg,0.812360,20.322434,ok
C132783__X27__Y3F.jpg,0.813584,21.305781,ok
C132783__X2A__Y0C.jpg,0.865858,23.358033,ok
C132783__X2A__Y2D.jpg,0.757695,18.126888,ok
C132783__X2A__Y33.jpg,0.829830,20.867120,ok
C132783__X2A__Y36.jpg,0.863381,21.367062,ok
C132783__X2D__Y09.jpg,0.857162,21.849080,ok
C132783__X2D__Y15.jpg,0.816415,22.645867,ok
C132783__X2D__Y27.jpg,0.849015,22.807205,ok
C132783__X2D__Y2A.jpg,0.838347,21.529717,ok
C132783__X2D__Y2D.jpg,0.904873,25.353411,ok
C132783__X2D__Y30.jpg,0.870696,24.218048,ok
C132784__X2D__Y33.jpg,0.832436,21.027759,ok
C132784__X2D__Y36.jpg,0.789164,18.941001,ok
C132784__X30__Y18.jpg,0.832407,21.203627,ok
C132784__X30__Y24.jpg,0.803781,20.168936,ok
C132784__X30__Y30.jpg,0.843181,23.173825,ok
C132784__X30__Y33.jpg,0.869472,22.670066,ok
C132784__X30__Y36.jpg,0.831024,18.790432,ok
C132784__X30__Y42.jpg,0.911977,23.569733,ok
C132784__X33__Y09.jpg,0.858790,22.982816,ok
C132784__X33__Y24.jpg,0.851423,19.119608,ok
C132784__X33__Y30.jpg,0.846991,21.247710,ok
C132784__X33__Y33.jpg,0.825591,22.607439,ok
C132784__X36__Y0C.jpg,0.823298,21.873223,ok
C132784__X36__Y15.jpg,0.739132,17.372931,ok
C132784__X36__Y27.jpg,0.860578,20.008878,ok
C132784__X36__Y2D.jpg,0.837009,20.367559,ok
C132784__X36__Y30.jpg,0.826420,20.266794,ok
C132784__X36__Y36.jpg,0.793150,19.026766,ok
C132784__X36__Y3F.jpg,0.883972,22.544943,ok
C132784__X39__Y12.jpg,0.769802,18.473686,ok
C132784__X39__Y2D.jpg,0.814557,19.229545,ok
C132784__X3C__Y12.jpg,0.799180,20.423629,ok
C132784__X3C__Y15.jpg,0.777905,20.203031,ok
C132784__X3C__Y30.jpg,0.823466,20.911895,ok
C132784__X42__Y12.jpg,0.820006,19.077785,ok
C132785__X42__Y30.jpg,0.771194,18.895323,ok
C132785__X45__Y15.jpg,0.888124,22.386702,ok
C132785__X45__Y18.jpg,0.858817,22.612619,ok
C132785__X45__Y1B.jpg,0.807969,19.896761,ok
C132785__X45__Y21.jpg,0.757555,19.995531,ok
C132785__X45__Y30.jpg,0.846206,21.021894,ok
C132785__X06__Y24.jpg,0.845127,25.898276,ok
C132785__X06__Y27.jpg,0.858259,26.094512,ok
C132785__X06__Y2D.jpg,0.900603,27.688307,ok
C132785__X09__Y30.jpg,0.789730,19.434626,ok
C132785__X09__Y33.jpg,0.845209,24.008645,ok
C132785__X0C__Y1B.jpg,0.832184,24.013341,ok
C132785__X0C__Y1E.jpg,0.838074,22.714078,ok
C132785__X0C__Y2A.jpg,0.756282,18.146967,ok
C132785__X0C__Y39.jpg,0.890039,25.602265,ok
C132785__X0F__Y1E.jpg,0.765627,20.670293,ok
C132785__X0F__Y3C.jpg,0.902654,26.058076,ok
C132785__X12__Y15.jpg,0.785905,21.355468,ok
C132785__X12__Y18.jpg,0.800949,21.298755,ok
C132785__X12__Y1B.jpg,0.715593,19.179551,ok
C132785__X12__Y1E.jpg,0.779851,19.814713,ok
C132785__X12__Y3F.jpg,0.926603,27.974047,ok
C132785__X15__Y18.jpg,0.779573,18.841028,ok
C132785__X15__Y27.jpg,0.812611,20.318905,ok
C132785__X15__Y3F.jpg,0.762132,20.151839,ok
C132786__X18__Y18.jpg,0.805875,22.284297,ok
C132786__X18__Y24.jpg,0.704655,17.834280,ok
C132786__X18__Y42.jpg,0.897322,24.928497,ok
C132786__X1B__Y1E.jpg,0.824623,20.107213,ok
C132786__X1B__Y24.jpg,0.823586,23.157676,ok
C132786__X1B__Y27.jpg,0.851864,21.872232,ok
C132786__X1B__Y2A.jpg,0.821589,23.196939,ok
C132786__X1B__Y2D.jpg,0.845048,22.546457,ok
C132786__X1B__Y36.jpg,0.775991,20.687455,ok
C132786__X1B__Y3C.jpg,0.795771,21.393875,ok
C132786__X1B__Y3F.jpg,0.747401,18.605999,ok
C132786__X1B__Y42.jpg,0.847656,24.039359,ok
C132786__X1E__Y39.jpg,0.821146,22.013552,ok
C132786__X1E__Y42.jpg,0.783349,20.462172,ok
C132786__X21__Y15.jpg,0.837374,22.421901,ok
C132786__X21__Y30.jpg,0.805782,20.672393,ok
C132786__X21__Y3F.jpg,0.787499,19.592008,ok
C132786__X24__Y2D.jpg,0.755034,19.591259,ok
C132786__X24__Y30.jpg,0.829531,22.867371,ok
C132786__X24__Y36.jpg,0.781391,21.897257,ok
C132786__X24__Y39.jpg,0.673769,18.047411,ok
C132786__X24__Y3F.jpg,0.733664,18.869742,ok
C132786__X24__Y42.jpg,0.814836,21.710191,ok
C132786__X27__Y0F.jpg,0.875689,25.967782,ok
C132786__X27__Y12.jpg,0.783612,20.035498,ok
C132787__X27__Y1B.jpg,0.771684,18.937651,ok
C132787__X27__Y27.jpg,0.730852,19.220995,ok
C132787__X27__Y2A.jpg,0.810434,22.137443,ok
C132787__X27__Y2D.jpg,0.803557,22.660934,ok
C132787__X27__Y30.jpg,0.756692,20.355965,ok
C132787__X27__Y36.jpg,0.811394,23.325875,ok
C132787__X27__Y39.jpg,0.751422,20.219578,ok
C132787__X27__Y3F.jpg,0.806531,22.319756,ok
C132787__X27__Y42.jpg,0.768865,19.334112,ok
C132787__X2A__Y18.jpg,0.808193,21.631038,ok
C132787__X2A__Y27.jpg,0.791928,19.859860,ok
C132787__X2A__Y30.jpg,0.768296,22.127802,ok
C132787__X2A__Y33.jpg,0.782070,20.258196,ok
C132787__X2A__Y36.jpg,0.796828,22.836387,ok
C132787__X2A__Y3C.jpg,0.771897,19.666493,ok
C132787__X2D__Y15.jpg,0.736895,19.377546,ok
C132787__X2D__Y2A.jpg,0.801368,22.473389,ok
C132787__X2D__Y3C.jpg,0.817642,21.091690,ok
C132787__X30__Y1E.jpg,0.765539,20.741928,ok
C132787__X30__Y2A.jpg,0.775329,21.266109,ok
C132787__X30__Y30.jpg,0.745640,18.739828,ok
C132787__X30__Y36.jpg,0.678572,17.136346,ok
C132787__X30__Y39.jpg,0.879939,28.496242,ok
C132787__X30__Y42.jpg,0.833811,22.062980,ok
C132787__X33__Y2A.jpg,0.775405,20.004726,ok
C132788__X33__Y2D.jpg,0.886908,26.842638,ok
C132788__X33__Y36.jpg,0.726072,19.142172,ok
C132788__X33__Y42.jpg,0.800772,22.005725,ok
C132788__X36__Y2D.jpg,0.802228,21.624066,ok
C132788__X36__Y3F.jpg,0.807132,20.502979,ok
C132788__X36__Y42.jpg,0.920949,29.618838,ok
C132788__X39__Y36.jpg,0.709999,17.466586,ok
C132788__X39__Y3F.jpg,0.835099,24.033000,ok
C132788__X3C__Y3C.jpg,0.752978,17.924164,ok
C132788__X42__Y36.jpg,0.832925,23.541223,ok
C132788__X45__Y30.jpg,0.846992,22.811651,ok
C132788__X12__Y1E.jpg,0.890660,21.407522,ok
C132788__X12__Y21.jpg,0.824192,21.400409,ok
C132788__X15__Y1E.jpg,0.741284,15.104494,ok
C132788__X15__Y24.jpg,0.743055,17.141068,ok
C132788__X15__Y27.jpg,0.896102,23.192760,ok
C132788__X18__Y1E.jpg,0.810848,20.544546,ok
C132788__X18__Y21.jpg,0.744579,17.683058,ok
C132788__X18__Y24.jpg,0.841700,22.293594,ok
C132788__X18__Y27.jpg,0.768790,19.384550,ok
C132788__X1B__Y18.jpg,0.865480,22.267720,ok
C132788__X1B__Y1B.jpg,0.821916,18.980926,ok
C132788__X1B__Y1E.jpg,0.791027,19.121669,ok
C132788__X1B__Y21.jpg,0.825658,21.495188,ok
C132788__X1B__Y24.jpg,0.864287,21.789233,ok
C132789__X1B__Y27.jpg,0.877253,22.144056,ok
C132789__X1B__Y2A.jpg,0.876963,20.442638,ok
C132789__X1E__Y18.jpg,0.832608,20.882753,ok
C132789__X1E__Y1E.jpg,0.894977,22.622543,ok
C132789__X1E__Y27.jpg,0.760531,18.782682,ok
C132789__X1E__Y2A.jpg,0.822021,21.664711,ok
C132789__X1E__Y2D.jpg,0.792477,20.312318,ok
C132789__X1E__Y3C.jpg,0.826845,18.789181,ok
C132789__X21__Y1E.jpg,0.796976,19.010180,ok
C132789__X21__Y21.jpg,0.888231,23.084796,ok
C132789__X21__Y27.jpg,0.808143,20.219568,ok
C132789__X21__Y2D.jpg,0.899022,23.483274,ok
C132789__X21__Y3C.jpg,0.843309,18.690289,ok
C132789__X24__Y1E.jpg,0.805311,19.062419,ok
C132789__X24__Y27.jpg,0.892126,23.151058,ok
C132789__X24__Y2D.jpg,0.882858,23.991697,ok
C132789__X24__Y30.jpg,0.888508,24.104017,ok
C132789__X27__Y1E.jpg,0.892082,21.940789,ok
C132789__X27__Y27.jpg,0.729132,18.392011,ok
C132789__X27__Y2A.jpg,0.765742,19.439857,ok
C132789__X27__Y2D.jpg,0.866632,21.625929,ok
C132789__X27__Y30.jpg,0.905280,27.586526,ok
C132789__X27__Y33.jpg,0.796798,19.990500,ok
C132789__X27__Y3F.jpg,0.888529,25.977179,ok
C132789__X2A__Y27.jpg,0.917765,23.640890,ok
C132790__X2A__Y2A.jpg,0.777998,18.050317,ok
C132790__X2A__Y2D.jpg,0.890468,24.909670,ok
C132790__X2D__Y27.jpg,0.880105,21.014197,ok
C132790__X2D__Y2D.jpg,0.881241,23.300876,ok
C132790__X2D__Y30.jpg,0.848918,21.363783,ok
C132790__X30__Y27.jpg,0.842849,20.321928,ok
C132790__X30__Y2A.jpg,0.836584,19.083829,ok
C132790__X30__Y2D.jpg,0.849476,22.474892,ok
C132790__X30__Y30.jpg,0.880265,22.266906,ok
C132790__X30__Y33.jpg,0.817999,19.706642,ok
C132790__X30__Y36.jpg,0.862664,21.017111,ok
C132790__X33__Y27.jpg,0.791808,20.055586,ok
C132790__X33__Y2A.jpg,0.831665,19.073362,ok
C132790__X33__Y2D.jpg,0.890316,23.331922,ok
C132790__X33__Y33.jpg,0.793201,21.334593,ok
C132790__X33__Y36.jpg,0.850912,20.309223,ok
C132790__X36__Y2A.jpg,0.819771,19.307093,ok
C132790__X36__Y2D.jpg,0.825383,23.005226,ok
C132790__X36__Y30.jpg,0.794664,19.571810,ok
C132790__X36__Y33.jpg,0.893551,22.657742,ok
C132790__X36__Y36.jpg,0.832759,18.960727,ok
C132790__X39__Y21.jpg,0.866923,22.167241,ok
C132790__X39__Y24.jpg,0.849970,19.364453,ok
C132790__X39__Y27.jpg,0.859813,22.472398,ok
C132790__X39__Y2A.jpg,0.855667,22.328635,ok
C132791__X39__Y2D.jpg,0.833963,23.128240,ok
C132791__X39__Y30.jpg,0.918322,26.188345,ok
C132791__X39__Y33.jpg,0.847391,20.143691,ok
C132791__X39__Y36.jpg,0.852607,21.602944,ok
C132791__X3C__Y27.jpg,0.878131,21.640337,ok
C132791__X3C__Y2A.jpg,0.853122,22.684700,ok
C132791__X3C__Y2D.jpg,0.819238,20.358007,ok
C132791__X3C__Y33.jpg,0.858991,21.429838,ok
C132791__X3C__Y36.jpg,0.872758,22.842051,ok
C132791__X3C__Y39.jpg,0.855803,20.939318,ok
C132791__X3F__Y27.jpg,0.911251,25.492722,ok
C132791__X3F__Y2A.jpg,0.894217,25.946626,ok
C132791__X3F__Y2D.jpg,0.877105,25.638186,ok
C132791__X3F__Y30.jpg,0.850058,21.902950,ok
C132791__X3F__Y33.jpg,0.799676,18.401420,ok
C132791__X42__Y2D.jpg,0.844956,22.856769,ok
C132791__X03__Y45.jpg,0.942698,31.002418,ok
C132791__X06__Y45.jpg,0.955175,34.395288,ok
C132791__X09__Y45.jpg,0.954601,35.525951,ok
C132791__X0C__Y45.jpg,0.951999,34.128670,ok
C132791__X0F__Y45.jpg,0.955372,34.093560,ok
C132791__X12__Y12.jpg,0.786948,17.801119,ok
C132791__X12__Y24.jpg,0.855452,18.923488,ok
C132791__X12__Y45.jpg,0.954421,36.227479,ok
C132791__X15__Y15.jpg,0.798457,18.124454,ok
C132792__X15__Y1E.jpg,0.936672,25.229147,ok
C132792__X15__Y2D.jpg,0.902429,18.372213,ok
C132792__X15__Y45.jpg,0.939053,33.613955,ok
C132792__X18__Y15.jpg,0.925883,23.459791,ok
C132792__X18__Y24.jpg,0.773955,18.754799,ok
C132792__X18__Y36.jpg,0.939157,25.353287,ok
C132792__X18__Y45.jpg,0.949420,34.101227,ok
C132792__X1B__Y0F.jpg,0.766736,17.541829,ok
C132792__X1B__Y21.jpg,0.810862,20.961892,ok
C132792__X1B__Y2A.jpg,0.838125,18.419110,ok
C132792__X1B__Y33.jpg,0.891303,21.692338,ok
C132792__X1B__Y45.jpg,0.950548,34.873135,ok
C132792__X1E__Y0F.jpg,0.779310,21.373106,ok
C132792__X1E__Y21.jpg,0.895593,22.322181,ok
C132792__X1E__Y45.jpg,0.951502,32.945935,ok
C132792__X21__Y09.jpg,0.818224,15.704150,ok
C132792__X21__Y0C.jpg,0.915792,24.581966,ok
C132792__X21__Y1E.jpg,0.880529,22.659700,ok
C132792__X21__Y27.jpg,0.842409,20.342454,ok
C132792__X21__Y45.jpg,0.949696,34.114980,ok
C132792__X24__Y0C.jpg,0.799355,17.839105,ok
C132792__X24__Y1E.jpg,0.882569,24.612859,ok
C132792__X24__Y2D.jpg,0.873961,22.820993,ok
C132792__X24__Y45.jpg,0.947259,32.944568,ok
C132792__X27__Y2D.jpg,0.919710,27.313850,ok
C132793__X27__Y30.jpg,0.859512,20.456796,ok
C132793__X27__Y45.jpg,0.934252,27.336324,ok
C132793__X2A__Y0F.jpg,0.871982,20.493867,ok
C132793__X2A__Y15.jpg,0.902396,23.423228,ok
C132793__X2A__Y1E.jpg,0.905870,24.960122,ok
C132793__X2A__Y2D.jpg,0.866909,22.755435,ok
C132793__X2A__Y30.jpg,0.838230,21.644013,ok
C132793__X2A__Y33.jpg,0.747529,13.448411,ok
C132793__X2A__Y36.jpg,0.837389,19.264515,ok
C132793__X2A__Y45.jpg,0.948278,31.156233,ok
C132793__X2D__Y0F.jpg,0.841475,19.441927,ok
C132793__X2D__Y12.jpg,0.822511,20.049355,ok
C132793__X2D__Y18.jpg,0.830190,19.991229,ok
C132793__X2D__Y2A.jpg,0.955329,31.333520,ok
C132793__X2D__Y33.jpg,0.902330,25.451460,ok
C132793__X2D__Y45.jpg,0.940265,33.105984,ok
C132793__X30__Y18.jpg,0.830546,22.561724,ok
C132793__X30__Y1B.jpg,0.892098,22.782478,ok
C132793__X30__Y1E.jpg,0.744355,18.217209,ok
C132793__X30__Y2D.jpg,0.802352,18.725814,ok
C132793__X30__Y36.jpg,0.848104,23.137147,ok
C132793__X30__Y45.jpg,0.940690,35.552315,ok
C132793__X33__Y15.jpg,0.847854,21.208451,ok
C132793__X33__Y18.jpg,0.899444,27.964242,ok
C132793__X33__Y1B.jpg,0.892747,23.720252,ok
C132794__X33__Y1E.jpg,0.846263,20.448724,ok
C132794__X33__Y21.jpg,0.920105,23.814295,ok
C132794__X33__Y24.jpg,0.903761,23.413518,ok
C132794__X33__Y27.jpg,0.856657,19.788841,ok
C132794__X33__Y2D.jpg,0.881635,19.700870,ok
C132794__X33__Y30.jpg,0.927261,26.967268,ok
C132794__X33__Y45.jpg,0.946254,33.805447,ok
C132794__X36__Y18.jpg,0.749185,17.710956,ok
C132794__X36__Y1B.jpg,0.917265,27.552944,ok
C132794__X36__Y1E.jpg,0.887265,24.647829,ok
C132794__X36__Y21.jpg,0.806353,21.467436,ok
C132794__X36__Y45.jpg,0.947294,34.689084,ok
C132794__X39__Y21.jpg,0.938123,27.974103,ok
C132794__X39__Y45.jpg,0.950698,34.842326,ok
C132794__X3C__Y27.jpg,0.830828,18.410067,ok
C132794__X3C__Y2A.jpg,0.818407,18.943899,ok
C132794__X3C__Y45.jpg,0.954088,35.638958,ok
C132794__X3F__Y24.jpg,0.868492,19.709121,ok
C132794__X3F__Y45.jpg,0.950155,34.788791,ok
C132794__X42__Y45.jpg,0.954858,36.601967,ok
C132794__X45__Y45.jpg,0.940570,34.088596,ok
C132794__X06__Y1E.jpg,0.949698,27.951840,ok
C132794__X06__Y21.jpg,0.898984,26.902862,ok
C132794__X06__Y24.jpg,0.923057,29.890000,ok
C132794__X06__Y27.jpg,0.858331,28.619972,ok
C132795__X06__Y2A.jpg,0.929743,31.916746,ok
C132795__X09__Y18.jpg,0.921536,28.713894,ok
C132795__X09__Y1B.jpg,0.901663,25.826295,ok
C132795__X0C__Y15.jpg,0.857376,21.491982,ok
C132795__X0C__Y36.jpg,0.912535,23.010342,ok
C132795__X0F__Y0F.jpg,0.896944,22.166699,ok
C132795__X12__Y0C.jpg,0.841480,19.733576,ok
C132795__X12__Y3C.jpg,0.776464,16.780094,ok
C132795__X15__Y09.jpg,0.959090,27.416628,ok
C132795__X15__Y3F.jpg,0.956968,28.933354,ok
C132795__X18__Y09.jpg,0.880987,20.871047,ok
C132795__X1B__Y42.jpg,0.946520,28.605748,ok
C132795__X1E__Y06.jpg,0.908643,22.130593,ok
C132795__X21__Y06.jpg,0.799409,17.852321,ok
C132795__X24__Y06.jpg,0.854364,19.201839,ok
C132795__X27__Y06.jpg,0.890536,20.799304,ok
C132795__X2A__Y09.jpg,0.662637,14.355445,ok
C132795__X2D__Y06.jpg,0.857161,20.621538,ok
C132795__X30__Y06.jpg,0.901725,23.855246,ok
C132795__X30__Y09.jpg,0.711660,15.543923,ok
C132795__X33__Y09.jpg,0.823136,18.318813,ok
C132795__X36__Y09.jpg,0.865202,19.385421,ok
C132795__X39__Y42.jpg,0.923069,24.429911,ok
C132795__X42__Y12.jpg,0.900551,24.308500,ok
C132795__X42__Y15.jpg,0.799969,16.565927,ok
C132796__X45__Y1B.jpg,0.745563,15.382465,ok
C132796__X45__Y21.jpg,0.716403,15.630353,ok
C132796__X45__Y33.jpg,0.904608,21.155705,ok
C132796__X45__Y36.jpg,0.916452,24.802470,ok
C132796__X06__Y1B.jpg,0.867487,23.893824,ok
C132796__X06__Y1E.jpg,0.767697,22.703564,ok
C132796__X09__Y15.jpg,0.857509,21.559760,ok
C132796__X09__Y18.jpg,0.742068,21.491697,ok
C132796__X0C__Y12.jpg,0.748832,19.222104,ok
C132796__X0C__Y33.jpg,0.786621,21.034178,ok
C132796__X0F__Y0C.jpg,0.799103,20.310937,ok
C132796__X0F__Y0F.jpg,0.864643,24.398314,ok
C132796__X12__Y09.jpg,0.744046,18.790183,ok
C132796__X12__Y0C.jpg,0.823232,20.890331,ok
C132796__X12__Y3F.jpg,0.855569,25.223167,ok
C132796__X15__Y0C.jpg,0.672410,18.042942,ok
C132796__X15__Y42.jpg,0.870218,26.883590,ok
C132796__X18__Y06.jpg,0.799373,21.217852,ok
C132796__X18__Y09.jpg,0.792599,20.996104,ok
C132796__X18__Y42.jpg,0.790927,25.947066,ok
C132796__X1B__Y06.jpg,0.830974,23.860592,ok
C132796__X1E__Y06.jpg,0.855423,23.751388,ok
C132796__X21__Y06.jpg,0.851096,23.356679,ok
C132796__X24__Y03.jpg,0.878173,22.448862,ok
C132796__X24__Y06.jpg,0.786831,23.441593,ok
C132797__X24__Y42.jpg,0.736706,20.702696,ok
C132797__X27__Y06.jpg,0.775994,20.554758,ok
C132797__X27__Y3F.jpg,0.732522,20.923066,ok
C132797__X27__Y42.jpg,0.757415,21.207141,ok
C132797__X2A__Y06.jpg,0.830662,23.668081,ok
C132797__X2A__Y18.jpg,0.700211,19.307465,ok
C132797__X2A__Y42.jpg,0.668116,20.079365,ok
C132797__X2D__Y06.jpg,0.838595,25.569486,ok
C132797__X2D__Y42.jpg,0.722918,21.178683,ok
C132797__X30__Y06.jpg,0.827516,22.661758,ok
C132797__X30__Y3F.jpg,0.761413,21.697637,ok
C132797__X30__Y42.jpg,0.833996,25.341017,ok
C132797__X33__Y09.jpg,0.840953,23.670174,ok
C132797__X33__Y3C.jpg,0.736143,20.158164,ok
C132797__X33__Y3F.jpg,0.772061,19.086995,ok
C132797__X33__Y42.jpg,0.875141,28.615424,ok
C132797__X36__Y3C.jpg,0.752087,22.302200,ok
C132797__X36__Y3F.jpg,0.799060,22.945506,ok
C132797__X39__Y0C.jpg,0.876516,25.438978,ok
C132797__X39__Y39.jpg,0.677569,19.048751,ok
C132797__X39__Y3C.jpg,0.905459,26.267827,ok
C132797__X3C__Y0F.jpg,0.899571,28.895284,ok
C132797__X3C__Y36.jpg,0.754569,22.458218,ok
C132797__X3C__Y39.jpg,0.729416,20.254393,ok
C132797__X3F__Y12.jpg,0.768253,21.867145,ok
C132798__X3F__Y33.jpg,0.820369,23.305207,ok
C132798__X3F__Y36.jpg,0.829708,25.816946,ok
C132798__X42__Y18.jpg,0.722611,20.766047,ok
C132798__X42__Y21.jpg,0.851004,24.947100,ok
C132798__X42__Y24.jpg,0.822953,22.879938,ok
C132798__X42__Y27.jpg,0.784013,22.376080,ok
C132798__X42__Y2A.jpg,0.799478,21.587645,ok
C132798__X42__Y2D.jpg,0.874236,25.499380,ok
C132798__X42__Y30.jpg,0.830726,24.082096,ok
C132798__X42__Y33.jpg,0.924487,25.536427,ok
C132798__X45__Y1E.jpg,0.851685,24.579101,ok
C132798__X45__Y24.jpg,0.831378,24.606797,ok
C132798__X45__Y27.jpg,0.886005,29.536942,ok
C132798__X45__Y2A.jpg,0.931135,27.279287,ok
C132798__X48__Y03.jpg,0.949062,32.764265,ok
C132798__X48__Y06.jpg,0.956196,32.140159,ok
C132798__X48__Y09.jpg,0.957326,31.367540,ok
C132798__X48__Y0C.jpg,0.955262,32.841366,ok
C132798__X48__Y0F.jpg,0.948436,33.095240,ok
C132798__X48__Y12.jpg,0.941375,31.204068,ok
C132798__X48__Y15.jpg,0.949563,32.420936,ok
C132798__X48__Y18.jpg,0.955380,31.064198,ok
C132798__X48__Y1B.jpg,0.954352,31.488477,ok
C132798__X48__Y1E.jpg,0.948217,26.913239,ok
C132798__X48__Y21.jpg,0.940959,27.614765,ok
C132799__X48__Y24.jpg,0.947131,29.194273,ok
C132799__X48__Y27.jpg,0.938015,29.018458,ok
C132799__X48__Y2A.jpg,0.940933,26.641698,ok
C132799__X48__Y2D.jpg,0.953323,31.623799,ok
C132799__X48__Y30.jpg,0.952251,31.807785,ok
C132799__X48__Y33.jpg,0.956430,29.136461,ok
C132799__X48__Y36.jpg,0.958640,34.817176,ok
C132799__X48__Y3F.jpg,0.946402,29.819579,ok
C132799__X48__Y42.jpg,0.958170,32.198824,ok
C132799__X06__Y1E.jpg,0.769717,18.238476,ok
C132799__X06__Y2A.jpg,0.768393,18.640465,ok
C132799__X06__Y2D.jpg,0.837000,20.634081,ok
C132799__X06__Y30.jpg,0.847077,21.193792,ok
C132799__X09__Y12.jpg,0.765939,18.614309,ok
C132799__X09__Y2A.jpg,0.788413,17.465631,ok
C132799__X09__Y33.jpg,0.780200,18.748841,ok
C132799__X09__Y36.jpg,0.790163,18.656576,ok
C132799__X0C__Y27.jpg,0.717400,16.846270,ok
C132799__X0C__Y2A.jpg,0.714228,16.827274,ok
C132799__X0C__Y30.jpg,0.784279,17.196215,ok
C132799__X0C__Y36.jpg,0.731936,17.339062,ok
C132799__X0C__Y39.jpg,0.843358,19.564967,ok
C132799__X0F__Y24.jpg,0.759306,17.544621,ok
C132799__X0F__Y27.jpg,0.749375,17.875199,ok
C132799__X0F__Y2A.jpg,0.777479,20.202421,ok
C132800__X0F__Y30.jpg,0.779501,18.427135,ok
C132800__X0F__Y33.jpg,0.849501,21.549043,ok
C132800__X0F__Y36.jpg,0.862493,20.294432,ok
C132800__X0F__Y39.jpg,0.818064,21.124523,ok
C132800__X0F__Y3C.jpg,0.823814,19.979703,ok
C132800__X12__Y27.jpg,0.785464,18.529215,ok
C132800__X12__Y2A.jpg,0.749467,17.723910,ok
C132800__X12__Y36.jpg,0.750950,18.230205,ok
C132800__X12__Y39.jpg,0.745198,17.644276,ok
C132800__X12__Y3F.jpg,0.668759,15.739926,ok
C132800__X15__Y27.jpg,0.775533,17.610828,ok
C132800__X15__Y33.jpg,0.736462,16.866191,ok
C132800__X15__Y36.jpg,0.687544,15.972137,ok
C132800__X15__Y39.jpg,0.690803,15.855602,ok
C132800__X15__Y3F.jpg,0.777930,19.641143,ok
C132800__X15__Y42.jpg,0.932568,26.000113,ok
C132800__X18__Y27.jpg,0.782684,18.431697,ok
C132800__X18__Y36.jpg,0.746601,16.936104,ok
C132800__X18__Y39.jpg,0.745807,16.702027,ok
C132800__X18__Y42.jpg,0.944293,31.561032,ok
C132800__X1B__Y27.jpg,0.745227,17.404926,ok
C132800__X1B__Y2A.jpg,0.769852,18.648218,ok
C132800__X1B__Y30.jpg,0.672787,15.600405,ok
C132800__X1B__Y33.jpg,0.734839,17.999072,ok
C132800__X1B__Y39.jpg,0.762207,17.999990,ok
C132801__X1B__Y42.jpg,0.864536,22.173304,ok
C132801__X1E__Y18.jpg,0.834288,20.267719,ok
C132801__X1E__Y27.jpg,0.752031,13.997914,ok
C132801__X1E__Y2A.jpg,0.773848,18.015046,ok
C132801__X1E__Y33.jpg,0.762451,18.131661,ok
C132801__X1E__Y36.jpg,0.755333,16.940295,ok
C132801__X24__Y1B.jpg,0.720412,15.810099,ok
C132801__X24__Y2A.jpg,0.736013,16.685507,ok
C132801__X24__Y30.jpg,0.784169,18.766316,ok
C132801__X24__Y33.jpg,0.700491,16.965773,ok
C132801__X24__Y36.jpg,0.750055,15.467596,ok
C132801__X24__Y39.jpg,0.733613,17.932221,ok
C132801__X27__Y2A.jpg,0.759252,17.945085,ok
C132801__X27__Y36.jpg,0.720659,16.929487,ok
C132801__X2A__Y36.jpg,0.760908,17.020154,ok
C132801__X2D__Y27.jpg,0.751592,17.972478,ok
C132801__X2D__Y42.jpg,0.821218,19.893759,ok
C132801__X30__Y42.jpg,0.933938,29.985611,ok
C132801__X33__Y42.jpg,0.936677,28.041849,ok
C132801__X48__Y03.jpg,0.958566,35.248015,ok
C132801__X48__Y06.jpg,0.954223,33.310767,ok
C132801__X48__Y09.jpg,0.957428,33.658704,ok
C132801__X48__Y0F.jpg,0.946701,33.699188,ok
C132801__X48__Y15.jpg,0.957082,34.171346,ok
C132801__X48__Y18.jpg,0.957452,34.232347,ok
C132802__X48__Y1B.jpg,0.953648,31.918357,ok
C132802__X48__Y1E.jpg,0.954153,31.902852,ok
C132802__X48__Y21.jpg,0.956105,33.862932,ok
C132802__X48__Y24.jpg,0.943854,28.126563,ok
C132802__X48__Y27.jpg,0.953262,30.002145,ok
C132802__X48__Y2A.jpg,0.954045,33.074059,ok
C132802__X48__Y2D.jpg,0.958547,33.397762,ok
C132802__X48__Y30.jpg,0.959436,33.532453,ok
C132802__X48__Y33.jpg,0.940633,28.956831,ok
C132802__X48__Y36.jpg,0.938577,28.726892,ok
C132802__X48__Y39.jpg,0.957673,32.517889,ok
C132802__X48__Y3C.jpg,0.957678,32.971969,ok
C132802__X48__Y3F.jpg,0.958558,33.338513,ok
C132802__X48__Y42.jpg,0.955712,31.898753,ok
C132802__X0C__Y1E.jpg,0.804615,22.063499,ok
C132802__X0C__Y21.jpg,0.781404,21.932180,ok
C132802__X0F__Y1B.jpg,0.799356,22.518587,ok
C132802__X0F__Y1E.jpg,0.812156,21.234054,ok
C132802__X0F__Y21.jpg,0.793981,22.762253,ok
C132802__X0F__Y2D.jpg,0.823279,24.652204,ok
C132802__X12__Y1E.jpg,0.826817,23.468606,ok
C132802__X12__Y21.jpg,0.776700,21.458889,ok
C132802__X12__Y2D.jpg,0.818716,21.943296,ok
C132802__X15__Y36.jpg,0.730584,19.018030,ok
C132802__X1B__Y06.jpg,0.867519,23.951889,ok
C132803__X1B__Y12.jpg,0.779291,21.960557,ok
C132803__X1B__Y1E.jpg,0.767213,19.446990,ok
C132803__X24__Y1E.jpg,0.770286,20.883308,ok
C132803__X24__Y2D.jpg,0.705829,19.902604,ok
C132803__X24__Y3C.jpg,0.825607,23.855435,ok
C132803__X27__Y03.jpg,0.776781,19.876294,ok
C132803__X27__Y12.jpg,0.781699,20.525888,ok
C132803__X27__Y1E.jpg,0.779245,19.840353,ok
C132803__X27__Y21.jpg,0.821118,24.403207,ok
C132803__X27__Y2D.jpg,0.734650,20.232441,ok
C132803__X27__Y30.jpg,0.681788,18.299488,ok
C132803__X27__Y39.jpg,0.754057,17.412174,ok
C132803__X27__Y3C.jpg,0.822932,24.517653,ok
C132803__X2A__Y1E.jpg,0.743266,20.392201,ok
C132803__X2A__Y2D.jpg,0.677200,19.405615,ok
C132803__X2A__Y30.jpg,0.688710,18.842778,ok
C132803__X2A__Y39.jpg,0.822592,23.846853,ok
C132803__X2A__Y3C.jpg,0.724415,20.821253,ok
C132803__X2D__Y12.jpg,0.786987,22.435611,ok
C132803__X2D__Y1E.jpg,0.780745,20.750878,ok
C132803__X2D__Y2A.jpg,0.825899,22.326507,ok
C132803__X2D__Y2D.jpg,0.729659,20.289455,ok
C132803__X2D__Y30.jpg,0.771820,22.030105,ok
C132803__X2D__Y39.jpg,0.740000,22.154130,ok
C132803__X2D__Y3C.jpg,0.826960,23.568930,ok
C132804__X30__Y06.jpg,0.728127,18.714017,ok
C132804__X30__Y12.jpg,0.735406,19.298430,ok
C132804__X30__Y1E.jpg,0.726018,18.986247,ok
C132804__X30__Y21.jpg,0.792701,22.033871,ok
C132804__X30__Y36.jpg,0.749543,21.196947,ok
C132804__X30__Y39.jpg,0.727144,19.218535,ok
C132804__X30__Y3C.jpg,0.781292,20.368374,ok
C132804__X33__Y0F.jpg,0.803819,21.163749,ok
C132804__X33__Y12.jpg,0.768266,19.586766,ok
C132804__X33__Y1E.jpg,0.854620,21.674559,ok
C132804__X33__Y21.jpg,0.775223,21.003787,ok
C132804__X36__Y0F.jpg,0.727827,18.543086,ok
C132804__X36__Y1E.jpg,0.761101,20.785984,ok
C132804__X36__Y2A.jpg,0.781639,20.961921,ok
C132804__X36__Y2D.jpg,0.752094,22.055946,ok
C132804__X36__Y30.jpg,0.770680,20.627737,ok
C132804__X39__Y09.jpg,0.828097,21.115220,ok
C132804__X39__Y0F.jpg,0.780541,21.292586,ok
C132804__X39__Y1E.jpg,0.804080,20.983835,ok
C132804__X39__Y21.jpg,0.782779,21.682089,ok
C132804__X39__Y2D.jpg,0.789375,23.067249,ok
C132804__X39__Y30.jpg,0.825247,24.036069,ok
C132804__X3C__Y0C.jpg,0.744962,20.958044,ok
C132804__X3C__Y12.jpg,0.772671,20.804962,ok
C132804__X3C__Y1E.jpg,0.840481,22.076889,ok
C132805__X3C__Y21.jpg,0.775330,21.406306,ok
C132805__X3C__Y2A.jpg,0.764641,20.786437,ok
C132805__X3C__Y2D.jpg,0.799064,21.477332,ok
C132805__X3C__Y30.jpg,0.826729,19.882246,ok
C132805__X3F__Y0F.jpg,0.824927,20.716800,ok
C132805__X3F__Y12.jpg,0.817623,20.702970,ok
C132805__X3F__Y18.jpg,0.841575,22.573538,ok
C132805__X3F__Y1E.jpg,0.782576,19.893797,ok
C132805__X3F__Y21.jpg,0.851241,23.298934,ok
C132805__X3F__Y27.jpg,0.797028,20.405952,ok
C132805__X3F__Y2A.jpg,0.897025,28.133091,ok
C132805__X3F__Y2D.jpg,0.852002,25.835847,ok
C132805__X42__Y12.jpg,0.822035,21.736480,ok
C132805__X42__Y1B.jpg,0.878451,22.948616,ok
C132805__X42__Y1E.jpg,0.896697,23.350061,ok
C132805__X42__Y21.jpg,0.882031,25.262644,ok
C132805__X42__Y27.jpg,0.855323,23.872940,ok
C132805__X42__Y2D.jpg,0.891965,28.236868,ok
C132805__X42__Y30.jpg,0.886704,26.464678,ok
C132805__X09__Y1B.jpg,0.854036,22.161983,ok
C132805__X0F__Y2D.jpg,0.913098,27.285088,ok
C132805__X12__Y1E.jpg,0.911882,28.232971,ok
C132805__X12__Y21.jpg,0.910086,29.412518,ok
C132805__X12__Y27.jpg,0.946608,33.119758,ok
C132805__X12__Y30.jpg,0.882035,27.285940,ok
C132806__X12__Y36.jpg,0.874383,24.283835,ok
C132806__X15__Y21.jpg,0.838659,26.259927,ok
C132806__X15__Y2D.jpg,0.898906,27.198310,ok
C132806__X15__Y30.jpg,0.863601,25.077832,ok
C132806__X15__Y33.jpg,0.902661,27.842457,ok
C132806__X15__Y36.jpg,0.867714,25.823333,ok
C132806__X15__Y39.jpg,0.778551,23.522029,ok
C132806__X18__Y36.jpg,0.847157,23.455826,ok
C132806__X1B__Y2D.jpg,0.882199,25.232252,ok
C132806__X1B__Y36.jpg,0.921859,29.165289,ok
C132806__X1B__Y39.jpg,0.915705,30.414655,ok
C132806__X1E__Y27.jpg,0.915750,28.532526,ok
C132806__X1E__Y36.jpg,0.890316,28.884443,ok
C132806__X1E__Y39.jpg,0.844032,25.881286,ok
C132806__X21__Y2D.jpg,0.908633,28.268386,ok
C132806__X21__Y30.jpg,0.879276,29.181451,ok
C132806__X21__Y36.jpg,0.885919,27.245736,ok
C132806__X21__Y39.jpg,0.859609,27.425253,ok
C132806__X21__Y3C.jpg,0.861910,25.776727,ok
C132806__X24__Y2D.jpg,0.890363,28.852902,ok
C132806__X24__Y30.jpg,0.881005,27.527815,ok
C132806__X24__Y39.jpg,0.825578,26.175808,ok
C132806__X24__Y3C.jpg,0.893678,29.710642,ok
C132806__X24__Y3F.jpg,0.716845,19.580733,ok
C132806__X27__Y27.jpg,0.860838,26.936303,ok
C132807__X27__Y2A.jpg,0.842844,25.113839,ok
C132807__X27__Y2D.jpg,0.905334,26.838171,ok
C132807__X27__Y33.jpg,0.927856,30.767177,ok
C132807__X27__Y36.jpg,0.897316,27.455749,ok
C132807__X27__Y39.jpg,0.927825,28.553284,ok
C132807__X27__Y3C.jpg,0.856410,27.956064,ok
C132807__X2A__Y2D.jpg,0.896470,27.708431,ok
C132807__X2A__Y30.jpg,0.811213,23.463430,ok
C132807__X2A__Y36.jpg,0.883076,25.538193,ok
C132807__X2A__Y3C.jpg,0.820736,26.976673,ok
C132807__X2D__Y27.jpg,0.886944,28.918512,ok
C132807__X2D__Y2A.jpg,0.811438,22.935923,ok
C132807__X2D__Y30.jpg,0.864016,28.374636,ok
C132807__X2D__Y33.jpg,0.874577,25.638274,ok
C132807__X2D__Y36.jpg,0.873412,23.549835,ok
C132807__X2D__Y39.jpg,0.893317,29.098888,ok
C132807__X2D__Y3C.jpg,0.772688,22.773745,ok
C132807__X30__Y21.jpg,0.920239,26.648400,ok
C132807__X30__Y24.jpg,0.909844,23.735377,ok
C132807__X30__Y27.jpg,0.900535,29.959783,ok
C132807__X30__Y2D.jpg,0.921814,29.855942,ok
C132807__X30__Y30.jpg,0.700272,20.177561,ok
C132807__X30__Y33.jpg,0.853455,25.931769,ok
C132807__X30__Y36.jpg,0.830762,23.982469,ok
C132807__X30__Y39.jpg,0.825137,25.826387,ok
C132808__X30__Y3C.jpg,0.861294,27.228176,ok
C132808__X33__Y24.jpg,0.891497,27.800386,ok
C132808__X33__Y27.jpg,0.920555,30.848760,ok
C132808__X33__Y30.jpg,0.932994,29.746220,ok
C132808__X33__Y36.jpg,0.923793,30.293214,ok
C132808__X36__Y12.jpg,0.889684,27.159423,ok
C132808__X36__Y27.jpg,0.860979,26.385184,ok
C132808__X36__Y2D.jpg,0.932003,29.958823,ok
C132808__X36__Y30.jpg,0.903957,28.205779,ok
C132808__X36__Y36.jpg,0.867244,24.377731,ok
C132808__X39__Y1E.jpg,0.824670,16.227197,ok
C132808__X39__Y21.jpg,0.834530,23.746714,ok
C132808__X39__Y24.jpg,0.864218,26.099408,ok
C132808__X39__Y27.jpg,0.875825,26.441643,ok
C132808__X39__Y2A.jpg,0.887955,26.073730,ok
C132808__X39__Y2D.jpg,0.873919,27.455159,ok
C132808__X39__Y30.jpg,0.829718,23.118346,ok
C132808__X39__Y33.jpg,0.785032,23.276352,ok
C132808__X39__Y36.jpg,0.871878,24.304163,ok
C132808__X3C__Y1B.jpg,0.923655,31.013711,ok
C132808__X3C__Y27.jpg,0.872034,26.318081,ok
C132808__X3C__Y2A.jpg,0.843273,26.641756,ok
C132808__X3C__Y2D.jpg,0.829517,25.830974,ok
C132808__X3F__Y27.jpg,0.961038,36.630917,ok
C132808__X0C__Y1E.jpg,0.930447,23.938554,ok
C132809__X0F__Y21.jpg,0.749507,17.535583,ok
C132809__X12__Y0F.jpg,0.811479,19.369444,ok
C132809__X12__Y12.jpg,0.914087,23.939985,ok
C132809__X12__Y1E.jpg,0.859634,18.974912,ok
C132809__X12__Y2D.jpg,0.873997,21.037517,ok
C132809__X15__Y0F.jpg,0.910236,24.604614,ok
C132809__X15__Y12.jpg,0.859201,21.919119,ok
C132809__X15__Y2D.jpg,0.898870,25.002539,ok
C132809__X18__Y0F.jpg,0.923944,24.689617,ok
C132809__X18__Y12.jpg,0.896946,24.274221,ok
C132809__X18__Y1E.jpg,0.889925,19.679916,ok
C132809__X18__Y2D.jpg,0.886854,22.774570,ok
C132809__X1B__Y0F.jpg,0.933804,25.177309,ok
C132809__X1E__Y0F.jpg,0.811956,13.413143,ok
C132809__X1E__Y1E.jpg,0.880781,18.219617,ok
C132809__X21__Y0F.jpg,0.819767,19.801606,ok
C132809__X21__Y1B.jpg,0.917379,21.675260,ok
C132809__X21__Y1E.jpg,0.916441,22.279216,ok
C132809__X24__Y03.jpg,0.831030,20.172592,ok
C132809__X24__Y06.jpg,0.897010,23.763281,ok
C132809__X24__Y09.jpg,0.797900,15.322842,ok
C132809__X24__Y0F.jpg,0.903555,22.440751,ok
C132809__X24__Y12.jpg,0.914207,24.749245,ok
C132809__X27__Y03.jpg,0.893742,27.539201,ok
C132809__X27__Y06.jpg,0.922864,26.180006,ok
C132810__X27__Y0F.jpg,0.923811,23.496482,ok
C132810__X27__Y18.jpg,0.781882,18.328582,ok
C132810__X27__Y1B.jpg,0.806952,19.077331,ok
C132810__X27__Y1E.jpg,0.900534,20.675243,ok
C132810__X2A__Y03.jpg,0.910075,26.992730,ok
C132810__X2A__Y06.jpg,0.932757,26.255289,ok
C132810__X2A__Y09.jpg,0.914199,24.802060,ok
C132810__X2A__Y0F.jpg,0.903880,21.886539,ok
C132810__X2A__Y12.jpg,0.892527,22.022724,ok
C132810__X2A__Y15.jpg,0.929359,22.267469,ok
C132810__X2A__Y18.jpg,0.937635,26.720941,ok
C132810__X2A__Y1E.jpg,0.870476,19.790769,ok
C132810__X2D__Y03.jpg,0.909404,24.614842,ok
C132810__X2D__Y06.jpg,0.919359,26.445960,ok
C132810__X2D__Y09.jpg,0.884414,24.993233,ok
C132810__X2D__Y0C.jpg,0.879201,20.159834,ok
C132810__X2D__Y12.jpg,0.835230,20.215283,ok
C132810__X30__Y03.jpg,0.883854,21.843124,ok
C132810__X30__Y06.jpg,0.913271,24.769401,ok
C132810__X30__Y09.jpg,0.919461,26.473449,ok
C132810__X30__Y0C.jpg,0.886309,23.605826,ok
C132810__X30__Y0F.jpg,0.902611,24.966394,ok
C132810__X30__Y12.jpg,0.854269,19.467682,ok
C132810__X30__Y1E.jpg,0.912101,22.398862,ok
C132810__X33__Y06.jpg,0.870894,21.339983,ok
C132811__X33__Y09.jpg,0.927054,27.832182,ok
C132811__X33__Y0C.jpg,0.864666,19.296575,ok
C132811__X33__Y0F.jpg,0.915208,24.717638,ok
C132811__X33__Y12.jpg,0.933785,24.583156,ok
C132811__X33__Y18.jpg,0.923581,26.682887,ok
C132811__X33__Y1E.jpg,0.912475,23.549173,ok
C132811__X33__Y2D.jpg,0.882477,21.561869,ok
C132811__X36__Y06.jpg,0.850300,21.904094,ok
C132811__X36__Y09.jpg,0.912272,25.755954,ok
C132811__X36__Y0C.jpg,0.909596,24.178458,ok
C132811__X36__Y0F.jpg,0.892284,23.131993,ok
C132811__X36__Y18.jpg,0.806988,18.142694,ok
C132811__X36__Y1E.jpg,0.856135,16.174039,ok
C132811__X39__Y06.jpg,0.841226,19.146212,ok
C132811__X39__Y0C.jpg,0.903262,23.672665,ok
C132811__X39__Y0F.jpg,0.888276,22.518066,ok
C132811__X39__Y12.jpg,0.834191,19.518089,ok
C132811__X39__Y15.jpg,0.868470,20.238975,ok
C132811__X39__Y1B.jpg,0.931534,24.910755,ok
C132811__X39__Y1E.jpg,0.889115,21.013302,ok
C132811__X39__Y2D.jpg,0.920619,25.742288,ok
C132811__X3C__Y0F.jpg,0.892436,21.539254,ok
C132811__X3C__Y12.jpg,0.913952,24.245411,ok
C132811__X3C__Y15.jpg,0.909260,22.175586,ok
C132811__X3C__Y1B.jpg,0.840687,21.104911,ok
C132812__X3C__Y1E.jpg,0.822176,21.186359,ok
C132812__X3C__Y2D.jpg,0.874038,19.956088,ok
C132812__X3F__Y18.jpg,0.915447,25.762799,ok
C132812__X3F__Y1E.jpg,0.822380,20.685132,ok
C132812__X06__Y21.jpg,0.836359,20.647631,ok
C132812__X06__Y24.jpg,0.816985,19.812404,ok
C132812__X06__Y27.jpg,0.808775,19.141682,ok
C132812__X06__Y30.jpg,0.842186,20.794600,ok
C132812__X09__Y18.jpg,0.867328,21.993702,ok
C132812__X09__Y1B.jpg,0.824171,19.462184,ok
C132812__X09__Y21.jpg,0.795135,17.997687,ok
C132812__X09__Y24.jpg,0.820173,19.675822,ok
C132812__X09__Y30.jpg,0.772804,18.390714,ok
C132812__X0C__Y15.jpg,0.867593,21.574795,ok
C132812__X0C__Y18.jpg,0.845292,21.494294,ok
C132812__X0C__Y1B.jpg,0.800228,17.813764,ok
C132812__X0C__Y21.jpg,0.801959,18.945257,ok
C132812__X0C__Y24.jpg,0.756495,17.885539,ok
C132812__X0F__Y15.jpg,0.774920,18.551775,ok
C132812__X0F__Y18.jpg,0.800884,19.390007,ok
C132812__X12__Y12.jpg,0.814017,19.079071,ok
C132812__X12__Y15.jpg,0.830619,20.187022,ok
C132812__X15__Y12.jpg,0.867652,21.811263,ok
C132812__X15__Y15.jpg,0.819405,19.358870,ok
C132812__X18__Y12.jpg,0.820770,20.083669,ok
C132813__X18__Y15.jpg,0.807557,19.655187,ok
C132813__X1B__Y0C.jpg,0.789843,18.452125,ok
C132813__X1B__Y12.jpg,0.798842,19.659984,ok
C132813__X1B__Y15.jpg,0.755953,18.809419,ok
C132813__X1B__Y18.jpg,0.768386,19.156988,ok
C132813__X1E__Y0C.jpg,0.891222,22.460288,ok
C132813__X1E__Y0F.jpg,0.814812,19.542336,ok
C132813__X1E__Y12.jpg,0.799017,18.523874,ok
C132813__X1E__Y15.jpg,0.783272,18.987912,ok
C132813__X1E__Y18.jpg,0.809727,19.541107,ok
C132813__X21__Y09.jpg,0.865247,21.548453,ok
C132813__X21__Y0C.jpg,0.767533,18.992545,ok
C132813__X21__Y12.jpg,0.792976,19.539683,ok
C132813__X21__Y18.jpg,0.736278,17.597617,ok
C132813__X24__Y09.jpg,0.802459,19.877246,ok
C132813__X24__Y0C.jpg,0.869966,20.828972,ok
C132813__X24__Y0F.jpg,0.796628,18.029860,ok
C132813__X24__Y12.jpg,0.730413,17.933952,ok
C132813__X24__Y15.jpg,0.820180,20.040316,ok
C132813__X24__Y18.jpg,0.816099,19.673551,ok
C132813__X27__Y09.jpg,0.902722,24.445208,ok
C132813__X27__Y0C.jpg,0.817161,19.923573,ok
C132813__X27__Y0F.jpg,0.774524,19.170747,ok
C132813__X27__Y12.jpg,0.827284,20.861652,ok
C132813__X27__Y15.jpg,0.829310,20.445212,ok
C132814__X27__Y18.jpg,0.829523,19.372964,ok
C132814__X27__Y24.jpg,0.754771,17.032782,ok
C132814__X2A__Y09.jpg,0.881262,22.261284,ok
C132814__X2A__Y0C.jpg,0.886262,23.397142,ok
C132814__X2A__Y0F.jpg,0.858644,21.499986,ok
C132814__X2A__Y12.jpg,0.803074,19.947478,ok
C132814__X2A__Y15.jpg,0.855178,21.845340,ok
C132814__X2A__Y18.jpg,0.744936,17.680333,ok
C132814__X2A__Y42.jpg,0.786091,18.181274,ok
C132814__X2D__Y0C.jpg,0.858664,19.294596,ok
C132814__X2D__Y0F.jpg,0.776971,18.419982,ok
C132814__X2D__Y12.jpg,0.782773,19.088926,ok
C132814__X2D__Y15.jpg,0.764842,18.784167,ok
C132814__X2D__Y18.jpg,0.778628,18.519398,ok
C132814__X2D__Y3F.jpg,0.728094,16.914842,ok
C132814__X30__Y0C.jpg,0.862025,21.735788,ok
C132814__X30__Y0F.jpg,0.886783,23.215645,ok
C132814__X30__Y12.jpg,0.833713,20.311712,ok
C132814__X30__Y15.jpg,0.837762,20.824675,ok
C132814__X30__Y18.jpg,0.769808,18.648361,ok
C132814__X33__Y0C.jpg,0.870265,20.738572,ok
C132814__X33__Y0F.jpg,0.899773,22.737037,ok
C132814__X33__Y12.jpg,0.835951,19.334757,ok
C132814__X33__Y15.jpg,0.793728,19.225212,ok
C132814__X33__Y18.jpg,0.795731,18.888582,ok
C132815__X33__Y33.jpg,0.756246,17.199362,ok
C132815__X36__Y0F.jpg,0.883555,21.421641,ok
C132815__X36__Y12.jpg,0.873440,23.011784,ok
C132815__X36__Y15.jpg,0.831470,19.104623,ok
C132815__X39__Y12.jpg,0.828141,20.176078,ok
C132815__X39__Y15.jpg,0.822274,20.940526,ok
C132815__X39__Y18.jpg,0.774270,18.426487,ok
C132815__X3C__Y15.jpg,0.886678,21.145021,ok
C132815__X3C__Y18.jpg,0.840322,19.966230,ok
C132815__X03__Y45.jpg,0.952261,36.346267,ok
C132815__X06__Y45.jpg,0.949624,35.497511,ok
C132815__X09__Y45.jpg,0.942215,32.738327,ok
C132815__X0C__Y45.jpg,0.948075,35.311144,ok
C132815__X0F__Y45.jpg,0.942532,26.994839,ok
C132815__X12__Y45.jpg,0.949879,36.624851,ok
C132815__X15__Y45.jpg,0.950376,37.144322,ok
C132815__X18__Y45.jpg,0.910477,22.687626,ok
C132815__X1B__Y45.jpg,0.896814,19.239764,ok
C132815__X1E__Y45.jpg,0.934144,27.975445,ok
C132815__X21__Y45.jpg,0.829590,17.452525,ok
C132815__X24__Y45.jpg,0.926444,22.343708,ok
C132815__X27__Y45.jpg,0.802425,14.283456,ok
C132815__X2A__Y45.jpg,0.952544,34.761795,ok
C132815__X2D__Y45.jpg,0.937937,26.780588,ok
C132815__X30__Y45.jpg,0.948665,36.349897,ok
C132816__X33__Y45.jpg,0.955819,36.745122,ok
C132816__X36__Y45.jpg,0.954036,37.085454,ok
C132816__X39__Y45.jpg,0.950855,37.384706,ok
C132816__X3C__Y45.jpg,0.952708,36.613529,ok
C132816__X3F__Y45.jpg,0.953835,36.126692,ok
C132816__X42__Y45.jpg,0.944876,35.692535,ok
C132816__X0F__Y27.jpg,0.790579,23.099235,ok
C132816__X12__Y1B.jpg,0.841811,25.327677,ok
C132816__X12__Y21.jpg,0.776073,20.246773,ok
C132816__X12__Y24.jpg,0.783009,20.308367,ok
C132816__X12__Y27.jpg,0.737967,17.568473,ok
C132816__X15__Y15.jpg,0.923652,26.389166,ok
C132816__X15__Y18.jpg,0.831933,18.848442,ok
C132816__X15__Y1B.jpg,0.791509,19.853651,ok
C132816__X15__Y1E.jpg,0.789377,20.702005,ok
C132816__X15__Y33.jpg,0.796820,19.683789,ok
C132816__X18__Y12.jpg,0.863454,21.426417,ok
C132816__X18__Y15.jpg,0.692907,17.987019,ok
C132816__X18__Y3F.jpg,0.902849,23.398316,ok
C132816__X1B__Y0F.jpg,0.877826,26.785797,ok
C132816__X1B__Y12.jpg,0.698524,17.753439,ok
C132816__X1E__Y09.jpg,0.844092,20.793708,ok
C132816__X1E__Y0C.jpg,0.857606,23.117129,ok
C132816__X1E__Y0F.jpg,0.827564,24.126167,ok
C132816__X1E__Y12.jpg,0.756766,19.308415,ok
C132817__X1E__Y42.jpg,0.913473,26.505338,ok
C132817__X21__Y0C.jpg,0.851136,21.488000,ok
C132817__X21__Y0F.jpg,0.802504,21.765403,ok
C132817__X21__Y42.jpg,0.804375,24.862052,ok
C132817__X24__Y09.jpg,0.893842,27.037689,ok
C132817__X24__Y0C.jpg,0.838826,23.151503,ok
C132817__X24__Y42.jpg,0.798324,24.820534,ok
C132817__X27__Y09.jpg,0.883371,26.774437,ok
C132817__X27__Y0C.jpg,0.801319,22.655300,ok
C132817__X27__Y0F.jpg,0.781433,20.460908,ok
C132817__X2A__Y09.jpg,0.797493,21.772366,ok
C132817__X2A__Y0C.jpg,0.813169,22.865417,ok
C132817__X2D__Y09.jpg,0.828491,24.421772,ok
C132817__X2D__Y0C.jpg,0.784371,21.445572,ok
C132817__X2D__Y42.jpg,0.789788,23.412260,ok
C132817__X30__Y09.jpg,0.839463,24.254190,ok
C132817__X30__Y39.jpg,0.772023,20.268904,ok
C132817__X30__Y42.jpg,0.769158,23.524829,ok
C132817__X33__Y09.jpg,0.871124,26.129555,ok
C132817__X33__Y0C.jpg,0.767281,18.866321,ok
C132817__X33__Y39.jpg,0.703654,20.028468,ok
C132817__X33__Y42.jpg,0.742799,23.635031,ok
C132817__X36__Y09.jpg,0.844943,19.792279,ok
C132817__X36__Y0C.jpg,0.798659,21.482333,ok
C132817__X36__Y3F.jpg,0.784900,21.971045,ok
C132818__X36__Y42.jpg,0.894309,27.927015,ok
C132818__X39__Y0C.jpg,0.851725,20.245530,ok
C132818__X39__Y36.jpg,0.747870,20.777934,ok
C132818__X39__Y39.jpg,0.749921,21.096050,ok
C132818__X39__Y3C.jpg,0.819946,23.493836,ok
C132818__X39__Y3F.jpg,0.727940,23.727457,ok
C132818__X39__Y42.jpg,0.911545,28.072672,ok
C132818__X3C__Y0F.jpg,0.716751,16.585095,ok
C132818__X3C__Y36.jpg,0.700684,20.223993,ok
C132818__X3C__Y39.jpg,0.718490,21.570772,ok
C132818__X3C__Y3C.jpg,0.794873,22.702859,ok
C132818__X3C__Y3F.jpg,0.788660,23.783256,ok
C132818__X3C__Y42.jpg,0.884708,25.214421,ok
C132818__X3F__Y0C.jpg,0.826808,21.870058,ok
C132818__X3F__Y27.jpg,0.740730,19.358048,ok
C132818__X3F__Y36.jpg,0.677898,19.704837,ok
C132818__X3F__Y39.jpg,0.770580,23.179233,ok
C132818__X3F__Y3C.jpg,0.758769,23.758343,ok
C132818__X3F__Y3F.jpg,0.867117,24.170868,ok
C132818__X3F__Y42.jpg,0.900157,29.733912,ok
C132818__X42__Y0F.jpg,0.803107,20.281345,ok
C132818__X42__Y33.jpg,0.712900,18.126370,ok
C132818__X42__Y36.jpg,0.734781,20.895624,ok
C132818__X42__Y39.jpg,0.708888,22.123947,ok
C132818__X42__Y3C.jpg,0.862444,23.924241,ok
C132819__X42__Y3F.jpg,0.789370,22.642171,ok
C132819__X45__Y12.jpg,0.923640,26.664209,ok
C132819__X45__Y15.jpg,0.855800,23.494189,ok
C132819__X45__Y18.jpg,0.818174,20.912539,ok
C132819__X45__Y2A.jpg,0.726686,21.307143,ok
C132819__X45__Y2D.jpg,0.808468,24.336794,ok
C132819__X45__Y30.jpg,0.759200,22.993678,ok
C132819__X45__Y33.jpg,0.840152,25.649705,ok
C132819__X45__Y36.jpg,0.779482,23.554293,ok
C132819__X45__Y39.jpg,0.883084,26.635228,ok
C132819__X45__Y3C.jpg,0.889272,24.629750,ok
C132819__X0C__Y12.jpg,0.861942,24.001997,ok
C132819__X12__Y0C.jpg,0.870579,25.181474,ok
C132819__X12__Y0F.jpg,0.803680,23.125211,ok
C132819__X15__Y0C.jpg,0.813526,22.505154,ok
C132819__X18__Y09.jpg,0.866217,24.793935,ok
C132819__X18__Y0C.jpg,0.768886,19.575287,ok
C132819__X18__Y0F.jpg,0.758470,20.843147,ok
C132819__X18__Y12.jpg,0.705866,18.491194,ok
C132819__X1B__Y09.jpg,0.820484,21.503091,ok
C132819__X1B__Y0C.jpg,0.802775,21.578989,ok
C132819__X1B__Y0F.jpg,0.806205,23.664862,ok
C132819__X1B__Y12.jpg,0.812129,23.095520,ok
C132819__X1B__Y15.jpg,0.746377,19.542905,ok
C132819__X1E__Y09.jpg,0.768678,20.790744,ok
C132820__X1E__Y0C.jpg,0.832901,26.140575,ok
C132820__X1E__Y0F.jpg,0.778151,20.195836,ok
C132820__X1E__Y12.jpg,0.778859,21.916283,ok
C132820__X1E__Y15.jpg,0.811022,22.215329,ok
C132820__X1E__Y18.jpg,0.786271,21.045438,ok
C132820__X21__Y03.jpg,0.932582,32.305531,ok
C132820__X21__Y06.jpg,0.929980,31.504092,ok
C132820__X21__Y09.jpg,0.827194,21.289675,ok
C132820__X21__Y0C.jpg,0.810451,22.419686,ok
C132820__X21__Y0F.jpg,0.849265,24.660418,ok
C132820__X21__Y12.jpg,0.769530,20.934197,ok
C132820__X21__Y15.jpg,0.799973,22.140335,ok
C132820__X21__Y18.jpg,0.834215,23.067557,ok
C132820__X24__Y0F.jpg,0.724075,19.549393,ok
C132820__X24__Y12.jpg,0.786537,24.321224,ok
C132820__X24__Y15.jpg,0.841062,23.879992,ok
C132820__X24__Y18.jpg,0.726890,19.679355,ok
C132820__X24__Y1B.jpg,0.725489,18.112591,ok
C132820__X27__Y09.jpg,0.809425,22.782270,ok
C132820__X27__Y0F.jpg,0.760765,20.350782,ok
C132820__X27__Y18.jpg,0.769010,19.311756,ok
C132820__X27__Y1B.jpg,0.793360,20.683684,ok
C132820__X2A__Y1E.jpg,0.728853,20.439751,ok
C132820__X2D__Y0C.jpg,0.739806,19.161556,ok
C132820__X2D__Y1B.jpg,0.750444,19.911345,ok
C132821__X2D__Y1E.jpg,0.780688,20.787521,ok
C132821__X30__Y0C.jpg,0.713869,16.246220,ok
C132821__X30__Y1B.jpg,0.743553,19.164086,ok
C132821__X30__Y1E.jpg,0.696055,19.822672,ok
C132821__X30__Y21.jpg,0.659417,17.341332,ok
C132821__X30__Y24.jpg,0.701176,19.029040,ok
C132821__X30__Y27.jpg,0.754104,21.132468,ok
C132821__X33__Y1E.jpg,0.754899,21.148564,ok
C132821__X33__Y21.jpg,0.780531,21.889860,ok
C132821__X36__Y21.jpg,0.715867,17.396195,ok
C132821__X36__Y27.jpg,0.789314,20.769618,ok
C132821__X39__Y1B.jpg,0.771018,19.236187,ok
C132821__X39__Y21.jpg,0.705813,19.435617,ok
C132821__X39__Y24.jpg,0.713814,18.711616,ok
C132821__X39__Y2A.jpg,0.651328,16.372034,ok
C132821__X39__Y42.jpg,0.732498,17.613080,ok
C132821__X3C__Y1B.jpg,0.792666,20.912837,ok
C132821__X3C__Y1E.jpg,0.806043,20.284039,ok
C132821__X3C__Y21.jpg,0.799027,21.683181,ok
C132821__X3C__Y24.jpg,0.763786,21.549999,ok
C132821__X3C__Y27.jpg,0.760573,17.592458,ok
C132821__X3C__Y2A.jpg,0.727535,19.748999,ok
C132821__X3F__Y18.jpg,0.746336,17.693112,ok
C132821__X3F__Y1E.jpg,0.720828,18.589867,ok
C132821__X3F__Y21.jpg,0.736666,19.922651,ok
C132822__X3F__Y24.jpg,0.788410,21.057027,ok
C132822__X3F__Y27.jpg,0.735297,19.998432,ok
C132822__X3F__Y30.jpg,0.760708,21.286784,ok
C132822__X42__Y1E.jpg,0.777373,20.227326,ok
C132822__X42__Y24.jpg,0.721068,18.991502,ok
C132822__X42__Y27.jpg,0.769444,20.292783,ok
C132822__X42__Y2A.jpg,0.715966,18.638848,ok
C132822__X42__Y30.jpg,0.747219,18.517880,ok
C132822__X42__Y33.jpg,0.772228,21.717904,ok
C132822__X45__Y1B.jpg,0.925836,28.030993,ok
C132822__X45__Y1E.jpg,0.914607,28.263975,ok
C132822__X45__Y21.jpg,0.811289,21.863071,ok
C132822__X45__Y24.jpg,0.728071,18.723306,ok
C132822__X45__Y27.jpg,0.805825,20.784944,ok
C132822__X45__Y2A.jpg,0.819046,23.797536,ok
C132822__X45__Y2D.jpg,0.863647,22.377165,ok
C132822__X06__Y18.jpg,0.933539,28.249479,ok
C132822__X06__Y1B.jpg,0.822511,20.797829,ok
C132822__X06__Y1E.jpg,0.798064,20.192657,ok
C132822__X06__Y21.jpg,0.784697,19.536431,ok
C132822__X06__Y24.jpg,0.773864,19.524923,ok
C132822__X06__Y27.jpg,0.796025,19.694016,ok
C132822__X06__Y2A.jpg,0.778811,19.851534,ok
C132822__X06__Y2D.jpg,0.776803,19.217665,ok
C132822__X09__Y15.jpg,0.776797,18.506573,ok
C132823__X09__Y18.jpg,0.884233,23.266290,ok
C132823__X09__Y1B.jpg,0.769979,19.237223,ok
C132823__X09__Y21.jpg,0.743355,18.371595,ok
C132823__X09__Y24.jpg,0.763260,17.978320,ok
C132823__X09__Y27.jpg,0.748798,18.189633,ok
C132823__X09__Y2A.jpg,0.788391,19.608537,ok
C132823__X09__Y2D.jpg,0.845160,20.844845,ok
C132823__X09__Y30.jpg,0.730558,17.069750,ok
C132823__X09__Y33.jpg,0.770041,18.233462,ok
C132823__X09__Y36.jpg,0.926717,27.220126,ok
C132823__X0C__Y0F.jpg,0.810470,18.912892,ok
C132823__X0C__Y18.jpg,0.840040,21.876557,ok
C132823__X0C__Y1B.jpg,0.825809,20.043902,ok
C132823__X0C__Y27.jpg,0.784956,18.575585,ok
C132823__X0C__Y2A.jpg,0.746719,18.147186,ok
C132823__X0C__Y33.jpg,0.766788,18.139877,ok
C132823__X0C__Y36.jpg,0.725167,16.566794,ok
C132823__X0F__Y0C.jpg,0.815754,19.545146,ok
C132823__X0F__Y18.jpg,0.753470,17.184541,ok
C132823__X0F__Y27.jpg,0.746545,17.643464,ok
C132823__X0F__Y2A.jpg,0.718894,17.337454,ok
C132823__X0F__Y36.jpg,0.765019,17.303901,ok
C132823__X0F__Y39.jpg,0.826087,18.876982,ok
C132823__X12__Y09.jpg,0.793186,18.421821,ok
C132823__X12__Y0C.jpg,0.798903,19.159782,ok
C132824__X12__Y0F.jpg,0.731781,17.291788,ok
C132824__X12__Y33.jpg,0.792146,18.695684,ok
C132824__X12__Y36.jpg,0.785081,18.573094,ok
C132824__X12__Y39.jpg,0.889962,23.598786,ok
C132824__X15__Y09.jpg,0.719279,16.879720,ok
C132824__X15__Y0C.jpg,0.774109,18.686164,ok
C132824__X15__Y33.jpg,0.736710,17.216548,ok
C132824__X15__Y36.jpg,0.748028,18.204875,ok
C132824__X15__Y39.jpg,0.798484,18.491781,ok
C132824__X18__Y06.jpg,0.736508,17.061016,ok
C132824__X18__Y0C.jpg,0.770955,18.007641,ok
C132824__X18__Y36.jpg,0.783530,18.446823,ok
C132824__X1B__Y0C.jpg,0.778045,17.679930,ok
C132824__X1B__Y27.jpg,0.820173,19.470093,ok
C132824__X1B__Y36.jpg,0.785680,19.059162,ok
C132824__X1B__Y39.jpg,0.775874,18.427005,ok
C132824__X1E__Y36.jpg,0.782110,18.644461,ok
C132824__X21__Y27.jpg,0.758801,17.619467,ok
C132824__X24__Y03.jpg,0.774747,18.040929,ok
C132824__X24__Y27.jpg,0.789947,18.495491,ok
C132824__X24__Y36.jpg,0.771613,18.379311,ok
C132824__X24__Y42.jpg,0.809071,18.220462,ok
C132824__X27__Y03.jpg,0.820784,20.498456,ok
C132824__X27__Y0C.jpg,0.851107,21.058477,ok
C132824__X27__Y1B.jpg,0.674597,15.933286,ok
C132825__X27__Y24.jpg,0.724962,16.836050,ok
C132825__X27__Y27.jpg,0.760507,17.405161,ok
C132825__X27__Y36.jpg,0.740372,17.666293,ok
C132825__X27__Y42.jpg,0.837257,20.850684,ok
C132825__X2A__Y03.jpg,0.861349,20.915999,ok
C132825__X2A__Y0C.jpg,0.744758,17.506214,ok
C132825__X2A__Y36.jpg,0.801601,18.970419,ok
C132825__X2A__Y39.jpg,0.756476,17.815230,ok
C132825__X2D__Y09.jpg,0.835771,20.441368,ok
C132825__X2D__Y0C.jpg,0.747863,18.055285,ok
C132825__X2D__Y27.jpg,0.800225,18.901889,ok
C132825__X2D__Y36.jpg,0.796071,17.627064,ok
C132825__X30__Y09.jpg,0.826717,20.335954,ok
C132825__X30__Y27.jpg,0.784278,18.562287,ok
C132825__X33__Y06.jpg,0.852945,20.067847,ok
C132825__X33__Y09.jpg,0.733139,17.700167,ok
C132825__X33__Y36.jpg,0.739574,17.551020,ok
C132825__X36__Y09.jpg,0.735903,17.299937,ok
C132825__X39__Y09.jpg,0.859753,19.131768,ok
C132825__X39__Y0C.jpg,0.709548,16.856705,ok
C132825__X3C__Y0C.jpg,0.782223,17.438611,ok
C132825__X06__Y45.jpg,0.958931,34.769785,ok
C132825__X09__Y45.jpg,0.952756,34.417026,ok
C132825__X0C__Y1E.jpg,0.779362,16.458870,ok
C132825__X0C__Y45.jpg,0.951977,32.802278,ok
C132826__X0F__Y12.jpg,0.796831,20.049934,ok
C132826__X0F__Y15.jpg,0.821760,19.597707,ok
C132826__X0F__Y45.jpg,0.959522,35.539406,ok
C132826__X12__Y0F.jpg,0.788837,19.285364,ok
C132826__X12__Y12.jpg,0.766727,18.967955,ok
C132826__X12__Y15.jpg,0.767716,18.744696,ok
C132826__X12__Y18.jpg,0.755274,18.484534,ok
C132826__X12__Y21.jpg,0.778082,18.395784,ok
C132826__X12__Y45.jpg,0.951661,33.541824,ok
C132826__X15__Y30.jpg,0.790134,15.491346,ok
C132826__X15__Y45.jpg,0.948888,33.901990,ok
C132826__X18__Y45.jpg,0.958518,32.978722,ok
C132826__X1B__Y09.jpg,0.787796,17.962976,ok
C132826__X1B__Y45.jpg,0.955832,34.923801,ok
C132826__X1E__Y03.jpg,0.839649,21.929691,ok
C132826__X1E__Y45.jpg,0.950424,33.702274,ok
C132826__X21__Y03.jpg,0.792521,20.567457,ok
C132826__X21__Y06.jpg,0.823275,20.140229,ok
C132826__X21__Y12.jpg,0.735705,18.002728,ok
C132826__X21__Y45.jpg,0.949777,29.371440,ok
C132826__X24__Y06.jpg,0.823429,21.267831,ok
C132826__X24__Y09.jpg,0.764833,18.095263,ok
C132826__X24__Y45.jpg,0.955197,31.412908,ok
C132826__X27__Y03.jpg,0.804897,20.077881,ok
C132826__X27__Y06.jpg,0.766025,18.839290,ok
C132827__X27__Y09.jpg,0.800720,19.755854,ok
C132827__X27__Y0C.jpg,0.786346,19.217959,ok
C132827__X27__Y0F.jpg,0.768945,18.594503,ok
C132827__X27__Y12.jpg,0.748046,17.487916,ok
C132827__X27__Y45.jpg,0.949579,30.895285,ok
C132827__X2A__Y03.jpg,0.839213,21.618660,ok
C132827__X2A__Y06.jpg,0.777911,18.713733,ok
C132827__X2A__Y09.jpg,0.760464,20.073903,ok
C132827__X2A__Y0C.jpg,0.718873,18.267208,ok
C132827__X2A__Y1E.jpg,0.746449,17.448692,ok
C132827__X2D__Y03.jpg,0.834454,20.842060,ok
C132827__X2D__Y06.jpg,0.750571,18.075598,ok
C132827__X2D__Y09.jpg,0.761036,16.933624,ok
C132827__X2D__Y0F.jpg,0.745833,13.404210,ok
C132827__X2D__Y15.jpg,0.739583,17.369770,ok
C132827__X30__Y03.jpg,0.892333,27.626105,ok
C132827__X30__Y06.jpg,0.811184,20.939639,ok
C132827__X30__Y09.jpg,0.770603,18.034264,ok
C132827__X30__Y0F.jpg,0.764780,18.838287,ok
C132827__X30__Y12.jpg,0.730361,17.709180,ok
C132827__X30__Y18.jpg,0.768995,17.992760,ok
C132827__X33__Y03.jpg,0.850196,17.931467,ok
C132827__X33__Y06.jpg,0.813414,20.339368,ok
C132827__X33__Y09.jpg,0.766874,18.637349,ok
C132827__X33__Y0F.jpg,0.750618,17.989294,ok
C132828__X33__Y12.jpg,0.775727,19.786231,ok
C132828__X33__Y15.jpg,0.731695,16.499845,ok
C132828__X36__Y06.jpg,0.843681,21.253904,ok
C132828__X36__Y09.jpg,0.809468,20.326215,ok
C132828__X39__Y06.jpg,0.942338,24.985468,ok
C132828__X39__Y09.jpg,0.698629,17.473363,ok
C132828__X39__Y45.jpg,0.939191,33.823074,ok
C132828__X3C__Y09.jpg,0.869398,22.104904,ok
C132828__X3C__Y0C.jpg,0.815778,20.074894,ok
C132828__X3C__Y15.jpg,0.759661,17.882882,ok
C132828__X3C__Y45.jpg,0.958246,34.633570,ok
C132828__X3F__Y0C.jpg,0.851745,18.770232,ok
C132828__X3F__Y45.jpg,0.955202,32.832248,ok
C132828__X42__Y0F.jpg,0.865480,22.278386,ok
C132828__X42__Y12.jpg,0.835628,19.795642,ok
C132828__X42__Y15.jpg,0.845120,20.901563,ok
C132828__X42__Y18.jpg,0.835456,20.449877,ok
C132828__X42__Y30.jpg,0.753173,17.486299,ok
C132828__X42__Y45.jpg,0.955563,34.182294,ok
C132828__X45__Y15.jpg,0.861042,22.197765,ok
C132828__X45__Y18.jpg,0.833318,21.786588,ok
C132828__X45__Y1E.jpg,0.822273,20.575165,ok
C132828__X45__Y21.jpg,0.816355,20.158081,ok
C132828__X45__Y27.jpg,0.802767,19.181152,ok
C132828__X45__Y2D.jpg,0.852166,22.174582,ok
C132829__X45__Y45.jpg,0.956880,35.047150,ok
C132829__X06__Y15.jpg,0.945430,30.279280,ok
C132829__X06__Y18.jpg,0.890704,27.713500,ok
C132829__X06__Y1B.jpg,0.879628,28.726834,ok
C132829__X06__Y1E.jpg,0.848272,24.409433,ok
C132829__X06__Y21.jpg,0.886760,25.905909,ok
C132829__X06__Y24.jpg,0.858802,24.551693,ok
C132829__X06__Y27.jpg,0.884658,26.871809,ok
C132829__X06__Y2A.jpg,0.842935,26.259040,ok
C132829__X09__Y12.jpg,0.918946,31.832014,ok
C132829__X09__Y15.jpg,0.873671,25.327097,ok
C132829__X09__Y18.jpg,0.869288,23.937148,ok
C132829__X09__Y1B.jpg,0.803875,21.448384,ok
C132829__X09__Y1E.jpg,0.815170,22.275828,ok
C132829__X09__Y21.jpg,0.837192,22.682173,ok
C132829__X09__Y24.jpg,0.812200,21.730507,ok
C132829__X09__Y30.jpg,0.779834,20.780590,ok
C132829__X09__Y33.jpg,0.890604,25.757461,ok
C132829__X0C__Y0F.jpg,0.838408,22.331082,ok
C132829__X0C__Y12.jpg,0.833079,22.294739,ok
C132829__X0C__Y15.jpg,0.840133,22.548674,ok
C132829__X0C__Y18.jpg,0.782489,19.998505,ok
C132829__X0C__Y39.jpg,0.892243,22.972195,ok
C132829__X0F__Y09.jpg,0.926741,25.279333,ok
C132829__X0F__Y0C.jpg,0.758694,20.611965,ok
C132830__X0F__Y0F.jpg,0.775859,19.070571,ok
C132830__X0F__Y12.jpg,0.730026,19.908965,ok
C132830__X12__Y09.jpg,0.877840,24.120693,ok
C132830__X12__Y0C.jpg,0.802915,21.251376,ok
C132830__X12__Y12.jpg,0.771032,20.246508,ok
C132830__X15__Y06.jpg,0.892762,27.940417,ok
C132830__X15__Y09.jpg,0.873403,23.614658,ok
C132830__X15__Y3F.jpg,0.914148,26.275103,ok
C132830__X18__Y06.jpg,0.827471,22.687796,ok
C132830__X18__Y09.jpg,0.840960,22.612899,ok
C132830__X1B__Y03.jpg,0.920719,31.176139,ok
C132830__X1B__Y06.jpg,0.882727,26.041412,ok
C132830__X1B__Y09.jpg,0.832541,22.710557,ok
C132830__X1B__Y42.jpg,0.897130,28.822853,ok
C132830__X1E__Y03.jpg,0.861821,23.333389,ok
C132830__X1E__Y06.jpg,0.830547,21.804183,ok
C132830__X21__Y03.jpg,0.791737,21.845636,ok
C132830__X21__Y06.jpg,0.783576,20.565810,ok
C132830__X24__Y03.jpg,0.804730,21.662537,ok
C132830__X24__Y06.jpg,0.813004,21.106932,ok
C132830__X27__Y03.jpg,0.825127,23.825081,ok
C132830__X27__Y06.jpg,0.820173,21.341982,ok
C132830__X2A__Y03.jpg,0.771425,21.703058,ok
C132830__X2A__Y06.jpg,0.783837,21.075849,ok
C132830__X2D__Y03.jpg,0.843179,22.683495,ok
C132831__X2D__Y06.jpg,0.819730,23.032739,ok
C132831__X2D__Y42.jpg,0.871599,22.828580,ok
C132831__X30__Y03.jpg,0.905613,23.311110,ok
C132831__X30__Y06.jpg,0.847225,23.526984,ok
C132831__X30__Y09.jpg,0.790150,21.510676,ok
C132831__X30__Y42.jpg,0.843662,21.738416,ok
C132831__X33__Y03.jpg,0.903211,27.301358,ok
C132831__X33__Y06.jpg,0.839720,24.390701,ok
C132831__X33__Y09.jpg,0.829030,21.062380,ok
C132831__X33__Y42.jpg,0.899324,26.593742,ok
C132831__X36__Y06.jpg,0.895340,26.016675,ok
C132831__X36__Y09.jpg,0.800988,21.697807,ok
C132831__X36__Y42.jpg,0.923894,26.320650,ok
C132831__X39__Y09.jpg,0.844409,22.698441,ok
C132831__X39__Y3F.jpg,0.900960,24.396159,ok
C132831__X3C__Y0C.jpg,0.733888,17.456220,ok
C132831__X3C__Y12.jpg,0.733320,20.486320,ok
C132831__X3C__Y15.jpg,0.738004,18.952447,ok
C132831__X3C__Y3C.jpg,0.885694,22.359540,ok
C132831__X3F__Y0F.jpg,0.749938,17.875542,ok
C132831__X3F__Y15.jpg,0.755945,19.776837,ok
C132831__X3F__Y36.jpg,0.819027,21.355536,ok
C132831__X42__Y12.jpg,0.766421,20.296220,ok
C132831__X42__Y33.jpg,0.833528,22.171481,ok
C132831__X42__Y39.jpg,0.761624,18.211804,ok
C132832__X45__Y15.jpg,0.872820,22.404059,ok
C132832__X45__Y18.jpg,0.785261,19.455864,ok
C132832__X45__Y2D.jpg,0.867013,24.685672,ok
C132832__X45__Y30.jpg,0.944045,30.829173,ok
C132832__X45__Y36.jpg,0.913479,23.572144,ok
C132832__X45__Y39.jpg,0.912189,24.365193,ok
C132832__X06__Y18.jpg,0.812712,21.555466,ok
C132832__X06__Y1B.jpg,0.841380,22.465798,ok
C132832__X06__Y1E.jpg,0.876889,24.492681,ok
C132832__X06__Y21.jpg,0.895461,25.511767,ok
C132832__X06__Y24.jpg,0.802465,17.192473,ok
C132832__X06__Y2D.jpg,0.840326,21.364205,ok
C132832__X06__Y30.jpg,0.863452,23.310404,ok
C132832__X06__Y33.jpg,0.942236,30.391335,ok
C132832__X09__Y15.jpg,0.815198,20.173035,ok
C132832__X09__Y18.jpg,0.803315,19.707931,ok
C132832__X09__Y24.jpg,0.766583,18.613914,ok
C132832__X09__Y2D.jpg,0.799771,19.016602,ok
C132832__X09__Y33.jpg,0.823598,21.475377,ok
C132832__X09__Y36.jpg,0.782584,19.455225,ok
C132832__X0C__Y12.jpg,0.806093,19.782421,ok
C132832__X0C__Y15.jpg,0.872502,22.571228,ok
C132832__X0C__Y18.jpg,0.812351,20.012184,ok
C132832__X0C__Y1B.jpg,0.839666,21.619348,ok
C132832__X0C__Y21.jpg,0.817239,20.840061,ok
C132833__X0C__Y24.jpg,0.871376,22.238026,ok
C132833__X0C__Y39.jpg,0.832963,21.274363,ok
C132833__X0F__Y12.jpg,0.835906,21.399272,ok
C132833__X0F__Y15.jpg,0.872299,23.904009,ok
C132833__X0F__Y18.jpg,0.862879,23.357341,ok
C132833__X0F__Y1E.jpg,0.756578,18.401615,ok
C132833__X0F__Y21.jpg,0.858890,21.246622,ok
C132833__X0F__Y2D.jpg,0.847434,21.120016,ok
C132833__X0F__Y30.jpg,0.774787,17.900020,ok
C132833__X12__Y12.jpg,0.849615,22.000228,ok
C132833__X12__Y15.jpg,0.860762,22.264490,ok
C132833__X12__Y18.jpg,0.833049,21.562707,ok
C132833__X12__Y21.jpg,0.771606,18.924980,ok
C132833__X12__Y24.jpg,0.891171,21.077901,ok
C132833__X12__Y3C.jpg,0.792619,20.062907,ok
C132833__X15__Y0C.jpg,0.729813,15.390989,ok
C132833__X15__Y12.jpg,0.805721,19.615360,ok
C132833__X15__Y15.jpg,0.848098,23.392851,ok
C132833__X15__Y18.jpg,0.827882,20.614985,ok
C132833__X15__Y21.jpg,0.799729,19.985889,ok
C132833__X15__Y3F.jpg,0.885097,20.795854,ok
C132833__X18__Y09.jpg,0.809293,20.497677,ok
C132833__X18__Y15.jpg,0.749606,17.961505,ok
C132833__X18__Y21.jpg,0.809289,19.465253,ok
C132833__X18__Y3F.jpg,0.728723,17.289579,ok
C132834__X1B__Y15.jpg,0.805088,21.617437,ok
C132834__X1B__Y24.jpg,0.784675,19.266765,ok
C132834__X1B__Y30.jpg,0.728957,18.580488,ok
C132834__X1E__Y09.jpg,0.720679,17.806125,ok
C132834__X1E__Y12.jpg,0.793379,19.133242,ok
C132834__X1E__Y15.jpg,0.754696,17.922067,ok
C132834__X1E__Y24.jpg,0.740100,19.112440,ok
C132834__X1E__Y42.jpg,0.824782,20.695433,ok
C132834__X21__Y09.jpg,0.743452,17.582141,ok
C132834__X21__Y33.jpg,0.774359,18.593591,ok
C132834__X21__Y3F.jpg,0.863211,20.934277,ok
C132834__X21__Y42.jpg,0.823484,21.013545,ok
C132834__X24__Y24.jpg,0.736309,18.372447,ok
C132834__X24__Y30.jpg,0.800086,18.948226,ok
C132834__X24__Y3F.jpg,0.854520,22.550798,ok
C132834__X24__Y42.jpg,0.888404,24.109086,ok
C132834__X27__Y18.jpg,0.807274,19.113946,ok
C132834__X27__Y1E.jpg,0.787111,19.456167,ok
C132834__X27__Y21.jpg,0.790610,19.707386,ok
C132834__X27__Y24.jpg,0.773725,19.532262,ok
C132834__X27__Y27.jpg,0.827572,21.042409,ok
C132834__X27__Y2D.jpg,0.850843,22.675661,ok
C132834__X27__Y30.jpg,0.781263,20.030287,ok
C132834__X27__Y3C.jpg,0.849611,21.292177,ok
C132834__X27__Y3F.jpg,0.860997,21.611667,ok
C132835__X2A__Y09.jpg,0.837839,22.270902,ok
C132835__X2A__Y24.jpg,0.802813,20.238850,ok
C132835__X2A__Y2A.jpg,0.770050,19.106303,ok
C132835__X2A__Y2D.jpg,0.837243,21.749284,ok
C132835__X2D__Y15.jpg,0.804457,20.364410,ok
C132835__X2D__Y24.jpg,0.820677,21.417138,ok
C132835__X2D__Y3F.jpg,0.841678,19.232863,ok
C132835__X30__Y2A.jpg,0.776031,18.164793,ok
C132835__X30__Y33.jpg,0.743752,19.097756,ok
C132835__X33__Y1E.jpg,0.828073,20.428349,ok
C132835__X33__Y3F.jpg,0.929276,27.688510,ok
C132835__X03__Y45.jpg,0.959924,35.040199,ok
C132835__X12__Y30.jpg,0.754823,19.687104,ok
C132835__X15__Y27.jpg,0.825743,19.483822,ok
C132835__X15__Y2A.jpg,0.804535,21.251525,ok
C132835__X1B__Y21.jpg,0.826019,20.214494,ok
C132835__X1B__Y27.jpg,0.752540,19.223835,ok
C132835__X1B__Y30.jpg,0.752441,18.466093,ok
C132835__X1B__Y33.jpg,0.773836,20.774677,ok
C132835__X1B__Y45.jpg,0.953079,32.001034,ok
C132835__X1E__Y36.jpg,0.847537,20.567059,ok
C132835__X1E__Y39.jpg,0.763382,19.720830,ok
C132835__X1E__Y45.jpg,0.957990,33.902817,ok
C132835__X21__Y27.jpg,0.806254,21.423966,ok
C132835__X24__Y27.jpg,0.755298,19.225548,ok
C132836__X24__Y2D.jpg,0.762612,17.287810,ok
C132836__X24__Y30.jpg,0.789171,20.225678,ok
C132836__X24__Y33.jpg,0.794267,21.109251,ok
C132836__X24__Y36.jpg,0.871564,23.110844,ok
C132836__X24__Y39.jpg,0.797444,20.811002,ok
C132836__X24__Y3C.jpg,0.791480,19.455893,ok
C132836__X27__Y18.jpg,0.819257,20.172830,ok
C132836__X27__Y1E.jpg,0.784780,19.282583,ok
C132836__X27__Y21.jpg,0.854747,21.826480,ok
C132836__X27__Y27.jpg,0.707036,18.151440,ok
C132836__X27__Y30.jpg,0.750208,19.433234,ok
C132836__X27__Y33.jpg,0.839841,23.807725,ok
C132836__X27__Y36.jpg,0.833013,22.067226,ok
C132836__X27__Y3C.jpg,0.800108,21.816647,ok
C132836__X27__Y3F.jpg,0.770080,19.082305,ok
C132836__X2A__Y27.jpg,0.787353,18.947074,ok
C132836__X2A__Y2A.jpg,0.760915,19.080991,ok
C132836__X2A__Y2D.jpg,0.816802,22.067545,ok
C132836__X2A__Y30.jpg,0.796274,21.983727,ok
C132836__X2A__Y33.jpg,0.760749,21.233706,ok
C132836__X2A__Y39.jpg,0.796566,19.589155,ok
C132836__X2A__Y3C.jpg,0.771166,19.380064,ok
C132836__X2A__Y3F.jpg,0.775189,19.022334,ok
C132836__X2D__Y1B.jpg,0.819222,19.587956,ok
C132836__X2D__Y1E.jpg,0.845344,22.541175,ok
C132837__X2D__Y21.jpg,0.782820,21.983556,ok
C132837__X2D__Y2D.jpg,0.791252,22.352843,ok
C132837__X2D__Y30.jpg,0.862666,24.973055,ok
C132837__X2D__Y39.jpg,0.815279,21.308170,ok
C132837__X30__Y24.jpg,0.732194,17.678707,ok
C132837__X30__Y27.jpg,0.810260,21.058393,ok
C132837__X30__Y2D.jpg,0.787422,17.799224,ok
C132837__X30__Y30.jpg,0.794920,19.890019,ok
C132837__X30__Y33.jpg,0.794428,20.317142,ok
C132837__X30__Y36.jpg,0.818231,20.870542,ok
C132837__X30__Y39.jpg,0.796609,20.889225,ok
C132837__X30__Y3C.jpg,0.823977,20.916422,ok
C132837__X33__Y1E.jpg,0.797029,20.995856,ok
C132837__X33__Y27.jpg,0.708467,17.787357,ok
C132837__X33__Y30.jpg,0.737150,19.071106,ok
C132837__X33__Y33.jpg,0.834258,23.035112,ok
C132837__X33__Y36.jpg,0.871999,24.470521,ok
C132837__X33__Y39.jpg,0.876643,22.464789,ok
C132837__X36__Y1B.jpg,0.808732,19.555422,ok
C132837__X36__Y21.jpg,0.793793,20.593690,ok
C132837__X36__Y27.jpg,0.874795,22.898422,ok
C132837__X36__Y2A.jpg,0.827180,19.891235,ok
C132837__X36__Y2D.jpg,0.778401,19.284168,ok
C132837__X36__Y30.jpg,0.782438,21.006615,ok
C132837__X36__Y36.jpg,0.807018,20.417824,ok
C132838__X39__Y18.jpg,0.818358,19.758260,ok
C132838__X39__Y1E.jpg,0.791563,19.123488,ok
C132838__X39__Y21.jpg,0.797404,19.265932,ok
C132838__X39__Y27.jpg,0.799660,19.881838,ok
C132838__X39__Y2D.jpg,0.796979,20.568018,ok
C132838__X39__Y30.jpg,0.846662,23.882653,ok
C132838__X39__Y36.jpg,0.804575,18.846138,ok
C132838__X3C__Y27.jpg,0.780892,19.347113,ok
C132838__X3C__Y33.jpg,0.761310,18.570107,ok
C132838__X3C__Y36.jpg,0.856754,21.917596,ok
C132838__X3F__Y18.jpg,0.845618,23.002521,ok
C132838__X3F__Y27.jpg,0.818316,19.964620,ok
C132838__X3F__Y2D.jpg,0.781176,17.878740,ok
C132838__X3F__Y45.jpg,0.961002,36.317940,ok
C132838__X42__Y45.jpg,0.960342,35.230583,ok
C132838__X45__Y45.jpg,0.959696,30.818052,ok
C132838__X18__Y12.jpg,0.882641,20.759049,ok
C132838__X18__Y2D.jpg,0.867812,25.872529,ok
C132838__X18__Y30.jpg,0.849527,21.232791,ok
C132838__X1B__Y0F.jpg,0.831710,23.130458,ok
C132838__X1B__Y12.jpg,0.858377,22.139586,ok
C132838__X1B__Y2A.jpg,0.793978,19.972403,ok
C132838__X1B__Y2D.jpg,0.876710,20.750434,ok
C132838__X1E__Y1E.jpg,0.853467,21.188524,ok
C132838__X21__Y0F.jpg,0.786540,20.976390,ok
C132839__X21__Y12.jpg,0.848664,20.878715,ok
C132839__X21__Y2D.jpg,0.764941,17.291099,ok
C132839__X24__Y0C.jpg,0.833464,22.220709,ok
C132839__X24__Y0F.jpg,0.825046,19.665088,ok
C132839__X24__Y12.jpg,0.875283,23.213946,ok
C132839__X24__Y15.jpg,0.753966,18.588692,ok
C132839__X24__Y2D.jpg,0.739967,17.250750,ok
C132839__X27__Y0C.jpg,0.915211,24.667166,ok
C132839__X27__Y0F.jpg,0.921662,27.587180,ok
C132839__X27__Y12.jpg,0.793131,17.706431,ok
C132839__X27__Y15.jpg,0.894537,23.521521,ok
C132839__X27__Y2D.jpg,0.856135,21.636685,ok
C132839__X2A__Y15.jpg,0.859627,25.960243,ok
C132839__X2A__Y18.jpg,0.787830,21.849047,ok
C132839__X2D__Y1E.jpg,0.852757,24.584243,ok
C132839__X2D__Y24.jpg,0.760520,19.056108,ok
C132839__X2D__Y2A.jpg,0.772148,20.708092,ok
C132839__X2D__Y2D.jpg,0.875644,23.432049,ok
C132839__X30__Y18.jpg,0.861628,23.007176,ok
C132839__X30__Y1B.jpg,0.823529,18.908182,ok
C132839__X30__Y1E.jpg,0.887540,24.321070,ok
C132839__X30__Y21.jpg,0.881338,25.556434,ok
C132839__X30__Y2A.jpg,0.865860,19.169156,ok
C132839__X30__Y2D.jpg,0.902038,22.808311,ok
C132839__X30__Y30.jpg,0.866003,20.092459,ok
C132840__X33__Y1E.jpg,0.926699,29.325570,ok
C132840__X33__Y21.jpg,0.894249,27.830227,ok
C132840__X33__Y27.jpg,0.857120,24.031423,ok
C132840__X33__Y2D.jpg,0.916364,26.654158,ok
C132840__X33__Y30.jpg,0.762195,17.298532,ok
C132840__X36__Y18.jpg,0.826594,22.092493,ok
C132840__X36__Y1E.jpg,0.886761,24.465578,ok
C132840__X36__Y21.jpg,0.732510,17.712234,ok
C132840__X36__Y27.jpg,0.880212,25.699201,ok
C132840__X36__Y2D.jpg,0.938518,26.227307,ok
C132840__X39__Y18.jpg,0.907517,24.782717,ok
C132840__X39__Y1B.jpg,0.955487,28.761986,ok
C132840__X39__Y1E.jpg,0.925906,28.697898,ok
C132840__X39__Y21.jpg,0.895612,24.542949,ok
C132840__X39__Y24.jpg,0.879304,23.348576,ok
C132840__X39__Y27.jpg,0.879918,23.080831,ok
C132840__X39__Y2A.jpg,0.837619,22.222014,ok
C132840__X39__Y2D.jpg,0.870019,23.545658,ok
C132840__X39__Y30.jpg,0.930568,27.274740,ok
C132840__X3C__Y1B.jpg,0.830903,18.990143,ok
C132840__X3C__Y1E.jpg,0.871190,20.121817,ok
C132840__X3C__Y21.jpg,0.860677,23.543679,ok
C132840__X3C__Y24.jpg,0.936231,28.936400,ok
C132840__X3C__Y27.jpg,0.898800,26.116192,ok
C132840__X3C__Y2A.jpg,0.832242,21.432904,ok
C132841__X3C__Y2D.jpg,0.918547,28.097918,ok
C132841__X3C__Y30.jpg,0.873526,24.328559,ok
C132841__X3F__Y1B.jpg,0.918361,25.442924,ok
C132841__X3F__Y1E.jpg,0.909628,29.098654,ok
C132841__X3F__Y21.jpg,0.850637,21.269359,ok
C132841__X3F__Y24.jpg,0.879181,24.848669,ok
C132841__X3F__Y27.jpg,0.890022,26.607858,ok
C132841__X3F__Y2A.jpg,0.865000,24.141992,ok
C132841__X3F__Y2D.jpg,0.868923,23.953892,ok
C132841__X3F__Y30.jpg,0.935381,28.921092,ok
C132841__X42__Y1B.jpg,0.851754,21.039491,ok
C132841__X42__Y1E.jpg,0.815949,20.436681,ok
C132841__X42__Y21.jpg,0.874143,26.527924,ok
C132841__X42__Y24.jpg,0.898000,25.541309,ok
C132841__X42__Y27.jpg,0.860812,20.934956,ok
C132841__X42__Y2A.jpg,0.879913,24.972213,ok
C132841__X42__Y2D.jpg,0.905274,24.476852,ok
C132841__X45__Y1B.jpg,0.743644,19.730509,ok
C132841__X45__Y1E.jpg,0.860279,23.314353,ok
C132841__X45__Y24.jpg,0.902295,25.070119,ok
C132841__X45__Y2A.jpg,0.881931,25.736262,ok
C132841__X06__Y45.jpg,0.954350,35.440948,ok
C132841__X09__Y45.jpg,0.957404,36.778218,ok
C132841__X0C__Y45.jpg,0.945840,35.284694,ok
C132841__X0F__Y2A.jpg,0.921793,22.774704,ok
C132842__X0F__Y2D.jpg,0.888715,21.081628,ok
C132842__X0F__Y45.jpg,0.948247,30.609785,ok
C132842__X12__Y24.jpg,0.822438,16.110326,ok
C132842__X12__Y27.jpg,0.903215,21.161405,ok
C132842__X12__Y2D.jpg,0.916285,24.765001,ok
C132842__X12__Y30.jpg,0.904420,20.733376,ok
C132842__X12__Y45.jpg,0.950597,34.473514,ok
C132842__X15__Y21.jpg,0.856471,16.957922,ok
C132842__X15__Y2D.jpg,0.897603,23.035662,ok
C132842__X15__Y33.jpg,0.914321,20.432501,ok
C132842__X15__Y45.jpg,0.947973,32.201857,ok
C132842__X18__Y27.jpg,0.873622,17.971328,ok
C132842__X18__Y2D.jpg,0.897822,22.524708,ok
C132842__X18__Y45.jpg,0.951290,35.628286,ok
C132842__X1B__Y2A.jpg,0.921697,26.877076,ok
C132842__X1B__Y2D.jpg,0.889074,23.467990,ok
C132842__X1B__Y30.jpg,0.912287,25.122843,ok
C132842__X1B__Y33.jpg,0.894584,20.783184,ok
C132842__X1B__Y45.jpg,0.953546,36.147223,ok
C132842__X1E__Y2A.jpg,0.885529,20.037478,ok
C132842__X1E__Y2D.jpg,0.870525,22.237261,ok
C132842__X1E__Y30.jpg,0.883284,19.700458,ok
C132842__X1E__Y45.jpg,0.952921,36.509382,ok
C132842__X21__Y2D.jpg,0.884245,20.819949,ok
C132842__X21__Y45.jpg,0.954099,36.335837,ok
C132843__X24__Y27.jpg,0.805117,16.845937,ok
C132843__X24__Y2A.jpg,0.859958,21.346762,ok
C132843__X24__Y2D.jpg,0.906165,24.670761,ok
C132843__X24__Y30.jpg,0.911490,22.644704,ok
C132843__X24__Y45.jpg,0.954780,36.439151,ok
C132843__X27__Y27.jpg,0.853923,18.620675,ok
C132843__X27__Y2A.jpg,0.898442,26.003541,ok
C132843__X27__Y2D.jpg,0.852455,21.730644,ok
C132843__X27__Y30.jpg,0.791207,15.354222,ok
C132843__X27__Y45.jpg,0.950610,34.676475,ok
C132843__X2A__Y2A.jpg,0.792956,16.736969,ok
C132843__X2A__Y45.jpg,0.950292,32.596055,ok
C132843__X2D__Y2A.jpg,0.884439,21.418637,ok
C132843__X2D__Y2D.jpg,0.904628,22.842650,ok
C132843__X2D__Y30.jpg,0.850097,21.403009,ok
C132843__X2D__Y3C.jpg,0.879123,18.751372,ok
C132843__X2D__Y45.jpg,0.950019,31.352385,ok
C132843__X30__Y24.jpg,0.864247,17.048530,ok
C132843__X30__Y2D.jpg,0.907693,24.298168,ok
C132843__X30__Y3C.jpg,0.891626,20.127884,ok
C132843__X30__Y45.jpg,0.955288,33.803279,ok
C132843__X33__Y45.jpg,0.954623,36.140349,ok
C132843__X36__Y45.jpg,0.955821,36.037838,ok
C132843__X39__Y45.jpg,0.950884,35.255454,ok
C132843__X3C__Y30.jpg,0.863321,18.318905,ok
C132844__X3C__Y45.jpg,0.955728,36.107416,ok
C132844__X3F__Y45.jpg,0.951179,34.286427,ok
C132844__X42__Y45.jpg,0.949467,34.600263,ok
C132844__X45__Y1E.jpg,0.849638,16.709469,ok
C132844__X45__Y45.jpg,0.943266,33.051195,ok
C132844__X48__Y06.jpg,0.957013,36.447850,ok
C132844__X48__Y0C.jpg,0.956092,35.467123,ok
C132844__X48__Y0F.jpg,0.957602,35.643647,ok
C132844__X48__Y12.jpg,0.946793,32.242478,ok
C132844__X48__Y15.jpg,0.957711,33.789130,ok
C132844__X48__Y18.jpg,0.950892,27.234186,ok
C132844__X48__Y1B.jpg,0.961655,36.774280,ok
C132844__X48__Y1E.jpg,0.945808,32.805442,ok
C132844__X48__Y21.jpg,0.955171,35.623126,ok
C132844__X48__Y24.jpg,0.954844,33.983030,ok
C132844__X48__Y27.jpg,0.959210,35.516970,ok
C132844__X48__Y2A.jpg,0.960091,37.080028,ok
C132844__X48__Y2D.jpg,0.957711,36.138615,ok
C132844__X48__Y30.jpg,0.948401,30.150030,ok
C132844__X48__Y33.jpg,0.957021,34.797973,ok
C132844__X48__Y36.jpg,0.958832,36.519767,ok
C132844__X48__Y39.jpg,0.956351,32.881113,ok
C132844__X48__Y3C.jpg,0.961520,36.829229,ok
C132844__X48__Y3F.jpg,0.956707,35.117547,ok
C132844__X48__Y42.jpg,0.953778,33.315558,ok
C132845__X48__Y45.jpg,0.945753,33.282835,ok
C132845__X09__Y18.jpg,0.929680,28.937436,ok
C132845__X09__Y1B.jpg,0.850490,26.066478,ok
C132845__X09__Y1E.jpg,0.899297,26.514746,ok
C132845__X09__Y21.jpg,0.904661,24.911153,ok
C132845__X09__Y2A.jpg,0.911217,27.381961,ok
C132845__X0C__Y12.jpg,0.918399,30.022834,ok
C132845__X0C__Y15.jpg,0.853453,23.785833,ok
C132845__X0C__Y18.jpg,0.863463,22.307518,ok
C132845__X0C__Y1B.jpg,0.824713,22.910851,ok
C132845__X0C__Y1E.jpg,0.824143,22.394461,ok
C132845__X0C__Y21.jpg,0.797324,20.880559,ok
C132845__X0C__Y24.jpg,0.767381,18.989597,ok
C132845__X0C__Y27.jpg,0.751450,18.673852,ok
C132845__X0C__Y2A.jpg,0.825416,21.947452,ok
C132845__X0F__Y0F.jpg,0.929469,25.429315,ok
C132845__X0F__Y12.jpg,0.896283,23.175010,ok
C132845__X0F__Y15.jpg,0.846904,22.211925,ok
C132845__X0F__Y18.jpg,0.869714,23.438039,ok
C132845__X0F__Y1B.jpg,0.818990,22.549363,ok
C132845__X0F__Y1E.jpg,0.804566,21.786525,ok
C132845__X0F__Y21.jpg,0.780005,20.045788,ok
C132845__X12__Y0C.jpg,0.928059,28.977377,ok
C132845__X12__Y0F.jpg,0.860846,23.561171,ok
C132845__X12__Y12.jpg,0.791614,21.350102,ok
C132846__X12__Y15.jpg,0.830132,21.299984,ok
C132846__X12__Y18.jpg,0.833770,21.635693,ok
C132846__X12__Y1B.jpg,0.793849,21.848018,ok
C132846__X12__Y1E.jpg,0.745702,19.320386,ok
C132846__X15__Y0C.jpg,0.857470,22.789211,ok
C132846__X15__Y0F.jpg,0.800408,21.241231,ok
C132846__X15__Y12.jpg,0.831090,21.361485,ok
C132846__X15__Y15.jpg,0.799054,21.602168,ok
C132846__X15__Y18.jpg,0.761180,20.550921,ok
C132846__X15__Y3F.jpg,0.911423,24.349324,ok
C132846__X18__Y09.jpg,0.883496,23.356448,ok
C132846__X18__Y0C.jpg,0.880674,23.442198,ok
C132846__X18__Y0F.jpg,0.810607,22.387965,ok
C132846__X18__Y12.jpg,0.762687,21.139932,ok
C132846__X18__Y15.jpg,0.764328,19.404121,ok
C132846__X1B__Y09.jpg,0.861791,20.155023,ok
C132846__X1B__Y0C.jpg,0.843341,21.061330,ok
C132846__X1B__Y15.jpg,0.795492,19.069147,ok
C132846__X1B__Y42.jpg,0.935493,28.271753,ok
C132846__X1E__Y06.jpg,0.880643,24.153444,ok
C132846__X1E__Y09.jpg,0.874039,20.953407,ok
C132846__X1E__Y18.jpg,0.736488,19.431920,ok
C132846__X21__Y06.jpg,0.911486,25.293407,ok
C132846__X21__Y09.jpg,0.847920,20.531463,ok
C132846__X21__Y18.jpg,0.691347,18.151081,ok
C132847__X24__Y06.jpg,0.878641,23.047083,ok
C132847__X24__Y09.jpg,0.807087,21.296859,ok
C132847__X24__Y12.jpg,0.761212,20.634895,ok
C132847__X27__Y06.jpg,0.870539,22.918580,ok
C132847__X27__Y09.jpg,0.801110,20.205085,ok
C132847__X27__Y15.jpg,0.737412,19.140089,ok
C132847__X2A__Y06.jpg,0.792361,19.436820,ok
C132847__X2D__Y06.jpg,0.849401,20.293739,ok
C132847__X30__Y06.jpg,0.931446,28.291998,ok
C132847__X33__Y09.jpg,0.790364,18.854754,ok
C132847__X33__Y42.jpg,0.879413,26.646753,ok
C132847__X36__Y09.jpg,0.951444,28.868085,ok
C132847__X36__Y3F.jpg,0.816681,21.734797,ok
C132847__X39__Y0C.jpg,0.792179,19.355784,ok
C132847__X39__Y3F.jpg,0.923729,26.700660,ok
C132847__X3C__Y0C.jpg,0.904998,26.432919,ok
C132847__X3C__Y0F.jpg,0.664602,17.400182,ok
C132847__X3C__Y3C.jpg,0.890890,21.985307,ok
C132847__X3F__Y0F.jpg,0.881943,26.972219,ok
C132847__X3F__Y12.jpg,0.738440,19.985551,ok
C132847__X3F__Y39.jpg,0.842798,23.724263,ok
C132847__X42__Y12.jpg,0.901239,24.348195,ok
C132847__X42__Y15.jpg,0.761706,21.225851,ok
C132847__X42__Y36.jpg,0.931442,25.132704,ok
C132847__X45__Y12.jpg,0.925289,28.018798,ok
C132848__X45__Y15.jpg,0.937961,32.840572,ok
C132848__X45__Y18.jpg,0.901065,28.084593,ok
C132848__X45__Y1B.jpg,0.860845,26.516059,ok
C132848__X45__Y1E.jpg,0.716167,20.154639,ok
C132848__X45__Y2D.jpg,0.770366,22.286240,ok
C132848__X45__Y30.jpg,0.842776,25.544303,ok
C132848__X06__Y45.jpg,0.954114,37.263284,ok
C132848__X09__Y45.jpg,0.950750,36.379346,ok
C132848__X0C__Y45.jpg,0.952044,37.065865,ok
C132848__X0F__Y18.jpg,0.904064,22.087371,ok
C132848__X0F__Y45.jpg,0.954246,37.583507,ok
C132848__X12__Y18.jpg,0.848344,15.628413,ok
C132848__X12__Y1E.jpg,0.870936,18.431419,ok
C132848__X12__Y21.jpg,0.869691,20.031641,ok
C132848__X12__Y45.jpg,0.950595,35.979210,ok
C132848__X15__Y45.jpg,0.947630,35.578921,ok
C132848__X18__Y45.jpg,0.954706,35.388681,ok
C132848__X1B__Y09.jpg,0.889278,21.853287,ok
C132848__X1B__Y0F.jpg,0.898978,21.319904,ok
C132848__X1B__Y15.jpg,0.760582,17.977941,ok
C132848__X1B__Y18.jpg,0.906301,24.191278,ok
C132848__X1B__Y30.jpg,0.870282,18.439344,ok
C132848__X1B__Y45.jpg,0.954620,37.348314,ok
C132848__X1E__Y06.jpg,0.901901,22.598684,ok
C132848__X1E__Y09.jpg,0.879558,20.059990,ok
C132849__X1E__Y45.jpg,0.947949,36.533337,ok
C132849__X21__Y06.jpg,0.923091,30.702236,ok
C132849__X21__Y09.jpg,0.884988,23.791760,ok
C132849__X21__Y0C.jpg,0.853171,18.034340,ok
C132849__X21__Y27.jpg,0.818455,17.952401,ok
C132849__X21__Y45.jpg,0.948436,36.579982,ok
C132849__X24__Y06.jpg,0.929226,28.132666,ok
C132849__X24__Y09.jpg,0.846751,22.342587,ok
C132849__X24__Y0F.jpg,0.900826,20.657024,ok
C132849__X24__Y18.jpg,0.887042,18.845362,ok
C132849__X24__Y27.jpg,0.849831,19.847603,ok
C132849__X24__Y2D.jpg,0.865364,21.352750,ok
C132849__X24__Y45.jpg,0.952767,36.894970,ok
C132849__X27__Y06.jpg,0.899758,24.037906,ok
C132849__X27__Y09.jpg,0.888617,19.942092,ok
C132849__X27__Y0F.jpg,0.867959,21.333053,ok
C132849__X27__Y12.jpg,0.876419,21.818124,ok
C132849__X27__Y24.jpg,0.885501,21.143820,ok
C132849__X27__Y27.jpg,0.865071,22.223092,ok
C132849__X27__Y2A.jpg,0.898228,23.141324,ok
C132849__X27__Y2D.jpg,0.917804,25.751991,ok
C132849__X27__Y45.jpg,0.954059,37.599820,ok
C132849__X2A__Y06.jpg,0.890136,25.710235,ok
C132849__X2A__Y09.jpg,0.890501,24.826569,ok
C132849__X2A__Y1E.jpg,0.882320,19.310530,ok
C132850__X2A__Y27.jpg,0.897443,20.799826,ok
C132850__X2A__Y2D.jpg,0.894572,22.139435,ok
C132850__X2A__Y45.jpg,0.956700,37.663166,ok
C132850__X2D__Y06.jpg,0.861590,23.785033,ok
C132850__X2D__Y09.jpg,0.887157,22.526596,ok
C132850__X2D__Y0F.jpg,0.756490,17.660749,ok
C132850__X2D__Y12.jpg,0.898867,22.185106,ok
C132850__X2D__Y15.jpg,0.841202,19.852111,ok
C132850__X2D__Y18.jpg,0.849378,15.131430,ok
C132850__X2D__Y1E.jpg,0.888925,23.475617,ok
C132850__X2D__Y27.jpg,0.883430,20.854221,ok
C132850__X2D__Y2D.jpg,0.883905,20.070576,ok
C132850__X2D__Y45.jpg,0.950611,36.906275,ok
C132850__X30__Y06.jpg,0.880541,22.850797,ok
C132850__X30__Y09.jpg,0.839164,21.986455,ok
C132850__X30__Y0C.jpg,0.938222,25.402605,ok
C132850__X30__Y15.jpg,0.900055,21.649787,ok
C132850__X30__Y1E.jpg,0.867267,19.515039,ok
C132850__X30__Y45.jpg,0.954118,37.033840,ok
C132850__X33__Y09.jpg,0.905481,23.045057,ok
C132850__X33__Y45.jpg,0.954162,36.327760,ok
C132850__X36__Y09.jpg,0.884994,21.825013,ok
C132850__X36__Y0C.jpg,0.893785,20.190984,ok
C132850__X36__Y12.jpg,0.871806,18.888383,ok
C132850__X36__Y18.jpg,0.878716,20.224248,ok
C132851__X36__Y1B.jpg,0.929016,25.191560,ok
C132851__X36__Y1E.jpg,0.918594,25.848014,ok
C132851__X36__Y21.jpg,0.874325,17.686133,ok
C132851__X36__Y45.jpg,0.953774,37.244791,ok
C132851__X39__Y1E.jpg,0.855628,18.813033,ok
C132851__X39__Y45.jpg,0.952887,37.117145,ok
C132851__X3C__Y45.jpg,0.951691,33.988522,ok
C132851__X3F__Y45.jpg,0.945648,35.748523,ok
C132851__X42__Y45.jpg,0.953747,36.829160,ok
C132851__X45__Y45.jpg,0.959494,37.966448,ok
C132851__X48__Y45.jpg,0.944062,35.906393,ok
C132851__X06__Y0C.jpg,0.904727,23.330039,ok
C132851__X06__Y0F.jpg,0.835716,20.575581,ok
C132851__X06__Y12.jpg,0.931359,26.163186,ok
C132851__X06__Y15.jpg,0.875235,20.880869,ok
C132851__X06__Y18.jpg,0.780132,17.658628,ok
C132851__X06__Y1B.jpg,0.826999,19.460283,ok
C132851__X06__Y1E.jpg,0.767939,16.906457,ok
C132851__X06__Y27.jpg,0.747092,16.644769,ok
C132851__X06__Y2A.jpg,0.863411,21.604510,ok
C132851__X06__Y2D.jpg,0.903821,24.503218,ok
C132851__X06__Y30.jpg,0.901940,25.632260,ok
C132851__X06__Y33.jpg,0.908935,23.285435,ok
C132851__X06__Y45.jpg,0.952261,30.394187,ok
C132851__X09__Y09.jpg,0.910733,32.495525,ok
C132852__X09__Y0C.jpg,0.864755,20.877910,ok
C132852__X09__Y0F.jpg,0.780899,18.123287,ok
C132852__X09__Y12.jpg,0.827216,18.624404,ok
C132852__X09__Y30.jpg,0.713549,16.598319,ok
C132852__X09__Y33.jpg,0.894136,22.889775,ok
C132852__X09__Y36.jpg,0.902905,22.553732,ok
C132852__X09__Y39.jpg,0.931062,25.847866,ok
C132852__X09__Y45.jpg,0.960113,36.282369,ok
C132852__X0C__Y09.jpg,0.866242,21.797456,ok
C132852__X0C__Y0C.jpg,0.810063,18.896061,ok
C132852__X0C__Y0F.jpg,0.768850,15.471495,ok
C132852__X0C__Y36.jpg,0.827435,17.921910,ok
C132852__X0C__Y39.jpg,0.863711,22.573326,ok
C132852__X0C__Y3C.jpg,0.906732,25.140312,ok
C132852__X0C__Y45.jpg,0.960755,35.588912,ok
C132852__X0F__Y03.jpg,0.837632,19.116078,ok
C132852__X0F__Y06.jpg,0.915071,24.753497,ok
C132852__X0F__Y09.jpg,0.850856,21.758903,ok
C132852__X0F__Y39.jpg,0.842265,22.904442,ok
C132852__X0F__Y3C.jpg,0.909480,28.347351,ok
C132852__X0F__Y3F.jpg,0.921469,24.466576,ok
C132852__X0F__Y45.jpg,0.958959,36.240480,ok
C132852__X12__Y03.jpg,0.904787,25.894480,ok
C132852__X12__Y06.jpg,0.837434,20.240911,ok
C132852__X12__Y3C.jpg,0.850058,21.383401,ok
C132853__X12__Y45.jpg,0.939076,25.324231,ok
C132853__X15__Y03.jpg,0.731788,16.260684,ok
C132853__X15__Y3C.jpg,0.674066,16.465047,ok
C132853__X15__Y3F.jpg,0.943922,25.935203,ok
C132853__X15__Y45.jpg,0.954630,32.198685,ok
C132853__X18__Y3F.jpg,0.867722,20.371859,ok
C132853__X18__Y45.jpg,0.949364,31.562512,ok
C132853__X1B__Y3F.jpg,0.762344,17.915440,ok
C132853__X1B__Y45.jpg,0.952603,32.250427,ok
C132853__X1E__Y42.jpg,0.933494,25.676825,ok
C132853__X1E__Y45.jpg,0.941628,30.609995,ok
C132853__X21__Y42.jpg,0.873594,20.634112,ok
C132853__X21__Y45.jpg,0.959364,35.124329,ok
C132853__X24__Y42.jpg,0.888669,21.293473,ok
C132853__X24__Y45.jpg,0.951855,37.067893,ok
C132853__X27__Y42.jpg,0.807423,18.900738,ok
C132853__X27__Y45.jpg,0.939141,27.776454,ok
C132853__X2A__Y42.jpg,0.889231,21.539829,ok
C132853__X2A__Y45.jpg,0.889306,16.437672,ok
C132853__X2D__Y03.jpg,0.761248,15.422511,ok
C132853__X2D__Y45.jpg,0.961055,34.206289,ok
C132853__X30__Y03.jpg,0.812486,16.712060,ok
C132853__X30__Y45.jpg,0.954952,36.973444,ok
C132853__X33__Y03.jpg,0.899648,22.561507,ok
C132853__X33__Y3F.jpg,0.854725,20.216576,ok
C132854__X33__Y45.jpg,0.958565,37.103104,ok
C132854__X36__Y06.jpg,0.838789,16.533632,ok
C132854__X36__Y45.jpg,0.960208,36.877706,ok
C132854__X39__Y3C.jpg,0.889903,21.653703,ok
C132854__X39__Y45.jpg,0.954055,37.555516,ok
C132854__X3C__Y09.jpg,0.940803,22.663748,ok
C132854__X3C__Y3C.jpg,0.942361,32.617453,ok
C132854__X3C__Y45.jpg,0.954966,35.307869,ok
C132854__X3F__Y03.jpg,0.932263,34.011990,ok
C132854__X3F__Y0C.jpg,0.894404,23.733305,ok
C132854__X3F__Y45.jpg,0.956995,38.253424,ok
C132854__X42__Y33.jpg,0.824675,17.185804,ok
C132854__X42__Y36.jpg,0.881882,24.852974,ok
C132854__X42__Y45.jpg,0.956197,37.266408,ok
C132854__X45__Y15.jpg,0.896739,22.534735,ok
C132854__X45__Y45.jpg,0.954464,36.294737,ok
C132854__X03__Y12.jpg,0.941153,32.549969,ok
C132854__X06__Y0F.jpg,0.908182,23.777043,ok
C132854__X06__Y12.jpg,0.912800,27.590202,ok
C132854__X06__Y15.jpg,0.926726,27.947642,ok
C132854__X06__Y18.jpg,0.869385,22.807826,ok
C132854__X06__Y1B.jpg,0.906529,24.765141,ok
C132854__X06__Y1E.jpg,0.803161,17.902047,ok
C132854__X06__Y21.jpg,0.777617,18.152481,ok
C132854__X06__Y24.jpg,0.842121,20.655814,ok
C132855__X06__Y27.jpg,0.866023,21.216085,ok
C132855__X06__Y2A.jpg,0.921192,25.332703,ok
C132855__X09__Y0F.jpg,0.827755,18.068454,ok
C132855__X09__Y12.jpg,0.802371,17.984019,ok
C132855__X09__Y2A.jpg,0.764045,17.838901,ok
C132855__X09__Y2D.jpg,0.819186,19.684631,ok
C132855__X09__Y30.jpg,0.892141,24.721363,ok
C132855__X09__Y33.jpg,0.947424,30.089051,ok
C132855__X0C__Y0C.jpg,0.835780,18.332260,ok
C132855__X0C__Y27.jpg,0.722732,15.783379,ok
C132855__X0C__Y2D.jpg,0.727675,16.046443,ok
C132855__X0C__Y30.jpg,0.765975,18.004839,ok
C132855__X0C__Y33.jpg,0.886735,23.215394,ok
C132855__X0F__Y09.jpg,0.823571,17.604456,ok
C132855__X0F__Y33.jpg,0.734328,16.412038,ok
C132855__X0F__Y36.jpg,0.826293,20.466895,ok
C132855__X12__Y06.jpg,0.907972,22.306336,ok
C132855__X12__Y36.jpg,0.725949,17.218202,ok
C132855__X12__Y39.jpg,0.865908,22.287991,ok
C132855__X15__Y03.jpg,0.903812,22.936790,ok
C132855__X15__Y06.jpg,0.863056,20.327470,ok
C132855__X15__Y39.jpg,0.701941,15.502036,ok
C132855__X15__Y3C.jpg,0.867123,22.070987,ok
C132855__X18__Y03.jpg,0.927280,25.360764,ok
C132855__X18__Y3C.jpg,0.771211,19.367094,ok
C132856__X18__Y3F.jpg,0.926821,30.436313,ok
C132856__X1B__Y03.jpg,0.865906,20.137372,ok
C132856__X1B__Y3C.jpg,0.722395,16.924822,ok
C132856__X1B__Y3F.jpg,0.765797,17.805857,ok
C132856__X1E__Y3F.jpg,0.760064,19.405297,ok
C132856__X1E__Y42.jpg,0.934677,28.382933,ok
C132856__X21__Y3C.jpg,0.705528,16.151912,ok
C132856__X21__Y3F.jpg,0.782001,18.523903,ok
C132856__X21__Y42.jpg,0.901013,24.497365,ok
C132856__X24__Y3C.jpg,0.701811,17.573806,ok
C132856__X24__Y3F.jpg,0.768058,18.250253,ok
C132856__X24__Y42.jpg,0.741911,17.867275,ok
C132856__X27__Y39.jpg,0.702125,15.529763,ok
C132856__X27__Y3C.jpg,0.721407,16.618921,ok
C132856__X27__Y3F.jpg,0.783522,18.933631,ok
C132856__X27__Y42.jpg,0.796167,19.671664,ok
C132856__X2A__Y39.jpg,0.685357,16.689033,ok
C132856__X2A__Y3C.jpg,0.733700,17.785357,ok
C132856__X2A__Y3F.jpg,0.790316,19.635887,ok
C132856__X2A__Y42.jpg,0.821136,20.360756,ok
C132856__X2D__Y3C.jpg,0.694863,16.764610,ok
C132856__X2D__Y3F.jpg,0.759117,18.834517,ok
C132856__X2D__Y42.jpg,0.802217,20.209911,ok
C132856__X30__Y03.jpg,0.874870,21.596705,ok
C132856__X30__Y3C.jpg,0.716491,17.191960,ok
C132857__X30__Y3F.jpg,0.705656,16.713825,ok
C132857__X30__Y42.jpg,0.927578,27.916506,ok
C132857__X33__Y03.jpg,0.911653,22.916729,ok
C132857__X33__Y3C.jpg,0.757849,18.015895,ok
C132857__X33__Y3F.jpg,0.775811,19.052115,ok
C132857__X36__Y06.jpg,0.855289,20.557202,ok
C132857__X36__Y39.jpg,0.677414,14.406578,ok
C132857__X36__Y3C.jpg,0.715271,16.846269,ok
C132857__X36__Y3F.jpg,0.955504,31.806904,ok
C132857__X39__Y06.jpg,0.846473,18.594357,ok
C132857__X39__Y3C.jpg,0.801566,17.412424,ok
C132857__X3C__Y09.jpg,0.879257,18.233156,ok
C132857__X3C__Y39.jpg,0.697838,14.772105,ok
C132857__X3F__Y36.jpg,0.731378,15.427526,ok
C132857__X42__Y33.jpg,0.861431,20.841894,ok
C132857__X45__Y12.jpg,0.931666,26.512363,ok
C132857__X45__Y15.jpg,0.888499,23.205290,ok
C132857__X45__Y18.jpg,0.795408,16.882250,ok
C132857__X45__Y2A.jpg,0.640567,13.262434,ok
C132857__X45__Y2D.jpg,0.707436,14.871284,ok
C132857__X45__Y30.jpg,0.952146,27.130437,ok
C132857__X03__Y1E.jpg,0.909818,24.941577,ok
C132857__X03__Y21.jpg,0.941269,30.329372,ok
C132857__X03__Y24.jpg,0.940558,27.113637,ok
C132857__X03__Y2A.jpg,0.816744,19.308356,ok
C132858__X06__Y1B.jpg,0.806861,20.738006,ok
C132858__X06__Y27.jpg,0.743759,18.105724,ok
C132858__X0C__Y1E.jpg,0.706144,15.495095,ok
C132858__X0C__Y24.jpg,0.772512,17.016065,ok
C132858__X0C__Y27.jpg,0.749290,18.044726,ok
C132858__X0C__Y2A.jpg,0.770396,18.080240,ok
C132858__X0F__Y27.jpg,0.735336,16.904588,ok
C132858__X0F__Y2A.jpg,0.732083,16.120308,ok
C132858__X0F__Y2D.jpg,0.701888,15.731551,ok
C132858__X12__Y30.jpg,0.718489,16.303499,ok
C132858__X12__Y33.jpg,0.692281,16.246126,ok
C132858__X15__Y36.jpg,0.747308,15.939422,ok
C132858__X18__Y36.jpg,0.717315,16.533052,ok
C132858__X18__Y39.jpg,0.790174,18.102365,ok
C132858__X1B__Y36.jpg,0.683867,15.151289,ok
C132858__X1B__Y39.jpg,0.773887,18.345001,ok
C132858__X1B__Y3C.jpg,0.742789,16.997594,ok
C132858__X1E__Y36.jpg,0.790889,19.044197,ok
C132858__X1E__Y39.jpg,0.785802,19.061520,ok
C132858__X21__Y03.jpg,0.764358,17.099108,ok
C132858__X21__Y36.jpg,0.746178,16.656454,ok
C132858__X21__Y39.jpg,0.790060,18.879739,ok
C132858__X21__Y3C.jpg,0.758253,16.678387,ok
C132858__X21__Y3F.jpg,0.711684,13.859877,ok
C132858__X24__Y36.jpg,0.787690,18.572005,ok
C132859__X24__Y3C.jpg,0.646440,14.949360,ok
C132859__X24__Y42.jpg,0.925110,24.785401,ok
C132859__X27__Y36.jpg,0.730816,17.413219,ok
C132859__X27__Y39.jpg,0.763064,17.304700,ok
C132859__X27__Y3C.jpg,0.706237,16.413011,ok
C132859__X27__Y42.jpg,0.849795,19.496028,ok
C132859__X2A__Y03.jpg,0.784606,18.420376,ok
C132859__X2A__Y36.jpg,0.719818,16.656523,ok
C132859__X2A__Y39.jpg,0.781374,19.805205,ok
C132859__X2A__Y3C.jpg,0.758872,17.579278,ok
C132859__X2A__Y3F.jpg,0.703631,14.876720,ok
C132859__X2A__Y42.jpg,0.874054,25.220814,ok
C132859__X2D__Y39.jpg,0.802758,19.602483,ok
C132859__X2D__Y3C.jpg,0.681807,16.901622,ok
C132859__X2D__Y42.jpg,0.914102,25.460929,ok
C132859__X30__Y3C.jpg,0.735041,16.811900,ok
C132859__X30__Y3F.jpg,0.760786,18.990839,ok
C132859__X30__Y42.jpg,0.847635,22.228398,ok
C132859__X33__Y0C.jpg,0.735785,16.142077,ok
C132859__X33__Y36.jpg,0.678566,14.723566,ok
C132859__X33__Y3C.jpg,0.727240,17.216229,ok
C132859__X33__Y3F.jpg,0.832058,21.469032,ok
C132859__X36__Y09.jpg,0.755877,17.420509,ok
C132859__X36__Y3C.jpg,0.746799,18.188396,ok
C132859__X36__Y3F.jpg,0.781810,17.610478,ok
C132860__X39__Y09.jpg,0.810248,17.454143,ok
C132860__X39__Y39.jpg,0.684325,14.770698,ok
C132860__X39__Y3C.jpg,0.840773,19.998197,ok
C132860__X3C__Y0C.jpg,0.673202,15.653965,ok
C132860__X3C__Y36.jpg,0.745673,16.598906,ok
C132860__X3C__Y39.jpg,0.690720,16.328061,ok
C132860__X3F__Y0F.jpg,0.716500,16.395229,ok
C132860__X3F__Y30.jpg,0.770763,17.895640,ok
C132860__X3F__Y33.jpg,0.784287,18.631017,ok
C132860__X3F__Y36.jpg,0.808198,18.623812,ok
C132860__X3F__Y39.jpg,0.713866,16.299760,ok
C132860__X42__Y12.jpg,0.776321,17.666809,ok
C132860__X42__Y18.jpg,0.800618,19.010226,ok
C132860__X42__Y1B.jpg,0.799945,19.087134,ok
C132860__X42__Y1E.jpg,0.805102,18.882157,ok
C132860__X42__Y27.jpg,0.721641,17.061578,ok
C132860__X42__Y2A.jpg,0.809386,19.904043,ok
C132860__X42__Y2D.jpg,0.861946,22.222108,ok
C132860__X42__Y30.jpg,0.881303,24.491138,ok
C132860__X42__Y33.jpg,0.900402,22.873380,ok
C132860__X45__Y18.jpg,0.828178,20.503669,ok
C132860__X45__Y1B.jpg,0.780675,18.725905,ok
C132860__X45__Y1E.jpg,0.744854,17.901934,ok
C132860__X45__Y24.jpg,0.693081,16.413822,ok
C132860__X45__Y27.jpg,0.804266,20.344294,ok
C132861__X45__Y2A.jpg,0.819739,19.070942,ok
C132861__X15__Y15.jpg,0.829049,20.282589,ok
C132861__X18__Y15.jpg,0.768122,17.206742,ok
C132861__X1B__Y24.jpg,0.743740,17.715605,ok
C132861__X1B__Y27.jpg,0.765980,17.589359,ok
C132861__X1E__Y0C.jpg,0.824331,19.871958,ok
C132861__X1E__Y0F.jpg,0.814762,20.396079,ok
C132861__X21__Y09.jpg,0.846468,21.038445,ok
C132861__X21__Y0F.jpg,0.845868,21.012866,ok
C132861__X24__Y09.jpg,0.843137,21.313816,ok
C132861__X24__Y0C.jpg,0.829556,20.751205,ok
C132861__X24__Y0F.jpg,0.803651,19.647029,ok
C132861__X24__Y12.jpg,0.862198,21.303452,ok
C132861__X27__Y09.jpg,0.814825,20.594485,ok
C132861__X27__Y0C.jpg,0.879324,24.407039,ok
C132861__X27__Y0F.jpg,0.841465,21.889485,ok
C132861__X27__Y18.jpg,0.763306,18.441007,ok
C132861__X27__Y21.jpg,0.827796,19.336741,ok
C132861__X2A__Y09.jpg,0.825724,19.109401,ok
C132861__X2A__Y0C.jpg,0.831610,19.241404,ok
C132861__X2A__Y0F.jpg,0.830617,22.559813,ok
C132861__X2A__Y12.jpg,0.803111,20.588145,ok
C132861__X2A__Y15.jpg,0.781487,19.896935,ok
C132861__X2A__Y18.jpg,0.805775,20.436173,ok
C132861__X2A__Y21.jpg,0.853956,21.037181,ok
C132862__X2A__Y24.jpg,0.818260,19.571713,ok
C132862__X2A__Y3F.jpg,0.835418,19.586232,ok
C132862__X2D__Y06.jpg,0.853706,21.812215,ok
C132862__X2D__Y09.jpg,0.879055,23.095250,ok
C132862__X2D__Y0C.jpg,0.768743,19.407576,ok
C132862__X2D__Y0F.jpg,0.845915,20.306233,ok
C132862__X2D__Y15.jpg,0.773152,18.332775,ok
C132862__X2D__Y1E.jpg,0.780399,18.454475,ok
C132862__X2D__Y2D.jpg,0.798354,18.194260,ok
C132862__X2D__Y36.jpg,0.691591,16.163201,ok
C132862__X30__Y09.jpg,0.858497,22.850310,ok
C132862__X30__Y0C.jpg,0.852024,22.445061,ok
C132862__X30__Y0F.jpg,0.753417,18.305981,ok
C132862__X30__Y15.jpg,0.843518,20.528270,ok
C132862__X30__Y18.jpg,0.838830,20.852450,ok
C132862__X33__Y09.jpg,0.836707,19.671449,ok
C132862__X33__Y0C.jpg,0.818867,21.192300,ok
C132862__X33__Y0F.jpg,0.844815,21.254540,ok
C132862__X33__Y12.jpg,0.829202,20.834433,ok
C132862__X33__Y15.jpg,0.824065,21.580983,ok
C132862__X33__Y18.jpg,0.768804,18.996432,ok
C132862__X33__Y24.jpg,0.830094,19.771606,ok
C132862__X33__Y27.jpg,0.804111,19.872790,ok
C132862__X33__Y2D.jpg,0.722140,15.072762,ok
C132862__X36__Y09.jpg,0.796309,19.463244,ok
C132863__X36__Y0C.jpg,0.810537,21.677204,ok
C132863__X36__Y0F.jpg,0.834414,21.150625,ok
C132863__X36__Y12.jpg,0.810942,20.612731,ok
C132863__X36__Y15.jpg,0.834029,22.043655,ok
C132863__X36__Y18.jpg,0.824876,21.165292,ok
C132863__X36__Y21.jpg,0.831495,18.847550,ok
C132863__X36__Y24.jpg,0.882188,22.714961,ok
C132863__X39__Y0C.jpg,0.816793,20.229064,ok
C132863__X39__Y0F.jpg,0.790689,20.050977,ok
C132863__X39__Y15.jpg,0.829445,21.055639,ok
C132863__X39__Y18.jpg,0.802270,20.553420,ok
C132863__X39__Y1E.jpg,0.823260,20.351269,ok
C132863__X39__Y21.jpg,0.809517,20.017273,ok
C132863__X3C__Y15.jpg,0.848618,21.451815,ok
C132863__X3C__Y18.jpg,0.847159,22.150249,ok
C132863__X3C__Y1B.jpg,0.828059,21.061729,ok
C132863__X3C__Y1E.jpg,0.852666,21.921243,ok
C132863__X3C__Y21.jpg,0.780772,19.470253,ok
C132863__X3C__Y27.jpg,0.795718,18.274226,ok
C132863__X3F__Y15.jpg,0.771390,19.131978,ok
C132863__X3F__Y18.jpg,0.886401,24.855550,ok
C132863__X3F__Y1B.jpg,0.815155,20.993600,ok
C132863__X3F__Y24.jpg,0.785634,19.146242,ok
C132863__X42__Y15.jpg,0.800046,19.121487,ok
C132863__X42__Y1B.jpg,0.812973,21.198034,ok
C132864__X42__Y1E.jpg,0.852722,22.091126,ok
C132864__X42__Y24.jpg,0.746735,17.806863,ok
C132864__X45__Y1B.jpg,0.910574,25.240378,ok
C132864__X45__Y1E.jpg,0.783362,18.719804,ok
C132864__X45__Y24.jpg,0.820865,19.935484,ok
C132864__X45__Y27.jpg,0.872978,22.533098,ok
C132864__X0C__Y21.jpg,0.756496,17.834739,ok
C132864__X0C__Y24.jpg,0.804169,19.725812,ok
C132864__X0C__Y30.jpg,0.842829,20.958681,ok
C132864__X0C__Y33.jpg,0.913967,23.328592,ok
C132864__X0F__Y12.jpg,0.782410,20.087720,ok
C132864__X0F__Y15.jpg,0.748241,17.746588,ok
C132864__X0F__Y18.jpg,0.772068,17.831902,ok
C132864__X0F__Y21.jpg,0.679687,14.682118,ok
C132864__X0F__Y24.jpg,0.737134,18.048204,ok
C132864__X0F__Y27.jpg,0.667566,13.317500,ok
C132864__X12__Y0F.jpg,0.736216,15.639876,ok
C132864__X12__Y12.jpg,0.739324,18.281833,ok
C132864__X12__Y15.jpg,0.727955,18.063610,ok
C132864__X12__Y18.jpg,0.734124,16.400339,ok
C132864__X12__Y1B.jpg,0.676453,15.241534,ok
C132864__X15__Y0C.jpg,0.749641,17.147262,ok
C132864__X15__Y12.jpg,0.674642,15.893072,ok
C132864__X15__Y15.jpg,0.692700,15.664324,ok
C132864__X18__Y06.jpg,0.876640,23.054797,ok
C132865__X18__Y09.jpg,0.714010,17.905265,ok
C132865__X18__Y0C.jpg,0.749847,17.700079,ok
C132865__X18__Y3C.jpg,0.763267,16.488540,ok
C132865__X1B__Y06.jpg,0.775614,18.210341,ok
C132865__X1B__Y09.jpg,0.760744,17.674436,ok
C132865__X1B__Y15.jpg,0.643644,14.645669,ok
C132865__X1B__Y30.jpg,0.715313,14.560089,ok
C132865__X1B__Y3F.jpg,0.875270,19.855664,ok
C132865__X1E__Y03.jpg,0.868083,20.800804,ok
C132865__X1E__Y06.jpg,0.798448,18.514790,ok
C132865__X1E__Y3F.jpg,0.797227,17.982563,ok
C132865__X21__Y03.jpg,0.842661,21.827948,ok
C132865__X21__Y06.jpg,0.777509,19.913765,ok
C132865__X21__Y09.jpg,0.721675,17.524976,ok
C132865__X21__Y3F.jpg,0.809960,19.290157,ok
C132865__X24__Y03.jpg,0.827197,20.414934,ok
C132865__X24__Y06.jpg,0.757015,18.941120,ok
C132865__X24__Y09.jpg,0.696900,16.517133,ok
C132865__X24__Y3F.jpg,0.764040,17.875151,ok
C132865__X24__Y42.jpg,0.868379,20.537185,ok
C132865__X27__Y03.jpg,0.818017,21.340301,ok
C132865__X27__Y06.jpg,0.664497,16.737591,ok
C132865__X27__Y09.jpg,0.733364,17.149244,ok
C132865__X27__Y12.jpg,0.664975,16.047442,ok
C132865__X27__Y42.jpg,0.888517,23.611139,ok
C132866__X2A__Y03.jpg,0.796181,20.016611,ok
C132866__X2A__Y06.jpg,0.699911,17.053565,ok
C132866__X2A__Y0C.jpg,0.692532,15.396455,ok
C132866__X2A__Y12.jpg,0.698195,16.547125,ok
C132866__X2A__Y3F.jpg,0.687273,15.673615,ok
C132866__X2A__Y42.jpg,0.842395,20.807284,ok
C132866__X2D__Y03.jpg,0.762561,17.419792,ok
C132866__X2D__Y06.jpg,0.711210,17.565812,ok
C132866__X2D__Y0F.jpg,0.690413,15.262169,ok
C132866__X2D__Y12.jpg,0.719528,17.938504,ok
C132866__X2D__Y15.jpg,0.684446,15.479833,ok
C132866__X2D__Y3F.jpg,0.761309,18.197035,ok
C132866__X2D__Y42.jpg,0.852495,21.683241,ok
C132866__X30__Y06.jpg,0.668947,15.958312,ok
C132866__X30__Y0C.jpg,0.688523,15.077274,ok
C132866__X30__Y12.jpg,0.662404,15.176768,ok
C132866__X30__Y3F.jpg,0.795415,18.399913,ok
C132866__X30__Y42.jpg,0.939110,28.562118,ok
C132866__X33__Y03.jpg,0.729002,16.324273,ok
C132866__X33__Y06.jpg,0.735652,18.505290,ok
C132866__X33__Y09.jpg,0.730700,16.949956,ok
C132866__X33__Y15.jpg,0.621615,13.776139,ok
C132866__X33__Y3F.jpg,0.818856,19.525882,ok
C132866__X36__Y03.jpg,0.917470,25.533045,ok
C132866__X36__Y06.jpg,0.728656,17.724848,ok
C132867__X36__Y0C.jpg,0.722481,15.253041,ok
C132867__X36__Y15.jpg,0.702695,15.848087,ok
C132867__X36__Y3F.jpg,0.828067,20.213935,ok
C132867__X39__Y06.jpg,0.670178,15.375982,ok
C132867__X39__Y3C.jpg,0.768554,18.157291,ok
C132867__X39__Y3F.jpg,0.892632,23.907053,ok
C132867__X3C__Y06.jpg,0.909070,24.637834,ok
C132867__X3C__Y3C.jpg,0.846579,18.401970,ok
C132867__X3F__Y09.jpg,0.885410,18.181950,ok
C132867__X42__Y0C.jpg,0.850561,18.644011,ok
C132867__X45__Y21.jpg,0.672591,14.334065,ok
C132867__X06__Y45.jpg,0.955453,37.725451,ok
C132867__X09__Y45.jpg,0.955494,37.568205,ok
C132867__X0C__Y18.jpg,0.857663,21.957001,ok
C132867__X0C__Y1B.jpg,0.863408,22.636505,ok
C132867__X0C__Y1E.jpg,0.836308,23.211329,ok
C132867__X0C__Y21.jpg,0.839199,21.820212,ok
C132867__X0C__Y24.jpg,0.804265,21.387533,ok
C132867__X0C__Y27.jpg,0.849631,23.479390,ok
C132867__X0C__Y45.jpg,0.950863,36.191766,ok
C132867__X0F__Y15.jpg,0.848211,23.342568,ok
C132867__X0F__Y18.jpg,0.863611,23.677454,ok
C132867__X0F__Y1B.jpg,0.786837,21.728656,ok
C132867__X0F__Y1E.jpg,0.820548,22.681005,ok
C132867__X0F__Y21.jpg,0.773401,21.111809,ok
C132868__X0F__Y24.jpg,0.835652,22.603582,ok
C132868__X0F__Y27.jpg,0.790553,20.059610,ok
C132868__X12__Y0F.jpg,0.887820,22.601560,ok
C132868__X12__Y12.jpg,0.846293,21.382474,ok
C132868__X12__Y15.jpg,0.816134,22.054746,ok
C132868__X12__Y1E.jpg,0.795758,21.512227,ok
C132868__X12__Y45.jpg,0.948585,35.775738,ok
C132868__X15__Y0F.jpg,0.815980,21.576307,ok
C132868__X15__Y45.jpg,0.952249,37.081517,ok
C132868__X18__Y0C.jpg,0.811649,20.562408,ok
C132868__X18__Y45.jpg,0.953294,36.534300,ok
C132868__X1B__Y09.jpg,0.822525,21.148852,ok
C132868__X1B__Y1E.jpg,0.787163,18.243006,ok
C132868__X1B__Y3F.jpg,0.856866,27.289588,ok
C132868__X1B__Y45.jpg,0.957139,37.789725,ok
C132868__X1E__Y06.jpg,0.843864,22.905459,ok
C132868__X1E__Y09.jpg,0.811412,16.597384,ok
C132868__X1E__Y3F.jpg,0.833948,23.309033,ok
C132868__X1E__Y45.jpg,0.940906,36.733391,ok
C132868__X21__Y06.jpg,0.856714,24.471268,ok
C132868__X21__Y09.jpg,0.852710,23.581593,ok
C132868__X21__Y0C.jpg,0.794349,20.055042,ok
C132868__X21__Y42.jpg,0.879985,25.662532,ok
C132868__X21__Y45.jpg,0.950470,34.882388,ok
C132868__X24__Y06.jpg,0.868644,24.841272,ok
C132869__X24__Y09.jpg,0.859166,22.229447,ok
C132869__X24__Y42.jpg,0.912330,28.561616,ok
C132869__X24__Y45.jpg,0.955371,35.875684,ok
C132869__X27__Y06.jpg,0.864499,26.146166,ok
C132869__X27__Y09.jpg,0.813168,22.377637,ok
C132869__X27__Y0F.jpg,0.747919,18.113610,ok
C132869__X27__Y15.jpg,0.760449,21.358805,ok
C132869__X27__Y18.jpg,0.756719,21.451238,ok
C132869__X27__Y3F.jpg,0.738772,20.440976,ok
C132869__X27__Y42.jpg,0.801862,22.006122,ok
C132869__X27__Y45.jpg,0.954179,37.306644,ok
C132869__X2A__Y06.jpg,0.895407,26.471135,ok
C132869__X2A__Y09.jpg,0.855697,23.291651,ok
C132869__X2A__Y42.jpg,0.861313,25.386442,ok
C132869__X2A__Y45.jpg,0.943171,23.636966,ok
C132869__X2D__Y06.jpg,0.880901,23.036403,ok
C132869__X2D__Y09.jpg,0.828645,23.113294,ok
C132869__X2D__Y42.jpg,0.875885,25.529595,ok
C132869__X2D__Y45.jpg,0.951574,33.265259,ok
C132869__X30__Y06.jpg,0.884338,24.950104,ok
C132869__X30__Y42.jpg,0.819309,23.420449,ok
C132869__X30__Y45.jpg,0.955320,36.632259,ok
C132869__X33__Y06.jpg,0.915040,28.858359,ok
C132869__X33__Y09.jpg,0.743319,19.810441,ok
C132869__X33__Y42.jpg,0.887490,24.759879,ok
C132870__X33__Y45.jpg,0.945144,28.798288,ok
C132870__X36__Y09.jpg,0.821312,21.610309,ok
C132870__X36__Y45.jpg,0.937498,27.518722,ok
C132870__X39__Y09.jpg,0.921677,28.840458,ok
C132870__X39__Y45.jpg,0.945657,32.958302,ok
C132870__X3C__Y0C.jpg,0.830307,19.811823,ok
C132870__X3C__Y3F.jpg,0.816817,24.083454,ok
C132870__X3F__Y0F.jpg,0.795420,19.889653,ok
C132870__X3F__Y3C.jpg,0.893659,24.704691,ok
C132870__X3F__Y45.jpg,0.950652,35.643364,ok
C132870__X42__Y12.jpg,0.869120,20.795716,ok
C132870__X42__Y45.jpg,0.954927,36.082633,ok
C132870__X45__Y15.jpg,0.946611,32.727909,ok
C132870__X45__Y18.jpg,0.808888,22.044540,ok
C132870__X45__Y33.jpg,0.870057,22.957305,ok
C132870__X45__Y45.jpg,0.954718,37.262863,ok
C132870__X0F__Y27.jpg,0.856446,24.494641,ok
C132870__X0F__Y2A.jpg,0.879228,27.194714,ok
C132870__X0F__Y2D.jpg,0.845383,23.122590,ok
C132870__X12__Y27.jpg,0.822116,20.975925,ok
C132870__X12__Y2A.jpg,0.869214,23.782755,ok
C132870__X12__Y2D.jpg,0.796219,24.144334,ok
C132870__X12__Y30.jpg,0.857229,23.849071,ok
C132870__X15__Y24.jpg,0.729315,19.269807,ok
C132870__X15__Y27.jpg,0.878926,23.729004,ok
C132871__X15__Y2A.jpg,0.884489,23.348939,ok
C132871__X15__Y2D.jpg,0.817337,20.209316,ok
C132871__X15__Y30.jpg,0.839307,23.942098,ok
C132871__X18__Y21.jpg,0.757161,19.302912,ok
C132871__X18__Y24.jpg,0.887158,23.954928,ok
C132871__X18__Y27.jpg,0.873521,26.021008,ok
C132871__X1B__Y1B.jpg,0.860008,24.657881,ok
C132871__X1B__Y1E.jpg,0.838684,19.967178,ok
C132871__X1B__Y21.jpg,0.874203,24.978022,ok
C132871__X1B__Y24.jpg,0.838206,25.624208,ok
C132871__X1B__Y27.jpg,0.794769,21.091930,ok
C132871__X1E__Y1B.jpg,0.869591,25.725129,ok
C132871__X1E__Y1E.jpg,0.875043,25.821192,ok
C132871__X1E__Y21.jpg,0.882385,26.528593,ok
C132871__X1E__Y24.jpg,0.715247,19.909644,ok
C132871__X21__Y18.jpg,0.873882,22.279593,ok
C132871__X21__Y1B.jpg,0.896908,24.481441,ok
C132871__X21__Y1E.jpg,0.890272,26.031078,ok
C132871__X21__Y21.jpg,0.786300,21.206037,ok
C132871__X21__Y24.jpg,0.823287,20.970766,ok
C132871__X21__Y27.jpg,0.804090,20.466918,ok
C132871__X24__Y0F.jpg,0.910424,25.945895,ok
C132871__X24__Y15.jpg,0.926006,28.677558,ok
C132871__X24__Y18.jpg,0.803374,22.367947,ok
C132871__X24__Y1B.jpg,0.851345,21.591527,ok
C132872__X24__Y1E.jpg,0.868568,21.348254,ok
C132872__X24__Y21.jpg,0.874572,23.637742,ok
C132872__X24__Y24.jpg,0.866882,24.632798,ok
C132872__X24__Y27.jpg,0.825308,23.808228,ok
C132872__X27__Y0C.jpg,0.775578,17.908862,ok
C132872__X27__Y0F.jpg,0.832755,20.611104,ok
C132872__X27__Y15.jpg,0.746911,18.721420,ok
C132872__X27__Y18.jpg,0.805101,20.920105,ok
C132872__X27__Y1B.jpg,0.864206,24.350785,ok
C132872__X27__Y1E.jpg,0.893019,24.859705,ok
C132872__X27__Y21.jpg,0.820912,21.041277,ok
C132872__X27__Y24.jpg,0.818536,23.823338,ok
C132872__X27__Y27.jpg,0.822621,19.995200,ok
C132872__X2A__Y09.jpg,0.827144,19.873046,ok
C132872__X2A__Y0C.jpg,0.873343,21.235681,ok
C132872__X2A__Y0F.jpg,0.772066,22.087679,ok
C132872__X2A__Y12.jpg,0.898979,23.718690,ok
C132872__X2A__Y15.jpg,0.830593,22.586836,ok
C132872__X2A__Y18.jpg,0.779279,19.690305,ok
C132872__X2A__Y1B.jpg,0.870560,24.758334,ok
C132872__X2A__Y1E.jpg,0.802473,21.332945,ok
C132872__X2D__Y06.jpg,0.861103,23.254649,ok
C132872__X2D__Y09.jpg,0.854953,22.401077,ok
C132872__X2D__Y0C.jpg,0.851491,22.744606,ok
C132872__X2D__Y0F.jpg,0.863333,25.806676,ok
C132873__X2D__Y12.jpg,0.785414,20.889692,ok
C132873__X2D__Y15.jpg,0.844402,23.145682,ok
C132873__X2D__Y18.jpg,0.841952,22.553430,ok
C132873__X2D__Y1B.jpg,0.862761,23.962963,ok
C132873__X2D__Y1E.jpg,0.864939,23.663147,ok
C132873__X2D__Y21.jpg,0.722459,17.962561,ok
C132873__X30__Y06.jpg,0.810344,21.346447,ok
C132873__X30__Y09.jpg,0.808348,20.374197,ok
C132873__X30__Y0C.jpg,0.821731,22.017426,ok
C132873__X30__Y0F.jpg,0.857147,22.852315,ok
C132873__X30__Y12.jpg,0.845525,21.455004,ok
C132873__X30__Y15.jpg,0.727272,18.538225,ok
C132873__X30__Y18.jpg,0.930697,27.053003,ok
C132873__X30__Y1B.jpg,0.880680,24.502465,ok
C132873__X30__Y1E.jpg,0.843334,21.875857,ok
C132873__X30__Y2D.jpg,0.766511,18.642876,ok
C132873__X33__Y09.jpg,0.875290,23.028289,ok
C132873__X33__Y0C.jpg,0.792824,18.866453,ok
C132873__X33__Y12.jpg,0.736335,17.813175,ok
C132873__X33__Y2D.jpg,0.815773,21.274548,ok
C132873__X36__Y09.jpg,0.806421,21.836393,ok
C132873__X03__Y45.jpg,0.951488,37.191309,ok
C132873__X06__Y45.jpg,0.953511,37.643857,ok
C132873__X09__Y18.jpg,0.841914,18.890662,ok
C132873__X09__Y1B.jpg,0.890572,23.647724,ok
C132874__X09__Y1E.jpg,0.739941,17.346577,ok
C132874__X09__Y21.jpg,0.764743,18.261288,ok
C132874__X09__Y24.jpg,0.689721,15.113628,ok
C132874__X09__Y45.jpg,0.952567,37.431835,ok
C132874__X0C__Y12.jpg,0.728838,16.907885,ok
C132874__X0C__Y15.jpg,0.785016,16.196534,ok
C132874__X0C__Y18.jpg,0.723274,16.999635,ok
C132874__X0C__Y1E.jpg,0.778641,18.113276,ok
C132874__X0C__Y33.jpg,0.787996,20.197635,ok
C132874__X0C__Y45.jpg,0.953638,37.498304,ok
C132874__X0F__Y0F.jpg,0.799290,18.784705,ok
C132874__X0F__Y12.jpg,0.816815,20.651266,ok
C132874__X0F__Y15.jpg,0.736090,16.574825,ok
C132874__X0F__Y45.jpg,0.947913,36.785920,ok
C132874__X12__Y0C.jpg,0.852229,19.831617,ok
C132874__X12__Y0F.jpg,0.714786,17.713662,ok
C132874__X12__Y45.jpg,0.952639,36.385942,ok
C132874__X15__Y09.jpg,0.898285,23.413396,ok
C132874__X15__Y0C.jpg,0.792217,19.241524,ok
C132874__X15__Y45.jpg,0.948960,35.823356,ok
C132874__X18__Y09.jpg,0.788446,19.663474,ok
C132874__X18__Y0C.jpg,0.777590,19.959162,ok
C132874__X18__Y45.jpg,0.955866,35.649340,ok
C132874__X1B__Y06.jpg,0.877708,21.579574,ok
C132874__X1B__Y09.jpg,0.778777,19.672250,ok
C132875__X1B__Y0C.jpg,0.747299,15.790351,ok
C132875__X1B__Y39.jpg,0.697916,14.664903,ok
C132875__X1B__Y45.jpg,0.953383,37.376022,ok
C132875__X1E__Y06.jpg,0.795204,20.891827,ok
C132875__X1E__Y09.jpg,0.748841,16.823239,ok
C132875__X1E__Y45.jpg,0.955888,37.529258,ok
C132875__X21__Y06.jpg,0.887035,22.734172,ok
C132875__X21__Y45.jpg,0.953407,35.951504,ok
C132875__X24__Y06.jpg,0.701157,17.349212,ok
C132875__X24__Y42.jpg,0.815621,20.475754,ok
C132875__X24__Y45.jpg,0.953334,36.189437,ok
C132875__X27__Y06.jpg,0.836340,21.695942,ok
C132875__X27__Y42.jpg,0.894174,24.908316,ok
C132875__X27__Y45.jpg,0.943605,36.093913,ok
C132875__X2A__Y06.jpg,0.659210,16.977354,ok
C132875__X2A__Y09.jpg,0.684336,16.016820,ok
C132875__X2A__Y42.jpg,0.902365,24.524158,ok
C132875__X2A__Y45.jpg,0.945560,35.418126,ok
C132875__X2D__Y06.jpg,0.773849,19.261472,ok
C132875__X2D__Y42.jpg,0.957914,37.163034,ok
C132875__X2D__Y45.jpg,0.946647,36.480815,ok
C132875__X30__Y06.jpg,0.787371,16.688977,ok
C132875__X30__Y3F.jpg,0.768189,16.914229,ok
C132875__X30__Y45.jpg,0.953231,37.531344,ok
C132875__X33__Y3F.jpg,0.818037,18.503345,ok
