filename,ssim,psnr,status
EES0423311__X12__Y39__P001.jpg,0.875826,31.557420,ok
EES0423311__X15__Y06__P002.jpg,0.946498,36.914825,ok
EES0423311__X15__Y09__P003.jpg,0.729976,24.224302,ok
EES0423311__X15__Y39__P004.jpg,0.851284,30.941417,ok
EES0423311__X18__Y06__P005.jpg,0.909869,27.213195,ok
EES0423311__X18__Y3C__P006.jpg,0.823322,28.760312,ok
EES0423311__X1B__Y3F__P007.jpg,0.847226,27.844876,ok
EES0423311__X1E__Y03__P008.jpg,0.826915,28.938366,ok
EES0423311__X1E__Y3F__P009.jpg,0.822679,24.401217,ok
EES0423311__X24__Y42__P010.jpg,0.892279,30.693467,ok
EES0423311__X27__Y42__P011.jpg,0.879160,28.865270,ok
EES0423311__X2A__Y42__P012.jpg,0.837143,28.169608,ok
EES0423311__X2D__Y42__P013.jpg,0.846894,28.922617,ok
EES0423311__X33__Y3F__P014.jpg,0.819486,27.380653,ok
EES0423311__X36__Y3F__P015.jpg,0.878821,29.879306,ok
EES0423311__X39__Y06__P016.jpg,0.839739,24.850200,ok
EES0423311__X39__Y3C__P017.jpg,0.866923,30.252270,ok
EES0423311__X3C__Y09__P018.jpg,0.809523,26.362669,ok
EES0423311__X3C__Y39__P019.jpg,0.788784,25.390868,ok
EES0423311__X3F__Y0C__P020.jpg,0.801962,23.208394,ok
EES0423311__X3F__Y36__P021.jpg,0.787233,25.277829,ok
EES0423311__X42__Y0F__P022.jpg,0.917471,30.874614,ok
EES0423311__X42__Y33__P023.jpg,0.847117,28.838398,ok
EES0423311__X45__Y15__P024.jpg,0.827675,26.037129,ok
EES0423311__X45__Y2A__P025.jpg,0.811018,24.670253,ok
EES0423312__X12__Y1E__P001.jpg,0.824008,25.137869,ok
EES0423312__X12__Y21__P002.jpg,0.785296,23.037707,ok
EES0423312__X12__Y24__P003.jpg,0.833256,25.016332,ok
EES0423312__X12__Y27__P004.jpg,0.858765,24.210052,ok
EES0423312__X12__Y2A__P005.jpg,0.839694,26.760493,ok
EES0423312__X12__Y2D__P006.jpg,0.785318,24.750977,ok
EES0423312__X12__Y30__P007.jpg,0.797771,23.480911,ok
EES0423312__X12__Y33__P008.jpg,0.928671,30.442425,ok
EES0423312__X15__Y0F__P009.jpg,0.843763,27.204339,ok
EES0423312__X15__Y12__P010.jpg,0.721998,23.130374,ok
EES0423312__X15__Y33__P011.jpg,0.881740,31.923695,ok
EES0423312__X18__Y0C__P012.jpg,0.905288,28.768968,ok
EES0423312__X18__Y36__P013.jpg,0.879226,28.133448,ok
EES0423312__X18__Y39__P014.jpg,0.894975,28.854452,ok
EES0423312__X18__Y42__P015.jpg,0.918102,27.381907,ok
EES0423312__X18__Y45__P016.jpg,0.929756,38.419917,ok
EES0423312__X1B__Y39__P017.jpg,0.790199,23.847838,ok
EES0423312__X1B__Y42__P018.jpg,0.950964,32.600383,ok
EES0423312__X1E__Y09__P019.jpg,0.818785,23.649421,ok
EES0423312__X1E__Y3C__P020.jpg,0.823656,25.835310,ok
EES0423312__X1E__Y42__P021.jpg,0.926269,28.820308,ok
EES0423312__X21__Y3C__P022.jpg,0.853603,27.781026,ok
EES0423312__X21__Y42__P023.jpg,0.881207,25.871096,ok
EES0423312__X24__Y06__P024.jpg,0.887221,26.609140,ok
EES0423312__X24__Y3F__P025.jpg,0.912600,29.839571,ok
EES0423313__X0F__Y27__P001.jpg,0.837019,26.386745,ok
EES0423313__X12__Y0F__P002.jpg,0.930502,34.114313,ok
EES0423313__X12__Y2D__P003.jpg,0.806644,23.426170,ok
EES0423313__X12__Y33__P004.jpg,0.906736,28.887440,ok
EES0423313__X15__Y0C__P005.jpg,0.815023,22.877362,ok
EES0423313__X15__Y36__P006.jpg,0.880764,25.874811,ok
EES0423313__X18__Y06__P007.jpg,0.898893,25.988537,ok
EES0423313__X18__Y36__P008.jpg,0.897343,27.052331,ok
EES0423313__X18__Y39__P009.jpg,0.868891,26.340428,ok
EES0423313__X1B__Y3C__P010.jpg,0.840439,24.410695,ok
EES0423313__X1E__Y03__P011.jpg,0.904470,24.916473,ok
EES0423313__X1E__Y39__P012.jpg,0.861785,24.723021,ok
EES0423313__X27__Y3C__P013.jpg,0.804812,23.115211,ok
EES0423313__X27__Y3F__P014.jpg,0.944695,29.497395,ok
EES0423313__X2A__Y3C__P015.jpg,0.844096,25.968198,ok
EES0423313__X2A__Y3F__P016.jpg,0.914716,25.505126,ok
EES0423313__X30__Y3C__P017.jpg,0.841820,25.653749,ok
EES0423313__X33__Y03__P018.jpg,0.881833,23.789197,ok
EES0423313__X36__Y03__P019.jpg,0.908464,25.683933,ok
EES0423313__X36__Y39__P020.jpg,0.797151,23.722736,ok
EES0423313__X39__Y06__P021.jpg,0.861853,24.030745,ok
EES0423313__X39__Y39__P022.jpg,0.913616,30.128990,ok
EES0423313__X3C__Y36__P023.jpg,0.903146,32.586650,ok
EES0423313__X3F__Y33__P024.jpg,0.909110,30.972933,ok
EES0423313__X42__Y0F__P025.jpg,0.885309,28.190958,ok
EES0423314__X24__Y42__P001.jpg,0.910499,28.147397,ok
EES0423314__X27__Y06__P002.jpg,0.949609,33.997867,ok
EES0423314__X2A__Y06__P003.jpg,0.907620,27.067869,ok
EES0423314__X2A__Y42__P004.jpg,0.841970,23.629069,ok
EES0423314__X2D__Y06__P005.jpg,0.878581,24.947977,ok
EES0423314__X2D__Y42__P006.jpg,0.862324,27.189187,ok
EES0423314__X30__Y06__P007.jpg,0.871262,26.440052,ok
EES0423314__X30__Y42__P008.jpg,0.904927,28.889366,ok
EES0423314__X36__Y09__P009.jpg,0.936371,35.381357,ok
EES0423314__X39__Y0C__P010.jpg,0.792523,23.253699,ok
EES0423314__X39__Y1E__P011.jpg,0.755588,23.905819,ok
EES0423314__X3C__Y3C__P012.jpg,0.931242,34.143895,ok
EES0423314__X3F__Y12__P013.jpg,0.840132,23.461987,ok
EES0423314__X3F__Y39__P014.jpg,0.873216,23.611561,ok
EES0423314__X42__Y15__P015.jpg,0.868885,25.724388,ok
EES0423314__X45__Y1B__P016.jpg,0.955541,31.917233,ok
EES0423314__X45__Y1E__P017.jpg,0.851542,26.044744,ok
EES0423314__X45__Y27__P018.jpg,0.804780,23.690389,ok
EES0423314__X45__Y2A__P019.jpg,0.841087,25.280863,ok
EES0423314__X45__Y2D__P020.jpg,0.862560,24.981236,ok
EES0423314__X45__Y30__P021.jpg,0.898452,26.073227,ok
EES0423314__X18__Y39__P022.jpg,0.805732,24.373613,ok
EES0423314__X1B__Y0C__P023.jpg,0.806854,23.101554,ok
EES0423314__X1E__Y09__P024.jpg,0.896193,24.340376,ok
EES0423314__X2A__Y06__P025.jpg,0.896421,26.322857,ok
EES0423315__X27__Y42__P001.jpg,0.852340,26.837604,ok
EES0423315__X2A__Y42__P002.jpg,0.839623,23.373672,ok
EES0423315__X2D__Y42__P003.jpg,0.821480,22.968554,ok
EES0423315__X30__Y3F__P004.jpg,0.806428,23.591229,ok
EES0423315__X30__Y42__P005.jpg,0.924770,29.660309,ok
EES0423315__X33__Y3F__P006.jpg,0.840652,24.476777,ok
EES0423315__X33__Y42__P007.jpg,0.824160,25.947405,ok
EES0423315__X36__Y3F__P008.jpg,0.910078,28.022675,ok
EES0423315__X36__Y42__P009.jpg,0.828788,23.248135,ok
EES0423315__X36__Y45__P010.jpg,0.894652,28.433164,ok
EES0423315__X39__Y3C__P011.jpg,0.812590,26.554751,ok
EES0423315__X39__Y45__P012.jpg,0.829462,24.614896,ok
EES0423315__X3C__Y0C__P013.jpg,0.899071,29.814728,ok
EES0423315__X3C__Y39__P014.jpg,0.786655,22.775999,ok
EES0423315__X3C__Y45__P015.jpg,0.868457,24.505737,ok
EES0423315__X3F__Y0F__P016.jpg,0.914507,30.404834,ok
EES0423315__X3F__Y39__P017.jpg,0.944290,38.283729,ok
EES0423315__X3F__Y42__P018.jpg,0.906604,31.360320,ok
EES0423315__X42__Y12__P019.jpg,0.900788,26.137426,ok
EES0423315__X42__Y15__P020.jpg,0.860739,25.183209,ok
EES0423315__X42__Y33__P021.jpg,0.809695,22.995472,ok
EES0423315__X42__Y42__P022.jpg,0.894669,28.460286,ok
EES0423315__X42__Y45__P023.jpg,0.880866,29.081877,ok
EES0423315__X45__Y15__P024.jpg,0.875929,24.739633,ok
EES0423315__X45__Y18__P025.jpg,0.877683,25.160666,ok
EES0423316__X45__Y1E__P001.jpg,0.877782,25.437817,ok
EES0423316__X45__Y2A__P002.jpg,0.817168,24.036062,ok
EES0423316__X45__Y39__P003.jpg,0.907695,29.819842,ok
EES0423316__X45__Y42__P004.jpg,0.925463,28.680411,ok
EES0423316__X48__Y1E__P005.jpg,0.911958,27.496449,ok
EES0423316__X48__Y21__P006.jpg,0.872498,23.723602,ok
EES0423316__X48__Y27__P007.jpg,0.886412,26.853789,ok
EES0423316__X48__Y2D__P008.jpg,0.906341,25.513829,ok
EES0423316__X48__Y3F__P009.jpg,0.884116,25.143778,ok
EES0423316__X48__Y42__P010.jpg,0.936144,32.831004,ok
EES0423316__X15__Y21__P011.jpg,0.853574,23.917372,ok
EES0423316__X15__Y27__P012.jpg,0.873583,24.416883,ok
EES0423316__X18__Y18__P013.jpg,0.809323,23.052296,ok
EES0423316__X18__Y21__P014.jpg,0.864535,24.040093,ok
EES0423316__X18__Y2A__P015.jpg,0.769995,22.555609,ok
EES0423316__X1B__Y0C__P016.jpg,0.941234,38.586743,ok
EES0423316__X1E__Y30__P017.jpg,0.849932,23.902629,ok
EES0423316__X21__Y36__P018.jpg,0.848308,23.608812,ok
EES0423316__X27__Y15__P019.jpg,0.816838,23.053412,ok
EES0423316__X33__Y09__P020.jpg,0.911475,26.333735,ok
EES0423316__X39__Y12__P021.jpg,0.810861,22.849228,ok
EES0423316__X45__Y2D__P022.jpg,0.870461,23.520652,ok
EES0423316__X48__Y24__P023.jpg,0.941103,33.730709,ok
EES0423316__X48__Y27__P024.jpg,0.937841,31.726937,ok
EES0423316__X15__Y1E__P025.jpg,0.795670,25.904247,ok
EES0423317__X42__Y30__P001.jpg,0.716814,23.002547,ok
EES0423317__X42__Y39__P002.jpg,0.868740,28.323139,ok
EES0423317__X42__Y3C__P003.jpg,0.858884,27.444311,ok
EES0423317__X45__Y15__P004.jpg,0.872531,23.614610,ok
EES0423317__X45__Y33__P005.jpg,0.713602,23.479441,ok
EES0423317__X45__Y36__P006.jpg,0.925015,34.128943,ok
EES0423317__X48__Y24__P007.jpg,0.799129,24.467716,ok
EES0423317__X48__Y2A__P008.jpg,0.806794,23.622573,ok
EES0423317__X48__Y30__P009.jpg,0.893322,26.866293,ok
EES0423317__X09__Y1E__P010.jpg,0.886381,30.333650,ok
EES0423317__X09__Y2A__P011.jpg,0.866162,29.631922,ok
EES0423317__X0C__Y15__P012.jpg,0.874024,25.946746,ok
EES0423317__X0C__Y2D__P013.jpg,0.790138,24.967788,ok
EES0423317__X0C__Y30__P014.jpg,0.863874,31.140331,ok
EES0423317__X0C__Y33__P015.jpg,0.936232,33.488753,ok
EES0423317__X0F__Y0F__P016.jpg,0.897883,33.478649,ok
EES0423317__X0F__Y12__P017.jpg,0.917371,34.688438,ok
EES0423317__X0F__Y33__P018.jpg,0.758557,25.521310,ok
EES0423317__X0F__Y36__P019.jpg,0.891516,27.432691,ok
EES0423317__X12__Y0C__P020.jpg,0.887038,30.950250,ok
EES0423317__X12__Y36__P021.jpg,0.762891,25.070396,ok
EES0423317__X12__Y39__P022.jpg,0.873196,27.690518,ok
EES0423317__X15__Y09__P023.jpg,0.879061,34.053715,ok
EES0423317__X18__Y09__P024.jpg,0.822664,28.388578,ok
EES0423317__X18__Y3C__P025.jpg,0.711421,24.098188,ok
EES0423318__X18__Y3F__P001.jpg,0.885747,23.983751,ok
EES0423318__X1E__Y03__P002.jpg,0.962955,26.209142,ok
EES0423318__X21__Y03__P003.jpg,0.963006,25.534320,ok
EES0423318__X2D__Y06__P004.jpg,0.959981,25.116538,ok
EES0423318__X30__Y06__P005.jpg,0.973460,25.308927,ok
EES0423318__X06__Y18__P006.jpg,0.976663,25.087992,ok
EES0423318__X18__Y3F__P007.jpg,0.916049,23.905145,ok
EES0423318__X1B__Y3F__P008.jpg,0.865421,23.685122,ok
EES0423318__X1B__Y45__P009.jpg,0.959081,24.734749,ok
EES0423318__X24__Y3F__P010.jpg,0.899152,24.146010,ok
EES0423318__X45__Y1B__P011.jpg,0.952173,24.394821,ok
EES0423318__X30__Y42__P012.jpg,0.955573,24.168056,ok
EES0423318__X42__Y33__P013.jpg,0.962767,25.471112,ok
EES0423318__X42__Y45__P014.jpg,0.965196,25.825494,ok
EES0423318__X18__Y30__P015.jpg,0.928648,24.620867,ok
EES0423318__X18__Y33__P016.jpg,0.937792,24.317183,ok
EES0423318__X21__Y42__P017.jpg,0.956985,24.546815,ok
EES0423318__X27__Y45__P018.jpg,0.942831,24.272601,ok
EES0423318__X36__Y42__P019.jpg,0.965306,24.352028,ok
EES0423318__X36__Y45__P020.jpg,0.964807,24.829025,ok
EES0423318__X3F__Y1B__P021.jpg,0.924672,24.875796,ok
EES0423318__X42__Y42__P022.jpg,0.973871,25.074209,ok
EES0423318__X09__Y12__P023.jpg,0.951853,25.219446,ok
EES0423318__X09__Y15__P024.jpg,0.926928,24.485467,ok
EES0423318__X0C__Y0F__P025.jpg,0.936819,24.299474,ok
EES0423319__X48__Y3F__P001.jpg,0.972670,25.470201,ok
EES0423319__X48__Y42__P002.jpg,0.971484,25.420724,ok
EES0423319__X06__Y0F__P003.jpg,0.925363,25.035430,ok
EES0423319__X06__Y12__P004.jpg,0.936309,26.662100,ok
EES0423319__X06__Y15__P005.jpg,0.820769,23.013586,ok
EES0423319__X06__Y27__P006.jpg,0.861143,25.004212,ok
EES0423319__X06__Y2A__P007.jpg,0.880430,25.882169,ok
EES0423319__X06__Y2D__P008.jpg,0.867621,24.637858,ok
EES0423319__X06__Y30__P009.jpg,0.889679,23.968252,ok
EES0423319__X09__Y33__P010.jpg,0.921256,24.755492,ok
EES0423319__X12__Y3C__P011.jpg,0.967967,24.902084,ok
EES0423319__X18__Y3F__P012.jpg,0.980045,25.537196,ok
EES0423319__X1B__Y03__P013.jpg,0.930491,27.313165,ok
EES0423319__X1B__Y06__P014.jpg,0.775637,22.872725,ok
EES0423319__X1E__Y03__P015.jpg,0.954955,27.570501,ok
EES0423319__X21__Y03__P016.jpg,0.934494,25.626779,ok
EES0423319__X21__Y42__P017.jpg,0.942992,24.988356,ok
EES0423319__X24__Y03__P018.jpg,0.956622,24.834280,ok
EES0423319__X24__Y42__P019.jpg,0.903642,24.427092,ok
EES0423319__X2A__Y06__P020.jpg,0.968375,24.693374,ok
EES0423319__X2D__Y06__P021.jpg,0.974416,24.350214,ok
EES0423319__X48__Y06__P022.jpg,0.976164,26.510510,ok
EES0423319__X48__Y09__P023.jpg,0.978106,26.867723,ok
EES0423319__X48__Y0C__P024.jpg,0.981364,26.975627,ok
EES0423319__X48__Y0F__P025.jpg,0.983113,27.069103,ok
EES0423320__X48__Y12__P001.jpg,0.981996,27.300093,ok
EES0423320__X48__Y15__P002.jpg,0.979971,27.126753,ok
EES0423320__X48__Y18__P003.jpg,0.981858,26.950232,ok
EES0423320__X48__Y1B__P004.jpg,0.974285,26.283224,ok
EES0423320__X48__Y1E__P005.jpg,0.978496,26.571991,ok
EES0423320__X48__Y21__P006.jpg,0.981637,27.138580,ok
EES0423320__X48__Y24__P007.jpg,0.974428,24.653535,ok
EES0423320__X48__Y2A__P008.jpg,0.976435,25.495176,ok
EES0423320__X48__Y2D__P009.jpg,0.982166,27.064913,ok
EES0423320__X48__Y30__P010.jpg,0.983521,27.366214,ok
EES0423320__X48__Y33__P011.jpg,0.979728,27.043071,ok
EES0423320__X48__Y36__P012.jpg,0.980429,27.186983,ok
EES0423320__X48__Y39__P013.jpg,0.982107,27.422873,ok
EES0423320__X48__Y3C__P014.jpg,0.974352,27.203304,ok
EES0423320__X48__Y3F__P015.jpg,0.976065,27.327269,ok
EES0423320__X48__Y42__P016.jpg,0.977594,27.124512,ok
EES0423320__X48__Y45__P017.jpg,0.973819,26.338255,ok
EES0423320__X03__Y33__P018.jpg,0.965195,24.898353,ok
EES0423320__X06__Y33__P019.jpg,0.961381,24.327021,ok
EES0423320__X09__Y36__P020.jpg,0.970717,25.353526,ok
EES0423320__X0C__Y36__P021.jpg,0.920971,23.847937,ok
EES0423320__X39__Y45__P022.jpg,0.961252,24.681357,ok
EES0423320__X45__Y30__P023.jpg,0.973200,26.287285,ok
EES0423320__X48__Y06__P024.jpg,0.971758,28.304689,ok
EES0423320__X48__Y09__P025.jpg,0.965213,28.161744,ok
EES0423321__X48__Y0C__P001.jpg,0.967395,27.896899,ok
EES0423321__X48__Y0F__P002.jpg,0.972500,28.066421,ok
EES0423321__X48__Y12__P003.jpg,0.973436,28.813729,ok
EES0423321__X48__Y15__P004.jpg,0.964006,25.533864,ok
EES0423321__X48__Y1B__P005.jpg,0.970878,27.943542,ok
EES0423321__X48__Y1E__P006.jpg,0.970729,28.651368,ok
EES0423321__X48__Y21__P007.jpg,0.970878,28.585161,ok
EES0423321__X48__Y24__P008.jpg,0.955853,25.293076,ok
EES0423321__X48__Y2A__P009.jpg,0.952062,26.494153,ok
EES0423321__X48__Y2D__P010.jpg,0.964723,27.816346,ok
EES0423321__X48__Y30__P011.jpg,0.959238,27.987200,ok
EES0423321__X48__Y33__P012.jpg,0.956237,28.481754,ok
EES0423321__X48__Y36__P013.jpg,0.964759,28.608933,ok
EES0423321__X48__Y39__P014.jpg,0.967517,28.799962,ok
EES0423321__X1E__Y03__P015.jpg,0.973491,26.127884,ok
EES0423321__X21__Y03__P016.jpg,0.972778,27.685813,ok
EES0423321__X21__Y06__P017.jpg,0.906506,24.919738,ok
EES0423321__X24__Y03__P018.jpg,0.965915,28.088263,ok
EES0423321__X27__Y03__P019.jpg,0.965949,27.718068,ok
EES0423321__X2A__Y03__P020.jpg,0.969822,24.647218,ok
EES0423321__X42__Y21__P021.jpg,0.933481,24.055091,ok
EES0423321__X18__Y06__P022.jpg,0.887114,24.278028,ok
EES0423321__X1E__Y42__P023.jpg,0.931403,24.729882,ok
EES0423321__X21__Y06__P024.jpg,0.865576,24.175913,ok
EES0423321__X21__Y42__P025.jpg,0.903296,26.622462,ok
EES0423322__X24__Y42__P001.jpg,0.968751,25.630553,ok
EES0423322__X39__Y15__P002.jpg,0.950154,25.317075,ok
EES0423322__X39__Y33__P003.jpg,0.920204,23.882015,ok
EES0423322__X1B__Y42__P004.jpg,0.843229,23.201142,ok
EES0423322__X2A__Y30__P005.jpg,0.833291,23.677426,ok
EES0423322__X2A__Y33__P006.jpg,0.902725,26.040048,ok
EES0423322__X2A__Y39__P007.jpg,0.894109,26.089705,ok
EES0423322__X2A__Y45__P008.jpg,0.933237,24.165168,ok
EES0423322__X2D__Y30__P009.jpg,0.858005,26.030865,ok
EES0423322__X2D__Y33__P010.jpg,0.810021,23.804787,ok
EES0423322__X2D__Y39__P011.jpg,0.886264,24.879470,ok
EES0423322__X30__Y2A__P012.jpg,0.871155,23.919497,ok
EES0423322__X36__Y30__P013.jpg,0.878497,24.391192,ok
EES0423322__X36__Y39__P014.jpg,0.937621,24.747906,ok
EES0423322__X39__Y33__P015.jpg,0.900584,23.786143,ok
EES0423322__X48__Y06__P016.jpg,0.972276,26.961558,ok
EES0423322__X48__Y09__P017.jpg,0.973613,26.958778,ok
EES0423322__X48__Y0C__P018.jpg,0.965751,26.705390,ok
EES0423322__X48__Y0F__P019.jpg,0.976662,26.993047,ok
EES0423322__X48__Y12__P020.jpg,0.970986,27.003600,ok
EES0423322__X48__Y15__P021.jpg,0.971906,26.890504,ok
EES0423322__X48__Y18__P022.jpg,0.968391,27.412721,ok
EES0423322__X48__Y1B__P023.jpg,0.975499,27.213652,ok
EES0423322__X48__Y1E__P024.jpg,0.975320,27.348041,ok
EES0423322__X48__Y21__P025.jpg,0.972236,26.862830,ok
EES0423323__X12__Y0F__P001.jpg,0.930523,24.685543,ok
EES0423323__X12__Y27__P002.jpg,0.869925,25.033000,ok
EES0423323__X12__Y2A__P003.jpg,0.824387,24.524597,ok
EES0423323__X15__Y0C__P004.jpg,0.941006,25.022985,ok
EES0423323__X18__Y0F__P005.jpg,0.875448,24.996663,ok
EES0423323__X33__Y1E__P006.jpg,0.756717,22.824559,ok
EES0423323__X03__Y18__P007.jpg,0.959564,25.578642,ok
EES0423323__X03__Y1B__P008.jpg,0.956504,27.837309,ok
EES0423323__X24__Y45__P009.jpg,0.915613,26.858518,ok
EES0423323__X27__Y06__P010.jpg,0.947727,26.729585,ok
EES0423323__X27__Y45__P011.jpg,0.935426,25.356213,ok
EES0423323__X2A__Y06__P012.jpg,0.929559,24.439693,ok
EES0423323__X2A__Y45__P013.jpg,0.936928,27.623464,ok
EES0423323__X2D__Y45__P014.jpg,0.971991,26.960266,ok
EES0423323__X30__Y48__P015.jpg,0.963899,25.013921,ok
EES0423323__X33__Y42__P016.jpg,0.974865,24.432382,ok
EES0423323__X36__Y09__P017.jpg,0.969308,25.024122,ok
EES0423323__X3F__Y1B__P018.jpg,0.945569,24.808753,ok
EES0423323__X42__Y2A__P019.jpg,0.957950,24.161325,ok
EES0423323__X42__Y2D__P020.jpg,0.936428,25.360399,ok
EES0423323__X45__Y18__P021.jpg,0.963768,26.407148,ok
EES0423323__X45__Y1B__P022.jpg,0.972847,27.535413,ok
EES0423323__X45__Y21__P023.jpg,0.972551,24.284367,ok
EES0423323__X45__Y2D__P024.jpg,0.973332,25.669116,ok
EES0423323__X06__Y0C__P025.jpg,0.970310,25.469590,ok
EES0423324__X06__Y18__P001.jpg,0.923362,25.890207,ok
EES0423324__X06__Y1B__P002.jpg,0.964735,28.874453,ok
EES0423324__X06__Y1E__P003.jpg,0.933655,27.164051,ok
EES0423324__X06__Y21__P004.jpg,0.904327,25.985147,ok
EES0423324__X06__Y24__P005.jpg,0.952198,27.875812,ok
EES0423324__X06__Y27__P006.jpg,0.888939,24.962838,ok
EES0423324__X06__Y2A__P007.jpg,0.940303,27.164024,ok
EES0423324__X06__Y2D__P008.jpg,0.882572,25.450506,ok
EES0423324__X06__Y30__P009.jpg,0.919148,26.445934,ok
EES0423324__X06__Y33__P010.jpg,0.883195,26.385567,ok
EES0423324__X06__Y36__P011.jpg,0.954596,25.934505,ok
EES0423324__X09__Y15__P012.jpg,0.897203,23.668079,ok
EES0423324__X09__Y18__P013.jpg,0.904007,23.917575,ok
EES0423324__X09__Y1B__P014.jpg,0.934970,24.678589,ok
EES0423324__X09__Y30__P015.jpg,0.914904,24.076450,ok
EES0423324__X09__Y33__P016.jpg,0.945303,26.417779,ok
EES0423324__X09__Y36__P017.jpg,0.964613,26.608426,ok
EES0423324__X09__Y39__P018.jpg,0.948297,24.365862,ok
EES0423324__X0C__Y0F__P019.jpg,0.970034,25.507751,ok
EES0423324__X0C__Y12__P020.jpg,0.940713,25.352154,ok
EES0423324__X0C__Y39__P021.jpg,0.955847,25.993679,ok
EES0423324__X0F__Y0F__P022.jpg,0.941789,25.002305,ok
EES0423324__X12__Y42__P023.jpg,0.947741,24.085240,ok
EES0423324__X15__Y09__P024.jpg,0.947607,25.237893,ok
EES0423324__X15__Y0C__P025.jpg,0.924404,24.307993,ok
EES0423325__X15__Y42__P001.jpg,0.916162,24.419470,ok
EES0423325__X18__Y09__P002.jpg,0.872763,23.675659,ok
EES0423325__X1B__Y45__P003.jpg,0.947194,26.353429,ok
EES0423325__X1E__Y45__P004.jpg,0.905994,25.634701,ok
EES0423325__X21__Y06__P005.jpg,0.892967,24.032803,ok
EES0423325__X21__Y45__P006.jpg,0.918702,26.423748,ok
EES0423325__X24__Y06__P007.jpg,0.906264,26.111425,ok
EES0423325__X24__Y45__P008.jpg,0.833247,24.064673,ok
EES0423325__X27__Y06__P009.jpg,0.971090,24.986979,ok
EES0423325__X42__Y2D__P010.jpg,0.947291,24.685459,ok
EES0423325__X45__Y2D__P011.jpg,0.942654,24.934813,ok
EES0423325__X48__Y06__P012.jpg,0.976116,27.006542,ok
EES0423325__X48__Y09__P013.jpg,0.976252,26.485595,ok
EES0423325__X48__Y0C__P014.jpg,0.975241,27.126007,ok
EES0423325__X48__Y0F__P015.jpg,0.975913,26.249318,ok
EES0423325__X48__Y12__P016.jpg,0.974364,26.284721,ok
EES0423325__X48__Y15__P017.jpg,0.973986,26.804222,ok
EES0423325__X48__Y18__P018.jpg,0.973978,27.611377,ok
EES0423325__X48__Y1B__P019.jpg,0.977932,28.356862,ok
EES0423325__X48__Y1E__P020.jpg,0.978387,27.175563,ok
EES0423325__X48__Y2A__P021.jpg,0.970141,25.182322,ok
EES0423325__X48__Y30__P022.jpg,0.973603,26.984564,ok
EES0423325__X48__Y33__P023.jpg,0.974197,27.711864,ok
EES0423325__X48__Y36__P024.jpg,0.973291,27.447659,ok
EES0423325__X48__Y39__P025.jpg,0.972613,27.985533,ok
EES0423326__X48__Y3C__P001.jpg,0.974810,27.721677,ok
EES0423326__X48__Y3F__P002.jpg,0.972598,27.725687,ok
EES0423326__X48__Y42__P003.jpg,0.970464,27.724258,ok
EES0423326__X48__Y45__P004.jpg,0.970581,27.149177,ok
EES0423326__X48__Y48__P005.jpg,0.974405,27.923489,ok
EES0423326__X03__Y27__P006.jpg,0.771411,22.640840,ok
EES0423326__X03__Y2D__P007.jpg,0.856097,23.230907,ok
EES0423326__X03__Y30__P008.jpg,0.907330,24.129910,ok
EES0423326__X03__Y39__P009.jpg,0.973007,24.501378,ok
EES0423326__X03__Y3C__P010.jpg,0.971879,25.125554,ok
EES0423326__X06__Y33__P011.jpg,0.824168,23.166129,ok
EES0423326__X06__Y36__P012.jpg,0.939537,25.195518,ok
EES0423326__X0C__Y0C__P013.jpg,0.938860,24.224016,ok
EES0423326__X0F__Y3F__P014.jpg,0.896672,24.399665,ok
EES0423326__X15__Y42__P015.jpg,0.865073,23.740834,ok
EES0423326__X1B__Y42__P016.jpg,0.832199,23.340104,ok
EES0423326__X27__Y45__P017.jpg,0.979066,28.448600,ok
EES0423326__X2A__Y03__P018.jpg,0.952633,24.920583,ok
EES0423326__X2A__Y45__P019.jpg,0.968900,24.583012,ok
EES0423326__X30__Y03__P020.jpg,0.928301,24.488910,ok
EES0423326__X33__Y06__P021.jpg,0.898840,24.654315,ok
EES0423326__X36__Y06__P022.jpg,0.921179,24.251492,ok
EES0423326__X3C__Y15__P023.jpg,0.930722,23.975623,ok
EES0423326__X3F__Y18__P024.jpg,0.919076,24.578080,ok
EES0423326__X42__Y2A__P025.jpg,0.894892,24.863773,ok
EES0423327__X0C__Y06__P001.jpg,0.974571,30.125466,ok
EES0423327__X0C__Y1E__P002.jpg,0.907210,25.571460,ok
EES0423327__X0C__Y21__P003.jpg,0.960891,24.992144,ok
EES0423327__X15__Y12__P004.jpg,0.966161,24.274517,ok
EES0423327__X18__Y0F__P005.jpg,0.926796,24.616377,ok
EES0423327__X18__Y15__P006.jpg,0.866147,23.633763,ok
EES0423327__X1B__Y15__P007.jpg,0.918727,25.156034,ok
EES0423327__X1E__Y15__P008.jpg,0.913012,25.320431,ok
EES0423327__X21__Y09__P009.jpg,0.968112,24.264671,ok
EES0423327__X21__Y15__P010.jpg,0.864366,24.605388,ok
EES0423327__X24__Y09__P011.jpg,0.910832,24.777291,ok
EES0423327__X24__Y18__P012.jpg,0.923485,26.173424,ok
EES0423327__X24__Y1B__P013.jpg,0.910255,25.159109,ok
EES0423327__X36__Y1B__P014.jpg,0.903843,25.579324,ok
EES0423327__X06__Y1E__P015.jpg,0.921122,23.886929,ok
EES0423327__X06__Y21__P016.jpg,0.946838,27.265674,ok
EES0423327__X06__Y24__P017.jpg,0.965285,28.075758,ok
EES0423327__X06__Y27__P018.jpg,0.935769,27.494450,ok
EES0423327__X06__Y2A__P019.jpg,0.968853,25.505031,ok
EES0423327__X09__Y24__P020.jpg,0.864400,24.028347,ok
EES0423327__X09__Y27__P021.jpg,0.915344,26.822286,ok
EES0423327__X09__Y2D__P022.jpg,0.892798,23.708413,ok
EES0423327__X0C__Y30__P023.jpg,0.923485,24.044736,ok
EES0423327__X0C__Y36__P024.jpg,0.952625,24.569249,ok
EES0423327__X0F__Y33__P025.jpg,0.820885,24.504131,ok
EES0423328__X0F__Y36__P001.jpg,0.921180,26.612833,ok
EES0423328__X12__Y39__P002.jpg,0.818761,23.459133,ok
EES0423328__X15__Y3C__P003.jpg,0.914723,26.108748,ok
EES0423328__X15__Y3F__P004.jpg,0.946165,24.657903,ok
EES0423328__X1E__Y06__P005.jpg,0.934079,24.923692,ok
EES0423328__X21__Y06__P006.jpg,0.946600,28.358058,ok
EES0423328__X24__Y06__P007.jpg,0.954692,26.536289,ok
EES0423328__X27__Y06__P008.jpg,0.967780,29.226111,ok
EES0423328__X2A__Y06__P009.jpg,0.965467,25.047321,ok
EES0423328__X2A__Y09__P010.jpg,0.932843,24.965092,ok
EES0423328__X2D__Y09__P011.jpg,0.956497,24.345113,ok
EES0423328__X3F__Y1B__P012.jpg,0.965060,26.176921,ok
EES0423328__X3F__Y1E__P013.jpg,0.972093,26.592247,ok
EES0423328__X3F__Y21__P014.jpg,0.919008,25.317401,ok
EES0423328__X3F__Y24__P015.jpg,0.866460,23.912305,ok
EES0423328__X3F__Y2A__P016.jpg,0.944014,25.688069,ok
EES0423328__X3F__Y2D__P017.jpg,0.974513,26.249858,ok
EES0423328__X3F__Y21__P018.jpg,0.900715,23.735351,ok
EES0423328__X03__Y1B__P019.jpg,0.816959,23.503054,ok
EES0423328__X03__Y30__P020.jpg,0.866258,25.350275,ok
EES0423328__X03__Y33__P021.jpg,0.896116,25.020843,ok
EES0423328__X03__Y36__P022.jpg,0.935278,27.200937,ok
EES0423328__X03__Y39__P023.jpg,0.950346,24.337685,ok
EES0423328__X06__Y39__P024.jpg,0.920672,24.647351,ok
EES0423328__X0C__Y3F__P025.jpg,0.884067,24.110618,ok
EES0423329__X0C__Y42__P001.jpg,0.968097,24.675065,ok
EES0423329__X0F__Y42__P002.jpg,0.947248,24.794455,ok
EES0423329__X15__Y06__P003.jpg,0.861208,23.606508,ok
EES0423329__X18__Y06__P004.jpg,0.904313,25.254831,ok
EES0423329__X18__Y45__P005.jpg,0.888760,25.277849,ok
EES0423329__X1B__Y45__P006.jpg,0.922074,25.128568,ok
EES0423329__X2A__Y42__P007.jpg,0.972419,26.621128,ok
EES0423329__X2D__Y42__P008.jpg,0.975420,24.404757,ok
EES0423329__X3F__Y21__P009.jpg,0.928573,24.461633,ok
EES0423329__X06__Y1E__P010.jpg,0.899136,25.458972,ok
EES0423329__X06__Y24__P011.jpg,0.841400,23.189150,ok
EES0423329__X0C__Y12__P012.jpg,0.970791,24.762051,ok
EES0423329__X0C__Y15__P013.jpg,0.964676,25.949515,ok
EES0423329__X1B__Y45__P014.jpg,0.962577,27.607730,ok
EES0423329__X1E__Y45__P015.jpg,0.911231,25.870540,ok
EES0423329__X21__Y09__P016.jpg,0.935346,24.571446,ok
EES0423329__X21__Y45__P017.jpg,0.898350,24.970734,ok
EES0423329__X24__Y09__P018.jpg,0.849264,24.525159,ok
EES0423329__X24__Y45__P019.jpg,0.945488,25.066474,ok
EES0423329__X27__Y09__P020.jpg,0.966786,27.385603,ok
EES0423329__X2D__Y0C__P021.jpg,0.910216,24.215215,ok
EES0423329__X30__Y0C__P022.jpg,0.929624,26.072434,ok
EES0423329__X30__Y0F__P023.jpg,0.739608,22.777167,ok
EES0423329__X33__Y0F__P024.jpg,0.956889,24.547664,ok
EES0423329__X3F__Y30__P025.jpg,0.962927,24.310084,ok
EES0423330__X45__Y30__P001.jpg,0.978341,25.092749,ok
EES0423330__X09__Y33__P002.jpg,0.942750,24.271669,ok
EES0423330__X0C__Y30__P003.jpg,0.923134,25.265058,ok
EES0423330__X0F__Y30__P004.jpg,0.903543,24.423638,ok
EES0423330__X1B__Y30__P005.jpg,0.835773,23.507745,ok
EES0423330__X1B__Y3C__P006.jpg,0.859881,23.688723,ok
EES0423330__X1E__Y30__P007.jpg,0.859583,24.996149,ok
EES0423330__X1E__Y3C__P008.jpg,0.875979,23.759043,ok
EES0423330__X21__Y30__P009.jpg,0.864213,23.912250,ok
EES0423330__X24__Y06__P010.jpg,0.962270,26.263458,ok
EES0423330__X24__Y09__P011.jpg,0.874795,23.806176,ok
EES0423330__X27__Y06__P012.jpg,0.931973,24.165610,ok
EES0423330__X27__Y09__P013.jpg,0.904980,24.799901,ok
EES0423330__X27__Y30__P014.jpg,0.846228,23.452783,ok
EES0423330__X03__Y24__P015.jpg,0.957369,24.801872,ok
EES0423330__X03__Y27__P016.jpg,0.952784,26.837711,ok
EES0423330__X03__Y2A__P017.jpg,0.964022,28.024235,ok
EES0423330__X06__Y15__P018.jpg,0.968175,24.367762,ok
EES0423330__X06__Y18__P019.jpg,0.976434,27.778367,ok
EES0423330__X18__Y09__P020.jpg,0.929789,25.177024,ok
EES0423330__X2A__Y45__P021.jpg,0.966451,25.514151,ok
EES0423330__X2D__Y09__P022.jpg,0.964697,26.736638,ok
EES0423330__X2D__Y45__P023.jpg,0.954141,26.296838,ok
EES0423330__X42__Y2D__P024.jpg,0.977194,25.308669,ok
EES0423330__X42__Y30__P025.jpg,0.969692,26.463814,ok
EES0423331__X03__Y1B__P001.jpg,0.931324,25.019519,ok
EES0423331__X03__Y30__P002.jpg,0.942194,26.661105,ok
EES0423331__X18__Y42__P003.jpg,0.937592,24.508984,ok
EES0423331__X1B__Y45__P004.jpg,0.962509,25.647788,ok
EES0423331__X3C__Y21__P005.jpg,0.911848,23.776807,ok
EES0423331__X06__Y1B__P006.jpg,0.901080,24.155329,ok
EES0423331__X06__Y30__P007.jpg,0.920843,26.183419,ok
EES0423331__X06__Y33__P008.jpg,0.937483,25.837993,ok
EES0423331__X09__Y36__P009.jpg,0.941403,24.188316,ok
EES0423331__X15__Y45__P010.jpg,0.932263,25.218076,ok
EES0423331__X18__Y06__P011.jpg,0.973424,27.474196,ok
EES0423331__X18__Y45__P012.jpg,0.946477,24.603080,ok
EES0423331__X1B__Y06__P013.jpg,0.975117,29.005352,ok
EES0423331__X1E__Y06__P014.jpg,0.914537,24.228903,ok
EES0423331__X21__Y06__P015.jpg,0.915195,24.654758,ok
EES0423331__X24__Y06__P016.jpg,0.898520,23.957359,ok
EES0423331__X27__Y06__P017.jpg,0.941477,26.215149,ok
EES0423331__X27__Y45__P018.jpg,0.940027,24.341695,ok
EES0423331__X39__Y1B__P019.jpg,0.904168,23.720623,ok
EES0423331__X0C__Y21__P020.jpg,0.929027,24.809377,ok
EES0423331__X0C__Y2D__P021.jpg,0.946993,24.853501,ok
EES0423331__X0F__Y1E__P022.jpg,0.884426,25.724983,ok
EES0423331__X0F__Y21__P023.jpg,0.933742,27.111381,ok
EES0423331__X0F__Y24__P024.jpg,0.836110,23.190140,ok
EES0423331__X12__Y1B__P025.jpg,0.788942,22.961981,ok
EES0423332__X21__Y45__P001.jpg,0.904373,24.540509,ok
EES0423332__X27__Y45__P002.jpg,0.932850,24.414159,ok
EES0423332__X2A__Y45__P003.jpg,0.914328,26.321676,ok
EES0423332__X2D__Y45__P004.jpg,0.970458,28.104704,ok
EES0423332__X30__Y42__P005.jpg,0.903189,25.514123,ok
EES0423332__X30__Y45__P006.jpg,0.975010,25.049992,ok
EES0423332__X42__Y33__P007.jpg,0.970703,26.732622,ok
EES0423332__X45__Y27__P008.jpg,0.963693,25.391301,ok
EES0423332__X45__Y33__P009.jpg,0.967763,27.500141,ok
EES0423332__X03__Y15__P010.jpg,0.904848,24.493941,ok
EES0423332__X03__Y18__P011.jpg,0.941443,27.987651,ok
EES0423332__X03__Y1B__P012.jpg,0.935393,27.415651,ok
EES0423332__X03__Y1E__P013.jpg,0.962179,28.042597,ok
EES0423332__X03__Y21__P014.jpg,0.952357,27.162583,ok
EES0423332__X03__Y24__P015.jpg,0.952379,26.289229,ok
EES0423332__X03__Y27__P016.jpg,0.932189,26.689819,ok
EES0423332__X03__Y2A__P017.jpg,0.923527,27.055229,ok
EES0423332__X03__Y2D__P018.jpg,0.887396,26.045839,ok
EES0423332__X03__Y30__P019.jpg,0.935584,28.203211,ok
EES0423332__X06__Y21__P020.jpg,0.842082,23.329994,ok
EES0423332__X06__Y30__P021.jpg,0.877238,25.012917,ok
EES0423332__X09__Y33__P022.jpg,0.838330,23.311945,ok
EES0423332__X0C__Y3C__P023.jpg,0.958325,24.548541,ok
EES0423332__X0F__Y3C__P024.jpg,0.944108,25.050979,ok
EES0423332__X0F__Y3F__P025.jpg,0.971916,24.310892,ok
EES0423333__X12__Y3F__P001.jpg,0.879954,23.738570,ok
EES0423333__X18__Y42__P002.jpg,0.952067,24.965203,ok
EES0423333__X30__Y42__P003.jpg,0.957968,26.572486,ok
EES0423333__X30__Y45__P004.jpg,0.970911,25.545716,ok
EES0423333__X42__Y18__P005.jpg,0.975974,24.742093,ok
EES0423333__X06__Y21__P006.jpg,0.946296,24.251775,ok
EES0423333__X06__Y24__P007.jpg,0.917328,25.513172,ok
EES0423333__X06__Y27__P008.jpg,0.927121,23.986209,ok
EES0423333__X06__Y30__P009.jpg,0.969578,27.455935,ok
EES0423333__X0C__Y1B__P010.jpg,0.846898,24.537282,ok
EES0423333__X15__Y3F__P011.jpg,0.949907,25.499304,ok
EES0423333__X1B__Y0C__P012.jpg,0.879228,24.650090,ok
EES0423333__X1B__Y3F__P013.jpg,0.819476,23.309453,ok
EES0423333__X21__Y09__P014.jpg,0.834027,23.081771,ok
EES0423333__X24__Y06__P015.jpg,0.940080,23.976481,ok
EES0423333__X2A__Y3F__P016.jpg,0.929090,25.345372,ok
EES0423333__X2D__Y3F__P017.jpg,0.956726,25.624085,ok
EES0423333__X3F__Y1B__P018.jpg,0.972109,26.454634,ok
EES0423333__X3F__Y1E__P019.jpg,0.903411,25.272455,ok
EES0423333__X3F__Y21__P020.jpg,0.855112,23.972081,ok
EES0423333__X3F__Y24__P021.jpg,0.769460,22.944113,ok
EES0423333__X3F__Y27__P022.jpg,0.926314,25.196063,ok
EES0423333__X3F__Y2A__P023.jpg,0.973211,25.216107,ok
EES0423333__X06__Y1B__P024.jpg,0.963386,26.781493,ok
EES0423333__X06__Y1E__P025.jpg,0.965111,28.721554,ok
EES0423334__X06__Y21__P001.jpg,0.926288,27.419974,ok
EES0423334__X06__Y24__P002.jpg,0.874590,24.903611,ok
EES0423334__X06__Y27__P003.jpg,0.876198,23.571955,ok
EES0423334__X06__Y2D__P004.jpg,0.888477,23.675543,ok
EES0423334__X06__Y30__P005.jpg,0.947047,25.942111,ok
EES0423334__X06__Y36__P006.jpg,0.967839,25.119461,ok
EES0423334__X09__Y24__P007.jpg,0.838671,23.266393,ok
EES0423334__X09__Y27__P008.jpg,0.913808,25.604013,ok
EES0423334__X09__Y2D__P009.jpg,0.932908,25.583349,ok
EES0423334__X09__Y30__P010.jpg,0.823234,24.445942,ok
EES0423334__X0C__Y30__P011.jpg,0.890977,24.703214,ok
EES0423334__X0C__Y33__P012.jpg,0.902202,23.789261,ok
EES0423334__X24__Y09__P013.jpg,0.969909,26.493844,ok
EES0423334__X27__Y45__P014.jpg,0.945488,28.612290,ok
EES0423334__X2A__Y45__P015.jpg,0.949636,28.464774,ok
EES0423334__X2D__Y42__P016.jpg,0.932611,24.308273,ok
EES0423334__X2D__Y45__P017.jpg,0.964820,25.229544,ok
EES0423334__X30__Y0C__P018.jpg,0.973609,24.673120,ok
EES0423334__X33__Y0C__P019.jpg,0.932897,24.675468,ok
EES0423334__X3F__Y33__P020.jpg,0.978083,26.647960,ok
EES0423334__X45__Y24__P021.jpg,0.962157,25.405851,ok
EES0423334__X45__Y27__P022.jpg,0.936026,25.228542,ok
EES0423334__X0F__Y2A__P023.jpg,0.921971,24.566439,ok
EES0423334__X0F__Y2D__P024.jpg,0.850674,23.941737,ok
EES0423334__X12__Y2A__P025.jpg,0.894517,24.304934,ok
EES0423335__X09__Y27__P001.jpg,0.924940,26.638299,ok
EES0423335__X09__Y2A__P002.jpg,0.962788,27.770525,ok
EES0423335__X09__Y2D__P003.jpg,0.934902,26.027372,ok
EES0423335__X09__Y36__P004.jpg,0.963678,24.935172,ok
EES0423335__X0C__Y21__P005.jpg,0.848114,23.686083,ok
EES0423335__X0C__Y24__P006.jpg,0.810484,23.115723,ok
EES0423335__X0C__Y27__P007.jpg,0.847691,25.477860,ok
EES0423335__X0C__Y30__P008.jpg,0.901290,25.760347,ok
EES0423335__X0C__Y33__P009.jpg,0.932073,28.041057,ok
EES0423335__X0C__Y36__P010.jpg,0.949175,28.168617,ok
EES0423335__X0C__Y39__P011.jpg,0.938634,25.061815,ok
EES0423335__X0F__Y1B__P012.jpg,0.947779,24.183850,ok
EES0423335__X0F__Y24__P013.jpg,0.888872,23.522352,ok
EES0423335__X0F__Y30__P014.jpg,0.898092,24.815496,ok
EES0423335__X0F__Y33__P015.jpg,0.819848,23.645355,ok
EES0423335__X0F__Y36__P016.jpg,0.903058,27.507003,ok
EES0423335__X0F__Y39__P017.jpg,0.868327,28.019942,ok
EES0423335__X0F__Y3C__P018.jpg,0.883023,23.714211,ok
EES0423335__X12__Y36__P019.jpg,0.878890,23.745371,ok
EES0423335__X12__Y39__P020.jpg,0.921929,24.396831,ok
EES0423335__X18__Y45__P021.jpg,0.952069,25.863404,ok
EES0423335__X1B__Y45__P022.jpg,0.887912,25.961016,ok
EES0423335__X1E__Y45__P023.jpg,0.887639,24.817002,ok
EES0423335__X33__Y45__P024.jpg,0.961638,26.929178,ok
EES0423335__X36__Y45__P025.jpg,0.966524,26.599474,ok
EES0423336__X21__Y0F__P001.jpg,0.850211,24.078229,ok
EES0423336__X21__Y12__P002.jpg,0.883385,26.610725,ok
EES0423336__X21__Y15__P003.jpg,0.821426,24.862032,ok
EES0423336__X24__Y0C__P004.jpg,0.969382,28.301963,ok
EES0423336__X24__Y0F__P005.jpg,0.866045,24.120444,ok
EES0423336__X24__Y12__P006.jpg,0.725404,22.370981,ok
EES0423336__X27__Y0C__P007.jpg,0.963278,25.220397,ok
EES0423336__X30__Y0F__P008.jpg,0.965510,25.159208,ok
EES0423336__X3F__Y45__P009.jpg,0.974389,24.751231,ok
EES0423336__X42__Y30__P010.jpg,0.955719,25.029438,ok
EES0423336__X06__Y15__P011.jpg,0.973881,25.583296,ok
EES0423336__X06__Y18__P012.jpg,0.931054,27.501076,ok
EES0423336__X06__Y1B__P013.jpg,0.864044,24.941834,ok
EES0423336__X06__Y1E__P014.jpg,0.921571,26.219420,ok
EES0423336__X06__Y21__P015.jpg,0.856346,25.015148,ok
EES0423336__X06__Y24__P016.jpg,0.936700,27.035431,ok
EES0423336__X06__Y27__P017.jpg,0.916542,25.765055,ok
EES0423336__X06__Y2A__P018.jpg,0.909645,24.930157,ok
EES0423336__X06__Y2D__P019.jpg,0.924262,26.379482,ok
EES0423336__X06__Y30__P020.jpg,0.957845,28.027813,ok
EES0423336__X06__Y33__P021.jpg,0.969509,26.318677,ok
EES0423336__X09__Y39__P022.jpg,0.947835,25.561466,ok
EES0423336__X09__Y3C__P023.jpg,0.979408,27.692838,ok
EES0423336__X09__Y3F__P024.jpg,0.979581,25.969571,ok
EES0423336__X0C__Y12__P025.jpg,0.949721,24.377269,ok
EES0423337__X33__Y06__P001.jpg,0.975584,26.815170,ok
EES0423337__X42__Y24__P002.jpg,0.951547,24.692759,ok
EES0423337__X42__Y27__P003.jpg,0.970799,25.403101,ok
EES0423337__X06__Y15__P004.jpg,0.977609,24.370727,ok
EES0423337__X0F__Y30__P005.jpg,0.862479,23.312011,ok
EES0423337__X18__Y06__P006.jpg,0.927020,25.092160,ok
EES0423337__X18__Y3C__P007.jpg,0.920281,24.855984,ok
EES0423337__X1B__Y06__P008.jpg,0.926975,24.577937,ok
EES0423337__X1B__Y3C__P009.jpg,0.845022,24.080910,ok
EES0423337__X1B__Y3F__P010.jpg,0.931313,26.095255,ok
EES0423337__X1B__Y42__P011.jpg,0.964738,26.681859,ok
EES0423337__X1E__Y3C__P012.jpg,0.798320,23.277118,ok
EES0423337__X1E__Y42__P013.jpg,0.949452,25.827358,ok
EES0423337__X21__Y3C__P014.jpg,0.777126,24.419747,ok
EES0423337__X21__Y3F__P015.jpg,0.871689,23.526336,ok
EES0423337__X24__Y3F__P016.jpg,0.913468,25.151062,ok
EES0423337__X03__Y1E__P017.jpg,0.965547,24.926525,ok
EES0423337__X03__Y21__P018.jpg,0.949001,24.752739,ok
EES0423337__X09__Y0F__P019.jpg,0.960048,24.380741,ok
EES0423337__X0C__Y09__P020.jpg,0.958162,25.040301,ok
EES0423337__X0C__Y0C__P021.jpg,0.948744,24.890599,ok
EES0423337__X0F__Y09__P022.jpg,0.927245,25.127720,ok
EES0423337__X12__Y09__P023.jpg,0.935529,25.311853,ok
EES0423337__X15__Y06__P024.jpg,0.979644,27.154391,ok
EES0423337__X15__Y09__P025.jpg,0.888918,24.340844,ok
EES0423338__X03__Y2A__P001.jpg,0.882344,24.540152,ok
EES0423338__X06__Y36__P002.jpg,0.932400,25.428864,ok
EES0423338__X09__Y39__P003.jpg,0.879015,25.090393,ok
EES0423338__X09__Y3C__P004.jpg,0.967340,24.685880,ok
EES0423338__X12__Y0C__P005.jpg,0.942744,24.722978,ok
EES0423338__X21__Y45__P006.jpg,0.839335,23.518726,ok
EES0423338__X3F__Y21__P007.jpg,0.920144,24.883683,ok
EES0423338__X06__Y12__P008.jpg,0.971366,26.745114,ok
EES0423338__X15__Y3C__P009.jpg,0.966723,25.533648,ok
EES0423338__X18__Y39__P010.jpg,0.849504,23.295259,ok
EES0423338__X18__Y3C__P011.jpg,0.964163,27.654642,ok
EES0423338__X1B__Y39__P012.jpg,0.853936,23.230014,ok
EES0423338__X1B__Y3C__P013.jpg,0.903789,24.780414,ok
EES0423338__X12__Y09__P014.jpg,0.966435,24.281312,ok
EES0423338__X18__Y3C__P015.jpg,0.946385,24.043989,ok
EES0423338__X18__Y3F__P016.jpg,0.981437,29.643480,ok
EES0423338__X1B__Y3F__P017.jpg,0.945330,24.461456,ok
EES0423338__X27__Y3F__P018.jpg,0.971192,24.510306,ok
EES0423338__X2A__Y3F__P019.jpg,0.952282,24.602374,ok
EES0423338__X06__Y36__P020.jpg,0.965669,25.817787,ok
EES0423338__X0C__Y0F__P021.jpg,0.968750,25.280027,ok
EES0423338__X0F__Y0C__P022.jpg,0.939737,24.211965,ok
EES0423338__X18__Y06__P023.jpg,0.965865,25.545420,ok
EES0423338__X18__Y09__P024.jpg,0.952179,26.808281,ok
EES0423338__X1B__Y06__P025.jpg,0.960829,24.671053,ok
EES0423339__X1E__Y06__P001.jpg,0.941647,25.074767,ok
EES0423339__X21__Y45__P002.jpg,0.964842,26.939533,ok
EES0423339__X24__Y45__P003.jpg,0.955923,25.132018,ok
EES0423339__X27__Y45__P004.jpg,0.950213,24.696166,ok
EES0423339__X42__Y1E__P005.jpg,0.944688,24.973718,ok
EES0423339__X06__Y1B__P006.jpg,0.947855,27.988930,ok
EES0423339__X06__Y1E__P007.jpg,0.915379,25.684242,ok
EES0423339__X06__Y21__P008.jpg,0.961696,28.101277,ok
EES0423339__X06__Y33__P009.jpg,0.850005,23.389858,ok
EES0423339__X06__Y36__P010.jpg,0.883663,25.706839,ok
EES0423339__X06__Y39__P011.jpg,0.965494,25.227588,ok
EES0423339__X09__Y15__P012.jpg,0.938484,24.601723,ok
EES0423339__X09__Y18__P013.jpg,0.949239,25.555278,ok
EES0423339__X15__Y36__P014.jpg,0.926866,25.916127,ok
EES0423339__X15__Y42__P015.jpg,0.931160,24.263420,ok
EES0423339__X18__Y33__P016.jpg,0.890854,23.779046,ok
EES0423339__X18__Y36__P017.jpg,0.881807,25.222470,ok
EES0423339__X18__Y3C__P018.jpg,0.876544,23.515259,ok
EES0423339__X18__Y42__P019.jpg,0.925376,24.542783,ok
EES0423339__X1B__Y09__P020.jpg,0.866063,24.005618,ok
EES0423339__X1B__Y42__P021.jpg,0.940616,27.974808,ok
EES0423339__X1B__Y45__P022.jpg,0.978496,27.529670,ok
EES0423339__X1E__Y45__P023.jpg,0.926037,24.384367,ok
EES0423339__X2D__Y09__P024.jpg,0.967429,24.529912,ok
EES0423339__X2D__Y42__P025.jpg,0.965795,26.782958,ok
EES0423340__X30__Y42__P001.jpg,0.961033,24.793010,ok
EES0423340__X39__Y36__P002.jpg,0.909027,24.309971,ok
EES0423340__X3C__Y36__P003.jpg,0.940496,23.966103,ok
EES0423340__X3F__Y1B__P004.jpg,0.974313,25.672881,ok
EES0423340__X3F__Y1E__P005.jpg,0.942924,26.563172,ok
EES0423340__X3F__Y21__P006.jpg,0.901362,25.986809,ok
EES0423340__X3F__Y2A__P007.jpg,0.912253,25.317593,ok
EES0423340__X12__Y21__P008.jpg,0.887383,24.309141,ok
EES0423340__X21__Y09__P009.jpg,0.946000,24.764716,ok
EES0423340__X30__Y18__P010.jpg,0.918812,24.163087,ok
EES0423340__X33__Y1B__P011.jpg,0.878040,25.228858,ok
EES0423340__X36__Y1B__P012.jpg,0.829384,23.414668,ok
EES0423340__X39__Y30__P013.jpg,0.868120,23.991914,ok
EES0423340__X3C__Y30__P014.jpg,0.933812,24.402216,ok
EES0423340__X3F__Y2A__P015.jpg,0.977428,25.303697,ok
EES0423340__X3F__Y2D__P016.jpg,0.966442,25.032832,ok
EES0423340__X06__Y1B__P017.jpg,0.758379,23.804117,ok
EES0423340__X06__Y1E__P018.jpg,0.834299,24.727343,ok
EES0423340__X0C__Y3F__P019.jpg,0.810855,22.892395,ok
EES0423340__X12__Y0C__P020.jpg,0.879860,24.898983,ok
EES0423340__X15__Y09__P021.jpg,0.937650,31.077287,ok
EES0423340__X15__Y45__P022.jpg,0.917657,29.013147,ok
EES0423340__X18__Y09__P023.jpg,0.912948,32.414243,ok
EES0423340__X18__Y45__P024.jpg,0.802290,25.032669,ok
EES0423340__X1B__Y09__P025.jpg,0.909537,28.989213,ok
EES0423341__X1E__Y09__P001.jpg,0.899540,29.163758,ok
EES0423341__X21__Y09__P002.jpg,0.835630,26.060176,ok
EES0423341__X24__Y09__P003.jpg,0.829696,24.842671,ok
EES0423341__X27__Y09__P004.jpg,0.846934,24.799598,ok
EES0423341__X2A__Y09__P005.jpg,0.932691,33.223322,ok
EES0423341__X2A__Y45__P006.jpg,0.799143,25.371730,ok
EES0423341__X2D__Y09__P007.jpg,0.904747,28.701121,ok
EES0423341__X2D__Y0C__P008.jpg,0.874424,26.246361,ok
EES0423341__X2D__Y45__P009.jpg,0.869149,26.640329,ok
EES0423341__X30__Y0C__P010.jpg,0.874357,26.519986,ok
EES0423341__X30__Y42__P011.jpg,0.857075,24.231254,ok
EES0423341__X30__Y45__P012.jpg,0.899722,28.425473,ok
EES0423341__X33__Y0C__P013.jpg,0.826818,23.914870,ok
EES0423341__X33__Y0F__P014.jpg,0.811278,25.062197,ok
EES0423341__X33__Y24__P015.jpg,0.832269,23.032453,ok
EES0423341__X33__Y42__P016.jpg,0.906643,27.719842,ok
EES0423341__X36__Y0C__P017.jpg,0.947097,30.174006,ok
EES0423341__X36__Y0F__P018.jpg,0.886584,27.556987,ok
EES0423341__X36__Y12__P019.jpg,0.840581,23.683405,ok
EES0423341__X36__Y3F__P020.jpg,0.844720,23.739347,ok
EES0423341__X39__Y0F__P021.jpg,0.941998,28.531661,ok
EES0423341__X39__Y12__P022.jpg,0.875227,25.229873,ok
EES0423341__X3C__Y15__P023.jpg,0.867875,24.663362,ok
EES0423341__X3F__Y15__P024.jpg,0.938232,28.891868,ok
EES0423341__X3F__Y18__P025.jpg,0.922601,29.376794,ok
EES0423342__X45__Y2A__P001.jpg,0.899109,28.227922,ok
EES0423342__X45__Y2D__P002.jpg,0.907198,35.355357,ok
EES0423342__X45__Y30__P003.jpg,0.943313,35.887991,ok
EES0423342__X03__Y12__P004.jpg,0.935244,31.380136,ok
EES0423342__X03__Y15__P005.jpg,0.935844,29.202728,ok
EES0423342__X06__Y15__P006.jpg,0.920110,29.650151,ok
EES0423342__X06__Y18__P007.jpg,0.899168,24.275183,ok
EES0423342__X0C__Y0F__P008.jpg,0.813622,22.901028,ok
EES0423342__X0F__Y0C__P009.jpg,0.789176,22.947218,ok
EES0423342__X0F__Y0F__P010.jpg,0.850647,23.531754,ok
EES0423342__X12__Y0C__P011.jpg,0.864616,24.401436,ok
EES0423342__X15__Y45__P012.jpg,0.865619,25.647755,ok
EES0423342__X18__Y09__P013.jpg,0.886726,28.788241,ok
EES0423342__X1B__Y09__P014.jpg,0.925691,30.048076,ok
EES0423342__X1E__Y09__P015.jpg,0.850220,27.925052,ok
EES0423342__X24__Y09__P016.jpg,0.844281,23.530620,ok
EES0423342__X27__Y09__P017.jpg,0.886559,26.812369,ok
EES0423342__X2D__Y45__P018.jpg,0.874181,26.897441,ok
EES0423342__X30__Y0C__P019.jpg,0.914165,25.507062,ok
EES0423342__X30__Y45__P020.jpg,0.886656,27.951035,ok
EES0423342__X36__Y42__P021.jpg,0.928029,26.878087,ok
EES0423342__X3F__Y18__P022.jpg,0.944750,31.404542,ok
EES0423342__X42__Y1E__P023.jpg,0.940847,33.534025,ok
EES0423342__X42__Y33__P024.jpg,0.944513,33.257968,ok
EES0423342__X45__Y39__P025.jpg,0.925177,28.914119,ok
EES0423343__X24__Y2A__P001.jpg,0.824855,23.131413,ok
EES0423343__X24__Y3C__P002.jpg,0.833880,23.353513,ok
EES0423343__X24__Y3F__P003.jpg,0.862524,27.256673,ok
EES0423343__X24__Y42__P004.jpg,0.869349,28.386871,ok
EES0423343__X24__Y45__P005.jpg,0.919237,30.954521,ok
EES0423343__X27__Y45__P006.jpg,0.944976,37.724398,ok
EES0423343__X2A__Y0F__P007.jpg,0.930456,28.317223,ok
EES0423343__X2A__Y1B__P008.jpg,0.898698,24.735697,ok
EES0423343__X2A__Y33__P009.jpg,0.875473,25.303566,ok
EES0423343__X2A__Y39__P010.jpg,0.895114,25.652447,ok
EES0423343__X2A__Y3F__P011.jpg,0.899592,25.557571,ok
EES0423343__X2A__Y45__P012.jpg,0.906966,27.972926,ok
EES0423343__X2D__Y3C__P013.jpg,0.908140,27.734983,ok
EES0423343__X30__Y12__P014.jpg,0.911479,25.396954,ok
EES0423343__X30__Y39__P015.jpg,0.855797,25.530040,ok
EES0423343__X30__Y3C__P016.jpg,0.918450,32.514786,ok
EES0423343__X33__Y3C__P017.jpg,0.897449,25.464575,ok
EES0423343__X36__Y15__P018.jpg,0.922595,27.588290,ok
EES0423343__X36__Y18__P019.jpg,0.877033,26.240258,ok
EES0423343__X36__Y3C__P020.jpg,0.869322,27.856955,ok
EES0423343__X36__Y3F__P021.jpg,0.908565,27.020898,ok
EES0423343__X39__Y39__P022.jpg,0.871475,24.368420,ok
EES0423343__X39__Y3C__P023.jpg,0.790763,24.499628,ok
EES0423343__X3C__Y2D__P024.jpg,0.932045,28.484014,ok
EES0423343__X3C__Y33__P025.jpg,0.885636,25.279352,ok
EES0423344__X3C__Y39__P001.jpg,0.857479,26.873895,ok
EES0423344__X3F__Y2A__P002.jpg,0.855213,25.393058,ok
EES0423344__X42__Y2A__P003.jpg,0.847421,24.079475,ok
EES0423344__X03__Y1E__P004.jpg,0.903651,25.442047,ok
EES0423344__X03__Y2D__P005.jpg,0.944284,33.438081,ok
EES0423344__X06__Y18__P006.jpg,0.891529,30.663021,ok
EES0423344__X06__Y1B__P007.jpg,0.842388,25.897409,ok
EES0423344__X06__Y1E__P008.jpg,0.767906,22.645891,ok
EES0423344__X06__Y2A__P009.jpg,0.861816,24.476999,ok
EES0423344__X06__Y2D__P010.jpg,0.904391,30.638621,ok
EES0423344__X09__Y12__P011.jpg,0.927234,26.767007,ok
EES0423344__X09__Y33__P012.jpg,0.861613,25.910238,ok
EES0423344__X09__Y36__P013.jpg,0.918426,28.691549,ok
EES0423344__X0C__Y0F__P014.jpg,0.907664,25.279652,ok
EES0423344__X0C__Y39__P015.jpg,0.877178,25.892337,ok
EES0423344__X0F__Y0C__P016.jpg,0.851380,23.952728,ok
EES0423344__X0F__Y39__P017.jpg,0.826357,24.391224,ok
EES0423344__X0F__Y3C__P018.jpg,0.915108,29.689507,ok
EES0423344__X12__Y3F__P019.jpg,0.928988,30.236614,ok
EES0423344__X15__Y3F__P020.jpg,0.865073,25.076743,ok
EES0423344__X18__Y06__P021.jpg,0.935668,33.572355,ok
EES0423344__X18__Y42__P022.jpg,0.938634,32.794847,ok
EES0423344__X1B__Y06__P023.jpg,0.943559,35.794128,ok
EES0423344__X1B__Y42__P024.jpg,0.853076,24.546848,ok
EES0423344__X1E__Y06__P025.jpg,0.901594,29.407473,ok
EES0423345__X1E__Y45__P001.jpg,0.829314,26.413707,ok
EES0423345__X21__Y06__P002.jpg,0.888998,25.606745,ok
EES0423345__X21__Y42__P003.jpg,0.846330,24.773186,ok
EES0423345__X21__Y45__P004.jpg,0.879416,29.786278,ok
EES0423345__X24__Y06__P005.jpg,0.889115,27.579227,ok
EES0423345__X24__Y45__P006.jpg,0.911120,32.596740,ok
EES0423345__X27__Y06__P007.jpg,0.897419,30.269731,ok
EES0423345__X27__Y45__P008.jpg,0.804198,24.574756,ok
EES0423345__X2A__Y06__P009.jpg,0.886846,26.937938,ok
EES0423345__X2A__Y45__P010.jpg,0.931961,31.590716,ok
EES0423345__X2D__Y06__P011.jpg,0.945720,34.461422,ok
EES0423345__X2D__Y42__P012.jpg,0.823385,26.729087,ok
EES0423345__X2D__Y45__P013.jpg,0.949791,35.302020,ok
EES0423345__X30__Y06__P014.jpg,0.921763,34.042236,ok
EES0423345__X30__Y09__P015.jpg,0.859101,26.718227,ok
EES0423345__X30__Y42__P016.jpg,0.811605,23.764333,ok
EES0423345__X33__Y09__P017.jpg,0.864521,24.956372,ok
EES0423345__X33__Y42__P018.jpg,0.952784,31.382731,ok
EES0423345__X36__Y09__P019.jpg,0.919297,30.137463,ok
EES0423345__X36__Y0C__P020.jpg,0.865315,25.451691,ok
EES0423345__X39__Y09__P021.jpg,0.891117,25.663996,ok
EES0423345__X39__Y0C__P022.jpg,0.938128,30.113420,ok
EES0423345__X39__Y0F__P023.jpg,0.821837,23.222726,ok
EES0423345__X3C__Y0F__P024.jpg,0.874232,26.172244,ok
EES0423345__X3C__Y3C__P025.jpg,0.934048,27.925235,ok
EES0423346__X3F__Y12__P001.jpg,0.933401,27.180234,ok
EES0423346__X3F__Y15__P002.jpg,0.831168,25.345360,ok
EES0423346__X3F__Y36__P003.jpg,0.798598,22.993346,ok
EES0423346__X42__Y12__P004.jpg,0.850589,25.731061,ok
EES0423346__X42__Y15__P005.jpg,0.889766,29.623277,ok
EES0423346__X42__Y18__P006.jpg,0.947805,37.441407,ok
EES0423346__X42__Y1B__P007.jpg,0.858896,27.513625,ok
EES0423346__X42__Y1E__P008.jpg,0.833677,23.357911,ok
EES0423346__X42__Y2D__P009.jpg,0.793296,23.303272,ok
EES0423346__X42__Y30__P010.jpg,0.815177,25.506513,ok
EES0423346__X42__Y33__P011.jpg,0.894645,28.651796,ok
EES0423346__X45__Y15__P012.jpg,0.897579,28.169051,ok
EES0423346__X45__Y18__P013.jpg,0.932317,33.595086,ok
EES0423346__X45__Y1E__P014.jpg,0.948587,37.422189,ok
EES0423346__X45__Y21__P015.jpg,0.944025,38.618364,ok
EES0423346__X45__Y24__P016.jpg,0.943054,34.350126,ok
EES0423346__X45__Y27__P017.jpg,0.945356,39.067523,ok
EES0423346__X45__Y2A__P018.jpg,0.953658,39.355702,ok
EES0423346__X45__Y2D__P019.jpg,0.880585,26.879960,ok
EES0423346__X45__Y30__P020.jpg,0.909843,30.820647,ok
EES0423346__X45__Y33__P021.jpg,0.931824,32.662742,ok
EES0423346__X03__Y1B__P022.jpg,0.910027,29.262249,ok
EES0423346__X03__Y1E__P023.jpg,0.881955,29.201180,ok
EES0423346__X03__Y21__P024.jpg,0.843301,29.337220,ok
EES0423346__X03__Y24__P025.jpg,0.830071,26.005220,ok
EES0423347__X03__Y27__P001.jpg,0.793630,23.037458,ok
EES0423347__X03__Y2A__P002.jpg,0.813217,26.888572,ok
EES0423347__X03__Y2D__P003.jpg,0.836446,27.421750,ok
EES0423347__X03__Y30__P004.jpg,0.859214,30.114853,ok
EES0423347__X03__Y33__P005.jpg,0.912216,31.940012,ok
EES0423347__X03__Y36__P006.jpg,0.947080,33.955147,ok
EES0423347__X03__Y39__P007.jpg,0.952322,37.047850,ok
EES0423347__X06__Y15__P008.jpg,0.763239,23.807409,ok
EES0423347__X06__Y18__P009.jpg,0.822589,25.515278,ok
EES0423347__X06__Y30__P010.jpg,0.730007,23.916630,ok
EES0423347__X06__Y36__P011.jpg,0.841720,26.528244,ok
EES0423347__X06__Y39__P012.jpg,0.897331,31.542554,ok
EES0423347__X06__Y3C__P013.jpg,0.919548,28.954172,ok
EES0423347__X09__Y15__P014.jpg,0.811522,24.257555,ok
EES0423347__X09__Y3C__P015.jpg,0.871546,28.325141,ok
EES0423347__X09__Y3F__P016.jpg,0.874763,26.566530,ok
EES0423347__X0C__Y3F__P017.jpg,0.874217,27.352407,ok
EES0423347__X0F__Y3F__P018.jpg,0.800848,24.347267,ok
EES0423347__X0F__Y42__P019.jpg,0.906785,27.226086,ok
EES0423347__X0F__Y45__P020.jpg,0.943376,33.430232,ok
EES0423347__X12__Y42__P021.jpg,0.781875,23.455282,ok
EES0423347__X12__Y45__P022.jpg,0.918258,34.200298,ok
EES0423347__X15__Y45__P023.jpg,0.911470,32.378370,ok
EES0423347__X18__Y45__P024.jpg,0.734720,23.155011,ok
EES0423347__X33__Y45__P025.jpg,0.907490,27.980531,ok
EES0423348__X33__Y3C__P001.jpg,0.911627,27.182208,ok
EES0423348__X33__Y3F__P002.jpg,0.844757,25.492704,ok
EES0423348__X33__Y42__P003.jpg,0.853291,23.920394,ok
EES0423348__X36__Y2A__P004.jpg,0.929273,28.517075,ok
EES0423348__X36__Y30__P005.jpg,0.883956,24.405891,ok
EES0423348__X36__Y33__P006.jpg,0.894951,25.248067,ok
EES0423348__X39__Y2A__P007.jpg,0.907029,24.983438,ok
EES0423348__X39__Y30__P008.jpg,0.897155,24.028654,ok
EES0423348__X3C__Y27__P009.jpg,0.936824,27.780575,ok
EES0423348__X3C__Y2A__P010.jpg,0.880028,25.798658,ok
EES0423348__X3F__Y27__P011.jpg,0.864910,23.394681,ok
EES0423348__X03__Y15__P012.jpg,0.944486,32.397472,ok
EES0423348__X03__Y18__P013.jpg,0.900826,31.741082,ok
EES0423348__X03__Y1B__P014.jpg,0.896718,28.851119,ok
EES0423348__X03__Y2A__P015.jpg,0.784844,26.291770,ok
EES0423348__X03__Y2D__P016.jpg,0.780655,25.786460,ok
EES0423348__X03__Y30__P017.jpg,0.874783,28.480593,ok
EES0423348__X03__Y33__P018.jpg,0.882295,30.370180,ok
EES0423348__X06__Y0F__P019.jpg,0.915239,27.420591,ok
EES0423348__X06__Y12__P020.jpg,0.901404,29.779665,ok
EES0423348__X06__Y15__P021.jpg,0.756224,23.665906,ok
EES0423348__X06__Y30__P022.jpg,0.832184,26.462473,ok
EES0423348__X06__Y33__P023.jpg,0.760177,24.730240,ok
EES0423348__X06__Y36__P024.jpg,0.876373,27.319875,ok
EES0423348__X09__Y0F__P025.jpg,0.868351,24.639802,ok
EES0423349__X09__Y36__P001.jpg,0.782157,23.205320,ok
EES0423349__X09__Y39__P002.jpg,0.842920,23.881050,ok
EES0423349__X0C__Y0C__P003.jpg,0.901812,25.840025,ok
EES0423349__X0C__Y3C__P004.jpg,0.857753,23.327983,ok
EES0423349__X0F__Y09__P005.jpg,0.900211,29.977819,ok
EES0423349__X0F__Y3F__P006.jpg,0.843304,24.867769,ok
EES0423349__X12__Y42__P007.jpg,0.933601,27.839137,ok
EES0423349__X15__Y42__P008.jpg,0.843792,24.671125,ok
EES0423349__X18__Y42__P009.jpg,0.743292,23.091121,ok
EES0423349__X18__Y45__P010.jpg,0.931391,33.420040,ok
EES0423349__X1B__Y42__P011.jpg,0.726841,23.025207,ok
EES0423349__X1B__Y45__P012.jpg,0.912419,32.440214,ok
EES0423349__X1E__Y45__P013.jpg,0.938644,36.601370,ok
EES0423349__X21__Y45__P014.jpg,0.831014,26.866203,ok
EES0423349__X24__Y45__P015.jpg,0.939553,36.651498,ok
EES0423349__X27__Y45__P016.jpg,0.941838,31.739976,ok
EES0423349__X2D__Y09__P017.jpg,0.852234,24.985136,ok
EES0423349__X2D__Y42__P018.jpg,0.892292,25.618560,ok
EES0423349__X30__Y09__P019.jpg,0.951264,33.570276,ok
EES0423349__X30__Y3F__P020.jpg,0.778859,23.052798,ok
EES0423349__X33__Y0C__P021.jpg,0.841274,23.825942,ok
EES0423349__X33__Y3F__P022.jpg,0.902413,26.285407,ok
EES0423349__X39__Y39__P023.jpg,0.887862,26.149316,ok
EES0423349__X3C__Y15__P024.jpg,0.925905,26.753718,ok
EES0423349__X3C__Y36__P025.jpg,0.891081,25.739190,ok
EES0423350__X30__Y2A__P001.jpg,0.944953,31.670238,ok
EES0423350__X30__Y30__P002.jpg,0.855905,25.319007,ok
EES0423350__X30__Y36__P003.jpg,0.852878,25.198852,ok
EES0423350__X30__Y39__P004.jpg,0.878011,28.786708,ok
EES0423350__X30__Y3F__P005.jpg,0.878278,23.486279,ok
EES0423350__X30__Y42__P006.jpg,0.858570,23.777384,ok
EES0423350__X33__Y24__P007.jpg,0.911321,29.019678,ok
EES0423350__X33__Y27__P008.jpg,0.849068,24.661712,ok
EES0423350__X33__Y30__P009.jpg,0.856894,24.644772,ok
EES0423350__X33__Y39__P010.jpg,0.918030,29.549104,ok
EES0423350__X33__Y3C__P011.jpg,0.857356,27.324617,ok
EES0423350__X33__Y3F__P012.jpg,0.916526,30.965643,ok
EES0423350__X36__Y30__P013.jpg,0.923977,25.655432,ok
EES0423350__X36__Y39__P014.jpg,0.925814,29.729047,ok
EES0423350__X36__Y3F__P015.jpg,0.887693,25.549799,ok
EES0423350__X36__Y42__P016.jpg,0.793387,22.973564,ok
EES0423350__X39__Y3C__P017.jpg,0.833219,24.199672,ok
EES0423350__X09__Y1E__P018.jpg,0.889646,26.432705,ok
EES0423350__X09__Y24__P019.jpg,0.796550,23.968460,ok
EES0423350__X09__Y27__P020.jpg,0.865644,25.424729,ok
EES0423350__X09__Y2A__P021.jpg,0.894395,27.123553,ok
EES0423350__X09__Y2D__P022.jpg,0.917886,28.776443,ok
EES0423350__X09__Y30__P023.jpg,0.755248,22.989537,ok
EES0423350__X0C__Y18__P024.jpg,0.884437,26.641950,ok
EES0423350__X0C__Y1E__P025.jpg,0.890916,26.287875,ok
EES0423351__X21__Y06__P001.jpg,0.876368,23.969345,ok
EES0423351__X21__Y45__P002.jpg,0.840826,24.249774,ok
EES0423351__X24__Y06__P003.jpg,0.902606,25.354819,ok
EES0423351__X24__Y45__P004.jpg,0.797552,23.826009,ok
EES0423351__X27__Y09__P005.jpg,0.886925,23.892459,ok
EES0423351__X27__Y45__P006.jpg,0.863583,24.498583,ok
EES0423351__X2A__Y09__P007.jpg,0.863880,25.993748,ok
EES0423351__X2D__Y06__P008.jpg,0.899849,29.145079,ok
EES0423351__X30__Y09__P009.jpg,0.930929,32.133254,ok
EES0423351__X30__Y0C__P010.jpg,0.935743,27.859989,ok
EES0423351__X33__Y09__P011.jpg,0.903233,25.136458,ok
EES0423351__X33__Y0C__P012.jpg,0.945977,29.514990,ok
EES0423351__X33__Y0F__P013.jpg,0.845471,25.105059,ok
EES0423351__X33__Y3F__P014.jpg,0.945722,28.188464,ok
EES0423351__X36__Y0C__P015.jpg,0.879891,24.711708,ok
EES0423351__X36__Y0F__P016.jpg,0.920922,28.307099,ok
EES0423351__X36__Y12__P017.jpg,0.837614,24.893682,ok
EES0423351__X36__Y3C__P018.jpg,0.906958,27.457010,ok
EES0423351__X39__Y12__P019.jpg,0.888166,25.919169,ok
EES0423351__X3C__Y18__P020.jpg,0.943133,30.261093,ok
EES0423351__X3C__Y33__P021.jpg,0.939970,28.607686,ok
EES0423351__X3F__Y1B__P022.jpg,0.920678,28.549958,ok
EES0423351__X3F__Y1E__P023.jpg,0.945234,30.609457,ok
EES0423351__X3F__Y21__P024.jpg,0.922331,26.606679,ok
EES0423351__X3F__Y24__P025.jpg,0.962422,33.589348,ok
EES0423352__X3F__Y27__P001.jpg,0.946743,30.816767,ok
EES0423352__X3F__Y36__P002.jpg,0.917104,25.717839,ok
EES0423352__X03__Y1E__P003.jpg,0.911652,33.410693,ok
EES0423352__X03__Y21__P004.jpg,0.923245,34.608565,ok
EES0423352__X03__Y24__P005.jpg,0.918250,31.969983,ok
EES0423352__X03__Y27__P006.jpg,0.890100,30.124835,ok
EES0423352__X03__Y2A__P007.jpg,0.820738,28.805547,ok
EES0423352__X03__Y2D__P008.jpg,0.818483,27.039886,ok
EES0423352__X03__Y30__P009.jpg,0.828496,26.514030,ok
EES0423352__X03__Y33__P010.jpg,0.928309,33.016571,ok
EES0423352__X06__Y18__P011.jpg,0.893344,26.532376,ok
EES0423352__X06__Y1B__P012.jpg,0.791856,24.109342,ok
EES0423352__X06__Y1E__P013.jpg,0.808436,25.132735,ok
EES0423352__X06__Y21__P014.jpg,0.807607,24.337943,ok
EES0423352__X06__Y24__P015.jpg,0.778397,23.023551,ok
EES0423352__X06__Y2A__P016.jpg,0.871366,25.608352,ok
EES0423352__X06__Y2D__P017.jpg,0.739723,23.537619,ok
EES0423352__X09__Y15__P018.jpg,0.937069,31.187687,ok
EES0423352__X09__Y18__P019.jpg,0.841072,25.944695,ok
EES0423352__X0C__Y0F__P020.jpg,0.951097,31.972894,ok
EES0423352__X0C__Y12__P021.jpg,0.797553,24.581626,ok
EES0423352__X0C__Y15__P022.jpg,0.864100,25.285307,ok
EES0423352__X0C__Y18__P023.jpg,0.771298,22.790023,ok
EES0423352__X0C__Y1B__P024.jpg,0.776652,23.610752,ok
EES0423352__X0C__Y3F__P025.jpg,0.828319,23.561194,ok
EES0423353__X2D__Y09__P001.jpg,0.946130,35.751787,ok
EES0423353__X2D__Y45__P002.jpg,0.929049,33.241082,ok
EES0423353__X30__Y0C__P003.jpg,0.777157,24.259359,ok
EES0423353__X33__Y0C__P004.jpg,0.951782,30.850131,ok
EES0423353__X33__Y0F__P005.jpg,0.786240,22.807838,ok
EES0423353__X33__Y30__P006.jpg,0.811052,23.589188,ok
EES0423353__X33__Y42__P007.jpg,0.952765,30.135506,ok
EES0423353__X36__Y0F__P008.jpg,0.912917,27.145070,ok
EES0423353__X36__Y3F__P009.jpg,0.863728,25.085062,ok
EES0423353__X39__Y12__P010.jpg,0.833133,23.382141,ok
EES0423353__X39__Y3C__P011.jpg,0.811004,23.123130,ok
EES0423353__X39__Y3F__P012.jpg,0.954115,30.106978,ok
EES0423353__X3C__Y15__P013.jpg,0.843933,27.973216,ok
EES0423353__X3C__Y39__P014.jpg,0.869790,27.192986,ok
EES0423353__X3F__Y18__P015.jpg,0.943930,28.798415,ok
EES0423353__X3F__Y1B__P016.jpg,0.782188,23.934772,ok
EES0423353__X3F__Y33__P017.jpg,0.802418,25.186394,ok
EES0423353__X3F__Y36__P018.jpg,0.952388,31.823399,ok
EES0423353__X42__Y21__P019.jpg,0.897788,30.609573,ok
EES0423353__X42__Y24__P020.jpg,0.890609,27.170784,ok
EES0423353__X42__Y27__P021.jpg,0.814867,23.711718,ok
EES0423353__X42__Y2A__P022.jpg,0.878049,27.055307,ok
EES0423353__X42__Y2D__P023.jpg,0.941507,31.472288,ok
EES0423353__X33__Y0F__P024.jpg,0.892391,23.636175,ok
EES0423353__X36__Y0F__P025.jpg,0.902728,24.390070,ok
EES0423354__X36__Y1B__P001.jpg,0.885659,25.912577,ok
EES0423354__X36__Y36__P002.jpg,0.853600,25.544900,ok
EES0423354__X36__Y39__P003.jpg,0.863426,24.425142,ok
EES0423354__X39__Y1B__P004.jpg,0.865900,23.538264,ok
EES0423354__X39__Y39__P005.jpg,0.850494,23.564714,ok
EES0423354__X3C__Y1B__P006.jpg,0.881513,25.291778,ok
EES0423354__X3C__Y36__P007.jpg,0.855108,25.586893,ok
EES0423354__X3C__Y39__P008.jpg,0.887163,24.629149,ok
EES0423354__X3F__Y18__P009.jpg,0.898025,24.166178,ok
EES0423354__X3F__Y1B__P010.jpg,0.877499,23.691564,ok
EES0423354__X3F__Y21__P011.jpg,0.816895,23.703633,ok
EES0423354__X3F__Y24__P012.jpg,0.862689,23.948927,ok
EES0423354__X3F__Y27__P013.jpg,0.910065,27.395902,ok
EES0423354__X42__Y1E__P014.jpg,0.877430,24.074810,ok
EES0423354__X42__Y21__P015.jpg,0.913808,27.201199,ok
EES0423354__X06__Y1E__P016.jpg,0.944643,37.885297,ok
EES0423354__X06__Y21__P017.jpg,0.923751,36.567940,ok
EES0423354__X06__Y24__P018.jpg,0.911354,34.734707,ok
EES0423354__X06__Y27__P019.jpg,0.908795,32.226465,ok
EES0423354__X06__Y2A__P020.jpg,0.877516,27.490100,ok
EES0423354__X06__Y2D__P021.jpg,0.902679,31.703267,ok
EES0423354__X06__Y30__P022.jpg,0.903222,30.243722,ok
EES0423354__X09__Y1B__P023.jpg,0.844318,26.031825,ok
EES0423354__X09__Y1E__P024.jpg,0.779892,23.938683,ok
EES0423354__X09__Y21__P025.jpg,0.811258,24.593928,ok
EES0423355__X09__Y24__P001.jpg,0.751304,22.951847,ok
EES0423355__X09__Y33__P002.jpg,0.825966,23.948116,ok
EES0423355__X09__Y36__P003.jpg,0.929670,31.478722,ok
EES0423355__X0C__Y15__P004.jpg,0.895243,27.760756,ok
EES0423355__X0C__Y18__P005.jpg,0.796596,23.122707,ok
EES0423355__X0C__Y1B__P006.jpg,0.841997,24.920312,ok
EES0423355__X0C__Y1E__P007.jpg,0.759850,23.136323,ok
EES0423355__X0C__Y39__P008.jpg,0.801238,24.035630,ok
EES0423355__X0C__Y3C__P009.jpg,0.925833,30.627668,ok
EES0423355__X0C__Y3F__P010.jpg,0.868622,25.852168,ok
EES0423355__X0C__Y45__P011.jpg,0.931690,32.442870,ok
EES0423355__X0F__Y12__P012.jpg,0.899740,26.758794,ok
EES0423355__X0F__Y15__P013.jpg,0.825072,26.919571,ok
EES0423355__X0F__Y18__P014.jpg,0.828600,24.053701,ok
EES0423355__X0F__Y3F__P015.jpg,0.910361,30.999995,ok
EES0423355__X12__Y0F__P016.jpg,0.906643,25.796227,ok
EES0423355__X12__Y12__P017.jpg,0.840498,24.729068,ok
EES0423355__X12__Y1E__P018.jpg,0.954827,29.691101,ok
EES0423355__X12__Y42__P019.jpg,0.954603,31.379646,ok
EES0423355__X15__Y0C__P020.jpg,0.947933,33.916982,ok
EES0423355__X15__Y0F__P021.jpg,0.867707,25.672259,ok
EES0423355__X18__Y0C__P022.jpg,0.864202,26.558899,ok
EES0423355__X18__Y0F__P023.jpg,0.816994,25.065601,ok
EES0423355__X18__Y12__P024.jpg,0.806893,23.602310,ok
EES0423355__X18__Y45__P025.jpg,0.942470,36.206172,ok
EES0423356__X1B__Y09__P001.jpg,0.943942,38.978904,ok
EES0423356__X1B__Y0C__P002.jpg,0.845806,26.213955,ok
EES0423356__X1B__Y45__P003.jpg,0.856702,26.659779,ok
EES0423356__X1E__Y09__P004.jpg,0.941431,39.102956,ok
EES0423356__X1E__Y0C__P005.jpg,0.827760,25.717102,ok
EES0423356__X21__Y09__P006.jpg,0.794444,24.976235,ok
EES0423356__X24__Y09__P007.jpg,0.865950,27.682909,ok
EES0423356__X27__Y09__P008.jpg,0.841211,24.474347,ok
EES0423356__X2A__Y09__P009.jpg,0.913814,32.550429,ok
EES0423356__X2D__Y09__P010.jpg,0.950504,33.473134,ok
EES0423356__X30__Y0C__P011.jpg,0.775320,22.734868,ok
EES0423356__X30__Y45__P012.jpg,0.866418,26.706227,ok
EES0423356__X33__Y0C__P013.jpg,0.892474,27.674769,ok
EES0423356__X33__Y0F__P014.jpg,0.798516,23.880612,ok
EES0423356__X33__Y45__P015.jpg,0.939145,34.455794,ok
EES0423356__X36__Y0F__P016.jpg,0.754535,22.705076,ok
EES0423356__X39__Y0F__P017.jpg,0.951014,30.108729,ok
EES0423356__X3C__Y12__P018.jpg,0.888434,24.914145,ok
EES0423356__X3F__Y39__P019.jpg,0.834867,26.437440,ok
EES0423356__X3F__Y3C__P020.jpg,0.904457,28.440291,ok
EES0423356__X3F__Y3F__P021.jpg,0.944628,31.033082,ok
EES0423356__X42__Y18__P022.jpg,0.949726,34.474282,ok
EES0423356__X42__Y1B__P023.jpg,0.811600,25.607192,ok
EES0423356__X42__Y36__P024.jpg,0.905627,28.685682,ok
EES0423356__X45__Y1B__P025.jpg,0.937756,34.728430,ok
EES0423357__X45__Y1E__P001.jpg,0.935405,35.202038,ok
EES0423357__X45__Y21__P002.jpg,0.862332,26.495698,ok
EES0423357__X45__Y24__P003.jpg,0.885664,28.986890,ok
EES0423357__X45__Y27__P004.jpg,0.842237,23.893483,ok
EES0423357__X45__Y2A__P005.jpg,0.835530,26.533114,ok
EES0423357__X45__Y2D__P006.jpg,0.879617,24.620127,ok
EES0423357__X45__Y30__P007.jpg,0.939567,36.449514,ok
EES0423357__X45__Y3C__P008.jpg,0.930436,30.143930,ok
EES0423357__X06__Y1E__P009.jpg,0.905255,29.367176,ok
EES0423357__X06__Y21__P010.jpg,0.755353,23.335918,ok
EES0423357__X06__Y24__P011.jpg,0.897286,28.564256,ok
EES0423357__X06__Y27__P012.jpg,0.857815,27.848000,ok
EES0423357__X06__Y2A__P013.jpg,0.879323,29.549299,ok
EES0423357__X06__Y2D__P014.jpg,0.846338,26.830886,ok
EES0423357__X06__Y30__P015.jpg,0.902132,30.524625,ok
EES0423357__X09__Y2A__P016.jpg,0.863688,26.233582,ok
EES0423357__X09__Y30__P017.jpg,0.826118,24.663070,ok
EES0423357__X09__Y33__P018.jpg,0.805645,25.135167,ok
EES0423357__X09__Y36__P019.jpg,0.922733,29.852827,ok
EES0423357__X09__Y39__P020.jpg,0.892948,26.451417,ok
EES0423357__X0C__Y12__P021.jpg,0.881596,24.249871,ok
EES0423357__X0C__Y30__P022.jpg,0.838458,26.442660,ok
EES0423357__X0C__Y36__P023.jpg,0.877935,27.936521,ok
EES0423357__X0C__Y39__P024.jpg,0.900655,31.309436,ok
EES0423357__X0C__Y3C__P025.jpg,0.886875,26.237641,ok
EES0423358__X24__Y45__P001.jpg,0.869851,28.386782,ok
EES0423358__X27__Y09__P002.jpg,0.852119,26.878088,ok
EES0423358__X27__Y45__P003.jpg,0.876894,29.125247,ok
EES0423358__X2A__Y09__P004.jpg,0.889470,27.577393,ok
EES0423358__X2A__Y45__P005.jpg,0.890311,31.337136,ok
EES0423358__X2D__Y39__P006.jpg,0.893619,25.003520,ok
EES0423358__X2D__Y45__P007.jpg,0.939736,34.716542,ok
EES0423358__X30__Y42__P008.jpg,0.812315,23.622988,ok
EES0423358__X33__Y0C__P009.jpg,0.926080,27.086370,ok
EES0423358__X33__Y42__P010.jpg,0.872625,25.964149,ok
EES0423358__X36__Y0F__P011.jpg,0.872527,23.924672,ok
EES0423358__X3C__Y12__P012.jpg,0.862614,23.842980,ok
EES0423358__X3F__Y15__P013.jpg,0.915401,27.179912,ok
EES0423358__X42__Y1B__P014.jpg,0.902592,27.306827,ok
EES0423358__X42__Y33__P015.jpg,0.920266,29.082759,ok
EES0423358__X45__Y21__P016.jpg,0.947299,37.090219,ok
EES0423358__X45__Y24__P017.jpg,0.911247,30.451571,ok
EES0423358__X45__Y27__P018.jpg,0.908334,29.746839,ok
EES0423358__X45__Y2A__P019.jpg,0.922271,30.922537,ok
EES0423358__X09__Y21__P020.jpg,0.930721,32.711514,ok
EES0423358__X09__Y2D__P021.jpg,0.814603,24.874964,ok
EES0423358__X0C__Y21__P022.jpg,0.841017,26.672592,ok
EES0423358__X0C__Y27__P023.jpg,0.849158,23.875036,ok
EES0423358__X0F__Y15__P024.jpg,0.759955,22.820313,ok
EES0423358__X0F__Y18__P025.jpg,0.882906,26.287281,ok
EES0423359__X3C__Y3C__P001.jpg,0.876650,24.362646,ok
EES0423359__X3F__Y1B__P002.jpg,0.809630,23.495101,ok
EES0423359__X42__Y1B__P003.jpg,0.908753,27.410167,ok
EES0423359__X45__Y24__P004.jpg,0.925600,31.117411,ok
EES0423359__X45__Y27__P005.jpg,0.867928,25.221643,ok
EES0423359__X45__Y2A__P006.jpg,0.911930,27.827288,ok
EES0423359__X03__Y18__P007.jpg,0.925265,30.509616,ok
EES0423359__X03__Y1B__P008.jpg,0.923181,31.615715,ok
EES0423359__X03__Y3C__P009.jpg,0.845525,24.809984,ok
EES0423359__X03__Y3F__P010.jpg,0.840336,26.042139,ok
EES0423359__X03__Y42__P011.jpg,0.905139,29.502090,ok
EES0423359__X03__Y45__P012.jpg,0.857034,24.818178,ok
EES0423359__X06__Y18__P013.jpg,0.884838,24.354072,ok
EES0423359__X06__Y3F__P014.jpg,0.849784,24.821306,ok
EES0423359__X06__Y42__P015.jpg,0.860920,27.131508,ok
EES0423359__X06__Y45__P016.jpg,0.892505,25.884964,ok
EES0423359__X09__Y45__P017.jpg,0.893445,26.741352,ok
EES0423359__X0C__Y0F__P018.jpg,0.946217,31.807896,ok
EES0423359__X0F__Y0F__P019.jpg,0.902171,26.689569,ok
EES0423359__X15__Y0C__P020.jpg,0.933474,33.078159,ok
EES0423359__X21__Y0C__P021.jpg,0.817353,24.384995,ok
EES0423359__X2D__Y0C__P022.jpg,0.948241,36.004834,ok
EES0423359__X30__Y0F__P023.jpg,0.847461,26.768035,ok
EES0423359__X36__Y3F__P024.jpg,0.814086,23.601578,ok
EES0423359__X39__Y15__P025.jpg,0.919054,24.388944,ok
EES0423360__X42__Y36__P001.jpg,0.887806,27.211944,ok
EES0423360__X45__Y27__P002.jpg,0.942213,30.769569,ok
EES0423360__X06__Y12__P003.jpg,0.940631,30.565065,ok
EES0423360__X06__Y15__P004.jpg,0.934740,28.170224,ok
EES0423360__X06__Y27__P005.jpg,0.919881,25.996351,ok
EES0423360__X09__Y12__P006.jpg,0.930276,29.857908,ok
EES0423360__X09__Y15__P007.jpg,0.946095,29.278993,ok
EES0423360__X18__Y0C__P008.jpg,0.925936,25.888372,ok
EES0423360__X21__Y09__P009.jpg,0.936531,29.562926,ok
EES0423360__X24__Y09__P010.jpg,0.930808,30.564423,ok
EES0423360__X27__Y09__P011.jpg,0.911442,25.869624,ok
EES0423360__X2A__Y09__P012.jpg,0.931855,27.942730,ok
EES0423360__X2D__Y45__P013.jpg,0.891133,28.290066,ok
EES0423360__X30__Y0C__P014.jpg,0.824715,24.433387,ok
EES0423360__X33__Y0C__P015.jpg,0.914554,28.355998,ok
EES0423360__X39__Y12__P016.jpg,0.858057,25.602991,ok
EES0423360__X3F__Y33__P017.jpg,0.782571,23.266011,ok
EES0423360__X3F__Y36__P018.jpg,0.902306,25.783356,ok
EES0423360__X42__Y24__P019.jpg,0.908201,29.370989,ok
EES0423360__X42__Y27__P020.jpg,0.878685,31.239352,ok
EES0423360__X42__Y2A__P021.jpg,0.892620,27.778535,ok
EES0423360__X06__Y2A__P022.jpg,0.872692,25.947202,ok
EES0423360__X06__Y2D__P023.jpg,0.900398,26.644176,ok
EES0423360__X09__Y33__P024.jpg,0.763941,22.599247,ok
EES0423360__X09__Y36__P025.jpg,0.898268,26.170033,ok
EES0423361__X45__Y30__P001.jpg,0.939771,34.544108,ok
EES0423361__X06__Y1E__P002.jpg,0.895011,32.016386,ok
EES0423361__X06__Y21__P003.jpg,0.857080,27.830782,ok
EES0423361__X06__Y24__P004.jpg,0.895494,31.150018,ok
EES0423361__X06__Y27__P005.jpg,0.825766,26.535036,ok
EES0423361__X06__Y2A__P006.jpg,0.886035,30.469974,ok
EES0423361__X06__Y2D__P007.jpg,0.904027,30.023795,ok
EES0423361__X06__Y30__P008.jpg,0.925538,31.221048,ok
EES0423361__X06__Y33__P009.jpg,0.916740,31.357817,ok
EES0423361__X09__Y18__P010.jpg,0.846677,24.239351,ok
EES0423361__X09__Y1B__P011.jpg,0.835625,24.828769,ok
EES0423361__X09__Y1E__P012.jpg,0.797832,23.944861,ok
EES0423361__X09__Y33__P013.jpg,0.878948,25.815929,ok
EES0423361__X09__Y36__P014.jpg,0.882511,27.320614,ok
EES0423361__X09__Y39__P015.jpg,0.949459,32.056212,ok
EES0423361__X0C__Y12__P016.jpg,0.898098,25.040421,ok
EES0423361__X0C__Y15__P017.jpg,0.809809,24.024578,ok
EES0423361__X0C__Y1B__P018.jpg,0.800676,24.131346,ok
EES0423361__X0C__Y39__P019.jpg,0.730977,23.301834,ok
EES0423361__X0C__Y3C__P020.jpg,0.955576,33.206984,ok
EES0423361__X0F__Y0F__P021.jpg,0.929631,30.150890,ok
EES0423361__X0F__Y12__P022.jpg,0.833625,24.406033,ok
EES0423361__X0F__Y3C__P023.jpg,0.724114,23.472040,ok
EES0423361__X0F__Y3F__P024.jpg,0.947480,31.749242,ok
EES0423361__X12__Y0C__P025.jpg,0.911825,28.230940,ok
EES0423362__X12__Y0F__P001.jpg,0.752515,22.576280,ok
EES0423362__X12__Y3F__P002.jpg,0.765933,24.114420,ok
EES0423362__X12__Y42__P003.jpg,0.951545,30.950222,ok
EES0423362__X18__Y45__P004.jpg,0.954825,35.363446,ok
EES0423362__X1B__Y09__P005.jpg,0.912782,32.408879,ok
EES0423362__X1B__Y45__P006.jpg,0.886096,27.438917,ok
EES0423362__X1E__Y09__P007.jpg,0.794225,24.559964,ok
EES0423362__X1E__Y45__P008.jpg,0.807479,24.650967,ok
EES0423362__X21__Y09__P009.jpg,0.813105,23.481601,ok
EES0423362__X2D__Y09__P010.jpg,0.877411,25.968272,ok
EES0423362__X30__Y09__P011.jpg,0.944689,36.645878,ok
EES0423362__X30__Y45__P012.jpg,0.857495,26.309117,ok
EES0423362__X33__Y0C__P013.jpg,0.696360,21.871472,ok
EES0423362__X33__Y45__P014.jpg,0.944702,30.193154,ok
EES0423362__X36__Y0C__P015.jpg,0.889231,27.321631,ok
EES0423362__X36__Y42__P016.jpg,0.795976,22.723205,ok
EES0423362__X39__Y42__P017.jpg,0.903590,25.400553,ok
EES0423362__X3C__Y0F__P018.jpg,0.931892,28.241738,ok
EES0423362__X3C__Y3F__P019.jpg,0.913973,25.088772,ok
EES0423362__X3F__Y12__P020.jpg,0.939209,30.742025,ok
EES0423362__X42__Y15__P021.jpg,0.939095,30.187525,ok
EES0423362__X42__Y39__P022.jpg,0.866716,26.203979,ok
EES0423362__X42__Y3C__P023.jpg,0.951718,31.319623,ok
EES0423362__X45__Y18__P024.jpg,0.954440,32.013220,ok
EES0423362__X45__Y1B__P025.jpg,0.873884,28.622083,ok
EES0423363__X45__Y1E__P001.jpg,0.833330,25.332689,ok
EES0423363__X45__Y30__P002.jpg,0.859299,26.782996,ok
EES0423363__X45__Y33__P003.jpg,0.920651,30.211011,ok
EES0423363__X48__Y1E__P004.jpg,0.947807,36.386678,ok
EES0423363__X48__Y21__P005.jpg,0.931402,31.324134,ok
EES0423363__X48__Y24__P006.jpg,0.936917,30.590962,ok
EES0423363__X48__Y27__P007.jpg,0.876250,29.165439,ok
EES0423363__X48__Y2A__P008.jpg,0.939466,34.792420,ok
EES0423363__X48__Y2D__P009.jpg,0.893997,30.093372,ok
EES0423363__X48__Y30__P010.jpg,0.953686,39.094029,ok
EES0423363__X48__Y33__P011.jpg,0.932732,33.295134,ok
EES0423363__X03__Y1E__P012.jpg,0.916680,30.818442,ok
EES0423363__X03__Y21__P013.jpg,0.934331,35.614160,ok
EES0423363__X03__Y24__P014.jpg,0.893258,27.711926,ok
EES0423363__X03__Y27__P015.jpg,0.940781,33.572606,ok
EES0423363__X03__Y2A__P016.jpg,0.891238,30.497485,ok
EES0423363__X03__Y2D__P017.jpg,0.820122,27.065743,ok
EES0423363__X03__Y30__P018.jpg,0.865348,29.004636,ok
EES0423363__X03__Y33__P019.jpg,0.894973,28.742379,ok
EES0423363__X03__Y36__P020.jpg,0.912508,31.875313,ok
EES0423363__X06__Y1B__P021.jpg,0.874368,29.520040,ok
EES0423363__X06__Y1E__P022.jpg,0.902954,29.023396,ok
EES0423363__X06__Y21__P023.jpg,0.817167,26.994175,ok
EES0423363__X06__Y24__P024.jpg,0.893263,28.296088,ok
EES0423363__X06__Y27__P025.jpg,0.868047,25.678001,ok
EES0423364__X06__Y2A__P001.jpg,0.792798,26.185054,ok
EES0423364__X06__Y39__P002.jpg,0.811874,24.931863,ok
EES0423364__X09__Y15__P003.jpg,0.948344,31.187746,ok
EES0423364__X09__Y18__P004.jpg,0.861354,27.389013,ok
EES0423364__X09__Y1B__P005.jpg,0.888222,28.639613,ok
EES0423364__X09__Y1E__P006.jpg,0.852323,26.823486,ok
EES0423364__X09__Y21__P007.jpg,0.818253,25.291459,ok
EES0423364__X09__Y3F__P008.jpg,0.927415,30.499572,ok
EES0423364__X0C__Y15__P009.jpg,0.900402,29.190220,ok
EES0423364__X0C__Y18__P010.jpg,0.859198,26.950165,ok
EES0423364__X0C__Y1B__P011.jpg,0.811955,29.618445,ok
EES0423364__X0C__Y21__P012.jpg,0.745897,22.672395,ok
EES0423364__X0C__Y42__P013.jpg,0.948367,30.574045,ok
EES0423364__X0F__Y12__P014.jpg,0.787520,24.093813,ok
EES0423364__X0F__Y15__P015.jpg,0.893514,26.460222,ok
EES0423364__X0F__Y18__P016.jpg,0.786763,25.448988,ok
EES0423364__X0F__Y1B__P017.jpg,0.832780,25.546592,ok
EES0423364__X12__Y0F__P018.jpg,0.943753,31.541295,ok
EES0423364__X12__Y12__P019.jpg,0.749177,23.609595,ok
EES0423364__X12__Y15__P020.jpg,0.805348,23.743725,ok
EES0423364__X12__Y45__P021.jpg,0.930166,33.459457,ok
EES0423364__X15__Y0F__P022.jpg,0.833446,26.323604,ok
EES0423364__X15__Y12__P023.jpg,0.823739,24.839323,ok
EES0423364__X15__Y45__P024.jpg,0.874667,29.050743,ok
EES0423364__X18__Y0C__P025.jpg,0.948729,35.080759,ok
EES0423365__X18__Y0F__P001.jpg,0.825959,26.209492,ok
EES0423365__X1B__Y0C__P002.jpg,0.912353,30.613450,ok
EES0423365__X1E__Y0C__P003.jpg,0.845852,26.525240,ok
EES0423365__X21__Y0C__P004.jpg,0.798003,25.592694,ok
EES0423365__X24__Y09__P005.jpg,0.926080,30.604709,ok
EES0423365__X24__Y0C__P006.jpg,0.854569,26.878222,ok
EES0423365__X27__Y0C__P007.jpg,0.857071,26.700164,ok
EES0423365__X2A__Y0C__P008.jpg,0.844295,26.979016,ok
EES0423365__X2D__Y0C__P009.jpg,0.951524,33.572757,ok
EES0423365__X2D__Y12__P010.jpg,0.831091,23.559999,ok
EES0423365__X30__Y0F__P011.jpg,0.799297,23.203180,ok
EES0423365__X30__Y45__P012.jpg,0.847639,26.553934,ok
EES0423365__X33__Y0F__P013.jpg,0.844261,26.222256,ok
EES0423365__X33__Y45__P014.jpg,0.951374,33.843466,ok
EES0423365__X36__Y12__P015.jpg,0.823477,23.950144,ok
EES0423365__X36__Y42__P016.jpg,0.902394,24.968223,ok
EES0423365__X39__Y3F__P017.jpg,0.914613,26.151403,ok
EES0423365__X3C__Y3C__P018.jpg,0.945304,28.854548,ok
EES0423365__X3F__Y1B__P019.jpg,0.828576,24.512983,ok
EES0423365__X3F__Y36__P020.jpg,0.849901,26.260834,ok
EES0423365__X3F__Y39__P021.jpg,0.957406,33.729110,ok
EES0423365__X42__Y21__P022.jpg,0.877766,28.034981,ok
EES0423365__X42__Y24__P023.jpg,0.869310,26.770046,ok
EES0423365__X42__Y27__P024.jpg,0.837314,24.218345,ok
EES0423365__X42__Y2A__P025.jpg,0.857493,26.351637,ok
EES0423366__X3C__Y15__P001.jpg,0.828840,24.728668,ok
EES0423366__X3C__Y36__P002.jpg,0.862761,24.642309,ok
EES0423366__X3C__Y3F__P003.jpg,0.894934,24.855125,ok
EES0423366__X3F__Y18__P004.jpg,0.877866,25.197312,ok
EES0423366__X3F__Y1E__P005.jpg,0.876486,25.803699,ok
EES0423366__X3F__Y21__P006.jpg,0.865717,26.379434,ok
EES0423366__X3F__Y24__P007.jpg,0.783289,24.286996,ok
EES0423366__X3F__Y30__P008.jpg,0.789914,22.709143,ok
EES0423366__X3F__Y33__P009.jpg,0.843955,24.345867,ok
EES0423366__X3F__Y3C__P010.jpg,0.905682,28.714136,ok
EES0423366__X42__Y1B__P011.jpg,0.918312,28.837254,ok
EES0423366__X42__Y1E__P012.jpg,0.885259,27.911349,ok
EES0423366__X42__Y21__P013.jpg,0.876700,26.979784,ok
EES0423366__X42__Y2A__P014.jpg,0.869848,27.046158,ok
EES0423366__X42__Y39__P015.jpg,0.934136,32.511430,ok
EES0423366__X45__Y27__P016.jpg,0.894259,27.249781,ok
EES0423366__X45__Y2A__P017.jpg,0.901518,29.337677,ok
EES0423366__X45__Y2D__P018.jpg,0.889915,28.395004,ok
EES0423366__X45__Y30__P019.jpg,0.910254,29.379310,ok
EES0423366__X45__Y33__P020.jpg,0.942021,30.168967,ok
EES0423366__X21__Y1B__P021.jpg,0.840908,23.285489,ok
EES0423366__X36__Y0F__P022.jpg,0.873110,25.713498,ok
EES0423366__X36__Y39__P023.jpg,0.816540,24.764490,ok
EES0423366__X06__Y1E__P024.jpg,0.859710,29.123732,ok
EES0423366__X06__Y21__P025.jpg,0.766093,24.369388,ok
EES0423367__X3C__Y0F__P001.jpg,0.931046,29.908613,ok
EES0423367__X3C__Y21__P002.jpg,0.802336,23.338864,ok
EES0423367__X3F__Y12__P003.jpg,0.941863,32.939969,ok
EES0423367__X3F__Y15__P004.jpg,0.884576,27.619480,ok
EES0423367__X42__Y15__P005.jpg,0.896947,26.655373,ok
EES0423367__X42__Y18__P006.jpg,0.908873,25.720555,ok
EES0423367__X45__Y1E__P007.jpg,0.878062,26.597066,ok
EES0423367__X06__Y2A__P008.jpg,0.878156,27.448239,ok
EES0423367__X09__Y1B__P009.jpg,0.875479,25.657337,ok
EES0423367__X09__Y24__P010.jpg,0.910639,26.243425,ok
EES0423367__X09__Y27__P011.jpg,0.948000,38.748560,ok
EES0423367__X09__Y2A__P012.jpg,0.866151,27.945813,ok
EES0423367__X0C__Y18__P013.jpg,0.874592,27.860245,ok
EES0423367__X0C__Y1B__P014.jpg,0.766835,26.075550,ok
EES0423367__X0C__Y1E__P015.jpg,0.934282,30.867756,ok
EES0423367__X0C__Y21__P016.jpg,0.867839,27.231367,ok
EES0423367__X0C__Y27__P017.jpg,0.910720,28.137019,ok
EES0423367__X0C__Y2A__P018.jpg,0.898872,30.402526,ok
EES0423367__X0C__Y30__P019.jpg,0.800617,24.541879,ok
EES0423367__X0C__Y36__P020.jpg,0.926140,27.891668,ok
EES0423367__X0C__Y39__P021.jpg,0.815041,25.207574,ok
EES0423367__X0F__Y18__P022.jpg,0.796398,23.627330,ok
EES0423367__X0F__Y1B__P023.jpg,0.811743,24.867041,ok
EES0423367__X0F__Y21__P024.jpg,0.892480,26.372986,ok
EES0423367__X0F__Y2A__P025.jpg,0.860353,27.680100,ok
EES0423368__X36__Y36__P001.jpg,0.880320,23.537676,ok
EES0423368__X36__Y39__P002.jpg,0.946941,34.754432,ok
EES0423368__X36__Y3C__P003.jpg,0.914947,24.003366,ok
EES0423368__X39__Y2A__P004.jpg,0.885608,23.589092,ok
EES0423368__X3C__Y21__P005.jpg,0.893658,24.871235,ok
EES0423368__X3C__Y24__P006.jpg,0.904033,24.127791,ok
EES0423368__X3C__Y2D__P007.jpg,0.904116,25.339668,ok
EES0423368__X3C__Y30__P008.jpg,0.905782,25.774996,ok
EES0423368__X3F__Y24__P009.jpg,0.917680,26.702922,ok
EES0423368__X3F__Y27__P010.jpg,0.911466,23.734465,ok
EES0423368__X3F__Y30__P011.jpg,0.896501,24.350967,ok
EES0423368__X42__Y24__P012.jpg,0.932789,27.811935,ok
EES0423368__X42__Y27__P013.jpg,0.883609,23.995759,ok
EES0423368__X42__Y30__P014.jpg,0.902364,24.014774,ok
EES0423368__X03__Y24__P015.jpg,0.946627,33.873618,ok
EES0423368__X06__Y1E__P016.jpg,0.868083,25.222526,ok
EES0423368__X06__Y21__P017.jpg,0.798037,23.501947,ok
EES0423368__X06__Y27__P018.jpg,0.834037,24.739542,ok
EES0423368__X06__Y2A__P019.jpg,0.877897,26.205112,ok
EES0423368__X06__Y30__P020.jpg,0.775401,22.525781,ok
EES0423368__X06__Y33__P021.jpg,0.891235,28.021510,ok
EES0423368__X06__Y36__P022.jpg,0.910501,31.697999,ok
EES0423368__X09__Y15__P023.jpg,0.944742,30.862153,ok
EES0423368__X09__Y33__P024.jpg,0.802189,22.948351,ok
EES0423368__X09__Y36__P025.jpg,0.905780,30.135152,ok
EES0423369__X09__Y39__P001.jpg,0.876006,27.541775,ok
EES0423369__X0C__Y12__P002.jpg,0.900968,26.598346,ok
EES0423369__X0C__Y39__P003.jpg,0.757120,22.941643,ok
EES0423369__X0F__Y0F__P004.jpg,0.908580,26.283046,ok
EES0423369__X0F__Y3F__P005.jpg,0.875795,27.698550,ok
EES0423369__X12__Y0C__P006.jpg,0.871876,25.333374,ok
EES0423369__X12__Y42__P007.jpg,0.908100,30.107655,ok
EES0423369__X15__Y42__P008.jpg,0.917709,29.312887,ok
EES0423369__X1B__Y45__P009.jpg,0.832477,25.175836,ok
EES0423369__X33__Y0C__P010.jpg,0.834240,23.210683,ok
EES0423369__X33__Y45__P011.jpg,0.949304,31.134487,ok
EES0423369__X36__Y0C__P012.jpg,0.929476,32.710879,ok
EES0423369__X39__Y0C__P013.jpg,0.911886,27.608255,ok
EES0423369__X39__Y0F__P014.jpg,0.931166,30.824863,ok
EES0423369__X3C__Y0F__P015.jpg,0.891915,29.333368,ok
EES0423369__X3C__Y12__P016.jpg,0.867583,29.259244,ok
EES0423369__X3F__Y12__P017.jpg,0.944539,33.355114,ok
EES0423369__X3F__Y15__P018.jpg,0.892185,27.192740,ok
EES0423369__X3F__Y39__P019.jpg,0.871163,24.177393,ok
EES0423369__X42__Y15__P020.jpg,0.877150,27.742059,ok
EES0423369__X42__Y18__P021.jpg,0.871879,24.717700,ok
EES0423369__X42__Y1B__P022.jpg,0.853251,24.950458,ok
EES0423369__X42__Y36__P023.jpg,0.932659,31.165684,ok
EES0423369__X45__Y1E__P024.jpg,0.924325,29.664991,ok
EES0423369__X45__Y21__P025.jpg,0.743462,23.370610,ok
EES0423370__X30__Y2A__P001.jpg,0.774971,22.616913,ok
EES0423370__X30__Y36__P002.jpg,0.899950,25.753013,ok
EES0423370__X33__Y1B__P003.jpg,0.901019,25.832202,ok
EES0423370__X33__Y21__P004.jpg,0.902626,28.264816,ok
EES0423370__X33__Y27__P005.jpg,0.895276,26.156826,ok
EES0423370__X33__Y2A__P006.jpg,0.929567,29.711926,ok
EES0423370__X36__Y24__P007.jpg,0.906115,29.635012,ok
EES0423370__X36__Y27__P008.jpg,0.847468,24.260766,ok
EES0423370__X36__Y30__P009.jpg,0.892387,27.879343,ok
EES0423370__X39__Y24__P010.jpg,0.899265,27.155880,ok
EES0423370__X39__Y2A__P011.jpg,0.816217,23.265517,ok
EES0423370__X39__Y2D__P012.jpg,0.888976,26.654261,ok
EES0423370__X39__Y36__P013.jpg,0.905376,26.501972,ok
EES0423370__X3C__Y1E__P014.jpg,0.895988,24.633920,ok
EES0423370__X3C__Y27__P015.jpg,0.927200,28.017317,ok
EES0423370__X3C__Y2A__P016.jpg,0.914935,26.617650,ok
EES0423370__X3C__Y2D__P017.jpg,0.827255,23.486215,ok
EES0423370__X3C__Y30__P018.jpg,0.922001,31.031547,ok
EES0423370__X3C__Y33__P019.jpg,0.926841,28.523446,ok
EES0423370__X3F__Y21__P020.jpg,0.874939,27.382864,ok
EES0423370__X3F__Y24__P021.jpg,0.939944,31.071344,ok
EES0423370__X3F__Y2A__P022.jpg,0.877678,26.748692,ok
EES0423370__X09__Y1B__P023.jpg,0.886206,26.211161,ok
EES0423370__X09__Y21__P024.jpg,0.863801,26.073341,ok
EES0423370__X09__Y24__P025.jpg,0.834033,26.185804,ok
EES0423371__X3F__Y15__P001.jpg,0.938425,30.122947,ok
EES0423371__X3F__Y3C__P002.jpg,0.910545,26.902840,ok
EES0423371__X42__Y15__P003.jpg,0.946818,32.255870,ok
EES0423371__X42__Y2A__P004.jpg,0.876638,23.870942,ok
EES0423371__X42__Y39__P005.jpg,0.894877,27.119081,ok
EES0423371__X45__Y1B__P006.jpg,0.955686,36.040299,ok
EES0423371__X45__Y30__P007.jpg,0.847070,24.222931,ok
EES0423371__X45__Y33__P008.jpg,0.923166,34.179724,ok
EES0423371__X0F__Y2A__P009.jpg,0.863350,23.770852,ok
EES0423371__X12__Y2A__P010.jpg,0.925455,27.457997,ok
EES0423371__X18__Y27__P011.jpg,0.922375,27.512537,ok
EES0423371__X1E__Y0F__P012.jpg,0.937803,25.912474,ok
EES0423371__X1E__Y1E__P013.jpg,0.939665,28.181341,ok
EES0423371__X21__Y1E__P014.jpg,0.909311,26.196300,ok
EES0423371__X21__Y27__P015.jpg,0.878707,24.804702,ok
EES0423371__X21__Y2A__P016.jpg,0.910347,25.660776,ok
EES0423371__X21__Y39__P017.jpg,0.896474,23.724813,ok
EES0423371__X21__Y3C__P018.jpg,0.873415,23.969033,ok
EES0423371__X24__Y36__P019.jpg,0.910677,24.787669,ok
EES0423371__X27__Y0C__P020.jpg,0.920808,25.059157,ok
EES0423371__X27__Y1B__P021.jpg,0.921982,25.837569,ok
EES0423371__X27__Y36__P022.jpg,0.887861,24.329906,ok
EES0423371__X2A__Y3C__P023.jpg,0.892667,24.163793,ok
EES0423371__X2A__Y45__P024.jpg,0.922939,25.347363,ok
EES0423371__X2D__Y3C__P025.jpg,0.929364,26.395551,ok
EES0423372__X09__Y12__P001.jpg,0.911536,26.141202,ok
EES0423372__X0C__Y0F__P002.jpg,0.875157,26.554583,ok
EES0423372__X0F__Y0C__P003.jpg,0.901146,26.624355,ok
EES0423372__X0F__Y42__P004.jpg,0.903007,27.063181,ok
EES0423372__X15__Y45__P005.jpg,0.801000,23.547953,ok
EES0423372__X18__Y09__P006.jpg,0.846573,26.118038,ok
EES0423372__X1B__Y09__P007.jpg,0.888618,28.240670,ok
EES0423372__X1E__Y09__P008.jpg,0.788438,23.260609,ok
EES0423372__X21__Y09__P009.jpg,0.822860,26.161067,ok
EES0423372__X24__Y09__P010.jpg,0.813028,26.084892,ok
EES0423372__X27__Y09__P011.jpg,0.916726,33.806377,ok
EES0423372__X2A__Y09__P012.jpg,0.943923,29.209447,ok
EES0423372__X2D__Y09__P013.jpg,0.944496,37.525051,ok
EES0423372__X2D__Y42__P014.jpg,0.755688,22.685644,ok
EES0423372__X2D__Y45__P015.jpg,0.670967,22.424459,ok
EES0423372__X30__Y0C__P016.jpg,0.827242,23.812691,ok
EES0423372__X33__Y0C__P017.jpg,0.936873,31.379923,ok
EES0423372__X36__Y0C__P018.jpg,0.926882,28.423444,ok
EES0423372__X36__Y0F__P019.jpg,0.849016,25.019465,ok
EES0423372__X39__Y0F__P020.jpg,0.903245,25.944077,ok
EES0423372__X39__Y12__P021.jpg,0.809043,22.844537,ok
EES0423372__X3C__Y15__P022.jpg,0.909235,24.574491,ok
EES0423372__X3C__Y3C__P023.jpg,0.948268,31.471114,ok
EES0423372__X3F__Y18__P024.jpg,0.954105,33.682540,ok
EES0423372__X42__Y0F__P025.jpg,0.947879,29.808786,ok
EES0423373__X42__Y1E__P001.jpg,0.948132,34.016849,ok
EES0423373__X42__Y21__P002.jpg,0.864832,26.742773,ok
EES0423373__X42__Y24__P003.jpg,0.885887,29.124077,ok
EES0423373__X42__Y27__P004.jpg,0.868702,25.913265,ok
EES0423373__X42__Y2A__P005.jpg,0.901232,27.863231,ok
EES0423373__X42__Y2D__P006.jpg,0.910829,25.351145,ok
EES0423373__X42__Y30__P007.jpg,0.912152,28.481779,ok
EES0423373__X03__Y21__P008.jpg,0.900702,30.481159,ok
EES0423373__X03__Y24__P009.jpg,0.869840,26.378796,ok
EES0423373__X03__Y2A__P010.jpg,0.815381,24.803458,ok
EES0423373__X03__Y2D__P011.jpg,0.868466,25.108239,ok
EES0423373__X03__Y30__P012.jpg,0.902852,28.926716,ok
EES0423373__X03__Y33__P013.jpg,0.909615,27.999191,ok
EES0423373__X06__Y1B__P014.jpg,0.865418,26.752670,ok
EES0423373__X06__Y1E__P015.jpg,0.738411,22.898823,ok
EES0423373__X06__Y36__P016.jpg,0.876013,27.119572,ok
EES0423373__X09__Y3C__P017.jpg,0.951562,31.101028,ok
EES0423373__X0C__Y12__P018.jpg,0.810000,23.117269,ok
EES0423373__X0F__Y0F__P019.jpg,0.894053,27.348910,ok
EES0423373__X12__Y0C__P020.jpg,0.940682,33.697419,ok
EES0423373__X15__Y0C__P021.jpg,0.750421,23.342991,ok
EES0423373__X18__Y09__P022.jpg,0.950831,36.776390,ok
EES0423373__X1B__Y09__P023.jpg,0.847272,24.207511,ok
EES0423373__X1E__Y09__P024.jpg,0.907277,29.949045,ok
EES0423373__X21__Y09__P025.jpg,0.836814,23.502357,ok
EES0423374__X15__Y45__P001.jpg,0.893313,26.818749,ok
EES0423374__X18__Y09__P002.jpg,0.799845,22.990469,ok
EES0423374__X18__Y0F__P003.jpg,0.807628,24.036039,ok
EES0423374__X18__Y45__P004.jpg,0.880345,25.377721,ok
EES0423374__X27__Y09__P005.jpg,0.836321,23.804213,ok
EES0423374__X2D__Y45__P006.jpg,0.851042,27.139105,ok
EES0423374__X30__Y24__P007.jpg,0.800996,22.746822,ok
EES0423374__X39__Y39__P008.jpg,0.882147,26.320281,ok
EES0423374__X3C__Y36__P009.jpg,0.853127,25.509021,ok
EES0423374__X03__Y0F__P010.jpg,0.928507,32.574578,ok
EES0423374__X03__Y12__P011.jpg,0.907070,28.815792,ok
EES0423374__X03__Y18__P012.jpg,0.944512,30.342200,ok
EES0423374__X03__Y1B__P013.jpg,0.918596,30.918450,ok
EES0423374__X03__Y2D__P014.jpg,0.843491,25.474866,ok
EES0423374__X03__Y30__P015.jpg,0.769584,23.090268,ok
EES0423374__X03__Y33__P016.jpg,0.881487,25.828108,ok
EES0423374__X03__Y36__P017.jpg,0.866325,28.526788,ok
EES0423374__X03__Y39__P018.jpg,0.731630,24.888922,ok
EES0423374__X03__Y3C__P019.jpg,0.884944,26.266521,ok
EES0423374__X03__Y3F__P020.jpg,0.905143,30.948784,ok
EES0423374__X03__Y45__P021.jpg,0.919333,27.518865,ok
EES0423374__X06__Y15__P022.jpg,0.878344,28.299411,ok
EES0423374__X06__Y18__P023.jpg,0.864200,27.164663,ok
EES0423374__X06__Y36__P024.jpg,0.838356,27.590228,ok
EES0423374__X06__Y39__P025.jpg,0.891576,28.045603,ok
EES0423375__X39__Y09__P001.jpg,0.878059,25.848722,ok
EES0423375__X39__Y0C__P002.jpg,0.902103,29.373895,ok
EES0423375__X3C__Y0C__P003.jpg,0.877305,27.817234,ok
EES0423375__X3C__Y0F__P004.jpg,0.881458,25.468422,ok
EES0423375__X3F__Y0C__P005.jpg,0.943463,34.028422,ok
EES0423375__X3F__Y0F__P006.jpg,0.914145,31.517334,ok
EES0423375__X3F__Y12__P007.jpg,0.911553,27.403351,ok
EES0423375__X3F__Y15__P008.jpg,0.882652,26.550997,ok
EES0423375__X3F__Y39__P009.jpg,0.807416,23.501053,ok
EES0423375__X3F__Y3C__P010.jpg,0.895620,28.196210,ok
EES0423375__X42__Y0F__P011.jpg,0.947750,34.045751,ok
EES0423375__X42__Y12__P012.jpg,0.906946,27.872298,ok
EES0423375__X42__Y15__P013.jpg,0.908461,26.292707,ok
EES0423375__X42__Y18__P014.jpg,0.897398,24.541672,ok
EES0423375__X42__Y1B__P015.jpg,0.766020,23.505380,ok
EES0423375__X42__Y36__P016.jpg,0.926956,28.791350,ok
EES0423375__X42__Y39__P017.jpg,0.938865,32.537403,ok
EES0423375__X45__Y15__P018.jpg,0.877955,28.423826,ok
EES0423375__X45__Y18__P019.jpg,0.929144,33.568923,ok
EES0423375__X45__Y1B__P020.jpg,0.877101,28.613810,ok
EES0423375__X45__Y1E__P021.jpg,0.914950,29.984186,ok
EES0423375__X45__Y21__P022.jpg,0.918357,31.768961,ok
EES0423375__X45__Y24__P023.jpg,0.917580,33.651696,ok
EES0423375__X45__Y27__P024.jpg,0.915269,30.166169,ok
EES0423375__X45__Y2A__P025.jpg,0.929581,30.913695,ok
EES0423376__X3C__Y27__P001.jpg,0.885046,25.707602,ok
EES0423376__X3C__Y2D__P002.jpg,0.874096,25.907412,ok
EES0423376__X3F__Y2A__P003.jpg,0.856296,25.766301,ok
EES0423376__X3F__Y2D__P004.jpg,0.750286,22.924265,ok
EES0423376__X06__Y15__P005.jpg,0.894904,29.174169,ok
EES0423376__X06__Y18__P006.jpg,0.811333,23.910526,ok
EES0423376__X0F__Y09__P007.jpg,0.926333,31.940973,ok
EES0423376__X0F__Y0C__P008.jpg,0.853803,24.120126,ok
EES0423376__X12__Y09__P009.jpg,0.941995,32.583731,ok
EES0423376__X2D__Y09__P010.jpg,0.801128,23.802668,ok
EES0423376__X2D__Y45__P011.jpg,0.800928,26.064528,ok
EES0423376__X30__Y45__P012.jpg,0.939880,31.096594,ok
EES0423376__X33__Y09__P013.jpg,0.914811,30.262777,ok
EES0423376__X33__Y42__P014.jpg,0.902305,27.821495,ok
EES0423376__X36__Y0C__P015.jpg,0.888935,25.776567,ok
EES0423376__X36__Y3F__P016.jpg,0.841170,24.858941,ok
EES0423376__X39__Y0F__P017.jpg,0.775396,23.224439,ok
EES0423376__X3C__Y12__P018.jpg,0.825945,23.134565,ok
EES0423376__X3F__Y15__P019.jpg,0.873053,26.629038,ok
EES0423376__X3F__Y18__P020.jpg,0.840481,23.361768,ok
EES0423376__X3F__Y36__P021.jpg,0.938487,28.362471,ok
EES0423376__X42__Y1B__P022.jpg,0.944024,31.103141,ok
EES0423376__X42__Y1E__P023.jpg,0.915843,30.330391,ok
EES0423376__X42__Y21__P024.jpg,0.868676,26.273583,ok
EES0423376__X42__Y24__P025.jpg,0.795042,23.214697,ok
EES0423377__X24__Y3C__P001.jpg,0.821056,24.070346,ok
EES0423377__X24__Y3F__P002.jpg,0.858062,26.721202,ok
EES0423377__X27__Y1B__P003.jpg,0.887991,26.180168,ok
EES0423377__X27__Y21__P004.jpg,0.872011,23.565073,ok
EES0423377__X2A__Y18__P005.jpg,0.910947,27.566028,ok
EES0423377__X2A__Y24__P006.jpg,0.844561,24.492395,ok
EES0423377__X2A__Y2A__P007.jpg,0.874086,27.103911,ok
EES0423377__X2A__Y2D__P008.jpg,0.854808,27.105794,ok
EES0423377__X2D__Y15__P009.jpg,0.802134,23.516517,ok
EES0423377__X2D__Y1B__P010.jpg,0.860984,26.626641,ok
EES0423377__X2D__Y21__P011.jpg,0.851918,26.783313,ok
EES0423377__X2D__Y33__P012.jpg,0.929629,29.188873,ok
EES0423377__X30__Y21__P013.jpg,0.876097,26.859735,ok
EES0423377__X33__Y0F__P014.jpg,0.899896,29.600300,ok
EES0423377__X33__Y12__P015.jpg,0.878498,28.062313,ok
EES0423377__X33__Y15__P016.jpg,0.829786,26.270276,ok
EES0423377__X33__Y18__P017.jpg,0.869121,27.801559,ok
EES0423377__X33__Y1B__P018.jpg,0.828639,27.753700,ok
EES0423377__X33__Y1E__P019.jpg,0.872778,29.438165,ok
EES0423377__X39__Y15__P020.jpg,0.824631,24.143613,ok
EES0423377__X39__Y18__P021.jpg,0.862897,25.357092,ok
EES0423377__X3C__Y1E__P022.jpg,0.865082,25.247670,ok
EES0423377__X3C__Y21__P023.jpg,0.843255,25.121257,ok
EES0423377__X3C__Y45__P024.jpg,0.942179,32.095658,ok
EES0423377__X3F__Y1B__P025.jpg,0.883059,27.263472,ok
EES0423378__X09__Y2A__P001.jpg,0.868908,23.583369,ok
EES0423378__X1E__Y3F__P002.jpg,0.904168,24.065124,ok
EES0423378__X1E__Y42__P003.jpg,0.968089,27.625809,ok
EES0423378__X21__Y3F__P004.jpg,0.876763,25.992535,ok
EES0423378__X21__Y42__P005.jpg,0.897231,25.253300,ok
EES0423378__X2D__Y42__P006.jpg,0.950203,25.442961,ok
EES0423378__X42__Y1B__P007.jpg,0.968311,26.381731,ok
EES0423378__X42__Y1E__P008.jpg,0.917099,23.859231,ok
EES0423378__X42__Y2D__P009.jpg,0.867652,23.863593,ok
EES0423378__X42__Y30__P010.jpg,0.974850,24.931289,ok
EES0423378__X39__Y09__P011.jpg,0.962176,24.810959,ok
EES0423378__X48__Y18__P012.jpg,0.956334,26.973964,ok
EES0423378__X48__Y27__P013.jpg,0.975178,25.527621,ok
EES0423378__X48__Y2A__P014.jpg,0.978336,30.850973,ok
EES0423378__X48__Y2D__P015.jpg,0.960245,28.636732,ok
EES0423378__X0F__Y24__P016.jpg,0.890386,26.393900,ok
EES0423378__X18__Y24__P017.jpg,0.912638,25.458640,ok
EES0423378__X18__Y27__P018.jpg,0.937838,26.872278,ok
EES0423378__X18__Y2A__P019.jpg,0.931592,23.907212,ok
EES0423378__X2A__Y1B__P020.jpg,0.936962,25.641679,ok
EES0423378__X2D__Y1B__P021.jpg,0.918847,29.027217,ok
EES0423378__X2D__Y27__P022.jpg,0.867267,24.281774,ok
EES0423378__X2D__Y36__P023.jpg,0.912464,23.988868,ok
EES0423378__X3C__Y24__P024.jpg,0.918209,24.646882,ok
EES0423378__X3C__Y2A__P025.jpg,0.932014,24.250624,ok
EES0423379__X06__Y24__P001.jpg,0.914065,26.739569,ok
EES0423379__X06__Y27__P002.jpg,0.914802,27.974507,ok
EES0423379__X06__Y2A__P003.jpg,0.942566,25.011647,ok
EES0423379__X06__Y3F__P004.jpg,0.953065,25.044978,ok
EES0423379__X06__Y45__P005.jpg,0.979948,30.183434,ok
EES0423379__X0C__Y45__P006.jpg,0.905247,25.348779,ok
EES0423379__X0F__Y45__P007.jpg,0.967530,25.973625,ok
EES0423379__X15__Y0C__P008.jpg,0.917356,23.815756,ok
EES0423379__X18__Y45__P009.jpg,0.932405,26.775299,ok
EES0423379__X1B__Y09__P010.jpg,0.956819,29.033809,ok
EES0423379__X1B__Y45__P011.jpg,0.892794,25.662291,ok
EES0423379__X2A__Y09__P012.jpg,0.892030,26.509638,ok
EES0423379__X2D__Y09__P013.jpg,0.942003,25.907102,ok
EES0423379__X33__Y45__P014.jpg,0.945128,26.634682,ok
EES0423379__X39__Y0F__P015.jpg,0.972376,25.111977,ok
EES0423379__X3C__Y3F__P016.jpg,0.950674,25.684992,ok
EES0423379__X3F__Y39__P017.jpg,0.859692,23.342722,ok
EES0423379__X42__Y36__P018.jpg,0.922023,24.658676,ok
EES0423379__X42__Y39__P019.jpg,0.928009,25.541806,ok
EES0423379__X42__Y3C__P020.jpg,0.914285,24.190920,ok
EES0423379__X45__Y1E__P021.jpg,0.915254,24.431730,ok
EES0423379__X45__Y21__P022.jpg,0.909719,24.200693,ok
EES0423379__X45__Y27__P023.jpg,0.836056,23.697420,ok
EES0423379__X45__Y2A__P024.jpg,0.909025,24.345522,ok
EES0423379__X45__Y30__P025.jpg,0.953697,25.965964,ok
EES0423380__X45__Y33__P001.jpg,0.972964,31.190081,ok
EES0423380__X45__Y36__P002.jpg,0.906103,26.260109,ok
EES0423380__X15__Y0C__P003.jpg,0.923512,25.081559,ok
EES0423380__X15__Y0F__P004.jpg,0.941313,24.268612,ok
EES0423380__X18__Y0C__P005.jpg,0.880907,24.419931,ok
EES0423380__X18__Y15__P006.jpg,0.925413,23.931734,ok
EES0423380__X18__Y18__P007.jpg,0.957910,24.139452,ok
EES0423380__X18__Y1B__P008.jpg,0.920050,23.903848,ok
EES0423380__X1B__Y09__P009.jpg,0.947633,24.666636,ok
EES0423380__X1B__Y1B__P010.jpg,0.968993,26.951469,ok
EES0423380__X1E__Y09__P011.jpg,0.962482,26.182501,ok
EES0423380__X1E__Y0C__P012.jpg,0.916166,26.563266,ok
EES0423380__X1E__Y15__P013.jpg,0.923454,25.059641,ok
EES0423380__X21__Y09__P014.jpg,0.936108,25.838469,ok
EES0423380__X21__Y0C__P015.jpg,0.911263,26.255469,ok
EES0423380__X21__Y15__P016.jpg,0.972967,29.800284,ok
EES0423380__X21__Y18__P017.jpg,0.971483,28.062931,ok
EES0423380__X21__Y1B__P018.jpg,0.976351,30.607185,ok
EES0423380__X21__Y1E__P019.jpg,0.944797,26.509823,ok
EES0423380__X24__Y09__P020.jpg,0.854204,23.455421,ok
EES0423380__X24__Y0C__P021.jpg,0.978881,32.541482,ok
EES0423380__X24__Y0F__P022.jpg,0.939872,29.512808,ok
EES0423380__X24__Y12__P023.jpg,0.971766,29.983328,ok
EES0423380__X24__Y15__P024.jpg,0.971799,36.087563,ok
EES0423380__X24__Y18__P025.jpg,0.951795,35.671992,ok
EES0423381__X24__Y1B__P001.jpg,0.967656,31.538753,ok
EES0423381__X24__Y1E__P002.jpg,0.946667,24.172785,ok
EES0423381__X24__Y24__P003.jpg,0.945485,24.357768,ok
EES0423381__X27__Y0C__P004.jpg,0.934004,26.540571,ok
EES0423381__X27__Y12__P005.jpg,0.938389,26.131114,ok
EES0423381__X27__Y15__P006.jpg,0.988498,35.894751,ok
EES0423381__X27__Y18__P007.jpg,0.898208,30.725074,ok
EES0423381__X27__Y1B__P008.jpg,0.940763,28.180462,ok
EES0423381__X2A__Y0C__P009.jpg,0.980829,28.308447,ok
EES0423381__X2A__Y0F__P010.jpg,0.950838,25.084830,ok
EES0423381__X2A__Y18__P011.jpg,0.972685,28.053286,ok
EES0423381__X2A__Y1B__P012.jpg,0.939311,26.781880,ok
EES0423381__X2A__Y21__P013.jpg,0.910062,23.932786,ok
EES0423381__X2A__Y24__P014.jpg,0.940418,25.424343,ok
EES0423381__X2D__Y0C__P015.jpg,0.859944,23.362059,ok
EES0423381__X2D__Y0F__P016.jpg,0.982014,29.513802,ok
EES0423381__X2D__Y1B__P017.jpg,0.969553,25.229216,ok
EES0423381__X30__Y0F__P018.jpg,0.908333,24.369052,ok
EES0423381__X30__Y12__P019.jpg,0.944555,24.123170,ok
EES0423381__X30__Y1E__P020.jpg,0.929090,25.478644,ok
EES0423381__X30__Y21__P021.jpg,0.953579,24.743796,ok
EES0423381__X33__Y1B__P022.jpg,0.956017,35.285003,ok
EES0423381__X33__Y1E__P023.jpg,0.945584,33.787013,ok
EES0423381__X33__Y21__P024.jpg,0.909037,24.500022,ok
EES0423381__X36__Y1B__P025.jpg,0.930202,26.291880,ok
EES0423382__X21__Y45__P001.jpg,0.913354,23.941027,ok
EES0423382__X24__Y06__P002.jpg,0.969813,28.610495,ok
EES0423382__X27__Y06__P003.jpg,0.964889,24.397745,ok
EES0423382__X2D__Y45__P004.jpg,0.936367,28.213281,ok
EES0423382__X3F__Y39__P005.jpg,0.929112,24.136118,ok
EES0423382__X42__Y18__P006.jpg,0.903699,25.784456,ok
EES0423382__X42__Y1B__P007.jpg,0.809818,23.491037,ok
EES0423382__X42__Y33__P008.jpg,0.867011,24.038434,ok
EES0423382__X42__Y36__P009.jpg,0.923909,25.043539,ok
EES0423382__X45__Y1E__P010.jpg,0.942765,24.458774,ok
EES0423382__X45__Y21__P011.jpg,0.927917,27.241074,ok
EES0423382__X45__Y24__P012.jpg,0.882919,24.951562,ok
EES0423382__X45__Y27__P013.jpg,0.865179,24.732380,ok
EES0423382__X45__Y2A__P014.jpg,0.945340,27.236537,ok
EES0423382__X45__Y2D__P015.jpg,0.908129,25.656881,ok
EES0423382__X45__Y30__P016.jpg,0.971580,30.300816,ok
EES0423382__X15__Y45__P017.jpg,0.834250,23.147470,ok
EES0423382__X18__Y0C__P018.jpg,0.976778,29.532363,ok
EES0423382__X1B__Y0C__P019.jpg,0.797400,24.636506,ok
EES0423382__X1E__Y0C__P020.jpg,0.884188,28.427982,ok
EES0423382__X21__Y0C__P021.jpg,0.903398,26.466678,ok
EES0423382__X24__Y0C__P022.jpg,0.822300,24.859280,ok
EES0423382__X27__Y0C__P023.jpg,0.912531,28.013644,ok
EES0423382__X2D__Y0C__P024.jpg,0.977687,25.570390,ok
EES0423382__X42__Y24__P025.jpg,0.979506,26.758491,ok
EES0423383__X42__Y27__P001.jpg,0.948303,28.445801,ok
EES0423383__X42__Y2A__P002.jpg,0.902512,25.357724,ok
EES0423383__X42__Y2D__P003.jpg,0.876248,24.220323,ok
EES0423383__X42__Y30__P004.jpg,0.956415,29.745675,ok
EES0423383__X42__Y33__P005.jpg,0.966501,26.243193,ok
EES0423383__X42__Y36__P006.jpg,0.973950,24.722338,ok
EES0423383__X03__Y1E__P007.jpg,0.897347,25.202568,ok
EES0423383__X06__Y15__P008.jpg,0.953450,24.556700,ok
EES0423383__X15__Y21__P009.jpg,0.967498,24.528933,ok
EES0423383__X18__Y21__P010.jpg,0.962129,24.914716,ok
EES0423383__X18__Y27__P011.jpg,0.961505,24.778473,ok
EES0423383__X18__Y3C__P012.jpg,0.966316,24.690918,ok
EES0423383__X1B__Y27__P013.jpg,0.966785,24.624442,ok
EES0423383__X1E__Y1E__P014.jpg,0.954375,24.182511,ok
EES0423383__X1E__Y2A__P015.jpg,0.955828,24.335947,ok
EES0423383__X21__Y2A__P016.jpg,0.946263,24.101191,ok
EES0423383__X24__Y3F__P017.jpg,0.958567,28.034784,ok
EES0423383__X2A__Y1E__P018.jpg,0.954038,24.401285,ok
EES0423383__X33__Y39__P019.jpg,0.954806,24.714267,ok
EES0423383__X36__Y21__P020.jpg,0.962591,25.883456,ok
EES0423383__X36__Y27__P021.jpg,0.948328,24.301430,ok
EES0423383__X36__Y39__P022.jpg,0.913466,24.964120,ok
EES0423383__X39__Y36__P023.jpg,0.949393,25.159751,ok
EES0423383__X39__Y39__P024.jpg,0.975399,32.279189,ok
EES0423383__X3F__Y21__P025.jpg,0.951653,24.678095,ok
EES0423384__X3F__Y2A__P001.jpg,0.971538,25.713029,ok
EES0423384__X42__Y21__P002.jpg,0.949309,25.295880,ok
EES0423384__X1B__Y09__P003.jpg,0.955887,25.268681,ok
EES0423384__X21__Y09__P004.jpg,0.907286,24.000385,ok
EES0423384__X21__Y0C__P005.jpg,0.825798,23.445523,ok
EES0423384__X21__Y0F__P006.jpg,0.846523,23.181227,ok
EES0423384__X21__Y45__P007.jpg,0.907886,24.337361,ok
EES0423384__X24__Y09__P008.jpg,0.961892,24.459999,ok
EES0423384__X24__Y45__P009.jpg,0.913920,25.510917,ok
EES0423384__X30__Y0C__P010.jpg,0.968935,24.284073,ok
EES0423384__X06__Y33__P011.jpg,0.938543,24.768253,ok
EES0423384__X06__Y36__P012.jpg,0.952335,26.185261,ok
EES0423384__X0F__Y45__P013.jpg,0.936707,24.995625,ok
EES0423384__X21__Y0C__P014.jpg,0.868697,25.820656,ok
EES0423384__X24__Y0C__P015.jpg,0.839665,23.334221,ok
EES0423384__X42__Y27__P016.jpg,0.964377,26.054159,ok
EES0423384__X42__Y36__P017.jpg,0.963028,30.740729,ok
EES0423384__X42__Y39__P018.jpg,0.960471,28.375466,ok
EES0423384__X09__Y30__P019.jpg,0.911281,24.758729,ok
EES0423384__X0C__Y30__P020.jpg,0.951004,25.479967,ok
EES0423384__X0C__Y33__P021.jpg,0.950725,27.015647,ok
EES0423384__X0C__Y36__P022.jpg,0.961087,24.232165,ok
EES0423384__X0F__Y33__P023.jpg,0.944513,24.614365,ok
EES0423384__X18__Y3F__P024.jpg,0.920956,25.562821,ok
EES0423384__X21__Y3F__P025.jpg,0.946459,24.983067,ok
EES0423385__X21__Y42__P001.jpg,0.971816,26.576646,ok
EES0423385__X24__Y45__P002.jpg,0.936455,30.158618,ok
EES0423385__X27__Y45__P003.jpg,0.958521,31.392662,ok
EES0423385__X2A__Y42__P004.jpg,0.892715,23.626417,ok
EES0423385__X2A__Y45__P005.jpg,0.955289,31.950194,ok
EES0423385__X2D__Y42__P006.jpg,0.910196,26.863020,ok
EES0423385__X2D__Y45__P007.jpg,0.967294,32.694116,ok
EES0423385__X30__Y06__P008.jpg,0.963847,30.119386,ok
EES0423385__X30__Y42__P009.jpg,0.978809,28.639571,ok
EES0423385__X30__Y45__P010.jpg,0.961033,32.664699,ok
EES0423385__X3C__Y30__P011.jpg,0.909309,23.983890,ok
EES0423385__X06__Y1B__P012.jpg,0.968583,28.487186,ok
EES0423385__X06__Y1E__P013.jpg,0.948900,29.153390,ok
EES0423385__X2A__Y09__P014.jpg,0.817635,22.972843,ok
EES0423385__X2D__Y09__P015.jpg,0.890819,27.589156,ok
EES0423385__X30__Y09__P016.jpg,0.978967,31.139635,ok
EES0423385__X45__Y1B__P017.jpg,0.977872,27.601006,ok
EES0423385__X45__Y1E__P018.jpg,0.889534,25.162140,ok
EES0423385__X48__Y1B__P019.jpg,0.952458,26.301470,ok
EES0423385__X48__Y1E__P020.jpg,0.978905,30.546131,ok
EES0423385__X06__Y24__P021.jpg,0.881580,23.651068,ok
EES0423385__X06__Y27__P022.jpg,0.827263,23.015026,ok
EES0423385__X06__Y2A__P023.jpg,0.749602,22.349335,ok
EES0423385__X06__Y2D__P024.jpg,0.839044,24.091979,ok
EES0423385__X0C__Y27__P025.jpg,0.823724,26.033475,ok
EES0423386__X2D__Y03__P001.jpg,0.937868,30.400499,ok
EES0423386__X39__Y3C__P002.jpg,0.854069,27.132438,ok
EES0423386__X42__Y0F__P003.jpg,0.903326,25.024424,ok
EES0423386__X45__Y30__P004.jpg,0.865190,24.794177,ok
EES0423386__X48__Y1E__P005.jpg,0.942056,31.984581,ok
EES0423386__X48__Y21__P006.jpg,0.883576,26.506647,ok
EES0423386__X48__Y24__P007.jpg,0.941877,32.229263,ok
EES0423386__X0C__Y1B__P008.jpg,0.931013,32.443806,ok
EES0423386__X0C__Y1E__P009.jpg,0.894320,27.497454,ok
EES0423386__X0C__Y21__P010.jpg,0.922947,32.119572,ok
EES0423386__X0C__Y24__P011.jpg,0.853793,24.668360,ok
EES0423386__X0F__Y12__P012.jpg,0.931440,29.005752,ok
EES0423386__X0F__Y30__P013.jpg,0.869026,25.139130,ok
EES0423386__X18__Y09__P014.jpg,0.892484,24.639535,ok
EES0423386__X1E__Y06__P015.jpg,0.804799,23.979432,ok
EES0423386__X24__Y03__P016.jpg,0.940488,36.730006,ok
EES0423386__X27__Y03__P017.jpg,0.875378,26.958251,ok
EES0423386__X2A__Y03__P018.jpg,0.915527,30.977214,ok
EES0423386__X30__Y3C__P019.jpg,0.868477,24.536128,ok
EES0423386__X33__Y3C__P020.jpg,0.866694,25.285384,ok
EES0423386__X3F__Y0F__P021.jpg,0.825078,23.542137,ok
EES0423386__X45__Y1B__P022.jpg,0.866971,25.846991,ok
EES0423386__X45__Y2A__P023.jpg,0.931608,33.420840,ok
EES0423386__X12__Y30__P024.jpg,0.759986,23.703973,ok
EES0423386__X15__Y27__P025.jpg,0.793565,23.659427,ok
EES0423387__X3C__Y0C__P001.jpg,0.894105,25.411113,ok
EES0423387__X06__Y1B__P002.jpg,0.947010,37.794872,ok
EES0423387__X06__Y1E__P003.jpg,0.819391,23.759507,ok
EES0423387__X06__Y21__P004.jpg,0.925438,31.790959,ok
EES0423387__X06__Y27__P005.jpg,0.849759,25.334988,ok
EES0423387__X06__Y2A__P006.jpg,0.893864,27.202358,ok
EES0423387__X09__Y15__P007.jpg,0.922144,30.564058,ok
EES0423387__X09__Y18__P008.jpg,0.931077,29.818381,ok
EES0423387__X09__Y30__P009.jpg,0.903949,24.882409,ok
EES0423387__X0C__Y12__P010.jpg,0.885714,25.314100,ok
EES0423387__X0F__Y39__P011.jpg,0.851523,24.693565,ok
EES0423387__X12__Y0C__P012.jpg,0.851104,25.583931,ok
EES0423387__X12__Y3C__P013.jpg,0.885376,25.785136,ok
EES0423387__X15__Y09__P014.jpg,0.879752,26.780736,ok
EES0423387__X18__Y09__P015.jpg,0.816732,22.896591,ok
EES0423387__X1B__Y42__P016.jpg,0.932410,29.886408,ok
EES0423387__X1E__Y06__P017.jpg,0.848488,27.538999,ok
EES0423387__X1E__Y42__P018.jpg,0.796878,22.958519,ok
EES0423387__X24__Y06__P019.jpg,0.806636,24.905154,ok
EES0423387__X27__Y06__P020.jpg,0.809922,23.878056,ok
EES0423387__X2A__Y06__P021.jpg,0.858143,27.687878,ok
EES0423387__X2D__Y06__P022.jpg,0.840888,24.417608,ok
EES0423387__X2D__Y42__P023.jpg,0.930182,32.157781,ok
EES0423387__X30__Y06__P024.jpg,0.849407,24.832667,ok
EES0423387__X30__Y42__P025.jpg,0.866232,26.825615,ok
EES0423388__X33__Y09__P001.jpg,0.885261,27.622230,ok
EES0423388__X36__Y09__P002.jpg,0.925764,29.520412,ok
EES0423388__X36__Y0C__P003.jpg,0.863136,27.118051,ok
EES0423388__X36__Y3C__P004.jpg,0.924516,25.735180,ok
EES0423388__X39__Y0C__P005.jpg,0.876088,25.621767,ok
EES0423388__X39__Y0F__P006.jpg,0.827450,24.759051,ok
EES0423388__X3C__Y0F__P007.jpg,0.821923,26.432282,ok
EES0423388__X3C__Y12__P008.jpg,0.875816,27.275820,ok
EES0423388__X3C__Y36__P009.jpg,0.902480,25.861337,ok
EES0423388__X3C__Y39__P010.jpg,0.863317,25.564051,ok
EES0423388__X3F__Y12__P011.jpg,0.866484,26.080146,ok
EES0423388__X3F__Y15__P012.jpg,0.898213,26.841313,ok
EES0423388__X3F__Y30__P013.jpg,0.910692,29.952424,ok
EES0423388__X3F__Y33__P014.jpg,0.940089,32.931191,ok
EES0423388__X3F__Y36__P015.jpg,0.815811,23.713290,ok
EES0423388__X42__Y18__P016.jpg,0.870647,27.107410,ok
EES0423388__X42__Y1B__P017.jpg,0.835227,25.491850,ok
EES0423388__X42__Y27__P018.jpg,0.918047,29.980304,ok
EES0423388__X42__Y2A__P019.jpg,0.827713,24.039662,ok
EES0423388__X42__Y30__P020.jpg,0.817966,24.158752,ok
EES0423388__X42__Y33__P021.jpg,0.752845,22.441596,ok
EES0423388__X45__Y1B__P022.jpg,0.942381,31.014706,ok
EES0423388__X45__Y1E__P023.jpg,0.864333,27.015759,ok
EES0423388__X45__Y21__P024.jpg,0.899631,28.387056,ok
EES0423388__X45__Y24__P025.jpg,0.907547,27.599295,ok
EES0423389__X09__Y21__P001.jpg,0.974364,35.476636,ok
EES0423389__X09__Y24__P002.jpg,0.969066,27.169703,ok
EES0423389__X0C__Y12__P003.jpg,0.966245,24.731875,ok
EES0423389__X0C__Y15__P004.jpg,0.909634,24.295425,ok
EES0423389__X0C__Y1B__P005.jpg,0.845633,23.591313,ok
EES0423389__X0C__Y21__P006.jpg,0.864700,25.756062,ok
EES0423389__X0C__Y24__P007.jpg,0.881766,27.243063,ok
EES0423389__X0F__Y27__P008.jpg,0.803011,22.990258,ok
EES0423389__X0F__Y2A__P009.jpg,0.838248,23.726027,ok
EES0423389__X0F__Y2D__P010.jpg,0.900079,24.521272,ok
EES0423389__X0F__Y30__P011.jpg,0.942026,25.388707,ok
EES0423389__X15__Y39__P012.jpg,0.947920,25.408966,ok
EES0423389__X18__Y06__P013.jpg,0.953761,24.322964,ok
EES0423389__X18__Y39__P014.jpg,0.784142,23.047454,ok
EES0423389__X18__Y3C__P015.jpg,0.964822,26.559211,ok
EES0423389__X1B__Y39__P016.jpg,0.884034,25.557907,ok
EES0423389__X21__Y03__P017.jpg,0.948742,30.496409,ok
EES0423389__X24__Y03__P018.jpg,0.934767,28.611400,ok
EES0423389__X27__Y03__P019.jpg,0.896287,24.321408,ok
EES0423389__X27__Y3F__P020.jpg,0.914178,24.687293,ok
EES0423389__X2A__Y03__P021.jpg,0.919638,24.621489,ok
EES0423389__X2A__Y3C__P022.jpg,0.835742,24.002228,ok
EES0423389__X2D__Y3F__P023.jpg,0.948957,24.842478,ok
EES0423389__X45__Y2A__P024.jpg,0.878921,24.034611,ok
EES0423389__X12__Y36__P025.jpg,0.882202,25.804562,ok
EES0423390__X27__Y06__P001.jpg,0.943880,29.160210,ok
EES0423390__X27__Y3C__P002.jpg,0.867080,25.086308,ok
EES0423390__X2A__Y3C__P003.jpg,0.882416,26.755877,ok
EES0423390__X2D__Y3C__P004.jpg,0.892683,26.221835,ok
EES0423390__X30__Y3C__P005.jpg,0.849559,24.355232,ok
EES0423390__X33__Y3C__P006.jpg,0.798480,23.935490,ok
EES0423390__X36__Y3C__P007.jpg,0.863957,24.820037,ok
EES0423390__X42__Y18__P008.jpg,0.966193,27.023389,ok
EES0423390__X42__Y2D__P009.jpg,0.878075,24.734292,ok
EES0423390__X42__Y30__P010.jpg,0.974703,28.956616,ok
EES0423390__X0C__Y1E__P011.jpg,0.910180,26.281350,ok
EES0423390__X0C__Y21__P012.jpg,0.925128,25.322944,ok
EES0423390__X0C__Y24__P013.jpg,0.924578,24.651482,ok
EES0423390__X0F__Y1E__P014.jpg,0.930956,25.745043,ok
EES0423390__X18__Y12__P015.jpg,0.927952,25.016748,ok
EES0423390__X1B__Y0F__P016.jpg,0.938955,26.206930,ok
EES0423390__X21__Y0C__P017.jpg,0.900400,24.631434,ok
EES0423390__X2A__Y09__P018.jpg,0.827827,23.198052,ok
EES0423390__X30__Y09__P019.jpg,0.964329,24.923042,ok
EES0423390__X36__Y42__P020.jpg,0.975760,26.783790,ok
EES0423390__X09__Y30__P021.jpg,0.966829,25.845461,ok
EES0423390__X0C__Y1B__P022.jpg,0.963163,26.533569,ok
EES0423390__X0C__Y30__P023.jpg,0.960978,25.433424,ok
EES0423390__X12__Y0F__P024.jpg,0.952944,26.234393,ok
EES0423390__X12__Y39__P025.jpg,0.944115,24.897027,ok
EES0423391__X15__Y3C__P001.jpg,0.923971,24.251521,ok
EES0423391__X1B__Y09__P002.jpg,0.987889,31.325704,ok
EES0423391__X1E__Y09__P003.jpg,0.823816,24.773650,ok
EES0423391__X21__Y42__P004.jpg,0.891699,24.608249,ok
EES0423391__X24__Y42__P005.jpg,0.911621,27.941321,ok
EES0423391__X27__Y42__P006.jpg,0.944272,27.780527,ok
EES0423391__X2A__Y42__P007.jpg,0.914808,24.699307,ok
EES0423391__X33__Y09__P008.jpg,0.838011,23.574745,ok
EES0423391__X36__Y09__P009.jpg,0.989869,30.139741,ok
EES0423391__X39__Y0C__P010.jpg,0.945873,25.351705,ok
EES0423391__X39__Y42__P011.jpg,0.931148,24.175510,ok
EES0423391__X3C__Y0C__P012.jpg,0.960948,25.653692,ok
EES0423391__X42__Y36__P013.jpg,0.932822,24.024704,ok
EES0423391__X45__Y36__P014.jpg,0.951716,25.947614,ok
EES0423391__X09__Y1B__P015.jpg,0.873206,24.761664,ok
EES0423391__X09__Y21__P016.jpg,0.886567,25.711105,ok
EES0423391__X09__Y24__P017.jpg,0.827062,23.243043,ok
EES0423391__X09__Y27__P018.jpg,0.878686,25.043721,ok
EES0423391__X09__Y2A__P019.jpg,0.915182,26.232476,ok
EES0423391__X09__Y2D__P020.jpg,0.968544,26.769171,ok
EES0423391__X0C__Y1E__P021.jpg,0.840437,23.262991,ok
EES0423391__X0C__Y24__P022.jpg,0.862909,23.634553,ok
EES0423391__X0C__Y30__P023.jpg,0.897256,24.741004,ok
EES0423391__X0F__Y36__P024.jpg,0.948035,25.176138,ok
EES0423391__X12__Y36__P025.jpg,0.862713,23.388566,ok
EES0423392__X12__Y39__P001.jpg,0.961493,25.360477,ok
EES0423392__X18__Y06__P002.jpg,0.933219,24.857206,ok
EES0423392__X1B__Y06__P003.jpg,0.864527,23.546018,ok
EES0423392__X1E__Y3F__P004.jpg,0.977370,32.225287,ok
EES0423392__X21__Y3F__P005.jpg,0.853326,23.515809,ok
EES0423392__X2D__Y06__P006.jpg,0.987754,32.596160,ok
EES0423392__X2D__Y3F__P007.jpg,0.965042,25.535980,ok
EES0423392__X30__Y06__P008.jpg,0.921428,25.128271,ok
EES0423392__X21__Y15__P009.jpg,0.940635,24.184772,ok
EES0423392__X30__Y30__P010.jpg,0.899833,24.147865,ok
EES0423392__X33__Y18__P011.jpg,0.870827,23.684437,ok
EES0423392__X33__Y21__P012.jpg,0.898695,23.653836,ok
EES0423392__X36__Y18__P013.jpg,0.921745,25.484621,ok
EES0423392__X36__Y1B__P014.jpg,0.919752,26.422799,ok
EES0423392__X12__Y39__P015.jpg,0.973072,25.229922,ok
EES0423392__X1B__Y03__P016.jpg,0.905199,24.701002,ok
EES0423392__X21__Y3F__P017.jpg,0.951457,24.398789,ok
EES0423392__X24__Y3F__P018.jpg,0.921757,24.072499,ok
EES0423392__X27__Y3F__P019.jpg,0.930061,25.384209,ok
EES0423392__X2A__Y3F__P020.jpg,0.975863,30.124805,ok
EES0423392__X2D__Y3F__P021.jpg,0.953681,24.282682,ok
EES0423392__X0C__Y1B__P022.jpg,0.869520,23.880961,ok
EES0423392__X24__Y09__P023.jpg,0.838520,23.195490,ok
EES0423392__X27__Y09__P024.jpg,0.739236,22.424469,ok
EES0423392__X36__Y0C__P025.jpg,0.835685,24.656843,ok
EES0423393__X03__Y2D__P001.jpg,0.966306,25.203755,ok
EES0423393__X3F__Y36__P002.jpg,0.972246,24.500206,ok
EES0423393__X1B__Y30__P003.jpg,0.810423,23.027288,ok
EES0423393__X1E__Y27__P004.jpg,0.826762,23.843238,ok
EES0423393__X1E__Y2A__P005.jpg,0.929445,25.176890,ok
EES0423393__X33__Y36__P006.jpg,0.817120,23.121671,ok
EES0423393__X33__Y3C__P007.jpg,0.974345,24.625185,ok
EES0423393__X0F__Y06__P008.jpg,0.946312,24.660984,ok
EES0423393__X3F__Y1E__P009.jpg,0.968563,24.847443,ok
EES0423393__X03__Y1E__P010.jpg,0.967529,25.197551,ok
EES0423393__X03__Y21__P011.jpg,0.967545,24.770486,ok
EES0423393__X03__Y27__P012.jpg,0.972324,24.570126,ok
EES0423393__X03__Y30__P013.jpg,0.955330,25.889753,ok
EES0423393__X03__Y42__P014.jpg,0.936972,23.957327,ok
EES0423393__X06__Y30__P015.jpg,0.966498,25.495295,ok
EES0423393__X06__Y33__P016.jpg,0.976118,24.674644,ok
EES0423393__X15__Y0F__P017.jpg,0.918718,24.347134,ok
EES0423393__X39__Y06__P018.jpg,0.956046,24.383743,ok
EES0423393__X3C__Y06__P019.jpg,0.970559,26.918534,ok
EES0423393__X3C__Y36__P020.jpg,0.983586,25.038562,ok
EES0423393__X45__Y06__P021.jpg,0.978432,24.688579,ok
EES0423393__X45__Y18__P022.jpg,0.974643,25.017805,ok
EES0423393__X12__Y21__P023.jpg,0.896735,23.876249,ok
EES0423393__X1E__Y24__P024.jpg,0.875260,25.231963,ok
EES0423393__X30__Y30__P025.jpg,0.866735,24.386705,ok
EES0423394__X06__Y0F__P001.jpg,0.969443,24.368986,ok
EES0423394__X2D__Y42__P002.jpg,0.946433,25.336282,ok
EES0423394__X30__Y42__P003.jpg,0.969574,28.179903,ok
EES0423394__X33__Y3F__P004.jpg,0.955463,24.756255,ok
EES0423394__X33__Y42__P005.jpg,0.974105,24.838449,ok
EES0423394__X36__Y3F__P006.jpg,0.966419,25.060991,ok
EES0423394__X3F__Y15__P007.jpg,0.965056,24.715241,ok
EES0423394__X3F__Y33__P008.jpg,0.968174,26.514825,ok
EES0423394__X3F__Y39__P009.jpg,0.974336,24.308259,ok
EES0423394__X3C__Y2D__P010.jpg,0.935343,24.082057,ok
EES0423394__X30__Y06__P011.jpg,0.950359,24.085142,ok
EES0423394__X03__Y24__P012.jpg,0.963342,24.738888,ok
EES0423394__X03__Y27__P013.jpg,0.967657,24.550942,ok
EES0423394__X06__Y2A__P014.jpg,0.969544,24.451838,ok
EES0423394__X15__Y3C__P015.jpg,0.933334,24.016775,ok
EES0423394__X18__Y3C__P016.jpg,0.973242,24.453127,ok
EES0423394__X27__Y03__P017.jpg,0.948736,24.142461,ok
EES0423394__X3C__Y15__P018.jpg,0.969420,25.328916,ok
EES0423394__X03__Y18__P019.jpg,0.959842,24.250740,ok
EES0423394__X03__Y1E__P020.jpg,0.949213,25.782610,ok
EES0423394__X0F__Y03__P021.jpg,0.972368,24.556874,ok
EES0423394__X15__Y39__P022.jpg,0.954781,24.485616,ok
EES0423394__X15__Y3C__P023.jpg,0.962125,24.408389,ok
EES0423394__X2A__Y3C__P024.jpg,0.975622,25.261111,ok
EES0423394__X30__Y06__P025.jpg,0.973063,24.376577,ok
EES0423395__X1B__Y06__P001.jpg,0.963498,25.170496,ok
EES0423395__X36__Y09__P002.jpg,0.978964,24.923268,ok
EES0423395__X3F__Y15__P003.jpg,0.918236,23.783177,ok
EES0423395__X06__Y15__P004.jpg,0.975530,24.911961,ok
EES0423395__X06__Y1B__P005.jpg,0.968109,24.406228,ok
EES0423395__X06__Y21__P006.jpg,0.964566,26.116853,ok
EES0423395__X06__Y24__P007.jpg,0.948453,24.260991,ok
EES0423395__X06__Y27__P008.jpg,0.964347,24.234582,ok
EES0423395__X09__Y15__P009.jpg,0.973006,25.167121,ok
EES0423395__X09__Y18__P010.jpg,0.967732,25.613844,ok
EES0423395__X12__Y09__P011.jpg,0.936080,24.004934,ok
EES0423395__X21__Y3F__P012.jpg,0.955799,24.431548,ok
EES0423395__X3F__Y18__P013.jpg,0.966588,26.489755,ok
EES0423395__X03__Y18__P014.jpg,0.959025,24.393980,ok
EES0423395__X03__Y1B__P015.jpg,0.972538,24.485097,ok
EES0423395__X03__Y21__P016.jpg,0.970511,24.241619,ok
EES0423395__X03__Y24__P017.jpg,0.968133,25.103100,ok
EES0423395__X18__Y03__P018.jpg,0.952223,25.019112,ok
EES0423395__X30__Y03__P019.jpg,0.944750,24.011705,ok
EES0423395__X33__Y03__P020.jpg,0.971480,24.728848,ok
EES0423395__X3F__Y2D__P021.jpg,0.949651,24.539793,ok
EES0423395__X03__Y1E__P022.jpg,0.974351,24.816585,ok
EES0423395__X06__Y2D__P023.jpg,0.970569,24.575318,ok
EES0423395__X0F__Y3C__P024.jpg,0.964326,25.490147,ok
EES0423395__X15__Y0C__P025.jpg,0.929557,24.115273,ok
EES0423396__X12__Y09__P001.jpg,0.923567,24.476240,ok
EES0423396__X12__Y39__P002.jpg,0.816652,23.578884,ok
EES0423396__X15__Y06__P003.jpg,0.957392,28.613714,ok
EES0423396__X15__Y09__P004.jpg,0.967280,27.163767,ok
EES0423396__X15__Y3C__P005.jpg,0.837019,23.169643,ok
EES0423396__X15__Y3F__P006.jpg,0.930202,24.023703,ok
EES0423396__X18__Y06__P007.jpg,0.943225,26.183860,ok
EES0423396__X1B__Y3F__P008.jpg,0.861671,24.106739,ok
EES0423396__X1E__Y06__P009.jpg,0.966887,26.759473,ok
EES0423396__X21__Y06__P010.jpg,0.959681,28.318213,ok
EES0423396__X21__Y42__P011.jpg,0.832322,23.448775,ok
EES0423396__X24__Y06__P012.jpg,0.915815,27.913687,ok
EES0423396__X24__Y42__P013.jpg,0.837995,23.272793,ok
EES0423396__X27__Y06__P014.jpg,0.958191,29.245555,ok
EES0423396__X2A__Y06__P015.jpg,0.945855,26.036417,ok
EES0423396__X2D__Y06__P016.jpg,0.976560,29.968801,ok
EES0423396__X30__Y09__P017.jpg,0.937529,25.230861,ok
EES0423396__X33__Y09__P018.jpg,0.956142,25.467228,ok
EES0423396__X39__Y0F__P019.jpg,0.959100,24.876706,ok
EES0423396__X3C__Y12__P020.jpg,0.939757,24.498473,ok
EES0423396__X3C__Y39__P021.jpg,0.862539,23.694291,ok
EES0423396__X3F__Y15__P022.jpg,0.948061,25.810420,ok
EES0423396__X3F__Y18__P023.jpg,0.955226,25.380586,ok
EES0423396__X3F__Y30__P024.jpg,0.955182,24.812715,ok
EES0423396__X3F__Y33__P025.jpg,0.935971,25.249892,ok
EES0423397__X2D__Y06__P001.jpg,0.976859,27.122711,ok
EES0423397__X3C__Y0C__P002.jpg,0.966582,26.631693,ok
EES0423397__X0C__Y24__P003.jpg,0.935702,24.001949,ok
EES0423397__X0C__Y27__P004.jpg,0.943419,24.016417,ok
EES0423397__X18__Y09__P005.jpg,0.968733,27.301142,ok
EES0423397__X2A__Y06__P006.jpg,0.912475,23.929412,ok
EES0423397__X36__Y12__P007.jpg,0.960648,25.201757,ok
EES0423397__X03__Y18__P008.jpg,0.977938,29.586216,ok
EES0423397__X03__Y1B__P009.jpg,0.942140,25.028654,ok
EES0423397__X03__Y1E__P010.jpg,0.949261,25.531650,ok
EES0423397__X03__Y21__P011.jpg,0.947184,25.214881,ok
EES0423397__X03__Y24__P012.jpg,0.946479,26.837651,ok
EES0423397__X03__Y27__P013.jpg,0.976254,26.665874,ok
EES0423397__X06__Y12__P014.jpg,0.945088,24.879288,ok
EES0423397__X06__Y15__P015.jpg,0.967599,27.477014,ok
EES0423397__X12__Y06__P016.jpg,0.971689,25.577198,ok
EES0423397__X18__Y03__P017.jpg,0.969313,30.260396,ok
EES0423397__X1B__Y03__P018.jpg,0.912212,23.887325,ok
EES0423397__X1E__Y03__P019.jpg,0.954682,30.186808,ok
EES0423397__X21__Y03__P020.jpg,0.915311,24.721696,ok
EES0423397__X30__Y03__P021.jpg,0.973465,26.300493,ok
EES0423397__X33__Y06__P022.jpg,0.952137,24.644814,ok
EES0423397__X39__Y09__P023.jpg,0.964842,25.415321,ok
EES0423397__X3C__Y06__P024.jpg,0.975568,25.577982,ok
EES0423397__X3F__Y0C__P025.jpg,0.973319,25.746944,ok
EES0423398__X3F__Y15__P001.jpg,0.951237,24.220500,ok
EES0423398__X42__Y1B__P002.jpg,0.950820,25.461343,ok
EES0423398__X42__Y1E__P003.jpg,0.959199,26.766912,ok
EES0423398__X42__Y27__P004.jpg,0.956409,24.501292,ok
EES0423398__X42__Y2A__P005.jpg,0.960881,25.325852,ok
EES0423398__X45__Y24__P006.jpg,0.962801,26.200344,ok
EES0423398__X03__Y15__P007.jpg,0.962859,27.119567,ok
EES0423398__X03__Y18__P008.jpg,0.926772,25.189232,ok
EES0423398__X03__Y1B__P009.jpg,0.944595,25.132234,ok
EES0423398__X03__Y1E__P010.jpg,0.868370,23.639633,ok
EES0423398__X03__Y21__P011.jpg,0.933733,24.269742,ok
EES0423398__X03__Y24__P012.jpg,0.927061,24.346338,ok
EES0423398__X03__Y2D__P013.jpg,0.942624,25.231307,ok
EES0423398__X06__Y0F__P014.jpg,0.918574,25.008462,ok
EES0423398__X06__Y2D__P015.jpg,0.939229,24.595531,ok
EES0423398__X0C__Y36__P016.jpg,0.950416,26.095907,ok
EES0423398__X0F__Y39__P017.jpg,0.930486,26.207430,ok
EES0423398__X0F__Y3F__P018.jpg,0.936387,25.894369,ok
EES0423398__X12__Y3C__P019.jpg,0.949820,26.185700,ok
EES0423398__X15__Y3C__P020.jpg,0.782635,22.754880,ok
EES0423398__X15__Y3F__P021.jpg,0.955029,25.545605,ok
EES0423398__X18__Y3F__P022.jpg,0.914835,25.124688,ok
EES0423398__X21__Y3C__P023.jpg,0.743350,22.307578,ok
EES0423398__X2A__Y3C__P024.jpg,0.952543,25.971518,ok
EES0423398__X2D__Y3C__P025.jpg,0.972913,26.926335,ok
EES0423399__X30__Y03__P001.jpg,0.944641,25.029695,ok
EES0423399__X30__Y39__P002.jpg,0.901973,24.590207,ok
EES0423399__X36__Y06__P003.jpg,0.955451,25.436219,ok
EES0423399__X3C__Y0C__P004.jpg,0.977126,25.878786,ok
EES0423399__X3C__Y30__P005.jpg,0.970744,26.558261,ok
EES0423399__X3C__Y33__P006.jpg,0.976158,26.756086,ok
EES0423399__X3F__Y12__P007.jpg,0.935007,25.049779,ok
EES0423399__X3F__Y27__P008.jpg,0.866635,23.750254,ok
EES0423399__X3F__Y2A__P009.jpg,0.939539,26.280744,ok
EES0423399__X42__Y24__P010.jpg,0.974221,26.724962,ok
EES0423399__X06__Y1E__P011.jpg,0.980289,27.117468,ok
EES0423399__X0C__Y0F__P012.jpg,0.971740,24.241427,ok
EES0423399__X1E__Y0C__P013.jpg,0.933037,24.129349,ok
EES0423399__X2A__Y0C__P014.jpg,0.932164,24.025457,ok
EES0423399__X2A__Y0F__P015.jpg,0.946921,24.642219,ok
EES0423399__X3F__Y1E__P016.jpg,0.932310,23.986524,ok
EES0423399__X3F__Y24__P017.jpg,0.921607,23.847163,ok
EES0423399__X3F__Y27__P018.jpg,0.951153,25.485121,ok
EES0423399__X06__Y15__P019.jpg,0.902188,24.585879,ok
EES0423399__X12__Y06__P020.jpg,0.962824,24.505296,ok
EES0423399__X2D__Y33__P021.jpg,0.932339,24.206265,ok
EES0423399__X33__Y33__P022.jpg,0.941057,24.389528,ok
EES0423399__X36__Y24__P023.jpg,0.921997,24.004768,ok
EES0423399__X39__Y21__P024.jpg,0.916650,23.791946,ok
EES0423399__X06__Y1B__P025.jpg,0.967946,27.158157,ok
EES0423400__X3C__Y21__P001.jpg,0.884249,23.805448,ok
EES0423400__X18__Y3F__P002.jpg,0.965954,26.821868,ok
EES0423400__X33__Y30__P003.jpg,0.905591,24.768761,ok
EES0423400__X3C__Y1B__P004.jpg,0.934737,26.564848,ok
EES0423400__X21__Y06__P005.jpg,0.908368,24.604805,ok
EES0423400__X24__Y06__P006.jpg,0.929298,23.880714,ok
EES0423400__X27__Y09__P007.jpg,0.924600,23.853961,ok
EES0423400__X27__Y0C__P008.jpg,0.933199,24.725683,ok
EES0423400__X2D__Y06__P009.jpg,0.930504,24.325927,ok
EES0423400__X2D__Y09__P010.jpg,0.878950,23.505990,ok
EES0423400__X30__Y09__P011.jpg,0.904059,23.902666,ok
EES0423400__X33__Y09__P012.jpg,0.972126,27.360771,ok
EES0423400__X36__Y06__P013.jpg,0.972472,29.820186,ok
EES0423400__X39__Y06__P014.jpg,0.977112,33.237644,ok
EES0423400__X03__Y1B__P015.jpg,0.855924,24.391307,ok
EES0423400__X03__Y2D__P016.jpg,0.969982,24.319641,ok
EES0423400__X06__Y0F__P017.jpg,0.927421,25.496342,ok
EES0423400__X06__Y12__P018.jpg,0.947698,25.641703,ok
EES0423400__X06__Y33__P019.jpg,0.978351,27.727829,ok
EES0423400__X06__Y3C__P020.jpg,0.979390,26.578389,ok
EES0423400__X09__Y0F__P021.jpg,0.935059,24.578520,ok
EES0423400__X09__Y39__P022.jpg,0.940172,24.993687,ok
EES0423400__X09__Y3C__P023.jpg,0.957327,25.697967,ok
EES0423400__X0F__Y09__P024.jpg,0.930231,24.101344,ok
EES0423400__X12__Y42__P025.jpg,0.937319,24.454089,ok
EES0423401__X18__Y06__P001.jpg,0.974881,27.074451,ok
EES0423401__X18__Y42__P002.jpg,0.929513,25.196794,ok
EES0423401__X18__Y45__P003.jpg,0.963093,27.371076,ok
EES0423401__X1B__Y06__P004.jpg,0.944035,25.378440,ok
EES0423401__X1B__Y45__P005.jpg,0.968885,28.445279,ok
EES0423401__X1E__Y45__P006.jpg,0.975968,27.032161,ok
EES0423401__X24__Y45__P007.jpg,0.972776,26.900082,ok
EES0423401__X30__Y3F__P008.jpg,0.975473,26.379538,ok
EES0423401__X33__Y3C__P009.jpg,0.969926,26.335339,ok
EES0423401__X36__Y36__P010.jpg,0.918537,25.100999,ok
EES0423401__X39__Y2D__P011.jpg,0.902763,24.452194,ok
EES0423401__X39__Y33__P012.jpg,0.876661,23.914594,ok
EES0423401__X39__Y36__P013.jpg,0.964244,25.836454,ok
EES0423401__X3C__Y2A__P014.jpg,0.966654,26.011554,ok
EES0423401__X3C__Y2D__P015.jpg,0.923839,24.112010,ok
EES0423401__X3C__Y30__P016.jpg,0.975199,26.751706,ok
EES0423401__X3F__Y21__P017.jpg,0.980924,27.054483,ok
EES0423401__X03__Y21__P018.jpg,0.867981,23.757067,ok
EES0423401__X09__Y0F__P019.jpg,0.950806,25.938829,ok
EES0423401__X0C__Y0C__P020.jpg,0.972867,27.222471,ok
EES0423401__X1B__Y06__P021.jpg,0.888194,23.794122,ok
EES0423401__X36__Y2D__P022.jpg,0.825791,23.493906,ok
EES0423401__X0C__Y1B__P023.jpg,0.922883,23.878039,ok
EES0423401__X18__Y0F__P024.jpg,0.878856,24.036880,ok
EES0423401__X1E__Y09__P025.jpg,0.897177,24.197406,ok
EES0423402__X18__Y09__P001.jpg,0.910518,23.724308,ok
EES0423402__X1B__Y09__P002.jpg,0.936911,24.721626,ok
EES0423402__X21__Y09__P003.jpg,0.897477,23.659731,ok
EES0423402__X2A__Y09__P004.jpg,0.909904,24.254920,ok
EES0423402__X2A__Y42__P005.jpg,0.969216,27.350705,ok
EES0423402__X33__Y3F__P006.jpg,0.964139,25.687774,ok
EES0423402__X39__Y12__P007.jpg,0.921907,23.869195,ok
EES0423402__X3C__Y15__P008.jpg,0.917964,23.984447,ok
EES0423402__X3F__Y12__P009.jpg,0.958858,25.533466,ok
EES0423402__X42__Y15__P010.jpg,0.967190,26.643222,ok
EES0423402__X45__Y1B__P011.jpg,0.975748,28.297259,ok
EES0423402__X45__Y27__P012.jpg,0.926216,24.216852,ok
EES0423402__X45__Y2A__P013.jpg,0.968496,26.396840,ok
EES0423402__X45__Y2D__P014.jpg,0.940209,24.870917,ok
EES0423402__X2D__Y06__P015.jpg,0.967390,26.872219,ok
EES0423402__X03__Y0C__P016.jpg,0.911458,23.884706,ok
EES0423402__X03__Y0F__P017.jpg,0.949970,25.483789,ok
EES0423402__X03__Y12__P018.jpg,0.952425,25.079056,ok
EES0423402__X06__Y09__P019.jpg,0.936482,25.085486,ok
EES0423402__X06__Y1E__P020.jpg,0.956293,25.769980,ok
EES0423402__X06__Y24__P021.jpg,0.938013,24.854498,ok
EES0423402__X06__Y2A__P022.jpg,0.971711,27.695424,ok
EES0423402__X06__Y3C__P023.jpg,0.952570,25.415939,ok
EES0423402__X09__Y12__P024.jpg,0.936202,25.302441,ok
EES0423402__X09__Y15__P025.jpg,0.921433,24.814706,ok
EES0423403__X0F__Y15__P001.jpg,0.905176,25.046564,ok
EES0423403__X0F__Y1B__P002.jpg,0.940557,24.925605,ok
EES0423403__X0F__Y1E__P003.jpg,0.971263,27.190072,ok
EES0423403__X0F__Y21__P004.jpg,0.974349,26.864249,ok
EES0423403__X12__Y15__P005.jpg,0.880303,24.631870,ok
EES0423403__X12__Y18__P006.jpg,0.965613,26.898497,ok
EES0423403__X12__Y1B__P007.jpg,0.937515,25.920991,ok
EES0423403__X12__Y1E__P008.jpg,0.950184,26.369221,ok
EES0423403__X15__Y0F__P009.jpg,0.963979,25.705264,ok
EES0423403__X15__Y12__P010.jpg,0.931676,24.026824,ok
EES0423403__X15__Y15__P011.jpg,0.933263,26.470910,ok
EES0423403__X15__Y18__P012.jpg,0.958154,27.040632,ok
EES0423403__X15__Y1B__P013.jpg,0.921273,26.692730,ok
EES0423403__X15__Y1E__P014.jpg,0.940378,25.338606,ok
EES0423403__X15__Y21__P015.jpg,0.891676,23.742810,ok
EES0423403__X15__Y24__P016.jpg,0.951941,24.048491,ok
EES0423403__X18__Y0C__P017.jpg,0.972989,25.894706,ok
EES0423403__X18__Y0F__P018.jpg,0.962890,25.284256,ok
EES0423403__X18__Y12__P019.jpg,0.940848,25.722242,ok
EES0423403__X18__Y15__P020.jpg,0.944059,25.515856,ok
EES0423403__X18__Y18__P021.jpg,0.942787,27.412577,ok
EES0423403__X18__Y1B__P022.jpg,0.900772,24.471082,ok
EES0423403__X18__Y21__P023.jpg,0.892873,24.688528,ok
EES0423403__X1B__Y09__P024.jpg,0.936946,24.872592,ok
EES0423403__X1B__Y0C__P025.jpg,0.895718,24.036335,ok
EES0423404__X2D__Y06__P001.jpg,0.818061,26.458925,ok
EES0423404__X2D__Y09__P002.jpg,0.844126,25.178364,ok
EES0423404__X2D__Y3F__P003.jpg,0.748766,22.344030,ok
EES0423404__X2D__Y42__P004.jpg,0.944604,34.446447,ok
EES0423404__X30__Y06__P005.jpg,0.879897,27.699832,ok
EES0423404__X30__Y09__P006.jpg,0.829704,23.865674,ok
EES0423404__X36__Y09__P007.jpg,0.820609,22.957451,ok
EES0423404__X36__Y0C__P008.jpg,0.863970,23.682071,ok
EES0423404__X3C__Y0C__P009.jpg,0.944715,32.707912,ok
EES0423404__X3F__Y36__P010.jpg,0.906853,28.338721,ok
EES0423404__X42__Y15__P011.jpg,0.789563,25.963465,ok
EES0423404__X42__Y30__P012.jpg,0.737773,25.587561,ok
EES0423404__X0C__Y3C__P013.jpg,0.944563,32.724975,ok
EES0423404__X0C__Y3F__P014.jpg,0.883860,28.899581,ok
EES0423404__X12__Y3F__P015.jpg,0.944244,30.240958,ok
EES0423404__X30__Y3F__P016.jpg,0.943906,26.218434,ok
EES0423404__X39__Y39__P017.jpg,0.894685,26.022815,ok
EES0423404__X0F__Y1B__P018.jpg,0.945568,38.059255,ok
EES0423404__X12__Y1B__P019.jpg,0.844364,23.628918,ok
EES0423404__X12__Y2A__P020.jpg,0.924843,35.065022,ok
EES0423404__X15__Y0F__P021.jpg,0.943630,27.732700,ok
EES0423404__X15__Y21__P022.jpg,0.925317,32.381886,ok
EES0423404__X15__Y33__P023.jpg,0.915331,30.306523,ok
EES0423404__X18__Y1B__P024.jpg,0.837339,23.293242,ok
EES0423404__X18__Y1E__P025.jpg,0.894389,25.195180,ok
EES0423405__X18__Y27__P001.jpg,0.839888,24.626122,ok
EES0423405__X18__Y36__P002.jpg,0.878847,24.095057,ok
EES0423405__X1B__Y18__P003.jpg,0.843971,23.427861,ok
EES0423405__X1B__Y1B__P004.jpg,0.860338,27.611979,ok
EES0423405__X1E__Y1B__P005.jpg,0.848720,24.922659,ok
EES0423405__X21__Y18__P006.jpg,0.934471,35.374946,ok
EES0423405__X21__Y1B__P007.jpg,0.919452,27.985425,ok
EES0423405__X24__Y09__P008.jpg,0.872045,25.610939,ok
EES0423405__X24__Y0C__P009.jpg,0.861797,26.021136,ok
EES0423405__X24__Y12__P010.jpg,0.820467,23.806348,ok
EES0423405__X24__Y15__P011.jpg,0.885693,26.751390,ok
EES0423405__X27__Y09__P012.jpg,0.856684,23.720801,ok
EES0423405__X27__Y0C__P013.jpg,0.946936,35.925064,ok
EES0423405__X27__Y0F__P014.jpg,0.927654,30.119302,ok
EES0423405__X27__Y18__P015.jpg,0.818872,25.091267,ok
EES0423405__X2A__Y0C__P016.jpg,0.846850,23.680252,ok
EES0423405__X2A__Y0F__P017.jpg,0.887260,28.417631,ok
EES0423405__X2A__Y15__P018.jpg,0.889948,25.855903,ok
EES0423405__X2D__Y09__P019.jpg,0.941581,33.596395,ok
EES0423405__X2D__Y0C__P020.jpg,0.892855,27.694441,ok
EES0423405__X2D__Y0F__P021.jpg,0.862033,27.475718,ok
EES0423405__X2D__Y12__P022.jpg,0.924131,29.963707,ok
EES0423405__X30__Y0C__P023.jpg,0.853029,24.675997,ok
EES0423405__X30__Y0F__P024.jpg,0.951554,32.904761,ok
EES0423405__X30__Y12__P025.jpg,0.933301,30.679957,ok
EES0423406__X30__Y3C__P001.jpg,0.909232,26.167464,ok
EES0423406__X30__Y3F__P002.jpg,0.908333,24.673734,ok
EES0423406__X33__Y06__P003.jpg,0.946371,28.038389,ok
EES0423406__X33__Y0F__P004.jpg,0.862125,24.323388,ok
EES0423406__X33__Y18__P005.jpg,0.859322,26.769641,ok
EES0423406__X33__Y3C__P006.jpg,0.890438,28.037064,ok
EES0423406__X36__Y18__P007.jpg,0.883864,23.572186,ok
EES0423406__X36__Y21__P008.jpg,0.864368,24.214704,ok
EES0423406__X36__Y3C__P009.jpg,0.813698,23.587850,ok
EES0423406__X39__Y1E__P010.jpg,0.900751,25.276797,ok
EES0423406__X39__Y2D__P011.jpg,0.946275,34.118221,ok
EES0423406__X39__Y30__P012.jpg,0.909057,27.674158,ok
EES0423406__X39__Y36__P013.jpg,0.945654,38.595072,ok
EES0423406__X39__Y39__P014.jpg,0.922408,29.172945,ok
EES0423406__X3C__Y15__P015.jpg,0.899448,26.200292,ok
EES0423406__X3C__Y1E__P016.jpg,0.893943,25.752634,ok
EES0423406__X3C__Y24__P017.jpg,0.800590,23.639241,ok
EES0423406__X3C__Y2D__P018.jpg,0.883950,25.010852,ok
EES0423406__X3C__Y36__P019.jpg,0.903800,26.585470,ok
EES0423406__X3C__Y39__P020.jpg,0.943375,37.019861,ok
EES0423406__X3F__Y15__P021.jpg,0.933369,31.654006,ok
EES0423406__X3F__Y18__P022.jpg,0.952175,38.505882,ok
EES0423406__X3F__Y21__P023.jpg,0.910914,30.347250,ok
EES0423406__X3F__Y24__P024.jpg,0.891825,24.326136,ok
EES0423406__X3F__Y36__P025.jpg,0.951563,35.877743,ok
EES0423407__X1E__Y39__P001.jpg,0.849308,24.401420,ok
EES0423407__X21__Y33__P002.jpg,0.830216,23.288993,ok
EES0423407__X24__Y30__P003.jpg,0.782452,23.178089,ok
EES0423407__X24__Y33__P004.jpg,0.873350,24.101462,ok
EES0423407__X2A__Y33__P005.jpg,0.876611,23.919808,ok
EES0423407__X2D__Y36__P006.jpg,0.858416,24.714861,ok
EES0423407__X30__Y36__P007.jpg,0.873760,24.053064,ok
EES0423407__X33__Y36__P008.jpg,0.828394,26.356197,ok
EES0423407__X33__Y39__P009.jpg,0.841385,24.672156,ok
EES0423407__X33__Y3C__P010.jpg,0.849019,25.083533,ok
EES0423407__X33__Y42__P011.jpg,0.921525,26.288109,ok
EES0423407__X36__Y0C__P012.jpg,0.940370,33.095691,ok
EES0423407__X36__Y36__P013.jpg,0.810485,23.247191,ok
EES0423407__X36__Y39__P014.jpg,0.833093,24.506005,ok
EES0423407__X36__Y3F__P015.jpg,0.850756,23.219027,ok
EES0423407__X39__Y39__P016.jpg,0.857508,27.711099,ok
EES0423407__X3F__Y15__P017.jpg,0.942743,24.224036,ok
EES0423407__X3F__Y24__P018.jpg,0.910059,25.109786,ok
EES0423407__X3F__Y30__P019.jpg,0.867727,25.592138,ok
EES0423407__X42__Y33__P020.jpg,0.940582,31.533705,ok
EES0423407__X45__Y27__P021.jpg,0.959965,39.776121,ok
EES0423407__X0C__Y36__P022.jpg,0.944122,36.796859,ok
EES0423407__X0F__Y21__P023.jpg,0.926880,29.978525,ok
EES0423407__X0F__Y36__P024.jpg,0.915897,30.815560,ok
EES0423407__X12__Y12__P025.jpg,0.898485,30.048605,ok
EES0423408__X12__Y2A__P001.jpg,0.941188,34.089372,ok
EES0423408__X12__Y33__P002.jpg,0.825073,24.296977,ok
EES0423408__X15__Y18__P003.jpg,0.931711,29.720146,ok
EES0423408__X15__Y21__P004.jpg,0.934131,32.420508,ok
EES0423408__X15__Y2A__P005.jpg,0.932098,31.785702,ok
EES0423408__X15__Y30__P006.jpg,0.937023,28.403827,ok
EES0423408__X15__Y33__P007.jpg,0.864299,27.847349,ok
EES0423408__X18__Y21__P008.jpg,0.942236,35.152936,ok
EES0423408__X18__Y2A__P009.jpg,0.901492,27.365011,ok
EES0423408__X1B__Y12__P010.jpg,0.925397,29.131981,ok
EES0423408__X1B__Y2D__P011.jpg,0.949255,34.858388,ok
EES0423408__X1B__Y30__P012.jpg,0.935569,31.692255,ok
EES0423408__X1B__Y3F__P013.jpg,0.866933,26.541262,ok
EES0423408__X1B__Y42__P014.jpg,0.954423,37.709178,ok
EES0423408__X1E__Y1B__P015.jpg,0.920553,25.606263,ok
EES0423408__X1E__Y36__P016.jpg,0.742749,23.038103,ok
EES0423408__X1E__Y3F__P017.jpg,0.944891,30.127440,ok
EES0423408__X21__Y36__P018.jpg,0.940009,34.986571,ok
EES0423408__X21__Y42__P019.jpg,0.888409,24.470441,ok
EES0423408__X24__Y0C__P020.jpg,0.943573,29.457165,ok
EES0423408__X24__Y42__P021.jpg,0.941299,33.771473,ok
EES0423408__X27__Y0F__P022.jpg,0.946554,33.311944,ok
EES0423408__X27__Y1E__P023.jpg,0.893214,24.350040,ok
EES0423408__X27__Y24__P024.jpg,0.937731,31.483292,ok
EES0423408__X27__Y45__P025.jpg,0.927647,29.332584,ok
EES0423409__X2A__Y0C__P001.jpg,0.929387,30.888508,ok
EES0423409__X2A__Y0F__P002.jpg,0.949109,30.747625,ok
EES0423409__X2A__Y1E__P003.jpg,0.876696,24.365897,ok
EES0423409__X2A__Y3C__P004.jpg,0.913941,28.142684,ok
EES0423409__X2A__Y45__P005.jpg,0.884312,25.518508,ok
EES0423409__X2D__Y12__P006.jpg,0.923226,34.912211,ok
EES0423409__X2D__Y18__P007.jpg,0.917302,27.723629,ok
EES0423409__X2D__Y2A__P008.jpg,0.908490,28.399285,ok
EES0423409__X2D__Y2D__P009.jpg,0.950945,37.852492,ok
EES0423409__X2D__Y33__P010.jpg,0.933578,34.564754,ok
EES0423409__X2D__Y3F__P011.jpg,0.906206,28.382517,ok
EES0423409__X30__Y12__P012.jpg,0.922329,35.730252,ok
EES0423409__X30__Y15__P013.jpg,0.938596,32.599206,ok
EES0423409__X30__Y18__P014.jpg,0.889597,24.051460,ok
EES0423409__X30__Y1B__P015.jpg,0.917103,30.912262,ok
EES0423409__X30__Y36__P016.jpg,0.918096,29.990687,ok
EES0423409__X30__Y39__P017.jpg,0.938514,36.710109,ok
EES0423409__X30__Y3C__P018.jpg,0.935339,32.260524,ok
EES0423409__X30__Y3F__P019.jpg,0.849355,25.969886,ok
EES0423409__X33__Y1E__P020.jpg,0.944553,34.647664,ok
EES0423409__X33__Y24__P021.jpg,0.891281,30.766742,ok
EES0423409__X33__Y36__P022.jpg,0.939997,33.473756,ok
EES0423409__X36__Y24__P023.jpg,0.950255,30.933795,ok
EES0423409__X36__Y2A__P024.jpg,0.939173,30.096505,ok
EES0423409__X36__Y2D__P025.jpg,0.937455,29.790874,ok
EES0423410__X36__Y39__P001.jpg,0.922170,30.329977,ok
EES0423410__X36__Y3C__P002.jpg,0.951359,32.101353,ok
EES0423410__X39__Y12__P003.jpg,0.948565,35.021125,ok
EES0423410__X39__Y15__P004.jpg,0.898944,26.139791,ok
EES0423410__X39__Y21__P005.jpg,0.923083,29.185200,ok
EES0423410__X39__Y24__P006.jpg,0.921254,28.399381,ok
EES0423410__X39__Y27__P007.jpg,0.940025,30.484941,ok
EES0423410__X39__Y39__P008.jpg,0.944016,32.672254,ok
EES0423410__X3C__Y1E__P009.jpg,0.847461,25.570374,ok
EES0423410__X3C__Y27__P010.jpg,0.950272,30.892789,ok
EES0423410__X3C__Y30__P011.jpg,0.885778,27.272545,ok
EES0423410__X3C__Y36__P012.jpg,0.909811,25.505687,ok
EES0423410__X3C__Y39__P013.jpg,0.884145,28.352479,ok
EES0423410__X3F__Y1B__P014.jpg,0.898275,25.055179,ok
EES0423410__X3F__Y1E__P015.jpg,0.931525,28.190727,ok
EES0423410__X3F__Y30__P016.jpg,0.942919,30.757007,ok
EES0423410__X42__Y1B__P017.jpg,0.874927,26.722413,ok
EES0423410__X42__Y27__P018.jpg,0.931250,27.487906,ok
EES0423410__X45__Y27__P019.jpg,0.933027,31.756782,ok
EES0423410__X09__Y21__P020.jpg,0.912434,25.006359,ok
EES0423410__X0C__Y12__P021.jpg,0.934061,30.089856,ok
EES0423410__X0F__Y2D__P022.jpg,0.893619,24.110239,ok
EES0423410__X0F__Y30__P023.jpg,0.887573,24.918541,ok
EES0423410__X0F__Y33__P024.jpg,0.882376,25.137570,ok
EES0423410__X12__Y0C__P025.jpg,0.933116,29.253447,ok
EES0423411__X12__Y15__P001.jpg,0.931337,26.034297,ok
EES0423411__X12__Y1B__P002.jpg,0.937658,28.346092,ok
EES0423411__X12__Y2A__P003.jpg,0.876289,23.960309,ok
EES0423411__X12__Y2D__P004.jpg,0.932144,27.028742,ok
EES0423411__X12__Y30__P005.jpg,0.933438,29.066634,ok
EES0423411__X12__Y33__P006.jpg,0.935952,28.158709,ok
EES0423411__X12__Y36__P007.jpg,0.945478,31.500634,ok
EES0423411__X15__Y0C__P008.jpg,0.889145,27.206005,ok
EES0423411__X15__Y0F__P009.jpg,0.944465,31.793360,ok
EES0423411__X18__Y0C__P010.jpg,0.947332,30.689610,ok
EES0423411__X18__Y1E__P011.jpg,0.935743,32.356120,ok
EES0423411__X18__Y27__P012.jpg,0.933116,27.722720,ok
EES0423411__X18__Y39__P013.jpg,0.929533,26.959399,ok
EES0423411__X18__Y3C__P014.jpg,0.946144,35.681177,ok
EES0423411__X1B__Y09__P015.jpg,0.930851,27.893800,ok
EES0423411__X1B__Y0C__P016.jpg,0.829262,23.724869,ok
EES0423411__X1B__Y21__P017.jpg,0.877040,25.507909,ok
EES0423411__X1B__Y27__P018.jpg,0.918617,27.333251,ok
EES0423411__X1B__Y2D__P019.jpg,0.934224,26.463130,ok
EES0423411__X1B__Y3F__P020.jpg,0.943268,29.299201,ok
EES0423411__X1E__Y0C__P021.jpg,0.912676,28.074123,ok
EES0423411__X1E__Y0F__P022.jpg,0.945887,34.521620,ok
EES0423411__X1E__Y12__P023.jpg,0.913278,24.801066,ok
EES0423411__X1E__Y27__P024.jpg,0.933546,26.833959,ok
EES0423411__X1E__Y2D__P025.jpg,0.910595,24.420829,ok
EES0423412__X1E__Y36__P001.jpg,0.932246,26.269956,ok
EES0423412__X21__Y0F__P002.jpg,0.891141,25.421707,ok
EES0423412__X21__Y33__P003.jpg,0.900515,25.043254,ok
EES0423412__X24__Y09__P004.jpg,0.941935,34.224851,ok
EES0423412__X24__Y0F__P005.jpg,0.927905,26.075329,ok
EES0423412__X24__Y39__P006.jpg,0.927577,28.702178,ok
EES0423412__X27__Y09__P007.jpg,0.928006,25.097804,ok
EES0423412__X27__Y1B__P008.jpg,0.937180,34.522872,ok
EES0423412__X27__Y30__P009.jpg,0.944940,30.979761,ok
EES0423412__X2A__Y27__P010.jpg,0.941574,28.693130,ok
EES0423412__X2D__Y2A__P011.jpg,0.936929,27.870590,ok
EES0423412__X30__Y0F__P012.jpg,0.913876,25.505127,ok
EES0423412__X30__Y12__P013.jpg,0.916669,28.216812,ok
EES0423412__X30__Y2A__P014.jpg,0.940272,35.408881,ok
EES0423412__X33__Y12__P015.jpg,0.949091,38.049829,ok
EES0423412__X33__Y27__P016.jpg,0.922447,29.217020,ok
EES0423412__X36__Y21__P017.jpg,0.935126,28.573919,ok
EES0423412__X36__Y24__P018.jpg,0.931171,31.191967,ok
EES0423412__X36__Y33__P019.jpg,0.894531,26.907531,ok
EES0423412__X39__Y1E__P020.jpg,0.951384,37.024870,ok
EES0423412__X3C__Y1B__P021.jpg,0.944431,31.547324,ok
EES0423412__X3C__Y2A__P022.jpg,0.898130,25.919660,ok
EES0423412__X3C__Y30__P023.jpg,0.878967,24.460274,ok
EES0423412__X3C__Y36__P024.jpg,0.940536,30.170081,ok
EES0423412__X3F__Y18__P025.jpg,0.963460,40.391813,ok
EES0423413__X3F__Y21__P001.jpg,0.908111,25.367463,ok
EES0423413__X3F__Y27__P002.jpg,0.944134,28.547093,ok
EES0423413__X3F__Y2A__P003.jpg,0.939699,32.929602,ok
EES0423413__X3F__Y2D__P004.jpg,0.958245,35.620850,ok
EES0423413__X09__Y24__P005.jpg,0.837594,25.863095,ok
EES0423413__X09__Y2A__P006.jpg,0.930669,30.581086,ok
EES0423413__X0C__Y2D__P007.jpg,0.870369,23.956074,ok
EES0423413__X0F__Y24__P008.jpg,0.922665,30.948272,ok
EES0423413__X0F__Y27__P009.jpg,0.848589,24.994955,ok
EES0423413__X0F__Y2A__P010.jpg,0.863085,23.684838,ok
EES0423413__X18__Y1E__P011.jpg,0.886760,24.417503,ok
EES0423413__X18__Y24__P012.jpg,0.882608,25.770848,ok
EES0423413__X18__Y27__P013.jpg,0.921806,27.766216,ok
EES0423413__X18__Y2A__P014.jpg,0.863883,24.198149,ok
EES0423413__X1B__Y1E__P015.jpg,0.912731,28.439888,ok
EES0423413__X1B__Y21__P016.jpg,0.892086,26.830800,ok
EES0423413__X1B__Y24__P017.jpg,0.890202,24.192332,ok
EES0423413__X1B__Y27__P018.jpg,0.906598,28.520643,ok
EES0423413__X1E__Y15__P019.jpg,0.864022,25.381496,ok
EES0423413__X1E__Y18__P020.jpg,0.892990,23.828766,ok
EES0423413__X1E__Y1B__P021.jpg,0.825328,25.926119,ok
EES0423413__X21__Y0F__P022.jpg,0.942771,31.396161,ok
EES0423413__X21__Y15__P023.jpg,0.890879,25.791724,ok
EES0423413__X21__Y18__P024.jpg,0.852958,26.626543,ok
EES0423413__X21__Y1B__P025.jpg,0.890971,32.358689,ok
EES0423414__X21__Y1E__P001.jpg,0.848705,25.227559,ok
EES0423414__X21__Y3C__P002.jpg,0.890682,24.566257,ok
EES0423414__X24__Y15__P003.jpg,0.901471,25.288659,ok
EES0423414__X24__Y18__P004.jpg,0.893432,30.053024,ok
EES0423414__X24__Y1B__P005.jpg,0.923562,33.631769,ok
EES0423414__X24__Y1E__P006.jpg,0.886315,24.984355,ok
EES0423414__X24__Y3C__P007.jpg,0.823674,24.155801,ok
EES0423414__X27__Y15__P008.jpg,0.909245,26.564731,ok
EES0423414__X27__Y18__P009.jpg,0.880116,28.109238,ok
EES0423414__X27__Y1B__P010.jpg,0.839266,24.909433,ok
EES0423414__X27__Y1E__P011.jpg,0.874233,26.006657,ok
EES0423414__X27__Y24__P012.jpg,0.827258,23.112570,ok
EES0423414__X2A__Y0F__P013.jpg,0.902305,26.311691,ok
EES0423414__X2A__Y15__P014.jpg,0.904888,27.287779,ok
EES0423414__X2A__Y1B__P015.jpg,0.890084,30.794155,ok
EES0423414__X2A__Y1E__P016.jpg,0.890305,27.349807,ok
EES0423414__X2A__Y21__P017.jpg,0.833567,23.970536,ok
EES0423414__X2A__Y24__P018.jpg,0.874880,28.614463,ok
EES0423414__X2A__Y36__P019.jpg,0.929014,27.894926,ok
EES0423414__X2A__Y3F__P020.jpg,0.897297,26.943453,ok
EES0423414__X2D__Y18__P021.jpg,0.843793,23.610327,ok
EES0423414__X2D__Y1B__P022.jpg,0.887214,25.038121,ok
EES0423414__X2D__Y1E__P023.jpg,0.906069,26.655903,ok
EES0423414__X2D__Y21__P024.jpg,0.878417,27.981841,ok
EES0423414__X2D__Y24__P025.jpg,0.876459,27.229907,ok
EES0423415__X2D__Y2A__P001.jpg,0.896539,23.698067,ok
EES0423415__X2D__Y36__P002.jpg,0.913295,32.323706,ok
EES0423415__X2D__Y39__P003.jpg,0.900845,26.008126,ok
EES0423415__X2D__Y3C__P004.jpg,0.897944,29.182526,ok
EES0423415__X30__Y1E__P005.jpg,0.889372,24.399329,ok
EES0423415__X30__Y2D__P006.jpg,0.903011,25.756266,ok
EES0423415__X30__Y30__P007.jpg,0.809893,23.807084,ok
EES0423415__X30__Y39__P008.jpg,0.915974,30.545187,ok
EES0423415__X33__Y21__P009.jpg,0.897418,25.632025,ok
EES0423415__X33__Y24__P010.jpg,0.953223,37.218601,ok
EES0423415__X33__Y27__P011.jpg,0.932284,30.065501,ok
EES0423415__X33__Y2A__P012.jpg,0.932302,31.174858,ok
EES0423415__X33__Y36__P013.jpg,0.893355,25.604082,ok
EES0423415__X36__Y24__P014.jpg,0.860961,28.169854,ok
EES0423415__X36__Y27__P015.jpg,0.832765,25.314282,ok
EES0423415__X36__Y2A__P016.jpg,0.924331,31.640663,ok
EES0423415__X36__Y30__P017.jpg,0.920765,27.683805,ok
EES0423415__X39__Y24__P018.jpg,0.884815,24.928731,ok
EES0423415__X39__Y27__P019.jpg,0.836889,23.807259,ok
EES0423415__X39__Y2A__P020.jpg,0.913161,32.487754,ok
EES0423415__X39__Y2D__P021.jpg,0.853132,23.619422,ok
EES0423415__X0C__Y15__P022.jpg,0.903162,23.807652,ok
EES0423415__X0F__Y27__P023.jpg,0.888842,23.703465,ok
EES0423415__X0F__Y2A__P024.jpg,0.931390,26.847933,ok
EES0423415__X12__Y0F__P025.jpg,0.938306,26.669096,ok
EES0423416__X42__Y27__P001.jpg,0.899660,23.974474,ok
EES0423416__X45__Y18__P002.jpg,0.939777,31.680289,ok
EES0423416__X45__Y1B__P003.jpg,0.908398,30.043844,ok
EES0423416__X45__Y1E__P004.jpg,0.892647,27.304566,ok
EES0423416__X45__Y21__P005.jpg,0.927598,28.587104,ok
EES0423416__X45__Y2A__P006.jpg,0.863724,24.362539,ok
EES0423416__X45__Y2D__P007.jpg,0.884230,25.855072,ok
EES0423416__X45__Y30__P008.jpg,0.914410,27.073464,ok
EES0423416__X12__Y3C__P009.jpg,0.933165,26.403288,ok
EES0423416__X15__Y3C__P010.jpg,0.925527,24.156377,ok
EES0423416__X27__Y3C__P011.jpg,0.905677,25.363235,ok
EES0423416__X27__Y3F__P012.jpg,0.901578,25.913948,ok
EES0423416__X2A__Y3F__P013.jpg,0.885961,24.252754,ok
EES0423416__X2D__Y3C__P014.jpg,0.902419,26.669757,ok
EES0423416__X30__Y0C__P015.jpg,0.920960,25.852122,ok
EES0423416__X30__Y2A__P016.jpg,0.898434,25.460660,ok
EES0423416__X30__Y2D__P017.jpg,0.818793,23.271459,ok
EES0423416__X30__Y39__P018.jpg,0.938117,26.367455,ok
EES0423416__X33__Y0F__P019.jpg,0.907885,26.894383,ok
EES0423416__X33__Y12__P020.jpg,0.881729,25.003960,ok
EES0423416__X33__Y1B__P021.jpg,0.878165,23.609055,ok
EES0423416__X33__Y21__P022.jpg,0.950133,25.674857,ok
EES0423416__X36__Y1E__P023.jpg,0.868774,23.478609,ok
EES0423416__X36__Y2A__P024.jpg,0.912683,25.111348,ok
EES0423416__X39__Y18__P025.jpg,0.929721,30.505248,ok
EES0423417__X30__Y24__P001.jpg,0.764562,23.987634,ok
EES0423417__X30__Y27__P002.jpg,0.798313,24.499530,ok
EES0423417__X33__Y0C__P003.jpg,0.784941,23.981804,ok
EES0423417__X33__Y1B__P004.jpg,0.829990,26.779700,ok
EES0423417__X33__Y1E__P005.jpg,0.708379,23.346802,ok
EES0423417__X33__Y21__P006.jpg,0.720760,23.757017,ok
EES0423417__X33__Y30__P007.jpg,0.840874,25.860619,ok
EES0423417__X36__Y15__P008.jpg,0.848844,25.498425,ok
EES0423417__X36__Y1B__P009.jpg,0.856250,24.799856,ok
EES0423417__X39__Y3C__P010.jpg,0.951277,38.782712,ok
EES0423417__X3F__Y1B__P011.jpg,0.850041,27.334733,ok
EES0423417__X3F__Y30__P012.jpg,0.856256,26.584876,ok
EES0423417__X3F__Y33__P013.jpg,0.953150,31.408289,ok
EES0423417__X0C__Y21__P014.jpg,0.932640,28.951728,ok
EES0423417__X15__Y1E__P015.jpg,0.932692,37.283438,ok
EES0423417__X15__Y30__P016.jpg,0.898019,26.066351,ok
EES0423417__X18__Y1E__P017.jpg,0.930551,27.372339,ok
EES0423417__X18__Y2D__P018.jpg,0.924446,27.459440,ok
EES0423417__X1B__Y12__P019.jpg,0.950320,31.558908,ok
EES0423417__X1B__Y2A__P020.jpg,0.896644,24.232694,ok
EES0423417__X1B__Y2D__P021.jpg,0.907435,27.175133,ok
EES0423417__X1E__Y1B__P022.jpg,0.947014,32.694370,ok
EES0423417__X1E__Y2A__P023.jpg,0.929630,25.477362,ok
EES0423417__X21__Y15__P024.jpg,0.920472,25.493590,ok
EES0423417__X21__Y2A__P025.jpg,0.894286,23.671250,ok
EES0423418__X0C__Y2D__P001.jpg,0.882679,26.908631,ok
EES0423418__X0C__Y30__P002.jpg,0.912048,28.193737,ok
EES0423418__X0C__Y33__P003.jpg,0.816336,23.285728,ok
EES0423418__X0F__Y24__P004.jpg,0.942770,33.066967,ok
EES0423418__X0F__Y2A__P005.jpg,0.908590,25.818817,ok
EES0423418__X0F__Y2D__P006.jpg,0.909649,27.965790,ok
EES0423418__X0F__Y33__P007.jpg,0.889632,24.268524,ok
EES0423418__X0F__Y36__P008.jpg,0.817570,23.618242,ok
EES0423418__X0F__Y39__P009.jpg,0.903176,24.292915,ok
EES0423418__X12__Y1E__P010.jpg,0.859964,24.891955,ok
EES0423418__X12__Y24__P011.jpg,0.946495,32.125725,ok
EES0423418__X12__Y2A__P012.jpg,0.941093,28.060194,ok
EES0423418__X12__Y2D__P013.jpg,0.892328,27.216518,ok
EES0423418__X12__Y30__P014.jpg,0.861854,24.175233,ok
EES0423418__X12__Y39__P015.jpg,0.849669,24.245849,ok
EES0423418__X12__Y3C__P016.jpg,0.912436,26.230095,ok
EES0423418__X15__Y18__P017.jpg,0.903026,25.093367,ok
EES0423418__X15__Y21__P018.jpg,0.880184,27.537838,ok
EES0423418__X15__Y24__P019.jpg,0.860624,25.891898,ok
EES0423418__X15__Y2D__P020.jpg,0.931478,28.521944,ok
EES0423418__X15__Y39__P021.jpg,0.894029,26.429793,ok
EES0423418__X15__Y3C__P022.jpg,0.909880,27.651348,ok
EES0423418__X18__Y0F__P023.jpg,0.891632,25.621558,ok
EES0423418__X18__Y21__P024.jpg,0.887285,25.376675,ok
EES0423418__X18__Y24__P025.jpg,0.926999,29.782796,ok
EES0423419__X36__Y15__P001.jpg,0.876044,25.086695,ok
EES0423419__X15__Y2A__P002.jpg,0.890693,25.813700,ok
EES0423419__X21__Y39__P003.jpg,0.873169,24.008291,ok
EES0423419__X24__Y42__P004.jpg,0.886417,23.872421,ok
EES0423419__X2A__Y0C__P005.jpg,0.899065,25.296653,ok
EES0423419__X33__Y0F__P006.jpg,0.897589,24.761256,ok
EES0423419__X3F__Y24__P007.jpg,0.893847,24.027058,ok
EES0423419__X3F__Y2A__P008.jpg,0.897174,26.410241,ok
EES0423419__X3F__Y2D__P009.jpg,0.874647,24.046197,ok
EES0423419__X0F__Y3F__P010.jpg,0.908184,23.994771,ok
EES0423419__X18__Y2D__P011.jpg,0.930222,29.461577,ok
EES0423419__X1B__Y2D__P012.jpg,0.928129,30.525767,ok
EES0423419__X1B__Y30__P013.jpg,0.928111,27.423184,ok
EES0423419__X1B__Y3C__P014.jpg,0.951293,31.141474,ok
EES0423419__X1B__Y45__P015.jpg,0.916422,26.233216,ok
EES0423419__X21__Y21__P016.jpg,0.951217,37.691588,ok
EES0423419__X21__Y45__P017.jpg,0.917422,24.461918,ok
EES0423419__X24__Y30__P018.jpg,0.896763,26.811931,ok
EES0423419__X24__Y39__P019.jpg,0.899691,25.679023,ok
EES0423419__X24__Y45__P020.jpg,0.890065,26.294005,ok
EES0423419__X27__Y15__P021.jpg,0.949598,34.610414,ok
EES0423419__X2A__Y2A__P022.jpg,0.880591,23.863520,ok
EES0423419__X30__Y24__P023.jpg,0.922760,27.756558,ok
EES0423419__X30__Y33__P024.jpg,0.897039,25.244793,ok
EES0423419__X30__Y39__P025.jpg,0.931711,26.394632,ok
EES0423420__X30__Y3C__P001.jpg,0.890595,23.857043,ok
EES0423420__X30__Y3F__P002.jpg,0.875969,23.468688,ok
EES0423420__X33__Y39__P003.jpg,0.855783,25.798182,ok
EES0423420__X33__Y3C__P004.jpg,0.905816,26.590540,ok
EES0423420__X36__Y39__P005.jpg,0.882868,26.827986,ok
EES0423420__X36__Y3C__P006.jpg,0.910146,27.635010,ok
EES0423420__X0F__Y0F__P007.jpg,0.937197,29.827486,ok
EES0423420__X15__Y0C__P008.jpg,0.877573,23.621673,ok
EES0423420__X1B__Y09__P009.jpg,0.943590,32.603342,ok
EES0423420__X1E__Y09__P010.jpg,0.946146,30.464066,ok
EES0423420__X2A__Y09__P011.jpg,0.924005,30.439776,ok
EES0423420__X30__Y45__P012.jpg,0.853064,24.962887,ok
EES0423420__X33__Y0C__P013.jpg,0.899074,24.764589,ok
EES0423420__X36__Y42__P014.jpg,0.872551,24.423211,ok
EES0423420__X39__Y0C__P015.jpg,0.941674,32.433129,ok
EES0423420__X39__Y3F__P016.jpg,0.837088,23.743375,ok
EES0423420__X39__Y42__P017.jpg,0.932272,27.595921,ok
EES0423420__X3C__Y12__P018.jpg,0.943076,29.332994,ok
EES0423420__X3C__Y39__P019.jpg,0.852846,23.636000,ok
EES0423420__X3C__Y3F__P020.jpg,0.895597,26.578701,ok
EES0423420__X3C__Y45__P021.jpg,0.937693,37.258235,ok
EES0423420__X3F__Y12__P022.jpg,0.872768,24.085412,ok
EES0423420__X3F__Y30__P023.jpg,0.863905,25.844871,ok
EES0423420__X3F__Y39__P024.jpg,0.885643,26.481952,ok
EES0423420__X3F__Y3C__P025.jpg,0.939982,33.209342,ok
EES0423421__X42__Y1B__P001.jpg,0.913315,29.203939,ok
EES0423421__X42__Y30__P002.jpg,0.892338,27.304618,ok
EES0423421__X42__Y36__P003.jpg,0.898788,29.479140,ok
EES0423421__X42__Y39__P004.jpg,0.928476,27.685571,ok
EES0423421__X45__Y21__P005.jpg,0.949447,32.624123,ok
EES0423421__X45__Y24__P006.jpg,0.951486,32.602740,ok
EES0423421__X45__Y27__P007.jpg,0.934385,30.030900,ok
EES0423421__X45__Y2A__P008.jpg,0.950495,35.312070,ok
EES0423421__X45__Y2D__P009.jpg,0.912594,27.037201,ok
EES0423421__X45__Y30__P010.jpg,0.947706,33.650541,ok
EES0423421__X03__Y0C__P011.jpg,0.931176,31.757442,ok
EES0423421__X03__Y0F__P012.jpg,0.877315,27.562996,ok
EES0423421__X03__Y12__P013.jpg,0.896371,27.990313,ok
EES0423421__X03__Y15__P014.jpg,0.881205,28.873876,ok
EES0423421__X03__Y18__P015.jpg,0.844778,27.774517,ok
EES0423421__X03__Y1B__P016.jpg,0.861230,26.704624,ok
EES0423421__X03__Y1E__P017.jpg,0.881822,27.471323,ok
EES0423421__X03__Y21__P018.jpg,0.844086,27.872364,ok
EES0423421__X03__Y24__P019.jpg,0.924776,31.169917,ok
EES0423421__X03__Y27__P020.jpg,0.918249,31.377926,ok
EES0423421__X03__Y2A__P021.jpg,0.947539,29.818760,ok
EES0423421__X03__Y2D__P022.jpg,0.917439,31.004624,ok
EES0423421__X03__Y30__P023.jpg,0.883935,29.070274,ok
EES0423421__X03__Y33__P024.jpg,0.884804,26.373220,ok
EES0423421__X03__Y36__P025.jpg,0.910150,26.073659,ok
EES0423422__X03__Y39__P001.jpg,0.928657,26.573912,ok
EES0423422__X03__Y3C__P002.jpg,0.842881,27.249240,ok
EES0423422__X03__Y3F__P003.jpg,0.910295,29.912503,ok
EES0423422__X03__Y42__P004.jpg,0.869595,26.136783,ok
EES0423422__X06__Y0C__P005.jpg,0.880987,29.050869,ok
EES0423422__X06__Y0F__P006.jpg,0.875946,26.934819,ok
EES0423422__X06__Y12__P007.jpg,0.853606,27.161851,ok
EES0423422__X06__Y15__P008.jpg,0.878568,28.347838,ok
EES0423422__X06__Y18__P009.jpg,0.927863,31.414336,ok
EES0423422__X06__Y1E__P010.jpg,0.867488,24.462709,ok
EES0423422__X06__Y21__P011.jpg,0.859267,28.607998,ok
EES0423422__X06__Y24__P012.jpg,0.874234,27.388335,ok
EES0423422__X06__Y27__P013.jpg,0.860434,27.672623,ok
EES0423422__X06__Y2A__P014.jpg,0.844487,28.119318,ok
EES0423422__X06__Y30__P015.jpg,0.898958,27.815699,ok
EES0423422__X06__Y33__P016.jpg,0.881667,26.664817,ok
EES0423422__X06__Y36__P017.jpg,0.891989,27.134101,ok
EES0423422__X09__Y0C__P018.jpg,0.879661,28.448572,ok
EES0423422__X09__Y0F__P019.jpg,0.944176,32.730069,ok
EES0423422__X09__Y15__P020.jpg,0.883153,31.314872,ok
EES0423422__X09__Y18__P021.jpg,0.831641,25.812289,ok
EES0423422__X09__Y1B__P022.jpg,0.747291,24.557889,ok
EES0423422__X09__Y30__P023.jpg,0.684145,22.920247,ok
EES0423422__X09__Y33__P024.jpg,0.813651,26.903365,ok
EES0423422__X09__Y36__P025.jpg,0.902856,29.321938,ok
EES0423423__X3C__Y0C__P001.jpg,0.904614,31.675747,ok
EES0423423__X3C__Y0F__P002.jpg,0.799800,23.647198,ok
EES0423423__X3F__Y0C__P003.jpg,0.939598,34.863422,ok
EES0423423__X3F__Y0F__P004.jpg,0.906383,28.598705,ok
EES0423423__X3F__Y42__P005.jpg,0.903985,28.699967,ok
EES0423423__X3F__Y45__P006.jpg,0.901629,27.194675,ok
EES0423423__X42__Y12__P007.jpg,0.910868,31.192112,ok
EES0423423__X42__Y3F__P008.jpg,0.834981,25.881631,ok
EES0423423__X42__Y42__P009.jpg,0.917158,30.637533,ok
EES0423423__X42__Y45__P010.jpg,0.908804,27.596892,ok
EES0423423__X18__Y09__P011.jpg,0.911517,29.587995,ok
EES0423423__X18__Y0C__P012.jpg,0.838559,24.760182,ok
EES0423423__X1B__Y0C__P013.jpg,0.808178,24.315154,ok
EES0423423__X24__Y45__P014.jpg,0.856001,25.081781,ok
EES0423423__X27__Y09__P015.jpg,0.940872,38.814296,ok
EES0423423__X27__Y3F__P016.jpg,0.802939,22.881697,ok
EES0423423__X33__Y0F__P017.jpg,0.940523,37.044611,ok
EES0423423__X39__Y15__P018.jpg,0.921642,34.603247,ok
EES0423423__X3C__Y30__P019.jpg,0.921506,28.003494,ok
EES0423423__X06__Y18__P020.jpg,0.918040,24.677460,ok
EES0423423__X06__Y3C__P021.jpg,0.894227,25.648964,ok
EES0423423__X18__Y09__P022.jpg,0.942289,35.886493,ok
EES0423423__X33__Y0C__P023.jpg,0.952850,30.619767,ok
EES0423423__X36__Y42__P024.jpg,0.934340,26.362707,ok
EES0423423__X39__Y12__P025.jpg,0.950924,28.713401,ok
EES0423424__X3F__Y18__P001.jpg,0.948777,35.841795,ok
EES0423424__X42__Y21__P002.jpg,0.956172,31.691977,ok
EES0423424__X42__Y24__P003.jpg,0.892126,23.801035,ok
EES0423424__X42__Y2D__P004.jpg,0.936268,27.817917,ok
EES0423424__X42__Y30__P005.jpg,0.949060,37.421292,ok
EES0423424__X09__Y1E__P006.jpg,0.857570,23.777778,ok
EES0423424__X0C__Y1B__P007.jpg,0.868098,25.543280,ok
EES0423424__X0F__Y1E__P008.jpg,0.866143,24.447269,ok
EES0423424__X12__Y15__P009.jpg,0.913470,30.599762,ok
EES0423424__X15__Y15__P010.jpg,0.833312,24.127561,ok
EES0423424__X15__Y1B__P011.jpg,0.897330,25.856386,ok
EES0423424__X15__Y1E__P012.jpg,0.851790,24.243908,ok
EES0423424__X15__Y21__P013.jpg,0.923288,33.164145,ok
EES0423424__X15__Y42__P014.jpg,0.907352,24.318720,ok
EES0423424__X18__Y0F__P015.jpg,0.921387,27.843329,ok
EES0423424__X18__Y18__P016.jpg,0.907162,24.580879,ok
EES0423424__X18__Y1B__P017.jpg,0.917619,28.432649,ok
EES0423424__X18__Y21__P018.jpg,0.915228,25.291366,ok
EES0423424__X1B__Y0F__P019.jpg,0.844267,25.167301,ok
EES0423424__X1B__Y12__P020.jpg,0.868429,27.842604,ok
EES0423424__X1B__Y15__P021.jpg,0.852331,27.309870,ok
EES0423424__X1B__Y18__P022.jpg,0.858808,24.554634,ok
EES0423424__X1B__Y1B__P023.jpg,0.833121,23.064313,ok
EES0423424__X1B__Y1E__P024.jpg,0.873022,24.583035,ok
EES0423424__X1B__Y21__P025.jpg,0.879844,26.129268,ok
EES0423425__X1B__Y24__P001.jpg,0.850089,23.593203,ok
EES0423425__X1E__Y0F__P002.jpg,0.900126,25.167032,ok
EES0423425__X1E__Y1B__P003.jpg,0.902329,26.773154,ok
EES0423425__X1E__Y1E__P004.jpg,0.865238,24.619241,ok
EES0423425__X1E__Y21__P005.jpg,0.868255,24.324030,ok
EES0423425__X1E__Y24__P006.jpg,0.864786,23.400989,ok
EES0423425__X21__Y0F__P007.jpg,0.875737,24.581455,ok
EES0423425__X21__Y12__P008.jpg,0.866906,26.460235,ok
EES0423425__X21__Y15__P009.jpg,0.862087,26.780635,ok
EES0423425__X21__Y21__P010.jpg,0.900304,23.915974,ok
EES0423425__X24__Y0F__P011.jpg,0.901442,26.267479,ok
EES0423425__X24__Y12__P012.jpg,0.907449,28.264971,ok
EES0423425__X24__Y15__P013.jpg,0.919559,30.357218,ok
EES0423425__X24__Y18__P014.jpg,0.906795,26.095222,ok
EES0423425__X24__Y1B__P015.jpg,0.845051,23.617922,ok
EES0423425__X27__Y0F__P016.jpg,0.941028,24.648774,ok
EES0423425__X27__Y18__P017.jpg,0.885532,26.597282,ok
EES0423425__X2A__Y12__P018.jpg,0.919513,32.001020,ok
EES0423425__X2A__Y15__P019.jpg,0.873948,24.720062,ok
EES0423425__X2D__Y0F__P020.jpg,0.898201,29.843033,ok
EES0423425__X2D__Y12__P021.jpg,0.914279,30.774640,ok
EES0423425__X2D__Y24__P022.jpg,0.878750,24.401205,ok
EES0423425__X33__Y24__P023.jpg,0.935101,27.901679,ok
EES0423425__X3C__Y33__P024.jpg,0.935673,25.601762,ok
EES0423425__X03__Y33__P025.jpg,0.839489,24.111254,ok
EES0423426__X09__Y30__P001.jpg,0.780507,22.991579,ok
EES0423426__X09__Y33__P002.jpg,0.904439,30.271950,ok
EES0423426__X0C__Y12__P003.jpg,0.934415,33.038017,ok
EES0423426__X0C__Y39__P004.jpg,0.939424,38.344144,ok
EES0423426__X0F__Y0C__P005.jpg,0.939223,37.779258,ok
EES0423426__X0F__Y0F__P006.jpg,0.825588,23.247564,ok
EES0423426__X12__Y0C__P007.jpg,0.892761,25.325637,ok
EES0423426__X18__Y09__P008.jpg,0.882319,24.832922,ok
EES0423426__X18__Y33__P009.jpg,0.798712,24.282863,ok
EES0423426__X18__Y3F__P010.jpg,0.819561,23.040921,ok
EES0423426__X18__Y42__P011.jpg,0.859173,26.656416,ok
EES0423426__X1B__Y1E__P012.jpg,0.842735,25.670743,ok
EES0423426__X1B__Y30__P013.jpg,0.824807,23.870279,ok
EES0423426__X1B__Y3C__P014.jpg,0.865507,26.324728,ok
EES0423426__X1B__Y45__P015.jpg,0.939018,35.546520,ok
EES0423426__X1E__Y09__P016.jpg,0.814370,24.334464,ok
EES0423426__X21__Y09__P017.jpg,0.740009,22.532596,ok
EES0423426__X24__Y45__P018.jpg,0.833609,25.479853,ok
EES0423426__X27__Y09__P019.jpg,0.923090,29.882738,ok
EES0423426__X2A__Y2D__P020.jpg,0.800199,23.703063,ok
EES0423426__X2A__Y42__P021.jpg,0.849402,25.187260,ok
EES0423426__X2A__Y45__P022.jpg,0.819890,23.994142,ok
EES0423426__X2D__Y39__P023.jpg,0.849065,24.635823,ok
EES0423426__X2D__Y45__P024.jpg,0.902169,29.624531,ok
EES0423426__X30__Y0C__P025.jpg,0.945031,34.349268,ok
EES0423427__X30__Y33__P001.jpg,0.713566,22.141316,ok
EES0423427__X33__Y42__P002.jpg,0.900214,32.251184,ok
EES0423427__X39__Y12__P003.jpg,0.904413,26.581234,ok
EES0423427__X3F__Y1B__P004.jpg,0.909984,29.896880,ok
EES0423427__X3F__Y33__P005.jpg,0.873683,26.177840,ok
EES0423427__X42__Y24__P006.jpg,0.913735,31.947478,ok
EES0423427__X42__Y27__P007.jpg,0.891135,27.177253,ok
EES0423427__X42__Y2D__P008.jpg,0.956091,39.021021,ok
EES0423427__X03__Y30__P009.jpg,0.903579,24.280411,ok
EES0423427__X06__Y1B__P010.jpg,0.919332,25.347714,ok
EES0423427__X06__Y27__P011.jpg,0.900933,24.071612,ok
EES0423427__X18__Y15__P012.jpg,0.909369,24.461617,ok
EES0423427__X1B__Y39__P013.jpg,0.876719,24.508299,ok
EES0423427__X1E__Y39__P014.jpg,0.905291,26.196183,ok
EES0423427__X21__Y3F__P015.jpg,0.915454,26.631944,ok
EES0423427__X24__Y1B__P016.jpg,0.910817,24.023971,ok
EES0423427__X24__Y1E__P017.jpg,0.881311,23.850535,ok
EES0423427__X24__Y3F__P018.jpg,0.904165,23.980046,ok
EES0423427__X27__Y1E__P019.jpg,0.866165,23.613497,ok
EES0423427__X27__Y42__P020.jpg,0.905606,25.239905,ok
EES0423427__X2D__Y30__P021.jpg,0.900158,23.781942,ok
EES0423427__X2D__Y36__P022.jpg,0.887356,25.316257,ok
EES0423427__X2D__Y39__P023.jpg,0.931438,28.803394,ok
EES0423427__X30__Y27__P024.jpg,0.882533,25.748746,ok
EES0423427__X33__Y12__P025.jpg,0.895598,24.763163,ok
EES0423428__X21__Y3F__P001.jpg,0.870935,26.238049,ok
EES0423428__X24__Y0C__P002.jpg,0.922603,27.506038,ok
EES0423428__X24__Y0F__P003.jpg,0.920246,25.951253,ok
EES0423428__X24__Y12__P004.jpg,0.869567,26.238948,ok
EES0423428__X24__Y3F__P005.jpg,0.849750,26.340280,ok
EES0423428__X27__Y0F__P006.jpg,0.903559,25.502831,ok
EES0423428__X27__Y3F__P007.jpg,0.888773,24.912816,ok
EES0423428__X2A__Y0F__P008.jpg,0.908351,25.069038,ok
EES0423428__X2A__Y3F__P009.jpg,0.930044,28.390465,ok
EES0423428__X2D__Y30__P010.jpg,0.921462,25.884968,ok
EES0423428__X2D__Y3C__P011.jpg,0.879794,26.253842,ok
EES0423428__X2D__Y3F__P012.jpg,0.931600,30.776227,ok
EES0423428__X30__Y09__P013.jpg,0.896109,24.405150,ok
EES0423428__X30__Y3F__P014.jpg,0.935273,28.483309,ok
EES0423428__X33__Y15__P015.jpg,0.924301,28.149432,ok
EES0423428__X33__Y24__P016.jpg,0.891695,24.025866,ok
EES0423428__X33__Y30__P017.jpg,0.924415,26.204238,ok
EES0423428__X33__Y3F__P018.jpg,0.915475,26.541324,ok
EES0423428__X36__Y12__P019.jpg,0.927143,26.604446,ok
EES0423428__X36__Y15__P020.jpg,0.909633,25.081617,ok
EES0423428__X36__Y18__P021.jpg,0.906754,26.045251,ok
EES0423428__X36__Y21__P022.jpg,0.899789,25.746561,ok
EES0423428__X36__Y24__P023.jpg,0.912647,26.484841,ok
EES0423428__X36__Y27__P024.jpg,0.877766,23.528632,ok
EES0423428__X36__Y2D__P025.jpg,0.911686,26.413730,ok
EES0423429__X30__Y33__P001.jpg,0.791339,26.120763,ok
EES0423429__X30__Y36__P002.jpg,0.905864,28.490656,ok
EES0423429__X30__Y39__P003.jpg,0.791118,22.695243,ok
EES0423429__X30__Y3C__P004.jpg,0.902117,28.587190,ok
EES0423429__X33__Y21__P005.jpg,0.909481,24.853043,ok
EES0423429__X33__Y24__P006.jpg,0.836793,25.719781,ok
EES0423429__X33__Y27__P007.jpg,0.911904,29.196209,ok
EES0423429__X33__Y2A__P008.jpg,0.842259,26.324910,ok
EES0423429__X33__Y2D__P009.jpg,0.887755,26.528983,ok
EES0423429__X33__Y30__P010.jpg,0.913963,28.646836,ok
EES0423429__X33__Y33__P011.jpg,0.842580,28.075697,ok
EES0423429__X33__Y36__P012.jpg,0.854933,30.029054,ok
EES0423429__X33__Y39__P013.jpg,0.772814,24.172773,ok
EES0423429__X36__Y24__P014.jpg,0.901191,32.315914,ok
EES0423429__X36__Y27__P015.jpg,0.871094,27.950556,ok
EES0423429__X36__Y2A__P016.jpg,0.907079,31.907298,ok
EES0423429__X36__Y2D__P017.jpg,0.898272,26.909343,ok
EES0423429__X36__Y30__P018.jpg,0.883544,25.511243,ok
EES0423429__X36__Y33__P019.jpg,0.874812,28.613367,ok
EES0423429__X36__Y36__P020.jpg,0.893142,28.802495,ok
EES0423429__X36__Y39__P021.jpg,0.916015,32.275081,ok
EES0423429__X36__Y3C__P022.jpg,0.858566,25.146751,ok
EES0423429__X39__Y2A__P023.jpg,0.871474,23.583647,ok
EES0423429__X39__Y2D__P024.jpg,0.907160,25.944406,ok
EES0423429__X3C__Y2A__P025.jpg,0.870069,24.974656,ok
EES0423430__X3C__Y30__P001.jpg,0.832137,23.894010,ok
EES0423430__X06__Y21__P002.jpg,0.925449,31.592593,ok
EES0423430__X06__Y24__P003.jpg,0.816531,24.433294,ok
EES0423430__X0C__Y15__P004.jpg,0.800025,23.987010,ok
EES0423430__X15__Y0C__P005.jpg,0.930011,28.185653,ok
EES0423430__X21__Y06__P006.jpg,0.942746,34.498125,ok
EES0423430__X24__Y06__P007.jpg,0.925212,30.386138,ok
EES0423430__X2A__Y06__P008.jpg,0.912907,28.215867,ok
EES0423430__X30__Y09__P009.jpg,0.867185,25.160992,ok
EES0423430__X33__Y09__P010.jpg,0.949994,35.435610,ok
EES0423430__X36__Y0C__P011.jpg,0.803229,23.603345,ok
EES0423430__X39__Y0C__P012.jpg,0.929570,27.273907,ok
EES0423430__X3C__Y0F__P013.jpg,0.936144,26.391487,ok
EES0423430__X3C__Y3F__P014.jpg,0.894855,24.772549,ok
EES0423430__X42__Y15__P015.jpg,0.926160,28.317264,ok
EES0423430__X45__Y1B__P016.jpg,0.921144,26.117962,ok
EES0423430__X03__Y1B__P017.jpg,0.944179,36.318724,ok
EES0423430__X03__Y1E__P018.jpg,0.873498,28.087986,ok
EES0423430__X03__Y2D__P019.jpg,0.814174,25.868405,ok
EES0423430__X03__Y30__P020.jpg,0.843099,25.881691,ok
EES0423430__X03__Y33__P021.jpg,0.951265,34.899941,ok
EES0423430__X06__Y15__P022.jpg,0.885413,26.658918,ok
EES0423430__X06__Y36__P023.jpg,0.911623,28.685514,ok
EES0423430__X0C__Y3F__P024.jpg,0.803346,23.417113,ok
EES0423430__X0F__Y42__P025.jpg,0.880687,26.105188,ok
EES0423431__X36__Y36__P001.jpg,0.894937,28.355407,ok
EES0423431__X39__Y2D__P002.jpg,0.891106,28.070485,ok
EES0423431__X39__Y33__P003.jpg,0.892045,23.677269,ok
EES0423431__X39__Y36__P004.jpg,0.891609,28.590058,ok
EES0423431__X3C__Y1E__P005.jpg,0.888855,23.818178,ok
EES0423431__X3C__Y30__P006.jpg,0.870523,23.511429,ok
EES0423431__X3F__Y30__P007.jpg,0.871612,23.845656,ok
EES0423431__X42__Y36__P008.jpg,0.952028,32.854037,ok
EES0423431__X15__Y09__P009.jpg,0.889273,24.546067,ok
EES0423431__X1B__Y06__P010.jpg,0.867224,23.549691,ok
EES0423431__X39__Y0C__P011.jpg,0.896797,25.026129,ok
EES0423431__X42__Y15__P012.jpg,0.928576,26.776621,ok
EES0423431__X06__Y2D__P013.jpg,0.835433,24.127046,ok
EES0423431__X0F__Y39__P014.jpg,0.823853,23.158469,ok
EES0423431__X1B__Y45__P015.jpg,0.834237,25.493829,ok
EES0423431__X1E__Y09__P016.jpg,0.946852,36.163315,ok
EES0423431__X1E__Y45__P017.jpg,0.861858,26.307013,ok
EES0423431__X21__Y09__P018.jpg,0.945740,35.149419,ok
EES0423431__X21__Y45__P019.jpg,0.835156,26.618836,ok
EES0423431__X24__Y09__P020.jpg,0.944528,33.750142,ok
EES0423431__X2D__Y42__P021.jpg,0.831923,23.741687,ok
EES0423431__X33__Y3F__P022.jpg,0.858781,23.386919,ok
EES0423431__X3C__Y15__P023.jpg,0.955679,34.199725,ok
EES0423431__X3F__Y18__P024.jpg,0.907482,26.382777,ok
EES0423431__X06__Y21__P025.jpg,0.916344,32.522438,ok
EES0423432__X33__Y3F__P001.jpg,0.904894,26.397628,ok
EES0423432__X36__Y18__P002.jpg,0.851082,25.160682,ok
EES0423432__X36__Y36__P003.jpg,0.850520,23.746196,ok
EES0423432__X39__Y1B__P004.jpg,0.778896,23.738637,ok
EES0423432__X39__Y36__P005.jpg,0.840164,24.323044,ok
EES0423432__X3C__Y30__P006.jpg,0.845858,26.276003,ok
EES0423432__X03__Y18__P007.jpg,0.935184,27.199918,ok
EES0423432__X03__Y1B__P008.jpg,0.930726,33.307169,ok
EES0423432__X03__Y1E__P009.jpg,0.907735,28.743865,ok
EES0423432__X03__Y21__P010.jpg,0.836551,23.841349,ok
EES0423432__X03__Y2A__P011.jpg,0.885843,28.244863,ok
EES0423432__X03__Y2D__P012.jpg,0.894033,28.859867,ok
EES0423432__X03__Y30__P013.jpg,0.847029,25.199671,ok
EES0423432__X03__Y33__P014.jpg,0.945683,28.446193,ok
EES0423432__X06__Y15__P015.jpg,0.939982,34.338624,ok
EES0423432__X09__Y3C__P016.jpg,0.911697,27.049074,ok
EES0423432__X0C__Y0F__P017.jpg,0.907141,28.802490,ok
EES0423432__X0F__Y42__P018.jpg,0.811822,22.967860,ok
EES0423432__X12__Y0C__P019.jpg,0.846450,23.844793,ok
EES0423432__X15__Y09__P020.jpg,0.916858,30.305232,ok
EES0423432__X18__Y09__P021.jpg,0.882266,24.917597,ok
EES0423432__X18__Y45__P022.jpg,0.799122,27.687597,ok
EES0423432__X1B__Y45__P023.jpg,0.800820,26.930659,ok
EES0423432__X1E__Y06__P024.jpg,0.921439,29.896955,ok
EES0423432__X24__Y06__P025.jpg,0.908448,27.910864,ok
EES0423433__X27__Y06__P001.jpg,0.933965,36.915474,ok
EES0423433__X27__Y45__P002.jpg,0.775488,22.731516,ok
EES0423433__X2A__Y45__P003.jpg,0.902049,31.129735,ok
EES0423433__X2D__Y09__P004.jpg,0.901593,29.137159,ok
EES0423433__X2D__Y45__P005.jpg,0.935117,35.422374,ok
EES0423433__X30__Y09__P006.jpg,0.926984,27.754587,ok
EES0423433__X33__Y42__P007.jpg,0.870296,23.386936,ok
EES0423433__X36__Y0C__P008.jpg,0.892322,26.328188,ok
EES0423433__X36__Y3F__P009.jpg,0.838375,23.192095,ok
EES0423433__X39__Y0F__P010.jpg,0.884640,25.695638,ok
EES0423433__X39__Y3F__P011.jpg,0.946315,34.963075,ok
EES0423433__X3C__Y0F__P012.jpg,0.928064,33.544202,ok
EES0423433__X3C__Y3C__P013.jpg,0.889515,27.050578,ok
EES0423433__X3F__Y0F__P014.jpg,0.873150,23.746469,ok
EES0423433__X3F__Y15__P015.jpg,0.901560,27.837713,ok
EES0423433__X3F__Y18__P016.jpg,0.884813,25.445678,ok
EES0423433__X3F__Y30__P017.jpg,0.818214,26.825284,ok
EES0423433__X3F__Y33__P018.jpg,0.839807,24.567990,ok
EES0423433__X3F__Y36__P019.jpg,0.922260,27.248723,ok
EES0423433__X42__Y0C__P020.jpg,0.949410,38.786942,ok
EES0423433__X42__Y0F__P021.jpg,0.932487,33.499380,ok
EES0423433__X42__Y12__P022.jpg,0.937433,33.779060,ok
EES0423433__X42__Y15__P023.jpg,0.893373,27.987462,ok
EES0423433__X42__Y18__P024.jpg,0.925462,30.740907,ok
EES0423433__X42__Y1B__P025.jpg,0.920209,30.001463,ok
EES0423434__X42__Y1E__P001.jpg,0.910479,26.673894,ok
EES0423434__X42__Y21__P002.jpg,0.878645,29.067604,ok
EES0423434__X42__Y27__P003.jpg,0.827169,24.860586,ok
EES0423434__X42__Y2A__P004.jpg,0.892856,28.423972,ok
EES0423434__X42__Y2D__P005.jpg,0.830147,26.228254,ok
EES0423434__X42__Y30__P006.jpg,0.840362,26.799237,ok
EES0423434__X42__Y33__P007.jpg,0.924297,28.161537,ok
EES0423434__X06__Y1B__P008.jpg,0.819525,26.456421,ok
EES0423434__X06__Y1E__P009.jpg,0.849236,25.412678,ok
EES0423434__X06__Y21__P010.jpg,0.784834,23.091556,ok
EES0423434__X06__Y24__P011.jpg,0.738447,22.831978,ok
EES0423434__X06__Y27__P012.jpg,0.818081,24.997591,ok
EES0423434__X06__Y2D__P013.jpg,0.830829,23.873166,ok
EES0423434__X06__Y30__P014.jpg,0.880880,30.596588,ok
EES0423434__X06__Y33__P015.jpg,0.940712,30.994230,ok
EES0423434__X09__Y15__P016.jpg,0.878667,23.456243,ok
EES0423434__X09__Y36__P017.jpg,0.891113,26.717929,ok
EES0423434__X09__Y39__P018.jpg,0.942469,33.082392,ok
EES0423434__X0C__Y39__P019.jpg,0.773530,23.196979,ok
EES0423434__X0C__Y3C__P020.jpg,0.924648,33.523045,ok
EES0423434__X15__Y09__P021.jpg,0.952065,35.336230,ok
EES0423434__X15__Y42__P022.jpg,0.928713,29.555523,ok
EES0423434__X18__Y09__P023.jpg,0.921626,28.249007,ok
EES0423434__X1E__Y06__P024.jpg,0.945279,30.908794,ok
EES0423434__X1E__Y45__P025.jpg,0.924226,32.845581,ok
EES0423435__X21__Y06__P001.jpg,0.917939,28.905123,ok
EES0423435__X21__Y45__P002.jpg,0.845346,26.440466,ok
EES0423435__X24__Y06__P003.jpg,0.866429,24.793416,ok
EES0423435__X24__Y45__P004.jpg,0.824286,24.602327,ok
EES0423435__X27__Y06__P005.jpg,0.954885,39.508884,ok
EES0423435__X27__Y45__P006.jpg,0.901997,28.063617,ok
EES0423435__X2A__Y06__P007.jpg,0.944387,36.934722,ok
EES0423435__X2A__Y45__P008.jpg,0.923760,32.281419,ok
EES0423435__X2D__Y45__P009.jpg,0.929367,32.492916,ok
EES0423435__X33__Y09__P010.jpg,0.889709,26.753148,ok
EES0423435__X36__Y42__P011.jpg,0.938977,34.681891,ok
EES0423435__X39__Y0C__P012.jpg,0.941006,31.510920,ok
EES0423435__X39__Y3F__P013.jpg,0.894614,28.364124,ok
EES0423435__X3C__Y0F__P014.jpg,0.886216,27.169892,ok
EES0423435__X3C__Y3C__P015.jpg,0.952811,39.343926,ok
EES0423435__X3F__Y0F__P016.jpg,0.917360,31.092635,ok
EES0423435__X3F__Y12__P017.jpg,0.907252,28.496368,ok
EES0423435__X3F__Y39__P018.jpg,0.922172,25.953835,ok
EES0423435__X42__Y18__P019.jpg,0.925405,26.367877,ok
EES0423435__X42__Y33__P020.jpg,0.912925,24.900657,ok
EES0423435__X42__Y36__P021.jpg,0.947206,31.688482,ok
EES0423435__X45__Y1B__P022.jpg,0.916595,27.197855,ok
EES0423435__X45__Y1E__P023.jpg,0.948400,37.293000,ok
EES0423435__X45__Y21__P024.jpg,0.910191,28.359069,ok
EES0423435__X45__Y24__P025.jpg,0.920225,32.359519,ok
EES0423436__X45__Y27__P001.jpg,0.830277,23.140812,ok
EES0423436__X45__Y2A__P002.jpg,0.903264,27.596093,ok
EES0423436__X45__Y2D__P003.jpg,0.877695,26.098947,ok
EES0423436__X03__Y27__P004.jpg,0.933216,31.930548,ok
EES0423436__X06__Y1E__P005.jpg,0.898604,23.636646,ok
EES0423436__X09__Y1E__P006.jpg,0.929768,25.634789,ok
EES0423436__X09__Y2A__P007.jpg,0.898748,25.469813,ok
EES0423436__X0C__Y2A__P008.jpg,0.924793,29.495873,ok
EES0423436__X0F__Y27__P009.jpg,0.933232,29.164228,ok
EES0423436__X12__Y30__P010.jpg,0.902081,23.842175,ok
EES0423436__X12__Y3F__P011.jpg,0.878757,25.202989,ok
EES0423436__X15__Y1B__P012.jpg,0.941292,30.839580,ok
EES0423436__X15__Y2D__P013.jpg,0.887675,23.827969,ok
EES0423436__X18__Y3C__P014.jpg,0.910134,25.817651,ok
EES0423436__X18__Y42__P015.jpg,0.879129,26.039059,ok
EES0423436__X1B__Y3C__P016.jpg,0.883852,25.384411,ok
EES0423436__X1B__Y3F__P017.jpg,0.851178,24.176853,ok
EES0423436__X1B__Y42__P018.jpg,0.899536,24.675363,ok
EES0423436__X1E__Y3F__P019.jpg,0.930993,30.972252,ok
EES0423436__X21__Y42__P020.jpg,0.879952,24.760269,ok
EES0423436__X2A__Y27__P021.jpg,0.925164,25.282253,ok
EES0423436__X2A__Y2A__P022.jpg,0.878405,25.467673,ok
EES0423436__X2A__Y33__P023.jpg,0.918971,27.072562,ok
EES0423436__X2A__Y39__P024.jpg,0.904699,24.248102,ok
EES0423436__X2A__Y3C__P025.jpg,0.907373,25.362997,ok
EES0423437__X15__Y0C__P001.jpg,0.949038,38.480986,ok
EES0423437__X1B__Y09__P002.jpg,0.955275,39.507188,ok
EES0423437__X1E__Y09__P003.jpg,0.905033,27.251149,ok
EES0423437__X1E__Y45__P004.jpg,0.828630,24.567521,ok
EES0423437__X21__Y09__P005.jpg,0.837225,26.547624,ok
EES0423437__X21__Y18__P006.jpg,0.799467,23.389325,ok
EES0423437__X2A__Y09__P007.jpg,0.888829,27.590388,ok
EES0423437__X2A__Y18__P008.jpg,0.676804,21.845937,ok
EES0423437__X2D__Y09__P009.jpg,0.950360,33.688646,ok
EES0423437__X2D__Y1E__P010.jpg,0.721619,22.731291,ok
EES0423437__X2D__Y21__P011.jpg,0.739233,22.450628,ok
EES0423437__X2D__Y27__P012.jpg,0.733024,22.496534,ok
EES0423437__X30__Y1E__P013.jpg,0.748009,22.369938,ok
EES0423437__X36__Y0F__P014.jpg,0.821450,22.974737,ok
EES0423437__X39__Y0F__P015.jpg,0.919919,25.897207,ok
EES0423437__X3F__Y15__P016.jpg,0.938266,29.791674,ok
EES0423437__X42__Y18__P017.jpg,0.949645,37.613815,ok
EES0423437__X03__Y21__P018.jpg,0.900021,26.435682,ok
EES0423437__X03__Y27__P019.jpg,0.787605,23.120474,ok
EES0423437__X03__Y30__P020.jpg,0.867959,29.855770,ok
EES0423437__X03__Y33__P021.jpg,0.883013,29.965860,ok
EES0423437__X03__Y36__P022.jpg,0.894215,26.919574,ok
EES0423437__X03__Y39__P023.jpg,0.942850,29.144141,ok
EES0423437__X06__Y18__P024.jpg,0.946479,39.118138,ok
EES0423437__X06__Y1B__P025.jpg,0.870894,27.612293,ok
EES0423438__X06__Y39__P001.jpg,0.918779,32.142064,ok
EES0423438__X09__Y15__P002.jpg,0.901504,29.972882,ok
EES0423438__X09__Y3C__P003.jpg,0.831119,23.278975,ok
EES0423438__X0C__Y0F__P004.jpg,0.884324,27.790564,ok
EES0423438__X0C__Y3F__P005.jpg,0.825533,24.667784,ok
EES0423438__X0C__Y42__P006.jpg,0.946309,38.540286,ok
EES0423438__X0F__Y42__P007.jpg,0.789122,23.241358,ok
EES0423438__X12__Y0C__P008.jpg,0.920013,27.939194,ok
EES0423438__X18__Y09__P009.jpg,0.902501,28.299155,ok
EES0423438__X18__Y45__P010.jpg,0.845663,25.015965,ok
EES0423438__X1B__Y09__P011.jpg,0.954615,40.299892,ok
EES0423438__X1E__Y09__P012.jpg,0.838710,26.390469,ok
EES0423438__X21__Y09__P013.jpg,0.775590,23.945526,ok
EES0423438__X27__Y09__P014.jpg,0.874607,27.111085,ok
EES0423438__X30__Y45__P015.jpg,0.895251,27.074857,ok
EES0423438__X36__Y0F__P016.jpg,0.938557,33.586979,ok
EES0423438__X39__Y42__P017.jpg,0.921126,30.164086,ok
EES0423438__X3C__Y3C__P018.jpg,0.915759,27.910774,ok
EES0423438__X3F__Y39__P019.jpg,0.860187,26.342538,ok
EES0423438__X42__Y1E__P020.jpg,0.944085,36.085066,ok
EES0423438__X42__Y30__P021.jpg,0.912767,28.250668,ok
EES0423438__X0C__Y1B__P022.jpg,0.859127,25.619720,ok
EES0423438__X0C__Y1E__P023.jpg,0.691589,22.327041,ok
EES0423438__X0C__Y21__P024.jpg,0.811533,23.209727,ok
EES0423438__X09__Y27__P025.jpg,0.943393,31.285496,ok
EES0423439__X15__Y2A__P001.jpg,0.884322,23.689482,ok
EES0423439__X1E__Y09__P002.jpg,0.940576,28.581211,ok
EES0423439__X1E__Y0C__P003.jpg,0.905178,27.312017,ok
EES0423439__X1E__Y39__P004.jpg,0.934892,26.351903,ok
EES0423439__X21__Y0C__P005.jpg,0.921193,28.076314,ok
EES0423439__X27__Y15__P006.jpg,0.894715,27.675001,ok
EES0423439__X27__Y1E__P007.jpg,0.947706,31.470032,ok
EES0423439__X24__Y45__P008.jpg,0.908783,27.493671,ok
EES0423439__X2A__Y45__P009.jpg,0.857231,24.075848,ok
EES0423439__X2D__Y45__P010.jpg,0.848524,24.253868,ok
EES0423439__X36__Y3F__P011.jpg,0.863965,24.013118,ok
EES0423439__X3C__Y15__P012.jpg,0.939622,28.926783,ok
EES0423439__X3F__Y18__P013.jpg,0.948920,33.710969,ok
EES0423439__X42__Y21__P014.jpg,0.869310,24.436387,ok
EES0423439__X1E__Y09__P015.jpg,0.950991,33.902460,ok
EES0423439__X2D__Y45__P016.jpg,0.885736,28.806333,ok
EES0423439__X3C__Y36__P017.jpg,0.885615,23.980300,ok
EES0423439__X3F__Y21__P018.jpg,0.828847,23.600685,ok
EES0423439__X3F__Y2A__P019.jpg,0.853842,24.561655,ok
EES0423439__X3F__Y2D__P020.jpg,0.881506,26.195639,ok
EES0423439__X1E__Y3F__P021.jpg,0.814043,23.403393,ok
EES0423439__X1E__Y42__P022.jpg,0.743195,22.279143,ok
EES0423439__X21__Y3F__P023.jpg,0.862864,27.418155,ok
EES0423439__X24__Y39__P024.jpg,0.768043,23.752680,ok
EES0423439__X24__Y3F__P025.jpg,0.775764,23.090591,ok
EES0423440__X0F__Y3F__P001.jpg,0.930099,29.000728,ok
EES0423440__X18__Y06__P002.jpg,0.922226,29.297613,ok
EES0423440__X1B__Y06__P003.jpg,0.794482,25.028372,ok
EES0423440__X24__Y45__P004.jpg,0.930606,32.162005,ok
EES0423440__X27__Y06__P005.jpg,0.722419,24.775060,ok
EES0423440__X27__Y45__P006.jpg,0.902278,30.149125,ok
EES0423440__X2A__Y06__P007.jpg,0.897852,25.352415,ok
EES0423440__X2D__Y06__P008.jpg,0.957665,37.667482,ok
EES0423440__X30__Y42__P009.jpg,0.930032,28.900165,ok
EES0423440__X33__Y09__P010.jpg,0.938314,28.640800,ok
EES0423440__X36__Y0C__P011.jpg,0.845004,23.307318,ok
EES0423440__X39__Y3C__P012.jpg,0.919701,27.870252,ok
EES0423440__X3C__Y0F__P013.jpg,0.943276,32.695496,ok
EES0423440__X3F__Y0C__P014.jpg,0.886138,26.247592,ok
EES0423440__X3F__Y12__P015.jpg,0.950521,34.975751,ok
EES0423440__X3F__Y15__P016.jpg,0.861502,24.462671,ok
EES0423440__X42__Y18__P017.jpg,0.959197,34.618919,ok
EES0423440__X42__Y1B__P018.jpg,0.919658,31.612188,ok
EES0423440__X42__Y1E__P019.jpg,0.866466,24.779276,ok
EES0423440__X42__Y21__P020.jpg,0.842774,24.780503,ok
EES0423440__X42__Y24__P021.jpg,0.861181,28.191573,ok
EES0423440__X42__Y27__P022.jpg,0.901980,28.838954,ok
EES0423440__X42__Y2A__P023.jpg,0.947804,33.745027,ok
EES0423440__X42__Y2D__P024.jpg,0.945573,33.381137,ok
EES0423440__X03__Y1B__P025.jpg,0.933427,35.585203,ok
EES0423441__X03__Y1E__P001.jpg,0.813911,25.181703,ok
EES0423441__X03__Y36__P002.jpg,0.867478,27.413042,ok
EES0423441__X03__Y39__P003.jpg,0.875982,26.825208,ok
EES0423441__X06__Y18__P004.jpg,0.909093,30.976629,ok
EES0423441__X06__Y3C__P005.jpg,0.930564,30.352156,ok
EES0423441__X09__Y12__P006.jpg,0.943004,37.947380,ok
EES0423441__X09__Y3F__P007.jpg,0.943655,38.082230,ok
EES0423441__X0C__Y0F__P008.jpg,0.855542,25.532654,ok
EES0423441__X0C__Y42__P009.jpg,0.951140,39.019587,ok
EES0423441__X12__Y0C__P010.jpg,0.957656,38.123677,ok
EES0423441__X12__Y45__P011.jpg,0.879363,25.352678,ok
EES0423441__X1B__Y09__P012.jpg,0.930182,32.115800,ok
EES0423441__X21__Y09__P013.jpg,0.926684,31.746205,ok
EES0423441__X27__Y09__P014.jpg,0.879794,31.694399,ok
EES0423441__X30__Y0C__P015.jpg,0.928854,30.461031,ok
EES0423441__X30__Y45__P016.jpg,0.863122,24.355609,ok
EES0423441__X33__Y45__P017.jpg,0.863575,25.251963,ok
EES0423441__X36__Y0F__P018.jpg,0.922301,28.568078,ok
EES0423441__X36__Y42__P019.jpg,0.905054,24.528830,ok
EES0423441__X39__Y12__P020.jpg,0.898326,27.660359,ok
EES0423441__X39__Y3F__P021.jpg,0.870864,27.701186,ok
EES0423441__X3C__Y0C__P022.jpg,0.940677,37.576428,ok
EES0423441__X3C__Y3F__P023.jpg,0.948608,38.909651,ok
EES0423441__X3F__Y12__P024.jpg,0.906630,24.560648,ok
EES0423441__X3F__Y39__P025.jpg,0.916345,29.779593,ok
EES0423442__X42__Y12__P001.jpg,0.902761,33.574534,ok
EES0423442__X42__Y18__P002.jpg,0.896025,25.344344,ok
EES0423442__X42__Y1B__P003.jpg,0.957261,36.798650,ok
EES0423442__X42__Y1E__P004.jpg,0.958502,39.034929,ok
EES0423442__X42__Y21__P005.jpg,0.901271,26.696009,ok
EES0423442__X42__Y30__P006.jpg,0.914628,30.076760,ok
EES0423442__X42__Y33__P007.jpg,0.863055,24.377628,ok
EES0423442__X42__Y36__P008.jpg,0.918845,27.418591,ok
EES0423442__X42__Y39__P009.jpg,0.932510,30.771692,ok
EES0423442__X12__Y39__P010.jpg,0.846982,23.618194,ok
EES0423442__X18__Y0F__P011.jpg,0.892059,25.323211,ok
EES0423442__X18__Y12__P012.jpg,0.895376,23.620774,ok
EES0423442__X18__Y39__P013.jpg,0.897172,27.578532,ok
EES0423442__X18__Y3C__P014.jpg,0.865484,24.433186,ok
EES0423442__X1B__Y12__P015.jpg,0.927399,24.843701,ok
EES0423442__X1B__Y39__P016.jpg,0.913121,27.740301,ok
EES0423442__X21__Y09__P017.jpg,0.898667,23.930150,ok
EES0423442__X21__Y12__P018.jpg,0.848364,23.279165,ok
EES0423442__X21__Y33__P019.jpg,0.816136,24.466564,ok
EES0423442__X27__Y09__P020.jpg,0.860886,25.755567,ok
EES0423442__X2A__Y30__P021.jpg,0.884056,26.119531,ok
EES0423442__X2D__Y1B__P022.jpg,0.877271,23.876264,ok
EES0423442__X2D__Y30__P023.jpg,0.868873,25.151869,ok
EES0423442__X2D__Y33__P024.jpg,0.900614,32.194868,ok
EES0423442__X2D__Y36__P025.jpg,0.862821,25.216393,ok
EES0423443__X2D__Y24__P001.jpg,0.768670,22.688766,ok
EES0423443__X30__Y45__P002.jpg,0.900965,25.882313,ok
EES0423443__X3F__Y1B__P003.jpg,0.951978,35.651239,ok
EES0423443__X3F__Y1E__P004.jpg,0.808388,23.944895,ok
EES0423443__X3F__Y21__P005.jpg,0.812406,23.516098,ok
EES0423443__X3F__Y33__P006.jpg,0.840014,23.348849,ok
EES0423443__X3F__Y36__P007.jpg,0.899406,27.222113,ok
EES0423443__X42__Y24__P008.jpg,0.943978,33.817640,ok
EES0423443__X42__Y27__P009.jpg,0.916872,33.354079,ok
EES0423443__X42__Y2A__P010.jpg,0.920643,31.163416,ok
EES0423443__X42__Y2D__P011.jpg,0.940418,33.156847,ok
EES0423443__X42__Y30__P012.jpg,0.950609,36.774086,ok
EES0423443__X27__Y06__P013.jpg,0.937209,33.911036,ok
EES0423443__X2D__Y39__P014.jpg,0.766314,22.718312,ok
EES0423443__X2D__Y3F__P015.jpg,0.834603,26.472011,ok
EES0423443__X30__Y39__P016.jpg,0.734273,22.866290,ok
EES0423443__X30__Y3F__P017.jpg,0.806318,24.647052,ok
EES0423443__X30__Y42__P018.jpg,0.799415,23.593620,ok
EES0423443__X33__Y39__P019.jpg,0.748358,22.813190,ok
EES0423443__X33__Y3F__P020.jpg,0.768476,23.244643,ok
EES0423443__X36__Y0C__P021.jpg,0.828102,24.088421,ok
EES0423443__X39__Y1B__P022.jpg,0.755664,22.667336,ok
EES0423443__X39__Y3F__P023.jpg,0.938545,35.968235,ok
EES0423443__X3C__Y3C__P024.jpg,0.951793,36.817313,ok
EES0423443__X3F__Y15__P025.jpg,0.925315,30.527053,ok
EES0423444__X42__Y1B__P001.jpg,0.881016,24.729817,ok
EES0423444__X42__Y30__P002.jpg,0.870475,25.515473,ok
EES0423444__X42__Y33__P003.jpg,0.957553,38.344780,ok
EES0423444__X03__Y27__P004.jpg,0.889468,24.870895,ok
EES0423444__X03__Y2D__P005.jpg,0.897951,26.241974,ok
EES0423444__X06__Y24__P006.jpg,0.900495,25.068690,ok
EES0423444__X06__Y33__P007.jpg,0.885555,24.078383,ok
EES0423444__X09__Y15__P008.jpg,0.930972,29.972603,ok
EES0423444__X15__Y09__P009.jpg,0.951295,30.557354,ok
EES0423444__X18__Y09__P010.jpg,0.938858,28.041500,ok
EES0423444__X2D__Y42__P011.jpg,0.777018,22.645291,ok
EES0423444__X3C__Y3C__P012.jpg,0.895751,25.628948,ok
EES0423444__X42__Y1E__P013.jpg,0.826222,23.438882,ok
EES0423444__X42__Y30__P014.jpg,0.921129,28.906570,ok
EES0423444__X27__Y18__P015.jpg,0.895834,23.646528,ok
EES0423444__X2A__Y0F__P016.jpg,0.942029,28.336297,ok
EES0423444__X2D__Y1B__P017.jpg,0.854542,24.760510,ok
EES0423444__X2A__Y45__P018.jpg,0.821852,23.698994,ok
EES0423444__X2D__Y45__P019.jpg,0.877307,23.504000,ok
EES0423444__X36__Y0C__P020.jpg,0.906430,23.830542,ok
EES0423444__X42__Y18__P021.jpg,0.909452,23.741419,ok
EES0423444__X42__Y1B__P022.jpg,0.869092,23.915831,ok
EES0423444__X18__Y0C__P023.jpg,0.922513,29.230213,ok
EES0423444__X21__Y09__P024.jpg,0.854836,24.412131,ok
EES0423444__X24__Y09__P025.jpg,0.908195,24.806441,ok
EES0423445__X2D__Y45__P001.jpg,0.800564,23.955467,ok
EES0423445__X33__Y0C__P002.jpg,0.932543,25.058464,ok
EES0423445__X33__Y42__P003.jpg,0.811174,23.395601,ok
EES0423445__X33__Y45__P004.jpg,0.889997,28.242583,ok
EES0423445__X42__Y18__P005.jpg,0.946872,29.982733,ok
EES0423445__X45__Y1B__P006.jpg,0.896839,25.081894,ok
EES0423445__X45__Y36__P007.jpg,0.893441,23.749872,ok
EES0423445__X48__Y21__P008.jpg,0.914862,26.891462,ok
EES0423445__X48__Y24__P009.jpg,0.811166,23.482772,ok
EES0423445__X48__Y27__P010.jpg,0.932496,26.826113,ok
EES0423445__X48__Y2A__P011.jpg,0.913404,25.684954,ok
EES0423445__X48__Y2D__P012.jpg,0.910120,26.815950,ok
EES0423445__X03__Y1E__P013.jpg,0.901666,26.574878,ok
EES0423445__X03__Y21__P014.jpg,0.864141,24.841417,ok
EES0423445__X09__Y12__P015.jpg,0.940445,26.713786,ok
EES0423445__X0C__Y0F__P016.jpg,0.896227,25.202422,ok
EES0423445__X15__Y09__P017.jpg,0.949400,32.322370,ok
EES0423445__X18__Y09__P018.jpg,0.893125,29.563207,ok
EES0423445__X1B__Y09__P019.jpg,0.792607,23.356931,ok
EES0423445__X2D__Y09__P020.jpg,0.948264,34.814261,ok
EES0423445__X2D__Y0C__P021.jpg,0.759865,22.671260,ok
EES0423445__X30__Y0C__P022.jpg,0.845751,25.599083,ok
EES0423445__X33__Y0C__P023.jpg,0.946844,28.405380,ok
EES0423445__X36__Y0F__P024.jpg,0.882282,23.520240,ok
EES0423445__X3F__Y18__P025.jpg,0.920090,27.055664,ok
EES0423446__X33__Y0F__P001.jpg,0.855409,24.024309,ok
EES0423446__X33__Y12__P002.jpg,0.700448,23.483908,ok
EES0423446__X36__Y09__P003.jpg,0.878458,24.935154,ok
EES0423446__X36__Y0C__P004.jpg,0.888855,27.772795,ok
EES0423446__X36__Y0F__P005.jpg,0.915923,31.001991,ok
EES0423446__X36__Y12__P006.jpg,0.855273,26.315359,ok
EES0423446__X36__Y15__P007.jpg,0.754404,23.297191,ok
EES0423446__X39__Y0F__P008.jpg,0.938914,28.683316,ok
EES0423446__X39__Y12__P009.jpg,0.901174,27.420130,ok
EES0423446__X39__Y15__P010.jpg,0.910057,28.342554,ok
EES0423446__X3C__Y0C__P011.jpg,0.888291,25.808783,ok
EES0423446__X0F__Y24__P012.jpg,0.781698,23.860996,ok
EES0423446__X33__Y33__P013.jpg,0.845300,23.365695,ok
EES0423446__X06__Y21__P014.jpg,0.730375,22.329567,ok
EES0423446__X06__Y2A__P015.jpg,0.800684,24.171956,ok
EES0423446__X06__Y30__P016.jpg,0.794986,24.235436,ok
EES0423446__X06__Y33__P017.jpg,0.886295,24.433598,ok
EES0423446__X06__Y36__P018.jpg,0.912810,28.666676,ok
EES0423446__X09__Y15__P019.jpg,0.893578,26.672252,ok
EES0423446__X3F__Y15__P020.jpg,0.940810,29.400785,ok
EES0423446__X42__Y1B__P021.jpg,0.888572,27.401492,ok
EES0423446__X45__Y1E__P022.jpg,0.935036,29.250943,ok
EES0423446__X45__Y27__P023.jpg,0.951123,35.252601,ok
EES0423446__X45__Y2A__P024.jpg,0.924642,29.036802,ok
EES0423446__X15__Y0F__P025.jpg,0.952460,30.599709,ok
EES0423447__X42__Y27__P001.jpg,0.826390,24.986644,ok
EES0423447__X0C__Y24__P002.jpg,0.874942,25.758323,ok
EES0423447__X0C__Y2D__P003.jpg,0.878962,23.551494,ok
EES0423447__X0C__Y33__P004.jpg,0.899260,24.059299,ok
EES0423447__X0C__Y39__P005.jpg,0.855906,23.808551,ok
EES0423447__X0F__Y21__P006.jpg,0.927345,28.736841,ok
EES0423447__X0F__Y27__P007.jpg,0.890685,25.762628,ok
EES0423447__X0F__Y33__P008.jpg,0.916349,27.352141,ok
EES0423447__X12__Y1E__P009.jpg,0.888597,25.946596,ok
EES0423447__X12__Y21__P010.jpg,0.879822,25.555618,ok
EES0423447__X12__Y2D__P011.jpg,0.917308,27.252537,ok
EES0423447__X12__Y36__P012.jpg,0.921175,28.269732,ok
EES0423447__X12__Y39__P013.jpg,0.786521,22.724746,ok
EES0423447__X12__Y3C__P014.jpg,0.889908,26.330550,ok
EES0423447__X15__Y2A__P015.jpg,0.904744,28.039864,ok
EES0423447__X15__Y39__P016.jpg,0.904860,26.012527,ok
EES0423447__X18__Y1B__P017.jpg,0.862510,23.667695,ok
EES0423447__X18__Y39__P018.jpg,0.890060,25.336223,ok
EES0423447__X18__Y3F__P019.jpg,0.930712,31.319371,ok
EES0423447__X18__Y42__P020.jpg,0.868643,24.816193,ok
EES0423447__X1B__Y12__P021.jpg,0.879721,26.763676,ok
EES0423447__X1B__Y15__P022.jpg,0.907840,24.641429,ok
EES0423447__X1B__Y39__P023.jpg,0.933532,30.681916,ok
EES0423447__X1E__Y3F__P024.jpg,0.926590,29.185117,ok
EES0423447__X1E__Y42__P025.jpg,0.930298,28.722441,ok
EES0423448__X21__Y27__P001.jpg,0.893949,24.521452,ok
EES0423448__X24__Y42__P002.jpg,0.874767,25.258194,ok
EES0423448__X24__Y45__P003.jpg,0.944047,32.713870,ok
EES0423448__X27__Y2D__P004.jpg,0.879513,23.772934,ok
EES0423448__X27__Y3C__P005.jpg,0.922193,27.640289,ok
EES0423448__X2A__Y2A__P006.jpg,0.865212,23.685076,ok
EES0423448__X2A__Y2D__P007.jpg,0.862556,27.180975,ok
EES0423448__X2A__Y30__P008.jpg,0.936212,27.632968,ok
EES0423448__X2A__Y36__P009.jpg,0.876594,23.911241,ok
EES0423448__X2D__Y2D__P010.jpg,0.844905,24.711087,ok
EES0423448__X2D__Y42__P011.jpg,0.919447,25.440220,ok
EES0423448__X30__Y30__P012.jpg,0.838880,23.365094,ok
EES0423448__X30__Y3F__P013.jpg,0.854344,23.445783,ok
EES0423448__X30__Y42__P014.jpg,0.923648,29.120309,ok
EES0423448__X33__Y2D__P015.jpg,0.906060,25.323493,ok
EES0423448__X33__Y3F__P016.jpg,0.885766,29.158610,ok
EES0423448__X33__Y42__P017.jpg,0.888026,24.271407,ok
EES0423448__X36__Y24__P018.jpg,0.910615,27.222455,ok
EES0423448__X36__Y27__P019.jpg,0.909936,28.225713,ok
EES0423448__X36__Y3C__P020.jpg,0.931924,29.087920,ok
EES0423448__X36__Y3F__P021.jpg,0.938252,27.100031,ok
EES0423448__X39__Y30__P022.jpg,0.878007,26.126990,ok
EES0423448__X3C__Y1B__P023.jpg,0.924603,24.872575,ok
EES0423448__X3F__Y2A__P024.jpg,0.927963,28.211411,ok
EES0423448__X3F__Y2D__P025.jpg,0.866985,27.192544,ok
EES0423449__X03__Y1E__P001.jpg,0.915067,29.068419,ok
EES0423449__X03__Y24__P002.jpg,0.927030,31.501181,ok
EES0423449__X03__Y27__P003.jpg,0.905091,29.108816,ok
EES0423449__X03__Y2A__P004.jpg,0.899634,30.695090,ok
EES0423449__X03__Y2D__P005.jpg,0.816704,23.409508,ok
EES0423449__X06__Y3C__P006.jpg,0.925366,27.657948,ok
EES0423449__X09__Y1B__P007.jpg,0.837136,23.949341,ok
EES0423449__X09__Y3F__P008.jpg,0.886463,25.654537,ok
EES0423449__X0C__Y42__P009.jpg,0.862837,24.515453,ok
EES0423449__X0F__Y45__P010.jpg,0.939419,29.081618,ok
EES0423449__X39__Y42__P011.jpg,0.937615,27.983869,ok
EES0423449__X3F__Y39__P012.jpg,0.899665,26.423283,ok
EES0423449__X3F__Y3C__P013.jpg,0.904711,24.043428,ok
EES0423449__X06__Y27__P014.jpg,0.849934,23.271108,ok
EES0423449__X09__Y2D__P015.jpg,0.801779,23.333450,ok
EES0423449__X09__Y30__P016.jpg,0.839640,23.777090,ok
EES0423449__X09__Y33__P017.jpg,0.808929,22.867078,ok
EES0423449__X0C__Y15__P018.jpg,0.836859,23.852456,ok
EES0423449__X0F__Y39__P019.jpg,0.926652,31.056175,ok
EES0423449__X0F__Y3C__P020.jpg,0.863203,25.302087,ok
EES0423449__X15__Y42__P021.jpg,0.939262,30.328868,ok
EES0423449__X1E__Y09__P022.jpg,0.918155,30.633959,ok
EES0423449__X1E__Y45__P023.jpg,0.864107,28.030064,ok
EES0423449__X24__Y45__P024.jpg,0.827293,27.057255,ok
EES0423449__X27__Y45__P025.jpg,0.770877,24.784080,ok
EES0423450__X45__Y1B__P001.jpg,0.911267,36.066079,ok
EES0423450__X45__Y24__P002.jpg,0.927492,26.634822,ok
EES0423450__X45__Y2D__P003.jpg,0.950343,32.512404,ok
EES0423450__X06__Y24__P004.jpg,0.914496,26.714579,ok
EES0423450__X06__Y27__P005.jpg,0.889727,26.218931,ok
EES0423450__X09__Y24__P006.jpg,0.848447,23.193655,ok
EES0423450__X0F__Y15__P007.jpg,0.938725,26.163378,ok
EES0423450__X18__Y12__P008.jpg,0.887688,25.461175,ok
EES0423450__X21__Y0C__P009.jpg,0.827000,23.560253,ok
EES0423450__X24__Y0C__P010.jpg,0.850969,25.756693,ok
EES0423450__X2A__Y0C__P011.jpg,0.877336,24.576964,ok
EES0423450__X3C__Y42__P012.jpg,0.910265,27.460379,ok
EES0423450__X42__Y1B__P013.jpg,0.874219,23.790550,ok
EES0423450__X42__Y3C__P014.jpg,0.857170,23.510217,ok
EES0423450__X45__Y21__P015.jpg,0.945986,33.248251,ok
EES0423450__X45__Y24__P016.jpg,0.805956,23.507940,ok
EES0423450__X45__Y27__P017.jpg,0.781415,22.728573,ok
EES0423450__X45__Y30__P018.jpg,0.894578,27.313221,ok
EES0423450__X45__Y39__P019.jpg,0.963922,35.505969,ok
EES0423450__X06__Y24__P020.jpg,0.866810,24.470468,ok
EES0423450__X06__Y27__P021.jpg,0.875132,27.407677,ok
EES0423450__X06__Y2D__P022.jpg,0.862681,24.492439,ok
EES0423450__X06__Y30__P023.jpg,0.856490,24.705572,ok
EES0423450__X0C__Y15__P024.jpg,0.915415,27.259711,ok
EES0423450__X0C__Y1B__P025.jpg,0.845127,23.855041,ok
EES0423451__X0C__Y42__P001.jpg,0.940935,29.598918,ok
EES0423451__X0F__Y18__P002.jpg,0.858070,25.031287,ok
EES0423451__X0F__Y45__P003.jpg,0.919669,32.841405,ok
EES0423451__X15__Y0F__P004.jpg,0.905130,24.651120,ok
EES0423451__X15__Y15__P005.jpg,0.835096,24.173768,ok
EES0423451__X1B__Y0F__P006.jpg,0.899601,23.740911,ok
EES0423451__X1E__Y0C__P007.jpg,0.922004,26.959135,ok
EES0423451__X21__Y0C__P008.jpg,0.875653,24.238260,ok
EES0423451__X24__Y0C__P009.jpg,0.915430,28.443541,ok
EES0423451__X24__Y0F__P010.jpg,0.884876,24.997511,ok
EES0423451__X2A__Y0C__P011.jpg,0.900733,26.707898,ok
EES0423451__X2D__Y0F__P012.jpg,0.848003,23.715505,ok
EES0423451__X33__Y0F__P013.jpg,0.926053,29.963353,ok
EES0423451__X33__Y12__P014.jpg,0.821920,23.066274,ok
EES0423451__X39__Y42__P015.jpg,0.952414,31.337920,ok
EES0423451__X3F__Y39__P016.jpg,0.941502,28.837651,ok
EES0423451__X3F__Y3C__P017.jpg,0.936728,32.807979,ok
EES0423451__X42__Y21__P018.jpg,0.931691,31.422939,ok
EES0423451__X42__Y24__P019.jpg,0.934119,32.075636,ok
EES0423451__X42__Y2A__P020.jpg,0.776384,23.606939,ok
EES0423451__X42__Y30__P021.jpg,0.852250,24.970019,ok
EES0423451__X42__Y33__P022.jpg,0.953452,37.830170,ok
EES0423451__X12__Y2A__P023.jpg,0.850764,23.256683,ok
EES0423451__X15__Y2A__P024.jpg,0.801547,24.209356,ok
EES0423451__X24__Y0F__P025.jpg,0.857382,24.038107,ok
EES0423452__X39__Y09__P001.jpg,0.943221,33.394963,ok
EES0423452__X39__Y3C__P002.jpg,0.852970,24.137030,ok
EES0423452__X3C__Y0C__P003.jpg,0.932397,25.684120,ok
EES0423452__X3C__Y3C__P004.jpg,0.940995,30.407163,ok
EES0423452__X3F__Y0C__P005.jpg,0.925938,29.842451,ok
EES0423452__X3F__Y0F__P006.jpg,0.833828,24.317576,ok
EES0423452__X3F__Y36__P007.jpg,0.791739,23.296660,ok
EES0423452__X3F__Y39__P008.jpg,0.916168,29.233034,ok
EES0423452__X42__Y12__P009.jpg,0.818602,24.015369,ok
EES0423452__X42__Y33__P010.jpg,0.874286,26.141908,ok
EES0423452__X45__Y18__P011.jpg,0.923775,30.931614,ok
EES0423452__X45__Y1B__P012.jpg,0.841581,23.463649,ok
EES0423452__X45__Y27__P013.jpg,0.848754,25.890857,ok
EES0423452__X45__Y2D__P014.jpg,0.879186,27.108415,ok
EES0423452__X45__Y30__P015.jpg,0.960738,37.516430,ok
EES0423452__X48__Y1E__P016.jpg,0.912079,29.948344,ok
EES0423452__X48__Y21__P017.jpg,0.921364,29.062146,ok
EES0423452__X48__Y2A__P018.jpg,0.867468,27.169356,ok
EES0423452__X18__Y03__P019.jpg,0.878610,26.225601,ok
EES0423452__X1B__Y03__P020.jpg,0.751049,23.333300,ok
EES0423452__X1E__Y03__P021.jpg,0.867910,24.767435,ok
EES0423452__X21__Y03__P022.jpg,0.880142,25.901922,ok
EES0423452__X0C__Y21__P023.jpg,0.939170,29.466840,ok
EES0423452__X0C__Y24__P024.jpg,0.899583,27.705488,ok
EES0423452__X0C__Y27__P025.jpg,0.862575,24.315082,ok
EES0423453__X3C__Y33__P001.jpg,0.825146,25.704165,ok
EES0423453__X3C__Y36__P002.jpg,0.888159,23.581808,ok
EES0423453__X30__Y3F__P003.jpg,0.972188,29.440057,ok
EES0423453__X33__Y3F__P004.jpg,0.923618,25.791857,ok
EES0423453__X42__Y30__P005.jpg,0.938510,25.274629,ok
EES0423453__X0F__Y1E__P006.jpg,0.939305,27.342962,ok
EES0423453__X1E__Y18__P007.jpg,0.961093,26.971576,ok
EES0423453__X21__Y0C__P008.jpg,0.945987,26.151133,ok
EES0423453__X21__Y0F__P009.jpg,0.934462,25.105930,ok
EES0423453__X21__Y12__P010.jpg,0.958239,26.976971,ok
EES0423453__X21__Y15__P011.jpg,0.953982,25.388118,ok
EES0423453__X21__Y1B__P012.jpg,0.957257,26.990880,ok
EES0423453__X24__Y09__P013.jpg,0.949401,25.214326,ok
EES0423453__X24__Y0C__P014.jpg,0.914012,25.435016,ok
EES0423453__X24__Y15__P015.jpg,0.932491,24.400470,ok
EES0423453__X24__Y18__P016.jpg,0.957032,26.024136,ok
EES0423453__X24__Y30__P017.jpg,0.932975,24.043300,ok
EES0423453__X27__Y0C__P018.jpg,0.948214,25.390131,ok
EES0423453__X27__Y0F__P019.jpg,0.940225,24.199475,ok
EES0423453__X2A__Y0C__P020.jpg,0.963243,24.478582,ok
EES0423453__X33__Y1E__P021.jpg,0.937774,24.350218,ok
EES0423453__X36__Y18__P022.jpg,0.923799,24.736187,ok
EES0423453__X36__Y1B__P023.jpg,0.942576,27.045489,ok
EES0423453__X36__Y1E__P024.jpg,0.953570,24.730555,ok
EES0423453__X39__Y18__P025.jpg,0.924189,24.252497,ok
EES0423454__X18__Y12__P001.jpg,0.814215,23.484737,ok
EES0423454__X18__Y15__P002.jpg,0.799857,24.305706,ok
EES0423454__X1B__Y12__P003.jpg,0.804925,23.875488,ok
EES0423454__X1B__Y15__P004.jpg,0.737287,23.761157,ok
EES0423454__X1E__Y09__P005.jpg,0.955664,25.007021,ok
EES0423454__X1E__Y0C__P006.jpg,0.834254,23.609042,ok
EES0423454__X1E__Y0F__P007.jpg,0.757270,22.543821,ok
EES0423454__X1E__Y3F__P008.jpg,0.933004,24.576413,ok
EES0423454__X21__Y06__P009.jpg,0.931940,25.659701,ok
EES0423454__X21__Y09__P010.jpg,0.897154,28.314405,ok
EES0423454__X24__Y06__P011.jpg,0.904425,26.311701,ok
EES0423454__X27__Y06__P012.jpg,0.841924,23.414967,ok
EES0423454__X27__Y42__P013.jpg,0.917075,24.145029,ok
EES0423454__X2A__Y03__P014.jpg,0.921200,25.523912,ok
EES0423454__X2A__Y42__P015.jpg,0.948673,27.997383,ok
EES0423454__X2D__Y03__P016.jpg,0.930744,27.197841,ok
EES0423454__X2D__Y42__P017.jpg,0.910732,24.074083,ok
EES0423454__X30__Y03__P018.jpg,0.962933,29.702937,ok
EES0423454__X30__Y42__P019.jpg,0.974962,31.568239,ok
EES0423454__X33__Y03__P020.jpg,0.984281,33.309944,ok
EES0423454__X33__Y42__P021.jpg,0.927558,27.222584,ok
EES0423454__X36__Y03__P022.jpg,0.981078,33.998315,ok
EES0423454__X36__Y42__P023.jpg,0.946387,28.676577,ok
EES0423454__X39__Y42__P024.jpg,0.984124,30.345662,ok
EES0423454__X3C__Y06__P025.jpg,0.968901,25.522168,ok
EES0423455__X21__Y24__P001.jpg,0.906320,24.837260,ok
EES0423455__X21__Y30__P002.jpg,0.932406,24.617009,ok
EES0423455__X21__Y39__P003.jpg,0.897269,23.927225,ok
EES0423455__X24__Y18__P004.jpg,0.841103,23.542365,ok
EES0423455__X24__Y30__P005.jpg,0.948082,24.462237,ok
EES0423455__X2A__Y1E__P006.jpg,0.894967,24.028386,ok
EES0423455__X2A__Y21__P007.jpg,0.959957,24.880709,ok
EES0423455__X2A__Y24__P008.jpg,0.923916,25.782396,ok
EES0423455__X2A__Y27__P009.jpg,0.976746,28.754239,ok
EES0423455__X2A__Y2A__P010.jpg,0.970325,25.778556,ok
EES0423455__X2A__Y30__P011.jpg,0.933793,24.294885,ok
EES0423455__X2D__Y1E__P012.jpg,0.968309,25.581625,ok
EES0423455__X2D__Y24__P013.jpg,0.888551,26.616942,ok
EES0423455__X2D__Y27__P014.jpg,0.989725,33.875216,ok
EES0423455__X2D__Y2A__P015.jpg,0.914574,24.472839,ok
EES0423455__X2D__Y2D__P016.jpg,0.907855,26.385244,ok
EES0423455__X2D__Y3F__P017.jpg,0.881372,23.828467,ok
EES0423455__X30__Y24__P018.jpg,0.847654,23.314431,ok
EES0423455__X30__Y27__P019.jpg,0.901302,24.228716,ok
EES0423455__X30__Y2D__P020.jpg,0.918046,26.265684,ok
EES0423455__X30__Y30__P021.jpg,0.921544,25.081036,ok
EES0423455__X33__Y2D__P022.jpg,0.890548,25.928512,ok
EES0423455__X33__Y30__P023.jpg,0.922010,25.936371,ok
EES0423455__X36__Y33__P024.jpg,0.873278,24.749944,ok
EES0423455__X09__Y1B__P025.jpg,0.908018,26.335569,ok
EES0423456__X24__Y2A__P001.jpg,0.910248,27.897251,ok
EES0423456__X24__Y2D__P002.jpg,0.961475,28.123158,ok
EES0423456__X24__Y30__P003.jpg,0.828409,26.323077,ok
EES0423456__X24__Y33__P004.jpg,0.936807,30.808765,ok
EES0423456__X24__Y36__P005.jpg,0.933219,27.841868,ok
EES0423456__X24__Y39__P006.jpg,0.857698,24.765380,ok
EES0423456__X24__Y3C__P007.jpg,0.888185,25.780441,ok
EES0423456__X27__Y27__P008.jpg,0.873991,24.194194,ok
EES0423456__X2A__Y27__P009.jpg,0.901565,23.948113,ok
EES0423456__X2A__Y30__P010.jpg,0.896138,23.821641,ok
EES0423456__X30__Y18__P011.jpg,0.869377,23.714708,ok
EES0423456__X30__Y27__P012.jpg,0.885781,24.265478,ok
EES0423456__X30__Y30__P013.jpg,0.902240,27.007382,ok
EES0423456__X30__Y33__P014.jpg,0.904795,25.987443,ok
EES0423456__X30__Y36__P015.jpg,0.915092,26.329991,ok
EES0423456__X33__Y30__P016.jpg,0.961098,31.763832,ok
EES0423456__X33__Y33__P017.jpg,0.909303,28.190904,ok
EES0423456__X33__Y36__P018.jpg,0.898822,27.582130,ok
EES0423456__X36__Y15__P019.jpg,0.822116,23.373573,ok
EES0423456__X36__Y27__P020.jpg,0.883729,25.716484,ok
EES0423456__X36__Y2A__P021.jpg,0.886540,26.404452,ok
EES0423456__X36__Y30__P022.jpg,0.841560,26.005611,ok
EES0423456__X36__Y33__P023.jpg,0.993311,36.430902,ok
EES0423456__X36__Y36__P024.jpg,0.911174,28.896793,ok
EES0423456__X36__Y39__P025.jpg,0.943704,26.614030,ok
EES0423457__X18__Y06__P001.jpg,0.968186,26.779519,ok
EES0423457__X18__Y3F__P002.jpg,0.859792,25.651504,ok
EES0423457__X1B__Y06__P003.jpg,0.906340,26.554438,ok
EES0423457__X1E__Y06__P004.jpg,0.754313,23.127725,ok
EES0423457__X21__Y42__P005.jpg,0.892174,27.113256,ok
EES0423457__X24__Y42__P006.jpg,0.844676,26.375503,ok
EES0423457__X27__Y42__P007.jpg,0.821280,26.017006,ok
EES0423457__X2A__Y06__P008.jpg,0.758722,24.223774,ok
EES0423457__X2A__Y42__P009.jpg,0.876906,24.656736,ok
EES0423457__X2D__Y06__P010.jpg,0.851927,25.576309,ok
EES0423457__X30__Y06__P011.jpg,0.976345,33.909639,ok
EES0423457__X36__Y3F__P012.jpg,0.949478,25.342011,ok
EES0423457__X45__Y1E__P013.jpg,0.963193,27.987871,ok
EES0423457__X45__Y21__P014.jpg,0.972881,30.102242,ok
EES0423457__X45__Y24__P015.jpg,0.890720,24.827180,ok
EES0423457__X45__Y27__P016.jpg,0.921690,25.617724,ok
EES0423457__X0C__Y2D__P017.jpg,0.883900,24.745492,ok
EES0423457__X0C__Y30__P018.jpg,0.950657,30.533662,ok
EES0423457__X0C__Y33__P019.jpg,0.907970,29.020706,ok
EES0423457__X0C__Y36__P020.jpg,0.950479,27.237697,ok
EES0423457__X12__Y2D__P021.jpg,0.902186,23.691455,ok
EES0423457__X18__Y39__P022.jpg,0.941673,26.603071,ok
EES0423457__X1B__Y18__P023.jpg,0.883239,24.085590,ok
EES0423457__X1B__Y27__P024.jpg,0.894801,23.968694,ok
EES0423457__X1B__Y36__P025.jpg,0.918429,24.328542,ok
EES0423458__X27__Y30__P001.jpg,0.894591,25.414167,ok
EES0423458__X2A__Y2D__P002.jpg,0.811668,24.313027,ok
EES0423458__X2A__Y30__P003.jpg,0.970610,26.479758,ok
EES0423458__X2A__Y33__P004.jpg,0.971748,26.177818,ok
EES0423458__X2A__Y3C__P005.jpg,0.930358,24.182114,ok
EES0423458__X2D__Y1B__P006.jpg,0.964720,25.330051,ok
EES0423458__X2D__Y2D__P007.jpg,0.987415,32.476625,ok
EES0423458__X2D__Y30__P008.jpg,0.924091,27.585267,ok
EES0423458__X2D__Y33__P009.jpg,0.852070,24.928589,ok
EES0423458__X2D__Y3F__P010.jpg,0.917936,25.044547,ok
EES0423458__X30__Y12__P011.jpg,0.945775,24.458937,ok
EES0423458__X30__Y18__P012.jpg,0.891824,24.764367,ok
EES0423458__X30__Y1B__P013.jpg,0.908456,24.219519,ok
EES0423458__X30__Y1E__P014.jpg,0.950988,24.531235,ok
EES0423458__X30__Y21__P015.jpg,0.970615,26.356384,ok
EES0423458__X30__Y24__P016.jpg,0.942346,25.336758,ok
EES0423458__X30__Y30__P017.jpg,0.932187,25.239173,ok
EES0423458__X30__Y36__P018.jpg,0.909116,23.900756,ok
EES0423458__X30__Y39__P019.jpg,0.962749,24.697650,ok
EES0423458__X30__Y3C__P020.jpg,0.966225,27.631043,ok
EES0423458__X30__Y3F__P021.jpg,0.959998,28.688493,ok
EES0423458__X30__Y42__P022.jpg,0.957530,24.476208,ok
EES0423458__X30__Y45__P023.jpg,0.856145,24.153649,ok
EES0423458__X33__Y21__P024.jpg,0.924205,24.922057,ok
EES0423458__X33__Y24__P025.jpg,0.937503,25.897550,ok
EES0423459__X33__Y3C__P001.jpg,0.912730,26.625144,ok
EES0423459__X33__Y3F__P002.jpg,0.926308,27.470844,ok
EES0423459__X36__Y1E__P003.jpg,0.917491,25.987577,ok
EES0423459__X36__Y21__P004.jpg,0.877815,24.416588,ok
EES0423459__X36__Y2A__P005.jpg,0.922484,24.578886,ok
EES0423459__X36__Y36__P006.jpg,0.934621,25.951961,ok
EES0423459__X36__Y39__P007.jpg,0.966580,30.606957,ok
EES0423459__X36__Y3C__P008.jpg,0.930833,28.929463,ok
EES0423459__X36__Y3F__P009.jpg,0.949932,26.816458,ok
EES0423459__X39__Y2A__P010.jpg,0.903750,23.969772,ok
EES0423459__X39__Y30__P011.jpg,0.934155,25.109531,ok
EES0423459__X39__Y33__P012.jpg,0.921919,24.808247,ok
EES0423459__X3C__Y3C__P013.jpg,0.908833,24.577507,ok
EES0423459__X3C__Y3F__P014.jpg,0.917927,24.626231,ok
EES0423459__X3F__Y24__P015.jpg,0.915987,25.544624,ok
EES0423459__X3F__Y27__P016.jpg,0.896894,23.946546,ok
EES0423459__X42__Y24__P017.jpg,0.849041,24.599659,ok
EES0423459__X42__Y2A__P018.jpg,0.855509,23.653941,ok
EES0423459__X42__Y2D__P019.jpg,0.860233,23.680098,ok
EES0423459__X42__Y30__P020.jpg,0.956166,25.364310,ok
EES0423459__X45__Y06__P021.jpg,0.968730,25.515330,ok
EES0423459__X45__Y30__P022.jpg,0.856653,27.036234,ok
EES0423459__X45__Y33__P023.jpg,0.948744,26.697380,ok
EES0423459__X12__Y18__P024.jpg,0.857462,23.628297,ok
EES0423459__X15__Y18__P025.jpg,0.882179,23.698277,ok
EES0423460__X24__Y42__P001.jpg,0.899123,25.449058,ok
EES0423460__X27__Y42__P002.jpg,0.926156,29.412655,ok
EES0423460__X2A__Y3F__P003.jpg,0.830687,26.046010,ok
EES0423460__X2A__Y42__P004.jpg,0.946313,31.556165,ok
EES0423460__X2D__Y3F__P005.jpg,0.883761,25.296839,ok
EES0423460__X2D__Y42__P006.jpg,0.917154,28.051959,ok
EES0423460__X30__Y42__P007.jpg,0.951304,32.001850,ok
EES0423460__X33__Y42__P008.jpg,0.967935,27.720252,ok
EES0423460__X36__Y3F__P009.jpg,0.912240,24.859024,ok
EES0423460__X36__Y42__P010.jpg,0.978108,28.226394,ok
EES0423460__X3C__Y3C__P011.jpg,0.948276,24.169484,ok
EES0423460__X09__Y1E__P012.jpg,0.938984,26.425753,ok
EES0423460__X09__Y21__P013.jpg,0.976255,32.784774,ok
EES0423460__X09__Y24__P014.jpg,0.943843,30.335520,ok
EES0423460__X09__Y27__P015.jpg,0.917505,27.799737,ok
EES0423460__X09__Y2A__P016.jpg,0.927667,30.045265,ok
EES0423460__X09__Y2D__P017.jpg,0.863580,27.181329,ok
EES0423460__X09__Y30__P018.jpg,0.963124,29.078591,ok
EES0423460__X0C__Y15__P019.jpg,0.967720,26.757777,ok
EES0423460__X0C__Y18__P020.jpg,0.912041,24.525955,ok
EES0423460__X0C__Y27__P021.jpg,0.847152,24.812010,ok
EES0423460__X0C__Y2A__P022.jpg,0.894768,27.090947,ok
EES0423460__X0C__Y2D__P023.jpg,0.889019,27.945379,ok
EES0423460__X0C__Y30__P024.jpg,0.853673,25.259055,ok
EES0423460__X0C__Y33__P025.jpg,0.877518,25.576903,ok
EES0423461__X36__Y0C__P001.jpg,0.748529,24.285642,ok
EES0423461__X36__Y0F__P002.jpg,0.825192,23.922538,ok
EES0423461__X36__Y1E__P003.jpg,0.867690,23.346082,ok
EES0423461__X42__Y18__P004.jpg,0.807640,24.040881,ok
EES0423461__X45__Y18__P005.jpg,0.952401,26.341935,ok
EES0423461__X45__Y33__P006.jpg,0.869974,23.417095,ok
EES0423461__X48__Y1E__P007.jpg,0.919057,24.252959,ok
EES0423461__X48__Y24__P008.jpg,0.867925,25.743581,ok
EES0423461__X48__Y27__P009.jpg,0.923195,30.742430,ok
EES0423461__X48__Y2A__P010.jpg,0.871208,26.740186,ok
EES0423461__X12__Y1E__P011.jpg,0.952115,30.052368,ok
EES0423461__X15__Y1E__P012.jpg,0.973471,29.028774,ok
EES0423461__X15__Y21__P013.jpg,0.833811,23.539448,ok
EES0423461__X15__Y3C__P014.jpg,0.935247,26.063235,ok
EES0423461__X18__Y1B__P015.jpg,0.901830,24.753102,ok
EES0423461__X1B__Y1B__P016.jpg,0.924751,26.975565,ok
EES0423461__X1B__Y1E__P017.jpg,0.955408,26.377965,ok
EES0423461__X1B__Y27__P018.jpg,0.861942,23.751853,ok
EES0423461__X1B__Y36__P019.jpg,0.936164,26.097551,ok
EES0423461__X1B__Y39__P020.jpg,0.884376,23.786491,ok
EES0423461__X1E__Y15__P021.jpg,0.918382,24.119688,ok
EES0423461__X1E__Y1B__P022.jpg,0.918431,28.207389,ok
EES0423461__X1E__Y1E__P023.jpg,0.994418,36.633325,ok
EES0423461__X1E__Y27__P024.jpg,0.930589,24.152124,ok
EES0423461__X1E__Y2A__P025.jpg,0.901409,23.671789,ok
EES0423462__X1E__Y30__P001.jpg,0.901321,24.352160,ok
EES0423462__X1E__Y33__P002.jpg,0.918667,24.045719,ok
EES0423462__X1E__Y36__P003.jpg,0.931022,25.867437,ok
EES0423462__X1E__Y39__P004.jpg,0.856758,23.647249,ok
EES0423462__X1E__Y3C__P005.jpg,0.948591,24.135423,ok
EES0423462__X21__Y15__P006.jpg,0.927798,25.258329,ok
EES0423462__X21__Y18__P007.jpg,0.883308,25.973427,ok
EES0423462__X21__Y1B__P008.jpg,0.953966,28.863297,ok
EES0423462__X21__Y1E__P009.jpg,0.915272,25.343790,ok
EES0423462__X21__Y2D__P010.jpg,0.967497,28.292065,ok
EES0423462__X21__Y30__P011.jpg,0.895069,25.012603,ok
EES0423462__X24__Y18__P012.jpg,0.892410,23.720741,ok
EES0423462__X24__Y1B__P013.jpg,0.881072,24.695836,ok
EES0423462__X24__Y27__P014.jpg,0.958853,25.680028,ok
EES0423462__X24__Y2A__P015.jpg,0.843595,23.562698,ok
EES0423462__X24__Y2D__P016.jpg,0.900263,23.959735,ok
EES0423462__X2A__Y0F__P017.jpg,0.924709,24.854189,ok
EES0423462__X2A__Y12__P018.jpg,0.946971,27.103216,ok
EES0423462__X2A__Y15__P019.jpg,0.953944,27.395997,ok
EES0423462__X2A__Y18__P020.jpg,0.953623,27.183603,ok
EES0423462__X2A__Y1B__P021.jpg,0.941650,27.307205,ok
EES0423462__X2A__Y1E__P022.jpg,0.925903,24.254970,ok
EES0423462__X2A__Y21__P023.jpg,0.942659,24.947693,ok
EES0423462__X2D__Y12__P024.jpg,0.964185,31.237783,ok
EES0423462__X2D__Y15__P025.jpg,0.973126,31.595304,ok
EES0423463__X2D__Y18__P001.jpg,0.983435,37.299544,ok
EES0423463__X2D__Y1B__P002.jpg,0.905191,25.360357,ok
EES0423463__X30__Y15__P003.jpg,0.951440,25.849972,ok
EES0423463__X30__Y1B__P004.jpg,0.856063,23.681693,ok
EES0423463__X36__Y1E__P005.jpg,0.878048,24.230852,ok
EES0423463__X36__Y21__P006.jpg,0.910098,25.247252,ok
EES0423463__X36__Y24__P007.jpg,0.949564,24.103215,ok
EES0423463__X39__Y27__P008.jpg,0.932113,24.544385,ok
EES0423463__X39__Y2A__P009.jpg,0.912905,25.078181,ok
EES0423463__X3C__Y15__P010.jpg,0.963928,27.550761,ok
EES0423463__X3C__Y18__P011.jpg,0.968123,26.774591,ok
EES0423463__X3C__Y21__P012.jpg,0.826961,23.550028,ok
EES0423463__X42__Y1E__P013.jpg,0.950854,27.048222,ok
EES0423463__X42__Y21__P014.jpg,0.960753,25.599464,ok
EES0423463__X42__Y27__P015.jpg,0.968741,24.319970,ok
EES0423463__X42__Y36__P016.jpg,0.905902,23.759099,ok
EES0423463__X45__Y1E__P017.jpg,0.971717,31.863895,ok
EES0423463__X48__Y1B__P018.jpg,0.923345,26.155402,ok
EES0423463__X48__Y1E__P019.jpg,0.944321,30.737196,ok
EES0423463__X48__Y27__P020.jpg,0.967482,26.953286,ok
EES0423463__X48__Y2A__P021.jpg,0.910306,25.899186,ok
EES0423463__X0F__Y42__P022.jpg,0.979507,31.264277,ok
EES0423463__X24__Y36__P023.jpg,0.943557,26.013822,ok
EES0423463__X24__Y39__P024.jpg,0.954102,27.937725,ok
EES0423463__X24__Y3C__P025.jpg,0.941367,26.773471,ok
EES0423464__X27__Y24__P001.jpg,0.922491,25.805042,ok
EES0423464__X27__Y27__P002.jpg,0.853930,23.371225,ok
EES0423464__X2A__Y33__P003.jpg,0.928834,25.003796,ok
EES0423464__X36__Y2D__P004.jpg,0.930850,25.033002,ok
EES0423464__X36__Y30__P005.jpg,0.879940,24.004530,ok
EES0423464__X36__Y33__P006.jpg,0.936862,24.212045,ok
EES0423464__X09__Y1B__P007.jpg,0.989041,33.056740,ok
EES0423464__X18__Y09__P008.jpg,0.947777,24.192340,ok
EES0423464__X1E__Y06__P009.jpg,0.976335,31.965093,ok
EES0423464__X1E__Y09__P010.jpg,0.907580,24.509992,ok
EES0423464__X21__Y06__P011.jpg,0.944326,27.042846,ok
EES0423464__X24__Y06__P012.jpg,0.936938,25.666316,ok
EES0423464__X2A__Y06__P013.jpg,0.918429,23.809261,ok
EES0423464__X33__Y1B__P014.jpg,0.909160,25.323044,ok
EES0423464__X36__Y09__P015.jpg,0.955643,25.111659,ok
EES0423464__X45__Y2D__P016.jpg,0.965732,24.364547,ok
EES0423464__X45__Y30__P017.jpg,0.966754,24.488670,ok
EES0423464__X48__Y2D__P018.jpg,0.971497,26.237638,ok
EES0423464__X06__Y1E__P019.jpg,0.913629,23.903573,ok
EES0423464__X09__Y15__P020.jpg,0.926170,25.689137,ok
EES0423464__X09__Y18__P021.jpg,0.941370,28.017403,ok
EES0423464__X09__Y1B__P022.jpg,0.812918,23.045612,ok
EES0423464__X09__Y1E__P023.jpg,0.920690,25.049227,ok
EES0423464__X09__Y21__P024.jpg,0.863034,24.369184,ok
EES0423464__X09__Y27__P025.jpg,0.874312,24.475743,ok
EES0423465__X48__Y1B__P001.jpg,0.985742,32.632525,ok
EES0423465__X48__Y1E__P002.jpg,0.864553,23.775540,ok
EES0423465__X48__Y2D__P003.jpg,0.958847,27.396539,ok
EES0423465__X09__Y1E__P004.jpg,0.900177,25.322163,ok
EES0423465__X09__Y21__P005.jpg,0.908353,27.784403,ok
EES0423465__X09__Y24__P006.jpg,0.942582,27.618394,ok
EES0423465__X09__Y27__P007.jpg,0.867165,24.986415,ok
EES0423465__X0C__Y12__P008.jpg,0.916970,24.771071,ok
EES0423465__X0C__Y2D__P009.jpg,0.817393,23.618859,ok
EES0423465__X1E__Y3F__P010.jpg,0.891604,26.011524,ok
EES0423465__X27__Y3F__P011.jpg,0.767069,23.387731,ok
EES0423465__X2D__Y3F__P012.jpg,0.876452,24.079231,ok
EES0423465__X30__Y3F__P013.jpg,0.729139,22.911075,ok
EES0423465__X33__Y3F__P014.jpg,0.938660,30.857315,ok
EES0423465__X45__Y21__P015.jpg,0.893259,23.702137,ok
EES0423465__X09__Y18__P016.jpg,0.924272,25.437333,ok
EES0423465__X09__Y1B__P017.jpg,0.934150,26.104859,ok
EES0423465__X09__Y1E__P018.jpg,0.897619,23.933167,ok
EES0423465__X09__Y30__P019.jpg,0.866281,24.328164,ok
EES0423465__X09__Y33__P020.jpg,0.889634,23.850243,ok
EES0423465__X09__Y36__P021.jpg,0.988029,30.289873,ok
EES0423465__X0C__Y39__P022.jpg,0.958667,24.223439,ok
EES0423465__X1B__Y06__P023.jpg,0.934129,24.464387,ok
EES0423465__X1E__Y45__P024.jpg,0.937775,24.421495,ok
EES0423465__X24__Y45__P025.jpg,0.912155,25.837268,ok
EES0423466__X30__Y06__P001.jpg,0.938936,24.017093,ok
EES0423466__X42__Y33__P002.jpg,0.944707,24.010595,ok
EES0423466__X45__Y1B__P003.jpg,0.956578,25.495770,ok
EES0423466__X09__Y24__P004.jpg,0.931818,24.737987,ok
EES0423466__X09__Y27__P005.jpg,0.932415,28.301787,ok
EES0423466__X09__Y2A__P006.jpg,0.937306,26.096318,ok
EES0423466__X0C__Y18__P007.jpg,0.826066,23.848621,ok
EES0423466__X0F__Y36__P008.jpg,0.926745,24.655355,ok
EES0423466__X12__Y0C__P009.jpg,0.932643,25.404941,ok
EES0423466__X15__Y09__P010.jpg,0.944239,26.669250,ok
EES0423466__X15__Y3C__P011.jpg,0.939683,24.359097,ok
EES0423466__X1B__Y06__P012.jpg,0.833839,23.701827,ok
EES0423466__X24__Y42__P013.jpg,0.953661,27.997761,ok
EES0423466__X27__Y42__P014.jpg,0.925178,27.738267,ok
EES0423466__X2A__Y42__P015.jpg,0.905360,24.326339,ok
EES0423466__X2D__Y42__P016.jpg,0.959170,25.564202,ok
EES0423466__X33__Y06__P017.jpg,0.891990,25.206354,ok
EES0423466__X36__Y06__P018.jpg,0.915154,24.139544,ok
EES0423466__X36__Y3F__P019.jpg,0.945673,24.066622,ok
EES0423466__X48__Y18__P020.jpg,0.967901,25.513068,ok
EES0423466__X48__Y1B__P021.jpg,0.875550,23.597144,ok
EES0423466__X48__Y33__P022.jpg,0.946237,26.854549,ok
EES0423466__X24__Y42__P023.jpg,0.986625,29.100684,ok
EES0423466__X12__Y18__P024.jpg,0.948774,25.548729,ok
EES0423466__X15__Y45__P025.jpg,0.947587,25.130158,ok
EES0423467__X1B__Y15__P001.jpg,0.947884,24.037963,ok
EES0423467__X21__Y09__P002.jpg,0.900880,24.178964,ok
EES0423467__X24__Y15__P003.jpg,0.964725,26.717812,ok
EES0423467__X2A__Y1B__P004.jpg,0.940027,24.422184,ok
EES0423467__X2D__Y1B__P005.jpg,0.987285,31.614569,ok
EES0423467__X30__Y1B__P006.jpg,0.914413,24.359156,ok
EES0423467__X33__Y30__P007.jpg,0.979442,33.015226,ok
EES0423467__X36__Y30__P008.jpg,0.964089,27.151770,ok
EES0423467__X39__Y30__P009.jpg,0.948724,25.229554,ok
EES0423467__X3F__Y1B__P010.jpg,0.952079,26.805329,ok
EES0423467__X0C__Y30__P011.jpg,0.871434,23.768604,ok
EES0423467__X0C__Y36__P012.jpg,0.942657,25.487709,ok
EES0423467__X0F__Y18__P013.jpg,0.921427,24.248053,ok
EES0423467__X0F__Y1B__P014.jpg,0.882870,25.143202,ok
EES0423467__X0F__Y1E__P015.jpg,0.915352,25.966472,ok
EES0423467__X0F__Y21__P016.jpg,0.896315,25.479455,ok
EES0423467__X12__Y18__P017.jpg,0.931375,27.105162,ok
EES0423467__X12__Y1B__P018.jpg,0.873826,26.494334,ok
EES0423467__X12__Y1E__P019.jpg,0.883993,25.646887,ok
EES0423467__X15__Y0F__P020.jpg,0.942066,25.333875,ok
EES0423467__X15__Y12__P021.jpg,0.933328,25.265289,ok
EES0423467__X15__Y18__P022.jpg,0.876059,25.931454,ok
EES0423467__X15__Y1B__P023.jpg,0.862161,25.004109,ok
EES0423467__X18__Y0C__P024.jpg,0.971258,26.592361,ok
EES0423467__X18__Y0F__P025.jpg,0.928168,25.633181,ok
EES0423468__X18__Y12__P001.jpg,0.910435,26.032615,ok
EES0423468__X18__Y15__P002.jpg,0.906180,28.566349,ok
EES0423468__X18__Y18__P003.jpg,0.881919,26.039253,ok
EES0423468__X18__Y1B__P004.jpg,0.860015,26.010061,ok
EES0423468__X1B__Y0F__P005.jpg,0.896402,26.436425,ok
EES0423468__X1B__Y12__P006.jpg,0.927567,27.351080,ok
EES0423468__X1B__Y15__P007.jpg,0.892371,26.390505,ok
EES0423468__X1E__Y0C__P008.jpg,0.933117,25.412183,ok
EES0423468__X1E__Y0F__P009.jpg,0.903935,25.667715,ok
EES0423468__X1E__Y12__P010.jpg,0.844944,23.503345,ok
EES0423468__X21__Y09__P011.jpg,0.940577,28.422638,ok
EES0423468__X21__Y0C__P012.jpg,0.922636,27.250934,ok
EES0423468__X21__Y45__P013.jpg,0.978888,28.957531,ok
EES0423468__X24__Y09__P014.jpg,0.960274,30.108086,ok
EES0423468__X24__Y0C__P015.jpg,0.858402,23.672238,ok
EES0423468__X24__Y45__P016.jpg,0.961661,27.327952,ok
EES0423468__X27__Y09__P017.jpg,0.944526,24.407485,ok
EES0423468__X27__Y0C__P018.jpg,0.912477,25.170498,ok
EES0423468__X27__Y45__P019.jpg,0.885574,23.846670,ok
EES0423468__X2A__Y45__P020.jpg,0.974416,27.221315,ok
EES0423468__X48__Y24__P021.jpg,0.968512,26.565081,ok
EES0423468__X48__Y27__P022.jpg,0.976342,27.078971,ok
EES0423468__X0C__Y1B__P023.jpg,0.891299,25.440734,ok
EES0423468__X0C__Y1E__P024.jpg,0.881820,24.853183,ok
EES0423468__X0C__Y21__P025.jpg,0.933073,26.147861,ok
EES0423469__X24__Y0C__P001.jpg,0.871919,23.979286,ok
EES0423469__X24__Y36__P002.jpg,0.966157,27.927252,ok
EES0423469__X24__Y42__P003.jpg,0.929290,25.090583,ok
EES0423469__X27__Y2D__P004.jpg,0.931737,26.493950,ok
EES0423469__X27__Y33__P005.jpg,0.924790,25.222800,ok
EES0423469__X27__Y36__P006.jpg,0.884499,24.072149,ok
EES0423469__X27__Y3C__P007.jpg,0.942489,24.960624,ok
EES0423469__X27__Y3F__P008.jpg,0.951328,28.184511,ok
EES0423469__X27__Y42__P009.jpg,0.896828,25.028774,ok
EES0423469__X2A__Y24__P010.jpg,0.932782,24.529424,ok
EES0423469__X2A__Y42__P011.jpg,0.967148,28.233216,ok
EES0423469__X2D__Y42__P012.jpg,0.933386,25.452223,ok
EES0423469__X30__Y36__P013.jpg,0.886198,23.955189,ok
EES0423469__X30__Y3C__P014.jpg,0.907415,24.343801,ok
EES0423469__X36__Y1E__P015.jpg,0.926167,25.817033,ok
EES0423469__X36__Y24__P016.jpg,0.927448,26.422939,ok
EES0423469__X36__Y39__P017.jpg,0.904209,23.874548,ok
EES0423469__X39__Y21__P018.jpg,0.891811,25.919132,ok
EES0423469__X39__Y27__P019.jpg,0.932311,28.565678,ok
EES0423469__X39__Y2A__P020.jpg,0.897479,24.267250,ok
EES0423469__X3C__Y1B__P021.jpg,0.941202,24.318055,ok
EES0423469__X3C__Y27__P022.jpg,0.852739,24.360231,ok
EES0423469__X3C__Y2A__P023.jpg,0.903662,25.738185,ok
EES0423469__X3C__Y2D__P024.jpg,0.866463,24.522147,ok
EES0423469__X3C__Y30__P025.jpg,0.962089,26.588573,ok
EES0423470__X27__Y3F__P001.jpg,0.861885,24.434878,ok
EES0423470__X2A__Y42__P002.jpg,0.926178,24.041765,ok
EES0423470__X39__Y3C__P003.jpg,0.957939,24.592049,ok
EES0423470__X3F__Y36__P004.jpg,0.957988,24.748662,ok
EES0423470__X45__Y1B__P005.jpg,0.992457,35.134889,ok
EES0423470__X0C__Y21__P006.jpg,0.929059,25.735145,ok
EES0423470__X0C__Y24__P007.jpg,0.984743,29.061282,ok
EES0423470__X0F__Y24__P008.jpg,0.941257,24.425406,ok
EES0423470__X0F__Y2A__P009.jpg,0.950990,24.970390,ok
EES0423470__X15__Y2D__P010.jpg,0.924396,24.284181,ok
EES0423470__X1B__Y36__P011.jpg,0.951665,26.577429,ok
EES0423470__X1E__Y33__P012.jpg,0.982503,28.087233,ok
EES0423470__X21__Y33__P013.jpg,0.880491,23.721718,ok
EES0423470__X21__Y3C__P014.jpg,0.942354,24.005041,ok
EES0423470__X21__Y3F__P015.jpg,0.896135,26.136292,ok
EES0423470__X24__Y39__P016.jpg,0.919810,23.938942,ok
EES0423470__X24__Y3C__P017.jpg,0.977450,26.031017,ok
EES0423470__X30__Y33__P018.jpg,0.973260,28.047816,ok
EES0423470__X33__Y15__P019.jpg,0.916248,25.058029,ok
EES0423470__X33__Y1E__P020.jpg,0.955167,27.078956,ok
EES0423470__X36__Y15__P021.jpg,0.934285,25.101903,ok
EES0423470__X36__Y18__P022.jpg,0.959203,26.705608,ok
EES0423470__X36__Y1B__P023.jpg,0.899463,24.606596,ok
EES0423470__X36__Y1E__P024.jpg,0.968461,27.758926,ok
EES0423470__X39__Y15__P025.jpg,0.974919,31.023303,ok
EES0423471__X39__Y18__P001.jpg,0.954128,27.680052,ok
EES0423471__X39__Y2A__P002.jpg,0.936365,24.140124,ok
EES0423471__X3C__Y15__P003.jpg,0.914947,23.934138,ok
EES0423471__X3C__Y18__P004.jpg,0.933789,26.790497,ok
EES0423471__X3C__Y24__P005.jpg,0.909862,23.851594,ok
EES0423471__X3C__Y33__P006.jpg,0.953649,25.150065,ok
EES0423471__X3F__Y27__P007.jpg,0.916766,24.736843,ok
EES0423471__X09__Y15__P008.jpg,0.833282,24.138098,ok
EES0423471__X09__Y18__P009.jpg,0.949039,28.618728,ok
EES0423471__X09__Y1B__P010.jpg,0.848371,24.335605,ok
EES0423471__X09__Y1E__P011.jpg,0.907176,27.129818,ok
EES0423471__X09__Y21__P012.jpg,0.908602,25.312198,ok
EES0423471__X09__Y27__P013.jpg,0.832773,23.462710,ok
EES0423471__X09__Y2D__P014.jpg,0.959961,30.658053,ok
EES0423471__X0C__Y30__P015.jpg,0.861547,24.185962,ok
EES0423471__X12__Y39__P016.jpg,0.924489,24.204858,ok
EES0423471__X1E__Y03__P017.jpg,0.953306,28.409952,ok
EES0423471__X21__Y03__P018.jpg,0.952928,33.936149,ok
EES0423471__X24__Y03__P019.jpg,0.895955,26.825578,ok
EES0423471__X27__Y03__P020.jpg,0.980736,33.807310,ok
EES0423471__X3C__Y18__P021.jpg,0.735050,22.449320,ok
EES0423471__X42__Y15__P022.jpg,0.947986,26.986342,ok
EES0423471__X09__Y24__P023.jpg,0.920428,24.069286,ok
EES0423471__X0F__Y2D__P024.jpg,0.936106,24.086225,ok
EES0423471__X12__Y1B__P025.jpg,0.943504,25.013721,ok
EES0423472__X15__Y1B__P001.jpg,0.919384,24.260117,ok
EES0423472__X15__Y39__P002.jpg,0.953971,24.566573,ok
EES0423472__X1B__Y18__P003.jpg,0.943601,25.333244,ok
EES0423472__X1E__Y09__P004.jpg,0.962447,27.718532,ok
EES0423472__X1E__Y0C__P005.jpg,0.948720,24.711561,ok
EES0423472__X1E__Y18__P006.jpg,0.911823,24.075931,ok
EES0423472__X1E__Y3C__P007.jpg,0.955233,24.743780,ok
EES0423472__X21__Y15__P008.jpg,0.940885,25.014834,ok
EES0423472__X21__Y1B__P009.jpg,0.948312,24.180844,ok
EES0423472__X21__Y1E__P010.jpg,0.886903,24.017761,ok
EES0423472__X24__Y18__P011.jpg,0.925450,24.220752,ok
EES0423472__X24__Y1B__P012.jpg,0.932704,24.027294,ok
EES0423472__X24__Y21__P013.jpg,0.916175,23.976920,ok
EES0423472__X24__Y24__P014.jpg,0.964428,24.653833,ok
EES0423472__X24__Y42__P015.jpg,0.937024,23.957152,ok
EES0423472__X27__Y21__P016.jpg,0.948875,24.725372,ok
EES0423472__X2D__Y36__P017.jpg,0.975265,31.234207,ok
EES0423472__X2D__Y39__P018.jpg,0.975301,32.503379,ok
EES0423472__X2D__Y3C__P019.jpg,0.976026,27.177705,ok
EES0423472__X30__Y2A__P020.jpg,0.962270,24.527231,ok
EES0423472__X30__Y33__P021.jpg,0.964914,26.948688,ok
EES0423472__X30__Y36__P022.jpg,0.958799,30.959587,ok
EES0423472__X30__Y39__P023.jpg,0.869759,24.607293,ok
EES0423472__X33__Y12__P024.jpg,0.950292,28.501900,ok
EES0423472__X33__Y15__P025.jpg,0.890807,24.084702,ok
EES0423473__X0F__Y1B__P001.jpg,0.958797,27.918239,ok
EES0423473__X0F__Y1E__P002.jpg,0.929788,25.395342,ok
EES0423473__X0F__Y2A__P003.jpg,0.942883,24.970414,ok
EES0423473__X0F__Y2D__P004.jpg,0.927435,23.914970,ok
EES0423473__X12__Y30__P005.jpg,0.959217,26.791224,ok
EES0423473__X15__Y30__P006.jpg,0.948249,25.890347,ok
EES0423473__X18__Y0F__P007.jpg,0.978533,24.638637,ok
EES0423473__X1B__Y36__P008.jpg,0.918014,24.056991,ok
EES0423473__X1E__Y30__P009.jpg,0.969955,24.785778,ok
EES0423473__X1E__Y36__P010.jpg,0.880710,23.652995,ok
EES0423473__X24__Y06__P011.jpg,0.970390,27.335305,ok
EES0423473__X24__Y09__P012.jpg,0.945246,25.638711,ok
EES0423473__X24__Y2D__P013.jpg,0.927780,23.974430,ok
EES0423473__X24__Y30__P014.jpg,0.931774,24.790374,ok
EES0423473__X24__Y36__P015.jpg,0.939287,24.898446,ok
EES0423473__X24__Y3F__P016.jpg,0.927126,24.207291,ok
EES0423473__X27__Y06__P017.jpg,0.906294,28.221414,ok
EES0423473__X27__Y30__P018.jpg,0.922680,27.074891,ok
EES0423473__X27__Y3C__P019.jpg,0.917427,25.867411,ok
EES0423473__X2A__Y30__P020.jpg,0.934663,23.942685,ok
EES0423473__X30__Y0C__P021.jpg,0.898008,24.103177,ok
EES0423473__X30__Y27__P022.jpg,0.920860,24.609817,ok
EES0423473__X30__Y33__P023.jpg,0.957793,25.032266,ok
EES0423473__X30__Y36__P024.jpg,0.946664,24.561332,ok
EES0423473__X30__Y3F__P025.jpg,0.960606,24.812358,ok
EES0423474__X33__Y09__P001.jpg,0.965734,25.618794,ok
EES0423474__X33__Y36__P002.jpg,0.903947,23.658858,ok
EES0423474__X36__Y27__P003.jpg,0.916766,24.814005,ok
EES0423474__X36__Y2A__P004.jpg,0.961114,28.241738,ok
EES0423474__X36__Y2D__P005.jpg,0.893681,26.431871,ok
EES0423474__X36__Y30__P006.jpg,0.976613,30.896582,ok
EES0423474__X36__Y36__P007.jpg,0.962105,24.861236,ok
EES0423474__X39__Y2A__P008.jpg,0.977910,27.176814,ok
EES0423474__X39__Y2D__P009.jpg,0.925626,24.730853,ok
EES0423474__X39__Y30__P010.jpg,0.971674,32.020582,ok
EES0423474__X3C__Y12__P011.jpg,0.920041,24.745324,ok
EES0423474__X3C__Y30__P012.jpg,0.926252,26.639080,ok
EES0423474__X3F__Y27__P013.jpg,0.955701,24.776147,ok
EES0423474__X3F__Y30__P014.jpg,0.905940,25.601733,ok
EES0423474__X42__Y21__P015.jpg,0.934379,25.139967,ok
EES0423474__X42__Y24__P016.jpg,0.949808,27.000589,ok
EES0423474__X42__Y30__P017.jpg,0.931569,25.237669,ok
EES0423474__X45__Y1E__P018.jpg,0.940891,25.507142,ok
EES0423474__X12__Y27__P019.jpg,0.979829,26.913427,ok
EES0423474__X18__Y2A__P020.jpg,0.960912,25.539093,ok
EES0423474__X1B__Y2A__P021.jpg,0.946039,25.394776,ok
EES0423474__X1B__Y2D__P022.jpg,0.920527,23.904056,ok
EES0423474__X1E__Y15__P023.jpg,0.956192,24.172346,ok
EES0423474__X1E__Y18__P024.jpg,0.938244,24.528075,ok
EES0423474__X1E__Y3C__P025.jpg,0.948192,24.124811,ok
EES0423475__X24__Y2A__P001.jpg,0.935650,25.410767,ok
EES0423475__X24__Y2D__P002.jpg,0.945298,24.547977,ok
EES0423475__X24__Y3C__P003.jpg,0.965598,25.647126,ok
EES0423475__X27__Y12__P004.jpg,0.988056,31.417233,ok
EES0423475__X27__Y3F__P005.jpg,0.939937,25.771737,ok
EES0423475__X2A__Y39__P006.jpg,0.967342,25.044474,ok
EES0423475__X30__Y24__P007.jpg,0.960223,24.339213,ok
EES0423475__X30__Y33__P008.jpg,0.954727,24.271512,ok
EES0423475__X36__Y27__P009.jpg,0.932931,24.229004,ok
EES0423475__X39__Y15__P010.jpg,0.941569,24.536093,ok
EES0423475__X39__Y39__P011.jpg,0.957355,25.304400,ok
EES0423475__X3F__Y39__P012.jpg,0.958493,24.786697,ok
EES0423475__X45__Y24__P013.jpg,0.973534,26.089726,ok
EES0423475__X12__Y21__P014.jpg,0.955670,26.685550,ok
EES0423475__X15__Y27__P015.jpg,0.929585,24.190823,ok
EES0423475__X15__Y2D__P016.jpg,0.933429,25.311549,ok
EES0423475__X24__Y0C__P017.jpg,0.959965,24.852770,ok
EES0423475__X24__Y2D__P018.jpg,0.947415,24.060078,ok
EES0423475__X24__Y36__P019.jpg,0.955767,24.950731,ok
EES0423475__X27__Y1E__P020.jpg,0.974624,28.375621,ok
EES0423475__X27__Y3F__P021.jpg,0.925785,27.024247,ok
EES0423475__X2A__Y2A__P022.jpg,0.945552,28.409257,ok
EES0423475__X2A__Y33__P023.jpg,0.948439,24.794089,ok
EES0423475__X2A__Y39__P024.jpg,0.920036,23.942340,ok
EES0423475__X2A__Y3C__P025.jpg,0.929909,24.726318,ok
EES0423476__X2D__Y12__P001.jpg,0.931083,23.947772,ok
EES0423476__X2D__Y27__P002.jpg,0.961642,24.826630,ok
EES0423476__X2D__Y39__P003.jpg,0.973020,26.473651,ok
EES0423476__X2D__Y3C__P004.jpg,0.933794,24.907167,ok
EES0423476__X30__Y3F__P005.jpg,0.964148,26.602054,ok
EES0423476__X33__Y3F__P006.jpg,0.969495,25.200451,ok
EES0423476__X39__Y21__P007.jpg,0.926823,25.088932,ok
EES0423476__X3C__Y0C__P008.jpg,0.952033,25.856512,ok
EES0423476__X3C__Y0F__P009.jpg,0.936621,24.559438,ok
EES0423476__X3C__Y21__P010.jpg,0.957929,24.919129,ok
EES0423476__X3C__Y2D__P011.jpg,0.965742,25.461051,ok
EES0423476__X3C__Y30__P012.jpg,0.950309,28.092588,ok
EES0423476__X3C__Y33__P013.jpg,0.962165,26.685146,ok
EES0423476__X42__Y1E__P014.jpg,0.902332,23.769148,ok
EES0423476__X45__Y1E__P015.jpg,0.968956,28.617350,ok
EES0423476__X45__Y21__P016.jpg,0.964112,25.869804,ok
EES0423476__X0F__Y15__P017.jpg,0.876578,24.165213,ok
EES0423476__X12__Y30__P018.jpg,0.939361,26.146697,ok
EES0423476__X18__Y1B__P019.jpg,0.850022,23.834260,ok
EES0423476__X1B__Y06__P020.jpg,0.947105,24.481790,ok
EES0423476__X21__Y06__P021.jpg,0.879749,24.491160,ok
EES0423476__X24__Y15__P022.jpg,0.857025,24.999119,ok
EES0423476__X24__Y18__P023.jpg,0.766374,22.807178,ok
EES0423476__X24__Y3C__P024.jpg,0.865827,24.992061,ok
EES0423476__X24__Y3F__P025.jpg,0.938969,25.247927,ok
EES0423477__X21__Y30__P001.jpg,0.853480,24.889712,ok
EES0423477__X21__Y33__P002.jpg,0.818035,26.021732,ok
EES0423477__X21__Y36__P003.jpg,0.923894,27.999169,ok
EES0423477__X21__Y3C__P004.jpg,0.899958,25.719897,ok
EES0423477__X24__Y1B__P005.jpg,0.820373,23.037558,ok
EES0423477__X24__Y1E__P006.jpg,0.871732,26.477724,ok
EES0423477__X24__Y24__P007.jpg,0.852255,26.059861,ok
EES0423477__X24__Y2D__P008.jpg,0.839604,24.687368,ok
EES0423477__X24__Y33__P009.jpg,0.917280,26.207803,ok
EES0423477__X24__Y36__P010.jpg,0.944289,29.004085,ok
EES0423477__X27__Y24__P011.jpg,0.929096,25.690731,ok
EES0423477__X27__Y2D__P012.jpg,0.854606,23.791851,ok
EES0423477__X27__Y36__P013.jpg,0.924731,28.977592,ok
EES0423477__X27__Y3C__P014.jpg,0.893030,24.485259,ok
EES0423477__X2A__Y1E__P015.jpg,0.934975,26.548212,ok
EES0423477__X2A__Y21__P016.jpg,0.917831,24.173785,ok
EES0423477__X2A__Y24__P017.jpg,0.887572,24.604277,ok
EES0423477__X2A__Y2A__P018.jpg,0.879961,25.233079,ok
EES0423477__X2A__Y30__P019.jpg,0.886908,25.733716,ok
EES0423477__X2A__Y33__P020.jpg,0.923215,26.380985,ok
EES0423477__X2A__Y36__P021.jpg,0.905533,25.801761,ok
EES0423477__X2D__Y1E__P022.jpg,0.942619,26.294088,ok
EES0423477__X2D__Y21__P023.jpg,0.914023,25.185260,ok
EES0423477__X2D__Y24__P024.jpg,0.939054,28.567253,ok
EES0423477__X2D__Y27__P025.jpg,0.916209,26.336211,ok
EES0423478__X30__Y21__P001.jpg,0.969356,29.198858,ok
EES0423478__X30__Y2D__P002.jpg,0.905025,24.487260,ok
EES0423478__X30__Y33__P003.jpg,0.859933,23.718614,ok
EES0423478__X33__Y1B__P004.jpg,0.881579,23.830298,ok
EES0423478__X33__Y1E__P005.jpg,0.985072,38.553223,ok
EES0423478__X33__Y21__P006.jpg,0.878498,23.745627,ok
EES0423478__X33__Y33__P007.jpg,0.911223,27.213403,ok
EES0423478__X36__Y1B__P008.jpg,0.953536,29.414517,ok
EES0423478__X36__Y33__P009.jpg,0.926966,25.142661,ok
EES0423478__X39__Y15__P010.jpg,0.902096,25.022760,ok
EES0423478__X39__Y18__P011.jpg,0.890479,25.960755,ok
EES0423478__X39__Y1B__P012.jpg,0.885981,25.581144,ok
EES0423478__X3C__Y15__P013.jpg,0.923078,26.829529,ok
EES0423478__X3C__Y18__P014.jpg,0.943589,27.293922,ok
EES0423478__X3C__Y1B__P015.jpg,0.872052,24.822350,ok
EES0423478__X3F__Y18__P016.jpg,0.890784,26.132380,ok
EES0423478__X3F__Y1B__P017.jpg,0.882446,26.598512,ok
EES0423478__X42__Y18__P018.jpg,0.936394,26.706649,ok
EES0423478__X42__Y1B__P019.jpg,0.824944,24.786402,ok
EES0423478__X09__Y0F__P020.jpg,0.932625,24.957787,ok
EES0423478__X09__Y12__P021.jpg,0.822795,23.089599,ok
EES0423478__X09__Y33__P022.jpg,0.912550,25.733613,ok
EES0423478__X09__Y36__P023.jpg,0.935372,23.968457,ok
EES0423478__X0C__Y39__P024.jpg,0.932890,25.546361,ok
EES0423478__X0F__Y09__P025.jpg,0.936027,26.518266,ok
EES0423479__X0C__Y15__P001.jpg,0.755567,23.642844,ok
EES0423479__X0C__Y30__P002.jpg,0.859635,23.399924,ok
EES0423479__X0C__Y33__P003.jpg,0.858851,24.584127,ok
EES0423479__X12__Y09__P004.jpg,0.969153,26.258592,ok
EES0423479__X18__Y3F__P005.jpg,0.949321,25.705141,ok
EES0423479__X1E__Y03__P006.jpg,0.926971,25.966243,ok
EES0423479__X21__Y03__P007.jpg,0.874163,26.964094,ok
EES0423479__X21__Y42__P008.jpg,0.985310,34.558425,ok
EES0423479__X24__Y42__P009.jpg,0.957128,28.020473,ok
EES0423479__X27__Y42__P010.jpg,0.960584,28.702926,ok
EES0423479__X2A__Y03__P011.jpg,0.789127,24.256850,ok
EES0423479__X2A__Y42__P012.jpg,0.930994,27.471733,ok
EES0423479__X2D__Y03__P013.jpg,0.882059,26.614861,ok
EES0423479__X2D__Y42__P014.jpg,0.972821,26.612370,ok
EES0423479__X30__Y03__P015.jpg,0.868060,25.139638,ok
EES0423479__X36__Y06__P016.jpg,0.863419,24.145181,ok
EES0423479__X39__Y3C__P017.jpg,0.935085,24.120219,ok
EES0423479__X3C__Y09__P018.jpg,0.968277,24.738199,ok
EES0423479__X42__Y0F__P019.jpg,0.947281,25.620985,ok
EES0423479__X45__Y15__P020.jpg,0.947787,24.301557,ok
EES0423479__X48__Y24__P021.jpg,0.963596,25.307506,ok
EES0423479__X0F__Y12__P022.jpg,0.874803,24.827391,ok
EES0423479__X21__Y0C__P023.jpg,0.865550,23.625224,ok
EES0423479__X24__Y0F__P024.jpg,0.831234,23.041964,ok
EES0423479__X27__Y06__P025.jpg,0.905708,25.409200,ok
EES0423480__X36__Y3F__P001.jpg,0.914432,24.902305,ok
EES0423480__X3C__Y09__P002.jpg,0.945759,24.910109,ok
EES0423480__X48__Y27__P003.jpg,0.889149,24.805824,ok
EES0423480__X21__Y45__P004.jpg,0.913588,23.777242,ok
EES0423480__X24__Y45__P005.jpg,0.924082,24.438743,ok
EES0423480__X27__Y06__P006.jpg,0.928871,26.417902,ok
EES0423480__X2A__Y06__P007.jpg,0.951378,25.334880,ok
EES0423480__X33__Y09__P008.jpg,0.925309,24.146291,ok
EES0423480__X39__Y0C__P009.jpg,0.962983,27.644726,ok
EES0423480__X3F__Y12__P010.jpg,0.939764,25.762144,ok
EES0423480__X42__Y18__P011.jpg,0.913898,26.015295,ok
EES0423480__X45__Y1B__P012.jpg,0.988511,32.256861,ok
EES0423480__X45__Y1E__P013.jpg,0.972826,30.590704,ok
EES0423480__X45__Y24__P014.jpg,0.959657,28.194290,ok
EES0423480__X1E__Y0C__P015.jpg,0.926448,24.539012,ok
EES0423480__X21__Y09__P016.jpg,0.928728,25.580644,ok
EES0423480__X24__Y2D__P017.jpg,0.921875,25.207229,ok
EES0423480__X30__Y0C__P018.jpg,0.935271,25.488580,ok
EES0423480__X0F__Y24__P019.jpg,0.947251,28.312574,ok
EES0423480__X12__Y24__P020.jpg,0.906116,24.710007,ok
EES0423480__X18__Y09__P021.jpg,0.964198,28.465298,ok
EES0423480__X1B__Y27__P022.jpg,0.916586,23.950051,ok
EES0423480__X1E__Y2A__P023.jpg,0.932697,25.452287,ok
EES0423480__X1E__Y2D__P024.jpg,0.890558,24.209771,ok
EES0423480__X24__Y09__P025.jpg,0.963424,30.154901,ok
EES0423481__X24__Y1E__P001.jpg,0.899011,25.584392,ok
EES0423481__X24__Y2A__P002.jpg,0.939252,26.342076,ok
EES0423481__X24__Y39__P003.jpg,0.927022,25.835622,ok
EES0423481__X27__Y36__P004.jpg,0.931159,25.893539,ok
EES0423481__X2A__Y1E__P005.jpg,0.936783,26.376741,ok
EES0423481__X2A__Y21__P006.jpg,0.893105,24.612234,ok
EES0423481__X2A__Y30__P007.jpg,0.918232,25.445802,ok
EES0423481__X2D__Y09__P008.jpg,0.936322,26.224043,ok
EES0423481__X30__Y0F__P009.jpg,0.928460,26.370363,ok
EES0423481__X30__Y12__P010.jpg,0.931169,27.072179,ok
EES0423481__X30__Y24__P011.jpg,0.840699,23.304250,ok
EES0423481__X30__Y42__P012.jpg,0.959243,27.406026,ok
EES0423481__X33__Y0C__P013.jpg,0.926352,24.087790,ok
EES0423481__X33__Y0F__P014.jpg,0.932631,26.500833,ok
EES0423481__X33__Y15__P015.jpg,0.951009,26.593683,ok
EES0423481__X33__Y1B__P016.jpg,0.897969,25.446393,ok
EES0423481__X33__Y27__P017.jpg,0.946603,27.258081,ok
EES0423481__X33__Y36__P018.jpg,0.896535,23.820048,ok
EES0423481__X36__Y0F__P019.jpg,0.917845,24.314067,ok
EES0423481__X36__Y1B__P020.jpg,0.916500,26.122009,ok
EES0423481__X36__Y21__P021.jpg,0.927445,28.291753,ok
EES0423481__X36__Y24__P022.jpg,0.925124,26.200156,ok
EES0423481__X36__Y39__P023.jpg,0.906921,24.777859,ok
EES0423481__X39__Y1E__P024.jpg,0.925215,25.148715,ok
EES0423481__X39__Y39__P025.jpg,0.944817,27.388349,ok
EES0423482__X3C__Y0C__P001.jpg,0.947526,27.656004,ok
EES0423482__X3C__Y21__P002.jpg,0.960049,29.136779,ok
EES0423482__X3C__Y36__P003.jpg,0.939981,27.096590,ok
EES0423482__X3F__Y2A__P004.jpg,0.930151,23.966397,ok
EES0423482__X42__Y15__P005.jpg,0.933895,24.764948,ok
EES0423482__X42__Y21__P006.jpg,0.916535,24.073202,ok
EES0423482__X42__Y2D__P007.jpg,0.945781,24.987618,ok
EES0423482__X45__Y1E__P008.jpg,0.951570,27.830349,ok
EES0423482__X45__Y21__P009.jpg,0.892950,24.987981,ok
EES0423482__X45__Y27__P010.jpg,0.895725,23.976752,ok
EES0423482__X18__Y2A__P011.jpg,0.922240,25.531077,ok
EES0423482__X1B__Y1E__P012.jpg,0.826257,23.046939,ok
EES0423482__X2A__Y24__P013.jpg,0.909874,24.015793,ok
EES0423482__X2D__Y39__P014.jpg,0.891296,24.344542,ok
EES0423482__X30__Y39__P015.jpg,0.906904,24.750053,ok
EES0423482__X33__Y0C__P016.jpg,0.910893,25.241742,ok
EES0423482__X33__Y24__P017.jpg,0.935306,25.787986,ok
EES0423482__X33__Y2A__P018.jpg,0.929728,27.497783,ok
EES0423482__X36__Y3C__P019.jpg,0.930426,26.442522,ok
EES0423482__X3C__Y21__P020.jpg,0.924576,26.520773,ok
EES0423482__X3C__Y33__P021.jpg,0.918575,25.804972,ok
EES0423482__X0C__Y1B__P022.jpg,0.860257,24.310362,ok
EES0423482__X2A__Y06__P023.jpg,0.949472,28.183574,ok
EES0423482__X33__Y09__P024.jpg,0.895898,23.774904,ok
EES0423482__X42__Y15__P025.jpg,0.922095,24.044716,ok
EES0423483__X1E__Y1B__P001.jpg,0.927619,25.987089,ok
EES0423483__X1E__Y27__P002.jpg,0.947132,25.810897,ok
EES0423483__X1E__Y33__P003.jpg,0.927416,25.478073,ok
EES0423483__X21__Y1B__P004.jpg,0.920728,25.215562,ok
EES0423483__X24__Y09__P005.jpg,0.940644,25.707987,ok
EES0423483__X24__Y0C__P006.jpg,0.910438,24.162518,ok
EES0423483__X24__Y0F__P007.jpg,0.945914,27.950902,ok
EES0423483__X24__Y18__P008.jpg,0.956084,28.435193,ok
EES0423483__X24__Y36__P009.jpg,0.902816,24.039404,ok
EES0423483__X24__Y39__P010.jpg,0.925670,27.488874,ok
EES0423483__X27__Y18__P011.jpg,0.945741,27.964265,ok
EES0423483__X27__Y21__P012.jpg,0.956846,28.472336,ok
EES0423483__X27__Y24__P013.jpg,0.942684,25.760806,ok
EES0423483__X2A__Y0C__P014.jpg,0.934343,24.983197,ok
EES0423483__X2A__Y12__P015.jpg,0.944620,24.375273,ok
EES0423483__X2A__Y30__P016.jpg,0.940839,25.928475,ok
EES0423483__X2D__Y09__P017.jpg,0.918926,24.348715,ok
EES0423483__X2D__Y27__P018.jpg,0.914155,24.677653,ok
EES0423483__X30__Y1B__P019.jpg,0.931615,26.788795,ok
EES0423483__X30__Y21__P020.jpg,0.939024,25.022309,ok
EES0423483__X30__Y24__P021.jpg,0.884175,25.291670,ok
EES0423483__X30__Y27__P022.jpg,0.949568,28.499233,ok
EES0423483__X30__Y2D__P023.jpg,0.942288,26.123303,ok
EES0423483__X30__Y36__P024.jpg,0.958848,25.147386,ok
EES0423483__X33__Y1B__P025.jpg,0.911610,23.777809,ok
EES0423484__X33__Y21__P001.jpg,0.917094,25.339493,ok
EES0423484__X33__Y2D__P002.jpg,0.956055,25.702474,ok
EES0423484__X36__Y09__P003.jpg,0.939785,24.645242,ok
EES0423484__X36__Y0C__P004.jpg,0.935488,25.187483,ok
EES0423484__X36__Y1E__P005.jpg,0.925412,25.369551,ok
EES0423484__X36__Y2A__P006.jpg,0.944709,25.590987,ok
EES0423484__X39__Y0C__P007.jpg,0.922950,25.758513,ok
EES0423484__X39__Y21__P008.jpg,0.913418,23.982371,ok
EES0423484__X39__Y2D__P009.jpg,0.913317,25.272644,ok
EES0423484__X39__Y33__P010.jpg,0.922303,24.966502,ok
EES0423484__X3C__Y0F__P011.jpg,0.925333,25.378572,ok
EES0423484__X3C__Y2A__P012.jpg,0.953302,26.823148,ok
EES0423484__X3C__Y33__P013.jpg,0.900448,23.964616,ok
EES0423484__X3F__Y1B__P014.jpg,0.948016,26.021139,ok
EES0423484__X0F__Y18__P015.jpg,0.912351,28.790443,ok
EES0423484__X12__Y24__P016.jpg,0.952327,29.692509,ok
EES0423484__X15__Y12__P017.jpg,0.920906,26.860004,ok
EES0423484__X15__Y18__P018.jpg,0.916890,29.527299,ok
EES0423484__X15__Y1E__P019.jpg,0.958041,28.973976,ok
EES0423484__X15__Y21__P020.jpg,0.913975,27.627639,ok
EES0423484__X15__Y24__P021.jpg,0.939996,27.996753,ok
EES0423484__X18__Y0C__P022.jpg,0.947267,28.038525,ok
EES0423484__X18__Y18__P023.jpg,0.925557,28.687369,ok
EES0423484__X1B__Y0F__P024.jpg,0.923031,28.637779,ok
EES0423484__X1B__Y21__P025.jpg,0.947821,29.568957,ok
EES0423485__X1B__Y2D__P001.jpg,0.965947,29.423736,ok
EES0423485__X1B__Y36__P002.jpg,0.888623,27.362973,ok
EES0423485__X1E__Y06__P003.jpg,0.866678,26.829847,ok
EES0423485__X1E__Y09__P004.jpg,0.938001,30.655948,ok
EES0423485__X1E__Y0C__P005.jpg,0.915395,27.922283,ok
EES0423485__X1E__Y0F__P006.jpg,0.936913,29.049661,ok
EES0423485__X1E__Y21__P007.jpg,0.910134,29.266962,ok
EES0423485__X1E__Y24__P008.jpg,0.942201,27.973073,ok
EES0423485__X1E__Y33__P009.jpg,0.938159,29.475930,ok
EES0423485__X1E__Y36__P010.jpg,0.956077,29.825554,ok
EES0423485__X21__Y0F__P011.jpg,0.913178,27.749899,ok
EES0423485__X21__Y12__P012.jpg,0.849370,28.741688,ok
EES0423485__X21__Y15__P013.jpg,0.910587,27.609967,ok
EES0423485__X21__Y18__P014.jpg,0.924998,29.181431,ok
EES0423485__X21__Y1B__P015.jpg,0.944812,28.017699,ok
EES0423485__X21__Y27__P016.jpg,0.899731,25.859637,ok
EES0423485__X24__Y18__P017.jpg,0.916898,27.000139,ok
EES0423485__X24__Y1E__P018.jpg,0.910419,29.260588,ok
EES0423485__X24__Y27__P019.jpg,0.957355,31.921931,ok
EES0423485__X24__Y2A__P020.jpg,0.976102,33.012001,ok
EES0423485__X24__Y30__P021.jpg,0.966369,33.209656,ok
EES0423485__X24__Y3C__P022.jpg,0.926062,28.443348,ok
EES0423485__X27__Y0C__P023.jpg,0.917027,26.541645,ok
EES0423485__X27__Y0F__P024.jpg,0.938725,29.063892,ok
EES0423485__X27__Y18__P025.jpg,0.943840,31.023453,ok
EES0423486__X27__Y1E__P001.jpg,0.942664,29.461149,ok
EES0423486__X27__Y21__P002.jpg,0.902864,26.070611,ok
EES0423486__X27__Y24__P003.jpg,0.932102,27.218165,ok
EES0423486__X27__Y33__P004.jpg,0.961023,33.344311,ok
EES0423486__X27__Y36__P005.jpg,0.909223,25.800712,ok
EES0423486__X27__Y3C__P006.jpg,0.920899,28.459042,ok
EES0423486__X2A__Y06__P007.jpg,0.957597,31.203819,ok
EES0423486__X2A__Y12__P008.jpg,0.951867,27.375558,ok
EES0423486__X2A__Y18__P009.jpg,0.925766,28.394455,ok
EES0423486__X2A__Y21__P010.jpg,0.930514,27.740926,ok
EES0423486__X2A__Y3F__P011.jpg,0.944828,28.318705,ok
EES0423486__X30__Y09__P012.jpg,0.947641,29.910445,ok
EES0423486__X30__Y0F__P013.jpg,0.976141,29.647330,ok
EES0423486__X30__Y1B__P014.jpg,0.902042,27.189660,ok
EES0423486__X30__Y21__P015.jpg,0.897079,25.584380,ok
EES0423486__X30__Y24__P016.jpg,0.921163,25.754988,ok
EES0423486__X30__Y2D__P017.jpg,0.935202,29.476275,ok
EES0423486__X30__Y30__P018.jpg,0.901507,29.927796,ok
EES0423486__X30__Y33__P019.jpg,0.894019,27.689184,ok
EES0423486__X30__Y36__P020.jpg,0.969893,27.646248,ok
EES0423486__X30__Y39__P021.jpg,0.866791,27.269481,ok
EES0423486__X30__Y3C__P022.jpg,0.914343,27.906200,ok
EES0423486__X33__Y09__P023.jpg,0.936184,28.983645,ok
EES0423486__X33__Y12__P024.jpg,0.925240,28.455749,ok
EES0423486__X33__Y21__P025.jpg,0.960919,30.427825,ok
EES0423487__X33__Y24__P001.jpg,0.940793,28.893184,ok
EES0423487__X33__Y30__P002.jpg,0.969782,30.551833,ok
EES0423487__X33__Y33__P003.jpg,0.956834,31.139151,ok
EES0423487__X33__Y36__P004.jpg,0.883785,27.126519,ok
EES0423487__X36__Y12__P005.jpg,0.882703,26.984900,ok
EES0423487__X36__Y2D__P006.jpg,0.962326,30.082262,ok
EES0423487__X39__Y0C__P007.jpg,0.867038,24.633127,ok
EES0423487__X39__Y12__P008.jpg,0.903555,26.881715,ok
EES0423487__X39__Y18__P009.jpg,0.947337,29.643417,ok
EES0423487__X39__Y27__P010.jpg,0.920832,29.187978,ok
EES0423487__X39__Y2D__P011.jpg,0.933839,29.159799,ok
EES0423487__X39__Y30__P012.jpg,0.911565,30.084832,ok
EES0423487__X39__Y33__P013.jpg,0.988927,34.222357,ok
EES0423487__X3C__Y0F__P014.jpg,0.929241,27.567363,ok
EES0423487__X3C__Y18__P015.jpg,0.955829,31.925520,ok
EES0423487__X3C__Y1B__P016.jpg,0.873990,26.567021,ok
EES0423487__X3C__Y36__P017.jpg,0.899610,27.837565,ok
EES0423487__X3F__Y18__P018.jpg,0.939800,29.941052,ok
EES0423487__X3F__Y1B__P019.jpg,0.945278,29.467255,ok
EES0423487__X15__Y1B__P020.jpg,0.915058,23.762914,ok
EES0423487__X15__Y36__P021.jpg,0.953021,27.798474,ok
EES0423487__X1B__Y0F__P022.jpg,0.942546,27.854170,ok
EES0423487__X1B__Y12__P023.jpg,0.932145,24.945661,ok
EES0423487__X1B__Y18__P024.jpg,0.954457,25.550644,ok
EES0423487__X1B__Y21__P025.jpg,0.933481,24.836989,ok
EES0423488__X1B__Y24__P001.jpg,0.956602,26.109491,ok
EES0423488__X1B__Y27__P002.jpg,0.924817,25.748845,ok
EES0423488__X1B__Y30__P003.jpg,0.916732,24.064074,ok
EES0423488__X1B__Y33__P004.jpg,0.904434,25.084233,ok
EES0423488__X1B__Y36__P005.jpg,0.951226,27.426375,ok
EES0423488__X1E__Y0F__P006.jpg,0.922379,24.497754,ok
EES0423488__X1E__Y30__P007.jpg,0.925810,25.024569,ok
EES0423488__X1E__Y36__P008.jpg,0.948470,25.929765,ok
EES0423488__X21__Y18__P009.jpg,0.939471,25.310792,ok
EES0423488__X21__Y21__P010.jpg,0.962517,28.625752,ok
EES0423488__X21__Y27__P011.jpg,0.942138,25.461015,ok
EES0423488__X24__Y1B__P012.jpg,0.909491,24.964821,ok
EES0423488__X24__Y2A__P013.jpg,0.931306,25.799824,ok
EES0423488__X24__Y2D__P014.jpg,0.952172,28.332318,ok
EES0423488__X24__Y39__P015.jpg,0.957011,26.822152,ok
EES0423488__X27__Y0F__P016.jpg,0.904734,24.613907,ok
EES0423488__X27__Y12__P017.jpg,0.929236,25.040248,ok
EES0423488__X2A__Y15__P018.jpg,0.952049,25.580150,ok
EES0423488__X2A__Y21__P019.jpg,0.941746,25.787007,ok
EES0423488__X2D__Y0F__P020.jpg,0.951709,27.972779,ok
EES0423488__X2D__Y27__P021.jpg,0.958206,27.524229,ok
EES0423488__X2D__Y30__P022.jpg,0.955920,26.138449,ok
EES0423488__X30__Y15__P023.jpg,0.943285,25.807795,ok
EES0423488__X30__Y1B__P024.jpg,0.963170,29.336160,ok
EES0423488__X30__Y1E__P025.jpg,0.922045,24.287433,ok
EES0423489__X33__Y2A__P001.jpg,0.874704,26.201283,ok
EES0423489__X36__Y0F__P002.jpg,0.821339,23.305255,ok
EES0423489__X36__Y27__P003.jpg,0.820957,24.777880,ok
EES0423489__X36__Y36__P004.jpg,0.940283,27.807988,ok
EES0423489__X3C__Y12__P005.jpg,0.859436,24.971864,ok
EES0423489__X3F__Y18__P006.jpg,0.877532,27.451481,ok
EES0423489__X3F__Y1B__P007.jpg,0.928890,27.749179,ok
EES0423489__X42__Y21__P008.jpg,0.864143,28.040725,ok
EES0423489__X42__Y30__P009.jpg,0.838205,25.775432,ok
EES0423489__X0F__Y2D__P010.jpg,0.951689,27.821471,ok
EES0423489__X0F__Y36__P011.jpg,0.931836,28.475662,ok
EES0423489__X12__Y1E__P012.jpg,0.952276,27.310023,ok
EES0423489__X12__Y27__P013.jpg,0.936737,26.759054,ok
EES0423489__X12__Y30__P014.jpg,0.942566,28.275291,ok
EES0423489__X12__Y39__P015.jpg,0.899280,27.619307,ok
EES0423489__X15__Y27__P016.jpg,0.923601,30.432560,ok
EES0423489__X15__Y36__P017.jpg,0.926456,29.737413,ok
EES0423489__X15__Y3C__P018.jpg,0.916725,27.077238,ok
EES0423489__X18__Y36__P019.jpg,0.908277,25.438906,ok
EES0423489__X18__Y3C__P020.jpg,0.971756,31.085893,ok
EES0423489__X1B__Y2A__P021.jpg,0.953478,28.934551,ok
EES0423489__X1B__Y2D__P022.jpg,0.919182,29.297673,ok
EES0423489__X1B__Y30__P023.jpg,0.971078,30.662164,ok
EES0423489__X1B__Y33__P024.jpg,0.969583,29.621023,ok
EES0423489__X1B__Y36__P025.jpg,0.899236,28.406158,ok
EES0423490__X1B__Y3C__P001.jpg,0.948861,30.437684,ok
EES0423490__X1B__Y3F__P002.jpg,0.921661,28.982160,ok
EES0423490__X1E__Y2A__P003.jpg,0.910511,26.694706,ok
EES0423490__X1E__Y2D__P004.jpg,0.922018,27.868432,ok
EES0423490__X1E__Y30__P005.jpg,0.947119,29.780846,ok
EES0423490__X1E__Y33__P006.jpg,0.984028,39.517470,ok
EES0423490__X1E__Y36__P007.jpg,0.939739,30.528424,ok
EES0423490__X1E__Y39__P008.jpg,0.909122,28.418831,ok
EES0423490__X1E__Y3C__P009.jpg,0.940902,30.745018,ok
EES0423490__X21__Y15__P010.jpg,0.870210,26.004944,ok
EES0423490__X21__Y30__P011.jpg,0.944273,29.762105,ok
EES0423490__X21__Y33__P012.jpg,0.944196,29.820798,ok
EES0423490__X21__Y3C__P013.jpg,0.908590,28.432149,ok
EES0423490__X21__Y42__P014.jpg,0.928950,27.723649,ok
EES0423490__X24__Y18__P015.jpg,0.932948,29.170133,ok
EES0423490__X24__Y1E__P016.jpg,0.903072,26.809635,ok
EES0423490__X24__Y27__P017.jpg,0.925460,28.573638,ok
EES0423490__X24__Y2D__P018.jpg,0.912649,30.624629,ok
EES0423490__X24__Y33__P019.jpg,0.944995,28.855113,ok
EES0423490__X24__Y36__P020.jpg,0.946297,28.244004,ok
EES0423490__X24__Y39__P021.jpg,0.943124,29.094677,ok
EES0423490__X24__Y3C__P022.jpg,0.896370,25.391117,ok
EES0423490__X24__Y3F__P023.jpg,0.920760,29.491824,ok
EES0423490__X24__Y42__P024.jpg,0.959269,29.685231,ok
EES0423490__X27__Y18__P025.jpg,0.913731,28.452816,ok
EES0423491__X27__Y2D__P001.jpg,0.936020,28.848596,ok
EES0423491__X2A__Y27__P002.jpg,0.904457,26.154570,ok
EES0423491__X2A__Y2D__P003.jpg,0.865949,25.085111,ok
EES0423491__X2A__Y33__P004.jpg,0.829092,24.808666,ok
EES0423491__X2A__Y36__P005.jpg,0.908420,26.916707,ok
EES0423491__X2A__Y3C__P006.jpg,0.954271,28.507754,ok
EES0423491__X2A__Y3F__P007.jpg,0.879591,28.294486,ok
EES0423491__X2D__Y12__P008.jpg,0.934127,26.658998,ok
EES0423491__X2D__Y27__P009.jpg,0.938424,28.961672,ok
EES0423491__X2D__Y33__P010.jpg,0.918580,28.427224,ok
EES0423491__X2D__Y3F__P011.jpg,0.923370,28.496052,ok
EES0423491__X2D__Y42__P012.jpg,0.922891,26.832073,ok
EES0423491__X30__Y15__P013.jpg,0.926074,26.728413,ok
EES0423491__X30__Y21__P014.jpg,0.900889,26.828824,ok
EES0423491__X30__Y24__P015.jpg,0.946743,30.114274,ok
EES0423491__X30__Y2A__P016.jpg,0.934864,29.025740,ok
EES0423491__X30__Y33__P017.jpg,0.865612,25.414184,ok
EES0423491__X30__Y39__P018.jpg,0.888466,25.594962,ok
EES0423491__X30__Y42__P019.jpg,0.947069,30.361734,ok
EES0423491__X33__Y24__P020.jpg,0.959886,29.363546,ok
EES0423491__X33__Y3C__P021.jpg,0.891749,25.703867,ok
EES0423491__X36__Y18__P022.jpg,0.947477,27.050119,ok
EES0423491__X36__Y1E__P023.jpg,0.951859,29.175260,ok
EES0423491__X36__Y24__P024.jpg,0.953442,31.606980,ok
EES0423491__X36__Y27__P025.jpg,0.926761,28.491763,ok
EES0423492__X36__Y2D__P001.jpg,0.932067,27.375638,ok
EES0423492__X36__Y36__P002.jpg,0.915693,26.074983,ok
EES0423492__X36__Y3F__P003.jpg,0.960577,27.128338,ok
EES0423492__X39__Y21__P004.jpg,0.939224,29.043218,ok
EES0423492__X39__Y30__P005.jpg,0.884575,26.920098,ok
EES0423492__X39__Y39__P006.jpg,0.945520,30.243861,ok
EES0423492__X3C__Y30__P007.jpg,0.920397,27.520341,ok
EES0423492__X3F__Y2D__P008.jpg,0.916203,26.826680,ok
EES0423492__X3F__Y36__P009.jpg,0.945597,27.481867,ok
EES0423492__X42__Y21__P010.jpg,0.952264,28.677364,ok
EES0423492__X42__Y30__P011.jpg,0.930448,29.048855,ok
EES0423492__X42__Y33__P012.jpg,0.933936,30.786264,ok
EES0423492__X15__Y0C__P013.jpg,0.932520,25.475768,ok
EES0423492__X1B__Y06__P014.jpg,0.895264,24.624554,ok
EES0423492__X1E__Y03__P015.jpg,0.924536,24.036982,ok
EES0423492__X21__Y06__P016.jpg,0.929264,24.485306,ok
EES0423492__X21__Y3F__P017.jpg,0.854805,24.535650,ok
EES0423492__X24__Y06__P018.jpg,0.897425,23.854527,ok
EES0423492__X24__Y3F__P019.jpg,0.854089,23.793390,ok
EES0423492__X27__Y3F__P020.jpg,0.863696,23.762933,ok
EES0423492__X33__Y3F__P021.jpg,0.897105,24.989759,ok
EES0423492__X36__Y3F__P022.jpg,0.841873,23.245296,ok
EES0423492__X45__Y33__P023.jpg,0.924671,25.943482,ok
EES0423492__X48__Y2D__P024.jpg,0.926542,24.367518,ok
EES0423492__X09__Y1E__P025.jpg,0.825844,23.519117,ok
EES0423493__X09__Y30__P001.jpg,0.971262,26.914375,ok
EES0423493__X0C__Y33__P002.jpg,0.908771,25.754652,ok
EES0423493__X0F__Y0F__P003.jpg,0.936245,25.753261,ok
EES0423493__X12__Y0C__P004.jpg,0.932161,25.262578,ok
EES0423493__X15__Y09__P005.jpg,0.908387,24.042892,ok
EES0423493__X1B__Y06__P006.jpg,0.908173,25.368036,ok
EES0423493__X1B__Y3F__P007.jpg,0.862548,24.269953,ok
EES0423493__X1E__Y06__P008.jpg,0.898700,24.751114,ok
EES0423493__X1E__Y42__P009.jpg,0.964279,31.328750,ok
EES0423493__X24__Y03__P010.jpg,0.970697,31.537732,ok
EES0423493__X24__Y42__P011.jpg,0.835605,23.933327,ok
EES0423493__X27__Y03__P012.jpg,0.950481,27.389284,ok
EES0423493__X33__Y06__P013.jpg,0.916350,26.226206,ok
EES0423493__X33__Y42__P014.jpg,0.944018,30.340909,ok
EES0423493__X39__Y3F__P015.jpg,0.922600,24.607637,ok
EES0423493__X45__Y15__P016.jpg,0.900846,24.810764,ok
EES0423493__X45__Y33__P017.jpg,0.978875,31.870902,ok
EES0423493__X48__Y2A__P018.jpg,0.905689,24.403158,ok
EES0423493__X48__Y2D__P019.jpg,0.988258,32.005395,ok
EES0423493__X0C__Y27__P020.jpg,0.868047,23.626781,ok
EES0423493__X0C__Y2A__P021.jpg,0.903171,25.344069,ok
EES0423493__X0C__Y2D__P022.jpg,0.847776,23.491042,ok
EES0423493__X0C__Y30__P023.jpg,0.784778,22.984706,ok
EES0423493__X0F__Y2A__P024.jpg,0.840333,24.225351,ok
EES0423493__X12__Y0F__P025.jpg,0.918822,25.565722,ok
EES0423494__X1E__Y39__P001.jpg,0.952716,27.291667,ok
EES0423494__X21__Y2A__P002.jpg,0.901760,29.457378,ok
EES0423494__X21__Y2D__P003.jpg,0.905109,29.557965,ok
EES0423494__X21__Y33__P004.jpg,0.898019,29.124564,ok
EES0423494__X24__Y2A__P005.jpg,0.852140,24.835602,ok
EES0423494__X24__Y2D__P006.jpg,0.841915,26.899415,ok
EES0423494__X24__Y30__P007.jpg,0.891822,27.120048,ok
EES0423494__X27__Y15__P008.jpg,0.887058,27.122282,ok
EES0423494__X27__Y27__P009.jpg,0.827717,27.224550,ok
EES0423494__X2A__Y09__P010.jpg,0.827858,24.023346,ok
EES0423494__X2A__Y12__P011.jpg,0.844590,28.199803,ok
EES0423494__X2A__Y15__P012.jpg,0.842778,26.592115,ok
EES0423494__X2A__Y18__P013.jpg,0.797773,24.971746,ok
EES0423494__X2A__Y2A__P014.jpg,0.858753,26.375943,ok
EES0423494__X2D__Y0C__P015.jpg,0.864765,27.266386,ok
EES0423494__X2D__Y0F__P016.jpg,0.835243,25.669968,ok
EES0423494__X2D__Y12__P017.jpg,0.804581,24.652830,ok
EES0423494__X2D__Y15__P018.jpg,0.895797,28.881758,ok
EES0423494__X2D__Y18__P019.jpg,0.832672,26.128997,ok
EES0423494__X2D__Y1B__P020.jpg,0.940239,29.445904,ok
EES0423494__X2D__Y21__P021.jpg,0.935162,28.357488,ok
EES0423494__X2D__Y24__P022.jpg,0.942949,29.132362,ok
EES0423494__X2D__Y2D__P023.jpg,0.907922,28.224650,ok
EES0423494__X2D__Y30__P024.jpg,0.889530,26.521058,ok
EES0423494__X2D__Y33__P025.jpg,0.806237,26.801419,ok
EES0423495__X2D__Y36__P001.jpg,0.884633,27.592023,ok
EES0423495__X2D__Y39__P002.jpg,0.907868,27.987153,ok
EES0423495__X30__Y06__P003.jpg,0.866067,26.931058,ok
EES0423495__X30__Y09__P004.jpg,0.865541,27.533383,ok
EES0423495__X30__Y0C__P005.jpg,0.826525,26.070294,ok
EES0423495__X30__Y0F__P006.jpg,0.883480,27.925383,ok
EES0423495__X30__Y1B__P007.jpg,0.871771,28.132155,ok
EES0423495__X30__Y1E__P008.jpg,0.919178,28.242025,ok
EES0423495__X30__Y21__P009.jpg,0.872627,31.574883,ok
EES0423495__X30__Y24__P010.jpg,0.936415,32.297657,ok
EES0423495__X30__Y27__P011.jpg,0.822157,26.771362,ok
EES0423495__X30__Y2A__P012.jpg,0.913025,28.880105,ok
EES0423495__X30__Y36__P013.jpg,0.870982,27.218295,ok
EES0423495__X30__Y39__P014.jpg,0.900134,28.324503,ok
EES0423495__X30__Y3C__P015.jpg,0.863580,25.881036,ok
EES0423495__X33__Y1E__P016.jpg,0.851687,27.844989,ok
EES0423495__X33__Y21__P017.jpg,0.944666,31.313678,ok
EES0423495__X33__Y24__P018.jpg,0.915267,30.084177,ok
EES0423495__X33__Y27__P019.jpg,0.839190,26.873380,ok
EES0423495__X36__Y21__P020.jpg,0.867825,28.029905,ok
EES0423495__X36__Y24__P021.jpg,0.836014,26.254792,ok
EES0423495__X39__Y21__P022.jpg,0.853861,25.999305,ok
EES0423495__X39__Y24__P023.jpg,0.863449,27.116574,ok
EES0423495__X39__Y27__P024.jpg,0.831085,26.232782,ok
EES0423495__X3C__Y1B__P025.jpg,0.878566,27.106149,ok
EES0423496__X3C__Y2A__P001.jpg,0.884882,28.980173,ok
EES0423496__X3C__Y2D__P002.jpg,0.887928,29.661180,ok
EES0423496__X3F__Y1B__P003.jpg,0.912768,28.559526,ok
EES0423496__X3F__Y27__P004.jpg,0.799062,23.328969,ok
EES0423496__X3F__Y2A__P005.jpg,0.878668,26.969436,ok
EES0423496__X3F__Y2D__P006.jpg,0.881355,28.015561,ok
EES0423496__X42__Y15__P007.jpg,0.888900,26.565147,ok
EES0423496__X42__Y18__P008.jpg,0.876638,29.101129,ok
EES0423496__X42__Y1B__P009.jpg,0.863912,28.220307,ok
EES0423496__X42__Y1E__P010.jpg,0.888473,28.986785,ok
EES0423496__X42__Y2A__P011.jpg,0.849954,26.813979,ok
EES0423496__X42__Y30__P012.jpg,0.973952,33.731766,ok
EES0423496__X0F__Y1E__P013.jpg,0.893081,28.714103,ok
EES0423496__X12__Y1E__P014.jpg,0.964147,30.073524,ok
EES0423496__X12__Y21__P015.jpg,0.960678,33.657010,ok
EES0423496__X12__Y24__P016.jpg,0.963518,31.938374,ok
EES0423496__X12__Y27__P017.jpg,0.904624,28.010594,ok
EES0423496__X12__Y2A__P018.jpg,0.888287,27.008170,ok
EES0423496__X12__Y2D__P019.jpg,0.930781,28.748759,ok
EES0423496__X15__Y21__P020.jpg,0.879601,26.156430,ok
EES0423496__X15__Y30__P021.jpg,0.939284,26.588290,ok
EES0423496__X15__Y33__P022.jpg,0.916573,25.373751,ok
EES0423496__X15__Y39__P023.jpg,0.936843,26.684845,ok
EES0423496__X15__Y3C__P024.jpg,0.949017,29.619826,ok
EES0423496__X18__Y27__P025.jpg,0.801359,24.751098,ok
EES0423497__X1B__Y12__P001.jpg,0.930638,28.462808,ok
EES0423497__X1B__Y1E__P002.jpg,0.873170,25.438046,ok
EES0423497__X1B__Y27__P003.jpg,0.955231,32.959840,ok
EES0423497__X1B__Y2A__P004.jpg,0.909120,30.607766,ok
EES0423497__X1B__Y2D__P005.jpg,0.897536,25.759820,ok
EES0423497__X1B__Y30__P006.jpg,0.906220,24.485854,ok
EES0423497__X1B__Y33__P007.jpg,0.864822,26.040092,ok
EES0423497__X1B__Y39__P008.jpg,0.758677,24.265515,ok
EES0423497__X1B__Y3C__P009.jpg,0.904110,27.357595,ok
EES0423497__X1B__Y3F__P010.jpg,0.916605,28.415711,ok
EES0423497__X1E__Y1E__P011.jpg,0.900493,28.110780,ok
EES0423497__X1E__Y27__P012.jpg,0.884122,28.409068,ok
EES0423497__X1E__Y2A__P013.jpg,0.869847,25.424939,ok
EES0423497__X1E__Y2D__P014.jpg,0.874383,27.904056,ok
EES0423497__X1E__Y30__P015.jpg,0.836628,25.638402,ok
EES0423497__X1E__Y39__P016.jpg,0.857578,26.532129,ok
EES0423497__X1E__Y3C__P017.jpg,0.916128,29.242697,ok
EES0423497__X21__Y30__P018.jpg,0.879459,25.707515,ok
EES0423497__X21__Y33__P019.jpg,0.933768,32.891590,ok
EES0423497__X21__Y36__P020.jpg,0.895390,26.073914,ok
EES0423497__X21__Y3C__P021.jpg,0.903172,29.693713,ok
EES0423497__X21__Y3F__P022.jpg,0.922577,27.520129,ok
EES0423497__X24__Y1B__P023.jpg,0.828806,23.473873,ok
EES0423497__X24__Y2D__P024.jpg,0.904949,26.698537,ok
EES0423497__X24__Y33__P025.jpg,0.852276,25.125315,ok
EES0423498__X24__Y39__P001.jpg,0.872846,26.448609,ok
EES0423498__X24__Y3C__P002.jpg,0.915712,28.377068,ok
EES0423498__X24__Y3F__P003.jpg,0.930200,30.219778,ok
EES0423498__X27__Y2A__P004.jpg,0.865399,25.969898,ok
EES0423498__X27__Y39__P005.jpg,0.877513,26.071162,ok
EES0423498__X27__Y3F__P006.jpg,0.868745,29.841015,ok
EES0423498__X2A__Y36__P007.jpg,0.853596,25.619018,ok
EES0423498__X2A__Y39__P008.jpg,0.900409,27.676223,ok
EES0423498__X2A__Y3C__P009.jpg,0.832963,24.333875,ok
EES0423498__X2A__Y3F__P010.jpg,0.923035,29.697994,ok
EES0423498__X2D__Y21__P011.jpg,0.889228,27.664125,ok
EES0423498__X2D__Y3C__P012.jpg,0.861866,27.786696,ok
EES0423498__X30__Y0F__P013.jpg,0.886791,27.548240,ok
EES0423498__X30__Y1B__P014.jpg,0.878985,25.386655,ok
EES0423498__X30__Y21__P015.jpg,0.831586,25.320399,ok
EES0423498__X30__Y24__P016.jpg,0.867822,26.997748,ok
EES0423498__X30__Y27__P017.jpg,0.813344,25.464786,ok
EES0423498__X30__Y2A__P018.jpg,0.824329,25.043503,ok
EES0423498__X30__Y30__P019.jpg,0.907674,25.861471,ok
EES0423498__X30__Y33__P020.jpg,0.944283,27.370022,ok
EES0423498__X30__Y39__P021.jpg,0.833281,26.505314,ok
EES0423498__X33__Y12__P022.jpg,0.926273,29.159910,ok
EES0423498__X33__Y39__P023.jpg,0.894061,30.218453,ok
EES0423498__X33__Y3C__P024.jpg,0.927141,28.499276,ok
EES0423498__X33__Y3F__P025.jpg,0.954750,31.873890,ok
EES0423499__X36__Y0F__P001.jpg,0.882955,26.505334,ok
EES0423499__X36__Y12__P002.jpg,0.917647,28.565307,ok
EES0423499__X36__Y15__P003.jpg,0.934929,29.607698,ok
EES0423499__X36__Y18__P004.jpg,0.937389,31.093112,ok
EES0423499__X36__Y1B__P005.jpg,0.888947,27.334899,ok
EES0423499__X36__Y1E__P006.jpg,0.912475,29.452115,ok
EES0423499__X36__Y21__P007.jpg,0.845127,26.444399,ok
EES0423499__X36__Y36__P008.jpg,0.843482,26.082557,ok
EES0423499__X36__Y39__P009.jpg,0.810444,25.863248,ok
EES0423499__X36__Y3F__P010.jpg,0.935118,30.111923,ok
EES0423499__X39__Y27__P011.jpg,0.837777,25.576026,ok
EES0423499__X3C__Y12__P012.jpg,0.885043,26.560771,ok
EES0423499__X3C__Y30__P013.jpg,0.823558,24.936290,ok
EES0423499__X3C__Y36__P014.jpg,0.911757,27.075629,ok
EES0423499__X42__Y1E__P015.jpg,0.865262,27.476168,ok
EES0423499__X42__Y24__P016.jpg,0.947539,28.349311,ok
EES0423499__X0C__Y03__P017.jpg,0.991324,38.038104,ok
EES0423499__X0C__Y06__P018.jpg,0.986344,35.534862,ok
EES0423499__X0F__Y03__P019.jpg,0.992272,31.831165,ok
EES0423499__X0F__Y2D__P020.jpg,0.824457,25.825638,ok
EES0423499__X12__Y12__P021.jpg,0.832113,24.084993,ok
EES0423499__X12__Y15__P022.jpg,0.933844,30.770231,ok
EES0423499__X12__Y18__P023.jpg,0.927545,30.211089,ok
EES0423499__X12__Y1B__P024.jpg,0.963131,31.649780,ok
EES0423499__X12__Y2A__P025.jpg,0.914442,30.890812,ok
EES0423500__X12__Y2D__P001.jpg,0.902863,27.048275,ok
EES0423500__X15__Y15__P002.jpg,0.881004,24.159695,ok
EES0423500__X15__Y18__P003.jpg,0.858864,27.122864,ok
EES0423500__X15__Y1B__P004.jpg,0.877977,28.613641,ok
EES0423500__X15__Y1E__P005.jpg,0.947573,30.384743,ok
EES0423500__X15__Y21__P006.jpg,0.863402,26.130481,ok
EES0423500__X15__Y24__P007.jpg,0.936960,29.160398,ok
EES0423500__X15__Y27__P008.jpg,0.900929,28.889985,ok
EES0423500__X15__Y2A__P009.jpg,0.929646,30.964715,ok
EES0423500__X18__Y1B__P010.jpg,0.924441,32.781661,ok
EES0423500__X18__Y27__P011.jpg,0.855766,25.373941,ok
EES0423500__X1B__Y0C__P012.jpg,0.931986,27.004909,ok
EES0423500__X1B__Y0F__P013.jpg,0.902767,29.130554,ok
EES0423500__X1B__Y12__P014.jpg,0.920429,28.286289,ok
EES0423500__X1B__Y18__P015.jpg,0.949689,31.741563,ok
EES0423500__X1B__Y1B__P016.jpg,0.943563,32.293219,ok
EES0423500__X1B__Y1E__P017.jpg,0.906485,28.097073,ok
EES0423500__X1B__Y21__P018.jpg,0.901339,26.109600,ok
EES0423500__X1B__Y24__P019.jpg,0.955851,32.219923,ok
EES0423500__X1B__Y27__P020.jpg,0.961752,32.148379,ok
EES0423500__X1B__Y2A__P021.jpg,0.888511,28.511123,ok
EES0423500__X1B__Y2D__P022.jpg,0.855750,28.001348,ok
EES0423500__X1B__Y33__P023.jpg,0.911027,28.078602,ok
EES0423500__X1B__Y36__P024.jpg,0.852875,27.800520,ok
EES0423500__X1E__Y12__P025.jpg,0.930729,29.652651,ok
EES0423501__X1E__Y15__P001.jpg,0.875399,30.267079,ok
EES0423501__X1E__Y1B__P002.jpg,0.846423,26.764353,ok
EES0423501__X1E__Y1E__P003.jpg,0.855994,27.986225,ok
EES0423501__X1E__Y21__P004.jpg,0.910381,30.648391,ok
EES0423501__X1E__Y24__P005.jpg,0.933459,27.863615,ok
EES0423501__X1E__Y30__P006.jpg,0.917498,29.396691,ok
EES0423501__X1E__Y33__P007.jpg,0.771422,24.995224,ok
EES0423501__X21__Y12__P008.jpg,0.872544,26.820980,ok
EES0423501__X21__Y15__P009.jpg,0.974421,31.860688,ok
EES0423501__X21__Y18__P010.jpg,0.957623,29.032015,ok
EES0423501__X21__Y1B__P011.jpg,0.885745,26.297405,ok
EES0423501__X24__Y0F__P012.jpg,0.895785,28.198262,ok
EES0423501__X24__Y12__P013.jpg,0.884158,26.902244,ok
EES0423501__X24__Y15__P014.jpg,0.915415,29.324393,ok
EES0423501__X24__Y18__P015.jpg,0.942618,29.246972,ok
EES0423501__X24__Y27__P016.jpg,0.955476,29.500026,ok
EES0423501__X24__Y2A__P017.jpg,0.927609,31.208640,ok
EES0423501__X24__Y33__P018.jpg,0.881793,25.228001,ok
EES0423501__X27__Y15__P019.jpg,0.885758,25.768173,ok
EES0423501__X27__Y1B__P020.jpg,0.899473,26.609133,ok
EES0423501__X27__Y1E__P021.jpg,0.937908,29.984255,ok
EES0423501__X27__Y21__P022.jpg,0.831556,26.188602,ok
EES0423501__X27__Y36__P023.jpg,0.856815,26.206957,ok
EES0423501__X2A__Y18__P024.jpg,0.896457,27.435609,ok
EES0423501__X2A__Y1B__P025.jpg,0.963932,30.617955,ok
EES0423502__X2A__Y21__P001.jpg,0.887125,25.936943,ok
EES0423502__X2A__Y2D__P002.jpg,0.917427,26.970740,ok
EES0423502__X30__Y18__P003.jpg,0.914130,27.173251,ok
EES0423502__X30__Y1B__P004.jpg,0.920013,29.624172,ok
EES0423502__X30__Y1E__P005.jpg,0.896524,27.281549,ok
EES0423502__X30__Y21__P006.jpg,0.890650,25.148172,ok
EES0423502__X30__Y24__P007.jpg,0.888749,25.823864,ok
EES0423502__X30__Y27__P008.jpg,0.851169,26.576809,ok
EES0423502__X30__Y2D__P009.jpg,0.848545,28.576736,ok
EES0423502__X33__Y27__P010.jpg,0.804463,23.998147,ok
EES0423502__X36__Y21__P011.jpg,0.843945,26.693626,ok
EES0423502__X36__Y24__P012.jpg,0.935818,30.154582,ok
EES0423502__X36__Y27__P013.jpg,0.877745,29.272716,ok
EES0423502__X36__Y2A__P014.jpg,0.849054,26.435187,ok
EES0423502__X39__Y27__P015.jpg,0.927537,30.241567,ok
EES0423502__X39__Y2A__P016.jpg,0.923632,29.526266,ok
EES0423502__X3F__Y2D__P017.jpg,0.967824,32.367864,ok
EES0423502__X42__Y27__P018.jpg,0.862814,27.147896,ok
EES0423502__X42__Y2A__P019.jpg,0.908493,25.752784,ok
EES0423502__X42__Y2D__P020.jpg,0.970784,36.759082,ok
EES0423502__X42__Y30__P021.jpg,0.980758,33.691528,ok
EES0423502__X0C__Y27__P022.jpg,0.898741,23.858668,ok
EES0423502__X0F__Y15__P023.jpg,0.950051,27.884946,ok
EES0423502__X15__Y21__P024.jpg,0.878201,23.674011,ok
EES0423502__X1B__Y1E__P025.jpg,0.903739,24.937468,ok
EES0423503__X39__Y1B__P001.jpg,0.887699,24.385254,ok
EES0423503__X3F__Y27__P002.jpg,0.902756,24.414929,ok
EES0423503__X42__Y1B__P003.jpg,0.862279,23.680183,ok
EES0423503__X42__Y27__P004.jpg,0.903260,25.553894,ok
EES0423503__X42__Y2A__P005.jpg,0.898599,25.596197,ok
EES0423503__X42__Y30__P006.jpg,0.898423,24.226148,ok
EES0423503__X09__Y06__P007.jpg,0.972016,30.428870,ok
EES0423503__X09__Y21__P008.jpg,0.969384,29.761226,ok
EES0423503__X09__Y27__P009.jpg,0.939602,28.768586,ok
EES0423503__X0C__Y1B__P010.jpg,0.943123,28.491244,ok
EES0423503__X0C__Y21__P011.jpg,0.829742,23.494490,ok
EES0423503__X0C__Y2D__P012.jpg,0.921516,28.551674,ok
EES0423503__X0C__Y30__P013.jpg,0.945288,29.144207,ok
EES0423503__X0C__Y33__P014.jpg,0.954901,30.183793,ok
EES0423503__X0F__Y1B__P015.jpg,0.885694,25.757234,ok
EES0423503__X0F__Y21__P016.jpg,0.909549,23.930042,ok
EES0423503__X0F__Y27__P017.jpg,0.858614,25.798230,ok
EES0423503__X0F__Y2A__P018.jpg,0.874128,24.964108,ok
EES0423503__X0F__Y2D__P019.jpg,0.869778,25.907485,ok
EES0423503__X0F__Y30__P020.jpg,0.873310,25.775615,ok
EES0423503__X0F__Y33__P021.jpg,0.890424,27.706727,ok
EES0423503__X0F__Y36__P022.jpg,0.845559,24.626153,ok
EES0423503__X12__Y12__P023.jpg,0.877096,27.211945,ok
EES0423503__X12__Y15__P024.jpg,0.924392,27.012692,ok
EES0423503__X12__Y18__P025.jpg,0.954515,30.297963,ok
EES0423504__X1E__Y42__P001.jpg,0.927797,30.087619,ok
EES0423504__X21__Y0C__P002.jpg,0.889806,24.841899,ok
EES0423504__X21__Y3F__P003.jpg,0.780061,22.938056,ok
EES0423504__X21__Y42__P004.jpg,0.888242,25.571595,ok
EES0423504__X24__Y06__P005.jpg,0.932077,28.265771,ok
EES0423504__X24__Y09__P006.jpg,0.879723,25.051987,ok
EES0423504__X24__Y0C__P007.jpg,0.875541,24.383788,ok
EES0423504__X24__Y0F__P008.jpg,0.874351,24.985044,ok
EES0423504__X27__Y09__P009.jpg,0.865728,23.978320,ok
EES0423504__X2A__Y06__P010.jpg,0.891522,26.684318,ok
EES0423504__X2A__Y0C__P011.jpg,0.920249,27.311192,ok
EES0423504__X2D__Y09__P012.jpg,0.836490,23.189639,ok
EES0423504__X33__Y42__P013.jpg,0.943112,30.422450,ok
EES0423504__X36__Y09__P014.jpg,0.958361,29.993968,ok
EES0423504__X3F__Y0F__P015.jpg,0.951459,27.180847,ok
EES0423504__X42__Y12__P016.jpg,0.908543,25.285458,ok
EES0423504__X48__Y2A__P017.jpg,0.932116,29.923352,ok
EES0423504__X12__Y18__P018.jpg,0.864110,25.142648,ok
EES0423504__X12__Y1B__P019.jpg,0.894615,28.940797,ok
EES0423504__X15__Y0F__P020.jpg,0.855790,25.666947,ok
EES0423504__X15__Y18__P021.jpg,0.835327,24.355785,ok
EES0423504__X15__Y1B__P022.jpg,0.829823,25.825834,ok
EES0423504__X15__Y1E__P023.jpg,0.838381,25.585360,ok
EES0423504__X15__Y27__P024.jpg,0.845253,24.771996,ok
EES0423504__X15__Y33__P025.jpg,0.884252,25.894073,ok
EES0423505__X15__Y15__P001.jpg,0.908144,25.015426,ok
EES0423505__X15__Y1B__P002.jpg,0.965109,31.943289,ok
EES0423505__X15__Y24__P003.jpg,0.848561,24.896709,ok
EES0423505__X15__Y27__P004.jpg,0.888331,30.008153,ok
EES0423505__X15__Y2A__P005.jpg,0.906307,27.496661,ok
EES0423505__X15__Y2D__P006.jpg,0.829538,23.521934,ok
EES0423505__X15__Y30__P007.jpg,0.832610,24.275001,ok
EES0423505__X15__Y33__P008.jpg,0.898921,27.296110,ok
EES0423505__X18__Y12__P009.jpg,0.928973,27.631187,ok
EES0423505__X18__Y1B__P010.jpg,0.935022,28.934977,ok
EES0423505__X18__Y21__P011.jpg,0.924715,27.098191,ok
EES0423505__X18__Y27__P012.jpg,0.859778,28.518445,ok
EES0423505__X18__Y2D__P013.jpg,0.855686,28.964977,ok
EES0423505__X18__Y30__P014.jpg,0.872083,27.955330,ok
EES0423505__X18__Y33__P015.jpg,0.955939,30.328351,ok
EES0423505__X18__Y36__P016.jpg,0.913326,28.712104,ok
EES0423505__X1B__Y09__P017.jpg,0.909188,26.727887,ok
EES0423505__X1B__Y12__P018.jpg,0.959994,29.571272,ok
EES0423505__X1B__Y1B__P019.jpg,0.917995,26.668994,ok
EES0423505__X1B__Y1E__P020.jpg,0.879952,24.500091,ok
EES0423505__X1B__Y21__P021.jpg,0.859413,27.513891,ok
EES0423505__X1B__Y24__P022.jpg,0.880536,26.246459,ok
EES0423505__X1B__Y27__P023.jpg,0.893513,28.130419,ok
EES0423505__X1B__Y2D__P024.jpg,0.927565,29.788443,ok
EES0423505__X1B__Y36__P025.jpg,0.869714,27.080853,ok
EES0423506__X1E__Y09__P001.jpg,0.866087,25.469930,ok
EES0423506__X1E__Y12__P002.jpg,0.867313,27.414163,ok
EES0423506__X1E__Y18__P003.jpg,0.913247,30.773518,ok
EES0423506__X1E__Y1B__P004.jpg,0.978799,31.703335,ok
EES0423506__X1E__Y21__P005.jpg,0.920787,29.340040,ok
EES0423506__X1E__Y27__P006.jpg,0.957830,29.732360,ok
EES0423506__X1E__Y30__P007.jpg,0.826094,23.712196,ok
EES0423506__X1E__Y36__P008.jpg,0.923491,28.139807,ok
EES0423506__X21__Y06__P009.jpg,0.874894,25.327827,ok
EES0423506__X21__Y09__P010.jpg,0.936083,28.344272,ok
EES0423506__X21__Y2D__P011.jpg,0.889070,26.098786,ok
EES0423506__X24__Y06__P012.jpg,0.903598,27.204893,ok
EES0423506__X24__Y09__P013.jpg,0.940818,28.145142,ok
EES0423506__X24__Y12__P014.jpg,0.910982,26.665174,ok
EES0423506__X24__Y1E__P015.jpg,0.886738,26.741552,ok
EES0423506__X24__Y27__P016.jpg,0.875181,26.226256,ok
EES0423506__X24__Y2A__P017.jpg,0.889769,23.807905,ok
EES0423506__X27__Y18__P018.jpg,0.852367,24.947995,ok
EES0423506__X27__Y1B__P019.jpg,0.883082,25.766612,ok
EES0423506__X27__Y1E__P020.jpg,0.910598,27.125495,ok
EES0423506__X2A__Y2A__P021.jpg,0.920952,26.785213,ok
EES0423506__X2A__Y33__P022.jpg,0.817451,24.280810,ok
EES0423506__X2D__Y0C__P023.jpg,0.957684,28.370044,ok
EES0423506__X30__Y18__P024.jpg,0.927447,28.919068,ok
EES0423506__X30__Y1B__P025.jpg,0.873739,25.997317,ok
EES0423507__X30__Y27__P001.jpg,0.865456,27.183503,ok
EES0423507__X30__Y30__P002.jpg,0.880238,24.987920,ok
EES0423507__X30__Y36__P003.jpg,0.925270,30.096510,ok
EES0423507__X30__Y39__P004.jpg,0.892295,26.326270,ok
EES0423507__X30__Y3C__P005.jpg,0.964536,31.448932,ok
EES0423507__X33__Y1E__P006.jpg,0.879936,27.507394,ok
EES0423507__X33__Y27__P007.jpg,0.907257,27.839770,ok
EES0423507__X33__Y30__P008.jpg,0.915514,25.974936,ok
EES0423507__X33__Y36__P009.jpg,0.922390,28.987092,ok
EES0423507__X36__Y09__P010.jpg,0.912177,27.702408,ok
EES0423507__X36__Y30__P011.jpg,0.936356,28.945222,ok
EES0423507__X36__Y33__P012.jpg,0.872694,27.164037,ok
EES0423507__X39__Y12__P013.jpg,0.865342,24.371431,ok
EES0423507__X3C__Y1E__P014.jpg,0.921276,29.067249,ok
EES0423507__X3C__Y27__P015.jpg,0.860019,26.096008,ok
EES0423507__X3C__Y2A__P016.jpg,0.899987,28.650935,ok
EES0423507__X0F__Y30__P017.jpg,0.911069,29.244815,ok
EES0423507__X12__Y15__P018.jpg,0.895014,26.966900,ok
EES0423507__X12__Y18__P019.jpg,0.907008,27.961879,ok
EES0423507__X12__Y1B__P020.jpg,0.911700,30.174279,ok
EES0423507__X12__Y21__P021.jpg,0.897877,25.935881,ok
EES0423507__X12__Y24__P022.jpg,0.901329,27.302550,ok
EES0423507__X12__Y27__P023.jpg,0.896540,29.040982,ok
EES0423507__X12__Y2D__P024.jpg,0.916057,29.277547,ok
EES0423507__X12__Y30__P025.jpg,0.893634,27.372767,ok
EES0423508__X12__Y33__P001.jpg,0.950720,32.358961,ok
EES0423508__X12__Y36__P002.jpg,0.912303,29.962244,ok
EES0423508__X15__Y1E__P003.jpg,0.894095,27.884454,ok
EES0423508__X15__Y2A__P004.jpg,0.880134,25.879687,ok
EES0423508__X15__Y2D__P005.jpg,0.856552,26.577191,ok
EES0423508__X15__Y30__P006.jpg,0.905026,27.664812,ok
EES0423508__X15__Y33__P007.jpg,0.920127,28.167552,ok
EES0423508__X18__Y39__P008.jpg,0.899726,27.358513,ok
EES0423508__X1B__Y1B__P009.jpg,0.884275,25.984667,ok
EES0423508__X1B__Y24__P010.jpg,0.836622,26.171067,ok
EES0423508__X1B__Y36__P011.jpg,0.930666,28.565932,ok
EES0423508__X1B__Y39__P012.jpg,0.884749,28.871663,ok
EES0423508__X1E__Y12__P013.jpg,0.948994,28.760909,ok
EES0423508__X1E__Y1E__P014.jpg,0.868439,27.847165,ok
EES0423508__X1E__Y21__P015.jpg,0.870093,24.880898,ok
EES0423508__X1E__Y24__P016.jpg,0.934463,30.385054,ok
EES0423508__X1E__Y2D__P017.jpg,0.858025,25.666074,ok
EES0423508__X1E__Y36__P018.jpg,0.837877,23.746677,ok
EES0423508__X1E__Y39__P019.jpg,0.805913,24.142462,ok
EES0423508__X21__Y15__P020.jpg,0.819551,26.353570,ok
EES0423508__X21__Y2A__P021.jpg,0.921757,28.351029,ok
EES0423508__X21__Y2D__P022.jpg,0.867755,28.594326,ok
EES0423508__X21__Y33__P023.jpg,0.805128,24.742515,ok
EES0423508__X21__Y39__P024.jpg,0.842908,26.340447,ok
EES0423508__X21__Y3C__P025.jpg,0.951400,30.123922,ok
EES0423509__X24__Y0C__P001.jpg,0.873218,26.384890,ok
EES0423509__X24__Y15__P002.jpg,0.875684,26.485042,ok
EES0423509__X24__Y1E__P003.jpg,0.892034,29.066383,ok
EES0423509__X24__Y24__P004.jpg,0.955926,29.987190,ok
EES0423509__X24__Y2A__P005.jpg,0.946137,29.190734,ok
EES0423509__X24__Y2D__P006.jpg,0.880804,29.705196,ok
EES0423509__X24__Y30__P007.jpg,0.877929,26.862710,ok
EES0423509__X24__Y36__P008.jpg,0.892870,27.354794,ok
EES0423509__X24__Y39__P009.jpg,0.973020,33.827345,ok
EES0423509__X24__Y3C__P010.jpg,0.935495,31.132133,ok
EES0423509__X27__Y27__P011.jpg,0.926454,30.289256,ok
EES0423509__X2A__Y2A__P012.jpg,0.933478,27.299233,ok
EES0423509__X2A__Y36__P013.jpg,0.855994,24.242471,ok
EES0423509__X2A__Y39__P014.jpg,0.931328,28.359956,ok
EES0423509__X2D__Y0C__P015.jpg,0.924519,27.902329,ok
EES0423509__X2D__Y0F__P016.jpg,0.848201,24.471887,ok
EES0423509__X2D__Y36__P017.jpg,0.830268,25.485984,ok
EES0423509__X30__Y12__P018.jpg,0.880062,26.655325,ok
EES0423509__X30__Y1B__P019.jpg,0.961347,28.475387,ok
EES0423509__X30__Y1E__P020.jpg,0.917383,28.615028,ok
EES0423509__X30__Y21__P021.jpg,0.912293,23.777229,ok
EES0423509__X30__Y27__P022.jpg,0.888388,26.157340,ok
EES0423509__X30__Y2A__P023.jpg,0.885063,26.383648,ok
EES0423509__X30__Y2D__P024.jpg,0.915604,29.723951,ok
EES0423509__X30__Y30__P025.jpg,0.835991,25.556142,ok
EES0423510__X30__Y36__P001.jpg,0.933786,29.830268,ok
EES0423510__X30__Y39__P002.jpg,0.964391,35.030904,ok
EES0423510__X30__Y3C__P003.jpg,0.851216,27.499831,ok
EES0423510__X33__Y30__P004.jpg,0.943975,31.079900,ok
EES0423510__X33__Y39__P005.jpg,0.879163,25.756762,ok
EES0423510__X36__Y09__P006.jpg,0.870382,24.334708,ok
EES0423510__X36__Y12__P007.jpg,0.879186,25.844774,ok
EES0423510__X36__Y18__P008.jpg,0.884612,24.542660,ok
EES0423510__X36__Y1B__P009.jpg,0.903725,24.627662,ok
EES0423510__X36__Y24__P010.jpg,0.868186,27.204938,ok
EES0423510__X36__Y2A__P011.jpg,0.863267,24.720992,ok
EES0423510__X36__Y36__P012.jpg,0.889097,27.683081,ok
EES0423510__X39__Y1E__P013.jpg,0.894677,30.237509,ok
EES0423510__X39__Y27__P014.jpg,0.878279,25.760836,ok
EES0423510__X12__Y0F__P015.jpg,0.874372,24.831013,ok
EES0423510__X12__Y18__P016.jpg,0.951992,28.064616,ok
EES0423510__X15__Y0C__P017.jpg,0.865111,24.202464,ok
EES0423510__X15__Y0F__P018.jpg,0.954574,29.230190,ok
EES0423510__X18__Y0C__P019.jpg,0.879134,25.616021,ok
EES0423510__X18__Y15__P020.jpg,0.940249,27.473844,ok
EES0423510__X18__Y18__P021.jpg,0.831862,23.805578,ok
EES0423510__X18__Y1E__P022.jpg,0.851190,23.474305,ok
EES0423510__X1B__Y06__P023.jpg,0.913468,26.222697,ok
EES0423510__X1B__Y09__P024.jpg,0.897340,24.330362,ok
EES0423510__X1B__Y0C__P025.jpg,0.852794,24.549431,ok
EES0423511__X1B__Y12__P001.jpg,0.890306,24.702117,ok
EES0423511__X1B__Y1B__P002.jpg,0.941675,29.332503,ok
EES0423511__X1B__Y21__P003.jpg,0.822078,23.505012,ok
EES0423511__X1E__Y09__P004.jpg,0.926495,27.480541,ok
EES0423511__X1E__Y0C__P005.jpg,0.845709,24.526991,ok
EES0423511__X1E__Y12__P006.jpg,0.929285,28.387381,ok
EES0423511__X1E__Y1B__P007.jpg,0.922204,28.238293,ok
EES0423511__X1E__Y24__P008.jpg,0.907921,24.890100,ok
EES0423511__X1E__Y30__P009.jpg,0.932232,29.000535,ok
EES0423511__X1E__Y39__P010.jpg,0.869667,25.707920,ok
EES0423511__X21__Y09__P011.jpg,0.863678,25.702916,ok
EES0423511__X24__Y06__P012.jpg,0.936652,29.921426,ok
EES0423511__X24__Y09__P013.jpg,0.921757,28.501792,ok
EES0423511__X24__Y0C__P014.jpg,0.850800,24.253487,ok
EES0423511__X24__Y0F__P015.jpg,0.892110,25.797656,ok
EES0423511__X24__Y12__P016.jpg,0.854138,23.966240,ok
EES0423511__X24__Y18__P017.jpg,0.866404,24.696437,ok
EES0423511__X24__Y1B__P018.jpg,0.886459,25.529312,ok
EES0423511__X24__Y21__P019.jpg,0.919434,28.371712,ok
EES0423511__X24__Y24__P020.jpg,0.900319,24.550836,ok
EES0423511__X27__Y09__P021.jpg,0.891772,26.399527,ok
EES0423511__X27__Y39__P022.jpg,0.876812,23.806549,ok
EES0423511__X2A__Y06__P023.jpg,0.796685,23.887386,ok
EES0423511__X2A__Y09__P024.jpg,0.861268,25.442328,ok
EES0423511__X2A__Y12__P025.jpg,0.849769,24.754139,ok
EES0423512__X15__Y0C__P001.jpg,0.837279,23.929678,ok
EES0423512__X15__Y39__P002.jpg,0.821189,23.669316,ok
EES0423512__X18__Y09__P003.jpg,0.929174,28.037477,ok
EES0423512__X18__Y3C__P004.jpg,0.836188,23.112218,ok
EES0423512__X1B__Y09__P005.jpg,0.811027,23.964144,ok
EES0423512__X1B__Y3F__P006.jpg,0.819028,23.720026,ok
EES0423512__X1E__Y06__P007.jpg,0.975270,34.171045,ok
EES0423512__X1E__Y42__P008.jpg,0.922037,29.379323,ok
EES0423512__X21__Y06__P009.jpg,0.890101,26.092068,ok
EES0423512__X21__Y42__P010.jpg,0.893359,28.139482,ok
EES0423512__X24__Y42__P011.jpg,0.828429,23.092546,ok
EES0423512__X2D__Y42__P012.jpg,0.781696,23.104586,ok
EES0423512__X30__Y06__P013.jpg,0.866812,23.367148,ok
EES0423512__X30__Y42__P014.jpg,0.786087,22.810189,ok
EES0423512__X33__Y06__P015.jpg,0.927614,29.471215,ok
EES0423512__X36__Y42__P016.jpg,0.960180,30.567254,ok
EES0423512__X39__Y09__P017.jpg,0.891983,27.045594,ok
EES0423512__X3C__Y09__P018.jpg,0.927152,27.569728,ok
EES0423512__X3C__Y3F__P019.jpg,0.969716,30.703595,ok
EES0423512__X3F__Y0C__P020.jpg,0.892914,25.890842,ok
EES0423512__X42__Y39__P021.jpg,0.857406,25.293112,ok
EES0423512__X45__Y0F__P022.jpg,0.883335,24.480727,ok
EES0423512__X45__Y12__P023.jpg,0.888180,25.318438,ok
EES0423512__X45__Y36__P024.jpg,0.882064,25.115057,ok
EES0423512__X45__Y39__P025.jpg,0.933773,28.344128,ok
EES0423513__X2A__Y09__P001.jpg,0.899264,26.532451,ok
EES0423513__X2A__Y0C__P002.jpg,0.895501,26.967555,ok
EES0423513__X2A__Y45__P003.jpg,0.919513,30.194032,ok
EES0423513__X2D__Y09__P004.jpg,0.867730,24.628747,ok
EES0423513__X2D__Y0C__P005.jpg,0.872528,25.937281,ok
EES0423513__X30__Y09__P006.jpg,0.888653,27.491868,ok
EES0423513__X30__Y0C__P007.jpg,0.849549,25.590998,ok
EES0423513__X33__Y0C__P008.jpg,0.827342,24.973920,ok
EES0423513__X33__Y42__P009.jpg,0.878999,24.802143,ok
EES0423513__X36__Y0C__P010.jpg,0.854453,23.565157,ok
EES0423513__X36__Y42__P011.jpg,0.918208,26.459408,ok
EES0423513__X39__Y0C__P012.jpg,0.947612,30.281772,ok
EES0423513__X39__Y3F__P013.jpg,0.879946,25.559895,ok
EES0423513__X3C__Y0F__P014.jpg,0.840810,24.393893,ok
EES0423513__X3F__Y12__P015.jpg,0.850217,25.669291,ok
EES0423513__X42__Y36__P016.jpg,0.769632,22.988665,ok
EES0423513__X45__Y18__P017.jpg,0.936126,28.113584,ok
EES0423513__X45__Y33__P018.jpg,0.931078,27.821584,ok
EES0423513__X48__Y1E__P019.jpg,0.955891,31.384279,ok
EES0423513__X48__Y21__P020.jpg,0.924888,27.982820,ok
EES0423513__X48__Y24__P021.jpg,0.897699,26.946393,ok
EES0423513__X48__Y27__P022.jpg,0.955932,28.787060,ok
EES0423513__X48__Y2A__P023.jpg,0.941052,28.457372,ok
EES0423513__X09__Y15__P024.jpg,0.950433,25.777597,ok
EES0423513__X09__Y18__P025.jpg,0.799919,22.840981,ok
EES0423514__X36__Y3F__P001.jpg,0.941139,28.701628,ok
EES0423514__X39__Y3C__P002.jpg,0.941681,28.436278,ok
EES0423514__X3C__Y06__P003.jpg,0.967389,29.326199,ok
EES0423514__X42__Y36__P004.jpg,0.924039,24.325826,ok
EES0423514__X45__Y33__P005.jpg,0.954473,28.745102,ok
EES0423514__X48__Y12__P006.jpg,0.982556,30.236214,ok
EES0423514__X48__Y15__P007.jpg,0.834233,23.841266,ok
EES0423514__X48__Y2D__P008.jpg,0.889570,25.063605,ok
EES0423514__X09__Y1E__P009.jpg,0.918806,25.212983,ok
EES0423514__X0C__Y24__P010.jpg,0.915455,25.161290,ok
EES0423514__X0C__Y2D__P011.jpg,0.942396,27.426995,ok
EES0423514__X12__Y0F__P012.jpg,0.931724,26.623021,ok
EES0423514__X12__Y1E__P013.jpg,0.939118,25.572490,ok
EES0423514__X15__Y0C__P014.jpg,0.906365,24.364433,ok
EES0423514__X18__Y0C__P015.jpg,0.920738,24.235179,ok
EES0423514__X1E__Y12__P016.jpg,0.872059,23.753144,ok
EES0423514__X1E__Y33__P017.jpg,0.915013,23.800423,ok
EES0423514__X1E__Y3C__P018.jpg,0.923755,24.431544,ok
EES0423514__X21__Y39__P019.jpg,0.952797,26.233833,ok
EES0423514__X24__Y09__P020.jpg,0.914178,24.959955,ok
EES0423514__X24__Y0F__P021.jpg,0.913559,26.601644,ok
EES0423514__X27__Y18__P022.jpg,0.902796,24.763438,ok
EES0423514__X2D__Y30__P023.jpg,0.918924,24.696417,ok
EES0423514__X30__Y1B__P024.jpg,0.940057,24.891253,ok
EES0423514__X30__Y21__P025.jpg,0.905813,23.737135,ok
EES0423515__X30__Y24__P001.jpg,0.887394,23.627543,ok
EES0423515__X30__Y33__P002.jpg,0.898553,23.952134,ok
EES0423515__X33__Y3C__P003.jpg,0.921350,27.124345,ok
EES0423515__X36__Y0F__P004.jpg,0.934896,25.017810,ok
EES0423515__X3C__Y18__P005.jpg,0.882987,23.642461,ok
EES0423515__X3F__Y15__P006.jpg,0.951766,26.650249,ok
EES0423515__X3F__Y24__P007.jpg,0.946387,26.770393,ok
EES0423515__X42__Y1B__P008.jpg,0.904215,25.543393,ok
EES0423515__X42__Y21__P009.jpg,0.951418,27.174970,ok
EES0423515__X42__Y27__P010.jpg,0.957648,28.632130,ok
EES0423515__X42__Y2D__P011.jpg,0.911560,26.136814,ok
EES0423515__X0F__Y1B__P012.jpg,0.940526,28.774546,ok
EES0423515__X0F__Y24__P013.jpg,0.934530,29.110192,ok
EES0423515__X0F__Y27__P014.jpg,0.973552,29.903646,ok
EES0423515__X0F__Y30__P015.jpg,0.929688,27.935199,ok
EES0423515__X12__Y2A__P016.jpg,0.959334,27.400919,ok
EES0423515__X18__Y2A__P017.jpg,0.930699,25.222733,ok
EES0423515__X18__Y2D__P018.jpg,0.951780,29.569942,ok
EES0423515__X1B__Y15__P019.jpg,0.954363,26.060667,ok
EES0423515__X1B__Y1B__P020.jpg,0.922902,26.079188,ok
EES0423515__X1B__Y1E__P021.jpg,0.928587,25.823323,ok
EES0423515__X1B__Y21__P022.jpg,0.940149,28.298032,ok
EES0423515__X1B__Y27__P023.jpg,0.923094,26.246724,ok
EES0423515__X1B__Y2D__P024.jpg,0.931894,25.684921,ok
EES0423515__X1B__Y33__P025.jpg,0.932284,25.572870,ok
EES0423516__X1B__Y36__P001.jpg,0.937144,28.102989,ok
EES0423516__X1B__Y39__P002.jpg,0.954652,26.573037,ok
EES0423516__X1E__Y2D__P003.jpg,0.904962,26.553962,ok
EES0423516__X1E__Y30__P004.jpg,0.915715,26.642624,ok
EES0423516__X21__Y12__P005.jpg,0.911569,26.516427,ok
EES0423516__X21__Y15__P006.jpg,0.963075,26.894486,ok
EES0423516__X21__Y2A__P007.jpg,0.940366,27.099006,ok
EES0423516__X21__Y2D__P008.jpg,0.943296,28.278300,ok
EES0423516__X21__Y39__P009.jpg,0.935998,28.920787,ok
EES0423516__X24__Y0F__P010.jpg,0.971427,33.999908,ok
EES0423516__X24__Y15__P011.jpg,0.946904,28.524748,ok
EES0423516__X24__Y24__P012.jpg,0.966611,27.795376,ok
EES0423516__X24__Y27__P013.jpg,0.966782,29.450596,ok
EES0423516__X24__Y33__P014.jpg,0.941690,26.455773,ok
EES0423516__X24__Y36__P015.jpg,0.950295,25.839167,ok
EES0423516__X24__Y3C__P016.jpg,0.976165,33.072843,ok
EES0423516__X2A__Y2A__P017.jpg,0.960842,28.347578,ok
EES0423516__X2A__Y33__P018.jpg,0.949445,28.357777,ok
EES0423516__X2A__Y36__P019.jpg,0.899443,25.316556,ok
EES0423516__X2A__Y3C__P020.jpg,0.937994,29.202068,ok
EES0423516__X2D__Y39__P021.jpg,0.906086,25.456202,ok
EES0423516__X30__Y12__P022.jpg,0.947888,26.344365,ok
EES0423516__X30__Y15__P023.jpg,0.956588,28.315675,ok
EES0423516__X30__Y18__P024.jpg,0.917649,24.361198,ok
EES0423516__X30__Y1B__P025.jpg,0.926028,25.576508,ok
EES0423517__X30__Y1E__P001.jpg,0.936789,25.878613,ok
EES0423517__X30__Y24__P002.jpg,0.948184,27.449284,ok
EES0423517__X30__Y27__P003.jpg,0.953479,25.918171,ok
EES0423517__X30__Y36__P004.jpg,0.955136,28.142789,ok
EES0423517__X30__Y39__P005.jpg,0.940495,27.403963,ok
EES0423517__X30__Y3C__P006.jpg,0.929440,27.125795,ok
EES0423517__X33__Y12__P007.jpg,0.924085,24.493207,ok
EES0423517__X33__Y1B__P008.jpg,0.932670,28.641141,ok
EES0423517__X33__Y27__P009.jpg,0.954439,30.471241,ok
EES0423517__X33__Y2A__P010.jpg,0.939661,28.665819,ok
EES0423517__X33__Y30__P011.jpg,0.947505,25.418606,ok
EES0423517__X36__Y12__P012.jpg,0.955017,28.617703,ok
EES0423517__X36__Y1E__P013.jpg,0.943576,27.512741,ok
EES0423517__X36__Y21__P014.jpg,0.971280,32.575606,ok
EES0423517__X36__Y24__P015.jpg,0.937753,26.890800,ok
EES0423517__X36__Y27__P016.jpg,0.919938,31.008689,ok
EES0423517__X36__Y2A__P017.jpg,0.920311,25.553547,ok
EES0423517__X36__Y36__P018.jpg,0.918911,24.865809,ok
EES0423517__X36__Y39__P019.jpg,0.935882,28.401232,ok
EES0423517__X36__Y3C__P020.jpg,0.934252,27.568339,ok
EES0423517__X39__Y1B__P021.jpg,0.891284,24.181253,ok
EES0423517__X3C__Y15__P022.jpg,0.952567,28.086985,ok
EES0423517__X3C__Y18__P023.jpg,0.921941,24.963093,ok
EES0423517__X3C__Y24__P024.jpg,0.888512,23.945620,ok
EES0423517__X3C__Y27__P025.jpg,0.925561,26.684363,ok
EES0423518__X3C__Y2A__P001.jpg,0.913939,23.819160,ok
EES0423518__X3C__Y2D__P002.jpg,0.925913,25.819398,ok
EES0423518__X3C__Y30__P003.jpg,0.929885,27.847397,ok
EES0423518__X3C__Y33__P004.jpg,0.935519,27.330661,ok
EES0423518__X3F__Y27__P005.jpg,0.947792,29.888573,ok
EES0423518__X3F__Y30__P006.jpg,0.960729,29.703281,ok
EES0423518__X09__Y1B__P007.jpg,0.980726,28.276369,ok
EES0423518__X0C__Y1E__P008.jpg,0.877112,23.425335,ok
EES0423518__X15__Y0F__P009.jpg,0.936646,25.683495,ok
EES0423518__X15__Y12__P010.jpg,0.901461,23.708319,ok
EES0423518__X15__Y15__P011.jpg,0.942107,25.499232,ok
EES0423518__X18__Y0F__P012.jpg,0.919179,25.871798,ok
EES0423518__X1B__Y09__P013.jpg,0.920309,26.142059,ok
EES0423518__X1B__Y0C__P014.jpg,0.913379,24.859436,ok
EES0423518__X1B__Y1B__P015.jpg,0.913523,26.535843,ok
EES0423518__X1E__Y06__P016.jpg,0.935826,28.363044,ok
EES0423518__X1E__Y09__P017.jpg,0.851067,24.461395,ok
EES0423518__X1E__Y0C__P018.jpg,0.922048,26.082768,ok
EES0423518__X1E__Y12__P019.jpg,0.906331,24.944049,ok
EES0423518__X1E__Y15__P020.jpg,0.900747,24.709060,ok
EES0423518__X1E__Y18__P021.jpg,0.945833,29.781109,ok
EES0423518__X1E__Y1B__P022.jpg,0.908834,26.251518,ok
EES0423518__X1E__Y1E__P023.jpg,0.907337,24.473370,ok
EES0423518__X1E__Y36__P024.jpg,0.937532,26.478526,ok
EES0423518__X1E__Y3C__P025.jpg,0.882540,23.771877,ok
EES0423519__X21__Y09__P001.jpg,0.943557,26.568502,ok
EES0423519__X21__Y0C__P002.jpg,0.957675,28.037012,ok
EES0423519__X21__Y15__P003.jpg,0.873068,24.355309,ok
EES0423519__X24__Y09__P004.jpg,0.963953,28.415187,ok
EES0423519__X24__Y0C__P005.jpg,0.940295,27.753233,ok
EES0423519__X24__Y18__P006.jpg,0.876930,23.912161,ok
EES0423519__X24__Y36__P007.jpg,0.908560,24.221264,ok
EES0423519__X27__Y06__P008.jpg,0.920657,24.017734,ok
EES0423519__X27__Y0C__P009.jpg,0.912661,25.758539,ok
EES0423519__X27__Y0F__P010.jpg,0.924578,24.439386,ok
EES0423519__X2A__Y0C__P011.jpg,0.909677,24.390070,ok
EES0423519__X2D__Y06__P012.jpg,0.945185,27.462161,ok
EES0423519__X2D__Y0F__P013.jpg,0.938217,27.937303,ok
EES0423519__X30__Y06__P014.jpg,0.886421,23.677093,ok
EES0423519__X30__Y0F__P015.jpg,0.919442,25.380684,ok
EES0423519__X30__Y15__P016.jpg,0.924682,25.677736,ok
EES0423519__X30__Y18__P017.jpg,0.872499,24.649050,ok
EES0423519__X33__Y33__P018.jpg,0.913923,25.200899,ok
EES0423519__X36__Y09__P019.jpg,0.929660,25.637835,ok
EES0423519__X36__Y0F__P020.jpg,0.907457,24.125477,ok
EES0423519__X36__Y18__P021.jpg,0.929196,24.850413,ok
EES0423519__X36__Y1B__P022.jpg,0.925566,24.253784,ok
EES0423519__X36__Y30__P023.jpg,0.882378,23.480748,ok
EES0423519__X36__Y33__P024.jpg,0.925560,26.027133,ok
EES0423519__X36__Y36__P025.jpg,0.884702,24.226636,ok
EES0423520__X27__Y0F__P001.jpg,0.967444,29.862746,ok
EES0423520__X27__Y1B__P002.jpg,0.935602,27.773941,ok
EES0423520__X27__Y21__P003.jpg,0.919873,23.934452,ok
EES0423520__X27__Y24__P004.jpg,0.947598,27.217536,ok
EES0423520__X27__Y2D__P005.jpg,0.927993,25.491185,ok
EES0423520__X2A__Y09__P006.jpg,0.938416,26.626663,ok
EES0423520__X2A__Y2A__P007.jpg,0.937060,25.088570,ok
EES0423520__X2D__Y06__P008.jpg,0.972895,28.992028,ok
EES0423520__X2D__Y2A__P009.jpg,0.873874,23.670906,ok
EES0423520__X2D__Y33__P010.jpg,0.972024,29.128397,ok
EES0423520__X2D__Y39__P011.jpg,0.938297,26.254803,ok
EES0423520__X30__Y0F__P012.jpg,0.969159,31.244967,ok
EES0423520__X30__Y12__P013.jpg,0.966150,31.990270,ok
EES0423520__X30__Y15__P014.jpg,0.954948,27.799940,ok
EES0423520__X30__Y1E__P015.jpg,0.924569,24.855434,ok
EES0423520__X30__Y21__P016.jpg,0.930316,25.146852,ok
EES0423520__X30__Y24__P017.jpg,0.962730,29.232980,ok
EES0423520__X30__Y2D__P018.jpg,0.941868,24.808742,ok
EES0423520__X30__Y30__P019.jpg,0.946283,27.335422,ok
EES0423520__X30__Y33__P020.jpg,0.979511,28.150921,ok
EES0423520__X30__Y3C__P021.jpg,0.940263,26.390976,ok
EES0423520__X33__Y27__P022.jpg,0.919110,24.065319,ok
EES0423520__X33__Y30__P023.jpg,0.929381,24.240550,ok
EES0423520__X36__Y09__P024.jpg,0.927985,25.499963,ok
EES0423520__X36__Y0F__P025.jpg,0.936379,25.899608,ok
EES0423521__X36__Y24__P001.jpg,0.903321,24.720193,ok
EES0423521__X36__Y2D__P002.jpg,0.948397,27.835103,ok
EES0423521__X36__Y36__P003.jpg,0.948706,27.472606,ok
EES0423521__X39__Y21__P004.jpg,0.959294,27.604996,ok
EES0423521__X39__Y2A__P005.jpg,0.950202,25.555680,ok
EES0423521__X3C__Y09__P006.jpg,0.891509,24.119172,ok
EES0423521__X3F__Y24__P007.jpg,0.952899,26.689291,ok
EES0423521__X42__Y15__P008.jpg,0.954901,27.672409,ok
EES0423521__X42__Y1B__P009.jpg,0.963231,26.609896,ok
EES0423521__X42__Y27__P010.jpg,0.946665,26.394095,ok
EES0423521__X42__Y2D__P011.jpg,0.956727,27.069546,ok
EES0423521__X45__Y0F__P012.jpg,0.940872,24.789185,ok
EES0423521__X45__Y30__P013.jpg,0.961119,26.750259,ok
EES0423521__X48__Y15__P014.jpg,0.966332,29.754764,ok
EES0423521__X48__Y1E__P015.jpg,0.896515,24.335977,ok
EES0423521__X0F__Y30__P016.jpg,0.924878,25.830438,ok
EES0423521__X0F__Y33__P017.jpg,0.898896,24.332126,ok
EES0423521__X15__Y2D__P018.jpg,0.938816,24.060411,ok
EES0423521__X1E__Y3C__P019.jpg,0.908432,24.698321,ok
EES0423521__X24__Y0F__P020.jpg,0.941694,26.182799,ok
EES0423521__X24__Y12__P021.jpg,0.893059,25.608280,ok
EES0423521__X24__Y15__P022.jpg,0.936569,27.084375,ok
EES0423521__X24__Y18__P023.jpg,0.949768,27.785991,ok
EES0423521__X24__Y1B__P024.jpg,0.931490,25.496094,ok
EES0423521__X24__Y2A__P025.jpg,0.906414,23.869872,ok
EES0423522__X24__Y2D__P001.jpg,0.926696,27.000234,ok
EES0423522__X24__Y30__P002.jpg,0.917434,24.721430,ok
EES0423522__X24__Y36__P003.jpg,0.918606,25.567786,ok
EES0423522__X24__Y39__P004.jpg,0.914532,26.833490,ok
EES0423522__X24__Y3C__P005.jpg,0.896960,24.715443,ok
EES0423522__X27__Y12__P006.jpg,0.944831,24.740527,ok
EES0423522__X2A__Y21__P007.jpg,0.922287,25.805213,ok
EES0423522__X2A__Y24__P008.jpg,0.889751,24.025645,ok
EES0423522__X2D__Y0C__P009.jpg,0.959181,28.458659,ok
EES0423522__X2D__Y0F__P010.jpg,0.947410,26.245621,ok
EES0423522__X2D__Y12__P011.jpg,0.930254,25.673038,ok
EES0423522__X2D__Y1E__P012.jpg,0.879912,24.473321,ok
EES0423522__X30__Y0C__P013.jpg,0.929322,26.160275,ok
EES0423522__X30__Y0F__P014.jpg,0.886026,24.677514,ok
EES0423522__X30__Y12__P015.jpg,0.956142,29.232458,ok
EES0423522__X30__Y1E__P016.jpg,0.890981,23.544002,ok
EES0423522__X33__Y1E__P017.jpg,0.911306,24.096033,ok
EES0423522__X36__Y0F__P018.jpg,0.926561,26.632251,ok
EES0423522__X36__Y12__P019.jpg,0.923024,26.301643,ok
EES0423522__X36__Y21__P020.jpg,0.928105,27.798120,ok
EES0423522__X36__Y2A__P021.jpg,0.918751,25.283483,ok
EES0423522__X36__Y33__P022.jpg,0.927784,26.375374,ok
EES0423522__X36__Y36__P023.jpg,0.946192,28.317151,ok
EES0423522__X36__Y3C__P024.jpg,0.933938,25.359786,ok
EES0423522__X39__Y2D__P025.jpg,0.903494,24.171587,ok
EES0423523__X3C__Y12__P001.jpg,0.894343,24.109841,ok
EES0423523__X3F__Y1B__P002.jpg,0.908253,25.361339,ok
EES0423523__X3F__Y2A__P003.jpg,0.832617,23.228388,ok
EES0423523__X45__Y1E__P004.jpg,0.943807,27.352572,ok
EES0423523__X0C__Y1B__P005.jpg,0.931342,27.513460,ok
EES0423523__X0C__Y1E__P006.jpg,0.935310,29.466462,ok
EES0423523__X0C__Y21__P007.jpg,0.910194,25.487670,ok
EES0423523__X0C__Y24__P008.jpg,0.943506,29.556244,ok
EES0423523__X0C__Y27__P009.jpg,0.956051,30.191475,ok
EES0423523__X0C__Y2A__P010.jpg,0.938267,26.981644,ok
EES0423523__X0C__Y2D__P011.jpg,0.968362,27.950872,ok
EES0423523__X0F__Y18__P012.jpg,0.884905,24.625937,ok
EES0423523__X0F__Y1E__P013.jpg,0.940013,26.591450,ok
EES0423523__X0F__Y24__P014.jpg,0.922416,23.896717,ok
EES0423523__X0F__Y27__P015.jpg,0.907084,25.407646,ok
EES0423523__X0F__Y2A__P016.jpg,0.942498,26.717929,ok
EES0423523__X0F__Y2D__P017.jpg,0.942763,28.847971,ok
EES0423523__X0F__Y30__P018.jpg,0.920521,25.555052,ok
EES0423523__X12__Y0C__P019.jpg,0.922090,26.203266,ok
EES0423523__X12__Y15__P020.jpg,0.843410,23.121953,ok
EES0423523__X12__Y18__P021.jpg,0.913278,24.952803,ok
EES0423523__X12__Y2D__P022.jpg,0.888196,24.091329,ok
EES0423523__X15__Y2D__P023.jpg,0.880088,24.263383,ok
EES0423523__X1B__Y33__P024.jpg,0.902506,24.550890,ok
EES0423523__X1B__Y36__P025.jpg,0.909532,25.372291,ok
EES0423524__X1B__Y39__P001.jpg,0.940171,26.010268,ok
EES0423524__X1E__Y33__P002.jpg,0.832710,23.053454,ok
EES0423524__X1E__Y3C__P003.jpg,0.904655,26.162426,ok
EES0423524__X21__Y36__P004.jpg,0.880643,23.710723,ok
EES0423524__X24__Y03__P005.jpg,0.899369,24.979728,ok
EES0423524__X24__Y33__P006.jpg,0.885150,24.412390,ok
EES0423524__X24__Y39__P007.jpg,0.861539,23.643981,ok
EES0423524__X24__Y3C__P008.jpg,0.836286,23.302806,ok
EES0423524__X27__Y03__P009.jpg,0.964973,28.759395,ok
EES0423524__X27__Y3C__P010.jpg,0.826167,23.834810,ok
EES0423524__X27__Y3F__P011.jpg,0.951327,29.331273,ok
EES0423524__X30__Y3C__P012.jpg,0.863360,24.793844,ok
EES0423524__X30__Y3F__P013.jpg,0.938056,27.856725,ok
EES0423524__X33__Y3C__P014.jpg,0.868430,24.483464,ok
EES0423524__X36__Y03__P015.jpg,0.942056,27.032882,ok
EES0423524__X48__Y1B__P016.jpg,0.967187,30.029975,ok
EES0423524__X48__Y1E__P017.jpg,0.964182,27.720654,ok
EES0423524__X48__Y24__P018.jpg,0.943991,27.047466,ok
EES0423524__X48__Y27__P019.jpg,0.930639,26.407923,ok
EES0423524__X09__Y18__P020.jpg,0.957597,27.146961,ok
EES0423524__X09__Y1E__P021.jpg,0.900641,27.158569,ok
EES0423524__X09__Y21__P022.jpg,0.937118,25.786688,ok
EES0423524__X09__Y24__P023.jpg,0.907505,26.071865,ok
EES0423524__X09__Y27__P024.jpg,0.889566,24.501312,ok
EES0423524__X09__Y2A__P025.jpg,0.909715,24.057086,ok
EES0423525__X09__Y30__P001.jpg,0.972760,29.752088,ok
EES0423525__X0C__Y15__P002.jpg,0.935654,26.221248,ok
EES0423525__X0C__Y18__P003.jpg,0.919944,25.327445,ok
EES0423525__X0C__Y21__P004.jpg,0.909878,24.024533,ok
EES0423525__X0C__Y2D__P005.jpg,0.899885,24.434640,ok
EES0423525__X0C__Y36__P006.jpg,0.915256,24.219607,ok
EES0423525__X0F__Y12__P007.jpg,0.947913,25.737065,ok
EES0423525__X0F__Y15__P008.jpg,0.885294,23.646531,ok
EES0423525__X12__Y0F__P009.jpg,0.907056,24.990386,ok
EES0423525__X15__Y0F__P010.jpg,0.935091,25.979384,ok
EES0423525__X15__Y12__P011.jpg,0.895901,23.837847,ok
EES0423525__X15__Y3F__P012.jpg,0.907257,25.910160,ok
EES0423525__X18__Y0C__P013.jpg,0.901547,23.950336,ok
EES0423525__X18__Y0F__P014.jpg,0.884453,24.792211,ok
EES0423525__X1B__Y09__P015.jpg,0.937223,26.168998,ok
EES0423525__X1B__Y42__P016.jpg,0.950484,24.862846,ok
EES0423525__X1E__Y0C__P017.jpg,0.877674,23.982392,ok
EES0423525__X1E__Y42__P018.jpg,0.856096,25.655879,ok
EES0423525__X21__Y42__P019.jpg,0.822081,23.467170,ok
EES0423525__X24__Y06__P020.jpg,0.904732,26.105707,ok
EES0423525__X2A__Y06__P021.jpg,0.922708,24.032362,ok
EES0423525__X2D__Y09__P022.jpg,0.870475,24.270402,ok
EES0423525__X30__Y06__P023.jpg,0.922270,26.309892,ok
EES0423525__X33__Y09__P024.jpg,0.872169,24.072184,ok
EES0423525__X33__Y42__P025.jpg,0.975354,30.935991,ok
EES0423526__X3C__Y3C__P001.jpg,0.956850,25.984071,ok
EES0423526__X45__Y18__P002.jpg,0.974640,28.538452,ok
EES0423526__X45__Y30__P003.jpg,0.961421,26.665676,ok
EES0423526__X15__Y06__P004.jpg,0.909999,25.018425,ok
EES0423526__X18__Y3C__P005.jpg,0.875965,25.459246,ok
EES0423526__X1E__Y3F__P006.jpg,0.879240,25.152905,ok
EES0423526__X21__Y03__P007.jpg,0.910925,24.313370,ok
EES0423526__X21__Y3F__P008.jpg,0.862606,24.254499,ok
EES0423526__X24__Y03__P009.jpg,0.868399,23.917605,ok
EES0423526__X27__Y03__P010.jpg,0.840046,23.519420,ok
EES0423526__X33__Y03__P011.jpg,0.909393,24.816106,ok
EES0423526__X36__Y3F__P012.jpg,0.894423,23.982397,ok
EES0423526__X3F__Y39__P013.jpg,0.920083,29.892924,ok
EES0423526__X42__Y36__P014.jpg,0.913575,29.475989,ok
EES0423526__X45__Y0F__P015.jpg,0.981416,29.069637,ok
EES0423526__X48__Y15__P016.jpg,0.932703,25.032100,ok
EES0423526__X48__Y18__P017.jpg,0.880834,24.979110,ok
EES0423526__X48__Y2D__P018.jpg,0.971019,35.987164,ok
EES0423526__X0F__Y24__P019.jpg,0.898037,24.729842,ok
EES0423526__X12__Y27__P020.jpg,0.939705,25.853395,ok
EES0423526__X12__Y2A__P021.jpg,0.896870,26.327747,ok
EES0423526__X15__Y09__P022.jpg,0.892123,25.407152,ok
EES0423526__X15__Y33__P023.jpg,0.899608,25.801728,ok
EES0423526__X18__Y0F__P024.jpg,0.884774,24.656296,ok
EES0423526__X18__Y12__P025.jpg,0.921232,25.144041,ok
EES0423527__X18__Y2D__P001.jpg,0.891632,24.713933,ok
EES0423527__X1E__Y06__P002.jpg,0.930006,26.329734,ok
EES0423527__X1E__Y0C__P003.jpg,0.913495,25.357038,ok
EES0423527__X21__Y0C__P004.jpg,0.892770,25.079615,ok
EES0423527__X21__Y24__P005.jpg,0.922579,24.742119,ok
EES0423527__X24__Y12__P006.jpg,0.901732,25.766885,ok
EES0423527__X24__Y2A__P007.jpg,0.906093,26.176656,ok
EES0423527__X24__Y36__P008.jpg,0.917926,24.999101,ok
EES0423527__X2A__Y18__P009.jpg,0.916169,25.643991,ok
EES0423527__X2A__Y1E__P010.jpg,0.917491,25.776958,ok
EES0423527__X2A__Y21__P011.jpg,0.916199,26.772672,ok
EES0423527__X2A__Y2A__P012.jpg,0.902176,24.139343,ok
EES0423527__X2A__Y30__P013.jpg,0.920521,27.761050,ok
EES0423527__X2A__Y3C__P014.jpg,0.906580,25.618318,ok
EES0423527__X2D__Y12__P015.jpg,0.906628,23.666353,ok
EES0423527__X2D__Y2A__P016.jpg,0.899360,24.124031,ok
EES0423527__X30__Y0F__P017.jpg,0.903179,24.962723,ok
EES0423527__X30__Y15__P018.jpg,0.879368,23.889884,ok
EES0423527__X30__Y1E__P019.jpg,0.907206,25.049743,ok
EES0423527__X30__Y21__P020.jpg,0.952325,25.942344,ok
EES0423527__X30__Y33__P021.jpg,0.925441,26.971419,ok
EES0423527__X30__Y39__P022.jpg,0.921093,24.598573,ok
EES0423527__X30__Y3C__P023.jpg,0.908008,26.182674,ok
EES0423527__X30__Y3F__P024.jpg,0.934153,28.561055,ok
EES0423527__X33__Y09__P025.jpg,0.885595,26.674758,ok
EES0423528__X33__Y0C__P001.jpg,0.944250,26.656189,ok
EES0423528__X33__Y18__P002.jpg,0.934381,27.700363,ok
EES0423528__X33__Y1E__P003.jpg,0.933586,27.063679,ok
EES0423528__X33__Y21__P004.jpg,0.889278,24.270066,ok
EES0423528__X33__Y2A__P005.jpg,0.891049,25.419372,ok
EES0423528__X33__Y33__P006.jpg,0.875071,24.243306,ok
EES0423528__X33__Y36__P007.jpg,0.906147,24.129130,ok
EES0423528__X36__Y18__P008.jpg,0.925694,26.936109,ok
EES0423528__X36__Y1B__P009.jpg,0.960000,31.111379,ok
EES0423528__X36__Y1E__P010.jpg,0.910619,26.911068,ok
EES0423528__X36__Y21__P011.jpg,0.895384,25.870162,ok
EES0423528__X36__Y24__P012.jpg,0.923564,27.144632,ok
EES0423528__X36__Y27__P013.jpg,0.889844,25.380615,ok
EES0423528__X36__Y2A__P014.jpg,0.828743,23.657944,ok
EES0423528__X39__Y09__P015.jpg,0.914122,25.750167,ok
EES0423528__X39__Y0F__P016.jpg,0.901541,24.993928,ok
EES0423528__X39__Y18__P017.jpg,0.948220,27.490468,ok
EES0423528__X39__Y1B__P018.jpg,0.924498,26.875516,ok
EES0423528__X39__Y1E__P019.jpg,0.942576,26.804756,ok
EES0423528__X39__Y2A__P020.jpg,0.852495,23.338154,ok
EES0423528__X3C__Y12__P021.jpg,0.874178,24.569393,ok
EES0423528__X3C__Y15__P022.jpg,0.917380,25.229078,ok
EES0423528__X3C__Y18__P023.jpg,0.897160,24.157046,ok
EES0423528__X3C__Y1B__P024.jpg,0.955829,28.080748,ok
EES0423528__X3C__Y1E__P025.jpg,0.937595,25.346522,ok
EES0423529__X3C__Y21__P001.jpg,0.926808,26.985322,ok
EES0423529__X3C__Y27__P002.jpg,0.864723,23.532264,ok
EES0423529__X3F__Y18__P003.jpg,0.930505,24.206913,ok
EES0423529__X3F__Y1B__P004.jpg,0.965764,29.749663,ok
EES0423529__X3F__Y1E__P005.jpg,0.893613,25.591253,ok
EES0423529__X42__Y1B__P006.jpg,0.924557,28.103958,ok
EES0423529__X42__Y1E__P007.jpg,0.927433,25.757226,ok
EES0423529__X0C__Y24__P008.jpg,0.929068,31.521545,ok
EES0423529__X0F__Y24__P009.jpg,0.933805,30.799268,ok
EES0423529__X12__Y21__P010.jpg,0.876722,24.143603,ok
EES0423529__X15__Y24__P011.jpg,0.889428,25.465992,ok
EES0423529__X18__Y24__P012.jpg,0.886037,25.718850,ok
EES0423529__X18__Y30__P013.jpg,0.886180,24.528569,ok
EES0423529__X1B__Y0F__P014.jpg,0.897333,23.994099,ok
EES0423529__X1B__Y12__P015.jpg,0.905726,27.549158,ok
EES0423529__X1B__Y24__P016.jpg,0.866063,25.826734,ok
EES0423529__X1E__Y12__P017.jpg,0.918624,26.134499,ok
EES0423529__X21__Y09__P018.jpg,0.903985,26.732182,ok
EES0423529__X21__Y21__P019.jpg,0.836901,25.100281,ok
EES0423529__X21__Y24__P020.jpg,0.940727,27.765184,ok
EES0423529__X21__Y33__P021.jpg,0.901579,26.495255,ok
EES0423529__X21__Y36__P022.jpg,0.905995,26.048586,ok
EES0423529__X24__Y0F__P023.jpg,0.908095,29.037339,ok
EES0423529__X24__Y18__P024.jpg,0.848497,24.752388,ok
EES0423529__X24__Y1E__P025.jpg,0.880485,24.531970,ok
EES0423530__X1B__Y3C__P001.jpg,0.890366,24.956925,ok
EES0423530__X1B__Y3F__P002.jpg,0.925807,26.446200,ok
EES0423530__X1E__Y09__P003.jpg,0.918080,26.238008,ok
EES0423530__X1E__Y3C__P004.jpg,0.887067,26.239026,ok
EES0423530__X1E__Y3F__P005.jpg,0.889008,26.137493,ok
EES0423530__X21__Y09__P006.jpg,0.864840,24.307122,ok
EES0423530__X24__Y33__P007.jpg,0.837322,23.130908,ok
EES0423530__X24__Y3F__P008.jpg,0.893948,24.264685,ok
EES0423530__X2A__Y09__P009.jpg,0.847725,23.662248,ok
EES0423530__X2A__Y3F__P010.jpg,0.854311,23.631325,ok
EES0423530__X2A__Y42__P011.jpg,0.899169,26.402959,ok
EES0423530__X2D__Y3F__P012.jpg,0.839599,24.167138,ok
EES0423530__X30__Y09__P013.jpg,0.951118,33.426622,ok
EES0423530__X30__Y42__P014.jpg,0.888349,26.041841,ok
EES0423530__X33__Y06__P015.jpg,0.954082,26.817336,ok
EES0423530__X36__Y3F__P016.jpg,0.917623,26.571216,ok
EES0423530__X3F__Y18__P017.jpg,0.807405,23.823604,ok
EES0423530__X42__Y15__P018.jpg,0.936558,26.381524,ok
EES0423530__X42__Y18__P019.jpg,0.842520,23.903907,ok
EES0423530__X45__Y1B__P020.jpg,0.876176,23.474789,ok
EES0423530__X48__Y27__P021.jpg,0.959886,29.007284,ok
EES0423530__X0C__Y18__P022.jpg,0.934943,29.536900,ok
EES0423530__X0C__Y1B__P023.jpg,0.972000,35.205658,ok
EES0423530__X0C__Y1E__P024.jpg,0.917680,30.297691,ok
EES0423530__X0C__Y21__P025.jpg,0.855361,24.257857,ok
