filename,ssim,psnr,status
EES0423531__X42__Y15__P001.jpg,0.694543,23.701487,ok
EES0423531__X42__Y39__P002.jpg,0.720064,23.411751,ok
EES0423531__X42__Y3C__P003.jpg,0.858075,26.007037,ok
EES0423531__X45__Y12__P004.jpg,0.880968,30.218954,ok
EES0423531__X45__Y15__P005.jpg,0.699545,23.857749,ok
EES0423531__X45__Y36__P006.jpg,0.817110,23.727826,ok
EES0423531__X45__Y39__P007.jpg,0.852516,30.388947,ok
EES0423531__X48__Y12__P008.jpg,0.891896,30.081714,ok
EES0423531__X48__Y15__P009.jpg,0.852701,26.312609,ok
EES0423531__X48__Y36__P010.jpg,0.918115,33.127789,ok
EES0423531__X0F__Y1E__P011.jpg,0.913937,26.635019,ok
EES0423531__X0F__Y21__P012.jpg,0.914961,26.329062,ok
EES0423531__X0F__Y24__P013.jpg,0.914859,25.335723,ok
EES0423531__X12__Y1B__P014.jpg,0.933158,25.817777,ok
EES0423531__X12__Y1E__P015.jpg,0.850796,24.420601,ok
EES0423531__X12__Y21__P016.jpg,0.893304,24.998070,ok
EES0423531__X12__Y24__P017.jpg,0.850060,24.006416,ok
EES0423531__X12__Y27__P018.jpg,0.864681,24.423145,ok
EES0423531__X12__Y2A__P019.jpg,0.882547,23.860031,ok
EES0423531__X15__Y12__P020.jpg,0.862314,24.123371,ok
EES0423531__X15__Y15__P021.jpg,0.861906,24.333921,ok
EES0423531__X15__Y18__P022.jpg,0.786432,22.424227,ok
EES0423531__X15__Y1E__P023.jpg,0.856729,23.436720,ok
EES0423531__X18__Y0F__P024.jpg,0.854530,23.057287,ok
EES0423531__X18__Y1B__P025.jpg,0.833633,23.136692,ok
EES0423532__X42__Y1B__P001.jpg,0.797737,22.465987,ok
EES0423532__X42__Y33__P002.jpg,0.790755,22.779242,ok
EES0423532__X45__Y15__P003.jpg,0.903714,23.504874,ok
EES0423532__X45__Y2D__P004.jpg,0.813031,22.616445,ok
EES0423532__X45__Y30__P005.jpg,0.888872,24.714890,ok
EES0423532__X48__Y1B__P006.jpg,0.951251,26.646067,ok
EES0423532__X48__Y1E__P007.jpg,0.914178,24.530936,ok
EES0423532__X48__Y21__P008.jpg,0.914611,24.879980,ok
EES0423532__X48__Y24__P009.jpg,0.875948,24.528144,ok
EES0423532__X48__Y27__P010.jpg,0.910179,25.455621,ok
EES0423532__X48__Y2A__P011.jpg,0.884815,24.260906,ok
EES0423532__X09__Y1E__P012.jpg,0.878583,27.361986,ok
EES0423532__X09__Y21__P013.jpg,0.874274,23.149288,ok
EES0423532__X09__Y24__P014.jpg,0.849433,24.500431,ok
EES0423532__X0C__Y30__P015.jpg,0.853786,27.628941,ok
EES0423532__X1E__Y06__P016.jpg,0.897413,28.834531,ok
EES0423532__X2D__Y3F__P017.jpg,0.876620,26.896411,ok
EES0423532__X30__Y06__P018.jpg,0.864254,25.051360,ok
EES0423532__X36__Y2D__P019.jpg,0.838263,22.995853,ok
EES0423532__X36__Y39__P020.jpg,0.839187,24.025615,ok
EES0423532__X39__Y21__P021.jpg,0.782706,22.443698,ok
EES0423532__X39__Y30__P022.jpg,0.834325,24.402592,ok
EES0423532__X39__Y39__P023.jpg,0.851628,24.451920,ok
EES0423532__X3C__Y1E__P024.jpg,0.803375,23.269889,ok
EES0423532__X3C__Y21__P025.jpg,0.819103,23.536394,ok
EES0423533__X33__Y30__P001.jpg,0.863111,24.629489,ok
EES0423533__X36__Y24__P002.jpg,0.893804,24.128851,ok
EES0423533__X36__Y27__P003.jpg,0.840254,22.985722,ok
EES0423533__X36__Y2A__P004.jpg,0.886800,23.970144,ok
EES0423533__X39__Y27__P005.jpg,0.892807,24.261501,ok
EES0423533__X06__Y18__P006.jpg,0.914270,24.301664,ok
EES0423533__X06__Y1B__P007.jpg,0.825779,23.331956,ok
EES0423533__X21__Y45__P008.jpg,0.875673,23.298096,ok
EES0423533__X2A__Y0C__P009.jpg,0.922564,24.337451,ok
EES0423533__X30__Y0F__P010.jpg,0.810111,22.703886,ok
EES0423533__X3C__Y1B__P011.jpg,0.822262,23.240367,ok
EES0423533__X3F__Y1B__P012.jpg,0.872065,23.660109,ok
EES0423533__X06__Y2D__P013.jpg,0.950139,24.490565,ok
EES0423533__X09__Y18__P014.jpg,0.945195,25.710190,ok
EES0423533__X0C__Y12__P015.jpg,0.929198,24.248182,ok
EES0423533__X0C__Y15__P016.jpg,0.858884,24.626662,ok
EES0423533__X0C__Y18__P017.jpg,0.832632,23.524625,ok
EES0423533__X15__Y42__P018.jpg,0.912491,23.501780,ok
EES0423533__X18__Y42__P019.jpg,0.952710,26.108257,ok
EES0423533__X1B__Y39__P020.jpg,0.799478,22.509931,ok
EES0423533__X21__Y45__P021.jpg,0.911103,23.804166,ok
EES0423533__X24__Y45__P022.jpg,0.940837,24.450520,ok
EES0423533__X48__Y48__P023.jpg,0.923062,23.866189,ok
EES0423533__X0F__Y1B__P024.jpg,0.865834,23.741234,ok
EES0423533__X15__Y1B__P025.jpg,0.775920,23.154421,ok
EES0423534__X15__Y1E__P001.jpg,0.900266,23.819028,ok
EES0423534__X18__Y0C__P002.jpg,0.837835,22.986368,ok
EES0423534__X18__Y0F__P003.jpg,0.885232,25.785807,ok
EES0423534__X18__Y1B__P004.jpg,0.844168,25.120883,ok
EES0423534__X18__Y21__P005.jpg,0.901121,24.928441,ok
EES0423534__X18__Y24__P006.jpg,0.814800,22.826040,ok
EES0423534__X18__Y36__P007.jpg,0.794072,23.486541,ok
EES0423534__X1B__Y0F__P008.jpg,0.799111,23.698973,ok
EES0423534__X1B__Y1E__P009.jpg,0.918528,25.552972,ok
EES0423534__X1B__Y27__P010.jpg,0.856694,24.244260,ok
EES0423534__X1E__Y0F__P011.jpg,0.868479,25.561595,ok
EES0423534__X1E__Y12__P012.jpg,0.878041,23.236024,ok
EES0423534__X1E__Y24__P013.jpg,0.909594,23.666787,ok
EES0423534__X21__Y0C__P014.jpg,0.787010,22.771647,ok
EES0423534__X21__Y0F__P015.jpg,0.802837,23.255312,ok
EES0423534__X24__Y09__P016.jpg,0.792351,23.872932,ok
EES0423534__X2A__Y09__P017.jpg,0.820862,23.667812,ok
EES0423534__X2D__Y21__P018.jpg,0.856355,23.464924,ok
EES0423534__X06__Y2A__P019.jpg,0.948216,24.171709,ok
EES0423534__X09__Y33__P020.jpg,0.936340,23.952570,ok
EES0423534__X06__Y15__P021.jpg,0.940571,24.032765,ok
EES0423534__X06__Y1B__P022.jpg,0.937805,24.158852,ok
EES0423534__X06__Y2A__P023.jpg,0.890223,23.352060,ok
EES0423534__X15__Y06__P024.jpg,0.951766,23.834423,ok
EES0423534__X15__Y09__P025.jpg,0.871265,23.157675,ok
EES0423535__X0F__Y12__P001.jpg,0.786162,23.708152,ok
EES0423535__X12__Y0F__P002.jpg,0.814110,23.040048,ok
EES0423535__X12__Y12__P003.jpg,0.816677,23.027451,ok
EES0423535__X15__Y12__P004.jpg,0.896537,23.346397,ok
EES0423535__X15__Y15__P005.jpg,0.884954,23.228673,ok
EES0423535__X15__Y18__P006.jpg,0.865821,23.699317,ok
EES0423535__X15__Y1B__P007.jpg,0.881195,23.577915,ok
EES0423535__X18__Y18__P008.jpg,0.866740,23.527722,ok
EES0423535__X18__Y1B__P009.jpg,0.866283,24.388248,ok
EES0423535__X1E__Y3F__P010.jpg,0.937820,24.611842,ok
EES0423535__X30__Y42__P011.jpg,0.917143,23.709928,ok
EES0423535__X03__Y30__P012.jpg,0.802142,23.154477,ok
EES0423535__X03__Y33__P013.jpg,0.863338,24.681463,ok
EES0423535__X03__Y36__P014.jpg,0.825466,23.060670,ok
EES0423535__X06__Y2A__P015.jpg,0.879265,23.549407,ok
EES0423535__X06__Y30__P016.jpg,0.882360,25.113165,ok
EES0423535__X15__Y09__P017.jpg,0.941438,25.075500,ok
EES0423535__X15__Y0C__P018.jpg,0.787194,23.472238,ok
EES0423535__X18__Y09__P019.jpg,0.948801,26.231407,ok
EES0423535__X18__Y0C__P020.jpg,0.749735,22.776504,ok
EES0423535__X27__Y09__P021.jpg,0.928135,25.761022,ok
EES0423535__X2A__Y09__P022.jpg,0.916825,25.119865,ok
EES0423535__X2A__Y0C__P023.jpg,0.933100,24.800662,ok
EES0423535__X2D__Y1B__P024.jpg,0.843036,23.516420,ok
EES0423535__X2D__Y1E__P025.jpg,0.761042,22.401640,ok
EES0423536__X33__Y0F__P001.jpg,0.891592,23.317074,ok
EES0423536__X33__Y12__P002.jpg,0.726273,21.852215,ok
EES0423536__X33__Y15__P003.jpg,0.814050,24.586575,ok
EES0423536__X03__Y45__P004.jpg,0.948451,26.513769,ok
EES0423536__X06__Y30__P005.jpg,0.920658,24.586827,ok
EES0423536__X21__Y42__P006.jpg,0.866994,23.385667,ok
EES0423536__X24__Y06__P007.jpg,0.936481,23.834054,ok
EES0423536__X27__Y42__P008.jpg,0.916497,24.442678,ok
EES0423536__X2D__Y3F__P009.jpg,0.866157,23.912700,ok
EES0423536__X2D__Y42__P010.jpg,0.914999,24.015711,ok
EES0423536__X30__Y09__P011.jpg,0.942002,25.558325,ok
EES0423536__X36__Y0C__P012.jpg,0.929434,23.885060,ok
EES0423536__X3C__Y33__P013.jpg,0.846121,23.642949,ok
EES0423536__X3F__Y1B__P014.jpg,0.883639,23.894070,ok
EES0423536__X3F__Y1E__P015.jpg,0.881315,23.210562,ok
EES0423536__X3F__Y33__P016.jpg,0.929788,23.934171,ok
EES0423536__X24__Y3C__P017.jpg,0.842307,22.911798,ok
EES0423536__X06__Y21__P018.jpg,0.924682,24.518747,ok
EES0423536__X06__Y24__P019.jpg,0.928750,27.111451,ok
EES0423536__X06__Y27__P020.jpg,0.924389,26.867267,ok
EES0423536__X06__Y2A__P021.jpg,0.895096,26.220858,ok
EES0423536__X06__Y2D__P022.jpg,0.939614,24.932184,ok
EES0423536__X09__Y1B__P023.jpg,0.909993,24.136567,ok
EES0423536__X09__Y1E__P024.jpg,0.896483,24.711080,ok
EES0423536__X09__Y21__P025.jpg,0.864112,23.880377,ok
EES0423537__X09__Y2A__P001.jpg,0.887287,23.319370,ok
EES0423537__X0C__Y1B__P002.jpg,0.860113,24.392163,ok
EES0423537__X0F__Y15__P003.jpg,0.789085,22.453035,ok
EES0423537__X12__Y12__P004.jpg,0.810696,23.138235,ok
EES0423537__X1B__Y0C__P005.jpg,0.915519,23.961627,ok
EES0423537__X21__Y09__P006.jpg,0.789283,24.000705,ok
EES0423537__X24__Y09__P007.jpg,0.874518,24.004767,ok
EES0423537__X24__Y45__P008.jpg,0.897825,23.461766,ok
EES0423537__X27__Y09__P009.jpg,0.817324,23.323594,ok
EES0423537__X2A__Y45__P010.jpg,0.879265,24.533763,ok
EES0423537__X2D__Y45__P011.jpg,0.943375,24.738000,ok
EES0423537__X33__Y0C__P012.jpg,0.952277,24.449180,ok
EES0423537__X33__Y42__P013.jpg,0.947655,24.111689,ok
EES0423537__X3F__Y33__P014.jpg,0.830956,22.812570,ok
EES0423537__X42__Y21__P015.jpg,0.944210,26.395547,ok
EES0423537__X42__Y24__P016.jpg,0.940679,27.227521,ok
EES0423537__X42__Y27__P017.jpg,0.904413,26.588612,ok
EES0423537__X42__Y2A__P018.jpg,0.923419,24.318287,ok
EES0423537__X42__Y33__P019.jpg,0.927818,25.352138,ok
EES0423537__X2A__Y48__P020.jpg,0.947650,24.609434,ok
EES0423537__X33__Y30__P021.jpg,0.818380,23.188974,ok
EES0423537__X39__Y39__P022.jpg,0.860843,23.135201,ok
EES0423537__X48__Y09__P023.jpg,0.956042,26.547945,ok
EES0423537__X48__Y0C__P024.jpg,0.957213,26.682330,ok
EES0423537__X48__Y0F__P025.jpg,0.955365,24.985886,ok
EES0423538__X48__Y24__P001.jpg,0.956609,26.757964,ok
EES0423538__X48__Y27__P002.jpg,0.948190,24.002822,ok
EES0423538__X21__Y45__P003.jpg,0.885266,23.784287,ok
EES0423538__X24__Y09__P004.jpg,0.871068,23.211812,ok
EES0423538__X2D__Y0F__P005.jpg,0.912524,23.801307,ok
EES0423538__X2D__Y15__P006.jpg,0.835765,23.927705,ok
EES0423538__X2D__Y18__P007.jpg,0.881186,24.070357,ok
EES0423538__X30__Y12__P008.jpg,0.803704,22.659073,ok
EES0423538__X30__Y15__P009.jpg,0.898885,25.916659,ok
EES0423538__X30__Y18__P010.jpg,0.913474,24.462601,ok
EES0423538__X33__Y12__P011.jpg,0.839202,23.811591,ok
EES0423538__X33__Y15__P012.jpg,0.846199,26.171912,ok
EES0423538__X33__Y18__P013.jpg,0.829883,23.794163,ok
EES0423538__X36__Y12__P014.jpg,0.856190,24.459945,ok
EES0423538__X36__Y15__P015.jpg,0.906682,26.783039,ok
EES0423538__X36__Y18__P016.jpg,0.824605,23.615322,ok
EES0423538__X36__Y1E__P017.jpg,0.828065,23.339052,ok
EES0423538__X36__Y21__P018.jpg,0.822909,23.835102,ok
EES0423538__X39__Y15__P019.jpg,0.823380,23.183175,ok
EES0423538__X39__Y1E__P020.jpg,0.858605,23.052908,ok
EES0423538__X39__Y21__P021.jpg,0.752808,22.734859,ok
EES0423538__X3C__Y30__P022.jpg,0.863158,23.537438,ok
EES0423538__X3F__Y06__P023.jpg,0.939586,23.854247,ok
EES0423538__X3F__Y30__P024.jpg,0.880575,23.191586,ok
EES0423538__X45__Y0F__P025.jpg,0.910411,23.885025,ok
EES0423539__X24__Y21__P001.jpg,0.906837,24.782296,ok
EES0423539__X24__Y27__P002.jpg,0.889873,23.937549,ok
EES0423539__X27__Y21__P003.jpg,0.897281,23.388378,ok
EES0423539__X27__Y39__P004.jpg,0.926874,25.092714,ok
EES0423539__X27__Y3C__P005.jpg,0.824942,23.230582,ok
EES0423539__X2A__Y1E__P006.jpg,0.880194,23.407360,ok
EES0423539__X2A__Y21__P007.jpg,0.873053,23.805744,ok
EES0423539__X2A__Y39__P008.jpg,0.894157,23.465996,ok
EES0423539__X33__Y36__P009.jpg,0.901087,24.913610,ok
EES0423539__X36__Y1E__P010.jpg,0.900212,23.853427,ok
EES0423539__X39__Y1E__P011.jpg,0.926715,24.329757,ok
EES0423539__X09__Y21__P012.jpg,0.887641,24.128908,ok
EES0423539__X09__Y27__P013.jpg,0.841706,24.022255,ok
EES0423539__X0C__Y18__P014.jpg,0.910816,23.930541,ok
EES0423539__X0C__Y1E__P015.jpg,0.900853,24.168683,ok
EES0423539__X0C__Y21__P016.jpg,0.859963,23.406506,ok
EES0423539__X0C__Y2A__P017.jpg,0.905807,24.898556,ok
EES0423539__X0C__Y33__P018.jpg,0.916027,24.450644,ok
EES0423539__X0F__Y1B__P019.jpg,0.929066,24.770095,ok
EES0423539__X0F__Y1E__P020.jpg,0.836219,24.089346,ok
EES0423539__X0F__Y21__P021.jpg,0.914266,26.273477,ok
EES0423539__X0F__Y24__P022.jpg,0.867411,26.154689,ok
EES0423539__X0F__Y27__P023.jpg,0.822862,23.740444,ok
EES0423539__X0F__Y2A__P024.jpg,0.843470,25.441461,ok
EES0423539__X0F__Y33__P025.jpg,0.838097,22.845400,ok
EES0423540__X15__Y27__P001.jpg,0.854052,23.590117,ok
EES0423540__X1B__Y12__P002.jpg,0.904419,24.502446,ok
EES0423540__X21__Y0F__P003.jpg,0.882429,24.880699,ok
EES0423540__X21__Y12__P004.jpg,0.832633,23.011084,ok
EES0423540__X24__Y0F__P005.jpg,0.754159,22.373783,ok
EES0423540__X24__Y2D__P006.jpg,0.816256,23.246223,ok
EES0423540__X2D__Y24__P007.jpg,0.800427,23.294328,ok
EES0423540__X30__Y27__P008.jpg,0.826213,23.005939,ok
EES0423540__X48__Y2D__P009.jpg,0.953621,24.449975,ok
EES0423540__X48__Y30__P010.jpg,0.956720,26.554816,ok
EES0423540__X48__Y33__P011.jpg,0.961282,26.911086,ok
EES0423540__X48__Y36__P012.jpg,0.955734,25.253447,ok
EES0423540__X48__Y45__P013.jpg,0.959792,24.259468,ok
EES0423540__X0F__Y36__P014.jpg,0.858262,24.998659,ok
EES0423540__X12__Y36__P015.jpg,0.897282,23.872326,ok
EES0423540__X15__Y36__P016.jpg,0.787825,23.018737,ok
EES0423540__X2D__Y21__P017.jpg,0.879342,24.187447,ok
EES0423540__X2D__Y33__P018.jpg,0.897613,24.914591,ok
EES0423540__X30__Y1E__P019.jpg,0.899695,24.001247,ok
EES0423540__X33__Y24__P020.jpg,0.895637,23.792381,ok
EES0423540__X39__Y21__P021.jpg,0.861632,23.874015,ok
EES0423540__X39__Y2D__P022.jpg,0.937850,24.709159,ok
EES0423540__X0C__Y21__P023.jpg,0.847765,22.999145,ok
EES0423540__X33__Y36__P024.jpg,0.866585,23.104080,ok
EES0423540__X09__Y27__P025.jpg,0.884093,23.853133,ok
EES0423541__X2D__Y33__P001.jpg,0.880183,23.415958,ok
EES0423541__X2D__Y36__P002.jpg,0.814740,22.765306,ok
EES0423541__X2D__Y39__P003.jpg,0.868360,23.760089,ok
EES0423541__X2D__Y3C__P004.jpg,0.841509,23.219246,ok
EES0423541__X30__Y27__P005.jpg,0.916165,23.506098,ok
EES0423541__X33__Y33__P006.jpg,0.930609,24.556711,ok
EES0423541__X36__Y36__P007.jpg,0.907286,23.778284,ok
EES0423541__X39__Y06__P008.jpg,0.948046,23.877086,ok
EES0423541__X48__Y45__P009.jpg,0.956320,27.119374,ok
EES0423541__X2D__Y42__P010.jpg,0.927669,23.579927,ok
EES0423541__X33__Y3F__P011.jpg,0.935913,24.256417,ok
EES0423541__X45__Y27__P012.jpg,0.936297,24.276093,ok
EES0423541__X45__Y2A__P013.jpg,0.953507,23.877513,ok
EES0423541__X03__Y24__P014.jpg,0.877083,23.909211,ok
EES0423541__X06__Y2A__P015.jpg,0.839315,22.941120,ok
EES0423541__X0C__Y3F__P016.jpg,0.955439,24.989803,ok
EES0423541__X2D__Y2A__P017.jpg,0.789329,22.467301,ok
EES0423541__X03__Y15__P018.jpg,0.881535,24.377295,ok
EES0423541__X03__Y18__P019.jpg,0.871353,26.632583,ok
EES0423541__X03__Y1B__P020.jpg,0.916729,27.081869,ok
EES0423541__X03__Y1E__P021.jpg,0.875290,24.383270,ok
EES0423541__X03__Y21__P022.jpg,0.716410,22.644633,ok
EES0423541__X03__Y24__P023.jpg,0.835297,23.639354,ok
EES0423541__X03__Y27__P024.jpg,0.810389,25.279298,ok
EES0423541__X03__Y2A__P025.jpg,0.868214,25.969449,ok
EES0423542__X03__Y2D__P001.jpg,0.759700,22.846773,ok
EES0423542__X03__Y30__P002.jpg,0.897005,27.674746,ok
EES0423542__X03__Y33__P003.jpg,0.897644,26.784558,ok
EES0423542__X06__Y0F__P004.jpg,0.941472,24.048788,ok
EES0423542__X06__Y12__P005.jpg,0.930844,24.370135,ok
EES0423542__X06__Y15__P006.jpg,0.694455,22.145905,ok
EES0423542__X06__Y18__P007.jpg,0.925544,25.604282,ok
EES0423542__X06__Y1B__P008.jpg,0.814682,23.149799,ok
EES0423542__X06__Y2D__P009.jpg,0.899014,23.835904,ok
EES0423542__X06__Y30__P010.jpg,0.765564,23.391670,ok
EES0423542__X06__Y33__P011.jpg,0.754037,23.518301,ok
EES0423542__X06__Y36__P012.jpg,0.927613,25.508125,ok
EES0423542__X06__Y39__P013.jpg,0.907232,23.540710,ok
EES0423542__X09__Y33__P014.jpg,0.921354,24.175359,ok
EES0423542__X09__Y36__P015.jpg,0.804786,24.446028,ok
EES0423542__X09__Y39__P016.jpg,0.898733,24.682145,ok
EES0423542__X0C__Y3C__P017.jpg,0.828310,23.282289,ok
EES0423542__X0F__Y09__P018.jpg,0.849315,22.972120,ok
EES0423542__X1B__Y45__P019.jpg,0.924443,25.498913,ok
EES0423542__X1E__Y45__P020.jpg,0.865104,25.073315,ok
EES0423542__X21__Y45__P021.jpg,0.840730,25.322818,ok
EES0423542__X24__Y45__P022.jpg,0.921497,23.978666,ok
EES0423542__X36__Y0C__P023.jpg,0.823689,23.037811,ok
EES0423542__X3F__Y30__P024.jpg,0.798086,22.716619,ok
EES0423542__X3F__Y33__P025.jpg,0.923014,25.815466,ok
EES0423543__X03__Y2A__P001.jpg,0.950415,25.323325,ok
EES0423543__X03__Y2D__P002.jpg,0.915431,26.406374,ok
EES0423543__X03__Y30__P003.jpg,0.936354,23.904234,ok
EES0423543__X06__Y2A__P004.jpg,0.866362,23.626957,ok
EES0423543__X09__Y1E__P005.jpg,0.921836,24.107536,ok
EES0423543__X09__Y21__P006.jpg,0.918902,23.814812,ok
EES0423543__X09__Y24__P007.jpg,0.825971,22.779661,ok
EES0423543__X0C__Y1E__P008.jpg,0.849433,25.383448,ok
EES0423543__X0C__Y21__P009.jpg,0.826368,24.778480,ok
EES0423543__X0F__Y1E__P010.jpg,0.821582,23.609965,ok
EES0423543__X0F__Y45__P011.jpg,0.930362,24.776286,ok
EES0423543__X12__Y15__P012.jpg,0.911663,25.433289,ok
EES0423543__X12__Y18__P013.jpg,0.890910,25.433681,ok
EES0423543__X12__Y1B__P014.jpg,0.816841,23.487236,ok
EES0423543__X15__Y15__P015.jpg,0.907927,26.906985,ok
EES0423543__X18__Y12__P016.jpg,0.884944,25.402919,ok
EES0423543__X18__Y15__P017.jpg,0.845693,25.976145,ok
EES0423543__X18__Y18__P018.jpg,0.845067,25.566865,ok
EES0423543__X1B__Y0F__P019.jpg,0.917319,25.034521,ok
EES0423543__X1B__Y12__P020.jpg,0.903805,26.494982,ok
EES0423543__X1B__Y15__P021.jpg,0.902278,24.197576,ok
EES0423543__X1E__Y0F__P022.jpg,0.889721,24.381651,ok
EES0423543__X1E__Y12__P023.jpg,0.874402,26.327807,ok
EES0423543__X1E__Y15__P024.jpg,0.833115,22.794141,ok
EES0423543__X21__Y0C__P025.jpg,0.944767,25.407671,ok
EES0423544__X0C__Y3C__P001.jpg,0.843121,23.994146,ok
EES0423544__X0C__Y3F__P002.jpg,0.925784,24.918073,ok
EES0423544__X0F__Y42__P003.jpg,0.917575,23.541598,ok
EES0423544__X12__Y3F__P004.jpg,0.796125,23.033402,ok
EES0423544__X15__Y45__P005.jpg,0.915157,24.675324,ok
EES0423544__X18__Y3F__P006.jpg,0.730619,22.659683,ok
EES0423544__X1B__Y3F__P007.jpg,0.778214,22.745634,ok
EES0423544__X42__Y39__P008.jpg,0.958183,25.614495,ok
EES0423544__X03__Y0C__P009.jpg,0.959580,27.468537,ok
EES0423544__X03__Y0F__P010.jpg,0.949052,26.445244,ok
EES0423544__X18__Y0C__P011.jpg,0.908847,25.352243,ok
EES0423544__X18__Y0F__P012.jpg,0.891847,25.334132,ok
EES0423544__X18__Y42__P013.jpg,0.940046,25.590668,ok
EES0423544__X2A__Y42__P014.jpg,0.933303,24.126182,ok
EES0423544__X2D__Y36__P015.jpg,0.796232,22.696079,ok
EES0423544__X2D__Y39__P016.jpg,0.801438,22.763492,ok
EES0423544__X36__Y36__P017.jpg,0.784226,22.358557,ok
EES0423544__X3C__Y33__P018.jpg,0.959216,25.240531,ok
EES0423544__X09__Y1B__P019.jpg,0.913688,27.112378,ok
EES0423544__X09__Y24__P020.jpg,0.907286,23.759648,ok
EES0423544__X09__Y27__P021.jpg,0.876641,23.262087,ok
EES0423544__X09__Y2A__P022.jpg,0.873017,24.165863,ok
EES0423544__X09__Y2D__P023.jpg,0.861592,24.070723,ok
EES0423544__X09__Y36__P024.jpg,0.900550,25.164876,ok
EES0423544__X09__Y39__P025.jpg,0.936762,25.226694,ok
EES0423545__X0C__Y1B__P001.jpg,0.928849,26.378088,ok
EES0423545__X0C__Y1E__P002.jpg,0.894348,24.077055,ok
EES0423545__X0C__Y21__P003.jpg,0.877346,23.827670,ok
EES0423545__X0C__Y27__P004.jpg,0.882694,24.831560,ok
EES0423545__X0C__Y2A__P005.jpg,0.829109,24.588009,ok
EES0423545__X0C__Y30__P006.jpg,0.835897,23.499813,ok
EES0423545__X0C__Y3C__P007.jpg,0.944304,24.184145,ok
EES0423545__X0F__Y18__P008.jpg,0.899481,23.598593,ok
EES0423545__X0F__Y1B__P009.jpg,0.846256,23.246363,ok
EES0423545__X0F__Y21__P010.jpg,0.777146,23.027812,ok
EES0423545__X12__Y15__P011.jpg,0.901683,24.413588,ok
EES0423545__X12__Y18__P012.jpg,0.839108,23.403733,ok
EES0423545__X15__Y12__P013.jpg,0.883193,24.323248,ok
EES0423545__X15__Y15__P014.jpg,0.904067,26.694712,ok
EES0423545__X15__Y42__P015.jpg,0.937952,25.740729,ok
EES0423545__X15__Y45__P016.jpg,0.938610,25.086414,ok
EES0423545__X18__Y12__P017.jpg,0.900729,23.699731,ok
EES0423545__X18__Y45__P018.jpg,0.903208,23.603250,ok
EES0423545__X1B__Y0C__P019.jpg,0.936100,24.069741,ok
EES0423545__X1B__Y0F__P020.jpg,0.838180,22.929884,ok
EES0423545__X1B__Y45__P021.jpg,0.928315,25.547470,ok
EES0423545__X1E__Y0C__P022.jpg,0.921427,24.823012,ok
EES0423545__X1E__Y45__P023.jpg,0.877741,23.547694,ok
EES0423545__X21__Y0C__P024.jpg,0.923938,24.144001,ok
EES0423545__X21__Y45__P025.jpg,0.864279,24.027470,ok
EES0423546__X18__Y06__P001.jpg,0.955126,26.724361,ok
EES0423546__X18__Y09__P002.jpg,0.911253,24.367687,ok
EES0423546__X1B__Y45__P003.jpg,0.952465,27.452223,ok
EES0423546__X21__Y06__P004.jpg,0.823943,23.459539,ok
EES0423546__X24__Y06__P005.jpg,0.863544,24.590046,ok
EES0423546__X27__Y06__P006.jpg,0.815666,22.655269,ok
EES0423546__X2A__Y39__P007.jpg,0.887211,24.055978,ok
EES0423546__X2A__Y3C__P008.jpg,0.874899,23.206062,ok
EES0423546__X2D__Y06__P009.jpg,0.906911,25.900205,ok
EES0423546__X2D__Y39__P010.jpg,0.866232,25.605879,ok
EES0423546__X2D__Y3C__P011.jpg,0.886231,26.581151,ok
EES0423546__X2D__Y3F__P012.jpg,0.927267,24.226213,ok
EES0423546__X30__Y06__P013.jpg,0.933515,25.627139,ok
EES0423546__X33__Y09__P014.jpg,0.913137,24.106393,ok
EES0423546__X0F__Y1B__P015.jpg,0.872571,23.101394,ok
EES0423546__X15__Y21__P016.jpg,0.767746,22.404873,ok
EES0423546__X18__Y1E__P017.jpg,0.763332,23.773969,ok
EES0423546__X18__Y21__P018.jpg,0.797444,22.958395,ok
EES0423546__X18__Y24__P019.jpg,0.839128,24.408351,ok
EES0423546__X18__Y2A__P020.jpg,0.857687,24.277967,ok
EES0423546__X18__Y36__P021.jpg,0.857727,23.440314,ok
EES0423546__X18__Y39__P022.jpg,0.760973,22.528706,ok
EES0423546__X1B__Y1E__P023.jpg,0.837055,22.906300,ok
EES0423546__X1B__Y27__P024.jpg,0.758924,22.167005,ok
EES0423546__X1B__Y2A__P025.jpg,0.861708,24.106356,ok
EES0423547__X1B__Y2D__P001.jpg,0.822113,22.664957,ok
EES0423547__X09__Y21__P002.jpg,0.954807,26.576025,ok
EES0423547__X09__Y2D__P003.jpg,0.913156,23.885790,ok
EES0423547__X0C__Y24__P004.jpg,0.856553,23.823985,ok
EES0423547__X0C__Y27__P005.jpg,0.868728,24.117950,ok
EES0423547__X0C__Y2A__P006.jpg,0.875610,23.963014,ok
EES0423547__X0C__Y2D__P007.jpg,0.795984,22.727671,ok
EES0423547__X0C__Y30__P008.jpg,0.880830,24.020558,ok
EES0423547__X0C__Y33__P009.jpg,0.913285,24.671616,ok
EES0423547__X0C__Y36__P010.jpg,0.926299,26.098019,ok
EES0423547__X0C__Y39__P011.jpg,0.945182,24.521536,ok
EES0423547__X0F__Y24__P012.jpg,0.868285,24.747771,ok
EES0423547__X12__Y18__P013.jpg,0.901941,23.974695,ok
EES0423547__X12__Y1B__P014.jpg,0.884847,23.594907,ok
EES0423547__X15__Y15__P015.jpg,0.912124,23.641201,ok
EES0423547__X15__Y1E__P016.jpg,0.806694,22.760471,ok
EES0423547__X1E__Y0F__P017.jpg,0.877248,23.918672,ok
EES0423547__X1E__Y12__P018.jpg,0.746643,22.094563,ok
EES0423547__X1E__Y45__P019.jpg,0.955219,25.386784,ok
EES0423547__X21__Y45__P020.jpg,0.931078,25.676448,ok
EES0423547__X24__Y0C__P021.jpg,0.884091,23.646701,ok
EES0423547__X27__Y0C__P022.jpg,0.901095,24.228707,ok
EES0423547__X36__Y3F__P023.jpg,0.914353,23.953686,ok
EES0423547__X39__Y3C__P024.jpg,0.892365,23.406213,ok
EES0423547__X39__Y3F__P025.jpg,0.930971,23.734382,ok
EES0423548__X42__Y21__P001.jpg,0.905034,29.757537,ok
EES0423548__X42__Y27__P002.jpg,0.832283,23.769563,ok
EES0423548__X42__Y2D__P003.jpg,0.845010,24.261572,ok
EES0423548__X06__Y1B__P004.jpg,0.896917,29.049272,ok
EES0423548__X06__Y24__P005.jpg,0.800392,22.823891,ok
EES0423548__X06__Y27__P006.jpg,0.809859,24.715761,ok
EES0423548__X06__Y2A__P007.jpg,0.854583,24.490409,ok
EES0423548__X09__Y15__P008.jpg,0.913123,25.625098,ok
EES0423548__X09__Y36__P009.jpg,0.868350,25.415328,ok
EES0423548__X0C__Y36__P010.jpg,0.836383,25.136068,ok
EES0423548__X0C__Y39__P011.jpg,0.824219,23.372065,ok
EES0423548__X0F__Y0F__P012.jpg,0.894401,24.547132,ok
EES0423548__X0F__Y39__P013.jpg,0.804527,24.658906,ok
EES0423548__X12__Y39__P014.jpg,0.695767,21.875962,ok
EES0423548__X1B__Y09__P015.jpg,0.822680,23.272042,ok
EES0423548__X2D__Y09__P016.jpg,0.860420,23.809548,ok
EES0423548__X2D__Y45__P017.jpg,0.874259,26.550259,ok
EES0423548__X33__Y42__P018.jpg,0.851640,24.154620,ok
EES0423548__X39__Y0F__P019.jpg,0.907340,26.682870,ok
EES0423548__X3F__Y15__P020.jpg,0.911609,26.848189,ok
EES0423548__X3F__Y1E__P021.jpg,0.793876,23.532604,ok
EES0423548__X3F__Y39__P022.jpg,0.902368,26.766797,ok
EES0423548__X42__Y33__P023.jpg,0.843652,24.781964,ok
EES0423548__X45__Y21__P024.jpg,0.898873,25.268521,ok
EES0423548__X45__Y24__P025.jpg,0.839246,23.962976,ok
EES0423549__X33__Y1B__P001.jpg,0.784036,24.003033,ok
EES0423549__X33__Y1E__P002.jpg,0.764987,24.105710,ok
EES0423549__X33__Y2D__P003.jpg,0.853321,23.438055,ok
EES0423549__X36__Y15__P004.jpg,0.837163,23.722691,ok
EES0423549__X36__Y1B__P005.jpg,0.828923,26.648727,ok
EES0423549__X39__Y1B__P006.jpg,0.839023,26.152028,ok
EES0423549__X39__Y21__P007.jpg,0.905166,28.433906,ok
EES0423549__X3C__Y1B__P008.jpg,0.836252,24.015490,ok
EES0423549__X09__Y2A__P009.jpg,0.866532,23.137780,ok
EES0423549__X0C__Y21__P010.jpg,0.897639,27.125722,ok
EES0423549__X0F__Y24__P011.jpg,0.905570,27.300300,ok
EES0423549__X18__Y3C__P012.jpg,0.882763,24.382663,ok
EES0423549__X18__Y45__P013.jpg,0.875395,24.743716,ok
EES0423549__X1B__Y1B__P014.jpg,0.877864,23.436197,ok
EES0423549__X1B__Y39__P015.jpg,0.859719,25.410668,ok
EES0423549__X1E__Y1B__P016.jpg,0.871456,23.324473,ok
EES0423549__X33__Y30__P017.jpg,0.873400,24.237858,ok
EES0423549__X33__Y33__P018.jpg,0.887565,26.376953,ok
EES0423549__X33__Y39__P019.jpg,0.864459,24.680659,ok
EES0423549__X33__Y3C__P020.jpg,0.849137,23.470894,ok
EES0423549__X33__Y42__P021.jpg,0.903383,26.634493,ok
EES0423549__X33__Y45__P022.jpg,0.909313,30.653578,ok
EES0423549__X36__Y1B__P023.jpg,0.880742,25.084042,ok
EES0423549__X36__Y2A__P024.jpg,0.875940,25.043618,ok
EES0423549__X36__Y33__P025.jpg,0.860190,23.517143,ok
EES0423550__X45__Y24__P001.jpg,0.812565,24.083456,ok
EES0423550__X45__Y27__P002.jpg,0.917645,30.410624,ok
EES0423550__X45__Y2A__P003.jpg,0.875581,26.829157,ok
EES0423550__X45__Y2D__P004.jpg,0.898930,29.368513,ok
EES0423550__X45__Y33__P005.jpg,0.920230,31.990481,ok
EES0423550__X06__Y21__P006.jpg,0.837276,23.164266,ok
EES0423550__X0C__Y1B__P007.jpg,0.880560,25.348581,ok
EES0423550__X0F__Y18__P008.jpg,0.853318,23.050868,ok
EES0423550__X0F__Y36__P009.jpg,0.776463,22.724306,ok
EES0423550__X12__Y18__P010.jpg,0.846846,23.647137,ok
EES0423550__X18__Y0F__P011.jpg,0.857528,23.347602,ok
EES0423550__X18__Y1E__P012.jpg,0.809358,22.716525,ok
EES0423550__X18__Y33__P013.jpg,0.870502,25.292789,ok
EES0423550__X18__Y3F__P014.jpg,0.790069,24.111338,ok
EES0423550__X1B__Y21__P015.jpg,0.878272,23.915136,ok
EES0423550__X1E__Y09__P016.jpg,0.833732,25.137752,ok
EES0423550__X21__Y0C__P017.jpg,0.851353,24.093419,ok
EES0423550__X21__Y18__P018.jpg,0.857465,23.832908,ok
EES0423550__X21__Y21__P019.jpg,0.794605,23.887509,ok
EES0423550__X21__Y2A__P020.jpg,0.867517,23.378424,ok
EES0423550__X21__Y2D__P021.jpg,0.866771,24.662466,ok
EES0423550__X24__Y18__P022.jpg,0.835602,24.383433,ok
EES0423550__X24__Y1E__P023.jpg,0.871016,26.000888,ok
EES0423550__X24__Y3F__P024.jpg,0.874092,24.572217,ok
EES0423550__X24__Y42__P025.jpg,0.857375,24.189705,ok
EES0423551__X36__Y18__P001.jpg,0.865065,23.679153,ok
EES0423551__X36__Y33__P002.jpg,0.821861,25.624367,ok
EES0423551__X36__Y36__P003.jpg,0.858910,27.328219,ok
EES0423551__X39__Y12__P004.jpg,0.908968,28.759014,ok
EES0423551__X39__Y15__P005.jpg,0.831809,26.052077,ok
EES0423551__X39__Y1E__P006.jpg,0.835570,23.781123,ok
EES0423551__X39__Y27__P007.jpg,0.852848,24.809195,ok
EES0423551__X39__Y2A__P008.jpg,0.830113,24.867600,ok
EES0423551__X39__Y33__P009.jpg,0.882665,28.988807,ok
EES0423551__X3C__Y15__P010.jpg,0.813113,23.673602,ok
EES0423551__X3C__Y1B__P011.jpg,0.876044,28.736425,ok
EES0423551__X3C__Y2A__P012.jpg,0.854480,25.873224,ok
EES0423551__X3F__Y21__P013.jpg,0.854747,24.539560,ok
EES0423551__X3F__Y27__P014.jpg,0.868484,25.719033,ok
EES0423551__X0F__Y2D__P015.jpg,0.868818,23.539205,ok
EES0423551__X18__Y09__P016.jpg,0.881296,25.829961,ok
EES0423551__X18__Y0F__P017.jpg,0.887001,25.435730,ok
EES0423551__X18__Y27__P018.jpg,0.849358,23.241317,ok
EES0423551__X1B__Y21__P019.jpg,0.808049,22.627331,ok
EES0423551__X1E__Y09__P020.jpg,0.864223,26.470638,ok
EES0423551__X1E__Y0C__P021.jpg,0.840332,23.126653,ok
EES0423551__X1E__Y27__P022.jpg,0.832905,25.383876,ok
EES0423551__X1E__Y2A__P023.jpg,0.866537,24.791512,ok
EES0423551__X21__Y09__P024.jpg,0.868823,29.262628,ok
EES0423551__X21__Y0F__P025.jpg,0.877339,28.705843,ok
EES0423552__X36__Y1E__P001.jpg,0.905136,23.714563,ok
EES0423552__X3C__Y03__P002.jpg,0.833298,23.588405,ok
EES0423552__X42__Y09__P003.jpg,0.916154,23.579365,ok
EES0423552__X45__Y03__P004.jpg,0.937508,28.472602,ok
EES0423552__X45__Y06__P005.jpg,0.933432,33.634281,ok
EES0423552__X45__Y09__P006.jpg,0.690349,21.557141,ok
EES0423552__X06__Y2A__P007.jpg,0.952702,25.239488,ok
EES0423552__X0C__Y18__P008.jpg,0.908395,23.565388,ok
EES0423552__X0C__Y1B__P009.jpg,0.911946,26.007978,ok
EES0423552__X0C__Y1E__P010.jpg,0.888336,26.503167,ok
EES0423552__X0C__Y21__P011.jpg,0.924513,28.576857,ok
EES0423552__X0F__Y18__P012.jpg,0.871479,24.607777,ok
EES0423552__X0F__Y1B__P013.jpg,0.927195,31.526589,ok
EES0423552__X0F__Y21__P014.jpg,0.917595,24.479648,ok
EES0423552__X0F__Y36__P015.jpg,0.893799,23.404618,ok
EES0423552__X1B__Y0C__P016.jpg,0.917607,24.603274,ok
EES0423552__X42__Y24__P017.jpg,0.924444,23.857907,ok
EES0423552__X42__Y27__P018.jpg,0.941755,28.041165,ok
EES0423552__X2A__Y2D__P019.jpg,0.819518,23.221629,ok
EES0423552__X2A__Y30__P020.jpg,0.863368,27.662864,ok
EES0423552__X2D__Y42__P021.jpg,0.887231,25.922109,ok
EES0423552__X30__Y36__P022.jpg,0.696016,21.642382,ok
EES0423552__X33__Y30__P023.jpg,0.806248,22.540712,ok
EES0423552__X33__Y33__P024.jpg,0.697849,21.631613,ok
EES0423552__X33__Y36__P025.jpg,0.823511,24.091536,ok
EES0423553__X33__Y42__P001.jpg,0.938747,23.951910,ok
EES0423553__X36__Y2A__P002.jpg,0.816003,26.639267,ok
EES0423553__X36__Y2D__P003.jpg,0.696882,23.034079,ok
EES0423553__X36__Y30__P004.jpg,0.829404,26.620139,ok
EES0423553__X36__Y33__P005.jpg,0.808115,23.038067,ok
EES0423553__X36__Y36__P006.jpg,0.826395,25.544311,ok
EES0423553__X39__Y30__P007.jpg,0.761786,24.403813,ok
EES0423553__X39__Y33__P008.jpg,0.799709,25.442417,ok
EES0423553__X3C__Y30__P009.jpg,0.841131,27.049998,ok
EES0423553__X3C__Y33__P010.jpg,0.863010,27.415081,ok
EES0423553__X3C__Y36__P011.jpg,0.845841,24.593291,ok
EES0423553__X06__Y21__P012.jpg,0.905559,23.453413,ok
EES0423553__X06__Y2A__P013.jpg,0.896151,24.166008,ok
EES0423553__X09__Y18__P014.jpg,0.916047,23.735434,ok
EES0423553__X12__Y0C__P015.jpg,0.926951,24.496942,ok
EES0423553__X12__Y42__P016.jpg,0.952279,24.042946,ok
EES0423553__X15__Y09__P017.jpg,0.955005,24.416234,ok
EES0423553__X15__Y0C__P018.jpg,0.719975,23.834679,ok
EES0423553__X15__Y0F__P019.jpg,0.783363,23.529561,ok
EES0423553__X18__Y0C__P020.jpg,0.816321,26.296115,ok
EES0423553__X18__Y1B__P021.jpg,0.744933,22.011982,ok
EES0423553__X18__Y45__P022.jpg,0.948914,29.789438,ok
EES0423553__X1E__Y06__P023.jpg,0.951160,26.338200,ok
EES0423553__X1E__Y45__P024.jpg,0.902863,23.564167,ok
EES0423553__X21__Y06__P025.jpg,0.939325,31.556784,ok
EES0423554__X12__Y27__P001.jpg,0.781192,22.936415,ok
EES0423554__X15__Y27__P002.jpg,0.843053,24.339840,ok
EES0423554__X15__Y3F__P003.jpg,0.846100,23.922471,ok
EES0423554__X18__Y0C__P004.jpg,0.860958,23.622963,ok
EES0423554__X1B__Y09__P005.jpg,0.900937,31.939381,ok
EES0423554__X1B__Y1B__P006.jpg,0.772602,23.036184,ok
EES0423554__X1B__Y21__P007.jpg,0.893233,26.778670,ok
EES0423554__X1E__Y09__P008.jpg,0.908656,27.455777,ok
EES0423554__X27__Y12__P009.jpg,0.880089,23.634486,ok
EES0423554__X06__Y1E__P010.jpg,0.887709,23.755563,ok
EES0423554__X06__Y21__P011.jpg,0.847761,23.840254,ok
EES0423554__X06__Y30__P012.jpg,0.869428,23.871639,ok
EES0423554__X09__Y18__P013.jpg,0.910721,27.332468,ok
EES0423554__X0C__Y1B__P014.jpg,0.821999,23.511531,ok
EES0423554__X0F__Y15__P015.jpg,0.865454,23.632271,ok
EES0423554__X0F__Y18__P016.jpg,0.875212,23.677798,ok
EES0423554__X0F__Y1B__P017.jpg,0.819850,23.926335,ok
EES0423554__X0F__Y21__P018.jpg,0.802738,23.922137,ok
EES0423554__X12__Y15__P019.jpg,0.844095,22.902360,ok
EES0423554__X15__Y0F__P020.jpg,0.832580,23.504096,ok
EES0423554__X15__Y1B__P021.jpg,0.819659,25.043390,ok
EES0423554__X18__Y15__P022.jpg,0.804044,22.683486,ok
EES0423554__X18__Y1B__P023.jpg,0.850584,25.283332,ok
EES0423554__X18__Y45__P024.jpg,0.859892,25.068146,ok
EES0423554__X1B__Y0C__P025.jpg,0.858939,23.412370,ok
EES0423555__X1B__Y12__P001.jpg,0.825806,23.384185,ok
EES0423555__X1B__Y1B__P002.jpg,0.768635,22.813216,ok
EES0423555__X1B__Y45__P003.jpg,0.887309,26.392470,ok
EES0423555__X1E__Y1B__P004.jpg,0.802647,24.029006,ok
EES0423555__X1E__Y45__P005.jpg,0.909186,25.508421,ok
EES0423555__X21__Y45__P006.jpg,0.911620,30.345215,ok
EES0423555__X0F__Y1B__P007.jpg,0.880009,23.593059,ok
EES0423555__X1E__Y24__P008.jpg,0.876286,24.044807,ok
EES0423555__X2A__Y27__P009.jpg,0.809782,23.061796,ok
EES0423555__X0C__Y1B__P010.jpg,0.893924,25.902967,ok
EES0423555__X0C__Y27__P011.jpg,0.867827,23.817078,ok
EES0423555__X0C__Y2A__P012.jpg,0.876758,24.839032,ok
EES0423555__X0F__Y2A__P013.jpg,0.907503,27.223822,ok
EES0423555__X0F__Y30__P014.jpg,0.860132,23.561161,ok
EES0423555__X12__Y1B__P015.jpg,0.866946,23.067826,ok
EES0423555__X18__Y0F__P016.jpg,0.883870,23.727640,ok
EES0423555__X21__Y0C__P017.jpg,0.880686,24.039929,ok
EES0423555__X2A__Y09__P018.jpg,0.848609,23.462119,ok
EES0423555__X3C__Y12__P019.jpg,0.921544,27.979775,ok
EES0423555__X06__Y1B__P020.jpg,0.925574,28.714899,ok
EES0423555__X06__Y1E__P021.jpg,0.867626,24.984134,ok
EES0423555__X06__Y21__P022.jpg,0.841716,26.360992,ok
EES0423555__X09__Y18__P023.jpg,0.904609,26.409592,ok
EES0423555__X0F__Y12__P024.jpg,0.886193,24.907412,ok
EES0423555__X0F__Y3C__P025.jpg,0.841071,23.563291,ok
EES0423556__X24__Y42__P001.jpg,0.835501,24.686433,ok
EES0423556__X27__Y42__P002.jpg,0.884043,27.675031,ok
EES0423556__X2A__Y09__P003.jpg,0.870962,23.577331,ok
EES0423556__X2A__Y42__P004.jpg,0.838690,25.200944,ok
EES0423556__X2D__Y09__P005.jpg,0.882332,24.071369,ok
EES0423556__X2D__Y42__P006.jpg,0.884854,28.118201,ok
EES0423556__X30__Y0C__P007.jpg,0.904822,26.123002,ok
EES0423556__X3C__Y18__P008.jpg,0.865935,23.847570,ok
EES0423556__X3C__Y21__P009.jpg,0.824322,22.847588,ok
EES0423556__X3F__Y27__P010.jpg,0.862355,25.410364,ok
EES0423556__X0C__Y1B__P011.jpg,0.865784,26.430383,ok
EES0423556__X18__Y1B__P012.jpg,0.835492,22.807147,ok
EES0423556__X18__Y1E__P013.jpg,0.837451,25.413509,ok
EES0423556__X18__Y21__P014.jpg,0.894776,28.813936,ok
EES0423556__X18__Y2D__P015.jpg,0.853586,25.211012,ok
EES0423556__X1B__Y1B__P016.jpg,0.843113,23.285849,ok
EES0423556__X1B__Y1E__P017.jpg,0.852867,25.564809,ok
EES0423556__X1B__Y21__P018.jpg,0.866158,25.002935,ok
EES0423556__X1B__Y24__P019.jpg,0.858071,26.000952,ok
EES0423556__X1B__Y27__P020.jpg,0.852377,24.059274,ok
EES0423556__X1B__Y2D__P021.jpg,0.834749,22.997829,ok
EES0423556__X1E__Y24__P022.jpg,0.866296,27.452973,ok
EES0423556__X1E__Y27__P023.jpg,0.863808,25.807703,ok
EES0423556__X1E__Y2A__P024.jpg,0.842630,25.549311,ok
EES0423556__X1E__Y2D__P025.jpg,0.824206,24.746322,ok
EES0423557__X2A__Y30__P001.jpg,0.829748,24.551747,ok
EES0423557__X2A__Y33__P002.jpg,0.840759,23.549871,ok
EES0423557__X2A__Y39__P003.jpg,0.815690,22.862817,ok
EES0423557__X2D__Y1E__P004.jpg,0.857034,25.424880,ok
EES0423557__X2D__Y24__P005.jpg,0.852356,23.254496,ok
EES0423557__X2D__Y27__P006.jpg,0.822295,22.850531,ok
EES0423557__X30__Y15__P007.jpg,0.835183,22.854862,ok
EES0423557__X30__Y1B__P008.jpg,0.836103,24.239924,ok
EES0423557__X30__Y2A__P009.jpg,0.805245,22.607996,ok
EES0423557__X33__Y1B__P010.jpg,0.832996,23.611628,ok
EES0423557__X33__Y21__P011.jpg,0.842016,24.079683,ok
EES0423557__X36__Y1B__P012.jpg,0.876529,25.773612,ok
EES0423557__X36__Y27__P013.jpg,0.855834,22.983135,ok
EES0423557__X36__Y2A__P014.jpg,0.864232,25.025620,ok
EES0423557__X39__Y1E__P015.jpg,0.807504,22.583037,ok
EES0423557__X39__Y27__P016.jpg,0.867848,23.803574,ok
EES0423557__X0F__Y0F__P017.jpg,0.863557,27.061047,ok
EES0423557__X12__Y0C__P018.jpg,0.913749,29.789960,ok
EES0423557__X18__Y09__P019.jpg,0.912185,31.814476,ok
EES0423557__X1B__Y09__P020.jpg,0.897585,29.870734,ok
EES0423557__X2A__Y09__P021.jpg,0.917419,27.252096,ok
EES0423557__X36__Y0F__P022.jpg,0.881239,25.952606,ok
EES0423557__X39__Y0F__P023.jpg,0.895633,25.821502,ok
EES0423557__X06__Y30__P024.jpg,0.913693,27.774424,ok
EES0423557__X0C__Y24__P025.jpg,0.901087,25.068982,ok
EES0423558__X0F__Y24__P001.jpg,0.834225,23.238177,ok
EES0423558__X0F__Y42__P002.jpg,0.922402,28.709183,ok
EES0423558__X12__Y1B__P003.jpg,0.883607,24.417834,ok
EES0423558__X12__Y24__P004.jpg,0.873729,24.505977,ok
EES0423558__X18__Y12__P005.jpg,0.877230,25.543837,ok
EES0423558__X18__Y15__P006.jpg,0.832382,24.358932,ok
EES0423558__X1E__Y0F__P007.jpg,0.874368,23.225040,ok
EES0423558__X21__Y12__P008.jpg,0.825166,24.293206,ok
EES0423558__X21__Y15__P009.jpg,0.878866,26.049576,ok
EES0423558__X24__Y12__P010.jpg,0.816817,23.207397,ok
EES0423558__X2A__Y12__P011.jpg,0.864972,24.969206,ok
EES0423558__X2A__Y15__P012.jpg,0.874402,24.885494,ok
EES0423558__X42__Y2D__P013.jpg,0.854119,24.258940,ok
EES0423558__X0C__Y36__P014.jpg,0.859095,24.468690,ok
EES0423558__X0F__Y39__P015.jpg,0.849741,22.899618,ok
EES0423558__X1E__Y42__P016.jpg,0.878378,24.750272,ok
EES0423558__X27__Y42__P017.jpg,0.869479,23.481298,ok
EES0423558__X2A__Y24__P018.jpg,0.820930,22.781781,ok
EES0423558__X2D__Y21__P019.jpg,0.817457,22.631581,ok
EES0423558__X2D__Y24__P020.jpg,0.837358,23.004037,ok
EES0423558__X2D__Y42__P021.jpg,0.931835,29.950195,ok
EES0423558__X3C__Y33__P022.jpg,0.865972,23.213478,ok
EES0423558__X3F__Y30__P023.jpg,0.872892,24.775345,ok
EES0423558__X3F__Y33__P024.jpg,0.900797,26.330450,ok
EES0423558__X42__Y1B__P025.jpg,0.867296,23.119888,ok
EES0423559__X27__Y3F__P001.jpg,0.809372,22.577187,ok
EES0423559__X30__Y3F__P002.jpg,0.909049,23.948005,ok
EES0423559__X33__Y09__P003.jpg,0.900993,25.309066,ok
EES0423559__X42__Y1B__P004.jpg,0.893727,23.776909,ok
EES0423559__X39__Y1E__P005.jpg,0.881232,23.578010,ok
EES0423559__X39__Y21__P006.jpg,0.852536,23.023510,ok
EES0423559__X42__Y1B__P007.jpg,0.908973,25.821166,ok
EES0423559__X42__Y21__P008.jpg,0.895383,24.890593,ok
EES0423559__X09__Y21__P009.jpg,0.831152,23.556782,ok
EES0423559__X09__Y24__P010.jpg,0.953752,30.070570,ok
EES0423559__X09__Y27__P011.jpg,0.934069,25.187786,ok
EES0423559__X0C__Y2A__P012.jpg,0.777920,22.675832,ok
EES0423559__X0F__Y30__P013.jpg,0.809728,23.971689,ok
EES0423559__X12__Y30__P014.jpg,0.754307,22.182002,ok
EES0423559__X18__Y09__P015.jpg,0.923398,23.708487,ok
EES0423559__X18__Y3F__P016.jpg,0.937575,24.583861,ok
EES0423559__X1E__Y06__P017.jpg,0.867442,25.017269,ok
EES0423559__X1E__Y3F__P018.jpg,0.750638,22.646047,ok
EES0423559__X1E__Y42__P019.jpg,0.903050,28.726451,ok
EES0423559__X21__Y06__P020.jpg,0.859566,24.817988,ok
EES0423559__X21__Y42__P021.jpg,0.815189,22.846402,ok
EES0423559__X24__Y06__P022.jpg,0.806849,23.235338,ok
EES0423559__X24__Y42__P023.jpg,0.837916,24.176896,ok
EES0423559__X2D__Y06__P024.jpg,0.886474,25.579858,ok
EES0423559__X30__Y06__P025.jpg,0.927142,30.675478,ok
EES0423560__X33__Y06__P001.jpg,0.933754,28.028204,ok
EES0423560__X33__Y09__P002.jpg,0.805042,23.032408,ok
EES0423560__X33__Y42__P003.jpg,0.947446,28.165388,ok
EES0423560__X36__Y09__P004.jpg,0.934290,26.269550,ok
EES0423560__X36__Y42__P005.jpg,0.954601,25.775519,ok
EES0423560__X48__Y1B__P006.jpg,0.842575,24.452258,ok
EES0423560__X48__Y2A__P007.jpg,0.787563,22.365661,ok
EES0423560__X1B__Y06__P008.jpg,0.824968,23.654738,ok
EES0423560__X1E__Y42__P009.jpg,0.920159,24.790846,ok
EES0423560__X21__Y42__P010.jpg,0.869856,23.145285,ok
EES0423560__X24__Y42__P011.jpg,0.817469,23.081258,ok
EES0423560__X2A__Y42__P012.jpg,0.822395,22.962458,ok
EES0423560__X3C__Y39__P013.jpg,0.914305,24.417133,ok
EES0423560__X42__Y30__P014.jpg,0.921636,26.315771,ok
EES0423560__X09__Y24__P015.jpg,0.862180,23.345731,ok
EES0423560__X09__Y27__P016.jpg,0.879329,26.465653,ok
EES0423560__X09__Y2A__P017.jpg,0.922403,25.523824,ok
EES0423560__X12__Y15__P018.jpg,0.777240,23.041243,ok
EES0423560__X1B__Y0F__P019.jpg,0.854063,24.498409,ok
EES0423560__X1B__Y12__P020.jpg,0.818803,22.680039,ok
EES0423560__X1E__Y18__P021.jpg,0.785237,22.610047,ok
EES0423560__X21__Y15__P022.jpg,0.783913,22.874087,ok
EES0423560__X09__Y15__P023.jpg,0.956246,26.919217,ok
EES0423560__X09__Y18__P024.jpg,0.954306,29.711502,ok
EES0423560__X09__Y1E__P025.jpg,0.911266,24.614936,ok
EES0423561__X12__Y39__P001.jpg,0.849606,25.399993,ok
EES0423561__X15__Y3C__P002.jpg,0.868174,23.557587,ok
EES0423561__X2D__Y18__P003.jpg,0.847584,23.029111,ok
EES0423561__X06__Y27__P004.jpg,0.840048,23.014456,ok
EES0423561__X1B__Y27__P005.jpg,0.864269,23.433626,ok
EES0423561__X1E__Y2A__P006.jpg,0.849067,23.389113,ok
EES0423561__X21__Y2A__P007.jpg,0.782765,22.407783,ok
EES0423561__X06__Y36__P008.jpg,0.916836,25.244156,ok
EES0423561__X18__Y3C__P009.jpg,0.940476,24.522512,ok
EES0423561__X1E__Y3F__P010.jpg,0.935385,25.608114,ok
EES0423561__X21__Y3F__P011.jpg,0.964622,31.295651,ok
EES0423561__X24__Y3F__P012.jpg,0.869041,23.209924,ok
EES0423561__X3F__Y0C__P013.jpg,0.942750,27.919965,ok
EES0423561__X0C__Y27__P014.jpg,0.805826,22.795135,ok
EES0423561__X0C__Y2A__P015.jpg,0.863037,24.188905,ok
EES0423561__X0C__Y2D__P016.jpg,0.826852,25.139909,ok
EES0423561__X0C__Y30__P017.jpg,0.835463,26.393089,ok
EES0423561__X0C__Y33__P018.jpg,0.893128,24.283667,ok
EES0423561__X0F__Y1B__P019.jpg,0.834601,25.162775,ok
EES0423561__X0F__Y30__P020.jpg,0.891783,23.490927,ok
EES0423561__X0F__Y36__P021.jpg,0.796509,22.676994,ok
EES0423561__X12__Y18__P022.jpg,0.876531,25.400242,ok
EES0423561__X12__Y1B__P023.jpg,0.753721,23.103138,ok
EES0423561__X12__Y21__P024.jpg,0.816745,22.740928,ok
EES0423561__X12__Y3C__P025.jpg,0.937253,25.489350,ok
EES0423562__X1E__Y09__P001.jpg,0.887469,25.601185,ok
EES0423562__X21__Y09__P002.jpg,0.900723,25.759787,ok
EES0423562__X24__Y42__P003.jpg,0.753084,22.592340,ok
EES0423562__X2A__Y42__P004.jpg,0.830715,22.969665,ok
EES0423562__X30__Y09__P005.jpg,0.872906,23.122253,ok
EES0423562__X33__Y09__P006.jpg,0.944349,29.036144,ok
EES0423562__X33__Y42__P007.jpg,0.925774,27.836915,ok
EES0423562__X48__Y21__P008.jpg,0.935065,25.879103,ok
EES0423562__X48__Y24__P009.jpg,0.956544,28.962351,ok
EES0423562__X48__Y2D__P010.jpg,0.903215,23.690965,ok
EES0423562__X06__Y24__P011.jpg,0.894362,24.302700,ok
EES0423562__X06__Y27__P012.jpg,0.898346,26.276898,ok
EES0423562__X09__Y30__P013.jpg,0.896473,23.695293,ok
EES0423562__X0C__Y36__P014.jpg,0.890747,24.161679,ok
EES0423562__X18__Y3F__P015.jpg,0.862368,23.217109,ok
EES0423562__X1E__Y39__P016.jpg,0.858779,24.183475,ok
EES0423562__X21__Y42__P017.jpg,0.923407,28.332246,ok
EES0423562__X24__Y42__P018.jpg,0.850884,23.977414,ok
EES0423562__X12__Y27__P019.jpg,0.864682,24.343919,ok
EES0423562__X12__Y2A__P020.jpg,0.848166,23.383926,ok
EES0423562__X12__Y33__P021.jpg,0.833196,23.781670,ok
EES0423562__X15__Y1E__P022.jpg,0.885284,23.356257,ok
EES0423562__X15__Y21__P023.jpg,0.813740,22.641205,ok
EES0423562__X15__Y27__P024.jpg,0.911205,24.381283,ok
EES0423562__X18__Y1B__P025.jpg,0.904372,25.383502,ok
EES0423563__X18__Y1E__P001.jpg,0.794263,23.324247,ok
EES0423563__X18__Y21__P002.jpg,0.851867,25.709818,ok
EES0423563__X1B__Y15__P003.jpg,0.938059,26.667812,ok
EES0423563__X1B__Y18__P004.jpg,0.871242,24.021889,ok
EES0423563__X1E__Y12__P005.jpg,0.877116,23.836842,ok
EES0423563__X1E__Y15__P006.jpg,0.864960,23.494775,ok
EES0423563__X24__Y21__P007.jpg,0.775814,23.407643,ok
EES0423563__X24__Y2D__P008.jpg,0.844320,23.146425,ok
EES0423563__X24__Y42__P009.jpg,0.816071,23.439577,ok
EES0423563__X2A__Y0F__P010.jpg,0.907988,24.280494,ok
EES0423563__X30__Y0F__P011.jpg,0.882724,24.032261,ok
EES0423563__X36__Y0F__P012.jpg,0.931492,24.916249,ok
EES0423563__X39__Y0F__P013.jpg,0.859150,24.585654,ok
EES0423563__X39__Y12__P014.jpg,0.840582,23.247018,ok
EES0423563__X39__Y36__P015.jpg,0.834237,22.900681,ok
EES0423563__X39__Y39__P016.jpg,0.882837,24.605454,ok
EES0423563__X3C__Y36__P017.jpg,0.823242,22.896403,ok
EES0423563__X06__Y21__P018.jpg,0.923150,26.730679,ok
EES0423563__X06__Y24__P019.jpg,0.935815,27.830782,ok
EES0423563__X09__Y15__P020.jpg,0.883754,23.698049,ok
EES0423563__X09__Y18__P021.jpg,0.890338,23.827843,ok
EES0423563__X09__Y27__P022.jpg,0.848646,23.898184,ok
EES0423563__X09__Y2A__P023.jpg,0.873859,23.224144,ok
EES0423563__X09__Y2D__P024.jpg,0.863326,24.459090,ok
EES0423563__X09__Y30__P025.jpg,0.904214,23.606190,ok
EES0423564__X0C__Y15__P001.jpg,0.904902,24.167681,ok
EES0423564__X0C__Y30__P002.jpg,0.867087,24.287190,ok
EES0423564__X0C__Y33__P003.jpg,0.854949,23.051372,ok
EES0423564__X0F__Y0F__P004.jpg,0.873868,23.608786,ok
EES0423564__X0F__Y12__P005.jpg,0.821438,23.290759,ok
EES0423564__X0F__Y33__P006.jpg,0.873157,25.007547,ok
EES0423564__X0F__Y39__P007.jpg,0.936626,24.218975,ok
EES0423564__X12__Y0C__P008.jpg,0.893312,24.363010,ok
EES0423564__X12__Y0F__P009.jpg,0.865570,26.027329,ok
EES0423564__X15__Y09__P010.jpg,0.929277,27.498054,ok
EES0423564__X15__Y0C__P011.jpg,0.851624,24.945887,ok
EES0423564__X18__Y09__P012.jpg,0.927541,30.130580,ok
EES0423564__X18__Y0C__P013.jpg,0.896823,26.058400,ok
EES0423564__X18__Y3C__P014.jpg,0.803348,22.999363,ok
EES0423564__X18__Y3F__P015.jpg,0.868361,23.354551,ok
EES0423564__X1B__Y09__P016.jpg,0.899557,26.828225,ok
EES0423564__X1B__Y3F__P017.jpg,0.808977,23.232373,ok
EES0423564__X1B__Y42__P018.jpg,0.967540,28.463261,ok
EES0423564__X1E__Y09__P019.jpg,0.898968,27.060421,ok
EES0423564__X21__Y09__P020.jpg,0.894994,27.122988,ok
EES0423564__X24__Y09__P021.jpg,0.841056,23.806060,ok
EES0423564__X27__Y09__P022.jpg,0.854059,25.224867,ok
EES0423564__X2A__Y09__P023.jpg,0.845482,25.407006,ok
EES0423564__X2A__Y42__P024.jpg,0.783021,22.698764,ok
EES0423564__X2D__Y09__P025.jpg,0.900160,25.850806,ok
EES0423565__X30__Y09__P001.jpg,0.855868,24.265824,ok
EES0423565__X30__Y42__P002.jpg,0.934239,27.122918,ok
EES0423565__X33__Y09__P003.jpg,0.926722,27.233237,ok
EES0423565__X33__Y42__P004.jpg,0.958411,25.878724,ok
EES0423565__X42__Y1B__P005.jpg,0.852012,25.484649,ok
EES0423565__X0C__Y1E__P006.jpg,0.925468,25.971759,ok
EES0423565__X0C__Y21__P007.jpg,0.879134,24.170313,ok
EES0423565__X0C__Y24__P008.jpg,0.905226,26.538882,ok
EES0423565__X0C__Y30__P009.jpg,0.845512,23.186147,ok
EES0423565__X1B__Y09__P010.jpg,0.937133,25.099239,ok
EES0423565__X1B__Y3C__P011.jpg,0.837816,23.442844,ok
EES0423565__X1E__Y09__P012.jpg,0.869677,24.099358,ok
EES0423565__X1E__Y0C__P013.jpg,0.903243,25.044429,ok
EES0423565__X1E__Y39__P014.jpg,0.862397,23.837821,ok
EES0423565__X1E__Y3C__P015.jpg,0.820637,22.942963,ok
EES0423565__X1E__Y3F__P016.jpg,0.831387,23.374814,ok
EES0423565__X1E__Y42__P017.jpg,0.925328,28.367673,ok
EES0423565__X21__Y3C__P018.jpg,0.829601,22.838981,ok
EES0423565__X21__Y3F__P019.jpg,0.819956,22.830345,ok
EES0423565__X21__Y42__P020.jpg,0.877645,25.672944,ok
EES0423565__X27__Y3C__P021.jpg,0.845282,23.754487,ok
EES0423565__X2A__Y3C__P022.jpg,0.847002,25.243129,ok
EES0423565__X42__Y21__P023.jpg,0.890670,24.117059,ok
EES0423565__X42__Y27__P024.jpg,0.831936,22.753613,ok
EES0423565__X42__Y2A__P025.jpg,0.903716,24.058354,ok
EES0423566__X3F__Y1E__P001.jpg,0.761494,22.761262,ok
EES0423566__X3F__Y21__P002.jpg,0.725387,22.452583,ok
EES0423566__X3F__Y24__P003.jpg,0.747852,23.140346,ok
EES0423566__X0C__Y24__P004.jpg,0.796299,22.777743,ok
EES0423566__X12__Y36__P005.jpg,0.826436,23.166295,ok
EES0423566__X12__Y39__P006.jpg,0.896128,24.451444,ok
EES0423566__X15__Y39__P007.jpg,0.870038,24.813011,ok
EES0423566__X15__Y3C__P008.jpg,0.917588,24.696714,ok
EES0423566__X18__Y3C__P009.jpg,0.913424,29.397452,ok
EES0423566__X18__Y3F__P010.jpg,0.896593,23.540638,ok
EES0423566__X1B__Y09__P011.jpg,0.927209,26.453441,ok
EES0423566__X1B__Y3C__P012.jpg,0.854264,24.833251,ok
EES0423566__X1B__Y3F__P013.jpg,0.898139,25.461516,ok
EES0423566__X1E__Y09__P014.jpg,0.874905,26.266563,ok
EES0423566__X1E__Y39__P015.jpg,0.790887,22.717018,ok
EES0423566__X1E__Y3F__P016.jpg,0.831488,23.437665,ok
EES0423566__X21__Y42__P017.jpg,0.925825,26.972705,ok
EES0423566__X24__Y42__P018.jpg,0.948266,31.072559,ok
EES0423566__X27__Y42__P019.jpg,0.911076,29.081739,ok
EES0423566__X2A__Y42__P020.jpg,0.920387,30.444004,ok
EES0423566__X2D__Y3F__P021.jpg,0.786607,22.514977,ok
EES0423566__X2D__Y42__P022.jpg,0.940362,26.325684,ok
EES0423566__X30__Y09__P023.jpg,0.791978,23.995409,ok
EES0423566__X30__Y3F__P024.jpg,0.843186,22.942567,ok
EES0423566__X33__Y09__P025.jpg,0.864533,26.995619,ok
EES0423567__X33__Y3C__P001.jpg,0.879217,26.969984,ok
EES0423567__X33__Y3F__P002.jpg,0.931347,26.276442,ok
EES0423567__X36__Y3C__P003.jpg,0.889278,24.673271,ok
EES0423567__X39__Y0C__P004.jpg,0.936026,23.848794,ok
EES0423567__X39__Y39__P005.jpg,0.886239,24.650307,ok
EES0423567__X3C__Y36__P006.jpg,0.866116,24.903965,ok
EES0423567__X3C__Y39__P007.jpg,0.951872,25.409101,ok
EES0423567__X3F__Y30__P008.jpg,0.840053,23.652171,ok
EES0423567__X3F__Y33__P009.jpg,0.836246,23.598762,ok
EES0423567__X42__Y1B__P010.jpg,0.889694,23.626807,ok
EES0423567__X06__Y2A__P011.jpg,0.945373,25.648666,ok
EES0423567__X09__Y15__P012.jpg,0.929230,26.678799,ok
EES0423567__X09__Y18__P013.jpg,0.873992,23.491897,ok
EES0423567__X09__Y1B__P014.jpg,0.896992,24.603349,ok
EES0423567__X09__Y1E__P015.jpg,0.842443,23.163265,ok
EES0423567__X09__Y21__P016.jpg,0.829606,23.582790,ok
EES0423567__X09__Y24__P017.jpg,0.827689,23.734175,ok
EES0423567__X09__Y27__P018.jpg,0.889746,25.322309,ok
EES0423567__X0C__Y0F__P019.jpg,0.893783,23.936865,ok
EES0423567__X0C__Y1B__P020.jpg,0.816296,23.015507,ok
EES0423567__X0C__Y24__P021.jpg,0.831067,23.712671,ok
EES0423567__X0C__Y2A__P022.jpg,0.776386,22.269219,ok
EES0423567__X0C__Y2D__P023.jpg,0.838546,23.024138,ok
EES0423567__X0C__Y30__P024.jpg,0.802841,23.118113,ok
EES0423567__X0C__Y33__P025.jpg,0.910674,25.127336,ok
EES0423568__X0F__Y30__P001.jpg,0.847082,23.264721,ok
EES0423568__X18__Y06__P002.jpg,0.908923,23.721973,ok
EES0423568__X1B__Y06__P003.jpg,0.840804,23.452677,ok
EES0423568__X1E__Y03__P004.jpg,0.848388,23.493687,ok
EES0423568__X1E__Y3F__P005.jpg,0.897065,24.627537,ok
EES0423568__X21__Y03__P006.jpg,0.886522,26.521621,ok
EES0423568__X21__Y3F__P007.jpg,0.909799,27.631764,ok
EES0423568__X24__Y03__P008.jpg,0.888480,26.119241,ok
EES0423568__X24__Y3F__P009.jpg,0.936737,31.022651,ok
EES0423568__X27__Y03__P010.jpg,0.839785,25.477720,ok
EES0423568__X27__Y3F__P011.jpg,0.845614,23.023829,ok
EES0423568__X2A__Y03__P012.jpg,0.855850,27.232383,ok
EES0423568__X2D__Y03__P013.jpg,0.885122,23.389289,ok
EES0423568__X33__Y3C__P014.jpg,0.944401,25.362987,ok
EES0423568__X03__Y1E__P015.jpg,0.911301,27.615665,ok
EES0423568__X0C__Y1E__P016.jpg,0.877806,24.745705,ok
EES0423568__X0C__Y30__P017.jpg,0.851526,22.969978,ok
EES0423568__X0F__Y18__P018.jpg,0.869657,23.096628,ok
EES0423568__X0F__Y2D__P019.jpg,0.847517,23.288955,ok
EES0423568__X0F__Y30__P020.jpg,0.812991,22.874075,ok
EES0423568__X0F__Y33__P021.jpg,0.884232,24.480090,ok
EES0423568__X12__Y2A__P022.jpg,0.782764,22.388949,ok
EES0423568__X15__Y30__P023.jpg,0.773529,22.869250,ok
EES0423568__X18__Y3C__P024.jpg,0.887756,24.699627,ok
EES0423568__X1B__Y09__P025.jpg,0.894321,24.113421,ok
EES0423569__X2A__Y3F__P001.jpg,0.837978,23.067491,ok
EES0423569__X30__Y09__P002.jpg,0.810756,22.569657,ok
EES0423569__X30__Y3C__P003.jpg,0.831006,22.958435,ok
EES0423569__X39__Y0C__P004.jpg,0.886039,23.719254,ok
EES0423569__X3C__Y0F__P005.jpg,0.917907,24.179352,ok
EES0423569__X3F__Y12__P006.jpg,0.906444,24.082186,ok
EES0423569__X42__Y21__P007.jpg,0.858951,23.961675,ok
EES0423569__X42__Y33__P008.jpg,0.930588,27.243386,ok
EES0423569__X45__Y1E__P009.jpg,0.912436,27.576765,ok
EES0423569__X45__Y21__P010.jpg,0.860236,23.008963,ok
EES0423569__X45__Y2A__P011.jpg,0.904295,24.877752,ok
EES0423569__X45__Y2D__P012.jpg,0.927899,27.922199,ok
EES0423569__X0C__Y1B__P013.jpg,0.835747,23.031120,ok
EES0423569__X0C__Y1E__P014.jpg,0.852842,24.749562,ok
EES0423569__X0C__Y21__P015.jpg,0.837935,23.040065,ok
EES0423569__X0C__Y24__P016.jpg,0.859245,24.200955,ok
EES0423569__X0C__Y27__P017.jpg,0.815909,22.858033,ok
EES0423569__X0C__Y2A__P018.jpg,0.815729,23.959225,ok
EES0423569__X0C__Y2D__P019.jpg,0.806456,22.544026,ok
EES0423569__X21__Y0F__P020.jpg,0.756774,22.568292,ok
EES0423569__X21__Y39__P021.jpg,0.860590,23.118123,ok
EES0423569__X27__Y06__P022.jpg,0.812045,23.280469,ok
EES0423569__X2A__Y06__P023.jpg,0.915198,24.991540,ok
EES0423569__X33__Y09__P024.jpg,0.908744,25.095765,ok
EES0423569__X36__Y3C__P025.jpg,0.915195,23.460329,ok
EES0423570__X42__Y33__P001.jpg,0.907360,24.612298,ok
EES0423570__X09__Y1E__P002.jpg,0.866446,24.828039,ok
EES0423570__X09__Y21__P003.jpg,0.857787,23.802892,ok
EES0423570__X09__Y24__P004.jpg,0.862202,23.453687,ok
EES0423570__X09__Y30__P005.jpg,0.879510,24.079894,ok
EES0423570__X0C__Y36__P006.jpg,0.934052,24.188796,ok
EES0423570__X0F__Y1E__P007.jpg,0.791373,22.471113,ok
EES0423570__X12__Y15__P008.jpg,0.844173,23.489644,ok
EES0423570__X15__Y0F__P009.jpg,0.838646,23.413724,ok
EES0423570__X15__Y3F__P010.jpg,0.949055,25.803639,ok
EES0423570__X18__Y0C__P011.jpg,0.853751,23.019013,ok
EES0423570__X1B__Y42__P012.jpg,0.920809,26.145958,ok
EES0423570__X1E__Y0C__P013.jpg,0.853439,23.716589,ok
EES0423570__X21__Y09__P014.jpg,0.810126,23.873982,ok
EES0423570__X24__Y09__P015.jpg,0.863183,23.381020,ok
EES0423570__X27__Y09__P016.jpg,0.838189,22.956216,ok
EES0423570__X2A__Y09__P017.jpg,0.863329,23.147093,ok
EES0423570__X2D__Y42__P018.jpg,0.877071,24.082241,ok
EES0423570__X30__Y42__P019.jpg,0.932704,24.937826,ok
EES0423570__X33__Y0C__P020.jpg,0.914475,24.915668,ok
EES0423570__X36__Y3C__P021.jpg,0.894232,24.963105,ok
EES0423570__X3F__Y1B__P022.jpg,0.894150,24.083164,ok
EES0423570__X42__Y1B__P023.jpg,0.943395,25.434717,ok
EES0423570__X42__Y21__P024.jpg,0.945858,26.239047,ok
EES0423570__X42__Y24__P025.jpg,0.959881,27.925129,ok
EES0423571__X42__Y33__P001.jpg,0.911721,25.088432,ok
EES0423571__X0F__Y1E__P002.jpg,0.936459,29.296222,ok
EES0423571__X0F__Y21__P003.jpg,0.872918,27.599815,ok
EES0423571__X0F__Y24__P004.jpg,0.912934,27.791976,ok
EES0423571__X0F__Y27__P005.jpg,0.879397,27.697005,ok
EES0423571__X0F__Y2A__P006.jpg,0.845488,24.168710,ok
EES0423571__X12__Y18__P007.jpg,0.913936,23.824538,ok
EES0423571__X12__Y1E__P008.jpg,0.871196,25.188883,ok
EES0423571__X12__Y21__P009.jpg,0.841858,24.048363,ok
EES0423571__X12__Y27__P010.jpg,0.808741,22.574816,ok
EES0423571__X15__Y1E__P011.jpg,0.846265,23.927978,ok
EES0423571__X18__Y12__P012.jpg,0.868763,23.763898,ok
EES0423571__X18__Y15__P013.jpg,0.858056,24.226512,ok
EES0423571__X18__Y18__P014.jpg,0.835201,22.819143,ok
EES0423571__X18__Y1E__P015.jpg,0.862371,23.616193,ok
EES0423571__X1B__Y12__P016.jpg,0.837913,23.372202,ok
EES0423571__X1B__Y15__P017.jpg,0.832814,23.275053,ok
EES0423571__X1B__Y18__P018.jpg,0.850493,24.673194,ok
EES0423571__X1E__Y0F__P019.jpg,0.842760,23.427064,ok
EES0423571__X1E__Y12__P020.jpg,0.895051,26.684734,ok
EES0423571__X1E__Y15__P021.jpg,0.831570,23.831285,ok
EES0423571__X24__Y0C__P022.jpg,0.851439,23.568432,ok
EES0423571__X24__Y0F__P023.jpg,0.820668,24.244529,ok
EES0423571__X24__Y12__P024.jpg,0.829748,24.357410,ok
EES0423571__X24__Y15__P025.jpg,0.845279,25.250759,ok
EES0423572__X27__Y0C__P001.jpg,0.844204,22.907599,ok
EES0423572__X27__Y0F__P002.jpg,0.845994,23.266233,ok
EES0423572__X27__Y12__P003.jpg,0.825611,23.491230,ok
EES0423572__X33__Y0C__P004.jpg,0.827998,23.123019,ok
EES0423572__X33__Y3F__P005.jpg,0.930748,24.124695,ok
EES0423572__X33__Y42__P006.jpg,0.926855,25.732945,ok
EES0423572__X09__Y1B__P007.jpg,0.884219,24.403969,ok
EES0423572__X18__Y06__P008.jpg,0.884750,23.636568,ok
EES0423572__X1E__Y03__P009.jpg,0.940641,28.102934,ok
EES0423572__X21__Y03__P010.jpg,0.828271,24.635076,ok
EES0423572__X21__Y06__P011.jpg,0.863349,24.689203,ok
EES0423572__X21__Y3F__P012.jpg,0.895411,24.227012,ok
EES0423572__X24__Y03__P013.jpg,0.871502,25.486978,ok
EES0423572__X27__Y03__P014.jpg,0.880315,25.471465,ok
EES0423572__X2A__Y03__P015.jpg,0.879578,23.287322,ok
EES0423572__X2D__Y06__P016.jpg,0.869751,23.302850,ok
EES0423572__X33__Y06__P017.jpg,0.906828,26.243735,ok
EES0423572__X36__Y06__P018.jpg,0.899288,24.082455,ok
EES0423572__X36__Y09__P019.jpg,0.838943,22.902673,ok
EES0423572__X39__Y09__P020.jpg,0.856643,23.358274,ok
EES0423572__X3C__Y0C__P021.jpg,0.887248,24.149705,ok
EES0423572__X45__Y24__P022.jpg,0.842262,23.022347,ok
EES0423572__X09__Y1B__P023.jpg,0.930170,26.289099,ok
EES0423572__X09__Y1E__P024.jpg,0.936045,27.195377,ok
EES0423572__X0C__Y24__P025.jpg,0.888821,24.049385,ok
EES0423573__X0C__Y2D__P001.jpg,0.906085,25.323068,ok
EES0423573__X15__Y36__P002.jpg,0.909826,25.564950,ok
EES0423573__X15__Y39__P003.jpg,0.878471,25.012567,ok
EES0423573__X18__Y36__P004.jpg,0.885386,24.479730,ok
EES0423573__X18__Y39__P005.jpg,0.850695,24.863908,ok
EES0423573__X1B__Y36__P006.jpg,0.840058,22.921572,ok
EES0423573__X1E__Y39__P007.jpg,0.902783,25.820843,ok
EES0423573__X21__Y06__P008.jpg,0.888767,25.369366,ok
EES0423573__X21__Y39__P009.jpg,0.885367,25.660928,ok
EES0423573__X21__Y3F__P010.jpg,0.887302,26.268418,ok
EES0423573__X24__Y39__P011.jpg,0.831644,23.101030,ok
EES0423573__X2A__Y06__P012.jpg,0.862905,23.547500,ok
EES0423573__X2A__Y21__P013.jpg,0.838254,23.076881,ok
EES0423573__X30__Y09__P014.jpg,0.906217,24.013669,ok
EES0423573__X33__Y09__P015.jpg,0.943432,25.395414,ok
EES0423573__X36__Y0C__P016.jpg,0.888899,23.260191,ok
EES0423573__X3F__Y27__P017.jpg,0.881520,23.179377,ok
EES0423573__X09__Y1E__P018.jpg,0.923246,23.905075,ok
EES0423573__X30__Y06__P019.jpg,0.940174,24.158419,ok
EES0423573__X42__Y33__P020.jpg,0.951207,26.022613,ok
EES0423573__X18__Y06__P021.jpg,0.895659,23.988394,ok
EES0423573__X18__Y3F__P022.jpg,0.947631,23.915081,ok
EES0423573__X42__Y0F__P023.jpg,0.907110,24.193072,ok
EES0423573__X42__Y12__P024.jpg,0.884480,23.226302,ok
EES0423573__X2D__Y0C__P025.jpg,0.887944,23.305518,ok
EES0423574__X18__Y09__P001.jpg,0.916067,23.629791,ok
EES0423574__X21__Y42__P002.jpg,0.942534,26.404018,ok
EES0423574__X0C__Y2D__P003.jpg,0.846532,22.929444,ok
EES0423574__X39__Y2D__P004.jpg,0.838963,23.470033,ok
EES0423574__X03__Y2D__P005.jpg,0.851509,23.038510,ok
EES0423574__X03__Y30__P006.jpg,0.839603,23.580682,ok
EES0423574__X03__Y33__P007.jpg,0.916072,24.139427,ok
EES0423574__X06__Y33__P008.jpg,0.858969,23.565525,ok
EES0423574__X06__Y36__P009.jpg,0.876789,23.562980,ok
EES0423574__X0C__Y39__P010.jpg,0.859034,23.406140,ok
EES0423574__X0F__Y3C__P011.jpg,0.733810,22.870480,ok
EES0423574__X12__Y3F__P012.jpg,0.763443,23.659614,ok
EES0423574__X15__Y3F__P013.jpg,0.877195,24.594867,ok
EES0423574__X3F__Y33__P014.jpg,0.923464,23.995377,ok
EES0423574__X06__Y24__P015.jpg,0.897599,23.994326,ok
EES0423574__X1B__Y06__P016.jpg,0.895082,23.307908,ok
EES0423574__X2A__Y06__P017.jpg,0.932628,24.029718,ok
EES0423574__X33__Y09__P018.jpg,0.955113,25.189427,ok
EES0423574__X3C__Y12__P019.jpg,0.960990,25.164891,ok
EES0423574__X3F__Y18__P020.jpg,0.929819,25.132558,ok
EES0423574__X0C__Y24__P021.jpg,0.798809,22.679339,ok
EES0423574__X12__Y2D__P022.jpg,0.783794,22.382823,ok
EES0423574__X12__Y30__P023.jpg,0.787954,22.490779,ok
EES0423574__X15__Y0F__P024.jpg,0.841289,22.881268,ok
EES0423574__X15__Y12__P025.jpg,0.795284,22.483953,ok
EES0423575__X15__Y39__P001.jpg,0.776414,22.272660,ok
EES0423575__X18__Y39__P002.jpg,0.845280,23.016926,ok
EES0423575__X1B__Y39__P003.jpg,0.841348,22.837386,ok
EES0423575__X1E__Y1E__P004.jpg,0.784817,22.360476,ok
EES0423575__X1E__Y3C__P005.jpg,0.788446,22.406016,ok
EES0423575__X33__Y33__P006.jpg,0.709333,21.897172,ok
EES0423575__X33__Y39__P007.jpg,0.826174,22.910000,ok
EES0423575__X3F__Y2A__P008.jpg,0.842156,22.974126,ok
EES0423575__X0C__Y21__P009.jpg,0.911771,24.356957,ok
EES0423575__X0C__Y39__P010.jpg,0.954351,28.667967,ok
EES0423575__X0F__Y27__P011.jpg,0.910466,23.977014,ok
EES0423575__X0F__Y39__P012.jpg,0.938189,25.821238,ok
EES0423575__X12__Y1B__P013.jpg,0.902106,23.589565,ok
EES0423575__X27__Y3C__P014.jpg,0.878363,24.389579,ok
EES0423575__X2A__Y2D__P015.jpg,0.928563,24.163880,ok
EES0423575__X2D__Y12__P016.jpg,0.916693,24.194385,ok
EES0423575__X2D__Y3C__P017.jpg,0.918119,23.489203,ok
EES0423575__X33__Y0F__P018.jpg,0.907804,25.307184,ok
EES0423575__X06__Y15__P019.jpg,0.829881,24.399894,ok
EES0423575__X06__Y18__P020.jpg,0.803109,23.150284,ok
EES0423575__X06__Y1B__P021.jpg,0.744326,22.194515,ok
EES0423575__X06__Y21__P022.jpg,0.837873,23.798130,ok
EES0423575__X09__Y1E__P023.jpg,0.777747,22.976178,ok
EES0423575__X0C__Y2D__P024.jpg,0.778420,22.757776,ok
EES0423575__X0F__Y09__P025.jpg,0.890860,24.822938,ok
EES0423576__X1E__Y03__P001.jpg,0.860025,23.023186,ok
EES0423576__X2D__Y06__P002.jpg,0.886344,25.268779,ok
EES0423576__X03__Y21__P003.jpg,0.917641,24.513868,ok
EES0423576__X03__Y24__P004.jpg,0.894296,24.349117,ok
EES0423576__X03__Y27__P005.jpg,0.939678,26.101106,ok
EES0423576__X03__Y2A__P006.jpg,0.901440,24.936749,ok
EES0423576__X06__Y15__P007.jpg,0.925700,23.607649,ok
EES0423576__X06__Y1B__P008.jpg,0.812454,23.133776,ok
EES0423576__X06__Y1E__P009.jpg,0.812883,22.570303,ok
EES0423576__X06__Y24__P010.jpg,0.832295,23.353782,ok
EES0423576__X06__Y27__P011.jpg,0.780789,22.537658,ok
EES0423576__X06__Y2A__P012.jpg,0.863963,24.454277,ok
EES0423576__X06__Y2D__P013.jpg,0.905563,23.586277,ok
EES0423576__X09__Y27__P014.jpg,0.798856,22.827422,ok
EES0423576__X09__Y2A__P015.jpg,0.832182,23.112520,ok
EES0423576__X09__Y2D__P016.jpg,0.880488,23.939659,ok
EES0423576__X09__Y33__P017.jpg,0.923845,24.531846,ok
EES0423576__X0C__Y30__P018.jpg,0.818832,23.406680,ok
EES0423576__X0C__Y33__P019.jpg,0.811651,23.058957,ok
EES0423576__X0C__Y36__P020.jpg,0.805226,22.591276,ok
EES0423576__X0C__Y39__P021.jpg,0.935968,24.308306,ok
EES0423576__X0F__Y30__P022.jpg,0.768638,22.324799,ok
EES0423576__X0F__Y36__P023.jpg,0.878832,23.291487,ok
EES0423576__X0F__Y39__P024.jpg,0.897152,24.085730,ok
EES0423576__X0F__Y3C__P025.jpg,0.902024,24.460326,ok
EES0423577__X3F__Y36__P001.jpg,0.875855,23.908321,ok
EES0423577__X42__Y1B__P002.jpg,0.916724,24.076868,ok
EES0423577__X42__Y2D__P003.jpg,0.923399,27.426658,ok
EES0423577__X15__Y15__P004.jpg,0.899402,23.641662,ok
EES0423577__X18__Y06__P005.jpg,0.931743,23.811652,ok
EES0423577__X1E__Y1B__P006.jpg,0.895853,24.272600,ok
EES0423577__X1E__Y39__P007.jpg,0.903275,23.886756,ok
EES0423577__X33__Y30__P008.jpg,0.895530,23.314506,ok
EES0423577__X0C__Y27__P009.jpg,0.869070,23.257344,ok
EES0423577__X0F__Y2D__P010.jpg,0.890930,23.792269,ok
EES0423577__X12__Y0F__P011.jpg,0.900120,23.902720,ok
EES0423577__X12__Y39__P012.jpg,0.886630,23.291069,ok
EES0423577__X15__Y0F__P013.jpg,0.876262,23.182961,ok
EES0423577__X15__Y33__P014.jpg,0.886992,23.467159,ok
EES0423577__X18__Y36__P015.jpg,0.922428,24.168519,ok
EES0423577__X18__Y39__P016.jpg,0.898802,23.823571,ok
EES0423577__X3C__Y2A__P017.jpg,0.870199,23.263124,ok
EES0423577__X0C__Y0C__P018.jpg,0.941646,24.688604,ok
EES0423577__X0C__Y18__P019.jpg,0.890083,23.540665,ok
EES0423577__X0C__Y21__P020.jpg,0.926153,23.967905,ok
EES0423577__X0C__Y2D__P021.jpg,0.942443,24.144563,ok
EES0423577__X0F__Y0F__P022.jpg,0.915675,23.628782,ok
EES0423577__X0F__Y30__P023.jpg,0.902003,23.460755,ok
EES0423577__X21__Y03__P024.jpg,0.955271,28.335431,ok
EES0423577__X27__Y12__P025.jpg,0.926645,24.312959,ok
EES0423578__X21__Y06__P001.jpg,0.919922,25.530937,ok
EES0423578__X24__Y06__P002.jpg,0.926297,24.958064,ok
EES0423578__X24__Y42__P003.jpg,0.849876,23.400509,ok
EES0423578__X27__Y06__P004.jpg,0.948306,25.283037,ok
EES0423578__X27__Y42__P005.jpg,0.895549,24.328446,ok
EES0423578__X2A__Y42__P006.jpg,0.903015,23.697801,ok
EES0423578__X33__Y18__P007.jpg,0.885096,24.194773,ok
EES0423578__X42__Y2D__P008.jpg,0.911951,25.269033,ok
EES0423578__X45__Y21__P009.jpg,0.916434,24.060111,ok
EES0423578__X0C__Y1E__P010.jpg,0.825225,23.548669,ok
EES0423578__X1E__Y3C__P011.jpg,0.851086,23.515803,ok
EES0423578__X21__Y3C__P012.jpg,0.867703,23.312312,ok
EES0423578__X24__Y3C__P013.jpg,0.880718,23.857191,ok
EES0423578__X27__Y39__P014.jpg,0.862411,23.565847,ok
EES0423578__X2A__Y36__P015.jpg,0.856806,22.985512,ok
EES0423578__X2A__Y39__P016.jpg,0.891446,25.079294,ok
EES0423578__X2D__Y36__P017.jpg,0.867522,23.159778,ok
EES0423578__X30__Y30__P018.jpg,0.771639,22.239697,ok
EES0423578__X30__Y33__P019.jpg,0.808649,22.750611,ok
EES0423578__X36__Y2A__P020.jpg,0.865681,23.666116,ok
EES0423578__X36__Y2D__P021.jpg,0.909371,24.551540,ok
EES0423578__X39__Y1E__P022.jpg,0.821751,22.987694,ok
EES0423578__X39__Y2D__P023.jpg,0.888933,23.610446,ok
EES0423578__X3C__Y1B__P024.jpg,0.861824,24.377672,ok
EES0423578__X3C__Y1E__P025.jpg,0.877130,23.731460,ok
EES0423579__X21__Y09__P001.jpg,0.854524,23.640184,ok
EES0423579__X24__Y09__P002.jpg,0.909232,24.371839,ok
EES0423579__X24__Y0F__P003.jpg,0.882268,23.694284,ok
EES0423579__X27__Y0C__P004.jpg,0.823569,23.363391,ok
EES0423579__X2A__Y09__P005.jpg,0.852846,23.161096,ok
EES0423579__X2A__Y0F__P006.jpg,0.861340,23.476789,ok
EES0423579__X2D__Y09__P007.jpg,0.930778,24.883279,ok
EES0423579__X2D__Y0C__P008.jpg,0.828789,24.255403,ok
EES0423579__X2D__Y0F__P009.jpg,0.833533,23.423285,ok
EES0423579__X30__Y0C__P010.jpg,0.920470,25.379676,ok
EES0423579__X33__Y18__P011.jpg,0.840399,22.990350,ok
EES0423579__X33__Y1B__P012.jpg,0.873949,23.545719,ok
EES0423579__X36__Y12__P013.jpg,0.804389,22.735222,ok
EES0423579__X36__Y15__P014.jpg,0.862193,24.222156,ok
EES0423579__X39__Y15__P015.jpg,0.838863,22.880737,ok
EES0423579__X3C__Y21__P016.jpg,0.811397,22.591488,ok
EES0423579__X3C__Y24__P017.jpg,0.863936,24.011054,ok
EES0423579__X3C__Y27__P018.jpg,0.811246,23.276536,ok
EES0423579__X3F__Y1E__P019.jpg,0.902271,23.481270,ok
EES0423579__X3F__Y24__P020.jpg,0.831841,22.776618,ok
EES0423579__X3F__Y27__P021.jpg,0.857465,23.019778,ok
EES0423579__X3F__Y2A__P022.jpg,0.889132,23.786632,ok
EES0423579__X06__Y12__P023.jpg,0.879964,25.293343,ok
EES0423579__X06__Y15__P024.jpg,0.866880,23.727813,ok
EES0423579__X06__Y18__P025.jpg,0.881114,23.803812,ok
EES0423580__X06__Y1E__P001.jpg,0.841747,23.088095,ok
EES0423580__X06__Y24__P002.jpg,0.854576,23.139083,ok
EES0423580__X06__Y27__P003.jpg,0.862788,23.556450,ok
EES0423580__X06__Y2A__P004.jpg,0.870529,23.618505,ok
EES0423580__X06__Y2D__P005.jpg,0.879450,23.651549,ok
EES0423580__X09__Y0F__P006.jpg,0.884288,23.609801,ok
EES0423580__X09__Y12__P007.jpg,0.800357,22.995630,ok
EES0423580__X1B__Y27__P008.jpg,0.727962,22.046259,ok
EES0423580__X21__Y3F__P009.jpg,0.892746,23.905709,ok
EES0423580__X27__Y3C__P010.jpg,0.773745,22.271572,ok
EES0423580__X27__Y3F__P011.jpg,0.857662,23.638013,ok
EES0423580__X2A__Y3F__P012.jpg,0.917228,25.233976,ok
EES0423580__X2D__Y3F__P013.jpg,0.929811,28.254641,ok
EES0423580__X30__Y36__P014.jpg,0.792203,22.580769,ok
EES0423580__X30__Y39__P015.jpg,0.860292,23.072103,ok
EES0423580__X30__Y3C__P016.jpg,0.896409,23.967261,ok
EES0423580__X33__Y39__P017.jpg,0.899890,24.394383,ok
EES0423580__X39__Y36__P018.jpg,0.922253,24.533655,ok
EES0423580__X3C__Y30__P019.jpg,0.895656,25.415551,ok
EES0423580__X30__Y3C__P020.jpg,0.900687,24.011918,ok
EES0423580__X33__Y0C__P021.jpg,0.837929,23.801086,ok
EES0423580__X3F__Y1E__P022.jpg,0.818558,22.789232,ok
EES0423580__X09__Y2D__P023.jpg,0.925551,24.187574,ok
EES0423580__X0C__Y12__P024.jpg,0.896485,24.226914,ok
EES0423580__X0C__Y33__P025.jpg,0.949919,27.800586,ok
EES0423581__X09__Y18__P001.jpg,0.788924,22.459892,ok
EES0423581__X09__Y24__P002.jpg,0.768968,23.184732,ok
EES0423581__X09__Y27__P003.jpg,0.826213,23.683533,ok
EES0423581__X09__Y2A__P004.jpg,0.912223,26.037458,ok
EES0423581__X0C__Y0F__P005.jpg,0.771791,23.317020,ok
EES0423581__X0C__Y2D__P006.jpg,0.798115,22.800640,ok
EES0423581__X0C__Y33__P007.jpg,0.928547,24.516184,ok
EES0423581__X0F__Y33__P008.jpg,0.780864,22.700260,ok
EES0423581__X0F__Y36__P009.jpg,0.932926,26.141909,ok
EES0423581__X12__Y36__P010.jpg,0.838897,23.739766,ok
EES0423581__X12__Y39__P011.jpg,0.918578,25.357957,ok
EES0423581__X18__Y03__P012.jpg,0.921470,25.674839,ok
EES0423581__X18__Y06__P013.jpg,0.826852,23.643357,ok
EES0423581__X18__Y3C__P014.jpg,0.850918,24.392350,ok
EES0423581__X1E__Y3C__P015.jpg,0.790625,22.859335,ok
EES0423581__X24__Y3C__P016.jpg,0.789833,22.455679,ok
EES0423581__X24__Y3F__P017.jpg,0.922182,26.163157,ok
EES0423581__X27__Y3F__P018.jpg,0.912996,25.623592,ok
EES0423581__X2A__Y3C__P019.jpg,0.882320,24.959326,ok
EES0423581__X2A__Y3F__P020.jpg,0.897555,26.177044,ok
EES0423581__X2D__Y03__P021.jpg,0.826519,22.992900,ok
EES0423581__X2D__Y3C__P022.jpg,0.828548,23.551390,ok
EES0423581__X30__Y03__P023.jpg,0.940583,25.340321,ok
EES0423581__X30__Y3C__P024.jpg,0.839505,23.472954,ok
EES0423581__X33__Y06__P025.jpg,0.843424,24.410332,ok
EES0423582__X33__Y33__P001.jpg,0.690996,21.555763,ok
EES0423582__X36__Y06__P002.jpg,0.936557,27.356005,ok
EES0423582__X36__Y09__P003.jpg,0.818793,23.500315,ok
EES0423582__X36__Y33__P004.jpg,0.732161,22.315791,ok
EES0423582__X36__Y36__P005.jpg,0.759122,22.452888,ok
EES0423582__X36__Y39__P006.jpg,0.893087,24.891979,ok
EES0423582__X39__Y09__P007.jpg,0.918278,24.945219,ok
EES0423582__X39__Y36__P008.jpg,0.892559,25.497848,ok
EES0423582__X3C__Y0C__P009.jpg,0.830656,23.248518,ok
EES0423582__X3C__Y33__P010.jpg,0.872645,24.887161,ok
EES0423582__X3F__Y0F__P011.jpg,0.892502,24.402277,ok
EES0423582__X3F__Y15__P012.jpg,0.826263,22.770469,ok
EES0423582__X3F__Y18__P013.jpg,0.830573,22.921113,ok
EES0423582__X3F__Y1B__P014.jpg,0.816965,23.452972,ok
EES0423582__X3F__Y30__P015.jpg,0.882508,24.924439,ok
EES0423582__X42__Y15__P016.jpg,0.902960,24.943892,ok
EES0423582__X42__Y18__P017.jpg,0.811715,24.072835,ok
EES0423582__X42__Y24__P018.jpg,0.768594,22.610672,ok
EES0423582__X42__Y2A__P019.jpg,0.931162,25.558542,ok
EES0423582__X45__Y18__P020.jpg,0.952890,29.364636,ok
EES0423582__X45__Y1E__P021.jpg,0.929706,26.254949,ok
EES0423582__X45__Y21__P022.jpg,0.894284,26.292935,ok
EES0423582__X45__Y24__P023.jpg,0.914144,24.802728,ok
EES0423582__X0C__Y1E__P024.jpg,0.950487,24.662953,ok
EES0423582__X0C__Y24__P025.jpg,0.846719,24.241715,ok
EES0423583__X1B__Y15__P001.jpg,0.874752,24.117322,ok
EES0423583__X1B__Y18__P002.jpg,0.912741,24.752349,ok
EES0423583__X1B__Y21__P003.jpg,0.886935,23.949361,ok
EES0423583__X1E__Y09__P004.jpg,0.945692,25.350560,ok
EES0423583__X1E__Y0C__P005.jpg,0.893404,23.508174,ok
EES0423583__X1E__Y0F__P006.jpg,0.876314,23.809941,ok
EES0423583__X1E__Y12__P007.jpg,0.823521,22.775540,ok
EES0423583__X1E__Y15__P008.jpg,0.931887,27.607446,ok
EES0423583__X1E__Y18__P009.jpg,0.924645,25.194656,ok
EES0423583__X1E__Y21__P010.jpg,0.912686,24.529069,ok
EES0423583__X1E__Y2D__P011.jpg,0.848079,23.559059,ok
EES0423583__X21__Y09__P012.jpg,0.920612,24.972401,ok
EES0423583__X21__Y0C__P013.jpg,0.903970,24.357211,ok
EES0423583__X21__Y15__P014.jpg,0.883041,23.900227,ok
EES0423583__X21__Y21__P015.jpg,0.889686,24.834027,ok
EES0423583__X21__Y2A__P016.jpg,0.906009,24.098714,ok
EES0423583__X21__Y2D__P017.jpg,0.895598,23.477152,ok
EES0423583__X24__Y09__P018.jpg,0.920529,24.261677,ok
EES0423583__X24__Y15__P019.jpg,0.856203,23.967163,ok
EES0423583__X24__Y18__P020.jpg,0.864746,23.239615,ok
EES0423583__X24__Y24__P021.jpg,0.858302,23.074431,ok
EES0423583__X24__Y2A__P022.jpg,0.910199,23.994242,ok
EES0423583__X24__Y2D__P023.jpg,0.924836,25.500632,ok
EES0423583__X24__Y30__P024.jpg,0.859599,24.637271,ok
EES0423583__X27__Y0F__P025.jpg,0.825827,23.692393,ok
EES0423584__X27__Y12__P001.jpg,0.938072,24.684438,ok
EES0423584__X27__Y1E__P002.jpg,0.888816,23.295355,ok
EES0423584__X27__Y24__P003.jpg,0.902398,26.123948,ok
EES0423584__X27__Y27__P004.jpg,0.864810,23.373741,ok
EES0423584__X27__Y2A__P005.jpg,0.901262,23.907376,ok
EES0423584__X27__Y30__P006.jpg,0.924878,25.965460,ok
EES0423584__X2A__Y0C__P007.jpg,0.947443,24.990718,ok
EES0423584__X2A__Y12__P008.jpg,0.944951,24.088252,ok
EES0423584__X2A__Y21__P009.jpg,0.916132,26.284207,ok
EES0423584__X2A__Y24__P010.jpg,0.906721,24.115747,ok
EES0423584__X2A__Y27__P011.jpg,0.881594,23.684541,ok
EES0423584__X2A__Y30__P012.jpg,0.921924,26.007728,ok
EES0423584__X2A__Y33__P013.jpg,0.900298,24.804867,ok
EES0423584__X2D__Y0C__P014.jpg,0.881872,24.079039,ok
EES0423584__X2D__Y21__P015.jpg,0.884410,24.499149,ok
EES0423584__X2D__Y24__P016.jpg,0.865661,23.927242,ok
EES0423584__X2D__Y2D__P017.jpg,0.831462,22.803287,ok
EES0423584__X30__Y12__P018.jpg,0.887267,24.462517,ok
EES0423584__X0C__Y18__P019.jpg,0.853816,23.748005,ok
EES0423584__X0C__Y1B__P020.jpg,0.848430,23.267598,ok
EES0423584__X0C__Y27__P021.jpg,0.862352,23.541760,ok
EES0423584__X0F__Y24__P022.jpg,0.873334,23.106607,ok
EES0423584__X12__Y30__P023.jpg,0.898218,24.271413,ok
EES0423584__X12__Y33__P024.jpg,0.898062,24.484270,ok
EES0423584__X15__Y2D__P025.jpg,0.897355,23.534041,ok
EES0423585__X12__Y1E__P001.jpg,0.873470,24.190438,ok
EES0423585__X15__Y1E__P002.jpg,0.897158,24.706813,ok
EES0423585__X18__Y09__P003.jpg,0.843518,23.525413,ok
EES0423585__X18__Y18__P004.jpg,0.887590,25.656168,ok
EES0423585__X18__Y1E__P005.jpg,0.882341,24.644770,ok
EES0423585__X18__Y24__P006.jpg,0.892091,24.231906,ok
EES0423585__X18__Y27__P007.jpg,0.888115,25.084004,ok
EES0423585__X1B__Y24__P008.jpg,0.899241,27.088457,ok
EES0423585__X1B__Y27__P009.jpg,0.893243,25.567024,ok
EES0423585__X1E__Y09__P010.jpg,0.900682,26.097875,ok
EES0423585__X1E__Y2A__P011.jpg,0.883403,23.772047,ok
EES0423585__X21__Y09__P012.jpg,0.885732,25.893137,ok
EES0423585__X21__Y0C__P013.jpg,0.893803,26.736701,ok
EES0423585__X21__Y2D__P014.jpg,0.800775,23.128047,ok
EES0423585__X21__Y39__P015.jpg,0.909207,25.834929,ok
EES0423585__X24__Y12__P016.jpg,0.890202,23.793533,ok
EES0423585__X27__Y30__P017.jpg,0.861865,23.307949,ok
EES0423585__X27__Y3C__P018.jpg,0.879252,23.355390,ok
EES0423585__X2A__Y2A__P019.jpg,0.882865,24.456576,ok
EES0423585__X2A__Y2D__P020.jpg,0.884380,25.248514,ok
EES0423585__X2A__Y3C__P021.jpg,0.893792,26.015440,ok
EES0423585__X2D__Y2D__P022.jpg,0.897665,25.178479,ok
EES0423585__X36__Y36__P023.jpg,0.917375,25.171361,ok
EES0423585__X39__Y0F__P024.jpg,0.873906,24.033723,ok
EES0423585__X39__Y2A__P025.jpg,0.897384,24.277805,ok
EES0423586__X3C__Y1E__P001.jpg,0.898763,27.383408,ok
EES0423586__X3C__Y21__P002.jpg,0.896995,27.671821,ok
EES0423586__X3C__Y2A__P003.jpg,0.907876,23.991519,ok
EES0423586__X3F__Y15__P004.jpg,0.924635,29.922817,ok
EES0423586__X3F__Y21__P005.jpg,0.924783,30.235516,ok
EES0423586__X3F__Y2A__P006.jpg,0.868768,24.180106,ok
EES0423586__X42__Y24__P007.jpg,0.869804,24.994203,ok
EES0423586__X42__Y27__P008.jpg,0.884463,26.214288,ok
EES0423586__X0F__Y1E__P009.jpg,0.875057,28.084952,ok
EES0423586__X18__Y21__P010.jpg,0.852365,23.433587,ok
EES0423586__X1B__Y33__P011.jpg,0.854025,23.043214,ok
EES0423586__X1E__Y0F__P012.jpg,0.869449,23.992371,ok
EES0423586__X1E__Y12__P013.jpg,0.821590,22.866218,ok
EES0423586__X1E__Y15__P014.jpg,0.880623,23.827404,ok
EES0423586__X21__Y18__P015.jpg,0.855136,23.284406,ok
EES0423586__X21__Y1E__P016.jpg,0.844354,23.217811,ok
EES0423586__X21__Y21__P017.jpg,0.897426,28.105547,ok
EES0423586__X21__Y2A__P018.jpg,0.880699,26.354841,ok
EES0423586__X21__Y2D__P019.jpg,0.822925,23.030325,ok
EES0423586__X21__Y30__P020.jpg,0.874225,25.669560,ok
EES0423586__X24__Y1B__P021.jpg,0.845515,24.336136,ok
EES0423586__X24__Y21__P022.jpg,0.849264,23.168743,ok
EES0423586__X24__Y2A__P023.jpg,0.853708,23.599637,ok
EES0423586__X24__Y2D__P024.jpg,0.851765,24.221214,ok
EES0423586__X27__Y15__P025.jpg,0.864100,24.256932,ok
EES0423587__X27__Y1B__P001.jpg,0.886197,27.160594,ok
EES0423587__X27__Y1E__P002.jpg,0.841979,22.956118,ok
EES0423587__X27__Y21__P003.jpg,0.841966,23.447247,ok
EES0423587__X27__Y2A__P004.jpg,0.876939,23.656929,ok
EES0423587__X2A__Y18__P005.jpg,0.859154,25.867486,ok
EES0423587__X2A__Y1B__P006.jpg,0.867161,28.349219,ok
EES0423587__X2D__Y1B__P007.jpg,0.912952,34.839143,ok
EES0423587__X2D__Y24__P008.jpg,0.884540,24.797777,ok
EES0423587__X30__Y0C__P009.jpg,0.888217,25.285451,ok
EES0423587__X33__Y06__P010.jpg,0.910025,25.907101,ok
EES0423587__X33__Y1E__P011.jpg,0.874373,24.114590,ok
EES0423587__X36__Y1E__P012.jpg,0.879274,24.652813,ok
EES0423587__X36__Y21__P013.jpg,0.850591,25.781012,ok
EES0423587__X36__Y24__P014.jpg,0.871166,26.834712,ok
EES0423587__X36__Y27__P015.jpg,0.874948,23.229184,ok
EES0423587__X39__Y1E__P016.jpg,0.884248,26.748821,ok
EES0423587__X39__Y27__P017.jpg,0.861684,25.892728,ok
EES0423587__X39__Y2A__P018.jpg,0.828091,23.312623,ok
EES0423587__X3C__Y15__P019.jpg,0.876606,26.165246,ok
EES0423587__X3C__Y21__P020.jpg,0.883046,27.224932,ok
EES0423587__X3C__Y27__P021.jpg,0.852462,23.181593,ok
EES0423587__X3C__Y2A__P022.jpg,0.838805,23.106592,ok
EES0423587__X3F__Y1B__P023.jpg,0.815629,22.736464,ok
EES0423587__X3F__Y1E__P024.jpg,0.858398,24.809512,ok
EES0423587__X42__Y1B__P025.jpg,0.831188,24.178821,ok
EES0423588__X21__Y39__P001.jpg,0.873448,25.143359,ok
EES0423588__X24__Y15__P002.jpg,0.906263,25.463841,ok
EES0423588__X24__Y36__P003.jpg,0.895990,24.524385,ok
EES0423588__X27__Y30__P004.jpg,0.903688,28.081468,ok
EES0423588__X2A__Y21__P005.jpg,0.903449,30.956742,ok
EES0423588__X2A__Y27__P006.jpg,0.836664,24.015714,ok
EES0423588__X2A__Y2D__P007.jpg,0.920306,28.660603,ok
EES0423588__X2A__Y36__P008.jpg,0.846618,23.116672,ok
EES0423588__X2A__Y39__P009.jpg,0.830733,25.793187,ok
EES0423588__X2A__Y3C__P010.jpg,0.804622,24.954116,ok
EES0423588__X2D__Y21__P011.jpg,0.888705,28.435361,ok
EES0423588__X2D__Y3C__P012.jpg,0.886721,26.417379,ok
EES0423588__X33__Y30__P013.jpg,0.852407,23.498884,ok
EES0423588__X39__Y2A__P014.jpg,0.893746,25.609695,ok
EES0423588__X39__Y2D__P015.jpg,0.812111,23.492557,ok
EES0423588__X3C__Y2A__P016.jpg,0.913062,27.462101,ok
EES0423588__X09__Y18__P017.jpg,0.881010,24.089516,ok
EES0423588__X12__Y0C__P018.jpg,0.855809,23.949415,ok
EES0423588__X15__Y0C__P019.jpg,0.917276,24.345531,ok
EES0423588__X1B__Y09__P020.jpg,0.897166,25.677898,ok
EES0423588__X21__Y09__P021.jpg,0.843657,24.739619,ok
EES0423588__X21__Y0C__P022.jpg,0.850070,25.164256,ok
EES0423588__X24__Y0C__P023.jpg,0.822172,26.099429,ok
EES0423588__X24__Y0F__P024.jpg,0.761300,22.502893,ok
EES0423588__X24__Y45__P025.jpg,0.823299,23.264663,ok
EES0423589__X27__Y45__P001.jpg,0.805584,22.725821,ok
EES0423589__X2A__Y09__P002.jpg,0.879098,23.341908,ok
EES0423589__X33__Y39__P003.jpg,0.847514,23.241696,ok
EES0423589__X33__Y42__P004.jpg,0.848230,23.661486,ok
EES0423589__X36__Y36__P005.jpg,0.833627,24.947472,ok
EES0423589__X15__Y33__P006.jpg,0.861301,23.685757,ok
EES0423589__X18__Y33__P007.jpg,0.832659,24.086209,ok
EES0423589__X18__Y3C__P008.jpg,0.897995,26.717291,ok
EES0423589__X21__Y39__P009.jpg,0.839021,23.138800,ok
EES0423589__X21__Y3F__P010.jpg,0.818371,23.137116,ok
EES0423589__X2A__Y39__P011.jpg,0.823853,23.386369,ok
EES0423589__X2A__Y3C__P012.jpg,0.810708,23.066187,ok
EES0423589__X2A__Y3F__P013.jpg,0.854087,23.930465,ok
EES0423589__X2D__Y39__P014.jpg,0.916074,29.555769,ok
EES0423589__X33__Y30__P015.jpg,0.894277,24.140202,ok
EES0423589__X33__Y36__P016.jpg,0.848580,23.189478,ok
EES0423589__X33__Y3C__P017.jpg,0.880995,24.848334,ok
EES0423589__X36__Y39__P018.jpg,0.849477,23.198479,ok
EES0423589__X39__Y36__P019.jpg,0.862535,24.656192,ok
EES0423589__X3C__Y18__P020.jpg,0.892003,26.770137,ok
EES0423589__X3C__Y24__P021.jpg,0.822377,23.324047,ok
EES0423589__X3C__Y30__P022.jpg,0.840869,25.151569,ok
EES0423589__X3C__Y33__P023.jpg,0.792903,23.229392,ok
EES0423589__X0C__Y30__P024.jpg,0.775797,24.496474,ok
EES0423589__X15__Y09__P025.jpg,0.914937,25.424083,ok
EES0423590__X33__Y15__P001.jpg,0.861421,23.719583,ok
EES0423590__X39__Y1E__P002.jpg,0.879811,24.526539,ok
EES0423590__X3C__Y27__P003.jpg,0.906823,28.051581,ok
EES0423590__X3C__Y2D__P004.jpg,0.858194,23.810609,ok
EES0423590__X3F__Y24__P005.jpg,0.896657,25.310351,ok
EES0423590__X0F__Y15__P006.jpg,0.877893,24.927211,ok
EES0423590__X18__Y0C__P007.jpg,0.900459,25.453692,ok
EES0423590__X1B__Y27__P008.jpg,0.871863,24.255091,ok
EES0423590__X1B__Y3F__P009.jpg,0.906601,27.275700,ok
EES0423590__X1E__Y09__P010.jpg,0.840289,23.057191,ok
EES0423590__X1E__Y0C__P011.jpg,0.897798,24.414908,ok
EES0423590__X1E__Y0F__P012.jpg,0.891411,25.259737,ok
EES0423590__X1E__Y15__P013.jpg,0.871499,24.477105,ok
EES0423590__X1E__Y24__P014.jpg,0.866889,23.354857,ok
EES0423590__X1E__Y3F__P015.jpg,0.871272,23.726314,ok
EES0423590__X21__Y09__P016.jpg,0.873493,23.200082,ok
EES0423590__X21__Y0C__P017.jpg,0.911725,28.264648,ok
EES0423590__X21__Y0F__P018.jpg,0.857044,24.349683,ok
EES0423590__X21__Y12__P019.jpg,0.835752,23.249954,ok
EES0423590__X21__Y15__P020.jpg,0.876449,24.810105,ok
EES0423590__X21__Y18__P021.jpg,0.865819,24.198518,ok
EES0423590__X21__Y21__P022.jpg,0.867112,25.319894,ok
EES0423590__X21__Y24__P023.jpg,0.883298,24.407940,ok
EES0423590__X21__Y30__P024.jpg,0.889342,29.187722,ok
EES0423590__X21__Y33__P025.jpg,0.882476,25.647086,ok
EES0423591__X18__Y39__P001.jpg,0.854479,24.347095,ok
EES0423591__X1B__Y1E__P002.jpg,0.822444,23.680273,ok
EES0423591__X1B__Y33__P003.jpg,0.840788,24.849808,ok
EES0423591__X1E__Y15__P004.jpg,0.902014,27.064325,ok
EES0423591__X1E__Y24__P005.jpg,0.869750,23.849086,ok
EES0423591__X1E__Y3F__P006.jpg,0.836151,24.623556,ok
EES0423591__X21__Y45__P007.jpg,0.840972,24.862535,ok
EES0423591__X24__Y30__P008.jpg,0.859193,24.758069,ok
EES0423591__X27__Y3C__P009.jpg,0.876274,24.741700,ok
EES0423591__X27__Y42__P010.jpg,0.906846,27.159066,ok
EES0423591__X2A__Y30__P011.jpg,0.857791,24.298155,ok
EES0423591__X2A__Y39__P012.jpg,0.848295,26.633727,ok
EES0423591__X2A__Y3C__P013.jpg,0.894809,32.332455,ok
EES0423591__X2A__Y3F__P014.jpg,0.883508,28.509832,ok
EES0423591__X2D__Y27__P015.jpg,0.875259,26.912598,ok
EES0423591__X2D__Y3C__P016.jpg,0.815347,23.191262,ok
EES0423591__X2D__Y3F__P017.jpg,0.810164,23.190708,ok
EES0423591__X30__Y1B__P018.jpg,0.834501,23.702559,ok
EES0423591__X33__Y33__P019.jpg,0.850720,24.733834,ok
EES0423591__X33__Y39__P020.jpg,0.823521,23.047483,ok
EES0423591__X36__Y15__P021.jpg,0.858854,26.673464,ok
EES0423591__X36__Y21__P022.jpg,0.866614,26.804709,ok
EES0423591__X36__Y27__P023.jpg,0.880838,23.602628,ok
EES0423591__X36__Y2D__P024.jpg,0.865276,26.057964,ok
EES0423591__X36__Y30__P025.jpg,0.830646,23.162024,ok
EES0423592__X2A__Y3F__P001.jpg,0.896337,23.955079,ok
EES0423592__X2D__Y2A__P002.jpg,0.884590,25.081275,ok
EES0423592__X2D__Y3C__P003.jpg,0.896738,24.586193,ok
EES0423592__X2D__Y3F__P004.jpg,0.887380,25.470586,ok
EES0423592__X30__Y2A__P005.jpg,0.901765,28.054422,ok
EES0423592__X30__Y2D__P006.jpg,0.914188,29.883433,ok
EES0423592__X33__Y12__P007.jpg,0.866376,23.996409,ok
EES0423592__X33__Y24__P008.jpg,0.838009,23.164363,ok
EES0423592__X33__Y2A__P009.jpg,0.893944,27.893207,ok
EES0423592__X33__Y2D__P010.jpg,0.869548,24.499888,ok
EES0423592__X36__Y39__P011.jpg,0.906037,26.794778,ok
EES0423592__X39__Y2A__P012.jpg,0.882066,23.918759,ok
EES0423592__X39__Y36__P013.jpg,0.883966,23.442513,ok
EES0423592__X3C__Y2A__P014.jpg,0.892791,24.699979,ok
EES0423592__X3C__Y33__P015.jpg,0.902748,25.480949,ok
EES0423592__X0F__Y39__P016.jpg,0.798438,22.755356,ok
EES0423592__X0F__Y3C__P017.jpg,0.874300,27.183608,ok
EES0423592__X15__Y3C__P018.jpg,0.787274,23.562172,ok
EES0423592__X18__Y18__P019.jpg,0.824608,25.086236,ok
EES0423592__X1E__Y24__P020.jpg,0.817001,22.786324,ok
EES0423592__X21__Y1B__P021.jpg,0.790035,23.201536,ok
EES0423592__X21__Y21__P022.jpg,0.806386,24.702712,ok
EES0423592__X21__Y24__P023.jpg,0.825555,24.261801,ok
EES0423592__X21__Y27__P024.jpg,0.764129,24.472025,ok
EES0423592__X21__Y2A__P025.jpg,0.863518,26.739334,ok
EES0423593__X2D__Y39__P001.jpg,0.805092,22.974621,ok
EES0423593__X2D__Y3C__P002.jpg,0.793660,22.847687,ok
EES0423593__X30__Y39__P003.jpg,0.785730,23.296174,ok
EES0423593__X33__Y0F__P004.jpg,0.863643,23.829884,ok
EES0423593__X33__Y1B__P005.jpg,0.888626,26.270380,ok
EES0423593__X33__Y1E__P006.jpg,0.866958,24.969891,ok
EES0423593__X33__Y2D__P007.jpg,0.797930,23.872121,ok
EES0423593__X33__Y30__P008.jpg,0.826992,23.350189,ok
EES0423593__X33__Y3C__P009.jpg,0.874275,24.666660,ok
EES0423593__X36__Y2D__P010.jpg,0.821736,24.432844,ok
EES0423593__X36__Y3C__P011.jpg,0.892223,28.056672,ok
EES0423593__X39__Y1E__P012.jpg,0.857612,25.597853,ok
EES0423593__X39__Y24__P013.jpg,0.874895,26.422046,ok
EES0423593__X39__Y2A__P014.jpg,0.889076,29.415802,ok
EES0423593__X39__Y2D__P015.jpg,0.828850,24.628425,ok
EES0423593__X39__Y30__P016.jpg,0.911961,29.985376,ok
EES0423593__X39__Y33__P017.jpg,0.787723,23.977395,ok
EES0423593__X39__Y36__P018.jpg,0.802510,23.464157,ok
EES0423593__X39__Y39__P019.jpg,0.869355,23.124760,ok
EES0423593__X3C__Y1E__P020.jpg,0.859262,23.167482,ok
EES0423593__X3C__Y30__P021.jpg,0.852524,24.096258,ok
EES0423593__X3C__Y33__P022.jpg,0.911144,30.543159,ok
EES0423593__X3C__Y39__P023.jpg,0.904960,30.534720,ok
EES0423593__X3F__Y24__P024.jpg,0.838758,23.722694,ok
EES0423593__X3F__Y2A__P025.jpg,0.837713,24.447364,ok
EES0423594__X33__Y39__P001.jpg,0.798844,23.841020,ok
EES0423594__X36__Y24__P002.jpg,0.863843,24.948982,ok
EES0423594__X36__Y36__P003.jpg,0.802983,22.657734,ok
EES0423594__X36__Y39__P004.jpg,0.845376,25.044405,ok
EES0423594__X39__Y2A__P005.jpg,0.875691,24.950728,ok
EES0423594__X39__Y2D__P006.jpg,0.801934,25.722070,ok
EES0423594__X3C__Y33__P007.jpg,0.792494,23.866196,ok
EES0423594__X3C__Y36__P008.jpg,0.855433,23.681834,ok
EES0423594__X3F__Y30__P009.jpg,0.831870,24.167470,ok
EES0423594__X3F__Y33__P010.jpg,0.852846,25.505819,ok
EES0423594__X42__Y33__P011.jpg,0.899614,27.583393,ok
EES0423594__X06__Y1B__P012.jpg,0.876570,23.261781,ok
EES0423594__X06__Y21__P013.jpg,0.809425,22.639145,ok
EES0423594__X06__Y24__P014.jpg,0.861866,25.161354,ok
EES0423594__X06__Y27__P015.jpg,0.909039,24.721500,ok
EES0423594__X0C__Y33__P016.jpg,0.890902,24.985954,ok
EES0423594__X1B__Y0C__P017.jpg,0.924453,26.589724,ok
EES0423594__X1B__Y24__P018.jpg,0.869220,23.360951,ok
EES0423594__X1E__Y12__P019.jpg,0.864006,24.023242,ok
EES0423594__X1E__Y21__P020.jpg,0.873252,23.946782,ok
EES0423594__X21__Y0F__P021.jpg,0.878775,23.568851,ok
EES0423594__X21__Y15__P022.jpg,0.876153,23.267421,ok
EES0423594__X21__Y33__P023.jpg,0.853706,23.146061,ok
EES0423594__X21__Y39__P024.jpg,0.863615,24.910722,ok
EES0423594__X24__Y30__P025.jpg,0.878271,25.907565,ok
EES0423595__X06__Y24__P001.jpg,0.880171,26.559043,ok
EES0423595__X06__Y27__P002.jpg,0.870755,24.749855,ok
EES0423595__X06__Y2A__P003.jpg,0.853259,22.950643,ok
EES0423595__X09__Y1E__P004.jpg,0.880270,23.752006,ok
EES0423595__X09__Y2D__P005.jpg,0.893610,23.975730,ok
EES0423595__X0C__Y36__P006.jpg,0.869403,23.233248,ok
EES0423595__X0F__Y36__P007.jpg,0.876194,23.947294,ok
EES0423595__X12__Y2A__P008.jpg,0.869570,23.367806,ok
EES0423595__X12__Y2D__P009.jpg,0.868777,24.758024,ok
EES0423595__X18__Y1E__P010.jpg,0.912968,27.332255,ok
EES0423595__X18__Y2A__P011.jpg,0.785251,22.595625,ok
EES0423595__X1B__Y1E__P012.jpg,0.882754,24.769711,ok
EES0423595__X1B__Y27__P013.jpg,0.873714,24.059331,ok
EES0423595__X1B__Y2A__P014.jpg,0.884816,26.980887,ok
EES0423595__X1B__Y2D__P015.jpg,0.853163,26.291300,ok
EES0423595__X1E__Y12__P016.jpg,0.897484,26.719422,ok
EES0423595__X1E__Y30__P017.jpg,0.859697,23.036302,ok
EES0423595__X21__Y12__P018.jpg,0.837818,23.807628,ok
EES0423595__X24__Y12__P019.jpg,0.887055,24.469393,ok
EES0423595__X27__Y15__P020.jpg,0.835767,23.782068,ok
EES0423595__X2A__Y18__P021.jpg,0.872826,23.292825,ok
EES0423595__X3C__Y24__P022.jpg,0.842358,24.378308,ok
EES0423595__X06__Y2A__P023.jpg,0.858810,25.862272,ok
EES0423595__X06__Y36__P024.jpg,0.827436,23.877374,ok
EES0423595__X09__Y3C__P025.jpg,0.838605,27.108655,ok
EES0423596__X3C__Y12__P001.jpg,0.910714,24.479341,ok
EES0423596__X3F__Y33__P002.jpg,0.755276,23.867922,ok
EES0423596__X42__Y1B__P003.jpg,0.919102,30.846842,ok
EES0423596__X42__Y1E__P004.jpg,0.757033,23.628660,ok
EES0423596__X42__Y21__P005.jpg,0.748884,23.078626,ok
EES0423596__X42__Y30__P006.jpg,0.836045,27.361357,ok
EES0423596__X42__Y33__P007.jpg,0.921295,33.577344,ok
EES0423596__X15__Y15__P008.jpg,0.869320,23.382323,ok
EES0423596__X15__Y18__P009.jpg,0.890931,23.832270,ok
EES0423596__X15__Y21__P010.jpg,0.841653,25.295078,ok
EES0423596__X15__Y27__P011.jpg,0.854734,23.320746,ok
EES0423596__X15__Y2A__P012.jpg,0.866121,24.091365,ok
EES0423596__X15__Y36__P013.jpg,0.865599,23.876399,ok
EES0423596__X18__Y30__P014.jpg,0.829912,25.259809,ok
EES0423596__X18__Y36__P015.jpg,0.870066,25.500073,ok
EES0423596__X1B__Y24__P016.jpg,0.864406,24.291707,ok
EES0423596__X1B__Y30__P017.jpg,0.847335,23.758371,ok
EES0423596__X1B__Y3F__P018.jpg,0.844464,23.476119,ok
EES0423596__X1E__Y27__P019.jpg,0.875577,26.932846,ok
EES0423596__X21__Y09__P020.jpg,0.910593,25.130065,ok
EES0423596__X27__Y2A__P021.jpg,0.821112,24.062567,ok
EES0423596__X2D__Y42__P022.jpg,0.813946,23.736170,ok
EES0423596__X30__Y3C__P023.jpg,0.901552,27.160795,ok
EES0423596__X33__Y12__P024.jpg,0.878973,23.141313,ok
EES0423596__X33__Y15__P025.jpg,0.858584,23.824394,ok
EES0423597__X33__Y39__P001.jpg,0.886686,28.268151,ok
EES0423597__X36__Y30__P002.jpg,0.905097,25.536459,ok
EES0423597__X15__Y45__P003.jpg,0.895696,27.372158,ok
EES0423597__X36__Y42__P004.jpg,0.912196,28.293374,ok
EES0423597__X39__Y3F__P005.jpg,0.866174,23.763360,ok
EES0423597__X3F__Y39__P006.jpg,0.923476,29.010801,ok
EES0423597__X0C__Y2A__P007.jpg,0.767435,23.553504,ok
EES0423597__X0C__Y21__P008.jpg,0.843178,23.082402,ok
EES0423597__X0C__Y27__P009.jpg,0.874514,23.328711,ok
EES0423597__X0C__Y33__P010.jpg,0.860488,23.168479,ok
EES0423597__X0F__Y36__P011.jpg,0.861190,23.425932,ok
EES0423597__X12__Y36__P012.jpg,0.809567,22.725815,ok
EES0423597__X12__Y3C__P013.jpg,0.834952,24.420244,ok
EES0423597__X15__Y3C__P014.jpg,0.851161,24.286381,ok
EES0423597__X18__Y39__P015.jpg,0.858117,23.889677,ok
EES0423597__X18__Y3C__P016.jpg,0.828293,23.730951,ok
EES0423597__X1B__Y30__P017.jpg,0.880686,24.126506,ok
EES0423597__X1B__Y33__P018.jpg,0.839089,24.139100,ok
EES0423597__X1B__Y36__P019.jpg,0.860132,24.505494,ok
EES0423597__X1B__Y39__P020.jpg,0.808727,22.919089,ok
EES0423597__X1B__Y42__P021.jpg,0.871170,24.338431,ok
EES0423597__X1E__Y15__P022.jpg,0.867844,23.564543,ok
EES0423597__X1E__Y39__P023.jpg,0.757028,23.618393,ok
EES0423597__X1E__Y3C__P024.jpg,0.823178,25.112609,ok
EES0423597__X1E__Y3F__P025.jpg,0.787229,23.617301,ok
EES0423598__X1E__Y42__P001.jpg,0.851302,24.061702,ok
EES0423598__X21__Y30__P002.jpg,0.773409,22.400490,ok
EES0423598__X24__Y0C__P003.jpg,0.852572,23.192301,ok
EES0423598__X24__Y0F__P004.jpg,0.838158,22.804038,ok
EES0423598__X24__Y12__P005.jpg,0.871812,24.150762,ok
EES0423598__X24__Y30__P006.jpg,0.864306,23.245180,ok
EES0423598__X2A__Y30__P007.jpg,0.794773,22.639331,ok
EES0423598__X2D__Y33__P008.jpg,0.833678,23.642948,ok
EES0423598__X2D__Y36__P009.jpg,0.874824,24.630054,ok
EES0423598__X30__Y36__P010.jpg,0.867410,25.300089,ok
EES0423598__X33__Y36__P011.jpg,0.814756,24.886914,ok
EES0423598__X33__Y39__P012.jpg,0.884566,27.302101,ok
EES0423598__X36__Y36__P013.jpg,0.856671,24.383628,ok
EES0423598__X36__Y39__P014.jpg,0.811091,24.117806,ok
EES0423598__X36__Y3C__P015.jpg,0.919837,26.792504,ok
EES0423598__X39__Y33__P016.jpg,0.861882,25.062230,ok
EES0423598__X3C__Y33__P017.jpg,0.856868,24.463063,ok
EES0423598__X3F__Y30__P018.jpg,0.879825,23.847257,ok
EES0423598__X3F__Y33__P019.jpg,0.896189,26.857978,ok
EES0423598__X42__Y27__P020.jpg,0.895526,24.082989,ok
EES0423598__X06__Y30__P021.jpg,0.869606,24.584431,ok
EES0423598__X24__Y0C__P022.jpg,0.914160,27.614600,ok
EES0423598__X33__Y12__P023.jpg,0.863342,23.471106,ok
EES0423598__X3C__Y1B__P024.jpg,0.901472,25.246564,ok
EES0423598__X3F__Y21__P025.jpg,0.912252,27.897294,ok
EES0423599__X2A__Y42__P001.jpg,0.731528,22.409168,ok
EES0423599__X2D__Y42__P002.jpg,0.796369,22.477050,ok
EES0423599__X39__Y0F__P003.jpg,0.895033,24.470490,ok
EES0423599__X3C__Y3C__P004.jpg,0.903466,27.504496,ok
EES0423599__X3F__Y39__P005.jpg,0.891534,23.688762,ok
EES0423599__X45__Y21__P006.jpg,0.903224,26.909139,ok
EES0423599__X45__Y24__P007.jpg,0.830194,23.871536,ok
EES0423599__X45__Y2A__P008.jpg,0.896879,27.784617,ok
EES0423599__X09__Y2D__P009.jpg,0.885042,23.960199,ok
EES0423599__X18__Y45__P010.jpg,0.849478,24.375804,ok
EES0423599__X1B__Y0F__P011.jpg,0.850086,24.248027,ok
EES0423599__X2A__Y3F__P012.jpg,0.823279,23.590891,ok
EES0423599__X30__Y15__P013.jpg,0.859072,24.989553,ok
EES0423599__X33__Y39__P014.jpg,0.849827,26.515639,ok
EES0423599__X33__Y3F__P015.jpg,0.816510,23.511724,ok
EES0423599__X36__Y12__P016.jpg,0.874999,23.712931,ok
EES0423599__X36__Y15__P017.jpg,0.884230,24.976772,ok
EES0423599__X36__Y39__P018.jpg,0.813674,22.967016,ok
EES0423599__X3C__Y30__P019.jpg,0.845547,25.278878,ok
EES0423599__X3F__Y33__P020.jpg,0.868052,23.513527,ok
EES0423599__X03__Y27__P021.jpg,0.894961,25.470918,ok
EES0423599__X06__Y33__P022.jpg,0.880531,24.569987,ok
EES0423599__X15__Y0C__P023.jpg,0.847873,25.033202,ok
EES0423599__X2D__Y0C__P024.jpg,0.771265,22.282598,ok
EES0423599__X30__Y0C__P025.jpg,0.849035,23.248448,ok
EES0423600__X33__Y39__P001.jpg,0.769196,22.571052,ok
EES0423600__X33__Y3C__P002.jpg,0.854344,25.194944,ok
EES0423600__X36__Y39__P003.jpg,0.814107,22.982463,ok
EES0423600__X09__Y15__P004.jpg,0.883422,25.183937,ok
EES0423600__X09__Y1B__P005.jpg,0.789414,22.456080,ok
EES0423600__X0C__Y1B__P006.jpg,0.829650,23.451924,ok
EES0423600__X0C__Y2A__P007.jpg,0.778381,23.087659,ok
EES0423600__X0C__Y39__P008.jpg,0.836375,23.278204,ok
EES0423600__X0F__Y36__P009.jpg,0.882361,26.705401,ok
EES0423600__X12__Y3C__P010.jpg,0.852705,25.031930,ok
EES0423600__X12__Y3F__P011.jpg,0.864499,25.267774,ok
EES0423600__X15__Y3C__P012.jpg,0.788983,23.269863,ok
EES0423600__X15__Y3F__P013.jpg,0.818544,23.406973,ok
EES0423600__X21__Y09__P014.jpg,0.899237,30.653521,ok
EES0423600__X21__Y45__P015.jpg,0.871685,23.542440,ok
EES0423600__X24__Y09__P016.jpg,0.912136,30.073608,ok
EES0423600__X24__Y45__P017.jpg,0.841116,23.870610,ok
EES0423600__X30__Y0C__P018.jpg,0.887805,23.995628,ok
EES0423600__X30__Y45__P019.jpg,0.850674,27.040260,ok
EES0423600__X36__Y0C__P020.jpg,0.921263,32.861200,ok
EES0423600__X3C__Y12__P021.jpg,0.889466,23.994932,ok
EES0423600__X3C__Y3F__P022.jpg,0.894044,27.040358,ok
EES0423600__X3F__Y3F__P023.jpg,0.906907,31.709500,ok
EES0423600__X42__Y3C__P024.jpg,0.906525,27.783231,ok
EES0423600__X45__Y18__P025.jpg,0.878185,24.681167,ok
EES0423601__X39__Y3F__P001.jpg,0.908736,26.142945,ok
EES0423601__X3C__Y18__P002.jpg,0.822085,24.893088,ok
EES0423601__X3C__Y1B__P003.jpg,0.778910,22.354925,ok
EES0423601__X3C__Y2A__P004.jpg,0.778799,23.392935,ok
EES0423601__X3F__Y1B__P005.jpg,0.803428,22.610107,ok
EES0423601__X42__Y1E__P006.jpg,0.832232,25.284028,ok
EES0423601__X42__Y30__P007.jpg,0.871129,25.255551,ok
EES0423601__X42__Y33__P008.jpg,0.886768,28.334118,ok
EES0423601__X09__Y30__P009.jpg,0.829847,24.610387,ok
EES0423601__X0C__Y33__P010.jpg,0.864240,24.347688,ok
EES0423601__X21__Y09__P011.jpg,0.907058,27.573868,ok
EES0423601__X24__Y42__P012.jpg,0.828619,22.771169,ok
EES0423601__X33__Y3F__P013.jpg,0.788791,24.556341,ok
EES0423601__X36__Y0F__P014.jpg,0.878313,23.381413,ok
EES0423601__X36__Y39__P015.jpg,0.759663,22.841902,ok
EES0423601__X39__Y3F__P016.jpg,0.924157,31.925027,ok
EES0423601__X3C__Y3C__P017.jpg,0.864496,27.787760,ok
EES0423601__X3F__Y18__P018.jpg,0.883138,24.695979,ok
EES0423601__X3F__Y39__P019.jpg,0.917275,29.336394,ok
EES0423601__X42__Y33__P020.jpg,0.918966,31.252611,ok
EES0423601__X45__Y3C__P021.jpg,0.885493,27.242922,ok
EES0423601__X3C__Y3F__P022.jpg,0.850587,23.816269,ok
EES0423601__X45__Y2A__P023.jpg,0.864437,23.563695,ok
EES0423601__X03__Y36__P024.jpg,0.893910,28.296502,ok
EES0423601__X06__Y39__P025.jpg,0.892903,25.578217,ok
EES0423602__X36__Y39__P001.jpg,0.774770,22.354887,ok
EES0423602__X39__Y3F__P002.jpg,0.893050,31.492744,ok
EES0423602__X3F__Y21__P003.jpg,0.783933,22.633495,ok
EES0423602__X3F__Y30__P004.jpg,0.746120,22.528017,ok
EES0423602__X42__Y30__P005.jpg,0.834717,24.546682,ok
EES0423602__X0F__Y2A__P006.jpg,0.899138,23.929434,ok
EES0423602__X18__Y1B__P007.jpg,0.903971,24.927633,ok
EES0423602__X2D__Y36__P008.jpg,0.885423,24.602242,ok
EES0423602__X30__Y18__P009.jpg,0.895185,23.918222,ok
EES0423602__X33__Y36__P010.jpg,0.919059,27.011912,ok
EES0423602__X36__Y12__P011.jpg,0.878472,24.726552,ok
EES0423602__X36__Y2A__P012.jpg,0.867255,24.308174,ok
EES0423602__X36__Y30__P013.jpg,0.885473,24.544365,ok
EES0423602__X36__Y33__P014.jpg,0.858030,25.041818,ok
EES0423602__X36__Y36__P015.jpg,0.894273,25.918559,ok
EES0423602__X39__Y1E__P016.jpg,0.914387,28.545419,ok
EES0423602__X39__Y27__P017.jpg,0.858171,23.986896,ok
EES0423602__X3F__Y15__P018.jpg,0.882684,24.900432,ok
EES0423602__X3F__Y18__P019.jpg,0.869171,23.875898,ok
EES0423602__X3F__Y30__P020.jpg,0.891554,23.289483,ok
EES0423602__X45__Y21__P021.jpg,0.887578,24.332246,ok
EES0423602__X06__Y2A__P022.jpg,0.896013,29.906145,ok
EES0423602__X09__Y1B__P023.jpg,0.846375,28.560373,ok
EES0423602__X09__Y1E__P024.jpg,0.845758,24.139376,ok
EES0423602__X09__Y21__P025.jpg,0.878773,25.407713,ok
EES0423603__X0C__Y2A__P001.jpg,0.881315,26.811405,ok
EES0423603__X0F__Y1E__P002.jpg,0.857978,23.160150,ok
EES0423603__X0F__Y21__P003.jpg,0.831271,24.495400,ok
EES0423603__X0F__Y2A__P004.jpg,0.885820,25.886799,ok
EES0423603__X0F__Y2D__P005.jpg,0.841613,23.223849,ok
EES0423603__X12__Y1E__P006.jpg,0.899300,27.091798,ok
EES0423603__X12__Y36__P007.jpg,0.887213,23.364596,ok
EES0423603__X15__Y33__P008.jpg,0.869723,23.629764,ok
EES0423603__X21__Y3F__P009.jpg,0.856038,23.214546,ok
EES0423603__X33__Y33__P010.jpg,0.827594,22.723708,ok
EES0423603__X33__Y39__P011.jpg,0.858560,23.018272,ok
EES0423603__X36__Y33__P012.jpg,0.868755,23.297152,ok
EES0423603__X12__Y21__P013.jpg,0.901854,24.395941,ok
EES0423603__X15__Y15__P014.jpg,0.843202,23.419736,ok
EES0423603__X15__Y18__P015.jpg,0.844209,23.361407,ok
EES0423603__X18__Y12__P016.jpg,0.836567,24.653555,ok
EES0423603__X18__Y15__P017.jpg,0.892696,24.898369,ok
EES0423603__X1B__Y12__P018.jpg,0.798006,22.792061,ok
EES0423603__X1B__Y15__P019.jpg,0.817837,24.954608,ok
EES0423603__X1B__Y18__P020.jpg,0.880680,24.146572,ok
EES0423603__X1B__Y1E__P021.jpg,0.826944,23.034827,ok
EES0423603__X1E__Y12__P022.jpg,0.869680,23.585948,ok
EES0423603__X1E__Y15__P023.jpg,0.941948,26.460025,ok
EES0423603__X1E__Y18__P024.jpg,0.802652,23.989981,ok
EES0423603__X1E__Y21__P025.jpg,0.775808,23.311227,ok
EES0423604__X1E__Y24__P001.jpg,0.829407,22.986659,ok
EES0423604__X21__Y21__P002.jpg,0.839034,25.997487,ok
EES0423604__X21__Y33__P003.jpg,0.895940,23.987010,ok
EES0423604__X24__Y09__P004.jpg,0.933418,28.231709,ok
EES0423604__X24__Y1E__P005.jpg,0.864984,23.378244,ok
EES0423604__X24__Y21__P006.jpg,0.828653,25.551181,ok
EES0423604__X24__Y33__P007.jpg,0.839045,24.778805,ok
EES0423604__X27__Y09__P008.jpg,0.863917,27.029262,ok
EES0423604__X27__Y30__P009.jpg,0.907621,26.379578,ok
EES0423604__X27__Y33__P010.jpg,0.809434,23.579908,ok
EES0423604__X2A__Y09__P011.jpg,0.858706,24.240426,ok
EES0423604__X2A__Y18__P012.jpg,0.890172,23.486662,ok
EES0423604__X2A__Y1B__P013.jpg,0.794220,22.526152,ok
EES0423604__X2A__Y1E__P014.jpg,0.829352,23.770988,ok
EES0423604__X2A__Y27__P015.jpg,0.889525,25.102240,ok
EES0423604__X2A__Y39__P016.jpg,0.878254,23.172148,ok
EES0423604__X2A__Y3C__P017.jpg,0.766196,22.504382,ok
EES0423604__X2D__Y24__P018.jpg,0.871864,23.210996,ok
EES0423604__X2D__Y3C__P019.jpg,0.833856,24.012965,ok
EES0423604__X30__Y30__P020.jpg,0.826453,22.709793,ok
EES0423604__X3C__Y24__P021.jpg,0.884008,24.176634,ok
EES0423604__X3C__Y27__P022.jpg,0.802054,26.264727,ok
EES0423604__X3C__Y2A__P023.jpg,0.896146,26.694973,ok
EES0423604__X3C__Y2D__P024.jpg,0.865896,24.740895,ok
EES0423604__X3C__Y30__P025.jpg,0.914088,30.101786,ok
EES0423605__X39__Y1B__P001.jpg,0.886272,24.897347,ok
EES0423605__X39__Y21__P002.jpg,0.902748,23.498308,ok
EES0423605__X39__Y24__P003.jpg,0.928520,25.042078,ok
EES0423605__X45__Y45__P004.jpg,0.962935,30.042424,ok
EES0423605__X0F__Y2A__P005.jpg,0.946770,25.853935,ok
EES0423605__X12__Y33__P006.jpg,0.832107,24.411073,ok
EES0423605__X15__Y2A__P007.jpg,0.892860,25.426216,ok
EES0423605__X18__Y30__P008.jpg,0.835561,23.071044,ok
EES0423605__X18__Y3C__P009.jpg,0.830053,23.877485,ok
EES0423605__X18__Y3F__P010.jpg,0.872822,24.677681,ok
EES0423605__X1B__Y2D__P011.jpg,0.847224,23.766221,ok
EES0423605__X1B__Y30__P012.jpg,0.871657,23.963406,ok
EES0423605__X1B__Y33__P013.jpg,0.900039,26.529355,ok
EES0423605__X1B__Y36__P014.jpg,0.872671,25.783465,ok
EES0423605__X1B__Y39__P015.jpg,0.824900,23.988456,ok
EES0423605__X1B__Y3C__P016.jpg,0.884741,25.804250,ok
EES0423605__X1E__Y2D__P017.jpg,0.834218,26.719799,ok
EES0423605__X1E__Y33__P018.jpg,0.723969,22.080810,ok
EES0423605__X1E__Y36__P019.jpg,0.859244,26.616941,ok
EES0423605__X1E__Y3F__P020.jpg,0.855535,24.373269,ok
EES0423605__X1E__Y42__P021.jpg,0.930953,27.623081,ok
EES0423605__X21__Y18__P022.jpg,0.825563,23.923809,ok
EES0423605__X21__Y2D__P023.jpg,0.864677,27.481861,ok
EES0423605__X21__Y30__P024.jpg,0.944823,28.345347,ok
EES0423605__X21__Y33__P025.jpg,0.842737,24.390504,ok
EES0423606__X21__Y36__P001.jpg,0.756003,23.489413,ok
EES0423606__X21__Y39__P002.jpg,0.888397,23.687865,ok
EES0423606__X21__Y42__P003.jpg,0.902932,31.272920,ok
EES0423606__X24__Y2D__P004.jpg,0.813323,24.151901,ok
EES0423606__X24__Y30__P005.jpg,0.835305,23.317091,ok
EES0423606__X24__Y3C__P006.jpg,0.919309,24.256121,ok
EES0423606__X24__Y3F__P007.jpg,0.872170,26.888559,ok
EES0423606__X24__Y42__P008.jpg,0.873117,27.928282,ok
EES0423606__X27__Y36__P009.jpg,0.818622,23.551124,ok
EES0423606__X27__Y3F__P010.jpg,0.861478,25.171665,ok
EES0423606__X2A__Y21__P011.jpg,0.845163,23.161108,ok
EES0423606__X2A__Y33__P012.jpg,0.871137,24.770449,ok
EES0423606__X2A__Y36__P013.jpg,0.824123,23.229752,ok
EES0423606__X2A__Y3F__P014.jpg,0.825968,24.137501,ok
EES0423606__X2D__Y36__P015.jpg,0.842514,23.568802,ok
EES0423606__X30__Y36__P016.jpg,0.815175,22.889553,ok
EES0423606__X30__Y39__P017.jpg,0.920375,25.408351,ok
EES0423606__X33__Y30__P018.jpg,0.885862,23.888895,ok
EES0423606__X33__Y33__P019.jpg,0.736893,22.413086,ok
EES0423606__X33__Y39__P020.jpg,0.861101,23.496486,ok
EES0423606__X36__Y2D__P021.jpg,0.898599,28.115987,ok
EES0423606__X36__Y30__P022.jpg,0.920106,26.291803,ok
EES0423606__X36__Y33__P023.jpg,0.738252,23.533492,ok
EES0423606__X36__Y36__P024.jpg,0.857792,24.079675,ok
EES0423606__X36__Y3C__P025.jpg,0.849952,23.018515,ok
EES0423607__X39__Y2D__P001.jpg,0.918664,28.634160,ok
EES0423607__X3C__Y2D__P002.jpg,0.884783,26.192137,ok
EES0423607__X3C__Y30__P003.jpg,0.836302,23.510102,ok
EES0423607__X42__Y2D__P004.jpg,0.833870,22.899945,ok
EES0423607__X0F__Y1E__P005.jpg,0.849834,26.337362,ok
EES0423607__X0F__Y21__P006.jpg,0.858802,25.960015,ok
EES0423607__X0F__Y24__P007.jpg,0.909166,29.499484,ok
EES0423607__X0F__Y27__P008.jpg,0.930008,25.245661,ok
EES0423607__X12__Y1E__P009.jpg,0.782288,22.869583,ok
EES0423607__X15__Y33__P010.jpg,0.833712,23.323635,ok
EES0423607__X24__Y33__P011.jpg,0.837903,23.573728,ok
EES0423607__X33__Y1B__P012.jpg,0.817151,23.510696,ok
EES0423607__X36__Y1B__P013.jpg,0.887218,25.585950,ok
EES0423607__X3C__Y1B__P014.jpg,0.787514,22.696153,ok
EES0423607__X0C__Y30__P015.jpg,0.940585,26.937503,ok
EES0423607__X0F__Y21__P016.jpg,0.905300,24.151802,ok
EES0423607__X0F__Y27__P017.jpg,0.908420,25.339066,ok
EES0423607__X0F__Y2D__P018.jpg,0.910359,26.440894,ok
EES0423607__X0F__Y30__P019.jpg,0.936127,28.789601,ok
EES0423607__X12__Y18__P020.jpg,0.917932,25.090403,ok
EES0423607__X12__Y24__P021.jpg,0.842354,24.161619,ok
EES0423607__X12__Y2A__P022.jpg,0.783373,22.377576,ok
EES0423607__X12__Y33__P023.jpg,0.853886,23.314720,ok
EES0423607__X15__Y18__P024.jpg,0.784271,24.245159,ok
EES0423607__X18__Y0F__P025.jpg,0.830200,23.139674,ok
EES0423608__X3F__Y3F__P001.jpg,0.933287,24.341082,ok
EES0423608__X0F__Y21__P002.jpg,0.933261,26.857781,ok
EES0423608__X0F__Y27__P003.jpg,0.916581,24.010824,ok
EES0423608__X12__Y24__P004.jpg,0.908806,24.292550,ok
EES0423608__X15__Y15__P005.jpg,0.908464,23.962023,ok
EES0423608__X18__Y18__P006.jpg,0.834642,22.839540,ok
EES0423608__X18__Y1B__P007.jpg,0.906068,23.985077,ok
EES0423608__X18__Y1E__P008.jpg,0.873549,24.267623,ok
EES0423608__X1B__Y1B__P009.jpg,0.886891,25.553806,ok
EES0423608__X1B__Y21__P010.jpg,0.878283,23.900883,ok
EES0423608__X1B__Y24__P011.jpg,0.887923,23.934427,ok
EES0423608__X1B__Y33__P012.jpg,0.866667,23.296979,ok
EES0423608__X1E__Y15__P013.jpg,0.883950,23.735454,ok
EES0423608__X1E__Y18__P014.jpg,0.922689,24.490462,ok
EES0423608__X1E__Y21__P015.jpg,0.865374,24.990343,ok
EES0423608__X1E__Y24__P016.jpg,0.950932,28.854648,ok
EES0423608__X1E__Y27__P017.jpg,0.929954,25.535261,ok
EES0423608__X1E__Y2D__P018.jpg,0.912628,23.936174,ok
EES0423608__X1E__Y30__P019.jpg,0.893696,25.150493,ok
EES0423608__X1E__Y33__P020.jpg,0.909680,24.544127,ok
EES0423608__X21__Y0C__P021.jpg,0.898441,23.615739,ok
EES0423608__X21__Y0F__P022.jpg,0.813327,22.942746,ok
EES0423608__X21__Y12__P023.jpg,0.918308,24.436001,ok
EES0423608__X21__Y15__P024.jpg,0.932374,23.737358,ok
EES0423608__X21__Y1B__P025.jpg,0.886017,23.248964,ok
EES0423609__X09__Y1E__P001.jpg,0.888430,28.160474,ok
EES0423609__X09__Y21__P002.jpg,0.779296,23.595979,ok
EES0423609__X09__Y27__P003.jpg,0.810190,23.152467,ok
EES0423609__X09__Y30__P004.jpg,0.804418,23.849293,ok
EES0423609__X09__Y33__P005.jpg,0.816859,23.910279,ok
EES0423609__X09__Y36__P006.jpg,0.943173,29.820488,ok
EES0423609__X0C__Y1B__P007.jpg,0.817406,23.028284,ok
EES0423609__X15__Y0C__P008.jpg,0.860628,24.408790,ok
EES0423609__X18__Y45__P009.jpg,0.936032,25.515230,ok
EES0423609__X1B__Y09__P010.jpg,0.940725,28.184150,ok
EES0423609__X1B__Y45__P011.jpg,0.894330,25.508973,ok
EES0423609__X1E__Y09__P012.jpg,0.837588,24.265605,ok
EES0423609__X1E__Y45__P013.jpg,0.832525,24.230724,ok
EES0423609__X21__Y45__P014.jpg,0.795252,22.441993,ok
EES0423609__X30__Y45__P015.jpg,0.867746,23.242061,ok
EES0423609__X33__Y09__P016.jpg,0.895897,25.816234,ok
EES0423609__X33__Y45__P017.jpg,0.931690,28.734082,ok
EES0423609__X45__Y18__P018.jpg,0.936488,23.863337,ok
EES0423609__X48__Y27__P019.jpg,0.927621,23.735436,ok
EES0423609__X12__Y0F__P020.jpg,0.904213,23.586774,ok
EES0423609__X12__Y12__P021.jpg,0.856690,23.002819,ok
EES0423609__X12__Y1E__P022.jpg,0.851717,23.547333,ok
EES0423609__X12__Y27__P023.jpg,0.862189,24.117121,ok
EES0423609__X12__Y2A__P024.jpg,0.901313,24.658014,ok
EES0423609__X15__Y15__P025.jpg,0.862606,23.395543,ok
EES0423610__X15__Y2A__P001.jpg,0.894171,24.653882,ok
EES0423610__X18__Y18__P002.jpg,0.782656,23.110171,ok
EES0423610__X18__Y27__P003.jpg,0.776810,23.140069,ok
EES0423610__X1B__Y0C__P004.jpg,0.819323,22.974554,ok
EES0423610__X1B__Y18__P005.jpg,0.801729,24.334155,ok
EES0423610__X1B__Y27__P006.jpg,0.843545,23.727517,ok
EES0423610__X1E__Y06__P007.jpg,0.841337,23.491138,ok
EES0423610__X1E__Y0C__P008.jpg,0.901360,23.662701,ok
EES0423610__X1E__Y0F__P009.jpg,0.877988,23.689305,ok
EES0423610__X1E__Y18__P010.jpg,0.885316,24.898740,ok
EES0423610__X1E__Y27__P011.jpg,0.869358,23.945270,ok
EES0423610__X1E__Y2A__P012.jpg,0.880509,25.546163,ok
EES0423610__X1E__Y30__P013.jpg,0.832259,24.891584,ok
EES0423610__X1E__Y33__P014.jpg,0.897992,27.546560,ok
EES0423610__X1E__Y39__P015.jpg,0.886027,24.577478,ok
EES0423610__X21__Y2A__P016.jpg,0.909546,27.092412,ok
EES0423610__X21__Y2D__P017.jpg,0.873791,30.447939,ok
EES0423610__X21__Y30__P018.jpg,0.930903,30.495954,ok
EES0423610__X21__Y33__P019.jpg,0.906860,32.054979,ok
EES0423610__X21__Y36__P020.jpg,0.929550,28.294658,ok
EES0423610__X24__Y09__P021.jpg,0.906150,24.761867,ok
EES0423610__X24__Y0C__P022.jpg,0.832993,22.998004,ok
EES0423610__X24__Y15__P023.jpg,0.906247,24.692543,ok
EES0423610__X24__Y18__P024.jpg,0.766629,22.242614,ok
EES0423610__X24__Y27__P025.jpg,0.905099,24.651926,ok
EES0423611__X0F__Y2A__P001.jpg,0.926924,23.857112,ok
EES0423611__X12__Y27__P002.jpg,0.831727,24.665459,ok
EES0423611__X12__Y2A__P003.jpg,0.872399,24.629918,ok
EES0423611__X12__Y30__P004.jpg,0.932718,24.055087,ok
EES0423611__X15__Y27__P005.jpg,0.937639,24.838477,ok
EES0423611__X18__Y3C__P006.jpg,0.842691,22.937960,ok
EES0423611__X18__Y3F__P007.jpg,0.887698,23.594506,ok
EES0423611__X1B__Y3C__P008.jpg,0.908380,24.520392,ok
EES0423611__X1E__Y30__P009.jpg,0.832104,22.988836,ok
EES0423611__X21__Y36__P010.jpg,0.831842,24.421094,ok
EES0423611__X21__Y3C__P011.jpg,0.920140,24.841380,ok
EES0423611__X24__Y39__P012.jpg,0.865250,23.042582,ok
EES0423611__X24__Y45__P013.jpg,0.950708,30.094690,ok
EES0423611__X27__Y39__P014.jpg,0.826047,24.271557,ok
EES0423611__X2A__Y39__P015.jpg,0.816974,23.769264,ok
EES0423611__X2A__Y3C__P016.jpg,0.896689,24.583470,ok
EES0423611__X2A__Y3F__P017.jpg,0.896792,25.240236,ok
EES0423611__X2A__Y42__P018.jpg,0.904142,24.134071,ok
EES0423611__X2D__Y3C__P019.jpg,0.881995,25.973739,ok
EES0423611__X2D__Y3F__P020.jpg,0.899959,26.208243,ok
EES0423611__X30__Y39__P021.jpg,0.869604,24.300015,ok
EES0423611__X30__Y3F__P022.jpg,0.860871,23.828487,ok
EES0423611__X30__Y42__P023.jpg,0.891632,23.374865,ok
EES0423611__X33__Y39__P024.jpg,0.943562,29.379027,ok
EES0423611__X33__Y3C__P025.jpg,0.887531,25.218832,ok
EES0423612__X3F__Y39__P001.jpg,0.877919,24.467651,ok
EES0423612__X48__Y2D__P002.jpg,0.853667,23.146800,ok
EES0423612__X06__Y18__P003.jpg,0.896656,26.532359,ok
EES0423612__X06__Y1B__P004.jpg,0.783609,25.145492,ok
EES0423612__X06__Y1E__P005.jpg,0.841336,26.314585,ok
EES0423612__X06__Y21__P006.jpg,0.759977,24.263704,ok
EES0423612__X06__Y24__P007.jpg,0.790697,24.714204,ok
EES0423612__X06__Y27__P008.jpg,0.882714,28.777208,ok
EES0423612__X06__Y2A__P009.jpg,0.790323,23.604405,ok
EES0423612__X06__Y2D__P010.jpg,0.879739,30.373910,ok
EES0423612__X06__Y30__P011.jpg,0.942526,33.411268,ok
EES0423612__X09__Y12__P012.jpg,0.938543,24.198038,ok
EES0423612__X09__Y2A__P013.jpg,0.822185,25.304378,ok
EES0423612__X09__Y2D__P014.jpg,0.805742,25.018726,ok
EES0423612__X09__Y30__P015.jpg,0.857271,27.694546,ok
EES0423612__X09__Y33__P016.jpg,0.755632,23.770816,ok
EES0423612__X09__Y36__P017.jpg,0.943932,26.964969,ok
EES0423612__X0C__Y2D__P018.jpg,0.725731,21.971945,ok
EES0423612__X0C__Y33__P019.jpg,0.802988,22.784586,ok
EES0423612__X0C__Y36__P020.jpg,0.859868,24.010507,ok
EES0423612__X0C__Y39__P021.jpg,0.895494,23.884737,ok
EES0423612__X0F__Y39__P022.jpg,0.864793,24.017609,ok
EES0423612__X12__Y09__P023.jpg,0.938771,24.489607,ok
EES0423612__X12__Y3C__P024.jpg,0.852811,23.702079,ok
EES0423612__X15__Y3F__P025.jpg,0.865160,25.284709,ok
EES0423613__X1B__Y39__P001.jpg,0.835903,24.128715,ok
EES0423613__X1E__Y24__P002.jpg,0.847431,23.055612,ok
EES0423613__X21__Y12__P003.jpg,0.886558,24.467497,ok
EES0423613__X21__Y15__P004.jpg,0.909700,26.799909,ok
EES0423613__X24__Y3C__P005.jpg,0.907040,24.343446,ok
EES0423613__X24__Y3F__P006.jpg,0.785000,23.453078,ok
EES0423613__X24__Y45__P007.jpg,0.926350,23.889561,ok
EES0423613__X2A__Y42__P008.jpg,0.931678,23.690187,ok
EES0423613__X2D__Y21__P009.jpg,0.869007,24.592081,ok
EES0423613__X30__Y15__P010.jpg,0.782927,24.248754,ok
EES0423613__X30__Y1E__P011.jpg,0.843064,22.877542,ok
EES0423613__X30__Y21__P012.jpg,0.841003,23.845832,ok
EES0423613__X30__Y24__P013.jpg,0.837772,24.560721,ok
EES0423613__X30__Y3F__P014.jpg,0.915861,24.662308,ok
EES0423613__X33__Y15__P015.jpg,0.880181,23.767901,ok
EES0423613__X33__Y24__P016.jpg,0.881151,23.424980,ok
EES0423613__X33__Y36__P017.jpg,0.818721,22.663623,ok
EES0423613__X33__Y3C__P018.jpg,0.914487,23.892831,ok
EES0423613__X36__Y12__P019.jpg,0.850112,24.785985,ok
EES0423613__X36__Y15__P020.jpg,0.864104,28.544886,ok
EES0423613__X36__Y18__P021.jpg,0.874854,23.693033,ok
EES0423613__X36__Y39__P022.jpg,0.889498,27.522054,ok
EES0423613__X0F__Y24__P023.jpg,0.801581,23.151616,ok
EES0423613__X1B__Y1B__P024.jpg,0.889654,23.472549,ok
EES0423613__X1B__Y21__P025.jpg,0.837089,23.362136,ok
EES0423614__X24__Y0C__P001.jpg,0.851270,23.977619,ok
EES0423614__X24__Y1E__P002.jpg,0.846440,24.389673,ok
EES0423614__X24__Y21__P003.jpg,0.835792,24.615113,ok
EES0423614__X24__Y27__P004.jpg,0.862434,23.160736,ok
EES0423614__X24__Y36__P005.jpg,0.915778,27.185992,ok
EES0423614__X27__Y1B__P006.jpg,0.833076,23.421121,ok
EES0423614__X2A__Y1E__P007.jpg,0.916298,24.714530,ok
EES0423614__X2D__Y1E__P008.jpg,0.773553,22.825847,ok
EES0423614__X2D__Y39__P009.jpg,0.901467,23.628394,ok
EES0423614__X30__Y15__P010.jpg,0.883621,23.205750,ok
EES0423614__X30__Y24__P011.jpg,0.909927,25.884691,ok
EES0423614__X33__Y21__P012.jpg,0.825251,23.099595,ok
EES0423614__X36__Y2A__P013.jpg,0.833985,22.812717,ok
EES0423614__X36__Y2D__P014.jpg,0.847144,24.144931,ok
EES0423614__X36__Y33__P015.jpg,0.906753,23.983665,ok
EES0423614__X3C__Y24__P016.jpg,0.853252,23.891439,ok
EES0423614__X3C__Y27__P017.jpg,0.841099,23.546009,ok
EES0423614__X3C__Y33__P018.jpg,0.914670,24.075337,ok
EES0423614__X3F__Y24__P019.jpg,0.842886,23.991388,ok
EES0423614__X3F__Y27__P020.jpg,0.917318,26.313266,ok
EES0423614__X0C__Y1B__P021.jpg,0.891880,27.014500,ok
EES0423614__X0C__Y1E__P022.jpg,0.841348,25.202108,ok
EES0423614__X0C__Y21__P023.jpg,0.934329,32.590652,ok
EES0423614__X0C__Y30__P024.jpg,0.815005,23.112327,ok
EES0423614__X0F__Y1B__P025.jpg,0.848959,25.075670,ok
EES0423615__X45__Y27__P001.jpg,0.894515,23.919561,ok
EES0423615__X45__Y2A__P002.jpg,0.890052,25.527878,ok
EES0423615__X0F__Y1B__P003.jpg,0.860915,23.620301,ok
EES0423615__X12__Y1E__P004.jpg,0.803075,22.551105,ok
EES0423615__X21__Y0C__P005.jpg,0.864658,23.598091,ok
EES0423615__X21__Y0F__P006.jpg,0.838884,23.243157,ok
EES0423615__X27__Y36__P007.jpg,0.860801,23.415675,ok
EES0423615__X30__Y0F__P008.jpg,0.813150,22.977170,ok
EES0423615__X33__Y0F__P009.jpg,0.825524,23.033687,ok
EES0423615__X36__Y0F__P010.jpg,0.928700,23.892734,ok
EES0423615__X3C__Y1E__P011.jpg,0.826850,23.193760,ok
EES0423615__X3C__Y21__P012.jpg,0.776931,22.280044,ok
EES0423615__X0C__Y2A__P013.jpg,0.949429,24.604656,ok
EES0423615__X12__Y27__P014.jpg,0.869208,23.169086,ok
EES0423615__X1E__Y15__P015.jpg,0.902988,23.563469,ok
EES0423615__X1E__Y18__P016.jpg,0.904458,24.510548,ok
EES0423615__X1E__Y42__P017.jpg,0.842434,24.194913,ok
EES0423615__X21__Y2A__P018.jpg,0.856184,23.617673,ok
EES0423615__X24__Y12__P019.jpg,0.874034,23.527949,ok
EES0423615__X24__Y15__P020.jpg,0.927475,25.317411,ok
EES0423615__X24__Y18__P021.jpg,0.944754,25.436158,ok
EES0423615__X24__Y2A__P022.jpg,0.889788,23.560824,ok
EES0423615__X24__Y30__P023.jpg,0.887037,23.876771,ok
EES0423615__X24__Y42__P024.jpg,0.915688,24.567906,ok
EES0423615__X27__Y12__P025.jpg,0.897540,23.752386,ok
EES0423616__X18__Y09__P001.jpg,0.846448,23.115983,ok
EES0423616__X1B__Y0C__P002.jpg,0.841242,23.222256,ok
EES0423616__X1B__Y12__P003.jpg,0.850477,23.008858,ok
EES0423616__X1E__Y0C__P004.jpg,0.801579,23.622005,ok
EES0423616__X21__Y18__P005.jpg,0.806286,22.747453,ok
EES0423616__X24__Y15__P006.jpg,0.902990,25.394788,ok
EES0423616__X24__Y18__P007.jpg,0.842579,25.050710,ok
EES0423616__X27__Y0C__P008.jpg,0.845118,23.808732,ok
EES0423616__X2A__Y0C__P009.jpg,0.867514,23.978557,ok
EES0423616__X3C__Y09__P010.jpg,0.941445,23.958853,ok
EES0423616__X0F__Y18__P011.jpg,0.876161,23.988750,ok
EES0423616__X0F__Y1B__P012.jpg,0.822415,23.301064,ok
EES0423616__X18__Y0C__P013.jpg,0.886839,24.394204,ok
EES0423616__X1B__Y09__P014.jpg,0.883105,24.206764,ok
EES0423616__X1B__Y0C__P015.jpg,0.856736,24.101460,ok
EES0423616__X1E__Y09__P016.jpg,0.778263,22.313161,ok
EES0423616__X24__Y06__P017.jpg,0.877400,25.137167,ok
EES0423616__X2A__Y45__P018.jpg,0.891283,23.676129,ok
EES0423616__X2D__Y06__P019.jpg,0.892092,27.338211,ok
EES0423616__X2D__Y45__P020.jpg,0.935846,24.972701,ok
EES0423616__X30__Y06__P021.jpg,0.887996,24.216417,ok
EES0423616__X30__Y09__P022.jpg,0.800508,23.459021,ok
EES0423616__X42__Y0F__P023.jpg,0.924857,24.109097,ok
EES0423616__X48__Y18__P024.jpg,0.933958,24.734992,ok
EES0423616__X48__Y1B__P025.jpg,0.895474,26.159609,ok
EES0423617__X15__Y12__P001.jpg,0.832263,23.933288,ok
EES0423617__X15__Y15__P002.jpg,0.855479,25.383974,ok
EES0423617__X15__Y18__P003.jpg,0.867281,24.499854,ok
EES0423617__X15__Y1B__P004.jpg,0.786922,22.880673,ok
EES0423617__X15__Y30__P005.jpg,0.800129,23.743591,ok
EES0423617__X18__Y12__P006.jpg,0.806893,23.256669,ok
EES0423617__X1B__Y12__P007.jpg,0.854101,24.014548,ok
EES0423617__X1B__Y33__P008.jpg,0.760508,22.573939,ok
EES0423617__X1E__Y0C__P009.jpg,0.948966,31.206720,ok
EES0423617__X1E__Y0F__P010.jpg,0.920296,27.345359,ok
EES0423617__X1E__Y12__P011.jpg,0.798878,27.793484,ok
EES0423617__X1E__Y15__P012.jpg,0.858596,26.767244,ok
EES0423617__X21__Y0C__P013.jpg,0.821469,25.611569,ok
EES0423617__X24__Y0C__P014.jpg,0.815061,24.822578,ok
EES0423617__X24__Y0F__P015.jpg,0.805904,23.512337,ok
EES0423617__X24__Y45__P016.jpg,0.937231,25.426085,ok
EES0423617__X27__Y0C__P017.jpg,0.805004,23.408878,ok
EES0423617__X2D__Y0C__P018.jpg,0.885633,26.168883,ok
EES0423617__X30__Y0C__P019.jpg,0.761996,23.322434,ok
EES0423617__X3F__Y12__P020.jpg,0.866665,23.207410,ok
EES0423617__X3F__Y30__P021.jpg,0.881617,23.374644,ok
EES0423617__X45__Y1B__P022.jpg,0.858077,23.665978,ok
EES0423617__X45__Y2D__P023.jpg,0.910788,25.101981,ok
EES0423617__X12__Y1B__P024.jpg,0.904599,26.269751,ok
EES0423617__X12__Y1E__P025.jpg,0.924782,31.170948,ok
EES0423618__X12__Y21__P001.jpg,0.896204,27.988947,ok
EES0423618__X12__Y24__P002.jpg,0.856260,25.233845,ok
EES0423618__X18__Y1B__P003.jpg,0.873069,23.290649,ok
EES0423618__X18__Y1E__P004.jpg,0.807190,22.573231,ok
EES0423618__X1B__Y18__P005.jpg,0.918312,26.074907,ok
EES0423618__X1B__Y1B__P006.jpg,0.873377,26.873001,ok
EES0423618__X1B__Y1E__P007.jpg,0.876821,26.634780,ok
EES0423618__X1E__Y18__P008.jpg,0.873390,23.574162,ok
EES0423618__X1E__Y1B__P009.jpg,0.858239,23.796270,ok
EES0423618__X24__Y0C__P010.jpg,0.853188,23.850732,ok
EES0423618__X24__Y0F__P011.jpg,0.850458,23.303357,ok
EES0423618__X24__Y12__P012.jpg,0.885560,25.660703,ok
EES0423618__X24__Y15__P013.jpg,0.839862,25.256030,ok
EES0423618__X24__Y18__P014.jpg,0.876722,25.609936,ok
EES0423618__X24__Y1B__P015.jpg,0.875827,25.280905,ok
EES0423618__X27__Y12__P016.jpg,0.782199,22.764169,ok
EES0423618__X27__Y15__P017.jpg,0.811005,24.883706,ok
EES0423618__X27__Y18__P018.jpg,0.878847,27.463253,ok
EES0423618__X27__Y1B__P019.jpg,0.807349,24.408700,ok
EES0423618__X2A__Y15__P020.jpg,0.795595,25.621081,ok
EES0423618__X2A__Y18__P021.jpg,0.878276,27.309013,ok
EES0423618__X2A__Y1B__P022.jpg,0.765120,23.741463,ok
EES0423618__X2D__Y09__P023.jpg,0.805685,22.746282,ok
EES0423618__X2D__Y0C__P024.jpg,0.861113,23.617268,ok
EES0423618__X2D__Y12__P025.jpg,0.832928,24.067832,ok
EES0423619__X42__Y2D__P001.jpg,0.925536,26.414387,ok
EES0423619__X42__Y30__P002.jpg,0.909032,30.886232,ok
EES0423619__X42__Y33__P003.jpg,0.845512,27.619690,ok
EES0423619__X09__Y18__P004.jpg,0.893225,26.126311,ok
EES0423619__X09__Y1B__P005.jpg,0.929908,28.788443,ok
EES0423619__X09__Y1E__P006.jpg,0.873208,27.232058,ok
EES0423619__X09__Y21__P007.jpg,0.874302,25.410930,ok
EES0423619__X09__Y24__P008.jpg,0.923558,28.020940,ok
EES0423619__X09__Y27__P009.jpg,0.886205,25.318865,ok
EES0423619__X0C__Y24__P010.jpg,0.893950,23.315103,ok
EES0423619__X0F__Y12__P011.jpg,0.822468,22.835132,ok
EES0423619__X18__Y09__P012.jpg,0.931222,24.535134,ok
EES0423619__X1E__Y33__P013.jpg,0.787845,22.558635,ok
EES0423619__X21__Y09__P014.jpg,0.808726,22.758828,ok
EES0423619__X24__Y06__P015.jpg,0.915812,25.665395,ok
EES0423619__X27__Y06__P016.jpg,0.875511,26.105385,ok
EES0423619__X2A__Y06__P017.jpg,0.931381,25.684594,ok
EES0423619__X33__Y0F__P018.jpg,0.855298,22.988195,ok
EES0423619__X33__Y12__P019.jpg,0.811288,23.147849,ok
EES0423619__X33__Y1B__P020.jpg,0.834152,23.123680,ok
EES0423619__X36__Y1B__P021.jpg,0.830152,22.894648,ok
EES0423619__X15__Y24__P022.jpg,0.852555,24.985049,ok
EES0423619__X18__Y21__P023.jpg,0.853314,23.250622,ok
EES0423619__X18__Y24__P024.jpg,0.862276,25.422462,ok
EES0423619__X18__Y2D__P025.jpg,0.834658,23.371202,ok
EES0423620__X1B__Y24__P001.jpg,0.759530,22.434549,ok
EES0423620__X1B__Y2D__P002.jpg,0.846807,24.659161,ok
EES0423620__X1E__Y1E__P003.jpg,0.804447,22.565759,ok
EES0423620__X1E__Y24__P004.jpg,0.791612,24.270400,ok
EES0423620__X21__Y12__P005.jpg,0.878255,28.691793,ok
EES0423620__X24__Y39__P006.jpg,0.838974,23.484215,ok
EES0423620__X2A__Y24__P007.jpg,0.794076,23.219806,ok
EES0423620__X2A__Y36__P008.jpg,0.884224,25.487368,ok
EES0423620__X2A__Y39__P009.jpg,0.850285,24.835162,ok
EES0423620__X2D__Y21__P010.jpg,0.787089,22.469932,ok
EES0423620__X2D__Y36__P011.jpg,0.880526,25.057712,ok
EES0423620__X2D__Y39__P012.jpg,0.902498,26.431026,ok
EES0423620__X33__Y36__P013.jpg,0.883157,23.843642,ok
EES0423620__X3C__Y18__P014.jpg,0.841957,23.122019,ok
EES0423620__X3C__Y21__P015.jpg,0.854069,23.328572,ok
EES0423620__X3C__Y2D__P016.jpg,0.907043,24.815866,ok
EES0423620__X3C__Y30__P017.jpg,0.900556,25.225725,ok
EES0423620__X3F__Y15__P018.jpg,0.877508,23.626140,ok
EES0423620__X3F__Y24__P019.jpg,0.889512,25.286333,ok
EES0423620__X42__Y15__P020.jpg,0.879581,23.600705,ok
EES0423620__X42__Y21__P021.jpg,0.890728,25.154473,ok
EES0423620__X42__Y24__P022.jpg,0.847270,24.204990,ok
EES0423620__X0C__Y1B__P023.jpg,0.878705,26.219887,ok
EES0423620__X0C__Y1E__P024.jpg,0.925279,31.915949,ok
EES0423620__X0C__Y21__P025.jpg,0.940359,28.620560,ok
EES0423621__X0C__Y24__P001.jpg,0.895716,31.894314,ok
EES0423621__X0C__Y27__P002.jpg,0.822866,24.107820,ok
EES0423621__X0C__Y2D__P003.jpg,0.935743,25.777156,ok
EES0423621__X0F__Y1B__P004.jpg,0.846380,24.376241,ok
EES0423621__X0F__Y21__P005.jpg,0.856542,25.270889,ok
EES0423621__X0F__Y2A__P006.jpg,0.811330,23.119153,ok
EES0423621__X0F__Y2D__P007.jpg,0.830683,24.457926,ok
EES0423621__X0F__Y30__P008.jpg,0.895920,25.274661,ok
EES0423621__X12__Y0F__P009.jpg,0.921020,23.639011,ok
EES0423621__X12__Y2D__P010.jpg,0.867908,24.992705,ok
EES0423621__X12__Y30__P011.jpg,0.875576,25.682196,ok
EES0423621__X12__Y39__P012.jpg,0.906977,25.081772,ok
EES0423621__X15__Y30__P013.jpg,0.861363,23.227639,ok
EES0423621__X15__Y33__P014.jpg,0.812987,24.105372,ok
EES0423621__X15__Y36__P015.jpg,0.872730,27.794781,ok
EES0423621__X15__Y39__P016.jpg,0.862869,24.036318,ok
EES0423621__X18__Y36__P017.jpg,0.810913,24.034871,ok
EES0423621__X18__Y39__P018.jpg,0.855636,24.565290,ok
EES0423621__X1B__Y39__P019.jpg,0.859667,25.592969,ok
EES0423621__X1B__Y3C__P020.jpg,0.917262,25.482752,ok
EES0423621__X1B__Y3F__P021.jpg,0.888890,23.760220,ok
EES0423621__X1E__Y39__P022.jpg,0.900010,24.908064,ok
EES0423621__X1E__Y3F__P023.jpg,0.864024,23.987053,ok
EES0423621__X21__Y3F__P024.jpg,0.843046,24.239760,ok
EES0423621__X24__Y3C__P025.jpg,0.806946,22.731148,ok
EES0423622__X09__Y2A__P001.jpg,0.915764,24.741180,ok
EES0423622__X09__Y2D__P002.jpg,0.833765,23.195942,ok
EES0423622__X0C__Y12__P003.jpg,0.921263,25.447431,ok
EES0423622__X0C__Y15__P004.jpg,0.810444,23.742360,ok
EES0423622__X0C__Y18__P005.jpg,0.809332,23.629178,ok
EES0423622__X0C__Y24__P006.jpg,0.806444,23.483511,ok
EES0423622__X0C__Y2A__P007.jpg,0.804463,23.578770,ok
EES0423622__X0C__Y2D__P008.jpg,0.822167,23.434517,ok
EES0423622__X0C__Y30__P009.jpg,0.876326,23.618789,ok
EES0423622__X0F__Y36__P010.jpg,0.869314,23.537345,ok
EES0423622__X12__Y36__P011.jpg,0.773687,22.646088,ok
EES0423622__X15__Y09__P012.jpg,0.940210,25.443236,ok
EES0423622__X15__Y3C__P013.jpg,0.864449,23.518664,ok
EES0423622__X1B__Y06__P014.jpg,0.956363,31.532828,ok
EES0423622__X1E__Y06__P015.jpg,0.854732,25.210756,ok
EES0423622__X21__Y06__P016.jpg,0.820942,22.754062,ok
EES0423622__X2D__Y42__P017.jpg,0.852266,23.993242,ok
EES0423622__X30__Y06__P018.jpg,0.914571,25.665959,ok
EES0423622__X30__Y42__P019.jpg,0.894680,26.057649,ok
EES0423622__X33__Y09__P020.jpg,0.851162,23.181274,ok
EES0423622__X33__Y42__P021.jpg,0.955081,27.433982,ok
EES0423622__X39__Y3F__P022.jpg,0.937198,25.143023,ok
EES0423622__X45__Y1E__P023.jpg,0.947773,25.622370,ok
EES0423622__X45__Y2A__P024.jpg,0.923064,25.852998,ok
EES0423622__X45__Y2D__P025.jpg,0.932353,25.539040,ok
EES0423623__X45__Y36__P001.jpg,0.930054,24.566422,ok
EES0423623__X48__Y36__P002.jpg,0.936476,24.089241,ok
EES0423623__X48__Y42__P003.jpg,0.961737,30.296878,ok
EES0423623__X06__Y15__P004.jpg,0.863662,26.978059,ok
EES0423623__X06__Y18__P005.jpg,0.920235,30.301957,ok
EES0423623__X06__Y1B__P006.jpg,0.850872,25.921407,ok
EES0423623__X06__Y1E__P007.jpg,0.797415,24.327220,ok
EES0423623__X06__Y21__P008.jpg,0.835841,24.084133,ok
EES0423623__X06__Y24__P009.jpg,0.841649,25.039273,ok
EES0423623__X06__Y27__P010.jpg,0.849299,24.257315,ok
EES0423623__X06__Y2A__P011.jpg,0.881391,27.274570,ok
EES0423623__X06__Y2D__P012.jpg,0.855847,26.095690,ok
EES0423623__X06__Y30__P013.jpg,0.899024,27.599812,ok
EES0423623__X06__Y33__P014.jpg,0.878921,24.205927,ok
EES0423623__X09__Y12__P015.jpg,0.909827,24.732151,ok
EES0423623__X09__Y15__P016.jpg,0.861702,27.158060,ok
EES0423623__X09__Y18__P017.jpg,0.839330,26.096246,ok
EES0423623__X09__Y1B__P018.jpg,0.805428,23.961071,ok
EES0423623__X09__Y21__P019.jpg,0.824007,23.169517,ok
EES0423623__X09__Y24__P020.jpg,0.785310,25.036325,ok
EES0423623__X09__Y27__P021.jpg,0.790543,25.048775,ok
EES0423623__X09__Y2D__P022.jpg,0.880719,25.773907,ok
EES0423623__X09__Y30__P023.jpg,0.859098,23.304888,ok
EES0423623__X09__Y36__P024.jpg,0.855874,23.137246,ok
EES0423623__X0C__Y12__P025.jpg,0.874837,24.387906,ok
EES0423624__X2D__Y2D__P001.jpg,0.910775,30.218889,ok
EES0423624__X2D__Y36__P002.jpg,0.847817,23.545920,ok
EES0423624__X2D__Y39__P003.jpg,0.841783,25.558907,ok
EES0423624__X2D__Y3C__P004.jpg,0.899139,24.424704,ok
EES0423624__X30__Y0C__P005.jpg,0.826036,22.737377,ok
EES0423624__X30__Y27__P006.jpg,0.833647,25.358153,ok
EES0423624__X30__Y2D__P007.jpg,0.835822,23.038127,ok
EES0423624__X33__Y0F__P008.jpg,0.816424,23.324260,ok
EES0423624__X33__Y24__P009.jpg,0.792556,23.219390,ok
EES0423624__X33__Y3C__P010.jpg,0.877095,23.424330,ok
EES0423624__X36__Y3C__P011.jpg,0.868919,23.733270,ok
EES0423624__X3F__Y27__P012.jpg,0.823777,22.742176,ok
EES0423624__X3F__Y2D__P013.jpg,0.785375,22.716531,ok
EES0423624__X3F__Y30__P014.jpg,0.862388,23.814669,ok
EES0423624__X42__Y2A__P015.jpg,0.842809,24.767049,ok
EES0423624__X42__Y2D__P016.jpg,0.833258,24.647691,ok
EES0423624__X42__Y30__P017.jpg,0.850939,24.351168,ok
EES0423624__X45__Y2A__P018.jpg,0.876099,23.688794,ok
EES0423624__X45__Y2D__P019.jpg,0.875721,24.280752,ok
EES0423624__X45__Y30__P020.jpg,0.863894,23.602835,ok
EES0423624__X18__Y3F__P021.jpg,0.924857,26.268807,ok
EES0423624__X1E__Y42__P022.jpg,0.892602,24.783255,ok
EES0423624__X27__Y06__P023.jpg,0.935541,24.798758,ok
EES0423624__X3C__Y0C__P024.jpg,0.947367,25.774529,ok
EES0423624__X3F__Y3C__P025.jpg,0.885423,23.239631,ok
EES0423625__X0C__Y24__P001.jpg,0.830154,22.831810,ok
EES0423625__X0C__Y27__P002.jpg,0.906916,26.364351,ok
EES0423625__X0C__Y2A__P003.jpg,0.895501,25.283900,ok
EES0423625__X0F__Y2D__P004.jpg,0.851634,23.988755,ok
EES0423625__X12__Y30__P005.jpg,0.832165,23.491147,ok
EES0423625__X1B__Y39__P006.jpg,0.872308,23.535738,ok
EES0423625__X1E__Y36__P007.jpg,0.812944,22.642930,ok
EES0423625__X1E__Y39__P008.jpg,0.827038,23.118370,ok
EES0423625__X1E__Y3C__P009.jpg,0.939821,26.960602,ok
EES0423625__X21__Y36__P010.jpg,0.853627,24.330080,ok
EES0423625__X21__Y39__P011.jpg,0.815472,22.996712,ok
EES0423625__X21__Y3C__P012.jpg,0.903069,26.021149,ok
EES0423625__X24__Y3C__P013.jpg,0.892076,26.856477,ok
EES0423625__X27__Y3C__P014.jpg,0.870802,24.926077,ok
EES0423625__X2A__Y3C__P015.jpg,0.780000,23.612986,ok
EES0423625__X2D__Y3C__P016.jpg,0.852845,23.697823,ok
EES0423625__X33__Y3C__P017.jpg,0.944127,27.137438,ok
EES0423625__X39__Y06__P018.jpg,0.891843,24.283735,ok
EES0423625__X3C__Y36__P019.jpg,0.943244,26.327778,ok
EES0423625__X3F__Y33__P020.jpg,0.951674,27.583111,ok
EES0423625__X45__Y1B__P021.jpg,0.943916,27.716301,ok
EES0423625__X45__Y1E__P022.jpg,0.888578,24.796374,ok
EES0423625__X45__Y21__P023.jpg,0.937757,25.627475,ok
EES0423625__X45__Y24__P024.jpg,0.911295,24.548244,ok
EES0423625__X21__Y3F__P025.jpg,0.924614,24.019249,ok
EES0423626__X3F__Y24__P001.jpg,0.899093,25.087025,ok
EES0423626__X3F__Y27__P002.jpg,0.878061,24.704331,ok
EES0423626__X06__Y33__P003.jpg,0.760390,24.921181,ok
EES0423626__X18__Y27__P004.jpg,0.871824,23.499103,ok
EES0423626__X18__Y42__P005.jpg,0.812715,23.558857,ok
EES0423626__X1B__Y18__P006.jpg,0.865927,24.139447,ok
EES0423626__X1B__Y24__P007.jpg,0.817726,24.026634,ok
EES0423626__X1B__Y27__P008.jpg,0.880163,24.891903,ok
EES0423626__X1B__Y2A__P009.jpg,0.812297,23.674665,ok
EES0423626__X1B__Y30__P010.jpg,0.906754,27.002968,ok
EES0423626__X1E__Y1E__P011.jpg,0.762653,22.339806,ok
EES0423626__X1E__Y21__P012.jpg,0.888576,25.037451,ok
EES0423626__X21__Y06__P013.jpg,0.857537,23.591210,ok
EES0423626__X21__Y09__P014.jpg,0.828005,24.440412,ok
EES0423626__X21__Y18__P015.jpg,0.830586,23.142523,ok
EES0423626__X21__Y1E__P016.jpg,0.876328,25.847786,ok
EES0423626__X21__Y36__P017.jpg,0.932627,24.117564,ok
EES0423626__X24__Y09__P018.jpg,0.857330,24.171601,ok
EES0423626__X24__Y1E__P019.jpg,0.872170,25.822867,ok
EES0423626__X24__Y21__P020.jpg,0.825660,23.882040,ok
EES0423626__X27__Y09__P021.jpg,0.902167,24.099865,ok
EES0423626__X2A__Y06__P022.jpg,0.849555,24.985614,ok
EES0423626__X2A__Y09__P023.jpg,0.819991,24.155821,ok
EES0423626__X2A__Y0C__P024.jpg,0.844353,23.045206,ok
EES0423626__X2A__Y1B__P025.jpg,0.783235,24.767437,ok
EES0423627__X2A__Y1E__P001.jpg,0.860328,24.443266,ok
EES0423627__X2D__Y06__P002.jpg,0.837152,24.648802,ok
EES0423627__X2D__Y09__P003.jpg,0.857038,26.035045,ok
EES0423627__X2D__Y18__P004.jpg,0.883023,26.065182,ok
EES0423627__X2D__Y1B__P005.jpg,0.904752,28.082979,ok
EES0423627__X2D__Y1E__P006.jpg,0.771347,23.468121,ok
EES0423627__X2D__Y21__P007.jpg,0.777470,23.130118,ok
EES0423627__X30__Y09__P008.jpg,0.877176,23.764390,ok
EES0423627__X30__Y0C__P009.jpg,0.908211,27.340052,ok
EES0423627__X30__Y18__P010.jpg,0.844006,23.553831,ok
EES0423627__X30__Y1B__P011.jpg,0.876571,26.257670,ok
EES0423627__X30__Y21__P012.jpg,0.835060,22.888375,ok
EES0423627__X30__Y36__P013.jpg,0.819167,22.696164,ok
EES0423627__X30__Y39__P014.jpg,0.875439,24.595390,ok
EES0423627__X33__Y09__P015.jpg,0.852965,24.060188,ok
EES0423627__X33__Y0C__P016.jpg,0.883212,26.283064,ok
EES0423627__X33__Y18__P017.jpg,0.856633,24.765341,ok
EES0423627__X36__Y18__P018.jpg,0.937734,24.980037,ok
EES0423627__X42__Y1B__P019.jpg,0.926820,27.305293,ok
EES0423627__X0C__Y1E__P020.jpg,0.743239,22.673403,ok
EES0423627__X0C__Y21__P021.jpg,0.886487,28.622678,ok
EES0423627__X0C__Y24__P022.jpg,0.875946,25.302482,ok
EES0423627__X0C__Y27__P023.jpg,0.850004,25.136172,ok
EES0423627__X0C__Y2A__P024.jpg,0.831745,24.572031,ok
EES0423627__X0C__Y2D__P025.jpg,0.927149,31.242739,ok
EES0423628__X33__Y15__P001.jpg,0.875700,24.911824,ok
EES0423628__X33__Y39__P002.jpg,0.772125,22.239477,ok
EES0423628__X36__Y12__P003.jpg,0.851011,23.417705,ok
EES0423628__X42__Y2A__P004.jpg,0.809307,22.749065,ok
EES0423628__X06__Y1E__P005.jpg,0.917178,26.113774,ok
EES0423628__X09__Y12__P006.jpg,0.911853,24.758257,ok
EES0423628__X09__Y15__P007.jpg,0.932898,26.282777,ok
EES0423628__X09__Y1B__P008.jpg,0.883660,23.648771,ok
EES0423628__X09__Y1E__P009.jpg,0.894096,28.537510,ok
EES0423628__X09__Y24__P010.jpg,0.850963,25.159566,ok
EES0423628__X09__Y27__P011.jpg,0.872629,26.132153,ok
EES0423628__X09__Y2A__P012.jpg,0.889937,26.467077,ok
EES0423628__X09__Y2D__P013.jpg,0.931366,28.036112,ok
EES0423628__X09__Y30__P014.jpg,0.902471,25.909296,ok
EES0423628__X0C__Y0F__P015.jpg,0.899694,23.648892,ok
EES0423628__X0C__Y12__P016.jpg,0.849495,24.747320,ok
EES0423628__X0C__Y15__P017.jpg,0.893499,27.082080,ok
EES0423628__X0C__Y18__P018.jpg,0.831081,22.888295,ok
EES0423628__X0C__Y21__P019.jpg,0.793880,23.854408,ok
EES0423628__X0C__Y24__P020.jpg,0.860747,23.630258,ok
EES0423628__X0C__Y27__P021.jpg,0.759550,23.279135,ok
EES0423628__X0C__Y2A__P022.jpg,0.898585,26.084197,ok
EES0423628__X0C__Y2D__P023.jpg,0.859616,25.026766,ok
EES0423628__X0C__Y30__P024.jpg,0.874329,28.740664,ok
EES0423628__X0C__Y33__P025.jpg,0.801656,24.150127,ok
EES0423629__X21__Y42__P001.jpg,0.806829,22.869983,ok
EES0423629__X24__Y06__P002.jpg,0.895300,25.086805,ok
EES0423629__X27__Y06__P003.jpg,0.853990,27.514920,ok
EES0423629__X2A__Y06__P004.jpg,0.911225,28.958991,ok
EES0423629__X2D__Y06__P005.jpg,0.858924,23.139381,ok
EES0423629__X42__Y12__P006.jpg,0.829033,22.752413,ok
EES0423629__X45__Y15__P007.jpg,0.931217,27.204272,ok
EES0423629__X45__Y18__P008.jpg,0.916238,25.064930,ok
EES0423629__X0F__Y06__P009.jpg,0.965400,29.380748,ok
EES0423629__X0F__Y30__P010.jpg,0.743017,22.108564,ok
EES0423629__X2A__Y45__P011.jpg,0.829726,23.413283,ok
EES0423629__X2D__Y45__P012.jpg,0.921305,25.049445,ok
EES0423629__X36__Y42__P013.jpg,0.896872,25.205295,ok
EES0423629__X3C__Y0F__P014.jpg,0.909984,24.433525,ok
EES0423629__X42__Y15__P015.jpg,0.918517,23.497435,ok
EES0423629__X48__Y24__P016.jpg,0.945067,26.049296,ok
EES0423629__X48__Y27__P017.jpg,0.946164,26.573530,ok
EES0423629__X0C__Y27__P018.jpg,0.770651,22.581202,ok
EES0423629__X0F__Y12__P019.jpg,0.835708,23.146813,ok
EES0423629__X1E__Y3F__P020.jpg,0.892492,24.019779,ok
EES0423629__X27__Y06__P021.jpg,0.823515,24.538492,ok
EES0423629__X27__Y42__P022.jpg,0.851340,23.374455,ok
EES0423629__X2A__Y42__P023.jpg,0.860059,23.145879,ok
EES0423629__X36__Y09__P024.jpg,0.887103,25.461599,ok
EES0423629__X42__Y1B__P025.jpg,0.807176,22.801193,ok
EES0423630__X0C__Y2A__P001.jpg,0.821856,23.800945,ok
EES0423630__X0C__Y2D__P002.jpg,0.826328,23.102486,ok
EES0423630__X0C__Y33__P003.jpg,0.918438,24.916334,ok
EES0423630__X0F__Y15__P004.jpg,0.875624,24.525934,ok
EES0423630__X0F__Y18__P005.jpg,0.816428,23.459606,ok
EES0423630__X0F__Y1B__P006.jpg,0.794471,22.987929,ok
EES0423630__X0F__Y27__P007.jpg,0.801294,22.623581,ok
EES0423630__X12__Y12__P008.jpg,0.879911,24.715161,ok
EES0423630__X12__Y1B__P009.jpg,0.765329,23.338004,ok
EES0423630__X15__Y0F__P010.jpg,0.907678,24.913302,ok
EES0423630__X18__Y0C__P011.jpg,0.823390,23.643133,ok
EES0423630__X18__Y0F__P012.jpg,0.805706,23.485285,ok
EES0423630__X1B__Y0C__P013.jpg,0.890287,24.158715,ok
EES0423630__X1B__Y0F__P014.jpg,0.782207,23.180811,ok
EES0423630__X1E__Y09__P015.jpg,0.904142,23.754791,ok
EES0423630__X1E__Y0C__P016.jpg,0.752164,22.129400,ok
EES0423630__X1E__Y0F__P017.jpg,0.791701,22.541916,ok
EES0423630__X21__Y06__P018.jpg,0.916578,24.836190,ok
EES0423630__X21__Y09__P019.jpg,0.885268,25.389255,ok
EES0423630__X21__Y42__P020.jpg,0.864409,23.372897,ok
EES0423630__X24__Y09__P021.jpg,0.899738,24.398715,ok
EES0423630__X24__Y42__P022.jpg,0.929597,25.032367,ok
EES0423630__X27__Y06__P023.jpg,0.914829,24.943408,ok
EES0423630__X27__Y09__P024.jpg,0.752615,22.883929,ok
EES0423630__X27__Y42__P025.jpg,0.878362,25.519429,ok
EES0423631__X2A__Y06__P001.jpg,0.928451,28.028014,ok
EES0423631__X2A__Y09__P002.jpg,0.828543,26.498230,ok
EES0423631__X2A__Y42__P003.jpg,0.906061,26.452308,ok
EES0423631__X2D__Y06__P004.jpg,0.918217,27.405844,ok
EES0423631__X2D__Y09__P005.jpg,0.811129,24.015394,ok
EES0423631__X2D__Y42__P006.jpg,0.846605,24.676141,ok
EES0423631__X30__Y06__P007.jpg,0.869007,23.566806,ok
EES0423631__X30__Y09__P008.jpg,0.864114,26.271072,ok
EES0423631__X30__Y0C__P009.jpg,0.849758,23.585176,ok
EES0423631__X33__Y06__P010.jpg,0.939812,29.252044,ok
EES0423631__X33__Y09__P011.jpg,0.891459,24.359584,ok
EES0423631__X36__Y09__P012.jpg,0.904022,25.724426,ok
EES0423631__X36__Y0C__P013.jpg,0.838953,23.214288,ok
EES0423631__X39__Y0C__P014.jpg,0.802428,22.486245,ok
EES0423631__X48__Y21__P015.jpg,0.832058,24.247023,ok
EES0423631__X09__Y0F__P016.jpg,0.879504,24.685129,ok
EES0423631__X09__Y12__P017.jpg,0.822556,24.555989,ok
EES0423631__X09__Y15__P018.jpg,0.872340,26.549723,ok
EES0423631__X09__Y18__P019.jpg,0.883721,26.663384,ok
EES0423631__X09__Y2A__P020.jpg,0.838478,23.702508,ok
EES0423631__X09__Y30__P021.jpg,0.931475,24.959048,ok
EES0423631__X0C__Y0F__P022.jpg,0.801213,23.588452,ok
EES0423631__X0C__Y12__P023.jpg,0.843980,25.574768,ok
EES0423631__X0F__Y0C__P024.jpg,0.832669,23.431875,ok
EES0423631__X0F__Y0F__P025.jpg,0.791765,23.679116,ok
EES0423632__X12__Y09__P001.jpg,0.829852,25.137584,ok
EES0423632__X15__Y09__P002.jpg,0.753964,22.376937,ok
EES0423632__X18__Y03__P003.jpg,0.895455,30.492764,ok
EES0423632__X24__Y3C__P004.jpg,0.865906,23.451615,ok
EES0423632__X2A__Y3C__P005.jpg,0.870855,23.850046,ok
EES0423632__X2D__Y3C__P006.jpg,0.836963,23.312049,ok
EES0423632__X42__Y18__P007.jpg,0.842823,23.047894,ok
EES0423632__X42__Y21__P008.jpg,0.895912,23.326798,ok
EES0423632__X42__Y24__P009.jpg,0.855784,23.065265,ok
EES0423632__X42__Y27__P010.jpg,0.913523,23.838259,ok
EES0423632__X45__Y21__P011.jpg,0.851373,22.940155,ok
EES0423632__X45__Y24__P012.jpg,0.883333,23.357203,ok
EES0423632__X09__Y21__P013.jpg,0.929011,24.628991,ok
EES0423632__X0F__Y33__P014.jpg,0.906271,25.975406,ok
EES0423632__X12__Y33__P015.jpg,0.887059,27.136355,ok
EES0423632__X18__Y1E__P016.jpg,0.807187,22.648673,ok
EES0423632__X18__Y39__P017.jpg,0.811518,23.084034,ok
EES0423632__X18__Y3C__P018.jpg,0.857605,23.598995,ok
EES0423632__X18__Y3F__P019.jpg,0.895945,23.721985,ok
EES0423632__X1B__Y39__P020.jpg,0.843650,22.926982,ok
EES0423632__X1B__Y3C__P021.jpg,0.877269,23.862936,ok
EES0423632__X21__Y0F__P022.jpg,0.825145,23.049040,ok
EES0423632__X2D__Y0C__P023.jpg,0.852571,23.520979,ok
EES0423632__X2D__Y3F__P024.jpg,0.869806,23.526751,ok
EES0423632__X33__Y12__P025.jpg,0.855113,26.947225,ok
EES0423633__X33__Y15__P001.jpg,0.855653,26.032063,ok
EES0423633__X1B__Y27__P002.jpg,0.882772,24.902805,ok
EES0423633__X1E__Y2A__P003.jpg,0.849589,23.447673,ok
EES0423633__X24__Y33__P004.jpg,0.873401,27.039345,ok
EES0423633__X24__Y36__P005.jpg,0.860925,23.495680,ok
EES0423633__X2A__Y33__P006.jpg,0.789103,23.115647,ok
EES0423633__X2A__Y3F__P007.jpg,0.898753,23.654771,ok
EES0423633__X2D__Y33__P008.jpg,0.903467,25.697356,ok
EES0423633__X2D__Y39__P009.jpg,0.871215,23.645874,ok
EES0423633__X30__Y2D__P010.jpg,0.855069,22.981478,ok
EES0423633__X36__Y18__P011.jpg,0.898743,23.517442,ok
EES0423633__X36__Y2D__P012.jpg,0.874087,24.702150,ok
EES0423633__X21__Y30__P013.jpg,0.926494,24.584868,ok
EES0423633__X24__Y33__P014.jpg,0.827091,23.145879,ok
EES0423633__X27__Y33__P015.jpg,0.838761,24.177944,ok
EES0423633__X27__Y3F__P016.jpg,0.833688,23.705809,ok
EES0423633__X2A__Y3F__P017.jpg,0.912205,23.438293,ok
EES0423633__X33__Y12__P018.jpg,0.876748,23.718400,ok
EES0423633__X33__Y39__P019.jpg,0.936274,23.753151,ok
EES0423633__X36__Y15__P020.jpg,0.906924,24.198666,ok
EES0423633__X36__Y3C__P021.jpg,0.831695,23.580691,ok
EES0423633__X3C__Y12__P022.jpg,0.905364,25.331851,ok
EES0423633__X3C__Y15__P023.jpg,0.861231,25.180937,ok
EES0423633__X3C__Y1B__P024.jpg,0.829807,23.085874,ok
EES0423633__X3C__Y1E__P025.jpg,0.873000,26.374284,ok
EES0423634__X33__Y24__P001.jpg,0.891644,24.637414,ok
EES0423634__X33__Y33__P002.jpg,0.912147,24.074033,ok
EES0423634__X33__Y36__P003.jpg,0.946099,31.918157,ok
EES0423634__X33__Y39__P004.jpg,0.930126,28.647490,ok
EES0423634__X42__Y1E__P005.jpg,0.947354,25.511554,ok
EES0423634__X15__Y21__P006.jpg,0.854600,23.983758,ok
EES0423634__X18__Y27__P007.jpg,0.826956,23.510771,ok
EES0423634__X18__Y2D__P008.jpg,0.843441,22.883790,ok
EES0423634__X21__Y39__P009.jpg,0.890199,23.809579,ok
EES0423634__X21__Y3C__P010.jpg,0.858803,24.568522,ok
EES0423634__X21__Y42__P011.jpg,0.849965,23.701328,ok
EES0423634__X24__Y39__P012.jpg,0.816092,24.926690,ok
EES0423634__X24__Y3C__P013.jpg,0.783649,22.521736,ok
EES0423634__X27__Y3C__P014.jpg,0.832108,24.146386,ok
EES0423634__X27__Y3F__P015.jpg,0.893258,25.710223,ok
EES0423634__X27__Y42__P016.jpg,0.861579,24.363026,ok
EES0423634__X2A__Y0C__P017.jpg,0.817962,23.912462,ok
EES0423634__X2A__Y36__P018.jpg,0.920509,27.798212,ok
EES0423634__X2A__Y39__P019.jpg,0.838451,23.305156,ok
EES0423634__X2A__Y3C__P020.jpg,0.918365,29.487980,ok
EES0423634__X2A__Y3F__P021.jpg,0.878415,24.562882,ok
EES0423634__X2A__Y42__P022.jpg,0.925926,28.838354,ok
EES0423634__X2D__Y1E__P023.jpg,0.847498,23.049319,ok
EES0423634__X2D__Y21__P024.jpg,0.885313,24.367368,ok
EES0423634__X2D__Y24__P025.jpg,0.856320,23.309492,ok
EES0423635__X2D__Y2A__P001.jpg,0.825202,22.771466,ok
EES0423635__X2D__Y36__P002.jpg,0.882264,24.829617,ok
EES0423635__X2D__Y3C__P003.jpg,0.923483,29.069993,ok
EES0423635__X30__Y39__P004.jpg,0.898237,27.492974,ok
EES0423635__X30__Y3C__P005.jpg,0.861489,23.995231,ok
EES0423635__X30__Y3F__P006.jpg,0.862109,23.395412,ok
EES0423635__X33__Y3C__P007.jpg,0.875032,23.212001,ok
EES0423635__X36__Y21__P008.jpg,0.872364,23.310978,ok
EES0423635__X36__Y24__P009.jpg,0.774047,22.562113,ok
EES0423635__X36__Y39__P010.jpg,0.867897,23.164346,ok
EES0423635__X39__Y2A__P011.jpg,0.812211,23.128275,ok
EES0423635__X3C__Y2A__P012.jpg,0.804046,22.864148,ok
EES0423635__X3C__Y36__P013.jpg,0.809396,22.761176,ok
EES0423635__X3F__Y27__P014.jpg,0.822571,23.702696,ok
EES0423635__X3F__Y2A__P015.jpg,0.827207,25.541453,ok
EES0423635__X3F__Y2D__P016.jpg,0.931210,27.981930,ok
EES0423635__X3F__Y30__P017.jpg,0.876023,26.040439,ok
EES0423635__X3F__Y33__P018.jpg,0.852087,23.514930,ok
EES0423635__X42__Y1B__P019.jpg,0.854212,23.564400,ok
EES0423635__X42__Y27__P020.jpg,0.809788,23.774731,ok
EES0423635__X42__Y2A__P021.jpg,0.877018,23.621177,ok
EES0423635__X18__Y24__P022.jpg,0.826898,23.265233,ok
EES0423635__X24__Y39__P023.jpg,0.890114,24.404935,ok
EES0423635__X27__Y30__P024.jpg,0.848534,24.611412,ok
EES0423635__X27__Y33__P025.jpg,0.870683,24.057633,ok
EES0423636__X36__Y3C__P001.jpg,0.852839,25.687310,ok
EES0423636__X3C__Y30__P002.jpg,0.824534,24.280322,ok
EES0423636__X3C__Y33__P003.jpg,0.899728,26.538401,ok
EES0423636__X0C__Y21__P004.jpg,0.870353,24.254839,ok
EES0423636__X0C__Y24__P005.jpg,0.830695,22.829641,ok
EES0423636__X0C__Y2A__P006.jpg,0.852923,23.483691,ok
EES0423636__X0C__Y2D__P007.jpg,0.882347,24.625686,ok
EES0423636__X0C__Y30__P008.jpg,0.910351,26.467443,ok
EES0423636__X0F__Y1B__P009.jpg,0.867511,23.574181,ok
EES0423636__X0F__Y1E__P010.jpg,0.819463,23.336263,ok
EES0423636__X0F__Y21__P011.jpg,0.840040,23.581030,ok
EES0423636__X12__Y15__P012.jpg,0.862223,23.236541,ok
EES0423636__X12__Y18__P013.jpg,0.848378,23.905162,ok
EES0423636__X12__Y1B__P014.jpg,0.871277,24.636162,ok
EES0423636__X12__Y1E__P015.jpg,0.802995,22.511723,ok
EES0423636__X15__Y12__P016.jpg,0.860733,23.862516,ok
EES0423636__X15__Y15__P017.jpg,0.882739,27.194573,ok
EES0423636__X18__Y0C__P018.jpg,0.921093,24.974586,ok
EES0423636__X18__Y0F__P019.jpg,0.865159,24.313818,ok
EES0423636__X1B__Y0C__P020.jpg,0.846489,24.175336,ok
EES0423636__X1B__Y0F__P021.jpg,0.822709,23.343180,ok
EES0423636__X1E__Y0C__P022.jpg,0.877860,25.218941,ok
EES0423636__X21__Y0C__P023.jpg,0.774465,22.338600,ok
EES0423636__X24__Y0F__P024.jpg,0.787818,22.519657,ok
EES0423636__X27__Y09__P025.jpg,0.924660,29.850667,ok
EES0423637__X2A__Y09__P001.jpg,0.831278,24.513709,ok
EES0423637__X2A__Y0C__P002.jpg,0.767715,23.848920,ok
EES0423637__X2D__Y09__P003.jpg,0.854457,24.257905,ok
EES0423637__X2D__Y0C__P004.jpg,0.795089,24.398981,ok
EES0423637__X30__Y09__P005.jpg,0.877642,24.364809,ok
EES0423637__X39__Y42__P006.jpg,0.938916,25.052470,ok
EES0423637__X42__Y12__P007.jpg,0.914253,23.856336,ok
EES0423637__X48__Y1E__P008.jpg,0.926517,27.114495,ok
EES0423637__X48__Y21__P009.jpg,0.888849,26.026004,ok
EES0423637__X48__Y24__P010.jpg,0.811999,22.734107,ok
EES0423637__X48__Y2D__P011.jpg,0.868524,23.918289,ok
EES0423637__X48__Y30__P012.jpg,0.924021,23.728495,ok
EES0423637__X0C__Y33__P013.jpg,0.896702,24.458170,ok
EES0423637__X1B__Y1E__P014.jpg,0.837269,23.818766,ok
EES0423637__X21__Y39__P015.jpg,0.842232,23.715711,ok
EES0423637__X24__Y33__P016.jpg,0.844888,23.501123,ok
EES0423637__X2D__Y39__P017.jpg,0.861968,24.260160,ok
EES0423637__X33__Y36__P018.jpg,0.764902,22.160994,ok
EES0423637__X36__Y1B__P019.jpg,0.811025,23.597423,ok
EES0423637__X36__Y1E__P020.jpg,0.837988,24.391730,ok
EES0423637__X39__Y1E__P021.jpg,0.798127,22.934162,ok
EES0423637__X39__Y33__P022.jpg,0.818975,23.197058,ok
EES0423637__X0C__Y1B__P023.jpg,0.888903,26.350534,ok
EES0423637__X0C__Y1E__P024.jpg,0.874523,23.514828,ok
EES0423637__X0C__Y2A__P025.jpg,0.922824,26.893802,ok
EES0423638__X27__Y1B__P001.jpg,0.752291,22.743022,ok
EES0423638__X42__Y1B__P002.jpg,0.866886,27.270380,ok
EES0423638__X42__Y30__P003.jpg,0.880809,24.611030,ok
EES0423638__X1E__Y09__P004.jpg,0.883293,23.301127,ok
EES0423638__X1E__Y1E__P005.jpg,0.854765,25.762366,ok
EES0423638__X1E__Y33__P006.jpg,0.911707,23.729386,ok
EES0423638__X21__Y1E__P007.jpg,0.779467,23.878772,ok
EES0423638__X24__Y30__P008.jpg,0.886917,24.246169,ok
EES0423638__X27__Y1B__P009.jpg,0.816607,22.836160,ok
EES0423638__X27__Y2D__P010.jpg,0.894347,24.239167,ok
EES0423638__X27__Y30__P011.jpg,0.928570,30.511770,ok
EES0423638__X27__Y33__P012.jpg,0.924235,25.207875,ok
EES0423638__X27__Y3C__P013.jpg,0.906260,25.180112,ok
EES0423638__X2D__Y1E__P014.jpg,0.826594,23.883259,ok
EES0423638__X2D__Y27__P015.jpg,0.826200,23.113486,ok
EES0423638__X2D__Y2A__P016.jpg,0.904237,25.599420,ok
EES0423638__X2D__Y2D__P017.jpg,0.904042,23.530179,ok
EES0423638__X2D__Y36__P018.jpg,0.922230,23.611435,ok
EES0423638__X30__Y1E__P019.jpg,0.942297,28.705045,ok
EES0423638__X30__Y27__P020.jpg,0.869965,23.516570,ok
EES0423638__X30__Y2A__P021.jpg,0.869194,24.197245,ok
EES0423638__X30__Y3C__P022.jpg,0.892460,24.510178,ok
EES0423638__X33__Y36__P023.jpg,0.840467,23.540509,ok
EES0423638__X36__Y0C__P024.jpg,0.906914,23.511163,ok
EES0423638__X39__Y15__P025.jpg,0.829049,22.999354,ok
EES0423639__X39__Y2A__P001.jpg,0.848860,22.982349,ok
EES0423639__X39__Y2D__P002.jpg,0.903556,26.046804,ok
EES0423639__X42__Y1E__P003.jpg,0.870267,23.913827,ok
EES0423639__X3F__Y1B__P004.jpg,0.879398,25.054214,ok
EES0423639__X1E__Y09__P005.jpg,0.890501,24.189316,ok
EES0423639__X21__Y09__P006.jpg,0.884631,24.644138,ok
EES0423639__X21__Y0C__P007.jpg,0.866129,23.226137,ok
EES0423639__X24__Y12__P008.jpg,0.842058,22.883408,ok
EES0423639__X24__Y3F__P009.jpg,0.886732,25.965042,ok
EES0423639__X2A__Y06__P010.jpg,0.849568,23.212836,ok
EES0423639__X2D__Y06__P011.jpg,0.824005,25.091411,ok
EES0423639__X2D__Y09__P012.jpg,0.923697,25.571611,ok
EES0423639__X30__Y09__P013.jpg,0.875520,23.132705,ok
EES0423639__X33__Y1B__P014.jpg,0.838060,23.074321,ok
EES0423639__X39__Y24__P015.jpg,0.875869,24.312348,ok
EES0423639__X3F__Y1B__P016.jpg,0.825376,23.119216,ok
EES0423639__X18__Y39__P017.jpg,0.908739,24.694224,ok
EES0423639__X1B__Y2A__P018.jpg,0.849067,23.471760,ok
EES0423639__X1B__Y2D__P019.jpg,0.883350,24.098282,ok
EES0423639__X1B__Y39__P020.jpg,0.951327,29.782094,ok
EES0423639__X1E__Y27__P021.jpg,0.895947,23.499329,ok
EES0423639__X1E__Y36__P022.jpg,0.884141,24.332915,ok
EES0423639__X1E__Y39__P023.jpg,0.918138,27.672053,ok
EES0423639__X21__Y2A__P024.jpg,0.846051,23.348688,ok
EES0423639__X21__Y39__P025.jpg,0.876592,27.974612,ok
EES0423640__X24__Y12__P001.jpg,0.870014,23.288491,ok
EES0423640__X24__Y27__P002.jpg,0.832872,23.047554,ok
EES0423640__X24__Y30__P003.jpg,0.846134,23.978298,ok
EES0423640__X24__Y33__P004.jpg,0.892666,26.091947,ok
EES0423640__X24__Y36__P005.jpg,0.823289,23.858297,ok
EES0423640__X24__Y39__P006.jpg,0.897411,29.520853,ok
EES0423640__X24__Y3C__P007.jpg,0.833509,23.859938,ok
EES0423640__X27__Y27__P008.jpg,0.872622,24.647464,ok
EES0423640__X27__Y2A__P009.jpg,0.888015,27.303756,ok
EES0423640__X27__Y2D__P010.jpg,0.832316,24.983951,ok
EES0423640__X27__Y39__P011.jpg,0.917728,28.000330,ok
EES0423640__X2A__Y12__P012.jpg,0.794201,22.565953,ok
EES0423640__X2A__Y27__P013.jpg,0.841673,25.973203,ok
EES0423640__X2A__Y2A__P014.jpg,0.821890,24.086630,ok
EES0423640__X2A__Y2D__P015.jpg,0.872535,25.539610,ok
EES0423640__X2A__Y33__P016.jpg,0.874475,23.356710,ok
EES0423640__X2A__Y39__P017.jpg,0.888815,27.194726,ok
EES0423640__X2A__Y3C__P018.jpg,0.802316,23.573260,ok
EES0423640__X2D__Y24__P019.jpg,0.883567,24.326137,ok
EES0423640__X2D__Y2A__P020.jpg,0.828973,24.484786,ok
EES0423640__X2D__Y33__P021.jpg,0.800319,22.509128,ok
EES0423640__X2D__Y3C__P022.jpg,0.923381,30.354098,ok
EES0423640__X30__Y30__P023.jpg,0.880213,23.583847,ok
EES0423640__X33__Y15__P024.jpg,0.902657,23.633774,ok
EES0423640__X33__Y1B__P025.jpg,0.811045,23.274904,ok
EES0423641__X33__Y2D__P001.jpg,0.807481,22.826489,ok
EES0423641__X33__Y30__P002.jpg,0.858290,23.867868,ok
EES0423641__X36__Y1E__P003.jpg,0.832179,23.626400,ok
EES0423641__X36__Y21__P004.jpg,0.877545,23.812739,ok
EES0423641__X36__Y24__P005.jpg,0.821860,24.261313,ok
EES0423641__X36__Y27__P006.jpg,0.830439,23.872764,ok
EES0423641__X3C__Y0F__P007.jpg,0.820130,23.956806,ok
EES0423641__X3C__Y21__P008.jpg,0.904724,27.177707,ok
EES0423641__X3C__Y24__P009.jpg,0.876638,26.950195,ok
EES0423641__X3C__Y2A__P010.jpg,0.790417,22.474242,ok
EES0423641__X3C__Y2D__P011.jpg,0.843277,26.961578,ok
EES0423641__X3C__Y30__P012.jpg,0.825767,23.677703,ok
EES0423641__X3C__Y33__P013.jpg,0.877965,23.671767,ok
EES0423641__X3F__Y24__P014.jpg,0.875994,24.007618,ok
EES0423641__X3F__Y2D__P015.jpg,0.869320,25.150199,ok
EES0423641__X0F__Y24__P016.jpg,0.907858,23.938424,ok
EES0423641__X1E__Y0C__P017.jpg,0.828873,22.757848,ok
EES0423641__X1E__Y0F__P018.jpg,0.858450,23.274848,ok
EES0423641__X21__Y15__P019.jpg,0.816229,23.084533,ok
EES0423641__X21__Y18__P020.jpg,0.867482,24.368254,ok
EES0423641__X21__Y1B__P021.jpg,0.795023,23.889582,ok
EES0423641__X21__Y1E__P022.jpg,0.833480,22.827143,ok
EES0423641__X21__Y2D__P023.jpg,0.882636,23.532136,ok
EES0423641__X24__Y0F__P024.jpg,0.825746,22.803662,ok
EES0423641__X24__Y1B__P025.jpg,0.878792,26.708570,ok
EES0423642__X24__Y1E__P001.jpg,0.854451,24.680172,ok
EES0423642__X24__Y27__P002.jpg,0.847670,22.950460,ok
EES0423642__X24__Y2A__P003.jpg,0.850658,25.804716,ok
EES0423642__X24__Y2D__P004.jpg,0.832710,24.075561,ok
EES0423642__X2A__Y27__P005.jpg,0.803562,23.080336,ok
EES0423642__X2A__Y2D__P006.jpg,0.837964,23.530425,ok
EES0423642__X2A__Y30__P007.jpg,0.752253,22.098674,ok
EES0423642__X2A__Y33__P008.jpg,0.868246,23.437594,ok
EES0423642__X30__Y1B__P009.jpg,0.828391,24.045659,ok
EES0423642__X36__Y15__P010.jpg,0.847281,23.772926,ok
EES0423642__X3C__Y15__P011.jpg,0.815390,22.865412,ok
EES0423642__X3C__Y18__P012.jpg,0.862090,24.990251,ok
EES0423642__X3C__Y30__P013.jpg,0.804468,23.316959,ok
EES0423642__X1B__Y33__P014.jpg,0.847375,23.129525,ok
EES0423642__X1E__Y21__P015.jpg,0.842345,23.424631,ok
EES0423642__X1E__Y27__P016.jpg,0.887738,23.326505,ok
EES0423642__X1E__Y2A__P017.jpg,0.869356,24.015826,ok
EES0423642__X1E__Y36__P018.jpg,0.806027,24.733841,ok
EES0423642__X1E__Y3C__P019.jpg,0.857811,24.027199,ok
EES0423642__X21__Y0C__P020.jpg,0.923609,26.661917,ok
EES0423642__X21__Y0F__P021.jpg,0.918530,24.432754,ok
EES0423642__X21__Y24__P022.jpg,0.879094,25.883293,ok
EES0423642__X21__Y27__P023.jpg,0.904053,27.552843,ok
EES0423642__X21__Y2A__P024.jpg,0.906400,27.766304,ok
EES0423642__X21__Y2D__P025.jpg,0.919889,31.377511,ok
EES0423643__X2D__Y2A__P001.jpg,0.831609,25.766277,ok
EES0423643__X2D__Y2D__P002.jpg,0.885475,25.348970,ok
EES0423643__X2D__Y30__P003.jpg,0.806028,23.971909,ok
EES0423643__X2D__Y33__P004.jpg,0.846974,23.192708,ok
EES0423643__X30__Y24__P005.jpg,0.878985,23.397870,ok
EES0423643__X30__Y27__P006.jpg,0.891430,27.210273,ok
EES0423643__X30__Y2A__P007.jpg,0.884072,24.739126,ok
EES0423643__X33__Y1E__P008.jpg,0.865847,24.052244,ok
EES0423643__X33__Y21__P009.jpg,0.865748,25.366467,ok
EES0423643__X33__Y24__P010.jpg,0.880368,25.520545,ok
EES0423643__X33__Y27__P011.jpg,0.842732,23.680980,ok
EES0423643__X33__Y2A__P012.jpg,0.883950,27.210921,ok
EES0423643__X33__Y2D__P013.jpg,0.910165,26.928279,ok
EES0423643__X33__Y30__P014.jpg,0.895646,26.078009,ok
EES0423643__X33__Y33__P015.jpg,0.933049,25.824202,ok
EES0423643__X36__Y1E__P016.jpg,0.895228,25.243135,ok
EES0423643__X36__Y2D__P017.jpg,0.884827,24.509474,ok
EES0423643__X36__Y30__P018.jpg,0.890603,26.554171,ok
EES0423643__X36__Y33__P019.jpg,0.921181,29.052778,ok
EES0423643__X36__Y36__P020.jpg,0.906563,23.718708,ok
EES0423643__X39__Y21__P021.jpg,0.863803,25.312407,ok
EES0423643__X0F__Y1E__P022.jpg,0.840289,23.431146,ok
EES0423643__X12__Y1E__P023.jpg,0.825580,23.405298,ok
EES0423643__X24__Y1B__P024.jpg,0.837893,23.481482,ok
EES0423643__X33__Y33__P025.jpg,0.857080,24.096368,ok
EES0423644__X36__Y33__P001.jpg,0.882719,24.510688,ok
EES0423644__X3C__Y30__P002.jpg,0.838336,24.186867,ok
EES0423644__X3C__Y33__P003.jpg,0.887826,23.366141,ok
EES0423644__X3F__Y1E__P004.jpg,0.765402,22.174287,ok
EES0423644__X48__Y1B__P005.jpg,0.892550,23.679858,ok
EES0423644__X0C__Y24__P006.jpg,0.760664,22.336711,ok
EES0423644__X0C__Y27__P007.jpg,0.859789,23.009603,ok
EES0423644__X12__Y18__P008.jpg,0.903068,24.121012,ok
EES0423644__X15__Y1B__P009.jpg,0.760194,22.773914,ok
EES0423644__X18__Y1B__P010.jpg,0.850378,23.581901,ok
EES0423644__X18__Y36__P011.jpg,0.922312,24.066947,ok
EES0423644__X21__Y1B__P012.jpg,0.912360,26.245850,ok
EES0423644__X21__Y1E__P013.jpg,0.838605,24.579347,ok
EES0423644__X21__Y33__P014.jpg,0.824840,23.979475,ok
EES0423644__X21__Y36__P015.jpg,0.791959,24.007859,ok
EES0423644__X24__Y3F__P016.jpg,0.792556,22.894278,ok
EES0423644__X33__Y0C__P017.jpg,0.804434,22.563281,ok
EES0423644__X36__Y18__P018.jpg,0.769346,23.518313,ok
EES0423644__X45__Y1E__P019.jpg,0.888972,25.338481,ok
EES0423644__X09__Y21__P020.jpg,0.919327,25.172170,ok
EES0423644__X09__Y27__P021.jpg,0.921200,26.490857,ok
EES0423644__X09__Y2A__P022.jpg,0.874896,25.910754,ok
EES0423644__X09__Y33__P023.jpg,0.945534,27.912636,ok
EES0423644__X0C__Y1E__P024.jpg,0.883571,25.872657,ok
EES0423644__X0C__Y21__P025.jpg,0.915613,24.460866,ok
EES0423645__X0C__Y27__P001.jpg,0.905981,25.315924,ok
EES0423645__X0C__Y30__P002.jpg,0.923940,23.934852,ok
EES0423645__X0F__Y1E__P003.jpg,0.939600,26.654997,ok
EES0423645__X12__Y21__P004.jpg,0.856018,23.629692,ok
EES0423645__X15__Y21__P005.jpg,0.789664,23.897768,ok
EES0423645__X15__Y30__P006.jpg,0.886003,23.438396,ok
EES0423645__X18__Y21__P007.jpg,0.899166,24.305007,ok
EES0423645__X1B__Y27__P008.jpg,0.860554,23.022323,ok
EES0423645__X1E__Y21__P009.jpg,0.790345,22.470453,ok
EES0423645__X1E__Y2A__P010.jpg,0.906869,26.925210,ok
EES0423645__X1E__Y2D__P011.jpg,0.851736,23.463921,ok
EES0423645__X1E__Y33__P012.jpg,0.889959,27.376892,ok
EES0423645__X1E__Y42__P013.jpg,0.899534,26.092733,ok
EES0423645__X24__Y09__P014.jpg,0.894479,23.512170,ok
EES0423645__X24__Y2A__P015.jpg,0.904157,24.736615,ok
EES0423645__X27__Y1E__P016.jpg,0.858801,24.396027,ok
EES0423645__X2A__Y1B__P017.jpg,0.945361,25.841796,ok
EES0423645__X2A__Y1E__P018.jpg,0.873127,25.121073,ok
EES0423645__X2D__Y18__P019.jpg,0.889779,25.066139,ok
EES0423645__X2D__Y1B__P020.jpg,0.852080,25.149160,ok
EES0423645__X2D__Y21__P021.jpg,0.880786,24.044612,ok
EES0423645__X30__Y15__P022.jpg,0.823600,22.932782,ok
EES0423645__X30__Y18__P023.jpg,0.855386,24.820748,ok
EES0423645__X30__Y1B__P024.jpg,0.864235,27.182869,ok
EES0423645__X30__Y1E__P025.jpg,0.859463,25.692262,ok
EES0423646__X0F__Y39__P001.jpg,0.847888,22.918644,ok
EES0423646__X0F__Y3C__P002.jpg,0.891061,23.659846,ok
EES0423646__X15__Y06__P003.jpg,0.844425,24.145410,ok
EES0423646__X15__Y3F__P004.jpg,0.860345,23.727972,ok
EES0423646__X18__Y3F__P005.jpg,0.859248,23.578965,ok
EES0423646__X1E__Y03__P006.jpg,0.861388,24.963615,ok
EES0423646__X1E__Y42__P007.jpg,0.875004,24.370821,ok
EES0423646__X21__Y03__P008.jpg,0.936650,29.104751,ok
EES0423646__X21__Y42__P009.jpg,0.807977,23.607213,ok
EES0423646__X24__Y03__P010.jpg,0.948305,29.715507,ok
EES0423646__X27__Y03__P011.jpg,0.938250,24.718779,ok
EES0423646__X2D__Y42__P012.jpg,0.940679,25.197756,ok
EES0423646__X33__Y3F__P013.jpg,0.901341,23.865775,ok
EES0423646__X42__Y18__P014.jpg,0.956958,28.614497,ok
EES0423646__X42__Y1B__P015.jpg,0.847284,26.343580,ok
EES0423646__X42__Y1E__P016.jpg,0.726845,22.800923,ok
EES0423646__X42__Y21__P017.jpg,0.756598,22.385026,ok
EES0423646__X42__Y2D__P018.jpg,0.896441,23.980054,ok
EES0423646__X0F__Y1E__P019.jpg,0.898141,26.430682,ok
EES0423646__X0F__Y21__P020.jpg,0.879438,25.942295,ok
EES0423646__X15__Y1E__P021.jpg,0.798250,22.917179,ok
EES0423646__X24__Y06__P022.jpg,0.909748,24.311246,ok
EES0423646__X24__Y09__P023.jpg,0.842689,23.070303,ok
EES0423646__X27__Y06__P024.jpg,0.912744,28.320977,ok
EES0423646__X2A__Y06__P025.jpg,0.921770,25.096655,ok
EES0423647__X2A__Y09__P001.jpg,0.885089,24.781163,ok
EES0423647__X33__Y3F__P002.jpg,0.852538,23.041750,ok
EES0423647__X36__Y06__P003.jpg,0.885163,25.083873,ok
EES0423647__X36__Y3F__P004.jpg,0.842114,23.537883,ok
EES0423647__X39__Y0C__P005.jpg,0.840181,22.841889,ok
EES0423647__X48__Y30__P006.jpg,0.966162,32.922200,ok
EES0423647__X21__Y42__P007.jpg,0.923139,25.468284,ok
EES0423647__X2A__Y42__P008.jpg,0.914793,25.936497,ok
EES0423647__X2D__Y06__P009.jpg,0.721686,21.890150,ok
EES0423647__X30__Y06__P010.jpg,0.917249,25.857691,ok
EES0423647__X42__Y18__P011.jpg,0.794809,22.881825,ok
EES0423647__X09__Y24__P012.jpg,0.853972,23.354504,ok
EES0423647__X0C__Y24__P013.jpg,0.849791,23.029325,ok
EES0423647__X0F__Y12__P014.jpg,0.894369,24.252308,ok
EES0423647__X0F__Y15__P015.jpg,0.891775,25.259999,ok
EES0423647__X12__Y15__P016.jpg,0.793301,22.727659,ok
EES0423647__X1E__Y09__P017.jpg,0.796360,23.571709,ok
EES0423647__X1E__Y0C__P018.jpg,0.754939,23.032436,ok
EES0423647__X21__Y09__P019.jpg,0.795749,22.904381,ok
EES0423647__X27__Y06__P020.jpg,0.730035,22.246854,ok
EES0423647__X2A__Y06__P021.jpg,0.848538,24.075263,ok
EES0423647__X2A__Y09__P022.jpg,0.852206,26.449157,ok
EES0423647__X33__Y3F__P023.jpg,0.836386,22.767440,ok
EES0423647__X33__Y42__P024.jpg,0.914809,27.808460,ok
EES0423647__X0C__Y12__P025.jpg,0.882981,25.574418,ok
EES0423648__X48__Y27__P001.jpg,0.893479,23.831469,ok
EES0423648__X48__Y2A__P002.jpg,0.912205,25.320934,ok
EES0423648__X0F__Y24__P003.jpg,0.820481,24.139992,ok
EES0423648__X0F__Y2A__P004.jpg,0.872937,25.300671,ok
EES0423648__X12__Y27__P005.jpg,0.815561,22.734006,ok
EES0423648__X15__Y2A__P006.jpg,0.810686,23.239952,ok
EES0423648__X18__Y39__P007.jpg,0.858976,24.133555,ok
EES0423648__X1B__Y39__P008.jpg,0.863171,24.195329,ok
EES0423648__X1E__Y3C__P009.jpg,0.841062,23.660595,ok
EES0423648__X24__Y3C__P010.jpg,0.870598,24.256551,ok
EES0423648__X24__Y3F__P011.jpg,0.929918,26.258404,ok
EES0423648__X27__Y3C__P012.jpg,0.877948,23.359826,ok
EES0423648__X27__Y3F__P013.jpg,0.888964,24.385555,ok
EES0423648__X2A__Y3C__P014.jpg,0.868424,23.886564,ok
EES0423648__X2A__Y3F__P015.jpg,0.887736,24.482911,ok
EES0423648__X2D__Y3F__P016.jpg,0.872912,24.234585,ok
EES0423648__X30__Y3F__P017.jpg,0.893698,25.694430,ok
EES0423648__X33__Y3F__P018.jpg,0.932580,27.556394,ok
EES0423648__X39__Y33__P019.jpg,0.811321,22.676679,ok
EES0423648__X3C__Y39__P020.jpg,0.823552,22.860759,ok
EES0423648__X3F__Y36__P021.jpg,0.864354,24.313210,ok
EES0423648__X3F__Y39__P022.jpg,0.868781,23.529999,ok
EES0423648__X45__Y33__P023.jpg,0.890770,26.196975,ok
EES0423648__X48__Y1B__P024.jpg,0.864529,24.304483,ok
EES0423648__X48__Y27__P025.jpg,0.883968,24.582621,ok
EES0423649__X48__Y2A__P001.jpg,0.899174,26.324706,ok
EES0423649__X48__Y2D__P002.jpg,0.932098,29.934490,ok
EES0423649__X06__Y24__P003.jpg,0.921765,26.344594,ok
EES0423649__X09__Y1B__P004.jpg,0.877906,24.862520,ok
EES0423649__X09__Y1E__P005.jpg,0.827308,23.197853,ok
EES0423649__X0C__Y15__P006.jpg,0.892904,25.728179,ok
EES0423649__X0C__Y18__P007.jpg,0.852299,23.528357,ok
EES0423649__X0F__Y12__P008.jpg,0.856776,23.645947,ok
EES0423649__X12__Y0F__P009.jpg,0.852383,23.634015,ok
EES0423649__X15__Y0C__P010.jpg,0.819556,23.649493,ok
EES0423649__X18__Y0C__P011.jpg,0.829055,23.375520,ok
EES0423649__X1B__Y09__P012.jpg,0.796728,24.234178,ok
EES0423649__X1B__Y0C__P013.jpg,0.787880,22.685807,ok
EES0423649__X1B__Y42__P014.jpg,0.857259,24.343583,ok
EES0423649__X1E__Y06__P015.jpg,0.910785,25.531172,ok
EES0423649__X21__Y06__P016.jpg,0.868610,24.598607,ok
EES0423649__X24__Y45__P017.jpg,0.883283,25.820929,ok
EES0423649__X27__Y06__P018.jpg,0.905562,27.218846,ok
EES0423649__X2A__Y06__P019.jpg,0.899091,25.628099,ok
EES0423649__X2D__Y06__P020.jpg,0.884348,25.265068,ok
EES0423649__X2D__Y45__P021.jpg,0.823337,23.297856,ok
EES0423649__X30__Y06__P022.jpg,0.928183,28.125924,ok
EES0423649__X30__Y45__P023.jpg,0.862742,23.721359,ok
EES0423649__X39__Y0C__P024.jpg,0.833847,22.843575,ok
EES0423649__X3F__Y39__P025.jpg,0.885309,24.841998,ok
EES0423650__X45__Y1B__P001.jpg,0.900707,25.393341,ok
EES0423650__X09__Y1E__P002.jpg,0.857678,24.362418,ok
EES0423650__X0C__Y15__P003.jpg,0.905727,27.165105,ok
EES0423650__X0C__Y1E__P004.jpg,0.742362,23.196172,ok
EES0423650__X0C__Y21__P005.jpg,0.821549,23.218959,ok
EES0423650__X0F__Y0F__P006.jpg,0.936428,26.683258,ok
EES0423650__X12__Y0C__P007.jpg,0.941275,27.927556,ok
EES0423650__X12__Y39__P008.jpg,0.877636,25.542893,ok
EES0423650__X15__Y3C__P009.jpg,0.902518,27.399718,ok
EES0423650__X18__Y09__P010.jpg,0.898808,23.670567,ok
EES0423650__X18__Y39__P011.jpg,0.806121,22.752578,ok
EES0423650__X18__Y3C__P012.jpg,0.854881,24.570081,ok
EES0423650__X1E__Y06__P013.jpg,0.883204,24.761225,ok
EES0423650__X1E__Y3C__P014.jpg,0.835809,24.293841,ok
EES0423650__X1E__Y3F__P015.jpg,0.740561,22.118916,ok
EES0423650__X21__Y3F__P016.jpg,0.810333,23.129115,ok
EES0423650__X21__Y42__P017.jpg,0.903993,28.367008,ok
EES0423650__X24__Y3C__P018.jpg,0.809273,22.838196,ok
EES0423650__X24__Y3F__P019.jpg,0.782925,23.191333,ok
EES0423650__X24__Y42__P020.jpg,0.887655,26.267855,ok
EES0423650__X27__Y42__P021.jpg,0.784418,22.386595,ok
EES0423650__X2D__Y06__P022.jpg,0.887048,25.340465,ok
EES0423650__X30__Y06__P023.jpg,0.918689,28.017300,ok
EES0423650__X33__Y3F__P024.jpg,0.769779,23.407442,ok
EES0423650__X36__Y09__P025.jpg,0.837470,23.701320,ok
EES0423651__X36__Y3C__P001.jpg,0.750302,22.405471,ok
EES0423651__X36__Y3F__P002.jpg,0.815341,22.799184,ok
EES0423651__X3F__Y39__P003.jpg,0.944419,30.115026,ok
EES0423651__X09__Y24__P004.jpg,0.869370,23.670535,ok
EES0423651__X0F__Y30__P005.jpg,0.825875,25.109454,ok
EES0423651__X18__Y09__P006.jpg,0.873289,24.577499,ok
EES0423651__X1B__Y3C__P007.jpg,0.847223,23.669772,ok
EES0423651__X21__Y30__P008.jpg,0.822902,22.907726,ok
EES0423651__X21__Y3C__P009.jpg,0.736087,21.990002,ok
EES0423651__X24__Y3C__P010.jpg,0.806099,22.888313,ok
EES0423651__X30__Y1E__P011.jpg,0.809242,23.320091,ok
EES0423651__X30__Y30__P012.jpg,0.827338,22.755795,ok
EES0423651__X33__Y3C__P013.jpg,0.846174,22.941327,ok
EES0423651__X36__Y12__P014.jpg,0.865390,23.194470,ok
EES0423651__X36__Y15__P015.jpg,0.817141,22.807757,ok
EES0423651__X36__Y30__P016.jpg,0.807046,22.674621,ok
EES0423651__X12__Y1B__P017.jpg,0.913800,26.211227,ok
EES0423651__X12__Y24__P018.jpg,0.913337,25.894884,ok
EES0423651__X15__Y15__P019.jpg,0.909182,26.117348,ok
EES0423651__X1B__Y0C__P020.jpg,0.876214,23.224456,ok
EES0423651__X1B__Y1E__P021.jpg,0.906511,24.754024,ok
EES0423651__X1E__Y0C__P022.jpg,0.919561,28.126385,ok
EES0423651__X1E__Y0F__P023.jpg,0.911961,25.883669,ok
EES0423651__X1E__Y12__P024.jpg,0.903074,23.635273,ok
EES0423651__X1E__Y15__P025.jpg,0.900120,25.097819,ok
EES0423652__X30__Y21__P001.jpg,0.914066,27.044045,ok
EES0423652__X30__Y24__P002.jpg,0.889437,23.786637,ok
EES0423652__X30__Y2D__P003.jpg,0.919243,23.674408,ok
EES0423652__X30__Y36__P004.jpg,0.917798,25.214923,ok
EES0423652__X30__Y3C__P005.jpg,0.914964,24.808809,ok
EES0423652__X36__Y21__P006.jpg,0.921920,24.202824,ok
EES0423652__X36__Y39__P007.jpg,0.928179,24.811996,ok
EES0423652__X39__Y0C__P008.jpg,0.923316,24.790276,ok
EES0423652__X39__Y33__P009.jpg,0.913893,24.760989,ok
EES0423652__X3F__Y1B__P010.jpg,0.929783,26.897030,ok
EES0423652__X3F__Y30__P011.jpg,0.888750,23.505866,ok
EES0423652__X42__Y24__P012.jpg,0.934662,26.338733,ok
EES0423652__X42__Y2A__P013.jpg,0.921049,26.571156,ok
EES0423652__X12__Y2D__P014.jpg,0.872275,24.073118,ok
EES0423652__X12__Y30__P015.jpg,0.872496,23.708195,ok
EES0423652__X15__Y18__P016.jpg,0.883720,23.372514,ok
EES0423652__X18__Y1B__P017.jpg,0.890481,23.759069,ok
EES0423652__X21__Y30__P018.jpg,0.875086,24.340628,ok
EES0423652__X24__Y2D__P019.jpg,0.825735,23.596995,ok
EES0423652__X24__Y30__P020.jpg,0.845632,23.942652,ok
EES0423652__X2A__Y3F__P021.jpg,0.853331,23.077266,ok
EES0423652__X2D__Y0F__P022.jpg,0.861894,23.870043,ok
EES0423652__X2D__Y3F__P023.jpg,0.887188,25.047658,ok
EES0423652__X30__Y12__P024.jpg,0.854281,23.255177,ok
EES0423652__X33__Y3F__P025.jpg,0.872218,23.890415,ok
EES0423653__X3C__Y1E__P001.jpg,0.883553,24.115480,ok
EES0423653__X3C__Y36__P002.jpg,0.892956,23.566309,ok
EES0423653__X3C__Y39__P003.jpg,0.894790,24.314863,ok
EES0423653__X3F__Y12__P004.jpg,0.909961,23.847860,ok
EES0423653__X3F__Y2A__P005.jpg,0.860760,23.124919,ok
EES0423653__X3F__Y2D__P006.jpg,0.883799,24.131916,ok
EES0423653__X3F__Y30__P007.jpg,0.851316,23.650559,ok
EES0423653__X3F__Y33__P008.jpg,0.837898,22.968524,ok
EES0423653__X42__Y27__P009.jpg,0.880243,24.304805,ok
EES0423653__X42__Y33__P010.jpg,0.854237,23.499777,ok
EES0423653__X0C__Y15__P011.jpg,0.898203,28.948997,ok
EES0423653__X0F__Y12__P012.jpg,0.827355,26.309398,ok
EES0423653__X0F__Y15__P013.jpg,0.784886,25.165778,ok
EES0423653__X0F__Y18__P014.jpg,0.717410,22.973384,ok
EES0423653__X0F__Y1B__P015.jpg,0.933680,33.289842,ok
EES0423653__X0F__Y1E__P016.jpg,0.806352,25.114752,ok
EES0423653__X0F__Y24__P017.jpg,0.858367,23.396780,ok
EES0423653__X12__Y15__P018.jpg,0.916248,24.966613,ok
EES0423653__X12__Y1E__P019.jpg,0.925654,28.503382,ok
EES0423653__X12__Y30__P020.jpg,0.835016,24.064558,ok
EES0423653__X12__Y36__P021.jpg,0.868921,27.725901,ok
EES0423653__X15__Y0C__P022.jpg,0.842845,23.657664,ok
EES0423653__X15__Y1B__P023.jpg,0.851396,24.211014,ok
EES0423653__X15__Y1E__P024.jpg,0.801058,22.922686,ok
EES0423653__X15__Y27__P025.jpg,0.816423,24.804284,ok
EES0423654__X2A__Y06__P001.jpg,0.798044,23.977754,ok
EES0423654__X2A__Y3C__P002.jpg,0.750104,22.070813,ok
EES0423654__X39__Y0C__P003.jpg,0.844668,24.072886,ok
EES0423654__X39__Y39__P004.jpg,0.786554,22.644305,ok
EES0423654__X42__Y15__P005.jpg,0.837407,24.081394,ok
EES0423654__X42__Y30__P006.jpg,0.885636,25.257876,ok
EES0423654__X45__Y24__P007.jpg,0.829823,23.801131,ok
EES0423654__X45__Y27__P008.jpg,0.944189,28.778744,ok
EES0423654__X15__Y36__P009.jpg,0.882126,25.005279,ok
EES0423654__X1E__Y06__P010.jpg,0.887227,25.831922,ok
EES0423654__X1E__Y09__P011.jpg,0.916340,25.130620,ok
EES0423654__X21__Y1E__P012.jpg,0.878060,23.969924,ok
EES0423654__X21__Y21__P013.jpg,0.910743,23.846710,ok
EES0423654__X21__Y30__P014.jpg,0.850957,23.020001,ok
EES0423654__X24__Y18__P015.jpg,0.890053,23.270258,ok
EES0423654__X24__Y30__P016.jpg,0.851759,23.061080,ok
EES0423654__X24__Y33__P017.jpg,0.882376,26.257696,ok
EES0423654__X24__Y36__P018.jpg,0.891211,25.728479,ok
EES0423654__X24__Y3F__P019.jpg,0.885441,25.648139,ok
EES0423654__X27__Y21__P020.jpg,0.900346,24.693013,ok
EES0423654__X27__Y2A__P021.jpg,0.844678,23.281082,ok
EES0423654__X27__Y33__P022.jpg,0.887129,23.771538,ok
EES0423654__X27__Y36__P023.jpg,0.868005,23.469688,ok
EES0423654__X27__Y3F__P024.jpg,0.867335,23.798319,ok
EES0423654__X2A__Y1B__P025.jpg,0.909746,25.165662,ok
EES0423655__X2A__Y21__P001.jpg,0.856470,23.478026,ok
EES0423655__X2A__Y2A__P002.jpg,0.881207,23.565350,ok
EES0423655__X2A__Y2D__P003.jpg,0.838533,22.797423,ok
EES0423655__X2A__Y30__P004.jpg,0.913112,27.539786,ok
EES0423655__X2A__Y3F__P005.jpg,0.776785,23.041837,ok
EES0423655__X2D__Y2D__P006.jpg,0.888409,24.264822,ok
EES0423655__X2D__Y30__P007.jpg,0.862869,25.020801,ok
EES0423655__X30__Y1B__P008.jpg,0.874160,23.175145,ok
EES0423655__X30__Y2A__P009.jpg,0.894928,24.070748,ok
EES0423655__X30__Y30__P010.jpg,0.855936,25.058581,ok
EES0423655__X33__Y1E__P011.jpg,0.895838,24.090240,ok
EES0423655__X39__Y2D__P012.jpg,0.865489,24.417736,ok
EES0423655__X39__Y30__P013.jpg,0.878396,24.777027,ok
EES0423655__X3C__Y2A__P014.jpg,0.877940,25.369522,ok
EES0423655__X3C__Y30__P015.jpg,0.923607,26.184220,ok
EES0423655__X3F__Y15__P016.jpg,0.862338,23.078054,ok
EES0423655__X3F__Y30__P017.jpg,0.883523,23.863074,ok
EES0423655__X12__Y30__P018.jpg,0.907782,24.380001,ok
EES0423655__X18__Y0F__P019.jpg,0.888717,23.474147,ok
EES0423655__X21__Y03__P020.jpg,0.844330,23.097590,ok
EES0423655__X21__Y39__P021.jpg,0.852430,22.924161,ok
EES0423655__X27__Y03__P022.jpg,0.875267,23.806982,ok
EES0423655__X2A__Y06__P023.jpg,0.874276,23.334807,ok
EES0423655__X2D__Y15__P024.jpg,0.863371,23.151342,ok
EES0423655__X30__Y03__P025.jpg,0.892461,25.179670,ok
EES0423656__X30__Y12__P001.jpg,0.827719,23.320341,ok
EES0423656__X30__Y39__P002.jpg,0.865421,23.520412,ok
EES0423656__X3C__Y36__P003.jpg,0.905915,23.783138,ok
EES0423656__X0C__Y1E__P004.jpg,0.919969,25.183962,ok
EES0423656__X0C__Y27__P005.jpg,0.905850,25.374356,ok
EES0423656__X12__Y36__P006.jpg,0.900857,25.234547,ok
EES0423656__X15__Y36__P007.jpg,0.885838,23.324094,ok
EES0423656__X1B__Y39__P008.jpg,0.900075,24.531101,ok
EES0423656__X21__Y27__P009.jpg,0.887820,25.718308,ok
EES0423656__X21__Y2A__P010.jpg,0.873761,24.544720,ok
EES0423656__X2D__Y39__P011.jpg,0.785950,22.390789,ok
EES0423656__X33__Y2D__P012.jpg,0.853205,22.986569,ok
EES0423656__X36__Y36__P013.jpg,0.818385,23.210561,ok
EES0423656__X36__Y39__P014.jpg,0.893448,24.842825,ok
EES0423656__X0C__Y18__P015.jpg,0.860175,25.194755,ok
EES0423656__X0C__Y1B__P016.jpg,0.774062,24.565975,ok
EES0423656__X0C__Y24__P017.jpg,0.775967,22.315322,ok
EES0423656__X0C__Y2A__P018.jpg,0.833695,23.524395,ok
EES0423656__X0F__Y12__P019.jpg,0.836884,23.544410,ok
EES0423656__X0F__Y1B__P020.jpg,0.820291,23.864312,ok
EES0423656__X0F__Y27__P021.jpg,0.835892,23.563961,ok
EES0423656__X0F__Y2A__P022.jpg,0.846133,25.148372,ok
EES0423656__X0F__Y2D__P023.jpg,0.818098,23.465221,ok
EES0423656__X12__Y0F__P024.jpg,0.839747,25.100032,ok
EES0423656__X12__Y12__P025.jpg,0.805388,22.624447,ok
EES0423657__X12__Y18__P001.jpg,0.804308,23.226357,ok
EES0423657__X18__Y0F__P002.jpg,0.884348,23.889637,ok
EES0423657__X1B__Y12__P003.jpg,0.817295,23.465917,ok
EES0423657__X1E__Y42__P004.jpg,0.868085,25.231821,ok
EES0423657__X21__Y0C__P005.jpg,0.856467,23.743418,ok
EES0423657__X21__Y0F__P006.jpg,0.789759,23.027981,ok
EES0423657__X24__Y06__P007.jpg,0.918667,26.497602,ok
EES0423657__X24__Y09__P008.jpg,0.861754,24.480955,ok
EES0423657__X24__Y0C__P009.jpg,0.824202,23.378251,ok
EES0423657__X27__Y0C__P010.jpg,0.802155,23.789477,ok
EES0423657__X36__Y09__P011.jpg,0.815361,22.982049,ok
EES0423657__X39__Y30__P012.jpg,0.738922,22.826780,ok
EES0423657__X39__Y3F__P013.jpg,0.920337,26.919200,ok
EES0423657__X3C__Y0F__P014.jpg,0.859443,23.204645,ok
EES0423657__X3F__Y39__P015.jpg,0.808937,22.981115,ok
EES0423657__X45__Y18__P016.jpg,0.842853,23.179906,ok
EES0423657__X48__Y21__P017.jpg,0.901457,24.239306,ok
EES0423657__X48__Y24__P018.jpg,0.887150,26.064556,ok
EES0423657__X48__Y27__P019.jpg,0.864593,23.416016,ok
EES0423657__X09__Y12__P020.jpg,0.881015,24.422405,ok
EES0423657__X09__Y15__P021.jpg,0.892123,25.969021,ok
EES0423657__X09__Y1E__P022.jpg,0.843540,23.663502,ok
EES0423657__X09__Y24__P023.jpg,0.835054,23.663540,ok
EES0423657__X09__Y2A__P024.jpg,0.812097,22.679011,ok
EES0423657__X0C__Y30__P025.jpg,0.866341,25.161789,ok
EES0423658__X1B__Y24__P001.jpg,0.849912,23.560422,ok
EES0423658__X1B__Y30__P002.jpg,0.925464,27.397414,ok
EES0423658__X1E__Y06__P003.jpg,0.893630,25.466822,ok
EES0423658__X1E__Y09__P004.jpg,0.869017,23.993454,ok
EES0423658__X1E__Y27__P005.jpg,0.894754,25.955383,ok
EES0423658__X1E__Y30__P006.jpg,0.886266,23.977385,ok
EES0423658__X21__Y06__P007.jpg,0.906622,27.051001,ok
EES0423658__X21__Y18__P008.jpg,0.888668,23.631957,ok
EES0423658__X24__Y0C__P009.jpg,0.853911,22.945341,ok
EES0423658__X24__Y2A__P010.jpg,0.889661,25.769453,ok
EES0423658__X27__Y09__P011.jpg,0.909910,25.392109,ok
EES0423658__X27__Y0C__P012.jpg,0.823920,23.265620,ok
EES0423658__X2D__Y36__P013.jpg,0.840724,24.183154,ok
EES0423658__X2D__Y39__P014.jpg,0.876908,24.637487,ok
EES0423658__X30__Y09__P015.jpg,0.826508,23.329447,ok
EES0423658__X30__Y21__P016.jpg,0.883310,24.108904,ok
EES0423658__X30__Y30__P017.jpg,0.857299,23.541050,ok
EES0423658__X30__Y36__P018.jpg,0.883680,24.037538,ok
EES0423658__X30__Y3C__P019.jpg,0.867731,24.043694,ok
EES0423658__X33__Y3C__P020.jpg,0.817746,23.329862,ok
EES0423658__X36__Y09__P021.jpg,0.849065,22.932298,ok
EES0423658__X36__Y15__P022.jpg,0.911165,26.163302,ok
EES0423658__X36__Y1B__P023.jpg,0.815797,23.352859,ok
EES0423658__X36__Y21__P024.jpg,0.854561,23.883736,ok
EES0423658__X36__Y39__P025.jpg,0.839871,24.190511,ok
EES0423659__X2D__Y1B__P001.jpg,0.831572,24.586596,ok
EES0423659__X30__Y09__P002.jpg,0.838917,23.616519,ok
EES0423659__X30__Y12__P003.jpg,0.862926,23.873985,ok
EES0423659__X30__Y1B__P004.jpg,0.824720,23.076162,ok
EES0423659__X30__Y33__P005.jpg,0.816341,25.397061,ok
EES0423659__X30__Y36__P006.jpg,0.836043,23.189746,ok
EES0423659__X30__Y3C__P007.jpg,0.812105,24.180260,ok
EES0423659__X33__Y21__P008.jpg,0.768799,22.690475,ok
EES0423659__X36__Y09__P009.jpg,0.832123,23.682940,ok
EES0423659__X36__Y1E__P010.jpg,0.884556,25.700728,ok
EES0423659__X36__Y21__P011.jpg,0.800853,23.228073,ok
EES0423659__X39__Y27__P012.jpg,0.755772,22.693430,ok
EES0423659__X48__Y27__P013.jpg,0.898861,26.477846,ok
EES0423659__X09__Y15__P014.jpg,0.875504,24.982570,ok
EES0423659__X09__Y2D__P015.jpg,0.921094,28.937143,ok
EES0423659__X0C__Y12__P016.jpg,0.872261,24.692830,ok
EES0423659__X0C__Y18__P017.jpg,0.892209,27.700424,ok
EES0423659__X0F__Y18__P018.jpg,0.873377,27.175488,ok
EES0423659__X0F__Y1E__P019.jpg,0.842289,23.748753,ok
EES0423659__X12__Y18__P020.jpg,0.871516,27.390605,ok
EES0423659__X12__Y1B__P021.jpg,0.827389,24.126609,ok
EES0423659__X12__Y27__P022.jpg,0.873133,25.582767,ok
EES0423659__X12__Y30__P023.jpg,0.890695,26.267057,ok
EES0423659__X15__Y09__P024.jpg,0.863483,24.998042,ok
EES0423659__X15__Y12__P025.jpg,0.886502,26.785048,ok
EES0423660__X2A__Y15__P001.jpg,0.835878,23.511433,ok
EES0423660__X2A__Y30__P002.jpg,0.912713,26.360193,ok
EES0423660__X2D__Y0C__P003.jpg,0.852821,24.281150,ok
EES0423660__X2D__Y0F__P004.jpg,0.893763,27.654956,ok
EES0423660__X2D__Y12__P005.jpg,0.853549,26.022812,ok
EES0423660__X2D__Y18__P006.jpg,0.842930,24.101825,ok
EES0423660__X2D__Y21__P007.jpg,0.866722,25.057453,ok
EES0423660__X30__Y0F__P008.jpg,0.740480,22.083668,ok
EES0423660__X30__Y15__P009.jpg,0.899436,25.994148,ok
EES0423660__X30__Y1E__P010.jpg,0.839679,25.217620,ok
EES0423660__X30__Y21__P011.jpg,0.845303,24.452528,ok
EES0423660__X30__Y27__P012.jpg,0.807933,22.685159,ok
EES0423660__X30__Y30__P013.jpg,0.884365,24.670661,ok
EES0423660__X30__Y36__P014.jpg,0.870284,25.137122,ok
EES0423660__X33__Y1B__P015.jpg,0.826075,24.197528,ok
EES0423660__X33__Y36__P016.jpg,0.904378,26.564718,ok
EES0423660__X36__Y0F__P017.jpg,0.921823,25.924746,ok
EES0423660__X36__Y15__P018.jpg,0.827780,24.071749,ok
EES0423660__X36__Y18__P019.jpg,0.870473,25.567778,ok
EES0423660__X36__Y1B__P020.jpg,0.869336,27.071131,ok
EES0423660__X36__Y21__P021.jpg,0.850840,23.032963,ok
EES0423660__X36__Y27__P022.jpg,0.844472,22.925887,ok
EES0423660__X36__Y2A__P023.jpg,0.870580,26.527601,ok
EES0423660__X36__Y30__P024.jpg,0.838142,23.236836,ok
EES0423660__X36__Y33__P025.jpg,0.892222,23.871719,ok
EES0423661__X36__Y1E__P001.jpg,0.738534,22.100417,ok
EES0423661__X36__Y3C__P002.jpg,0.747365,22.038890,ok
EES0423661__X3C__Y18__P003.jpg,0.715948,22.176751,ok
EES0423661__X3F__Y15__P004.jpg,0.765343,22.725408,ok
EES0423661__X45__Y1E__P005.jpg,0.758329,22.356371,ok
EES0423661__X09__Y2D__P006.jpg,0.944705,27.560317,ok
EES0423661__X12__Y2D__P007.jpg,0.909531,26.415018,ok
EES0423661__X1E__Y15__P008.jpg,0.890636,23.704061,ok
EES0423661__X2A__Y09__P009.jpg,0.893114,25.626573,ok
EES0423661__X30__Y06__P010.jpg,0.937730,29.020616,ok
EES0423661__X30__Y09__P011.jpg,0.870033,24.375570,ok
EES0423661__X30__Y0C__P012.jpg,0.841742,23.093711,ok
EES0423661__X30__Y3C__P013.jpg,0.894969,24.540261,ok
EES0423661__X33__Y30__P014.jpg,0.824675,22.742505,ok
EES0423661__X36__Y30__P015.jpg,0.875025,24.319751,ok
EES0423661__X39__Y1B__P016.jpg,0.885222,25.033797,ok
EES0423661__X3C__Y21__P017.jpg,0.895317,24.250257,ok
EES0423661__X42__Y15__P018.jpg,0.944814,31.055348,ok
EES0423661__X3C__Y0C__P019.jpg,0.903970,23.549156,ok
EES0423661__X21__Y06__P020.jpg,0.840999,23.432565,ok
EES0423661__X45__Y1E__P021.jpg,0.840524,23.394011,ok
EES0423661__X09__Y06__P022.jpg,0.908579,28.390948,ok
EES0423661__X09__Y15__P023.jpg,0.933609,29.683062,ok
EES0423661__X09__Y18__P024.jpg,0.905531,29.294051,ok
EES0423661__X09__Y1B__P025.jpg,0.897590,30.408914,ok
EES0423662__X09__Y30__P001.jpg,0.875198,25.548487,ok
EES0423662__X09__Y33__P002.jpg,0.853889,23.604740,ok
EES0423662__X09__Y36__P003.jpg,0.898893,25.644487,ok
EES0423662__X0C__Y33__P004.jpg,0.801203,22.660686,ok
EES0423662__X0C__Y36__P005.jpg,0.826759,24.198009,ok
EES0423662__X0C__Y39__P006.jpg,0.870822,25.005373,ok
EES0423662__X0F__Y0C__P007.jpg,0.895236,24.828772,ok
EES0423662__X0F__Y3C__P008.jpg,0.867893,24.942417,ok
EES0423662__X12__Y3F__P009.jpg,0.877385,24.688451,ok
EES0423662__X18__Y42__P010.jpg,0.957469,30.565798,ok
EES0423662__X1B__Y42__P011.jpg,0.819435,23.084897,ok
EES0423662__X1E__Y42__P012.jpg,0.821779,25.078820,ok
EES0423662__X21__Y42__P013.jpg,0.834978,24.843558,ok
EES0423662__X24__Y42__P014.jpg,0.788851,23.469230,ok
EES0423662__X27__Y03__P015.jpg,0.854175,23.025541,ok
EES0423662__X2D__Y42__P016.jpg,0.852675,23.459589,ok
EES0423662__X30__Y42__P017.jpg,0.913262,24.023622,ok
EES0423662__X45__Y2A__P018.jpg,0.935134,26.564289,ok
EES0423662__X0C__Y30__P019.jpg,0.919322,28.266677,ok
EES0423662__X0F__Y30__P020.jpg,0.803321,22.979273,ok
EES0423662__X0F__Y36__P021.jpg,0.942104,30.136139,ok
EES0423662__X12__Y36__P022.jpg,0.790937,22.643541,ok
EES0423662__X12__Y39__P023.jpg,0.897375,27.027624,ok
EES0423662__X18__Y3C__P024.jpg,0.795237,23.089542,ok
EES0423662__X1B__Y3F__P025.jpg,0.935451,26.985440,ok
EES0423663__X1E__Y3F__P001.jpg,0.742131,23.498812,ok
EES0423663__X33__Y3F__P002.jpg,0.820920,22.988335,ok
EES0423663__X36__Y3F__P003.jpg,0.945256,28.815085,ok
EES0423663__X39__Y3C__P004.jpg,0.789329,24.189271,ok
EES0423663__X39__Y3F__P005.jpg,0.906087,27.590253,ok
EES0423663__X3C__Y3C__P006.jpg,0.911475,27.619808,ok
EES0423663__X3F__Y39__P007.jpg,0.894499,26.219788,ok
EES0423663__X42__Y36__P008.jpg,0.917763,25.924870,ok
EES0423663__X09__Y1B__P009.jpg,0.936179,27.154360,ok
EES0423663__X09__Y1E__P010.jpg,0.891199,23.914545,ok
EES0423663__X09__Y21__P011.jpg,0.828188,23.225472,ok
EES0423663__X09__Y24__P012.jpg,0.878094,26.661008,ok
EES0423663__X09__Y27__P013.jpg,0.845498,25.114360,ok
EES0423663__X09__Y2A__P014.jpg,0.924789,26.601996,ok
EES0423663__X09__Y2D__P015.jpg,0.873740,26.312748,ok
EES0423663__X0C__Y18__P016.jpg,0.855119,24.330594,ok
EES0423663__X0C__Y27__P017.jpg,0.787613,23.503901,ok
EES0423663__X0C__Y2A__P018.jpg,0.794617,23.151849,ok
EES0423663__X0C__Y2D__P019.jpg,0.855918,23.359962,ok
EES0423663__X0C__Y33__P020.jpg,0.925525,25.753441,ok
EES0423663__X0F__Y36__P021.jpg,0.839637,24.746640,ok
EES0423663__X12__Y36__P022.jpg,0.795770,23.601455,ok
EES0423663__X12__Y39__P023.jpg,0.766164,23.248054,ok
EES0423663__X12__Y3C__P024.jpg,0.881480,23.882533,ok
EES0423663__X15__Y0C__P025.jpg,0.950678,32.130985,ok
EES0423664__X15__Y3C__P001.jpg,0.805705,24.670016,ok
EES0423664__X15__Y3F__P002.jpg,0.820162,23.029492,ok
EES0423664__X18__Y36__P003.jpg,0.813706,23.402155,ok
EES0423664__X18__Y3F__P004.jpg,0.888134,27.551670,ok
EES0423664__X1B__Y09__P005.jpg,0.892463,24.250527,ok
EES0423664__X1B__Y36__P006.jpg,0.828551,24.300286,ok
EES0423664__X1B__Y3F__P007.jpg,0.830863,23.906102,ok
EES0423664__X1E__Y3C__P008.jpg,0.829336,23.585121,ok
EES0423664__X1E__Y3F__P009.jpg,0.811573,23.076085,ok
EES0423664__X1E__Y42__P010.jpg,0.930435,26.874404,ok
EES0423664__X21__Y06__P011.jpg,0.952386,33.742214,ok
EES0423664__X21__Y3C__P012.jpg,0.814847,22.741685,ok
EES0423664__X21__Y42__P013.jpg,0.907079,25.862887,ok
EES0423664__X24__Y06__P014.jpg,0.960867,32.993598,ok
EES0423664__X24__Y3F__P015.jpg,0.825944,22.980750,ok
EES0423664__X24__Y42__P016.jpg,0.894172,23.493730,ok
EES0423664__X27__Y06__P017.jpg,0.900331,24.653351,ok
EES0423664__X27__Y42__P018.jpg,0.858482,23.639245,ok
EES0423664__X2A__Y06__P019.jpg,0.932082,28.211995,ok
EES0423664__X2A__Y42__P020.jpg,0.862195,23.963323,ok
EES0423664__X2D__Y42__P021.jpg,0.835130,23.812505,ok
EES0423664__X30__Y3F__P022.jpg,0.773841,24.233123,ok
EES0423664__X30__Y42__P023.jpg,0.908001,27.148488,ok
EES0423664__X33__Y09__P024.jpg,0.867662,24.256904,ok
EES0423664__X33__Y42__P025.jpg,0.905085,27.418419,ok
EES0423665__X36__Y3F__P001.jpg,0.801248,23.924316,ok
EES0423665__X39__Y0C__P002.jpg,0.904552,24.782125,ok
EES0423665__X39__Y3F__P003.jpg,0.884632,25.604232,ok
EES0423665__X42__Y36__P004.jpg,0.865562,23.496703,ok
EES0423665__X45__Y18__P005.jpg,0.920787,27.415720,ok
EES0423665__X48__Y21__P006.jpg,0.941937,28.585177,ok
EES0423665__X48__Y24__P007.jpg,0.900939,25.745051,ok
EES0423665__X0C__Y18__P008.jpg,0.920038,27.633679,ok
EES0423665__X0C__Y1B__P009.jpg,0.908000,26.114618,ok
EES0423665__X0C__Y1E__P010.jpg,0.864430,25.647312,ok
EES0423665__X0C__Y21__P011.jpg,0.870218,23.538328,ok
EES0423665__X0C__Y24__P012.jpg,0.838590,24.249554,ok
EES0423665__X0C__Y27__P013.jpg,0.835461,25.082618,ok
EES0423665__X0C__Y2A__P014.jpg,0.815157,24.614183,ok
EES0423665__X0C__Y2D__P015.jpg,0.880747,25.739270,ok
EES0423665__X0C__Y30__P016.jpg,0.970475,33.719984,ok
EES0423665__X0F__Y12__P017.jpg,0.909814,24.775501,ok
EES0423665__X0F__Y18__P018.jpg,0.813543,23.623481,ok
EES0423665__X0F__Y1B__P019.jpg,0.828286,24.754890,ok
EES0423665__X0F__Y21__P020.jpg,0.804853,23.077983,ok
EES0423665__X12__Y0C__P021.jpg,0.949878,31.806076,ok
EES0423665__X12__Y12__P022.jpg,0.822860,24.779012,ok
EES0423665__X12__Y15__P023.jpg,0.770174,22.445257,ok
EES0423665__X12__Y1B__P024.jpg,0.751174,22.904142,ok
EES0423665__X12__Y36__P025.jpg,0.799525,23.626478,ok
EES0423666__X39__Y30__P001.jpg,0.867548,23.375553,ok
EES0423666__X39__Y36__P002.jpg,0.911741,26.147250,ok
EES0423666__X39__Y39__P003.jpg,0.886531,23.537130,ok
EES0423666__X3C__Y33__P004.jpg,0.871550,24.084535,ok
EES0423666__X3F__Y24__P005.jpg,0.926811,24.359022,ok
EES0423666__X3F__Y30__P006.jpg,0.932679,27.306635,ok
EES0423666__X42__Y30__P007.jpg,0.931061,24.420128,ok
EES0423666__X09__Y21__P008.jpg,0.882181,25.521695,ok
EES0423666__X18__Y1E__P009.jpg,0.832467,26.094301,ok
EES0423666__X18__Y2A__P010.jpg,0.810906,22.589653,ok
EES0423666__X1B__Y09__P011.jpg,0.837176,24.038254,ok
EES0423666__X1B__Y0F__P012.jpg,0.787151,23.061625,ok
EES0423666__X1B__Y1B__P013.jpg,0.825235,22.996792,ok
EES0423666__X1B__Y21__P014.jpg,0.827428,24.043138,ok
EES0423666__X1B__Y2D__P015.jpg,0.799614,22.864891,ok
EES0423666__X1E__Y09__P016.jpg,0.846134,26.437625,ok
EES0423666__X1E__Y18__P017.jpg,0.822523,24.444562,ok
EES0423666__X1E__Y24__P018.jpg,0.829460,25.202256,ok
EES0423666__X1E__Y2A__P019.jpg,0.868451,24.452888,ok
EES0423666__X1E__Y36__P020.jpg,0.933827,28.334862,ok
EES0423666__X21__Y09__P021.jpg,0.909001,27.919716,ok
EES0423666__X21__Y15__P022.jpg,0.791004,24.064471,ok
EES0423666__X24__Y09__P023.jpg,0.776798,23.982093,ok
EES0423666__X24__Y15__P024.jpg,0.816985,24.307945,ok
EES0423666__X24__Y1E__P025.jpg,0.858079,24.834432,ok
EES0423667__X39__Y0F__P001.jpg,0.873162,24.557975,ok
EES0423667__X39__Y21__P002.jpg,0.850410,25.359575,ok
EES0423667__X3C__Y0F__P003.jpg,0.826041,22.947606,ok
EES0423667__X3C__Y21__P004.jpg,0.817108,23.513186,ok
EES0423667__X3C__Y24__P005.jpg,0.846729,24.171450,ok
EES0423667__X3F__Y24__P006.jpg,0.764754,22.362067,ok
EES0423667__X3F__Y27__P007.jpg,0.843993,22.913752,ok
EES0423667__X3F__Y30__P008.jpg,0.875189,24.005157,ok
EES0423667__X42__Y18__P009.jpg,0.820027,23.321857,ok
EES0423667__X18__Y24__P010.jpg,0.781639,22.676225,ok
EES0423667__X18__Y27__P011.jpg,0.867207,24.850011,ok
EES0423667__X1B__Y09__P012.jpg,0.909477,26.363430,ok
EES0423667__X1B__Y2A__P013.jpg,0.905045,25.282702,ok
EES0423667__X1E__Y12__P014.jpg,0.929714,27.842972,ok
EES0423667__X1E__Y1B__P015.jpg,0.922967,25.307727,ok
EES0423667__X1E__Y1E__P016.jpg,0.902577,25.244795,ok
EES0423667__X1E__Y2D__P017.jpg,0.868081,23.383618,ok
EES0423667__X1E__Y33__P018.jpg,0.917575,25.887429,ok
EES0423667__X21__Y12__P019.jpg,0.900944,25.823105,ok
EES0423667__X21__Y27__P020.jpg,0.936033,27.843167,ok
EES0423667__X21__Y2A__P021.jpg,0.865058,23.037855,ok
EES0423667__X24__Y0F__P022.jpg,0.836182,23.389011,ok
EES0423667__X24__Y12__P023.jpg,0.887787,24.944162,ok
EES0423667__X24__Y21__P024.jpg,0.940221,26.288232,ok
EES0423667__X24__Y2A__P025.jpg,0.951212,28.921774,ok
EES0423668__X24__Y36__P001.jpg,0.866824,25.106205,ok
EES0423668__X27__Y0F__P002.jpg,0.846065,23.354385,ok
EES0423668__X27__Y1E__P003.jpg,0.910175,26.586560,ok
EES0423668__X2A__Y0F__P004.jpg,0.870535,24.680814,ok
EES0423668__X2A__Y1E__P005.jpg,0.833331,23.209293,ok
EES0423668__X2A__Y3C__P006.jpg,0.831459,23.091137,ok
EES0423668__X2D__Y1E__P007.jpg,0.894789,26.908665,ok
EES0423668__X2D__Y21__P008.jpg,0.883162,24.484186,ok
EES0423668__X2D__Y24__P009.jpg,0.826887,23.514371,ok
EES0423668__X2D__Y36__P010.jpg,0.821121,23.042033,ok
EES0423668__X30__Y09__P011.jpg,0.883394,24.053879,ok
EES0423668__X30__Y0F__P012.jpg,0.878110,25.540881,ok
EES0423668__X30__Y12__P013.jpg,0.906054,24.214624,ok
EES0423668__X30__Y1B__P014.jpg,0.864442,24.577274,ok
EES0423668__X30__Y1E__P015.jpg,0.874473,26.962630,ok
EES0423668__X30__Y2A__P016.jpg,0.863894,25.686618,ok
EES0423668__X30__Y2D__P017.jpg,0.870990,27.243786,ok
EES0423668__X30__Y30__P018.jpg,0.901542,26.887972,ok
EES0423668__X30__Y3C__P019.jpg,0.818581,25.030096,ok
EES0423668__X36__Y1B__P020.jpg,0.898159,25.353126,ok
EES0423668__X36__Y2A__P021.jpg,0.810886,22.944597,ok
EES0423668__X36__Y2D__P022.jpg,0.878042,25.814718,ok
EES0423668__X36__Y39__P023.jpg,0.901451,26.486786,ok
EES0423668__X36__Y3F__P024.jpg,0.880405,26.367163,ok
EES0423668__X39__Y1B__P025.jpg,0.903681,28.447291,ok
EES0423669__X39__Y1E__P001.jpg,0.900551,27.869090,ok
EES0423669__X3C__Y18__P002.jpg,0.898041,26.992155,ok
EES0423669__X3C__Y1E__P003.jpg,0.870099,25.001231,ok
EES0423669__X3C__Y21__P004.jpg,0.811514,23.381621,ok
EES0423669__X3C__Y30__P005.jpg,0.825459,23.857169,ok
EES0423669__X3F__Y33__P006.jpg,0.864632,23.786356,ok
EES0423669__X42__Y1B__P007.jpg,0.859212,24.583972,ok
EES0423669__X45__Y33__P008.jpg,0.864627,25.501684,ok
EES0423669__X48__Y2A__P009.jpg,0.916280,26.825206,ok
EES0423669__X09__Y2D__P010.jpg,0.867689,24.236559,ok
EES0423669__X0C__Y33__P011.jpg,0.832027,23.013289,ok
EES0423669__X0F__Y27__P012.jpg,0.844877,23.159317,ok
EES0423669__X0F__Y30__P013.jpg,0.880992,23.495407,ok
EES0423669__X15__Y39__P014.jpg,0.896129,25.078934,ok
EES0423669__X1E__Y3F__P015.jpg,0.801203,23.475136,ok
EES0423669__X1E__Y42__P016.jpg,0.835898,23.256200,ok
EES0423669__X21__Y06__P017.jpg,0.909756,24.811909,ok
EES0423669__X21__Y3F__P018.jpg,0.830948,22.905250,ok
EES0423669__X09__Y21__P019.jpg,0.892343,24.773158,ok
EES0423669__X09__Y27__P020.jpg,0.906361,25.047810,ok
EES0423669__X09__Y2A__P021.jpg,0.914682,28.590096,ok
EES0423669__X09__Y2D__P022.jpg,0.929478,27.661542,ok
EES0423669__X0C__Y1B__P023.jpg,0.906405,24.117339,ok
EES0423669__X0C__Y1E__P024.jpg,0.860065,23.008683,ok
EES0423669__X0C__Y21__P025.jpg,0.847110,24.400685,ok
EES0423670__X0C__Y2A__P001.jpg,0.866013,24.094990,ok
EES0423670__X0C__Y2D__P002.jpg,0.866442,23.330914,ok
EES0423670__X0F__Y15__P003.jpg,0.881725,24.875333,ok
EES0423670__X0F__Y18__P004.jpg,0.874091,24.654204,ok
EES0423670__X0F__Y1B__P005.jpg,0.850294,23.221547,ok
EES0423670__X0F__Y21__P006.jpg,0.820249,22.782626,ok
EES0423670__X0F__Y30__P007.jpg,0.776119,22.313111,ok
EES0423670__X0F__Y33__P008.jpg,0.854067,23.042144,ok
EES0423670__X0F__Y36__P009.jpg,0.835168,23.413505,ok
EES0423670__X0F__Y39__P010.jpg,0.869994,24.097305,ok
EES0423670__X12__Y12__P011.jpg,0.945239,29.324004,ok
EES0423670__X12__Y15__P012.jpg,0.882504,24.352351,ok
EES0423670__X12__Y18__P013.jpg,0.840269,23.544808,ok
EES0423670__X15__Y0F__P014.jpg,0.921606,25.498383,ok
EES0423670__X15__Y15__P015.jpg,0.885187,24.172373,ok
EES0423670__X18__Y0C__P016.jpg,0.912496,27.130154,ok
EES0423670__X18__Y15__P017.jpg,0.839297,23.230188,ok
EES0423670__X1B__Y0C__P018.jpg,0.906371,26.228609,ok
EES0423670__X1E__Y03__P019.jpg,0.964831,28.785065,ok
EES0423670__X1E__Y09__P020.jpg,0.898718,24.497638,ok
EES0423670__X1E__Y0C__P021.jpg,0.833785,24.221469,ok
EES0423670__X21__Y0F__P022.jpg,0.842207,23.494199,ok
EES0423670__X24__Y45__P023.jpg,0.838599,23.721039,ok
EES0423670__X27__Y0C__P024.jpg,0.842807,23.914676,ok
EES0423670__X27__Y45__P025.jpg,0.834964,24.243471,ok
