filename,ssim,psnr,status
EES0423671__X12__Y15__P001.jpg,0.787810,23.032503,ok
EES0423671__X12__Y18__P002.jpg,0.797683,22.616489,ok
EES0423671__X12__Y1B__P003.jpg,0.811408,24.517706,ok
EES0423671__X12__Y2A__P004.jpg,0.801402,22.109249,ok
EES0423671__X12__Y2D__P005.jpg,0.866646,23.595250,ok
EES0423671__X15__Y12__P006.jpg,0.798397,22.031798,ok
EES0423671__X15__Y15__P007.jpg,0.781736,24.301107,ok
EES0423671__X15__Y18__P008.jpg,0.790727,23.023785,ok
EES0423671__X15__Y1B__P009.jpg,0.740830,22.898205,ok
EES0423671__X15__Y1E__P010.jpg,0.857177,23.845419,ok
EES0423671__X15__Y21__P011.jpg,0.828543,23.128000,ok
EES0423671__X15__Y27__P012.jpg,0.833221,23.003681,ok
EES0423671__X15__Y2D__P013.jpg,0.797758,24.245688,ok
EES0423671__X15__Y30__P014.jpg,0.764942,21.597107,ok
EES0423671__X18__Y15__P015.jpg,0.785183,21.896738,ok
EES0423671__X18__Y18__P016.jpg,0.764285,22.879407,ok
EES0423671__X18__Y1E__P017.jpg,0.857676,22.638590,ok
EES0423671__X18__Y21__P018.jpg,0.857000,25.069388,ok
EES0423671__X18__Y24__P019.jpg,0.866008,23.687421,ok
EES0423671__X18__Y27__P020.jpg,0.848356,24.510763,ok
EES0423671__X18__Y2A__P021.jpg,0.793818,22.611778,ok
EES0423671__X18__Y2D__P022.jpg,0.763465,23.532497,ok
EES0423671__X18__Y30__P023.jpg,0.830113,23.819442,ok
EES0423671__X18__Y33__P024.jpg,0.721650,21.851827,ok
EES0423671__X1B__Y09__P025.jpg,0.877638,24.267148,ok
EES0423672__X1B__Y18__P001.jpg,0.774760,22.605162,ok
EES0423672__X1B__Y1B__P002.jpg,0.767427,23.320787,ok
EES0423672__X1B__Y1E__P003.jpg,0.777796,24.501614,ok
EES0423672__X1B__Y21__P004.jpg,0.790213,23.506390,ok
EES0423672__X1B__Y24__P005.jpg,0.836752,23.620130,ok
EES0423672__X1B__Y27__P006.jpg,0.807254,23.836601,ok
EES0423672__X1B__Y30__P007.jpg,0.823363,23.692729,ok
EES0423672__X1B__Y33__P008.jpg,0.854158,23.975535,ok
EES0423672__X1B__Y36__P009.jpg,0.883310,25.238352,ok
EES0423672__X1E__Y15__P010.jpg,0.792290,22.068781,ok
EES0423672__X1E__Y18__P011.jpg,0.790376,22.144296,ok
EES0423672__X1E__Y21__P012.jpg,0.761836,21.894640,ok
EES0423672__X1E__Y24__P013.jpg,0.761189,23.308394,ok
EES0423672__X1E__Y27__P014.jpg,0.814433,22.788273,ok
EES0423672__X1E__Y30__P015.jpg,0.825377,23.420424,ok
EES0423672__X1E__Y33__P016.jpg,0.843543,23.045307,ok
EES0423672__X1E__Y36__P017.jpg,0.841212,23.665802,ok
EES0423672__X1E__Y39__P018.jpg,0.830163,22.687957,ok
EES0423672__X21__Y0C__P019.jpg,0.812812,22.304500,ok
EES0423672__X21__Y33__P020.jpg,0.770010,23.120312,ok
EES0423672__X21__Y36__P021.jpg,0.818005,23.769758,ok
EES0423672__X21__Y39__P022.jpg,0.832334,23.442200,ok
EES0423672__X24__Y06__P023.jpg,0.824787,22.390689,ok
EES0423672__X24__Y09__P024.jpg,0.831654,22.701765,ok
EES0423672__X24__Y0C__P025.jpg,0.767024,21.616089,ok
EES0423673__X24__Y36__P001.jpg,0.804866,23.801126,ok
EES0423673__X24__Y39__P002.jpg,0.768996,21.851777,ok
EES0423673__X27__Y0C__P003.jpg,0.824758,22.464461,ok
EES0423673__X27__Y2D__P004.jpg,0.823866,22.404076,ok
EES0423673__X27__Y30__P005.jpg,0.787483,24.633697,ok
EES0423673__X27__Y33__P006.jpg,0.826091,24.534873,ok
EES0423673__X27__Y39__P007.jpg,0.852863,24.366530,ok
EES0423673__X2A__Y33__P008.jpg,0.786440,22.200693,ok
EES0423673__X33__Y09__P009.jpg,0.803112,22.456512,ok
EES0423673__X39__Y21__P010.jpg,0.834669,23.285475,ok
EES0423673__X39__Y24__P011.jpg,0.757138,21.442232,ok
EES0423673__X42__Y27__P012.jpg,0.768049,21.715786,ok
EES0423673__X06__Y09__P013.jpg,0.922639,28.893364,ok
EES0423673__X09__Y1E__P014.jpg,0.896001,26.397161,ok
EES0423673__X09__Y21__P015.jpg,0.882625,29.271676,ok
EES0423673__X09__Y27__P016.jpg,0.951257,29.484224,ok
EES0423673__X0C__Y12__P017.jpg,0.965508,36.741555,ok
EES0423673__X0C__Y15__P018.jpg,0.821495,23.004441,ok
EES0423673__X0C__Y2D__P019.jpg,0.891334,28.015701,ok
EES0423673__X0C__Y30__P020.jpg,0.897719,27.264836,ok
EES0423673__X0F__Y0C__P021.jpg,0.881157,27.325639,ok
EES0423673__X0F__Y0F__P022.jpg,0.855762,27.672495,ok
EES0423673__X0F__Y33__P023.jpg,0.876368,29.107328,ok
EES0423673__X12__Y09__P024.jpg,0.838381,26.092801,ok
EES0423673__X12__Y36__P025.jpg,0.842536,26.256237,ok
EES0423674__X45__Y2D__P001.jpg,0.887995,29.638652,ok
EES0423674__X45__Y30__P002.jpg,0.924694,30.215807,ok
EES0423674__X0F__Y1B__P003.jpg,0.870310,22.975529,ok
EES0423674__X0F__Y24__P004.jpg,0.881578,23.507416,ok
EES0423674__X12__Y27__P005.jpg,0.879324,22.737483,ok
EES0423674__X18__Y06__P006.jpg,0.969569,35.487762,ok
EES0423674__X1B__Y06__P007.jpg,0.891673,23.697498,ok
EES0423674__X1B__Y36__P008.jpg,0.908888,23.628840,ok
EES0423674__X1E__Y06__P009.jpg,0.898483,23.842690,ok
EES0423674__X1E__Y33__P010.jpg,0.871975,23.382352,ok
EES0423674__X21__Y36__P011.jpg,0.857996,22.660170,ok
EES0423674__X21__Y3C__P012.jpg,0.888261,22.896489,ok
EES0423674__X2D__Y06__P013.jpg,0.951905,31.811654,ok
EES0423674__X39__Y3C__P014.jpg,0.957017,31.840360,ok
EES0423674__X0F__Y18__P015.jpg,0.866723,23.837311,ok
EES0423674__X0F__Y21__P016.jpg,0.866864,25.269273,ok
EES0423674__X0F__Y24__P017.jpg,0.873896,24.297479,ok
EES0423674__X0F__Y27__P018.jpg,0.839822,22.320670,ok
EES0423674__X15__Y36__P019.jpg,0.868717,23.430495,ok
EES0423674__X1E__Y06__P020.jpg,0.911674,23.083776,ok
EES0423674__X27__Y3F__P021.jpg,0.895108,25.599872,ok
EES0423674__X33__Y3F__P022.jpg,0.892319,23.016213,ok
EES0423674__X39__Y09__P023.jpg,0.956213,29.696590,ok
EES0423674__X3C__Y0C__P024.jpg,0.958549,27.382828,ok
EES0423674__X42__Y12__P025.jpg,0.909514,22.912165,ok
EES0423675__X42__Y36__P001.jpg,0.891471,23.542405,ok
EES0423675__X48__Y1B__P002.jpg,0.945530,24.586105,ok
EES0423675__X06__Y1E__P003.jpg,0.933251,28.754685,ok
EES0423675__X06__Y21__P004.jpg,0.904223,25.467741,ok
EES0423675__X06__Y24__P005.jpg,0.967078,32.368592,ok
EES0423675__X06__Y27__P006.jpg,0.959707,36.338917,ok
EES0423675__X09__Y18__P007.jpg,0.895944,25.178594,ok
EES0423675__X09__Y1B__P008.jpg,0.867410,25.691606,ok
EES0423675__X09__Y2A__P009.jpg,0.784995,22.464889,ok
EES0423675__X09__Y2D__P010.jpg,0.876926,26.124023,ok
EES0423675__X0C__Y12__P011.jpg,0.909691,26.726374,ok
EES0423675__X0C__Y15__P012.jpg,0.771465,23.335029,ok
EES0423675__X0C__Y18__P013.jpg,0.841558,25.757145,ok
EES0423675__X0C__Y33__P014.jpg,0.856031,23.507887,ok
EES0423675__X0F__Y0F__P015.jpg,0.766526,23.029418,ok
EES0423675__X15__Y3C__P016.jpg,0.887666,27.283608,ok
EES0423675__X1E__Y03__P017.jpg,0.871297,27.319624,ok
EES0423675__X1E__Y3F__P018.jpg,0.827578,24.827362,ok
EES0423675__X21__Y03__P019.jpg,0.878677,27.043811,ok
EES0423675__X27__Y03__P020.jpg,0.830638,22.607059,ok
EES0423675__X2A__Y03__P021.jpg,0.919579,24.512390,ok
EES0423675__X2A__Y3F__P022.jpg,0.839108,24.049112,ok
EES0423675__X2D__Y03__P023.jpg,0.847004,22.351382,ok
EES0423675__X2D__Y3F__P024.jpg,0.918059,26.939022,ok
EES0423675__X30__Y3F__P025.jpg,0.936662,31.234510,ok
EES0423676__X33__Y3C__P001.jpg,0.823732,23.818791,ok
EES0423676__X36__Y09__P002.jpg,0.847829,22.992718,ok
EES0423676__X36__Y3C__P003.jpg,0.841616,23.256968,ok
EES0423676__X39__Y0C__P004.jpg,0.847999,23.305184,ok
EES0423676__X39__Y39__P005.jpg,0.919563,29.234881,ok
EES0423676__X3C__Y0C__P006.jpg,0.913706,26.988468,ok
EES0423676__X3C__Y0F__P007.jpg,0.842906,25.499738,ok
EES0423676__X3C__Y33__P008.jpg,0.837917,24.936077,ok
EES0423676__X3C__Y36__P009.jpg,0.951310,30.209948,ok
EES0423676__X3F__Y0F__P010.jpg,0.873538,25.204190,ok
EES0423676__X3F__Y12__P011.jpg,0.869802,24.525328,ok
EES0423676__X3F__Y2D__P012.jpg,0.821391,22.387657,ok
EES0423676__X3F__Y30__P013.jpg,0.884916,28.613259,ok
EES0423676__X42__Y0F__P014.jpg,0.878675,23.738005,ok
EES0423676__X42__Y15__P015.jpg,0.966993,32.629442,ok
EES0423676__X42__Y18__P016.jpg,0.937519,26.268789,ok
EES0423676__X42__Y1B__P017.jpg,0.876213,26.396805,ok
EES0423676__X42__Y1E__P018.jpg,0.861000,24.068961,ok
EES0423676__X42__Y21__P019.jpg,0.883958,24.956804,ok
EES0423676__X42__Y24__P020.jpg,0.900734,25.569364,ok
EES0423676__X42__Y27__P021.jpg,0.893022,25.619904,ok
EES0423676__X42__Y2A__P022.jpg,0.899121,28.834236,ok
EES0423676__X45__Y18__P023.jpg,0.853810,22.579670,ok
EES0423676__X0F__Y24__P024.jpg,0.852437,22.799366,ok
EES0423676__X1E__Y3C__P025.jpg,0.821734,22.197290,ok
EES0423677__X21__Y0C__P001.jpg,0.818164,21.969845,ok
EES0423677__X2A__Y2D__P002.jpg,0.880176,24.275781,ok
EES0423677__X33__Y09__P003.jpg,0.887929,24.564098,ok
EES0423677__X36__Y3F__P004.jpg,0.889619,22.711216,ok
EES0423677__X39__Y1B__P005.jpg,0.799857,21.870262,ok
EES0423677__X3C__Y0F__P006.jpg,0.951996,30.151868,ok
EES0423677__X3F__Y12__P007.jpg,0.935440,29.464921,ok
EES0423677__X12__Y1B__P008.jpg,0.835747,24.285502,ok
EES0423677__X15__Y18__P009.jpg,0.743796,21.771752,ok
EES0423677__X15__Y1B__P010.jpg,0.763492,22.364987,ok
EES0423677__X15__Y2D__P011.jpg,0.748991,22.122229,ok
EES0423677__X18__Y21__P012.jpg,0.830005,23.805615,ok
EES0423677__X18__Y24__P013.jpg,0.839491,22.968153,ok
EES0423677__X18__Y33__P014.jpg,0.828055,22.972873,ok
EES0423677__X1B__Y21__P015.jpg,0.758626,22.301641,ok
EES0423677__X1B__Y24__P016.jpg,0.756758,21.571252,ok
EES0423677__X1B__Y27__P017.jpg,0.754647,21.729144,ok
EES0423677__X1E__Y12__P018.jpg,0.709629,21.051261,ok
EES0423677__X1E__Y24__P019.jpg,0.812826,22.638346,ok
EES0423677__X1E__Y39__P020.jpg,0.696192,20.882533,ok
EES0423677__X1E__Y3C__P021.jpg,0.830054,23.988579,ok
EES0423677__X21__Y33__P022.jpg,0.781077,23.602879,ok
EES0423677__X21__Y39__P023.jpg,0.801900,23.831243,ok
EES0423677__X24__Y3F__P024.jpg,0.877646,24.053284,ok
EES0423677__X27__Y09__P025.jpg,0.807032,23.241472,ok
EES0423678__X27__Y39__P001.jpg,0.750771,22.346769,ok
EES0423678__X27__Y3F__P002.jpg,0.815115,22.414991,ok
EES0423678__X2A__Y18__P003.jpg,0.692993,20.928988,ok
EES0423678__X2A__Y3C__P004.jpg,0.780342,22.583594,ok
EES0423678__X30__Y09__P005.jpg,0.932864,27.549175,ok
EES0423678__X30__Y12__P006.jpg,0.832220,23.100848,ok
EES0423678__X30__Y3F__P007.jpg,0.830722,23.220435,ok
EES0423678__X33__Y33__P008.jpg,0.744761,22.368476,ok
EES0423678__X33__Y3C__P009.jpg,0.791704,22.430190,ok
EES0423678__X3C__Y1E__P010.jpg,0.846976,23.846446,ok
EES0423678__X3C__Y27__P011.jpg,0.823155,22.433100,ok
EES0423678__X3C__Y30__P012.jpg,0.780674,23.654440,ok
EES0423678__X3F__Y2A__P013.jpg,0.805245,23.116336,ok
EES0423678__X42__Y21__P014.jpg,0.854407,24.477570,ok
EES0423678__X45__Y21__P015.jpg,0.867138,22.381317,ok
EES0423678__X0F__Y1B__P016.jpg,0.874109,24.892763,ok
EES0423678__X0F__Y1E__P017.jpg,0.926162,25.898490,ok
EES0423678__X0F__Y21__P018.jpg,0.900163,23.892294,ok
EES0423678__X0F__Y24__P019.jpg,0.860982,23.503620,ok
EES0423678__X0F__Y27__P020.jpg,0.953988,27.919799,ok
EES0423678__X0F__Y2A__P021.jpg,0.897108,28.151754,ok
EES0423678__X12__Y12__P022.jpg,0.941307,29.797805,ok
EES0423678__X12__Y15__P023.jpg,0.959629,33.289294,ok
EES0423678__X12__Y18__P024.jpg,0.895089,27.041647,ok
EES0423678__X12__Y1B__P025.jpg,0.844728,24.941844,ok
EES0423679__X27__Y06__P001.jpg,0.937702,30.549981,ok
EES0423679__X2A__Y06__P002.jpg,0.889062,25.017481,ok
EES0423679__X2D__Y06__P003.jpg,0.886509,24.654425,ok
EES0423679__X30__Y06__P004.jpg,0.902565,25.984070,ok
EES0423679__X33__Y3F__P005.jpg,0.843944,23.045339,ok
EES0423679__X36__Y03__P006.jpg,0.952861,28.559371,ok
EES0423679__X36__Y09__P007.jpg,0.758366,22.348012,ok
EES0423679__X39__Y09__P008.jpg,0.910273,30.139408,ok
EES0423679__X39__Y3C__P009.jpg,0.862688,22.882608,ok
EES0423679__X42__Y12__P010.jpg,0.831304,23.867720,ok
EES0423679__X45__Y15__P011.jpg,0.928794,29.759543,ok
EES0423679__X45__Y30__P012.jpg,0.829313,25.206450,ok
EES0423679__X45__Y45__P013.jpg,0.917718,24.013326,ok
EES0423679__X48__Y18__P014.jpg,0.949942,27.259219,ok
EES0423679__X48__Y1B__P015.jpg,0.936611,29.574698,ok
EES0423679__X48__Y1E__P016.jpg,0.963071,29.549550,ok
EES0423679__X48__Y21__P017.jpg,0.862479,25.771167,ok
EES0423679__X48__Y24__P018.jpg,0.762461,21.803839,ok
EES0423679__X48__Y27__P019.jpg,0.853323,24.648801,ok
EES0423679__X48__Y2A__P020.jpg,0.859433,23.563922,ok
EES0423679__X0F__Y1B__P021.jpg,0.938801,30.786890,ok
EES0423679__X0F__Y2A__P022.jpg,0.758226,22.009988,ok
EES0423679__X0F__Y2D__P023.jpg,0.811282,25.758094,ok
EES0423679__X12__Y12__P024.jpg,0.929716,31.097993,ok
EES0423679__X12__Y15__P025.jpg,0.885563,28.557707,ok
EES0423680__X12__Y18__P001.jpg,0.928408,29.587039,ok
EES0423680__X12__Y1B__P002.jpg,0.792059,23.134664,ok
EES0423680__X12__Y1E__P003.jpg,0.726846,21.369652,ok
EES0423680__X12__Y24__P004.jpg,0.800348,22.729011,ok
EES0423680__X12__Y27__P005.jpg,0.765116,22.152544,ok
EES0423680__X12__Y30__P006.jpg,0.849375,24.239712,ok
EES0423680__X12__Y36__P007.jpg,0.874632,23.103726,ok
EES0423680__X15__Y12__P008.jpg,0.790070,23.430582,ok
EES0423680__X15__Y18__P009.jpg,0.745180,21.708204,ok
EES0423680__X15__Y1B__P010.jpg,0.760328,22.541478,ok
EES0423680__X15__Y21__P011.jpg,0.762764,23.427030,ok
EES0423680__X15__Y27__P012.jpg,0.710662,22.071686,ok
EES0423680__X15__Y30__P013.jpg,0.720777,21.508968,ok
EES0423680__X15__Y33__P014.jpg,0.885421,26.970432,ok
EES0423680__X15__Y36__P015.jpg,0.780001,22.452655,ok
EES0423680__X18__Y0F__P016.jpg,0.842559,23.624738,ok
EES0423680__X18__Y1E__P017.jpg,0.754582,22.475371,ok
EES0423680__X18__Y21__P018.jpg,0.735232,21.227401,ok
EES0423680__X18__Y33__P019.jpg,0.796590,23.123435,ok
EES0423680__X18__Y36__P020.jpg,0.889140,25.649574,ok
EES0423680__X18__Y39__P021.jpg,0.948804,31.960167,ok
EES0423680__X1B__Y0C__P022.jpg,0.812966,23.714042,ok
EES0423680__X1B__Y36__P023.jpg,0.741266,21.415143,ok
EES0423680__X1B__Y39__P024.jpg,0.784629,23.715256,ok
EES0423680__X1E__Y09__P025.jpg,0.916419,25.200118,ok
EES0423681__X1E__Y33__P001.jpg,0.699583,21.177979,ok
EES0423681__X1E__Y3C__P002.jpg,0.876826,26.504664,ok
EES0423681__X21__Y3C__P003.jpg,0.771199,23.036196,ok
EES0423681__X24__Y3F__P004.jpg,0.968547,33.799706,ok
EES0423681__X27__Y3F__P005.jpg,0.880597,23.962449,ok
EES0423681__X2A__Y09__P006.jpg,0.783092,21.741692,ok
EES0423681__X2A__Y3F__P007.jpg,0.807310,22.871517,ok
EES0423681__X2D__Y3C__P008.jpg,0.839487,25.579364,ok
EES0423681__X2D__Y3F__P009.jpg,0.804200,22.409687,ok
EES0423681__X30__Y09__P010.jpg,0.965642,36.216049,ok
EES0423681__X30__Y3C__P011.jpg,0.817776,24.428976,ok
EES0423681__X36__Y33__P012.jpg,0.815557,23.097517,ok
EES0423681__X36__Y36__P013.jpg,0.839564,22.632196,ok
EES0423681__X36__Y39__P014.jpg,0.883863,26.399408,ok
EES0423681__X39__Y36__P015.jpg,0.881532,25.640061,ok
EES0423681__X39__Y39__P016.jpg,0.859072,25.320768,ok
EES0423681__X3C__Y2A__P017.jpg,0.832008,22.182843,ok
EES0423681__X3F__Y30__P018.jpg,0.924458,26.857911,ok
EES0423681__X42__Y21__P019.jpg,0.842140,23.153735,ok
EES0423681__X42__Y2A__P020.jpg,0.909343,27.685460,ok
EES0423681__X0C__Y12__P021.jpg,0.948661,27.537262,ok
EES0423681__X0C__Y1E__P022.jpg,0.854676,23.121073,ok
EES0423681__X0F__Y18__P023.jpg,0.833030,22.243915,ok
EES0423681__X0F__Y1B__P024.jpg,0.874790,24.531834,ok
EES0423681__X0F__Y24__P025.jpg,0.830466,22.081338,ok
EES0423682__X42__Y30__P001.jpg,0.927003,27.551794,ok
EES0423682__X45__Y15__P002.jpg,0.870858,22.539366,ok
EES0423682__X45__Y2A__P003.jpg,0.939301,28.862904,ok
EES0423682__X0F__Y1E__P004.jpg,0.953293,33.003126,ok
EES0423682__X12__Y12__P005.jpg,0.850863,25.598448,ok
EES0423682__X12__Y18__P006.jpg,0.805509,22.363158,ok
EES0423682__X12__Y1B__P007.jpg,0.794397,23.484007,ok
EES0423682__X12__Y1E__P008.jpg,0.954302,26.899361,ok
EES0423682__X12__Y21__P009.jpg,0.820877,24.222016,ok
EES0423682__X12__Y24__P010.jpg,0.864876,25.195852,ok
EES0423682__X12__Y2A__P011.jpg,0.914346,29.756874,ok
EES0423682__X15__Y12__P012.jpg,0.874222,27.027917,ok
EES0423682__X15__Y15__P013.jpg,0.811372,23.596951,ok
EES0423682__X15__Y18__P014.jpg,0.855335,26.290484,ok
EES0423682__X15__Y1B__P015.jpg,0.822237,26.325879,ok
EES0423682__X15__Y21__P016.jpg,0.841172,25.939956,ok
EES0423682__X15__Y24__P017.jpg,0.761641,22.120466,ok
EES0423682__X15__Y27__P018.jpg,0.803354,24.116501,ok
EES0423682__X15__Y2A__P019.jpg,0.914955,25.141713,ok
EES0423682__X15__Y33__P020.jpg,0.816019,27.446964,ok
EES0423682__X18__Y0C__P021.jpg,0.804723,24.293079,ok
EES0423682__X18__Y12__P022.jpg,0.857670,24.566970,ok
EES0423682__X18__Y18__P023.jpg,0.795725,24.696170,ok
EES0423682__X18__Y1B__P024.jpg,0.848647,23.756558,ok
EES0423682__X18__Y24__P025.jpg,0.863527,25.652930,ok
EES0423683__X1B__Y09__P001.jpg,0.798405,22.596805,ok
EES0423683__X1B__Y0F__P002.jpg,0.792408,24.560723,ok
EES0423683__X1B__Y12__P003.jpg,0.871062,26.180225,ok
EES0423683__X1B__Y15__P004.jpg,0.837911,23.310409,ok
EES0423683__X1B__Y1B__P005.jpg,0.816782,25.093593,ok
EES0423683__X1B__Y1E__P006.jpg,0.831535,25.715079,ok
EES0423683__X1B__Y21__P007.jpg,0.891957,26.283913,ok
EES0423683__X1B__Y24__P008.jpg,0.861688,26.690017,ok
EES0423683__X1E__Y24__P009.jpg,0.844868,25.338023,ok
EES0423683__X1E__Y2D__P010.jpg,0.787674,23.682605,ok
EES0423683__X1E__Y30__P011.jpg,0.782216,23.784830,ok
EES0423683__X1E__Y33__P012.jpg,0.865161,26.864597,ok
EES0423683__X1E__Y36__P013.jpg,0.849541,24.195114,ok
EES0423683__X21__Y06__P014.jpg,0.769248,24.113056,ok
EES0423683__X24__Y2A__P015.jpg,0.861537,25.971128,ok
EES0423683__X24__Y2D__P016.jpg,0.864974,24.629486,ok
EES0423683__X24__Y30__P017.jpg,0.864455,26.120530,ok
EES0423683__X27__Y21__P018.jpg,0.738419,22.216866,ok
EES0423683__X27__Y2A__P019.jpg,0.816079,25.285447,ok
EES0423683__X27__Y2D__P020.jpg,0.785359,24.876870,ok
EES0423683__X2A__Y2D__P021.jpg,0.842670,26.046695,ok
EES0423683__X2D__Y2A__P022.jpg,0.866880,28.490889,ok
EES0423683__X2D__Y30__P023.jpg,0.848834,26.228784,ok
EES0423683__X30__Y24__P024.jpg,0.784078,23.182603,ok
EES0423683__X30__Y33__P025.jpg,0.826979,22.916105,ok
EES0423684__X30__Y36__P001.jpg,0.699533,21.968054,ok
EES0423684__X30__Y39__P002.jpg,0.855276,25.440203,ok
EES0423684__X33__Y24__P003.jpg,0.891085,27.963612,ok
EES0423684__X33__Y2D__P004.jpg,0.817613,24.802331,ok
EES0423684__X33__Y33__P005.jpg,0.802009,23.129120,ok
EES0423684__X33__Y39__P006.jpg,0.841687,25.111573,ok
EES0423684__X33__Y3C__P007.jpg,0.864407,25.461465,ok
EES0423684__X36__Y18__P008.jpg,0.868870,24.259781,ok
EES0423684__X36__Y21__P009.jpg,0.819333,23.409227,ok
EES0423684__X36__Y24__P010.jpg,0.882810,26.663537,ok
EES0423684__X36__Y27__P011.jpg,0.744516,22.758983,ok
EES0423684__X36__Y2A__P012.jpg,0.749270,24.278882,ok
EES0423684__X36__Y30__P013.jpg,0.872069,25.003682,ok
EES0423684__X36__Y33__P014.jpg,0.732058,24.528414,ok
EES0423684__X36__Y36__P015.jpg,0.788391,22.430724,ok
EES0423684__X36__Y39__P016.jpg,0.844200,23.589634,ok
EES0423684__X36__Y3C__P017.jpg,0.958467,33.179743,ok
EES0423684__X39__Y24__P018.jpg,0.803425,26.088807,ok
EES0423684__X39__Y27__P019.jpg,0.801812,25.087854,ok
EES0423684__X39__Y30__P020.jpg,0.903148,28.772976,ok
EES0423684__X3C__Y33__P021.jpg,0.749614,23.239939,ok
EES0423684__X3F__Y30__P022.jpg,0.793273,22.184412,ok
EES0423684__X3F__Y33__P023.jpg,0.689737,21.621369,ok
EES0423684__X45__Y2A__P024.jpg,0.931931,28.615623,ok
EES0423684__X45__Y2D__P025.jpg,0.974188,32.577098,ok
EES0423685__X12__Y27__P001.jpg,0.868558,23.123020,ok
EES0423685__X15__Y1B__P002.jpg,0.836721,24.321804,ok
EES0423685__X15__Y1E__P003.jpg,0.804404,22.444200,ok
EES0423685__X15__Y27__P004.jpg,0.798164,23.401959,ok
EES0423685__X15__Y2D__P005.jpg,0.813464,23.013306,ok
EES0423685__X18__Y1B__P006.jpg,0.814708,23.671749,ok
EES0423685__X1B__Y0F__P007.jpg,0.925584,29.857127,ok
EES0423685__X1B__Y12__P008.jpg,0.772143,23.886827,ok
EES0423685__X1B__Y21__P009.jpg,0.756202,21.910192,ok
EES0423685__X1E__Y12__P010.jpg,0.754638,22.131622,ok
EES0423685__X1E__Y21__P011.jpg,0.801510,25.267897,ok
EES0423685__X1E__Y24__P012.jpg,0.799758,22.279396,ok
EES0423685__X1E__Y30__P013.jpg,0.843787,23.255921,ok
EES0423685__X1E__Y33__P014.jpg,0.798124,22.759644,ok
EES0423685__X1E__Y36__P015.jpg,0.764603,22.059989,ok
EES0423685__X21__Y12__P016.jpg,0.734143,21.600221,ok
EES0423685__X21__Y2D__P017.jpg,0.692921,21.804525,ok
EES0423685__X21__Y33__P018.jpg,0.742055,23.656117,ok
EES0423685__X24__Y24__P019.jpg,0.819480,23.498821,ok
EES0423685__X24__Y27__P020.jpg,0.808258,23.317112,ok
EES0423685__X24__Y36__P021.jpg,0.731138,21.243440,ok
EES0423685__X24__Y39__P022.jpg,0.754431,22.147771,ok
EES0423685__X27__Y0C__P023.jpg,0.858591,24.395291,ok
EES0423685__X27__Y2A__P024.jpg,0.792084,22.986397,ok
EES0423685__X27__Y30__P025.jpg,0.898649,24.905569,ok
EES0423686__X27__Y36__P001.jpg,0.738923,21.969073,ok
EES0423686__X27__Y39__P002.jpg,0.824122,22.548755,ok
EES0423686__X2A__Y18__P003.jpg,0.800517,25.165330,ok
EES0423686__X2D__Y1E__P004.jpg,0.769589,21.655535,ok
EES0423686__X2D__Y30__P005.jpg,0.783826,22.017990,ok
EES0423686__X30__Y12__P006.jpg,0.804347,24.094858,ok
EES0423686__X30__Y1B__P007.jpg,0.804328,24.456398,ok
EES0423686__X30__Y1E__P008.jpg,0.730687,21.767312,ok
EES0423686__X30__Y21__P009.jpg,0.737593,22.037818,ok
EES0423686__X30__Y2D__P010.jpg,0.792134,22.996878,ok
EES0423686__X30__Y3C__P011.jpg,0.763808,23.128600,ok
EES0423686__X33__Y0C__P012.jpg,0.818835,24.166599,ok
EES0423686__X33__Y0F__P013.jpg,0.823209,22.564252,ok
EES0423686__X33__Y18__P014.jpg,0.774395,22.676490,ok
EES0423686__X36__Y15__P015.jpg,0.795696,24.470613,ok
EES0423686__X36__Y18__P016.jpg,0.838418,24.694131,ok
EES0423686__X39__Y0F__P017.jpg,0.834847,24.822027,ok
EES0423686__X3C__Y1E__P018.jpg,0.799036,22.807161,ok
EES0423686__X3F__Y2D__P019.jpg,0.831694,24.234245,ok
EES0423686__X42__Y15__P020.jpg,0.871767,24.840244,ok
EES0423686__X42__Y1B__P021.jpg,0.815541,24.475255,ok
EES0423686__X42__Y21__P022.jpg,0.726730,22.428573,ok
EES0423686__X12__Y1B__P023.jpg,0.889266,23.584701,ok
EES0423686__X12__Y1E__P024.jpg,0.763678,21.658755,ok
EES0423686__X12__Y21__P025.jpg,0.813196,23.492841,ok
EES0423687__X15__Y36__P001.jpg,0.964807,35.393350,ok
EES0423687__X18__Y21__P002.jpg,0.695285,21.538905,ok
EES0423687__X18__Y24__P003.jpg,0.698936,20.900973,ok
EES0423687__X1B__Y0C__P004.jpg,0.890992,25.665704,ok
EES0423687__X1B__Y3C__P005.jpg,0.918817,28.517339,ok
EES0423687__X1E__Y09__P006.jpg,0.941597,30.748055,ok
EES0423687__X1E__Y0C__P007.jpg,0.867027,24.707907,ok
EES0423687__X21__Y09__P008.jpg,0.787229,23.960033,ok
EES0423687__X21__Y3F__P009.jpg,0.743451,23.137382,ok
EES0423687__X24__Y06__P010.jpg,0.884277,27.424053,ok
EES0423687__X24__Y09__P011.jpg,0.876390,26.642477,ok
EES0423687__X24__Y15__P012.jpg,0.707369,21.437775,ok
EES0423687__X24__Y30__P013.jpg,0.720737,21.631645,ok
EES0423687__X24__Y3F__P014.jpg,0.783553,22.968140,ok
EES0423687__X27__Y42__P015.jpg,0.785691,21.847564,ok
EES0423687__X2A__Y06__P016.jpg,0.917508,29.990406,ok
EES0423687__X2A__Y3C__P017.jpg,0.728105,21.169600,ok
EES0423687__X2A__Y3F__P018.jpg,0.769473,21.949325,ok
EES0423687__X2D__Y06__P019.jpg,0.946941,30.044955,ok
EES0423687__X2D__Y3F__P020.jpg,0.835852,24.578888,ok
EES0423687__X30__Y06__P021.jpg,0.934365,29.064631,ok
EES0423687__X30__Y39__P022.jpg,0.731461,21.604016,ok
EES0423687__X30__Y3C__P023.jpg,0.714017,22.898615,ok
EES0423687__X30__Y3F__P024.jpg,0.731060,23.539434,ok
EES0423687__X30__Y42__P025.jpg,0.817471,24.008387,ok
EES0423688__X33__Y06__P001.jpg,0.902287,27.295570,ok
EES0423688__X33__Y09__P002.jpg,0.763927,22.427778,ok
EES0423688__X33__Y21__P003.jpg,0.713329,21.643578,ok
EES0423688__X33__Y42__P004.jpg,0.801597,23.859474,ok
EES0423688__X36__Y06__P005.jpg,0.885676,24.957909,ok
EES0423688__X36__Y09__P006.jpg,0.785698,22.397492,ok
EES0423688__X36__Y3C__P007.jpg,0.735909,21.995175,ok
EES0423688__X36__Y3F__P008.jpg,0.770241,22.424182,ok
EES0423688__X36__Y42__P009.jpg,0.716680,21.508000,ok
EES0423688__X39__Y06__P010.jpg,0.895325,29.178770,ok
EES0423688__X39__Y09__P011.jpg,0.885667,26.290957,ok
EES0423688__X39__Y18__P012.jpg,0.769423,23.519755,ok
EES0423688__X39__Y1B__P013.jpg,0.707302,22.102423,ok
EES0423688__X39__Y3F__P014.jpg,0.791046,21.936766,ok
EES0423688__X3C__Y09__P015.jpg,0.946730,30.651949,ok
EES0423688__X3C__Y0C__P016.jpg,0.853637,22.769829,ok
EES0423688__X3C__Y3F__P017.jpg,0.856285,25.532874,ok
EES0423688__X3F__Y09__P018.jpg,0.906203,26.893434,ok
EES0423688__X3F__Y0C__P019.jpg,0.871516,25.491276,ok
EES0423688__X3F__Y15__P020.jpg,0.748166,21.810606,ok
EES0423688__X3F__Y18__P021.jpg,0.744803,21.769978,ok
EES0423688__X3F__Y3C__P022.jpg,0.850443,24.571111,ok
EES0423688__X3F__Y3F__P023.jpg,0.969697,33.335593,ok
EES0423688__X42__Y0C__P024.jpg,0.901007,29.360307,ok
EES0423688__X42__Y0F__P025.jpg,0.909272,26.974681,ok
EES0423689__X15__Y33__P001.jpg,0.793137,23.213342,ok
EES0423689__X15__Y36__P002.jpg,0.898171,28.315836,ok
EES0423689__X18__Y0C__P003.jpg,0.901515,28.406300,ok
EES0423689__X18__Y36__P004.jpg,0.777388,23.454459,ok
EES0423689__X18__Y39__P005.jpg,0.783689,23.578832,ok
EES0423689__X1B__Y09__P006.jpg,0.962858,36.667172,ok
EES0423689__X1B__Y0C__P007.jpg,0.792896,22.747799,ok
EES0423689__X1B__Y1B__P008.jpg,0.744185,23.838497,ok
EES0423689__X1B__Y21__P009.jpg,0.677146,21.110462,ok
EES0423689__X1B__Y39__P010.jpg,0.865802,24.590088,ok
EES0423689__X1B__Y3C__P011.jpg,0.846636,25.422447,ok
EES0423689__X1E__Y09__P012.jpg,0.872856,23.197625,ok
EES0423689__X1E__Y18__P013.jpg,0.741238,23.959241,ok
EES0423689__X1E__Y1B__P014.jpg,0.736897,21.835311,ok
EES0423689__X1E__Y1E__P015.jpg,0.728472,22.144089,ok
EES0423689__X1E__Y21__P016.jpg,0.748068,23.600591,ok
EES0423689__X1E__Y24__P017.jpg,0.779843,22.863568,ok
EES0423689__X1E__Y3C__P018.jpg,0.765191,23.199004,ok
EES0423689__X1E__Y3F__P019.jpg,0.879618,27.543130,ok
EES0423689__X21__Y12__P020.jpg,0.691335,20.857734,ok
EES0423689__X21__Y15__P021.jpg,0.769792,23.587131,ok
EES0423689__X21__Y3F__P022.jpg,0.754166,22.940292,ok
EES0423689__X24__Y06__P023.jpg,0.904365,24.876393,ok
EES0423689__X24__Y15__P024.jpg,0.709927,21.904149,ok
EES0423689__X24__Y18__P025.jpg,0.718887,22.869032,ok
EES0423690__X2D__Y06__P001.jpg,0.953408,28.349045,ok
EES0423690__X36__Y3C__P002.jpg,0.915748,24.776028,ok
EES0423690__X09__Y1E__P003.jpg,0.944001,30.223585,ok
EES0423690__X09__Y21__P004.jpg,0.900643,24.843056,ok
EES0423690__X09__Y2A__P005.jpg,0.880457,25.047212,ok
EES0423690__X09__Y2D__P006.jpg,0.837561,22.513515,ok
EES0423690__X0C__Y21__P007.jpg,0.811811,24.299640,ok
EES0423690__X0C__Y24__P008.jpg,0.891654,28.115065,ok
EES0423690__X0C__Y27__P009.jpg,0.879154,23.218575,ok
EES0423690__X0C__Y2A__P010.jpg,0.872471,23.391535,ok
EES0423690__X0C__Y30__P011.jpg,0.937552,28.106502,ok
EES0423690__X0F__Y12__P012.jpg,0.832386,22.279452,ok
EES0423690__X0F__Y15__P013.jpg,0.899797,23.830267,ok
EES0423690__X0F__Y18__P014.jpg,0.852306,23.723716,ok
EES0423690__X0F__Y2D__P015.jpg,0.886196,22.962541,ok
EES0423690__X0F__Y33__P016.jpg,0.859255,23.010405,ok
EES0423690__X0F__Y36__P017.jpg,0.854365,26.038260,ok
EES0423690__X0F__Y39__P018.jpg,0.926758,25.926751,ok
EES0423690__X12__Y0F__P019.jpg,0.804120,25.556681,ok
EES0423690__X12__Y12__P020.jpg,0.797150,23.000940,ok
EES0423690__X12__Y36__P021.jpg,0.793698,22.351816,ok
EES0423690__X12__Y39__P022.jpg,0.838668,25.707529,ok
EES0423690__X15__Y0C__P023.jpg,0.864813,25.495523,ok
EES0423690__X18__Y3C__P024.jpg,0.813704,23.484527,ok
EES0423690__X18__Y3F__P025.jpg,0.854217,25.200709,ok
EES0423691__X1B__Y3F__P001.jpg,0.889760,24.657785,ok
EES0423691__X1E__Y24__P002.jpg,0.711705,21.940748,ok
EES0423691__X21__Y42__P003.jpg,0.966051,30.438460,ok
EES0423691__X24__Y06__P004.jpg,0.937728,27.787410,ok
EES0423691__X24__Y42__P005.jpg,0.900775,24.760105,ok
EES0423691__X27__Y06__P006.jpg,0.930411,26.932728,ok
EES0423691__X27__Y42__P007.jpg,0.927194,25.258595,ok
EES0423691__X2A__Y42__P008.jpg,0.911489,27.873923,ok
EES0423691__X30__Y09__P009.jpg,0.878892,25.054905,ok
EES0423691__X39__Y3C__P010.jpg,0.949481,34.359079,ok
EES0423691__X3C__Y39__P011.jpg,0.899339,23.024099,ok
EES0423691__X3F__Y36__P012.jpg,0.881307,24.942807,ok
EES0423691__X42__Y1B__P013.jpg,0.967993,26.023466,ok
EES0423691__X42__Y21__P014.jpg,0.847890,22.634267,ok
EES0423691__X42__Y27__P015.jpg,0.784560,21.844285,ok
EES0423691__X42__Y2A__P016.jpg,0.777715,21.738856,ok
EES0423691__X42__Y2D__P017.jpg,0.833796,24.365668,ok
EES0423691__X42__Y30__P018.jpg,0.944142,29.791081,ok
EES0423691__X09__Y1B__P019.jpg,0.907158,24.147637,ok
EES0423691__X09__Y1E__P020.jpg,0.898451,24.112070,ok
EES0423691__X09__Y2A__P021.jpg,0.892637,24.304522,ok
EES0423691__X09__Y2D__P022.jpg,0.950490,31.172798,ok
EES0423691__X0C__Y15__P023.jpg,0.942940,31.512370,ok
EES0423691__X0C__Y18__P024.jpg,0.807785,24.081602,ok
EES0423691__X0C__Y30__P025.jpg,0.750869,22.207064,ok
EES0423692__X0C__Y33__P001.jpg,0.963336,28.384489,ok
EES0423692__X0F__Y0F__P002.jpg,0.892769,28.096496,ok
EES0423692__X0F__Y12__P003.jpg,0.859537,28.487126,ok
EES0423692__X0F__Y15__P004.jpg,0.788920,22.833910,ok
EES0423692__X0F__Y36__P005.jpg,0.908623,27.744914,ok
EES0423692__X0F__Y45__P006.jpg,0.937924,28.868660,ok
EES0423692__X12__Y0C__P007.jpg,0.939539,30.296915,ok
EES0423692__X12__Y0F__P008.jpg,0.900922,26.973169,ok
EES0423692__X12__Y18__P009.jpg,0.766505,22.466085,ok
EES0423692__X12__Y39__P010.jpg,0.802381,23.162081,ok
EES0423692__X12__Y45__P011.jpg,0.919814,26.905578,ok
EES0423692__X15__Y0C__P012.jpg,0.870932,27.448484,ok
EES0423692__X15__Y3C__P013.jpg,0.844244,25.137794,ok
EES0423692__X15__Y3F__P014.jpg,0.915446,29.527147,ok
EES0423692__X18__Y09__P015.jpg,0.823757,23.556849,ok
EES0423692__X18__Y3C__P016.jpg,0.822795,23.644261,ok
EES0423692__X18__Y3F__P017.jpg,0.834288,25.894902,ok
EES0423692__X1B__Y06__P018.jpg,0.941931,29.186139,ok
EES0423692__X1B__Y3F__P019.jpg,0.828171,23.983766,ok
EES0423692__X1E__Y06__P020.jpg,0.852204,23.007097,ok
EES0423692__X1E__Y3F__P021.jpg,0.798068,21.923756,ok
EES0423692__X21__Y3F__P022.jpg,0.776442,23.677740,ok
EES0423692__X21__Y42__P023.jpg,0.850730,24.167012,ok
EES0423692__X24__Y3F__P024.jpg,0.815569,23.657419,ok
EES0423692__X24__Y42__P025.jpg,0.901582,25.792207,ok
EES0423693__X15__Y21__P001.jpg,0.742969,22.301040,ok
EES0423693__X15__Y24__P002.jpg,0.722090,21.186509,ok
EES0423693__X15__Y27__P003.jpg,0.796809,22.811711,ok
EES0423693__X24__Y24__P004.jpg,0.775526,21.831735,ok
EES0423693__X30__Y2D__P005.jpg,0.733919,21.686297,ok
EES0423693__X33__Y1B__P006.jpg,0.771534,22.257051,ok
EES0423693__X33__Y2A__P007.jpg,0.710059,21.866387,ok
EES0423693__X33__Y30__P008.jpg,0.737427,22.008725,ok
EES0423693__X36__Y0F__P009.jpg,0.758738,22.220705,ok
EES0423693__X36__Y27__P010.jpg,0.758549,23.420037,ok
EES0423693__X39__Y27__P011.jpg,0.781605,22.412482,ok
EES0423693__X39__Y36__P012.jpg,0.719563,21.947185,ok
EES0423693__X39__Y39__P013.jpg,0.742317,21.866597,ok
EES0423693__X3C__Y1B__P014.jpg,0.729443,21.846809,ok
EES0423693__X3C__Y1E__P015.jpg,0.724675,21.873848,ok
EES0423693__X3C__Y3C__P016.jpg,0.769536,21.763324,ok
EES0423693__X3F__Y18__P017.jpg,0.758344,21.748403,ok
EES0423693__X3F__Y1B__P018.jpg,0.748129,21.758814,ok
EES0423693__X3F__Y1E__P019.jpg,0.728267,22.668408,ok
EES0423693__X3F__Y24__P020.jpg,0.758033,22.043295,ok
EES0423693__X42__Y0F__P021.jpg,0.887069,22.855702,ok
EES0423693__X12__Y36__P022.jpg,0.909483,24.603120,ok
EES0423693__X15__Y33__P023.jpg,0.879077,23.626718,ok
EES0423693__X15__Y39__P024.jpg,0.908028,24.249359,ok
EES0423693__X18__Y33__P025.jpg,0.852825,22.529025,ok
EES0423694__X18__Y39__P001.jpg,0.890145,22.739619,ok
EES0423694__X1B__Y3F__P002.jpg,0.953697,31.440617,ok
EES0423694__X1E__Y3F__P003.jpg,0.905696,23.975532,ok
EES0423694__X2A__Y3C__P004.jpg,0.846959,22.696289,ok
EES0423694__X36__Y0C__P005.jpg,0.946746,29.949916,ok
EES0423694__X36__Y39__P006.jpg,0.906244,30.000707,ok
EES0423694__X39__Y0F__P007.jpg,0.944086,26.950592,ok
EES0423694__X39__Y36__P008.jpg,0.859087,22.737784,ok
EES0423694__X3C__Y33__P009.jpg,0.938551,29.618307,ok
EES0423694__X3F__Y1B__P010.jpg,0.863820,22.478017,ok
EES0423694__X3F__Y2A__P011.jpg,0.853608,23.484469,ok
EES0423694__X3F__Y2D__P012.jpg,0.909880,24.884818,ok
EES0423694__X48__Y24__P013.jpg,0.934813,26.081939,ok
EES0423694__X48__Y27__P014.jpg,0.953454,28.589872,ok
EES0423694__X0F__Y21__P015.jpg,0.881300,26.777116,ok
EES0423694__X0F__Y24__P016.jpg,0.875138,24.480770,ok
EES0423694__X0F__Y27__P017.jpg,0.867831,25.495386,ok
EES0423694__X0F__Y2A__P018.jpg,0.849280,25.130403,ok
EES0423694__X0F__Y2D__P019.jpg,0.953647,29.968540,ok
EES0423694__X12__Y18__P020.jpg,0.863131,25.517066,ok
EES0423694__X12__Y24__P021.jpg,0.791403,25.359144,ok
EES0423694__X12__Y27__P022.jpg,0.790321,24.794939,ok
EES0423694__X12__Y2A__P023.jpg,0.841919,25.586921,ok
EES0423694__X12__Y2D__P024.jpg,0.793351,25.171181,ok
EES0423694__X12__Y30__P025.jpg,0.837551,25.582594,ok
EES0423695__X12__Y33__P001.jpg,0.882097,26.804673,ok
EES0423695__X15__Y18__P002.jpg,0.777832,22.321063,ok
EES0423695__X15__Y1B__P003.jpg,0.667122,20.708999,ok
EES0423695__X15__Y33__P004.jpg,0.774481,24.447575,ok
EES0423695__X15__Y36__P005.jpg,0.807384,25.520942,ok
EES0423695__X15__Y39__P006.jpg,0.971734,32.902086,ok
EES0423695__X18__Y39__P007.jpg,0.783104,25.583297,ok
EES0423695__X1B__Y3C__P008.jpg,0.812643,23.400402,ok
EES0423695__X1E__Y09__P009.jpg,0.927508,31.230333,ok
EES0423695__X1E__Y0C__P010.jpg,0.785091,23.648283,ok
EES0423695__X1E__Y3C__P011.jpg,0.742952,23.146053,ok
EES0423695__X1E__Y3F__P012.jpg,0.934313,26.794483,ok
EES0423695__X21__Y09__P013.jpg,0.865288,26.927626,ok
EES0423695__X21__Y0C__P014.jpg,0.751173,22.238707,ok
EES0423695__X21__Y3F__P015.jpg,0.849781,26.842016,ok
EES0423695__X24__Y09__P016.jpg,0.837919,23.640914,ok
EES0423695__X24__Y3F__P017.jpg,0.776511,23.812173,ok
EES0423695__X24__Y42__P018.jpg,0.909241,26.774415,ok
EES0423695__X27__Y42__P019.jpg,0.901025,26.219615,ok
EES0423695__X2A__Y06__P020.jpg,0.856266,22.977193,ok
EES0423695__X2A__Y42__P021.jpg,0.924270,27.353388,ok
EES0423695__X2D__Y06__P022.jpg,0.904239,25.694796,ok
EES0423695__X2D__Y42__P023.jpg,0.840305,24.570084,ok
EES0423695__X30__Y06__P024.jpg,0.955419,27.227118,ok
EES0423695__X30__Y42__P025.jpg,0.908331,27.991255,ok
EES0423696__X33__Y06__P001.jpg,0.950633,30.941876,ok
EES0423696__X33__Y42__P002.jpg,0.897372,26.952196,ok
EES0423696__X39__Y09__P003.jpg,0.811671,23.293542,ok
EES0423696__X39__Y3F__P004.jpg,0.860056,27.124107,ok
EES0423696__X3C__Y09__P005.jpg,0.962456,34.788924,ok
EES0423696__X3C__Y0C__P006.jpg,0.730650,21.803453,ok
EES0423696__X3C__Y3C__P007.jpg,0.845687,24.697587,ok
EES0423696__X3C__Y3F__P008.jpg,0.916681,26.028815,ok
EES0423696__X3F__Y0C__P009.jpg,0.890283,27.167059,ok
EES0423696__X3F__Y0F__P010.jpg,0.688634,21.203309,ok
EES0423696__X3F__Y3C__P011.jpg,0.897396,28.251226,ok
EES0423696__X42__Y0F__P012.jpg,0.844962,23.753928,ok
EES0423696__X42__Y39__P013.jpg,0.848665,25.900178,ok
EES0423696__X42__Y45__P014.jpg,0.928331,32.691013,ok
EES0423696__X45__Y12__P015.jpg,0.848336,23.509678,ok
EES0423696__X45__Y33__P016.jpg,0.813983,22.432288,ok
EES0423696__X45__Y36__P017.jpg,0.901103,24.418752,ok
EES0423696__X48__Y18__P018.jpg,0.894552,24.265708,ok
EES0423696__X48__Y1B__P019.jpg,0.868827,26.425164,ok
EES0423696__X48__Y27__P020.jpg,0.716535,21.465576,ok
EES0423696__X48__Y2A__P021.jpg,0.728736,22.579690,ok
EES0423696__X48__Y2D__P022.jpg,0.783973,22.648926,ok
EES0423696__X48__Y30__P023.jpg,0.830690,24.680165,ok
EES0423696__X48__Y3F__P024.jpg,0.927777,26.269864,ok
EES0423696__X48__Y42__P025.jpg,0.943037,28.061120,ok
EES0423697__X09__Y18__P001.jpg,0.908983,25.004032,ok
EES0423697__X09__Y1B__P002.jpg,0.941211,27.888841,ok
EES0423697__X09__Y1E__P003.jpg,0.833559,25.287551,ok
EES0423697__X0C__Y12__P004.jpg,0.855134,25.595490,ok
EES0423697__X0C__Y18__P005.jpg,0.793427,23.635942,ok
EES0423697__X0C__Y1B__P006.jpg,0.794509,22.625256,ok
EES0423697__X0C__Y1E__P007.jpg,0.830841,24.630010,ok
EES0423697__X0C__Y21__P008.jpg,0.901577,26.742193,ok
EES0423697__X0C__Y24__P009.jpg,0.857766,25.961168,ok
EES0423697__X0C__Y27__P010.jpg,0.890470,25.365047,ok
EES0423697__X0C__Y2A__P011.jpg,0.889324,27.468018,ok
EES0423697__X0F__Y0C__P012.jpg,0.896326,27.539771,ok
EES0423697__X0F__Y0F__P013.jpg,0.759838,21.637473,ok
EES0423697__X0F__Y2A__P014.jpg,0.907594,24.696818,ok
EES0423697__X0F__Y2D__P015.jpg,0.901850,23.956157,ok
EES0423697__X12__Y09__P016.jpg,0.919567,29.205086,ok
EES0423697__X12__Y27__P017.jpg,0.811420,22.932996,ok
EES0423697__X12__Y2A__P018.jpg,0.801054,23.613076,ok
EES0423697__X12__Y2D__P019.jpg,0.876011,26.176895,ok
EES0423697__X12__Y30__P020.jpg,0.941998,30.721525,ok
EES0423697__X15__Y06__P021.jpg,0.881016,26.237507,ok
EES0423697__X15__Y30__P022.jpg,0.795893,22.657454,ok
EES0423697__X18__Y36__P023.jpg,0.928818,31.934455,ok
EES0423697__X1B__Y03__P024.jpg,0.867664,23.350933,ok
EES0423697__X1B__Y21__P025.jpg,0.701170,22.028288,ok
EES0423698__X1B__Y33__P001.jpg,0.788194,24.142135,ok
EES0423698__X1B__Y36__P002.jpg,0.714208,21.382798,ok
EES0423698__X1B__Y39__P003.jpg,0.821581,25.513591,ok
EES0423698__X1E__Y03__P004.jpg,0.725897,22.160052,ok
EES0423698__X1E__Y1B__P005.jpg,0.737609,23.376666,ok
EES0423698__X1E__Y24__P006.jpg,0.692210,22.006639,ok
EES0423698__X1E__Y27__P007.jpg,0.804954,25.521584,ok
EES0423698__X1E__Y2A__P008.jpg,0.820319,23.697448,ok
EES0423698__X1E__Y36__P009.jpg,0.798114,24.703081,ok
EES0423698__X1E__Y39__P010.jpg,0.876840,25.438616,ok
EES0423698__X21__Y1B__P011.jpg,0.700691,22.283104,ok
EES0423698__X21__Y1E__P012.jpg,0.729382,22.296279,ok
EES0423698__X21__Y2D__P013.jpg,0.736583,22.819165,ok
EES0423698__X21__Y39__P014.jpg,0.849040,24.388221,ok
EES0423698__X24__Y18__P015.jpg,0.800353,25.024172,ok
EES0423698__X24__Y2A__P016.jpg,0.737215,21.930287,ok
EES0423698__X24__Y2D__P017.jpg,0.825600,26.247509,ok
EES0423698__X27__Y1B__P018.jpg,0.742405,23.943688,ok
EES0423698__X27__Y2D__P019.jpg,0.773867,23.441802,ok
EES0423698__X27__Y3C__P020.jpg,0.958070,30.807414,ok
EES0423698__X2A__Y1B__P021.jpg,0.765211,24.153445,ok
EES0423698__X2A__Y3C__P022.jpg,0.899369,28.738640,ok
EES0423698__X2D__Y03__P023.jpg,0.736402,21.802608,ok
EES0423698__X2D__Y1B__P024.jpg,0.745807,23.677710,ok
EES0423698__X2D__Y1E__P025.jpg,0.727517,21.966143,ok
EES0423699__X2D__Y24__P001.jpg,0.706482,23.195966,ok
EES0423699__X2D__Y2A__P002.jpg,0.758966,22.611015,ok
EES0423699__X2D__Y30__P003.jpg,0.718435,21.510390,ok
EES0423699__X2D__Y3C__P004.jpg,0.942865,30.256069,ok
EES0423699__X30__Y03__P005.jpg,0.837443,25.392934,ok
EES0423699__X30__Y21__P006.jpg,0.692967,20.912248,ok
EES0423699__X30__Y2A__P007.jpg,0.834733,24.515935,ok
EES0423699__X30__Y33__P008.jpg,0.764727,22.058427,ok
EES0423699__X33__Y1E__P009.jpg,0.756629,23.617577,ok
EES0423699__X33__Y24__P010.jpg,0.771831,23.069752,ok
EES0423699__X33__Y39__P011.jpg,0.887042,27.509389,ok
EES0423699__X36__Y06__P012.jpg,0.924550,28.796214,ok
EES0423699__X39__Y33__P013.jpg,0.739486,23.890962,ok
EES0423699__X3C__Y33__P014.jpg,0.962082,34.129366,ok
EES0423699__X42__Y15__P015.jpg,0.944753,31.066719,ok
EES0423699__X42__Y18__P016.jpg,0.781442,23.936169,ok
EES0423699__X42__Y1E__P017.jpg,0.806025,22.068617,ok
EES0423699__X42__Y24__P018.jpg,0.847633,22.592416,ok
EES0423699__X42__Y2A__P019.jpg,0.918566,33.279843,ok
EES0423699__X48__Y30__P020.jpg,0.963742,37.546356,ok
EES0423699__X06__Y39__P021.jpg,0.918869,29.401946,ok
EES0423699__X06__Y3C__P022.jpg,0.912851,29.053335,ok
EES0423699__X09__Y3F__P023.jpg,0.913341,26.970294,ok
EES0423699__X09__Y42__P024.jpg,0.941160,31.018995,ok
EES0423699__X0C__Y42__P025.jpg,0.913407,28.696913,ok
EES0423700__X0C__Y45__P001.jpg,0.926340,28.186168,ok
EES0423700__X0F__Y18__P002.jpg,0.849160,22.891464,ok
EES0423700__X0F__Y1B__P003.jpg,0.900159,25.348511,ok
EES0423700__X0F__Y27__P004.jpg,0.858096,23.774505,ok
EES0423700__X0F__Y2A__P005.jpg,0.842771,25.038819,ok
EES0423700__X0F__Y2D__P006.jpg,0.832689,24.447621,ok
EES0423700__X0F__Y30__P007.jpg,0.838309,24.826533,ok
EES0423700__X0F__Y45__P008.jpg,0.936999,26.756817,ok
EES0423700__X12__Y1B__P009.jpg,0.810953,22.063703,ok
EES0423700__X12__Y1E__P010.jpg,0.774881,22.806614,ok
EES0423700__X12__Y24__P011.jpg,0.782049,22.335018,ok
EES0423700__X12__Y27__P012.jpg,0.788026,22.986973,ok
EES0423700__X12__Y2A__P013.jpg,0.825802,24.920956,ok
EES0423700__X12__Y2D__P014.jpg,0.805551,22.850023,ok
EES0423700__X12__Y30__P015.jpg,0.758117,22.667024,ok
EES0423700__X12__Y33__P016.jpg,0.814600,24.743092,ok
EES0423700__X12__Y45__P017.jpg,0.870926,25.132343,ok
EES0423700__X15__Y1B__P018.jpg,0.709919,22.137170,ok
EES0423700__X15__Y1E__P019.jpg,0.813980,24.091232,ok
EES0423700__X15__Y2A__P020.jpg,0.707721,22.159026,ok
EES0423700__X15__Y36__P021.jpg,0.791788,23.338001,ok
EES0423700__X18__Y1E__P022.jpg,0.744517,23.091959,ok
EES0423700__X18__Y21__P023.jpg,0.708821,21.300749,ok
EES0423700__X18__Y24__P024.jpg,0.697915,22.759377,ok
EES0423700__X18__Y39__P025.jpg,0.767739,22.821353,ok
EES0423701__X1B__Y1E__P001.jpg,0.751042,23.233586,ok
EES0423701__X1E__Y3F__P002.jpg,0.811459,23.859833,ok
EES0423701__X21__Y3F__P003.jpg,0.765060,21.603117,ok
EES0423701__X24__Y42__P004.jpg,0.826767,23.417142,ok
EES0423701__X27__Y42__P005.jpg,0.820556,26.191935,ok
EES0423701__X2A__Y15__P006.jpg,0.694663,21.705043,ok
EES0423701__X2A__Y42__P007.jpg,0.779824,24.033595,ok
EES0423701__X2D__Y2D__P008.jpg,0.689495,22.978023,ok
EES0423701__X2D__Y3F__P009.jpg,0.742168,22.475966,ok
EES0423701__X2D__Y42__P010.jpg,0.799193,23.603713,ok
EES0423701__X30__Y09__P011.jpg,0.797082,23.101293,ok
EES0423701__X30__Y0F__P012.jpg,0.751198,23.660334,ok
EES0423701__X30__Y15__P013.jpg,0.717783,22.008788,ok
EES0423701__X30__Y1B__P014.jpg,0.730326,22.621090,ok
EES0423701__X30__Y2A__P015.jpg,0.724028,23.518010,ok
EES0423701__X30__Y36__P016.jpg,0.739020,21.663643,ok
EES0423701__X30__Y39__P017.jpg,0.732339,22.582456,ok
EES0423701__X30__Y3F__P018.jpg,0.750366,24.156673,ok
EES0423701__X30__Y42__P019.jpg,0.800550,23.936508,ok
EES0423701__X33__Y09__P020.jpg,0.889212,24.908334,ok
EES0423701__X33__Y3C__P021.jpg,0.752600,23.013315,ok
EES0423701__X33__Y3F__P022.jpg,0.715304,22.439777,ok
EES0423701__X33__Y42__P023.jpg,0.868763,27.169891,ok
EES0423701__X36__Y3C__P024.jpg,0.734469,23.181372,ok
EES0423701__X36__Y3F__P025.jpg,0.786987,23.673062,ok
EES0423702__X39__Y09__P001.jpg,0.912557,25.593665,ok
EES0423702__X39__Y0C__P002.jpg,0.794732,22.163011,ok
EES0423702__X39__Y1E__P003.jpg,0.731971,22.721453,ok
EES0423702__X39__Y3C__P004.jpg,0.724557,22.594337,ok
EES0423702__X39__Y3F__P005.jpg,0.859491,23.910310,ok
EES0423702__X3C__Y1E__P006.jpg,0.708467,22.018162,ok
EES0423702__X3C__Y3C__P007.jpg,0.758798,23.350939,ok
EES0423702__X3F__Y12__P008.jpg,0.794034,23.758872,ok
EES0423702__X3F__Y15__P009.jpg,0.776594,22.145182,ok
EES0423702__X3F__Y30__P010.jpg,0.741016,22.077446,ok
EES0423702__X3F__Y36__P011.jpg,0.736585,21.285258,ok
EES0423702__X3F__Y39__P012.jpg,0.818823,24.059693,ok
EES0423702__X42__Y12__P013.jpg,0.855262,22.739206,ok
EES0423702__X42__Y15__P014.jpg,0.843488,24.494307,ok
EES0423702__X42__Y18__P015.jpg,0.799421,23.286065,ok
EES0423702__X42__Y2D__P016.jpg,0.751175,23.325522,ok
EES0423702__X42__Y30__P017.jpg,0.783756,24.747253,ok
EES0423702__X42__Y33__P018.jpg,0.754084,21.943361,ok
EES0423702__X42__Y45__P019.jpg,0.921022,28.691097,ok
EES0423702__X45__Y45__P020.jpg,0.919570,30.423208,ok
EES0423702__X12__Y1B__P021.jpg,0.942997,28.072551,ok
EES0423702__X12__Y24__P022.jpg,0.751533,22.594340,ok
EES0423702__X12__Y33__P023.jpg,0.938938,30.929431,ok
EES0423702__X15__Y36__P024.jpg,0.882558,28.135119,ok
EES0423702__X18__Y39__P025.jpg,0.912359,27.919961,ok
EES0423703__X1B__Y1E__P001.jpg,0.721195,21.332793,ok
EES0423703__X1E__Y09__P002.jpg,0.937347,29.751544,ok
EES0423703__X21__Y0F__P003.jpg,0.748303,21.781370,ok
EES0423703__X24__Y06__P004.jpg,0.956030,27.741959,ok
EES0423703__X27__Y06__P005.jpg,0.912195,23.966883,ok
EES0423703__X30__Y06__P006.jpg,0.909644,29.407708,ok
EES0423703__X36__Y09__P007.jpg,0.801869,21.883535,ok
EES0423703__X36__Y3F__P008.jpg,0.878429,23.549540,ok
EES0423703__X39__Y09__P009.jpg,0.915231,26.600885,ok
EES0423703__X39__Y3F__P010.jpg,0.955293,29.644077,ok
EES0423703__X3C__Y3C__P011.jpg,0.898957,25.343728,ok
EES0423703__X42__Y36__P012.jpg,0.895283,25.308886,ok
EES0423703__X48__Y18__P013.jpg,0.953559,31.335745,ok
EES0423703__X48__Y1E__P014.jpg,0.909016,25.451026,ok
EES0423703__X48__Y21__P015.jpg,0.898829,25.657829,ok
EES0423703__X48__Y24__P016.jpg,0.907846,25.113005,ok
EES0423703__X48__Y27__P017.jpg,0.901671,24.875905,ok
EES0423703__X48__Y2A__P018.jpg,0.905449,24.658329,ok
EES0423703__X48__Y2D__P019.jpg,0.849452,22.273310,ok
EES0423703__X48__Y30__P020.jpg,0.912307,24.121550,ok
EES0423703__X12__Y18__P021.jpg,0.753678,23.025904,ok
EES0423703__X12__Y1E__P022.jpg,0.783569,22.471193,ok
EES0423703__X18__Y09__P023.jpg,0.895585,27.069460,ok
EES0423703__X18__Y1E__P024.jpg,0.793785,23.199774,ok
EES0423703__X18__Y21__P025.jpg,0.830332,25.998131,ok
EES0423704__X1B__Y0C__P001.jpg,0.809642,23.541328,ok
EES0423704__X1B__Y0F__P002.jpg,0.889716,26.785200,ok
EES0423704__X1B__Y18__P003.jpg,0.861209,24.254733,ok
EES0423704__X1B__Y1B__P004.jpg,0.830963,25.779735,ok
EES0423704__X1B__Y1E__P005.jpg,0.809049,24.961050,ok
EES0423704__X1B__Y21__P006.jpg,0.819403,24.787658,ok
EES0423704__X1B__Y27__P007.jpg,0.870093,25.870884,ok
EES0423704__X1E__Y06__P008.jpg,0.841441,26.007246,ok
EES0423704__X1E__Y0C__P009.jpg,0.852978,24.515833,ok
EES0423704__X1E__Y0F__P010.jpg,0.786326,23.974001,ok
EES0423704__X1E__Y12__P011.jpg,0.775196,24.044597,ok
EES0423704__X1E__Y15__P012.jpg,0.833440,23.479123,ok
EES0423704__X1E__Y1B__P013.jpg,0.779224,23.117434,ok
EES0423704__X1E__Y1E__P014.jpg,0.807339,23.538391,ok
EES0423704__X1E__Y21__P015.jpg,0.706927,22.013794,ok
EES0423704__X1E__Y24__P016.jpg,0.753353,23.448578,ok
EES0423704__X1E__Y27__P017.jpg,0.777503,22.917589,ok
EES0423704__X1E__Y2A__P018.jpg,0.769694,22.767880,ok
EES0423704__X21__Y09__P019.jpg,0.804045,24.202642,ok
EES0423704__X21__Y0C__P020.jpg,0.849971,25.955611,ok
EES0423704__X21__Y0F__P021.jpg,0.794154,23.278914,ok
EES0423704__X21__Y12__P022.jpg,0.860858,25.474205,ok
EES0423704__X21__Y15__P023.jpg,0.833032,24.546281,ok
EES0423704__X21__Y18__P024.jpg,0.947277,29.546527,ok
EES0423704__X21__Y2A__P025.jpg,0.796544,25.084835,ok
EES0423705__X21__Y30__P001.jpg,0.882400,28.533220,ok
EES0423705__X24__Y0C__P002.jpg,0.743176,23.673871,ok
EES0423705__X24__Y12__P003.jpg,0.838316,25.238558,ok
EES0423705__X24__Y15__P004.jpg,0.692833,22.903875,ok
EES0423705__X24__Y18__P005.jpg,0.785210,24.845956,ok
EES0423705__X24__Y2A__P006.jpg,0.811188,24.125436,ok
EES0423705__X24__Y2D__P007.jpg,0.818490,23.317728,ok
EES0423705__X27__Y06__P008.jpg,0.876601,26.342742,ok
EES0423705__X27__Y2A__P009.jpg,0.775142,23.408191,ok
EES0423705__X27__Y2D__P010.jpg,0.851030,26.392050,ok
EES0423705__X2A__Y18__P011.jpg,0.724201,23.973281,ok
EES0423705__X2A__Y1B__P012.jpg,0.755475,24.172251,ok
EES0423705__X2D__Y09__P013.jpg,0.882372,28.384939,ok
EES0423705__X2D__Y0C__P014.jpg,0.764048,23.749477,ok
EES0423705__X2D__Y12__P015.jpg,0.758253,22.844590,ok
EES0423705__X2D__Y1B__P016.jpg,0.867796,25.349034,ok
EES0423705__X2D__Y1E__P017.jpg,0.725323,22.729847,ok
EES0423705__X2D__Y21__P018.jpg,0.775231,21.911527,ok
EES0423705__X2D__Y24__P019.jpg,0.760707,23.506531,ok
EES0423705__X2D__Y2A__P020.jpg,0.833801,23.161294,ok
EES0423705__X30__Y06__P021.jpg,0.807664,22.524492,ok
EES0423705__X30__Y09__P022.jpg,0.833714,23.837787,ok
EES0423705__X30__Y12__P023.jpg,0.803774,23.617715,ok
EES0423705__X30__Y18__P024.jpg,0.767706,21.969862,ok
EES0423705__X30__Y1B__P025.jpg,0.750389,23.426036,ok
EES0423706__X30__Y1E__P001.jpg,0.830755,23.711862,ok
EES0423706__X30__Y21__P002.jpg,0.736860,23.186338,ok
EES0423706__X30__Y24__P003.jpg,0.772322,22.335527,ok
EES0423706__X30__Y2A__P004.jpg,0.753071,23.334912,ok
EES0423706__X33__Y06__P005.jpg,0.874178,22.767479,ok
EES0423706__X33__Y09__P006.jpg,0.894757,25.306384,ok
EES0423706__X33__Y0C__P007.jpg,0.843351,22.978210,ok
EES0423706__X33__Y1E__P008.jpg,0.723948,22.378492,ok
EES0423706__X36__Y06__P009.jpg,0.961399,30.737990,ok
EES0423706__X36__Y09__P010.jpg,0.855677,24.525128,ok
EES0423706__X36__Y0C__P011.jpg,0.774806,22.667468,ok
EES0423706__X36__Y0F__P012.jpg,0.780485,23.826853,ok
EES0423706__X36__Y1E__P013.jpg,0.777845,21.963027,ok
EES0423706__X39__Y09__P014.jpg,0.826927,24.806439,ok
EES0423706__X3C__Y0C__P015.jpg,0.851257,23.667544,ok
EES0423706__X3F__Y0F__P016.jpg,0.884821,24.622611,ok
EES0423706__X3F__Y12__P017.jpg,0.926718,26.305355,ok
EES0423706__X3F__Y15__P018.jpg,0.790409,23.896953,ok
EES0423706__X42__Y15__P019.jpg,0.893865,25.457073,ok
EES0423706__X0F__Y1B__P020.jpg,0.925930,30.242008,ok
EES0423706__X0F__Y27__P021.jpg,0.910581,24.466316,ok
EES0423706__X0F__Y2A__P022.jpg,0.889311,26.775251,ok
EES0423706__X12__Y12__P023.jpg,0.861228,25.413812,ok
EES0423706__X12__Y15__P024.jpg,0.803426,24.786355,ok
EES0423706__X12__Y18__P025.jpg,0.692824,22.323072,ok
EES0423707__X12__Y1B__P001.jpg,0.736814,22.517412,ok
EES0423707__X12__Y1E__P002.jpg,0.741745,23.146832,ok
EES0423707__X12__Y27__P003.jpg,0.750847,22.803647,ok
EES0423707__X12__Y2A__P004.jpg,0.776392,26.344052,ok
EES0423707__X12__Y2D__P005.jpg,0.809510,24.654536,ok
EES0423707__X12__Y30__P006.jpg,0.836735,26.718352,ok
EES0423707__X15__Y0F__P007.jpg,0.815668,25.902295,ok
EES0423707__X15__Y18__P008.jpg,0.693142,21.939645,ok
EES0423707__X15__Y27__P009.jpg,0.695750,22.334850,ok
EES0423707__X15__Y2A__P010.jpg,0.733175,23.839267,ok
EES0423707__X18__Y09__P011.jpg,0.911074,27.398804,ok
EES0423707__X18__Y0F__P012.jpg,0.752694,22.377171,ok
EES0423707__X18__Y2A__P013.jpg,0.754636,21.470752,ok
EES0423707__X18__Y36__P014.jpg,0.833943,25.846711,ok
EES0423707__X1B__Y39__P015.jpg,0.878525,27.872279,ok
EES0423707__X21__Y3F__P016.jpg,0.945749,29.706287,ok
EES0423707__X2A__Y03__P017.jpg,0.809613,24.212767,ok
EES0423707__X2D__Y03__P018.jpg,0.866794,24.451072,ok
EES0423707__X2D__Y3F__P019.jpg,0.804496,22.406804,ok
EES0423707__X30__Y03__P020.jpg,0.911332,27.101985,ok
EES0423707__X33__Y06__P021.jpg,0.758306,22.781997,ok
EES0423707__X33__Y3C__P022.jpg,0.814699,24.533475,ok
EES0423707__X36__Y06__P023.jpg,0.813980,26.049681,ok
EES0423707__X36__Y09__P024.jpg,0.681663,20.913056,ok
EES0423707__X36__Y0C__P025.jpg,0.743963,23.007204,ok
EES0423708__X36__Y12__P001.jpg,0.730097,21.273655,ok
EES0423708__X39__Y06__P002.jpg,0.949481,33.061424,ok
EES0423708__X39__Y0C__P003.jpg,0.736537,22.303149,ok
EES0423708__X3C__Y09__P004.jpg,0.835318,23.905978,ok
EES0423708__X3C__Y0F__P005.jpg,0.771504,22.957930,ok
EES0423708__X3C__Y36__P006.jpg,0.844744,25.600587,ok
EES0423708__X3C__Y39__P007.jpg,0.926638,29.858853,ok
EES0423708__X3F__Y0C__P008.jpg,0.763132,22.605456,ok
EES0423708__X3F__Y2A__P009.jpg,0.755869,22.721656,ok
EES0423708__X3F__Y2D__P010.jpg,0.721432,21.959797,ok
EES0423708__X3F__Y30__P011.jpg,0.726694,22.018915,ok
EES0423708__X3F__Y33__P012.jpg,0.762431,22.375141,ok
EES0423708__X3F__Y36__P013.jpg,0.819184,22.806403,ok
EES0423708__X42__Y0F__P014.jpg,0.896239,27.139312,ok
EES0423708__X42__Y12__P015.jpg,0.863613,26.174591,ok
EES0423708__X42__Y15__P016.jpg,0.742673,22.803653,ok
EES0423708__X42__Y24__P017.jpg,0.698711,21.542816,ok
EES0423708__X42__Y27__P018.jpg,0.734887,22.378850,ok
EES0423708__X42__Y2A__P019.jpg,0.799759,23.749088,ok
EES0423708__X42__Y2D__P020.jpg,0.885469,28.078409,ok
EES0423708__X45__Y12__P021.jpg,0.902818,26.826698,ok
EES0423708__X45__Y15__P022.jpg,0.859217,26.054145,ok
EES0423708__X45__Y18__P023.jpg,0.858098,25.009294,ok
EES0423708__X45__Y1B__P024.jpg,0.886988,25.803935,ok
EES0423708__X45__Y1E__P025.jpg,0.868461,23.675350,ok
EES0423709__X45__Y21__P001.jpg,0.828890,24.256371,ok
EES0423709__X45__Y24__P002.jpg,0.791641,24.050748,ok
EES0423709__X45__Y27__P003.jpg,0.887560,27.430941,ok
EES0423709__X45__Y2A__P004.jpg,0.890066,25.779891,ok
EES0423709__X45__Y2D__P005.jpg,0.889286,24.325256,ok
EES0423709__X48__Y18__P006.jpg,0.915393,26.152380,ok
EES0423709__X48__Y1B__P007.jpg,0.932946,27.285176,ok
EES0423709__X48__Y1E__P008.jpg,0.873972,23.764633,ok
EES0423709__X48__Y21__P009.jpg,0.832841,22.556874,ok
EES0423709__X48__Y24__P010.jpg,0.914476,25.453965,ok
EES0423709__X48__Y27__P011.jpg,0.889140,27.096652,ok
EES0423709__X48__Y2A__P012.jpg,0.939754,28.865638,ok
EES0423709__X09__Y1B__P013.jpg,0.888913,23.650696,ok
EES0423709__X09__Y1E__P014.jpg,0.886014,26.290417,ok
EES0423709__X09__Y21__P015.jpg,0.770650,23.006097,ok
EES0423709__X09__Y24__P016.jpg,0.839506,25.043132,ok
EES0423709__X09__Y27__P017.jpg,0.857572,23.213523,ok
EES0423709__X09__Y2A__P018.jpg,0.891081,24.732455,ok
EES0423709__X09__Y2D__P019.jpg,0.887057,24.547896,ok
EES0423709__X09__Y30__P020.jpg,0.851885,22.846289,ok
EES0423709__X0C__Y18__P021.jpg,0.841565,23.898478,ok
EES0423709__X0C__Y1B__P022.jpg,0.859628,25.375733,ok
EES0423709__X0C__Y1E__P023.jpg,0.830597,23.938763,ok
EES0423709__X0C__Y21__P024.jpg,0.820291,23.869224,ok
EES0423709__X0C__Y24__P025.jpg,0.825651,23.991069,ok
EES0423710__X0C__Y27__P001.jpg,0.869446,25.116835,ok
EES0423710__X0C__Y2A__P002.jpg,0.769757,23.875563,ok
EES0423710__X0C__Y2D__P003.jpg,0.817025,26.014292,ok
EES0423710__X0C__Y30__P004.jpg,0.862201,24.560489,ok
EES0423710__X0C__Y33__P005.jpg,0.944972,33.115703,ok
EES0423710__X0F__Y15__P006.jpg,0.835381,26.344966,ok
EES0423710__X0F__Y36__P007.jpg,0.734140,23.247932,ok
EES0423710__X0F__Y39__P008.jpg,0.958828,33.236541,ok
EES0423710__X12__Y0F__P009.jpg,0.846006,24.833650,ok
EES0423710__X12__Y12__P010.jpg,0.847049,24.059026,ok
EES0423710__X12__Y39__P011.jpg,0.860233,23.852508,ok
EES0423710__X12__Y3C__P012.jpg,0.953816,35.231367,ok
EES0423710__X15__Y0C__P013.jpg,0.890574,26.577163,ok
EES0423710__X15__Y3C__P014.jpg,0.818483,24.331512,ok
EES0423710__X18__Y09__P015.jpg,0.905810,26.064200,ok
EES0423710__X18__Y0C__P016.jpg,0.752722,22.971506,ok
EES0423710__X18__Y3F__P017.jpg,0.949055,29.058699,ok
EES0423710__X1B__Y06__P018.jpg,0.940376,27.059427,ok
EES0423710__X1B__Y09__P019.jpg,0.934464,27.297878,ok
EES0423710__X1B__Y3F__P020.jpg,0.779450,23.951663,ok
EES0423710__X1E__Y06__P021.jpg,0.840767,23.987640,ok
EES0423710__X1E__Y09__P022.jpg,0.817206,22.432609,ok
EES0423710__X1E__Y3F__P023.jpg,0.659706,21.129284,ok
EES0423710__X21__Y06__P024.jpg,0.895152,24.158147,ok
EES0423710__X21__Y2D__P025.jpg,0.839168,23.233262,ok
EES0423711__X21__Y42__P001.jpg,0.886510,26.493934,ok
EES0423711__X24__Y06__P002.jpg,0.824498,22.458935,ok
EES0423711__X24__Y42__P003.jpg,0.879187,23.474376,ok
EES0423711__X27__Y06__P004.jpg,0.837835,24.527026,ok
EES0423711__X27__Y42__P005.jpg,0.863552,24.475003,ok
EES0423711__X2A__Y06__P006.jpg,0.866484,23.454134,ok
EES0423711__X2A__Y42__P007.jpg,0.877478,23.342423,ok
EES0423711__X2D__Y06__P008.jpg,0.966185,28.227871,ok
EES0423711__X2D__Y42__P009.jpg,0.924432,26.482568,ok
EES0423711__X30__Y06__P010.jpg,0.954583,33.482264,ok
EES0423711__X30__Y3F__P011.jpg,0.689288,20.835690,ok
EES0423711__X33__Y3F__P012.jpg,0.916541,26.558807,ok
EES0423711__X36__Y09__P013.jpg,0.907514,26.955094,ok
EES0423711__X36__Y0C__P014.jpg,0.793693,21.936018,ok
EES0423711__X36__Y3C__P015.jpg,0.761144,22.163860,ok
EES0423711__X39__Y09__P016.jpg,0.957768,30.442740,ok
EES0423711__X39__Y0C__P017.jpg,0.909842,25.443396,ok
EES0423711__X39__Y3C__P018.jpg,0.891387,23.690704,ok
EES0423711__X3C__Y0F__P019.jpg,0.884194,24.932632,ok
EES0423711__X3C__Y39__P020.jpg,0.944593,31.042455,ok
EES0423711__X3F__Y12__P021.jpg,0.908717,28.153948,ok
EES0423711__X3F__Y15__P022.jpg,0.887846,25.824649,ok
EES0423711__X3F__Y36__P023.jpg,0.915804,34.449382,ok
EES0423711__X42__Y18__P024.jpg,0.904377,26.247508,ok
EES0423711__X42__Y1E__P025.jpg,0.790761,23.060009,ok
EES0423712__X42__Y2A__P001.jpg,0.782266,22.419211,ok
EES0423712__X42__Y2D__P002.jpg,0.821544,25.361259,ok
EES0423712__X42__Y30__P003.jpg,0.906278,28.107003,ok
EES0423712__X45__Y1E__P004.jpg,0.946172,28.250097,ok
EES0423712__X45__Y21__P005.jpg,0.915400,24.422843,ok
EES0423712__X45__Y24__P006.jpg,0.908147,26.220685,ok
EES0423712__X45__Y27__P007.jpg,0.929710,24.035066,ok
EES0423712__X45__Y2A__P008.jpg,0.966304,34.105343,ok
EES0423712__X48__Y42__P009.jpg,0.971942,31.307179,ok
EES0423712__X0C__Y18__P010.jpg,0.740948,22.092350,ok
EES0423712__X12__Y12__P011.jpg,0.829280,25.526794,ok
EES0423712__X1E__Y0F__P012.jpg,0.841805,23.004559,ok
EES0423712__X21__Y0C__P013.jpg,0.904146,23.469205,ok
EES0423712__X24__Y0C__P014.jpg,0.935396,27.470480,ok
EES0423712__X27__Y0C__P015.jpg,0.884434,25.613282,ok
EES0423712__X27__Y12__P016.jpg,0.826831,22.747238,ok
EES0423712__X2A__Y0C__P017.jpg,0.903069,24.554640,ok
EES0423712__X2A__Y0F__P018.jpg,0.851187,23.170267,ok
EES0423712__X2A__Y12__P019.jpg,0.833231,22.844480,ok
EES0423712__X2D__Y0C__P020.jpg,0.910691,23.843714,ok
EES0423712__X2D__Y0F__P021.jpg,0.888721,24.381495,ok
EES0423712__X2D__Y12__P022.jpg,0.836228,22.666509,ok
EES0423712__X2D__Y42__P023.jpg,0.770856,23.254751,ok
EES0423712__X30__Y0C__P024.jpg,0.887424,24.725779,ok
EES0423712__X30__Y0F__P025.jpg,0.905309,24.505883,ok
EES0423713__X30__Y12__P001.jpg,0.908654,25.573909,ok
EES0423713__X30__Y18__P002.jpg,0.842178,24.135255,ok
EES0423713__X30__Y1B__P003.jpg,0.809596,22.225469,ok
EES0423713__X30__Y1E__P004.jpg,0.755420,21.442618,ok
EES0423713__X33__Y0F__P005.jpg,0.860879,23.241781,ok
EES0423713__X33__Y12__P006.jpg,0.886624,24.979803,ok
EES0423713__X33__Y18__P007.jpg,0.830826,23.261934,ok
EES0423713__X33__Y1E__P008.jpg,0.795882,23.404518,ok
EES0423713__X33__Y21__P009.jpg,0.866133,26.808408,ok
EES0423713__X33__Y24__P010.jpg,0.850165,23.086190,ok
EES0423713__X36__Y12__P011.jpg,0.826281,23.506952,ok
EES0423713__X36__Y18__P012.jpg,0.894325,22.919679,ok
EES0423713__X36__Y1B__P013.jpg,0.837235,22.368710,ok
EES0423713__X36__Y1E__P014.jpg,0.854916,23.338821,ok
EES0423713__X36__Y21__P015.jpg,0.804832,23.465202,ok
EES0423713__X36__Y24__P016.jpg,0.792968,22.965358,ok
EES0423713__X36__Y27__P017.jpg,0.791708,22.614292,ok
EES0423713__X36__Y2A__P018.jpg,0.789229,22.605799,ok
EES0423713__X36__Y3F__P019.jpg,0.757016,23.970218,ok
EES0423713__X39__Y18__P020.jpg,0.903884,24.639783,ok
EES0423713__X39__Y1B__P021.jpg,0.876838,24.299348,ok
EES0423713__X39__Y1E__P022.jpg,0.866993,25.181677,ok
EES0423713__X39__Y21__P023.jpg,0.787914,23.245655,ok
EES0423713__X39__Y24__P024.jpg,0.786698,22.384936,ok
EES0423713__X39__Y27__P025.jpg,0.803044,22.387963,ok
EES0423714__X39__Y2A__P001.jpg,0.810393,23.374906,ok
EES0423714__X39__Y30__P002.jpg,0.772923,22.321850,ok
EES0423714__X3C__Y18__P003.jpg,0.858885,25.695005,ok
EES0423714__X3C__Y1B__P004.jpg,0.937336,26.250624,ok
EES0423714__X3C__Y21__P005.jpg,0.833550,22.309057,ok
EES0423714__X3C__Y24__P006.jpg,0.823779,22.117719,ok
EES0423714__X3C__Y2A__P007.jpg,0.864514,24.092722,ok
EES0423714__X3C__Y2D__P008.jpg,0.850674,22.904630,ok
EES0423714__X3C__Y30__P009.jpg,0.787880,23.544690,ok
EES0423714__X3C__Y33__P010.jpg,0.814423,22.763061,ok
EES0423714__X3C__Y36__P011.jpg,0.793234,23.371660,ok
EES0423714__X3C__Y3C__P012.jpg,0.951066,30.323462,ok
EES0423714__X3F__Y18__P013.jpg,0.956057,29.540923,ok
EES0423714__X3F__Y1B__P014.jpg,0.923733,24.559047,ok
EES0423714__X3F__Y1E__P015.jpg,0.867689,23.238362,ok
EES0423714__X3F__Y21__P016.jpg,0.852725,22.744064,ok
EES0423714__X3F__Y27__P017.jpg,0.855424,22.328231,ok
EES0423714__X3F__Y2A__P018.jpg,0.914514,26.445018,ok
EES0423714__X3F__Y2D__P019.jpg,0.823391,24.722338,ok
EES0423714__X3F__Y30__P020.jpg,0.811426,22.342239,ok
EES0423714__X3F__Y33__P021.jpg,0.883454,25.942174,ok
EES0423714__X3F__Y36__P022.jpg,0.829768,22.876269,ok
EES0423714__X42__Y24__P023.jpg,0.902049,24.662896,ok
EES0423714__X42__Y27__P024.jpg,0.911857,24.792729,ok
EES0423714__X42__Y2A__P025.jpg,0.863875,23.258829,ok
EES0423715__X42__Y2D__P001.jpg,0.865764,22.875810,ok
EES0423715__X42__Y30__P002.jpg,0.938286,28.892799,ok
EES0423715__X0F__Y18__P003.jpg,0.921276,23.686871,ok
EES0423715__X0F__Y1B__P004.jpg,0.799192,22.093538,ok
EES0423715__X0F__Y1E__P005.jpg,0.851165,24.157091,ok
EES0423715__X0F__Y2A__P006.jpg,0.786284,23.763860,ok
EES0423715__X0F__Y2D__P007.jpg,0.888236,27.274517,ok
EES0423715__X12__Y12__P008.jpg,0.919247,31.470331,ok
EES0423715__X12__Y15__P009.jpg,0.830071,24.245507,ok
EES0423715__X12__Y18__P010.jpg,0.752612,22.215916,ok
EES0423715__X12__Y30__P011.jpg,0.800808,25.540918,ok
EES0423715__X12__Y33__P012.jpg,0.898064,28.060637,ok
EES0423715__X15__Y0F__P013.jpg,0.811444,24.851966,ok
EES0423715__X15__Y36__P014.jpg,0.889407,26.924636,ok
EES0423715__X15__Y39__P015.jpg,0.938948,30.099931,ok
EES0423715__X18__Y0C__P016.jpg,0.817763,25.620436,ok
EES0423715__X18__Y39__P017.jpg,0.833551,23.904929,ok
EES0423715__X1B__Y09__P018.jpg,0.948762,33.955072,ok
EES0423715__X1B__Y0C__P019.jpg,0.816572,25.724249,ok
EES0423715__X1B__Y3C__P020.jpg,0.933271,31.554434,ok
EES0423715__X1E__Y09__P021.jpg,0.884755,28.473515,ok
EES0423715__X1E__Y3C__P022.jpg,0.867674,26.077167,ok
EES0423715__X21__Y06__P023.jpg,0.890820,25.441229,ok
EES0423715__X21__Y3F__P024.jpg,0.911720,28.179896,ok
EES0423715__X24__Y06__P025.jpg,0.864565,27.800404,ok
EES0423716__X24__Y3F__P001.jpg,0.861994,24.749077,ok
EES0423716__X27__Y06__P002.jpg,0.741690,22.183799,ok
EES0423716__X27__Y3F__P003.jpg,0.801079,22.189008,ok
EES0423716__X2A__Y03__P004.jpg,0.905621,28.347266,ok
EES0423716__X2A__Y06__P005.jpg,0.833172,23.525206,ok
EES0423716__X2A__Y3F__P006.jpg,0.819975,22.040565,ok
EES0423716__X2A__Y42__P007.jpg,0.933232,26.505719,ok
EES0423716__X2D__Y06__P008.jpg,0.800872,23.089897,ok
EES0423716__X30__Y06__P009.jpg,0.850107,24.092051,ok
EES0423716__X33__Y06__P010.jpg,0.906860,26.344798,ok
EES0423716__X33__Y3F__P011.jpg,0.868266,25.255611,ok
EES0423716__X36__Y06__P012.jpg,0.924423,29.554843,ok
EES0423716__X36__Y09__P013.jpg,0.768069,21.862425,ok
EES0423716__X36__Y36__P014.jpg,0.793051,23.543713,ok
EES0423716__X36__Y39__P015.jpg,0.825840,23.179933,ok
EES0423716__X36__Y3C__P016.jpg,0.794804,22.526070,ok
EES0423716__X39__Y09__P017.jpg,0.909063,28.007669,ok
EES0423716__X39__Y33__P018.jpg,0.800447,22.087836,ok
EES0423716__X39__Y36__P019.jpg,0.790012,21.851123,ok
EES0423716__X39__Y39__P020.jpg,0.831093,22.575665,ok
EES0423716__X39__Y3C__P021.jpg,0.808995,22.661020,ok
EES0423716__X3C__Y09__P022.jpg,0.957943,32.842170,ok
EES0423716__X3C__Y0C__P023.jpg,0.868981,24.823203,ok
EES0423716__X3C__Y33__P024.jpg,0.806188,23.283547,ok
EES0423716__X3C__Y36__P025.jpg,0.841364,22.361230,ok
EES0423717__X3C__Y39__P001.jpg,0.836362,22.675843,ok
EES0423717__X3F__Y0C__P002.jpg,0.929866,29.741103,ok
EES0423717__X3F__Y0F__P003.jpg,0.832610,23.852007,ok
EES0423717__X3F__Y2A__P004.jpg,0.764387,22.193727,ok
EES0423717__X3F__Y30__P005.jpg,0.846480,24.992840,ok
EES0423717__X42__Y0F__P006.jpg,0.951392,31.338411,ok
EES0423717__X42__Y12__P007.jpg,0.915236,27.251008,ok
EES0423717__X42__Y18__P008.jpg,0.835995,23.063371,ok
EES0423717__X42__Y27__P009.jpg,0.844423,22.416932,ok
EES0423717__X42__Y2D__P010.jpg,0.847131,22.666876,ok
EES0423717__X42__Y30__P011.jpg,0.885291,24.132542,ok
EES0423717__X45__Y12__P012.jpg,0.893193,24.071812,ok
EES0423717__X45__Y18__P013.jpg,0.902259,25.214142,ok
EES0423717__X45__Y21__P014.jpg,0.818527,22.806934,ok
EES0423717__X45__Y2A__P015.jpg,0.838175,22.470899,ok
EES0423717__X45__Y2D__P016.jpg,0.851071,22.659972,ok
EES0423717__X45__Y30__P017.jpg,0.906413,25.272907,ok
EES0423717__X48__Y21__P018.jpg,0.970355,32.558191,ok
EES0423717__X48__Y24__P019.jpg,0.937613,26.277701,ok
EES0423717__X15__Y27__P020.jpg,0.808647,22.002542,ok
EES0423717__X15__Y2A__P021.jpg,0.818624,23.805639,ok
EES0423717__X18__Y1E__P022.jpg,0.795656,22.733960,ok
EES0423717__X1B__Y21__P023.jpg,0.803034,22.077497,ok
EES0423717__X2D__Y09__P024.jpg,0.883304,22.594022,ok
EES0423717__X30__Y12__P025.jpg,0.809569,23.368068,ok
EES0423718__X30__Y39__P001.jpg,0.791480,21.710705,ok
EES0423718__X33__Y39__P002.jpg,0.713894,21.484823,ok
EES0423718__X3F__Y0C__P003.jpg,0.858783,22.839690,ok
EES0423718__X3F__Y0F__P004.jpg,0.868182,22.727785,ok
EES0423718__X42__Y1E__P005.jpg,0.805423,21.946327,ok
EES0423718__X42__Y21__P006.jpg,0.847323,23.969547,ok
EES0423718__X42__Y33__P007.jpg,0.855457,23.065067,ok
EES0423718__X09__Y24__P008.jpg,0.937729,27.735956,ok
EES0423718__X09__Y27__P009.jpg,0.905499,24.086117,ok
EES0423718__X12__Y39__P010.jpg,0.865902,26.560881,ok
EES0423718__X18__Y36__P011.jpg,0.713018,22.431142,ok
EES0423718__X18__Y3F__P012.jpg,0.843896,25.037512,ok
EES0423718__X1B__Y24__P013.jpg,0.770736,24.097796,ok
EES0423718__X1B__Y3F__P014.jpg,0.818673,25.262955,ok
EES0423718__X1E__Y24__P015.jpg,0.714280,22.140806,ok
EES0423718__X1E__Y27__P016.jpg,0.863239,25.991427,ok
EES0423718__X1E__Y36__P017.jpg,0.732936,23.141732,ok
EES0423718__X1E__Y39__P018.jpg,0.756946,22.989725,ok
EES0423718__X1E__Y42__P019.jpg,0.883657,24.419358,ok
EES0423718__X21__Y18__P020.jpg,0.761805,23.642142,ok
EES0423718__X21__Y30__P021.jpg,0.819127,23.205848,ok
EES0423718__X21__Y3C__P022.jpg,0.796669,25.407742,ok
EES0423718__X21__Y3F__P023.jpg,0.769403,23.362844,ok
EES0423718__X21__Y42__P024.jpg,0.901883,26.682366,ok
EES0423718__X24__Y09__P025.jpg,0.841295,26.005495,ok
EES0423719__X24__Y18__P001.jpg,0.830627,25.817689,ok
EES0423719__X24__Y24__P002.jpg,0.809628,24.534289,ok
EES0423719__X24__Y2A__P003.jpg,0.782970,23.221084,ok
EES0423719__X24__Y36__P004.jpg,0.744241,22.769470,ok
EES0423719__X24__Y39__P005.jpg,0.738000,23.076861,ok
EES0423719__X24__Y3C__P006.jpg,0.801610,24.343771,ok
EES0423719__X27__Y09__P007.jpg,0.851580,24.734693,ok
EES0423719__X27__Y0C__P008.jpg,0.743815,23.769443,ok
EES0423719__X27__Y24__P009.jpg,0.798611,23.294105,ok
EES0423719__X2A__Y09__P010.jpg,0.925885,28.650807,ok
EES0423719__X2A__Y3F__P011.jpg,0.799520,23.531932,ok
EES0423719__X2D__Y0C__P012.jpg,0.774773,23.650903,ok
EES0423719__X2D__Y0F__P013.jpg,0.745175,22.800491,ok
EES0423719__X2D__Y2D__P014.jpg,0.777058,23.549307,ok
EES0423719__X2D__Y36__P015.jpg,0.732464,23.359910,ok
EES0423719__X30__Y0C__P016.jpg,0.849760,27.202378,ok
EES0423719__X30__Y18__P017.jpg,0.685882,20.960639,ok
EES0423719__X30__Y21__P018.jpg,0.724669,21.898634,ok
EES0423719__X30__Y27__P019.jpg,0.805889,23.658069,ok
EES0423719__X30__Y33__P020.jpg,0.748508,22.848875,ok
EES0423719__X30__Y36__P021.jpg,0.771873,24.466399,ok
EES0423719__X30__Y42__P022.jpg,0.820186,24.498548,ok
EES0423719__X33__Y0C__P023.jpg,0.870697,28.412447,ok
EES0423719__X33__Y15__P024.jpg,0.805946,24.053087,ok
EES0423719__X33__Y36__P025.jpg,0.759126,22.932267,ok
EES0423720__X36__Y0F__P001.jpg,0.779458,24.041632,ok
EES0423720__X36__Y15__P002.jpg,0.725892,23.908175,ok
EES0423720__X36__Y18__P003.jpg,0.718322,23.238401,ok
EES0423720__X36__Y1B__P004.jpg,0.728237,22.652043,ok
EES0423720__X36__Y1E__P005.jpg,0.730504,23.419872,ok
EES0423720__X36__Y21__P006.jpg,0.830372,25.899751,ok
EES0423720__X36__Y33__P007.jpg,0.758961,23.050775,ok
EES0423720__X36__Y36__P008.jpg,0.757810,23.773823,ok
EES0423720__X36__Y3F__P009.jpg,0.784733,22.825832,ok
EES0423720__X39__Y12__P010.jpg,0.766145,24.058130,ok
EES0423720__X39__Y15__P011.jpg,0.779366,24.271740,ok
EES0423720__X39__Y18__P012.jpg,0.794886,25.500814,ok
EES0423720__X39__Y1E__P013.jpg,0.751017,23.475477,ok
EES0423720__X39__Y21__P014.jpg,0.779965,21.786758,ok
EES0423720__X39__Y27__P015.jpg,0.757650,23.134270,ok
EES0423720__X39__Y39__P016.jpg,0.735545,24.482557,ok
EES0423720__X39__Y3C__P017.jpg,0.765258,22.697269,ok
EES0423720__X3C__Y15__P018.jpg,0.833852,23.209657,ok
EES0423720__X3C__Y18__P019.jpg,0.810030,24.477195,ok
EES0423720__X3C__Y1B__P020.jpg,0.803325,24.897924,ok
EES0423720__X3C__Y24__P021.jpg,0.787087,25.024627,ok
EES0423720__X3C__Y30__P022.jpg,0.800024,25.510816,ok
EES0423720__X3C__Y33__P023.jpg,0.810514,26.357079,ok
EES0423720__X3C__Y36__P024.jpg,0.857665,26.003424,ok
EES0423720__X3F__Y15__P025.jpg,0.907809,29.117681,ok
EES0423721__X3F__Y18__P001.jpg,0.942448,29.449446,ok
EES0423721__X3F__Y1B__P002.jpg,0.822992,24.280597,ok
EES0423721__X3F__Y1E__P003.jpg,0.792417,25.464011,ok
EES0423721__X3F__Y21__P004.jpg,0.766592,24.050195,ok
EES0423721__X3F__Y27__P005.jpg,0.808862,24.536161,ok
EES0423721__X3F__Y2A__P006.jpg,0.807931,25.035689,ok
EES0423721__X3F__Y30__P007.jpg,0.843756,26.468007,ok
EES0423721__X42__Y1B__P008.jpg,0.896511,29.388227,ok
EES0423721__X42__Y21__P009.jpg,0.905586,25.995325,ok
EES0423721__X42__Y24__P010.jpg,0.839519,24.992210,ok
EES0423721__X42__Y27__P011.jpg,0.891014,24.252845,ok
EES0423721__X42__Y2A__P012.jpg,0.850372,25.832249,ok
EES0423721__X0F__Y06__P013.jpg,0.853526,23.328174,ok
EES0423721__X0F__Y2A__P014.jpg,0.880473,25.179227,ok
EES0423721__X12__Y1B__P015.jpg,0.879097,22.792147,ok
EES0423721__X12__Y2D__P016.jpg,0.840649,24.091656,ok
EES0423721__X15__Y1E__P017.jpg,0.840899,22.886284,ok
EES0423721__X15__Y24__P018.jpg,0.884913,24.679901,ok
EES0423721__X15__Y27__P019.jpg,0.842954,23.361493,ok
EES0423721__X15__Y33__P020.jpg,0.914709,27.380409,ok
EES0423721__X18__Y1E__P021.jpg,0.866670,22.739816,ok
EES0423721__X18__Y21__P022.jpg,0.922053,26.656235,ok
EES0423721__X18__Y24__P023.jpg,0.887803,25.317535,ok
EES0423721__X18__Y2D__P024.jpg,0.784397,22.300717,ok
EES0423721__X1B__Y1E__P025.jpg,0.908724,23.384035,ok
EES0423722__X36__Y0F__P001.jpg,0.832979,22.092910,ok
EES0423722__X36__Y1B__P002.jpg,0.853139,24.935679,ok
EES0423722__X36__Y27__P003.jpg,0.872225,23.907308,ok
EES0423722__X39__Y0F__P004.jpg,0.868412,23.142466,ok
EES0423722__X0F__Y18__P005.jpg,0.937495,27.987045,ok
EES0423722__X0F__Y1B__P006.jpg,0.883970,28.072304,ok
EES0423722__X0F__Y21__P007.jpg,0.876900,24.167784,ok
EES0423722__X0F__Y24__P008.jpg,0.867541,24.101750,ok
EES0423722__X0F__Y27__P009.jpg,0.904891,24.629785,ok
EES0423722__X0F__Y2A__P010.jpg,0.934575,27.127613,ok
EES0423722__X0F__Y2D__P011.jpg,0.918592,26.469219,ok
EES0423722__X12__Y12__P012.jpg,0.875680,25.905006,ok
EES0423722__X12__Y15__P013.jpg,0.816526,23.867249,ok
EES0423722__X12__Y18__P014.jpg,0.847701,22.892466,ok
EES0423722__X12__Y30__P015.jpg,0.906564,27.868012,ok
EES0423722__X12__Y33__P016.jpg,0.826373,25.841166,ok
EES0423722__X15__Y0F__P017.jpg,0.852797,26.012740,ok
EES0423722__X15__Y33__P018.jpg,0.758773,23.211496,ok
EES0423722__X15__Y36__P019.jpg,0.878323,27.876014,ok
EES0423722__X18__Y0C__P020.jpg,0.832337,26.352395,ok
EES0423722__X18__Y39__P021.jpg,0.920660,29.516983,ok
EES0423722__X1B__Y09__P022.jpg,0.913708,31.206065,ok
EES0423722__X1B__Y3C__P023.jpg,0.912018,30.537860,ok
EES0423722__X1E__Y09__P024.jpg,0.859627,26.880748,ok
EES0423722__X1E__Y3C__P025.jpg,0.841476,24.027314,ok
EES0423723__X21__Y06__P001.jpg,0.837251,24.360854,ok
EES0423723__X24__Y06__P002.jpg,0.736357,21.465636,ok
EES0423723__X24__Y30__P003.jpg,0.756544,22.180157,ok
EES0423723__X24__Y3F__P004.jpg,0.957652,28.987927,ok
EES0423723__X27__Y3F__P005.jpg,0.895391,25.726050,ok
EES0423723__X2A__Y03__P006.jpg,0.951780,30.927353,ok
EES0423723__X2D__Y03__P007.jpg,0.890155,24.731489,ok
EES0423723__X30__Y03__P008.jpg,0.937296,26.674325,ok
EES0423723__X30__Y1E__P009.jpg,0.744787,22.781427,ok
EES0423723__X30__Y3F__P010.jpg,0.894682,27.497778,ok
EES0423723__X33__Y03__P011.jpg,0.830020,22.730962,ok
EES0423723__X33__Y06__P012.jpg,0.871543,24.808696,ok
EES0423723__X33__Y1E__P013.jpg,0.711578,21.676440,ok
EES0423723__X33__Y3C__P014.jpg,0.870547,23.994003,ok
EES0423723__X36__Y06__P015.jpg,0.873586,24.429280,ok
EES0423723__X36__Y09__P016.jpg,0.692126,20.853086,ok
EES0423723__X36__Y30__P017.jpg,0.737749,21.414640,ok
EES0423723__X36__Y3C__P018.jpg,0.816505,24.404949,ok
EES0423723__X39__Y09__P019.jpg,0.805311,24.017089,ok
EES0423723__X39__Y12__P020.jpg,0.762648,21.688721,ok
EES0423723__X39__Y36__P021.jpg,0.741671,21.715316,ok
EES0423723__X39__Y39__P022.jpg,0.860540,23.769932,ok
EES0423723__X39__Y3C__P023.jpg,0.924442,28.786519,ok
EES0423723__X3C__Y0C__P024.jpg,0.722511,22.152794,ok
EES0423723__X3C__Y36__P025.jpg,0.852019,24.990961,ok
EES0423724__X3C__Y39__P001.jpg,0.855607,25.128702,ok
EES0423724__X3F__Y0C__P002.jpg,0.911783,27.569506,ok
EES0423724__X3F__Y15__P003.jpg,0.755713,22.016221,ok
EES0423724__X3F__Y21__P004.jpg,0.702218,21.399078,ok
EES0423724__X3F__Y30__P005.jpg,0.794532,23.976813,ok
EES0423724__X3F__Y33__P006.jpg,0.784064,22.698409,ok
EES0423724__X3F__Y36__P007.jpg,0.864794,25.460889,ok
EES0423724__X42__Y0F__P008.jpg,0.921577,28.672841,ok
EES0423724__X42__Y12__P009.jpg,0.851089,25.023170,ok
EES0423724__X42__Y15__P010.jpg,0.684281,20.842361,ok
EES0423724__X42__Y2D__P011.jpg,0.886045,25.369415,ok
EES0423724__X42__Y30__P012.jpg,0.803114,23.655307,ok
EES0423724__X45__Y15__P013.jpg,0.886179,26.994888,ok
EES0423724__X45__Y18__P014.jpg,0.858636,27.395235,ok
EES0423724__X45__Y1E__P015.jpg,0.799955,21.893470,ok
EES0423724__X45__Y27__P016.jpg,0.820049,23.808442,ok
EES0423724__X45__Y2D__P017.jpg,0.860357,22.961102,ok
EES0423724__X48__Y21__P018.jpg,0.845318,25.322170,ok
EES0423724__X48__Y27__P019.jpg,0.908777,29.016198,ok
EES0423724__X0F__Y2A__P020.jpg,0.934569,29.771965,ok
EES0423724__X12__Y21__P021.jpg,0.920037,26.489302,ok
EES0423724__X12__Y24__P022.jpg,0.903074,26.591244,ok
EES0423724__X12__Y27__P023.jpg,0.823062,22.890145,ok
EES0423724__X12__Y2A__P024.jpg,0.875598,27.092566,ok
EES0423724__X12__Y2D__P025.jpg,0.869181,25.370060,ok
EES0423725__X15__Y24__P001.jpg,0.786353,22.658192,ok
EES0423725__X15__Y30__P002.jpg,0.813923,22.933060,ok
EES0423725__X15__Y33__P003.jpg,0.847259,26.235768,ok
EES0423725__X15__Y36__P004.jpg,0.905668,30.299001,ok
EES0423725__X15__Y3C__P005.jpg,0.971590,36.749633,ok
EES0423725__X18__Y24__P006.jpg,0.773361,22.660381,ok
EES0423725__X18__Y27__P007.jpg,0.778400,21.984157,ok
EES0423725__X1B__Y24__P008.jpg,0.692266,20.852983,ok
EES0423725__X1B__Y27__P009.jpg,0.795964,23.471186,ok
EES0423725__X1B__Y3C__P010.jpg,0.855550,24.316789,ok
EES0423725__X1E__Y0C__P011.jpg,0.843374,23.219550,ok
EES0423725__X1E__Y18__P012.jpg,0.734509,21.789010,ok
EES0423725__X1E__Y27__P013.jpg,0.692192,21.804832,ok
EES0423725__X21__Y09__P014.jpg,0.962590,28.946115,ok
EES0423725__X21__Y12__P015.jpg,0.748640,21.710649,ok
EES0423725__X21__Y15__P016.jpg,0.767582,22.721515,ok
EES0423725__X21__Y27__P017.jpg,0.826106,23.567131,ok
EES0423725__X24__Y09__P018.jpg,0.899733,24.089870,ok
EES0423725__X24__Y0F__P019.jpg,0.816917,24.368528,ok
EES0423725__X24__Y12__P020.jpg,0.826753,23.554045,ok
EES0423725__X24__Y15__P021.jpg,0.713067,21.923573,ok
EES0423725__X24__Y18__P022.jpg,0.789185,22.655363,ok
EES0423725__X24__Y27__P023.jpg,0.828601,24.383746,ok
EES0423725__X24__Y2A__P024.jpg,0.733004,23.274010,ok
EES0423725__X27__Y15__P025.jpg,0.703671,22.720005,ok
EES0423726__X27__Y18__P001.jpg,0.753287,22.416505,ok
EES0423726__X27__Y2A__P002.jpg,0.794785,24.149851,ok
EES0423726__X27__Y2D__P003.jpg,0.801048,23.869467,ok
EES0423726__X2A__Y09__P004.jpg,0.880116,23.949298,ok
EES0423726__X2A__Y0C__P005.jpg,0.853975,24.074598,ok
EES0423726__X2A__Y0F__P006.jpg,0.766951,23.784632,ok
EES0423726__X2A__Y18__P007.jpg,0.823032,22.282386,ok
EES0423726__X2A__Y27__P008.jpg,0.834711,25.667905,ok
EES0423726__X2A__Y2D__P009.jpg,0.675957,21.368756,ok
EES0423726__X2D__Y09__P010.jpg,0.871823,22.589772,ok
EES0423726__X2D__Y0C__P011.jpg,0.869677,23.392616,ok
EES0423726__X2D__Y15__P012.jpg,0.718936,21.399872,ok
EES0423726__X2D__Y18__P013.jpg,0.791809,25.196434,ok
EES0423726__X2D__Y2D__P014.jpg,0.765788,22.271314,ok
EES0423726__X30__Y09__P015.jpg,0.851729,23.793744,ok
EES0423726__X30__Y0C__P016.jpg,0.839551,23.168726,ok
EES0423726__X30__Y27__P017.jpg,0.750264,23.920376,ok
EES0423726__X30__Y2A__P018.jpg,0.697282,21.003196,ok
EES0423726__X33__Y09__P019.jpg,0.907605,23.849331,ok
EES0423726__X33__Y0C__P020.jpg,0.890870,24.505634,ok
EES0423726__X36__Y0C__P021.jpg,0.910721,26.244935,ok
EES0423726__X36__Y12__P022.jpg,0.822414,24.132344,ok
EES0423726__X36__Y2A__P023.jpg,0.729233,22.954315,ok
EES0423726__X39__Y0F__P024.jpg,0.867198,27.258711,ok
EES0423726__X39__Y2A__P025.jpg,0.778684,22.287579,ok
EES0423727__X1B__Y06__P001.jpg,0.952560,33.410103,ok
EES0423727__X1E__Y3F__P002.jpg,0.916233,26.457153,ok
EES0423727__X21__Y3F__P003.jpg,0.875885,23.525143,ok
EES0423727__X24__Y03__P004.jpg,0.950818,29.638801,ok
EES0423727__X27__Y03__P005.jpg,0.969673,30.670995,ok
EES0423727__X27__Y3F__P006.jpg,0.888440,23.420692,ok
EES0423727__X30__Y06__P007.jpg,0.816196,22.144383,ok
EES0423727__X30__Y36__P008.jpg,0.851978,27.024261,ok
EES0423727__X30__Y3C__P009.jpg,0.887397,26.112679,ok
EES0423727__X33__Y2D__P010.jpg,0.796968,22.815603,ok
EES0423727__X33__Y30__P011.jpg,0.824721,25.398885,ok
EES0423727__X33__Y33__P012.jpg,0.850660,23.047978,ok
EES0423727__X33__Y36__P013.jpg,0.820766,23.634106,ok
EES0423727__X36__Y0C__P014.jpg,0.829547,22.780559,ok
EES0423727__X36__Y27__P015.jpg,0.783079,22.359061,ok
EES0423727__X36__Y2A__P016.jpg,0.769711,22.864053,ok
EES0423727__X36__Y2D__P017.jpg,0.819271,23.718909,ok
EES0423727__X36__Y30__P018.jpg,0.792251,22.081086,ok
EES0423727__X36__Y33__P019.jpg,0.857704,22.728375,ok
EES0423727__X39__Y0C__P020.jpg,0.804709,22.413918,ok
EES0423727__X39__Y0F__P021.jpg,0.838986,22.152205,ok
EES0423727__X39__Y1E__P022.jpg,0.796227,22.074884,ok
EES0423727__X39__Y27__P023.jpg,0.857297,23.248971,ok
EES0423727__X39__Y2A__P024.jpg,0.837163,23.652124,ok
EES0423727__X39__Y2D__P025.jpg,0.741337,22.556996,ok
EES0423728__X3C__Y0F__P001.jpg,0.903766,23.508455,ok
EES0423728__X3C__Y12__P002.jpg,0.781932,22.051570,ok
EES0423728__X3C__Y15__P003.jpg,0.837708,22.978060,ok
EES0423728__X3C__Y1B__P004.jpg,0.787192,22.679394,ok
EES0423728__X3C__Y1E__P005.jpg,0.832587,22.462392,ok
EES0423728__X3C__Y21__P006.jpg,0.852371,22.747963,ok
EES0423728__X3C__Y27__P007.jpg,0.925338,27.734572,ok
EES0423728__X3C__Y2A__P008.jpg,0.913656,26.105564,ok
EES0423728__X3C__Y36__P009.jpg,0.869471,26.190704,ok
EES0423728__X3F__Y12__P010.jpg,0.943455,32.237108,ok
EES0423728__X3F__Y18__P011.jpg,0.893111,26.974422,ok
EES0423728__X3F__Y1B__P012.jpg,0.877750,26.558839,ok
EES0423728__X3F__Y1E__P013.jpg,0.882704,24.472755,ok
EES0423728__X3F__Y21__P014.jpg,0.850961,23.280187,ok
EES0423728__X3F__Y24__P015.jpg,0.806040,22.953451,ok
EES0423728__X3F__Y27__P016.jpg,0.897542,25.382508,ok
EES0423728__X42__Y24__P017.jpg,0.841054,22.720540,ok
EES0423728__X12__Y18__P018.jpg,0.786731,22.904449,ok
EES0423728__X12__Y27__P019.jpg,0.804838,22.619311,ok
EES0423728__X15__Y1B__P020.jpg,0.759938,22.821190,ok
EES0423728__X15__Y2A__P021.jpg,0.751748,21.694595,ok
EES0423728__X18__Y1E__P022.jpg,0.794661,22.013557,ok
EES0423728__X18__Y21__P023.jpg,0.792101,22.285047,ok
EES0423728__X18__Y27__P024.jpg,0.820590,23.707571,ok
EES0423728__X1B__Y18__P025.jpg,0.755295,22.033893,ok
EES0423729__X2D__Y15__P001.jpg,0.824503,22.965577,ok
EES0423729__X2D__Y18__P002.jpg,0.800188,24.039875,ok
EES0423729__X2D__Y1B__P003.jpg,0.827370,22.218123,ok
EES0423729__X2D__Y1E__P004.jpg,0.773611,23.193506,ok
EES0423729__X30__Y0C__P005.jpg,0.830022,23.588185,ok
EES0423729__X30__Y15__P006.jpg,0.804128,22.448715,ok
EES0423729__X30__Y18__P007.jpg,0.845833,24.205192,ok
EES0423729__X33__Y0C__P008.jpg,0.900873,24.809703,ok
EES0423729__X33__Y0F__P009.jpg,0.931130,24.746859,ok
EES0423729__X33__Y18__P010.jpg,0.766717,21.771153,ok
EES0423729__X33__Y1B__P011.jpg,0.853483,23.044160,ok
EES0423729__X36__Y0C__P012.jpg,0.918519,27.901280,ok
EES0423729__X36__Y18__P013.jpg,0.833259,22.735173,ok
EES0423729__X39__Y0F__P014.jpg,0.941751,28.051120,ok
EES0423729__X39__Y12__P015.jpg,0.928910,24.956026,ok
EES0423729__X39__Y18__P016.jpg,0.916075,26.440812,ok
EES0423729__X3C__Y12__P017.jpg,0.910255,24.728628,ok
EES0423729__X3C__Y15__P018.jpg,0.830650,22.094955,ok
EES0423729__X3C__Y18__P019.jpg,0.910575,26.057424,ok
EES0423729__X3F__Y15__P020.jpg,0.913876,24.301959,ok
EES0423729__X3F__Y18__P021.jpg,0.863326,22.417517,ok
EES0423729__X12__Y1E__P022.jpg,0.746835,21.836290,ok
EES0423729__X1B__Y33__P023.jpg,0.690638,20.854754,ok
EES0423729__X1E__Y09__P024.jpg,0.716099,22.345038,ok
EES0423729__X1E__Y0C__P025.jpg,0.666981,21.158836,ok
EES0423730__X1E__Y36__P001.jpg,0.749903,23.281293,ok
EES0423730__X1E__Y39__P002.jpg,0.760827,21.645757,ok
EES0423730__X24__Y36__P003.jpg,0.767166,21.818607,ok
EES0423730__X27__Y33__P004.jpg,0.796048,21.901035,ok
EES0423730__X2A__Y06__P005.jpg,0.823508,22.187036,ok
EES0423730__X2D__Y30__P006.jpg,0.847982,23.501387,ok
EES0423730__X2D__Y33__P007.jpg,0.707550,21.424334,ok
EES0423730__X2D__Y36__P008.jpg,0.852649,23.842656,ok
EES0423730__X2D__Y3C__P009.jpg,0.830879,22.540902,ok
EES0423730__X30__Y36__P010.jpg,0.763419,21.501574,ok
EES0423730__X33__Y0C__P011.jpg,0.802890,21.893852,ok
EES0423730__X33__Y0F__P012.jpg,0.694444,21.068441,ok
EES0423730__X33__Y21__P013.jpg,0.790917,22.564873,ok
EES0423730__X36__Y12__P014.jpg,0.822626,22.106867,ok
EES0423730__X36__Y1B__P015.jpg,0.726674,21.558297,ok
EES0423730__X36__Y21__P016.jpg,0.799615,22.155610,ok
EES0423730__X36__Y27__P017.jpg,0.835469,25.107358,ok
EES0423730__X36__Y2A__P018.jpg,0.815634,22.299009,ok
EES0423730__X39__Y0C__P019.jpg,0.862116,24.327127,ok
EES0423730__X39__Y0F__P020.jpg,0.816589,23.021039,ok
EES0423730__X39__Y15__P021.jpg,0.834139,23.533978,ok
EES0423730__X39__Y1E__P022.jpg,0.824975,22.105062,ok
EES0423730__X39__Y21__P023.jpg,0.913259,24.191497,ok
EES0423730__X3C__Y12__P024.jpg,0.885722,24.000961,ok
EES0423730__X3C__Y18__P025.jpg,0.776667,23.400742,ok
EES0423731__X3F__Y30__P001.jpg,0.865947,25.863298,ok
EES0423731__X3F__Y33__P002.jpg,0.921925,25.403306,ok
EES0423731__X42__Y30__P003.jpg,0.838086,22.228087,ok
EES0423731__X45__Y30__P004.jpg,0.871727,22.788926,ok
EES0423731__X0F__Y15__P005.jpg,0.901453,26.216142,ok
EES0423731__X15__Y12__P006.jpg,0.856438,23.184422,ok
EES0423731__X15__Y15__P007.jpg,0.906436,26.021587,ok
EES0423731__X18__Y0C__P008.jpg,0.819996,23.180896,ok
EES0423731__X18__Y0F__P009.jpg,0.834101,24.089640,ok
EES0423731__X18__Y12__P010.jpg,0.774305,22.138832,ok
EES0423731__X18__Y15__P011.jpg,0.828003,23.832979,ok
EES0423731__X1B__Y09__P012.jpg,0.848814,22.258495,ok
EES0423731__X1B__Y0C__P013.jpg,0.815004,25.265884,ok
EES0423731__X1B__Y0F__P014.jpg,0.834861,25.202190,ok
EES0423731__X1E__Y0C__P015.jpg,0.823029,23.000358,ok
EES0423731__X1E__Y0F__P016.jpg,0.766175,22.923747,ok
EES0423731__X21__Y09__P017.jpg,0.796318,22.739366,ok
EES0423731__X21__Y0F__P018.jpg,0.845520,23.492390,ok
EES0423731__X21__Y12__P019.jpg,0.892753,27.494968,ok
EES0423731__X21__Y15__P020.jpg,0.851959,23.912064,ok
EES0423731__X24__Y09__P021.jpg,0.836015,23.905392,ok
EES0423731__X24__Y0C__P022.jpg,0.851306,23.699060,ok
EES0423731__X24__Y0F__P023.jpg,0.821052,25.422264,ok
EES0423731__X24__Y12__P024.jpg,0.854102,26.153352,ok
EES0423731__X24__Y15__P025.jpg,0.865910,24.495844,ok
EES0423732__X27__Y09__P001.jpg,0.781709,21.735645,ok
EES0423732__X27__Y0C__P002.jpg,0.816252,24.322877,ok
EES0423732__X27__Y0F__P003.jpg,0.822449,25.137629,ok
EES0423732__X27__Y12__P004.jpg,0.882800,26.289021,ok
EES0423732__X27__Y15__P005.jpg,0.825150,24.236459,ok
EES0423732__X2A__Y09__P006.jpg,0.918713,26.035294,ok
EES0423732__X2A__Y0C__P007.jpg,0.913245,30.009525,ok
EES0423732__X2A__Y0F__P008.jpg,0.795371,23.504715,ok
EES0423732__X2A__Y12__P009.jpg,0.820236,24.708769,ok
EES0423732__X2A__Y15__P010.jpg,0.856718,28.505051,ok
EES0423732__X2D__Y0C__P011.jpg,0.861493,23.554109,ok
EES0423732__X2D__Y0F__P012.jpg,0.834283,23.944290,ok
EES0423732__X2D__Y12__P013.jpg,0.804277,23.749666,ok
EES0423732__X2D__Y15__P014.jpg,0.909232,30.640081,ok
EES0423732__X2D__Y18__P015.jpg,0.780266,23.600479,ok
EES0423732__X2D__Y1B__P016.jpg,0.900842,24.075502,ok
EES0423732__X2D__Y24__P017.jpg,0.880260,24.028569,ok
EES0423732__X2D__Y2D__P018.jpg,0.920014,23.706502,ok
EES0423732__X2D__Y36__P019.jpg,0.869734,23.881065,ok
EES0423732__X30__Y0F__P020.jpg,0.794451,22.280241,ok
EES0423732__X30__Y12__P021.jpg,0.815187,24.980334,ok
EES0423732__X30__Y15__P022.jpg,0.858631,25.160754,ok
EES0423732__X30__Y18__P023.jpg,0.855431,23.306030,ok
EES0423732__X30__Y1B__P024.jpg,0.887368,26.760720,ok
EES0423732__X30__Y21__P025.jpg,0.884987,22.581896,ok
EES0423733__X33__Y0F__P001.jpg,0.891533,24.498284,ok
EES0423733__X33__Y12__P002.jpg,0.823357,25.950323,ok
EES0423733__X33__Y15__P003.jpg,0.910017,27.251144,ok
EES0423733__X33__Y18__P004.jpg,0.883802,25.691681,ok
EES0423733__X33__Y1B__P005.jpg,0.883659,26.012248,ok
EES0423733__X33__Y1E__P006.jpg,0.886596,25.967365,ok
EES0423733__X33__Y21__P007.jpg,0.872386,25.695073,ok
EES0423733__X33__Y2D__P008.jpg,0.814399,22.267419,ok
EES0423733__X36__Y18__P009.jpg,0.838900,22.965004,ok
EES0423733__X36__Y1B__P010.jpg,0.897459,30.402446,ok
EES0423733__X36__Y2D__P011.jpg,0.918728,24.575551,ok
EES0423733__X36__Y30__P012.jpg,0.911332,26.875240,ok
EES0423733__X39__Y15__P013.jpg,0.918892,25.185260,ok
EES0423733__X39__Y18__P014.jpg,0.843627,22.210722,ok
EES0423733__X39__Y27__P015.jpg,0.906056,23.264609,ok
EES0423733__X39__Y2A__P016.jpg,0.864691,23.415725,ok
EES0423733__X39__Y2D__P017.jpg,0.866718,22.526426,ok
EES0423733__X3F__Y24__P018.jpg,0.858787,22.853027,ok
EES0423733__X06__Y33__P019.jpg,0.947110,27.067696,ok
EES0423733__X09__Y21__P020.jpg,0.980638,30.780445,ok
EES0423733__X09__Y27__P021.jpg,0.882949,25.779164,ok
EES0423733__X09__Y2A__P022.jpg,0.826890,22.957770,ok
EES0423733__X09__Y2D__P023.jpg,0.841828,22.183858,ok
EES0423733__X09__Y30__P024.jpg,0.913909,24.019313,ok
EES0423733__X0F__Y1B__P025.jpg,0.911214,24.724570,ok
EES0423734__X0F__Y1E__P001.jpg,0.932059,27.085236,ok
EES0423734__X0F__Y33__P002.jpg,0.841795,22.777381,ok
EES0423734__X12__Y33__P003.jpg,0.900116,24.874230,ok
EES0423734__X12__Y36__P004.jpg,0.920353,24.829056,ok
EES0423734__X12__Y3C__P005.jpg,0.824845,23.014748,ok
EES0423734__X15__Y3C__P006.jpg,0.852579,24.128700,ok
EES0423734__X18__Y1B__P007.jpg,0.890467,24.741540,ok
EES0423734__X18__Y1E__P008.jpg,0.883926,25.163042,ok
EES0423734__X18__Y39__P009.jpg,0.872945,25.209797,ok
EES0423734__X18__Y3C__P010.jpg,0.915287,28.725282,ok
EES0423734__X18__Y3F__P011.jpg,0.941354,29.899471,ok
EES0423734__X18__Y42__P012.jpg,0.909039,24.128293,ok
EES0423734__X1B__Y1B__P013.jpg,0.824772,22.405063,ok
EES0423734__X1B__Y1E__P014.jpg,0.866006,23.454804,ok
EES0423734__X1B__Y2A__P015.jpg,0.904477,25.193508,ok
EES0423734__X1B__Y39__P016.jpg,0.849831,23.063109,ok
EES0423734__X1B__Y45__P017.jpg,0.910543,28.272968,ok
EES0423734__X1E__Y3C__P018.jpg,0.929351,27.609658,ok
EES0423734__X1E__Y42__P019.jpg,0.894043,24.979351,ok
EES0423734__X21__Y3C__P020.jpg,0.802404,22.228135,ok
EES0423734__X21__Y3F__P021.jpg,0.902872,26.070633,ok
EES0423734__X21__Y42__P022.jpg,0.927299,25.896580,ok
EES0423734__X21__Y45__P023.jpg,0.920636,25.861300,ok
EES0423734__X24__Y18__P024.jpg,0.885846,24.242352,ok
EES0423734__X24__Y1B__P025.jpg,0.828279,22.672521,ok
EES0423735__X3F__Y1B__P001.jpg,0.925580,25.827513,ok
EES0423735__X3F__Y1E__P002.jpg,0.828987,22.356581,ok
EES0423735__X3F__Y21__P003.jpg,0.819850,23.072843,ok
EES0423735__X3F__Y2D__P004.jpg,0.951279,29.207371,ok
EES0423735__X3F__Y30__P005.jpg,0.885000,26.383909,ok
EES0423735__X3F__Y33__P006.jpg,0.962493,35.420865,ok
EES0423735__X42__Y21__P007.jpg,0.966538,32.340338,ok
EES0423735__X42__Y24__P008.jpg,0.963097,30.115933,ok
EES0423735__X42__Y33__P009.jpg,0.944074,30.165244,ok
EES0423735__X42__Y36__P010.jpg,0.963691,33.610476,ok
EES0423735__X45__Y33__P011.jpg,0.914302,25.992604,ok
EES0423735__X0C__Y2D__P012.jpg,0.828197,22.106199,ok
EES0423735__X0C__Y30__P013.jpg,0.860408,24.632628,ok
EES0423735__X0F__Y21__P014.jpg,0.875669,24.128051,ok
EES0423735__X0F__Y27__P015.jpg,0.916533,24.336334,ok
EES0423735__X0F__Y2A__P016.jpg,0.862836,23.405891,ok
EES0423735__X0F__Y30__P017.jpg,0.921228,24.434063,ok
EES0423735__X12__Y2A__P018.jpg,0.851089,22.849602,ok
EES0423735__X12__Y36__P019.jpg,0.835245,22.144525,ok
EES0423735__X12__Y39__P020.jpg,0.817348,23.561631,ok
EES0423735__X15__Y18__P021.jpg,0.916628,24.240366,ok
EES0423735__X15__Y1B__P022.jpg,0.809308,23.208780,ok
EES0423735__X15__Y1E__P023.jpg,0.869609,25.170819,ok
EES0423735__X15__Y30__P024.jpg,0.827568,22.475449,ok
EES0423735__X15__Y36__P025.jpg,0.905186,27.188118,ok
EES0423736__X36__Y39__P001.jpg,0.835345,24.140134,ok
EES0423736__X36__Y3C__P002.jpg,0.768616,22.513636,ok
EES0423736__X39__Y0F__P003.jpg,0.867959,23.239571,ok
EES0423736__X39__Y24__P004.jpg,0.857695,24.185236,ok
EES0423736__X39__Y36__P005.jpg,0.797811,22.069122,ok
EES0423736__X3C__Y1B__P006.jpg,0.855745,25.580312,ok
EES0423736__X3C__Y27__P007.jpg,0.861127,23.926594,ok
EES0423736__X3C__Y36__P008.jpg,0.923658,26.419760,ok
EES0423736__X3F__Y1B__P009.jpg,0.851881,23.817745,ok
EES0423736__X3F__Y1E__P010.jpg,0.769948,22.223358,ok
EES0423736__X3F__Y24__P011.jpg,0.813616,23.891882,ok
EES0423736__X3F__Y27__P012.jpg,0.862227,25.050873,ok
EES0423736__X3F__Y2A__P013.jpg,0.802613,23.529506,ok
EES0423736__X42__Y18__P014.jpg,0.776621,21.828061,ok
EES0423736__X42__Y27__P015.jpg,0.831225,23.727960,ok
EES0423736__X42__Y2A__P016.jpg,0.825810,23.974054,ok
EES0423736__X03__Y1E__P017.jpg,0.922300,26.966546,ok
EES0423736__X03__Y21__P018.jpg,0.908754,28.721244,ok
EES0423736__X03__Y24__P019.jpg,0.922389,26.747524,ok
EES0423736__X03__Y2A__P020.jpg,0.903343,25.396731,ok
EES0423736__X03__Y2D__P021.jpg,0.929216,27.151327,ok
EES0423736__X06__Y18__P022.jpg,0.937178,25.766732,ok
EES0423736__X06__Y1B__P023.jpg,0.836844,23.382009,ok
EES0423736__X06__Y36__P024.jpg,0.889130,24.195295,ok
EES0423736__X09__Y0F__P025.jpg,0.935628,23.406479,ok
EES0423737__X27__Y18__P001.jpg,0.814260,23.985370,ok
EES0423737__X2A__Y15__P002.jpg,0.929117,28.160812,ok
EES0423737__X2A__Y18__P003.jpg,0.862224,26.493509,ok
EES0423737__X2A__Y1B__P004.jpg,0.789381,22.590799,ok
EES0423737__X2A__Y1E__P005.jpg,0.860681,24.376972,ok
EES0423737__X2A__Y21__P006.jpg,0.894055,23.536411,ok
EES0423737__X2A__Y2A__P007.jpg,0.894067,23.586497,ok
EES0423737__X2A__Y2D__P008.jpg,0.923852,25.163157,ok
EES0423737__X2A__Y33__P009.jpg,0.920338,23.858608,ok
EES0423737__X2A__Y39__P010.jpg,0.941924,24.781534,ok
EES0423737__X2A__Y3C__P011.jpg,0.918144,25.617799,ok
EES0423737__X2D__Y15__P012.jpg,0.855583,23.860951,ok
EES0423737__X2D__Y21__P013.jpg,0.880587,26.613679,ok
EES0423737__X2D__Y27__P014.jpg,0.917770,24.722778,ok
EES0423737__X2D__Y2A__P015.jpg,0.831801,22.329291,ok
EES0423737__X2D__Y2D__P016.jpg,0.870086,25.272551,ok
EES0423737__X2D__Y30__P017.jpg,0.958659,32.296281,ok
EES0423737__X2D__Y33__P018.jpg,0.887475,24.598305,ok
EES0423737__X2D__Y36__P019.jpg,0.823305,23.955780,ok
EES0423737__X2D__Y39__P020.jpg,0.868580,24.829806,ok
EES0423737__X2D__Y3C__P021.jpg,0.922077,28.871805,ok
EES0423737__X2D__Y3F__P022.jpg,0.878064,23.408299,ok
EES0423737__X2D__Y42__P023.jpg,0.909318,24.789514,ok
EES0423737__X30__Y18__P024.jpg,0.853220,22.305861,ok
EES0423737__X30__Y27__P025.jpg,0.908384,29.353542,ok
EES0423738__X0C__Y2A__P001.jpg,0.833080,24.350867,ok
EES0423738__X0C__Y30__P002.jpg,0.826610,23.215796,ok
EES0423738__X0F__Y1B__P003.jpg,0.809125,22.949938,ok
EES0423738__X0F__Y1E__P004.jpg,0.788600,23.473573,ok
EES0423738__X12__Y1B__P005.jpg,0.874662,24.586622,ok
EES0423738__X1B__Y42__P006.jpg,0.906753,23.862309,ok
EES0423738__X1E__Y09__P007.jpg,0.862093,22.885781,ok
EES0423738__X21__Y06__P008.jpg,0.955181,25.451686,ok
EES0423738__X21__Y09__P009.jpg,0.921847,24.871981,ok
EES0423738__X21__Y1B__P010.jpg,0.809634,22.912738,ok
EES0423738__X24__Y45__P011.jpg,0.966642,32.689949,ok
EES0423738__X27__Y06__P012.jpg,0.814580,23.279169,ok
EES0423738__X27__Y45__P013.jpg,0.964986,36.451149,ok
EES0423738__X2A__Y06__P014.jpg,0.869673,25.037569,ok
EES0423738__X2A__Y45__P015.jpg,0.971667,31.075627,ok
EES0423738__X2D__Y06__P016.jpg,0.873632,25.060257,ok
EES0423738__X2D__Y3F__P017.jpg,0.844178,23.882708,ok
EES0423738__X30__Y06__P018.jpg,0.934101,25.376553,ok
EES0423738__X33__Y3F__P019.jpg,0.862382,24.227636,ok
EES0423738__X33__Y42__P020.jpg,0.913789,27.163062,ok
EES0423738__X36__Y09__P021.jpg,0.855402,22.831491,ok
EES0423738__X3F__Y39__P022.jpg,0.919902,25.177052,ok
EES0423738__X0C__Y0C__P023.jpg,0.943532,26.445635,ok
EES0423738__X12__Y09__P024.jpg,0.977814,28.460581,ok
EES0423738__X1B__Y06__P025.jpg,0.918939,25.916922,ok
EES0423739__X0F__Y0C__P001.jpg,0.980911,32.681378,ok
EES0423739__X0F__Y0F__P002.jpg,0.903550,27.182890,ok
EES0423739__X0F__Y12__P003.jpg,0.783283,22.321439,ok
EES0423739__X0F__Y42__P004.jpg,0.935126,25.112322,ok
EES0423739__X12__Y0C__P005.jpg,0.868724,25.845983,ok
EES0423739__X12__Y12__P006.jpg,0.828970,23.074120,ok
EES0423739__X15__Y0C__P007.jpg,0.899134,29.598470,ok
EES0423739__X15__Y45__P008.jpg,0.960507,32.085877,ok
EES0423739__X18__Y09__P009.jpg,0.966854,36.924294,ok
EES0423739__X18__Y0C__P010.jpg,0.976344,32.639226,ok
EES0423739__X18__Y45__P011.jpg,0.792140,24.135881,ok
EES0423739__X1B__Y09__P012.jpg,0.965195,33.347627,ok
EES0423739__X1B__Y0C__P013.jpg,0.819489,23.793212,ok
EES0423739__X1B__Y0F__P014.jpg,0.715446,21.394597,ok
EES0423739__X1E__Y09__P015.jpg,0.876745,25.298064,ok
EES0423739__X1E__Y0C__P016.jpg,0.757129,24.148574,ok
EES0423739__X21__Y09__P017.jpg,0.852259,25.948114,ok
EES0423739__X21__Y0C__P018.jpg,0.777217,22.009312,ok
EES0423739__X24__Y09__P019.jpg,0.877926,26.211124,ok
EES0423739__X27__Y09__P020.jpg,0.824244,23.823709,ok
EES0423739__X27__Y2A__P021.jpg,0.780348,21.634854,ok
EES0423739__X27__Y45__P022.jpg,0.824676,23.495842,ok
EES0423739__X2A__Y09__P023.jpg,0.861889,26.490460,ok
EES0423739__X2A__Y0C__P024.jpg,0.864180,24.413883,ok
EES0423739__X2A__Y45__P025.jpg,0.819703,22.511644,ok
EES0423740__X0F__Y2D__P001.jpg,0.772604,21.573514,ok
EES0423740__X0F__Y30__P002.jpg,0.862355,23.977441,ok
EES0423740__X0F__Y33__P003.jpg,0.869184,23.402423,ok
EES0423740__X0F__Y36__P004.jpg,0.818695,25.808257,ok
EES0423740__X0F__Y39__P005.jpg,0.830376,26.509948,ok
EES0423740__X0F__Y3C__P006.jpg,0.786144,23.220538,ok
EES0423740__X12__Y36__P007.jpg,0.852900,22.648497,ok
EES0423740__X12__Y39__P008.jpg,0.829098,22.557505,ok
EES0423740__X12__Y3C__P009.jpg,0.852587,23.188759,ok
EES0423740__X15__Y0C__P010.jpg,0.926433,24.600397,ok
EES0423740__X15__Y36__P011.jpg,0.833074,24.486084,ok
EES0423740__X15__Y3C__P012.jpg,0.783191,21.649219,ok
EES0423740__X18__Y36__P013.jpg,0.792168,22.557778,ok
EES0423740__X18__Y39__P014.jpg,0.873627,26.204258,ok
EES0423740__X18__Y3F__P015.jpg,0.830281,22.477718,ok
EES0423740__X18__Y42__P016.jpg,0.813703,24.427537,ok
EES0423740__X18__Y45__P017.jpg,0.971496,35.144849,ok
EES0423740__X1B__Y42__P018.jpg,0.806456,22.652385,ok
EES0423740__X1B__Y45__P019.jpg,0.882683,27.658146,ok
EES0423740__X1E__Y09__P020.jpg,0.841452,25.030485,ok
EES0423740__X1E__Y45__P021.jpg,0.916838,30.217380,ok
EES0423740__X21__Y09__P022.jpg,0.865191,25.663535,ok
EES0423740__X21__Y45__P023.jpg,0.883238,25.603564,ok
EES0423740__X24__Y09__P024.jpg,0.941388,29.836141,ok
EES0423740__X24__Y39__P025.jpg,0.878129,22.934907,ok
EES0423741__X0F__Y30__P001.jpg,0.869973,22.669836,ok
EES0423741__X0F__Y36__P002.jpg,0.804300,22.054180,ok
EES0423741__X12__Y15__P003.jpg,0.898418,25.619662,ok
EES0423741__X12__Y36__P004.jpg,0.847319,24.789791,ok
EES0423741__X15__Y0F__P005.jpg,0.911071,25.748120,ok
EES0423741__X18__Y36__P006.jpg,0.888176,23.761875,ok
EES0423741__X1E__Y0C__P007.jpg,0.864726,24.603554,ok
EES0423741__X1E__Y0F__P008.jpg,0.841298,25.482963,ok
EES0423741__X21__Y0C__P009.jpg,0.900795,29.526632,ok
EES0423741__X21__Y0F__P010.jpg,0.845536,23.117643,ok
EES0423741__X21__Y2D__P011.jpg,0.886892,23.086290,ok
EES0423741__X24__Y0C__P012.jpg,0.897898,28.591662,ok
EES0423741__X24__Y18__P013.jpg,0.840507,22.471408,ok
EES0423741__X24__Y36__P014.jpg,0.830750,24.284653,ok
EES0423741__X27__Y0C__P015.jpg,0.908242,26.083597,ok
EES0423741__X2A__Y0C__P016.jpg,0.925845,27.957887,ok
EES0423741__X2D__Y0C__P017.jpg,0.889024,29.899319,ok
EES0423741__X2D__Y0F__P018.jpg,0.859451,24.069591,ok
EES0423741__X30__Y0C__P019.jpg,0.881182,29.153704,ok
EES0423741__X30__Y18__P020.jpg,0.891604,26.152694,ok
EES0423741__X30__Y1B__P021.jpg,0.874709,23.002610,ok
EES0423741__X33__Y1E__P022.jpg,0.818806,23.559914,ok
EES0423741__X36__Y0F__P023.jpg,0.823215,23.176127,ok
EES0423741__X3C__Y15__P024.jpg,0.783240,22.717190,ok
EES0423741__X3C__Y27__P025.jpg,0.890851,22.701020,ok
EES0423742__X3C__Y33__P001.jpg,0.881565,27.351248,ok
EES0423742__X3F__Y21__P002.jpg,0.901466,26.143801,ok
EES0423742__X3F__Y33__P003.jpg,0.955915,30.805425,ok
EES0423742__X09__Y21__P004.jpg,0.855077,25.733944,ok
EES0423742__X09__Y24__P005.jpg,0.788122,23.973435,ok
EES0423742__X09__Y27__P006.jpg,0.841131,25.270287,ok
EES0423742__X09__Y2D__P007.jpg,0.809684,23.417888,ok
EES0423742__X09__Y30__P008.jpg,0.907181,30.028763,ok
EES0423742__X09__Y33__P009.jpg,0.960276,31.557172,ok
EES0423742__X0C__Y39__P010.jpg,0.884587,24.195086,ok
EES0423742__X0F__Y15__P011.jpg,0.943028,25.792605,ok
EES0423742__X0F__Y24__P012.jpg,0.881233,23.262827,ok
EES0423742__X0F__Y39__P013.jpg,0.756531,23.951112,ok
EES0423742__X0F__Y3C__P014.jpg,0.930790,25.203004,ok
EES0423742__X12__Y33__P015.jpg,0.791111,21.850183,ok
EES0423742__X12__Y39__P016.jpg,0.855603,23.555218,ok
EES0423742__X15__Y0F__P017.jpg,0.899885,22.704327,ok
EES0423742__X15__Y42__P018.jpg,0.927788,24.828901,ok
EES0423742__X1B__Y45__P019.jpg,0.911799,27.374742,ok
EES0423742__X1E__Y0C__P020.jpg,0.888077,27.865451,ok
EES0423742__X1E__Y39__P021.jpg,0.893792,25.222462,ok
EES0423742__X1E__Y45__P022.jpg,0.825230,23.597733,ok
EES0423742__X21__Y0C__P023.jpg,0.907756,27.265887,ok
EES0423742__X24__Y0C__P024.jpg,0.910209,26.093000,ok
EES0423742__X24__Y21__P025.jpg,0.830058,22.069404,ok
EES0423743__X24__Y3C__P001.jpg,0.876437,22.924158,ok
EES0423743__X24__Y45__P002.jpg,0.862824,25.327495,ok
EES0423743__X27__Y0C__P003.jpg,0.804676,22.394967,ok
EES0423743__X27__Y45__P004.jpg,0.841911,24.494216,ok
EES0423743__X2A__Y0C__P005.jpg,0.930555,24.416703,ok
EES0423743__X2A__Y45__P006.jpg,0.852252,24.513246,ok
EES0423743__X2D__Y18__P007.jpg,0.869540,22.532375,ok
EES0423743__X2D__Y45__P008.jpg,0.863254,26.473006,ok
EES0423743__X30__Y0F__P009.jpg,0.876454,22.986159,ok
EES0423743__X30__Y45__P010.jpg,0.893742,25.904197,ok
EES0423743__X33__Y0F__P011.jpg,0.952771,29.133245,ok
EES0423743__X33__Y45__P012.jpg,0.847285,25.931209,ok
EES0423743__X36__Y15__P013.jpg,0.817132,22.353369,ok
EES0423743__X36__Y42__P014.jpg,0.818658,22.788177,ok
EES0423743__X36__Y45__P015.jpg,0.978329,33.986748,ok
EES0423743__X39__Y1E__P016.jpg,0.952053,26.916539,ok
EES0423743__X39__Y3C__P017.jpg,0.858840,22.860102,ok
EES0423743__X39__Y3F__P018.jpg,0.838635,22.236894,ok
EES0423743__X39__Y42__P019.jpg,0.893470,24.898945,ok
EES0423743__X3C__Y30__P020.jpg,0.862292,23.593739,ok
EES0423743__X3C__Y3F__P021.jpg,0.864657,23.357383,ok
EES0423743__X3F__Y18__P022.jpg,0.972044,28.980411,ok
EES0423743__X3F__Y27__P023.jpg,0.916702,24.202743,ok
EES0423743__X3F__Y3C__P024.jpg,0.858875,23.270425,ok
EES0423743__X42__Y1E__P025.jpg,0.916040,26.153975,ok
EES0423744__X0F__Y39__P001.jpg,0.867307,22.534619,ok
EES0423744__X12__Y33__P002.jpg,0.840771,22.553342,ok
EES0423744__X15__Y09__P003.jpg,0.880525,24.020598,ok
EES0423744__X18__Y09__P004.jpg,0.840603,24.826369,ok
EES0423744__X18__Y15__P005.jpg,0.858574,22.796804,ok
EES0423744__X18__Y2D__P006.jpg,0.830330,23.243718,ok
EES0423744__X18__Y30__P007.jpg,0.952955,33.834620,ok
EES0423744__X18__Y33__P008.jpg,0.882776,23.132858,ok
EES0423744__X18__Y36__P009.jpg,0.897138,23.342157,ok
EES0423744__X18__Y39__P010.jpg,0.885809,23.353750,ok
EES0423744__X18__Y3C__P011.jpg,0.899776,26.439068,ok
EES0423744__X1B__Y09__P012.jpg,0.891778,26.443230,ok
EES0423744__X1B__Y15__P013.jpg,0.787019,22.277154,ok
EES0423744__X1B__Y30__P014.jpg,0.852305,23.963241,ok
EES0423744__X1B__Y33__P015.jpg,0.884473,26.452456,ok
EES0423744__X1B__Y36__P016.jpg,0.881976,24.363662,ok
EES0423744__X1E__Y09__P017.jpg,0.857799,23.647521,ok
EES0423744__X1E__Y18__P018.jpg,0.869325,25.852307,ok
EES0423744__X1E__Y1B__P019.jpg,0.792227,23.401673,ok
EES0423744__X1E__Y21__P020.jpg,0.805764,25.261919,ok
EES0423744__X1E__Y24__P021.jpg,0.865007,24.037976,ok
EES0423744__X1E__Y33__P022.jpg,0.809798,23.286023,ok
EES0423744__X21__Y1B__P023.jpg,0.803098,22.917699,ok
EES0423744__X21__Y1E__P024.jpg,0.947514,29.708183,ok
EES0423744__X21__Y21__P025.jpg,0.859893,25.288796,ok
EES0423745__X24__Y09__P001.jpg,0.873605,24.105858,ok
EES0423745__X24__Y27__P002.jpg,0.916574,24.993333,ok
EES0423745__X36__Y21__P003.jpg,0.900268,23.192260,ok
EES0423745__X39__Y27__P004.jpg,0.916444,24.618311,ok
EES0423745__X3C__Y27__P005.jpg,0.846197,25.310527,ok
EES0423745__X3C__Y2A__P006.jpg,0.892965,23.484292,ok
EES0423745__X06__Y1E__P007.jpg,0.940360,27.964924,ok
EES0423745__X06__Y27__P008.jpg,0.849500,23.536608,ok
EES0423745__X09__Y18__P009.jpg,0.916479,26.642118,ok
EES0423745__X09__Y1B__P010.jpg,0.876953,25.533551,ok
EES0423745__X0C__Y18__P011.jpg,0.781559,21.721528,ok
EES0423745__X0C__Y1B__P012.jpg,0.848203,25.683280,ok
EES0423745__X0F__Y15__P013.jpg,0.837958,23.150547,ok
EES0423745__X0F__Y18__P014.jpg,0.795497,23.059911,ok
EES0423745__X0F__Y1B__P015.jpg,0.902336,27.493103,ok
EES0423745__X12__Y15__P016.jpg,0.875435,24.505162,ok
EES0423745__X12__Y18__P017.jpg,0.917521,25.589992,ok
EES0423745__X15__Y0F__P018.jpg,0.817595,22.026130,ok
EES0423745__X15__Y1B__P019.jpg,0.890133,23.314117,ok
EES0423745__X18__Y0C__P020.jpg,0.921939,24.278724,ok
EES0423745__X18__Y45__P021.jpg,0.878868,26.494077,ok
EES0423745__X1B__Y0C__P022.jpg,0.914025,26.994423,ok
EES0423745__X1B__Y0F__P023.jpg,0.802697,24.420547,ok
EES0423745__X1B__Y12__P024.jpg,0.892354,24.651653,ok
EES0423745__X1E__Y0C__P025.jpg,0.862230,26.632657,ok
EES0423746__X06__Y24__P001.jpg,0.763553,22.561600,ok
EES0423746__X06__Y2A__P002.jpg,0.945699,29.373362,ok
EES0423746__X06__Y2D__P003.jpg,0.863716,23.103504,ok
EES0423746__X09__Y27__P004.jpg,0.905912,25.195331,ok
EES0423746__X09__Y36__P005.jpg,0.838794,23.870430,ok
EES0423746__X0C__Y12__P006.jpg,0.917879,22.899911,ok
EES0423746__X0C__Y36__P007.jpg,0.850028,25.376616,ok
EES0423746__X0C__Y39__P008.jpg,0.815615,22.496145,ok
EES0423746__X0F__Y0F__P009.jpg,0.971296,31.502433,ok
EES0423746__X0F__Y36__P010.jpg,0.863341,27.476809,ok
EES0423746__X0F__Y39__P011.jpg,0.898964,29.340215,ok
EES0423746__X0F__Y3F__P012.jpg,0.888671,24.571256,ok
EES0423746__X12__Y36__P013.jpg,0.848823,23.056564,ok
EES0423746__X12__Y39__P014.jpg,0.863651,23.351006,ok
EES0423746__X12__Y3F__P015.jpg,0.876133,22.619300,ok
EES0423746__X15__Y42__P016.jpg,0.903872,23.591974,ok
EES0423746__X18__Y0C__P017.jpg,0.862223,25.874102,ok
EES0423746__X1B__Y0C__P018.jpg,0.803887,24.289201,ok
EES0423746__X1B__Y3F__P019.jpg,0.836479,27.657244,ok
EES0423746__X1B__Y42__P020.jpg,0.870890,24.615856,ok
EES0423746__X1B__Y45__P021.jpg,0.842672,26.564517,ok
EES0423746__X1E__Y42__P022.jpg,0.853233,22.537440,ok
EES0423746__X1E__Y45__P023.jpg,0.808618,23.551385,ok
EES0423746__X21__Y0C__P024.jpg,0.806735,22.132342,ok
EES0423746__X21__Y45__P025.jpg,0.893328,26.441187,ok
EES0423747__X24__Y0C__P001.jpg,0.724474,22.835602,ok
EES0423747__X24__Y45__P002.jpg,0.854121,24.282042,ok
EES0423747__X27__Y0C__P003.jpg,0.870931,23.635690,ok
EES0423747__X27__Y45__P004.jpg,0.850457,23.500024,ok
EES0423747__X2A__Y0C__P005.jpg,0.965611,30.662483,ok
EES0423747__X2A__Y3F__P006.jpg,0.906386,23.652830,ok
EES0423747__X30__Y0F__P007.jpg,0.954098,26.869911,ok
EES0423747__X30__Y39__P008.jpg,0.860080,23.924632,ok
EES0423747__X30__Y3C__P009.jpg,0.850969,23.579964,ok
EES0423747__X36__Y39__P010.jpg,0.849983,22.506133,ok
EES0423747__X36__Y3F__P011.jpg,0.912315,23.288258,ok
EES0423747__X3F__Y21__P012.jpg,0.912021,28.716917,ok
EES0423747__X3F__Y24__P013.jpg,0.796768,22.615972,ok
EES0423747__X3F__Y27__P014.jpg,0.873890,26.408193,ok
EES0423747__X3F__Y2A__P015.jpg,0.833990,23.952499,ok
EES0423747__X03__Y1E__P016.jpg,0.904519,27.629635,ok
EES0423747__X03__Y21__P017.jpg,0.852113,23.474263,ok
EES0423747__X03__Y2D__P018.jpg,0.833679,22.471503,ok
EES0423747__X03__Y30__P019.jpg,0.847503,24.804177,ok
EES0423747__X03__Y33__P020.jpg,0.826322,22.372643,ok
EES0423747__X03__Y36__P021.jpg,0.876944,26.949218,ok
EES0423747__X03__Y39__P022.jpg,0.939488,30.010952,ok
EES0423747__X06__Y18__P023.jpg,0.955600,27.963202,ok
EES0423747__X06__Y2D__P024.jpg,0.800892,23.186714,ok
EES0423747__X06__Y30__P025.jpg,0.832919,25.143734,ok
EES0423748__X06__Y33__P001.jpg,0.860539,23.804327,ok
EES0423748__X06__Y36__P002.jpg,0.867788,25.937794,ok
EES0423748__X06__Y39__P003.jpg,0.826427,24.189136,ok
EES0423748__X06__Y3F__P004.jpg,0.908746,24.155158,ok
EES0423748__X09__Y15__P005.jpg,0.890801,23.161643,ok
EES0423748__X09__Y33__P006.jpg,0.868548,23.239455,ok
EES0423748__X0F__Y2A__P007.jpg,0.751612,21.363022,ok
EES0423748__X15__Y0C__P008.jpg,0.984954,30.630714,ok
EES0423748__X15__Y27__P009.jpg,0.761345,21.615002,ok
EES0423748__X1B__Y1B__P010.jpg,0.810065,22.460650,ok
EES0423748__X2A__Y0C__P011.jpg,0.926230,28.960048,ok
EES0423748__X2A__Y15__P012.jpg,0.760364,21.525592,ok
EES0423748__X2D__Y0C__P013.jpg,0.965887,36.637770,ok
EES0423748__X30__Y0F__P014.jpg,0.944581,24.848871,ok
EES0423748__X30__Y1E__P015.jpg,0.791763,22.435556,ok
EES0423748__X33__Y1E__P016.jpg,0.822373,24.837644,ok
EES0423748__X33__Y21__P017.jpg,0.843698,25.800563,ok
EES0423748__X36__Y1E__P018.jpg,0.803479,23.595521,ok
EES0423748__X36__Y21__P019.jpg,0.859982,23.570356,ok
EES0423748__X39__Y18__P020.jpg,0.894886,22.990103,ok
EES0423748__X39__Y1B__P021.jpg,0.862819,23.131603,ok
EES0423748__X39__Y1E__P022.jpg,0.801831,22.188411,ok
EES0423748__X3C__Y1B__P023.jpg,0.842362,22.513927,ok
EES0423748__X3C__Y1E__P024.jpg,0.890749,23.372006,ok
EES0423748__X3C__Y21__P025.jpg,0.866105,23.197729,ok
EES0423749__X0C__Y15__P001.jpg,0.853963,22.940435,ok
EES0423749__X0F__Y12__P002.jpg,0.849423,23.059250,ok
EES0423749__X12__Y0F__P003.jpg,0.862937,23.662650,ok
EES0423749__X15__Y09__P004.jpg,0.860210,24.246360,ok
EES0423749__X18__Y09__P005.jpg,0.906483,26.131836,ok
EES0423749__X1E__Y09__P006.jpg,0.911175,23.976389,ok
EES0423749__X21__Y3F__P007.jpg,0.862908,25.330443,ok
EES0423749__X24__Y3F__P008.jpg,0.791420,22.749016,ok
EES0423749__X27__Y09__P009.jpg,0.829428,22.482693,ok
EES0423749__X2A__Y09__P010.jpg,0.925319,28.863189,ok
EES0423749__X2A__Y3F__P011.jpg,0.805490,22.479182,ok
EES0423749__X2D__Y09__P012.jpg,0.742629,21.639002,ok
EES0423749__X2D__Y0C__P013.jpg,0.816325,22.811852,ok
EES0423749__X30__Y09__P014.jpg,0.883741,25.338653,ok
EES0423749__X33__Y09__P015.jpg,0.921932,25.748552,ok
EES0423749__X33__Y0C__P016.jpg,0.806913,24.077838,ok
EES0423749__X36__Y09__P017.jpg,0.851930,22.684459,ok
EES0423749__X36__Y0C__P018.jpg,0.894125,26.167838,ok
EES0423749__X36__Y0F__P019.jpg,0.845376,22.485859,ok
EES0423749__X36__Y1B__P020.jpg,0.822885,22.941658,ok
EES0423749__X36__Y21__P021.jpg,0.839454,23.585795,ok
EES0423749__X36__Y33__P022.jpg,0.757255,21.647534,ok
EES0423749__X39__Y09__P023.jpg,0.924776,26.844320,ok
EES0423749__X39__Y0C__P024.jpg,0.903287,27.164187,ok
EES0423749__X3C__Y0C__P025.jpg,0.913686,25.305714,ok
EES0423750__X0F__Y30__P001.jpg,0.901060,25.297792,ok
EES0423750__X0F__Y36__P002.jpg,0.865847,24.206809,ok
EES0423750__X0F__Y39__P003.jpg,0.916924,27.184344,ok
EES0423750__X0F__Y3C__P004.jpg,0.844244,22.942734,ok
EES0423750__X12__Y1B__P005.jpg,0.832329,23.431255,ok
EES0423750__X12__Y24__P006.jpg,0.942025,30.403070,ok
EES0423750__X12__Y27__P007.jpg,0.882218,26.018035,ok
EES0423750__X12__Y30__P008.jpg,0.793319,22.660028,ok
EES0423750__X12__Y36__P009.jpg,0.904103,25.158692,ok
EES0423750__X12__Y39__P010.jpg,0.892962,25.369291,ok
EES0423750__X12__Y3C__P011.jpg,0.922357,28.337458,ok
EES0423750__X15__Y12__P012.jpg,0.889034,25.831580,ok
EES0423750__X15__Y21__P013.jpg,0.877357,24.894166,ok
EES0423750__X15__Y24__P014.jpg,0.843671,24.383026,ok
EES0423750__X15__Y27__P015.jpg,0.797203,23.072025,ok
EES0423750__X15__Y30__P016.jpg,0.888668,25.010240,ok
EES0423750__X15__Y36__P017.jpg,0.936711,28.329911,ok
EES0423750__X15__Y39__P018.jpg,0.836290,24.108007,ok
EES0423750__X18__Y2A__P019.jpg,0.808756,23.713159,ok
EES0423750__X18__Y30__P020.jpg,0.829435,22.370073,ok
EES0423750__X18__Y36__P021.jpg,0.894070,27.771641,ok
EES0423750__X18__Y3C__P022.jpg,0.897491,26.210005,ok
EES0423750__X1B__Y0F__P023.jpg,0.845590,24.705817,ok
EES0423750__X1B__Y1B__P024.jpg,0.890610,23.872803,ok
EES0423750__X1B__Y27__P025.jpg,0.867858,26.496331,ok
EES0423751__X06__Y30__P001.jpg,0.886448,28.555141,ok
EES0423751__X06__Y33__P002.jpg,0.917894,28.636998,ok
EES0423751__X09__Y36__P003.jpg,0.908482,25.696745,ok
EES0423751__X0C__Y15__P004.jpg,0.836487,23.324699,ok
EES0423751__X0C__Y24__P005.jpg,0.853367,23.467638,ok
EES0423751__X0C__Y33__P006.jpg,0.869578,23.123947,ok
EES0423751__X0C__Y36__P007.jpg,0.853468,23.368863,ok
EES0423751__X0C__Y3C__P008.jpg,0.856668,22.378273,ok
EES0423751__X0F__Y15__P009.jpg,0.840068,22.593111,ok
EES0423751__X0F__Y18__P010.jpg,0.809891,22.459808,ok
EES0423751__X0F__Y1B__P011.jpg,0.781558,21.906887,ok
EES0423751__X0F__Y36__P012.jpg,0.864648,26.573568,ok
EES0423751__X0F__Y3C__P013.jpg,0.865192,22.623116,ok
EES0423751__X0F__Y3F__P014.jpg,0.872116,24.422025,ok
EES0423751__X15__Y09__P015.jpg,0.976996,33.561647,ok
EES0423751__X15__Y3C__P016.jpg,0.899719,24.629609,ok
EES0423751__X18__Y09__P017.jpg,0.850808,25.462537,ok
EES0423751__X18__Y42__P018.jpg,0.886268,23.686339,ok
EES0423751__X1B__Y09__P019.jpg,0.812122,23.407213,ok
EES0423751__X1B__Y0C__P020.jpg,0.814509,23.043750,ok
EES0423751__X1E__Y39__P021.jpg,0.888570,23.869087,ok
EES0423751__X1E__Y42__P022.jpg,0.883332,23.327799,ok
EES0423751__X21__Y3C__P023.jpg,0.814888,22.936103,ok
EES0423751__X21__Y3F__P024.jpg,0.902925,26.539190,ok
EES0423751__X21__Y42__P025.jpg,0.896940,24.060593,ok
EES0423752__X1E__Y15__P001.jpg,0.930303,27.333453,ok
EES0423752__X1E__Y27__P002.jpg,0.873108,24.038842,ok
EES0423752__X1E__Y2A__P003.jpg,0.874830,24.010643,ok
EES0423752__X1E__Y42__P004.jpg,0.879721,24.088880,ok
EES0423752__X21__Y1B__P005.jpg,0.865383,23.808553,ok
EES0423752__X21__Y21__P006.jpg,0.933204,30.379181,ok
EES0423752__X21__Y42__P007.jpg,0.945208,29.128479,ok
EES0423752__X24__Y21__P008.jpg,0.922320,26.013433,ok
EES0423752__X24__Y24__P009.jpg,0.742549,21.533810,ok
EES0423752__X24__Y3C__P010.jpg,0.924430,24.406212,ok
EES0423752__X27__Y2D__P011.jpg,0.820141,21.983785,ok
EES0423752__X27__Y30__P012.jpg,0.844175,24.190730,ok
EES0423752__X2A__Y12__P013.jpg,0.862190,24.066054,ok
EES0423752__X2A__Y1E__P014.jpg,0.813849,22.073965,ok
EES0423752__X2A__Y21__P015.jpg,0.864624,23.973765,ok
EES0423752__X2A__Y2D__P016.jpg,0.923710,27.830251,ok
EES0423752__X2A__Y30__P017.jpg,0.824176,23.944309,ok
EES0423752__X2A__Y36__P018.jpg,0.863850,22.740370,ok
EES0423752__X2D__Y12__P019.jpg,0.902674,25.519358,ok
EES0423752__X2D__Y1B__P020.jpg,0.925119,26.402123,ok
EES0423752__X2D__Y21__P021.jpg,0.936859,26.501421,ok
EES0423752__X2D__Y2D__P022.jpg,0.963734,29.724829,ok
EES0423752__X2D__Y30__P023.jpg,0.820339,23.470832,ok
EES0423752__X2D__Y3C__P024.jpg,0.888346,24.247970,ok
EES0423752__X30__Y27__P025.jpg,0.927467,23.410779,ok
EES0423753__X09__Y27__P001.jpg,0.922311,28.034286,ok
EES0423753__X09__Y2A__P002.jpg,0.916080,28.978678,ok
EES0423753__X09__Y2D__P003.jpg,0.852255,23.752533,ok
EES0423753__X0C__Y18__P004.jpg,0.939810,26.301570,ok
EES0423753__X0C__Y1B__P005.jpg,0.869105,25.289262,ok
EES0423753__X0C__Y1E__P006.jpg,0.850049,25.130320,ok
EES0423753__X0C__Y21__P007.jpg,0.924416,24.789209,ok
EES0423753__X0C__Y2A__P008.jpg,0.898386,24.302094,ok
EES0423753__X0F__Y12__P009.jpg,0.895746,23.876319,ok
EES0423753__X0F__Y27__P010.jpg,0.888455,26.056254,ok
EES0423753__X0F__Y33__P011.jpg,0.833060,25.562698,ok
EES0423753__X0F__Y36__P012.jpg,0.859858,25.892509,ok
EES0423753__X12__Y24__P013.jpg,0.850108,25.202069,ok
EES0423753__X12__Y36__P014.jpg,0.872487,26.085523,ok
EES0423753__X15__Y36__P015.jpg,0.859179,24.059022,ok
EES0423753__X18__Y0C__P016.jpg,0.892935,25.377105,ok
EES0423753__X18__Y1B__P017.jpg,0.877602,28.813357,ok
EES0423753__X18__Y1E__P018.jpg,0.782132,21.740610,ok
EES0423753__X1B__Y0C__P019.jpg,0.886693,26.411401,ok
EES0423753__X1B__Y30__P020.jpg,0.830309,24.288652,ok
EES0423753__X1E__Y0C__P021.jpg,0.915562,27.013751,ok
EES0423753__X21__Y0C__P022.jpg,0.849698,23.965802,ok
EES0423753__X24__Y1E__P023.jpg,0.861758,22.697474,ok
EES0423753__X24__Y24__P024.jpg,0.896708,25.220540,ok
EES0423753__X27__Y09__P025.jpg,0.916861,27.604004,ok
EES0423754__X27__Y0C__P001.jpg,0.904650,26.138528,ok
EES0423754__X27__Y0F__P002.jpg,0.848266,22.217902,ok
EES0423754__X27__Y24__P003.jpg,0.818417,22.186319,ok
EES0423754__X27__Y27__P004.jpg,0.873524,23.475235,ok
EES0423754__X2A__Y12__P005.jpg,0.883741,23.492720,ok
EES0423754__X2A__Y3F__P006.jpg,0.893546,22.890671,ok
EES0423754__X2D__Y0C__P007.jpg,0.817564,22.620780,ok
EES0423754__X2D__Y12__P008.jpg,0.867587,24.493951,ok
EES0423754__X2D__Y1B__P009.jpg,0.871410,24.304588,ok
EES0423754__X2D__Y1E__P010.jpg,0.814806,22.187198,ok
EES0423754__X2D__Y27__P011.jpg,0.859955,25.630157,ok
EES0423754__X2D__Y2A__P012.jpg,0.832768,24.014506,ok
EES0423754__X2D__Y42__P013.jpg,0.841596,22.503824,ok
EES0423754__X30__Y0C__P014.jpg,0.954054,32.195613,ok
EES0423754__X30__Y0F__P015.jpg,0.857667,25.579493,ok
EES0423754__X30__Y12__P016.jpg,0.864595,23.665145,ok
EES0423754__X30__Y15__P017.jpg,0.935596,27.384102,ok
EES0423754__X30__Y18__P018.jpg,0.728765,21.622574,ok
EES0423754__X30__Y27__P019.jpg,0.860284,24.165181,ok
EES0423754__X33__Y0C__P020.jpg,0.892707,28.404016,ok
EES0423754__X33__Y0F__P021.jpg,0.890065,27.486365,ok
EES0423754__X33__Y12__P022.jpg,0.869109,23.568803,ok
EES0423754__X36__Y0F__P023.jpg,0.953062,27.446230,ok
EES0423754__X36__Y12__P024.jpg,0.941579,27.385670,ok
EES0423754__X36__Y15__P025.jpg,0.864997,23.384427,ok
EES0423755__X33__Y24__P001.jpg,0.916977,25.839693,ok
EES0423755__X33__Y27__P002.jpg,0.837319,23.653163,ok
EES0423755__X33__Y33__P003.jpg,0.895670,23.603881,ok
EES0423755__X36__Y12__P004.jpg,0.853877,22.555361,ok
EES0423755__X36__Y15__P005.jpg,0.937990,29.848280,ok
EES0423755__X36__Y1E__P006.jpg,0.846654,23.086004,ok
EES0423755__X36__Y21__P007.jpg,0.901058,25.233268,ok
EES0423755__X36__Y24__P008.jpg,0.891324,25.391341,ok
EES0423755__X36__Y27__P009.jpg,0.860111,22.978956,ok
EES0423755__X39__Y24__P010.jpg,0.924020,25.991161,ok
EES0423755__X3C__Y24__P011.jpg,0.904672,24.105650,ok
EES0423755__X03__Y21__P012.jpg,0.895808,25.982692,ok
EES0423755__X03__Y24__P013.jpg,0.912052,26.685014,ok
EES0423755__X03__Y33__P014.jpg,0.952194,32.008366,ok
EES0423755__X06__Y30__P015.jpg,0.895549,26.241273,ok
EES0423755__X06__Y36__P016.jpg,0.886417,26.810254,ok
EES0423755__X09__Y3C__P017.jpg,0.970785,31.289522,ok
EES0423755__X0C__Y12__P018.jpg,0.862721,22.799621,ok
EES0423755__X0C__Y15__P019.jpg,0.836829,24.267109,ok
EES0423755__X0C__Y36__P020.jpg,0.792169,21.911756,ok
EES0423755__X0C__Y3F__P021.jpg,0.944084,26.627430,ok
EES0423755__X0F__Y15__P022.jpg,0.839195,24.516053,ok
EES0423755__X0F__Y42__P023.jpg,0.976225,29.116743,ok
EES0423755__X12__Y15__P024.jpg,0.909560,25.885149,ok
EES0423755__X12__Y30__P025.jpg,0.764900,22.108840,ok
EES0423756__X15__Y0F__P001.jpg,0.826133,24.134343,ok
EES0423756__X15__Y15__P002.jpg,0.892760,24.907098,ok
EES0423756__X15__Y18__P003.jpg,0.794261,23.725800,ok
EES0423756__X15__Y1B__P004.jpg,0.837660,23.194643,ok
EES0423756__X15__Y21__P005.jpg,0.828447,24.865038,ok
EES0423756__X15__Y24__P006.jpg,0.853543,25.828345,ok
EES0423756__X15__Y45__P007.jpg,0.963383,34.366233,ok
EES0423756__X18__Y0C__P008.jpg,0.914218,26.343092,ok
EES0423756__X18__Y18__P009.jpg,0.864952,24.934932,ok
EES0423756__X18__Y27__P010.jpg,0.826783,23.320204,ok
EES0423756__X18__Y2D__P011.jpg,0.872880,24.401065,ok
EES0423756__X18__Y33__P012.jpg,0.820155,22.985366,ok
EES0423756__X18__Y39__P013.jpg,0.819560,24.059330,ok
EES0423756__X18__Y3C__P014.jpg,0.918934,25.073649,ok
EES0423756__X18__Y45__P015.jpg,0.882920,24.118261,ok
EES0423756__X1B__Y0C__P016.jpg,0.814272,23.097309,ok
EES0423756__X1B__Y0F__P017.jpg,0.884482,24.712598,ok
EES0423756__X1B__Y1E__P018.jpg,0.856231,24.613105,ok
EES0423756__X1B__Y27__P019.jpg,0.858778,24.995400,ok
EES0423756__X1B__Y45__P020.jpg,0.882734,27.942472,ok
EES0423756__X1E__Y09__P021.jpg,0.901518,25.589790,ok
EES0423756__X21__Y09__P022.jpg,0.891882,24.504965,ok
EES0423756__X21__Y0F__P023.jpg,0.855700,23.665131,ok
EES0423756__X24__Y09__P024.jpg,0.875328,24.169325,ok
EES0423756__X27__Y42__P025.jpg,0.928807,23.748552,ok
EES0423757__X36__Y21__P001.jpg,0.958742,31.099725,ok
EES0423757__X36__Y24__P002.jpg,0.913764,27.094982,ok
EES0423757__X36__Y27__P003.jpg,0.838065,23.161905,ok
EES0423757__X39__Y1B__P004.jpg,0.939117,24.041009,ok
EES0423757__X39__Y1E__P005.jpg,0.866673,22.507224,ok
EES0423757__X39__Y21__P006.jpg,0.861977,24.334108,ok
EES0423757__X3C__Y1B__P007.jpg,0.936135,25.061360,ok
EES0423757__X3C__Y1E__P008.jpg,0.903359,23.531093,ok
EES0423757__X3C__Y21__P009.jpg,0.899212,24.737015,ok
EES0423757__X3C__Y24__P010.jpg,0.830524,22.789044,ok
EES0423757__X0C__Y1B__P011.jpg,0.907016,29.780368,ok
EES0423757__X0C__Y1E__P012.jpg,0.885864,27.513288,ok
EES0423757__X0C__Y21__P013.jpg,0.870091,26.754722,ok
EES0423757__X0C__Y24__P014.jpg,0.826377,22.786518,ok
EES0423757__X0C__Y27__P015.jpg,0.877974,27.411841,ok
EES0423757__X0C__Y2A__P016.jpg,0.830771,25.457943,ok
EES0423757__X0C__Y2D__P017.jpg,0.827245,24.671252,ok
EES0423757__X0C__Y30__P018.jpg,0.847335,26.381318,ok
EES0423757__X0C__Y39__P019.jpg,0.969241,31.464593,ok
EES0423757__X0F__Y18__P020.jpg,0.909037,25.837845,ok
EES0423757__X0F__Y1B__P021.jpg,0.882018,24.919002,ok
EES0423757__X0F__Y1E__P022.jpg,0.895485,25.330018,ok
EES0423757__X0F__Y21__P023.jpg,0.839356,24.445275,ok
EES0423757__X0F__Y24__P024.jpg,0.838444,25.196248,ok
EES0423757__X0F__Y27__P025.jpg,0.821125,26.196875,ok
EES0423758__X0F__Y30__P001.jpg,0.895680,27.226633,ok
EES0423758__X0F__Y33__P002.jpg,0.872459,26.727896,ok
EES0423758__X12__Y12__P003.jpg,0.899559,26.136190,ok
EES0423758__X12__Y15__P004.jpg,0.881464,25.325078,ok
EES0423758__X12__Y18__P005.jpg,0.871375,23.975440,ok
EES0423758__X12__Y1B__P006.jpg,0.829308,25.376380,ok
EES0423758__X12__Y27__P007.jpg,0.796657,23.936255,ok
EES0423758__X12__Y2A__P008.jpg,0.791969,23.709859,ok
EES0423758__X12__Y3F__P009.jpg,0.775342,23.390756,ok
EES0423758__X15__Y12__P010.jpg,0.913891,28.599463,ok
EES0423758__X15__Y15__P011.jpg,0.860177,26.866228,ok
EES0423758__X15__Y42__P012.jpg,0.947659,28.308013,ok
EES0423758__X18__Y0C__P013.jpg,0.953756,31.109299,ok
EES0423758__X18__Y0F__P014.jpg,0.921654,29.550044,ok
EES0423758__X18__Y12__P015.jpg,0.920406,30.007849,ok
EES0423758__X18__Y15__P016.jpg,0.820377,24.559097,ok
EES0423758__X18__Y1E__P017.jpg,0.756765,21.819686,ok
EES0423758__X1B__Y0C__P018.jpg,0.921871,30.261779,ok
EES0423758__X1B__Y0F__P019.jpg,0.921927,27.859822,ok
EES0423758__X1B__Y12__P020.jpg,0.916790,29.801143,ok
EES0423758__X1B__Y15__P021.jpg,0.791395,24.344804,ok
EES0423758__X1B__Y21__P022.jpg,0.789412,22.641879,ok
EES0423758__X1B__Y45__P023.jpg,0.961593,30.625868,ok
EES0423758__X1E__Y09__P024.jpg,0.823910,25.086342,ok
EES0423758__X1E__Y0C__P025.jpg,0.839725,24.891175,ok
EES0423759__X1E__Y12__P001.jpg,0.833264,23.993936,ok
EES0423759__X21__Y09__P002.jpg,0.906202,24.696596,ok
EES0423759__X21__Y0C__P003.jpg,0.913594,27.936487,ok
EES0423759__X21__Y0F__P004.jpg,0.882169,24.783595,ok
EES0423759__X21__Y12__P005.jpg,0.848331,24.424894,ok
EES0423759__X21__Y15__P006.jpg,0.784028,22.202317,ok
EES0423759__X24__Y09__P007.jpg,0.899858,27.168093,ok
EES0423759__X24__Y0C__P008.jpg,0.865035,25.801494,ok
EES0423759__X27__Y09__P009.jpg,0.839360,23.607360,ok
EES0423759__X27__Y0C__P010.jpg,0.898111,26.094430,ok
EES0423759__X27__Y12__P011.jpg,0.810577,23.480667,ok
EES0423759__X2A__Y09__P012.jpg,0.933406,28.921625,ok
EES0423759__X2A__Y0C__P013.jpg,0.921949,23.986950,ok
EES0423759__X2D__Y09__P014.jpg,0.906724,26.033322,ok
EES0423759__X2D__Y0C__P015.jpg,0.846006,24.070537,ok
EES0423759__X33__Y0C__P016.jpg,0.879893,23.284481,ok
EES0423759__X33__Y24__P017.jpg,0.808850,22.288759,ok
EES0423759__X33__Y45__P018.jpg,0.932131,27.206981,ok
EES0423759__X36__Y0C__P019.jpg,0.975589,33.616308,ok
EES0423759__X36__Y18__P020.jpg,0.844555,22.483788,ok
EES0423759__X36__Y1B__P021.jpg,0.815765,24.638814,ok
EES0423759__X39__Y0F__P022.jpg,0.895621,26.502208,ok
EES0423759__X39__Y12__P023.jpg,0.892742,26.889296,ok
EES0423759__X3C__Y12__P024.jpg,0.880921,24.397407,ok
EES0423759__X3C__Y15__P025.jpg,0.838330,23.795827,ok
EES0423760__X33__Y1E__P001.jpg,0.976100,28.958253,ok
EES0423760__X33__Y21__P002.jpg,0.941663,25.226797,ok
EES0423760__X33__Y24__P003.jpg,0.968098,27.861925,ok
EES0423760__X36__Y1E__P004.jpg,0.918160,23.494426,ok
EES0423760__X36__Y21__P005.jpg,0.939735,27.232587,ok
EES0423760__X39__Y21__P006.jpg,0.935534,23.790302,ok
EES0423760__X3C__Y2A__P007.jpg,0.946171,23.411145,ok
EES0423760__X3C__Y36__P008.jpg,0.923887,24.150903,ok
EES0423760__X3F__Y2A__P009.jpg,0.985309,34.090101,ok
EES0423760__X3F__Y30__P010.jpg,0.948601,25.280299,ok
EES0423760__X0C__Y1E__P011.jpg,0.841726,25.011776,ok
EES0423760__X0C__Y27__P012.jpg,0.860510,23.985046,ok
EES0423760__X0F__Y21__P013.jpg,0.871910,26.082711,ok
EES0423760__X0F__Y27__P014.jpg,0.856532,23.287875,ok
EES0423760__X12__Y21__P015.jpg,0.892388,26.668407,ok
EES0423760__X12__Y30__P016.jpg,0.798821,22.158774,ok
EES0423760__X15__Y30__P017.jpg,0.823150,22.512493,ok
EES0423760__X18__Y0C__P018.jpg,0.869607,26.066077,ok
EES0423760__X18__Y0F__P019.jpg,0.821772,23.609146,ok
EES0423760__X18__Y15__P020.jpg,0.798782,22.976298,ok
EES0423760__X18__Y30__P021.jpg,0.863235,24.820986,ok
EES0423760__X18__Y36__P022.jpg,0.853496,26.040795,ok
EES0423760__X1B__Y0C__P023.jpg,0.873309,26.661128,ok
EES0423760__X1B__Y0F__P024.jpg,0.876292,24.298973,ok
EES0423760__X1B__Y15__P025.jpg,0.822595,25.065593,ok
EES0423761__X1B__Y1E__P001.jpg,0.804397,22.210204,ok
EES0423761__X1B__Y36__P002.jpg,0.813994,24.564888,ok
EES0423761__X1E__Y0C__P003.jpg,0.935093,28.189876,ok
EES0423761__X1E__Y15__P004.jpg,0.848633,23.407157,ok
EES0423761__X1E__Y21__P005.jpg,0.882139,24.831326,ok
EES0423761__X1E__Y36__P006.jpg,0.779137,21.598198,ok
EES0423761__X21__Y0C__P007.jpg,0.900111,29.224830,ok
EES0423761__X21__Y12__P008.jpg,0.834537,22.900829,ok
EES0423761__X21__Y24__P009.jpg,0.778330,21.707723,ok
EES0423761__X21__Y30__P010.jpg,0.882301,23.335327,ok
EES0423761__X24__Y0C__P011.jpg,0.886456,26.907493,ok
EES0423761__X24__Y21__P012.jpg,0.902699,24.564570,ok
EES0423761__X2A__Y0C__P013.jpg,0.876887,25.700974,ok
EES0423761__X2A__Y12__P014.jpg,0.808996,22.538837,ok
EES0423761__X2A__Y27__P015.jpg,0.840743,22.636456,ok
EES0423761__X2D__Y0C__P016.jpg,0.902662,26.758266,ok
EES0423761__X2D__Y12__P017.jpg,0.855611,23.124716,ok
EES0423761__X2D__Y15__P018.jpg,0.859687,24.907386,ok
EES0423761__X2D__Y18__P019.jpg,0.826419,22.918489,ok
EES0423761__X30__Y18__P020.jpg,0.787911,22.050978,ok
EES0423761__X33__Y0C__P021.jpg,0.889286,26.968727,ok
EES0423761__X33__Y15__P022.jpg,0.863048,25.142919,ok
EES0423761__X33__Y18__P023.jpg,0.871325,25.267044,ok
EES0423761__X33__Y27__P024.jpg,0.864288,24.908102,ok
EES0423761__X33__Y36__P025.jpg,0.899205,26.077306,ok
EES0423762__X24__Y09__P001.jpg,0.814089,22.267160,ok
EES0423762__X27__Y09__P002.jpg,0.968168,31.734073,ok
EES0423762__X2A__Y09__P003.jpg,0.979329,33.641469,ok
EES0423762__X30__Y0C__P004.jpg,0.855984,23.988371,ok
EES0423762__X30__Y45__P005.jpg,0.955214,30.949157,ok
EES0423762__X33__Y0F__P006.jpg,0.853913,24.747686,ok
EES0423762__X36__Y0F__P007.jpg,0.923254,26.849601,ok
EES0423762__X36__Y42__P008.jpg,0.919383,23.899993,ok
EES0423762__X39__Y12__P009.jpg,0.886597,24.824195,ok
EES0423762__X39__Y3F__P010.jpg,0.903946,25.887421,ok
EES0423762__X3C__Y15__P011.jpg,0.897979,24.401051,ok
EES0423762__X3C__Y3C__P012.jpg,0.839787,23.190975,ok
EES0423762__X3F__Y1B__P013.jpg,0.798212,23.290802,ok
EES0423762__X42__Y1E__P014.jpg,0.969598,34.398240,ok
EES0423762__X42__Y21__P015.jpg,0.811899,22.622147,ok
EES0423762__X03__Y1E__P016.jpg,0.894209,27.745721,ok
EES0423762__X03__Y21__P017.jpg,0.785904,22.699283,ok
EES0423762__X03__Y27__P018.jpg,0.823480,22.326236,ok
EES0423762__X03__Y2A__P019.jpg,0.821771,23.395646,ok
EES0423762__X03__Y2D__P020.jpg,0.803387,23.213267,ok
EES0423762__X06__Y33__P021.jpg,0.912574,29.972657,ok
EES0423762__X0C__Y0F__P022.jpg,0.906220,23.602534,ok
EES0423762__X0C__Y3C__P023.jpg,0.917692,23.722729,ok
EES0423762__X0F__Y42__P024.jpg,0.799919,23.284039,ok
EES0423762__X12__Y45__P025.jpg,0.924023,26.343430,ok
EES0423763__X06__Y3C__P001.jpg,0.877066,23.947348,ok
EES0423763__X06__Y3F__P002.jpg,0.771989,22.052310,ok
EES0423763__X09__Y12__P003.jpg,0.857472,23.382229,ok
EES0423763__X09__Y3F__P004.jpg,0.916706,25.962392,ok
EES0423763__X0C__Y0F__P005.jpg,0.866598,26.898748,ok
EES0423763__X0C__Y3F__P006.jpg,0.847320,23.945784,ok
EES0423763__X0C__Y42__P007.jpg,0.902268,27.237764,ok
EES0423763__X0F__Y0C__P008.jpg,0.971123,32.804795,ok
EES0423763__X0F__Y0F__P009.jpg,0.814847,24.786804,ok
EES0423763__X0F__Y42__P010.jpg,0.828578,23.093730,ok
EES0423763__X0F__Y45__P011.jpg,0.950617,31.946984,ok
EES0423763__X12__Y0C__P012.jpg,0.895779,28.462555,ok
EES0423763__X12__Y45__P013.jpg,0.955039,27.672691,ok
EES0423763__X15__Y09__P014.jpg,0.934888,27.351334,ok
EES0423763__X15__Y45__P015.jpg,0.837333,24.842180,ok
EES0423763__X18__Y09__P016.jpg,0.942450,26.102683,ok
EES0423763__X1B__Y09__P017.jpg,0.899558,24.098520,ok
EES0423763__X2A__Y09__P018.jpg,0.870285,22.743962,ok
EES0423763__X2D__Y09__P019.jpg,0.856982,23.676176,ok
EES0423763__X30__Y09__P020.jpg,0.947840,28.357940,ok
EES0423763__X30__Y45__P021.jpg,0.781940,22.015288,ok
EES0423763__X33__Y09__P022.jpg,0.933314,28.197181,ok
EES0423763__X33__Y0C__P023.jpg,0.861070,25.602034,ok
EES0423763__X36__Y09__P024.jpg,0.939613,28.633067,ok
EES0423763__X36__Y0C__P025.jpg,0.879062,24.293043,ok
EES0423764__X42__Y2D__P001.jpg,0.916166,26.107324,ok
EES0423764__X42__Y30__P002.jpg,0.939020,29.204282,ok
EES0423764__X09__Y2A__P003.jpg,0.941194,26.759469,ok
EES0423764__X0C__Y1E__P004.jpg,0.903581,23.358225,ok
EES0423764__X0F__Y27__P005.jpg,0.841766,24.125947,ok
EES0423764__X0F__Y2A__P006.jpg,0.915495,25.687398,ok
EES0423764__X12__Y1E__P007.jpg,0.796654,22.943721,ok
EES0423764__X15__Y18__P008.jpg,0.900398,24.871790,ok
EES0423764__X15__Y1B__P009.jpg,0.854139,23.602032,ok
EES0423764__X18__Y12__P010.jpg,0.904743,24.765244,ok
EES0423764__X18__Y15__P011.jpg,0.831707,25.192487,ok
EES0423764__X18__Y1E__P012.jpg,0.828383,23.539574,ok
EES0423764__X18__Y24__P013.jpg,0.865008,23.645377,ok
EES0423764__X18__Y27__P014.jpg,0.884710,25.260533,ok
EES0423764__X18__Y2A__P015.jpg,0.890984,27.487803,ok
EES0423764__X18__Y2D__P016.jpg,0.824753,23.747733,ok
EES0423764__X18__Y30__P017.jpg,0.921191,27.150845,ok
EES0423764__X1B__Y0F__P018.jpg,0.932212,25.669205,ok
EES0423764__X1B__Y15__P019.jpg,0.897170,24.865543,ok
EES0423764__X1B__Y1B__P020.jpg,0.848792,23.729520,ok
EES0423764__X1B__Y24__P021.jpg,0.909700,26.770183,ok
EES0423764__X1B__Y27__P022.jpg,0.948846,31.506435,ok
EES0423764__X1B__Y2A__P023.jpg,0.850684,22.600114,ok
EES0423764__X1B__Y2D__P024.jpg,0.832159,22.813390,ok
EES0423764__X1B__Y30__P025.jpg,0.863560,26.587678,ok
EES0423765__X1B__Y33__P001.jpg,0.894243,24.347629,ok
EES0423765__X1E__Y1B__P002.jpg,0.887920,25.586398,ok
EES0423765__X1E__Y1E__P003.jpg,0.897059,26.867619,ok
EES0423765__X1E__Y2D__P004.jpg,0.922433,28.171090,ok
EES0423765__X1E__Y30__P005.jpg,0.892242,25.842299,ok
EES0423765__X21__Y0C__P006.jpg,0.893258,25.991858,ok
EES0423765__X21__Y0F__P007.jpg,0.863390,23.929663,ok
EES0423765__X21__Y15__P008.jpg,0.917818,26.469166,ok
EES0423765__X21__Y18__P009.jpg,0.877951,24.428847,ok
EES0423765__X21__Y1E__P010.jpg,0.848042,24.650492,ok
EES0423765__X21__Y24__P011.jpg,0.874693,25.025894,ok
EES0423765__X21__Y27__P012.jpg,0.880359,25.500988,ok
EES0423765__X21__Y2A__P013.jpg,0.959841,29.426895,ok
EES0423765__X21__Y30__P014.jpg,0.885091,25.949569,ok
EES0423765__X21__Y33__P015.jpg,0.876099,24.182960,ok
EES0423765__X24__Y0C__P016.jpg,0.903590,25.398470,ok
EES0423765__X24__Y15__P017.jpg,0.886267,26.240653,ok
EES0423765__X24__Y18__P018.jpg,0.887016,25.258972,ok
EES0423765__X24__Y24__P019.jpg,0.879560,26.210425,ok
EES0423765__X24__Y27__P020.jpg,0.824157,24.488032,ok
EES0423765__X24__Y2A__P021.jpg,0.864621,26.381866,ok
EES0423765__X24__Y2D__P022.jpg,0.902475,26.043525,ok
EES0423765__X24__Y30__P023.jpg,0.830875,24.687007,ok
EES0423765__X24__Y33__P024.jpg,0.867673,23.512538,ok
EES0423765__X24__Y36__P025.jpg,0.879317,25.062814,ok
EES0423766__X0C__Y24__P001.jpg,0.891873,22.610671,ok
EES0423766__X0C__Y27__P002.jpg,0.732981,21.939473,ok
EES0423766__X0C__Y2A__P003.jpg,0.843780,23.645419,ok
EES0423766__X0C__Y2D__P004.jpg,0.873938,25.281624,ok
EES0423766__X0C__Y30__P005.jpg,0.824825,23.968553,ok
EES0423766__X0C__Y33__P006.jpg,0.946084,28.658223,ok
EES0423766__X0F__Y1E__P007.jpg,0.782618,21.929470,ok
EES0423766__X0F__Y2A__P008.jpg,0.816790,22.677482,ok
EES0423766__X0F__Y30__P009.jpg,0.872943,22.941409,ok
EES0423766__X0F__Y33__P010.jpg,0.840031,23.247487,ok
EES0423766__X0F__Y36__P011.jpg,0.928066,27.850835,ok
EES0423766__X12__Y24__P012.jpg,0.822927,22.083802,ok
EES0423766__X12__Y27__P013.jpg,0.846501,22.501382,ok
EES0423766__X12__Y33__P014.jpg,0.813940,22.466137,ok
EES0423766__X12__Y36__P015.jpg,0.912120,24.492827,ok
EES0423766__X12__Y3C__P016.jpg,0.916149,23.847947,ok
EES0423766__X15__Y3F__P017.jpg,0.962757,29.071385,ok
EES0423766__X18__Y09__P018.jpg,0.967290,30.643848,ok
EES0423766__X18__Y3F__P019.jpg,0.852431,24.006818,ok
EES0423766__X1B__Y09__P020.jpg,0.892840,23.930880,ok
EES0423766__X1B__Y3F__P021.jpg,0.841381,22.206250,ok
EES0423766__X1B__Y42__P022.jpg,0.886221,25.001081,ok
EES0423766__X1E__Y3F__P023.jpg,0.814587,23.799472,ok
EES0423766__X1E__Y42__P024.jpg,0.884714,27.965675,ok
EES0423766__X21__Y3F__P025.jpg,0.851832,24.900853,ok
EES0423767__X0F__Y18__P001.jpg,0.862624,22.664113,ok
EES0423767__X0F__Y27__P002.jpg,0.812954,23.284973,ok
EES0423767__X0F__Y30__P003.jpg,0.795885,23.655031,ok
EES0423767__X0F__Y33__P004.jpg,0.893641,25.178769,ok
EES0423767__X12__Y33__P005.jpg,0.840284,22.313210,ok
EES0423767__X12__Y36__P006.jpg,0.889336,23.546659,ok
EES0423767__X12__Y39__P007.jpg,0.878349,23.304409,ok
EES0423767__X15__Y36__P008.jpg,0.835503,22.666386,ok
EES0423767__X15__Y39__P009.jpg,0.756672,21.832318,ok
EES0423767__X18__Y0F__P010.jpg,0.897556,25.445198,ok
EES0423767__X1B__Y0C__P011.jpg,0.966680,29.262573,ok
EES0423767__X1B__Y42__P012.jpg,0.968540,30.946103,ok
EES0423767__X1E__Y0C__P013.jpg,0.819970,23.778353,ok
EES0423767__X1E__Y42__P014.jpg,0.809334,22.380621,ok
EES0423767__X21__Y0C__P015.jpg,0.843798,23.002770,ok
EES0423767__X2D__Y45__P016.jpg,0.963296,29.649810,ok
EES0423767__X30__Y0C__P017.jpg,0.786236,22.645811,ok
EES0423767__X33__Y0C__P018.jpg,0.926350,27.073879,ok
EES0423767__X33__Y42__P019.jpg,0.846451,24.901839,ok
EES0423767__X39__Y0F__P020.jpg,0.932334,26.352368,ok
EES0423767__X3C__Y12__P021.jpg,0.828923,23.070375,ok
EES0423767__X3C__Y15__P022.jpg,0.785412,22.175951,ok
EES0423767__X3C__Y18__P023.jpg,0.846074,24.040913,ok
EES0423767__X3C__Y36__P024.jpg,0.832698,24.963027,ok
EES0423767__X3C__Y39__P025.jpg,0.810486,25.091284,ok
EES0423768__X3F__Y18__P001.jpg,0.861486,23.537742,ok
EES0423768__X3F__Y1B__P002.jpg,0.795700,22.719499,ok
EES0423768__X3F__Y33__P003.jpg,0.874667,25.694367,ok
EES0423768__X3F__Y36__P004.jpg,0.919700,26.613506,ok
EES0423768__X3F__Y39__P005.jpg,0.946189,29.366278,ok
EES0423768__X42__Y1B__P006.jpg,0.898774,23.731873,ok
EES0423768__X42__Y1E__P007.jpg,0.847363,23.019842,ok
EES0423768__X42__Y21__P008.jpg,0.898019,26.144531,ok
EES0423768__X42__Y27__P009.jpg,0.900722,25.324642,ok
EES0423768__X42__Y2D__P010.jpg,0.877735,22.978973,ok
EES0423768__X42__Y30__P011.jpg,0.865903,24.909917,ok
EES0423768__X42__Y33__P012.jpg,0.925571,28.946042,ok
EES0423768__X45__Y21__P013.jpg,0.968878,30.834170,ok
EES0423768__X45__Y24__P014.jpg,0.973441,31.108419,ok
EES0423768__X45__Y2A__P015.jpg,0.964583,29.870586,ok
EES0423768__X0F__Y18__P016.jpg,0.970993,29.538484,ok
EES0423768__X0F__Y21__P017.jpg,0.844159,23.252543,ok
EES0423768__X0F__Y24__P018.jpg,0.703678,22.433525,ok
EES0423768__X0F__Y27__P019.jpg,0.756378,22.111590,ok
EES0423768__X0F__Y2D__P020.jpg,0.744646,21.448032,ok
EES0423768__X0F__Y30__P021.jpg,0.971124,34.455538,ok
EES0423768__X12__Y15__P022.jpg,0.758416,21.569244,ok
EES0423768__X12__Y1B__P023.jpg,0.756295,22.258234,ok
EES0423768__X12__Y1E__P024.jpg,0.715868,21.074713,ok
EES0423768__X12__Y24__P025.jpg,0.713335,21.845902,ok
EES0423769__X15__Y0F__P001.jpg,0.956863,29.560419,ok
EES0423769__X15__Y12__P002.jpg,0.878959,24.547459,ok
EES0423769__X15__Y18__P003.jpg,0.835151,23.476557,ok
EES0423769__X15__Y1E__P004.jpg,0.602976,20.195818,ok
EES0423769__X15__Y21__P005.jpg,0.759033,22.649823,ok
EES0423769__X18__Y18__P006.jpg,0.764184,21.988717,ok
EES0423769__X18__Y1E__P007.jpg,0.778989,22.854101,ok
EES0423769__X1E__Y09__P008.jpg,0.943159,28.310173,ok
EES0423769__X1E__Y3F__P009.jpg,0.855147,23.509009,ok
EES0423769__X21__Y09__P010.jpg,0.816919,22.225934,ok
EES0423769__X24__Y09__P011.jpg,0.833254,22.333754,ok
EES0423769__X2A__Y42__P012.jpg,0.953071,29.771491,ok
EES0423769__X2D__Y42__P013.jpg,0.976830,29.704305,ok
EES0423769__X36__Y3F__P014.jpg,0.926560,25.224696,ok
EES0423769__X45__Y15__P015.jpg,0.944160,26.476849,ok
EES0423769__X45__Y30__P016.jpg,0.881839,23.916739,ok
EES0423769__X48__Y1B__P017.jpg,0.981053,33.376754,ok
EES0423769__X48__Y21__P018.jpg,0.873292,23.898552,ok
EES0423769__X48__Y24__P019.jpg,0.947071,32.699265,ok
EES0423769__X48__Y27__P020.jpg,0.924276,26.946594,ok
EES0423769__X48__Y33__P021.jpg,0.936207,31.953499,ok
EES0423769__X18__Y21__P022.jpg,0.898907,23.887227,ok
EES0423769__X27__Y0C__P023.jpg,0.901711,23.061842,ok
EES0423769__X2D__Y18__P024.jpg,0.854943,22.495068,ok
EES0423769__X33__Y33__P025.jpg,0.899544,23.801244,ok
EES0423770__X09__Y18__P001.jpg,0.896888,23.636073,ok
EES0423770__X09__Y1B__P002.jpg,0.908885,23.637145,ok
EES0423770__X09__Y1E__P003.jpg,0.825561,23.788316,ok
EES0423770__X09__Y24__P004.jpg,0.773316,21.591169,ok
EES0423770__X09__Y30__P005.jpg,0.979886,36.614961,ok
EES0423770__X0C__Y12__P006.jpg,0.918066,25.568037,ok
EES0423770__X0C__Y15__P007.jpg,0.751659,21.509277,ok
EES0423770__X0F__Y36__P008.jpg,0.882098,22.853092,ok
EES0423770__X15__Y09__P009.jpg,0.879464,26.142298,ok
EES0423770__X18__Y09__P010.jpg,0.934399,30.281960,ok
EES0423770__X18__Y3F__P011.jpg,0.918102,23.531685,ok
EES0423770__X1B__Y06__P012.jpg,0.950756,29.350414,ok
EES0423770__X1E__Y06__P013.jpg,0.805468,23.312564,ok
EES0423770__X1E__Y09__P014.jpg,0.739444,21.309722,ok
EES0423770__X21__Y06__P015.jpg,0.812338,23.494690,ok
EES0423770__X24__Y06__P016.jpg,0.902030,27.079689,ok
EES0423770__X24__Y42__P017.jpg,0.860843,24.710943,ok
EES0423770__X27__Y06__P018.jpg,0.835591,22.353916,ok
EES0423770__X27__Y42__P019.jpg,0.811896,23.099479,ok
EES0423770__X2A__Y06__P020.jpg,0.959818,27.373582,ok
EES0423770__X2D__Y06__P021.jpg,0.838673,24.604686,ok
EES0423770__X30__Y06__P022.jpg,0.932927,30.135694,ok
EES0423770__X33__Y09__P023.jpg,0.807974,22.880532,ok
EES0423770__X33__Y3F__P024.jpg,0.857285,24.639161,ok
EES0423770__X36__Y09__P025.jpg,0.943536,26.187868,ok
EES0423771__X39__Y0C__P001.jpg,0.866987,23.124177,ok
EES0423771__X3F__Y36__P002.jpg,0.860132,23.683228,ok
EES0423771__X42__Y15__P003.jpg,0.938494,27.991165,ok
EES0423771__X42__Y2D__P004.jpg,0.822511,22.561638,ok
EES0423771__X42__Y30__P005.jpg,0.864446,23.496050,ok
EES0423771__X42__Y33__P006.jpg,0.915267,25.345068,ok
EES0423771__X45__Y1B__P007.jpg,0.938400,26.941386,ok
EES0423771__X45__Y1E__P008.jpg,0.903358,26.866577,ok
EES0423771__X45__Y21__P009.jpg,0.862363,23.008075,ok
EES0423771__X45__Y24__P010.jpg,0.844716,24.941494,ok
EES0423771__X45__Y27__P011.jpg,0.918331,28.298219,ok
EES0423771__X45__Y2A__P012.jpg,0.921498,26.298043,ok
EES0423771__X09__Y18__P013.jpg,0.853162,25.609863,ok
EES0423771__X09__Y1B__P014.jpg,0.909670,27.656854,ok
EES0423771__X09__Y1E__P015.jpg,0.872690,25.728448,ok
EES0423771__X09__Y21__P016.jpg,0.745987,23.287107,ok
EES0423771__X09__Y24__P017.jpg,0.702581,22.838511,ok
EES0423771__X09__Y27__P018.jpg,0.738794,22.477117,ok
EES0423771__X09__Y2A__P019.jpg,0.816872,25.443696,ok
EES0423771__X09__Y2D__P020.jpg,0.879819,27.201775,ok
EES0423771__X09__Y30__P021.jpg,0.872547,27.436169,ok
EES0423771__X09__Y42__P022.jpg,0.866645,26.126062,ok
EES0423771__X09__Y45__P023.jpg,0.877021,28.966746,ok
EES0423771__X0C__Y15__P024.jpg,0.774762,22.988734,ok
EES0423771__X0C__Y18__P025.jpg,0.641417,21.435728,ok
EES0423772__X0C__Y30__P001.jpg,0.672703,20.965163,ok
EES0423772__X0C__Y33__P002.jpg,0.870042,25.193700,ok
EES0423772__X0F__Y36__P003.jpg,0.649116,21.202029,ok
EES0423772__X0F__Y39__P004.jpg,0.902372,23.158896,ok
EES0423772__X12__Y0F__P005.jpg,0.673149,21.133922,ok
EES0423772__X12__Y39__P006.jpg,0.697864,22.615604,ok
EES0423772__X12__Y3C__P007.jpg,0.828340,24.943991,ok
EES0423772__X15__Y3F__P008.jpg,0.878052,25.944827,ok
EES0423772__X18__Y09__P009.jpg,0.894781,24.720766,ok
EES0423772__X18__Y3F__P010.jpg,0.672680,21.265571,ok
EES0423772__X1B__Y09__P011.jpg,0.706900,22.173387,ok
EES0423772__X1B__Y42__P012.jpg,0.904130,26.287907,ok
EES0423772__X1E__Y09__P013.jpg,0.718934,23.134987,ok
EES0423772__X1E__Y42__P014.jpg,0.774284,23.116208,ok
EES0423772__X21__Y06__P015.jpg,0.879433,25.336856,ok
EES0423772__X21__Y42__P016.jpg,0.755856,23.745158,ok
EES0423772__X24__Y06__P017.jpg,0.856848,27.378065,ok
EES0423772__X27__Y06__P018.jpg,0.758611,23.548003,ok
EES0423772__X27__Y42__P019.jpg,0.666350,21.573163,ok
EES0423772__X27__Y45__P020.jpg,0.836626,22.890154,ok
EES0423772__X2A__Y06__P021.jpg,0.764039,23.300293,ok
EES0423772__X2A__Y42__P022.jpg,0.674581,22.057157,ok
EES0423772__X2D__Y42__P023.jpg,0.675761,21.409032,ok
EES0423772__X30__Y42__P024.jpg,0.650280,21.589162,ok
EES0423772__X33__Y42__P025.jpg,0.795284,22.170592,ok
EES0423773__X36__Y3F__P001.jpg,0.692984,20.858394,ok
EES0423773__X39__Y0C__P002.jpg,0.721391,21.480169,ok
EES0423773__X3C__Y0F__P003.jpg,0.705623,21.865916,ok
EES0423773__X3C__Y39__P004.jpg,0.665178,20.769504,ok
EES0423773__X3F__Y0F__P005.jpg,0.851385,22.665558,ok
EES0423773__X3F__Y12__P006.jpg,0.697366,22.167479,ok
EES0423773__X3F__Y36__P007.jpg,0.700730,21.739800,ok
EES0423773__X3F__Y39__P008.jpg,0.894685,25.338754,ok
EES0423773__X42__Y15__P009.jpg,0.712066,22.573665,ok
EES0423773__X42__Y18__P010.jpg,0.703017,22.591468,ok
EES0423773__X42__Y30__P011.jpg,0.634740,20.916083,ok
EES0423773__X42__Y33__P012.jpg,0.750092,21.938630,ok
EES0423773__X45__Y18__P013.jpg,0.893348,25.790694,ok
EES0423773__X45__Y1B__P014.jpg,0.762532,25.600024,ok
EES0423773__X45__Y1E__P015.jpg,0.698605,22.732718,ok
EES0423773__X45__Y21__P016.jpg,0.755640,23.711027,ok
EES0423773__X45__Y24__P017.jpg,0.726126,22.242613,ok
EES0423773__X45__Y27__P018.jpg,0.747287,23.021833,ok
EES0423773__X45__Y2A__P019.jpg,0.763620,23.897449,ok
EES0423773__X45__Y2D__P020.jpg,0.755463,24.969412,ok
EES0423773__X45__Y30__P021.jpg,0.868706,26.828856,ok
EES0423773__X09__Y21__P022.jpg,0.942979,26.541205,ok
EES0423773__X0F__Y18__P023.jpg,0.898931,26.974104,ok
EES0423773__X0F__Y1B__P024.jpg,0.875377,24.983938,ok
EES0423773__X0F__Y2D__P025.jpg,0.877465,24.467771,ok
EES0423774__X12__Y15__P001.jpg,0.859325,23.675916,ok
EES0423774__X12__Y18__P002.jpg,0.834486,22.224262,ok
EES0423774__X12__Y1B__P003.jpg,0.791931,21.896802,ok
EES0423774__X12__Y1E__P004.jpg,0.740846,21.300780,ok
EES0423774__X12__Y21__P005.jpg,0.805544,22.629617,ok
EES0423774__X12__Y33__P006.jpg,0.912519,25.068002,ok
EES0423774__X15__Y15__P007.jpg,0.793914,21.950660,ok
EES0423774__X15__Y18__P008.jpg,0.821921,22.746435,ok
EES0423774__X15__Y1B__P009.jpg,0.787445,22.989441,ok
EES0423774__X18__Y0C__P010.jpg,0.839169,22.136780,ok
EES0423774__X1B__Y09__P011.jpg,0.898679,23.627692,ok
EES0423774__X1B__Y0C__P012.jpg,0.812921,23.725565,ok
EES0423774__X1B__Y0F__P013.jpg,0.857135,23.564920,ok
EES0423774__X1B__Y3C__P014.jpg,0.955796,27.690667,ok
EES0423774__X1E__Y06__P015.jpg,0.872454,23.897642,ok
EES0423774__X1E__Y09__P016.jpg,0.781275,21.730886,ok
EES0423774__X21__Y06__P017.jpg,0.890280,25.358755,ok
EES0423774__X21__Y09__P018.jpg,0.798133,21.921659,ok
EES0423774__X24__Y06__P019.jpg,0.805638,22.355795,ok
EES0423774__X24__Y3F__P020.jpg,0.961564,28.320308,ok
EES0423774__X27__Y03__P021.jpg,0.954444,32.734575,ok
EES0423774__X27__Y06__P022.jpg,0.764554,21.510656,ok
EES0423774__X27__Y3F__P023.jpg,0.800333,22.597642,ok
EES0423774__X2A__Y03__P024.jpg,0.922141,27.428969,ok
EES0423774__X2A__Y06__P025.jpg,0.837327,22.754528,ok
EES0423775__X18__Y12__P001.jpg,0.808590,22.687600,ok
EES0423775__X1B__Y12__P002.jpg,0.894064,24.219984,ok
EES0423775__X1B__Y1B__P003.jpg,0.821707,22.506477,ok
EES0423775__X30__Y1B__P004.jpg,0.747572,22.593375,ok
EES0423775__X33__Y09__P005.jpg,0.916502,26.336152,ok
EES0423775__X36__Y27__P006.jpg,0.719655,21.327163,ok
EES0423775__X36__Y3C__P007.jpg,0.874536,23.590678,ok
EES0423775__X39__Y0C__P008.jpg,0.963943,31.423581,ok
EES0423775__X39__Y21__P009.jpg,0.782213,23.254026,ok
EES0423775__X39__Y39__P010.jpg,0.827134,23.825743,ok
EES0423775__X3C__Y0F__P011.jpg,0.854398,22.393434,ok
EES0423775__X3C__Y12__P012.jpg,0.864599,22.588212,ok
EES0423775__X3C__Y18__P013.jpg,0.796040,22.008067,ok
EES0423775__X3C__Y36__P014.jpg,0.765337,24.253348,ok
EES0423775__X3C__Y39__P015.jpg,0.772540,21.548008,ok
EES0423775__X3F__Y12__P016.jpg,0.888337,23.770985,ok
EES0423775__X42__Y24__P017.jpg,0.786329,22.461960,ok
EES0423775__X42__Y2A__P018.jpg,0.800379,22.197892,ok
EES0423775__X42__Y33__P019.jpg,0.931606,27.524181,ok
EES0423775__X45__Y1E__P020.jpg,0.950183,28.136340,ok
EES0423775__X45__Y21__P021.jpg,0.884166,24.022181,ok
EES0423775__X0C__Y24__P022.jpg,0.794254,21.755249,ok
EES0423775__X0C__Y2A__P023.jpg,0.910160,25.041089,ok
EES0423775__X2D__Y09__P024.jpg,0.944627,28.818626,ok
EES0423775__X3C__Y24__P025.jpg,0.835303,22.788364,ok
EES0423776__X0C__Y21__P001.jpg,0.788221,22.733086,ok
EES0423776__X0C__Y24__P002.jpg,0.712336,22.514925,ok
EES0423776__X0C__Y27__P003.jpg,0.814992,22.523147,ok
EES0423776__X0C__Y2D__P004.jpg,0.894716,25.904933,ok
EES0423776__X0F__Y15__P005.jpg,0.819794,22.588200,ok
EES0423776__X0F__Y2D__P006.jpg,0.723982,21.796806,ok
EES0423776__X0F__Y33__P007.jpg,0.883660,23.836473,ok
EES0423776__X12__Y0F__P008.jpg,0.926492,26.918378,ok
EES0423776__X15__Y0F__P009.jpg,0.809523,22.747458,ok
EES0423776__X15__Y39__P010.jpg,0.726965,21.510666,ok
EES0423776__X1B__Y09__P011.jpg,0.857523,23.369767,ok
EES0423776__X1E__Y06__P012.jpg,0.865216,23.508762,ok
EES0423776__X21__Y06__P013.jpg,0.944583,31.992333,ok
EES0423776__X2D__Y06__P014.jpg,0.798745,24.522733,ok
EES0423776__X33__Y06__P015.jpg,0.868259,23.776148,ok
EES0423776__X39__Y09__P016.jpg,0.868314,23.605029,ok
EES0423776__X3C__Y09__P017.jpg,0.873133,24.150311,ok
EES0423776__X18__Y3C__P018.jpg,0.806293,22.438758,ok
EES0423776__X1B__Y1E__P019.jpg,0.839023,22.923760,ok
EES0423776__X27__Y1B__P020.jpg,0.835431,22.693330,ok
EES0423776__X2D__Y06__P021.jpg,0.919754,27.041914,ok
EES0423776__X42__Y12__P022.jpg,0.842968,23.091460,ok
EES0423776__X42__Y15__P023.jpg,0.893497,25.399419,ok
EES0423776__X42__Y36__P024.jpg,0.880098,23.737027,ok
EES0423776__X45__Y1B__P025.jpg,0.834991,22.471356,ok
EES0423777__X21__Y1E__P001.jpg,0.785907,23.793965,ok
EES0423777__X21__Y21__P002.jpg,0.782885,22.022938,ok
EES0423777__X2D__Y09__P003.jpg,0.915175,25.081472,ok
EES0423777__X39__Y0F__P004.jpg,0.934447,26.667735,ok
EES0423777__X3C__Y21__P005.jpg,0.787651,22.497195,ok
EES0423777__X3F__Y15__P006.jpg,0.857038,22.325763,ok
EES0423777__X3F__Y1E__P007.jpg,0.808645,23.734615,ok
EES0423777__X3F__Y21__P008.jpg,0.844869,24.086813,ok
EES0423777__X42__Y18__P009.jpg,0.983154,36.914027,ok
EES0423777__X42__Y1E__P010.jpg,0.720001,22.881410,ok
EES0423777__X15__Y27__P011.jpg,0.893707,22.681511,ok
EES0423777__X18__Y39__P012.jpg,0.845634,22.741800,ok
EES0423777__X1B__Y2A__P013.jpg,0.901239,23.604091,ok
EES0423777__X1E__Y2D__P014.jpg,0.856649,24.194883,ok
EES0423777__X21__Y24__P015.jpg,0.886247,22.663874,ok
EES0423777__X21__Y27__P016.jpg,0.880080,25.023097,ok
EES0423777__X21__Y2A__P017.jpg,0.900497,25.846490,ok
EES0423777__X21__Y30__P018.jpg,0.838734,22.839103,ok
EES0423777__X21__Y33__P019.jpg,0.872886,22.740928,ok
EES0423777__X21__Y36__P020.jpg,0.850908,23.734524,ok
EES0423777__X24__Y24__P021.jpg,0.930106,26.650268,ok
EES0423777__X24__Y27__P022.jpg,0.825978,22.313921,ok
EES0423777__X24__Y2A__P023.jpg,0.875820,26.697828,ok
EES0423777__X24__Y30__P024.jpg,0.915354,28.633864,ok
EES0423777__X24__Y33__P025.jpg,0.885221,24.672137,ok
EES0423778__X3C__Y30__P001.jpg,0.927203,25.971750,ok
EES0423778__X3F__Y2A__P002.jpg,0.884719,25.150157,ok
EES0423778__X3F__Y30__P003.jpg,0.880114,23.975233,ok
EES0423778__X42__Y24__P004.jpg,0.958622,26.884288,ok
EES0423778__X42__Y27__P005.jpg,0.983066,30.827372,ok
EES0423778__X42__Y2A__P006.jpg,0.968613,31.983511,ok
EES0423778__X0C__Y18__P007.jpg,0.777275,21.628672,ok
EES0423778__X0C__Y1B__P008.jpg,0.809458,23.506718,ok
EES0423778__X0F__Y1B__P009.jpg,0.804228,22.764131,ok
EES0423778__X18__Y0C__P010.jpg,0.830521,22.083257,ok
EES0423778__X1E__Y45__P011.jpg,0.908892,27.556326,ok
EES0423778__X24__Y45__P012.jpg,0.892466,24.793544,ok
EES0423778__X27__Y45__P013.jpg,0.908265,26.711845,ok
EES0423778__X2A__Y45__P014.jpg,0.959641,27.491784,ok
EES0423778__X33__Y0C__P015.jpg,0.910971,26.049391,ok
EES0423778__X36__Y3F__P016.jpg,0.956729,27.953399,ok
EES0423778__X39__Y3C__P017.jpg,0.900842,25.878712,ok
EES0423778__X3C__Y39__P018.jpg,0.890136,23.250782,ok
EES0423778__X42__Y1B__P019.jpg,0.979613,31.533072,ok
EES0423778__X42__Y1E__P020.jpg,0.867311,22.853832,ok
EES0423778__X42__Y21__P021.jpg,0.824809,22.259543,ok
EES0423778__X42__Y2D__P022.jpg,0.840538,22.403866,ok
EES0423778__X09__Y1B__P023.jpg,0.822333,22.716278,ok
EES0423778__X09__Y2D__P024.jpg,0.909741,25.951287,ok
EES0423778__X0F__Y39__P025.jpg,0.893260,25.494865,ok
EES0423779__X15__Y09__P001.jpg,0.870542,23.007454,ok
EES0423779__X15__Y0F__P002.jpg,0.841741,22.837438,ok
EES0423779__X15__Y12__P003.jpg,0.807877,22.348699,ok
EES0423779__X18__Y06__P004.jpg,0.987620,33.852604,ok
EES0423779__X18__Y09__P005.jpg,0.818265,22.447766,ok
EES0423779__X1B__Y06__P006.jpg,0.860771,25.464856,ok
EES0423779__X1B__Y09__P007.jpg,0.890964,24.118122,ok
EES0423779__X1B__Y3F__P008.jpg,0.843264,22.224768,ok
EES0423779__X1E__Y06__P009.jpg,0.861429,25.353623,ok
EES0423779__X1E__Y15__P010.jpg,0.762849,22.995220,ok
EES0423779__X1E__Y42__P011.jpg,0.972353,31.226484,ok
EES0423779__X21__Y06__P012.jpg,0.792165,22.951915,ok
EES0423779__X21__Y09__P013.jpg,0.789000,22.697837,ok
EES0423779__X21__Y12__P014.jpg,0.792744,22.289763,ok
EES0423779__X21__Y15__P015.jpg,0.825515,22.426978,ok
EES0423779__X21__Y42__P016.jpg,0.949435,28.923645,ok
EES0423779__X24__Y03__P017.jpg,0.974307,37.078054,ok
EES0423779__X24__Y06__P018.jpg,0.820857,23.742114,ok
EES0423779__X24__Y09__P019.jpg,0.888219,23.931450,ok
EES0423779__X24__Y39__P020.jpg,0.876381,23.320430,ok
EES0423779__X27__Y06__P021.jpg,0.851715,25.679818,ok
EES0423779__X27__Y09__P022.jpg,0.776168,22.365189,ok
EES0423779__X2A__Y06__P023.jpg,0.782525,22.889602,ok
EES0423779__X2A__Y3F__P024.jpg,0.793246,22.868783,ok
EES0423779__X2A__Y42__P025.jpg,0.943848,25.136961,ok
EES0423780__X18__Y15__P001.jpg,0.908638,25.310542,ok
EES0423780__X18__Y1B__P002.jpg,0.862494,24.579879,ok
EES0423780__X18__Y1E__P003.jpg,0.884251,25.418342,ok
EES0423780__X1B__Y09__P004.jpg,0.941316,26.806738,ok
EES0423780__X1B__Y0C__P005.jpg,0.892434,26.212108,ok
EES0423780__X1B__Y12__P006.jpg,0.826323,23.295099,ok
EES0423780__X1B__Y15__P007.jpg,0.931337,28.293655,ok
EES0423780__X1B__Y18__P008.jpg,0.939968,31.336689,ok
EES0423780__X1B__Y1B__P009.jpg,0.910982,27.563926,ok
EES0423780__X1B__Y1E__P010.jpg,0.812842,22.332453,ok
EES0423780__X1E__Y09__P011.jpg,0.955205,28.307784,ok
EES0423780__X1E__Y0C__P012.jpg,0.969724,29.569019,ok
EES0423780__X1E__Y0F__P013.jpg,0.821505,23.964322,ok
EES0423780__X1E__Y15__P014.jpg,0.764097,22.185888,ok
EES0423780__X1E__Y1B__P015.jpg,0.803255,22.417883,ok
EES0423780__X21__Y0C__P016.jpg,0.897833,23.158560,ok
EES0423780__X21__Y0F__P017.jpg,0.906155,26.198641,ok
EES0423780__X21__Y12__P018.jpg,0.938145,28.158534,ok
EES0423780__X21__Y15__P019.jpg,0.795774,23.406020,ok
EES0423780__X21__Y18__P020.jpg,0.852203,22.375280,ok
EES0423780__X21__Y1B__P021.jpg,0.909018,25.148677,ok
EES0423780__X21__Y1E__P022.jpg,0.888051,23.007619,ok
EES0423780__X24__Y0F__P023.jpg,0.859831,24.947132,ok
EES0423780__X24__Y12__P024.jpg,0.913541,24.693622,ok
EES0423780__X24__Y18__P025.jpg,0.882263,23.246761,ok
EES0423781__X39__Y24__P001.jpg,0.916190,24.026876,ok
EES0423781__X39__Y2A__P002.jpg,0.958488,24.921798,ok
EES0423781__X3F__Y24__P003.jpg,0.985514,33.591152,ok
EES0423781__X3F__Y2A__P004.jpg,0.900188,23.781767,ok
EES0423781__X06__Y1E__P005.jpg,0.831263,24.812097,ok
EES0423781__X06__Y21__P006.jpg,0.883446,27.857491,ok
EES0423781__X06__Y24__P007.jpg,0.804052,23.680157,ok
EES0423781__X09__Y18__P008.jpg,0.868506,23.567518,ok
EES0423781__X09__Y1B__P009.jpg,0.828030,23.059360,ok
EES0423781__X09__Y21__P010.jpg,0.793709,21.879312,ok
EES0423781__X0C__Y15__P011.jpg,0.874323,23.047440,ok
EES0423781__X0C__Y18__P012.jpg,0.754136,22.805320,ok
EES0423781__X0F__Y15__P013.jpg,0.803407,22.419617,ok
EES0423781__X0F__Y18__P014.jpg,0.786879,21.976240,ok
EES0423781__X0F__Y1E__P015.jpg,0.816881,24.203214,ok
EES0423781__X18__Y1E__P016.jpg,0.789414,23.158627,ok
EES0423781__X18__Y21__P017.jpg,0.849203,26.359754,ok
EES0423781__X18__Y24__P018.jpg,0.914560,25.818377,ok
EES0423781__X18__Y33__P019.jpg,0.800426,22.411323,ok
EES0423781__X1B__Y18__P020.jpg,0.737514,22.538600,ok
EES0423781__X1B__Y1B__P021.jpg,0.853625,26.193793,ok
EES0423781__X1B__Y1E__P022.jpg,0.833813,24.870793,ok
EES0423781__X1B__Y21__P023.jpg,0.807397,25.025269,ok
EES0423781__X1B__Y24__P024.jpg,0.842479,26.400016,ok
EES0423781__X1B__Y27__P025.jpg,0.799438,25.858112,ok
EES0423782__X1E__Y1E__P001.jpg,0.772416,22.059238,ok
EES0423782__X1E__Y21__P002.jpg,0.754750,23.382211,ok
EES0423782__X1E__Y24__P003.jpg,0.745263,22.343302,ok
EES0423782__X1E__Y27__P004.jpg,0.784179,22.168502,ok
EES0423782__X21__Y15__P005.jpg,0.807749,24.156955,ok
EES0423782__X21__Y18__P006.jpg,0.751226,21.959550,ok
EES0423782__X21__Y1B__P007.jpg,0.816440,22.478434,ok
EES0423782__X21__Y2D__P008.jpg,0.708455,22.319209,ok
EES0423782__X21__Y30__P009.jpg,0.851354,24.598219,ok
EES0423782__X24__Y18__P010.jpg,0.686046,21.096379,ok
EES0423782__X24__Y1B__P011.jpg,0.785377,22.927250,ok
EES0423782__X24__Y30__P012.jpg,0.809560,24.047878,ok
EES0423782__X2A__Y15__P013.jpg,0.807802,23.225904,ok
EES0423782__X2A__Y2A__P014.jpg,0.765032,22.847527,ok
EES0423782__X2A__Y36__P015.jpg,0.896715,23.414057,ok
EES0423782__X2D__Y12__P016.jpg,0.848310,22.475471,ok
EES0423782__X2D__Y15__P017.jpg,0.846728,25.116375,ok
EES0423782__X2D__Y18__P018.jpg,0.784045,22.670456,ok
EES0423782__X2D__Y21__P019.jpg,0.719406,22.510955,ok
EES0423782__X2D__Y27__P020.jpg,0.719660,22.673426,ok
EES0423782__X2D__Y30__P021.jpg,0.824646,24.406683,ok
EES0423782__X30__Y0C__P022.jpg,0.901941,25.873905,ok
EES0423782__X30__Y1B__P023.jpg,0.767936,22.022696,ok
EES0423782__X30__Y1E__P024.jpg,0.781876,22.215951,ok
EES0423782__X30__Y21__P025.jpg,0.757838,23.016555,ok
EES0423783__X0C__Y0F__P001.jpg,0.925958,29.132377,ok
EES0423783__X0C__Y12__P002.jpg,0.823414,23.330312,ok
EES0423783__X0C__Y15__P003.jpg,0.808887,25.206255,ok
EES0423783__X0C__Y39__P004.jpg,0.854258,24.338165,ok
EES0423783__X0F__Y0C__P005.jpg,0.907996,26.762002,ok
EES0423783__X0F__Y0F__P006.jpg,0.902187,26.154836,ok
EES0423783__X0F__Y12__P007.jpg,0.706264,21.454696,ok
EES0423783__X12__Y0C__P008.jpg,0.864398,24.231201,ok
EES0423783__X15__Y09__P009.jpg,0.926629,24.688006,ok
EES0423783__X15__Y0C__P010.jpg,0.847238,25.213802,ok
EES0423783__X18__Y09__P011.jpg,0.877393,25.098506,ok
EES0423783__X18__Y0C__P012.jpg,0.844744,24.160358,ok
EES0423783__X1B__Y09__P013.jpg,0.852917,22.771883,ok
EES0423783__X1E__Y06__P014.jpg,0.883658,25.882210,ok
EES0423783__X21__Y06__P015.jpg,0.884060,27.585794,ok
EES0423783__X24__Y06__P016.jpg,0.837514,24.958748,ok
EES0423783__X27__Y06__P017.jpg,0.877957,25.569028,ok
EES0423783__X2A__Y06__P018.jpg,0.935194,29.961730,ok
EES0423783__X2D__Y06__P019.jpg,0.942852,32.567032,ok
EES0423783__X30__Y06__P020.jpg,0.962931,31.589346,ok
EES0423783__X33__Y09__P021.jpg,0.853476,26.362677,ok
EES0423783__X33__Y0C__P022.jpg,0.852580,24.391153,ok
EES0423783__X36__Y09__P023.jpg,0.907867,27.690456,ok
EES0423783__X36__Y0C__P024.jpg,0.844337,22.563571,ok
EES0423783__X39__Y0C__P025.jpg,0.930108,28.298932,ok
EES0423784__X06__Y36__P001.jpg,0.885102,26.808023,ok
EES0423784__X06__Y39__P002.jpg,0.980268,35.132631,ok
EES0423784__X12__Y42__P003.jpg,0.932290,24.759880,ok
EES0423784__X18__Y45__P004.jpg,0.969810,33.814378,ok
EES0423784__X1B__Y45__P005.jpg,0.915127,27.186012,ok
EES0423784__X21__Y45__P006.jpg,0.949267,30.349828,ok
EES0423784__X24__Y39__P007.jpg,0.722494,21.855590,ok
EES0423784__X24__Y3C__P008.jpg,0.658659,21.586642,ok
EES0423784__X24__Y45__P009.jpg,0.914001,28.275290,ok
EES0423784__X27__Y3C__P010.jpg,0.673257,21.858382,ok
EES0423784__X27__Y3F__P011.jpg,0.660103,21.531579,ok
EES0423784__X27__Y45__P012.jpg,0.945495,31.016395,ok
EES0423784__X2A__Y39__P013.jpg,0.781280,23.896225,ok
EES0423784__X2A__Y3C__P014.jpg,0.664709,22.296418,ok
EES0423784__X2A__Y3F__P015.jpg,0.739726,23.601497,ok
EES0423784__X2D__Y39__P016.jpg,0.773066,24.827258,ok
EES0423784__X2D__Y3C__P017.jpg,0.701255,22.622038,ok
EES0423784__X2D__Y3F__P018.jpg,0.811550,24.125677,ok
EES0423784__X30__Y39__P019.jpg,0.687369,22.823492,ok
EES0423784__X30__Y3C__P020.jpg,0.685732,23.096052,ok
EES0423784__X33__Y36__P021.jpg,0.715220,21.176055,ok
EES0423784__X33__Y39__P022.jpg,0.715943,23.349117,ok
EES0423784__X33__Y3C__P023.jpg,0.779962,23.465087,ok
EES0423784__X33__Y3F__P024.jpg,0.838453,25.309453,ok
EES0423784__X33__Y42__P025.jpg,0.968366,30.028078,ok
EES0423785__X36__Y36__P001.jpg,0.741265,22.886543,ok
EES0423785__X36__Y39__P002.jpg,0.759528,22.828494,ok
EES0423785__X36__Y3C__P003.jpg,0.783617,22.996955,ok
EES0423785__X36__Y3F__P004.jpg,0.953703,28.876607,ok
EES0423785__X39__Y36__P005.jpg,0.670842,21.110371,ok
EES0423785__X39__Y3C__P006.jpg,0.927037,27.767759,ok
EES0423785__X3C__Y24__P007.jpg,0.776693,22.121526,ok
EES0423785__X3C__Y2A__P008.jpg,0.773930,23.112321,ok
EES0423785__X3C__Y30__P009.jpg,0.763257,23.316720,ok
EES0423785__X3C__Y33__P010.jpg,0.732270,21.825684,ok
EES0423785__X3F__Y1B__P011.jpg,0.882530,23.446628,ok
EES0423785__X3F__Y1E__P012.jpg,0.785691,21.924551,ok
EES0423785__X3F__Y21__P013.jpg,0.748529,22.767266,ok
EES0423785__X3F__Y24__P014.jpg,0.829317,24.115882,ok
EES0423785__X3F__Y27__P015.jpg,0.772474,23.517646,ok
EES0423785__X3F__Y2A__P016.jpg,0.832072,25.349288,ok
EES0423785__X3F__Y2D__P017.jpg,0.797998,23.880709,ok
EES0423785__X3F__Y30__P018.jpg,0.812192,22.672371,ok
EES0423785__X3F__Y33__P019.jpg,0.968149,32.051604,ok
EES0423785__X06__Y1E__P020.jpg,0.937799,27.454812,ok
EES0423785__X06__Y21__P021.jpg,0.962740,28.403503,ok
EES0423785__X06__Y24__P022.jpg,0.877666,22.551579,ok
EES0423785__X06__Y2A__P023.jpg,0.942841,29.194276,ok
EES0423785__X09__Y15__P024.jpg,0.900418,23.973112,ok
EES0423785__X09__Y18__P025.jpg,0.950584,29.865475,ok
EES0423786__X09__Y15__P001.jpg,0.935811,24.706438,ok
EES0423786__X09__Y3F__P002.jpg,0.925028,26.089495,ok
EES0423786__X0C__Y12__P003.jpg,0.842099,22.289834,ok
EES0423786__X0C__Y15__P004.jpg,0.870192,22.812748,ok
EES0423786__X0C__Y42__P005.jpg,0.892694,26.630258,ok
EES0423786__X15__Y0C__P006.jpg,0.901596,23.507296,ok
EES0423786__X15__Y45__P007.jpg,0.788648,23.092887,ok
EES0423786__X18__Y45__P008.jpg,0.799132,23.398550,ok
EES0423786__X30__Y0C__P009.jpg,0.958999,30.445768,ok
EES0423786__X33__Y45__P010.jpg,0.859167,22.389751,ok
EES0423786__X36__Y0F__P011.jpg,0.907900,24.291877,ok
EES0423786__X3F__Y3C__P012.jpg,0.931994,24.803726,ok
EES0423786__X03__Y18__P013.jpg,0.976790,34.994169,ok
EES0423786__X03__Y1E__P014.jpg,0.831763,22.943218,ok
EES0423786__X03__Y21__P015.jpg,0.877155,24.430960,ok
EES0423786__X03__Y24__P016.jpg,0.842907,23.534195,ok
EES0423786__X03__Y27__P017.jpg,0.836391,25.136180,ok
EES0423786__X03__Y2A__P018.jpg,0.928959,31.228649,ok
EES0423786__X03__Y2D__P019.jpg,0.911057,25.698991,ok
EES0423786__X03__Y33__P020.jpg,0.898523,23.183428,ok
EES0423786__X06__Y15__P021.jpg,0.899821,23.274857,ok
EES0423786__X06__Y1E__P022.jpg,0.743292,21.377261,ok
EES0423786__X06__Y33__P023.jpg,0.809767,23.327126,ok
EES0423786__X06__Y36__P024.jpg,0.854661,23.668689,ok
EES0423786__X09__Y39__P025.jpg,0.798158,23.114091,ok
EES0423787__X0C__Y3C__P001.jpg,0.868886,25.374687,ok
EES0423787__X0F__Y0C__P002.jpg,0.944638,30.832077,ok
EES0423787__X12__Y0C__P003.jpg,0.760650,23.535564,ok
EES0423787__X18__Y09__P004.jpg,0.861283,25.132656,ok
EES0423787__X18__Y45__P005.jpg,0.841783,25.262719,ok
EES0423787__X21__Y0C__P006.jpg,0.807294,22.032570,ok
EES0423787__X24__Y09__P007.jpg,0.816758,22.725149,ok
EES0423787__X24__Y12__P008.jpg,0.776595,21.928945,ok
EES0423787__X2D__Y1B__P009.jpg,0.767246,22.040071,ok
EES0423787__X30__Y0C__P010.jpg,0.967515,31.799267,ok
EES0423787__X3C__Y30__P011.jpg,0.855146,22.330641,ok
EES0423787__X3F__Y27__P012.jpg,0.841634,22.545616,ok
EES0423787__X0C__Y2D__P013.jpg,0.905964,24.295797,ok
EES0423787__X0F__Y12__P014.jpg,0.852985,22.400657,ok
EES0423787__X0F__Y1B__P015.jpg,0.916974,27.700929,ok
EES0423787__X0F__Y21__P016.jpg,0.803579,22.414069,ok
EES0423787__X0F__Y24__P017.jpg,0.929476,29.357221,ok
EES0423787__X0F__Y2D__P018.jpg,0.789348,21.912996,ok
EES0423787__X0F__Y33__P019.jpg,0.917389,25.540250,ok
EES0423787__X0F__Y36__P020.jpg,0.860385,25.123161,ok
EES0423787__X12__Y0F__P021.jpg,0.888558,23.666960,ok
EES0423787__X12__Y18__P022.jpg,0.881170,24.476961,ok
EES0423787__X12__Y1E__P023.jpg,0.827574,23.117637,ok
EES0423787__X12__Y3C__P024.jpg,0.935011,26.092662,ok
EES0423787__X15__Y0C__P025.jpg,0.919337,23.176124,ok
EES0423788__X15__Y12__P001.jpg,0.899180,25.237075,ok
EES0423788__X15__Y15__P002.jpg,0.849943,23.765337,ok
EES0423788__X15__Y18__P003.jpg,0.844895,23.953946,ok
EES0423788__X18__Y0F__P004.jpg,0.901394,25.810794,ok
EES0423788__X18__Y12__P005.jpg,0.848309,23.146923,ok
EES0423788__X18__Y18__P006.jpg,0.877772,23.611172,ok
EES0423788__X18__Y1E__P007.jpg,0.878230,26.419686,ok
EES0423788__X1B__Y0C__P008.jpg,0.874020,24.615792,ok
EES0423788__X1B__Y2D__P009.jpg,0.873209,24.210847,ok
EES0423788__X1B__Y3C__P010.jpg,0.859363,23.877351,ok
EES0423788__X1E__Y18__P011.jpg,0.920081,24.518231,ok
EES0423788__X1E__Y1B__P012.jpg,0.876886,26.257634,ok
EES0423788__X21__Y09__P013.jpg,0.944164,30.024986,ok
EES0423788__X21__Y0C__P014.jpg,0.865048,24.512162,ok
EES0423788__X21__Y12__P015.jpg,0.853477,23.424713,ok
EES0423788__X21__Y15__P016.jpg,0.846765,25.582885,ok
EES0423788__X21__Y18__P017.jpg,0.768822,23.678958,ok
EES0423788__X21__Y1B__P018.jpg,0.902577,23.037353,ok
EES0423788__X21__Y1E__P019.jpg,0.868170,25.443469,ok
EES0423788__X21__Y21__P020.jpg,0.904278,26.367074,ok
EES0423788__X21__Y24__P021.jpg,0.865339,27.006225,ok
EES0423788__X21__Y2A__P022.jpg,0.938478,30.236718,ok
EES0423788__X21__Y2D__P023.jpg,0.897347,26.107793,ok
EES0423788__X21__Y30__P024.jpg,0.953359,32.546740,ok
EES0423788__X21__Y36__P025.jpg,0.905014,26.413585,ok
EES0423789__X12__Y45__P001.jpg,0.951951,28.513002,ok
EES0423789__X15__Y45__P002.jpg,0.928260,26.552906,ok
EES0423789__X18__Y45__P003.jpg,0.836126,26.384534,ok
EES0423789__X1B__Y09__P004.jpg,0.921882,25.477127,ok
EES0423789__X1B__Y45__P005.jpg,0.814909,24.667732,ok
EES0423789__X1E__Y09__P006.jpg,0.818028,22.211556,ok
EES0423789__X1E__Y45__P007.jpg,0.854810,23.293033,ok
EES0423789__X21__Y09__P008.jpg,0.819341,23.193180,ok
EES0423789__X24__Y09__P009.jpg,0.917234,27.436818,ok
EES0423789__X27__Y09__P010.jpg,0.963987,31.235222,ok
EES0423789__X30__Y45__P011.jpg,0.965066,30.723287,ok
EES0423789__X3C__Y18__P012.jpg,0.958462,25.991637,ok
EES0423789__X3C__Y39__P013.jpg,0.951015,26.808520,ok
EES0423789__X3F__Y1E__P014.jpg,0.912935,23.932632,ok
EES0423789__X0C__Y21__P015.jpg,0.845221,25.488482,ok
EES0423789__X0C__Y30__P016.jpg,0.872172,24.283331,ok
EES0423789__X0C__Y33__P017.jpg,0.872735,23.110137,ok
EES0423789__X0F__Y1B__P018.jpg,0.845898,23.561931,ok
EES0423789__X0F__Y30__P019.jpg,0.829183,22.084021,ok
EES0423789__X15__Y15__P020.jpg,0.747554,21.730291,ok
EES0423789__X15__Y39__P021.jpg,0.872797,23.886482,ok
EES0423789__X1E__Y0F__P022.jpg,0.902364,23.693663,ok
EES0423789__X21__Y15__P023.jpg,0.805102,23.258387,ok
EES0423789__X21__Y18__P024.jpg,0.888380,25.006618,ok
EES0423789__X21__Y21__P025.jpg,0.838842,23.299651,ok
EES0423790__X06__Y24__P001.jpg,0.854038,26.010520,ok
EES0423790__X06__Y27__P002.jpg,0.872342,25.525830,ok
EES0423790__X06__Y2A__P003.jpg,0.804129,24.675721,ok
EES0423790__X06__Y2D__P004.jpg,0.889632,27.220808,ok
EES0423790__X09__Y18__P005.jpg,0.896096,24.513927,ok
EES0423790__X09__Y1E__P006.jpg,0.773899,22.399170,ok
EES0423790__X09__Y21__P007.jpg,0.824416,23.017813,ok
EES0423790__X09__Y39__P008.jpg,0.971017,35.897110,ok
EES0423790__X0C__Y15__P009.jpg,0.895264,26.176038,ok
EES0423790__X0C__Y18__P010.jpg,0.727172,21.701955,ok
EES0423790__X0C__Y1B__P011.jpg,0.794890,22.510786,ok
EES0423790__X0C__Y1E__P012.jpg,0.774969,23.036290,ok
EES0423790__X0C__Y21__P013.jpg,0.786178,25.760956,ok
EES0423790__X0C__Y24__P014.jpg,0.786756,24.779732,ok
EES0423790__X0F__Y12__P015.jpg,0.830428,22.708991,ok
EES0423790__X0F__Y1B__P016.jpg,0.863763,23.646156,ok
EES0423790__X0F__Y1E__P017.jpg,0.843496,25.713440,ok
EES0423790__X0F__Y21__P018.jpg,0.804609,24.066002,ok
EES0423790__X0F__Y24__P019.jpg,0.774267,22.829523,ok
EES0423790__X12__Y0F__P020.jpg,0.913669,30.403949,ok
EES0423790__X12__Y12__P021.jpg,0.815943,24.686805,ok
EES0423790__X12__Y15__P022.jpg,0.832994,25.291530,ok
EES0423790__X12__Y1B__P023.jpg,0.750881,22.586298,ok
EES0423790__X15__Y0F__P024.jpg,0.819742,24.154259,ok
EES0423790__X15__Y12__P025.jpg,0.733877,21.280054,ok
EES0423791__X15__Y15__P001.jpg,0.826727,23.144844,ok
EES0423791__X18__Y0C__P002.jpg,0.901480,27.216410,ok
EES0423791__X18__Y0F__P003.jpg,0.818211,23.534415,ok
EES0423791__X18__Y12__P004.jpg,0.829631,22.760440,ok
EES0423791__X18__Y15__P005.jpg,0.777207,22.139661,ok
EES0423791__X1B__Y0C__P006.jpg,0.827649,24.733947,ok
EES0423791__X1B__Y0F__P007.jpg,0.813342,24.211713,ok
EES0423791__X1B__Y12__P008.jpg,0.880813,28.217350,ok
EES0423791__X1E__Y0C__P009.jpg,0.832540,24.060566,ok
EES0423791__X1E__Y0F__P010.jpg,0.819622,22.298145,ok
EES0423791__X21__Y0F__P011.jpg,0.850806,22.451531,ok
EES0423791__X21__Y12__P012.jpg,0.817735,22.931185,ok
EES0423791__X24__Y0F__P013.jpg,0.791472,23.605984,ok
EES0423791__X24__Y12__P014.jpg,0.870227,24.922286,ok
EES0423791__X27__Y0C__P015.jpg,0.822200,22.951530,ok
EES0423791__X27__Y0F__P016.jpg,0.819484,22.425069,ok
EES0423791__X2A__Y0C__P017.jpg,0.852549,24.255180,ok
EES0423791__X2A__Y0F__P018.jpg,0.844282,24.347220,ok
EES0423791__X2A__Y12__P019.jpg,0.828175,23.923948,ok
EES0423791__X2D__Y0C__P020.jpg,0.846520,26.198464,ok
EES0423791__X2D__Y0F__P021.jpg,0.839933,24.719466,ok
EES0423791__X2D__Y12__P022.jpg,0.822264,23.750930,ok
EES0423791__X33__Y45__P023.jpg,0.947536,24.873359,ok
EES0423791__X3C__Y1B__P024.jpg,0.850656,22.317099,ok
EES0423791__X3F__Y1B__P025.jpg,0.874668,23.519692,ok
EES0423792__X21__Y2D__P001.jpg,0.932993,27.593718,ok
EES0423792__X21__Y42__P002.jpg,0.870678,24.191541,ok
EES0423792__X21__Y45__P003.jpg,0.908312,29.154394,ok
EES0423792__X24__Y2D__P004.jpg,0.952174,26.855402,ok
EES0423792__X2A__Y21__P005.jpg,0.914575,23.395351,ok
EES0423792__X2A__Y24__P006.jpg,0.920295,25.878661,ok
EES0423792__X2A__Y27__P007.jpg,0.805830,22.732147,ok
EES0423792__X2A__Y2A__P008.jpg,0.894220,23.575564,ok
EES0423792__X2D__Y27__P009.jpg,0.929474,26.774973,ok
EES0423792__X30__Y1B__P010.jpg,0.923622,27.294636,ok
EES0423792__X30__Y1E__P011.jpg,0.923986,28.503202,ok
EES0423792__X30__Y3F__P012.jpg,0.871084,23.992331,ok
EES0423792__X33__Y18__P013.jpg,0.876859,23.127270,ok
EES0423792__X33__Y24__P014.jpg,0.924160,23.854246,ok
EES0423792__X33__Y27__P015.jpg,0.690935,20.916416,ok
EES0423792__X33__Y36__P016.jpg,0.890815,23.163627,ok
EES0423792__X33__Y39__P017.jpg,0.869701,26.540480,ok
EES0423792__X36__Y1B__P018.jpg,0.889324,25.356488,ok
EES0423792__X36__Y2A__P019.jpg,0.923348,28.403029,ok
EES0423792__X36__Y36__P020.jpg,0.877889,25.047207,ok
EES0423792__X36__Y39__P021.jpg,0.764163,21.532910,ok
EES0423792__X39__Y21__P022.jpg,0.896015,25.782855,ok
EES0423792__X39__Y2A__P023.jpg,0.897533,23.804316,ok
EES0423792__X3C__Y27__P024.jpg,0.805096,22.053636,ok
EES0423792__X3C__Y2A__P025.jpg,0.871284,25.602743,ok
EES0423793__X3F__Y27__P001.jpg,0.889134,25.709081,ok
EES0423793__X0F__Y39__P002.jpg,0.885974,22.813722,ok
EES0423793__X12__Y0C__P003.jpg,0.911586,24.002466,ok
EES0423793__X18__Y09__P004.jpg,0.922978,26.495775,ok
EES0423793__X1E__Y06__P005.jpg,0.966230,30.399092,ok
EES0423793__X1E__Y45__P006.jpg,0.963023,31.398347,ok
EES0423793__X21__Y06__P007.jpg,0.951594,35.363545,ok
EES0423793__X21__Y45__P008.jpg,0.916562,27.753241,ok
EES0423793__X24__Y06__P009.jpg,0.923982,27.316949,ok
EES0423793__X24__Y45__P010.jpg,0.906406,24.057069,ok
EES0423793__X27__Y06__P011.jpg,0.967779,32.888123,ok
EES0423793__X30__Y0C__P012.jpg,0.880721,25.534574,ok
EES0423793__X30__Y1B__P013.jpg,0.770013,22.525526,ok
EES0423793__X30__Y45__P014.jpg,0.895630,23.750430,ok
EES0423793__X33__Y09__P015.jpg,0.978579,34.403363,ok
EES0423793__X33__Y0C__P016.jpg,0.764114,22.457892,ok
EES0423793__X33__Y0F__P017.jpg,0.756716,24.794923,ok
EES0423793__X33__Y1B__P018.jpg,0.825108,26.237863,ok
EES0423793__X33__Y1E__P019.jpg,0.789722,24.797827,ok
EES0423793__X33__Y21__P020.jpg,0.801867,22.322670,ok
EES0423793__X33__Y24__P021.jpg,0.826098,24.892954,ok
EES0423793__X33__Y42__P022.jpg,0.855942,22.616559,ok
EES0423793__X36__Y0C__P023.jpg,0.812477,21.946265,ok
EES0423793__X36__Y0F__P024.jpg,0.779469,21.852827,ok
EES0423793__X36__Y1B__P025.jpg,0.812479,23.150547,ok
EES0423794__X36__Y1E__P001.jpg,0.778819,24.461053,ok
EES0423794__X36__Y21__P002.jpg,0.864523,28.484251,ok
EES0423794__X36__Y24__P003.jpg,0.797687,24.442822,ok
EES0423794__X36__Y27__P004.jpg,0.768350,22.192318,ok
EES0423794__X36__Y42__P005.jpg,0.975444,32.601114,ok
EES0423794__X39__Y0C__P006.jpg,0.975521,36.945009,ok
EES0423794__X39__Y1B__P007.jpg,0.735421,23.230083,ok
EES0423794__X39__Y1E__P008.jpg,0.749450,21.379468,ok
EES0423794__X39__Y21__P009.jpg,0.806205,22.884340,ok
EES0423794__X39__Y24__P010.jpg,0.730838,21.859629,ok
EES0423794__X39__Y27__P011.jpg,0.763571,22.548929,ok
EES0423794__X39__Y3F__P012.jpg,0.829602,23.558612,ok
EES0423794__X3C__Y0F__P013.jpg,0.953328,26.526203,ok
EES0423794__X3C__Y1B__P014.jpg,0.742573,22.479405,ok
EES0423794__X3C__Y39__P015.jpg,0.757830,21.796922,ok
EES0423794__X3F__Y12__P016.jpg,0.964441,38.085338,ok
EES0423794__X3F__Y30__P017.jpg,0.838586,25.597415,ok
EES0423794__X3F__Y33__P018.jpg,0.811610,23.514515,ok
EES0423794__X3F__Y36__P019.jpg,0.813933,22.826933,ok
EES0423794__X42__Y15__P020.jpg,0.977146,34.588704,ok
EES0423794__X42__Y18__P021.jpg,0.867150,24.613642,ok
EES0423794__X42__Y30__P022.jpg,0.844107,26.298828,ok
EES0423794__X42__Y33__P023.jpg,0.861117,24.860166,ok
EES0423794__X42__Y36__P024.jpg,0.986577,32.258386,ok
EES0423794__X03__Y21__P025.jpg,0.890910,25.015006,ok
EES0423795__X24__Y09__P001.jpg,0.832057,23.264757,ok
EES0423795__X24__Y0F__P002.jpg,0.883022,22.788029,ok
EES0423795__X24__Y30__P003.jpg,0.895045,25.376084,ok
EES0423795__X24__Y33__P004.jpg,0.904005,24.078631,ok
EES0423795__X24__Y39__P005.jpg,0.872605,25.405622,ok
EES0423795__X27__Y12__P006.jpg,0.917361,24.326191,ok
EES0423795__X27__Y2D__P007.jpg,0.852259,23.057004,ok
EES0423795__X27__Y3F__P008.jpg,0.851692,23.299733,ok
EES0423795__X2A__Y0C__P009.jpg,0.909879,25.747523,ok
EES0423795__X2A__Y21__P010.jpg,0.917014,27.211074,ok
EES0423795__X2D__Y3F__P011.jpg,0.903227,24.134832,ok
EES0423795__X30__Y3F__P012.jpg,0.944564,27.253506,ok
EES0423795__X33__Y27__P013.jpg,0.832272,23.349511,ok
EES0423795__X33__Y2A__P014.jpg,0.825660,23.297142,ok
EES0423795__X33__Y33__P015.jpg,0.839695,22.695142,ok
EES0423795__X33__Y3C__P016.jpg,0.904652,24.089473,ok
EES0423795__X39__Y2A__P017.jpg,0.901628,27.250410,ok
EES0423795__X39__Y39__P018.jpg,0.884250,23.887437,ok
EES0423795__X3C__Y1B__P019.jpg,0.890798,25.703653,ok
EES0423795__X3C__Y27__P020.jpg,0.912282,24.454849,ok
EES0423795__X3C__Y33__P021.jpg,0.897398,24.220746,ok
EES0423795__X3F__Y15__P022.jpg,0.980679,39.006988,ok
EES0423795__X3F__Y21__P023.jpg,0.923144,27.053088,ok
EES0423795__X3F__Y24__P024.jpg,0.872989,22.676720,ok
EES0423795__X06__Y27__P025.jpg,0.964156,32.354262,ok
EES0423796__X03__Y1E__P001.jpg,0.934873,27.482133,ok
EES0423796__X03__Y30__P002.jpg,0.864209,23.403402,ok
EES0423796__X06__Y18__P003.jpg,0.936967,26.483141,ok
EES0423796__X0C__Y42__P004.jpg,0.877752,23.435724,ok
EES0423796__X12__Y45__P005.jpg,0.849232,22.844830,ok
EES0423796__X18__Y45__P006.jpg,0.791155,21.898484,ok
EES0423796__X1B__Y24__P007.jpg,0.750085,22.049202,ok
EES0423796__X1E__Y09__P008.jpg,0.906408,26.520488,ok
EES0423796__X1E__Y21__P009.jpg,0.754793,22.314154,ok
EES0423796__X21__Y09__P010.jpg,0.889689,25.969801,ok
EES0423796__X21__Y21__P011.jpg,0.695294,20.990914,ok
EES0423796__X21__Y24__P012.jpg,0.719123,21.613027,ok
EES0423796__X21__Y27__P013.jpg,0.813536,23.758522,ok
EES0423796__X24__Y21__P014.jpg,0.677447,21.154921,ok
EES0423796__X24__Y24__P015.jpg,0.749382,24.982086,ok
EES0423796__X24__Y27__P016.jpg,0.737405,21.496089,ok
EES0423796__X27__Y21__P017.jpg,0.707223,22.054040,ok
EES0423796__X27__Y24__P018.jpg,0.732296,21.338333,ok
EES0423796__X27__Y27__P019.jpg,0.694802,21.455652,ok
EES0423796__X2A__Y0C__P020.jpg,0.846903,22.868887,ok
EES0423796__X2A__Y1E__P021.jpg,0.758215,21.587656,ok
EES0423796__X2A__Y21__P022.jpg,0.808943,22.531489,ok
EES0423796__X2A__Y27__P023.jpg,0.691223,21.808960,ok
EES0423796__X2A__Y45__P024.jpg,0.820588,23.502474,ok
EES0423796__X2D__Y0C__P025.jpg,0.930439,29.944022,ok
EES0423797__X3F__Y30__P001.jpg,0.951106,28.675506,ok
EES0423797__X3F__Y33__P002.jpg,0.920858,26.189053,ok
EES0423797__X06__Y24__P003.jpg,0.928685,28.081795,ok
EES0423797__X06__Y27__P004.jpg,0.957557,30.744421,ok
EES0423797__X09__Y15__P005.jpg,0.865214,22.944847,ok
EES0423797__X09__Y18__P006.jpg,0.799135,21.970788,ok
EES0423797__X09__Y1B__P007.jpg,0.813190,22.573389,ok
EES0423797__X09__Y21__P008.jpg,0.885824,25.161117,ok
EES0423797__X09__Y24__P009.jpg,0.847458,22.466274,ok
EES0423797__X09__Y27__P010.jpg,0.834889,26.124797,ok
EES0423797__X09__Y2D__P011.jpg,0.864703,22.743593,ok
EES0423797__X09__Y33__P012.jpg,0.910580,26.058913,ok
EES0423797__X0C__Y24__P013.jpg,0.849261,23.605213,ok
EES0423797__X0C__Y33__P014.jpg,0.789275,23.262305,ok
EES0423797__X0C__Y3C__P015.jpg,0.874027,23.902647,ok
EES0423797__X12__Y0C__P016.jpg,0.909400,28.442295,ok
EES0423797__X12__Y3F__P017.jpg,0.877828,23.126871,ok
EES0423797__X15__Y0C__P018.jpg,0.859468,22.825073,ok
EES0423797__X18__Y09__P019.jpg,0.943992,29.063920,ok
EES0423797__X18__Y0C__P020.jpg,0.812371,22.221545,ok
EES0423797__X1B__Y09__P021.jpg,0.807240,23.153307,ok
EES0423797__X21__Y45__P022.jpg,0.837863,22.185100,ok
EES0423797__X24__Y45__P023.jpg,0.828995,22.287386,ok
EES0423797__X30__Y42__P024.jpg,0.825993,23.625955,ok
EES0423797__X30__Y45__P025.jpg,0.902978,26.286946,ok
EES0423798__X42__Y30__P001.jpg,0.945267,26.688257,ok
EES0423798__X0C__Y15__P002.jpg,0.815204,24.650021,ok
EES0423798__X0C__Y18__P003.jpg,0.851146,24.466014,ok
EES0423798__X0C__Y1B__P004.jpg,0.890320,26.576570,ok
EES0423798__X0F__Y12__P005.jpg,0.869093,22.676623,ok
EES0423798__X0F__Y15__P006.jpg,0.871873,23.020142,ok
EES0423798__X2D__Y0F__P007.jpg,0.907437,24.033240,ok
EES0423798__X30__Y1B__P008.jpg,0.838112,22.769776,ok
EES0423798__X36__Y36__P009.jpg,0.771802,21.670842,ok
EES0423798__X3F__Y12__P010.jpg,0.975881,32.159128,ok
EES0423798__X12__Y42__P011.jpg,0.947530,29.459873,ok
EES0423798__X09__Y2D__P012.jpg,0.844648,22.995329,ok
EES0423798__X09__Y30__P013.jpg,0.849865,24.354552,ok
EES0423798__X09__Y33__P014.jpg,0.942469,26.758370,ok
EES0423798__X0C__Y2D__P015.jpg,0.889511,23.380806,ok
EES0423798__X0C__Y33__P016.jpg,0.905856,23.118493,ok
EES0423798__X0F__Y36__P017.jpg,0.871215,25.412124,ok
EES0423798__X15__Y36__P018.jpg,0.921796,26.489833,ok
EES0423798__X15__Y39__P019.jpg,0.942803,29.568356,ok
EES0423798__X18__Y3C__P020.jpg,0.903708,28.489164,ok
EES0423798__X18__Y42__P021.jpg,0.930084,23.262524,ok
EES0423798__X1B__Y42__P022.jpg,0.957843,29.504955,ok
EES0423798__X1E__Y33__P023.jpg,0.787516,21.771530,ok
EES0423798__X1E__Y39__P024.jpg,0.826659,24.497717,ok
EES0423798__X1E__Y42__P025.jpg,0.901532,23.482684,ok
EES0423799__X0C__Y2A__P001.jpg,0.820644,22.787048,ok
EES0423799__X0C__Y2D__P002.jpg,0.899363,24.928094,ok
EES0423799__X0C__Y30__P003.jpg,0.860191,26.229823,ok
EES0423799__X0C__Y33__P004.jpg,0.928143,29.543734,ok
EES0423799__X0C__Y36__P005.jpg,0.791531,22.853526,ok
EES0423799__X0C__Y39__P006.jpg,0.826741,23.721657,ok
EES0423799__X0C__Y3C__P007.jpg,0.944763,29.797892,ok
EES0423799__X0F__Y1E__P008.jpg,0.848823,24.721983,ok
EES0423799__X0F__Y21__P009.jpg,0.869279,23.647798,ok
EES0423799__X0F__Y27__P010.jpg,0.847213,22.242629,ok
EES0423799__X0F__Y30__P011.jpg,0.910110,24.221145,ok
EES0423799__X0F__Y39__P012.jpg,0.886807,25.443534,ok
EES0423799__X0F__Y3C__P013.jpg,0.816920,24.566037,ok
EES0423799__X0F__Y3F__P014.jpg,0.934694,29.149582,ok
EES0423799__X12__Y1B__P015.jpg,0.888091,25.978852,ok
EES0423799__X12__Y1E__P016.jpg,0.932742,29.972108,ok
EES0423799__X12__Y21__P017.jpg,0.895635,25.968795,ok
EES0423799__X12__Y3F__P018.jpg,0.787352,22.530662,ok
EES0423799__X15__Y1B__P019.jpg,0.860188,26.146929,ok
EES0423799__X15__Y1E__P020.jpg,0.858168,23.106605,ok
EES0423799__X18__Y15__P021.jpg,0.940595,27.906745,ok
EES0423799__X18__Y18__P022.jpg,0.882656,26.962220,ok
EES0423799__X18__Y1B__P023.jpg,0.857824,24.304649,ok
EES0423799__X18__Y2A__P024.jpg,0.824800,23.245571,ok
EES0423799__X18__Y45__P025.jpg,0.980711,34.350594,ok
EES0423800__X1B__Y15__P001.jpg,0.829447,24.031709,ok
EES0423800__X1B__Y18__P002.jpg,0.880460,25.299745,ok
EES0423800__X1B__Y1B__P003.jpg,0.855113,22.411771,ok
EES0423800__X1B__Y45__P004.jpg,0.885410,27.256263,ok
EES0423800__X1E__Y12__P005.jpg,0.861592,24.934975,ok
EES0423800__X1E__Y15__P006.jpg,0.898575,25.314666,ok
EES0423800__X21__Y12__P007.jpg,0.845835,22.766125,ok
EES0423800__X21__Y42__P008.jpg,0.887737,24.115992,ok
EES0423800__X21__Y45__P009.jpg,0.740892,21.324010,ok
EES0423800__X24__Y0C__P010.jpg,0.904538,26.712799,ok
EES0423800__X24__Y0F__P011.jpg,0.915864,26.362484,ok
EES0423800__X24__Y12__P012.jpg,0.900726,28.368254,ok
EES0423800__X27__Y0F__P013.jpg,0.867664,27.000807,ok
EES0423800__X27__Y12__P014.jpg,0.872638,25.429916,ok
EES0423800__X2A__Y0F__P015.jpg,0.859097,24.106149,ok
EES0423800__X2A__Y12__P016.jpg,0.832252,22.556102,ok
EES0423800__X2A__Y45__P017.jpg,0.856028,23.354271,ok
EES0423800__X2D__Y45__P018.jpg,0.880087,24.803511,ok
EES0423800__X30__Y0C__P019.jpg,0.891569,24.908299,ok
EES0423800__X30__Y0F__P020.jpg,0.869492,26.346299,ok
EES0423800__X30__Y45__P021.jpg,0.932434,31.029706,ok
EES0423800__X33__Y0F__P022.jpg,0.888706,26.707911,ok
EES0423800__X36__Y12__P023.jpg,0.885544,24.714036,ok
EES0423800__X36__Y42__P024.jpg,0.983005,31.673029,ok
EES0423800__X39__Y12__P025.jpg,0.894126,25.229432,ok
EES0423801__X06__Y3C__P001.jpg,0.950477,23.763334,ok
EES0423801__X06__Y3F__P002.jpg,0.979804,35.434272,ok
EES0423801__X09__Y3C__P003.jpg,0.935569,23.400755,ok
EES0423801__X21__Y06__P004.jpg,0.789919,23.785987,ok
EES0423801__X24__Y06__P005.jpg,0.880665,25.672711,ok
EES0423801__X27__Y06__P006.jpg,0.860199,24.364790,ok
EES0423801__X2A__Y06__P007.jpg,0.888554,25.597174,ok
EES0423801__X2D__Y06__P008.jpg,0.934830,27.790451,ok
EES0423801__X2D__Y09__P009.jpg,0.899235,23.654053,ok
EES0423801__X30__Y09__P010.jpg,0.914762,25.478931,ok
EES0423801__X30__Y12__P011.jpg,0.697372,21.081517,ok
EES0423801__X33__Y09__P012.jpg,0.852871,23.353135,ok
EES0423801__X33__Y0C__P013.jpg,0.822583,23.710087,ok
EES0423801__X33__Y1B__P014.jpg,0.677038,22.025819,ok
EES0423801__X36__Y0F__P015.jpg,0.824771,23.101671,ok
EES0423801__X36__Y1B__P016.jpg,0.735064,22.681974,ok
EES0423801__X39__Y1B__P017.jpg,0.694832,21.045508,ok
EES0423801__X3F__Y1B__P018.jpg,0.859662,24.192770,ok
EES0423801__X42__Y24__P019.jpg,0.875990,22.958988,ok
EES0423801__X42__Y27__P020.jpg,0.893101,24.610383,ok
EES0423801__X42__Y2A__P021.jpg,0.887982,22.856590,ok
EES0423801__X2A__Y3F__P022.jpg,0.836067,22.690000,ok
EES0423801__X2A__Y42__P023.jpg,0.817149,22.623595,ok
EES0423801__X2D__Y39__P024.jpg,0.852039,23.116098,ok
EES0423801__X2D__Y3F__P025.jpg,0.760239,21.709600,ok
EES0423802__X09__Y24__P001.jpg,0.834351,22.217091,ok
EES0423802__X09__Y27__P002.jpg,0.845704,23.875286,ok
EES0423802__X09__Y2A__P003.jpg,0.800777,23.107934,ok
EES0423802__X09__Y30__P004.jpg,0.893501,27.314293,ok
EES0423802__X09__Y33__P005.jpg,0.972540,34.149677,ok
EES0423802__X0C__Y1B__P006.jpg,0.867627,24.193604,ok
EES0423802__X0C__Y27__P007.jpg,0.762673,21.491639,ok
EES0423802__X0C__Y36__P008.jpg,0.891689,26.321198,ok
EES0423802__X0C__Y39__P009.jpg,0.985339,33.491288,ok
EES0423802__X0F__Y36__P010.jpg,0.821362,22.608101,ok
EES0423802__X0F__Y39__P011.jpg,0.796865,21.818618,ok
EES0423802__X12__Y0C__P012.jpg,0.884567,25.372815,ok
EES0423802__X12__Y0F__P013.jpg,0.831502,22.499278,ok
EES0423802__X12__Y12__P014.jpg,0.850822,22.821482,ok
EES0423802__X15__Y09__P015.jpg,0.934374,28.966129,ok
EES0423802__X15__Y0C__P016.jpg,0.860787,25.249902,ok
EES0423802__X15__Y3F__P017.jpg,0.971799,30.963635,ok
EES0423802__X18__Y09__P018.jpg,0.872693,23.582299,ok
EES0423802__X18__Y0C__P019.jpg,0.903209,25.332640,ok
EES0423802__X1B__Y0C__P020.jpg,0.808096,22.329147,ok
EES0423802__X1B__Y42__P021.jpg,0.948684,27.900659,ok
EES0423802__X1E__Y42__P022.jpg,0.906839,26.068596,ok
EES0423802__X24__Y45__P023.jpg,0.921399,24.262909,ok
EES0423802__X30__Y42__P024.jpg,0.929206,27.829219,ok
EES0423802__X36__Y3F__P025.jpg,0.939092,26.731433,ok
EES0423803__X0F__Y30__P001.jpg,0.832453,22.527390,ok
EES0423803__X12__Y09__P002.jpg,0.915843,23.777115,ok
EES0423803__X18__Y3C__P003.jpg,0.900582,25.819863,ok
EES0423803__X1E__Y3C__P004.jpg,0.833536,22.278396,ok
EES0423803__X1E__Y3F__P005.jpg,0.868391,22.644074,ok
EES0423803__X24__Y3F__P006.jpg,0.931716,26.169335,ok
EES0423803__X39__Y0C__P007.jpg,0.928406,23.852791,ok
EES0423803__X3F__Y33__P008.jpg,0.881009,23.247437,ok
EES0423803__X42__Y1B__P009.jpg,0.886033,23.849932,ok
EES0423803__X42__Y2A__P010.jpg,0.838116,24.201691,ok
EES0423803__X0C__Y2A__P011.jpg,0.944738,28.257438,ok
EES0423803__X12__Y2A__P012.jpg,0.886236,25.691412,ok
EES0423803__X12__Y30__P013.jpg,0.914061,26.781984,ok
EES0423803__X15__Y24__P014.jpg,0.904060,26.132057,ok
EES0423803__X15__Y27__P015.jpg,0.897439,25.276975,ok
EES0423803__X15__Y2A__P016.jpg,0.834314,23.734350,ok
EES0423803__X18__Y24__P017.jpg,0.895331,27.305328,ok
EES0423803__X18__Y27__P018.jpg,0.925439,28.978585,ok
EES0423803__X1B__Y24__P019.jpg,0.755369,21.969440,ok
EES0423803__X1B__Y27__P020.jpg,0.905706,26.087756,ok
EES0423803__X1E__Y21__P021.jpg,0.876297,25.407235,ok
EES0423803__X1E__Y27__P022.jpg,0.848649,26.099540,ok
EES0423803__X1E__Y2A__P023.jpg,0.891048,28.538416,ok
EES0423803__X1E__Y2D__P024.jpg,0.828281,25.027669,ok
EES0423803__X1E__Y36__P025.jpg,0.914601,26.176549,ok
EES0423804__X15__Y36__P001.jpg,0.922207,25.650260,ok
EES0423804__X18__Y0C__P002.jpg,0.911422,25.202132,ok
EES0423804__X18__Y0F__P003.jpg,0.893624,22.690916,ok
EES0423804__X18__Y18__P004.jpg,0.861887,24.504082,ok
EES0423804__X18__Y1B__P005.jpg,0.875441,25.386683,ok
EES0423804__X18__Y1E__P006.jpg,0.839370,24.638634,ok
EES0423804__X18__Y21__P007.jpg,0.821144,23.161227,ok
EES0423804__X18__Y27__P008.jpg,0.934794,27.377461,ok
EES0423804__X1B__Y09__P009.jpg,0.923851,25.496274,ok
EES0423804__X1B__Y0C__P010.jpg,0.876334,23.940881,ok
EES0423804__X1B__Y0F__P011.jpg,0.849499,23.010076,ok
EES0423804__X1B__Y12__P012.jpg,0.830641,22.868230,ok
EES0423804__X1B__Y18__P013.jpg,0.864156,26.290014,ok
EES0423804__X1B__Y1B__P014.jpg,0.961781,29.089078,ok
EES0423804__X1B__Y1E__P015.jpg,0.906156,25.400639,ok
EES0423804__X1B__Y21__P016.jpg,0.831832,22.857250,ok
EES0423804__X1B__Y24__P017.jpg,0.889270,26.455202,ok
EES0423804__X1B__Y27__P018.jpg,0.827706,22.871774,ok
EES0423804__X1B__Y39__P019.jpg,0.874950,23.234660,ok
EES0423804__X1E__Y09__P020.jpg,0.756189,22.502918,ok
EES0423804__X1E__Y0C__P021.jpg,0.876036,25.971828,ok
EES0423804__X1E__Y12__P022.jpg,0.940836,27.475547,ok
EES0423804__X1E__Y15__P023.jpg,0.940709,25.852387,ok
EES0423804__X1E__Y18__P024.jpg,0.955784,29.693418,ok
EES0423804__X1E__Y1B__P025.jpg,0.893786,24.776409,ok
EES0423805__X36__Y36__P001.jpg,0.914552,25.211049,ok
EES0423805__X39__Y18__P002.jpg,0.884405,22.642793,ok
EES0423805__X39__Y1E__P003.jpg,0.885049,23.965995,ok
EES0423805__X39__Y30__P004.jpg,0.921560,23.584530,ok
EES0423805__X3C__Y1B__P005.jpg,0.869206,24.711241,ok
EES0423805__X3C__Y30__P006.jpg,0.888469,24.296078,ok
EES0423805__X3F__Y24__P007.jpg,0.918150,24.931844,ok
EES0423805__X09__Y15__P008.jpg,0.787462,22.293097,ok
EES0423805__X09__Y33__P009.jpg,0.936708,26.554635,ok
EES0423805__X0C__Y33__P010.jpg,0.794041,22.550791,ok
EES0423805__X12__Y3C__P011.jpg,0.970152,28.610528,ok
EES0423805__X18__Y06__P012.jpg,0.749641,21.516160,ok
EES0423805__X18__Y3C__P013.jpg,0.779491,22.393882,ok
EES0423805__X18__Y3F__P014.jpg,0.865544,24.111506,ok
EES0423805__X1E__Y03__P015.jpg,0.819660,23.846389,ok
EES0423805__X1E__Y42__P016.jpg,0.997407,32.006094,ok
EES0423805__X21__Y42__P017.jpg,0.960627,28.760329,ok
EES0423805__X24__Y42__P018.jpg,0.936650,27.828651,ok
EES0423805__X27__Y42__P019.jpg,0.963299,27.989108,ok
EES0423805__X2A__Y03__P020.jpg,0.818759,23.135649,ok
EES0423805__X2A__Y42__P021.jpg,0.987424,29.303985,ok
EES0423805__X2D__Y03__P022.jpg,0.857899,23.815967,ok
EES0423805__X30__Y03__P023.jpg,0.905352,25.022653,ok
EES0423805__X33__Y03__P024.jpg,0.913865,26.204047,ok
EES0423805__X33__Y06__P025.jpg,0.849158,24.730428,ok
EES0423806__X1E__Y1B__P001.jpg,0.812886,23.135048,ok
EES0423806__X1E__Y27__P002.jpg,0.761297,21.463928,ok
EES0423806__X1E__Y2A__P003.jpg,0.838901,23.031038,ok
EES0423806__X1E__Y33__P004.jpg,0.834782,22.103088,ok
EES0423806__X1E__Y3F__P005.jpg,0.823569,24.235420,ok
EES0423806__X21__Y15__P006.jpg,0.813615,22.769404,ok
EES0423806__X21__Y18__P007.jpg,0.874774,24.933742,ok
EES0423806__X2D__Y0F__P008.jpg,0.896886,24.340864,ok
EES0423806__X2D__Y12__P009.jpg,0.858541,25.070556,ok
EES0423806__X2D__Y15__P010.jpg,0.753133,21.486927,ok
EES0423806__X2D__Y18__P011.jpg,0.827953,23.067446,ok
EES0423806__X30__Y06__P012.jpg,0.899204,23.508055,ok
EES0423806__X30__Y09__P013.jpg,0.827756,23.726119,ok
EES0423806__X30__Y0C__P014.jpg,0.828816,22.688689,ok
EES0423806__X30__Y0F__P015.jpg,0.813563,22.478079,ok
EES0423806__X30__Y1B__P016.jpg,0.820782,23.922979,ok
EES0423806__X30__Y1E__P017.jpg,0.801680,23.019062,ok
EES0423806__X30__Y27__P018.jpg,0.889053,24.042611,ok
EES0423806__X30__Y2A__P019.jpg,0.738032,21.594308,ok
EES0423806__X30__Y33__P020.jpg,0.824851,22.773950,ok
EES0423806__X30__Y36__P021.jpg,0.757558,21.809805,ok
EES0423806__X33__Y09__P022.jpg,0.867961,24.957571,ok
EES0423806__X33__Y0C__P023.jpg,0.901330,26.790643,ok
EES0423806__X33__Y36__P024.jpg,0.810300,23.023526,ok
EES0423806__X36__Y0C__P025.jpg,0.828693,23.210387,ok
EES0423807__X09__Y1E__P001.jpg,0.887629,25.061184,ok
EES0423807__X09__Y21__P002.jpg,0.840094,24.157077,ok
EES0423807__X09__Y27__P003.jpg,0.852046,23.995406,ok
EES0423807__X09__Y2A__P004.jpg,0.894767,25.040710,ok
EES0423807__X09__Y2D__P005.jpg,0.816418,23.629421,ok
EES0423807__X09__Y30__P006.jpg,0.846966,24.595322,ok
EES0423807__X09__Y33__P007.jpg,0.956770,27.909213,ok
EES0423807__X09__Y36__P008.jpg,0.916399,24.850772,ok
EES0423807__X09__Y45__P009.jpg,0.995472,32.930204,ok
EES0423807__X0C__Y0F__P010.jpg,0.973284,27.141098,ok
EES0423807__X0C__Y12__P011.jpg,0.819281,22.669041,ok
EES0423807__X0C__Y18__P012.jpg,0.819225,22.973940,ok
EES0423807__X0C__Y1B__P013.jpg,0.847853,24.176215,ok
EES0423807__X0C__Y1E__P014.jpg,0.798642,21.887157,ok
EES0423807__X0C__Y21__P015.jpg,0.850987,23.023503,ok
EES0423807__X0C__Y30__P016.jpg,0.820207,23.040374,ok
EES0423807__X0C__Y33__P017.jpg,0.826247,23.668680,ok
EES0423807__X0C__Y36__P018.jpg,0.807835,23.052469,ok
EES0423807__X0C__Y39__P019.jpg,0.861738,23.158288,ok
EES0423807__X0F__Y0F__P020.jpg,0.925269,25.693854,ok
EES0423807__X0F__Y12__P021.jpg,0.872914,24.502118,ok
EES0423807__X0F__Y15__P022.jpg,0.780462,21.849286,ok
EES0423807__X0F__Y36__P023.jpg,0.751813,22.012202,ok
EES0423807__X0F__Y3C__P024.jpg,0.831222,23.085801,ok
EES0423807__X12__Y0C__P025.jpg,0.940814,26.070953,ok
EES0423808__X12__Y3F__P001.jpg,0.893778,24.844314,ok
EES0423808__X15__Y0C__P002.jpg,0.883117,25.849346,ok
EES0423808__X15__Y0F__P003.jpg,0.824166,22.695520,ok
EES0423808__X15__Y12__P004.jpg,0.810987,22.329437,ok
EES0423808__X15__Y3F__P005.jpg,0.742661,22.142596,ok
EES0423808__X18__Y09__P006.jpg,0.934423,25.968209,ok
EES0423808__X18__Y0C__P007.jpg,0.861975,23.786422,ok
EES0423808__X18__Y42__P008.jpg,0.967542,28.684809,ok
EES0423808__X1B__Y06__P009.jpg,0.999906,35.358751,ok
EES0423808__X1B__Y09__P010.jpg,0.903162,26.016401,ok
EES0423808__X1B__Y0C__P011.jpg,0.830368,22.686139,ok
EES0423808__X1E__Y06__P012.jpg,0.901426,25.669005,ok
EES0423808__X1E__Y09__P013.jpg,0.925335,25.906428,ok
EES0423808__X1E__Y45__P014.jpg,0.941082,29.733618,ok
EES0423808__X21__Y06__P015.jpg,0.897852,26.703127,ok
EES0423808__X21__Y09__P016.jpg,0.795348,22.456725,ok
EES0423808__X21__Y45__P017.jpg,0.903390,25.150011,ok
EES0423808__X24__Y45__P018.jpg,0.888663,26.071324,ok
EES0423808__X27__Y06__P019.jpg,0.847636,23.655753,ok
EES0423808__X27__Y45__P020.jpg,0.917933,24.753666,ok
EES0423808__X2A__Y06__P021.jpg,0.922399,23.962726,ok
EES0423808__X2A__Y45__P022.jpg,0.905962,25.602194,ok
EES0423808__X2D__Y45__P023.jpg,0.946511,27.323121,ok
EES0423808__X30__Y42__P024.jpg,0.853951,24.499919,ok
EES0423808__X33__Y09__P025.jpg,0.945010,27.116053,ok
EES0423809__X15__Y1B__P001.jpg,0.809166,22.736334,ok
EES0423809__X15__Y1E__P002.jpg,0.795467,21.883870,ok
EES0423809__X18__Y0F__P003.jpg,0.862365,24.097851,ok
EES0423809__X18__Y12__P004.jpg,0.898462,25.150358,ok
EES0423809__X18__Y18__P005.jpg,0.790936,21.758462,ok
EES0423809__X1B__Y0C__P006.jpg,0.921259,26.697148,ok
EES0423809__X1B__Y0F__P007.jpg,0.818200,23.258793,ok
EES0423809__X1B__Y12__P008.jpg,0.882983,24.910869,ok
EES0423809__X1B__Y15__P009.jpg,0.826605,22.708006,ok
EES0423809__X1B__Y18__P010.jpg,0.746461,21.478192,ok
EES0423809__X1B__Y1B__P011.jpg,0.803673,22.134023,ok
EES0423809__X1E__Y09__P012.jpg,0.916820,26.979981,ok
EES0423809__X1E__Y0C__P013.jpg,0.934657,27.532130,ok
EES0423809__X1E__Y0F__P014.jpg,0.798916,23.784519,ok
EES0423809__X1E__Y42__P015.jpg,0.850206,22.973263,ok
EES0423809__X21__Y09__P016.jpg,0.943273,28.217451,ok
EES0423809__X21__Y0C__P017.jpg,0.945271,27.194231,ok
EES0423809__X21__Y0F__P018.jpg,0.865372,24.722992,ok
EES0423809__X21__Y12__P019.jpg,0.824816,22.420010,ok
EES0423809__X21__Y15__P020.jpg,0.789233,22.461679,ok
EES0423809__X24__Y09__P021.jpg,0.944314,25.309811,ok
EES0423809__X24__Y0C__P022.jpg,0.912597,27.098501,ok
EES0423809__X24__Y0F__P023.jpg,0.862530,23.253626,ok
EES0423809__X27__Y09__P024.jpg,0.925215,25.307664,ok
EES0423809__X27__Y0C__P025.jpg,0.876580,24.589474,ok
EES0423810__X0C__Y27__P001.jpg,0.794132,22.516991,ok
EES0423810__X0C__Y2A__P002.jpg,0.840263,23.451307,ok
EES0423810__X0C__Y2D__P003.jpg,0.880487,26.026209,ok
EES0423810__X0C__Y30__P004.jpg,0.928046,25.746880,ok
EES0423810__X0F__Y15__P005.jpg,0.923263,25.758758,ok
EES0423810__X0F__Y18__P006.jpg,0.831436,24.539453,ok
EES0423810__X0F__Y1B__P007.jpg,0.894333,26.076437,ok
EES0423810__X12__Y0F__P008.jpg,0.973681,29.283815,ok
EES0423810__X12__Y12__P009.jpg,0.889108,23.363134,ok
EES0423810__X12__Y15__P010.jpg,0.877821,26.178480,ok
EES0423810__X12__Y18__P011.jpg,0.852624,23.119295,ok
EES0423810__X12__Y1B__P012.jpg,0.781448,22.526214,ok
EES0423810__X12__Y39__P013.jpg,0.846098,23.753724,ok
EES0423810__X15__Y0C__P014.jpg,0.914063,26.100764,ok
EES0423810__X15__Y0F__P015.jpg,0.810885,22.043184,ok
EES0423810__X15__Y12__P016.jpg,0.857918,26.768294,ok
EES0423810__X15__Y15__P017.jpg,0.884239,25.511233,ok
EES0423810__X15__Y1B__P018.jpg,0.850724,23.521915,ok
EES0423810__X15__Y21__P019.jpg,0.776610,21.594018,ok
EES0423810__X15__Y3C__P020.jpg,0.828587,22.920484,ok
EES0423810__X18__Y0C__P021.jpg,0.867064,24.354817,ok
EES0423810__X18__Y0F__P022.jpg,0.887156,26.587535,ok
EES0423810__X18__Y12__P023.jpg,0.784112,22.049415,ok
EES0423810__X18__Y1B__P024.jpg,0.821303,22.914862,ok
EES0423810__X18__Y27__P025.jpg,0.786925,22.040631,ok
