filename,ssim,psnr,status
EES0423811__X42__Y15__P001.jpg,0.881339,23.747414,ok
EES0423811__X42__Y36__P002.jpg,0.908316,23.564281,ok
EES0423811__X45__Y18__P003.jpg,0.896011,24.001110,ok
EES0423811__X45__Y2A__P004.jpg,0.875187,23.715072,ok
EES0423811__X45__Y2D__P005.jpg,0.873182,22.344006,ok
EES0423811__X48__Y1E__P006.jpg,0.929218,24.350780,ok
EES0423811__X48__Y21__P007.jpg,0.920818,22.951535,ok
EES0423811__X18__Y1E__P008.jpg,0.833057,22.682351,ok
EES0423811__X18__Y24__P009.jpg,0.821796,22.351836,ok
EES0423811__X1B__Y1B__P010.jpg,0.816980,22.220786,ok
EES0423811__X1E__Y21__P011.jpg,0.837619,22.089188,ok
EES0423811__X21__Y09__P012.jpg,0.879715,23.897664,ok
EES0423811__X2A__Y0C__P013.jpg,0.919318,27.364711,ok
EES0423811__X2A__Y0F__P014.jpg,0.871645,22.638129,ok
EES0423811__X2A__Y12__P015.jpg,0.884656,22.569271,ok
EES0423811__X2D__Y0C__P016.jpg,0.824626,22.239626,ok
EES0423811__X2D__Y0F__P017.jpg,0.889655,23.478516,ok
EES0423811__X30__Y1B__P018.jpg,0.845351,22.252157,ok
EES0423811__X33__Y0F__P019.jpg,0.844157,22.772730,ok
EES0423811__X33__Y21__P020.jpg,0.815355,22.340491,ok
EES0423811__X36__Y27__P021.jpg,0.827611,21.895041,ok
EES0423811__X39__Y18__P022.jpg,0.805187,21.987784,ok
EES0423811__X39__Y24__P023.jpg,0.824643,22.496224,ok
EES0423811__X3C__Y36__P024.jpg,0.890545,22.585182,ok
EES0423811__X3F__Y36__P025.jpg,0.855781,22.589282,ok
EES0423812__X18__Y1E__P001.jpg,0.843154,22.483427,ok
EES0423812__X24__Y0C__P002.jpg,0.852644,22.740689,ok
EES0423812__X27__Y03__P003.jpg,0.887985,23.823480,ok
EES0423812__X2D__Y03__P004.jpg,0.886612,24.128234,ok
EES0423812__X3C__Y0C__P005.jpg,0.863049,22.423088,ok
EES0423812__X3C__Y36__P006.jpg,0.873047,22.303632,ok
EES0423812__X3F__Y1B__P007.jpg,0.863943,23.309139,ok
EES0423812__X45__Y18__P008.jpg,0.908609,28.716123,ok
EES0423812__X0C__Y27__P009.jpg,0.870220,24.377441,ok
EES0423812__X1B__Y24__P010.jpg,0.862514,22.558559,ok
EES0423812__X27__Y36__P011.jpg,0.870153,22.775571,ok
EES0423812__X30__Y09__P012.jpg,0.871371,22.362466,ok
EES0423812__X33__Y2D__P013.jpg,0.842709,22.781850,ok
EES0423812__X33__Y33__P014.jpg,0.886000,23.961000,ok
EES0423812__X36__Y0F__P015.jpg,0.858263,23.285577,ok
EES0423812__X39__Y30__P016.jpg,0.884654,22.517473,ok
EES0423812__X3C__Y24__P017.jpg,0.908315,26.260504,ok
EES0423812__X3C__Y27__P018.jpg,0.897003,24.214880,ok
EES0423812__X3C__Y30__P019.jpg,0.895707,23.335483,ok
EES0423812__X3F__Y24__P020.jpg,0.897180,24.526487,ok
EES0423812__X3F__Y2A__P021.jpg,0.885810,24.160517,ok
EES0423812__X42__Y15__P022.jpg,0.869611,23.225787,ok
EES0423812__X42__Y1B__P023.jpg,0.859008,22.676844,ok
EES0423812__X12__Y21__P024.jpg,0.800052,23.327151,ok
EES0423812__X12__Y24__P025.jpg,0.819001,24.009946,ok
EES0423813__X18__Y21__P001.jpg,0.812604,21.960288,ok
EES0423813__X1B__Y0C__P002.jpg,0.898324,22.832623,ok
EES0423813__X1B__Y1B__P003.jpg,0.822515,21.957047,ok
EES0423813__X1B__Y1E__P004.jpg,0.728792,21.006658,ok
EES0423813__X21__Y06__P005.jpg,0.975461,26.706932,ok
EES0423813__X21__Y1B__P006.jpg,0.844777,23.335807,ok
EES0423813__X24__Y0F__P007.jpg,0.789788,21.644862,ok
EES0423813__X24__Y2D__P008.jpg,0.819551,22.300702,ok
EES0423813__X27__Y06__P009.jpg,0.775695,21.997606,ok
EES0423813__X2A__Y42__P010.jpg,0.942170,25.255520,ok
EES0423813__X30__Y15__P011.jpg,0.808279,21.962318,ok
EES0423813__X30__Y2D__P012.jpg,0.800286,21.753287,ok
EES0423813__X33__Y06__P013.jpg,0.971019,25.127974,ok
EES0423813__X33__Y3F__P014.jpg,0.925689,24.357150,ok
EES0423813__X39__Y21__P015.jpg,0.782333,21.921088,ok
EES0423813__X39__Y3C__P016.jpg,0.887072,23.190819,ok
EES0423813__X3C__Y09__P017.jpg,0.947306,23.638975,ok
EES0423813__X3C__Y0C__P018.jpg,0.824409,22.371744,ok
EES0423813__X3C__Y1B__P019.jpg,0.785446,21.827879,ok
EES0423813__X3C__Y21__P020.jpg,0.811681,22.425950,ok
EES0423813__X3C__Y39__P021.jpg,0.867143,22.798983,ok
EES0423813__X3F__Y0C__P022.jpg,0.970308,24.611533,ok
EES0423813__X3F__Y1B__P023.jpg,0.882504,23.483662,ok
EES0423813__X3F__Y36__P024.jpg,0.839169,22.800142,ok
EES0423813__X3F__Y39__P025.jpg,0.961539,25.381789,ok
EES0423814__X3F__Y2A__P001.jpg,0.841819,22.426521,ok
EES0423814__X3F__Y30__P002.jpg,0.916152,25.936685,ok
EES0423814__X3F__Y33__P003.jpg,0.897921,24.621338,ok
EES0423814__X42__Y1B__P004.jpg,0.826500,22.024060,ok
EES0423814__X42__Y24__P005.jpg,0.883291,23.757986,ok
EES0423814__X42__Y27__P006.jpg,0.853738,24.158507,ok
EES0423814__X12__Y18__P007.jpg,0.849463,22.814860,ok
EES0423814__X27__Y06__P008.jpg,0.895076,23.883410,ok
EES0423814__X30__Y09__P009.jpg,0.919759,26.031698,ok
EES0423814__X30__Y0C__P010.jpg,0.896513,23.851882,ok
EES0423814__X3F__Y12__P011.jpg,0.898055,23.025069,ok
EES0423814__X45__Y27__P012.jpg,0.914455,24.389772,ok
EES0423814__X0F__Y1E__P013.jpg,0.844908,23.358083,ok
EES0423814__X0F__Y2A__P014.jpg,0.829892,22.297462,ok
EES0423814__X0F__Y2D__P015.jpg,0.902605,26.557628,ok
EES0423814__X12__Y18__P016.jpg,0.839607,24.517498,ok
EES0423814__X12__Y27__P017.jpg,0.739297,22.552680,ok
EES0423814__X12__Y2A__P018.jpg,0.812004,22.888880,ok
EES0423814__X12__Y2D__P019.jpg,0.804243,23.275934,ok
EES0423814__X12__Y30__P020.jpg,0.813614,25.833010,ok
EES0423814__X12__Y33__P021.jpg,0.815561,22.297631,ok
EES0423814__X12__Y36__P022.jpg,0.946088,32.564565,ok
EES0423814__X15__Y27__P023.jpg,0.719161,21.864026,ok
EES0423814__X15__Y2A__P024.jpg,0.713829,22.478791,ok
EES0423814__X15__Y30__P025.jpg,0.756036,21.902192,ok
EES0423815__X1B__Y21__P001.jpg,0.917432,24.741478,ok
EES0423815__X1B__Y24__P002.jpg,0.946628,30.986155,ok
EES0423815__X1B__Y27__P003.jpg,0.898873,28.787732,ok
EES0423815__X1B__Y30__P004.jpg,0.892601,23.242837,ok
EES0423815__X1E__Y0C__P005.jpg,0.859694,23.104277,ok
EES0423815__X21__Y18__P006.jpg,0.900279,23.381292,ok
EES0423815__X21__Y1E__P007.jpg,0.829358,22.759272,ok
EES0423815__X21__Y21__P008.jpg,0.782373,21.728040,ok
EES0423815__X21__Y2A__P009.jpg,0.842462,23.650279,ok
EES0423815__X21__Y2D__P010.jpg,0.855804,24.377373,ok
EES0423815__X24__Y18__P011.jpg,0.827114,24.255101,ok
EES0423815__X24__Y1B__P012.jpg,0.909999,27.311784,ok
EES0423815__X24__Y1E__P013.jpg,0.868737,22.598153,ok
EES0423815__X24__Y2A__P014.jpg,0.789307,21.676539,ok
EES0423815__X24__Y33__P015.jpg,0.842129,24.174634,ok
EES0423815__X27__Y1B__P016.jpg,0.836294,22.466083,ok
EES0423815__X27__Y2A__P017.jpg,0.876332,25.076048,ok
EES0423815__X2A__Y0C__P018.jpg,0.885331,22.914829,ok
EES0423815__X2A__Y24__P019.jpg,0.914157,25.547968,ok
EES0423815__X2A__Y27__P020.jpg,0.894868,27.081763,ok
EES0423815__X2D__Y21__P021.jpg,0.856302,22.237775,ok
EES0423815__X2D__Y27__P022.jpg,0.843894,22.591032,ok
EES0423815__X30__Y12__P023.jpg,0.853545,23.216493,ok
EES0423815__X30__Y24__P024.jpg,0.856306,22.820529,ok
EES0423815__X30__Y27__P025.jpg,0.835194,22.517390,ok
EES0423816__X1B__Y1B__P001.jpg,0.724791,21.523193,ok
EES0423816__X1B__Y1E__P002.jpg,0.801306,21.728988,ok
EES0423816__X1B__Y21__P003.jpg,0.734318,21.752833,ok
EES0423816__X1E__Y0C__P004.jpg,0.776044,22.994413,ok
EES0423816__X1E__Y0F__P005.jpg,0.780651,23.927197,ok
EES0423816__X1E__Y1E__P006.jpg,0.778502,22.566509,ok
EES0423816__X21__Y0C__P007.jpg,0.829972,24.126415,ok
EES0423816__X21__Y0F__P008.jpg,0.835853,23.020762,ok
EES0423816__X24__Y09__P009.jpg,0.864637,22.577450,ok
EES0423816__X24__Y0C__P010.jpg,0.835441,22.865714,ok
EES0423816__X24__Y0F__P011.jpg,0.801487,21.964764,ok
EES0423816__X24__Y12__P012.jpg,0.729500,21.068874,ok
EES0423816__X24__Y18__P013.jpg,0.787956,21.854135,ok
EES0423816__X24__Y1E__P014.jpg,0.724078,20.985599,ok
EES0423816__X27__Y09__P015.jpg,0.800080,22.293055,ok
EES0423816__X27__Y0C__P016.jpg,0.806295,22.514431,ok
EES0423816__X27__Y0F__P017.jpg,0.820712,22.384214,ok
EES0423816__X27__Y12__P018.jpg,0.760004,21.770024,ok
EES0423816__X27__Y15__P019.jpg,0.776066,22.500422,ok
EES0423816__X27__Y18__P020.jpg,0.725396,21.122459,ok
EES0423816__X2A__Y0F__P021.jpg,0.868318,22.881489,ok
EES0423816__X2A__Y18__P022.jpg,0.824025,23.076049,ok
EES0423816__X2D__Y09__P023.jpg,0.887533,23.319139,ok
EES0423816__X2D__Y0C__P024.jpg,0.887959,23.541948,ok
EES0423816__X2D__Y12__P025.jpg,0.830954,22.643822,ok
EES0423817__X3C__Y1B__P001.jpg,0.785010,22.029057,ok
EES0423817__X3C__Y1E__P002.jpg,0.863227,23.708537,ok
EES0423817__X3C__Y27__P003.jpg,0.787926,21.688328,ok
EES0423817__X3C__Y2A__P004.jpg,0.821569,24.557761,ok
EES0423817__X3F__Y12__P005.jpg,0.889620,27.265330,ok
EES0423817__X3F__Y18__P006.jpg,0.861513,23.006656,ok
EES0423817__X3F__Y1B__P007.jpg,0.786547,21.754429,ok
EES0423817__X3F__Y21__P008.jpg,0.849614,23.388371,ok
EES0423817__X3F__Y27__P009.jpg,0.885329,23.752945,ok
EES0423817__X3F__Y2A__P010.jpg,0.902040,24.025237,ok
EES0423817__X3F__Y2D__P011.jpg,0.875374,25.226367,ok
EES0423817__X42__Y21__P012.jpg,0.824337,22.859525,ok
EES0423817__X27__Y30__P013.jpg,0.918662,22.658191,ok
EES0423817__X2A__Y30__P014.jpg,0.916536,23.521030,ok
EES0423817__X2A__Y36__P015.jpg,0.956181,23.922587,ok
EES0423817__X2D__Y2A__P016.jpg,0.915234,22.978747,ok
EES0423817__X2D__Y30__P017.jpg,0.948919,24.410022,ok
EES0423817__X2D__Y36__P018.jpg,0.882115,22.732404,ok
EES0423817__X30__Y24__P019.jpg,0.890508,22.820590,ok
EES0423817__X30__Y27__P020.jpg,0.851089,22.563468,ok
EES0423817__X30__Y33__P021.jpg,0.927103,24.146690,ok
EES0423817__X33__Y21__P022.jpg,0.916205,23.167534,ok
EES0423817__X33__Y24__P023.jpg,0.922967,24.255241,ok
EES0423817__X33__Y27__P024.jpg,0.844003,22.450083,ok
EES0423817__X33__Y2A__P025.jpg,0.932893,24.125354,ok
EES0423818__X03__Y24__P001.jpg,0.837412,22.137579,ok
EES0423818__X06__Y39__P002.jpg,0.949512,24.473809,ok
EES0423818__X09__Y39__P003.jpg,0.856590,22.896752,ok
EES0423818__X0C__Y18__P004.jpg,0.798063,21.939030,ok
EES0423818__X0C__Y1B__P005.jpg,0.749085,22.164166,ok
EES0423818__X0C__Y36__P006.jpg,0.839787,23.010546,ok
EES0423818__X2A__Y42__P007.jpg,0.924931,23.466402,ok
EES0423818__X21__Y09__P008.jpg,0.957724,23.489614,ok
EES0423818__X21__Y36__P009.jpg,0.853356,22.213411,ok
EES0423818__X2D__Y39__P010.jpg,0.891670,24.397293,ok
EES0423818__X30__Y36__P011.jpg,0.765513,21.981044,ok
EES0423818__X30__Y39__P012.jpg,0.806924,22.574147,ok
EES0423818__X33__Y33__P013.jpg,0.793017,22.205861,ok
EES0423818__X36__Y2D__P014.jpg,0.869960,22.868764,ok
EES0423818__X36__Y30__P015.jpg,0.895733,23.147895,ok
EES0423818__X36__Y33__P016.jpg,0.852857,23.215105,ok
EES0423818__X36__Y36__P017.jpg,0.857121,22.442278,ok
EES0423818__X36__Y39__P018.jpg,0.865106,22.398029,ok
EES0423818__X39__Y33__P019.jpg,0.860985,22.481859,ok
EES0423818__X09__Y21__P020.jpg,0.951016,23.253422,ok
EES0423818__X1E__Y21__P021.jpg,0.856769,22.302437,ok
EES0423818__X1E__Y36__P022.jpg,0.919506,22.740739,ok
EES0423818__X21__Y24__P023.jpg,0.913946,23.171992,ok
EES0423818__X21__Y36__P024.jpg,0.902283,22.587006,ok
EES0423818__X21__Y39__P025.jpg,0.891425,22.975723,ok
EES0423819__X15__Y24__P001.jpg,0.828752,23.326768,ok
EES0423819__X18__Y24__P002.jpg,0.890045,25.651108,ok
EES0423819__X1B__Y21__P003.jpg,0.822867,23.435175,ok
EES0423819__X1B__Y24__P004.jpg,0.798876,22.868196,ok
EES0423819__X1B__Y27__P005.jpg,0.804271,22.006677,ok
EES0423819__X1E__Y12__P006.jpg,0.811562,22.083848,ok
EES0423819__X1E__Y18__P007.jpg,0.794379,22.209125,ok
EES0423819__X1E__Y21__P008.jpg,0.877886,23.868040,ok
EES0423819__X1E__Y2A__P009.jpg,0.844163,23.320237,ok
EES0423819__X21__Y1B__P010.jpg,0.851157,22.916037,ok
EES0423819__X21__Y2A__P011.jpg,0.855678,24.913952,ok
EES0423819__X21__Y2D__P012.jpg,0.818169,23.348954,ok
EES0423819__X21__Y30__P013.jpg,0.807411,22.058365,ok
EES0423819__X24__Y27__P014.jpg,0.807505,23.068460,ok
EES0423819__X24__Y2A__P015.jpg,0.839332,23.194284,ok
EES0423819__X24__Y30__P016.jpg,0.839242,23.556390,ok
EES0423819__X2A__Y2A__P017.jpg,0.829409,24.217938,ok
EES0423819__X2D__Y2A__P018.jpg,0.829381,23.071943,ok
EES0423819__X33__Y2A__P019.jpg,0.880811,22.706270,ok
EES0423819__X36__Y27__P020.jpg,0.780051,22.061198,ok
EES0423819__X39__Y2A__P021.jpg,0.822064,22.937074,ok
EES0423819__X3C__Y2A__P022.jpg,0.869728,23.972426,ok
EES0423819__X3F__Y27__P023.jpg,0.894993,26.215679,ok
EES0423819__X3F__Y2A__P024.jpg,0.770654,22.717351,ok
EES0423819__X3F__Y2D__P025.jpg,0.866970,24.305160,ok
EES0423820__X36__Y42__P001.jpg,0.797519,22.561785,ok
EES0423820__X3C__Y3C__P002.jpg,0.800466,22.396689,ok
EES0423820__X3F__Y18__P003.jpg,0.872457,22.787243,ok
EES0423820__X3F__Y36__P004.jpg,0.778631,22.121948,ok
EES0423820__X3F__Y39__P005.jpg,0.929711,23.980115,ok
EES0423820__X42__Y1E__P006.jpg,0.896429,24.640407,ok
EES0423820__X42__Y21__P007.jpg,0.883037,24.917613,ok
EES0423820__X42__Y24__P008.jpg,0.856657,23.810240,ok
EES0423820__X42__Y27__P009.jpg,0.826828,23.776584,ok
EES0423820__X42__Y2A__P010.jpg,0.807539,23.577860,ok
EES0423820__X42__Y2D__P011.jpg,0.834515,22.668621,ok
EES0423820__X42__Y30__P012.jpg,0.860441,24.454970,ok
EES0423820__X42__Y33__P013.jpg,0.951316,31.295621,ok
EES0423820__X0C__Y42__P014.jpg,0.962090,30.002951,ok
EES0423820__X0F__Y3C__P015.jpg,0.926574,23.834783,ok
EES0423820__X15__Y2A__P016.jpg,0.921113,23.446445,ok
EES0423820__X1B__Y3F__P017.jpg,0.884284,23.535217,ok
EES0423820__X1E__Y45__P018.jpg,0.931876,25.655967,ok
EES0423820__X24__Y12__P019.jpg,0.896171,24.909528,ok
EES0423820__X24__Y45__P020.jpg,0.874158,22.577284,ok
EES0423820__X30__Y2D__P021.jpg,0.894418,23.526319,ok
EES0423820__X33__Y1E__P022.jpg,0.895395,22.893722,ok
EES0423820__X33__Y27__P023.jpg,0.871157,22.918308,ok
EES0423820__X33__Y2A__P024.jpg,0.835763,22.944991,ok
EES0423820__X33__Y39__P025.jpg,0.868386,22.695633,ok
EES0423821__X15__Y39__P001.jpg,0.839714,23.562972,ok
EES0423821__X18__Y18__P002.jpg,0.816572,23.822475,ok
EES0423821__X18__Y1B__P003.jpg,0.853241,24.133794,ok
EES0423821__X18__Y1E__P004.jpg,0.916397,24.954368,ok
EES0423821__X18__Y27__P005.jpg,0.817911,22.838599,ok
EES0423821__X18__Y2A__P006.jpg,0.833402,22.864244,ok
EES0423821__X18__Y30__P007.jpg,0.814633,22.253657,ok
EES0423821__X18__Y36__P008.jpg,0.844872,25.999509,ok
EES0423821__X18__Y39__P009.jpg,0.882433,24.921275,ok
EES0423821__X1B__Y0F__P010.jpg,0.871320,23.438006,ok
EES0423821__X1B__Y1E__P011.jpg,0.898284,22.602621,ok
EES0423821__X1B__Y2A__P012.jpg,0.791403,21.796858,ok
EES0423821__X1B__Y36__P013.jpg,0.854488,24.251914,ok
EES0423821__X1E__Y2A__P014.jpg,0.863826,24.421948,ok
EES0423821__X1E__Y2D__P015.jpg,0.772274,21.383497,ok
EES0423821__X1E__Y36__P016.jpg,0.807258,23.699975,ok
EES0423821__X1E__Y39__P017.jpg,0.783174,22.147329,ok
EES0423821__X21__Y15__P018.jpg,0.845892,22.039686,ok
EES0423821__X21__Y1B__P019.jpg,0.850836,23.889001,ok
EES0423821__X21__Y24__P020.jpg,0.879535,25.235406,ok
EES0423821__X21__Y2A__P021.jpg,0.887379,27.744524,ok
EES0423821__X21__Y36__P022.jpg,0.835450,24.946351,ok
EES0423821__X24__Y0F__P023.jpg,0.837427,22.554653,ok
EES0423821__X24__Y12__P024.jpg,0.835455,22.689384,ok
EES0423821__X24__Y1E__P025.jpg,0.794455,22.488538,ok
EES0423822__X24__Y27__P001.jpg,0.876944,22.535805,ok
EES0423822__X24__Y2A__P002.jpg,0.828267,23.426313,ok
EES0423822__X24__Y36__P003.jpg,0.793850,22.865300,ok
EES0423822__X24__Y39__P004.jpg,0.856560,23.526198,ok
EES0423822__X27__Y12__P005.jpg,0.865246,22.648571,ok
EES0423822__X2D__Y0F__P006.jpg,0.844029,23.121528,ok
EES0423822__X2D__Y24__P007.jpg,0.819313,22.774025,ok
EES0423822__X2D__Y2A__P008.jpg,0.878959,23.356996,ok
EES0423822__X30__Y0C__P009.jpg,0.883843,24.084588,ok
EES0423822__X30__Y1E__P010.jpg,0.846333,23.072986,ok
EES0423822__X30__Y30__P011.jpg,0.861831,22.583592,ok
EES0423822__X33__Y12__P012.jpg,0.862887,23.272869,ok
EES0423822__X33__Y1B__P013.jpg,0.830920,24.004346,ok
EES0423822__X33__Y2A__P014.jpg,0.853726,23.775713,ok
EES0423822__X33__Y30__P015.jpg,0.875788,23.097484,ok
EES0423822__X33__Y39__P016.jpg,0.899624,26.334394,ok
EES0423822__X36__Y0F__P017.jpg,0.874552,25.533940,ok
EES0423822__X36__Y15__P018.jpg,0.841728,23.234909,ok
EES0423822__X36__Y1B__P019.jpg,0.815190,23.782495,ok
EES0423822__X36__Y27__P020.jpg,0.861535,22.791122,ok
EES0423822__X36__Y39__P021.jpg,0.821846,22.463403,ok
EES0423822__X39__Y1B__P022.jpg,0.898587,24.166264,ok
EES0423822__X39__Y27__P023.jpg,0.887711,23.450679,ok
EES0423822__X39__Y2A__P024.jpg,0.913985,23.631815,ok
EES0423822__X3C__Y21__P025.jpg,0.889278,23.231222,ok
EES0423823__X3C__Y27__P001.jpg,0.848816,23.803413,ok
EES0423823__X3F__Y1E__P002.jpg,0.876686,23.695991,ok
EES0423823__X3F__Y24__P003.jpg,0.818604,22.455930,ok
EES0423823__X42__Y1E__P004.jpg,0.877483,22.739218,ok
EES0423823__X06__Y27__P005.jpg,0.862315,25.531444,ok
EES0423823__X0C__Y15__P006.jpg,0.901799,23.770963,ok
EES0423823__X0C__Y33__P007.jpg,0.898234,26.051756,ok
EES0423823__X0C__Y36__P008.jpg,0.800626,22.790504,ok
EES0423823__X12__Y3C__P009.jpg,0.874259,23.198371,ok
EES0423823__X18__Y0C__P010.jpg,0.959482,31.285838,ok
EES0423823__X18__Y3C__P011.jpg,0.882878,24.207973,ok
EES0423823__X1B__Y0C__P012.jpg,0.892448,25.462358,ok
EES0423823__X21__Y30__P013.jpg,0.888574,22.482358,ok
EES0423823__X2A__Y36__P014.jpg,0.788043,22.844454,ok
EES0423823__X2A__Y3C__P015.jpg,0.895483,24.511393,ok
EES0423823__X2D__Y36__P016.jpg,0.696567,21.739945,ok
EES0423823__X2D__Y39__P017.jpg,0.898708,26.112126,ok
EES0423823__X30__Y36__P018.jpg,0.875604,25.940304,ok
EES0423823__X30__Y39__P019.jpg,0.864519,27.752750,ok
EES0423823__X36__Y12__P020.jpg,0.904295,23.026471,ok
EES0423823__X36__Y33__P021.jpg,0.858459,22.186204,ok
EES0423823__X36__Y39__P022.jpg,0.847559,25.240511,ok
EES0423823__X39__Y15__P023.jpg,0.870873,22.271169,ok
EES0423823__X39__Y1B__P024.jpg,0.891445,24.492988,ok
EES0423823__X39__Y30__P025.jpg,0.787581,22.335762,ok
EES0423824__X39__Y33__P001.jpg,0.844752,25.255076,ok
EES0423824__X39__Y39__P002.jpg,0.802192,22.935038,ok
EES0423824__X39__Y3C__P003.jpg,0.876905,23.159896,ok
EES0423824__X3F__Y1B__P004.jpg,0.828960,23.459512,ok
EES0423824__X3F__Y1E__P005.jpg,0.810435,22.059513,ok
EES0423824__X3F__Y24__P006.jpg,0.824716,23.075120,ok
EES0423824__X3F__Y27__P007.jpg,0.797934,22.601707,ok
EES0423824__X3F__Y2A__P008.jpg,0.747213,21.828501,ok
EES0423824__X3F__Y2D__P009.jpg,0.802024,22.887463,ok
EES0423824__X3F__Y30__P010.jpg,0.856117,23.531402,ok
EES0423824__X3F__Y33__P011.jpg,0.928262,27.401297,ok
EES0423824__X42__Y27__P012.jpg,0.850047,24.314658,ok
EES0423824__X42__Y2A__P013.jpg,0.897769,25.762259,ok
EES0423824__X0C__Y33__P014.jpg,0.904692,27.623951,ok
EES0423824__X0F__Y33__P015.jpg,0.831179,22.196438,ok
EES0423824__X18__Y30__P016.jpg,0.891828,23.671198,ok
EES0423824__X18__Y36__P017.jpg,0.749120,22.017442,ok
EES0423824__X18__Y39__P018.jpg,0.744505,21.931205,ok
EES0423824__X1B__Y09__P019.jpg,0.868046,22.757097,ok
EES0423824__X1B__Y36__P020.jpg,0.866776,23.583991,ok
EES0423824__X1B__Y3F__P021.jpg,0.909527,24.850036,ok
EES0423824__X21__Y39__P022.jpg,0.921503,25.557038,ok
EES0423824__X24__Y39__P023.jpg,0.846337,22.471724,ok
EES0423824__X24__Y3C__P024.jpg,0.897158,24.333284,ok
EES0423824__X24__Y3F__P025.jpg,0.826241,21.857979,ok
EES0423825__X24__Y42__P001.jpg,0.918246,26.330710,ok
EES0423825__X27__Y42__P002.jpg,0.847801,26.319101,ok
EES0423825__X2A__Y09__P003.jpg,0.812594,23.333072,ok
EES0423825__X2A__Y42__P004.jpg,0.827717,23.329156,ok
EES0423825__X2D__Y09__P005.jpg,0.797556,23.319122,ok
EES0423825__X2D__Y12__P006.jpg,0.862061,23.152735,ok
EES0423825__X2D__Y42__P007.jpg,0.886484,23.546137,ok
EES0423825__X30__Y09__P008.jpg,0.784660,21.675470,ok
EES0423825__X30__Y39__P009.jpg,0.811645,22.428482,ok
EES0423825__X33__Y12__P010.jpg,0.887291,25.130025,ok
EES0423825__X33__Y33__P011.jpg,0.802697,22.407992,ok
EES0423825__X33__Y36__P012.jpg,0.883831,24.880525,ok
EES0423825__X36__Y0C__P013.jpg,0.863125,24.118323,ok
EES0423825__X36__Y30__P014.jpg,0.950049,29.167778,ok
EES0423825__X36__Y3C__P015.jpg,0.870643,23.614060,ok
EES0423825__X39__Y0C__P016.jpg,0.894687,25.833425,ok
EES0423825__X39__Y15__P017.jpg,0.887375,24.299139,ok
EES0423825__X39__Y21__P018.jpg,0.863479,22.617571,ok
EES0423825__X39__Y27__P019.jpg,0.814512,22.014609,ok
EES0423825__X39__Y2A__P020.jpg,0.922696,25.346416,ok
EES0423825__X39__Y33__P021.jpg,0.814572,21.870052,ok
EES0423825__X3C__Y12__P022.jpg,0.871866,22.764673,ok
EES0423825__X3C__Y2A__P023.jpg,0.846438,22.860159,ok
EES0423825__X3F__Y18__P024.jpg,0.887750,23.489240,ok
EES0423825__X3F__Y1B__P025.jpg,0.872727,22.842061,ok
EES0423826__X3F__Y21__P001.jpg,0.882257,22.554537,ok
EES0423826__X3F__Y24__P002.jpg,0.829882,22.507203,ok
EES0423826__X3F__Y2A__P003.jpg,0.851910,22.662463,ok
EES0423826__X3F__Y30__P004.jpg,0.870417,23.831532,ok
EES0423826__X3F__Y33__P005.jpg,0.858001,23.575349,ok
EES0423826__X42__Y15__P006.jpg,0.891823,23.657984,ok
EES0423826__X42__Y24__P007.jpg,0.851951,22.659544,ok
EES0423826__X45__Y24__P008.jpg,0.912637,28.747137,ok
EES0423826__X45__Y27__P009.jpg,0.935962,28.572702,ok
EES0423826__X0F__Y1B__P010.jpg,0.895003,27.888997,ok
EES0423826__X0F__Y1E__P011.jpg,0.889420,26.317663,ok
EES0423826__X0F__Y2D__P012.jpg,0.865059,25.758768,ok
EES0423826__X0F__Y30__P013.jpg,0.833718,22.756416,ok
EES0423826__X12__Y12__P014.jpg,0.835403,22.285400,ok
EES0423826__X12__Y1B__P015.jpg,0.866399,23.412817,ok
EES0423826__X12__Y21__P016.jpg,0.821773,22.636748,ok
EES0423826__X12__Y24__P017.jpg,0.838310,24.101507,ok
EES0423826__X12__Y27__P018.jpg,0.870448,24.321201,ok
EES0423826__X12__Y2A__P019.jpg,0.839651,22.639769,ok
EES0423826__X15__Y0F__P020.jpg,0.859501,24.454079,ok
EES0423826__X15__Y12__P021.jpg,0.915090,25.916537,ok
EES0423826__X15__Y39__P022.jpg,0.822251,21.820178,ok
EES0423826__X18__Y12__P023.jpg,0.839680,23.681514,ok
EES0423826__X18__Y27__P024.jpg,0.764404,22.585467,ok
EES0423826__X21__Y0C__P025.jpg,0.880844,25.679480,ok
EES0423827__X21__Y39__P001.jpg,0.760868,22.157823,ok
EES0423827__X24__Y0C__P002.jpg,0.777409,22.120756,ok
EES0423827__X27__Y09__P003.jpg,0.892370,25.393045,ok
EES0423827__X27__Y2A__P004.jpg,0.718874,21.083110,ok
EES0423827__X27__Y3C__P005.jpg,0.868324,23.648189,ok
EES0423827__X2A__Y09__P006.jpg,0.905941,22.716600,ok
EES0423827__X2A__Y0C__P007.jpg,0.838713,22.352848,ok
EES0423827__X2A__Y0F__P008.jpg,0.843884,22.756746,ok
EES0423827__X2A__Y33__P009.jpg,0.767087,21.779267,ok
EES0423827__X30__Y0C__P010.jpg,0.780105,22.575720,ok
EES0423827__X30__Y15__P011.jpg,0.839074,23.553552,ok
EES0423827__X30__Y18__P012.jpg,0.876897,23.537932,ok
EES0423827__X30__Y21__P013.jpg,0.855565,22.783367,ok
EES0423827__X30__Y33__P014.jpg,0.769412,21.612039,ok
EES0423827__X30__Y39__P015.jpg,0.835684,22.953349,ok
EES0423827__X33__Y0C__P016.jpg,0.867563,25.532748,ok
EES0423827__X33__Y24__P017.jpg,0.802659,23.505126,ok
EES0423827__X33__Y30__P018.jpg,0.824791,25.426477,ok
EES0423827__X33__Y39__P019.jpg,0.818442,23.835604,ok
EES0423827__X33__Y3C__P020.jpg,0.884190,23.929988,ok
EES0423827__X36__Y0C__P021.jpg,0.856885,25.202690,ok
EES0423827__X36__Y0F__P022.jpg,0.854541,25.697586,ok
EES0423827__X36__Y18__P023.jpg,0.840863,24.468040,ok
EES0423827__X36__Y1B__P024.jpg,0.742916,22.541018,ok
EES0423827__X36__Y30__P025.jpg,0.736021,21.458110,ok
EES0423828__X0F__Y42__P001.jpg,0.881860,24.893409,ok
EES0423828__X12__Y45__P002.jpg,0.929823,29.863891,ok
EES0423828__X15__Y45__P003.jpg,0.883556,24.500583,ok
EES0423828__X1B__Y09__P004.jpg,0.888738,23.915780,ok
EES0423828__X27__Y09__P005.jpg,0.815135,23.072243,ok
EES0423828__X33__Y45__P006.jpg,0.900102,25.098132,ok
EES0423828__X36__Y45__P007.jpg,0.923990,26.404742,ok
EES0423828__X39__Y0F__P008.jpg,0.898844,24.042982,ok
EES0423828__X39__Y42__P009.jpg,0.905269,23.965753,ok
EES0423828__X3C__Y3F__P010.jpg,0.926537,25.546116,ok
EES0423828__X3F__Y15__P011.jpg,0.944909,26.251137,ok
EES0423828__X3F__Y39__P012.jpg,0.891619,23.646140,ok
EES0423828__X3F__Y3C__P013.jpg,0.921459,29.457704,ok
EES0423828__X42__Y18__P014.jpg,0.847026,22.111856,ok
EES0423828__X42__Y1B__P015.jpg,0.820527,23.084382,ok
EES0423828__X42__Y33__P016.jpg,0.862350,23.344399,ok
EES0423828__X42__Y36__P017.jpg,0.926232,26.784335,ok
EES0423828__X0F__Y21__P018.jpg,0.853697,22.477700,ok
EES0423828__X1B__Y0F__P019.jpg,0.880493,22.817306,ok
EES0423828__X1B__Y12__P020.jpg,0.856916,22.543542,ok
EES0423828__X21__Y15__P021.jpg,0.844922,26.334178,ok
EES0423828__X21__Y18__P022.jpg,0.823599,24.643940,ok
EES0423828__X24__Y12__P023.jpg,0.853405,25.669770,ok
EES0423828__X24__Y15__P024.jpg,0.883028,29.085729,ok
EES0423828__X27__Y15__P025.jpg,0.794609,24.221383,ok
EES0423829__X0C__Y15__P001.jpg,0.881037,23.276334,ok
EES0423829__X0C__Y30__P002.jpg,0.772866,21.623871,ok
EES0423829__X0C__Y36__P003.jpg,0.847340,23.854500,ok
EES0423829__X0F__Y12__P004.jpg,0.901436,23.172815,ok
EES0423829__X12__Y0F__P005.jpg,0.950128,27.789377,ok
EES0423829__X15__Y2A__P006.jpg,0.810128,22.493532,ok
EES0423829__X18__Y0C__P007.jpg,0.860170,22.874595,ok
EES0423829__X1B__Y21__P008.jpg,0.765357,21.871615,ok
EES0423829__X1E__Y18__P009.jpg,0.826924,23.235701,ok
EES0423829__X1E__Y30__P010.jpg,0.746334,21.451422,ok
EES0423829__X30__Y45__P011.jpg,0.858127,23.432932,ok
EES0423829__X33__Y45__P012.jpg,0.872789,24.368629,ok
EES0423829__X36__Y2A__P013.jpg,0.839535,23.131044,ok
EES0423829__X39__Y36__P014.jpg,0.852399,22.709721,ok
EES0423829__X3C__Y30__P015.jpg,0.798815,22.066980,ok
EES0423829__X3C__Y36__P016.jpg,0.729191,22.056394,ok
EES0423829__X3C__Y3C__P017.jpg,0.853086,22.769753,ok
EES0423829__X3F__Y30__P018.jpg,0.793497,22.701090,ok
EES0423829__X3F__Y33__P019.jpg,0.782834,21.671516,ok
EES0423829__X3F__Y36__P020.jpg,0.828334,23.046252,ok
EES0423829__X42__Y18__P021.jpg,0.926963,24.501846,ok
EES0423829__X42__Y30__P022.jpg,0.800365,21.910959,ok
EES0423829__X42__Y33__P023.jpg,0.829777,23.735619,ok
EES0423829__X42__Y36__P024.jpg,0.876188,23.274650,ok
EES0423829__X45__Y2D__P025.jpg,0.842145,22.150983,ok
EES0423830__X42__Y2D__P001.jpg,0.881824,26.220857,ok
EES0423830__X42__Y30__P002.jpg,0.901009,24.722900,ok
EES0423830__X0C__Y15__P003.jpg,0.904950,24.918770,ok
EES0423830__X0C__Y33__P004.jpg,0.826333,22.014656,ok
EES0423830__X0F__Y21__P005.jpg,0.814336,21.950304,ok
EES0423830__X12__Y0F__P006.jpg,0.907718,24.539693,ok
EES0423830__X1E__Y09__P007.jpg,0.927628,29.776061,ok
EES0423830__X27__Y09__P008.jpg,0.847770,23.023042,ok
EES0423830__X27__Y45__P009.jpg,0.783212,21.808372,ok
EES0423830__X2A__Y09__P010.jpg,0.926657,26.497208,ok
EES0423830__X2A__Y45__P011.jpg,0.812057,23.740354,ok
EES0423830__X2D__Y45__P012.jpg,0.820221,23.245615,ok
EES0423830__X33__Y15__P013.jpg,0.778302,21.711331,ok
EES0423830__X39__Y42__P014.jpg,0.946025,27.102073,ok
EES0423830__X3F__Y12__P015.jpg,0.930184,27.694642,ok
EES0423830__X45__Y1B__P016.jpg,0.903326,24.432822,ok
EES0423830__X45__Y33__P017.jpg,0.874955,25.202265,ok
EES0423830__X09__Y15__P018.jpg,0.797059,21.996754,ok
EES0423830__X09__Y30__P019.jpg,0.894718,25.217032,ok
EES0423830__X09__Y36__P020.jpg,0.842155,23.959873,ok
EES0423830__X0C__Y33__P021.jpg,0.828506,22.043380,ok
EES0423830__X0C__Y36__P022.jpg,0.853366,24.880884,ok
EES0423830__X0C__Y39__P023.jpg,0.901729,27.047207,ok
EES0423830__X0C__Y3C__P024.jpg,0.844175,22.584037,ok
EES0423830__X0F__Y33__P025.jpg,0.803398,23.903471,ok
EES0423831__X1E__Y0F__P001.jpg,0.810860,23.950076,ok
EES0423831__X21__Y0C__P002.jpg,0.875271,24.887586,ok
EES0423831__X24__Y36__P003.jpg,0.815540,22.813832,ok
EES0423831__X27__Y09__P004.jpg,0.948966,29.185646,ok
EES0423831__X27__Y0C__P005.jpg,0.833159,22.316340,ok
EES0423831__X2A__Y0C__P006.jpg,0.816612,24.870802,ok
EES0423831__X2A__Y45__P007.jpg,0.898223,25.094313,ok
EES0423831__X2D__Y0C__P008.jpg,0.879002,25.826075,ok
EES0423831__X2D__Y0F__P009.jpg,0.809399,22.464744,ok
EES0423831__X2D__Y3C__P010.jpg,0.904550,23.648933,ok
EES0423831__X2D__Y45__P011.jpg,0.826493,22.306835,ok
EES0423831__X30__Y0F__P012.jpg,0.891821,22.637767,ok
EES0423831__X30__Y12__P013.jpg,0.842007,23.300671,ok
EES0423831__X33__Y0F__P014.jpg,0.735624,21.788734,ok
EES0423831__X33__Y1B__P015.jpg,0.832841,23.901947,ok
EES0423831__X33__Y3F__P016.jpg,0.827284,21.981070,ok
EES0423831__X33__Y45__P017.jpg,0.918777,25.106947,ok
EES0423831__X36__Y0F__P018.jpg,0.869513,25.321678,ok
EES0423831__X36__Y12__P019.jpg,0.808635,21.773668,ok
EES0423831__X36__Y15__P020.jpg,0.839008,22.965378,ok
EES0423831__X36__Y18__P021.jpg,0.899200,23.315664,ok
EES0423831__X36__Y2A__P022.jpg,0.864920,23.809379,ok
EES0423831__X36__Y3F__P023.jpg,0.870976,24.616606,ok
EES0423831__X39__Y12__P024.jpg,0.863882,23.285054,ok
EES0423831__X39__Y30__P025.jpg,0.838754,23.294952,ok
EES0423832__X1B__Y3C__P001.jpg,0.885494,24.709407,ok
EES0423832__X1E__Y12__P002.jpg,0.794774,21.930170,ok
EES0423832__X1E__Y21__P003.jpg,0.794360,22.788722,ok
EES0423832__X21__Y1B__P004.jpg,0.873412,25.260638,ok
EES0423832__X21__Y1E__P005.jpg,0.822095,23.378130,ok
EES0423832__X21__Y2A__P006.jpg,0.804801,21.809995,ok
EES0423832__X24__Y12__P007.jpg,0.834226,22.191792,ok
EES0423832__X24__Y36__P008.jpg,0.906273,25.501266,ok
EES0423832__X24__Y3C__P009.jpg,0.800945,23.537638,ok
EES0423832__X27__Y1B__P010.jpg,0.918861,26.404748,ok
EES0423832__X27__Y24__P011.jpg,0.842232,22.332609,ok
EES0423832__X27__Y3F__P012.jpg,0.831327,23.236064,ok
EES0423832__X2A__Y39__P013.jpg,0.894023,27.247058,ok
EES0423832__X2A__Y3F__P014.jpg,0.810928,22.989905,ok
EES0423832__X2A__Y45__P015.jpg,0.862419,24.337167,ok
EES0423832__X2D__Y12__P016.jpg,0.870722,26.777413,ok
EES0423832__X2D__Y27__P017.jpg,0.915385,27.487124,ok
EES0423832__X2D__Y30__P018.jpg,0.850195,22.236793,ok
EES0423832__X2D__Y3F__P019.jpg,0.854819,24.419262,ok
EES0423832__X30__Y12__P020.jpg,0.860237,25.557725,ok
EES0423832__X30__Y18__P021.jpg,0.927933,23.619396,ok
EES0423832__X30__Y2A__P022.jpg,0.851579,22.358331,ok
EES0423832__X30__Y36__P023.jpg,0.888895,25.145124,ok
EES0423832__X33__Y12__P024.jpg,0.912091,29.790487,ok
EES0423832__X33__Y15__P025.jpg,0.838218,24.315389,ok
EES0423833__X27__Y12__P001.jpg,0.893556,24.412170,ok
EES0423833__X27__Y24__P002.jpg,0.909600,27.575666,ok
EES0423833__X27__Y27__P003.jpg,0.915022,25.569478,ok
EES0423833__X27__Y33__P004.jpg,0.863105,22.589658,ok
EES0423833__X2A__Y1E__P005.jpg,0.874127,22.527134,ok
EES0423833__X2A__Y21__P006.jpg,0.873967,23.631984,ok
EES0423833__X2A__Y24__P007.jpg,0.869588,22.488008,ok
EES0423833__X2D__Y18__P008.jpg,0.869740,23.792340,ok
EES0423833__X2D__Y21__P009.jpg,0.876305,25.295350,ok
EES0423833__X2D__Y2D__P010.jpg,0.879430,22.853255,ok
EES0423833__X2D__Y33__P011.jpg,0.848973,25.869894,ok
EES0423833__X2D__Y36__P012.jpg,0.772738,22.256654,ok
EES0423833__X2D__Y3F__P013.jpg,0.903462,26.187582,ok
EES0423833__X30__Y21__P014.jpg,0.883461,25.792720,ok
EES0423833__X30__Y24__P015.jpg,0.754742,22.307191,ok
EES0423833__X30__Y30__P016.jpg,0.884021,25.231618,ok
EES0423833__X30__Y36__P017.jpg,0.878051,26.308789,ok
EES0423833__X33__Y18__P018.jpg,0.893371,25.544245,ok
EES0423833__X33__Y1B__P019.jpg,0.820281,22.458783,ok
EES0423833__X33__Y30__P020.jpg,0.866943,27.440997,ok
EES0423833__X36__Y18__P021.jpg,0.846994,22.299021,ok
EES0423833__X36__Y1B__P022.jpg,0.839811,24.069839,ok
EES0423833__X36__Y27__P023.jpg,0.825315,23.334105,ok
EES0423833__X39__Y24__P024.jpg,0.881443,23.949453,ok
EES0423833__X39__Y27__P025.jpg,0.873121,23.542327,ok
EES0423834__X39__Y36__P001.jpg,0.884416,23.932411,ok
EES0423834__X3C__Y30__P002.jpg,0.857371,22.883041,ok
EES0423834__X03__Y27__P003.jpg,0.925781,25.550268,ok
EES0423834__X06__Y1B__P004.jpg,0.843646,23.681697,ok
EES0423834__X06__Y24__P005.jpg,0.872193,24.206010,ok
EES0423834__X06__Y2A__P006.jpg,0.876604,23.896236,ok
EES0423834__X0C__Y15__P007.jpg,0.930524,25.517022,ok
EES0423834__X0C__Y1B__P008.jpg,0.831717,23.035338,ok
EES0423834__X0F__Y12__P009.jpg,0.812599,21.848546,ok
EES0423834__X15__Y0F__P010.jpg,0.893483,24.873913,ok
EES0423834__X18__Y0C__P011.jpg,0.796446,22.230485,ok
EES0423834__X18__Y0F__P012.jpg,0.903144,26.356606,ok
EES0423834__X1B__Y0C__P013.jpg,0.890474,28.946434,ok
EES0423834__X1B__Y0F__P014.jpg,0.915311,29.753442,ok
EES0423834__X24__Y0C__P015.jpg,0.910330,25.958434,ok
EES0423834__X24__Y0F__P016.jpg,0.818283,22.314011,ok
EES0423834__X24__Y12__P017.jpg,0.742396,22.215881,ok
EES0423834__X27__Y09__P018.jpg,0.945981,29.365437,ok
EES0423834__X2A__Y15__P019.jpg,0.738221,21.109898,ok
EES0423834__X2D__Y0C__P020.jpg,0.891711,26.655204,ok
EES0423834__X2D__Y2A__P021.jpg,0.834670,22.494972,ok
EES0423834__X30__Y0C__P022.jpg,0.949118,27.434740,ok
EES0423834__X30__Y0F__P023.jpg,0.847401,22.351682,ok
EES0423834__X30__Y45__P024.jpg,0.854832,23.733532,ok
EES0423834__X33__Y1E__P025.jpg,0.824199,22.123075,ok
EES0423835__X36__Y0F__P001.jpg,0.942281,28.572461,ok
EES0423835__X36__Y18__P002.jpg,0.801693,22.591888,ok
EES0423835__X39__Y12__P003.jpg,0.930016,25.435422,ok
EES0423835__X39__Y15__P004.jpg,0.887467,22.957287,ok
EES0423835__X3C__Y15__P005.jpg,0.861491,22.320959,ok
EES0423835__X3C__Y21__P006.jpg,0.806152,21.769360,ok
EES0423835__X3C__Y3C__P007.jpg,0.837810,25.345901,ok
EES0423835__X3F__Y1B__P008.jpg,0.676093,20.766200,ok
EES0423835__X3F__Y21__P009.jpg,0.708152,21.726102,ok
EES0423835__X3F__Y2D__P010.jpg,0.761958,21.688328,ok
EES0423835__X42__Y15__P011.jpg,0.949237,29.732619,ok
EES0423835__X42__Y1B__P012.jpg,0.930089,25.643519,ok
EES0423835__X42__Y1E__P013.jpg,0.925883,27.665733,ok
EES0423835__X42__Y30__P014.jpg,0.829578,24.298904,ok
EES0423835__X42__Y33__P015.jpg,0.865056,24.306460,ok
EES0423835__X45__Y24__P016.jpg,0.955592,30.554858,ok
EES0423835__X45__Y45__P017.jpg,0.876635,24.741531,ok
EES0423835__X06__Y27__P018.jpg,0.900932,25.506604,ok
EES0423835__X0C__Y1B__P019.jpg,0.846878,22.140024,ok
EES0423835__X0C__Y27__P020.jpg,0.877856,22.678397,ok
EES0423835__X0C__Y2D__P021.jpg,0.926846,24.715959,ok
EES0423835__X0C__Y39__P022.jpg,0.839334,23.706256,ok
EES0423835__X0F__Y18__P023.jpg,0.916576,24.265553,ok
EES0423835__X0F__Y21__P024.jpg,0.811142,22.031704,ok
EES0423835__X0F__Y24__P025.jpg,0.930997,26.847557,ok
EES0423836__X0F__Y39__P001.jpg,0.877646,23.008709,ok
EES0423836__X12__Y12__P002.jpg,0.855272,23.104646,ok
EES0423836__X15__Y12__P003.jpg,0.876718,23.345748,ok
EES0423836__X15__Y33__P004.jpg,0.863884,24.379423,ok
EES0423836__X18__Y12__P005.jpg,0.798684,22.356148,ok
EES0423836__X18__Y15__P006.jpg,0.902764,26.369456,ok
EES0423836__X18__Y18__P007.jpg,0.892513,22.936532,ok
EES0423836__X18__Y1B__P008.jpg,0.818119,23.742038,ok
EES0423836__X1B__Y12__P009.jpg,0.873314,24.175974,ok
EES0423836__X1B__Y15__P010.jpg,0.885373,22.629431,ok
EES0423836__X1E__Y12__P011.jpg,0.870461,22.242672,ok
EES0423836__X1E__Y18__P012.jpg,0.913652,24.890812,ok
EES0423836__X1E__Y1B__P013.jpg,0.857083,24.119220,ok
EES0423836__X1E__Y3F__P014.jpg,0.900110,25.460726,ok
EES0423836__X21__Y15__P015.jpg,0.890455,24.083357,ok
EES0423836__X21__Y18__P016.jpg,0.916908,24.498750,ok
EES0423836__X21__Y33__P017.jpg,0.916043,26.096239,ok
EES0423836__X21__Y3C__P018.jpg,0.903980,25.526313,ok
EES0423836__X27__Y15__P019.jpg,0.872933,23.547581,ok
EES0423836__X27__Y18__P020.jpg,0.850031,23.341783,ok
EES0423836__X27__Y39__P021.jpg,0.917472,23.964409,ok
EES0423836__X2A__Y15__P022.jpg,0.852671,24.372670,ok
EES0423836__X2A__Y2A__P023.jpg,0.889635,23.377595,ok
EES0423836__X2A__Y30__P024.jpg,0.854140,22.344302,ok
EES0423836__X2A__Y39__P025.jpg,0.844318,22.991063,ok
EES0423837__X2D__Y21__P001.jpg,0.883467,24.648470,ok
EES0423837__X2D__Y2A__P002.jpg,0.894786,25.748152,ok
EES0423837__X2D__Y33__P003.jpg,0.947305,24.332324,ok
EES0423837__X2D__Y3F__P004.jpg,0.888053,24.833175,ok
EES0423837__X30__Y36__P005.jpg,0.908440,25.280101,ok
EES0423837__X30__Y3F__P006.jpg,0.873136,23.899710,ok
EES0423837__X33__Y2A__P007.jpg,0.785998,21.483338,ok
EES0423837__X33__Y36__P008.jpg,0.827135,24.608925,ok
EES0423837__X36__Y1E__P009.jpg,0.916364,25.092273,ok
EES0423837__X36__Y21__P010.jpg,0.899455,24.498731,ok
EES0423837__X39__Y24__P011.jpg,0.933319,25.673868,ok
EES0423837__X39__Y30__P012.jpg,0.931605,28.886855,ok
EES0423837__X3C__Y30__P013.jpg,0.942868,27.309840,ok
EES0423837__X3C__Y33__P014.jpg,0.862027,22.309879,ok
EES0423837__X0C__Y27__P015.jpg,0.828705,23.067441,ok
EES0423837__X0C__Y2A__P016.jpg,0.887776,26.236403,ok
EES0423837__X0F__Y27__P017.jpg,0.820765,22.904467,ok
EES0423837__X15__Y39__P018.jpg,0.909949,23.160039,ok
EES0423837__X1B__Y12__P019.jpg,0.932164,28.563055,ok
EES0423837__X1B__Y36__P020.jpg,0.842679,22.521586,ok
EES0423837__X1B__Y39__P021.jpg,0.806554,23.522151,ok
EES0423837__X1B__Y3C__P022.jpg,0.773366,21.396461,ok
EES0423837__X1E__Y39__P023.jpg,0.776450,22.728834,ok
EES0423837__X21__Y12__P024.jpg,0.880686,23.515847,ok
EES0423837__X21__Y36__P025.jpg,0.815686,22.019733,ok
EES0423838__X21__Y39__P001.jpg,0.848194,27.548623,ok
EES0423838__X2A__Y27__P002.jpg,0.812041,21.925251,ok
EES0423838__X2A__Y2A__P003.jpg,0.799014,22.087808,ok
EES0423838__X2A__Y2D__P004.jpg,0.802452,22.884298,ok
EES0423838__X2D__Y2D__P005.jpg,0.862259,23.626960,ok
EES0423838__X30__Y12__P006.jpg,0.856144,23.889488,ok
EES0423838__X33__Y27__P007.jpg,0.862886,24.210600,ok
EES0423838__X36__Y12__P008.jpg,0.858693,22.838583,ok
EES0423838__X36__Y15__P009.jpg,0.824427,23.705747,ok
EES0423838__X36__Y1E__P010.jpg,0.846083,24.130526,ok
EES0423838__X39__Y12__P011.jpg,0.837913,22.964436,ok
EES0423838__X39__Y15__P012.jpg,0.842638,23.766534,ok
EES0423838__X39__Y18__P013.jpg,0.902310,26.212546,ok
EES0423838__X39__Y1B__P014.jpg,0.777366,22.149120,ok
EES0423838__X39__Y1E__P015.jpg,0.786710,23.624743,ok
EES0423838__X39__Y24__P016.jpg,0.788253,21.643758,ok
EES0423838__X3C__Y15__P017.jpg,0.910458,26.637899,ok
EES0423838__X3C__Y18__P018.jpg,0.804351,22.845124,ok
EES0423838__X3C__Y1B__P019.jpg,0.825921,23.576079,ok
EES0423838__X3F__Y18__P020.jpg,0.865714,23.658016,ok
EES0423838__X42__Y1B__P021.jpg,0.936925,25.878361,ok
EES0423838__X42__Y21__P022.jpg,0.892273,23.645476,ok
EES0423838__X45__Y24__P023.jpg,0.836757,22.637181,ok
EES0423838__X06__Y1B__P024.jpg,0.873259,24.695767,ok
EES0423838__X06__Y2D__P025.jpg,0.755366,21.976393,ok
EES0423839__X21__Y45__P001.jpg,0.914645,28.918447,ok
EES0423839__X24__Y09__P002.jpg,0.824524,23.707859,ok
EES0423839__X24__Y12__P003.jpg,0.797793,23.860361,ok
EES0423839__X24__Y3F__P004.jpg,0.823872,23.431647,ok
EES0423839__X27__Y09__P005.jpg,0.884537,24.796620,ok
EES0423839__X2D__Y39__P006.jpg,0.819986,22.205233,ok
EES0423839__X33__Y33__P007.jpg,0.859244,24.511093,ok
EES0423839__X33__Y39__P008.jpg,0.817599,22.292732,ok
EES0423839__X36__Y12__P009.jpg,0.869753,23.035684,ok
EES0423839__X36__Y39__P010.jpg,0.862892,23.102478,ok
EES0423839__X36__Y3C__P011.jpg,0.871316,22.996583,ok
EES0423839__X39__Y39__P012.jpg,0.869058,23.147623,ok
EES0423839__X0C__Y18__P013.jpg,0.921718,26.862569,ok
EES0423839__X0C__Y33__P014.jpg,0.803267,21.914810,ok
EES0423839__X0F__Y33__P015.jpg,0.817183,22.467243,ok
EES0423839__X0F__Y36__P016.jpg,0.889976,26.311644,ok
EES0423839__X0F__Y3C__P017.jpg,0.900785,24.490733,ok
EES0423839__X12__Y39__P018.jpg,0.899416,25.022325,ok
EES0423839__X12__Y3C__P019.jpg,0.819330,24.237597,ok
EES0423839__X15__Y15__P020.jpg,0.916235,24.869098,ok
EES0423839__X18__Y12__P021.jpg,0.885588,26.399363,ok
EES0423839__X18__Y2A__P022.jpg,0.790487,22.804733,ok
EES0423839__X18__Y2D__P023.jpg,0.878583,24.547305,ok
EES0423839__X18__Y42__P024.jpg,0.915028,23.901204,ok
EES0423839__X1B__Y36__P025.jpg,0.793545,21.709529,ok
EES0423840__X21__Y12__P001.jpg,0.857249,26.433876,ok
EES0423840__X21__Y15__P002.jpg,0.886705,23.722901,ok
EES0423840__X21__Y21__P003.jpg,0.909861,24.487030,ok
EES0423840__X21__Y24__P004.jpg,0.813048,24.482926,ok
EES0423840__X21__Y27__P005.jpg,0.915263,30.311252,ok
EES0423840__X21__Y2A__P006.jpg,0.862604,24.820115,ok
EES0423840__X21__Y36__P007.jpg,0.736415,22.089910,ok
EES0423840__X24__Y15__P008.jpg,0.831151,25.818260,ok
EES0423840__X24__Y21__P009.jpg,0.861585,23.333707,ok
EES0423840__X24__Y39__P010.jpg,0.849783,23.115314,ok
EES0423840__X24__Y3C__P011.jpg,0.897343,25.828251,ok
EES0423840__X27__Y0C__P012.jpg,0.876049,25.772768,ok
EES0423840__X27__Y15__P013.jpg,0.940342,28.223721,ok
EES0423840__X27__Y21__P014.jpg,0.820176,22.523018,ok
EES0423840__X27__Y27__P015.jpg,0.894563,23.826574,ok
EES0423840__X27__Y2A__P016.jpg,0.892575,22.890828,ok
EES0423840__X2A__Y15__P017.jpg,0.831041,22.729045,ok
EES0423840__X2A__Y21__P018.jpg,0.859453,22.973316,ok
EES0423840__X2A__Y27__P019.jpg,0.843805,22.713625,ok
EES0423840__X2A__Y2A__P020.jpg,0.880280,24.855483,ok
EES0423840__X2D__Y21__P021.jpg,0.887686,25.433464,ok
EES0423840__X2D__Y24__P022.jpg,0.853973,22.594354,ok
EES0423840__X30__Y21__P023.jpg,0.821717,22.723508,ok
EES0423840__X30__Y24__P024.jpg,0.772556,22.022757,ok
EES0423840__X30__Y30__P025.jpg,0.857392,22.439075,ok
EES0423841__X2A__Y0F__P001.jpg,0.847159,22.763423,ok
EES0423841__X2A__Y18__P002.jpg,0.869912,23.593226,ok
EES0423841__X2D__Y0C__P003.jpg,0.825960,23.321711,ok
EES0423841__X2D__Y0F__P004.jpg,0.875690,25.429036,ok
EES0423841__X2D__Y1B__P005.jpg,0.803131,22.998564,ok
EES0423841__X2D__Y45__P006.jpg,0.943564,28.923754,ok
EES0423841__X30__Y0C__P007.jpg,0.889876,24.589486,ok
EES0423841__X30__Y1B__P008.jpg,0.852946,23.404605,ok
EES0423841__X33__Y0F__P009.jpg,0.857473,24.326298,ok
EES0423841__X33__Y12__P010.jpg,0.865620,23.359510,ok
EES0423841__X33__Y18__P011.jpg,0.860804,24.206811,ok
EES0423841__X33__Y1B__P012.jpg,0.832618,23.111058,ok
EES0423841__X33__Y1E__P013.jpg,0.852305,24.192090,ok
EES0423841__X36__Y0F__P014.jpg,0.897432,24.314090,ok
EES0423841__X36__Y12__P015.jpg,0.832156,24.080591,ok
EES0423841__X36__Y15__P016.jpg,0.866875,23.724705,ok
EES0423841__X36__Y3F__P017.jpg,0.928565,24.822814,ok
EES0423841__X39__Y12__P018.jpg,0.878111,23.480773,ok
EES0423841__X39__Y3C__P019.jpg,0.896529,25.335861,ok
EES0423841__X3C__Y15__P020.jpg,0.907374,26.764181,ok
EES0423841__X3C__Y39__P021.jpg,0.898575,25.848916,ok
EES0423841__X3F__Y18__P022.jpg,0.949749,32.099307,ok
EES0423841__X3F__Y1B__P023.jpg,0.891881,25.712400,ok
EES0423841__X3F__Y1E__P024.jpg,0.824868,22.380317,ok
EES0423841__X3F__Y24__P025.jpg,0.887669,23.523867,ok
EES0423842__X3F__Y27__P001.jpg,0.862947,26.559370,ok
EES0423842__X3F__Y33__P002.jpg,0.843859,23.488113,ok
EES0423842__X3F__Y36__P003.jpg,0.936872,32.132025,ok
EES0423842__X42__Y21__P004.jpg,0.905602,27.059239,ok
EES0423842__X42__Y24__P005.jpg,0.885148,24.392673,ok
EES0423842__X42__Y2A__P006.jpg,0.904910,25.602371,ok
EES0423842__X42__Y2D__P007.jpg,0.915619,26.423540,ok
EES0423842__X21__Y2A__P008.jpg,0.885426,26.390427,ok
EES0423842__X27__Y0F__P009.jpg,0.872115,22.962638,ok
EES0423842__X27__Y2A__P010.jpg,0.912242,23.492625,ok
EES0423842__X2A__Y27__P011.jpg,0.873421,23.875803,ok
EES0423842__X2D__Y21__P012.jpg,0.883983,23.299699,ok
EES0423842__X2D__Y2A__P013.jpg,0.864880,22.369364,ok
EES0423842__X2D__Y36__P014.jpg,0.920474,25.202771,ok
EES0423842__X30__Y1B__P015.jpg,0.869302,22.249255,ok
EES0423842__X30__Y21__P016.jpg,0.783498,21.653708,ok
EES0423842__X30__Y24__P017.jpg,0.861919,23.562132,ok
EES0423842__X30__Y27__P018.jpg,0.863345,23.441880,ok
EES0423842__X30__Y2A__P019.jpg,0.869067,22.825981,ok
EES0423842__X33__Y1B__P020.jpg,0.847713,23.630790,ok
EES0423842__X33__Y21__P021.jpg,0.873202,23.743605,ok
EES0423842__X33__Y24__P022.jpg,0.700965,20.815009,ok
EES0423842__X33__Y27__P023.jpg,0.933710,29.541347,ok
EES0423842__X33__Y2A__P024.jpg,0.893963,23.054096,ok
EES0423842__X36__Y1B__P025.jpg,0.866001,26.811800,ok
EES0423843__X36__Y0C__P001.jpg,0.918992,30.089095,ok
EES0423843__X36__Y15__P002.jpg,0.777720,23.455676,ok
EES0423843__X36__Y18__P003.jpg,0.826115,22.615864,ok
EES0423843__X39__Y15__P004.jpg,0.829149,23.551653,ok
EES0423843__X39__Y18__P005.jpg,0.794569,23.366768,ok
EES0423843__X39__Y21__P006.jpg,0.834131,25.236489,ok
EES0423843__X3C__Y15__P007.jpg,0.803001,21.932934,ok
EES0423843__X3C__Y18__P008.jpg,0.853593,22.745272,ok
EES0423843__X3C__Y2D__P009.jpg,0.850298,23.007747,ok
EES0423843__X3C__Y33__P010.jpg,0.837868,22.364221,ok
EES0423843__X3F__Y27__P011.jpg,0.851455,23.729461,ok
EES0423843__X3F__Y2A__P012.jpg,0.843382,22.866736,ok
EES0423843__X3F__Y30__P013.jpg,0.783452,21.471443,ok
EES0423843__X42__Y24__P014.jpg,0.912672,24.653257,ok
EES0423843__X42__Y27__P015.jpg,0.903023,26.719472,ok
EES0423843__X42__Y2A__P016.jpg,0.801837,23.276729,ok
EES0423843__X42__Y30__P017.jpg,0.827998,22.551787,ok
EES0423843__X45__Y27__P018.jpg,0.886843,25.332734,ok
EES0423843__X45__Y2A__P019.jpg,0.893152,23.041562,ok
EES0423843__X48__Y2A__P020.jpg,0.885249,24.640825,ok
EES0423843__X03__Y1B__P021.jpg,0.910237,26.186212,ok
EES0423843__X03__Y1E__P022.jpg,0.785376,23.880277,ok
EES0423843__X03__Y21__P023.jpg,0.720229,21.698870,ok
EES0423843__X06__Y18__P024.jpg,0.911446,25.471210,ok
EES0423843__X09__Y0F__P025.jpg,0.926359,26.790490,ok
EES0423844__X45__Y2D__P001.jpg,0.885490,25.368692,ok
EES0423844__X45__Y33__P002.jpg,0.851528,23.508737,ok
EES0423844__X0C__Y30__P003.jpg,0.925133,27.628113,ok
EES0423844__X0C__Y33__P004.jpg,0.827561,22.960758,ok
EES0423844__X0F__Y2D__P005.jpg,0.922623,26.905478,ok
EES0423844__X0F__Y30__P006.jpg,0.889415,25.950977,ok
EES0423844__X0F__Y33__P007.jpg,0.863394,22.874827,ok
EES0423844__X12__Y2D__P008.jpg,0.906474,26.210685,ok
EES0423844__X12__Y30__P009.jpg,0.867691,26.595363,ok
EES0423844__X12__Y33__P010.jpg,0.826045,24.040300,ok
EES0423844__X12__Y36__P011.jpg,0.843329,23.043744,ok
EES0423844__X15__Y27__P012.jpg,0.854141,24.771686,ok
EES0423844__X15__Y2A__P013.jpg,0.804166,21.751887,ok
EES0423844__X15__Y2D__P014.jpg,0.945011,29.532650,ok
EES0423844__X15__Y33__P015.jpg,0.876172,24.610042,ok
EES0423844__X15__Y36__P016.jpg,0.873601,24.003572,ok
EES0423844__X15__Y39__P017.jpg,0.878053,23.658594,ok
EES0423844__X18__Y2A__P018.jpg,0.882012,25.074170,ok
EES0423844__X18__Y30__P019.jpg,0.872608,22.599803,ok
EES0423844__X18__Y39__P020.jpg,0.887150,23.938517,ok
EES0423844__X18__Y3C__P021.jpg,0.872779,26.470744,ok
EES0423844__X1B__Y24__P022.jpg,0.841310,22.196119,ok
EES0423844__X1B__Y27__P023.jpg,0.854969,24.157878,ok
EES0423844__X1B__Y2D__P024.jpg,0.885760,22.532924,ok
EES0423844__X1B__Y33__P025.jpg,0.879559,26.204512,ok
EES0423845__X1E__Y27__P001.jpg,0.874297,25.188101,ok
EES0423845__X1E__Y2A__P002.jpg,0.852580,23.700129,ok
EES0423845__X1E__Y2D__P003.jpg,0.806008,23.115535,ok
EES0423845__X1E__Y30__P004.jpg,0.830850,22.011285,ok
EES0423845__X21__Y27__P005.jpg,0.890433,24.208490,ok
EES0423845__X21__Y2A__P006.jpg,0.911436,29.518342,ok
EES0423845__X21__Y30__P007.jpg,0.774924,22.955747,ok
EES0423845__X24__Y2A__P008.jpg,0.873028,23.196783,ok
EES0423845__X24__Y39__P009.jpg,0.842359,22.822871,ok
EES0423845__X2A__Y0C__P010.jpg,0.886993,24.322552,ok
EES0423845__X2A__Y15__P011.jpg,0.921947,25.034991,ok
EES0423845__X2A__Y1B__P012.jpg,0.850723,23.575226,ok
EES0423845__X2A__Y1E__P013.jpg,0.913484,24.411677,ok
EES0423845__X2D__Y12__P014.jpg,0.875297,24.032397,ok
EES0423845__X30__Y0C__P015.jpg,0.874443,23.317641,ok
EES0423845__X30__Y12__P016.jpg,0.927019,25.371939,ok
EES0423845__X30__Y1E__P017.jpg,0.838963,22.219933,ok
EES0423845__X33__Y1B__P018.jpg,0.946576,28.360661,ok
EES0423845__X33__Y1E__P019.jpg,0.797065,22.819617,ok
EES0423845__X33__Y21__P020.jpg,0.913574,28.801701,ok
EES0423845__X33__Y39__P021.jpg,0.886233,22.967369,ok
EES0423845__X36__Y15__P022.jpg,0.873397,24.391672,ok
EES0423845__X36__Y1E__P023.jpg,0.899523,25.548584,ok
EES0423845__X36__Y21__P024.jpg,0.818097,23.397216,ok
EES0423845__X39__Y1E__P025.jpg,0.858844,22.305134,ok
EES0423846__X0F__Y21__P001.jpg,0.819121,22.686649,ok
EES0423846__X12__Y21__P002.jpg,0.807959,22.853851,ok
EES0423846__X3F__Y21__P003.jpg,0.822179,23.504794,ok
EES0423846__X3C__Y21__P004.jpg,0.947019,30.314504,ok
EES0423846__X03__Y33__P005.jpg,0.916202,22.681223,ok
EES0423846__X30__Y0C__P006.jpg,0.905805,22.996856,ok
EES0423846__X30__Y21__P007.jpg,0.878526,22.330678,ok
EES0423846__X33__Y0C__P008.jpg,0.926937,26.889006,ok
EES0423846__X33__Y0F__P009.jpg,0.865475,22.321626,ok
EES0423846__X33__Y12__P010.jpg,0.832532,22.667785,ok
EES0423846__X33__Y1B__P011.jpg,0.857055,22.116588,ok
EES0423846__X33__Y1E__P012.jpg,0.823785,23.045556,ok
EES0423846__X33__Y21__P013.jpg,0.893512,24.987129,ok
EES0423846__X36__Y1B__P014.jpg,0.832278,22.934722,ok
EES0423846__X36__Y21__P015.jpg,0.862496,24.546613,ok
EES0423846__X36__Y24__P016.jpg,0.784752,22.014050,ok
EES0423846__X36__Y27__P017.jpg,0.833678,24.030949,ok
EES0423846__X39__Y1B__P018.jpg,0.774841,21.384678,ok
EES0423846__X39__Y21__P019.jpg,0.871894,24.242726,ok
EES0423846__X39__Y24__P020.jpg,0.852348,24.654384,ok
EES0423846__X39__Y27__P021.jpg,0.773585,21.411701,ok
EES0423846__X3C__Y1B__P022.jpg,0.896189,23.921592,ok
EES0423846__X3C__Y1E__P023.jpg,0.864496,24.056506,ok
EES0423846__X3C__Y21__P024.jpg,0.805624,22.615526,ok
EES0423846__X3C__Y24__P025.jpg,0.774980,21.681083,ok
EES0423847__X3C__Y27__P001.jpg,0.808358,23.489703,ok
EES0423847__X3C__Y2A__P002.jpg,0.770079,22.190248,ok
EES0423847__X3C__Y2D__P003.jpg,0.829564,22.191830,ok
EES0423847__X3C__Y30__P004.jpg,0.932483,27.501122,ok
EES0423847__X06__Y1B__P005.jpg,0.924880,28.634924,ok
EES0423847__X06__Y27__P006.jpg,0.892482,23.598436,ok
EES0423847__X06__Y2A__P007.jpg,0.909883,23.135157,ok
EES0423847__X09__Y15__P008.jpg,0.913739,23.064839,ok
EES0423847__X09__Y1B__P009.jpg,0.840499,22.740616,ok
EES0423847__X09__Y1E__P010.jpg,0.900126,22.703387,ok
EES0423847__X09__Y21__P011.jpg,0.858410,24.009878,ok
EES0423847__X09__Y24__P012.jpg,0.894278,24.978622,ok
EES0423847__X09__Y2A__P013.jpg,0.918872,22.718867,ok
EES0423847__X0C__Y15__P014.jpg,0.862312,22.400066,ok
EES0423847__X0C__Y18__P015.jpg,0.849913,22.222786,ok
EES0423847__X0C__Y1B__P016.jpg,0.825058,23.333451,ok
EES0423847__X0C__Y24__P017.jpg,0.880367,23.882620,ok
EES0423847__X0C__Y27__P018.jpg,0.880341,23.832563,ok
EES0423847__X0C__Y2A__P019.jpg,0.861954,23.784664,ok
EES0423847__X0F__Y0F__P020.jpg,0.900533,23.139507,ok
EES0423847__X0F__Y15__P021.jpg,0.855916,23.077399,ok
EES0423847__X0F__Y21__P022.jpg,0.795401,22.297850,ok
EES0423847__X0F__Y27__P023.jpg,0.789279,22.005428,ok
EES0423847__X0F__Y30__P024.jpg,0.900616,23.956652,ok
EES0423847__X0F__Y33__P025.jpg,0.863924,22.222438,ok
EES0423848__X15__Y0F__P001.jpg,0.961504,28.332412,ok
EES0423848__X18__Y3F__P002.jpg,0.868591,23.049333,ok
EES0423848__X18__Y42__P003.jpg,0.794446,22.159133,ok
EES0423848__X1B__Y3F__P004.jpg,0.826789,21.983740,ok
EES0423848__X21__Y0C__P005.jpg,0.870800,23.354237,ok
EES0423848__X24__Y0C__P006.jpg,0.933364,29.575047,ok
EES0423848__X2A__Y2D__P007.jpg,0.881549,22.607597,ok
EES0423848__X2D__Y0F__P008.jpg,0.903257,27.920696,ok
EES0423848__X2D__Y39__P009.jpg,0.809024,22.102710,ok
EES0423848__X30__Y3F__P010.jpg,0.845123,22.208419,ok
EES0423848__X06__Y1B__P011.jpg,0.893921,27.324826,ok
EES0423848__X06__Y1E__P012.jpg,0.901383,24.373372,ok
EES0423848__X09__Y15__P013.jpg,0.925507,26.069414,ok
EES0423848__X09__Y18__P014.jpg,0.858286,23.566636,ok
EES0423848__X09__Y1B__P015.jpg,0.775465,21.703777,ok
EES0423848__X09__Y21__P016.jpg,0.853771,23.977656,ok
EES0423848__X09__Y24__P017.jpg,0.850993,22.316165,ok
EES0423848__X09__Y27__P018.jpg,0.782415,22.107867,ok
EES0423848__X09__Y2A__P019.jpg,0.912206,25.246586,ok
EES0423848__X09__Y2D__P020.jpg,0.860818,25.840441,ok
EES0423848__X09__Y30__P021.jpg,0.886298,23.915888,ok
EES0423848__X09__Y33__P022.jpg,0.853704,24.689548,ok
EES0423848__X0C__Y1B__P023.jpg,0.771274,22.012712,ok
EES0423848__X0C__Y1E__P024.jpg,0.791148,24.405644,ok
EES0423848__X0C__Y21__P025.jpg,0.839968,23.806846,ok
EES0423849__X1E__Y30__P001.jpg,0.848494,23.244762,ok
EES0423849__X1E__Y33__P002.jpg,0.844423,22.151401,ok
EES0423849__X1E__Y36__P003.jpg,0.880958,25.724400,ok
EES0423849__X21__Y18__P004.jpg,0.894915,24.658591,ok
EES0423849__X21__Y1B__P005.jpg,0.889978,25.274401,ok
EES0423849__X21__Y24__P006.jpg,0.862959,22.801425,ok
EES0423849__X21__Y2A__P007.jpg,0.823666,21.904302,ok
EES0423849__X21__Y2D__P008.jpg,0.873646,25.507796,ok
EES0423849__X21__Y30__P009.jpg,0.827668,23.229238,ok
EES0423849__X21__Y33__P010.jpg,0.841556,23.716910,ok
EES0423849__X21__Y36__P011.jpg,0.858208,25.114541,ok
EES0423849__X24__Y0C__P012.jpg,0.902900,25.459279,ok
EES0423849__X24__Y24__P013.jpg,0.899873,26.560788,ok
EES0423849__X24__Y27__P014.jpg,0.836198,22.973511,ok
EES0423849__X24__Y2A__P015.jpg,0.851772,23.139977,ok
EES0423849__X24__Y30__P016.jpg,0.865367,25.900031,ok
EES0423849__X24__Y33__P017.jpg,0.898305,25.912131,ok
EES0423849__X24__Y36__P018.jpg,0.870241,24.539347,ok
EES0423849__X27__Y30__P019.jpg,0.846058,25.009970,ok
EES0423849__X27__Y33__P020.jpg,0.807085,22.181524,ok
EES0423849__X27__Y36__P021.jpg,0.854280,22.939705,ok
EES0423849__X2A__Y15__P022.jpg,0.913853,25.863804,ok
EES0423849__X2A__Y21__P023.jpg,0.866907,22.938357,ok
EES0423849__X2A__Y2A__P024.jpg,0.896384,24.420717,ok
EES0423849__X2A__Y2D__P025.jpg,0.869249,23.585792,ok
EES0423850__X12__Y21__P001.jpg,0.905985,27.419126,ok
EES0423850__X12__Y27__P002.jpg,0.813720,22.698205,ok
EES0423850__X12__Y2A__P003.jpg,0.813335,21.753101,ok
EES0423850__X2D__Y0C__P004.jpg,0.855342,23.173055,ok
EES0423850__X30__Y42__P005.jpg,0.883149,23.111044,ok
EES0423850__X3F__Y1E__P006.jpg,0.827153,22.284026,ok
EES0423850__X1B__Y09__P007.jpg,0.840653,22.383044,ok
EES0423850__X30__Y06__P008.jpg,0.849340,22.967424,ok
EES0423850__X33__Y06__P009.jpg,0.890211,24.180500,ok
EES0423850__X36__Y0C__P010.jpg,0.817365,21.990751,ok
EES0423850__X36__Y0F__P011.jpg,0.805141,21.655022,ok
EES0423850__X39__Y18__P012.jpg,0.788019,22.583018,ok
EES0423850__X3C__Y0F__P013.jpg,0.805701,22.242722,ok
EES0423850__X3C__Y15__P014.jpg,0.801577,22.374827,ok
EES0423850__X3F__Y39__P015.jpg,0.856796,23.492315,ok
EES0423850__X42__Y36__P016.jpg,0.831169,22.308464,ok
EES0423850__X45__Y33__P017.jpg,0.886014,24.652145,ok
EES0423850__X45__Y36__P018.jpg,0.843946,22.536273,ok
EES0423850__X48__Y15__P019.jpg,0.944199,31.462063,ok
EES0423850__X48__Y21__P020.jpg,0.826223,21.972516,ok
EES0423850__X48__Y30__P021.jpg,0.887595,24.650641,ok
EES0423850__X48__Y33__P022.jpg,0.936162,32.941579,ok
EES0423850__X0C__Y21__P023.jpg,0.877826,24.200588,ok
EES0423850__X0C__Y24__P024.jpg,0.842483,24.781429,ok
EES0423850__X0C__Y2D__P025.jpg,0.859273,23.694067,ok
EES0423851__X3F__Y24__P001.jpg,0.789329,21.715914,ok
EES0423851__X2D__Y1B__P002.jpg,0.869939,22.505821,ok
EES0423851__X33__Y0C__P003.jpg,0.922726,25.444780,ok
EES0423851__X3C__Y1E__P004.jpg,0.869600,22.939066,ok
EES0423851__X3C__Y21__P005.jpg,0.851885,22.399989,ok
EES0423851__X3C__Y27__P006.jpg,0.886896,24.064089,ok
EES0423851__X3F__Y18__P007.jpg,0.913336,24.944507,ok
EES0423851__X3F__Y1E__P008.jpg,0.924361,25.703235,ok
EES0423851__X42__Y1B__P009.jpg,0.883849,24.447721,ok
EES0423851__X48__Y18__P010.jpg,0.743149,24.407863,ok
EES0423851__X1E__Y39__P011.jpg,0.912962,23.843127,ok
EES0423851__X27__Y3F__P012.jpg,0.900007,23.501470,ok
EES0423851__X30__Y30__P013.jpg,0.930859,24.515510,ok
EES0423851__X39__Y1E__P014.jpg,0.885589,22.423486,ok
EES0423851__X39__Y21__P015.jpg,0.883391,22.386445,ok
EES0423851__X3C__Y24__P016.jpg,0.908300,23.386400,ok
EES0423851__X1B__Y09__P017.jpg,0.803664,21.769273,ok
EES0423851__X1B__Y1B__P018.jpg,0.734932,21.212086,ok
EES0423851__X24__Y2D__P019.jpg,0.788536,22.088922,ok
EES0423851__X24__Y30__P020.jpg,0.817604,21.798796,ok
EES0423851__X36__Y30__P021.jpg,0.758047,21.301484,ok
EES0423851__X39__Y06__P022.jpg,0.885367,25.351792,ok
EES0423851__X45__Y18__P023.jpg,0.893732,22.901903,ok
EES0423851__X45__Y21__P024.jpg,0.863615,23.551592,ok
EES0423851__X45__Y24__P025.jpg,0.914387,27.010665,ok
EES0423852__X15__Y2D__P001.jpg,0.799768,23.034310,ok
EES0423852__X15__Y30__P002.jpg,0.853604,24.554407,ok
EES0423852__X18__Y24__P003.jpg,0.793986,22.125817,ok
EES0423852__X18__Y2A__P004.jpg,0.818482,22.002480,ok
EES0423852__X1B__Y21__P005.jpg,0.757493,21.467937,ok
EES0423852__X1B__Y27__P006.jpg,0.854235,23.556856,ok
EES0423852__X1B__Y2D__P007.jpg,0.838042,23.610065,ok
EES0423852__X1B__Y30__P008.jpg,0.863215,25.112783,ok
EES0423852__X1B__Y33__P009.jpg,0.829149,24.054340,ok
EES0423852__X1B__Y36__P010.jpg,0.769952,22.417446,ok
EES0423852__X1E__Y24__P011.jpg,0.841245,23.003907,ok
EES0423852__X1E__Y27__P012.jpg,0.826145,22.484440,ok
EES0423852__X1E__Y33__P013.jpg,0.860542,23.387807,ok
EES0423852__X1E__Y36__P014.jpg,0.903169,27.734308,ok
EES0423852__X1E__Y3C__P015.jpg,0.801032,21.715823,ok
EES0423852__X21__Y30__P016.jpg,0.795234,22.054126,ok
EES0423852__X21__Y33__P017.jpg,0.830390,23.212981,ok
EES0423852__X21__Y36__P018.jpg,0.824322,24.920088,ok
EES0423852__X21__Y39__P019.jpg,0.829431,23.710318,ok
EES0423852__X24__Y1B__P020.jpg,0.814948,22.515038,ok
EES0423852__X24__Y24__P021.jpg,0.781940,22.207794,ok
EES0423852__X24__Y27__P022.jpg,0.742057,22.321279,ok
EES0423852__X24__Y36__P023.jpg,0.771849,22.133927,ok
EES0423852__X24__Y39__P024.jpg,0.808938,22.355067,ok
EES0423852__X24__Y3C__P025.jpg,0.877240,23.940150,ok
EES0423853__X27__Y3F__P001.jpg,0.783452,23.006112,ok
EES0423853__X2A__Y36__P002.jpg,0.793015,22.904899,ok
EES0423853__X2A__Y3F__P003.jpg,0.852292,22.369128,ok
EES0423853__X30__Y3C__P004.jpg,0.805686,22.487532,ok
EES0423853__X33__Y21__P005.jpg,0.849576,22.922753,ok
EES0423853__X33__Y24__P006.jpg,0.776433,21.658029,ok
EES0423853__X33__Y3C__P007.jpg,0.804267,21.862047,ok
EES0423853__X36__Y27__P008.jpg,0.808752,24.393103,ok
EES0423853__X39__Y1E__P009.jpg,0.821203,22.423457,ok
EES0423853__X39__Y27__P010.jpg,0.768627,21.564527,ok
EES0423853__X3C__Y27__P011.jpg,0.884913,23.521285,ok
EES0423853__X3F__Y24__P012.jpg,0.833713,22.820542,ok
EES0423853__X42__Y27__P013.jpg,0.828343,23.447044,ok
EES0423853__X2D__Y27__P014.jpg,0.815614,22.007808,ok
EES0423853__X30__Y27__P015.jpg,0.896413,24.374163,ok
EES0423853__X36__Y24__P016.jpg,0.864583,22.759378,ok
EES0423853__X36__Y2A__P017.jpg,0.834493,22.007727,ok
EES0423853__X36__Y2D__P018.jpg,0.813279,21.951168,ok
EES0423853__X3C__Y2D__P019.jpg,0.865933,22.211778,ok
EES0423853__X42__Y24__P020.jpg,0.813960,21.997731,ok
EES0423853__X42__Y27__P021.jpg,0.839285,21.960326,ok
EES0423853__X45__Y24__P022.jpg,0.879311,22.570138,ok
EES0423853__X48__Y2A__P023.jpg,0.884372,23.097145,ok
EES0423853__X0F__Y21__P024.jpg,0.807567,24.722025,ok
EES0423853__X12__Y24__P025.jpg,0.822877,24.711550,ok
EES0423854__X09__Y1E__P001.jpg,0.874711,23.094794,ok
EES0423854__X09__Y21__P002.jpg,0.845670,23.859659,ok
EES0423854__X0F__Y33__P003.jpg,0.808762,22.432262,ok
EES0423854__X12__Y39__P004.jpg,0.864685,23.599751,ok
EES0423854__X3C__Y33__P005.jpg,0.855462,25.361160,ok
EES0423854__X1B__Y09__P006.jpg,0.890723,23.912842,ok
EES0423854__X33__Y3F__P007.jpg,0.889904,24.089056,ok
EES0423854__X45__Y1B__P008.jpg,0.928995,26.976543,ok
EES0423854__X12__Y21__P009.jpg,0.818940,22.183678,ok
EES0423854__X12__Y24__P010.jpg,0.827316,22.276981,ok
EES0423854__X15__Y21__P011.jpg,0.835819,22.063744,ok
EES0423854__X1B__Y09__P012.jpg,0.933922,28.528995,ok
EES0423854__X1B__Y0C__P013.jpg,0.822429,22.101384,ok
EES0423854__X1B__Y0F__P014.jpg,0.821766,22.508885,ok
EES0423854__X1B__Y3C__P015.jpg,0.883441,24.476763,ok
EES0423854__X1E__Y0C__P016.jpg,0.860054,23.196815,ok
EES0423854__X21__Y0F__P017.jpg,0.735631,21.062113,ok
EES0423854__X21__Y3F__P018.jpg,0.922052,28.791038,ok
EES0423854__X2D__Y06__P019.jpg,0.852043,23.853202,ok
EES0423854__X39__Y09__P020.jpg,0.849260,22.570529,ok
EES0423854__X45__Y18__P021.jpg,0.909416,29.736759,ok
EES0423854__X45__Y1B__P022.jpg,0.797743,21.832331,ok
EES0423854__X12__Y24__P023.jpg,0.856530,22.297522,ok
EES0423854__X0C__Y1B__P024.jpg,0.809484,22.194327,ok
EES0423854__X0C__Y1E__P025.jpg,0.747084,21.170510,ok
EES0423855__X48__Y18__P001.jpg,0.896998,23.094039,ok
EES0423855__X48__Y1B__P002.jpg,0.836874,22.823720,ok
EES0423855__X12__Y27__P003.jpg,0.874629,25.480952,ok
EES0423855__X12__Y2A__P004.jpg,0.812350,23.424292,ok
EES0423855__X15__Y21__P005.jpg,0.782314,21.624640,ok
EES0423855__X15__Y27__P006.jpg,0.752351,21.208713,ok
EES0423855__X15__Y2A__P007.jpg,0.812799,23.012370,ok
EES0423855__X15__Y2D__P008.jpg,0.798789,21.973680,ok
EES0423855__X15__Y30__P009.jpg,0.732685,21.969796,ok
EES0423855__X15__Y36__P010.jpg,0.801857,21.739345,ok
EES0423855__X18__Y21__P011.jpg,0.844725,24.333277,ok
EES0423855__X18__Y27__P012.jpg,0.728685,21.137648,ok
EES0423855__X18__Y2A__P013.jpg,0.769973,22.541542,ok
EES0423855__X1B__Y21__P014.jpg,0.769049,22.694805,ok
EES0423855__X1E__Y15__P015.jpg,0.837314,24.836809,ok
EES0423855__X1E__Y18__P016.jpg,0.869099,24.465103,ok
EES0423855__X1E__Y21__P017.jpg,0.822901,22.043570,ok
EES0423855__X1E__Y24__P018.jpg,0.842918,22.253603,ok
EES0423855__X1E__Y27__P019.jpg,0.826477,24.110953,ok
EES0423855__X1E__Y2A__P020.jpg,0.770355,22.882993,ok
EES0423855__X1E__Y36__P021.jpg,0.820484,22.246701,ok
EES0423855__X21__Y15__P022.jpg,0.788902,23.029043,ok
EES0423855__X21__Y27__P023.jpg,0.733439,21.203378,ok
EES0423855__X21__Y2A__P024.jpg,0.785449,23.060713,ok
EES0423855__X21__Y30__P025.jpg,0.831308,22.812411,ok
EES0423856__X24__Y12__P001.jpg,0.869231,24.992187,ok
EES0423856__X24__Y21__P002.jpg,0.775904,22.375935,ok
EES0423856__X24__Y30__P003.jpg,0.885277,27.925994,ok
EES0423856__X24__Y3C__P004.jpg,0.637490,20.506621,ok
EES0423856__X27__Y12__P005.jpg,0.857999,23.560139,ok
EES0423856__X27__Y18__P006.jpg,0.785539,22.855032,ok
EES0423856__X27__Y2A__P007.jpg,0.781797,21.845708,ok
EES0423856__X27__Y2D__P008.jpg,0.854770,24.489812,ok
EES0423856__X27__Y30__P009.jpg,0.865322,24.573223,ok
EES0423856__X27__Y33__P010.jpg,0.757262,21.915252,ok
EES0423856__X27__Y36__P011.jpg,0.848861,23.634290,ok
EES0423856__X27__Y3C__P012.jpg,0.834041,25.498053,ok
EES0423856__X2A__Y0C__P013.jpg,0.865406,22.814485,ok
EES0423856__X2A__Y2D__P014.jpg,0.795452,22.494372,ok
EES0423856__X2A__Y30__P015.jpg,0.810978,23.268999,ok
EES0423856__X2D__Y12__P016.jpg,0.826833,23.087628,ok
EES0423856__X2D__Y39__P017.jpg,0.849110,23.226322,ok
EES0423856__X30__Y12__P018.jpg,0.786777,21.993252,ok
EES0423856__X30__Y27__P019.jpg,0.814950,22.345597,ok
EES0423856__X30__Y36__P020.jpg,0.834096,23.251077,ok
EES0423856__X33__Y12__P021.jpg,0.806063,22.999676,ok
EES0423856__X33__Y21__P022.jpg,0.785597,21.483219,ok
EES0423856__X33__Y33__P023.jpg,0.850755,22.834269,ok
EES0423856__X24__Y06__P024.jpg,0.909055,26.250567,ok
EES0423856__X27__Y06__P025.jpg,0.895964,24.026347,ok
EES0423857__X45__Y27__P001.jpg,0.875142,26.145744,ok
EES0423857__X45__Y2A__P002.jpg,0.911117,26.779923,ok
EES0423857__X45__Y2D__P003.jpg,0.849969,24.793938,ok
EES0423857__X12__Y21__P004.jpg,0.888078,23.076924,ok
EES0423857__X24__Y33__P005.jpg,0.867702,22.238537,ok
EES0423857__X24__Y36__P006.jpg,0.910058,24.469712,ok
EES0423857__X27__Y27__P007.jpg,0.902380,23.241669,ok
EES0423857__X27__Y42__P008.jpg,0.877418,23.570109,ok
EES0423857__X36__Y42__P009.jpg,0.870116,24.059175,ok
EES0423857__X39__Y12__P010.jpg,0.885680,23.249515,ok
EES0423857__X3C__Y27__P011.jpg,0.852356,22.217476,ok
EES0423857__X3C__Y30__P012.jpg,0.907444,24.315510,ok
EES0423857__X3F__Y24__P013.jpg,0.878904,23.273347,ok
EES0423857__X0F__Y2A__P014.jpg,0.857332,22.398239,ok
EES0423857__X12__Y1E__P015.jpg,0.747935,21.489277,ok
EES0423857__X15__Y21__P016.jpg,0.817161,21.965825,ok
EES0423857__X18__Y36__P017.jpg,0.812483,21.843929,ok
EES0423857__X1B__Y39__P018.jpg,0.610254,20.109227,ok
EES0423857__X30__Y36__P019.jpg,0.743605,22.442384,ok
EES0423857__X30__Y3C__P020.jpg,0.752456,22.006237,ok
EES0423857__X36__Y39__P021.jpg,0.684989,20.968016,ok
EES0423857__X39__Y36__P022.jpg,0.745611,21.441080,ok
EES0423857__X0C__Y27__P023.jpg,0.854938,22.360071,ok
EES0423857__X12__Y18__P024.jpg,0.892845,23.972963,ok
EES0423857__X18__Y0C__P025.jpg,0.919460,26.061317,ok
EES0423858__X18__Y24__P001.jpg,0.931982,28.373172,ok
EES0423858__X18__Y2A__P002.jpg,0.893080,25.029745,ok
EES0423858__X1B__Y2A__P003.jpg,0.941837,28.931433,ok
EES0423858__X1B__Y33__P004.jpg,0.923985,23.244457,ok
EES0423858__X1E__Y1B__P005.jpg,0.889292,27.239345,ok
EES0423858__X21__Y1B__P006.jpg,0.828607,22.432737,ok
EES0423858__X21__Y24__P007.jpg,0.918368,24.937830,ok
EES0423858__X21__Y27__P008.jpg,0.871472,23.015132,ok
EES0423858__X24__Y09__P009.jpg,0.863835,22.247198,ok
EES0423858__X24__Y21__P010.jpg,0.877581,23.758453,ok
EES0423858__X24__Y27__P011.jpg,0.896772,23.490182,ok
EES0423858__X27__Y2A__P012.jpg,0.909876,24.571072,ok
EES0423858__X30__Y0F__P013.jpg,0.854242,24.379298,ok
EES0423858__X33__Y24__P014.jpg,0.863930,22.830090,ok
EES0423858__X36__Y0C__P015.jpg,0.867301,24.428459,ok
EES0423858__X36__Y0F__P016.jpg,0.886118,23.726239,ok
EES0423858__X36__Y1E__P017.jpg,0.863901,22.433935,ok
EES0423858__X36__Y21__P018.jpg,0.868767,22.839518,ok
EES0423858__X36__Y24__P019.jpg,0.901333,26.933361,ok
EES0423858__X39__Y12__P020.jpg,0.851551,22.166412,ok
EES0423858__X39__Y30__P021.jpg,0.902645,24.861847,ok
EES0423858__X3C__Y18__P022.jpg,0.860540,22.664571,ok
EES0423858__X21__Y27__P023.jpg,0.839303,22.368550,ok
EES0423858__X24__Y2D__P024.jpg,0.764043,21.681930,ok
EES0423858__X24__Y3F__P025.jpg,0.884617,25.135312,ok
EES0423859__X27__Y39__P001.jpg,0.761486,22.062046,ok
EES0423859__X27__Y3F__P002.jpg,0.860334,24.059582,ok
EES0423859__X27__Y42__P003.jpg,0.910990,24.680404,ok
EES0423859__X2A__Y39__P004.jpg,0.882234,24.757155,ok
EES0423859__X2D__Y27__P005.jpg,0.854045,22.569227,ok
EES0423859__X3F__Y21__P006.jpg,0.877868,24.511887,ok
EES0423859__X1E__Y33__P007.jpg,0.754512,21.455564,ok
EES0423859__X21__Y21__P008.jpg,0.855447,23.507279,ok
EES0423859__X24__Y24__P009.jpg,0.799706,21.754705,ok
EES0423859__X27__Y12__P010.jpg,0.774228,21.692145,ok
EES0423859__X2A__Y1B__P011.jpg,0.833650,22.785569,ok
EES0423859__X3C__Y15__P012.jpg,0.831467,22.049949,ok
EES0423859__X15__Y33__P013.jpg,0.808670,21.795017,ok
EES0423859__X24__Y21__P014.jpg,0.783588,24.346279,ok
EES0423859__X30__Y1E__P015.jpg,0.755730,21.329894,ok
EES0423859__X30__Y3C__P016.jpg,0.856357,24.729566,ok
EES0423859__X33__Y09__P017.jpg,0.789791,21.595786,ok
EES0423859__X33__Y0C__P018.jpg,0.745446,21.347932,ok
EES0423859__X3C__Y09__P019.jpg,0.831104,24.181809,ok
EES0423859__X3C__Y0C__P020.jpg,0.778435,22.013358,ok
EES0423859__X3C__Y0F__P021.jpg,0.791549,22.662419,ok
EES0423859__X3C__Y12__P022.jpg,0.777283,22.210363,ok
EES0423859__X3C__Y30__P023.jpg,0.660979,20.423957,ok
EES0423859__X42__Y1B__P024.jpg,0.797507,22.949540,ok
EES0423859__X42__Y21__P025.jpg,0.797002,21.782386,ok
EES0423860__X45__Y1B__P001.jpg,0.799395,21.883992,ok
EES0423860__X0C__Y2A__P002.jpg,0.788390,22.371559,ok
EES0423860__X0C__Y2D__P003.jpg,0.852919,22.243178,ok
EES0423860__X0F__Y33__P004.jpg,0.881001,22.551861,ok
EES0423860__X12__Y36__P005.jpg,0.825242,23.031611,ok
EES0423860__X12__Y3C__P006.jpg,0.949343,30.566008,ok
EES0423860__X15__Y39__P007.jpg,0.838890,22.914415,ok
EES0423860__X15__Y3C__P008.jpg,0.909467,28.896190,ok
EES0423860__X1B__Y09__P009.jpg,0.858967,22.948994,ok
EES0423860__X33__Y3F__P010.jpg,0.893191,23.569401,ok
EES0423860__X3C__Y39__P011.jpg,0.928811,24.974483,ok
EES0423860__X42__Y1B__P012.jpg,0.868093,22.578263,ok
EES0423860__X12__Y24__P013.jpg,0.880343,22.486791,ok
EES0423860__X39__Y24__P014.jpg,0.828364,22.110390,ok
EES0423860__X48__Y21__P015.jpg,0.946481,32.399072,ok
EES0423860__X0F__Y39__P016.jpg,0.958150,35.673705,ok
EES0423860__X12__Y36__P017.jpg,0.926423,27.989113,ok
EES0423860__X15__Y33__P018.jpg,0.909616,25.457907,ok
EES0423860__X1E__Y30__P019.jpg,0.858588,22.835943,ok
EES0423860__X27__Y1B__P020.jpg,0.880898,22.522968,ok
EES0423860__X2A__Y0F__P021.jpg,0.801065,22.204777,ok
EES0423860__X30__Y15__P022.jpg,0.886131,22.615853,ok
EES0423860__X30__Y24__P023.jpg,0.869891,23.146727,ok
EES0423860__X33__Y36__P024.jpg,0.875414,22.738704,ok
EES0423860__X36__Y24__P025.jpg,0.867189,24.274230,ok
EES0423861__X36__Y30__P001.jpg,0.888586,22.614942,ok
EES0423861__X36__Y36__P002.jpg,0.907500,23.367360,ok
EES0423861__X39__Y0F__P003.jpg,0.919605,28.129372,ok
EES0423861__X39__Y1E__P004.jpg,0.836568,21.968006,ok
EES0423861__X39__Y24__P005.jpg,0.854459,23.519030,ok
EES0423861__X39__Y30__P006.jpg,0.918691,24.765444,ok
EES0423861__X39__Y36__P007.jpg,0.880387,23.007526,ok
EES0423861__X3C__Y1B__P008.jpg,0.868551,23.431130,ok
EES0423861__X3F__Y21__P009.jpg,0.886699,22.828050,ok
EES0423861__X42__Y1E__P010.jpg,0.897948,25.530184,ok
EES0423861__X42__Y21__P011.jpg,0.861572,23.679228,ok
EES0423861__X15__Y33__P012.jpg,0.845040,24.946996,ok
EES0423861__X18__Y24__P013.jpg,0.809908,22.033910,ok
EES0423861__X1B__Y1B__P014.jpg,0.790745,24.121002,ok
EES0423861__X1E__Y0C__P015.jpg,0.834171,22.981716,ok
EES0423861__X1E__Y1B__P016.jpg,0.850544,22.326233,ok
EES0423861__X1E__Y21__P017.jpg,0.861326,22.982495,ok
EES0423861__X1E__Y27__P018.jpg,0.818466,22.786501,ok
EES0423861__X1E__Y2A__P019.jpg,0.823741,22.057393,ok
EES0423861__X1E__Y30__P020.jpg,0.785899,21.769590,ok
EES0423861__X21__Y24__P021.jpg,0.814518,21.808571,ok
EES0423861__X24__Y0C__P022.jpg,0.862092,23.409971,ok
EES0423861__X24__Y1E__P023.jpg,0.829353,21.888503,ok
EES0423861__X24__Y2D__P024.jpg,0.824757,23.408072,ok
EES0423861__X27__Y2D__P025.jpg,0.805332,22.577029,ok
EES0423862__X2A__Y0F__P001.jpg,0.781353,21.868388,ok
EES0423862__X2A__Y3C__P002.jpg,0.845056,22.688794,ok
EES0423862__X2D__Y1E__P003.jpg,0.832470,24.026505,ok
EES0423862__X2D__Y21__P004.jpg,0.807781,22.112701,ok
EES0423862__X2D__Y27__P005.jpg,0.796263,22.307339,ok
EES0423862__X2D__Y3F__P006.jpg,0.877650,23.519659,ok
EES0423862__X33__Y2A__P007.jpg,0.789822,21.723800,ok
EES0423862__X33__Y2D__P008.jpg,0.813387,22.573289,ok
EES0423862__X33__Y30__P009.jpg,0.849527,23.750085,ok
EES0423862__X33__Y33__P010.jpg,0.806504,22.386472,ok
EES0423862__X33__Y39__P011.jpg,0.826136,22.378758,ok
EES0423862__X36__Y15__P012.jpg,0.828085,21.904156,ok
EES0423862__X36__Y18__P013.jpg,0.846409,22.387279,ok
EES0423862__X36__Y30__P014.jpg,0.759845,21.582155,ok
EES0423862__X36__Y33__P015.jpg,0.791595,23.517222,ok
EES0423862__X39__Y2A__P016.jpg,0.796490,22.275056,ok
EES0423862__X39__Y30__P017.jpg,0.802245,21.789976,ok
EES0423862__X39__Y33__P018.jpg,0.758694,22.317092,ok
EES0423862__X39__Y36__P019.jpg,0.774983,22.022559,ok
EES0423862__X3C__Y18__P020.jpg,0.794698,21.685466,ok
EES0423862__X3C__Y1B__P021.jpg,0.799840,21.959278,ok
EES0423862__X3C__Y30__P022.jpg,0.838316,24.317609,ok
EES0423862__X3F__Y27__P023.jpg,0.837684,23.047874,ok
EES0423862__X3F__Y2A__P024.jpg,0.779585,21.883981,ok
EES0423862__X3F__Y33__P025.jpg,0.825879,23.269701,ok
EES0423863__X42__Y2A__P001.jpg,0.816082,22.073184,ok
EES0423863__X45__Y24__P002.jpg,0.839445,23.292295,ok
EES0423863__X09__Y24__P003.jpg,0.913103,25.194028,ok
EES0423863__X15__Y18__P004.jpg,0.773132,22.229364,ok
EES0423863__X1B__Y21__P005.jpg,0.653990,20.422786,ok
EES0423863__X36__Y2D__P006.jpg,0.632879,20.278419,ok
EES0423863__X39__Y2A__P007.jpg,0.706500,21.681638,ok
EES0423863__X3F__Y2D__P008.jpg,0.655318,20.609008,ok
EES0423863__X1B__Y3F__P009.jpg,0.872079,24.221591,ok
EES0423863__X1E__Y21__P010.jpg,0.889500,24.230695,ok
EES0423863__X1E__Y27__P011.jpg,0.908525,24.340956,ok
EES0423863__X21__Y2D__P012.jpg,0.891247,23.197927,ok
EES0423863__X21__Y3F__P013.jpg,0.866872,22.326878,ok
EES0423863__X24__Y3F__P014.jpg,0.849982,22.254381,ok
EES0423863__X27__Y0F__P015.jpg,0.895898,22.980697,ok
EES0423863__X27__Y3F__P016.jpg,0.804953,21.658389,ok
EES0423863__X2A__Y09__P017.jpg,0.909518,24.328270,ok
EES0423863__X2A__Y2D__P018.jpg,0.875549,22.578087,ok
EES0423863__X2A__Y3F__P019.jpg,0.847583,22.487921,ok
EES0423863__X2D__Y12__P020.jpg,0.898433,23.524815,ok
EES0423863__X2D__Y15__P021.jpg,0.855362,22.610821,ok
EES0423863__X2D__Y1E__P022.jpg,0.876988,23.129892,ok
EES0423863__X2D__Y21__P023.jpg,0.876198,24.095728,ok
EES0423863__X2D__Y36__P024.jpg,0.807701,21.689738,ok
EES0423863__X30__Y39__P025.jpg,0.870342,22.488424,ok
EES0423864__X33__Y0F__P001.jpg,0.883109,22.657765,ok
EES0423864__X33__Y21__P002.jpg,0.856210,22.283470,ok
EES0423864__X33__Y33__P003.jpg,0.877389,22.798346,ok
EES0423864__X33__Y39__P004.jpg,0.895821,24.644148,ok
EES0423864__X36__Y33__P005.jpg,0.883278,22.548586,ok
EES0423864__X39__Y30__P006.jpg,0.853927,23.138672,ok
EES0423864__X15__Y2A__P007.jpg,0.754472,21.265987,ok
EES0423864__X15__Y30__P008.jpg,0.827441,21.870214,ok
EES0423864__X18__Y30__P009.jpg,0.808898,22.844551,ok
EES0423864__X18__Y36__P010.jpg,0.717885,20.944346,ok
EES0423864__X1E__Y3C__P011.jpg,0.856092,23.014488,ok
EES0423864__X21__Y39__P012.jpg,0.828850,21.986299,ok
EES0423864__X21__Y3C__P013.jpg,0.910726,23.746920,ok
EES0423864__X24__Y06__P014.jpg,0.816513,22.202666,ok
EES0423864__X30__Y06__P015.jpg,0.901675,23.525224,ok
EES0423864__X33__Y09__P016.jpg,0.892217,23.166657,ok
EES0423864__X36__Y06__P017.jpg,0.956570,34.014760,ok
EES0423864__X36__Y09__P018.jpg,0.879834,23.036895,ok
EES0423864__X3F__Y2A__P019.jpg,0.838196,21.946892,ok
EES0423864__X42__Y1E__P020.jpg,0.847282,22.322945,ok
EES0423864__X42__Y30__P021.jpg,0.850182,22.953745,ok
EES0423864__X2D__Y42__P022.jpg,0.923604,23.961913,ok
EES0423864__X09__Y1B__P023.jpg,0.889831,22.609624,ok
EES0423864__X09__Y21__P024.jpg,0.884162,22.726260,ok
EES0423864__X1E__Y06__P025.jpg,0.945151,24.616143,ok
EES0423865__X15__Y15__P001.jpg,0.911136,22.713288,ok
EES0423865__X15__Y1B__P002.jpg,0.706296,20.811537,ok
EES0423865__X15__Y3F__P003.jpg,0.967483,23.310310,ok
EES0423865__X1B__Y0C__P004.jpg,0.948770,25.571463,ok
EES0423865__X1B__Y0F__P005.jpg,0.870349,23.345639,ok
EES0423865__X1E__Y0C__P006.jpg,0.867886,23.640473,ok
EES0423865__X1E__Y0F__P007.jpg,0.862470,22.643286,ok
EES0423865__X21__Y0C__P008.jpg,0.843618,22.709568,ok
EES0423865__X21__Y0F__P009.jpg,0.819806,22.294748,ok
EES0423865__X24__Y0C__P010.jpg,0.841722,23.483864,ok
EES0423865__X24__Y0F__P011.jpg,0.852535,24.017872,ok
EES0423865__X27__Y0C__P012.jpg,0.866753,23.461062,ok
EES0423865__X27__Y45__P013.jpg,0.915939,26.222780,ok
EES0423865__X2A__Y0C__P014.jpg,0.849402,22.979260,ok
EES0423865__X2A__Y45__P015.jpg,0.863813,23.048005,ok
EES0423865__X2D__Y0C__P016.jpg,0.865479,24.834526,ok
EES0423865__X2D__Y45__P017.jpg,0.994079,31.269402,ok
EES0423865__X30__Y45__P018.jpg,0.958944,24.211255,ok
EES0423865__X42__Y30__P019.jpg,0.881051,24.626779,ok
EES0423865__X42__Y33__P020.jpg,0.739718,22.364257,ok
EES0423865__X09__Y24__P021.jpg,0.959190,23.884578,ok
EES0423865__X0C__Y1E__P022.jpg,0.914969,24.039813,ok
EES0423865__X0F__Y18__P023.jpg,0.977695,23.277644,ok
EES0423865__X12__Y30__P024.jpg,0.842465,22.235449,ok
EES0423865__X18__Y39__P025.jpg,0.839326,22.369637,ok
EES0423866__X0C__Y1B__P001.jpg,0.943111,26.607961,ok
EES0423866__X0F__Y0F__P002.jpg,0.963982,24.528948,ok
EES0423866__X0F__Y1B__P003.jpg,0.849810,22.877964,ok
EES0423866__X0F__Y21__P004.jpg,0.833054,22.560466,ok
EES0423866__X12__Y18__P005.jpg,0.856406,23.134234,ok
EES0423866__X12__Y1B__P006.jpg,0.781117,21.921479,ok
EES0423866__X12__Y1E__P007.jpg,0.835544,21.980089,ok
EES0423866__X12__Y21__P008.jpg,0.830092,22.172201,ok
EES0423866__X12__Y27__P009.jpg,0.888618,24.121723,ok
EES0423866__X15__Y30__P010.jpg,0.909481,22.625039,ok
EES0423866__X18__Y09__P011.jpg,0.965164,23.858369,ok
EES0423866__X18__Y2D__P012.jpg,0.886278,22.790505,ok
EES0423866__X18__Y30__P013.jpg,0.859684,24.316442,ok
EES0423866__X1B__Y30__P014.jpg,0.835984,22.948245,ok
EES0423866__X1B__Y33__P015.jpg,0.817472,22.238559,ok
EES0423866__X1B__Y36__P016.jpg,0.852150,22.521855,ok
EES0423866__X1E__Y30__P017.jpg,0.798172,22.388333,ok
EES0423866__X1E__Y33__P018.jpg,0.853712,23.266093,ok
EES0423866__X1E__Y36__P019.jpg,0.838572,23.223376,ok
EES0423866__X1E__Y39__P020.jpg,0.876950,22.743217,ok
EES0423866__X21__Y36__P021.jpg,0.779767,21.780653,ok
EES0423866__X21__Y39__P022.jpg,0.866363,23.307914,ok
EES0423866__X21__Y3C__P023.jpg,0.940933,27.038391,ok
EES0423866__X24__Y06__P024.jpg,0.890961,23.258566,ok
EES0423866__X24__Y3C__P025.jpg,0.931255,28.222762,ok
EES0423867__X15__Y30__P001.jpg,0.835550,22.193783,ok
EES0423867__X15__Y33__P002.jpg,0.937930,23.872427,ok
EES0423867__X18__Y30__P003.jpg,0.874187,22.388763,ok
EES0423867__X1B__Y30__P004.jpg,0.859242,22.182008,ok
EES0423867__X21__Y33__P005.jpg,0.809813,22.210868,ok
EES0423867__X21__Y3C__P006.jpg,0.864577,22.718262,ok
EES0423867__X24__Y33__P007.jpg,0.794187,22.075441,ok
EES0423867__X24__Y3C__P008.jpg,0.913062,23.340620,ok
EES0423867__X48__Y1E__P009.jpg,0.929626,24.403233,ok
EES0423867__X06__Y33__P010.jpg,0.903312,23.686487,ok
EES0423867__X09__Y21__P011.jpg,0.893774,24.299110,ok
EES0423867__X09__Y33__P012.jpg,0.935899,29.265889,ok
EES0423867__X09__Y39__P013.jpg,0.859607,24.657442,ok
EES0423867__X0C__Y24__P014.jpg,0.855027,22.344162,ok
EES0423867__X0C__Y2A__P015.jpg,0.878263,22.675032,ok
EES0423867__X0C__Y30__P016.jpg,0.876322,25.318603,ok
EES0423867__X0C__Y33__P017.jpg,0.846190,23.001130,ok
EES0423867__X0C__Y36__P018.jpg,0.936561,29.244849,ok
EES0423867__X0F__Y1B__P019.jpg,0.889498,24.170521,ok
EES0423867__X0F__Y30__P020.jpg,0.883736,24.589703,ok
EES0423867__X0F__Y36__P021.jpg,0.775577,22.302436,ok
EES0423867__X12__Y12__P022.jpg,0.855182,22.520181,ok
EES0423867__X12__Y1B__P023.jpg,0.934601,26.950344,ok
EES0423867__X12__Y36__P024.jpg,0.831150,23.567898,ok
EES0423867__X15__Y1B__P025.jpg,0.908560,22.589909,ok
EES0423868__X18__Y15__P001.jpg,0.858376,23.598585,ok
EES0423868__X18__Y36__P002.jpg,0.911794,24.791123,ok
EES0423868__X1E__Y21__P003.jpg,0.881315,23.802157,ok
EES0423868__X24__Y1E__P004.jpg,0.892300,25.079142,ok
EES0423868__X27__Y1E__P005.jpg,0.828702,22.304797,ok
EES0423868__X2D__Y39__P006.jpg,0.814746,23.098828,ok
EES0423868__X2D__Y3C__P007.jpg,0.922325,26.157374,ok
EES0423868__X30__Y1B__P008.jpg,0.868806,22.377107,ok
EES0423868__X30__Y3C__P009.jpg,0.860021,22.549604,ok
EES0423868__X33__Y0F__P010.jpg,0.909540,23.366179,ok
EES0423868__X33__Y1B__P011.jpg,0.897572,26.498881,ok
EES0423868__X39__Y18__P012.jpg,0.892850,25.949181,ok
EES0423868__X39__Y1B__P013.jpg,0.868951,23.897274,ok
EES0423868__X39__Y1E__P014.jpg,0.915623,23.312479,ok
EES0423868__X03__Y27__P015.jpg,0.811009,21.722945,ok
EES0423868__X03__Y2A__P016.jpg,0.862571,23.067516,ok
EES0423868__X09__Y1B__P017.jpg,0.707140,21.748553,ok
EES0423868__X36__Y1B__P018.jpg,0.770842,22.189091,ok
EES0423868__X42__Y1E__P019.jpg,0.901774,27.773022,ok
EES0423868__X0C__Y36__P020.jpg,0.941478,29.035914,ok
EES0423868__X0F__Y39__P021.jpg,0.788456,21.625167,ok
EES0423868__X1B__Y09__P022.jpg,0.865381,22.911771,ok
EES0423868__X1E__Y09__P023.jpg,0.835236,23.970318,ok
EES0423868__X1E__Y1E__P024.jpg,0.705732,21.185285,ok
EES0423868__X21__Y09__P025.jpg,0.821585,22.783687,ok
EES0423869__X24__Y36__P001.jpg,0.800926,22.588569,ok
EES0423869__X27__Y30__P002.jpg,0.878951,25.721314,ok
EES0423869__X27__Y33__P003.jpg,0.821503,22.559593,ok
EES0423869__X27__Y36__P004.jpg,0.836489,22.210149,ok
EES0423869__X27__Y39__P005.jpg,0.897030,24.969759,ok
EES0423869__X2A__Y2D__P006.jpg,0.870321,23.172296,ok
EES0423869__X2A__Y39__P007.jpg,0.865632,24.662654,ok
EES0423869__X2A__Y3F__P008.jpg,0.889932,23.183287,ok
EES0423869__X2D__Y2A__P009.jpg,0.872849,23.679429,ok
EES0423869__X2D__Y30__P010.jpg,0.895469,25.012746,ok
EES0423869__X2D__Y36__P011.jpg,0.869036,22.752280,ok
EES0423869__X2D__Y39__P012.jpg,0.889125,24.597803,ok
EES0423869__X33__Y2A__P013.jpg,0.857338,22.626612,ok
EES0423869__X33__Y36__P014.jpg,0.829649,22.576171,ok
EES0423869__X33__Y39__P015.jpg,0.853590,22.464561,ok
EES0423869__X36__Y2A__P016.jpg,0.915739,26.484989,ok
EES0423869__X36__Y30__P017.jpg,0.796271,24.040840,ok
EES0423869__X36__Y33__P018.jpg,0.851524,22.917740,ok
EES0423869__X36__Y36__P019.jpg,0.880063,25.123067,ok
EES0423869__X36__Y39__P020.jpg,0.852400,24.463816,ok
EES0423869__X39__Y36__P021.jpg,0.850382,22.670972,ok
EES0423869__X39__Y39__P022.jpg,0.867359,23.294516,ok
EES0423869__X3C__Y24__P023.jpg,0.869431,22.431488,ok
EES0423869__X3C__Y2A__P024.jpg,0.897587,24.351368,ok
EES0423869__X3C__Y2D__P025.jpg,0.883856,23.025121,ok
EES0423870__X15__Y36__P001.jpg,0.897738,24.689073,ok
EES0423870__X18__Y30__P002.jpg,0.869195,22.780916,ok
EES0423870__X1B__Y1E__P003.jpg,0.845139,22.296066,ok
EES0423870__X1E__Y1B__P004.jpg,0.839143,23.093479,ok
EES0423870__X1E__Y39__P005.jpg,0.746981,21.933469,ok
EES0423870__X24__Y1E__P006.jpg,0.877070,23.927225,ok
EES0423870__X24__Y27__P007.jpg,0.840398,22.216118,ok
EES0423870__X27__Y1B__P008.jpg,0.865087,24.319031,ok
EES0423870__X2A__Y1B__P009.jpg,0.781507,21.685827,ok
EES0423870__X2D__Y1B__P010.jpg,0.868476,24.181405,ok
EES0423870__X30__Y0F__P011.jpg,0.820727,21.917693,ok
EES0423870__X33__Y36__P012.jpg,0.840518,22.404764,ok
EES0423870__X36__Y39__P013.jpg,0.771720,21.457420,ok
EES0423870__X36__Y3C__P014.jpg,0.927520,25.301029,ok
EES0423870__X39__Y39__P015.jpg,0.868495,22.636642,ok
EES0423870__X09__Y21__P016.jpg,0.781475,23.741253,ok
EES0423870__X09__Y24__P017.jpg,0.832556,24.357440,ok
EES0423870__X09__Y27__P018.jpg,0.826774,24.113563,ok
EES0423870__X09__Y2D__P019.jpg,0.822788,22.500130,ok
EES0423870__X0C__Y15__P020.jpg,0.854959,25.148313,ok
EES0423870__X0C__Y1E__P021.jpg,0.781720,21.572177,ok
EES0423870__X0C__Y33__P022.jpg,0.890130,23.443798,ok
EES0423870__X0F__Y1E__P023.jpg,0.866265,22.641405,ok
EES0423870__X0F__Y36__P024.jpg,0.856873,23.281542,ok
EES0423870__X12__Y0C__P025.jpg,0.893208,24.400187,ok
EES0423871__X42__Y1E__P001.jpg,0.925992,26.261974,ok
EES0423871__X42__Y21__P002.jpg,0.836854,22.855947,ok
EES0423871__X42__Y24__P003.jpg,0.919517,27.478366,ok
EES0423871__X42__Y2A__P004.jpg,0.881989,22.570575,ok
EES0423871__X2A__Y45__P005.jpg,0.824958,23.760299,ok
EES0423871__X2D__Y30__P006.jpg,0.797504,21.759980,ok
EES0423871__X2D__Y45__P007.jpg,0.849865,22.496998,ok
EES0423871__X30__Y42__P008.jpg,0.859998,22.142212,ok
EES0423871__X33__Y42__P009.jpg,0.832997,22.545897,ok
EES0423871__X36__Y42__P010.jpg,0.830227,22.664776,ok
EES0423871__X39__Y42__P011.jpg,0.876861,24.864390,ok
EES0423871__X39__Y15__P012.jpg,0.894699,25.736456,ok
EES0423871__X3F__Y27__P013.jpg,0.930774,25.826039,ok
EES0423871__X0C__Y18__P014.jpg,0.831631,22.011717,ok
EES0423871__X0C__Y1B__P015.jpg,0.752898,22.446771,ok
EES0423871__X0C__Y1E__P016.jpg,0.909018,28.323270,ok
EES0423871__X0C__Y27__P017.jpg,0.866845,23.430404,ok
EES0423871__X0F__Y1B__P018.jpg,0.827259,22.796141,ok
EES0423871__X15__Y0F__P019.jpg,0.819989,22.612192,ok
EES0423871__X15__Y15__P020.jpg,0.921624,25.683944,ok
EES0423871__X15__Y18__P021.jpg,0.777612,21.677425,ok
EES0423871__X15__Y1E__P022.jpg,0.797368,21.990681,ok
EES0423871__X15__Y21__P023.jpg,0.825440,23.811726,ok
EES0423871__X18__Y0F__P024.jpg,0.925312,29.973730,ok
EES0423871__X18__Y12__P025.jpg,0.832405,24.198463,ok
EES0423872__X27__Y1B__P001.jpg,0.934050,27.095052,ok
EES0423872__X2D__Y0C__P002.jpg,0.933387,27.339741,ok
EES0423872__X2D__Y0F__P003.jpg,0.857993,23.588929,ok
EES0423872__X2D__Y12__P004.jpg,0.917916,30.476424,ok
EES0423872__X2D__Y15__P005.jpg,0.821836,22.389721,ok
EES0423872__X33__Y12__P006.jpg,0.913185,26.943849,ok
EES0423872__X33__Y27__P007.jpg,0.893382,23.725103,ok
EES0423872__X36__Y12__P008.jpg,0.915867,26.510670,ok
EES0423872__X36__Y1E__P009.jpg,0.868768,23.067262,ok
EES0423872__X36__Y2D__P010.jpg,0.806845,23.489960,ok
EES0423872__X39__Y1B__P011.jpg,0.895504,24.662917,ok
EES0423872__X3F__Y24__P012.jpg,0.894430,25.493275,ok
EES0423872__X3F__Y33__P013.jpg,0.875617,23.525446,ok
EES0423872__X3F__Y36__P014.jpg,0.842318,23.213689,ok
EES0423872__X0C__Y33__P015.jpg,0.888978,23.050095,ok
EES0423872__X0F__Y30__P016.jpg,0.876728,24.442882,ok
EES0423872__X12__Y33__P017.jpg,0.896665,25.737767,ok
EES0423872__X15__Y36__P018.jpg,0.871026,24.594137,ok
EES0423872__X15__Y39__P019.jpg,0.886648,25.135574,ok
EES0423872__X18__Y36__P020.jpg,0.769329,22.585415,ok
EES0423872__X18__Y39__P021.jpg,0.841022,24.907234,ok
EES0423872__X18__Y3C__P022.jpg,0.863594,23.181127,ok
EES0423872__X1B__Y36__P023.jpg,0.851132,22.497090,ok
EES0423872__X1B__Y39__P024.jpg,0.886524,24.911455,ok
EES0423872__X1E__Y36__P025.jpg,0.825217,22.681807,ok
EES0423873__X1B__Y09__P001.jpg,0.805909,22.199580,ok
EES0423873__X1B__Y0C__P002.jpg,0.786212,23.698026,ok
EES0423873__X1E__Y06__P003.jpg,0.830226,22.588719,ok
EES0423873__X1E__Y09__P004.jpg,0.732621,21.075302,ok
EES0423873__X21__Y06__P005.jpg,0.824130,23.870025,ok
EES0423873__X21__Y09__P006.jpg,0.829828,23.185490,ok
EES0423873__X24__Y06__P007.jpg,0.828104,23.872918,ok
EES0423873__X24__Y09__P008.jpg,0.748358,21.200980,ok
EES0423873__X27__Y06__P009.jpg,0.916478,23.854070,ok
EES0423873__X2A__Y45__P010.jpg,0.880959,25.897982,ok
EES0423873__X30__Y09__P011.jpg,0.910601,24.920535,ok
EES0423873__X36__Y0C__P012.jpg,0.899477,24.780864,ok
EES0423873__X36__Y0F__P013.jpg,0.838888,23.026367,ok
EES0423873__X3C__Y36__P014.jpg,0.796285,21.581392,ok
EES0423873__X3C__Y39__P015.jpg,0.876078,24.422216,ok
EES0423873__X3F__Y18__P016.jpg,0.852444,22.287888,ok
EES0423873__X3F__Y1B__P017.jpg,0.830718,22.016442,ok
EES0423873__X3F__Y1E__P018.jpg,0.858701,23.735384,ok
EES0423873__X3F__Y36__P019.jpg,0.947927,32.993273,ok
EES0423873__X42__Y30__P020.jpg,0.930503,25.932330,ok
EES0423873__X06__Y27__P021.jpg,0.911730,24.388597,ok
EES0423873__X06__Y2A__P022.jpg,0.894674,24.109409,ok
EES0423873__X09__Y1B__P023.jpg,0.942448,23.895230,ok
EES0423873__X09__Y2A__P024.jpg,0.904477,23.131425,ok
EES0423873__X0C__Y21__P025.jpg,0.934343,26.123503,ok
EES0423874__X18__Y39__P001.jpg,0.938021,29.763556,ok
EES0423874__X1B__Y0F__P002.jpg,0.919946,24.639821,ok
EES0423874__X21__Y39__P003.jpg,0.902905,22.628949,ok
EES0423874__X2D__Y39__P004.jpg,0.920414,25.723844,ok
EES0423874__X30__Y39__P005.jpg,0.927043,22.837789,ok
EES0423874__X21__Y09__P006.jpg,0.824663,22.264683,ok
EES0423874__X21__Y45__P007.jpg,0.838226,22.239585,ok
EES0423874__X24__Y09__P008.jpg,0.822276,22.487084,ok
EES0423874__X24__Y0C__P009.jpg,0.826986,24.276939,ok
EES0423874__X24__Y12__P010.jpg,0.792820,22.585260,ok
EES0423874__X24__Y42__P011.jpg,0.815491,22.165056,ok
EES0423874__X24__Y45__P012.jpg,0.840439,24.370302,ok
EES0423874__X27__Y09__P013.jpg,0.925218,26.692005,ok
EES0423874__X27__Y0C__P014.jpg,0.828967,22.697180,ok
EES0423874__X27__Y0F__P015.jpg,0.833554,23.116879,ok
EES0423874__X27__Y12__P016.jpg,0.742175,21.381713,ok
EES0423874__X27__Y15__P017.jpg,0.781204,21.544442,ok
EES0423874__X27__Y18__P018.jpg,0.854519,22.862934,ok
EES0423874__X2A__Y0C__P019.jpg,0.881546,24.025889,ok
EES0423874__X2A__Y0F__P020.jpg,0.834095,22.119336,ok
EES0423874__X2A__Y12__P021.jpg,0.787748,21.776326,ok
EES0423874__X2D__Y09__P022.jpg,0.894154,24.339285,ok
EES0423874__X2D__Y12__P023.jpg,0.834491,23.356250,ok
EES0423874__X2D__Y45__P024.jpg,0.881172,26.463871,ok
EES0423874__X30__Y45__P025.jpg,0.895133,22.699117,ok
EES0423875__X36__Y36__P001.jpg,0.914877,22.777116,ok
EES0423875__X39__Y24__P002.jpg,0.876081,23.201774,ok
EES0423875__X39__Y27__P003.jpg,0.893451,23.433381,ok
EES0423875__X3C__Y24__P004.jpg,0.931632,28.913343,ok
EES0423875__X3C__Y27__P005.jpg,0.893442,22.897614,ok
EES0423875__X3F__Y21__P006.jpg,0.922713,26.786495,ok
EES0423875__X06__Y1E__P007.jpg,0.813535,23.314919,ok
EES0423875__X06__Y21__P008.jpg,0.836765,23.010188,ok
EES0423875__X12__Y0C__P009.jpg,0.907017,27.762872,ok
EES0423875__X12__Y15__P010.jpg,0.813449,22.014129,ok
EES0423875__X15__Y30__P011.jpg,0.808071,21.772701,ok
EES0423875__X1E__Y1E__P012.jpg,0.865736,23.265945,ok
EES0423875__X1E__Y39__P013.jpg,0.812011,22.112785,ok
EES0423875__X2D__Y30__P014.jpg,0.817182,22.401946,ok
EES0423875__X2D__Y3C__P015.jpg,0.820835,21.800323,ok
EES0423875__X2D__Y3F__P016.jpg,0.737896,22.192304,ok
EES0423875__X2D__Y42__P017.jpg,0.821007,24.175662,ok
EES0423875__X30__Y42__P018.jpg,0.861543,24.140195,ok
EES0423875__X36__Y1B__P019.jpg,0.846127,23.587915,ok
EES0423875__X36__Y21__P020.jpg,0.762597,21.687906,ok
EES0423875__X39__Y21__P021.jpg,0.863054,23.595575,ok
EES0423875__X39__Y24__P022.jpg,0.809033,22.774027,ok
EES0423875__X39__Y27__P023.jpg,0.798951,22.231323,ok
EES0423875__X39__Y2A__P024.jpg,0.782764,23.059674,ok
EES0423875__X09__Y1E__P025.jpg,0.901845,24.794996,ok
EES0423876__X09__Y27__P001.jpg,0.841451,22.753018,ok
EES0423876__X09__Y39__P002.jpg,0.869443,23.752182,ok
EES0423876__X0C__Y12__P003.jpg,0.873886,25.379321,ok
EES0423876__X0F__Y3F__P004.jpg,0.826955,22.611848,ok
EES0423876__X12__Y0C__P005.jpg,0.856031,23.545466,ok
EES0423876__X12__Y39__P006.jpg,0.871037,23.810495,ok
EES0423876__X18__Y09__P007.jpg,0.836820,22.524664,ok
EES0423876__X18__Y0C__P008.jpg,0.891221,23.594400,ok
EES0423876__X18__Y21__P009.jpg,0.874329,23.168471,ok
EES0423876__X1B__Y09__P010.jpg,0.880360,23.519080,ok
EES0423876__X21__Y0C__P011.jpg,0.900690,24.345946,ok
EES0423876__X21__Y42__P012.jpg,0.795605,22.032357,ok
EES0423876__X24__Y09__P013.jpg,0.826049,24.752202,ok
EES0423876__X24__Y0C__P014.jpg,0.833877,23.231228,ok
EES0423876__X24__Y15__P015.jpg,0.889284,23.172050,ok
EES0423876__X27__Y09__P016.jpg,0.925466,26.319561,ok
EES0423876__X27__Y0C__P017.jpg,0.874191,22.803460,ok
EES0423876__X2D__Y0F__P018.jpg,0.900772,25.869333,ok
EES0423876__X2D__Y12__P019.jpg,0.868076,25.146629,ok
EES0423876__X2D__Y45__P020.jpg,0.948178,33.140867,ok
EES0423876__X30__Y0F__P021.jpg,0.838642,22.979519,ok
EES0423876__X30__Y15__P022.jpg,0.865088,27.709132,ok
EES0423876__X33__Y12__P023.jpg,0.917282,24.981401,ok
EES0423876__X33__Y15__P024.jpg,0.858405,27.306521,ok
EES0423876__X33__Y18__P025.jpg,0.838097,23.869842,ok
EES0423877__X33__Y1E__P001.jpg,0.810127,25.564440,ok
EES0423877__X33__Y33__P002.jpg,0.802741,23.752801,ok
EES0423877__X36__Y15__P003.jpg,0.906507,26.570911,ok
EES0423877__X36__Y18__P004.jpg,0.868210,25.998968,ok
EES0423877__X36__Y1E__P005.jpg,0.861135,23.780368,ok
EES0423877__X36__Y24__P006.jpg,0.842584,22.518998,ok
EES0423877__X36__Y27__P007.jpg,0.818241,22.785130,ok
EES0423877__X39__Y15__P008.jpg,0.851526,24.412669,ok
EES0423877__X39__Y18__P009.jpg,0.919391,28.571224,ok
EES0423877__X39__Y1B__P010.jpg,0.896051,26.108088,ok
EES0423877__X39__Y1E__P011.jpg,0.889306,27.679828,ok
EES0423877__X39__Y27__P012.jpg,0.861098,23.500095,ok
EES0423877__X3C__Y1B__P013.jpg,0.897160,24.555237,ok
EES0423877__X3C__Y1E__P014.jpg,0.887514,22.907708,ok
EES0423877__X3C__Y24__P015.jpg,0.892069,23.805755,ok
EES0423877__X3C__Y27__P016.jpg,0.836040,22.686000,ok
EES0423877__X3F__Y24__P017.jpg,0.905042,27.027133,ok
EES0423877__X3F__Y2A__P018.jpg,0.916250,27.321020,ok
EES0423877__X3F__Y2D__P019.jpg,0.918981,27.969159,ok
EES0423877__X2A__Y0C__P020.jpg,0.838313,22.000011,ok
EES0423877__X2A__Y3F__P021.jpg,0.845138,22.589202,ok
EES0423877__X33__Y33__P022.jpg,0.872556,23.209440,ok
EES0423877__X36__Y36__P023.jpg,0.858010,22.117129,ok
EES0423877__X39__Y1E__P024.jpg,0.805267,21.874896,ok
EES0423877__X39__Y21__P025.jpg,0.732889,21.152781,ok
EES0423878__X3C__Y21__P001.jpg,0.824662,22.081271,ok
EES0423878__X3C__Y30__P002.jpg,0.876159,22.908811,ok
EES0423878__X3C__Y33__P003.jpg,0.844232,22.217055,ok
EES0423878__X0C__Y2A__P004.jpg,0.890399,26.007582,ok
EES0423878__X0C__Y2D__P005.jpg,0.837998,22.445438,ok
EES0423878__X0C__Y30__P006.jpg,0.878187,25.373664,ok
EES0423878__X0C__Y33__P007.jpg,0.894475,23.731628,ok
EES0423878__X0C__Y36__P008.jpg,0.896540,26.616800,ok
EES0423878__X0F__Y2D__P009.jpg,0.841791,22.347489,ok
EES0423878__X0F__Y30__P010.jpg,0.889291,24.794537,ok
EES0423878__X0F__Y33__P011.jpg,0.865402,24.646638,ok
EES0423878__X0F__Y36__P012.jpg,0.879315,23.202385,ok
EES0423878__X0F__Y39__P013.jpg,0.889632,24.265387,ok
EES0423878__X15__Y24__P014.jpg,0.857144,22.587972,ok
EES0423878__X15__Y27__P015.jpg,0.902865,25.550897,ok
EES0423878__X15__Y2A__P016.jpg,0.931259,28.239097,ok
EES0423878__X18__Y24__P017.jpg,0.881734,24.510273,ok
EES0423878__X18__Y27__P018.jpg,0.825733,21.841535,ok
EES0423878__X18__Y2A__P019.jpg,0.849280,22.970376,ok
EES0423878__X1B__Y21__P020.jpg,0.889461,22.635827,ok
EES0423878__X1B__Y24__P021.jpg,0.861599,24.461202,ok
EES0423878__X1E__Y18__P022.jpg,0.872065,23.426586,ok
EES0423878__X1E__Y1B__P023.jpg,0.841218,23.040966,ok
EES0423878__X1E__Y21__P024.jpg,0.843956,22.046180,ok
EES0423878__X21__Y15__P025.jpg,0.940777,30.514435,ok
EES0423879__X24__Y15__P001.jpg,0.868202,24.005334,ok
EES0423879__X24__Y18__P002.jpg,0.848640,23.586852,ok
EES0423879__X24__Y1B__P003.jpg,0.834012,22.981522,ok
EES0423879__X2A__Y18__P004.jpg,0.917853,27.814858,ok
EES0423879__X2A__Y1B__P005.jpg,0.884392,24.125139,ok
EES0423879__X2D__Y1B__P006.jpg,0.855278,23.858889,ok
EES0423879__X2D__Y1E__P007.jpg,0.918236,24.742158,ok
EES0423879__X2D__Y3F__P008.jpg,0.889949,22.645646,ok
EES0423879__X2D__Y42__P009.jpg,0.910463,25.004581,ok
EES0423879__X30__Y3F__P010.jpg,0.892014,24.302206,ok
EES0423879__X36__Y27__P011.jpg,0.886446,24.980824,ok
EES0423879__X36__Y2A__P012.jpg,0.856342,23.872220,ok
EES0423879__X36__Y2D__P013.jpg,0.840251,23.071648,ok
EES0423879__X36__Y33__P014.jpg,0.895712,24.608138,ok
EES0423879__X36__Y36__P015.jpg,0.888207,23.071430,ok
EES0423879__X36__Y39__P016.jpg,0.854237,23.503616,ok
EES0423879__X39__Y2D__P017.jpg,0.900465,24.591418,ok
EES0423879__X39__Y30__P018.jpg,0.867522,22.583087,ok
EES0423879__X39__Y36__P019.jpg,0.871604,23.966931,ok
EES0423879__X3C__Y2D__P020.jpg,0.842233,22.596546,ok
EES0423879__X3C__Y33__P021.jpg,0.876170,22.615102,ok
EES0423879__X3C__Y36__P022.jpg,0.920561,24.327458,ok
EES0423879__X3F__Y2D__P023.jpg,0.874403,24.859799,ok
EES0423879__X3F__Y30__P024.jpg,0.855875,22.267443,ok
EES0423879__X21__Y2A__P025.jpg,0.830373,22.166718,ok
EES0423880__X21__Y45__P001.jpg,0.910939,25.674502,ok
EES0423880__X24__Y45__P002.jpg,0.828488,22.614575,ok
EES0423880__X27__Y2A__P003.jpg,0.896585,22.946801,ok
EES0423880__X2A__Y39__P004.jpg,0.877310,22.744430,ok
EES0423880__X2D__Y39__P005.jpg,0.866130,24.709531,ok
EES0423880__X2D__Y3C__P006.jpg,0.910009,22.912112,ok
EES0423880__X33__Y1B__P007.jpg,0.872174,25.235677,ok
EES0423880__X33__Y24__P008.jpg,0.839799,22.485500,ok
EES0423880__X33__Y2A__P009.jpg,0.817277,24.201001,ok
EES0423880__X33__Y30__P010.jpg,0.870973,22.679885,ok
EES0423880__X33__Y36__P011.jpg,0.877362,25.171330,ok
EES0423880__X33__Y39__P012.jpg,0.825738,25.527406,ok
EES0423880__X33__Y3C__P013.jpg,0.912198,26.760178,ok
EES0423880__X36__Y1B__P014.jpg,0.832750,23.646153,ok
EES0423880__X36__Y1E__P015.jpg,0.869493,23.495767,ok
EES0423880__X36__Y21__P016.jpg,0.832305,23.125002,ok
EES0423880__X36__Y24__P017.jpg,0.896079,24.533534,ok
EES0423880__X36__Y27__P018.jpg,0.866581,23.393032,ok
EES0423880__X36__Y2A__P019.jpg,0.909218,25.793409,ok
EES0423880__X36__Y33__P020.jpg,0.874279,23.682820,ok
EES0423880__X36__Y36__P021.jpg,0.924678,29.187603,ok
EES0423880__X36__Y39__P022.jpg,0.910394,27.157219,ok
EES0423880__X36__Y3C__P023.jpg,0.910715,25.719537,ok
EES0423880__X39__Y30__P024.jpg,0.891745,22.543568,ok
EES0423880__X39__Y36__P025.jpg,0.921344,25.084070,ok
EES0423881__X3C__Y33__P001.jpg,0.902804,23.250729,ok
EES0423881__X1E__Y21__P002.jpg,0.904539,25.516895,ok
EES0423881__X21__Y2A__P003.jpg,0.891806,24.310767,ok
EES0423881__X24__Y1B__P004.jpg,0.863924,22.689069,ok
EES0423881__X27__Y1B__P005.jpg,0.831078,22.619287,ok
EES0423881__X2A__Y1B__P006.jpg,0.880430,23.498540,ok
EES0423881__X2A__Y1E__P007.jpg,0.915426,26.427645,ok
EES0423881__X2A__Y2A__P008.jpg,0.880059,23.314515,ok
EES0423881__X2A__Y2D__P009.jpg,0.829073,22.485123,ok
EES0423881__X2A__Y30__P010.jpg,0.866287,26.740790,ok
EES0423881__X2A__Y33__P011.jpg,0.904813,23.131764,ok
EES0423881__X2D__Y1E__P012.jpg,0.884480,23.381840,ok
EES0423881__X2D__Y2D__P013.jpg,0.880703,23.975630,ok
EES0423881__X2D__Y30__P014.jpg,0.905607,26.333535,ok
EES0423881__X2D__Y45__P015.jpg,0.821897,24.626972,ok
EES0423881__X30__Y36__P016.jpg,0.815312,21.931868,ok
EES0423881__X30__Y3C__P017.jpg,0.923547,26.220006,ok
EES0423881__X30__Y42__P018.jpg,0.869810,23.555180,ok
EES0423881__X33__Y24__P019.jpg,0.856153,22.363931,ok
EES0423881__X33__Y36__P020.jpg,0.889774,26.390780,ok
EES0423881__X33__Y39__P021.jpg,0.869715,25.856529,ok
EES0423881__X33__Y3C__P022.jpg,0.912276,27.428116,ok
EES0423881__X33__Y3F__P023.jpg,0.903365,27.148893,ok
EES0423881__X33__Y42__P024.jpg,0.857535,22.864155,ok
EES0423881__X36__Y24__P025.jpg,0.860024,22.967651,ok
EES0423882__X36__Y27__P001.jpg,0.802435,22.436402,ok
EES0423882__X36__Y2A__P002.jpg,0.878931,23.645758,ok
EES0423882__X36__Y2D__P003.jpg,0.847538,23.495152,ok
EES0423882__X36__Y39__P004.jpg,0.887204,26.369924,ok
EES0423882__X36__Y3C__P005.jpg,0.880697,23.308637,ok
EES0423882__X36__Y3F__P006.jpg,0.920848,30.047004,ok
EES0423882__X36__Y42__P007.jpg,0.865694,23.881264,ok
EES0423882__X39__Y27__P008.jpg,0.891361,22.829538,ok
EES0423882__X39__Y39__P009.jpg,0.843678,22.546495,ok
EES0423882__X39__Y3C__P010.jpg,0.861170,24.530127,ok
EES0423882__X39__Y3F__P011.jpg,0.912184,26.080709,ok
EES0423882__X3C__Y33__P012.jpg,0.874519,23.329670,ok
EES0423882__X3C__Y36__P013.jpg,0.875713,23.577341,ok
EES0423882__X3C__Y39__P014.jpg,0.885722,24.883067,ok
EES0423882__X3C__Y3F__P015.jpg,0.930189,28.014093,ok
EES0423882__X3F__Y33__P016.jpg,0.864826,22.355371,ok
EES0423882__X3F__Y36__P017.jpg,0.911059,26.970113,ok
EES0423882__X3F__Y39__P018.jpg,0.885416,24.314467,ok
EES0423882__X42__Y30__P019.jpg,0.917319,25.108255,ok
EES0423882__X03__Y21__P020.jpg,0.858360,22.394584,ok
EES0423882__X03__Y24__P021.jpg,0.848591,23.265957,ok
EES0423882__X03__Y30__P022.jpg,0.831785,25.043119,ok
EES0423882__X03__Y33__P023.jpg,0.918126,28.621016,ok
EES0423882__X06__Y1B__P024.jpg,0.876038,26.844781,ok
EES0423882__X06__Y39__P025.jpg,0.834524,22.635233,ok
EES0423883__X27__Y0F__P001.jpg,0.912627,26.978725,ok
EES0423883__X27__Y18__P002.jpg,0.819886,22.591231,ok
EES0423883__X27__Y1B__P003.jpg,0.835590,22.007922,ok
EES0423883__X27__Y3C__P004.jpg,0.917080,26.097624,ok
EES0423883__X2A__Y1E__P005.jpg,0.901150,26.579524,ok
EES0423883__X2A__Y21__P006.jpg,0.839131,23.677919,ok
EES0423883__X2D__Y0C__P007.jpg,0.841356,23.472715,ok
EES0423883__X2D__Y15__P008.jpg,0.873363,25.180948,ok
EES0423883__X2D__Y1E__P009.jpg,0.878822,24.577974,ok
EES0423883__X2D__Y2A__P010.jpg,0.919019,26.757410,ok
EES0423883__X2D__Y3C__P011.jpg,0.844482,22.940382,ok
EES0423883__X30__Y21__P012.jpg,0.879323,25.263849,ok
EES0423883__X33__Y15__P013.jpg,0.868129,24.868370,ok
EES0423883__X33__Y18__P014.jpg,0.878222,24.383051,ok
EES0423883__X33__Y1B__P015.jpg,0.917797,29.630332,ok
EES0423883__X33__Y24__P016.jpg,0.881524,24.666070,ok
EES0423883__X33__Y27__P017.jpg,0.879449,25.555386,ok
EES0423883__X33__Y33__P018.jpg,0.835237,22.753164,ok
EES0423883__X33__Y39__P019.jpg,0.858213,22.365224,ok
EES0423883__X36__Y1B__P020.jpg,0.862478,22.277059,ok
EES0423883__X36__Y24__P021.jpg,0.883646,26.954951,ok
EES0423883__X3C__Y1E__P022.jpg,0.913446,25.320008,ok
EES0423883__X0F__Y27__P023.jpg,0.907671,29.151838,ok
EES0423883__X12__Y36__P024.jpg,0.829810,22.146884,ok
EES0423883__X15__Y0C__P025.jpg,0.884880,23.803953,ok
EES0423884__X15__Y36__P001.jpg,0.893092,23.512460,ok
EES0423884__X1B__Y0C__P002.jpg,0.896511,23.169252,ok
EES0423884__X1B__Y39__P003.jpg,0.865074,23.640347,ok
EES0423884__X1B__Y3F__P004.jpg,0.906860,26.583523,ok
EES0423884__X21__Y39__P005.jpg,0.919133,22.844476,ok
EES0423884__X24__Y33__P006.jpg,0.847874,24.602159,ok
EES0423884__X27__Y12__P007.jpg,0.912474,22.903372,ok
EES0423884__X27__Y33__P008.jpg,0.911348,25.899614,ok
EES0423884__X27__Y36__P009.jpg,0.929369,26.970718,ok
EES0423884__X2A__Y12__P010.jpg,0.962231,31.568219,ok
EES0423884__X2A__Y33__P011.jpg,0.891772,24.786751,ok
EES0423884__X2A__Y36__P012.jpg,0.838318,24.664101,ok
EES0423884__X2D__Y1E__P013.jpg,0.913080,27.202376,ok
EES0423884__X2D__Y2A__P014.jpg,0.847598,24.921796,ok
EES0423884__X2D__Y2D__P015.jpg,0.844498,24.870103,ok
EES0423884__X2D__Y30__P016.jpg,0.898516,26.239002,ok
EES0423884__X2D__Y33__P017.jpg,0.850027,26.930320,ok
EES0423884__X2D__Y36__P018.jpg,0.813570,27.405768,ok
EES0423884__X2D__Y39__P019.jpg,0.871707,22.871839,ok
EES0423884__X30__Y12__P020.jpg,0.879003,24.344475,ok
EES0423884__X30__Y1E__P021.jpg,0.864336,24.216614,ok
EES0423884__X30__Y24__P022.jpg,0.826756,23.067900,ok
EES0423884__X30__Y27__P023.jpg,0.856786,24.863689,ok
EES0423884__X30__Y2A__P024.jpg,0.884519,23.002513,ok
EES0423884__X30__Y2D__P025.jpg,0.851413,24.408848,ok
EES0423885__X21__Y30__P001.jpg,0.809428,22.323611,ok
EES0423885__X27__Y0F__P002.jpg,0.875419,22.431977,ok
EES0423885__X2A__Y1B__P003.jpg,0.815769,23.306566,ok
EES0423885__X2D__Y0C__P004.jpg,0.885089,25.290732,ok
EES0423885__X2D__Y12__P005.jpg,0.764426,22.964890,ok
EES0423885__X2D__Y39__P006.jpg,0.765831,21.823234,ok
EES0423885__X33__Y12__P007.jpg,0.779039,21.441068,ok
EES0423885__X33__Y18__P008.jpg,0.830475,22.810678,ok
EES0423885__X33__Y1B__P009.jpg,0.749618,22.077404,ok
EES0423885__X36__Y1B__P010.jpg,0.818393,21.860002,ok
EES0423885__X3C__Y1B__P011.jpg,0.782954,21.877123,ok
EES0423885__X3C__Y2A__P012.jpg,0.804578,22.517063,ok
EES0423885__X3F__Y27__P013.jpg,0.823541,24.451692,ok
EES0423885__X42__Y24__P014.jpg,0.930424,29.601536,ok
EES0423885__X42__Y27__P015.jpg,0.882369,24.765184,ok
EES0423885__X42__Y2A__P016.jpg,0.937682,30.543344,ok
EES0423885__X06__Y27__P017.jpg,0.812308,22.681610,ok
EES0423885__X09__Y27__P018.jpg,0.887890,22.909989,ok
EES0423885__X0C__Y36__P019.jpg,0.881873,23.492551,ok
EES0423885__X0F__Y24__P020.jpg,0.835202,22.816516,ok
EES0423885__X0F__Y2A__P021.jpg,0.824217,23.579979,ok
EES0423885__X0F__Y39__P022.jpg,0.898406,23.969325,ok
EES0423885__X12__Y18__P023.jpg,0.862268,22.333654,ok
EES0423885__X12__Y21__P024.jpg,0.859406,26.409554,ok
EES0423885__X12__Y2D__P025.jpg,0.874835,24.824620,ok
EES0423886__X42__Y21__P001.jpg,0.922456,24.392134,ok
EES0423886__X0C__Y36__P002.jpg,0.932981,25.720788,ok
EES0423886__X15__Y42__P003.jpg,0.866790,23.624581,ok
EES0423886__X1E__Y09__P004.jpg,0.913356,23.524545,ok
EES0423886__X1E__Y45__P005.jpg,0.894575,24.855813,ok
EES0423886__X21__Y45__P006.jpg,0.842906,25.307946,ok
EES0423886__X24__Y09__P007.jpg,0.882270,24.302788,ok
EES0423886__X27__Y09__P008.jpg,0.906745,27.127761,ok
EES0423886__X30__Y45__P009.jpg,0.891482,22.997987,ok
EES0423886__X3C__Y1E__P010.jpg,0.821964,22.224531,ok
EES0423886__X3F__Y18__P011.jpg,0.854955,23.273115,ok
EES0423886__X42__Y1E__P012.jpg,0.908126,27.034742,ok
EES0423886__X42__Y24__P013.jpg,0.792875,22.159774,ok
EES0423886__X06__Y24__P014.jpg,0.859192,23.076946,ok
EES0423886__X0C__Y21__P015.jpg,0.824677,22.895544,ok
EES0423886__X0C__Y2A__P016.jpg,0.879794,22.745352,ok
EES0423886__X0F__Y18__P017.jpg,0.823948,23.383758,ok
EES0423886__X0F__Y21__P018.jpg,0.931009,26.922252,ok
EES0423886__X0F__Y24__P019.jpg,0.888452,25.944928,ok
EES0423886__X0F__Y33__P020.jpg,0.793422,21.747597,ok
EES0423886__X12__Y2A__P021.jpg,0.813039,21.939312,ok
EES0423886__X18__Y15__P022.jpg,0.818421,23.259200,ok
EES0423886__X18__Y1B__P023.jpg,0.746762,22.379238,ok
EES0423886__X18__Y21__P024.jpg,0.794488,22.776703,ok
EES0423886__X1B__Y21__P025.jpg,0.912993,26.307911,ok
EES0423887__X1E__Y12__P001.jpg,0.797962,21.965107,ok
EES0423887__X1E__Y15__P002.jpg,0.842572,23.982545,ok
EES0423887__X1E__Y36__P003.jpg,0.798472,22.211106,ok
EES0423887__X1E__Y3F__P004.jpg,0.830007,22.622592,ok
EES0423887__X1E__Y45__P005.jpg,0.907484,25.642749,ok
EES0423887__X21__Y12__P006.jpg,0.724949,21.757653,ok
EES0423887__X21__Y15__P007.jpg,0.895476,26.254116,ok
EES0423887__X21__Y33__P008.jpg,0.881537,24.990602,ok
EES0423887__X21__Y36__P009.jpg,0.808484,23.366481,ok
EES0423887__X24__Y15__P010.jpg,0.898324,23.777365,ok
EES0423887__X24__Y18__P011.jpg,0.808017,22.179302,ok
EES0423887__X24__Y24__P012.jpg,0.835477,22.298009,ok
EES0423887__X2A__Y18__P013.jpg,0.862179,22.451377,ok
EES0423887__X2A__Y1B__P014.jpg,0.872156,28.502723,ok
EES0423887__X2D__Y15__P015.jpg,0.845243,25.070318,ok
EES0423887__X2D__Y18__P016.jpg,0.868951,24.317878,ok
EES0423887__X2D__Y24__P017.jpg,0.806720,22.805282,ok
EES0423887__X2D__Y2A__P018.jpg,0.778000,22.484341,ok
EES0423887__X2D__Y36__P019.jpg,0.819810,22.476916,ok
EES0423887__X2D__Y39__P020.jpg,0.851416,22.465648,ok
EES0423887__X30__Y27__P021.jpg,0.885930,23.821520,ok
EES0423887__X33__Y15__P022.jpg,0.856145,22.660558,ok
EES0423887__X33__Y18__P023.jpg,0.946418,33.762983,ok
EES0423887__X33__Y1B__P024.jpg,0.866942,24.227596,ok
EES0423887__X33__Y2D__P025.jpg,0.809536,22.299107,ok
EES0423888__X03__Y24__P001.jpg,0.806699,23.398529,ok
EES0423888__X03__Y2A__P002.jpg,0.832460,23.714751,ok
EES0423888__X06__Y1B__P003.jpg,0.810605,21.737352,ok
EES0423888__X06__Y1E__P004.jpg,0.777026,21.910723,ok
EES0423888__X06__Y2A__P005.jpg,0.817967,23.610765,ok
EES0423888__X06__Y2D__P006.jpg,0.795668,22.247460,ok
EES0423888__X18__Y3F__P007.jpg,0.823298,22.028009,ok
EES0423888__X21__Y45__P008.jpg,0.855136,22.270627,ok
EES0423888__X2D__Y24__P009.jpg,0.710443,21.403411,ok
EES0423888__X3F__Y39__P010.jpg,0.863906,23.303622,ok
EES0423888__X09__Y24__P011.jpg,0.954254,27.670328,ok
EES0423888__X09__Y30__P012.jpg,0.926901,24.046157,ok
EES0423888__X09__Y33__P013.jpg,0.941673,26.996702,ok
EES0423888__X0C__Y18__P014.jpg,0.893989,24.281894,ok
EES0423888__X0F__Y18__P015.jpg,0.922180,25.340151,ok
EES0423888__X0F__Y1B__P016.jpg,0.906406,24.494773,ok
EES0423888__X0F__Y2D__P017.jpg,0.920642,24.092421,ok
EES0423888__X12__Y18__P018.jpg,0.920222,25.788745,ok
EES0423888__X18__Y1E__P019.jpg,0.892773,25.614743,ok
EES0423888__X1B__Y18__P020.jpg,0.922481,26.205855,ok
EES0423888__X1B__Y1E__P021.jpg,0.916726,24.853180,ok
EES0423888__X1E__Y0F__P022.jpg,0.902379,23.595414,ok
EES0423888__X21__Y18__P023.jpg,0.892461,22.725958,ok
EES0423888__X21__Y39__P024.jpg,0.915466,25.456640,ok
EES0423888__X24__Y3F__P025.jpg,0.913825,24.470993,ok
EES0423889__X2A__Y30__P001.jpg,0.954768,26.347387,ok
EES0423889__X09__Y24__P002.jpg,0.874382,23.620522,ok
EES0423889__X0C__Y18__P003.jpg,0.861678,24.981763,ok
EES0423889__X0C__Y21__P004.jpg,0.898474,27.338063,ok
EES0423889__X0C__Y24__P005.jpg,0.862737,24.786303,ok
EES0423889__X0F__Y12__P006.jpg,0.903301,27.085042,ok
EES0423889__X0F__Y18__P007.jpg,0.835353,22.256777,ok
EES0423889__X0F__Y1E__P008.jpg,0.852460,27.087757,ok
EES0423889__X0F__Y30__P009.jpg,0.903534,26.722870,ok
EES0423889__X0F__Y36__P010.jpg,0.822906,22.223757,ok
EES0423889__X15__Y12__P011.jpg,0.893523,25.200052,ok
EES0423889__X15__Y33__P012.jpg,0.854368,23.200931,ok
EES0423889__X18__Y0C__P013.jpg,0.857620,24.102389,ok
EES0423889__X18__Y15__P014.jpg,0.825218,22.588954,ok
EES0423889__X18__Y3F__P015.jpg,0.844929,22.578144,ok
EES0423889__X1B__Y12__P016.jpg,0.830896,23.733806,ok
EES0423889__X1B__Y18__P017.jpg,0.846670,24.489498,ok
EES0423889__X1E__Y12__P018.jpg,0.824230,23.324146,ok
EES0423889__X1E__Y1B__P019.jpg,0.890457,24.571311,ok
EES0423889__X1E__Y3F__P020.jpg,0.831050,22.529083,ok
EES0423889__X21__Y09__P021.jpg,0.798678,22.278503,ok
EES0423889__X21__Y2A__P022.jpg,0.843544,24.220936,ok
EES0423889__X21__Y30__P023.jpg,0.924704,26.693267,ok
EES0423889__X21__Y33__P024.jpg,0.781797,21.767854,ok
EES0423889__X21__Y3F__P025.jpg,0.890171,26.457079,ok
EES0423890__X2A__Y0F__P001.jpg,0.840370,22.739088,ok
EES0423890__X2A__Y36__P002.jpg,0.847236,22.305614,ok
EES0423890__X2A__Y39__P003.jpg,0.793671,22.411904,ok
EES0423890__X2D__Y39__P004.jpg,0.774030,22.664592,ok
EES0423890__X2D__Y3C__P005.jpg,0.840592,23.036874,ok
EES0423890__X30__Y33__P006.jpg,0.885949,23.954739,ok
EES0423890__X30__Y39__P007.jpg,0.852519,24.641506,ok
EES0423890__X33__Y39__P008.jpg,0.799830,24.291352,ok
EES0423890__X33__Y3C__P009.jpg,0.832658,22.145928,ok
EES0423890__X36__Y39__P010.jpg,0.805480,23.491990,ok
EES0423890__X3C__Y12__P011.jpg,0.941582,23.882128,ok
EES0423890__X06__Y18__P012.jpg,0.870595,23.367555,ok
EES0423890__X0C__Y0F__P013.jpg,0.875497,23.523257,ok
EES0423890__X18__Y06__P014.jpg,0.896003,22.775837,ok
EES0423890__X24__Y06__P015.jpg,0.853138,23.605183,ok
EES0423890__X2A__Y06__P016.jpg,0.865088,25.162633,ok
EES0423890__X2D__Y42__P017.jpg,0.816319,21.846495,ok
EES0423890__X30__Y06__P018.jpg,0.908585,26.671056,ok
EES0423890__X30__Y42__P019.jpg,0.847480,24.286430,ok
EES0423890__X39__Y0C__P020.jpg,0.925237,25.345866,ok
EES0423890__X3F__Y12__P021.jpg,0.865129,23.063231,ok
EES0423890__X42__Y2A__P022.jpg,0.776415,21.475203,ok
EES0423890__X18__Y0C__P023.jpg,0.854071,22.390775,ok
EES0423890__X1B__Y0C__P024.jpg,0.845083,22.333807,ok
EES0423890__X1B__Y0F__P025.jpg,0.850286,22.897657,ok
EES0423891__X1E__Y24__P001.jpg,0.844421,22.360831,ok
EES0423891__X1E__Y36__P002.jpg,0.861037,25.108574,ok
EES0423891__X21__Y2A__P003.jpg,0.859404,24.554065,ok
EES0423891__X21__Y30__P004.jpg,0.854733,25.740247,ok
EES0423891__X21__Y36__P005.jpg,0.857967,24.563882,ok
EES0423891__X24__Y18__P006.jpg,0.849812,22.586141,ok
EES0423891__X24__Y2A__P007.jpg,0.903632,23.005392,ok
EES0423891__X24__Y30__P008.jpg,0.882495,25.022367,ok
EES0423891__X2A__Y2D__P009.jpg,0.913154,26.916019,ok
EES0423891__X2A__Y33__P010.jpg,0.843622,23.402855,ok
EES0423891__X2D__Y33__P011.jpg,0.890409,25.773155,ok
EES0423891__X2D__Y36__P012.jpg,0.864010,27.758153,ok
EES0423891__X30__Y33__P013.jpg,0.888075,23.370026,ok
EES0423891__X30__Y36__P014.jpg,0.837551,22.686401,ok
EES0423891__X30__Y39__P015.jpg,0.872910,22.483974,ok
EES0423891__X36__Y21__P016.jpg,0.883853,22.762895,ok
EES0423891__X36__Y24__P017.jpg,0.861321,22.841050,ok
EES0423891__X39__Y36__P018.jpg,0.886891,25.349906,ok
EES0423891__X3F__Y2A__P019.jpg,0.826074,22.062820,ok
EES0423891__X42__Y2A__P020.jpg,0.847760,22.594401,ok
EES0423891__X0F__Y30__P021.jpg,0.787427,22.278192,ok
EES0423891__X12__Y21__P022.jpg,0.931619,27.027833,ok
EES0423891__X12__Y30__P023.jpg,0.875069,23.292019,ok
EES0423891__X12__Y36__P024.jpg,0.902744,28.503590,ok
EES0423891__X18__Y2D__P025.jpg,0.851772,22.493468,ok
EES0423892__X18__Y39__P001.jpg,0.827841,22.007232,ok
EES0423892__X24__Y39__P002.jpg,0.842192,23.287324,ok
EES0423892__X27__Y2A__P003.jpg,0.855738,22.485661,ok
EES0423892__X2A__Y2A__P004.jpg,0.788868,22.483453,ok
EES0423892__X2A__Y30__P005.jpg,0.874322,23.404017,ok
EES0423892__X2D__Y21__P006.jpg,0.821641,22.171284,ok
EES0423892__X2D__Y24__P007.jpg,0.679647,20.559592,ok
EES0423892__X2D__Y27__P008.jpg,0.814782,22.331369,ok
EES0423892__X2D__Y2A__P009.jpg,0.704157,21.701319,ok
EES0423892__X2D__Y33__P010.jpg,0.802652,22.006793,ok
EES0423892__X33__Y2D__P011.jpg,0.804131,22.051700,ok
EES0423892__X36__Y2A__P012.jpg,0.854931,24.765033,ok
EES0423892__X36__Y30__P013.jpg,0.805646,21.963121,ok
EES0423892__X39__Y30__P014.jpg,0.902535,26.786411,ok
EES0423892__X39__Y33__P015.jpg,0.885776,23.130907,ok
EES0423892__X0C__Y30__P016.jpg,0.867166,25.988424,ok
EES0423892__X0F__Y15__P017.jpg,0.861496,23.419762,ok
EES0423892__X12__Y24__P018.jpg,0.838619,23.210849,ok
EES0423892__X1E__Y12__P019.jpg,0.840752,23.075398,ok
EES0423892__X1E__Y42__P020.jpg,0.843527,22.527518,ok
EES0423892__X21__Y30__P021.jpg,0.819047,22.885868,ok
EES0423892__X21__Y39__P022.jpg,0.830662,21.941002,ok
EES0423892__X21__Y3C__P023.jpg,0.880737,26.106588,ok
EES0423892__X21__Y3F__P024.jpg,0.841144,22.704375,ok
EES0423892__X24__Y09__P025.jpg,0.803669,22.018724,ok
EES0423893__X24__Y0F__P001.jpg,0.845300,23.289612,ok
EES0423893__X2A__Y30__P002.jpg,0.819350,21.792118,ok
EES0423893__X2D__Y1B__P003.jpg,0.782082,22.140612,ok
EES0423893__X2D__Y3C__P004.jpg,0.874269,24.501718,ok
EES0423893__X2D__Y3F__P005.jpg,0.840393,22.833930,ok
EES0423893__X2D__Y42__P006.jpg,0.859380,22.945764,ok
EES0423893__X33__Y3F__P007.jpg,0.861509,23.859043,ok
EES0423893__X36__Y30__P008.jpg,0.860759,22.739417,ok
EES0423893__X3C__Y30__P009.jpg,0.866493,24.602833,ok
EES0423893__X3F__Y1B__P010.jpg,0.831901,23.057682,ok
EES0423893__X3F__Y24__P011.jpg,0.848474,24.075248,ok
EES0423893__X3F__Y33__P012.jpg,0.825525,23.981367,ok
EES0423893__X42__Y21__P013.jpg,0.851047,23.804306,ok
EES0423893__X42__Y24__P014.jpg,0.890514,24.396717,ok
EES0423893__X21__Y15__P015.jpg,0.850059,23.059324,ok
EES0423893__X30__Y0F__P016.jpg,0.807638,22.022405,ok
EES0423893__X39__Y24__P017.jpg,0.859833,23.885411,ok
EES0423893__X3F__Y18__P018.jpg,0.760752,21.705566,ok
EES0423893__X3F__Y1B__P019.jpg,0.838821,24.060375,ok
EES0423893__X3F__Y1E__P020.jpg,0.771460,22.014330,ok
EES0423893__X42__Y1B__P021.jpg,0.893282,25.290675,ok
EES0423893__X42__Y36__P022.jpg,0.939149,29.196151,ok
EES0423893__X45__Y2A__P023.jpg,0.808305,25.676945,ok
EES0423893__X45__Y2D__P024.jpg,0.853580,23.291804,ok
EES0423893__X0C__Y3C__P025.jpg,0.903675,26.124496,ok
EES0423894__X3F__Y30__P001.jpg,0.946702,23.702031,ok
EES0423894__X42__Y27__P002.jpg,0.882927,23.371347,ok
EES0423894__X42__Y2A__P003.jpg,0.857499,24.274861,ok
EES0423894__X0F__Y24__P004.jpg,0.893362,24.843893,ok
EES0423894__X12__Y2D__P005.jpg,0.870172,22.432273,ok
EES0423894__X21__Y09__P006.jpg,0.893364,23.880734,ok
EES0423894__X21__Y24__P007.jpg,0.871518,22.462215,ok
EES0423894__X21__Y30__P008.jpg,0.920460,23.897269,ok
EES0423894__X27__Y0C__P009.jpg,0.862261,23.611241,ok
EES0423894__X2A__Y21__P010.jpg,0.899973,23.806056,ok
EES0423894__X2A__Y24__P011.jpg,0.857125,22.793286,ok
EES0423894__X2A__Y33__P012.jpg,0.853477,22.163935,ok
EES0423894__X2D__Y0C__P013.jpg,0.936426,25.101337,ok
EES0423894__X2D__Y1E__P014.jpg,0.857459,22.233994,ok
EES0423894__X2D__Y36__P015.jpg,0.773668,21.387409,ok
EES0423894__X2D__Y39__P016.jpg,0.879837,23.104722,ok
EES0423894__X2D__Y3F__P017.jpg,0.919884,27.952708,ok
EES0423894__X30__Y21__P018.jpg,0.901487,23.438468,ok
EES0423894__X30__Y3F__P019.jpg,0.850317,22.037591,ok
EES0423894__X33__Y18__P020.jpg,0.875580,23.841307,ok
EES0423894__X33__Y1B__P021.jpg,0.868512,22.315993,ok
EES0423894__X33__Y21__P022.jpg,0.823996,22.166661,ok
EES0423894__X33__Y24__P023.jpg,0.886514,27.077651,ok
EES0423894__X33__Y27__P024.jpg,0.897627,22.800259,ok
EES0423894__X33__Y36__P025.jpg,0.881059,24.426361,ok
EES0423895__X2D__Y0C__P001.jpg,0.930883,25.387979,ok
EES0423895__X2D__Y0F__P002.jpg,0.884374,22.676464,ok
EES0423895__X2D__Y15__P003.jpg,0.937416,27.576691,ok
EES0423895__X2D__Y1B__P004.jpg,0.872491,22.794454,ok
EES0423895__X2D__Y30__P005.jpg,0.864571,22.828700,ok
EES0423895__X2D__Y33__P006.jpg,0.884188,22.695754,ok
EES0423895__X30__Y12__P007.jpg,0.934881,25.657123,ok
EES0423895__X30__Y1B__P008.jpg,0.888114,22.618761,ok
EES0423895__X30__Y33__P009.jpg,0.883960,22.623932,ok
EES0423895__X33__Y1B__P010.jpg,0.895359,22.680677,ok
EES0423895__X36__Y1B__P011.jpg,0.898573,23.700625,ok
EES0423895__X39__Y2D__P012.jpg,0.923240,23.182224,ok
EES0423895__X39__Y36__P013.jpg,0.899505,22.649391,ok
EES0423895__X03__Y30__P014.jpg,0.932282,26.688448,ok
EES0423895__X06__Y15__P015.jpg,0.906420,22.656716,ok
EES0423895__X18__Y06__P016.jpg,0.910110,25.942958,ok
EES0423895__X1E__Y06__P017.jpg,0.844900,22.075789,ok
EES0423895__X21__Y06__P018.jpg,0.770639,21.531693,ok
EES0423895__X24__Y06__P019.jpg,0.823104,22.508040,ok
EES0423895__X27__Y06__P020.jpg,0.816774,21.925215,ok
EES0423895__X2A__Y3F__P021.jpg,0.787298,22.201926,ok
EES0423895__X2D__Y06__P022.jpg,0.867741,24.034156,ok
EES0423895__X2D__Y3F__P023.jpg,0.767544,21.577554,ok
EES0423895__X33__Y0C__P024.jpg,0.832144,21.992862,ok
EES0423895__X36__Y3F__P025.jpg,0.825685,22.235006,ok
EES0423896__X39__Y3C__P001.jpg,0.903794,28.307831,ok
EES0423896__X3C__Y12__P002.jpg,0.908788,25.455471,ok
EES0423896__X3C__Y39__P003.jpg,0.919268,23.005970,ok
EES0423896__X3F__Y15__P004.jpg,0.935378,26.250628,ok
EES0423896__X3F__Y30__P005.jpg,0.804776,21.668936,ok
EES0423896__X42__Y1B__P006.jpg,0.950892,24.975012,ok
EES0423896__X42__Y30__P007.jpg,0.936200,25.810301,ok
EES0423896__X0C__Y1E__P008.jpg,0.829802,22.132182,ok
EES0423896__X0C__Y21__P009.jpg,0.811406,22.594937,ok
EES0423896__X0F__Y21__P010.jpg,0.856819,22.143949,ok
EES0423896__X2D__Y0C__P011.jpg,0.826280,21.951632,ok
EES0423896__X2D__Y1B__P012.jpg,0.780217,22.854958,ok
EES0423896__X30__Y1B__P013.jpg,0.735738,22.070749,ok
EES0423896__X33__Y1B__P014.jpg,0.847020,25.659981,ok
EES0423896__X33__Y1E__P015.jpg,0.795370,21.922207,ok
EES0423896__X33__Y2A__P016.jpg,0.832805,22.415117,ok
EES0423896__X36__Y18__P017.jpg,0.771536,21.690306,ok
EES0423896__X36__Y1B__P018.jpg,0.864206,26.923689,ok
EES0423896__X36__Y21__P019.jpg,0.830413,22.677599,ok
EES0423896__X36__Y39__P020.jpg,0.844556,22.679054,ok
EES0423896__X3C__Y1E__P021.jpg,0.838658,23.045605,ok
EES0423896__X3F__Y1B__P022.jpg,0.812160,21.853448,ok
EES0423896__X3F__Y1E__P023.jpg,0.725359,21.028980,ok
EES0423896__X3F__Y21__P024.jpg,0.837560,22.243146,ok
EES0423896__X3F__Y2D__P025.jpg,0.824752,22.624282,ok
EES0423897__X3F__Y1B__P001.jpg,0.814115,22.479593,ok
EES0423897__X42__Y1E__P002.jpg,0.937233,26.949884,ok
EES0423897__X42__Y21__P003.jpg,0.924261,27.998443,ok
EES0423897__X42__Y24__P004.jpg,0.827221,22.904271,ok
EES0423897__X42__Y27__P005.jpg,0.876972,24.174900,ok
EES0423897__X42__Y2A__P006.jpg,0.935631,28.430199,ok
EES0423897__X42__Y2D__P007.jpg,0.939645,27.371404,ok
EES0423897__X2D__Y15__P008.jpg,0.854482,22.344967,ok
EES0423897__X30__Y30__P009.jpg,0.797240,22.818989,ok
EES0423897__X30__Y36__P010.jpg,0.769025,22.265913,ok
EES0423897__X33__Y1E__P011.jpg,0.808997,21.956451,ok
EES0423897__X33__Y21__P012.jpg,0.909226,23.861717,ok
EES0423897__X33__Y33__P013.jpg,0.778072,22.529809,ok
EES0423897__X33__Y36__P014.jpg,0.828433,22.720163,ok
EES0423897__X33__Y39__P015.jpg,0.820807,22.695869,ok
EES0423897__X36__Y21__P016.jpg,0.832951,22.237978,ok
EES0423897__X36__Y36__P017.jpg,0.815825,23.710227,ok
EES0423897__X36__Y39__P018.jpg,0.822508,23.357450,ok
EES0423897__X39__Y1B__P019.jpg,0.853670,22.560393,ok
EES0423897__X3F__Y18__P020.jpg,0.892789,23.280110,ok
EES0423897__X3F__Y1B__P021.jpg,0.856467,25.632247,ok
EES0423897__X0C__Y39__P022.jpg,0.906107,24.963794,ok
EES0423897__X33__Y1B__P023.jpg,0.880357,23.480628,ok
EES0423897__X36__Y45__P024.jpg,0.891309,29.020920,ok
EES0423897__X45__Y2A__P025.jpg,0.806080,21.873651,ok
EES0423898__X0C__Y30__P001.jpg,0.730887,21.918714,ok
EES0423898__X0C__Y33__P002.jpg,0.837473,24.905954,ok
EES0423898__X0C__Y3F__P003.jpg,0.840371,23.117776,ok
EES0423898__X0F__Y30__P004.jpg,0.792059,24.064197,ok
EES0423898__X15__Y3F__P005.jpg,0.858438,24.139970,ok
EES0423898__X15__Y45__P006.jpg,0.887333,25.535189,ok
EES0423898__X18__Y3F__P007.jpg,0.821165,22.436019,ok
EES0423898__X1B__Y3F__P008.jpg,0.812703,21.801156,ok
EES0423898__X21__Y2A__P009.jpg,0.855179,22.279813,ok
EES0423898__X36__Y3C__P010.jpg,0.895075,25.471456,ok
EES0423898__X39__Y3C__P011.jpg,0.806226,22.381508,ok
EES0423898__X39__Y3F__P012.jpg,0.901366,25.648035,ok
EES0423898__X3F__Y30__P013.jpg,0.802976,22.298443,ok
EES0423898__X42__Y33__P014.jpg,0.929008,26.296385,ok
EES0423898__X03__Y18__P015.jpg,0.883388,23.094292,ok
EES0423898__X06__Y12__P016.jpg,0.923264,23.053428,ok
EES0423898__X0C__Y42__P017.jpg,0.952228,28.653302,ok
EES0423898__X12__Y45__P018.jpg,0.937292,26.077322,ok
EES0423898__X2D__Y45__P019.jpg,0.823053,22.108456,ok
EES0423898__X30__Y0C__P020.jpg,0.949320,28.399689,ok
EES0423898__X33__Y0F__P021.jpg,0.829828,21.951391,ok
EES0423898__X33__Y42__P022.jpg,0.893844,22.838602,ok
EES0423898__X36__Y0F__P023.jpg,0.955652,28.453279,ok
EES0423898__X39__Y12__P024.jpg,0.922116,25.286209,ok
EES0423898__X06__Y18__P025.jpg,0.925193,26.095395,ok
EES0423899__X06__Y1B__P001.jpg,0.820760,22.466864,ok
EES0423899__X09__Y0F__P002.jpg,0.872217,22.517106,ok
EES0423899__X09__Y15__P003.jpg,0.949288,31.817385,ok
EES0423899__X0C__Y12__P004.jpg,0.879988,23.582184,ok
EES0423899__X0F__Y0F__P005.jpg,0.921750,23.223205,ok
EES0423899__X15__Y0C__P006.jpg,0.888704,23.745682,ok
EES0423899__X1E__Y09__P007.jpg,0.918715,28.567842,ok
EES0423899__X21__Y09__P008.jpg,0.929259,27.637316,ok
EES0423899__X24__Y09__P009.jpg,0.905752,25.376972,ok
EES0423899__X1B__Y09__P010.jpg,0.904714,26.596040,ok
EES0423899__X1E__Y09__P011.jpg,0.868340,22.352420,ok
EES0423899__X21__Y09__P012.jpg,0.839935,22.887009,ok
EES0423899__X24__Y09__P013.jpg,0.886438,26.449864,ok
EES0423899__X24__Y45__P014.jpg,0.749979,21.931948,ok
EES0423899__X27__Y09__P015.jpg,0.905527,25.401196,ok
EES0423899__X27__Y3C__P016.jpg,0.781536,21.470900,ok
EES0423899__X2A__Y0C__P017.jpg,0.870957,22.638096,ok
EES0423899__X2A__Y45__P018.jpg,0.838210,23.457512,ok
EES0423899__X2D__Y09__P019.jpg,0.884368,24.420587,ok
EES0423899__X2D__Y0C__P020.jpg,0.884873,24.231808,ok
EES0423899__X30__Y09__P021.jpg,0.862018,22.331547,ok
EES0423899__X30__Y0C__P022.jpg,0.881322,26.869995,ok
EES0423899__X30__Y15__P023.jpg,0.700163,21.002823,ok
EES0423899__X33__Y09__P024.jpg,0.879496,24.250848,ok
EES0423899__X33__Y0C__P025.jpg,0.905401,27.148176,ok
EES0423900__X24__Y09__P001.jpg,0.944923,24.191389,ok
EES0423900__X30__Y0F__P002.jpg,0.940157,24.444925,ok
EES0423900__X36__Y0F__P003.jpg,0.940943,23.677481,ok
EES0423900__X3C__Y15__P004.jpg,0.902350,22.630319,ok
EES0423900__X06__Y2A__P005.jpg,0.837026,22.859380,ok
EES0423900__X0C__Y1B__P006.jpg,0.723047,21.306068,ok
EES0423900__X0C__Y1E__P007.jpg,0.826586,22.228311,ok
EES0423900__X0F__Y1B__P008.jpg,0.768939,22.842208,ok
EES0423900__X0F__Y2D__P009.jpg,0.861584,23.168688,ok
EES0423900__X0F__Y39__P010.jpg,0.857279,23.737268,ok
EES0423900__X12__Y1B__P011.jpg,0.812052,22.282407,ok
EES0423900__X18__Y09__P012.jpg,0.891353,22.958992,ok
EES0423900__X18__Y39__P013.jpg,0.754737,22.464515,ok
EES0423900__X1B__Y39__P014.jpg,0.805369,24.136874,ok
EES0423900__X24__Y2D__P015.jpg,0.795926,21.586506,ok
EES0423900__X2A__Y09__P016.jpg,0.852782,22.404835,ok
EES0423900__X2A__Y39__P017.jpg,0.819588,21.953590,ok
EES0423900__X2D__Y09__P018.jpg,0.941900,30.939183,ok
EES0423900__X2D__Y0F__P019.jpg,0.708309,22.271222,ok
EES0423900__X2D__Y12__P020.jpg,0.799184,23.345575,ok
EES0423900__X2D__Y1B__P021.jpg,0.816812,22.881761,ok
EES0423900__X2D__Y39__P022.jpg,0.800542,23.065871,ok
EES0423900__X30__Y1E__P023.jpg,0.762904,21.435011,ok
EES0423900__X33__Y0C__P024.jpg,0.900828,24.914705,ok
EES0423900__X42__Y24__P025.jpg,0.825074,22.020507,ok
EES0423901__X21__Y42__P001.jpg,0.893268,22.760729,ok
EES0423901__X2A__Y42__P002.jpg,0.920569,24.086005,ok
EES0423901__X2D__Y42__P003.jpg,0.899396,23.236393,ok
EES0423901__X30__Y36__P004.jpg,0.867584,22.602626,ok
EES0423901__X30__Y3C__P005.jpg,0.863604,23.391567,ok
EES0423901__X33__Y3C__P006.jpg,0.922485,27.003793,ok
EES0423901__X36__Y36__P007.jpg,0.838020,23.212288,ok
EES0423901__X36__Y39__P008.jpg,0.854503,22.743879,ok
EES0423901__X39__Y36__P009.jpg,0.903366,25.218090,ok
EES0423901__X39__Y39__P010.jpg,0.802887,22.532894,ok
EES0423901__X39__Y3C__P011.jpg,0.889868,23.599868,ok
EES0423901__X39__Y3F__P012.jpg,0.932198,25.339549,ok
EES0423901__X3C__Y3F__P013.jpg,0.955785,30.916715,ok
EES0423901__X15__Y30__P014.jpg,0.866665,23.065057,ok
EES0423901__X1E__Y30__P015.jpg,0.895199,26.410656,ok
EES0423901__X21__Y18__P016.jpg,0.869476,24.202400,ok
EES0423901__X21__Y2D__P017.jpg,0.924969,26.995177,ok
EES0423901__X21__Y30__P018.jpg,0.875467,22.651589,ok
EES0423901__X21__Y33__P019.jpg,0.864273,22.860619,ok
EES0423901__X2A__Y30__P020.jpg,0.867958,23.663557,ok
EES0423901__X2D__Y30__P021.jpg,0.905968,25.523570,ok
EES0423901__X2D__Y33__P022.jpg,0.784848,21.597919,ok
EES0423901__X30__Y3C__P023.jpg,0.830035,22.252788,ok
EES0423901__X33__Y33__P024.jpg,0.871312,22.558268,ok
EES0423901__X33__Y36__P025.jpg,0.824208,22.496985,ok
EES0423902__X27__Y1B__P001.jpg,0.914633,25.555585,ok
EES0423902__X2D__Y24__P002.jpg,0.883565,22.343654,ok
EES0423902__X33__Y2A__P003.jpg,0.895361,23.653586,ok
EES0423902__X33__Y30__P004.jpg,0.873338,23.643687,ok
EES0423902__X36__Y2A__P005.jpg,0.841422,22.126956,ok
EES0423902__X36__Y2D__P006.jpg,0.830969,22.127600,ok
EES0423902__X39__Y39__P007.jpg,0.902670,22.954482,ok
EES0423902__X3C__Y2A__P008.jpg,0.832797,22.209376,ok
EES0423902__X3F__Y24__P009.jpg,0.858397,22.751098,ok
EES0423902__X3F__Y27__P010.jpg,0.866303,22.205774,ok
EES0423902__X3F__Y2A__P011.jpg,0.900494,22.566723,ok
EES0423902__X45__Y27__P012.jpg,0.950733,30.526914,ok
EES0423902__X1E__Y2A__P013.jpg,0.892856,23.414080,ok
EES0423902__X1E__Y36__P014.jpg,0.891485,22.698235,ok
EES0423902__X21__Y0F__P015.jpg,0.897796,22.500964,ok
EES0423902__X2A__Y15__P016.jpg,0.844497,22.140925,ok
EES0423902__X2D__Y15__P017.jpg,0.851362,22.311489,ok
EES0423902__X33__Y1B__P018.jpg,0.748916,21.783287,ok
EES0423902__X36__Y1B__P019.jpg,0.803603,23.822507,ok
EES0423902__X09__Y2A__P020.jpg,0.926344,29.511868,ok
EES0423902__X09__Y2D__P021.jpg,0.947859,33.769164,ok
EES0423902__X09__Y30__P022.jpg,0.883134,28.511606,ok
EES0423902__X09__Y33__P023.jpg,0.889952,27.484445,ok
EES0423902__X0C__Y24__P024.jpg,0.901785,24.515588,ok
EES0423902__X0C__Y27__P025.jpg,0.873070,26.497251,ok
EES0423903__X0F__Y1E__P001.jpg,0.830128,22.605315,ok
EES0423903__X0F__Y21__P002.jpg,0.859403,25.373325,ok
EES0423903__X0F__Y2A__P003.jpg,0.717154,21.460533,ok
EES0423903__X0F__Y2D__P004.jpg,0.863527,22.229536,ok
EES0423903__X0F__Y30__P005.jpg,0.907243,23.845534,ok
EES0423903__X12__Y18__P006.jpg,0.805151,21.864232,ok
EES0423903__X12__Y1B__P007.jpg,0.771626,21.505246,ok
EES0423903__X12__Y2A__P008.jpg,0.827237,22.075093,ok
EES0423903__X12__Y2D__P009.jpg,0.803212,23.269612,ok
EES0423903__X21__Y1E__P010.jpg,0.767490,22.487327,ok
EES0423903__X21__Y36__P011.jpg,0.838258,23.012712,ok
EES0423903__X24__Y1E__P012.jpg,0.842202,25.117619,ok
EES0423903__X27__Y1E__P013.jpg,0.760386,22.712432,ok
EES0423903__X36__Y1B__P014.jpg,0.806342,22.319767,ok
EES0423903__X36__Y1E__P015.jpg,0.832868,23.562720,ok
EES0423903__X39__Y1E__P016.jpg,0.827843,22.338927,ok
EES0423903__X21__Y39__P017.jpg,0.910737,22.840149,ok
EES0423903__X24__Y3F__P018.jpg,0.888280,23.964031,ok
EES0423903__X27__Y33__P019.jpg,0.937649,23.822488,ok
EES0423903__X2A__Y30__P020.jpg,0.868294,22.300995,ok
EES0423903__X2D__Y33__P021.jpg,0.919651,23.776703,ok
EES0423903__X36__Y2A__P022.jpg,0.872204,23.178322,ok
EES0423903__X39__Y2A__P023.jpg,0.915759,25.529402,ok
EES0423903__X39__Y3C__P024.jpg,0.933963,23.151252,ok
EES0423903__X3C__Y2A__P025.jpg,0.923418,23.198943,ok
EES0423904__X12__Y1B__P001.jpg,0.849838,23.014339,ok
EES0423904__X1B__Y3C__P002.jpg,0.855479,23.199045,ok
EES0423904__X1E__Y3C__P003.jpg,0.914959,25.081948,ok
EES0423904__X21__Y30__P004.jpg,0.784489,21.716719,ok
EES0423904__X21__Y3F__P005.jpg,0.846586,22.446726,ok
EES0423904__X24__Y30__P006.jpg,0.677328,20.552808,ok
EES0423904__X24__Y33__P007.jpg,0.844645,24.108948,ok
EES0423904__X24__Y36__P008.jpg,0.834501,23.620251,ok
EES0423904__X24__Y3F__P009.jpg,0.856564,24.177853,ok
EES0423904__X27__Y33__P010.jpg,0.921177,23.755271,ok
EES0423904__X2A__Y2D__P011.jpg,0.886265,22.866475,ok
EES0423904__X2A__Y30__P012.jpg,0.810989,22.528765,ok
EES0423904__X3C__Y18__P013.jpg,0.850986,22.568182,ok
EES0423904__X0C__Y27__P014.jpg,0.889838,22.814204,ok
EES0423904__X0C__Y30__P015.jpg,0.989439,32.170904,ok
EES0423904__X0F__Y1B__P016.jpg,0.874046,22.519913,ok
EES0423904__X0F__Y1E__P017.jpg,0.827912,22.891188,ok
EES0423904__X0F__Y21__P018.jpg,0.823549,21.897558,ok
EES0423904__X0F__Y24__P019.jpg,0.839870,22.909691,ok
EES0423904__X12__Y12__P020.jpg,0.885009,22.790631,ok
EES0423904__X15__Y12__P021.jpg,0.849766,22.231116,ok
EES0423904__X18__Y0C__P022.jpg,0.845881,22.016371,ok
EES0423904__X18__Y12__P023.jpg,0.837300,23.204622,ok
EES0423904__X1B__Y0C__P024.jpg,0.854884,23.785021,ok
EES0423904__X1B__Y0F__P025.jpg,0.853143,22.712221,ok
EES0423905__X1E__Y09__P001.jpg,0.873913,23.968784,ok
EES0423905__X1E__Y0C__P002.jpg,0.795598,21.978292,ok
EES0423905__X21__Y0C__P003.jpg,0.844339,23.785590,ok
EES0423905__X21__Y0F__P004.jpg,0.795183,21.933068,ok
EES0423905__X21__Y12__P005.jpg,0.810649,23.050704,ok
EES0423905__X21__Y15__P006.jpg,0.820412,21.820129,ok
EES0423905__X30__Y06__P007.jpg,0.828917,22.067569,ok
EES0423905__X36__Y09__P008.jpg,0.845263,23.507492,ok
EES0423905__X39__Y09__P009.jpg,0.881192,23.166261,ok
EES0423905__X48__Y18__P010.jpg,0.874164,22.506751,ok
EES0423905__X48__Y1B__P011.jpg,0.840618,22.637296,ok
EES0423905__X48__Y27__P012.jpg,0.816607,22.620393,ok
EES0423905__X48__Y2A__P013.jpg,0.869248,23.253577,ok
EES0423905__X1E__Y09__P014.jpg,0.933136,26.721383,ok
EES0423905__X24__Y09__P015.jpg,0.926921,23.036899,ok
EES0423905__X27__Y0C__P016.jpg,0.939490,22.968445,ok
EES0423905__X09__Y24__P017.jpg,0.943357,24.530237,ok
EES0423905__X0C__Y33__P018.jpg,0.866150,23.215605,ok
EES0423905__X0F__Y2A__P019.jpg,0.861304,22.370487,ok
EES0423905__X0F__Y2D__P020.jpg,0.886435,23.844142,ok
EES0423905__X12__Y12__P021.jpg,0.925855,22.991685,ok
EES0423905__X12__Y18__P022.jpg,0.963195,24.839930,ok
EES0423905__X12__Y2D__P023.jpg,0.861793,22.862739,ok
EES0423905__X12__Y30__P024.jpg,0.883785,24.769615,ok
EES0423905__X12__Y36__P025.jpg,0.864789,22.909350,ok
EES0423906__X2D__Y15__P001.jpg,0.857834,24.263739,ok
EES0423906__X2D__Y18__P002.jpg,0.933966,27.107869,ok
EES0423906__X2D__Y1B__P003.jpg,0.900732,25.554022,ok
EES0423906__X2D__Y1E__P004.jpg,0.837665,22.811970,ok
EES0423906__X30__Y0F__P005.jpg,0.892946,22.422731,ok
EES0423906__X30__Y12__P006.jpg,0.822293,23.382905,ok
EES0423906__X30__Y18__P007.jpg,0.842073,23.206130,ok
EES0423906__X30__Y1B__P008.jpg,0.910034,24.828867,ok
EES0423906__X30__Y1E__P009.jpg,0.820319,23.217061,ok
EES0423906__X30__Y39__P010.jpg,0.898117,24.123419,ok
EES0423906__X33__Y24__P011.jpg,0.799816,22.004277,ok
EES0423906__X33__Y39__P012.jpg,0.873494,23.817929,ok
EES0423906__X36__Y24__P013.jpg,0.848016,22.257632,ok
EES0423906__X36__Y27__P014.jpg,0.853040,24.031329,ok
EES0423906__X39__Y27__P015.jpg,0.879167,24.678459,ok
EES0423906__X39__Y2A__P016.jpg,0.786859,24.149250,ok
EES0423906__X39__Y2D__P017.jpg,0.853308,23.111354,ok
EES0423906__X3C__Y2A__P018.jpg,0.804160,23.651567,ok
EES0423906__X3C__Y2D__P019.jpg,0.841647,25.171520,ok
EES0423906__X3C__Y30__P020.jpg,0.807909,22.060722,ok
EES0423906__X3F__Y2D__P021.jpg,0.883970,23.198729,ok
EES0423906__X3F__Y30__P022.jpg,0.857323,24.400961,ok
EES0423906__X3F__Y33__P023.jpg,0.888113,22.785562,ok
EES0423906__X42__Y24__P024.jpg,0.824802,22.382495,ok
EES0423906__X42__Y27__P025.jpg,0.879410,23.119421,ok
EES0423907__X0C__Y36__P001.jpg,0.880321,23.422862,ok
EES0423907__X0F__Y12__P002.jpg,0.880767,22.838749,ok
EES0423907__X0F__Y33__P003.jpg,0.827983,22.347034,ok
EES0423907__X0F__Y39__P004.jpg,0.843091,22.344108,ok
EES0423907__X15__Y3C__P005.jpg,0.822475,22.236755,ok
EES0423907__X15__Y3F__P006.jpg,0.938623,23.688074,ok
EES0423907__X18__Y3F__P007.jpg,0.876733,23.145367,ok
EES0423907__X1B__Y3F__P008.jpg,0.818141,21.885463,ok
EES0423907__X1B__Y42__P009.jpg,0.914089,26.102903,ok
EES0423907__X1E__Y06__P010.jpg,0.921100,25.009022,ok
EES0423907__X1E__Y09__P011.jpg,0.798328,22.434582,ok
EES0423907__X1E__Y42__P012.jpg,0.913281,24.057904,ok
EES0423907__X21__Y45__P013.jpg,0.863825,24.085370,ok
EES0423907__X24__Y06__P014.jpg,0.877764,23.442430,ok
EES0423907__X24__Y45__P015.jpg,0.909931,26.982296,ok
EES0423907__X27__Y03__P016.jpg,0.857235,22.339063,ok
EES0423907__X27__Y45__P017.jpg,0.858949,24.972054,ok
EES0423907__X2A__Y06__P018.jpg,0.863620,23.971687,ok
EES0423907__X2A__Y45__P019.jpg,0.792427,22.277474,ok
EES0423907__X2D__Y06__P020.jpg,0.908917,24.346664,ok
EES0423907__X30__Y09__P021.jpg,0.859567,23.327331,ok
EES0423907__X30__Y45__P022.jpg,0.790787,21.715385,ok
EES0423907__X33__Y09__P023.jpg,0.903389,24.920065,ok
EES0423907__X33__Y0C__P024.jpg,0.808769,23.415574,ok
EES0423907__X36__Y09__P025.jpg,0.905965,23.657836,ok
EES0423908__X0C__Y15__P001.jpg,0.775498,22.186785,ok
EES0423908__X0C__Y18__P002.jpg,0.845516,23.188668,ok
EES0423908__X0C__Y1B__P003.jpg,0.782263,22.659804,ok
EES0423908__X0C__Y1E__P004.jpg,0.802812,21.646699,ok
EES0423908__X0C__Y21__P005.jpg,0.778804,21.883033,ok
EES0423908__X0C__Y30__P006.jpg,0.828986,22.184924,ok
EES0423908__X0C__Y33__P007.jpg,0.840471,24.658121,ok
EES0423908__X0F__Y0C__P008.jpg,0.913445,24.925798,ok
EES0423908__X0F__Y0F__P009.jpg,0.820648,21.906238,ok
EES0423908__X0F__Y12__P010.jpg,0.841450,23.023162,ok
EES0423908__X0F__Y15__P011.jpg,0.878025,22.982032,ok
EES0423908__X0F__Y18__P012.jpg,0.816863,22.451870,ok
EES0423908__X0F__Y1B__P013.jpg,0.830797,22.980818,ok
EES0423908__X0F__Y1E__P014.jpg,0.802504,22.332559,ok
EES0423908__X12__Y0C__P015.jpg,0.916479,23.554401,ok
EES0423908__X12__Y0F__P016.jpg,0.920608,24.325714,ok
EES0423908__X12__Y12__P017.jpg,0.823719,22.227312,ok
EES0423908__X12__Y15__P018.jpg,0.822257,23.045446,ok
EES0423908__X15__Y09__P019.jpg,0.920452,23.750278,ok
EES0423908__X15__Y0C__P020.jpg,0.879599,24.957797,ok
EES0423908__X15__Y0F__P021.jpg,0.860447,23.278095,ok
EES0423908__X18__Y09__P022.jpg,0.875161,22.705415,ok
EES0423908__X18__Y0F__P023.jpg,0.807201,22.336970,ok
EES0423908__X18__Y42__P024.jpg,0.957930,25.316612,ok
EES0423908__X1B__Y06__P025.jpg,0.970065,29.166169,ok
EES0423909__X1B__Y09__P001.jpg,0.874352,23.906877,ok
EES0423909__X1B__Y0C__P002.jpg,0.802372,22.365607,ok
EES0423909__X1B__Y0F__P003.jpg,0.873915,22.543358,ok
EES0423909__X1E__Y09__P004.jpg,0.875308,22.427563,ok
EES0423909__X24__Y06__P005.jpg,0.914092,24.769167,ok
EES0423909__X27__Y06__P006.jpg,0.887562,23.591507,ok
EES0423909__X2A__Y06__P007.jpg,0.863019,23.411228,ok
EES0423909__X2D__Y06__P008.jpg,0.920229,24.878918,ok
EES0423909__X0F__Y39__P009.jpg,0.974222,26.169604,ok
EES0423909__X18__Y30__P010.jpg,0.904040,24.145631,ok
EES0423909__X21__Y15__P011.jpg,0.882412,22.764065,ok
EES0423909__X24__Y36__P012.jpg,0.857241,24.703568,ok
EES0423909__X24__Y39__P013.jpg,0.849672,22.843330,ok
EES0423909__X27__Y0C__P014.jpg,0.781520,21.954070,ok
EES0423909__X27__Y0F__P015.jpg,0.924543,24.883284,ok
EES0423909__X27__Y36__P016.jpg,0.834937,24.920563,ok
EES0423909__X27__Y3F__P017.jpg,0.918417,24.756189,ok
EES0423909__X2A__Y12__P018.jpg,0.847508,22.190957,ok
EES0423909__X2A__Y18__P019.jpg,0.869832,23.000193,ok
EES0423909__X2A__Y36__P020.jpg,0.863725,26.097904,ok
EES0423909__X2A__Y39__P021.jpg,0.837294,22.971169,ok
EES0423909__X2A__Y3C__P022.jpg,0.810399,23.798220,ok
EES0423909__X2A__Y3F__P023.jpg,0.917131,23.347911,ok
EES0423909__X2D__Y15__P024.jpg,0.815394,22.874771,ok
EES0423909__X2D__Y2A__P025.jpg,0.750607,21.546413,ok
EES0423910__X0C__Y30__P001.jpg,0.906422,26.829725,ok
EES0423910__X0F__Y18__P002.jpg,0.897139,23.515925,ok
EES0423910__X0F__Y1E__P003.jpg,0.850151,23.220213,ok
EES0423910__X0F__Y21__P004.jpg,0.867224,22.822028,ok
EES0423910__X0F__Y27__P005.jpg,0.821905,22.096972,ok
EES0423910__X0F__Y2A__P006.jpg,0.849050,22.833960,ok
EES0423910__X0F__Y2D__P007.jpg,0.886817,22.989428,ok
EES0423910__X0F__Y30__P008.jpg,0.943094,25.295571,ok
EES0423910__X0F__Y36__P009.jpg,0.933533,25.061127,ok
EES0423910__X12__Y2A__P010.jpg,0.829321,23.512676,ok
EES0423910__X15__Y2A__P011.jpg,0.749612,21.213878,ok
EES0423910__X1B__Y0C__P012.jpg,0.885886,22.666835,ok
EES0423910__X1B__Y0F__P013.jpg,0.855498,22.629472,ok
EES0423910__X1E__Y0C__P014.jpg,0.844598,23.697474,ok
EES0423910__X21__Y06__P015.jpg,0.907580,25.841772,ok
EES0423910__X21__Y09__P016.jpg,0.928506,25.339409,ok
EES0423910__X21__Y12__P017.jpg,0.768804,21.692653,ok
EES0423910__X21__Y3F__P018.jpg,0.844992,23.057410,ok
EES0423910__X24__Y06__P019.jpg,0.961147,26.369014,ok
EES0423910__X27__Y06__P020.jpg,0.889337,25.538178,ok
EES0423910__X2A__Y06__P021.jpg,0.870991,25.109328,ok
EES0423910__X2D__Y06__P022.jpg,0.873120,23.549085,ok
EES0423910__X2D__Y3F__P023.jpg,0.935575,24.431281,ok
EES0423910__X30__Y06__P024.jpg,0.873297,24.242948,ok
EES0423910__X30__Y09__P025.jpg,0.817168,22.598192,ok
EES0423911__X30__Y0C__P001.jpg,0.822222,23.815768,ok
EES0423911__X30__Y3F__P002.jpg,0.911806,24.281959,ok
EES0423911__X33__Y06__P003.jpg,0.940354,27.505671,ok
EES0423911__X33__Y09__P004.jpg,0.801211,21.970053,ok
EES0423911__X33__Y0C__P005.jpg,0.834278,24.323087,ok
EES0423911__X33__Y0F__P006.jpg,0.749869,21.318812,ok
EES0423911__X33__Y39__P007.jpg,0.786114,21.670901,ok
EES0423911__X36__Y06__P008.jpg,0.900775,23.665760,ok
EES0423911__X36__Y09__P009.jpg,0.849374,25.376756,ok
EES0423911__X36__Y0C__P010.jpg,0.880453,25.206087,ok
EES0423911__X36__Y0F__P011.jpg,0.800939,23.179266,ok
EES0423911__X36__Y39__P012.jpg,0.820692,23.634988,ok
EES0423911__X36__Y3C__P013.jpg,0.916289,22.895954,ok
EES0423911__X39__Y09__P014.jpg,0.784242,21.764138,ok
EES0423911__X39__Y0C__P015.jpg,0.821320,23.430254,ok
EES0423911__X3C__Y09__P016.jpg,0.979693,25.541574,ok
EES0423911__X45__Y1E__P017.jpg,0.920875,24.387879,ok
EES0423911__X09__Y15__P018.jpg,0.949343,25.691938,ok
EES0423911__X09__Y18__P019.jpg,0.863285,23.717441,ok
EES0423911__X09__Y1B__P020.jpg,0.899724,23.767416,ok
EES0423911__X09__Y1E__P021.jpg,0.889547,23.355930,ok
EES0423911__X09__Y21__P022.jpg,0.894759,24.254602,ok
EES0423911__X09__Y24__P023.jpg,0.855739,22.219545,ok
EES0423911__X12__Y33__P024.jpg,0.861347,22.366413,ok
EES0423911__X1E__Y3C__P025.jpg,0.868145,23.061881,ok
EES0423912__X33__Y3F__P001.jpg,0.861205,23.599663,ok
EES0423912__X45__Y1B__P002.jpg,0.878646,23.869891,ok
EES0423912__X18__Y24__P003.jpg,0.938921,24.760212,ok
EES0423912__X18__Y27__P004.jpg,0.852455,22.319333,ok
EES0423912__X18__Y2A__P005.jpg,0.936716,23.192253,ok
EES0423912__X18__Y39__P006.jpg,0.808611,22.115859,ok
EES0423912__X1B__Y1E__P007.jpg,0.920324,24.289332,ok
EES0423912__X1B__Y21__P008.jpg,0.932255,24.574017,ok
EES0423912__X1B__Y24__P009.jpg,0.838292,23.124123,ok
EES0423912__X1B__Y27__P010.jpg,0.872409,23.212801,ok
EES0423912__X1B__Y2A__P011.jpg,0.885561,23.537935,ok
EES0423912__X1B__Y2D__P012.jpg,0.821578,21.904809,ok
EES0423912__X1B__Y39__P013.jpg,0.850080,22.801056,ok
EES0423912__X1E__Y1E__P014.jpg,0.847016,23.519265,ok
EES0423912__X1E__Y21__P015.jpg,0.890370,24.601438,ok
EES0423912__X1E__Y27__P016.jpg,0.846372,23.255405,ok
EES0423912__X1E__Y2A__P017.jpg,0.841295,23.970217,ok
EES0423912__X1E__Y2D__P018.jpg,0.882677,22.948593,ok
EES0423912__X21__Y1B__P019.jpg,0.820768,21.792448,ok
EES0423912__X21__Y1E__P020.jpg,0.831660,23.472265,ok
EES0423912__X21__Y21__P021.jpg,0.866383,22.390831,ok
EES0423912__X21__Y2A__P022.jpg,0.850103,22.270617,ok
EES0423912__X24__Y39__P023.jpg,0.886101,22.586589,ok
EES0423912__X27__Y39__P024.jpg,0.830230,22.463660,ok
EES0423912__X2A__Y3C__P025.jpg,0.893265,24.751062,ok
EES0423913__X0C__Y36__P001.jpg,0.925258,24.152829,ok
EES0423913__X0F__Y30__P002.jpg,0.912059,23.776371,ok
EES0423913__X0F__Y33__P003.jpg,0.823569,22.535287,ok
EES0423913__X0F__Y36__P004.jpg,0.940601,26.829229,ok
EES0423913__X0F__Y39__P005.jpg,0.881016,25.224450,ok
EES0423913__X12__Y33__P006.jpg,0.779129,22.298042,ok
EES0423913__X12__Y36__P007.jpg,0.736540,21.366439,ok
EES0423913__X12__Y39__P008.jpg,0.863944,25.562574,ok
EES0423913__X12__Y3C__P009.jpg,0.879609,23.186490,ok
EES0423913__X15__Y0C__P010.jpg,0.867765,22.234849,ok
EES0423913__X15__Y36__P011.jpg,0.760113,21.927366,ok
EES0423913__X15__Y39__P012.jpg,0.864135,23.267744,ok
EES0423913__X15__Y3C__P013.jpg,0.891407,25.758128,ok
EES0423913__X15__Y3F__P014.jpg,0.975882,25.454782,ok
EES0423913__X18__Y09__P015.jpg,0.830461,22.300969,ok
EES0423913__X18__Y39__P016.jpg,0.789359,22.428114,ok
EES0423913__X18__Y3F__P017.jpg,0.798430,22.459256,ok
EES0423913__X1B__Y06__P018.jpg,0.967266,28.402814,ok
EES0423913__X1B__Y09__P019.jpg,0.846566,23.114729,ok
EES0423913__X1B__Y39__P020.jpg,0.768045,23.179707,ok
EES0423913__X1B__Y3C__P021.jpg,0.831738,23.534580,ok
EES0423913__X1B__Y3F__P022.jpg,0.825341,23.445699,ok
EES0423913__X1B__Y42__P023.jpg,0.878832,24.785015,ok
EES0423913__X1E__Y3F__P024.jpg,0.756984,22.242683,ok
EES0423913__X1E__Y42__P025.jpg,0.933661,30.048466,ok
EES0423914__X45__Y1B__P001.jpg,0.871188,23.477506,ok
EES0423914__X0C__Y21__P002.jpg,0.942770,26.033765,ok
EES0423914__X0F__Y1B__P003.jpg,0.812489,22.358782,ok
EES0423914__X0F__Y1E__P004.jpg,0.915809,24.224244,ok
EES0423914__X0F__Y21__P005.jpg,0.891123,25.202074,ok
EES0423914__X0F__Y24__P006.jpg,0.850620,23.549284,ok
EES0423914__X0F__Y27__P007.jpg,0.807872,21.745615,ok
EES0423914__X12__Y15__P008.jpg,0.943402,25.497496,ok
EES0423914__X12__Y1B__P009.jpg,0.832375,24.255013,ok
EES0423914__X12__Y1E__P010.jpg,0.829886,22.609329,ok
EES0423914__X12__Y27__P011.jpg,0.789535,21.633203,ok
EES0423914__X12__Y2D__P012.jpg,0.821411,22.061786,ok
EES0423914__X15__Y0F__P013.jpg,0.882569,22.748618,ok
EES0423914__X15__Y12__P014.jpg,0.864153,23.719292,ok
EES0423914__X15__Y15__P015.jpg,0.848336,23.506125,ok
EES0423914__X18__Y0F__P016.jpg,0.878488,23.374908,ok
EES0423914__X18__Y12__P017.jpg,0.858877,24.162904,ok
EES0423914__X1B__Y0F__P018.jpg,0.844455,22.596913,ok
EES0423914__X1E__Y06__P019.jpg,0.944790,25.626063,ok
EES0423914__X1E__Y09__P020.jpg,0.848987,23.597152,ok
EES0423914__X1E__Y0C__P021.jpg,0.824304,23.223649,ok
EES0423914__X21__Y06__P022.jpg,0.878912,24.749608,ok
EES0423914__X21__Y09__P023.jpg,0.847082,23.033809,ok
EES0423914__X24__Y06__P024.jpg,0.897306,25.011122,ok
EES0423914__X24__Y09__P025.jpg,0.845033,22.303945,ok
EES0423915__X2A__Y06__P001.jpg,0.862802,23.112180,ok
EES0423915__X33__Y06__P002.jpg,0.879556,24.175456,ok
EES0423915__X36__Y06__P003.jpg,0.860404,23.573131,ok
EES0423915__X3C__Y3C__P004.jpg,0.980506,26.415730,ok
EES0423915__X48__Y18__P005.jpg,0.946805,26.002139,ok
EES0423915__X48__Y1B__P006.jpg,0.844962,21.993603,ok
EES0423915__X48__Y27__P007.jpg,0.897803,24.399453,ok
EES0423915__X48__Y2A__P008.jpg,0.884635,24.523259,ok
EES0423915__X48__Y2D__P009.jpg,0.998180,35.049056,ok
EES0423915__X0F__Y30__P010.jpg,0.854079,25.349694,ok
EES0423915__X0F__Y33__P011.jpg,0.898455,24.638745,ok
EES0423915__X21__Y3C__P012.jpg,0.903076,23.010874,ok
EES0423915__X24__Y39__P013.jpg,0.790230,22.894820,ok
EES0423915__X2D__Y39__P014.jpg,0.830702,22.496482,ok
EES0423915__X2D__Y3C__P015.jpg,0.803347,21.779653,ok
EES0423915__X30__Y06__P016.jpg,0.907757,23.046869,ok
EES0423915__X30__Y36__P017.jpg,0.799705,22.502418,ok
EES0423915__X33__Y36__P018.jpg,0.837026,23.344529,ok
EES0423915__X36__Y33__P019.jpg,0.806702,21.734109,ok
EES0423915__X36__Y36__P020.jpg,0.782723,21.758956,ok
EES0423915__X39__Y33__P021.jpg,0.794418,22.886712,ok
EES0423915__X39__Y36__P022.jpg,0.824923,22.150088,ok
EES0423915__X0C__Y21__P023.jpg,0.854916,22.101746,ok
EES0423915__X0C__Y24__P024.jpg,0.917511,24.580450,ok
EES0423915__X0C__Y27__P025.jpg,0.910136,23.431639,ok
EES0423916__X3C__Y21__P001.jpg,0.895153,24.102548,ok
EES0423916__X3C__Y24__P002.jpg,0.837200,24.161314,ok
EES0423916__X3C__Y2A__P003.jpg,0.922830,24.312268,ok
EES0423916__X3C__Y30__P004.jpg,0.919685,23.918734,ok
EES0423916__X3C__Y3C__P005.jpg,0.945725,23.420758,ok
EES0423916__X3C__Y3F__P006.jpg,0.924951,25.495720,ok
EES0423916__X09__Y24__P007.jpg,0.903078,24.772013,ok
EES0423916__X09__Y27__P008.jpg,0.924870,25.185532,ok
EES0423916__X0C__Y27__P009.jpg,0.791738,22.286706,ok
EES0423916__X0C__Y30__P010.jpg,0.868888,23.128340,ok
EES0423916__X0F__Y2D__P011.jpg,0.799453,22.443927,ok
EES0423916__X0F__Y30__P012.jpg,0.892501,23.801219,ok
EES0423916__X0F__Y36__P013.jpg,0.906711,22.580771,ok
EES0423916__X15__Y33__P014.jpg,0.791372,21.686468,ok
EES0423916__X15__Y39__P015.jpg,0.842214,22.174191,ok
EES0423916__X15__Y3C__P016.jpg,0.889033,24.379761,ok
EES0423916__X18__Y36__P017.jpg,0.848105,22.849151,ok
EES0423916__X18__Y39__P018.jpg,0.769981,21.468221,ok
EES0423916__X1B__Y06__P019.jpg,0.831602,22.419717,ok
EES0423916__X1B__Y3F__P020.jpg,0.891047,24.716160,ok
EES0423916__X1E__Y3C__P021.jpg,0.824117,23.320585,ok
EES0423916__X1E__Y3F__P022.jpg,0.917896,24.741540,ok
EES0423916__X21__Y42__P023.jpg,0.963744,26.376023,ok
EES0423916__X24__Y3F__P024.jpg,0.915734,26.309475,ok
EES0423916__X24__Y42__P025.jpg,0.946692,27.151393,ok
EES0423917__X27__Y39__P001.jpg,0.834845,23.096731,ok
EES0423917__X2A__Y0F__P002.jpg,0.807528,23.110627,ok
EES0423917__X2A__Y24__P003.jpg,0.850778,23.099715,ok
EES0423917__X2A__Y27__P004.jpg,0.845811,22.507047,ok
EES0423917__X2A__Y30__P005.jpg,0.848273,22.516027,ok
EES0423917__X2A__Y33__P006.jpg,0.913487,22.696260,ok
EES0423917__X2D__Y0F__P007.jpg,0.795205,23.536260,ok
EES0423917__X2D__Y24__P008.jpg,0.878624,27.317567,ok
EES0423917__X2D__Y27__P009.jpg,0.894188,26.063647,ok
EES0423917__X2D__Y33__P010.jpg,0.916392,23.985084,ok
EES0423917__X30__Y3F__P011.jpg,0.796108,21.801808,ok
EES0423917__X33__Y0F__P012.jpg,0.857911,22.514052,ok
EES0423917__X33__Y12__P013.jpg,0.911336,23.291484,ok
EES0423917__X33__Y24__P014.jpg,0.850328,22.084644,ok
EES0423917__X33__Y27__P015.jpg,0.913422,24.745727,ok
EES0423917__X33__Y36__P016.jpg,0.808319,22.446895,ok
EES0423917__X33__Y3F__P017.jpg,0.852263,22.947808,ok
EES0423917__X36__Y0F__P018.jpg,0.843999,25.897598,ok
EES0423917__X36__Y12__P019.jpg,0.803919,23.054633,ok
EES0423917__X36__Y18__P020.jpg,0.837566,22.266890,ok
EES0423917__X36__Y1B__P021.jpg,0.795160,21.717420,ok
EES0423917__X36__Y24__P022.jpg,0.862922,22.350557,ok
EES0423917__X36__Y27__P023.jpg,0.871459,22.544965,ok
EES0423917__X36__Y33__P024.jpg,0.879001,22.831434,ok
EES0423917__X36__Y39__P025.jpg,0.877572,23.371393,ok
EES0423918__X18__Y24__P001.jpg,0.845861,22.816794,ok
EES0423918__X18__Y27__P002.jpg,0.894694,25.186680,ok
EES0423918__X1B__Y0C__P003.jpg,0.865811,23.457169,ok
EES0423918__X1B__Y18__P004.jpg,0.847401,23.074374,ok
EES0423918__X1B__Y1B__P005.jpg,0.903887,26.188829,ok
EES0423918__X1B__Y36__P006.jpg,0.910872,26.082331,ok
EES0423918__X1E__Y0C__P007.jpg,0.826775,24.194039,ok
EES0423918__X1E__Y12__P008.jpg,0.889714,25.459457,ok
EES0423918__X1E__Y15__P009.jpg,0.865390,23.763226,ok
EES0423918__X1E__Y30__P010.jpg,0.880101,24.908530,ok
EES0423918__X1E__Y36__P011.jpg,0.851188,24.219597,ok
EES0423918__X1E__Y3F__P012.jpg,0.899023,27.438907,ok
EES0423918__X21__Y09__P013.jpg,0.887669,25.970113,ok
EES0423918__X21__Y0C__P014.jpg,0.891990,25.368176,ok
EES0423918__X21__Y15__P015.jpg,0.873018,24.700716,ok
EES0423918__X21__Y1E__P016.jpg,0.892013,24.388340,ok
EES0423918__X21__Y30__P017.jpg,0.828311,22.463894,ok
EES0423918__X21__Y33__P018.jpg,0.822196,23.290106,ok
EES0423918__X21__Y3C__P019.jpg,0.906489,25.068237,ok
EES0423918__X24__Y0C__P020.jpg,0.863488,23.903380,ok
EES0423918__X24__Y2D__P021.jpg,0.841253,24.593417,ok
EES0423918__X24__Y33__P022.jpg,0.896814,26.124779,ok
EES0423918__X24__Y36__P023.jpg,0.888645,24.525494,ok
EES0423918__X24__Y3C__P024.jpg,0.937676,27.280400,ok
EES0423918__X27__Y09__P025.jpg,0.871239,25.626300,ok
EES0423919__X27__Y15__P001.jpg,0.856155,23.870822,ok
EES0423919__X27__Y18__P002.jpg,0.865947,22.897027,ok
EES0423919__X27__Y1B__P003.jpg,0.884366,25.680434,ok
EES0423919__X27__Y21__P004.jpg,0.867452,24.476766,ok
EES0423919__X27__Y33__P005.jpg,0.891353,24.033995,ok
EES0423919__X27__Y39__P006.jpg,0.868706,25.484765,ok
EES0423919__X2A__Y1E__P007.jpg,0.854121,25.326552,ok
EES0423919__X2A__Y21__P008.jpg,0.936952,28.391611,ok
EES0423919__X2A__Y27__P009.jpg,0.843891,22.067257,ok
EES0423919__X2A__Y36__P010.jpg,0.909091,26.442518,ok
EES0423919__X2A__Y39__P011.jpg,0.879820,25.078085,ok
EES0423919__X2A__Y3C__P012.jpg,0.885547,25.693036,ok
EES0423919__X2D__Y1E__P013.jpg,0.906843,25.434421,ok
EES0423919__X2D__Y36__P014.jpg,0.938824,27.042354,ok
EES0423919__X30__Y0C__P015.jpg,0.866017,24.154827,ok
EES0423919__X30__Y1B__P016.jpg,0.873270,23.878939,ok
EES0423919__X30__Y21__P017.jpg,0.797576,24.848718,ok
EES0423919__X30__Y24__P018.jpg,0.820772,22.359389,ok
EES0423919__X30__Y36__P019.jpg,0.970265,29.449866,ok
EES0423919__X30__Y3C__P020.jpg,0.837110,22.075965,ok
EES0423919__X33__Y0C__P021.jpg,0.903700,24.373958,ok
EES0423919__X33__Y0F__P022.jpg,0.909529,25.396838,ok
EES0423919__X33__Y18__P023.jpg,0.860540,25.099530,ok
EES0423919__X33__Y1E__P024.jpg,0.912692,25.473892,ok
EES0423919__X33__Y21__P025.jpg,0.825909,24.536751,ok
EES0423920__X09__Y21__P001.jpg,0.804324,22.945226,ok
EES0423920__X09__Y27__P002.jpg,0.853544,23.023488,ok
EES0423920__X09__Y2A__P003.jpg,0.902102,24.440282,ok
EES0423920__X0C__Y27__P004.jpg,0.832270,23.857879,ok
EES0423920__X0C__Y2D__P005.jpg,0.925583,27.046288,ok
EES0423920__X0C__Y30__P006.jpg,0.790086,22.343380,ok
EES0423920__X0F__Y30__P007.jpg,0.891587,25.092258,ok
EES0423920__X0F__Y33__P008.jpg,0.848294,22.100518,ok
EES0423920__X0F__Y36__P009.jpg,0.928693,26.584467,ok
EES0423920__X12__Y36__P010.jpg,0.896260,25.099625,ok
EES0423920__X12__Y39__P011.jpg,0.934136,23.445726,ok
EES0423920__X15__Y39__P012.jpg,0.849970,22.661610,ok
EES0423920__X15__Y3C__P013.jpg,0.849862,22.182717,ok
EES0423920__X18__Y39__P014.jpg,0.849471,22.545136,ok
EES0423920__X18__Y3C__P015.jpg,0.890564,25.227551,ok
EES0423920__X1B__Y06__P016.jpg,0.936082,26.544896,ok
EES0423920__X1B__Y36__P017.jpg,0.794300,21.975467,ok
EES0423920__X1B__Y3F__P018.jpg,0.874267,22.415889,ok
EES0423920__X1E__Y06__P019.jpg,0.831459,22.819943,ok
EES0423920__X1E__Y3F__P020.jpg,0.881868,26.332088,ok
EES0423920__X21__Y06__P021.jpg,0.871256,23.670598,ok
EES0423920__X21__Y3F__P022.jpg,0.841712,23.868971,ok
EES0423920__X24__Y3C__P023.jpg,0.798741,21.927614,ok
EES0423920__X24__Y3F__P024.jpg,0.821411,22.385744,ok
EES0423920__X27__Y3C__P025.jpg,0.802891,21.682814,ok
EES0423921__X15__Y33__P001.jpg,0.859360,23.836271,ok
EES0423921__X15__Y36__P002.jpg,0.840161,22.370928,ok
EES0423921__X18__Y09__P003.jpg,0.861785,23.602633,ok
EES0423921__X18__Y33__P004.jpg,0.887919,25.700054,ok
EES0423921__X1B__Y09__P005.jpg,0.795413,22.968530,ok
EES0423921__X1B__Y33__P006.jpg,0.806038,23.583563,ok
EES0423921__X1B__Y3F__P007.jpg,0.887772,24.207242,ok
EES0423921__X1E__Y09__P008.jpg,0.784311,23.016283,ok
EES0423921__X1E__Y3C__P009.jpg,0.820001,22.337502,ok
EES0423921__X1E__Y3F__P010.jpg,0.873378,22.956674,ok
EES0423921__X21__Y30__P011.jpg,0.851463,22.818058,ok
EES0423921__X21__Y3C__P012.jpg,0.811573,22.570508,ok
EES0423921__X24__Y06__P013.jpg,0.850552,22.722702,ok
EES0423921__X27__Y06__P014.jpg,0.899804,25.286419,ok
EES0423921__X2A__Y06__P015.jpg,0.868604,23.822047,ok
EES0423921__X2A__Y3C__P016.jpg,0.849427,23.429957,ok
EES0423921__X2A__Y42__P017.jpg,0.853787,23.809594,ok
EES0423921__X2D__Y3C__P018.jpg,0.854379,22.789970,ok
EES0423921__X2D__Y3F__P019.jpg,0.939111,28.835800,ok
EES0423921__X30__Y3F__P020.jpg,0.765850,21.797360,ok
EES0423921__X33__Y09__P021.jpg,0.840789,22.052357,ok
EES0423921__X39__Y30__P022.jpg,0.837034,22.853484,ok
EES0423921__X42__Y15__P023.jpg,0.888948,22.617885,ok
EES0423921__X09__Y1B__P024.jpg,0.966666,28.892735,ok
EES0423921__X09__Y2D__P025.jpg,0.940706,24.611316,ok
EES0423922__X12__Y1B__P001.jpg,0.925069,25.633857,ok
EES0423922__X12__Y2A__P002.jpg,0.844742,22.293136,ok
EES0423922__X12__Y2D__P003.jpg,0.859887,23.067740,ok
EES0423922__X12__Y36__P004.jpg,0.858909,23.152181,ok
EES0423922__X12__Y39__P005.jpg,0.921486,28.553546,ok
EES0423922__X12__Y3C__P006.jpg,0.980940,28.309848,ok
EES0423922__X15__Y15__P007.jpg,0.846681,24.194140,ok
EES0423922__X15__Y18__P008.jpg,0.875675,22.444415,ok
EES0423922__X15__Y1E__P009.jpg,0.798145,22.334228,ok
EES0423922__X15__Y39__P010.jpg,0.934924,26.918020,ok
EES0423922__X15__Y3C__P011.jpg,0.835531,24.119897,ok
EES0423922__X18__Y0F__P012.jpg,0.842614,22.208519,ok
EES0423922__X18__Y12__P013.jpg,0.854747,25.201708,ok
EES0423922__X18__Y15__P014.jpg,0.860250,25.863123,ok
EES0423922__X18__Y18__P015.jpg,0.864665,25.125139,ok
EES0423922__X18__Y1E__P016.jpg,0.807239,22.832455,ok
EES0423922__X18__Y3F__P017.jpg,0.828441,23.422437,ok
EES0423922__X1B__Y0C__P018.jpg,0.891704,25.172542,ok
EES0423922__X1B__Y0F__P019.jpg,0.947174,27.152940,ok
EES0423922__X1B__Y12__P020.jpg,0.923387,25.723518,ok
EES0423922__X1B__Y15__P021.jpg,0.820010,22.262061,ok
EES0423922__X1B__Y42__P022.jpg,0.991805,32.906255,ok
EES0423922__X1E__Y09__P023.jpg,0.838050,22.361124,ok
EES0423922__X1E__Y0C__P024.jpg,0.877130,26.662469,ok
EES0423922__X1E__Y0F__P025.jpg,0.907110,25.998135,ok
EES0423923__X1E__Y1E__P001.jpg,0.837897,22.638874,ok
EES0423923__X1E__Y24__P002.jpg,0.831109,23.305548,ok
EES0423923__X1E__Y27__P003.jpg,0.894331,27.855997,ok
EES0423923__X1E__Y2A__P004.jpg,0.863604,22.943595,ok
EES0423923__X1E__Y30__P005.jpg,0.941908,24.442102,ok
EES0423923__X1E__Y36__P006.jpg,0.925599,23.626334,ok
EES0423923__X21__Y09__P007.jpg,0.915316,25.902820,ok
EES0423923__X21__Y0C__P008.jpg,0.905422,27.618413,ok
EES0423923__X21__Y0F__P009.jpg,0.890341,25.003555,ok
EES0423923__X21__Y15__P010.jpg,0.845597,23.505326,ok
EES0423923__X21__Y27__P011.jpg,0.914191,27.140448,ok
EES0423923__X24__Y06__P012.jpg,0.879205,25.791646,ok
EES0423923__X24__Y0C__P013.jpg,0.868544,24.341234,ok
EES0423923__X24__Y0F__P014.jpg,0.823981,23.008192,ok
EES0423923__X24__Y12__P015.jpg,0.872597,24.118278,ok
EES0423923__X24__Y1E__P016.jpg,0.880762,25.759519,ok
EES0423923__X24__Y33__P017.jpg,0.876013,23.496420,ok
EES0423923__X27__Y0C__P018.jpg,0.903618,28.273574,ok
EES0423923__X27__Y15__P019.jpg,0.830182,22.148472,ok
EES0423923__X27__Y2D__P020.jpg,0.870621,24.252107,ok
EES0423923__X27__Y36__P021.jpg,0.932808,24.826965,ok
EES0423923__X2A__Y0F__P022.jpg,0.860386,22.860468,ok
EES0423923__X2A__Y1B__P023.jpg,0.757709,21.620782,ok
EES0423923__X2A__Y3C__P024.jpg,0.894943,25.812424,ok
EES0423923__X2D__Y0C__P025.jpg,0.911434,25.030639,ok
EES0423924__X33__Y09__P001.jpg,0.728020,22.575784,ok
EES0423924__X36__Y06__P002.jpg,0.924133,24.111213,ok
EES0423924__X36__Y3C__P003.jpg,0.870299,25.211184,ok
EES0423924__X36__Y3F__P004.jpg,0.857092,22.418107,ok
EES0423924__X39__Y09__P005.jpg,0.904848,23.194341,ok
EES0423924__X3C__Y36__P006.jpg,0.909457,25.234441,ok
EES0423924__X3F__Y30__P007.jpg,0.744726,21.237251,ok
EES0423924__X3F__Y36__P008.jpg,0.925090,23.664037,ok
EES0423924__X42__Y18__P009.jpg,0.930504,25.472734,ok
EES0423924__X42__Y1B__P010.jpg,0.780421,22.330224,ok
EES0423924__X42__Y27__P011.jpg,0.771684,21.837723,ok
EES0423924__X42__Y2D__P012.jpg,0.818365,22.415636,ok
EES0423924__X42__Y30__P013.jpg,0.951930,28.216847,ok
EES0423924__X45__Y1E__P014.jpg,0.945163,25.618279,ok
EES0423924__X45__Y21__P015.jpg,0.952369,26.142546,ok
EES0423924__X45__Y2D__P016.jpg,0.953595,26.510649,ok
EES0423924__X45__Y30__P017.jpg,0.994352,33.907951,ok
EES0423924__X0C__Y18__P018.jpg,0.906968,25.359725,ok
EES0423924__X0C__Y30__P019.jpg,0.883854,27.145164,ok
EES0423924__X0F__Y18__P020.jpg,0.816512,23.090185,ok
EES0423924__X0F__Y30__P021.jpg,0.901147,26.562400,ok
EES0423924__X0F__Y33__P022.jpg,0.837332,22.572380,ok
EES0423924__X0F__Y36__P023.jpg,0.887428,25.194585,ok
EES0423924__X12__Y15__P024.jpg,0.873081,24.209993,ok
EES0423924__X12__Y18__P025.jpg,0.826008,23.776024,ok
EES0423925__X12__Y30__P001.jpg,0.828012,23.279684,ok
EES0423925__X12__Y33__P002.jpg,0.834162,22.538901,ok
EES0423925__X12__Y36__P003.jpg,0.885247,26.122346,ok
EES0423925__X15__Y0F__P004.jpg,0.856819,23.056454,ok
EES0423925__X15__Y12__P005.jpg,0.906687,24.145927,ok
EES0423925__X15__Y18__P006.jpg,0.854928,24.145790,ok
EES0423925__X15__Y30__P007.jpg,0.787899,22.142445,ok
EES0423925__X15__Y36__P008.jpg,0.772164,22.585478,ok
EES0423925__X15__Y39__P009.jpg,0.852713,23.696852,ok
EES0423925__X18__Y0C__P010.jpg,0.868257,23.642645,ok
EES0423925__X18__Y0F__P011.jpg,0.880850,23.543163,ok
EES0423925__X18__Y18__P012.jpg,0.825647,23.466143,ok
EES0423925__X18__Y1B__P013.jpg,0.913341,24.153445,ok
EES0423925__X18__Y2A__P014.jpg,0.835221,22.439449,ok
EES0423925__X18__Y36__P015.jpg,0.747229,21.934497,ok
EES0423925__X18__Y39__P016.jpg,0.817676,22.670779,ok
EES0423925__X1B__Y0C__P017.jpg,0.891266,26.031161,ok
EES0423925__X1B__Y0F__P018.jpg,0.819794,21.841385,ok
EES0423925__X1B__Y18__P019.jpg,0.819715,24.236309,ok
EES0423925__X1E__Y09__P020.jpg,0.840934,24.158119,ok
EES0423925__X1E__Y0C__P021.jpg,0.857865,22.430400,ok
EES0423925__X1E__Y0F__P022.jpg,0.839345,22.550599,ok
EES0423925__X1E__Y12__P023.jpg,0.882286,24.424682,ok
EES0423925__X1E__Y15__P024.jpg,0.840048,24.500924,ok
EES0423925__X1E__Y18__P025.jpg,0.893650,26.160705,ok
EES0423926__X36__Y0C__P001.jpg,0.781346,21.624858,ok
EES0423926__X36__Y3F__P002.jpg,0.809880,23.814952,ok
EES0423926__X39__Y0C__P003.jpg,0.920752,26.037860,ok
EES0423926__X39__Y3C__P004.jpg,0.826717,23.120620,ok
EES0423926__X3C__Y0F__P005.jpg,0.974119,28.147401,ok
EES0423926__X3C__Y39__P006.jpg,0.843042,23.591977,ok
EES0423926__X3F__Y15__P007.jpg,0.779640,22.637025,ok
EES0423926__X3F__Y36__P008.jpg,0.901070,23.944973,ok
EES0423926__X42__Y18__P009.jpg,0.951994,28.233593,ok
EES0423926__X42__Y1B__P010.jpg,0.880638,26.186340,ok
EES0423926__X42__Y2D__P011.jpg,0.819208,25.033726,ok
EES0423926__X42__Y30__P012.jpg,0.917624,26.146472,ok
EES0423926__X09__Y1E__P013.jpg,0.915047,25.526313,ok
EES0423926__X09__Y24__P014.jpg,0.950866,27.464748,ok
EES0423926__X09__Y27__P015.jpg,0.941249,28.084020,ok
EES0423926__X0C__Y18__P016.jpg,0.952644,27.734796,ok
EES0423926__X0C__Y1B__P017.jpg,0.835679,22.218599,ok
EES0423926__X0C__Y21__P018.jpg,0.812037,21.984335,ok
EES0423926__X0C__Y2D__P019.jpg,0.856174,24.067003,ok
EES0423926__X0C__Y33__P020.jpg,0.959191,28.550427,ok
EES0423926__X0F__Y2D__P021.jpg,0.834352,22.289327,ok
EES0423926__X0F__Y33__P022.jpg,0.849701,22.759843,ok
EES0423926__X0F__Y36__P023.jpg,0.916823,26.640056,ok
EES0423926__X12__Y0F__P024.jpg,0.839128,22.316660,ok
EES0423926__X12__Y36__P025.jpg,0.880629,23.597051,ok
EES0423927__X48__Y15__P001.jpg,0.933974,26.493230,ok
EES0423927__X48__Y18__P002.jpg,0.849078,22.975409,ok
EES0423927__X48__Y30__P003.jpg,0.923882,26.366541,ok
EES0423927__X48__Y33__P004.jpg,0.920766,26.653497,ok
EES0423927__X48__Y36__P005.jpg,0.999007,33.412894,ok
EES0423927__X0C__Y1B__P006.jpg,0.886051,24.604700,ok
EES0423927__X0C__Y1E__P007.jpg,0.855532,23.237049,ok
EES0423927__X0C__Y21__P008.jpg,0.893466,25.633408,ok
EES0423927__X0C__Y24__P009.jpg,0.922567,26.401278,ok
EES0423927__X0C__Y27__P010.jpg,0.882237,23.747934,ok
EES0423927__X0C__Y2A__P011.jpg,0.843158,23.517825,ok
EES0423927__X0F__Y1B__P012.jpg,0.896453,26.041841,ok
EES0423927__X0F__Y21__P013.jpg,0.834906,23.520010,ok
EES0423927__X0F__Y24__P014.jpg,0.846157,23.638234,ok
EES0423927__X0F__Y2D__P015.jpg,0.825464,22.244204,ok
EES0423927__X12__Y12__P016.jpg,0.920150,25.432122,ok
EES0423927__X12__Y15__P017.jpg,0.855491,23.698720,ok
EES0423927__X12__Y18__P018.jpg,0.857447,22.885072,ok
EES0423927__X12__Y1B__P019.jpg,0.903486,25.928614,ok
EES0423927__X12__Y1E__P020.jpg,0.835863,23.611402,ok
EES0423927__X12__Y21__P021.jpg,0.827935,22.850875,ok
EES0423927__X15__Y0F__P022.jpg,0.923584,25.452075,ok
EES0423927__X15__Y12__P023.jpg,0.812676,22.106642,ok
EES0423927__X15__Y15__P024.jpg,0.883810,23.624853,ok
EES0423927__X15__Y18__P025.jpg,0.823871,21.891583,ok
EES0423928__X15__Y09__P001.jpg,0.913485,25.575641,ok
EES0423928__X15__Y0C__P002.jpg,0.878206,24.679747,ok
EES0423928__X15__Y1B__P003.jpg,0.826940,22.959141,ok
EES0423928__X18__Y09__P004.jpg,0.863134,22.551347,ok
EES0423928__X18__Y0C__P005.jpg,0.873018,22.937474,ok
EES0423928__X18__Y3C__P006.jpg,0.940561,26.064417,ok
EES0423928__X1B__Y06__P007.jpg,0.897567,23.636982,ok
EES0423928__X1B__Y0C__P008.jpg,0.797658,21.947052,ok
EES0423928__X1E__Y06__P009.jpg,0.882368,25.180069,ok
EES0423928__X1E__Y3F__P010.jpg,0.897955,23.325159,ok
EES0423928__X21__Y03__P011.jpg,0.899705,26.496631,ok
EES0423928__X21__Y09__P012.jpg,0.809798,21.991376,ok
EES0423928__X21__Y0C__P013.jpg,0.847893,22.228651,ok
EES0423928__X21__Y3F__P014.jpg,0.861088,23.535591,ok
EES0423928__X24__Y03__P015.jpg,0.885059,23.934973,ok
EES0423928__X24__Y06__P016.jpg,0.824646,21.968793,ok
EES0423928__X24__Y3F__P017.jpg,0.925976,25.248243,ok
EES0423928__X24__Y42__P018.jpg,0.945842,28.083843,ok
EES0423928__X27__Y03__P019.jpg,0.861090,24.225422,ok
EES0423928__X27__Y06__P020.jpg,0.895504,22.515625,ok
EES0423928__X2A__Y03__P021.jpg,0.852084,24.647210,ok
EES0423928__X2D__Y3F__P022.jpg,0.886157,22.708235,ok
EES0423928__X30__Y03__P023.jpg,0.918065,24.837706,ok
EES0423928__X30__Y3F__P024.jpg,0.820132,21.834933,ok
EES0423928__X33__Y3F__P025.jpg,0.929163,25.681560,ok
EES0423929__X24__Y30__P001.jpg,0.892066,23.156897,ok
EES0423929__X24__Y33__P002.jpg,0.850219,25.432806,ok
EES0423929__X24__Y36__P003.jpg,0.872012,22.577485,ok
EES0423929__X24__Y3C__P004.jpg,0.939080,26.581696,ok
EES0423929__X27__Y0F__P005.jpg,0.799477,21.831463,ok
EES0423929__X27__Y21__P006.jpg,0.847074,22.519914,ok
EES0423929__X27__Y33__P007.jpg,0.875724,24.699057,ok
EES0423929__X2A__Y24__P008.jpg,0.863845,24.661517,ok
EES0423929__X2A__Y27__P009.jpg,0.830916,21.983616,ok
EES0423929__X2D__Y21__P010.jpg,0.839340,22.304832,ok
EES0423929__X2D__Y27__P011.jpg,0.872873,22.565441,ok
EES0423929__X30__Y09__P012.jpg,0.844463,24.042182,ok
EES0423929__X30__Y0F__P013.jpg,0.872586,25.290905,ok
EES0423929__X30__Y15__P014.jpg,0.808445,22.884942,ok
EES0423929__X30__Y18__P015.jpg,0.885253,25.063034,ok
EES0423929__X30__Y21__P016.jpg,0.827923,22.819586,ok
EES0423929__X30__Y36__P017.jpg,0.890841,25.353626,ok
EES0423929__X30__Y39__P018.jpg,0.938568,26.996787,ok
EES0423929__X33__Y09__P019.jpg,0.865189,23.328557,ok
EES0423929__X33__Y0F__P020.jpg,0.848294,25.650121,ok
EES0423929__X33__Y12__P021.jpg,0.950388,29.257102,ok
EES0423929__X33__Y15__P022.jpg,0.902102,23.372593,ok
EES0423929__X33__Y24__P023.jpg,0.827326,22.799057,ok
EES0423929__X33__Y27__P024.jpg,0.832467,22.857701,ok
EES0423929__X36__Y09__P025.jpg,0.891625,25.926966,ok
EES0423930__X2A__Y45__P001.jpg,0.824916,21.934696,ok
EES0423930__X30__Y0C__P002.jpg,0.851774,22.156672,ok
EES0423930__X09__Y21__P003.jpg,0.961619,27.876242,ok
EES0423930__X0C__Y18__P004.jpg,0.919300,26.083311,ok
EES0423930__X0C__Y1B__P005.jpg,0.863510,23.348600,ok
EES0423930__X0C__Y24__P006.jpg,0.908344,25.362317,ok
EES0423930__X0C__Y27__P007.jpg,0.799611,23.668196,ok
EES0423930__X0C__Y2A__P008.jpg,0.914591,23.981926,ok
EES0423930__X0C__Y2D__P009.jpg,0.837870,22.081666,ok
EES0423930__X0C__Y30__P010.jpg,0.946511,24.869216,ok
EES0423930__X0F__Y21__P011.jpg,0.827322,22.914331,ok
EES0423930__X0F__Y27__P012.jpg,0.831201,23.840455,ok
EES0423930__X0F__Y2A__P013.jpg,0.872357,23.433708,ok
EES0423930__X0F__Y2D__P014.jpg,0.885051,24.499963,ok
EES0423930__X12__Y12__P015.jpg,0.822509,22.049611,ok
EES0423930__X12__Y21__P016.jpg,0.818876,22.645854,ok
EES0423930__X12__Y2A__P017.jpg,0.825438,22.253784,ok
EES0423930__X12__Y36__P018.jpg,0.908813,25.622103,ok
EES0423930__X12__Y39__P019.jpg,0.946165,27.580436,ok
EES0423930__X15__Y33__P020.jpg,0.834537,22.400351,ok
EES0423930__X15__Y36__P021.jpg,0.829576,22.828420,ok
EES0423930__X18__Y0C__P022.jpg,0.928478,24.116759,ok
EES0423930__X18__Y36__P023.jpg,0.869019,22.348269,ok
EES0423930__X1B__Y36__P024.jpg,0.835303,23.135532,ok
EES0423930__X1B__Y39__P025.jpg,0.851662,22.770015,ok
