filename,ssim,psnr,status
EES0423311__X12__Y39__P001.jpg,0.792431,22.919692,ok
EES0423311__X15__Y06__P002.jpg,0.954356,32.198126,ok
EES0423311__X15__Y09__P003.jpg,0.564170,15.845413,ok
EES0423311__X15__Y39__P004.jpg,0.668815,14.725504,ok
EES0423311__X18__Y06__P005.jpg,0.926681,28.461225,ok
EES0423311__X18__Y3C__P006.jpg,0.653708,16.972724,ok
EES0423311__X1B__Y3F__P007.jpg,0.754581,22.147626,ok
EES0423311__X1E__Y03__P008.jpg,0.587394,14.766745,ok
EES0423311__X1E__Y3F__P009.jpg,0.763851,23.480182,ok
EES0423311__X24__Y42__P010.jpg,0.873550,23.859053,ok
EES0423311__X27__Y42__P011.jpg,0.806871,23.518785,ok
EES0423311__X2A__Y42__P012.jpg,0.769572,23.076262,ok
EES0423311__X2D__Y42__P013.jpg,0.767902,21.547068,ok
EES0423311__X33__Y3F__P014.jpg,0.720983,19.957143,ok
EES0423311__X36__Y3F__P015.jpg,0.836745,23.876183,ok
EES0423311__X39__Y06__P016.jpg,0.831927,22.211644,ok
EES0423311__X39__Y3C__P017.jpg,0.792932,23.836285,ok
EES0423311__X3C__Y09__P018.jpg,0.579858,15.844920,ok
EES0423311__X3C__Y39__P019.jpg,0.611065,17.485291,ok
EES0423311__X3F__Y0C__P020.jpg,0.648420,18.940764,ok
EES0423311__X3F__Y36__P021.jpg,0.647477,18.749855,ok
EES0423311__X42__Y0F__P022.jpg,0.935061,29.997532,ok
EES0423311__X42__Y33__P023.jpg,0.720216,18.314626,ok
EES0423311__X45__Y15__P024.jpg,0.721431,22.293498,ok
EES0423311__X45__Y2A__P025.jpg,0.593709,17.368429,ok
EES0423312__X12__Y1E__P001.jpg,0.757271,23.278807,ok
EES0423312__X12__Y21__P002.jpg,0.661483,20.268803,ok
EES0423312__X12__Y24__P003.jpg,0.772622,23.030129,ok
EES0423312__X12__Y27__P004.jpg,0.796860,22.222682,ok
EES0423312__X12__Y2A__P005.jpg,0.803997,23.168349,ok
EES0423312__X12__Y2D__P006.jpg,0.644034,15.698373,ok
EES0423312__X12__Y30__P007.jpg,0.684261,17.304885,ok
EES0423312__X12__Y33__P008.jpg,0.941078,28.906559,ok
EES0423312__X15__Y0F__P009.jpg,0.668597,15.224134,ok
EES0423312__X15__Y12__P010.jpg,0.569799,17.525945,ok
EES0423312__X15__Y33__P011.jpg,0.842251,22.997852,ok
EES0423312__X18__Y0C__P012.jpg,0.881295,22.808594,ok
EES0423312__X18__Y36__P013.jpg,0.840336,24.570721,ok
EES0423312__X18__Y39__P014.jpg,0.887978,24.464960,ok
EES0423312__X18__Y42__P015.jpg,0.930643,26.498281,ok
EES0423312__X18__Y45__P016.jpg,0.432581,10.248120,ok
EES0423312__X1B__Y39__P017.jpg,0.740318,22.535737,ok
EES0423312__X1B__Y42__P018.jpg,0.603061,14.244656,ok
EES0423312__X1E__Y09__P019.jpg,0.636684,17.308262,ok
EES0423312__X1E__Y3C__P020.jpg,0.743994,18.428117,ok
EES0423312__X1E__Y42__P021.jpg,0.938006,27.600683,ok
EES0423312__X21__Y3C__P022.jpg,0.839021,22.283649,ok
EES0423312__X21__Y42__P023.jpg,0.814169,22.548707,ok
EES0423312__X24__Y06__P024.jpg,0.861572,21.796249,ok
EES0423312__X24__Y3F__P025.jpg,0.899508,23.862625,ok
EES0423313__X0F__Y27__P001.jpg,0.728059,18.992199,ok
EES0423313__X12__Y0F__P002.jpg,0.948715,30.633088,ok
EES0423313__X12__Y2D__P003.jpg,0.695217,16.251134,ok
EES0423313__X12__Y33__P004.jpg,0.921524,25.393528,ok
EES0423313__X15__Y0C__P005.jpg,0.744766,16.372638,ok
EES0423313__X15__Y36__P006.jpg,0.890329,22.136934,ok
EES0423313__X18__Y06__P007.jpg,0.905463,22.979531,ok
EES0423313__X18__Y36__P008.jpg,0.902337,23.424438,ok
EES0423313__X18__Y39__P009.jpg,0.831450,23.112872,ok
EES0423313__X1B__Y3C__P010.jpg,0.801950,22.697883,ok
EES0423313__X1E__Y03__P011.jpg,0.924728,23.155020,ok
EES0423313__X1E__Y39__P012.jpg,0.820089,21.850953,ok
EES0423313__X27__Y3C__P013.jpg,0.695055,15.933924,ok
EES0423313__X27__Y3F__P014.jpg,0.952584,30.953019,ok
EES0423313__X2A__Y3C__P015.jpg,0.747928,19.812619,ok
EES0423313__X2A__Y3F__P016.jpg,0.925348,21.514242,ok
EES0423313__X30__Y3C__P017.jpg,0.791270,21.633984,ok
EES0423313__X33__Y03__P018.jpg,0.829802,22.103858,ok
EES0423313__X36__Y03__P019.jpg,0.921943,23.872780,ok
EES0423313__X36__Y39__P020.jpg,0.613484,15.318716,ok
EES0423313__X39__Y06__P021.jpg,0.783294,21.006487,ok
EES0423313__X39__Y39__P022.jpg,0.920368,25.258377,ok
EES0423313__X3C__Y36__P023.jpg,0.899411,23.011344,ok
EES0423313__X3F__Y33__P024.jpg,0.890044,22.548902,ok
EES0423313__X42__Y0F__P025.jpg,0.901279,25.403166,ok
EES0423314__X24__Y42__P001.jpg,0.899881,23.889924,ok
EES0423314__X27__Y06__P002.jpg,0.510506,11.300693,ok
EES0423314__X2A__Y06__P003.jpg,0.855426,23.084742,ok
EES0423314__X2A__Y42__P004.jpg,0.838064,22.572788,ok
EES0423314__X2D__Y06__P005.jpg,0.856939,22.479427,ok
EES0423314__X2D__Y42__P006.jpg,0.799886,20.174383,ok
EES0423314__X30__Y06__P007.jpg,0.851950,22.121252,ok
EES0423314__X30__Y42__P008.jpg,0.891583,22.095115,ok
EES0423314__X36__Y09__P009.jpg,0.802988,19.798549,ok
EES0423314__X39__Y0C__P010.jpg,0.632143,15.387506,ok
EES0423314__X39__Y1E__P011.jpg,0.587855,15.454471,ok
EES0423314__X3C__Y3C__P012.jpg,0.941136,25.919002,ok
EES0423314__X3F__Y12__P013.jpg,0.642968,15.641527,ok
EES0423314__X3F__Y39__P014.jpg,0.725949,18.297579,ok
EES0423314__X42__Y15__P015.jpg,0.811538,22.142033,ok
EES0423314__X45__Y1B__P016.jpg,0.952804,36.511223,ok
EES0423314__X45__Y1E__P017.jpg,0.647817,15.874344,ok
EES0423314__X45__Y27__P018.jpg,0.586976,15.717430,ok
EES0423314__X45__Y2A__P019.jpg,0.652703,19.760557,ok
EES0423314__X45__Y2D__P020.jpg,0.793784,23.651110,ok
EES0423314__X45__Y30__P021.jpg,0.888486,22.409765,ok
EES0423314__X18__Y39__P022.jpg,0.721188,19.009041,ok
EES0423314__X1B__Y0C__P023.jpg,0.715463,17.713494,ok
EES0423314__X1E__Y09__P024.jpg,0.904778,22.567436,ok
EES0423314__X2A__Y06__P025.jpg,0.894723,22.033638,ok
EES0423315__X27__Y42__P001.jpg,0.802378,22.279122,ok
EES0423315__X2A__Y42__P002.jpg,0.804589,22.223500,ok
EES0423315__X2D__Y42__P003.jpg,0.724736,17.339852,ok
EES0423315__X30__Y3F__P004.jpg,0.659487,15.387372,ok
EES0423315__X30__Y42__P005.jpg,0.936864,26.691502,ok
EES0423315__X33__Y3F__P006.jpg,0.751758,20.714328,ok
EES0423315__X33__Y42__P007.jpg,0.756765,22.063697,ok
EES0423315__X36__Y3F__P008.jpg,0.908195,25.061202,ok
EES0423315__X36__Y42__P009.jpg,0.776490,21.057592,ok
EES0423315__X36__Y45__P010.jpg,0.843361,22.590576,ok
EES0423315__X39__Y3C__P011.jpg,0.656232,14.537714,ok
EES0423315__X39__Y45__P012.jpg,0.662575,15.476995,ok
EES0423315__X3C__Y0C__P013.jpg,0.798784,18.303020,ok
EES0423315__X3C__Y39__P014.jpg,0.574450,14.836930,ok
EES0423315__X3C__Y45__P015.jpg,0.839727,21.369846,ok
EES0423315__X3F__Y0F__P016.jpg,0.825954,21.552885,ok
EES0423315__X3F__Y39__P017.jpg,0.943615,29.524891,ok
EES0423315__X3F__Y42__P018.jpg,0.855557,23.264197,ok
EES0423315__X42__Y12__P019.jpg,0.906107,22.117549,ok
EES0423315__X42__Y15__P020.jpg,0.751109,15.156765,ok
EES0423315__X42__Y33__P021.jpg,0.674356,16.326747,ok
EES0423315__X42__Y42__P022.jpg,0.805203,19.009418,ok
EES0423315__X42__Y45__P023.jpg,0.757507,14.963650,ok
EES0423315__X45__Y15__P024.jpg,0.847086,22.422075,ok
EES0423315__X45__Y18__P025.jpg,0.761324,18.632557,ok
EES0423316__X45__Y1E__P001.jpg,0.796892,20.944687,ok
EES0423316__X45__Y2A__P002.jpg,0.620302,14.316229,ok
EES0423316__X45__Y39__P003.jpg,0.860363,23.474397,ok
EES0423316__X45__Y42__P004.jpg,0.942041,25.887701,ok
EES0423316__X48__Y1E__P005.jpg,0.916789,24.143276,ok
EES0423316__X48__Y21__P006.jpg,0.872148,22.589047,ok
EES0423316__X48__Y27__P007.jpg,0.888160,22.417784,ok
EES0423316__X48__Y2D__P008.jpg,0.917062,21.178227,ok
EES0423316__X48__Y3F__P009.jpg,0.840285,23.217243,ok
EES0423316__X48__Y42__P010.jpg,0.859786,22.078570,ok
EES0423316__X15__Y21__P011.jpg,0.812703,20.965198,ok
EES0423316__X15__Y27__P012.jpg,0.831549,22.651410,ok
EES0423316__X18__Y18__P013.jpg,0.775029,20.789947,ok
EES0423316__X18__Y21__P014.jpg,0.832617,22.557655,ok
EES0423316__X18__Y2A__P015.jpg,0.626480,16.054668,ok
EES0423316__X1B__Y0C__P016.jpg,0.484482,10.129002,ok
EES0423316__X1E__Y30__P017.jpg,0.753359,18.666851,ok
EES0423316__X21__Y36__P018.jpg,0.747793,16.550298,ok
EES0423316__X27__Y15__P019.jpg,0.716413,16.495351,ok
EES0423316__X33__Y09__P020.jpg,0.927769,23.323307,ok
EES0423316__X39__Y12__P021.jpg,0.687628,17.195202,ok
EES0423316__X45__Y2D__P022.jpg,0.813204,21.797455,ok
EES0423316__X48__Y24__P023.jpg,0.922744,30.766259,ok
EES0423316__X48__Y27__P024.jpg,0.935767,28.140403,ok
EES0423316__X15__Y1E__P025.jpg,0.673406,16.509628,ok
EES0423317__X42__Y30__P001.jpg,0.570541,16.501923,ok
EES0423317__X42__Y39__P002.jpg,0.856067,22.772223,ok
EES0423317__X42__Y3C__P003.jpg,0.836048,23.182279,ok
EES0423317__X45__Y15__P004.jpg,0.888359,23.404320,ok
EES0423317__X45__Y33__P005.jpg,0.538741,15.337628,ok
EES0423317__X45__Y36__P006.jpg,0.948096,32.166791,ok
EES0423317__X48__Y24__P007.jpg,0.718346,21.700985,ok
EES0423317__X48__Y2A__P008.jpg,0.716117,22.647332,ok
EES0423317__X48__Y30__P009.jpg,0.863513,22.019159,ok
EES0423317__X09__Y1E__P010.jpg,0.832639,23.540239,ok
EES0423317__X09__Y2A__P011.jpg,0.822920,22.962393,ok
EES0423317__X0C__Y15__P012.jpg,0.874039,22.493220,ok
EES0423317__X0C__Y2D__P013.jpg,0.670428,18.417042,ok
EES0423317__X0C__Y30__P014.jpg,0.688077,13.978687,ok
EES0423317__X0C__Y33__P015.jpg,0.951856,36.350050,ok
EES0423317__X0F__Y0F__P016.jpg,0.876784,21.095013,ok
EES0423317__X0F__Y12__P017.jpg,0.930362,26.906612,ok
EES0423317__X0F__Y33__P018.jpg,0.569066,15.694243,ok
EES0423317__X0F__Y36__P019.jpg,0.898123,23.794979,ok
EES0423317__X12__Y0C__P020.jpg,0.899596,24.059224,ok
EES0423317__X12__Y36__P021.jpg,0.553523,14.923903,ok
EES0423317__X12__Y39__P022.jpg,0.844213,23.868218,ok
EES0423317__X15__Y09__P023.jpg,0.906397,31.741255,ok
EES0423317__X18__Y09__P024.jpg,0.658611,16.416748,ok
EES0423317__X18__Y3C__P025.jpg,0.537569,15.574873,ok
EES0423318__X18__Y3F__P001.jpg,0.862361,20.414706,ok
EES0423318__X1E__Y03__P002.jpg,0.972515,22.672190,ok
EES0423318__X21__Y03__P003.jpg,0.976007,22.633526,ok
EES0423318__X2D__Y06__P004.jpg,0.964806,20.446531,ok
EES0423318__X30__Y06__P005.jpg,0.979375,24.638373,ok
EES0423318__X06__Y18__P006.jpg,0.847367,21.257674,ok
EES0423318__X18__Y3F__P007.jpg,0.904918,19.837017,ok
EES0423318__X1B__Y3F__P008.jpg,0.810385,20.868450,ok
EES0423318__X1B__Y45__P009.jpg,0.951972,19.061011,ok
EES0423318__X24__Y3F__P010.jpg,0.897963,19.340103,ok
EES0423318__X45__Y1B__P011.jpg,0.965220,22.258420,ok
EES0423318__X30__Y42__P012.jpg,0.963778,22.644105,ok
EES0423318__X42__Y33__P013.jpg,0.970891,25.217762,ok
EES0423318__X42__Y45__P014.jpg,0.943997,23.723034,ok
EES0423318__X18__Y30__P015.jpg,0.911714,18.756923,ok
EES0423318__X18__Y33__P016.jpg,0.940617,18.997930,ok
EES0423318__X21__Y42__P017.jpg,0.965692,21.959432,ok
EES0423318__X27__Y45__P018.jpg,0.960102,22.709302,ok
EES0423318__X36__Y42__P019.jpg,0.961334,23.969503,ok
EES0423318__X36__Y45__P020.jpg,0.890835,22.002804,ok
EES0423318__X3F__Y1B__P021.jpg,0.930239,22.175518,ok
EES0423318__X42__Y42__P022.jpg,0.981404,31.101525,ok
EES0423318__X09__Y12__P023.jpg,0.939245,21.585083,ok
EES0423318__X09__Y15__P024.jpg,0.940569,20.734099,ok
EES0423318__X0C__Y0F__P025.jpg,0.939087,21.898852,ok
EES0423319__X48__Y3F__P001.jpg,0.981492,25.707135,ok
EES0423319__X48__Y42__P002.jpg,0.977800,23.247389,ok
EES0423319__X06__Y0F__P003.jpg,0.876378,21.435169,ok
EES0423319__X06__Y12__P004.jpg,0.946538,23.120656,ok
EES0423319__X06__Y15__P005.jpg,0.669105,22.000992,ok
EES0423319__X06__Y27__P006.jpg,0.713930,21.791639,ok
EES0423319__X06__Y2A__P007.jpg,0.701647,21.257739,ok
EES0423319__X06__Y2D__P008.jpg,0.668068,19.905475,ok
EES0423319__X06__Y30__P009.jpg,0.881928,19.834088,ok
EES0423319__X09__Y33__P010.jpg,0.889130,21.302766,ok
EES0423319__X12__Y3C__P011.jpg,0.968490,25.535105,ok
EES0423319__X18__Y3F__P012.jpg,0.982785,31.092572,ok
EES0423319__X1B__Y03__P013.jpg,0.933289,22.671634,ok
EES0423319__X1B__Y06__P014.jpg,0.589796,19.274155,ok
EES0423319__X1E__Y03__P015.jpg,0.970782,22.296078,ok
EES0423319__X21__Y03__P016.jpg,0.930561,22.235960,ok
EES0423319__X21__Y42__P017.jpg,0.956203,23.732337,ok
EES0423319__X24__Y03__P018.jpg,0.967268,25.760271,ok
EES0423319__X24__Y42__P019.jpg,0.903011,21.260872,ok
EES0423319__X2A__Y06__P020.jpg,0.974923,21.228140,ok
EES0423319__X2D__Y06__P021.jpg,0.980786,29.769237,ok
EES0423319__X48__Y06__P022.jpg,0.982080,25.645184,ok
EES0423319__X48__Y09__P023.jpg,0.856016,21.220841,ok
EES0423319__X48__Y0C__P024.jpg,0.980086,23.020915,ok
EES0423319__X48__Y0F__P025.jpg,0.979262,22.242734,ok
EES0423320__X48__Y12__P001.jpg,0.985601,24.983539,ok
EES0423320__X48__Y15__P002.jpg,0.984733,25.435392,ok
EES0423320__X48__Y18__P003.jpg,0.974691,22.951094,ok
EES0423320__X48__Y1B__P004.jpg,0.523199,13.506863,ok
EES0423320__X48__Y1E__P005.jpg,0.985762,29.014753,ok
EES0423320__X48__Y21__P006.jpg,0.988264,36.270370,ok
EES0423320__X48__Y24__P007.jpg,0.702149,15.075005,ok
EES0423320__X48__Y2A__P008.jpg,0.713081,19.073618,ok
EES0423320__X48__Y2D__P009.jpg,0.693815,15.626205,ok
EES0423320__X48__Y30__P010.jpg,0.977861,23.175834,ok
EES0423320__X48__Y33__P011.jpg,0.948779,23.877459,ok
EES0423320__X48__Y36__P012.jpg,0.973057,23.721222,ok
EES0423320__X48__Y39__P013.jpg,0.985985,29.310530,ok
EES0423320__X48__Y3C__P014.jpg,0.958297,23.356315,ok
EES0423320__X48__Y3F__P015.jpg,0.973390,24.833710,ok
EES0423320__X48__Y42__P016.jpg,0.981503,25.986880,ok
EES0423320__X48__Y45__P017.jpg,0.898789,23.422455,ok
EES0423320__X03__Y33__P018.jpg,0.694950,14.529570,ok
EES0423320__X06__Y33__P019.jpg,0.965866,20.732745,ok
EES0423320__X09__Y36__P020.jpg,0.974369,23.561816,ok
EES0423320__X0C__Y36__P021.jpg,0.914547,20.459481,ok
EES0423320__X39__Y45__P022.jpg,0.974315,23.870181,ok
EES0423320__X45__Y30__P023.jpg,0.961326,22.480638,ok
EES0423320__X48__Y06__P024.jpg,0.907216,22.369855,ok
EES0423320__X48__Y09__P025.jpg,0.511929,12.678272,ok
EES0423321__X48__Y0C__P001.jpg,0.969731,24.163556,ok
EES0423321__X48__Y0F__P002.jpg,0.814966,20.014616,ok
EES0423321__X48__Y12__P003.jpg,0.771586,18.646243,ok
EES0423321__X48__Y15__P004.jpg,0.979974,24.877838,ok
EES0423321__X48__Y1B__P005.jpg,0.977498,25.338720,ok
EES0423321__X48__Y1E__P006.jpg,0.577423,13.189060,ok
EES0423321__X48__Y21__P007.jpg,0.703092,17.462765,ok
EES0423321__X48__Y24__P008.jpg,0.855196,22.156959,ok
EES0423321__X48__Y2A__P009.jpg,0.949726,23.560331,ok
EES0423321__X48__Y2D__P010.jpg,0.973379,23.802979,ok
EES0423321__X48__Y30__P011.jpg,0.948691,23.948887,ok
EES0423321__X48__Y33__P012.jpg,0.964890,23.374290,ok
EES0423321__X48__Y36__P013.jpg,0.834735,20.632592,ok
EES0423321__X48__Y39__P014.jpg,0.845689,19.998545,ok
EES0423321__X1E__Y03__P015.jpg,0.951065,21.640531,ok
EES0423321__X21__Y03__P016.jpg,0.598997,15.315630,ok
EES0423321__X21__Y06__P017.jpg,0.866421,19.968041,ok
EES0423321__X24__Y03__P018.jpg,0.622750,16.446165,ok
EES0423321__X27__Y03__P019.jpg,0.983200,28.396536,ok
EES0423321__X2A__Y03__P020.jpg,0.965830,22.865182,ok
EES0423321__X42__Y21__P021.jpg,0.944612,20.236213,ok
EES0423321__X18__Y06__P022.jpg,0.803764,20.338870,ok
EES0423321__X1E__Y42__P023.jpg,0.934251,21.019478,ok
EES0423321__X21__Y06__P024.jpg,0.692075,18.145488,ok
EES0423321__X21__Y42__P025.jpg,0.851351,20.963165,ok
EES0423322__X24__Y42__P001.jpg,0.971340,26.071891,ok
EES0423322__X39__Y15__P002.jpg,0.919074,19.847426,ok
EES0423322__X39__Y33__P003.jpg,0.886876,21.180753,ok
EES0423322__X1B__Y42__P004.jpg,0.792530,21.354089,ok
EES0423322__X2A__Y30__P005.jpg,0.733780,19.519894,ok
EES0423322__X2A__Y33__P006.jpg,0.848407,21.151741,ok
EES0423322__X2A__Y39__P007.jpg,0.876568,20.559984,ok
EES0423322__X2A__Y45__P008.jpg,0.940204,20.090404,ok
EES0423322__X2D__Y30__P009.jpg,0.699344,19.041323,ok
EES0423322__X2D__Y33__P010.jpg,0.599575,16.587076,ok
EES0423322__X2D__Y39__P011.jpg,0.817495,21.697291,ok
EES0423322__X30__Y2A__P012.jpg,0.781377,21.040423,ok
EES0423322__X36__Y30__P013.jpg,0.788072,20.132301,ok
EES0423322__X36__Y39__P014.jpg,0.924557,20.048500,ok
EES0423322__X39__Y33__P015.jpg,0.880281,21.780788,ok
EES0423322__X48__Y06__P016.jpg,0.975637,22.698984,ok
EES0423322__X48__Y09__P017.jpg,0.949099,24.567192,ok
EES0423322__X48__Y0C__P018.jpg,0.897997,23.507791,ok
EES0423322__X48__Y0F__P019.jpg,0.986742,38.783185,ok
EES0423322__X48__Y12__P020.jpg,0.981335,25.444219,ok
EES0423322__X48__Y15__P021.jpg,0.597117,16.159026,ok
EES0423322__X48__Y18__P022.jpg,0.982737,28.587694,ok
EES0423322__X48__Y1B__P023.jpg,0.761366,18.014836,ok
EES0423322__X48__Y1E__P024.jpg,0.922641,20.692491,ok
EES0423322__X48__Y21__P025.jpg,0.985617,26.331315,ok
EES0423323__X12__Y0F__P001.jpg,0.937837,21.314308,ok
EES0423323__X12__Y27__P002.jpg,0.797873,19.684845,ok
EES0423323__X12__Y2A__P003.jpg,0.627965,17.996990,ok
EES0423323__X15__Y0C__P004.jpg,0.942248,21.440125,ok
EES0423323__X18__Y0F__P005.jpg,0.825681,21.224692,ok
EES0423323__X33__Y1E__P006.jpg,0.549591,15.879751,ok
EES0423323__X03__Y18__P007.jpg,0.963620,22.942919,ok
EES0423323__X03__Y1B__P008.jpg,0.969154,22.312859,ok
EES0423323__X24__Y45__P009.jpg,0.897407,20.789333,ok
EES0423323__X27__Y06__P010.jpg,0.963177,21.780404,ok
EES0423323__X27__Y45__P011.jpg,0.947900,21.748621,ok
EES0423323__X2A__Y06__P012.jpg,0.942181,20.870995,ok
EES0423323__X2A__Y45__P013.jpg,0.937009,22.336723,ok
EES0423323__X2D__Y45__P014.jpg,0.980072,26.912931,ok
EES0423323__X30__Y48__P015.jpg,0.978690,23.506072,ok
EES0423323__X33__Y42__P016.jpg,0.982248,27.245230,ok
EES0423323__X36__Y09__P017.jpg,0.980178,24.322541,ok
EES0423323__X3F__Y1B__P018.jpg,0.945845,20.834108,ok
EES0423323__X42__Y2A__P019.jpg,0.968902,23.078333,ok
EES0423323__X42__Y2D__P020.jpg,0.945417,21.257330,ok
EES0423323__X45__Y18__P021.jpg,0.964459,20.732041,ok
EES0423323__X45__Y1B__P022.jpg,0.978468,24.931993,ok
EES0423323__X45__Y21__P023.jpg,0.980365,24.791798,ok
EES0423323__X45__Y2D__P024.jpg,0.978781,25.254861,ok
EES0423323__X06__Y0C__P025.jpg,0.979708,26.742791,ok
EES0423324__X06__Y18__P001.jpg,0.911725,20.932301,ok
EES0423324__X06__Y1B__P002.jpg,0.979846,27.299418,ok
EES0423324__X06__Y1E__P003.jpg,0.939025,22.372427,ok
EES0423324__X06__Y21__P004.jpg,0.863091,22.040485,ok
EES0423324__X06__Y24__P005.jpg,0.964833,23.375666,ok
EES0423324__X06__Y27__P006.jpg,0.780754,21.125427,ok
EES0423324__X06__Y2A__P007.jpg,0.949079,22.096631,ok
EES0423324__X06__Y2D__P008.jpg,0.810092,22.429584,ok
EES0423324__X06__Y30__P009.jpg,0.913422,18.685829,ok
EES0423324__X06__Y33__P010.jpg,0.721189,18.683434,ok
EES0423324__X06__Y36__P011.jpg,0.969634,23.691890,ok
EES0423324__X09__Y15__P012.jpg,0.905523,21.495571,ok
EES0423324__X09__Y18__P013.jpg,0.915716,19.935917,ok
EES0423324__X09__Y1B__P014.jpg,0.950992,21.780051,ok
EES0423324__X09__Y30__P015.jpg,0.920491,20.954378,ok
EES0423324__X09__Y33__P016.jpg,0.942661,22.583390,ok
EES0423324__X09__Y36__P017.jpg,0.975892,22.689385,ok
EES0423324__X09__Y39__P018.jpg,0.957703,21.009538,ok
EES0423324__X0C__Y0F__P019.jpg,0.983506,26.318864,ok
EES0423324__X0C__Y12__P020.jpg,0.949482,22.061861,ok
EES0423324__X0C__Y39__P021.jpg,0.967522,22.988238,ok
EES0423324__X0F__Y0F__P022.jpg,0.955904,23.133700,ok
EES0423324__X12__Y42__P023.jpg,0.956645,20.993923,ok
EES0423324__X15__Y09__P024.jpg,0.954545,23.749261,ok
EES0423324__X15__Y0C__P025.jpg,0.932817,21.975714,ok
EES0423325__X15__Y42__P001.jpg,0.922669,20.950752,ok
EES0423325__X18__Y09__P002.jpg,0.867166,21.232193,ok
EES0423325__X1B__Y45__P003.jpg,0.957993,23.499530,ok
EES0423325__X1E__Y45__P004.jpg,0.905028,20.077117,ok
EES0423325__X21__Y06__P005.jpg,0.907996,19.722281,ok
EES0423325__X21__Y45__P006.jpg,0.924339,22.278028,ok
EES0423325__X24__Y06__P007.jpg,0.916918,21.600230,ok
EES0423325__X24__Y45__P008.jpg,0.779978,21.171334,ok
EES0423325__X27__Y06__P009.jpg,0.985100,30.870039,ok
EES0423325__X42__Y2D__P010.jpg,0.943682,21.405203,ok
EES0423325__X45__Y2D__P011.jpg,0.947545,21.274671,ok
EES0423325__X48__Y06__P012.jpg,0.969556,23.624531,ok
EES0423325__X48__Y09__P013.jpg,0.600078,14.881718,ok
EES0423325__X48__Y0C__P014.jpg,0.984192,27.622985,ok
EES0423325__X48__Y0F__P015.jpg,0.772933,19.398524,ok
EES0423325__X48__Y12__P016.jpg,0.503081,12.405758,ok
EES0423325__X48__Y15__P017.jpg,0.981966,24.603078,ok
EES0423325__X48__Y18__P018.jpg,0.889195,22.682810,ok
EES0423325__X48__Y1B__P019.jpg,0.967464,25.077754,ok
EES0423325__X48__Y1E__P020.jpg,0.967589,23.666989,ok
EES0423325__X48__Y2A__P021.jpg,0.982422,26.736818,ok
EES0423325__X48__Y30__P022.jpg,0.980998,25.983212,ok
EES0423325__X48__Y33__P023.jpg,0.974330,23.462163,ok
EES0423325__X48__Y36__P024.jpg,0.965519,24.769842,ok
EES0423325__X48__Y39__P025.jpg,0.976996,24.480844,ok
EES0423326__X48__Y3C__P001.jpg,0.978084,25.763885,ok
EES0423326__X48__Y3F__P002.jpg,0.975435,24.379651,ok
EES0423326__X48__Y42__P003.jpg,0.970266,24.772934,ok
EES0423326__X48__Y45__P004.jpg,0.976528,25.297000,ok
EES0423326__X48__Y48__P005.jpg,0.979823,25.888125,ok
EES0423326__X03__Y27__P006.jpg,0.576727,16.080653,ok
EES0423326__X03__Y2D__P007.jpg,0.813155,20.544247,ok
EES0423326__X03__Y30__P008.jpg,0.879917,19.232440,ok
EES0423326__X03__Y39__P009.jpg,0.980166,24.753750,ok
EES0423326__X03__Y3C__P010.jpg,0.983224,27.532066,ok
EES0423326__X06__Y33__P011.jpg,0.793493,21.378054,ok
EES0423326__X06__Y36__P012.jpg,0.960446,23.111972,ok
EES0423326__X0C__Y0C__P013.jpg,0.933244,22.265539,ok
EES0423326__X0F__Y3F__P014.jpg,0.870359,20.768139,ok
EES0423326__X15__Y42__P015.jpg,0.805469,20.625521,ok
EES0423326__X1B__Y42__P016.jpg,0.731297,20.642129,ok
EES0423326__X27__Y45__P017.jpg,0.880298,22.740334,ok
EES0423326__X2A__Y03__P018.jpg,0.963339,23.736344,ok
EES0423326__X2A__Y45__P019.jpg,0.982652,26.372212,ok
EES0423326__X30__Y03__P020.jpg,0.882343,19.558754,ok
EES0423326__X33__Y06__P021.jpg,0.832168,20.141945,ok
EES0423326__X36__Y06__P022.jpg,0.869620,20.927162,ok
EES0423326__X3C__Y15__P023.jpg,0.923875,23.503905,ok
EES0423326__X3F__Y18__P024.jpg,0.821261,21.356641,ok
EES0423326__X42__Y2A__P025.jpg,0.875895,22.113437,ok
EES0423327__X0C__Y06__P001.jpg,0.977193,24.901806,ok
EES0423327__X0C__Y1E__P002.jpg,0.924951,19.285689,ok
EES0423327__X0C__Y21__P003.jpg,0.967946,21.610898,ok
EES0423327__X15__Y12__P004.jpg,0.981279,26.944395,ok
EES0423327__X18__Y0F__P005.jpg,0.924932,20.858158,ok
EES0423327__X18__Y15__P006.jpg,0.807454,20.668456,ok
EES0423327__X1B__Y15__P007.jpg,0.922660,19.763266,ok
EES0423327__X1E__Y15__P008.jpg,0.905129,19.894442,ok
EES0423327__X21__Y09__P009.jpg,0.970989,21.756442,ok
EES0423327__X21__Y15__P010.jpg,0.802318,20.721926,ok
EES0423327__X24__Y09__P011.jpg,0.892498,19.251890,ok
EES0423327__X24__Y18__P012.jpg,0.925969,21.213469,ok
EES0423327__X24__Y1B__P013.jpg,0.898455,19.883129,ok
EES0423327__X36__Y1B__P014.jpg,0.896357,19.789310,ok
EES0423327__X06__Y1E__P015.jpg,0.941534,21.151902,ok
EES0423327__X06__Y21__P016.jpg,0.951856,22.693237,ok
EES0423327__X06__Y24__P017.jpg,0.967770,21.443750,ok
EES0423327__X06__Y27__P018.jpg,0.945678,25.207776,ok
EES0423327__X06__Y2A__P019.jpg,0.970862,24.600691,ok
EES0423327__X09__Y24__P020.jpg,0.785420,21.034367,ok
EES0423327__X09__Y27__P021.jpg,0.899848,20.104309,ok
EES0423327__X09__Y2D__P022.jpg,0.883735,20.223344,ok
EES0423327__X0C__Y30__P023.jpg,0.933417,21.168449,ok
EES0423327__X0C__Y36__P024.jpg,0.964615,23.223620,ok
EES0423327__X0F__Y33__P025.jpg,0.649946,21.543755,ok
EES0423328__X0F__Y36__P001.jpg,0.931162,22.156767,ok
EES0423328__X12__Y39__P002.jpg,0.685659,21.112699,ok
EES0423328__X15__Y3C__P003.jpg,0.887102,20.091195,ok
EES0423328__X15__Y3F__P004.jpg,0.963684,24.288134,ok
EES0423328__X1E__Y06__P005.jpg,0.950501,22.076272,ok
EES0423328__X21__Y06__P006.jpg,0.963686,23.214470,ok
EES0423328__X24__Y06__P007.jpg,0.970933,22.606268,ok
EES0423328__X27__Y06__P008.jpg,0.818944,18.246052,ok
EES0423328__X2A__Y06__P009.jpg,0.979679,26.310571,ok
EES0423328__X2A__Y09__P010.jpg,0.946555,21.438955,ok
EES0423328__X2D__Y09__P011.jpg,0.968259,25.055597,ok
EES0423328__X3F__Y1B__P012.jpg,0.979366,26.337443,ok
EES0423328__X3F__Y1E__P013.jpg,0.982048,25.270273,ok
EES0423328__X3F__Y21__P014.jpg,0.872178,20.883474,ok
EES0423328__X3F__Y24__P015.jpg,0.691091,21.847871,ok
EES0423328__X3F__Y2A__P016.jpg,0.922172,21.288477,ok
EES0423328__X3F__Y2D__P017.jpg,0.981229,28.579328,ok
EES0423328__X3F__Y21__P018.jpg,0.832517,21.084517,ok
EES0423328__X03__Y1B__P019.jpg,0.538001,18.197569,ok
EES0423328__X03__Y30__P020.jpg,0.780189,20.290061,ok
EES0423328__X03__Y33__P021.jpg,0.898838,20.602953,ok
EES0423328__X03__Y36__P022.jpg,0.932115,19.677630,ok
EES0423328__X03__Y39__P023.jpg,0.966339,23.087996,ok
EES0423328__X06__Y39__P024.jpg,0.898046,20.012503,ok
EES0423328__X0C__Y3F__P025.jpg,0.835013,21.702100,ok
EES0423329__X0C__Y42__P001.jpg,0.981884,25.878773,ok
EES0423329__X0F__Y42__P002.jpg,0.955292,21.377336,ok
EES0423329__X15__Y06__P003.jpg,0.653121,16.463414,ok
EES0423329__X18__Y06__P004.jpg,0.833909,21.868803,ok
EES0423329__X18__Y45__P005.jpg,0.892727,20.069796,ok
EES0423329__X1B__Y45__P006.jpg,0.915931,19.885329,ok
EES0423329__X2A__Y42__P007.jpg,0.979684,26.312758,ok
EES0423329__X2D__Y42__P008.jpg,0.986413,31.602262,ok
EES0423329__X3F__Y21__P009.jpg,0.940074,22.196887,ok
EES0423329__X06__Y1E__P010.jpg,0.891475,19.960251,ok
EES0423329__X06__Y24__P011.jpg,0.809595,18.848707,ok
EES0423329__X0C__Y12__P012.jpg,0.976782,23.392930,ok
EES0423329__X0C__Y15__P013.jpg,0.971989,20.541788,ok
EES0423329__X1B__Y45__P014.jpg,0.975671,25.063497,ok
EES0423329__X1E__Y45__P015.jpg,0.884781,20.643463,ok
EES0423329__X21__Y09__P016.jpg,0.942543,21.989857,ok
EES0423329__X21__Y45__P017.jpg,0.857405,20.513036,ok
EES0423329__X24__Y09__P018.jpg,0.783618,22.058363,ok
EES0423329__X24__Y45__P019.jpg,0.961054,23.753761,ok
EES0423329__X27__Y09__P020.jpg,0.978971,23.806956,ok
EES0423329__X2D__Y0C__P021.jpg,0.909614,20.043579,ok
EES0423329__X30__Y0C__P022.jpg,0.906268,20.823665,ok
EES0423329__X30__Y0F__P023.jpg,0.548019,16.378506,ok
EES0423329__X33__Y0F__P024.jpg,0.975166,25.724832,ok
EES0423329__X3F__Y30__P025.jpg,0.981804,24.985507,ok
EES0423330__X45__Y30__P001.jpg,0.633902,10.828151,ok
EES0423330__X09__Y33__P002.jpg,0.938179,19.998183,ok
EES0423330__X0C__Y30__P003.jpg,0.895924,20.198799,ok
EES0423330__X0F__Y30__P004.jpg,0.836561,20.800681,ok
EES0423330__X1B__Y30__P005.jpg,0.729622,17.287584,ok
EES0423330__X1B__Y3C__P006.jpg,0.757372,18.929767,ok
EES0423330__X1E__Y30__P007.jpg,0.725335,17.406943,ok
EES0423330__X1E__Y3C__P008.jpg,0.793121,20.534117,ok
EES0423330__X21__Y30__P009.jpg,0.746576,17.780290,ok
EES0423330__X24__Y06__P010.jpg,0.977319,23.176431,ok
EES0423330__X24__Y09__P011.jpg,0.814808,20.048927,ok
EES0423330__X27__Y06__P012.jpg,0.941574,20.203967,ok
EES0423330__X27__Y09__P013.jpg,0.891495,19.811372,ok
EES0423330__X27__Y30__P014.jpg,0.692326,17.455339,ok
EES0423330__X03__Y24__P015.jpg,0.978131,26.664100,ok
EES0423330__X03__Y27__P016.jpg,0.966742,22.473734,ok
EES0423330__X03__Y2A__P017.jpg,0.976251,25.759102,ok
EES0423330__X06__Y15__P018.jpg,0.941200,22.690640,ok
EES0423330__X06__Y18__P019.jpg,0.947634,23.157033,ok
EES0423330__X18__Y09__P020.jpg,0.932997,20.408635,ok
EES0423330__X2A__Y45__P021.jpg,0.975085,23.639258,ok
EES0423330__X2D__Y09__P022.jpg,0.938109,24.760497,ok
EES0423330__X2D__Y45__P023.jpg,0.956362,22.637037,ok
EES0423330__X42__Y2D__P024.jpg,0.965970,23.705970,ok
EES0423330__X42__Y30__P025.jpg,0.975800,27.251137,ok
EES0423331__X03__Y1B__P001.jpg,0.937555,19.783584,ok
EES0423331__X03__Y30__P002.jpg,0.948194,22.382119,ok
EES0423331__X18__Y42__P003.jpg,0.950436,20.431289,ok
EES0423331__X1B__Y45__P004.jpg,0.970100,22.839487,ok
EES0423331__X3C__Y21__P005.jpg,0.903756,19.948160,ok
EES0423331__X06__Y1B__P006.jpg,0.899953,19.604564,ok
EES0423331__X06__Y30__P007.jpg,0.931869,20.239028,ok
EES0423331__X06__Y33__P008.jpg,0.937525,20.900074,ok
EES0423331__X09__Y36__P009.jpg,0.947361,22.124224,ok
EES0423331__X15__Y45__P010.jpg,0.928888,20.690681,ok
EES0423331__X18__Y06__P011.jpg,0.981892,26.970717,ok
EES0423331__X18__Y45__P012.jpg,0.949219,20.172043,ok
EES0423331__X1B__Y06__P013.jpg,0.983269,27.104823,ok
EES0423331__X1E__Y06__P014.jpg,0.914855,20.330032,ok
EES0423331__X21__Y06__P015.jpg,0.897904,20.046801,ok
EES0423331__X24__Y06__P016.jpg,0.798877,19.926789,ok
EES0423331__X27__Y06__P017.jpg,0.944083,20.026975,ok
EES0423331__X27__Y45__P018.jpg,0.965432,21.813129,ok
EES0423331__X39__Y1B__P019.jpg,0.887049,18.876586,ok
EES0423331__X0C__Y21__P020.jpg,0.929750,21.320732,ok
EES0423331__X0C__Y2D__P021.jpg,0.962749,22.741642,ok
EES0423331__X0F__Y1E__P022.jpg,0.830811,21.529034,ok
EES0423331__X0F__Y21__P023.jpg,0.928571,21.094168,ok
EES0423331__X0F__Y24__P024.jpg,0.646402,17.230469,ok
EES0423331__X12__Y1B__P025.jpg,0.665835,18.960230,ok
EES0423332__X21__Y45__P001.jpg,0.888920,20.149908,ok
EES0423332__X27__Y45__P002.jpg,0.947352,22.331750,ok
EES0423332__X2A__Y45__P003.jpg,0.916625,20.532532,ok
EES0423332__X2D__Y45__P004.jpg,0.979267,21.476722,ok
EES0423332__X30__Y42__P005.jpg,0.825644,22.094147,ok
EES0423332__X30__Y45__P006.jpg,0.981369,26.026729,ok
EES0423332__X42__Y33__P007.jpg,0.981007,27.470529,ok
EES0423332__X45__Y27__P008.jpg,0.977397,23.748595,ok
EES0423332__X45__Y33__P009.jpg,0.981290,26.290327,ok
EES0423332__X03__Y15__P010.jpg,0.920946,22.665478,ok
EES0423332__X03__Y18__P011.jpg,0.959394,23.064807,ok
EES0423332__X03__Y1B__P012.jpg,0.943023,21.025110,ok
EES0423332__X03__Y1E__P013.jpg,0.974237,23.591410,ok
EES0423332__X03__Y21__P014.jpg,0.965994,21.609439,ok
EES0423332__X03__Y24__P015.jpg,0.961065,21.760448,ok
EES0423332__X03__Y27__P016.jpg,0.934026,21.241560,ok
EES0423332__X03__Y2A__P017.jpg,0.926480,20.668345,ok
EES0423332__X03__Y2D__P018.jpg,0.872253,20.892770,ok
EES0423332__X03__Y30__P019.jpg,0.921767,20.736163,ok
EES0423332__X06__Y21__P020.jpg,0.775207,21.135846,ok
EES0423332__X06__Y30__P021.jpg,0.799322,21.473609,ok
EES0423332__X09__Y33__P022.jpg,0.827964,19.233777,ok
EES0423332__X0C__Y3C__P023.jpg,0.971076,22.712457,ok
EES0423332__X0F__Y3C__P024.jpg,0.956508,21.789329,ok
EES0423332__X0F__Y3F__P025.jpg,0.978040,24.804609,ok
EES0423333__X12__Y3F__P001.jpg,0.873215,20.502975,ok
EES0423333__X18__Y42__P002.jpg,0.958336,21.944310,ok
EES0423333__X30__Y42__P003.jpg,0.957179,25.022433,ok
EES0423333__X30__Y45__P004.jpg,0.980887,25.779255,ok
EES0423333__X42__Y18__P005.jpg,0.728999,13.312897,ok
EES0423333__X06__Y21__P006.jpg,0.957617,23.098120,ok
EES0423333__X06__Y24__P007.jpg,0.929237,20.100310,ok
EES0423333__X06__Y27__P008.jpg,0.923687,20.839336,ok
EES0423333__X06__Y30__P009.jpg,0.964125,23.257819,ok
EES0423333__X0C__Y1B__P010.jpg,0.773171,21.179374,ok
EES0423333__X15__Y3F__P011.jpg,0.958289,22.325402,ok
EES0423333__X1B__Y0C__P012.jpg,0.873189,18.693128,ok
EES0423333__X1B__Y3F__P013.jpg,0.654805,20.267221,ok
EES0423333__X21__Y09__P014.jpg,0.795334,20.932268,ok
EES0423333__X24__Y06__P015.jpg,0.961486,22.295454,ok
EES0423333__X2A__Y3F__P016.jpg,0.943375,22.119655,ok
EES0423333__X2D__Y3F__P017.jpg,0.965288,23.878264,ok
EES0423333__X3F__Y1B__P018.jpg,0.979012,23.764267,ok
EES0423333__X3F__Y1E__P019.jpg,0.882864,20.845020,ok
EES0423333__X3F__Y21__P020.jpg,0.761662,20.480522,ok
EES0423333__X3F__Y24__P021.jpg,0.551347,17.437477,ok
EES0423333__X3F__Y27__P022.jpg,0.925758,21.461382,ok
EES0423333__X3F__Y2A__P023.jpg,0.968460,23.247372,ok
EES0423333__X06__Y1B__P024.jpg,0.978845,24.499039,ok
EES0423333__X06__Y1E__P025.jpg,0.975112,26.823541,ok
EES0423334__X06__Y21__P001.jpg,0.927313,22.095668,ok
EES0423334__X06__Y24__P002.jpg,0.823586,20.699928,ok
EES0423334__X06__Y27__P003.jpg,0.815228,22.049109,ok
EES0423334__X06__Y2D__P004.jpg,0.885618,19.492881,ok
EES0423334__X06__Y30__P005.jpg,0.953386,21.513630,ok
EES0423334__X06__Y36__P006.jpg,0.972922,24.084917,ok
EES0423334__X09__Y24__P007.jpg,0.709956,20.473374,ok
EES0423334__X09__Y27__P008.jpg,0.870432,21.878284,ok
EES0423334__X09__Y2D__P009.jpg,0.936639,21.422717,ok
EES0423334__X09__Y30__P010.jpg,0.743353,21.477361,ok
EES0423334__X0C__Y30__P011.jpg,0.834073,20.793481,ok
EES0423334__X0C__Y33__P012.jpg,0.899915,21.520790,ok
EES0423334__X24__Y09__P013.jpg,0.473044,11.837559,ok
EES0423334__X27__Y45__P014.jpg,0.955817,21.760778,ok
EES0423334__X2A__Y45__P015.jpg,0.945445,22.774470,ok
EES0423334__X2D__Y42__P016.jpg,0.934022,21.530826,ok
EES0423334__X2D__Y45__P017.jpg,0.976848,21.037315,ok
EES0423334__X30__Y0C__P018.jpg,0.935953,23.446326,ok
EES0423334__X33__Y0C__P019.jpg,0.927610,20.828270,ok
EES0423334__X3F__Y33__P020.jpg,0.915785,21.641143,ok
EES0423334__X45__Y24__P021.jpg,0.974786,27.459507,ok
EES0423334__X45__Y27__P022.jpg,0.952613,21.475391,ok
EES0423334__X0F__Y2A__P023.jpg,0.923127,20.775780,ok
EES0423334__X0F__Y2D__P024.jpg,0.804894,20.750575,ok
EES0423334__X12__Y2A__P025.jpg,0.891070,19.539695,ok
EES0423335__X09__Y27__P001.jpg,0.911322,21.563951,ok
EES0423335__X09__Y2A__P002.jpg,0.978814,25.603216,ok
EES0423335__X09__Y2D__P003.jpg,0.949094,21.770619,ok
EES0423335__X09__Y36__P004.jpg,0.978498,25.863944,ok
EES0423335__X0C__Y21__P005.jpg,0.795412,22.485371,ok
EES0423335__X0C__Y24__P006.jpg,0.695685,20.319308,ok
EES0423335__X0C__Y27__P007.jpg,0.707879,21.778807,ok
EES0423335__X0C__Y30__P008.jpg,0.894110,21.880805,ok
EES0423335__X0C__Y33__P009.jpg,0.927891,21.591372,ok
EES0423335__X0C__Y36__P010.jpg,0.942702,21.825463,ok
EES0423335__X0C__Y39__P011.jpg,0.938827,22.119285,ok
EES0423335__X0F__Y1B__P012.jpg,0.963319,24.623874,ok
EES0423335__X0F__Y24__P013.jpg,0.887468,19.435318,ok
EES0423335__X0F__Y30__P014.jpg,0.899318,19.761902,ok
EES0423335__X0F__Y33__P015.jpg,0.709347,22.202717,ok
EES0423335__X0F__Y36__P016.jpg,0.858708,21.056814,ok
EES0423335__X0F__Y39__P017.jpg,0.714434,22.134590,ok
EES0423335__X0F__Y3C__P018.jpg,0.848379,21.483996,ok
EES0423335__X12__Y36__P019.jpg,0.840198,21.222685,ok
EES0423335__X12__Y39__P020.jpg,0.908711,21.732787,ok
EES0423335__X18__Y45__P021.jpg,0.956163,22.628059,ok
EES0423335__X1B__Y45__P022.jpg,0.771059,22.722429,ok
EES0423335__X1E__Y45__P023.jpg,0.685409,21.134887,ok
EES0423335__X33__Y45__P024.jpg,0.972541,25.652607,ok
EES0423335__X36__Y45__P025.jpg,0.971973,24.672709,ok
EES0423336__X21__Y0F__P001.jpg,0.850490,20.858955,ok
EES0423336__X21__Y12__P002.jpg,0.887638,20.236055,ok
EES0423336__X21__Y15__P003.jpg,0.697288,21.045613,ok
EES0423336__X24__Y0C__P004.jpg,0.980214,37.768301,ok
EES0423336__X24__Y0F__P005.jpg,0.702917,17.726349,ok
EES0423336__X24__Y12__P006.jpg,0.536031,18.233224,ok
EES0423336__X27__Y0C__P007.jpg,0.954288,23.032946,ok
EES0423336__X30__Y0F__P008.jpg,0.960889,22.818748,ok
EES0423336__X3F__Y45__P009.jpg,0.979114,25.541493,ok
EES0423336__X42__Y30__P010.jpg,0.973124,24.534264,ok
EES0423336__X06__Y15__P011.jpg,0.982571,26.372873,ok
EES0423336__X06__Y18__P012.jpg,0.946066,21.762852,ok
EES0423336__X06__Y1B__P013.jpg,0.843539,21.045741,ok
EES0423336__X06__Y1E__P014.jpg,0.917230,20.811087,ok
EES0423336__X06__Y21__P015.jpg,0.784858,22.323054,ok
EES0423336__X06__Y24__P016.jpg,0.937639,20.877267,ok
EES0423336__X06__Y27__P017.jpg,0.928671,20.173886,ok
EES0423336__X06__Y2A__P018.jpg,0.915638,19.778470,ok
EES0423336__X06__Y2D__P019.jpg,0.912427,20.702834,ok
EES0423336__X06__Y30__P020.jpg,0.970331,24.534742,ok
EES0423336__X06__Y33__P021.jpg,0.982599,27.193812,ok
EES0423336__X09__Y39__P022.jpg,0.966199,24.133530,ok
EES0423336__X09__Y3C__P023.jpg,0.987424,39.221447,ok
EES0423336__X09__Y3F__P024.jpg,0.980832,27.840396,ok
EES0423336__X0C__Y12__P025.jpg,0.966801,24.944947,ok
EES0423337__X33__Y06__P001.jpg,0.871001,20.491098,ok
EES0423337__X42__Y24__P002.jpg,0.970267,24.194269,ok
EES0423337__X42__Y27__P003.jpg,0.978616,24.712895,ok
EES0423337__X06__Y15__P004.jpg,0.947687,22.392144,ok
EES0423337__X0F__Y30__P005.jpg,0.772625,19.577015,ok
EES0423337__X18__Y06__P006.jpg,0.934849,19.435628,ok
EES0423337__X18__Y3C__P007.jpg,0.925653,19.838022,ok
EES0423337__X1B__Y06__P008.jpg,0.936111,19.732608,ok
EES0423337__X1B__Y3C__P009.jpg,0.729038,19.739367,ok
EES0423337__X1B__Y3F__P010.jpg,0.923701,22.362152,ok
EES0423337__X1B__Y42__P011.jpg,0.973315,22.037333,ok
EES0423337__X1E__Y3C__P012.jpg,0.668980,19.626732,ok
EES0423337__X1E__Y42__P013.jpg,0.956149,20.442006,ok
EES0423337__X21__Y3C__P014.jpg,0.530068,15.952121,ok
EES0423337__X21__Y3F__P015.jpg,0.795833,20.674770,ok
EES0423337__X24__Y3F__P016.jpg,0.876671,20.182697,ok
EES0423337__X03__Y1E__P017.jpg,0.974289,25.163395,ok
EES0423337__X03__Y21__P018.jpg,0.945546,23.698003,ok
EES0423337__X09__Y0F__P019.jpg,0.974382,28.235092,ok
EES0423337__X0C__Y09__P020.jpg,0.978256,24.440444,ok
EES0423337__X0C__Y0C__P021.jpg,0.966616,23.282402,ok
EES0423337__X0F__Y09__P022.jpg,0.924947,21.283958,ok
EES0423337__X12__Y09__P023.jpg,0.938091,21.937099,ok
EES0423337__X15__Y06__P024.jpg,0.980605,24.529830,ok
EES0423337__X15__Y09__P025.jpg,0.877301,19.930110,ok
EES0423338__X03__Y2A__P001.jpg,0.865945,19.134669,ok
EES0423338__X06__Y36__P002.jpg,0.945825,21.130714,ok
EES0423338__X09__Y39__P003.jpg,0.806224,22.094536,ok
EES0423338__X09__Y3C__P004.jpg,0.978488,24.222335,ok
EES0423338__X12__Y0C__P005.jpg,0.961583,23.886269,ok
EES0423338__X21__Y45__P006.jpg,0.720064,18.897091,ok
EES0423338__X3F__Y21__P007.jpg,0.870602,19.740564,ok
EES0423338__X06__Y12__P008.jpg,0.968221,21.501254,ok
EES0423338__X15__Y3C__P009.jpg,0.972403,22.989999,ok
EES0423338__X18__Y39__P010.jpg,0.702268,18.014817,ok
EES0423338__X18__Y3C__P011.jpg,0.961122,21.461329,ok
EES0423338__X1B__Y39__P012.jpg,0.754857,19.882690,ok
EES0423338__X1B__Y3C__P013.jpg,0.896874,21.666073,ok
EES0423338__X12__Y09__P014.jpg,0.488458,11.873728,ok
EES0423338__X18__Y3C__P015.jpg,0.953943,21.718804,ok
EES0423338__X18__Y3F__P016.jpg,0.980569,24.135904,ok
EES0423338__X1B__Y3F__P017.jpg,0.941982,20.070994,ok
EES0423338__X27__Y3F__P018.jpg,0.977347,24.045013,ok
EES0423338__X2A__Y3F__P019.jpg,0.969949,21.080672,ok
EES0423338__X06__Y36__P020.jpg,0.976170,26.587546,ok
EES0423338__X0C__Y0F__P021.jpg,0.971920,26.883657,ok
EES0423338__X0F__Y0C__P022.jpg,0.946532,21.892945,ok
EES0423338__X18__Y06__P023.jpg,0.974550,22.705330,ok
EES0423338__X18__Y09__P024.jpg,0.952422,22.633273,ok
EES0423338__X1B__Y06__P025.jpg,0.967217,25.041255,ok
EES0423339__X1E__Y06__P001.jpg,0.960200,24.086863,ok
EES0423339__X21__Y45__P002.jpg,0.977166,25.155850,ok
EES0423339__X24__Y45__P003.jpg,0.971536,22.814850,ok
EES0423339__X27__Y45__P004.jpg,0.967356,22.445921,ok
EES0423339__X42__Y1E__P005.jpg,0.948662,21.131778,ok
EES0423339__X06__Y1B__P006.jpg,0.938911,20.710483,ok
EES0423339__X06__Y1E__P007.jpg,0.916907,21.253452,ok
EES0423339__X06__Y21__P008.jpg,0.969105,23.009014,ok
EES0423339__X06__Y33__P009.jpg,0.717244,19.771442,ok
EES0423339__X06__Y36__P010.jpg,0.737075,18.928072,ok
EES0423339__X06__Y39__P011.jpg,0.982230,23.329448,ok
EES0423339__X09__Y15__P012.jpg,0.940354,20.440760,ok
EES0423339__X09__Y18__P013.jpg,0.958883,22.777210,ok
EES0423339__X15__Y36__P014.jpg,0.937805,22.157339,ok
EES0423339__X15__Y42__P015.jpg,0.921095,21.421139,ok
EES0423339__X18__Y33__P016.jpg,0.857502,20.979231,ok
EES0423339__X18__Y36__P017.jpg,0.819972,22.106655,ok
EES0423339__X18__Y3C__P018.jpg,0.825777,22.534526,ok
EES0423339__X18__Y42__P019.jpg,0.918769,20.418030,ok
EES0423339__X1B__Y09__P020.jpg,0.797362,21.880900,ok
EES0423339__X1B__Y42__P021.jpg,0.936709,20.219893,ok
EES0423339__X1B__Y45__P022.jpg,0.980273,24.211019,ok
EES0423339__X1E__Y45__P023.jpg,0.888933,19.947516,ok
EES0423339__X2D__Y09__P024.jpg,0.961527,22.494252,ok
EES0423339__X2D__Y42__P025.jpg,0.974265,26.921626,ok
EES0423340__X30__Y42__P001.jpg,0.968771,21.615632,ok
EES0423340__X39__Y36__P002.jpg,0.909787,21.603087,ok
EES0423340__X3C__Y36__P003.jpg,0.960600,23.645421,ok
EES0423340__X3F__Y1B__P004.jpg,0.979238,25.426615,ok
EES0423340__X3F__Y1E__P005.jpg,0.943849,22.049668,ok
EES0423340__X3F__Y21__P006.jpg,0.870869,18.840943,ok
EES0423340__X3F__Y2A__P007.jpg,0.878795,19.708535,ok
EES0423340__X12__Y21__P008.jpg,0.823593,21.913621,ok
EES0423340__X21__Y09__P009.jpg,0.948385,20.861705,ok
EES0423340__X30__Y18__P010.jpg,0.900237,20.128344,ok
EES0423340__X33__Y1B__P011.jpg,0.805064,21.033225,ok
EES0423340__X36__Y1B__P012.jpg,0.775201,21.580602,ok
EES0423340__X39__Y30__P013.jpg,0.776382,19.212667,ok
EES0423340__X3C__Y30__P014.jpg,0.940443,20.756098,ok
EES0423340__X3F__Y2A__P015.jpg,0.484120,12.582795,ok
EES0423340__X3F__Y2D__P016.jpg,0.975012,21.424696,ok
EES0423340__X06__Y1B__P017.jpg,0.545396,18.193796,ok
EES0423340__X06__Y1E__P018.jpg,0.772489,21.215006,ok
EES0423340__X0C__Y3F__P019.jpg,0.806728,21.279206,ok
EES0423340__X12__Y0C__P020.jpg,0.879962,20.779383,ok
EES0423340__X15__Y09__P021.jpg,0.948638,28.312322,ok
EES0423340__X15__Y45__P022.jpg,0.921993,25.472726,ok
EES0423340__X18__Y09__P023.jpg,0.918374,23.999307,ok
EES0423340__X18__Y45__P024.jpg,0.756524,22.684115,ok
EES0423340__X1B__Y09__P025.jpg,0.912758,21.737539,ok
EES0423341__X1E__Y09__P001.jpg,0.898271,22.581240,ok
EES0423341__X21__Y09__P002.jpg,0.749333,21.646425,ok
EES0423341__X24__Y09__P003.jpg,0.706011,21.984116,ok
EES0423341__X27__Y09__P004.jpg,0.747138,21.519825,ok
EES0423341__X2A__Y09__P005.jpg,0.950848,24.096863,ok
EES0423341__X2A__Y45__P006.jpg,0.618012,20.744941,ok
EES0423341__X2D__Y09__P007.jpg,0.904677,22.045936,ok
EES0423341__X2D__Y0C__P008.jpg,0.821662,22.097479,ok
EES0423341__X2D__Y45__P009.jpg,0.835595,20.424669,ok
EES0423341__X30__Y0C__P010.jpg,0.848405,19.222465,ok
EES0423341__X30__Y42__P011.jpg,0.828499,19.994614,ok
EES0423341__X30__Y45__P012.jpg,0.870778,20.706377,ok
EES0423341__X33__Y0C__P013.jpg,0.747210,22.236084,ok
EES0423341__X33__Y0F__P014.jpg,0.686384,21.432881,ok
EES0423341__X33__Y24__P015.jpg,0.826250,21.085400,ok
EES0423341__X33__Y42__P016.jpg,0.909281,22.982927,ok
EES0423341__X36__Y0C__P017.jpg,0.952510,24.789964,ok
EES0423341__X36__Y0F__P018.jpg,0.874577,19.862186,ok
EES0423341__X36__Y12__P019.jpg,0.724510,22.861815,ok
EES0423341__X36__Y3F__P020.jpg,0.782684,23.097113,ok
EES0423341__X39__Y0F__P021.jpg,0.952192,32.822038,ok
EES0423341__X39__Y12__P022.jpg,0.881780,20.328269,ok
EES0423341__X3C__Y15__P023.jpg,0.857510,20.517216,ok
EES0423341__X3F__Y15__P024.jpg,0.949576,29.430915,ok
EES0423341__X3F__Y18__P025.jpg,0.935570,26.005440,ok
EES0423342__X45__Y2A__P001.jpg,0.905377,22.446629,ok
EES0423342__X45__Y2D__P002.jpg,0.915776,28.537180,ok
EES0423342__X45__Y30__P003.jpg,0.951202,31.335928,ok
EES0423342__X03__Y12__P004.jpg,0.942730,26.698808,ok
EES0423342__X03__Y15__P005.jpg,0.947468,28.387342,ok
EES0423342__X06__Y15__P006.jpg,0.925428,24.156085,ok
EES0423342__X06__Y18__P007.jpg,0.900651,21.309487,ok
EES0423342__X0C__Y0F__P008.jpg,0.721104,16.825494,ok
EES0423342__X0F__Y0C__P009.jpg,0.735961,20.608323,ok
EES0423342__X0F__Y0F__P010.jpg,0.812083,20.825664,ok
EES0423342__X12__Y0C__P011.jpg,0.850265,20.400667,ok
EES0423342__X15__Y45__P012.jpg,0.837329,21.039373,ok
EES0423342__X18__Y09__P013.jpg,0.888107,23.853149,ok
EES0423342__X1B__Y09__P014.jpg,0.937651,27.076687,ok
EES0423342__X1E__Y09__P015.jpg,0.852768,23.975066,ok
EES0423342__X24__Y09__P016.jpg,0.831285,19.589145,ok
EES0423342__X27__Y09__P017.jpg,0.894006,22.315914,ok
EES0423342__X2D__Y45__P018.jpg,0.738123,18.018616,ok
EES0423342__X30__Y0C__P019.jpg,0.917970,23.260737,ok
EES0423342__X30__Y45__P020.jpg,0.791746,20.983079,ok
EES0423342__X36__Y42__P021.jpg,0.924387,24.191790,ok
EES0423342__X3F__Y18__P022.jpg,0.943761,27.572301,ok
EES0423342__X42__Y1E__P023.jpg,0.947489,28.090065,ok
EES0423342__X42__Y33__P024.jpg,0.951343,29.465418,ok
EES0423342__X45__Y39__P025.jpg,0.921426,23.577767,ok
EES0423343__X24__Y2A__P001.jpg,0.748718,22.121138,ok
EES0423343__X24__Y3C__P002.jpg,0.752947,22.153906,ok
EES0423343__X24__Y3F__P003.jpg,0.790714,23.585675,ok
EES0423343__X24__Y42__P004.jpg,0.860083,21.910699,ok
EES0423343__X24__Y45__P005.jpg,0.921894,26.440812,ok
EES0423343__X27__Y45__P006.jpg,0.957833,34.358505,ok
EES0423343__X2A__Y0F__P007.jpg,0.947003,26.100152,ok
EES0423343__X2A__Y1B__P008.jpg,0.903377,23.218750,ok
EES0423343__X2A__Y33__P009.jpg,0.888595,23.291294,ok
EES0423343__X2A__Y39__P010.jpg,0.906053,23.589181,ok
EES0423343__X2A__Y3F__P011.jpg,0.887020,22.741987,ok
EES0423343__X2A__Y45__P012.jpg,0.893267,21.798010,ok
EES0423343__X2D__Y3C__P013.jpg,0.912070,22.268668,ok
EES0423343__X30__Y12__P014.jpg,0.911582,23.399335,ok
EES0423343__X30__Y39__P015.jpg,0.832710,20.919344,ok
EES0423343__X30__Y3C__P016.jpg,0.918741,23.681614,ok
EES0423343__X33__Y3C__P017.jpg,0.894508,20.989808,ok
EES0423343__X36__Y15__P018.jpg,0.937196,25.741647,ok
EES0423343__X36__Y18__P019.jpg,0.877248,23.456732,ok
EES0423343__X36__Y3C__P020.jpg,0.814461,23.392420,ok
EES0423343__X36__Y3F__P021.jpg,0.870923,22.955375,ok
EES0423343__X39__Y39__P022.jpg,0.810073,22.826678,ok
EES0423343__X39__Y3C__P023.jpg,0.637777,18.986389,ok
EES0423343__X3C__Y2D__P024.jpg,0.944654,29.613413,ok
EES0423343__X3C__Y33__P025.jpg,0.844512,22.440017,ok
EES0423344__X3C__Y39__P001.jpg,0.800125,23.357099,ok
EES0423344__X3F__Y2A__P002.jpg,0.795925,23.597829,ok
EES0423344__X42__Y2A__P003.jpg,0.725596,21.674085,ok
EES0423344__X03__Y1E__P004.jpg,0.885623,21.461369,ok
EES0423344__X03__Y2D__P005.jpg,0.948926,27.446964,ok
EES0423344__X06__Y18__P006.jpg,0.892330,33.060373,ok
EES0423344__X06__Y1B__P007.jpg,0.748873,24.020641,ok
EES0423344__X06__Y1E__P008.jpg,0.593450,19.396783,ok
EES0423344__X06__Y2A__P009.jpg,0.780419,23.566985,ok
EES0423344__X06__Y2D__P010.jpg,0.908976,25.012155,ok
EES0423344__X09__Y12__P011.jpg,0.919271,24.013766,ok
EES0423344__X09__Y33__P012.jpg,0.862076,21.780348,ok
EES0423344__X09__Y36__P013.jpg,0.892418,21.128634,ok
EES0423344__X0C__Y0F__P014.jpg,0.926368,23.022238,ok
EES0423344__X0C__Y39__P015.jpg,0.822197,23.015030,ok
EES0423344__X0F__Y0C__P016.jpg,0.776526,23.599965,ok
EES0423344__X0F__Y39__P017.jpg,0.758856,24.072450,ok
EES0423344__X0F__Y3C__P018.jpg,0.917891,25.880735,ok
EES0423344__X12__Y3F__P019.jpg,0.936739,30.030443,ok
EES0423344__X15__Y3F__P020.jpg,0.859270,21.405329,ok
EES0423344__X18__Y06__P021.jpg,0.951562,31.015870,ok
EES0423344__X18__Y42__P022.jpg,0.943234,26.257766,ok
EES0423344__X1B__Y06__P023.jpg,0.956150,31.616457,ok
EES0423344__X1B__Y42__P024.jpg,0.823025,21.917949,ok
EES0423344__X1E__Y06__P025.jpg,0.906618,24.822833,ok
EES0423345__X1E__Y45__P001.jpg,0.754158,23.065482,ok
EES0423345__X21__Y06__P002.jpg,0.845569,21.561352,ok
EES0423345__X21__Y42__P003.jpg,0.795113,23.150781,ok
EES0423345__X21__Y45__P004.jpg,0.818899,22.319726,ok
EES0423345__X24__Y06__P005.jpg,0.856962,22.292433,ok
EES0423345__X24__Y45__P006.jpg,0.921324,27.106243,ok
EES0423345__X27__Y06__P007.jpg,0.890156,23.169030,ok
EES0423345__X27__Y45__P008.jpg,0.701166,21.476424,ok
EES0423345__X2A__Y06__P009.jpg,0.861138,21.214437,ok
EES0423345__X2A__Y45__P010.jpg,0.939540,25.179064,ok
EES0423345__X2D__Y06__P011.jpg,0.952566,32.722799,ok
EES0423345__X2D__Y42__P012.jpg,0.654823,21.189171,ok
EES0423345__X2D__Y45__P013.jpg,0.955316,33.860825,ok
EES0423345__X30__Y06__P014.jpg,0.933121,32.310467,ok
EES0423345__X30__Y09__P015.jpg,0.843219,20.882738,ok
EES0423345__X30__Y42__P016.jpg,0.795461,21.271347,ok
EES0423345__X33__Y09__P017.jpg,0.814291,20.945871,ok
EES0423345__X33__Y42__P018.jpg,0.951841,30.408461,ok
EES0423345__X36__Y09__P019.jpg,0.918810,23.991201,ok
EES0423345__X36__Y0C__P020.jpg,0.811384,21.826301,ok
EES0423345__X39__Y09__P021.jpg,0.918922,22.993317,ok
EES0423345__X39__Y0C__P022.jpg,0.951563,29.848073,ok
EES0423345__X39__Y0F__P023.jpg,0.746736,23.045129,ok
EES0423345__X3C__Y0F__P024.jpg,0.870558,21.447048,ok
EES0423345__X3C__Y3C__P025.jpg,0.951259,29.323860,ok
EES0423346__X3F__Y12__P001.jpg,0.944811,24.818452,ok
EES0423346__X3F__Y15__P002.jpg,0.684725,21.404594,ok
EES0423346__X3F__Y36__P003.jpg,0.659524,20.771854,ok
EES0423346__X42__Y12__P004.jpg,0.747429,22.990167,ok
EES0423346__X42__Y15__P005.jpg,0.873991,23.619277,ok
EES0423346__X42__Y18__P006.jpg,0.958466,38.095355,ok
EES0423346__X42__Y1B__P007.jpg,0.790549,22.669154,ok
EES0423346__X42__Y1E__P008.jpg,0.569844,16.715220,ok
EES0423346__X42__Y2D__P009.jpg,0.599809,19.304723,ok
EES0423346__X42__Y30__P010.jpg,0.600474,18.853226,ok
EES0423346__X42__Y33__P011.jpg,0.876547,22.269746,ok
EES0423346__X45__Y15__P012.jpg,0.899376,21.768106,ok
EES0423346__X45__Y18__P013.jpg,0.940987,27.737863,ok
EES0423346__X45__Y1E__P014.jpg,0.948940,34.256194,ok
EES0423346__X45__Y21__P015.jpg,0.946083,39.507973,ok
EES0423346__X45__Y24__P016.jpg,0.951671,27.149097,ok
EES0423346__X45__Y27__P017.jpg,0.951554,32.395154,ok
EES0423346__X45__Y2A__P018.jpg,0.957275,30.820402,ok
EES0423346__X45__Y2D__P019.jpg,0.881833,20.945404,ok
EES0423346__X45__Y30__P020.jpg,0.925524,26.088246,ok
EES0423346__X45__Y33__P021.jpg,0.928206,26.911255,ok
EES0423346__X03__Y1B__P022.jpg,0.920986,26.063962,ok
EES0423346__X03__Y1E__P023.jpg,0.873782,21.709944,ok
EES0423346__X03__Y21__P024.jpg,0.691885,16.419312,ok
EES0423346__X03__Y24__P025.jpg,0.769246,22.489222,ok
EES0423347__X03__Y27__P001.jpg,0.690702,19.188260,ok
EES0423347__X03__Y2A__P002.jpg,0.629353,15.948643,ok
EES0423347__X03__Y2D__P003.jpg,0.774924,22.386903,ok
EES0423347__X03__Y30__P004.jpg,0.800840,22.764816,ok
EES0423347__X03__Y33__P005.jpg,0.922160,24.872991,ok
EES0423347__X03__Y36__P006.jpg,0.955661,33.534263,ok
EES0423347__X03__Y39__P007.jpg,0.948047,28.508430,ok
EES0423347__X06__Y15__P008.jpg,0.627493,15.885695,ok
EES0423347__X06__Y18__P009.jpg,0.778586,22.360848,ok
EES0423347__X06__Y30__P010.jpg,0.533474,15.814754,ok
EES0423347__X06__Y36__P011.jpg,0.792800,23.128822,ok
EES0423347__X06__Y39__P012.jpg,0.886588,26.157450,ok
EES0423347__X06__Y3C__P013.jpg,0.935143,26.522448,ok
EES0423347__X09__Y15__P014.jpg,0.769965,21.650875,ok
EES0423347__X09__Y3C__P015.jpg,0.838530,21.101903,ok
EES0423347__X09__Y3F__P016.jpg,0.875431,23.675005,ok
EES0423347__X0C__Y3F__P017.jpg,0.856828,22.010907,ok
EES0423347__X0F__Y3F__P018.jpg,0.725092,21.190606,ok
EES0423347__X0F__Y42__P019.jpg,0.918191,24.350733,ok
EES0423347__X0F__Y45__P020.jpg,0.949713,33.405258,ok
EES0423347__X12__Y42__P021.jpg,0.687932,20.085201,ok
EES0423347__X12__Y45__P022.jpg,0.900642,25.336059,ok
EES0423347__X15__Y45__P023.jpg,0.887986,23.608465,ok
EES0423347__X18__Y45__P024.jpg,0.552962,16.445847,ok
EES0423347__X33__Y45__P025.jpg,0.906631,24.430595,ok
EES0423348__X33__Y3C__P001.jpg,0.899834,21.228275,ok
EES0423348__X33__Y3F__P002.jpg,0.748758,19.285138,ok
EES0423348__X33__Y42__P003.jpg,0.796447,21.073107,ok
EES0423348__X36__Y2A__P004.jpg,0.923565,21.995283,ok
EES0423348__X36__Y30__P005.jpg,0.878369,21.876437,ok
EES0423348__X36__Y33__P006.jpg,0.883470,19.100990,ok
EES0423348__X39__Y2A__P007.jpg,0.900926,20.628260,ok
EES0423348__X39__Y30__P008.jpg,0.895015,21.088778,ok
EES0423348__X3C__Y27__P009.jpg,0.945484,24.879984,ok
EES0423348__X3C__Y2A__P010.jpg,0.875783,19.918892,ok
EES0423348__X3F__Y27__P011.jpg,0.809318,19.939388,ok
EES0423348__X03__Y15__P012.jpg,0.953252,37.070389,ok
EES0423348__X03__Y18__P013.jpg,0.906774,25.988466,ok
EES0423348__X03__Y1B__P014.jpg,0.895324,25.448862,ok
EES0423348__X03__Y2A__P015.jpg,0.613031,19.848036,ok
EES0423348__X03__Y2D__P016.jpg,0.642045,21.571931,ok
EES0423348__X03__Y30__P017.jpg,0.818480,23.037504,ok
EES0423348__X03__Y33__P018.jpg,0.881158,23.384922,ok
EES0423348__X06__Y0F__P019.jpg,0.933307,25.038966,ok
EES0423348__X06__Y12__P020.jpg,0.902327,26.772690,ok
EES0423348__X06__Y15__P021.jpg,0.607463,20.426778,ok
EES0423348__X06__Y30__P022.jpg,0.774268,23.701223,ok
EES0423348__X06__Y33__P023.jpg,0.629937,21.871380,ok
EES0423348__X06__Y36__P024.jpg,0.829203,22.909484,ok
EES0423348__X09__Y0F__P025.jpg,0.876313,21.729386,ok
EES0423349__X09__Y36__P001.jpg,0.661191,19.967774,ok
EES0423349__X09__Y39__P002.jpg,0.791744,22.370379,ok
EES0423349__X0C__Y0C__P003.jpg,0.911505,22.531890,ok
EES0423349__X0C__Y3C__P004.jpg,0.853642,21.404297,ok
EES0423349__X0F__Y09__P005.jpg,0.918228,27.875210,ok
EES0423349__X0F__Y3F__P006.jpg,0.803054,23.482691,ok
EES0423349__X12__Y42__P007.jpg,0.939344,25.909848,ok
EES0423349__X15__Y42__P008.jpg,0.818942,21.679951,ok
EES0423349__X18__Y42__P009.jpg,0.600367,19.463239,ok
EES0423349__X18__Y45__P010.jpg,0.939822,26.598148,ok
EES0423349__X1B__Y42__P011.jpg,0.531574,18.685232,ok
EES0423349__X1B__Y45__P012.jpg,0.903699,22.066485,ok
EES0423349__X1E__Y45__P013.jpg,0.950123,35.141687,ok
EES0423349__X21__Y45__P014.jpg,0.748921,22.806852,ok
EES0423349__X24__Y45__P015.jpg,0.952857,34.043880,ok
EES0423349__X27__Y45__P016.jpg,0.877377,24.420571,ok
EES0423349__X2D__Y09__P017.jpg,0.653397,19.826268,ok
EES0423349__X2D__Y42__P018.jpg,0.892753,22.783895,ok
EES0423349__X30__Y09__P019.jpg,0.955657,35.000871,ok
EES0423349__X30__Y3F__P020.jpg,0.704468,21.656048,ok
EES0423349__X33__Y0C__P021.jpg,0.761261,22.817635,ok
EES0423349__X33__Y3F__P022.jpg,0.912978,26.703589,ok
EES0423349__X39__Y39__P023.jpg,0.908752,24.798761,ok
EES0423349__X3C__Y15__P024.jpg,0.927563,25.586534,ok
EES0423349__X3C__Y36__P025.jpg,0.902902,22.793351,ok
EES0423350__X30__Y2A__P001.jpg,0.958669,38.989494,ok
EES0423350__X30__Y30__P002.jpg,0.818772,20.787393,ok
EES0423350__X30__Y36__P003.jpg,0.808797,21.524707,ok
EES0423350__X30__Y39__P004.jpg,0.855520,22.423161,ok
EES0423350__X30__Y3F__P005.jpg,0.859029,19.690822,ok
EES0423350__X30__Y42__P006.jpg,0.812285,21.202689,ok
EES0423350__X33__Y24__P007.jpg,0.918486,23.140749,ok
EES0423350__X33__Y27__P008.jpg,0.821527,23.203618,ok
EES0423350__X33__Y30__P009.jpg,0.803453,23.042595,ok
EES0423350__X33__Y39__P010.jpg,0.905149,22.324761,ok
EES0423350__X33__Y3C__P011.jpg,0.770435,21.222210,ok
EES0423350__X33__Y3F__P012.jpg,0.927143,26.391953,ok
EES0423350__X36__Y30__P013.jpg,0.925159,23.688483,ok
EES0423350__X36__Y39__P014.jpg,0.926830,27.326738,ok
EES0423350__X36__Y3F__P015.jpg,0.879977,17.933589,ok
EES0423350__X36__Y42__P016.jpg,0.673154,18.339403,ok
EES0423350__X39__Y3C__P017.jpg,0.727612,18.643114,ok
EES0423350__X09__Y1E__P018.jpg,0.892749,21.756823,ok
EES0423350__X09__Y24__P019.jpg,0.716630,19.966672,ok
EES0423350__X09__Y27__P020.jpg,0.872936,21.165355,ok
EES0423350__X09__Y2A__P021.jpg,0.903625,23.138287,ok
EES0423350__X09__Y2D__P022.jpg,0.929357,23.916841,ok
EES0423350__X09__Y30__P023.jpg,0.615713,15.582320,ok
EES0423350__X0C__Y18__P024.jpg,0.887600,22.725328,ok
EES0423350__X0C__Y1E__P025.jpg,0.901433,21.754592,ok
EES0423351__X21__Y06__P001.jpg,0.848731,19.960887,ok
EES0423351__X21__Y45__P002.jpg,0.836837,21.197351,ok
EES0423351__X24__Y06__P003.jpg,0.916214,20.087937,ok
EES0423351__X24__Y45__P004.jpg,0.685632,18.348748,ok
EES0423351__X27__Y09__P005.jpg,0.868998,20.327637,ok
EES0423351__X27__Y45__P006.jpg,0.860153,20.921783,ok
EES0423351__X2A__Y09__P007.jpg,0.810116,22.280818,ok
EES0423351__X2D__Y06__P008.jpg,0.878741,21.260003,ok
EES0423351__X30__Y09__P009.jpg,0.937416,29.346077,ok
EES0423351__X30__Y0C__P010.jpg,0.939735,23.484310,ok
EES0423351__X33__Y09__P011.jpg,0.912261,21.507678,ok
EES0423351__X33__Y0C__P012.jpg,0.952483,29.491591,ok
EES0423351__X33__Y0F__P013.jpg,0.782083,22.493059,ok
EES0423351__X33__Y3F__P014.jpg,0.951344,38.304621,ok
EES0423351__X36__Y0C__P015.jpg,0.868618,19.249959,ok
EES0423351__X36__Y0F__P016.jpg,0.930579,23.175337,ok
EES0423351__X36__Y12__P017.jpg,0.760221,22.770532,ok
EES0423351__X36__Y3C__P018.jpg,0.909817,25.541956,ok
EES0423351__X39__Y12__P019.jpg,0.905080,22.342503,ok
EES0423351__X3C__Y18__P020.jpg,0.940813,35.143374,ok
EES0423351__X3C__Y33__P021.jpg,0.938209,21.794178,ok
EES0423351__X3F__Y1B__P022.jpg,0.923880,22.484853,ok
EES0423351__X3F__Y1E__P023.jpg,0.950979,26.408620,ok
EES0423351__X3F__Y21__P024.jpg,0.915825,19.670787,ok
EES0423351__X3F__Y24__P025.jpg,0.962099,29.032296,ok
EES0423352__X3F__Y27__P001.jpg,0.957380,31.829698,ok
EES0423352__X3F__Y36__P002.jpg,0.912043,19.574069,ok
EES0423352__X03__Y1E__P003.jpg,0.928952,27.147861,ok
EES0423352__X03__Y21__P004.jpg,0.913885,24.334249,ok
EES0423352__X03__Y24__P005.jpg,0.935227,25.743206,ok
EES0423352__X03__Y27__P006.jpg,0.886862,22.964682,ok
EES0423352__X03__Y2A__P007.jpg,0.648341,19.983673,ok
EES0423352__X03__Y2D__P008.jpg,0.737631,22.052346,ok
EES0423352__X03__Y30__P009.jpg,0.638377,18.695542,ok
EES0423352__X03__Y33__P010.jpg,0.937612,27.942392,ok
EES0423352__X06__Y18__P011.jpg,0.884298,21.507745,ok
EES0423352__X06__Y1B__P012.jpg,0.731842,21.651475,ok
EES0423352__X06__Y1E__P013.jpg,0.728765,23.140266,ok
EES0423352__X06__Y21__P014.jpg,0.653949,19.717609,ok
EES0423352__X06__Y24__P015.jpg,0.603558,18.214680,ok
EES0423352__X06__Y2A__P016.jpg,0.812708,23.761698,ok
EES0423352__X06__Y2D__P017.jpg,0.511348,15.482299,ok
EES0423352__X09__Y15__P018.jpg,0.947937,26.853248,ok
EES0423352__X09__Y18__P019.jpg,0.839759,21.431222,ok
EES0423352__X0C__Y0F__P020.jpg,0.956615,33.976986,ok
EES0423352__X0C__Y12__P021.jpg,0.762464,22.332164,ok
EES0423352__X0C__Y15__P022.jpg,0.849692,21.354428,ok
EES0423352__X0C__Y18__P023.jpg,0.671209,19.919725,ok
EES0423352__X0C__Y1B__P024.jpg,0.612960,16.724639,ok
EES0423352__X0C__Y3F__P025.jpg,0.794943,22.222051,ok
EES0423353__X2D__Y09__P001.jpg,0.952832,32.180257,ok
EES0423353__X2D__Y45__P002.jpg,0.927386,23.349654,ok
EES0423353__X30__Y0C__P003.jpg,0.746146,22.085219,ok
EES0423353__X33__Y0C__P004.jpg,0.956627,28.497375,ok
EES0423353__X33__Y0F__P005.jpg,0.668220,20.224392,ok
EES0423353__X33__Y30__P006.jpg,0.727391,22.166250,ok
EES0423353__X33__Y42__P007.jpg,0.957943,32.239137,ok
EES0423353__X36__Y0F__P008.jpg,0.913463,23.647314,ok
EES0423353__X36__Y3F__P009.jpg,0.835851,22.698185,ok
EES0423353__X39__Y12__P010.jpg,0.826820,20.811513,ok
EES0423353__X39__Y3C__P011.jpg,0.742408,22.314555,ok
EES0423353__X39__Y3F__P012.jpg,0.948033,28.725548,ok
EES0423353__X3C__Y15__P013.jpg,0.837117,23.032244,ok
EES0423353__X3C__Y39__P014.jpg,0.821540,23.381753,ok
EES0423353__X3F__Y18__P015.jpg,0.951239,27.606578,ok
EES0423353__X3F__Y1B__P016.jpg,0.623957,18.768145,ok
EES0423353__X3F__Y33__P017.jpg,0.616782,18.240432,ok
EES0423353__X3F__Y36__P018.jpg,0.958254,31.583396,ok
EES0423353__X42__Y21__P019.jpg,0.862163,21.920573,ok
EES0423353__X42__Y24__P020.jpg,0.881052,21.956805,ok
EES0423353__X42__Y27__P021.jpg,0.619570,17.291521,ok
EES0423353__X42__Y2A__P022.jpg,0.876888,20.455359,ok
EES0423353__X42__Y2D__P023.jpg,0.951343,30.963738,ok
EES0423353__X33__Y0F__P024.jpg,0.887500,20.452158,ok
EES0423353__X36__Y0F__P025.jpg,0.905635,21.883384,ok
EES0423354__X36__Y1B__P001.jpg,0.852646,20.962238,ok
EES0423354__X36__Y36__P002.jpg,0.753002,18.685227,ok
EES0423354__X36__Y39__P003.jpg,0.799113,19.606162,ok
EES0423354__X39__Y1B__P004.jpg,0.837882,20.804520,ok
EES0423354__X39__Y39__P005.jpg,0.818491,21.646071,ok
EES0423354__X3C__Y1B__P006.jpg,0.831740,20.521170,ok
EES0423354__X3C__Y36__P007.jpg,0.735487,18.052979,ok
EES0423354__X3C__Y39__P008.jpg,0.876212,21.881591,ok
EES0423354__X3F__Y18__P009.jpg,0.896041,21.007320,ok
EES0423354__X3F__Y1B__P010.jpg,0.857936,18.845160,ok
EES0423354__X3F__Y21__P011.jpg,0.685348,16.323898,ok
EES0423354__X3F__Y24__P012.jpg,0.818259,17.604274,ok
EES0423354__X3F__Y27__P013.jpg,0.890982,21.597076,ok
EES0423354__X42__Y1E__P014.jpg,0.851363,20.323063,ok
EES0423354__X42__Y21__P015.jpg,0.901960,22.162607,ok
EES0423354__X06__Y1E__P016.jpg,0.955991,32.653261,ok
EES0423354__X06__Y21__P017.jpg,0.908983,24.463074,ok
EES0423354__X06__Y24__P018.jpg,0.895743,23.875480,ok
EES0423354__X06__Y27__P019.jpg,0.917998,26.726258,ok
EES0423354__X06__Y2A__P020.jpg,0.873537,23.059177,ok
EES0423354__X06__Y2D__P021.jpg,0.898700,25.092972,ok
EES0423354__X06__Y30__P022.jpg,0.895668,24.640654,ok
EES0423354__X09__Y1B__P023.jpg,0.821692,23.638038,ok
EES0423354__X09__Y1E__P024.jpg,0.553729,16.064205,ok
EES0423354__X09__Y21__P025.jpg,0.615288,16.905401,ok
EES0423355__X09__Y24__P001.jpg,0.558890,17.539063,ok
EES0423355__X09__Y33__P002.jpg,0.776614,22.777783,ok
EES0423355__X09__Y36__P003.jpg,0.929886,26.432738,ok
EES0423355__X0C__Y15__P004.jpg,0.898715,23.862440,ok
EES0423355__X0C__Y18__P005.jpg,0.698635,19.731020,ok
EES0423355__X0C__Y1B__P006.jpg,0.777416,23.247787,ok
EES0423355__X0C__Y1E__P007.jpg,0.532752,16.095921,ok
EES0423355__X0C__Y39__P008.jpg,0.739612,22.486534,ok
EES0423355__X0C__Y3C__P009.jpg,0.933266,27.641212,ok
EES0423355__X0C__Y3F__P010.jpg,0.864510,22.350787,ok
EES0423355__X0C__Y45__P011.jpg,0.943512,36.505014,ok
EES0423355__X0F__Y12__P012.jpg,0.909014,26.391182,ok
EES0423355__X0F__Y15__P013.jpg,0.606684,16.210466,ok
EES0423355__X0F__Y18__P014.jpg,0.750160,20.935580,ok
EES0423355__X0F__Y3F__P015.jpg,0.924511,27.140567,ok
EES0423355__X12__Y0F__P016.jpg,0.919236,25.081639,ok
EES0423355__X12__Y12__P017.jpg,0.794038,23.158728,ok
EES0423355__X12__Y1E__P018.jpg,0.958912,40.334567,ok
EES0423355__X12__Y42__P019.jpg,0.939494,27.435185,ok
EES0423355__X15__Y0C__P020.jpg,0.954271,38.151463,ok
EES0423355__X15__Y0F__P021.jpg,0.858897,21.306048,ok
EES0423355__X18__Y0C__P022.jpg,0.875459,21.788027,ok
EES0423355__X18__Y0F__P023.jpg,0.724105,20.911637,ok
EES0423355__X18__Y12__P024.jpg,0.638334,18.938224,ok
EES0423355__X18__Y45__P025.jpg,0.905341,24.493586,ok
EES0423356__X1B__Y09__P001.jpg,0.439778,10.541226,ok
EES0423356__X1B__Y0C__P002.jpg,0.715138,22.238011,ok
EES0423356__X1B__Y45__P003.jpg,0.777327,22.768626,ok
EES0423356__X1E__Y09__P004.jpg,0.951768,35.664178,ok
EES0423356__X1E__Y0C__P005.jpg,0.632209,17.869206,ok
EES0423356__X21__Y09__P006.jpg,0.694686,21.499543,ok
EES0423356__X24__Y09__P007.jpg,0.809888,24.575533,ok
EES0423356__X27__Y09__P008.jpg,0.787045,21.946407,ok
EES0423356__X2A__Y09__P009.jpg,0.926702,25.755696,ok
EES0423356__X2D__Y09__P010.jpg,0.954590,36.350626,ok
EES0423356__X30__Y0C__P011.jpg,0.642725,19.087839,ok
EES0423356__X30__Y45__P012.jpg,0.747250,21.791337,ok
EES0423356__X33__Y0C__P013.jpg,0.866324,21.691054,ok
EES0423356__X33__Y0F__P014.jpg,0.639419,17.424385,ok
EES0423356__X33__Y45__P015.jpg,0.796694,20.949148,ok
EES0423356__X36__Y0F__P016.jpg,0.561881,16.364357,ok
EES0423356__X39__Y0F__P017.jpg,0.802818,19.384732,ok
EES0423356__X3C__Y12__P018.jpg,0.890971,21.997168,ok
EES0423356__X3F__Y39__P019.jpg,0.716340,20.469557,ok
EES0423356__X3F__Y3C__P020.jpg,0.912136,25.892027,ok
EES0423356__X3F__Y3F__P021.jpg,0.952778,30.015823,ok
EES0423356__X42__Y18__P022.jpg,0.954592,34.358337,ok
EES0423356__X42__Y1B__P023.jpg,0.693845,19.813279,ok
EES0423356__X42__Y36__P024.jpg,0.899426,25.118089,ok
EES0423356__X45__Y1B__P025.jpg,0.949900,27.065997,ok
EES0423357__X45__Y1E__P001.jpg,0.949315,30.328250,ok
EES0423357__X45__Y21__P002.jpg,0.810679,22.183238,ok
EES0423357__X45__Y24__P003.jpg,0.792871,23.381903,ok
EES0423357__X45__Y27__P004.jpg,0.775876,20.383476,ok
EES0423357__X45__Y2A__P005.jpg,0.629911,18.383818,ok
EES0423357__X45__Y2D__P006.jpg,0.852435,20.602383,ok
EES0423357__X45__Y30__P007.jpg,0.945295,36.331991,ok
EES0423357__X45__Y3C__P008.jpg,0.946882,25.624608,ok
EES0423357__X06__Y1E__P009.jpg,0.892209,22.409728,ok
EES0423357__X06__Y21__P010.jpg,0.539903,17.858021,ok
EES0423357__X06__Y24__P011.jpg,0.893038,21.894377,ok
EES0423357__X06__Y27__P012.jpg,0.736555,22.012176,ok
EES0423357__X06__Y2A__P013.jpg,0.841970,21.252843,ok
EES0423357__X06__Y2D__P014.jpg,0.783853,22.577363,ok
EES0423357__X06__Y30__P015.jpg,0.894549,23.299578,ok
EES0423357__X09__Y2A__P016.jpg,0.748770,21.659035,ok
EES0423357__X09__Y30__P017.jpg,0.783195,23.293332,ok
EES0423357__X09__Y33__P018.jpg,0.757811,21.813595,ok
EES0423357__X09__Y36__P019.jpg,0.927475,24.689595,ok
EES0423357__X09__Y39__P020.jpg,0.891239,22.433693,ok
EES0423357__X0C__Y12__P021.jpg,0.890653,21.047150,ok
EES0423357__X0C__Y30__P022.jpg,0.789636,23.202976,ok
EES0423357__X0C__Y36__P023.jpg,0.801233,23.417240,ok
EES0423357__X0C__Y39__P024.jpg,0.895426,23.869013,ok
EES0423357__X0C__Y3C__P025.jpg,0.883932,20.902410,ok
EES0423358__X24__Y45__P001.jpg,0.792919,22.877275,ok
EES0423358__X27__Y09__P002.jpg,0.827477,19.847462,ok
EES0423358__X27__Y45__P003.jpg,0.851171,20.816155,ok
EES0423358__X2A__Y09__P004.jpg,0.884612,20.977632,ok
EES0423358__X2A__Y45__P005.jpg,0.735040,17.328410,ok
EES0423358__X2D__Y39__P006.jpg,0.902341,20.366872,ok
EES0423358__X2D__Y45__P007.jpg,0.947654,35.876795,ok
EES0423358__X30__Y42__P008.jpg,0.717979,21.287861,ok
EES0423358__X33__Y0C__P009.jpg,0.943868,27.065013,ok
EES0423358__X33__Y42__P010.jpg,0.873073,21.815976,ok
EES0423358__X36__Y0F__P011.jpg,0.881603,22.656143,ok
EES0423358__X3C__Y12__P012.jpg,0.853308,20.437484,ok
EES0423358__X3F__Y15__P013.jpg,0.906279,23.820206,ok
EES0423358__X42__Y1B__P014.jpg,0.896659,23.010558,ok
EES0423358__X42__Y33__P015.jpg,0.910093,23.234518,ok
EES0423358__X45__Y21__P016.jpg,0.954319,37.355410,ok
EES0423358__X45__Y24__P017.jpg,0.918341,24.638414,ok
EES0423358__X45__Y27__P018.jpg,0.922014,25.143435,ok
EES0423358__X45__Y2A__P019.jpg,0.934032,26.417104,ok
EES0423358__X09__Y21__P020.jpg,0.944914,25.261538,ok
EES0423358__X09__Y2D__P021.jpg,0.766348,22.029090,ok
EES0423358__X0C__Y21__P022.jpg,0.685344,20.786962,ok
EES0423358__X0C__Y27__P023.jpg,0.844155,19.587810,ok
EES0423358__X0F__Y15__P024.jpg,0.679707,20.022975,ok
EES0423358__X0F__Y18__P025.jpg,0.886848,22.863206,ok
EES0423359__X3C__Y3C__P001.jpg,0.878086,22.912238,ok
EES0423359__X3F__Y1B__P002.jpg,0.722135,21.905991,ok
EES0423359__X42__Y1B__P003.jpg,0.916295,23.948681,ok
EES0423359__X45__Y24__P004.jpg,0.920275,23.853405,ok
EES0423359__X45__Y27__P005.jpg,0.871431,18.817508,ok
EES0423359__X45__Y2A__P006.jpg,0.921710,24.995291,ok
EES0423359__X03__Y18__P007.jpg,0.933305,25.053353,ok
EES0423359__X03__Y1B__P008.jpg,0.877784,22.408758,ok
EES0423359__X03__Y3C__P009.jpg,0.766470,20.641914,ok
EES0423359__X03__Y3F__P010.jpg,0.780011,21.549979,ok
EES0423359__X03__Y42__P011.jpg,0.903967,25.761794,ok
EES0423359__X03__Y45__P012.jpg,0.834780,22.168100,ok
EES0423359__X06__Y18__P013.jpg,0.863327,22.032751,ok
EES0423359__X06__Y3F__P014.jpg,0.760714,21.134450,ok
EES0423359__X06__Y42__P015.jpg,0.804681,22.853226,ok
EES0423359__X06__Y45__P016.jpg,0.880330,21.818833,ok
EES0423359__X09__Y45__P017.jpg,0.877239,24.535569,ok
EES0423359__X0C__Y0F__P018.jpg,0.944386,29.230811,ok
EES0423359__X0F__Y0F__P019.jpg,0.889435,24.290676,ok
EES0423359__X15__Y0C__P020.jpg,0.933122,25.761799,ok
EES0423359__X21__Y0C__P021.jpg,0.642804,17.224620,ok
EES0423359__X2D__Y0C__P022.jpg,0.958416,37.616359,ok
EES0423359__X30__Y0F__P023.jpg,0.821573,22.361378,ok
EES0423359__X36__Y3F__P024.jpg,0.645648,17.302817,ok
EES0423359__X39__Y15__P025.jpg,0.931533,24.567794,ok
EES0423360__X42__Y36__P001.jpg,0.879016,22.402676,ok
EES0423360__X45__Y27__P002.jpg,0.951760,32.478432,ok
EES0423360__X06__Y12__P003.jpg,0.954293,33.595351,ok
EES0423360__X06__Y15__P004.jpg,0.947692,30.030878,ok
EES0423360__X06__Y27__P005.jpg,0.936054,22.459329,ok
EES0423360__X09__Y12__P006.jpg,0.937686,34.853818,ok
EES0423360__X09__Y15__P007.jpg,0.916576,26.726915,ok
EES0423360__X18__Y0C__P008.jpg,0.931157,21.886154,ok
EES0423360__X21__Y09__P009.jpg,0.952662,27.991199,ok
EES0423360__X24__Y09__P010.jpg,0.937582,23.210736,ok
EES0423360__X27__Y09__P011.jpg,0.922685,22.032362,ok
EES0423360__X2A__Y09__P012.jpg,0.948936,26.756872,ok
EES0423360__X2D__Y45__P013.jpg,0.885055,23.227326,ok
EES0423360__X30__Y0C__P014.jpg,0.763158,20.742458,ok
EES0423360__X33__Y0C__P015.jpg,0.916769,22.630171,ok
EES0423360__X39__Y12__P016.jpg,0.871006,21.243536,ok
EES0423360__X3F__Y33__P017.jpg,0.712054,18.616716,ok
EES0423360__X3F__Y36__P018.jpg,0.909314,22.783111,ok
EES0423360__X42__Y24__P019.jpg,0.919038,25.513837,ok
EES0423360__X42__Y27__P020.jpg,0.862418,21.859136,ok
EES0423360__X42__Y2A__P021.jpg,0.898014,23.924514,ok
EES0423360__X06__Y2A__P022.jpg,0.862293,18.519712,ok
EES0423360__X06__Y2D__P023.jpg,0.921309,23.678145,ok
EES0423360__X09__Y33__P024.jpg,0.664493,19.834914,ok
EES0423360__X09__Y36__P025.jpg,0.898382,22.023543,ok
EES0423361__X45__Y30__P001.jpg,0.953954,35.857951,ok
EES0423361__X06__Y1E__P002.jpg,0.899107,23.618183,ok
EES0423361__X06__Y21__P003.jpg,0.718721,24.049824,ok
EES0423361__X06__Y24__P004.jpg,0.853122,20.648305,ok
EES0423361__X06__Y27__P005.jpg,0.725858,21.163895,ok
EES0423361__X06__Y2A__P006.jpg,0.856092,22.471619,ok
EES0423361__X06__Y2D__P007.jpg,0.914900,25.444638,ok
EES0423361__X06__Y30__P008.jpg,0.920473,26.776789,ok
EES0423361__X06__Y33__P009.jpg,0.913778,24.707554,ok
EES0423361__X09__Y18__P010.jpg,0.850029,21.054567,ok
EES0423361__X09__Y1B__P011.jpg,0.819043,19.431187,ok
EES0423361__X09__Y1E__P012.jpg,0.705998,21.778385,ok
EES0423361__X09__Y33__P013.jpg,0.858807,21.801357,ok
EES0423361__X09__Y36__P014.jpg,0.893695,23.214108,ok
EES0423361__X09__Y39__P015.jpg,0.953749,31.801552,ok
EES0423361__X0C__Y12__P016.jpg,0.906847,22.285908,ok
EES0423361__X0C__Y15__P017.jpg,0.798057,19.715539,ok
EES0423361__X0C__Y1B__P018.jpg,0.722443,22.129132,ok
EES0423361__X0C__Y39__P019.jpg,0.610349,20.541583,ok
EES0423361__X0C__Y3C__P020.jpg,0.954236,37.837794,ok
EES0423361__X0F__Y0F__P021.jpg,0.942574,29.235628,ok
EES0423361__X0F__Y12__P022.jpg,0.825255,19.945331,ok
EES0423361__X0F__Y3C__P023.jpg,0.686200,22.066753,ok
EES0423361__X0F__Y3F__P024.jpg,0.544031,14.154507,ok
EES0423361__X12__Y0C__P025.jpg,0.927206,25.386776,ok
EES0423362__X12__Y0F__P001.jpg,0.680805,21.682695,ok
EES0423362__X12__Y3F__P002.jpg,0.712481,23.239604,ok
EES0423362__X12__Y42__P003.jpg,0.658368,16.358374,ok
EES0423362__X18__Y45__P004.jpg,0.495103,12.282737,ok
EES0423362__X1B__Y09__P005.jpg,0.916639,24.516748,ok
EES0423362__X1B__Y45__P006.jpg,0.870688,20.766855,ok
EES0423362__X1E__Y09__P007.jpg,0.594248,20.330000,ok
EES0423362__X1E__Y45__P008.jpg,0.668359,20.306511,ok
EES0423362__X21__Y09__P009.jpg,0.696045,22.722883,ok
EES0423362__X2D__Y09__P010.jpg,0.840467,20.656751,ok
EES0423362__X30__Y09__P011.jpg,0.566395,13.992960,ok
EES0423362__X30__Y45__P012.jpg,0.739411,22.568289,ok
EES0423362__X33__Y0C__P013.jpg,0.560141,20.549670,ok
EES0423362__X33__Y45__P014.jpg,0.947592,27.206282,ok
EES0423362__X36__Y0C__P015.jpg,0.888305,21.387687,ok
EES0423362__X36__Y42__P016.jpg,0.658526,21.953507,ok
EES0423362__X39__Y42__P017.jpg,0.905868,23.289641,ok
EES0423362__X3C__Y0F__P018.jpg,0.949315,28.168800,ok
EES0423362__X3C__Y3F__P019.jpg,0.924442,23.379905,ok
EES0423362__X3F__Y12__P020.jpg,0.950218,27.242955,ok
EES0423362__X42__Y15__P021.jpg,0.610972,15.341817,ok
EES0423362__X42__Y39__P022.jpg,0.849678,21.490945,ok
EES0423362__X42__Y3C__P023.jpg,0.958518,33.660281,ok
EES0423362__X45__Y18__P024.jpg,0.956830,29.826521,ok
EES0423362__X45__Y1B__P025.jpg,0.735808,23.590786,ok
EES0423363__X45__Y1E__P001.jpg,0.659785,21.779966,ok
EES0423363__X45__Y30__P002.jpg,0.668196,22.253596,ok
EES0423363__X45__Y33__P003.jpg,0.915406,24.168883,ok
EES0423363__X48__Y1E__P004.jpg,0.949325,25.594380,ok
EES0423363__X48__Y21__P005.jpg,0.918785,27.654400,ok
EES0423363__X48__Y24__P006.jpg,0.925421,23.726559,ok
EES0423363__X48__Y27__P007.jpg,0.692552,22.212653,ok
EES0423363__X48__Y2A__P008.jpg,0.940940,26.117680,ok
EES0423363__X48__Y2D__P009.jpg,0.860477,21.103900,ok
EES0423363__X48__Y30__P010.jpg,0.525207,13.474212,ok
EES0423363__X48__Y33__P011.jpg,0.926691,26.780286,ok
EES0423363__X03__Y1E__P012.jpg,0.932360,25.796674,ok
EES0423363__X03__Y21__P013.jpg,0.931665,26.232770,ok
EES0423363__X03__Y24__P014.jpg,0.837131,21.449466,ok
EES0423363__X03__Y27__P015.jpg,0.940845,25.783365,ok
EES0423363__X03__Y2A__P016.jpg,0.862470,21.562449,ok
EES0423363__X03__Y2D__P017.jpg,0.690736,21.990602,ok
EES0423363__X03__Y30__P018.jpg,0.793539,22.160579,ok
EES0423363__X03__Y33__P019.jpg,0.885243,22.257841,ok
EES0423363__X03__Y36__P020.jpg,0.905669,29.799243,ok
EES0423363__X06__Y1B__P021.jpg,0.876865,22.005621,ok
EES0423363__X06__Y1E__P022.jpg,0.881154,23.689194,ok
EES0423363__X06__Y21__P023.jpg,0.662516,21.093629,ok
EES0423363__X06__Y24__P024.jpg,0.906470,23.192498,ok
EES0423363__X06__Y27__P025.jpg,0.802777,21.137887,ok
EES0423364__X06__Y2A__P001.jpg,0.664318,22.452118,ok
EES0423364__X06__Y39__P002.jpg,0.735065,23.254531,ok
EES0423364__X09__Y15__P003.jpg,0.940690,31.084093,ok
EES0423364__X09__Y18__P004.jpg,0.874628,23.755851,ok
EES0423364__X09__Y1B__P005.jpg,0.884172,20.765382,ok
EES0423364__X09__Y1E__P006.jpg,0.854228,21.954954,ok
EES0423364__X09__Y21__P007.jpg,0.704771,23.547893,ok
EES0423364__X09__Y3F__P008.jpg,0.922164,26.254511,ok
EES0423364__X0C__Y15__P009.jpg,0.879495,24.648160,ok
EES0423364__X0C__Y18__P010.jpg,0.733154,23.109875,ok
EES0423364__X0C__Y1B__P011.jpg,0.778575,22.382048,ok
EES0423364__X0C__Y21__P012.jpg,0.623560,21.179866,ok
EES0423364__X0C__Y42__P013.jpg,0.942689,32.235890,ok
EES0423364__X0F__Y12__P014.jpg,0.778599,19.642722,ok
EES0423364__X0F__Y15__P015.jpg,0.908655,23.080574,ok
EES0423364__X0F__Y18__P016.jpg,0.683722,22.942854,ok
EES0423364__X0F__Y1B__P017.jpg,0.825942,21.704923,ok
EES0423364__X12__Y0F__P018.jpg,0.955605,30.565950,ok
EES0423364__X12__Y12__P019.jpg,0.643726,21.114736,ok
EES0423364__X12__Y15__P020.jpg,0.719225,21.924108,ok
EES0423364__X12__Y45__P021.jpg,0.910941,24.447320,ok
EES0423364__X15__Y0F__P022.jpg,0.805260,22.372001,ok
EES0423364__X15__Y12__P023.jpg,0.789899,21.336606,ok
EES0423364__X15__Y45__P024.jpg,0.838800,23.841196,ok
EES0423364__X18__Y0C__P025.jpg,0.955243,34.524097,ok
EES0423365__X18__Y0F__P001.jpg,0.774360,21.973382,ok
EES0423365__X1B__Y0C__P002.jpg,0.915490,27.302657,ok
EES0423365__X1E__Y0C__P003.jpg,0.809413,22.073618,ok
EES0423365__X21__Y0C__P004.jpg,0.738431,23.047137,ok
EES0423365__X24__Y09__P005.jpg,0.936479,27.258129,ok
EES0423365__X24__Y0C__P006.jpg,0.795004,23.313056,ok
EES0423365__X27__Y0C__P007.jpg,0.843072,22.637826,ok
EES0423365__X2A__Y0C__P008.jpg,0.735264,23.454345,ok
EES0423365__X2D__Y0C__P009.jpg,0.955380,33.096404,ok
EES0423365__X2D__Y12__P010.jpg,0.747330,23.492515,ok
EES0423365__X30__Y0F__P011.jpg,0.637480,21.657944,ok
EES0423365__X30__Y45__P012.jpg,0.700661,21.928902,ok
EES0423365__X33__Y0F__P013.jpg,0.750842,23.448037,ok
EES0423365__X33__Y45__P014.jpg,0.957517,27.714322,ok
EES0423365__X36__Y12__P015.jpg,0.698199,21.930091,ok
EES0423365__X36__Y42__P016.jpg,0.919337,23.325507,ok
EES0423365__X39__Y3F__P017.jpg,0.923073,25.869527,ok
EES0423365__X3C__Y3C__P018.jpg,0.953360,26.599284,ok
EES0423365__X3F__Y1B__P019.jpg,0.727415,22.412313,ok
EES0423365__X3F__Y36__P020.jpg,0.744739,22.627856,ok
EES0423365__X3F__Y39__P021.jpg,0.460243,10.992102,ok
EES0423365__X42__Y21__P022.jpg,0.849992,22.057273,ok
EES0423365__X42__Y24__P023.jpg,0.725669,21.422994,ok
EES0423365__X42__Y27__P024.jpg,0.580626,18.315045,ok
EES0423365__X42__Y2A__P025.jpg,0.656196,21.216342,ok
EES0423366__X3C__Y15__P001.jpg,0.766617,22.676857,ok
EES0423366__X3C__Y36__P002.jpg,0.865697,21.670296,ok
EES0423366__X3C__Y3F__P003.jpg,0.912004,22.342986,ok
EES0423366__X3F__Y18__P004.jpg,0.888069,22.696583,ok
EES0423366__X3F__Y1E__P005.jpg,0.877711,23.397752,ok
EES0423366__X3F__Y21__P006.jpg,0.852783,21.318885,ok
EES0423366__X3F__Y24__P007.jpg,0.608663,18.023224,ok
EES0423366__X3F__Y30__P008.jpg,0.679414,20.971499,ok
EES0423366__X3F__Y33__P009.jpg,0.821259,22.462564,ok
EES0423366__X3F__Y3C__P010.jpg,0.910084,23.130826,ok
EES0423366__X42__Y1B__P011.jpg,0.936481,27.135264,ok
EES0423366__X42__Y1E__P012.jpg,0.884070,22.459800,ok
EES0423366__X42__Y21__P013.jpg,0.843410,22.022808,ok
EES0423366__X42__Y2A__P014.jpg,0.848420,20.820038,ok
EES0423366__X42__Y39__P015.jpg,0.946802,30.831971,ok
EES0423366__X45__Y27__P016.jpg,0.916114,25.275342,ok
EES0423366__X45__Y2A__P017.jpg,0.881272,21.387758,ok
EES0423366__X45__Y2D__P018.jpg,0.892123,26.427526,ok
EES0423366__X45__Y30__P019.jpg,0.921967,25.858270,ok
EES0423366__X45__Y33__P020.jpg,0.946670,27.244930,ok
EES0423366__X21__Y1B__P021.jpg,0.803738,19.097262,ok
EES0423366__X36__Y0F__P022.jpg,0.854848,21.705044,ok
EES0423366__X36__Y39__P023.jpg,0.709454,18.126503,ok
EES0423366__X06__Y1E__P024.jpg,0.797869,23.910914,ok
EES0423366__X06__Y21__P025.jpg,0.599269,18.592866,ok
EES0423367__X3C__Y0F__P001.jpg,0.941940,27.637918,ok
EES0423367__X3C__Y21__P002.jpg,0.733073,20.103940,ok
EES0423367__X3F__Y12__P003.jpg,0.953910,32.433747,ok
EES0423367__X3F__Y15__P004.jpg,0.868917,21.572759,ok
EES0423367__X42__Y15__P005.jpg,0.910902,23.328810,ok
EES0423367__X42__Y18__P006.jpg,0.921344,22.456781,ok
EES0423367__X45__Y1E__P007.jpg,0.880698,21.921705,ok
EES0423367__X06__Y2A__P008.jpg,0.886801,23.109723,ok
EES0423367__X09__Y1B__P009.jpg,0.862829,22.037274,ok
EES0423367__X09__Y24__P010.jpg,0.919046,23.294417,ok
EES0423367__X09__Y27__P011.jpg,0.952950,31.054320,ok
EES0423367__X09__Y2A__P012.jpg,0.827796,21.012244,ok
EES0423367__X0C__Y18__P013.jpg,0.857229,20.610360,ok
EES0423367__X0C__Y1B__P014.jpg,0.692875,21.913226,ok
EES0423367__X0C__Y1E__P015.jpg,0.946086,32.361065,ok
EES0423367__X0C__Y21__P016.jpg,0.851944,20.987062,ok
EES0423367__X0C__Y27__P017.jpg,0.914471,23.636931,ok
EES0423367__X0C__Y2A__P018.jpg,0.887116,23.328924,ok
EES0423367__X0C__Y30__P019.jpg,0.743032,23.011083,ok
EES0423367__X0C__Y36__P020.jpg,0.937367,24.621430,ok
EES0423367__X0C__Y39__P021.jpg,0.720928,21.675250,ok
EES0423367__X0F__Y18__P022.jpg,0.751736,22.388715,ok
EES0423367__X0F__Y1B__P023.jpg,0.780396,22.876233,ok
EES0423367__X0F__Y21__P024.jpg,0.899445,23.777933,ok
EES0423367__X0F__Y2A__P025.jpg,0.845016,22.124175,ok
EES0423368__X36__Y36__P001.jpg,0.834822,19.527186,ok
EES0423368__X36__Y39__P002.jpg,0.943628,24.932951,ok
EES0423368__X36__Y3C__P003.jpg,0.915626,21.594388,ok
EES0423368__X39__Y2A__P004.jpg,0.875218,20.473407,ok
EES0423368__X3C__Y21__P005.jpg,0.855335,21.018292,ok
EES0423368__X3C__Y24__P006.jpg,0.911742,21.285588,ok
EES0423368__X3C__Y2D__P007.jpg,0.907287,20.478351,ok
EES0423368__X3C__Y30__P008.jpg,0.885312,20.884053,ok
EES0423368__X3F__Y24__P009.jpg,0.905294,22.862469,ok
EES0423368__X3F__Y27__P010.jpg,0.888800,21.144216,ok
EES0423368__X3F__Y30__P011.jpg,0.884667,22.157022,ok
EES0423368__X42__Y24__P012.jpg,0.935185,22.569541,ok
EES0423368__X42__Y27__P013.jpg,0.844470,21.020382,ok
EES0423368__X42__Y30__P014.jpg,0.885541,20.518770,ok
EES0423368__X03__Y24__P015.jpg,0.953674,29.677374,ok
EES0423368__X06__Y1E__P016.jpg,0.874001,22.710939,ok
EES0423368__X06__Y21__P017.jpg,0.669463,19.013366,ok
EES0423368__X06__Y27__P018.jpg,0.793405,21.491328,ok
EES0423368__X06__Y2A__P019.jpg,0.857247,22.879233,ok
EES0423368__X06__Y30__P020.jpg,0.694212,22.700589,ok
EES0423368__X06__Y33__P021.jpg,0.887178,24.278434,ok
EES0423368__X06__Y36__P022.jpg,0.876668,20.776824,ok
EES0423368__X09__Y15__P023.jpg,0.947928,30.705405,ok
EES0423368__X09__Y33__P024.jpg,0.767802,20.255174,ok
EES0423368__X09__Y36__P025.jpg,0.889770,22.338934,ok
EES0423369__X09__Y39__P001.jpg,0.842822,23.386427,ok
EES0423369__X0C__Y12__P002.jpg,0.915485,27.175292,ok
EES0423369__X0C__Y39__P003.jpg,0.600759,17.100906,ok
EES0423369__X0F__Y0F__P004.jpg,0.919948,24.616069,ok
EES0423369__X0F__Y3F__P005.jpg,0.871175,23.727431,ok
EES0423369__X12__Y0C__P006.jpg,0.803760,23.663075,ok
EES0423369__X12__Y42__P007.jpg,0.898454,23.429100,ok
EES0423369__X15__Y42__P008.jpg,0.932531,28.718978,ok
EES0423369__X1B__Y45__P009.jpg,0.784894,22.604668,ok
EES0423369__X33__Y0C__P010.jpg,0.748068,23.458083,ok
EES0423369__X33__Y45__P011.jpg,0.953156,31.421412,ok
EES0423369__X36__Y0C__P012.jpg,0.911501,23.545752,ok
EES0423369__X39__Y0C__P013.jpg,0.928543,24.200963,ok
EES0423369__X39__Y0F__P014.jpg,0.936724,25.302528,ok
EES0423369__X3C__Y0F__P015.jpg,0.898055,24.119370,ok
EES0423369__X3C__Y12__P016.jpg,0.793649,24.302722,ok
EES0423369__X3F__Y12__P017.jpg,0.957762,31.483882,ok
EES0423369__X3F__Y15__P018.jpg,0.857306,22.926648,ok
EES0423369__X3F__Y39__P019.jpg,0.871779,20.754393,ok
EES0423369__X42__Y15__P020.jpg,0.852378,23.325911,ok
EES0423369__X42__Y18__P021.jpg,0.838253,20.384214,ok
EES0423369__X42__Y1B__P022.jpg,0.806773,23.071253,ok
EES0423369__X42__Y36__P023.jpg,0.943918,28.430586,ok
EES0423369__X45__Y1E__P024.jpg,0.915613,22.411606,ok
EES0423369__X45__Y21__P025.jpg,0.584265,17.990460,ok
EES0423370__X30__Y2A__P001.jpg,0.691032,18.338260,ok
EES0423370__X30__Y36__P002.jpg,0.912344,23.052885,ok
EES0423370__X33__Y1B__P003.jpg,0.918645,22.647754,ok
EES0423370__X33__Y21__P004.jpg,0.894625,22.993254,ok
EES0423370__X33__Y27__P005.jpg,0.888214,21.941220,ok
EES0423370__X33__Y2A__P006.jpg,0.937533,29.131743,ok
EES0423370__X36__Y24__P007.jpg,0.889915,22.673971,ok
EES0423370__X36__Y27__P008.jpg,0.728270,19.730352,ok
EES0423370__X36__Y30__P009.jpg,0.879229,22.526853,ok
EES0423370__X39__Y24__P010.jpg,0.898033,23.155957,ok
EES0423370__X39__Y2A__P011.jpg,0.757242,18.000877,ok
EES0423370__X39__Y2D__P012.jpg,0.892088,20.882529,ok
EES0423370__X39__Y36__P013.jpg,0.895515,19.968810,ok
EES0423370__X3C__Y1E__P014.jpg,0.909930,23.392694,ok
EES0423370__X3C__Y27__P015.jpg,0.939851,23.985905,ok
EES0423370__X3C__Y2A__P016.jpg,0.920981,21.782916,ok
EES0423370__X3C__Y2D__P017.jpg,0.796829,21.680784,ok
EES0423370__X3C__Y30__P018.jpg,0.921045,24.682154,ok
EES0423370__X3C__Y33__P019.jpg,0.933379,27.734576,ok
EES0423370__X3F__Y21__P020.jpg,0.850461,23.019450,ok
EES0423370__X3F__Y24__P021.jpg,0.940188,26.261270,ok
EES0423370__X3F__Y2A__P022.jpg,0.853985,21.745659,ok
EES0423370__X09__Y1B__P023.jpg,0.894116,22.452636,ok
EES0423370__X09__Y21__P024.jpg,0.841048,20.998211,ok
EES0423370__X09__Y24__P025.jpg,0.770919,21.350913,ok
EES0423371__X3F__Y15__P001.jpg,0.950686,31.584029,ok
EES0423371__X3F__Y3C__P002.jpg,0.910310,23.919786,ok
EES0423371__X42__Y15__P003.jpg,0.955473,33.739328,ok
EES0423371__X42__Y2A__P004.jpg,0.866915,22.696338,ok
EES0423371__X42__Y39__P005.jpg,0.897865,19.962712,ok
EES0423371__X45__Y1B__P006.jpg,0.958461,37.155791,ok
EES0423371__X45__Y30__P007.jpg,0.848213,21.493833,ok
EES0423371__X45__Y33__P008.jpg,0.925888,26.329026,ok
EES0423371__X0F__Y2A__P009.jpg,0.836200,20.301815,ok
EES0423371__X12__Y2A__P010.jpg,0.913237,20.383080,ok
EES0423371__X18__Y27__P011.jpg,0.932006,25.638484,ok
EES0423371__X1E__Y0F__P012.jpg,0.947546,23.899220,ok
EES0423371__X1E__Y1E__P013.jpg,0.943615,24.997999,ok
EES0423371__X21__Y1E__P014.jpg,0.920032,23.777821,ok
EES0423371__X21__Y27__P015.jpg,0.864973,20.388316,ok
EES0423371__X21__Y2A__P016.jpg,0.908277,20.810564,ok
EES0423371__X21__Y39__P017.jpg,0.898995,19.476973,ok
EES0423371__X21__Y3C__P018.jpg,0.853732,20.586081,ok
EES0423371__X24__Y36__P019.jpg,0.888273,20.741236,ok
EES0423371__X27__Y0C__P020.jpg,0.930116,22.572503,ok
EES0423371__X27__Y1B__P021.jpg,0.922811,21.489586,ok
EES0423371__X27__Y36__P022.jpg,0.881856,22.757767,ok
EES0423371__X2A__Y3C__P023.jpg,0.881432,20.310559,ok
EES0423371__X2A__Y45__P024.jpg,0.926028,23.656196,ok
EES0423371__X2D__Y3C__P025.jpg,0.936473,22.801549,ok
EES0423372__X09__Y12__P001.jpg,0.927786,24.924869,ok
EES0423372__X0C__Y0F__P002.jpg,0.884111,21.944045,ok
EES0423372__X0F__Y0C__P003.jpg,0.915545,23.885288,ok
EES0423372__X0F__Y42__P004.jpg,0.913405,27.824521,ok
EES0423372__X15__Y45__P005.jpg,0.751935,22.069350,ok
EES0423372__X18__Y09__P006.jpg,0.834976,21.626897,ok
EES0423372__X1B__Y09__P007.jpg,0.893489,22.336362,ok
EES0423372__X1E__Y09__P008.jpg,0.679575,20.511524,ok
EES0423372__X21__Y09__P009.jpg,0.746706,21.616585,ok
EES0423372__X24__Y09__P010.jpg,0.744576,22.737053,ok
EES0423372__X27__Y09__P011.jpg,0.930383,25.829591,ok
EES0423372__X2A__Y09__P012.jpg,0.952666,30.158925,ok
EES0423372__X2D__Y09__P013.jpg,0.953551,31.570390,ok
EES0423372__X2D__Y42__P014.jpg,0.662916,22.492933,ok
EES0423372__X2D__Y45__P015.jpg,0.486253,16.555294,ok
EES0423372__X30__Y0C__P016.jpg,0.663107,17.998520,ok
EES0423372__X33__Y0C__P017.jpg,0.942629,33.462711,ok
EES0423372__X36__Y0C__P018.jpg,0.941105,25.988791,ok
EES0423372__X36__Y0F__P019.jpg,0.819682,21.809344,ok
EES0423372__X39__Y0F__P020.jpg,0.906513,23.136566,ok
EES0423372__X39__Y12__P021.jpg,0.712422,22.873523,ok
EES0423372__X3C__Y15__P022.jpg,0.926948,25.004015,ok
EES0423372__X3C__Y3C__P023.jpg,0.950177,31.700952,ok
EES0423372__X3F__Y18__P024.jpg,0.955935,32.285706,ok
EES0423372__X42__Y0F__P025.jpg,0.959819,30.725459,ok
EES0423373__X42__Y1E__P001.jpg,0.954843,31.921200,ok
EES0423373__X42__Y21__P002.jpg,0.782557,24.820791,ok
EES0423373__X42__Y24__P003.jpg,0.896477,22.439725,ok
EES0423373__X42__Y27__P004.jpg,0.854389,20.893281,ok
EES0423373__X42__Y2A__P005.jpg,0.899397,22.237794,ok
EES0423373__X42__Y2D__P006.jpg,0.911696,22.195013,ok
EES0423373__X42__Y30__P007.jpg,0.906499,22.424024,ok
EES0423373__X03__Y21__P008.jpg,0.899140,24.203483,ok
EES0423373__X03__Y24__P009.jpg,0.790026,23.191364,ok
EES0423373__X03__Y2A__P010.jpg,0.755395,22.995699,ok
EES0423373__X03__Y2D__P011.jpg,0.849665,22.905938,ok
EES0423373__X03__Y30__P012.jpg,0.883075,22.627587,ok
EES0423373__X03__Y33__P013.jpg,0.906073,23.681236,ok
EES0423373__X06__Y1B__P014.jpg,0.850339,21.975459,ok
EES0423373__X06__Y1E__P015.jpg,0.616441,20.012300,ok
EES0423373__X06__Y36__P016.jpg,0.836974,21.306737,ok
EES0423373__X09__Y3C__P017.jpg,0.934532,27.374483,ok
EES0423373__X0C__Y12__P018.jpg,0.742029,22.961697,ok
EES0423373__X0F__Y0F__P019.jpg,0.911768,23.693816,ok
EES0423373__X12__Y0C__P020.jpg,0.944321,26.827382,ok
EES0423373__X15__Y0C__P021.jpg,0.594149,18.868232,ok
EES0423373__X18__Y09__P022.jpg,0.956234,33.758364,ok
EES0423373__X1B__Y09__P023.jpg,0.751507,23.012571,ok
EES0423373__X1E__Y09__P024.jpg,0.901217,22.198344,ok
EES0423373__X21__Y09__P025.jpg,0.750359,22.944720,ok
EES0423374__X15__Y45__P001.jpg,0.891220,20.166491,ok
EES0423374__X18__Y09__P002.jpg,0.645241,17.251237,ok
EES0423374__X18__Y0F__P003.jpg,0.721574,17.692486,ok
EES0423374__X18__Y45__P004.jpg,0.878457,21.484781,ok
EES0423374__X27__Y09__P005.jpg,0.784468,21.933440,ok
EES0423374__X2D__Y45__P006.jpg,0.749615,19.927475,ok
EES0423374__X30__Y24__P007.jpg,0.658487,16.489609,ok
EES0423374__X39__Y39__P008.jpg,0.881111,21.653880,ok
EES0423374__X3C__Y36__P009.jpg,0.781767,18.900544,ok
EES0423374__X03__Y0F__P010.jpg,0.939972,26.756438,ok
EES0423374__X03__Y12__P011.jpg,0.922854,27.987536,ok
EES0423374__X03__Y18__P012.jpg,0.950912,29.795326,ok
EES0423374__X03__Y1B__P013.jpg,0.914339,24.870016,ok
EES0423374__X03__Y2D__P014.jpg,0.704552,20.239913,ok
EES0423374__X03__Y30__P015.jpg,0.580826,18.140549,ok
EES0423374__X03__Y33__P016.jpg,0.807849,22.052651,ok
EES0423374__X03__Y36__P017.jpg,0.787013,23.591849,ok
EES0423374__X03__Y39__P018.jpg,0.591823,15.335913,ok
EES0423374__X03__Y3C__P019.jpg,0.884574,22.739950,ok
EES0423374__X03__Y3F__P020.jpg,0.910577,23.939059,ok
EES0423374__X03__Y45__P021.jpg,0.910842,24.337197,ok
EES0423374__X06__Y15__P022.jpg,0.881534,23.319767,ok
EES0423374__X06__Y18__P023.jpg,0.870804,24.306727,ok
EES0423374__X06__Y36__P024.jpg,0.741401,22.481458,ok
EES0423374__X06__Y39__P025.jpg,0.867072,23.585977,ok
EES0423375__X39__Y09__P001.jpg,0.866566,22.191823,ok
EES0423375__X39__Y0C__P002.jpg,0.901612,25.400929,ok
EES0423375__X3C__Y0C__P003.jpg,0.871766,22.092589,ok
EES0423375__X3C__Y0F__P004.jpg,0.892281,23.245949,ok
EES0423375__X3F__Y0C__P005.jpg,0.955965,39.234384,ok
EES0423375__X3F__Y0F__P006.jpg,0.922161,24.709568,ok
EES0423375__X3F__Y12__P007.jpg,0.922454,21.114668,ok
EES0423375__X3F__Y15__P008.jpg,0.901868,22.356973,ok
EES0423375__X3F__Y39__P009.jpg,0.712557,21.591690,ok
EES0423375__X3F__Y3C__P010.jpg,0.895439,22.954363,ok
EES0423375__X42__Y0F__P011.jpg,0.953034,31.589248,ok
EES0423375__X42__Y12__P012.jpg,0.873560,22.935417,ok
EES0423375__X42__Y15__P013.jpg,0.907644,25.068250,ok
EES0423375__X42__Y18__P014.jpg,0.896079,22.447974,ok
EES0423375__X42__Y1B__P015.jpg,0.588930,19.081148,ok
EES0423375__X42__Y36__P016.jpg,0.940025,27.054502,ok
EES0423375__X42__Y39__P017.jpg,0.943034,28.292165,ok
EES0423375__X45__Y15__P018.jpg,0.886346,25.067026,ok
EES0423375__X45__Y18__P019.jpg,0.914915,25.117356,ok
EES0423375__X45__Y1B__P020.jpg,0.796011,23.670614,ok
EES0423375__X45__Y1E__P021.jpg,0.901264,22.941931,ok
EES0423375__X45__Y21__P022.jpg,0.888406,23.277807,ok
EES0423375__X45__Y24__P023.jpg,0.921375,28.538931,ok
EES0423375__X45__Y27__P024.jpg,0.903402,24.843307,ok
EES0423375__X45__Y2A__P025.jpg,0.917794,26.240572,ok
EES0423376__X3C__Y27__P001.jpg,0.901777,23.827519,ok
EES0423376__X3C__Y2D__P002.jpg,0.886175,23.323232,ok
EES0423376__X3F__Y2A__P003.jpg,0.816661,21.041756,ok
EES0423376__X3F__Y2D__P004.jpg,0.646824,20.855533,ok
EES0423376__X06__Y15__P005.jpg,0.897389,26.153673,ok
EES0423376__X06__Y18__P006.jpg,0.731676,23.755466,ok
EES0423376__X0F__Y09__P007.jpg,0.937934,29.433560,ok
EES0423376__X0F__Y0C__P008.jpg,0.869621,22.290449,ok
EES0423376__X12__Y09__P009.jpg,0.952059,35.246552,ok
EES0423376__X2D__Y09__P010.jpg,0.692432,22.241557,ok
EES0423376__X2D__Y45__P011.jpg,0.616802,18.392076,ok
EES0423376__X30__Y45__P012.jpg,0.941831,27.310749,ok
EES0423376__X33__Y09__P013.jpg,0.897896,24.747079,ok
EES0423376__X33__Y42__P014.jpg,0.920789,26.991287,ok
EES0423376__X36__Y0C__P015.jpg,0.893281,22.177648,ok
EES0423376__X36__Y3F__P016.jpg,0.781901,23.397140,ok
EES0423376__X39__Y0F__P017.jpg,0.581522,17.677416,ok
EES0423376__X3C__Y12__P018.jpg,0.753617,23.723764,ok
EES0423376__X3F__Y15__P019.jpg,0.863182,22.765211,ok
EES0423376__X3F__Y18__P020.jpg,0.722734,23.085937,ok
EES0423376__X3F__Y36__P021.jpg,0.951322,28.727787,ok
EES0423376__X42__Y1B__P022.jpg,0.947563,29.790123,ok
EES0423376__X42__Y1E__P023.jpg,0.908655,24.624130,ok
EES0423376__X42__Y21__P024.jpg,0.790736,22.463185,ok
EES0423376__X42__Y24__P025.jpg,0.572412,20.780605,ok
EES0423377__X24__Y3C__P001.jpg,0.772813,22.702310,ok
EES0423377__X24__Y3F__P002.jpg,0.858984,21.751426,ok
EES0423377__X27__Y1B__P003.jpg,0.893394,23.455244,ok
EES0423377__X27__Y21__P004.jpg,0.882720,22.732766,ok
EES0423377__X2A__Y18__P005.jpg,0.932457,27.549252,ok
EES0423377__X2A__Y24__P006.jpg,0.848127,22.129252,ok
EES0423377__X2A__Y2A__P007.jpg,0.880926,23.064170,ok
EES0423377__X2A__Y2D__P008.jpg,0.848933,21.984186,ok
EES0423377__X2D__Y15__P009.jpg,0.713061,18.708374,ok
EES0423377__X2D__Y1B__P010.jpg,0.866285,22.420361,ok
EES0423377__X2D__Y21__P011.jpg,0.778165,23.109014,ok
EES0423377__X2D__Y33__P012.jpg,0.939630,28.072842,ok
EES0423377__X30__Y21__P013.jpg,0.845865,20.791797,ok
EES0423377__X33__Y0F__P014.jpg,0.901900,23.309195,ok
EES0423377__X33__Y12__P015.jpg,0.837888,20.896408,ok
EES0423377__X33__Y15__P016.jpg,0.720472,19.844667,ok
EES0423377__X33__Y18__P017.jpg,0.851984,21.031337,ok
EES0423377__X33__Y1B__P018.jpg,0.769955,23.492537,ok
EES0423377__X33__Y1E__P019.jpg,0.864422,23.753067,ok
EES0423377__X39__Y15__P020.jpg,0.801669,21.870873,ok
EES0423377__X39__Y18__P021.jpg,0.857305,21.793320,ok
EES0423377__X3C__Y1E__P022.jpg,0.875621,21.848128,ok
EES0423377__X3C__Y21__P023.jpg,0.838572,21.420451,ok
EES0423377__X3C__Y45__P024.jpg,0.954311,31.046038,ok
EES0423377__X3F__Y1B__P025.jpg,0.857607,20.897945,ok
EES0423378__X09__Y2A__P001.jpg,0.783218,18.093337,ok
EES0423378__X1E__Y3F__P002.jpg,0.865175,17.376953,ok
EES0423378__X1E__Y42__P003.jpg,0.962289,20.467917,ok
EES0423378__X21__Y3F__P004.jpg,0.663686,16.604457,ok
EES0423378__X21__Y42__P005.jpg,0.826702,19.113935,ok
EES0423378__X2D__Y42__P006.jpg,0.921833,20.298806,ok
EES0423378__X42__Y1B__P007.jpg,0.952866,20.291838,ok
EES0423378__X42__Y1E__P008.jpg,0.831968,18.898599,ok
EES0423378__X42__Y2D__P009.jpg,0.706899,17.400896,ok
EES0423378__X42__Y30__P010.jpg,0.938495,21.582897,ok
EES0423378__X39__Y09__P011.jpg,0.969973,20.900904,ok
EES0423378__X48__Y18__P012.jpg,0.945491,20.485796,ok
EES0423378__X48__Y27__P013.jpg,0.979834,24.861439,ok
EES0423378__X48__Y2A__P014.jpg,0.972895,24.426341,ok
EES0423378__X48__Y2D__P015.jpg,0.959392,21.324725,ok
EES0423378__X0F__Y24__P016.jpg,0.791562,20.846993,ok
EES0423378__X18__Y24__P017.jpg,0.844396,20.055862,ok
EES0423378__X18__Y27__P018.jpg,0.906847,20.044549,ok
EES0423378__X18__Y2A__P019.jpg,0.920410,19.141744,ok
EES0423378__X2A__Y1B__P020.jpg,0.918013,18.417646,ok
EES0423378__X2D__Y1B__P021.jpg,0.892600,20.383228,ok
EES0423378__X2D__Y27__P022.jpg,0.742855,19.322444,ok
EES0423378__X2D__Y36__P023.jpg,0.815046,19.976165,ok
EES0423378__X3C__Y24__P024.jpg,0.907698,18.437279,ok
EES0423378__X3C__Y2A__P025.jpg,0.932456,20.735346,ok
EES0423379__X06__Y24__P001.jpg,0.851802,21.093855,ok
EES0423379__X06__Y27__P002.jpg,0.883045,20.940741,ok
EES0423379__X06__Y2A__P003.jpg,0.946629,20.556517,ok
EES0423379__X06__Y3F__P004.jpg,0.957404,20.944063,ok
EES0423379__X06__Y45__P005.jpg,0.969400,21.643326,ok
EES0423379__X0C__Y45__P006.jpg,0.839757,21.374906,ok
EES0423379__X0F__Y45__P007.jpg,0.567747,15.004008,ok
EES0423379__X15__Y0C__P008.jpg,0.894766,19.549614,ok
EES0423379__X18__Y45__P009.jpg,0.894130,19.778463,ok
EES0423379__X1B__Y09__P010.jpg,0.951736,20.638308,ok
EES0423379__X1B__Y45__P011.jpg,0.645349,16.046917,ok
EES0423379__X2A__Y09__P012.jpg,0.789090,20.089615,ok
EES0423379__X2D__Y09__P013.jpg,0.940391,21.262478,ok
EES0423379__X33__Y45__P014.jpg,0.928030,20.138956,ok
EES0423379__X39__Y0F__P015.jpg,0.975783,23.908314,ok
EES0423379__X3C__Y3F__P016.jpg,0.947153,20.412536,ok
EES0423379__X3F__Y39__P017.jpg,0.594948,15.929151,ok
EES0423379__X42__Y36__P018.jpg,0.890401,19.695909,ok
EES0423379__X42__Y39__P019.jpg,0.922656,19.340623,ok
EES0423379__X42__Y3C__P020.jpg,0.914997,19.889911,ok
EES0423379__X45__Y1E__P021.jpg,0.889968,19.377591,ok
EES0423379__X45__Y21__P022.jpg,0.900121,18.174922,ok
EES0423379__X45__Y27__P023.jpg,0.683254,16.966319,ok
EES0423379__X45__Y2A__P024.jpg,0.894309,18.907533,ok
EES0423379__X45__Y30__P025.jpg,0.957160,20.890863,ok
EES0423380__X45__Y33__P001.jpg,0.975594,23.433778,ok
EES0423380__X45__Y36__P002.jpg,0.816101,20.571879,ok
EES0423380__X15__Y0C__P003.jpg,0.845481,20.596577,ok
EES0423380__X15__Y0F__P004.jpg,0.945235,20.711576,ok
EES0423380__X18__Y0C__P005.jpg,0.814680,19.926140,ok
EES0423380__X18__Y15__P006.jpg,0.919324,20.044304,ok
EES0423380__X18__Y18__P007.jpg,0.969463,23.123857,ok
EES0423380__X18__Y1B__P008.jpg,0.910390,20.037575,ok
EES0423380__X1B__Y09__P009.jpg,0.947736,21.157500,ok
EES0423380__X1B__Y1B__P010.jpg,0.960472,21.739437,ok
EES0423380__X1E__Y09__P011.jpg,0.965473,22.878743,ok
EES0423380__X1E__Y0C__P012.jpg,0.875258,19.828011,ok
EES0423380__X1E__Y15__P013.jpg,0.893929,18.643263,ok
EES0423380__X21__Y09__P014.jpg,0.927752,19.576676,ok
EES0423380__X21__Y0C__P015.jpg,0.881104,19.696126,ok
EES0423380__X21__Y15__P016.jpg,0.960934,22.833947,ok
EES0423380__X21__Y18__P017.jpg,0.951282,21.100021,ok
EES0423380__X21__Y1B__P018.jpg,0.957016,21.173459,ok
EES0423380__X21__Y1E__P019.jpg,0.937649,21.172215,ok
EES0423380__X24__Y09__P020.jpg,0.737245,21.301414,ok
EES0423380__X24__Y0C__P021.jpg,0.966281,21.683388,ok
EES0423380__X24__Y0F__P022.jpg,0.911647,19.792801,ok
EES0423380__X24__Y12__P023.jpg,0.959510,21.027760,ok
EES0423380__X24__Y15__P024.jpg,0.938349,20.559106,ok
EES0423380__X24__Y18__P025.jpg,0.913570,19.899590,ok
EES0423381__X24__Y1B__P001.jpg,0.946253,21.609721,ok
EES0423381__X24__Y1E__P002.jpg,0.946464,19.971997,ok
EES0423381__X24__Y24__P003.jpg,0.938241,20.833508,ok
EES0423381__X27__Y0C__P004.jpg,0.931579,21.034098,ok
EES0423381__X27__Y12__P005.jpg,0.902316,19.706985,ok
EES0423381__X27__Y15__P006.jpg,0.975804,22.504106,ok
EES0423381__X27__Y18__P007.jpg,0.775962,21.394706,ok
EES0423381__X27__Y1B__P008.jpg,0.904506,20.287027,ok
EES0423381__X2A__Y0C__P009.jpg,0.974433,23.285944,ok
EES0423381__X2A__Y0F__P010.jpg,0.960641,22.101927,ok
EES0423381__X2A__Y18__P011.jpg,0.961504,21.047655,ok
EES0423381__X2A__Y1B__P012.jpg,0.928902,20.618055,ok
EES0423381__X2A__Y21__P013.jpg,0.889410,19.412986,ok
EES0423381__X2A__Y24__P014.jpg,0.930173,20.278013,ok
EES0423381__X2D__Y0C__P015.jpg,0.749492,20.562875,ok
EES0423381__X2D__Y0F__P016.jpg,0.974157,24.327901,ok
EES0423381__X2D__Y1B__P017.jpg,0.970840,22.231203,ok
EES0423381__X30__Y0F__P018.jpg,0.886849,19.488387,ok
EES0423381__X30__Y12__P019.jpg,0.947625,21.377938,ok
EES0423381__X30__Y1E__P020.jpg,0.906314,20.314798,ok
EES0423381__X30__Y21__P021.jpg,0.956307,22.129819,ok
EES0423381__X33__Y1B__P022.jpg,0.924289,20.192695,ok
EES0423381__X33__Y1E__P023.jpg,0.910075,19.697390,ok
EES0423381__X33__Y21__P024.jpg,0.880579,19.302251,ok
EES0423381__X36__Y1B__P025.jpg,0.916117,19.831852,ok
EES0423382__X21__Y45__P001.jpg,0.918451,20.754723,ok
EES0423382__X24__Y06__P002.jpg,0.968243,22.437238,ok
EES0423382__X27__Y06__P003.jpg,0.976817,23.829986,ok
EES0423382__X2D__Y45__P004.jpg,0.845071,21.511007,ok
EES0423382__X3F__Y39__P005.jpg,0.937927,21.577094,ok
EES0423382__X42__Y18__P006.jpg,0.815008,21.631883,ok
EES0423382__X42__Y1B__P007.jpg,0.526688,16.034868,ok
EES0423382__X42__Y33__P008.jpg,0.743431,19.930667,ok
EES0423382__X42__Y36__P009.jpg,0.925749,20.590621,ok
EES0423382__X45__Y1E__P010.jpg,0.935814,21.627187,ok
EES0423382__X45__Y21__P011.jpg,0.818424,21.521674,ok
EES0423382__X45__Y24__P012.jpg,0.834335,21.216862,ok
EES0423382__X45__Y27__P013.jpg,0.709317,18.584951,ok
EES0423382__X45__Y2A__P014.jpg,0.942930,20.790839,ok
EES0423382__X45__Y2D__P015.jpg,0.826805,21.555787,ok
EES0423382__X45__Y30__P016.jpg,0.972191,22.147489,ok
EES0423382__X15__Y45__P017.jpg,0.718712,20.768407,ok
EES0423382__X18__Y0C__P018.jpg,0.974699,23.289046,ok
EES0423382__X1B__Y0C__P019.jpg,0.595511,17.672805,ok
EES0423382__X1E__Y0C__P020.jpg,0.752950,21.314915,ok
EES0423382__X21__Y0C__P021.jpg,0.874673,19.270586,ok
EES0423382__X24__Y0C__P022.jpg,0.638086,18.663214,ok
EES0423382__X27__Y0C__P023.jpg,0.886365,19.999323,ok
EES0423382__X2D__Y0C__P024.jpg,0.486752,11.970852,ok
EES0423382__X42__Y24__P025.jpg,0.980984,23.457453,ok
EES0423383__X42__Y27__P001.jpg,0.943052,21.715391,ok
EES0423383__X42__Y2A__P002.jpg,0.896304,19.844392,ok
EES0423383__X42__Y2D__P003.jpg,0.796465,21.098774,ok
EES0423383__X42__Y30__P004.jpg,0.948700,21.371782,ok
EES0423383__X42__Y33__P005.jpg,0.971513,23.900087,ok
EES0423383__X42__Y36__P006.jpg,0.716276,17.968883,ok
EES0423383__X03__Y1E__P007.jpg,0.876658,19.567902,ok
EES0423383__X06__Y15__P008.jpg,0.959366,22.729204,ok
EES0423383__X15__Y21__P009.jpg,0.966261,21.555218,ok
EES0423383__X18__Y21__P010.jpg,0.964062,21.608379,ok
EES0423383__X18__Y27__P011.jpg,0.976934,24.282785,ok
EES0423383__X18__Y3C__P012.jpg,0.978711,24.463214,ok
EES0423383__X1B__Y27__P013.jpg,0.974460,22.287720,ok
EES0423383__X1E__Y1E__P014.jpg,0.951052,21.445392,ok
EES0423383__X1E__Y2A__P015.jpg,0.965341,22.097549,ok
EES0423383__X21__Y2A__P016.jpg,0.945921,20.158696,ok
EES0423383__X24__Y3F__P017.jpg,0.927397,19.449016,ok
EES0423383__X2A__Y1E__P018.jpg,0.964112,21.226407,ok
EES0423383__X33__Y39__P019.jpg,0.953078,20.148160,ok
EES0423383__X36__Y21__P020.jpg,0.961618,21.314384,ok
EES0423383__X36__Y27__P021.jpg,0.940622,20.542292,ok
EES0423383__X36__Y39__P022.jpg,0.854128,18.608152,ok
EES0423383__X39__Y36__P023.jpg,0.953706,20.381268,ok
EES0423383__X39__Y39__P024.jpg,0.959259,20.083016,ok
EES0423383__X3F__Y21__P025.jpg,0.957057,22.526802,ok
EES0423384__X3F__Y2A__P001.jpg,0.968202,21.465801,ok
EES0423384__X42__Y21__P002.jpg,0.927594,19.803294,ok
EES0423384__X1B__Y09__P003.jpg,0.952127,20.681080,ok
EES0423384__X21__Y09__P004.jpg,0.869759,19.585118,ok
EES0423384__X21__Y0C__P005.jpg,0.650421,17.562656,ok
EES0423384__X21__Y0F__P006.jpg,0.714840,16.925954,ok
EES0423384__X21__Y45__P007.jpg,0.863055,19.879641,ok
EES0423384__X24__Y09__P008.jpg,0.965271,21.394104,ok
EES0423384__X24__Y45__P009.jpg,0.819711,19.563337,ok
EES0423384__X30__Y0C__P010.jpg,0.981544,25.230068,ok
EES0423384__X06__Y33__P011.jpg,0.938485,19.475126,ok
EES0423384__X06__Y36__P012.jpg,0.946094,21.014130,ok
EES0423384__X0F__Y45__P013.jpg,0.944755,20.187560,ok
EES0423384__X21__Y0C__P014.jpg,0.746985,19.417092,ok
EES0423384__X24__Y0C__P015.jpg,0.735675,18.759120,ok
EES0423384__X42__Y27__P016.jpg,0.962747,20.304424,ok
EES0423384__X42__Y36__P017.jpg,0.956869,21.200109,ok
EES0423384__X42__Y39__P018.jpg,0.938308,20.335137,ok
EES0423384__X09__Y30__P019.jpg,0.900032,19.689214,ok
EES0423384__X0C__Y30__P020.jpg,0.941472,20.352198,ok
EES0423384__X0C__Y33__P021.jpg,0.945339,21.893906,ok
EES0423384__X0C__Y36__P022.jpg,0.965342,20.445932,ok
EES0423384__X0F__Y33__P023.jpg,0.945902,21.223859,ok
EES0423384__X18__Y3F__P024.jpg,0.895076,19.997978,ok
EES0423384__X21__Y3F__P025.jpg,0.935666,20.744300,ok
EES0423385__X21__Y42__P001.jpg,0.977999,25.494020,ok
EES0423385__X24__Y45__P002.jpg,0.925188,17.890185,ok
EES0423385__X27__Y45__P003.jpg,0.950589,20.769093,ok
EES0423385__X2A__Y42__P004.jpg,0.863727,21.446238,ok
EES0423385__X2A__Y45__P005.jpg,0.943514,21.691703,ok
EES0423385__X2D__Y42__P006.jpg,0.804642,21.373224,ok
EES0423385__X2D__Y45__P007.jpg,0.962716,21.772975,ok
EES0423385__X30__Y06__P008.jpg,0.946570,20.770698,ok
EES0423385__X30__Y42__P009.jpg,0.974877,23.753571,ok
EES0423385__X30__Y45__P010.jpg,0.918942,19.989593,ok
EES0423385__X3C__Y30__P011.jpg,0.909557,20.611121,ok
EES0423385__X06__Y1B__P012.jpg,0.967859,22.079627,ok
EES0423385__X06__Y1E__P013.jpg,0.881739,20.063269,ok
EES0423385__X2A__Y09__P014.jpg,0.601316,17.330660,ok
EES0423385__X2D__Y09__P015.jpg,0.747093,20.632334,ok
EES0423385__X30__Y09__P016.jpg,0.958061,21.297292,ok
EES0423385__X45__Y1B__P017.jpg,0.980030,24.844468,ok
EES0423385__X45__Y1E__P018.jpg,0.731932,18.809597,ok
EES0423385__X48__Y1B__P019.jpg,0.937967,20.402797,ok
EES0423385__X48__Y1E__P020.jpg,0.975022,23.140174,ok
EES0423385__X06__Y24__P021.jpg,0.749018,16.674822,ok
EES0423385__X06__Y27__P022.jpg,0.737520,18.469246,ok
EES0423385__X06__Y2A__P023.jpg,0.589506,17.865245,ok
EES0423385__X06__Y2D__P024.jpg,0.720107,17.311213,ok
EES0423385__X0C__Y27__P025.jpg,0.609756,16.603093,ok
EES0423386__X2D__Y03__P001.jpg,0.652212,14.548085,ok
EES0423386__X39__Y3C__P002.jpg,0.826935,24.260513,ok
EES0423386__X42__Y0F__P003.jpg,0.920075,22.153716,ok
EES0423386__X45__Y30__P004.jpg,0.877194,21.777556,ok
EES0423386__X48__Y1E__P005.jpg,0.876294,21.489114,ok
EES0423386__X48__Y21__P006.jpg,0.880092,21.513245,ok
EES0423386__X48__Y24__P007.jpg,0.946833,29.516247,ok
EES0423386__X0C__Y1B__P008.jpg,0.446039,11.074873,ok
EES0423386__X0C__Y1E__P009.jpg,0.920167,23.834002,ok
EES0423386__X0C__Y21__P010.jpg,0.934459,21.516901,ok
EES0423386__X0C__Y24__P011.jpg,0.824517,20.146082,ok
EES0423386__X0F__Y12__P012.jpg,0.938955,28.954504,ok
EES0423386__X0F__Y30__P013.jpg,0.873970,21.915599,ok
EES0423386__X18__Y09__P014.jpg,0.897195,21.199629,ok
EES0423386__X1E__Y06__P015.jpg,0.816993,19.924175,ok
EES0423386__X24__Y03__P016.jpg,0.814140,21.162898,ok
EES0423386__X27__Y03__P017.jpg,0.860358,20.765235,ok
EES0423386__X2A__Y03__P018.jpg,0.917887,26.823219,ok
EES0423386__X30__Y3C__P019.jpg,0.831400,19.627772,ok
EES0423386__X33__Y3C__P020.jpg,0.841520,21.565615,ok
EES0423386__X3F__Y0F__P021.jpg,0.780567,22.738028,ok
EES0423386__X45__Y1B__P022.jpg,0.848580,20.429505,ok
EES0423386__X45__Y2A__P023.jpg,0.941124,28.924023,ok
EES0423386__X12__Y30__P024.jpg,0.623260,16.902865,ok
EES0423386__X15__Y27__P025.jpg,0.767830,21.382084,ok
EES0423387__X3C__Y0C__P001.jpg,0.899424,22.345422,ok
EES0423387__X06__Y1B__P002.jpg,0.669148,17.354337,ok
EES0423387__X06__Y1E__P003.jpg,0.642604,17.553433,ok
EES0423387__X06__Y21__P004.jpg,0.911546,22.902331,ok
EES0423387__X06__Y27__P005.jpg,0.751686,18.840687,ok
EES0423387__X06__Y2A__P006.jpg,0.888861,23.804281,ok
EES0423387__X09__Y15__P007.jpg,0.935133,24.010240,ok
EES0423387__X09__Y18__P008.jpg,0.878082,24.121120,ok
EES0423387__X09__Y30__P009.jpg,0.916548,22.177399,ok
EES0423387__X0C__Y12__P010.jpg,0.883494,21.539180,ok
EES0423387__X0F__Y39__P011.jpg,0.731891,14.695731,ok
EES0423387__X12__Y0C__P012.jpg,0.731412,15.350146,ok
EES0423387__X12__Y3C__P013.jpg,0.851012,21.714473,ok
EES0423387__X15__Y09__P014.jpg,0.844378,23.558204,ok
EES0423387__X18__Y09__P015.jpg,0.704314,19.183095,ok
EES0423387__X1B__Y42__P016.jpg,0.945023,24.955379,ok
EES0423387__X1E__Y06__P017.jpg,0.681858,15.344253,ok
EES0423387__X1E__Y42__P018.jpg,0.762558,21.557668,ok
EES0423387__X24__Y06__P019.jpg,0.726045,21.091076,ok
EES0423387__X27__Y06__P020.jpg,0.633224,15.545437,ok
EES0423387__X2A__Y06__P021.jpg,0.787045,20.751834,ok
EES0423387__X2D__Y06__P022.jpg,0.769741,20.308003,ok
EES0423387__X2D__Y42__P023.jpg,0.939935,24.655668,ok
EES0423387__X30__Y06__P024.jpg,0.806777,20.041560,ok
EES0423387__X30__Y42__P025.jpg,0.830349,24.069235,ok
EES0423388__X33__Y09__P001.jpg,0.894959,22.043305,ok
EES0423388__X36__Y09__P002.jpg,0.933699,27.000087,ok
EES0423388__X36__Y0C__P003.jpg,0.835037,23.432618,ok
EES0423388__X36__Y3C__P004.jpg,0.941502,24.463299,ok
EES0423388__X39__Y0C__P005.jpg,0.854071,21.882218,ok
EES0423388__X39__Y0F__P006.jpg,0.734611,19.340412,ok
EES0423388__X3C__Y0F__P007.jpg,0.691470,15.324831,ok
EES0423388__X3C__Y12__P008.jpg,0.832630,22.760300,ok
EES0423388__X3C__Y36__P009.jpg,0.899657,23.062618,ok
EES0423388__X3C__Y39__P010.jpg,0.780428,18.105920,ok
EES0423388__X3F__Y12__P011.jpg,0.811228,23.031026,ok
EES0423388__X3F__Y15__P012.jpg,0.916431,23.330561,ok
EES0423388__X3F__Y30__P013.jpg,0.908378,25.555946,ok
EES0423388__X3F__Y33__P014.jpg,0.571548,13.327631,ok
EES0423388__X3F__Y36__P015.jpg,0.746012,20.024105,ok
EES0423388__X42__Y18__P016.jpg,0.838579,24.578115,ok
EES0423388__X42__Y1B__P017.jpg,0.701731,17.883538,ok
EES0423388__X42__Y27__P018.jpg,0.927216,25.706092,ok
EES0423388__X42__Y2A__P019.jpg,0.722350,19.274159,ok
EES0423388__X42__Y30__P020.jpg,0.758991,20.184109,ok
EES0423388__X42__Y33__P021.jpg,0.583220,16.329276,ok
EES0423388__X45__Y1B__P022.jpg,0.951666,25.923938,ok
EES0423388__X45__Y1E__P023.jpg,0.773307,21.297131,ok
EES0423388__X45__Y21__P024.jpg,0.859316,24.913914,ok
EES0423388__X45__Y24__P025.jpg,0.875128,23.864576,ok
EES0423389__X09__Y21__P001.jpg,0.945024,20.778854,ok
EES0423389__X09__Y24__P002.jpg,0.965993,23.150449,ok
EES0423389__X0C__Y12__P003.jpg,0.970998,21.247982,ok
EES0423389__X0C__Y15__P004.jpg,0.851234,19.050000,ok
EES0423389__X0C__Y1B__P005.jpg,0.715261,18.025380,ok
EES0423389__X0C__Y21__P006.jpg,0.690334,18.097556,ok
EES0423389__X0C__Y24__P007.jpg,0.731206,19.586716,ok
EES0423389__X0F__Y27__P008.jpg,0.538553,17.320914,ok
EES0423389__X0F__Y2A__P009.jpg,0.635037,17.273715,ok
EES0423389__X0F__Y2D__P010.jpg,0.861986,20.382959,ok
EES0423389__X0F__Y30__P011.jpg,0.941928,20.727346,ok
EES0423389__X15__Y39__P012.jpg,0.940426,20.884553,ok
EES0423389__X18__Y06__P013.jpg,0.950063,21.253866,ok
EES0423389__X18__Y39__P014.jpg,0.611354,17.375692,ok
EES0423389__X18__Y3C__P015.jpg,0.973314,23.879138,ok
EES0423389__X1B__Y39__P016.jpg,0.771696,19.461498,ok
EES0423389__X21__Y03__P017.jpg,0.921477,19.524292,ok
EES0423389__X24__Y03__P018.jpg,0.900387,19.028940,ok
EES0423389__X27__Y03__P019.jpg,0.810452,19.092098,ok
EES0423389__X27__Y3F__P020.jpg,0.892930,18.929936,ok
EES0423389__X2A__Y03__P021.jpg,0.904778,20.101419,ok
EES0423389__X2A__Y3C__P022.jpg,0.604533,17.173049,ok
EES0423389__X2D__Y3F__P023.jpg,0.959841,21.079919,ok
EES0423389__X45__Y2A__P024.jpg,0.815839,18.501670,ok
EES0423389__X12__Y36__P025.jpg,0.708947,16.939336,ok
EES0423390__X27__Y06__P001.jpg,0.914904,17.650187,ok
EES0423390__X27__Y3C__P002.jpg,0.715060,17.672956,ok
EES0423390__X2A__Y3C__P003.jpg,0.752840,18.081076,ok
EES0423390__X2D__Y3C__P004.jpg,0.741327,16.848108,ok
EES0423390__X30__Y3C__P005.jpg,0.731420,18.126731,ok
EES0423390__X33__Y3C__P006.jpg,0.607361,18.228794,ok
EES0423390__X36__Y3C__P007.jpg,0.651247,17.581977,ok
EES0423390__X42__Y18__P008.jpg,0.950812,19.688854,ok
EES0423390__X42__Y2D__P009.jpg,0.719648,17.485174,ok
EES0423390__X42__Y30__P010.jpg,0.967971,21.623608,ok
EES0423390__X0C__Y1E__P011.jpg,0.837038,19.445745,ok
EES0423390__X0C__Y21__P012.jpg,0.876346,19.765395,ok
EES0423390__X0C__Y24__P013.jpg,0.889643,19.068356,ok
EES0423390__X0F__Y1E__P014.jpg,0.882232,19.555911,ok
EES0423390__X18__Y12__P015.jpg,0.905626,19.555194,ok
EES0423390__X1B__Y0F__P016.jpg,0.921509,19.532395,ok
EES0423390__X21__Y0C__P017.jpg,0.827388,19.362709,ok
EES0423390__X2A__Y09__P018.jpg,0.684972,17.798687,ok
EES0423390__X30__Y09__P019.jpg,0.980248,25.508600,ok
EES0423390__X36__Y42__P020.jpg,0.970426,22.999160,ok
EES0423390__X09__Y30__P021.jpg,0.467121,11.320512,ok
EES0423390__X0C__Y1B__P022.jpg,0.959488,22.591657,ok
EES0423390__X0C__Y30__P023.jpg,0.971555,22.449651,ok
EES0423390__X12__Y0F__P024.jpg,0.960593,20.622772,ok
EES0423390__X12__Y39__P025.jpg,0.937021,20.840094,ok
EES0423391__X15__Y3C__P001.jpg,0.921739,21.087259,ok
EES0423391__X1B__Y09__P002.jpg,0.564612,13.342091,ok
EES0423391__X1E__Y09__P003.jpg,0.627139,18.193438,ok
EES0423391__X21__Y42__P004.jpg,0.781443,17.310859,ok
EES0423391__X24__Y42__P005.jpg,0.830238,20.684553,ok
EES0423391__X27__Y42__P006.jpg,0.936962,20.286548,ok
EES0423391__X2A__Y42__P007.jpg,0.893851,20.032765,ok
EES0423391__X33__Y09__P008.jpg,0.643375,18.040644,ok
EES0423391__X36__Y09__P009.jpg,0.836212,20.924931,ok
EES0423391__X39__Y0C__P010.jpg,0.929374,20.614123,ok
EES0423391__X39__Y42__P011.jpg,0.941632,20.277265,ok
EES0423391__X3C__Y0C__P012.jpg,0.980530,26.218714,ok
EES0423391__X42__Y36__P013.jpg,0.932646,19.236294,ok
EES0423391__X45__Y36__P014.jpg,0.952857,19.597996,ok
EES0423391__X09__Y1B__P015.jpg,0.709814,16.659895,ok
EES0423391__X09__Y21__P016.jpg,0.791913,19.391012,ok
EES0423391__X09__Y24__P017.jpg,0.660003,16.320091,ok
EES0423391__X09__Y27__P018.jpg,0.794285,19.091877,ok
EES0423391__X09__Y2A__P019.jpg,0.852323,19.624251,ok
EES0423391__X09__Y2D__P020.jpg,0.541915,13.256788,ok
EES0423391__X0C__Y1E__P021.jpg,0.617006,16.222542,ok
EES0423391__X0C__Y24__P022.jpg,0.707747,16.390638,ok
EES0423391__X0C__Y30__P023.jpg,0.830290,20.013160,ok
EES0423391__X0F__Y36__P024.jpg,0.951363,20.760600,ok
EES0423391__X12__Y36__P025.jpg,0.756471,17.993695,ok
EES0423392__X12__Y39__P001.jpg,0.953926,23.332852,ok
EES0423392__X18__Y06__P002.jpg,0.918957,19.794388,ok
EES0423392__X1B__Y06__P003.jpg,0.749980,17.800598,ok
EES0423392__X1E__Y3F__P004.jpg,0.966078,21.302833,ok
EES0423392__X21__Y3F__P005.jpg,0.725856,17.979509,ok
EES0423392__X2D__Y06__P006.jpg,0.977057,23.735939,ok
EES0423392__X2D__Y3F__P007.jpg,0.869793,19.634164,ok
EES0423392__X30__Y06__P008.jpg,0.905841,18.745375,ok
EES0423392__X21__Y15__P009.jpg,0.943345,21.772949,ok
EES0423392__X30__Y30__P010.jpg,0.854510,19.025222,ok
EES0423392__X33__Y18__P011.jpg,0.808903,20.471880,ok
EES0423392__X33__Y21__P012.jpg,0.856749,19.495187,ok
EES0423392__X36__Y18__P013.jpg,0.896194,21.228450,ok
EES0423392__X36__Y1B__P014.jpg,0.866793,20.107866,ok
EES0423392__X12__Y39__P015.jpg,0.616866,10.930659,ok
EES0423392__X1B__Y03__P016.jpg,0.744361,17.217944,ok
EES0423392__X21__Y3F__P017.jpg,0.954371,21.458057,ok
EES0423392__X24__Y3F__P018.jpg,0.875293,18.139964,ok
EES0423392__X27__Y3F__P019.jpg,0.857231,19.538154,ok
EES0423392__X2A__Y3F__P020.jpg,0.962049,21.299010,ok
EES0423392__X2D__Y3F__P021.jpg,0.955301,21.462601,ok
EES0423392__X0C__Y1B__P022.jpg,0.815609,20.159879,ok
EES0423392__X24__Y09__P023.jpg,0.702619,17.843574,ok
EES0423392__X27__Y09__P024.jpg,0.555022,16.831142,ok
EES0423392__X36__Y0C__P025.jpg,0.678110,17.132089,ok
EES0423393__X03__Y2D__P001.jpg,0.957724,21.432207,ok
EES0423393__X3F__Y36__P002.jpg,0.977156,26.205186,ok
EES0423393__X1B__Y30__P003.jpg,0.688781,17.870490,ok
EES0423393__X1E__Y27__P004.jpg,0.604381,16.274337,ok
EES0423393__X1E__Y2A__P005.jpg,0.912687,20.345803,ok
EES0423393__X33__Y36__P006.jpg,0.649609,16.950332,ok
EES0423393__X33__Y3C__P007.jpg,0.979922,28.272222,ok
EES0423393__X0F__Y06__P008.jpg,0.958396,21.483495,ok
EES0423393__X3F__Y1E__P009.jpg,0.978841,24.711699,ok
EES0423393__X03__Y1E__P010.jpg,0.773893,18.010509,ok
EES0423393__X03__Y21__P011.jpg,0.978354,24.708417,ok
EES0423393__X03__Y27__P012.jpg,0.947377,21.945842,ok
EES0423393__X03__Y30__P013.jpg,0.954605,20.337385,ok
EES0423393__X03__Y42__P014.jpg,0.923025,21.485392,ok
EES0423393__X06__Y30__P015.jpg,0.974473,28.328407,ok
EES0423393__X06__Y33__P016.jpg,0.943538,22.922693,ok
EES0423393__X15__Y0F__P017.jpg,0.889384,20.758678,ok
EES0423393__X39__Y06__P018.jpg,0.963569,20.825204,ok
EES0423393__X3C__Y06__P019.jpg,0.973405,28.048998,ok
EES0423393__X3C__Y36__P020.jpg,0.981049,24.895091,ok
EES0423393__X45__Y06__P021.jpg,0.752774,17.774614,ok
EES0423393__X45__Y18__P022.jpg,0.811632,19.929870,ok
EES0423393__X12__Y21__P023.jpg,0.801082,19.616899,ok
EES0423393__X1E__Y24__P024.jpg,0.720986,18.188214,ok
EES0423393__X30__Y30__P025.jpg,0.705572,17.470838,ok
EES0423394__X06__Y0F__P001.jpg,0.976160,25.385705,ok
EES0423394__X2D__Y42__P002.jpg,0.941661,21.188881,ok
EES0423394__X30__Y42__P003.jpg,0.975229,24.983885,ok
EES0423394__X33__Y3F__P004.jpg,0.966346,22.059255,ok
EES0423394__X33__Y42__P005.jpg,0.975923,24.904869,ok
EES0423394__X36__Y3F__P006.jpg,0.972679,24.147286,ok
EES0423394__X3F__Y15__P007.jpg,0.970010,21.350005,ok
EES0423394__X3F__Y33__P008.jpg,0.969335,21.738871,ok
EES0423394__X3F__Y39__P009.jpg,0.959341,22.104539,ok
EES0423394__X3C__Y2D__P010.jpg,0.929585,19.757450,ok
EES0423394__X30__Y06__P011.jpg,0.958431,21.510586,ok
EES0423394__X03__Y24__P012.jpg,0.974372,22.155308,ok
EES0423394__X03__Y27__P013.jpg,0.977497,24.272758,ok
EES0423394__X06__Y2A__P014.jpg,0.974489,34.195154,ok
EES0423394__X15__Y3C__P015.jpg,0.861033,21.713541,ok
EES0423394__X18__Y3C__P016.jpg,0.931578,21.284633,ok
EES0423394__X27__Y03__P017.jpg,0.947122,22.381849,ok
EES0423394__X3C__Y15__P018.jpg,0.978692,22.944304,ok
EES0423394__X03__Y18__P019.jpg,0.977557,28.771646,ok
EES0423394__X03__Y1E__P020.jpg,0.941435,21.983511,ok
EES0423394__X0F__Y03__P021.jpg,0.980582,24.575707,ok
EES0423394__X15__Y39__P022.jpg,0.947256,21.545874,ok
EES0423394__X15__Y3C__P023.jpg,0.967671,24.754950,ok
EES0423394__X2A__Y3C__P024.jpg,0.963359,24.700005,ok
EES0423394__X30__Y06__P025.jpg,0.980636,25.403708,ok
EES0423395__X1B__Y06__P001.jpg,0.970400,24.060737,ok
EES0423395__X36__Y09__P002.jpg,0.968911,25.635946,ok
EES0423395__X3F__Y15__P003.jpg,0.908635,20.966055,ok
EES0423395__X06__Y15__P004.jpg,0.975750,24.210663,ok
EES0423395__X06__Y1B__P005.jpg,0.977987,25.809588,ok
EES0423395__X06__Y21__P006.jpg,0.971336,22.568468,ok
EES0423395__X06__Y24__P007.jpg,0.948983,20.294919,ok
EES0423395__X06__Y27__P008.jpg,0.969885,22.857048,ok
EES0423395__X09__Y15__P009.jpg,0.978722,24.087416,ok
EES0423395__X09__Y18__P010.jpg,0.970223,24.923632,ok
EES0423395__X12__Y09__P011.jpg,0.915326,20.121867,ok
EES0423395__X21__Y3F__P012.jpg,0.964113,21.665979,ok
EES0423395__X3F__Y18__P013.jpg,0.947498,21.804604,ok
EES0423395__X03__Y18__P014.jpg,0.941491,20.540000,ok
EES0423395__X03__Y1B__P015.jpg,0.875816,19.397676,ok
EES0423395__X03__Y21__P016.jpg,0.978168,26.443730,ok
EES0423395__X03__Y24__P017.jpg,0.658176,15.329254,ok
EES0423395__X18__Y03__P018.jpg,0.962673,22.887764,ok
EES0423395__X30__Y03__P019.jpg,0.936874,20.708127,ok
EES0423395__X33__Y03__P020.jpg,0.963839,24.503225,ok
EES0423395__X3F__Y2D__P021.jpg,0.927942,21.185105,ok
EES0423395__X03__Y1E__P022.jpg,0.918972,21.828586,ok
EES0423395__X06__Y2D__P023.jpg,0.983665,37.881745,ok
EES0423395__X0F__Y3C__P024.jpg,0.972628,24.357296,ok
EES0423395__X15__Y0C__P025.jpg,0.924838,20.326727,ok
EES0423396__X12__Y09__P001.jpg,0.877697,21.047785,ok
EES0423396__X12__Y39__P002.jpg,0.549655,15.731913,ok
EES0423396__X15__Y06__P003.jpg,0.953302,22.150246,ok
EES0423396__X15__Y09__P004.jpg,0.972663,24.389279,ok
EES0423396__X15__Y3C__P005.jpg,0.629237,16.955183,ok
EES0423396__X15__Y3F__P006.jpg,0.922580,23.875340,ok
EES0423396__X18__Y06__P007.jpg,0.902008,20.794829,ok
EES0423396__X1B__Y3F__P008.jpg,0.688479,18.184191,ok
EES0423396__X1E__Y06__P009.jpg,0.386715,10.703501,ok
EES0423396__X21__Y06__P010.jpg,0.971694,22.995658,ok
EES0423396__X21__Y42__P011.jpg,0.594129,16.108313,ok
EES0423396__X24__Y06__P012.jpg,0.897275,21.001242,ok
EES0423396__X24__Y42__P013.jpg,0.697014,18.565580,ok
EES0423396__X27__Y06__P014.jpg,0.966240,22.298588,ok
EES0423396__X2A__Y06__P015.jpg,0.925778,21.198458,ok
EES0423396__X2D__Y06__P016.jpg,0.980726,25.572313,ok
EES0423396__X30__Y09__P017.jpg,0.885672,21.491602,ok
EES0423396__X33__Y09__P018.jpg,0.959129,24.094238,ok
EES0423396__X39__Y0F__P019.jpg,0.963581,23.936059,ok
EES0423396__X3C__Y12__P020.jpg,0.958638,25.950977,ok
EES0423396__X3C__Y39__P021.jpg,0.852049,22.801488,ok
EES0423396__X3F__Y15__P022.jpg,0.954294,24.156668,ok
EES0423396__X3F__Y18__P023.jpg,0.971218,23.090616,ok
EES0423396__X3F__Y30__P024.jpg,0.960490,24.418758,ok
EES0423396__X3F__Y33__P025.jpg,0.942619,24.091227,ok
EES0423397__X2D__Y06__P001.jpg,0.770783,17.534905,ok
EES0423397__X3C__Y0C__P002.jpg,0.973435,24.496919,ok
EES0423397__X0C__Y24__P003.jpg,0.943682,20.343041,ok
EES0423397__X0C__Y27__P004.jpg,0.944142,22.393466,ok
EES0423397__X18__Y09__P005.jpg,0.977499,22.280986,ok
EES0423397__X2A__Y06__P006.jpg,0.885745,20.767255,ok
EES0423397__X36__Y12__P007.jpg,0.960396,21.239521,ok
EES0423397__X03__Y18__P008.jpg,0.981184,28.263328,ok
EES0423397__X03__Y1B__P009.jpg,0.937726,22.533920,ok
EES0423397__X03__Y1E__P010.jpg,0.937129,22.165298,ok
EES0423397__X03__Y21__P011.jpg,0.938267,21.892985,ok
EES0423397__X03__Y24__P012.jpg,0.950618,24.261237,ok
EES0423397__X03__Y27__P013.jpg,0.981658,26.478705,ok
EES0423397__X06__Y12__P014.jpg,0.962597,24.524603,ok
EES0423397__X06__Y15__P015.jpg,0.978059,25.302559,ok
EES0423397__X12__Y06__P016.jpg,0.980526,27.990610,ok
EES0423397__X18__Y03__P017.jpg,0.981319,27.502866,ok
EES0423397__X1B__Y03__P018.jpg,0.897747,20.788994,ok
EES0423397__X1E__Y03__P019.jpg,0.963515,24.221701,ok
EES0423397__X21__Y03__P020.jpg,0.908848,22.443659,ok
EES0423397__X30__Y03__P021.jpg,0.558062,13.999643,ok
EES0423397__X33__Y06__P022.jpg,0.959481,23.405954,ok
EES0423397__X39__Y09__P023.jpg,0.950140,26.917867,ok
EES0423397__X3C__Y06__P024.jpg,0.983769,25.539618,ok
EES0423397__X3F__Y0C__P025.jpg,0.959877,26.289959,ok
EES0423398__X3F__Y15__P001.jpg,0.964336,24.108337,ok
EES0423398__X42__Y1B__P002.jpg,0.963607,25.360219,ok
EES0423398__X42__Y1E__P003.jpg,0.974523,26.425610,ok
EES0423398__X42__Y27__P004.jpg,0.962670,23.371863,ok
EES0423398__X42__Y2A__P005.jpg,0.973453,26.571375,ok
EES0423398__X45__Y24__P006.jpg,0.967754,25.352420,ok
EES0423398__X03__Y15__P007.jpg,0.973666,26.775496,ok
EES0423398__X03__Y18__P008.jpg,0.917209,20.918728,ok
EES0423398__X03__Y1B__P009.jpg,0.946658,21.741200,ok
EES0423398__X03__Y1E__P010.jpg,0.710224,19.730849,ok
EES0423398__X03__Y21__P011.jpg,0.915979,20.396900,ok
EES0423398__X03__Y24__P012.jpg,0.932007,22.462837,ok
EES0423398__X03__Y2D__P013.jpg,0.931599,18.449388,ok
EES0423398__X06__Y0F__P014.jpg,0.901960,20.843861,ok
EES0423398__X06__Y2D__P015.jpg,0.933428,20.591304,ok
EES0423398__X0C__Y36__P016.jpg,0.949994,22.415578,ok
EES0423398__X0F__Y39__P017.jpg,0.952764,24.191203,ok
EES0423398__X0F__Y3F__P018.jpg,0.946274,22.913491,ok
EES0423398__X12__Y3C__P019.jpg,0.960986,25.865794,ok
EES0423398__X15__Y3C__P020.jpg,0.624142,19.933792,ok
EES0423398__X15__Y3F__P021.jpg,0.968064,25.755508,ok
EES0423398__X18__Y3F__P022.jpg,0.928994,21.854414,ok
EES0423398__X21__Y3C__P023.jpg,0.576070,17.376206,ok
EES0423398__X2A__Y3C__P024.jpg,0.966874,25.534320,ok
EES0423398__X2D__Y3C__P025.jpg,0.690811,15.849255,ok
EES0423399__X30__Y03__P001.jpg,0.942932,23.177319,ok
EES0423399__X30__Y39__P002.jpg,0.906871,20.358334,ok
EES0423399__X36__Y06__P003.jpg,0.944216,24.501257,ok
EES0423399__X3C__Y0C__P004.jpg,0.979932,27.424578,ok
EES0423399__X3C__Y30__P005.jpg,0.981465,30.896030,ok
EES0423399__X3C__Y33__P006.jpg,0.983069,33.444912,ok
EES0423399__X3F__Y12__P007.jpg,0.945617,22.198139,ok
EES0423399__X3F__Y27__P008.jpg,0.816594,22.861380,ok
EES0423399__X3F__Y2A__P009.jpg,0.943577,24.282674,ok
EES0423399__X42__Y24__P010.jpg,0.543133,13.602146,ok
EES0423399__X06__Y1E__P011.jpg,0.481078,11.339328,ok
EES0423399__X0C__Y0F__P012.jpg,0.975185,24.456459,ok
EES0423399__X1E__Y0C__P013.jpg,0.921002,20.949631,ok
EES0423399__X2A__Y0C__P014.jpg,0.922231,20.473368,ok
EES0423399__X2A__Y0F__P015.jpg,0.948197,21.366524,ok
EES0423399__X3F__Y1E__P016.jpg,0.919148,21.378712,ok
EES0423399__X3F__Y24__P017.jpg,0.925109,20.435463,ok
EES0423399__X3F__Y27__P018.jpg,0.940083,21.884923,ok
EES0423399__X06__Y15__P019.jpg,0.870249,21.347280,ok
EES0423399__X12__Y06__P020.jpg,0.976673,25.343100,ok
EES0423399__X2D__Y33__P021.jpg,0.932594,21.997317,ok
EES0423399__X33__Y33__P022.jpg,0.937033,22.691645,ok
EES0423399__X36__Y24__P023.jpg,0.917666,22.349754,ok
EES0423399__X39__Y21__P024.jpg,0.888304,20.279963,ok
EES0423399__X06__Y1B__P025.jpg,0.981320,36.668740,ok
EES0423400__X3C__Y21__P001.jpg,0.818655,19.055307,ok
EES0423400__X18__Y3F__P002.jpg,0.970363,22.433027,ok
EES0423400__X33__Y30__P003.jpg,0.858556,19.103700,ok
EES0423400__X3C__Y1B__P004.jpg,0.902113,21.338171,ok
EES0423400__X21__Y06__P005.jpg,0.840628,22.629992,ok
EES0423400__X24__Y06__P006.jpg,0.915381,21.125447,ok
EES0423400__X27__Y09__P007.jpg,0.914650,19.822796,ok
EES0423400__X27__Y0C__P008.jpg,0.933689,23.098753,ok
EES0423400__X2D__Y06__P009.jpg,0.923300,22.572159,ok
EES0423400__X2D__Y09__P010.jpg,0.774219,20.974805,ok
EES0423400__X30__Y09__P011.jpg,0.890401,22.109661,ok
EES0423400__X33__Y09__P012.jpg,0.979532,28.287817,ok
EES0423400__X36__Y06__P013.jpg,0.729865,18.404317,ok
EES0423400__X39__Y06__P014.jpg,0.981710,32.629807,ok
EES0423400__X03__Y1B__P015.jpg,0.669651,16.614649,ok
EES0423400__X03__Y2D__P016.jpg,0.983389,28.149495,ok
EES0423400__X06__Y0F__P017.jpg,0.928623,21.163009,ok
EES0423400__X06__Y12__P018.jpg,0.956300,21.862787,ok
EES0423400__X06__Y33__P019.jpg,0.981617,31.621516,ok
EES0423400__X06__Y3C__P020.jpg,0.984688,31.306633,ok
EES0423400__X09__Y0F__P021.jpg,0.948930,19.624970,ok
EES0423400__X09__Y39__P022.jpg,0.924813,22.221381,ok
EES0423400__X09__Y3C__P023.jpg,0.971738,24.136652,ok
EES0423400__X0F__Y09__P024.jpg,0.949955,21.416782,ok
EES0423400__X12__Y42__P025.jpg,0.895417,21.739428,ok
EES0423401__X18__Y06__P001.jpg,0.985800,32.158963,ok
EES0423401__X18__Y42__P002.jpg,0.921347,23.347848,ok
EES0423401__X18__Y45__P003.jpg,0.978081,25.727543,ok
EES0423401__X1B__Y06__P004.jpg,0.937347,23.552690,ok
EES0423401__X1B__Y45__P005.jpg,0.914361,21.019142,ok
EES0423401__X1E__Y45__P006.jpg,0.979579,26.813254,ok
EES0423401__X24__Y45__P007.jpg,0.888992,24.573632,ok
EES0423401__X30__Y3F__P008.jpg,0.570943,14.248712,ok
EES0423401__X33__Y3C__P009.jpg,0.979984,26.501954,ok
EES0423401__X36__Y36__P010.jpg,0.915030,22.223517,ok
EES0423401__X39__Y2D__P011.jpg,0.862252,21.593579,ok
EES0423401__X39__Y33__P012.jpg,0.827026,20.949264,ok
EES0423401__X39__Y36__P013.jpg,0.929468,23.558757,ok
EES0423401__X3C__Y2A__P014.jpg,0.975126,30.472438,ok
EES0423401__X3C__Y2D__P015.jpg,0.935321,22.437496,ok
EES0423401__X3C__Y30__P016.jpg,0.984856,38.492119,ok
EES0423401__X3F__Y21__P017.jpg,0.986093,33.698373,ok
EES0423401__X03__Y21__P018.jpg,0.778339,17.706053,ok
EES0423401__X09__Y0F__P019.jpg,0.960619,25.851878,ok
EES0423401__X0C__Y0C__P020.jpg,0.980945,27.631639,ok
EES0423401__X1B__Y06__P021.jpg,0.872234,20.040686,ok
EES0423401__X36__Y2D__P022.jpg,0.703314,18.110100,ok
EES0423401__X0C__Y1B__P023.jpg,0.901989,21.588486,ok
EES0423401__X18__Y0F__P024.jpg,0.830806,22.661971,ok
EES0423401__X1E__Y09__P025.jpg,0.837842,21.870468,ok
EES0423402__X18__Y09__P001.jpg,0.874772,20.583759,ok
EES0423402__X1B__Y09__P002.jpg,0.921095,21.344125,ok
EES0423402__X21__Y09__P003.jpg,0.823610,21.709687,ok
EES0423402__X2A__Y09__P004.jpg,0.862562,21.359750,ok
EES0423402__X2A__Y42__P005.jpg,0.858381,20.395211,ok
EES0423402__X33__Y3F__P006.jpg,0.977294,26.595124,ok
EES0423402__X39__Y12__P007.jpg,0.900394,21.091773,ok
EES0423402__X3C__Y15__P008.jpg,0.897533,20.226935,ok
EES0423402__X3F__Y12__P009.jpg,0.967331,22.641032,ok
EES0423402__X42__Y15__P010.jpg,0.978048,27.886490,ok
EES0423402__X45__Y1B__P011.jpg,0.954356,28.491843,ok
EES0423402__X45__Y27__P012.jpg,0.913700,20.917705,ok
EES0423402__X45__Y2A__P013.jpg,0.975017,24.867729,ok
EES0423402__X45__Y2D__P014.jpg,0.943686,21.080153,ok
EES0423402__X2D__Y06__P015.jpg,0.985878,29.481069,ok
EES0423402__X03__Y0C__P016.jpg,0.854574,22.822548,ok
EES0423402__X03__Y0F__P017.jpg,0.935914,22.643309,ok
EES0423402__X03__Y12__P018.jpg,0.954870,22.590582,ok
EES0423402__X06__Y09__P019.jpg,0.942443,22.630011,ok
EES0423402__X06__Y1E__P020.jpg,0.970357,26.810007,ok
EES0423402__X06__Y24__P021.jpg,0.959980,24.470244,ok
EES0423402__X06__Y2A__P022.jpg,0.869931,21.821691,ok
EES0423402__X06__Y3C__P023.jpg,0.957237,24.634278,ok
EES0423402__X09__Y12__P024.jpg,0.951052,22.360626,ok
EES0423402__X09__Y15__P025.jpg,0.929676,23.204366,ok
EES0423403__X0F__Y15__P001.jpg,0.908663,21.431355,ok
EES0423403__X0F__Y1B__P002.jpg,0.955891,23.872596,ok
EES0423403__X0F__Y1E__P003.jpg,0.972535,26.573937,ok
EES0423403__X0F__Y21__P004.jpg,0.981086,27.320090,ok
EES0423403__X12__Y15__P005.jpg,0.861457,21.281559,ok
EES0423403__X12__Y18__P006.jpg,0.980438,26.523421,ok
EES0423403__X12__Y1B__P007.jpg,0.935697,21.032659,ok
EES0423403__X12__Y1E__P008.jpg,0.950255,23.646895,ok
EES0423403__X15__Y0F__P009.jpg,0.976897,25.950268,ok
EES0423403__X15__Y12__P010.jpg,0.940836,19.920161,ok
EES0423403__X15__Y15__P011.jpg,0.920919,21.558357,ok
EES0423403__X15__Y18__P012.jpg,0.975069,24.898401,ok
EES0423403__X15__Y1B__P013.jpg,0.926842,22.062354,ok
EES0423403__X15__Y1E__P014.jpg,0.940243,22.239965,ok
EES0423403__X15__Y21__P015.jpg,0.877835,20.237141,ok
EES0423403__X15__Y24__P016.jpg,0.956824,22.027984,ok
EES0423403__X18__Y0C__P017.jpg,0.978960,27.131541,ok
EES0423403__X18__Y0F__P018.jpg,0.978616,26.899886,ok
EES0423403__X18__Y12__P019.jpg,0.935318,24.473521,ok
EES0423403__X18__Y15__P020.jpg,0.951693,21.858029,ok
EES0423403__X18__Y18__P021.jpg,0.949007,21.743439,ok
EES0423403__X18__Y1B__P022.jpg,0.908316,22.273033,ok
EES0423403__X18__Y21__P023.jpg,0.866358,20.183491,ok
EES0423403__X1B__Y09__P024.jpg,0.942853,21.675195,ok
EES0423403__X1B__Y0C__P025.jpg,0.851199,22.838220,ok
EES0423404__X2D__Y06__P001.jpg,0.700371,21.855130,ok
EES0423404__X2D__Y09__P002.jpg,0.785294,24.188488,ok
EES0423404__X2D__Y3F__P003.jpg,0.601740,16.946737,ok
EES0423404__X2D__Y42__P004.jpg,0.962366,30.855978,ok
EES0423404__X30__Y06__P005.jpg,0.829524,20.898245,ok
EES0423404__X30__Y09__P006.jpg,0.651556,17.215880,ok
EES0423404__X36__Y09__P007.jpg,0.702723,21.016188,ok
EES0423404__X36__Y0C__P008.jpg,0.815548,22.729399,ok
EES0423404__X3C__Y0C__P009.jpg,0.946974,28.099608,ok
EES0423404__X3F__Y36__P010.jpg,0.890075,22.244136,ok
EES0423404__X42__Y15__P011.jpg,0.688217,21.983911,ok
EES0423404__X42__Y30__P012.jpg,0.569733,19.378347,ok
EES0423404__X0C__Y3C__P013.jpg,0.956693,31.735418,ok
EES0423404__X0C__Y3F__P014.jpg,0.906235,29.383401,ok
EES0423404__X12__Y3F__P015.jpg,0.953034,29.986918,ok
EES0423404__X30__Y3F__P016.jpg,0.947047,26.640765,ok
EES0423404__X39__Y39__P017.jpg,0.884656,20.952148,ok
EES0423404__X0F__Y1B__P018.jpg,0.956180,30.625476,ok
EES0423404__X12__Y1B__P019.jpg,0.843846,20.541878,ok
EES0423404__X12__Y2A__P020.jpg,0.774528,20.691673,ok
EES0423404__X15__Y0F__P021.jpg,0.952245,24.939071,ok
EES0423404__X15__Y21__P022.jpg,0.936126,31.801822,ok
EES0423404__X15__Y33__P023.jpg,0.933069,30.916072,ok
EES0423404__X18__Y1B__P024.jpg,0.796575,21.960833,ok
EES0423404__X18__Y1E__P025.jpg,0.908158,23.101410,ok
EES0423405__X18__Y27__P001.jpg,0.828335,22.011078,ok
EES0423405__X18__Y36__P002.jpg,0.886369,22.780885,ok
EES0423405__X1B__Y18__P003.jpg,0.846291,19.695310,ok
EES0423405__X1B__Y1B__P004.jpg,0.863832,22.768394,ok
EES0423405__X1E__Y1B__P005.jpg,0.847170,20.805811,ok
EES0423405__X21__Y18__P006.jpg,0.927001,30.761473,ok
EES0423405__X21__Y1B__P007.jpg,0.931151,24.918885,ok
EES0423405__X24__Y09__P008.jpg,0.838738,23.251954,ok
EES0423405__X24__Y0C__P009.jpg,0.841788,22.678031,ok
EES0423405__X24__Y12__P010.jpg,0.808681,22.661845,ok
EES0423405__X24__Y15__P011.jpg,0.897980,23.604435,ok
EES0423405__X27__Y09__P012.jpg,0.831729,20.554225,ok
EES0423405__X27__Y0C__P013.jpg,0.941335,30.028292,ok
EES0423405__X27__Y0F__P014.jpg,0.942106,25.258887,ok
EES0423405__X27__Y18__P015.jpg,0.799480,20.981426,ok
EES0423405__X2A__Y0C__P016.jpg,0.794228,21.448842,ok
EES0423405__X2A__Y0F__P017.jpg,0.894446,21.852089,ok
EES0423405__X2A__Y15__P018.jpg,0.910767,23.506048,ok
EES0423405__X2D__Y09__P019.jpg,0.952886,32.803565,ok
EES0423405__X2D__Y0C__P020.jpg,0.891491,23.018224,ok
EES0423405__X2D__Y0F__P021.jpg,0.856057,22.981391,ok
EES0423405__X2D__Y12__P022.jpg,0.938978,24.791853,ok
EES0423405__X30__Y0C__P023.jpg,0.834830,20.010497,ok
EES0423405__X30__Y0F__P024.jpg,0.955282,28.351297,ok
EES0423405__X30__Y12__P025.jpg,0.951299,28.780782,ok
EES0423406__X30__Y3C__P001.jpg,0.922675,22.387061,ok
EES0423406__X30__Y3F__P002.jpg,0.908729,22.090758,ok
EES0423406__X33__Y06__P003.jpg,0.941691,28.013253,ok
EES0423406__X33__Y0F__P004.jpg,0.874901,19.733258,ok
EES0423406__X33__Y18__P005.jpg,0.858920,22.139184,ok
EES0423406__X33__Y3C__P006.jpg,0.900384,22.924925,ok
EES0423406__X36__Y18__P007.jpg,0.880944,20.882856,ok
EES0423406__X36__Y21__P008.jpg,0.878833,20.414147,ok
EES0423406__X36__Y3C__P009.jpg,0.777763,19.570816,ok
EES0423406__X39__Y1E__P010.jpg,0.916495,20.069721,ok
EES0423406__X39__Y2D__P011.jpg,0.956096,38.719220,ok
EES0423406__X39__Y30__P012.jpg,0.925216,22.037065,ok
EES0423406__X39__Y36__P013.jpg,0.957280,38.606076,ok
EES0423406__X39__Y39__P014.jpg,0.940605,27.012819,ok
EES0423406__X3C__Y15__P015.jpg,0.908654,23.567077,ok
EES0423406__X3C__Y1E__P016.jpg,0.908168,24.057018,ok
EES0423406__X3C__Y24__P017.jpg,0.764242,19.517376,ok
EES0423406__X3C__Y2D__P018.jpg,0.893092,22.579607,ok
EES0423406__X3C__Y36__P019.jpg,0.911271,21.463279,ok
EES0423406__X3C__Y39__P020.jpg,0.951347,39.240581,ok
EES0423406__X3F__Y15__P021.jpg,0.949153,30.332456,ok
EES0423406__X3F__Y18__P022.jpg,0.951438,33.350729,ok
EES0423406__X3F__Y21__P023.jpg,0.925032,26.351911,ok
EES0423406__X3F__Y24__P024.jpg,0.912532,20.042335,ok
EES0423406__X3F__Y36__P025.jpg,0.955775,28.352766,ok
EES0423407__X1E__Y39__P001.jpg,0.776327,20.252308,ok
EES0423407__X21__Y33__P002.jpg,0.749485,17.660192,ok
EES0423407__X24__Y30__P003.jpg,0.626022,16.973908,ok
EES0423407__X24__Y33__P004.jpg,0.853996,22.103626,ok
EES0423407__X2A__Y33__P005.jpg,0.838545,20.373494,ok
EES0423407__X2D__Y36__P006.jpg,0.776846,21.236490,ok
EES0423407__X30__Y36__P007.jpg,0.871035,20.634102,ok
EES0423407__X33__Y36__P008.jpg,0.632256,17.074028,ok
EES0423407__X33__Y39__P009.jpg,0.687134,18.083362,ok
EES0423407__X33__Y3C__P010.jpg,0.777689,21.136452,ok
EES0423407__X33__Y42__P011.jpg,0.933318,23.584793,ok
EES0423407__X36__Y0C__P012.jpg,0.940431,31.222715,ok
EES0423407__X36__Y36__P013.jpg,0.738374,20.188964,ok
EES0423407__X36__Y39__P014.jpg,0.710969,17.795710,ok
EES0423407__X36__Y3F__P015.jpg,0.813859,20.961447,ok
EES0423407__X39__Y39__P016.jpg,0.857079,22.137045,ok
EES0423407__X3F__Y15__P017.jpg,0.945042,23.532608,ok
EES0423407__X3F__Y24__P018.jpg,0.904144,20.467067,ok
EES0423407__X3F__Y30__P019.jpg,0.778788,20.271341,ok
EES0423407__X42__Y33__P020.jpg,0.948460,28.022509,ok
EES0423407__X45__Y27__P021.jpg,0.962735,28.139030,ok
EES0423407__X0C__Y36__P022.jpg,0.942557,28.880756,ok
EES0423407__X0F__Y21__P023.jpg,0.924474,25.080163,ok
EES0423407__X0F__Y36__P024.jpg,0.926084,26.914218,ok
EES0423407__X12__Y12__P025.jpg,0.886649,24.951115,ok
EES0423408__X12__Y2A__P001.jpg,0.949281,33.179219,ok
EES0423408__X12__Y33__P002.jpg,0.812799,23.098853,ok
EES0423408__X15__Y18__P003.jpg,0.934604,29.526853,ok
EES0423408__X15__Y21__P004.jpg,0.944725,30.211698,ok
EES0423408__X15__Y2A__P005.jpg,0.950288,31.432557,ok
EES0423408__X15__Y30__P006.jpg,0.952432,28.797001,ok
EES0423408__X15__Y33__P007.jpg,0.852555,22.434238,ok
EES0423408__X18__Y21__P008.jpg,0.948242,31.737801,ok
EES0423408__X18__Y2A__P009.jpg,0.913047,24.883784,ok
EES0423408__X1B__Y12__P010.jpg,0.937371,26.775479,ok
EES0423408__X1B__Y2D__P011.jpg,0.955702,29.722401,ok
EES0423408__X1B__Y30__P012.jpg,0.951567,30.266590,ok
EES0423408__X1B__Y3F__P013.jpg,0.878034,26.474255,ok
EES0423408__X1B__Y42__P014.jpg,0.956881,39.831935,ok
EES0423408__X1E__Y1B__P015.jpg,0.938641,24.427896,ok
EES0423408__X1E__Y36__P016.jpg,0.586739,15.482636,ok
EES0423408__X1E__Y3F__P017.jpg,0.955799,28.444639,ok
EES0423408__X21__Y36__P018.jpg,0.940598,30.202784,ok
EES0423408__X21__Y42__P019.jpg,0.904074,20.016459,ok
EES0423408__X24__Y0C__P020.jpg,0.951660,27.993831,ok
EES0423408__X24__Y42__P021.jpg,0.955992,31.819063,ok
EES0423408__X27__Y0F__P022.jpg,0.959219,30.945263,ok
EES0423408__X27__Y1E__P023.jpg,0.895528,22.882085,ok
EES0423408__X27__Y24__P024.jpg,0.954246,29.647353,ok
EES0423408__X27__Y45__P025.jpg,0.942030,28.422269,ok
EES0423409__X2A__Y0C__P001.jpg,0.946960,30.256266,ok
EES0423409__X2A__Y0F__P002.jpg,0.958327,31.107273,ok
EES0423409__X2A__Y1E__P003.jpg,0.822503,20.910981,ok
EES0423409__X2A__Y3C__P004.jpg,0.913316,26.409496,ok
EES0423409__X2A__Y45__P005.jpg,0.882977,22.850176,ok
EES0423409__X2D__Y12__P006.jpg,0.912417,22.960797,ok
EES0423409__X2D__Y18__P007.jpg,0.926665,25.792921,ok
EES0423409__X2D__Y2A__P008.jpg,0.901157,25.767351,ok
EES0423409__X2D__Y2D__P009.jpg,0.956481,39.426466,ok
EES0423409__X2D__Y33__P010.jpg,0.942599,29.635354,ok
EES0423409__X2D__Y3F__P011.jpg,0.923900,27.586367,ok
EES0423409__X30__Y12__P012.jpg,0.942530,33.925139,ok
EES0423409__X30__Y15__P013.jpg,0.954827,30.377423,ok
EES0423409__X30__Y18__P014.jpg,0.906815,20.094049,ok
EES0423409__X30__Y1B__P015.jpg,0.926454,27.417260,ok
EES0423409__X30__Y36__P016.jpg,0.922995,26.236918,ok
EES0423409__X30__Y39__P017.jpg,0.947986,36.156696,ok
EES0423409__X30__Y3C__P018.jpg,0.949339,31.639633,ok
EES0423409__X30__Y3F__P019.jpg,0.830659,22.327982,ok
EES0423409__X33__Y1E__P020.jpg,0.956305,30.459597,ok
EES0423409__X33__Y24__P021.jpg,0.896158,31.570442,ok
EES0423409__X33__Y36__P022.jpg,0.938696,27.615614,ok
EES0423409__X36__Y24__P023.jpg,0.953937,29.565728,ok
EES0423409__X36__Y2A__P024.jpg,0.945296,26.443783,ok
EES0423409__X36__Y2D__P025.jpg,0.950653,28.505253,ok
EES0423410__X36__Y39__P001.jpg,0.929444,25.888108,ok
EES0423410__X36__Y3C__P002.jpg,0.953191,29.391147,ok
EES0423410__X39__Y12__P003.jpg,0.958013,31.800971,ok
EES0423410__X39__Y15__P004.jpg,0.909599,22.579220,ok
EES0423410__X39__Y21__P005.jpg,0.923084,27.622209,ok
EES0423410__X39__Y24__P006.jpg,0.923727,27.080114,ok
EES0423410__X39__Y27__P007.jpg,0.948385,29.748593,ok
EES0423410__X39__Y39__P008.jpg,0.948774,32.544522,ok
EES0423410__X3C__Y1E__P009.jpg,0.796033,21.770285,ok
EES0423410__X3C__Y27__P010.jpg,0.955445,28.495088,ok
EES0423410__X3C__Y30__P011.jpg,0.871147,22.941398,ok
EES0423410__X3C__Y36__P012.jpg,0.897969,23.165681,ok
EES0423410__X3C__Y39__P013.jpg,0.843833,25.187030,ok
EES0423410__X3F__Y1B__P014.jpg,0.902376,22.490447,ok
EES0423410__X3F__Y1E__P015.jpg,0.938274,28.156047,ok
EES0423410__X3F__Y30__P016.jpg,0.943781,25.812608,ok
EES0423410__X42__Y1B__P017.jpg,0.849968,21.973429,ok
EES0423410__X42__Y27__P018.jpg,0.939484,26.941565,ok
EES0423410__X45__Y27__P019.jpg,0.946350,30.272038,ok
EES0423410__X09__Y21__P020.jpg,0.909314,19.393848,ok
EES0423410__X0C__Y12__P021.jpg,0.942770,26.057668,ok
EES0423410__X0F__Y2D__P022.jpg,0.894273,19.193971,ok
EES0423410__X0F__Y30__P023.jpg,0.884844,19.147663,ok
EES0423410__X0F__Y33__P024.jpg,0.897994,20.522578,ok
EES0423410__X12__Y0C__P025.jpg,0.943380,28.365168,ok
EES0423411__X12__Y15__P001.jpg,0.930617,26.001192,ok
EES0423411__X12__Y1B__P002.jpg,0.947783,27.864744,ok
EES0423411__X12__Y2A__P003.jpg,0.887677,22.665768,ok
EES0423411__X12__Y2D__P004.jpg,0.944210,25.124440,ok
EES0423411__X12__Y30__P005.jpg,0.947828,26.595619,ok
EES0423411__X12__Y33__P006.jpg,0.942631,25.812426,ok
EES0423411__X12__Y36__P007.jpg,0.953465,25.672341,ok
EES0423411__X15__Y0C__P008.jpg,0.882981,22.699189,ok
EES0423411__X15__Y0F__P009.jpg,0.957074,32.510167,ok
EES0423411__X18__Y0C__P010.jpg,0.952657,31.868723,ok
EES0423411__X18__Y1E__P011.jpg,0.945714,29.756492,ok
EES0423411__X18__Y27__P012.jpg,0.940958,25.702495,ok
EES0423411__X18__Y39__P013.jpg,0.936814,25.777321,ok
EES0423411__X18__Y3C__P014.jpg,0.953367,29.542992,ok
EES0423411__X1B__Y09__P015.jpg,0.932396,25.067050,ok
EES0423411__X1B__Y0C__P016.jpg,0.775934,21.019581,ok
EES0423411__X1B__Y21__P017.jpg,0.869107,23.112640,ok
EES0423411__X1B__Y27__P018.jpg,0.935950,24.957696,ok
EES0423411__X1B__Y2D__P019.jpg,0.945268,25.368834,ok
EES0423411__X1B__Y3F__P020.jpg,0.946975,26.973759,ok
EES0423411__X1E__Y0C__P021.jpg,0.923820,25.421360,ok
EES0423411__X1E__Y0F__P022.jpg,0.956905,27.706990,ok
EES0423411__X1E__Y12__P023.jpg,0.927219,23.868365,ok
EES0423411__X1E__Y27__P024.jpg,0.947050,25.752495,ok
EES0423411__X1E__Y2D__P025.jpg,0.912358,21.675187,ok
EES0423412__X1E__Y36__P001.jpg,0.938043,25.102197,ok
EES0423412__X21__Y0F__P002.jpg,0.894070,20.373025,ok
EES0423412__X21__Y33__P003.jpg,0.903773,23.890706,ok
EES0423412__X24__Y09__P004.jpg,0.953300,31.972171,ok
EES0423412__X24__Y0F__P005.jpg,0.936952,24.081353,ok
EES0423412__X24__Y39__P006.jpg,0.932970,25.851158,ok
EES0423412__X27__Y09__P007.jpg,0.940078,23.011807,ok
EES0423412__X27__Y1B__P008.jpg,0.951332,31.844127,ok
EES0423412__X27__Y30__P009.jpg,0.952148,26.688466,ok
EES0423412__X2A__Y27__P010.jpg,0.944763,28.974640,ok
EES0423412__X2D__Y2A__P011.jpg,0.947191,25.917705,ok
EES0423412__X30__Y0F__P012.jpg,0.924519,24.961649,ok
EES0423412__X30__Y12__P013.jpg,0.919167,23.487146,ok
EES0423412__X30__Y2A__P014.jpg,0.950388,37.036566,ok
EES0423412__X33__Y12__P015.jpg,0.957284,32.196200,ok
EES0423412__X33__Y27__P016.jpg,0.938423,28.754174,ok
EES0423412__X36__Y21__P017.jpg,0.944625,24.315694,ok
EES0423412__X36__Y24__P018.jpg,0.935817,29.759035,ok
EES0423412__X36__Y33__P019.jpg,0.886733,24.239153,ok
EES0423412__X39__Y1E__P020.jpg,0.953062,38.585346,ok
EES0423412__X3C__Y1B__P021.jpg,0.954376,31.248898,ok
EES0423412__X3C__Y2A__P022.jpg,0.903691,23.221185,ok
EES0423412__X3C__Y30__P023.jpg,0.885187,20.981620,ok
EES0423412__X3C__Y36__P024.jpg,0.950166,28.620891,ok
EES0423412__X3F__Y18__P025.jpg,0.963747,27.133159,ok
EES0423413__X3F__Y21__P001.jpg,0.897844,20.810148,ok
EES0423413__X3F__Y27__P002.jpg,0.951928,24.093842,ok
EES0423413__X3F__Y2A__P003.jpg,0.945334,28.577509,ok
EES0423413__X3F__Y2D__P004.jpg,0.962289,33.163565,ok
EES0423413__X09__Y24__P005.jpg,0.793335,23.081738,ok
EES0423413__X09__Y2A__P006.jpg,0.919313,24.352522,ok
EES0423413__X0C__Y2D__P007.jpg,0.872152,22.711493,ok
EES0423413__X0F__Y24__P008.jpg,0.936201,27.281910,ok
EES0423413__X0F__Y27__P009.jpg,0.851643,24.648882,ok
EES0423413__X0F__Y2A__P010.jpg,0.835657,21.576753,ok
EES0423413__X18__Y1E__P011.jpg,0.886270,22.786441,ok
EES0423413__X18__Y24__P012.jpg,0.877643,21.350689,ok
EES0423413__X18__Y27__P013.jpg,0.926169,24.743935,ok
EES0423413__X18__Y2A__P014.jpg,0.850148,21.585981,ok
EES0423413__X1B__Y1E__P015.jpg,0.907145,23.608801,ok
EES0423413__X1B__Y21__P016.jpg,0.897625,23.497454,ok
EES0423413__X1B__Y24__P017.jpg,0.904043,23.059859,ok
EES0423413__X1B__Y27__P018.jpg,0.913914,23.898654,ok
EES0423413__X1E__Y15__P019.jpg,0.814949,22.505195,ok
EES0423413__X1E__Y18__P020.jpg,0.889854,21.335231,ok
EES0423413__X1E__Y1B__P021.jpg,0.742164,19.716352,ok
EES0423413__X21__Y0F__P022.jpg,0.950293,27.358461,ok
EES0423413__X21__Y15__P023.jpg,0.883994,22.359042,ok
EES0423413__X21__Y18__P024.jpg,0.814451,23.023975,ok
EES0423413__X21__Y1B__P025.jpg,0.878669,26.191252,ok
EES0423414__X21__Y1E__P001.jpg,0.832129,22.470570,ok
EES0423414__X21__Y3C__P002.jpg,0.910565,21.431660,ok
EES0423414__X24__Y15__P003.jpg,0.895705,22.381400,ok
EES0423414__X24__Y18__P004.jpg,0.841780,22.890960,ok
EES0423414__X24__Y1B__P005.jpg,0.913443,25.803716,ok
EES0423414__X24__Y1E__P006.jpg,0.904368,22.534231,ok
EES0423414__X24__Y3C__P007.jpg,0.747061,20.122393,ok
EES0423414__X27__Y15__P008.jpg,0.909081,21.967898,ok
EES0423414__X27__Y18__P009.jpg,0.819428,22.775977,ok
EES0423414__X27__Y1B__P010.jpg,0.761052,21.634373,ok
EES0423414__X27__Y1E__P011.jpg,0.883016,22.472515,ok
EES0423414__X27__Y24__P012.jpg,0.794234,20.049529,ok
EES0423414__X2A__Y0F__P013.jpg,0.897373,23.788807,ok
EES0423414__X2A__Y15__P014.jpg,0.908942,23.520962,ok
EES0423414__X2A__Y1B__P015.jpg,0.890253,24.704488,ok
EES0423414__X2A__Y1E__P016.jpg,0.877503,21.852613,ok
EES0423414__X2A__Y21__P017.jpg,0.789531,19.586584,ok
EES0423414__X2A__Y24__P018.jpg,0.786676,22.032320,ok
EES0423414__X2A__Y36__P019.jpg,0.939150,27.074223,ok
EES0423414__X2A__Y3F__P020.jpg,0.907024,23.524966,ok
EES0423414__X2D__Y18__P021.jpg,0.821256,22.863532,ok
EES0423414__X2D__Y1B__P022.jpg,0.882918,22.539020,ok
EES0423414__X2D__Y1E__P023.jpg,0.900508,20.981145,ok
EES0423414__X2D__Y21__P024.jpg,0.840222,20.367986,ok
EES0423414__X2D__Y24__P025.jpg,0.870336,23.463648,ok
EES0423415__X2D__Y2A__P001.jpg,0.905286,19.289409,ok
EES0423415__X2D__Y36__P002.jpg,0.931213,28.443289,ok
EES0423415__X2D__Y39__P003.jpg,0.906747,23.215988,ok
EES0423415__X2D__Y3C__P004.jpg,0.897122,25.808906,ok
EES0423415__X30__Y1E__P005.jpg,0.888369,21.864652,ok
EES0423415__X30__Y2D__P006.jpg,0.914931,24.633479,ok
EES0423415__X30__Y30__P007.jpg,0.731514,21.335682,ok
EES0423415__X30__Y39__P008.jpg,0.906261,23.652610,ok
EES0423415__X33__Y21__P009.jpg,0.865337,21.468180,ok
EES0423415__X33__Y24__P010.jpg,0.959618,26.580748,ok
EES0423415__X33__Y27__P011.jpg,0.933246,25.009078,ok
EES0423415__X33__Y2A__P012.jpg,0.934201,26.101471,ok
EES0423415__X33__Y36__P013.jpg,0.875701,22.507035,ok
EES0423415__X36__Y24__P014.jpg,0.780060,23.034163,ok
EES0423415__X36__Y27__P015.jpg,0.805386,19.476875,ok
EES0423415__X36__Y2A__P016.jpg,0.925515,24.743575,ok
EES0423415__X36__Y30__P017.jpg,0.913629,24.080634,ok
EES0423415__X39__Y24__P018.jpg,0.876813,21.948211,ok
EES0423415__X39__Y27__P019.jpg,0.769522,21.413784,ok
EES0423415__X39__Y2A__P020.jpg,0.923222,28.632052,ok
EES0423415__X39__Y2D__P021.jpg,0.820491,21.724498,ok
EES0423415__X0C__Y15__P022.jpg,0.896861,21.957667,ok
EES0423415__X0F__Y27__P023.jpg,0.884450,21.566180,ok
EES0423415__X0F__Y2A__P024.jpg,0.931320,23.844941,ok
EES0423415__X12__Y0F__P025.jpg,0.944803,26.788560,ok
EES0423416__X42__Y27__P001.jpg,0.919343,23.949176,ok
EES0423416__X45__Y18__P002.jpg,0.940115,28.111865,ok
EES0423416__X45__Y1B__P003.jpg,0.892788,22.206450,ok
EES0423416__X45__Y1E__P004.jpg,0.892565,23.427126,ok
EES0423416__X45__Y21__P005.jpg,0.927485,25.623635,ok
EES0423416__X45__Y2A__P006.jpg,0.855139,21.266420,ok
EES0423416__X45__Y2D__P007.jpg,0.879083,23.613506,ok
EES0423416__X45__Y30__P008.jpg,0.915722,22.052842,ok
EES0423416__X12__Y3C__P009.jpg,0.938843,25.901431,ok
EES0423416__X15__Y3C__P010.jpg,0.934790,23.859342,ok
EES0423416__X27__Y3C__P011.jpg,0.908800,20.983585,ok
EES0423416__X27__Y3F__P012.jpg,0.889432,22.282407,ok
EES0423416__X2A__Y3F__P013.jpg,0.854826,18.900822,ok
EES0423416__X2D__Y3C__P014.jpg,0.876910,21.160978,ok
EES0423416__X30__Y0C__P015.jpg,0.931086,21.133029,ok
EES0423416__X30__Y2A__P016.jpg,0.885238,20.716666,ok
EES0423416__X30__Y2D__P017.jpg,0.731219,17.714719,ok
EES0423416__X30__Y39__P018.jpg,0.947171,25.639558,ok
EES0423416__X33__Y0F__P019.jpg,0.906762,20.398337,ok
EES0423416__X33__Y12__P020.jpg,0.850590,21.464199,ok
EES0423416__X33__Y1B__P021.jpg,0.816977,18.668508,ok
EES0423416__X33__Y21__P022.jpg,0.948212,24.383519,ok
EES0423416__X36__Y1E__P023.jpg,0.839720,20.921046,ok
EES0423416__X36__Y2A__P024.jpg,0.916406,21.865440,ok
EES0423416__X39__Y18__P025.jpg,0.936301,25.452450,ok
EES0423417__X30__Y24__P001.jpg,0.681081,19.959216,ok
EES0423417__X30__Y27__P002.jpg,0.665883,18.851332,ok
EES0423417__X33__Y0C__P003.jpg,0.580420,17.541457,ok
EES0423417__X33__Y1B__P004.jpg,0.710338,19.952027,ok
EES0423417__X33__Y1E__P005.jpg,0.543945,16.663660,ok
EES0423417__X33__Y21__P006.jpg,0.533334,16.251752,ok
EES0423417__X33__Y30__P007.jpg,0.796407,22.621140,ok
EES0423417__X36__Y15__P008.jpg,0.743888,21.656936,ok
EES0423417__X36__Y1B__P009.jpg,0.818488,22.010146,ok
EES0423417__X39__Y3C__P010.jpg,0.787340,18.442667,ok
EES0423417__X3F__Y1B__P011.jpg,0.678106,18.088512,ok
EES0423417__X3F__Y30__P012.jpg,0.684075,19.244981,ok
EES0423417__X3F__Y33__P013.jpg,0.962527,32.725435,ok
EES0423417__X0C__Y21__P014.jpg,0.942901,26.208916,ok
EES0423417__X15__Y1E__P015.jpg,0.949718,36.415671,ok
EES0423417__X15__Y30__P016.jpg,0.898837,21.820539,ok
EES0423417__X18__Y1E__P017.jpg,0.944159,26.683781,ok
EES0423417__X18__Y2D__P018.jpg,0.938350,24.397595,ok
EES0423417__X1B__Y12__P019.jpg,0.953293,30.212477,ok
EES0423417__X1B__Y2A__P020.jpg,0.885771,19.580695,ok
EES0423417__X1B__Y2D__P021.jpg,0.908330,20.686080,ok
EES0423417__X1E__Y1B__P022.jpg,0.954785,31.566702,ok
EES0423417__X1E__Y2A__P023.jpg,0.935179,22.454792,ok
EES0423417__X21__Y15__P024.jpg,0.906542,21.974872,ok
EES0423417__X21__Y2A__P025.jpg,0.895856,21.399736,ok
EES0423418__X0C__Y2D__P001.jpg,0.873423,21.193814,ok
EES0423418__X0C__Y30__P002.jpg,0.905999,22.590564,ok
EES0423418__X0C__Y33__P003.jpg,0.715755,17.108298,ok
EES0423418__X0F__Y24__P004.jpg,0.944466,25.406806,ok
EES0423418__X0F__Y2A__P005.jpg,0.898965,18.504463,ok
EES0423418__X0F__Y2D__P006.jpg,0.889526,19.982451,ok
EES0423418__X0F__Y33__P007.jpg,0.878647,19.277856,ok
EES0423418__X0F__Y36__P008.jpg,0.738854,19.637247,ok
EES0423418__X0F__Y39__P009.jpg,0.902339,21.834342,ok
EES0423418__X12__Y1E__P010.jpg,0.856320,19.912782,ok
EES0423418__X12__Y24__P011.jpg,0.945482,26.698479,ok
EES0423418__X12__Y2A__P012.jpg,0.945135,25.682581,ok
EES0423418__X12__Y2D__P013.jpg,0.871797,19.850780,ok
EES0423418__X12__Y30__P014.jpg,0.817644,19.887312,ok
EES0423418__X12__Y39__P015.jpg,0.816159,20.426196,ok
EES0423418__X12__Y3C__P016.jpg,0.906172,22.460274,ok
EES0423418__X15__Y18__P017.jpg,0.918376,21.846626,ok
EES0423418__X15__Y21__P018.jpg,0.863515,21.357013,ok
EES0423418__X15__Y24__P019.jpg,0.777200,18.009801,ok
EES0423418__X15__Y2D__P020.jpg,0.927310,22.298958,ok
EES0423418__X15__Y39__P021.jpg,0.872022,18.277788,ok
EES0423418__X15__Y3C__P022.jpg,0.906303,21.273040,ok
EES0423418__X18__Y0F__P023.jpg,0.826981,21.544396,ok
EES0423418__X18__Y21__P024.jpg,0.866654,21.180927,ok
EES0423418__X18__Y24__P025.jpg,0.930704,23.290997,ok
EES0423419__X36__Y15__P001.jpg,0.821235,21.977762,ok
EES0423419__X15__Y2A__P002.jpg,0.894353,22.566523,ok
EES0423419__X21__Y39__P003.jpg,0.865095,22.478092,ok
EES0423419__X24__Y42__P004.jpg,0.868472,20.912966,ok
EES0423419__X2A__Y0C__P005.jpg,0.907771,20.821997,ok
EES0423419__X33__Y0F__P006.jpg,0.893095,22.139613,ok
EES0423419__X3F__Y24__P007.jpg,0.886235,23.149680,ok
EES0423419__X3F__Y2A__P008.jpg,0.893191,23.340528,ok
EES0423419__X3F__Y2D__P009.jpg,0.830600,21.747158,ok
EES0423419__X0F__Y3F__P010.jpg,0.911096,21.728282,ok
EES0423419__X18__Y2D__P011.jpg,0.939123,24.252702,ok
EES0423419__X1B__Y2D__P012.jpg,0.942501,27.070848,ok
EES0423419__X1B__Y30__P013.jpg,0.934580,20.645651,ok
EES0423419__X1B__Y3C__P014.jpg,0.953288,30.123165,ok
EES0423419__X1B__Y45__P015.jpg,0.919963,22.534983,ok
EES0423419__X21__Y21__P016.jpg,0.954791,37.674572,ok
EES0423419__X21__Y45__P017.jpg,0.911142,20.545098,ok
EES0423419__X24__Y30__P018.jpg,0.909394,24.663712,ok
EES0423419__X24__Y39__P019.jpg,0.906668,20.244016,ok
EES0423419__X24__Y45__P020.jpg,0.852524,20.395190,ok
EES0423419__X27__Y15__P021.jpg,0.952586,30.083222,ok
EES0423419__X2A__Y2A__P022.jpg,0.878833,21.257051,ok
EES0423419__X30__Y24__P023.jpg,0.928151,21.813647,ok
EES0423419__X30__Y33__P024.jpg,0.905408,18.727553,ok
EES0423419__X30__Y39__P025.jpg,0.937488,23.256432,ok
EES0423420__X30__Y3C__P001.jpg,0.896346,20.210156,ok
EES0423420__X30__Y3F__P002.jpg,0.839397,20.710141,ok
EES0423420__X33__Y39__P003.jpg,0.831307,19.312702,ok
EES0423420__X33__Y3C__P004.jpg,0.909719,23.247449,ok
EES0423420__X36__Y39__P005.jpg,0.839493,20.860314,ok
EES0423420__X36__Y3C__P006.jpg,0.900550,20.432154,ok
EES0423420__X0F__Y0F__P007.jpg,0.942857,29.196223,ok
EES0423420__X15__Y0C__P008.jpg,0.876819,20.528179,ok
EES0423420__X1B__Y09__P009.jpg,0.944625,27.608347,ok
EES0423420__X1E__Y09__P010.jpg,0.949870,27.488428,ok
EES0423420__X2A__Y09__P011.jpg,0.923749,20.400446,ok
EES0423420__X30__Y45__P012.jpg,0.818350,18.986829,ok
EES0423420__X33__Y0C__P013.jpg,0.902166,23.537599,ok
EES0423420__X36__Y42__P014.jpg,0.874276,21.454298,ok
EES0423420__X39__Y0C__P015.jpg,0.953101,30.697211,ok
EES0423420__X39__Y3F__P016.jpg,0.700797,17.933442,ok
EES0423420__X39__Y42__P017.jpg,0.945292,26.882794,ok
EES0423420__X3C__Y12__P018.jpg,0.949737,27.295433,ok
EES0423420__X3C__Y39__P019.jpg,0.738353,17.562227,ok
EES0423420__X3C__Y3F__P020.jpg,0.826808,21.637220,ok
EES0423420__X3C__Y45__P021.jpg,0.956514,35.307575,ok
EES0423420__X3F__Y12__P022.jpg,0.850735,22.707253,ok
EES0423420__X3F__Y30__P023.jpg,0.721163,18.494608,ok
EES0423420__X3F__Y39__P024.jpg,0.873265,21.763858,ok
EES0423420__X3F__Y3C__P025.jpg,0.943282,29.463085,ok
EES0423421__X42__Y1B__P001.jpg,0.917852,23.981420,ok
EES0423421__X42__Y30__P002.jpg,0.821862,21.310841,ok
EES0423421__X42__Y36__P003.jpg,0.885010,22.343361,ok
EES0423421__X42__Y39__P004.jpg,0.927490,22.307507,ok
EES0423421__X45__Y21__P005.jpg,0.955409,36.725360,ok
EES0423421__X45__Y24__P006.jpg,0.960227,40.488045,ok
EES0423421__X45__Y27__P007.jpg,0.949563,30.066028,ok
EES0423421__X45__Y2A__P008.jpg,0.891695,25.111797,ok
EES0423421__X45__Y2D__P009.jpg,0.919192,20.638447,ok
EES0423421__X45__Y30__P010.jpg,0.950951,28.977208,ok
EES0423421__X03__Y0C__P011.jpg,0.947355,30.405681,ok
EES0423421__X03__Y0F__P012.jpg,0.846871,21.300737,ok
EES0423421__X03__Y12__P013.jpg,0.902521,24.887841,ok
EES0423421__X03__Y15__P014.jpg,0.796751,23.108819,ok
EES0423421__X03__Y18__P015.jpg,0.738008,21.107446,ok
EES0423421__X03__Y1B__P016.jpg,0.807342,22.683132,ok
EES0423421__X03__Y1E__P017.jpg,0.877675,22.477454,ok
EES0423421__X03__Y21__P018.jpg,0.795316,22.109722,ok
EES0423421__X03__Y24__P019.jpg,0.928035,25.839332,ok
EES0423421__X03__Y27__P020.jpg,0.913469,26.139349,ok
EES0423421__X03__Y2A__P021.jpg,0.956793,28.360796,ok
EES0423421__X03__Y2D__P022.jpg,0.904638,24.521197,ok
EES0423421__X03__Y30__P023.jpg,0.854285,23.766563,ok
EES0423421__X03__Y33__P024.jpg,0.861111,22.678309,ok
EES0423421__X03__Y36__P025.jpg,0.903552,22.706569,ok
EES0423422__X03__Y39__P001.jpg,0.930803,27.224372,ok
EES0423422__X03__Y3C__P002.jpg,0.785389,23.196937,ok
EES0423422__X03__Y3F__P003.jpg,0.911068,24.806019,ok
EES0423422__X03__Y42__P004.jpg,0.834234,22.941228,ok
EES0423422__X06__Y0C__P005.jpg,0.893240,23.548253,ok
EES0423422__X06__Y0F__P006.jpg,0.849933,21.650844,ok
EES0423422__X06__Y12__P007.jpg,0.824055,23.150192,ok
EES0423422__X06__Y15__P008.jpg,0.818863,22.618176,ok
EES0423422__X06__Y18__P009.jpg,0.934710,27.204308,ok
EES0423422__X06__Y1E__P010.jpg,0.874774,23.651233,ok
EES0423422__X06__Y21__P011.jpg,0.801311,23.461016,ok
EES0423422__X06__Y24__P012.jpg,0.851111,23.895627,ok
EES0423422__X06__Y27__P013.jpg,0.805878,23.180499,ok
EES0423422__X06__Y2A__P014.jpg,0.780832,23.165133,ok
EES0423422__X06__Y30__P015.jpg,0.892691,25.629609,ok
EES0423422__X06__Y33__P016.jpg,0.858157,23.002259,ok
EES0423422__X06__Y36__P017.jpg,0.887091,24.143051,ok
EES0423422__X09__Y0C__P018.jpg,0.877422,23.268557,ok
EES0423422__X09__Y0F__P019.jpg,0.952969,31.049497,ok
EES0423422__X09__Y15__P020.jpg,0.869131,23.993895,ok
EES0423422__X09__Y18__P021.jpg,0.799637,23.042746,ok
EES0423422__X09__Y1B__P022.jpg,0.586515,15.865709,ok
EES0423422__X09__Y30__P023.jpg,0.503440,15.660410,ok
EES0423422__X09__Y33__P024.jpg,0.771537,22.473075,ok
EES0423422__X09__Y36__P025.jpg,0.912063,26.618652,ok
EES0423423__X3C__Y0C__P001.jpg,0.916046,25.044466,ok
EES0423423__X3C__Y0F__P002.jpg,0.674778,20.648912,ok
EES0423423__X3F__Y0C__P003.jpg,0.953091,37.354165,ok
EES0423423__X3F__Y0F__P004.jpg,0.918529,27.257125,ok
EES0423423__X3F__Y42__P005.jpg,0.912345,23.013070,ok
EES0423423__X3F__Y45__P006.jpg,0.880303,25.203386,ok
EES0423423__X42__Y12__P007.jpg,0.932592,26.987145,ok
EES0423423__X42__Y3F__P008.jpg,0.734363,20.696298,ok
EES0423423__X42__Y42__P009.jpg,0.921139,25.878740,ok
EES0423423__X42__Y45__P010.jpg,0.892136,22.605570,ok
EES0423423__X18__Y09__P011.jpg,0.913716,22.523028,ok
EES0423423__X18__Y0C__P012.jpg,0.746568,18.559167,ok
EES0423423__X1B__Y0C__P013.jpg,0.708597,18.839275,ok
EES0423423__X24__Y45__P014.jpg,0.832551,21.207729,ok
EES0423423__X27__Y09__P015.jpg,0.950466,34.270551,ok
EES0423423__X27__Y3F__P016.jpg,0.743024,19.573886,ok
EES0423423__X33__Y0F__P017.jpg,0.950513,37.973764,ok
EES0423423__X39__Y15__P018.jpg,0.923233,31.901500,ok
EES0423423__X3C__Y30__P019.jpg,0.923595,23.443592,ok
EES0423423__X06__Y18__P020.jpg,0.929357,23.930023,ok
EES0423423__X06__Y3C__P021.jpg,0.898996,23.930888,ok
EES0423423__X18__Y09__P022.jpg,0.943748,30.775518,ok
EES0423423__X33__Y0C__P023.jpg,0.952514,29.311623,ok
EES0423423__X36__Y42__P024.jpg,0.946609,24.790052,ok
EES0423423__X39__Y12__P025.jpg,0.956056,29.059093,ok
EES0423424__X3F__Y18__P001.jpg,0.950511,33.665020,ok
EES0423424__X42__Y21__P002.jpg,0.961986,37.200364,ok
EES0423424__X42__Y24__P003.jpg,0.875576,19.735339,ok
EES0423424__X42__Y2D__P004.jpg,0.942132,23.521819,ok
EES0423424__X42__Y30__P005.jpg,0.946366,32.152120,ok
EES0423424__X09__Y1E__P006.jpg,0.839823,21.709427,ok
EES0423424__X0C__Y1B__P007.jpg,0.825885,22.694808,ok
EES0423424__X0F__Y1E__P008.jpg,0.865645,22.047675,ok
EES0423424__X12__Y15__P009.jpg,0.903313,24.388921,ok
EES0423424__X15__Y15__P010.jpg,0.704967,19.717902,ok
EES0423424__X15__Y1B__P011.jpg,0.877645,21.010403,ok
EES0423424__X15__Y1E__P012.jpg,0.838897,21.468548,ok
EES0423424__X15__Y21__P013.jpg,0.920733,25.829288,ok
EES0423424__X15__Y42__P014.jpg,0.913807,23.550452,ok
EES0423424__X18__Y0F__P015.jpg,0.918425,23.930111,ok
EES0423424__X18__Y18__P016.jpg,0.891975,20.315681,ok
EES0423424__X18__Y1B__P017.jpg,0.889749,21.564712,ok
EES0423424__X18__Y21__P018.jpg,0.889946,20.847998,ok
EES0423424__X1B__Y0F__P019.jpg,0.764989,22.031569,ok
EES0423424__X1B__Y12__P020.jpg,0.847219,21.805942,ok
EES0423424__X1B__Y15__P021.jpg,0.825217,21.586994,ok
EES0423424__X1B__Y18__P022.jpg,0.780180,19.617057,ok
EES0423424__X1B__Y1B__P023.jpg,0.729214,17.868760,ok
EES0423424__X1B__Y1E__P024.jpg,0.847685,17.415816,ok
EES0423424__X1B__Y21__P025.jpg,0.874558,20.502075,ok
EES0423425__X1B__Y24__P001.jpg,0.786430,18.733013,ok
EES0423425__X1E__Y0F__P002.jpg,0.904634,21.210791,ok
EES0423425__X1E__Y1B__P003.jpg,0.877254,19.698346,ok
EES0423425__X1E__Y1E__P004.jpg,0.812140,21.631778,ok
EES0423425__X1E__Y21__P005.jpg,0.856330,20.516274,ok
EES0423425__X1E__Y24__P006.jpg,0.835923,20.738632,ok
EES0423425__X21__Y0F__P007.jpg,0.858652,18.943680,ok
EES0423425__X21__Y12__P008.jpg,0.831121,22.454006,ok
EES0423425__X21__Y15__P009.jpg,0.851512,22.305222,ok
EES0423425__X21__Y21__P010.jpg,0.882993,20.281358,ok
EES0423425__X24__Y0F__P011.jpg,0.892980,19.427219,ok
EES0423425__X24__Y12__P012.jpg,0.909741,25.570327,ok
EES0423425__X24__Y15__P013.jpg,0.912524,23.364184,ok
EES0423425__X24__Y18__P014.jpg,0.913749,23.055176,ok
EES0423425__X24__Y1B__P015.jpg,0.759702,20.553903,ok
EES0423425__X27__Y0F__P016.jpg,0.942126,26.503265,ok
EES0423425__X27__Y18__P017.jpg,0.879406,21.979716,ok
EES0423425__X2A__Y12__P018.jpg,0.914163,23.930416,ok
EES0423425__X2A__Y15__P019.jpg,0.860822,20.913943,ok
EES0423425__X2D__Y0F__P020.jpg,0.889104,23.516611,ok
EES0423425__X2D__Y12__P021.jpg,0.909964,23.363151,ok
EES0423425__X2D__Y24__P022.jpg,0.871344,21.940868,ok
EES0423425__X33__Y24__P023.jpg,0.942050,26.312897,ok
EES0423425__X3C__Y33__P024.jpg,0.945032,25.800951,ok
EES0423425__X03__Y33__P025.jpg,0.782174,20.783548,ok
EES0423426__X09__Y30__P001.jpg,0.690031,21.059509,ok
EES0423426__X09__Y33__P002.jpg,0.917673,29.940543,ok
EES0423426__X0C__Y12__P003.jpg,0.941479,28.282842,ok
EES0423426__X0C__Y39__P004.jpg,0.947035,33.178181,ok
EES0423426__X0F__Y0C__P005.jpg,0.915552,29.001910,ok
EES0423426__X0F__Y0F__P006.jpg,0.755093,21.943577,ok
EES0423426__X12__Y0C__P007.jpg,0.893921,21.494589,ok
EES0423426__X18__Y09__P008.jpg,0.852685,20.756787,ok
EES0423426__X18__Y33__P009.jpg,0.699730,21.757377,ok
EES0423426__X18__Y3F__P010.jpg,0.699568,18.005219,ok
EES0423426__X18__Y42__P011.jpg,0.853627,21.800304,ok
EES0423426__X1B__Y1E__P012.jpg,0.823169,20.491986,ok
EES0423426__X1B__Y30__P013.jpg,0.754887,22.201099,ok
EES0423426__X1B__Y3C__P014.jpg,0.858774,22.570856,ok
EES0423426__X1B__Y45__P015.jpg,0.937741,25.307991,ok
EES0423426__X1E__Y09__P016.jpg,0.625512,20.575736,ok
EES0423426__X21__Y09__P017.jpg,0.597146,19.103145,ok
EES0423426__X24__Y45__P018.jpg,0.707824,18.854613,ok
EES0423426__X27__Y09__P019.jpg,0.919211,22.080489,ok
EES0423426__X2A__Y2D__P020.jpg,0.690250,21.157612,ok
EES0423426__X2A__Y42__P021.jpg,0.793222,22.380936,ok
EES0423426__X2A__Y45__P022.jpg,0.700520,20.132968,ok
EES0423426__X2D__Y39__P023.jpg,0.834276,22.240357,ok
EES0423426__X2D__Y45__P024.jpg,0.882171,22.161706,ok
EES0423426__X30__Y0C__P025.jpg,0.950711,32.232309,ok
EES0423427__X30__Y33__P001.jpg,0.503204,16.139158,ok
EES0423427__X33__Y42__P002.jpg,0.914192,27.285747,ok
EES0423427__X39__Y12__P003.jpg,0.910984,23.520199,ok
EES0423427__X3F__Y1B__P004.jpg,0.914195,22.496775,ok
EES0423427__X3F__Y33__P005.jpg,0.882346,24.491461,ok
EES0423427__X42__Y24__P006.jpg,0.927037,26.676843,ok
EES0423427__X42__Y27__P007.jpg,0.896535,23.843739,ok
EES0423427__X42__Y2D__P008.jpg,0.640093,15.919453,ok
EES0423427__X03__Y30__P009.jpg,0.886685,21.229353,ok
EES0423427__X06__Y1B__P010.jpg,0.919602,24.609162,ok
EES0423427__X06__Y27__P011.jpg,0.899087,23.157621,ok
EES0423427__X18__Y15__P012.jpg,0.917734,23.258544,ok
EES0423427__X1B__Y39__P013.jpg,0.862324,21.165943,ok
EES0423427__X1E__Y39__P014.jpg,0.911731,23.931959,ok
EES0423427__X21__Y3F__P015.jpg,0.911223,23.448271,ok
EES0423427__X24__Y1B__P016.jpg,0.908518,21.107661,ok
EES0423427__X24__Y1E__P017.jpg,0.870246,19.777875,ok
EES0423427__X24__Y3F__P018.jpg,0.907416,22.105641,ok
EES0423427__X27__Y1E__P019.jpg,0.861258,20.683308,ok
EES0423427__X27__Y42__P020.jpg,0.897022,22.439648,ok
EES0423427__X2D__Y30__P021.jpg,0.890780,21.476395,ok
EES0423427__X2D__Y36__P022.jpg,0.876685,21.199463,ok
EES0423427__X2D__Y39__P023.jpg,0.912784,23.512290,ok
EES0423427__X30__Y27__P024.jpg,0.886705,22.774670,ok
EES0423427__X33__Y12__P025.jpg,0.894433,22.943931,ok
EES0423428__X21__Y3F__P001.jpg,0.848659,20.829908,ok
EES0423428__X24__Y0C__P002.jpg,0.914819,21.935158,ok
EES0423428__X24__Y0F__P003.jpg,0.924457,22.330005,ok
EES0423428__X24__Y12__P004.jpg,0.857822,21.023957,ok
EES0423428__X24__Y3F__P005.jpg,0.766323,19.886678,ok
EES0423428__X27__Y0F__P006.jpg,0.914154,22.924684,ok
EES0423428__X27__Y3F__P007.jpg,0.892147,22.161934,ok
EES0423428__X2A__Y0F__P008.jpg,0.919620,22.434001,ok
EES0423428__X2A__Y3F__P009.jpg,0.931431,23.711360,ok
EES0423428__X2D__Y30__P010.jpg,0.936104,23.347148,ok
EES0423428__X2D__Y3C__P011.jpg,0.887541,22.835991,ok
EES0423428__X2D__Y3F__P012.jpg,0.929051,24.854832,ok
EES0423428__X30__Y09__P013.jpg,0.910811,22.266473,ok
EES0423428__X30__Y3F__P014.jpg,0.938568,24.229190,ok
EES0423428__X33__Y15__P015.jpg,0.938331,24.057038,ok
EES0423428__X33__Y24__P016.jpg,0.882540,21.268294,ok
EES0423428__X33__Y30__P017.jpg,0.937634,23.536071,ok
EES0423428__X33__Y3F__P018.jpg,0.924808,22.806620,ok
EES0423428__X36__Y12__P019.jpg,0.938727,23.423308,ok
EES0423428__X36__Y15__P020.jpg,0.900216,20.778554,ok
EES0423428__X36__Y18__P021.jpg,0.910228,21.397804,ok
EES0423428__X36__Y21__P022.jpg,0.892264,21.332896,ok
EES0423428__X36__Y24__P023.jpg,0.911268,20.919358,ok
EES0423428__X36__Y27__P024.jpg,0.863446,21.052806,ok
EES0423428__X36__Y2D__P025.jpg,0.921089,23.648688,ok
EES0423429__X30__Y33__P001.jpg,0.681662,22.364074,ok
EES0423429__X30__Y36__P002.jpg,0.905658,23.532930,ok
EES0423429__X30__Y39__P003.jpg,0.724983,20.287482,ok
EES0423429__X30__Y3C__P004.jpg,0.909902,23.811755,ok
EES0423429__X33__Y21__P005.jpg,0.911389,20.274719,ok
EES0423429__X33__Y24__P006.jpg,0.841205,20.200051,ok
EES0423429__X33__Y27__P007.jpg,0.911976,23.819579,ok
EES0423429__X33__Y2A__P008.jpg,0.799499,24.301382,ok
EES0423429__X33__Y2D__P009.jpg,0.890517,21.259624,ok
EES0423429__X33__Y30__P010.jpg,0.920550,23.980429,ok
EES0423429__X33__Y33__P011.jpg,0.784688,23.767110,ok
EES0423429__X33__Y36__P012.jpg,0.847548,21.492458,ok
EES0423429__X33__Y39__P013.jpg,0.676903,17.704083,ok
EES0423429__X36__Y24__P014.jpg,0.900389,24.323628,ok
EES0423429__X36__Y27__P015.jpg,0.858689,20.342751,ok
EES0423429__X36__Y2A__P016.jpg,0.902906,25.180880,ok
EES0423429__X36__Y2D__P017.jpg,0.900782,22.263552,ok
EES0423429__X36__Y30__P018.jpg,0.870244,21.650427,ok
EES0423429__X36__Y33__P019.jpg,0.823190,23.382079,ok
EES0423429__X36__Y36__P020.jpg,0.890329,22.101146,ok
EES0423429__X36__Y39__P021.jpg,0.894754,23.894371,ok
EES0423429__X36__Y3C__P022.jpg,0.846181,21.747705,ok
EES0423429__X39__Y2A__P023.jpg,0.882522,21.958880,ok
EES0423429__X39__Y2D__P024.jpg,0.907432,25.615229,ok
EES0423429__X3C__Y2A__P025.jpg,0.889275,23.035544,ok
EES0423430__X3C__Y30__P001.jpg,0.776629,22.278360,ok
EES0423430__X06__Y21__P002.jpg,0.934628,26.163412,ok
EES0423430__X06__Y24__P003.jpg,0.682592,16.022991,ok
EES0423430__X0C__Y15__P004.jpg,0.724239,16.695471,ok
EES0423430__X15__Y0C__P005.jpg,0.939195,23.786571,ok
EES0423430__X21__Y06__P006.jpg,0.955859,35.931024,ok
EES0423430__X24__Y06__P007.jpg,0.933429,22.853271,ok
EES0423430__X2A__Y06__P008.jpg,0.928223,21.581747,ok
EES0423430__X30__Y09__P009.jpg,0.799991,20.178220,ok
EES0423430__X33__Y09__P010.jpg,0.959421,37.117752,ok
EES0423430__X36__Y0C__P011.jpg,0.669468,16.287982,ok
EES0423430__X39__Y0C__P012.jpg,0.929083,22.310969,ok
EES0423430__X3C__Y0F__P013.jpg,0.941104,25.537107,ok
EES0423430__X3C__Y3F__P014.jpg,0.895952,22.530370,ok
EES0423430__X42__Y15__P015.jpg,0.914349,23.073696,ok
EES0423430__X45__Y1B__P016.jpg,0.931196,23.454826,ok
EES0423430__X03__Y1B__P017.jpg,0.951667,35.762256,ok
EES0423430__X03__Y1E__P018.jpg,0.870063,22.105425,ok
EES0423430__X03__Y2D__P019.jpg,0.727059,22.366130,ok
EES0423430__X03__Y30__P020.jpg,0.798299,23.277818,ok
EES0423430__X03__Y33__P021.jpg,0.955982,32.783927,ok
EES0423430__X06__Y15__P022.jpg,0.886965,21.202547,ok
EES0423430__X06__Y36__P023.jpg,0.911074,24.812380,ok
EES0423430__X0C__Y3F__P024.jpg,0.738701,23.826044,ok
EES0423430__X0F__Y42__P025.jpg,0.880551,23.311414,ok
EES0423431__X36__Y36__P001.jpg,0.894906,22.452464,ok
EES0423431__X39__Y2D__P002.jpg,0.887005,22.872490,ok
EES0423431__X39__Y33__P003.jpg,0.905855,22.117522,ok
EES0423431__X39__Y36__P004.jpg,0.893228,24.851987,ok
EES0423431__X3C__Y1E__P005.jpg,0.887391,22.745018,ok
EES0423431__X3C__Y30__P006.jpg,0.854734,20.746330,ok
EES0423431__X3F__Y30__P007.jpg,0.820620,23.639371,ok
EES0423431__X42__Y36__P008.jpg,0.944010,30.733880,ok
EES0423431__X15__Y09__P009.jpg,0.890221,18.056976,ok
EES0423431__X1B__Y06__P010.jpg,0.878039,19.703637,ok
EES0423431__X39__Y0C__P011.jpg,0.893959,21.289981,ok
EES0423431__X42__Y15__P012.jpg,0.931505,24.681824,ok
EES0423431__X06__Y2D__P013.jpg,0.763104,20.575527,ok
EES0423431__X0F__Y39__P014.jpg,0.696191,17.076202,ok
EES0423431__X1B__Y45__P015.jpg,0.719512,18.295062,ok
EES0423431__X1E__Y09__P016.jpg,0.939691,34.109411,ok
EES0423431__X1E__Y45__P017.jpg,0.837379,20.494452,ok
EES0423431__X21__Y09__P018.jpg,0.957558,36.618118,ok
EES0423431__X21__Y45__P019.jpg,0.781639,21.243913,ok
EES0423431__X24__Y09__P020.jpg,0.953763,35.436153,ok
EES0423431__X2D__Y42__P021.jpg,0.791659,20.236642,ok
EES0423431__X33__Y3F__P022.jpg,0.847615,20.515836,ok
EES0423431__X3C__Y15__P023.jpg,0.959381,35.512557,ok
EES0423431__X3F__Y18__P024.jpg,0.900073,21.869835,ok
EES0423431__X06__Y21__P025.jpg,0.896861,24.742790,ok
EES0423432__X33__Y3F__P001.jpg,0.914103,24.376732,ok
EES0423432__X36__Y18__P002.jpg,0.801062,23.008138,ok
EES0423432__X36__Y36__P003.jpg,0.843389,23.017828,ok
EES0423432__X39__Y1B__P004.jpg,0.692711,20.329733,ok
EES0423432__X39__Y36__P005.jpg,0.839942,22.472841,ok
EES0423432__X3C__Y30__P006.jpg,0.859823,25.330079,ok
EES0423432__X03__Y18__P007.jpg,0.933748,28.179907,ok
EES0423432__X03__Y1B__P008.jpg,0.914676,22.875962,ok
EES0423432__X03__Y1E__P009.jpg,0.905962,24.004785,ok
EES0423432__X03__Y21__P010.jpg,0.780267,22.480423,ok
EES0423432__X03__Y2A__P011.jpg,0.820756,21.232072,ok
EES0423432__X03__Y2D__P012.jpg,0.876013,22.703271,ok
EES0423432__X03__Y30__P013.jpg,0.773470,22.353033,ok
EES0423432__X03__Y33__P014.jpg,0.951945,28.815566,ok
EES0423432__X06__Y15__P015.jpg,0.942998,29.924169,ok
EES0423432__X09__Y3C__P016.jpg,0.926914,26.525056,ok
EES0423432__X0C__Y0F__P017.jpg,0.923304,25.358235,ok
EES0423432__X0F__Y42__P018.jpg,0.817778,20.953428,ok
EES0423432__X12__Y0C__P019.jpg,0.849104,21.371778,ok
EES0423432__X15__Y09__P020.jpg,0.922469,26.247987,ok
EES0423432__X18__Y09__P021.jpg,0.874308,21.893019,ok
EES0423432__X18__Y45__P022.jpg,0.661035,22.697463,ok
EES0423432__X1B__Y45__P023.jpg,0.652259,21.825808,ok
EES0423432__X1E__Y06__P024.jpg,0.938946,29.090757,ok
EES0423432__X24__Y06__P025.jpg,0.908599,23.879538,ok
EES0423433__X27__Y06__P001.jpg,0.914370,26.578580,ok
EES0423433__X27__Y45__P002.jpg,0.704015,20.614393,ok
EES0423433__X2A__Y45__P003.jpg,0.883124,20.935862,ok
EES0423433__X2D__Y09__P004.jpg,0.907028,24.632051,ok
EES0423433__X2D__Y45__P005.jpg,0.938885,26.103201,ok
EES0423433__X30__Y09__P006.jpg,0.930381,24.916161,ok
EES0423433__X33__Y42__P007.jpg,0.869307,20.832388,ok
EES0423433__X36__Y0C__P008.jpg,0.890792,21.661534,ok
EES0423433__X36__Y3F__P009.jpg,0.788668,22.034912,ok
EES0423433__X39__Y0F__P010.jpg,0.875968,21.190316,ok
EES0423433__X39__Y3F__P011.jpg,0.957807,34.002910,ok
EES0423433__X3C__Y0F__P012.jpg,0.946327,29.135374,ok
EES0423433__X3C__Y3C__P013.jpg,0.904208,22.798650,ok
EES0423433__X3F__Y0F__P014.jpg,0.865886,19.827904,ok
EES0423433__X3F__Y15__P015.jpg,0.868611,20.841100,ok
EES0423433__X3F__Y18__P016.jpg,0.861203,21.158482,ok
EES0423433__X3F__Y30__P017.jpg,0.736250,23.718320,ok
EES0423433__X3F__Y33__P018.jpg,0.768064,21.959307,ok
EES0423433__X3F__Y36__P019.jpg,0.926620,25.333095,ok
EES0423433__X42__Y0C__P020.jpg,0.953150,39.904468,ok
EES0423433__X42__Y0F__P021.jpg,0.918818,23.368286,ok
EES0423433__X42__Y12__P022.jpg,0.932225,26.144655,ok
EES0423433__X42__Y15__P023.jpg,0.867568,21.114131,ok
EES0423433__X42__Y18__P024.jpg,0.916935,23.810196,ok
EES0423433__X42__Y1B__P025.jpg,0.910026,23.548900,ok
EES0423434__X42__Y1E__P001.jpg,0.908487,22.300420,ok
EES0423434__X42__Y21__P002.jpg,0.850556,19.684746,ok
EES0423434__X42__Y27__P003.jpg,0.728204,21.619783,ok
EES0423434__X42__Y2A__P004.jpg,0.850634,19.606452,ok
EES0423434__X42__Y2D__P005.jpg,0.686304,22.615868,ok
EES0423434__X42__Y30__P006.jpg,0.715873,22.041199,ok
EES0423434__X42__Y33__P007.jpg,0.920356,24.542963,ok
EES0423434__X06__Y1B__P008.jpg,0.805817,23.517705,ok
EES0423434__X06__Y1E__P009.jpg,0.767304,22.970837,ok
EES0423434__X06__Y21__P010.jpg,0.598011,16.470790,ok
EES0423434__X06__Y24__P011.jpg,0.543748,15.588712,ok
EES0423434__X06__Y27__P012.jpg,0.593172,18.571961,ok
EES0423434__X06__Y2D__P013.jpg,0.757866,21.944390,ok
EES0423434__X06__Y30__P014.jpg,0.823639,22.530425,ok
EES0423434__X06__Y33__P015.jpg,0.945779,29.100921,ok
EES0423434__X09__Y15__P016.jpg,0.874690,21.298545,ok
EES0423434__X09__Y36__P017.jpg,0.917749,24.893848,ok
EES0423434__X09__Y39__P018.jpg,0.953151,30.461603,ok
EES0423434__X0C__Y39__P019.jpg,0.596319,17.327057,ok
EES0423434__X0C__Y3C__P020.jpg,0.875843,21.732476,ok
EES0423434__X15__Y09__P021.jpg,0.957363,34.894215,ok
EES0423434__X15__Y42__P022.jpg,0.947139,29.127308,ok
EES0423434__X18__Y09__P023.jpg,0.921033,24.009968,ok
EES0423434__X1E__Y06__P024.jpg,0.951881,27.955851,ok
EES0423434__X1E__Y45__P025.jpg,0.924694,27.172046,ok
EES0423435__X21__Y06__P001.jpg,0.915724,22.322116,ok
EES0423435__X21__Y45__P002.jpg,0.839415,20.823731,ok
EES0423435__X24__Y06__P003.jpg,0.835735,21.158291,ok
EES0423435__X24__Y45__P004.jpg,0.708900,20.349728,ok
EES0423435__X27__Y06__P005.jpg,0.940955,31.208433,ok
EES0423435__X27__Y45__P006.jpg,0.905054,23.023456,ok
EES0423435__X2A__Y06__P007.jpg,0.956543,38.184510,ok
EES0423435__X2A__Y45__P008.jpg,0.926146,28.605855,ok
EES0423435__X2D__Y45__P009.jpg,0.931044,27.673610,ok
EES0423435__X33__Y09__P010.jpg,0.859017,24.087292,ok
EES0423435__X36__Y42__P011.jpg,0.943318,29.511846,ok
EES0423435__X39__Y0C__P012.jpg,0.943213,29.079785,ok
EES0423435__X39__Y3F__P013.jpg,0.911041,24.319541,ok
EES0423435__X3C__Y0F__P014.jpg,0.882903,23.251869,ok
EES0423435__X3C__Y3C__P015.jpg,0.875440,22.880344,ok
EES0423435__X3F__Y0F__P016.jpg,0.928850,27.061222,ok
EES0423435__X3F__Y12__P017.jpg,0.897495,23.428959,ok
EES0423435__X3F__Y39__P018.jpg,0.929129,20.731594,ok
EES0423435__X42__Y18__P019.jpg,0.930780,25.066075,ok
EES0423435__X42__Y33__P020.jpg,0.927987,23.815002,ok
EES0423435__X42__Y36__P021.jpg,0.949566,28.603323,ok
EES0423435__X45__Y1B__P022.jpg,0.913272,25.048693,ok
EES0423435__X45__Y1E__P023.jpg,0.953641,34.942609,ok
EES0423435__X45__Y21__P024.jpg,0.913884,24.740127,ok
EES0423435__X45__Y24__P025.jpg,0.911828,26.581733,ok
EES0423436__X45__Y27__P001.jpg,0.743361,21.222982,ok
EES0423436__X45__Y2A__P002.jpg,0.882666,22.421422,ok
EES0423436__X45__Y2D__P003.jpg,0.864963,22.646864,ok
EES0423436__X03__Y27__P004.jpg,0.929315,22.119965,ok
EES0423436__X06__Y1E__P005.jpg,0.917486,22.702382,ok
EES0423436__X09__Y1E__P006.jpg,0.938178,22.185603,ok
EES0423436__X09__Y2A__P007.jpg,0.917797,21.372627,ok
EES0423436__X0C__Y2A__P008.jpg,0.942470,26.933355,ok
EES0423436__X0F__Y27__P009.jpg,0.944310,25.180322,ok
EES0423436__X12__Y30__P010.jpg,0.904580,20.646789,ok
EES0423436__X12__Y3F__P011.jpg,0.872438,21.992690,ok
EES0423436__X15__Y1B__P012.jpg,0.955883,30.938918,ok
EES0423436__X15__Y2D__P013.jpg,0.888295,20.828921,ok
EES0423436__X18__Y3C__P014.jpg,0.909982,22.228567,ok
EES0423436__X18__Y42__P015.jpg,0.842494,21.747753,ok
EES0423436__X1B__Y3C__P016.jpg,0.890547,21.351307,ok
EES0423436__X1B__Y3F__P017.jpg,0.817587,21.142583,ok
EES0423436__X1B__Y42__P018.jpg,0.902974,21.540465,ok
EES0423436__X1E__Y3F__P019.jpg,0.943033,29.552181,ok
EES0423436__X21__Y42__P020.jpg,0.853112,19.549279,ok
EES0423436__X2A__Y27__P021.jpg,0.925542,23.102976,ok
EES0423436__X2A__Y2A__P022.jpg,0.842940,20.372951,ok
EES0423436__X2A__Y33__P023.jpg,0.927917,22.037781,ok
EES0423436__X2A__Y39__P024.jpg,0.892851,21.090378,ok
EES0423436__X2A__Y3C__P025.jpg,0.904400,20.736040,ok
EES0423437__X15__Y0C__P001.jpg,0.842726,21.409695,ok
EES0423437__X1B__Y09__P002.jpg,0.516172,12.285844,ok
EES0423437__X1E__Y09__P003.jpg,0.907719,24.272904,ok
EES0423437__X1E__Y45__P004.jpg,0.782922,21.910396,ok
EES0423437__X21__Y09__P005.jpg,0.795064,20.978016,ok
EES0423437__X21__Y18__P006.jpg,0.648889,17.910698,ok
EES0423437__X2A__Y09__P007.jpg,0.899087,23.870122,ok
EES0423437__X2A__Y18__P008.jpg,0.486919,17.958266,ok
EES0423437__X2D__Y09__P009.jpg,0.954668,28.975007,ok
EES0423437__X2D__Y1E__P010.jpg,0.522993,15.941707,ok
EES0423437__X2D__Y21__P011.jpg,0.559801,18.501172,ok
EES0423437__X2D__Y27__P012.jpg,0.576524,19.701592,ok
EES0423437__X30__Y1E__P013.jpg,0.527326,16.559416,ok
EES0423437__X36__Y0F__P014.jpg,0.773019,22.522519,ok
EES0423437__X39__Y0F__P015.jpg,0.926475,25.269278,ok
EES0423437__X3F__Y15__P016.jpg,0.864646,21.196731,ok
EES0423437__X42__Y18__P017.jpg,0.646601,14.901030,ok
EES0423437__X03__Y21__P018.jpg,0.914905,24.015290,ok
EES0423437__X03__Y27__P019.jpg,0.609855,16.320231,ok
EES0423437__X03__Y30__P020.jpg,0.852897,24.052566,ok
EES0423437__X03__Y33__P021.jpg,0.872007,23.126715,ok
EES0423437__X03__Y36__P022.jpg,0.895296,22.963892,ok
EES0423437__X03__Y39__P023.jpg,0.949946,29.836667,ok
EES0423437__X06__Y18__P024.jpg,0.440005,10.069754,ok
EES0423437__X06__Y1B__P025.jpg,0.875130,23.707123,ok
EES0423438__X06__Y39__P001.jpg,0.917503,24.960194,ok
EES0423438__X09__Y15__P002.jpg,0.914821,28.071556,ok
EES0423438__X09__Y3C__P003.jpg,0.819865,19.336654,ok
EES0423438__X0C__Y0F__P004.jpg,0.904766,22.965151,ok
EES0423438__X0C__Y3F__P005.jpg,0.842541,21.957523,ok
EES0423438__X0C__Y42__P006.jpg,0.960126,34.591271,ok
EES0423438__X0F__Y42__P007.jpg,0.759089,21.160898,ok
EES0423438__X12__Y0C__P008.jpg,0.933032,26.769551,ok
EES0423438__X18__Y09__P009.jpg,0.886497,22.924674,ok
EES0423438__X18__Y45__P010.jpg,0.805602,22.664194,ok
EES0423438__X1B__Y09__P011.jpg,0.488128,12.153276,ok
EES0423438__X1E__Y09__P012.jpg,0.854090,20.870699,ok
EES0423438__X21__Y09__P013.jpg,0.696733,21.832433,ok
EES0423438__X27__Y09__P014.jpg,0.876371,24.084847,ok
EES0423438__X30__Y45__P015.jpg,0.902507,23.931819,ok
EES0423438__X36__Y0F__P016.jpg,0.948159,32.164264,ok
EES0423438__X39__Y42__P017.jpg,0.929661,26.296518,ok
EES0423438__X3C__Y3C__P018.jpg,0.918632,26.545174,ok
EES0423438__X3F__Y39__P019.jpg,0.830809,22.862227,ok
EES0423438__X42__Y1E__P020.jpg,0.938018,34.380062,ok
EES0423438__X42__Y30__P021.jpg,0.918673,25.389514,ok
EES0423438__X0C__Y1B__P022.jpg,0.847772,19.752277,ok
EES0423438__X0C__Y1E__P023.jpg,0.584895,15.777969,ok
EES0423438__X0C__Y21__P024.jpg,0.754199,18.688909,ok
EES0423438__X09__Y27__P025.jpg,0.955713,31.041358,ok
EES0423439__X15__Y2A__P001.jpg,0.896951,24.061691,ok
EES0423439__X1E__Y09__P002.jpg,0.949022,27.173908,ok
EES0423439__X1E__Y0C__P003.jpg,0.898392,22.630995,ok
EES0423439__X1E__Y39__P004.jpg,0.946778,25.555446,ok
EES0423439__X21__Y0C__P005.jpg,0.921232,24.745961,ok
EES0423439__X27__Y15__P006.jpg,0.898442,24.813335,ok
EES0423439__X27__Y1E__P007.jpg,0.952883,29.978617,ok
EES0423439__X24__Y45__P008.jpg,0.886958,20.006450,ok
EES0423439__X2A__Y45__P009.jpg,0.781056,19.333581,ok
EES0423439__X2D__Y45__P010.jpg,0.779314,19.377490,ok
EES0423439__X36__Y3F__P011.jpg,0.809493,21.231947,ok
EES0423439__X3C__Y15__P012.jpg,0.948944,27.233659,ok
EES0423439__X3F__Y18__P013.jpg,0.953776,30.545616,ok
EES0423439__X42__Y21__P014.jpg,0.795281,21.100495,ok
EES0423439__X1E__Y09__P015.jpg,0.953263,29.089439,ok
EES0423439__X2D__Y45__P016.jpg,0.886095,22.511332,ok
EES0423439__X3C__Y36__P017.jpg,0.867819,20.025079,ok
EES0423439__X3F__Y21__P018.jpg,0.835723,18.899004,ok
EES0423439__X3F__Y2A__P019.jpg,0.748253,18.337513,ok
EES0423439__X3F__Y2D__P020.jpg,0.889062,21.384495,ok
EES0423439__X1E__Y3F__P021.jpg,0.721131,17.436494,ok
EES0423439__X1E__Y42__P022.jpg,0.629123,18.280777,ok
EES0423439__X21__Y3F__P023.jpg,0.818381,22.143499,ok
EES0423439__X24__Y39__P024.jpg,0.634065,19.832272,ok
EES0423439__X24__Y3F__P025.jpg,0.658822,18.115847,ok
EES0423440__X0F__Y3F__P001.jpg,0.939786,27.942624,ok
EES0423440__X18__Y06__P002.jpg,0.922708,24.652460,ok
EES0423440__X1B__Y06__P003.jpg,0.709987,21.815424,ok
EES0423440__X24__Y45__P004.jpg,0.939826,29.332580,ok
EES0423440__X27__Y06__P005.jpg,0.554108,19.921204,ok
EES0423440__X27__Y45__P006.jpg,0.900158,23.916307,ok
EES0423440__X2A__Y06__P007.jpg,0.889749,19.656991,ok
EES0423440__X2D__Y06__P008.jpg,0.959657,35.472755,ok
EES0423440__X30__Y42__P009.jpg,0.933690,26.052798,ok
EES0423440__X33__Y09__P010.jpg,0.939847,28.299888,ok
EES0423440__X36__Y0C__P011.jpg,0.780301,23.381352,ok
EES0423440__X39__Y3C__P012.jpg,0.916944,24.659971,ok
EES0423440__X3C__Y0F__P013.jpg,0.439873,10.086361,ok
EES0423440__X3F__Y0C__P014.jpg,0.887658,22.334271,ok
EES0423440__X3F__Y12__P015.jpg,0.446436,10.312096,ok
EES0423440__X3F__Y15__P016.jpg,0.805479,23.608721,ok
EES0423440__X42__Y18__P017.jpg,0.654381,15.883426,ok
EES0423440__X42__Y1B__P018.jpg,0.905012,24.111529,ok
EES0423440__X42__Y1E__P019.jpg,0.772248,23.244959,ok
EES0423440__X42__Y21__P020.jpg,0.760514,22.489886,ok
EES0423440__X42__Y24__P021.jpg,0.852109,22.114381,ok
EES0423440__X42__Y27__P022.jpg,0.873597,21.249015,ok
EES0423440__X42__Y2A__P023.jpg,0.954775,33.767833,ok
EES0423440__X42__Y2D__P024.jpg,0.952378,34.142732,ok
EES0423440__X03__Y1B__P025.jpg,0.926560,26.689900,ok
EES0423441__X03__Y1E__P001.jpg,0.757131,21.333867,ok
EES0423441__X03__Y36__P002.jpg,0.869535,22.581994,ok
EES0423441__X03__Y39__P003.jpg,0.882541,23.410004,ok
EES0423441__X06__Y18__P004.jpg,0.919322,28.826836,ok
EES0423441__X06__Y3C__P005.jpg,0.946728,29.264482,ok
EES0423441__X09__Y12__P006.jpg,0.950875,37.797587,ok
EES0423441__X09__Y3F__P007.jpg,0.753691,19.090901,ok
EES0423441__X0C__Y0F__P008.jpg,0.864671,21.971348,ok
EES0423441__X0C__Y42__P009.jpg,0.696271,17.150790,ok
EES0423441__X12__Y0C__P010.jpg,0.914721,24.719637,ok
EES0423441__X12__Y45__P011.jpg,0.883592,22.742417,ok
EES0423441__X1B__Y09__P012.jpg,0.932919,28.255382,ok
EES0423441__X21__Y09__P013.jpg,0.934682,30.312854,ok
EES0423441__X27__Y09__P014.jpg,0.889327,27.632970,ok
EES0423441__X30__Y0C__P015.jpg,0.940841,30.356135,ok
EES0423441__X30__Y45__P016.jpg,0.835613,21.029435,ok
EES0423441__X33__Y45__P017.jpg,0.745348,21.889017,ok
EES0423441__X36__Y0F__P018.jpg,0.935293,26.964934,ok
EES0423441__X36__Y42__P019.jpg,0.916171,23.969961,ok
EES0423441__X39__Y12__P020.jpg,0.901434,24.212261,ok
EES0423441__X39__Y3F__P021.jpg,0.868997,23.576375,ok
EES0423441__X3C__Y0C__P022.jpg,0.761894,19.157830,ok
EES0423441__X3C__Y3F__P023.jpg,0.954092,39.093287,ok
EES0423441__X3F__Y12__P024.jpg,0.918191,20.144558,ok
EES0423441__X3F__Y39__P025.jpg,0.909811,25.298161,ok
EES0423442__X42__Y12__P001.jpg,0.910676,27.855935,ok
EES0423442__X42__Y18__P002.jpg,0.908231,21.988989,ok
EES0423442__X42__Y1B__P003.jpg,0.958498,38.425010,ok
EES0423442__X42__Y1E__P004.jpg,0.958981,40.673741,ok
EES0423442__X42__Y21__P005.jpg,0.894502,24.572253,ok
EES0423442__X42__Y30__P006.jpg,0.903747,24.965777,ok
EES0423442__X42__Y33__P007.jpg,0.871714,22.592240,ok
EES0423442__X42__Y36__P008.jpg,0.913600,25.368309,ok
EES0423442__X42__Y39__P009.jpg,0.923045,29.059141,ok
EES0423442__X12__Y39__P010.jpg,0.850551,20.636963,ok
EES0423442__X18__Y0F__P011.jpg,0.901200,22.619629,ok
EES0423442__X18__Y12__P012.jpg,0.901623,19.572382,ok
EES0423442__X18__Y39__P013.jpg,0.908309,22.502094,ok
EES0423442__X18__Y3C__P014.jpg,0.878620,21.046251,ok
EES0423442__X1B__Y12__P015.jpg,0.934759,23.256753,ok
EES0423442__X1B__Y39__P016.jpg,0.922836,24.928909,ok
EES0423442__X21__Y09__P017.jpg,0.900496,21.813410,ok
EES0423442__X21__Y12__P018.jpg,0.874257,19.673730,ok
EES0423442__X21__Y33__P019.jpg,0.786617,20.073988,ok
EES0423442__X27__Y09__P020.jpg,0.855075,20.965751,ok
EES0423442__X2A__Y30__P021.jpg,0.864932,21.521533,ok
EES0423442__X2D__Y1B__P022.jpg,0.889045,20.629379,ok
EES0423442__X2D__Y30__P023.jpg,0.849128,20.333782,ok
EES0423442__X2D__Y33__P024.jpg,0.898271,23.211209,ok
EES0423442__X2D__Y36__P025.jpg,0.869292,20.490728,ok
EES0423443__X2D__Y24__P001.jpg,0.613353,19.749560,ok
EES0423443__X30__Y45__P002.jpg,0.893057,23.161661,ok
EES0423443__X3F__Y1B__P003.jpg,0.956058,33.827451,ok
EES0423443__X3F__Y1E__P004.jpg,0.681731,22.396806,ok
EES0423443__X3F__Y21__P005.jpg,0.724150,22.437667,ok
EES0423443__X3F__Y33__P006.jpg,0.757159,23.373343,ok
EES0423443__X3F__Y36__P007.jpg,0.894410,22.831722,ok
EES0423443__X42__Y24__P008.jpg,0.957961,30.671184,ok
EES0423443__X42__Y27__P009.jpg,0.922729,27.264922,ok
EES0423443__X42__Y2A__P010.jpg,0.924336,24.887027,ok
EES0423443__X42__Y2D__P011.jpg,0.939189,28.144808,ok
EES0423443__X42__Y30__P012.jpg,0.954697,36.396021,ok
EES0423443__X27__Y06__P013.jpg,0.954858,33.583383,ok
EES0423443__X2D__Y39__P014.jpg,0.566711,17.061790,ok
EES0423443__X2D__Y3F__P015.jpg,0.638250,18.419845,ok
EES0423443__X30__Y39__P016.jpg,0.506204,16.022685,ok
EES0423443__X30__Y3F__P017.jpg,0.588626,16.180786,ok
EES0423443__X30__Y42__P018.jpg,0.591309,16.799599,ok
EES0423443__X33__Y39__P019.jpg,0.526205,16.985002,ok
EES0423443__X33__Y3F__P020.jpg,0.531526,15.871221,ok
EES0423443__X36__Y0C__P021.jpg,0.730111,21.684593,ok
EES0423443__X39__Y1B__P022.jpg,0.574186,16.729583,ok
EES0423443__X39__Y3F__P023.jpg,0.948463,31.603052,ok
EES0423443__X3C__Y3C__P024.jpg,0.812395,20.428300,ok
EES0423443__X3F__Y15__P025.jpg,0.926471,26.747612,ok
EES0423444__X42__Y1B__P001.jpg,0.885014,22.326949,ok
EES0423444__X42__Y30__P002.jpg,0.812480,22.653045,ok
EES0423444__X42__Y33__P003.jpg,0.495302,12.095303,ok
EES0423444__X03__Y27__P004.jpg,0.910771,23.462758,ok
EES0423444__X03__Y2D__P005.jpg,0.894855,22.536286,ok
EES0423444__X06__Y24__P006.jpg,0.915051,23.099699,ok
EES0423444__X06__Y33__P007.jpg,0.900562,19.751426,ok
EES0423444__X09__Y15__P008.jpg,0.951223,30.428341,ok
EES0423444__X15__Y09__P009.jpg,0.661821,11.034175,ok
EES0423444__X18__Y09__P010.jpg,0.941988,26.414490,ok
EES0423444__X2D__Y42__P011.jpg,0.658853,21.087871,ok
EES0423444__X3C__Y3C__P012.jpg,0.903334,23.707632,ok
EES0423444__X42__Y1E__P013.jpg,0.696874,22.011158,ok
EES0423444__X42__Y30__P014.jpg,0.929154,27.767222,ok
EES0423444__X27__Y18__P015.jpg,0.890662,21.689027,ok
EES0423444__X2A__Y0F__P016.jpg,0.906950,27.204058,ok
EES0423444__X2D__Y1B__P017.jpg,0.807493,20.021696,ok
EES0423444__X2A__Y45__P018.jpg,0.674734,18.853524,ok
EES0423444__X2D__Y45__P019.jpg,0.881541,17.613348,ok
EES0423444__X36__Y0C__P020.jpg,0.921850,23.047070,ok
EES0423444__X42__Y18__P021.jpg,0.914831,20.034636,ok
EES0423444__X42__Y1B__P022.jpg,0.855876,20.074190,ok
EES0423444__X18__Y0C__P023.jpg,0.921586,25.149437,ok
EES0423444__X21__Y09__P024.jpg,0.821522,20.665015,ok
EES0423444__X24__Y09__P025.jpg,0.904673,19.675612,ok
EES0423445__X2D__Y45__P001.jpg,0.608931,17.234531,ok
EES0423445__X33__Y0C__P002.jpg,0.937759,22.211012,ok
EES0423445__X33__Y42__P003.jpg,0.632114,17.654187,ok
EES0423445__X33__Y45__P004.jpg,0.856281,22.001496,ok
EES0423445__X42__Y18__P005.jpg,0.946870,26.590931,ok
EES0423445__X45__Y1B__P006.jpg,0.889147,19.364548,ok
EES0423445__X45__Y36__P007.jpg,0.881977,21.785265,ok
EES0423445__X48__Y21__P008.jpg,0.904191,20.252150,ok
EES0423445__X48__Y24__P009.jpg,0.703300,18.512843,ok
EES0423445__X48__Y27__P010.jpg,0.936286,20.945088,ok
EES0423445__X48__Y2A__P011.jpg,0.906562,21.328310,ok
EES0423445__X48__Y2D__P012.jpg,0.905417,20.328582,ok
EES0423445__X03__Y1E__P013.jpg,0.902430,24.089489,ok
EES0423445__X03__Y21__P014.jpg,0.848793,19.886200,ok
EES0423445__X09__Y12__P015.jpg,0.949118,30.215937,ok
EES0423445__X0C__Y0F__P016.jpg,0.901850,23.802006,ok
EES0423445__X15__Y09__P017.jpg,0.953833,32.916725,ok
EES0423445__X18__Y09__P018.jpg,0.891719,22.683763,ok
EES0423445__X1B__Y09__P019.jpg,0.678131,21.122973,ok
EES0423445__X2D__Y09__P020.jpg,0.931483,27.735001,ok
EES0423445__X2D__Y0C__P021.jpg,0.564742,20.714724,ok
EES0423445__X30__Y0C__P022.jpg,0.717922,23.577732,ok
EES0423445__X33__Y0C__P023.jpg,0.949540,27.466831,ok
EES0423445__X36__Y0F__P024.jpg,0.890255,21.363155,ok
EES0423445__X3F__Y18__P025.jpg,0.914229,21.736033,ok
EES0423446__X33__Y0F__P001.jpg,0.864905,20.241931,ok
EES0423446__X33__Y12__P002.jpg,0.559115,19.041040,ok
EES0423446__X36__Y09__P003.jpg,0.878476,19.835694,ok
EES0423446__X36__Y0C__P004.jpg,0.893209,22.900435,ok
EES0423446__X36__Y0F__P005.jpg,0.906850,25.692783,ok
EES0423446__X36__Y12__P006.jpg,0.851732,19.220908,ok
EES0423446__X36__Y15__P007.jpg,0.654657,20.915358,ok
EES0423446__X39__Y0F__P008.jpg,0.950831,30.633300,ok
EES0423446__X39__Y12__P009.jpg,0.891261,22.229174,ok
EES0423446__X39__Y15__P010.jpg,0.917991,23.766180,ok
EES0423446__X3C__Y0C__P011.jpg,0.898054,21.004230,ok
EES0423446__X0F__Y24__P012.jpg,0.694451,22.065579,ok
EES0423446__X33__Y33__P013.jpg,0.812319,21.518231,ok
EES0423446__X06__Y21__P014.jpg,0.547575,18.216098,ok
EES0423446__X06__Y2A__P015.jpg,0.712116,21.347527,ok
EES0423446__X06__Y30__P016.jpg,0.747954,21.001645,ok
EES0423446__X06__Y33__P017.jpg,0.882322,21.405543,ok
EES0423446__X06__Y36__P018.jpg,0.915562,23.840681,ok
EES0423446__X09__Y15__P019.jpg,0.887978,22.336294,ok
EES0423446__X3F__Y15__P020.jpg,0.803747,20.094807,ok
EES0423446__X42__Y1B__P021.jpg,0.892542,24.449366,ok
EES0423446__X45__Y1E__P022.jpg,0.931096,25.491773,ok
EES0423446__X45__Y27__P023.jpg,0.523272,11.648149,ok
EES0423446__X45__Y2A__P024.jpg,0.921932,24.855308,ok
EES0423446__X15__Y0F__P025.jpg,0.928811,24.525716,ok
EES0423447__X42__Y27__P001.jpg,0.769957,21.643085,ok
EES0423447__X0C__Y24__P002.jpg,0.855173,22.646923,ok
EES0423447__X0C__Y2D__P003.jpg,0.873007,21.921553,ok
EES0423447__X0C__Y33__P004.jpg,0.914166,22.339455,ok
EES0423447__X0C__Y39__P005.jpg,0.818773,22.043532,ok
EES0423447__X0F__Y21__P006.jpg,0.930669,27.123617,ok
EES0423447__X0F__Y27__P007.jpg,0.886997,23.006704,ok
EES0423447__X0F__Y33__P008.jpg,0.930417,23.734446,ok
EES0423447__X12__Y1E__P009.jpg,0.847489,22.533563,ok
EES0423447__X12__Y21__P010.jpg,0.872816,21.583304,ok
EES0423447__X12__Y2D__P011.jpg,0.927252,28.864719,ok
EES0423447__X12__Y36__P012.jpg,0.934514,24.009576,ok
EES0423447__X12__Y39__P013.jpg,0.719933,20.948290,ok
EES0423447__X12__Y3C__P014.jpg,0.898566,22.860616,ok
EES0423447__X15__Y2A__P015.jpg,0.911898,26.162376,ok
EES0423447__X15__Y39__P016.jpg,0.904259,22.224522,ok
EES0423447__X18__Y1B__P017.jpg,0.863595,21.108208,ok
EES0423447__X18__Y39__P018.jpg,0.899012,19.534281,ok
EES0423447__X18__Y3F__P019.jpg,0.941794,31.888394,ok
EES0423447__X18__Y42__P020.jpg,0.862336,21.766622,ok
EES0423447__X1B__Y12__P021.jpg,0.850555,22.827204,ok
EES0423447__X1B__Y15__P022.jpg,0.910442,24.127892,ok
EES0423447__X1B__Y39__P023.jpg,0.944652,26.754767,ok
EES0423447__X1E__Y3F__P024.jpg,0.921021,24.645058,ok
EES0423447__X1E__Y42__P025.jpg,0.939728,26.039647,ok
EES0423448__X21__Y27__P001.jpg,0.899539,21.107890,ok
EES0423448__X24__Y42__P002.jpg,0.837103,21.765046,ok
EES0423448__X24__Y45__P003.jpg,0.939730,35.646176,ok
EES0423448__X27__Y2D__P004.jpg,0.898850,21.521026,ok
EES0423448__X27__Y3C__P005.jpg,0.938608,27.961786,ok
EES0423448__X2A__Y2A__P006.jpg,0.866499,16.513736,ok
EES0423448__X2A__Y2D__P007.jpg,0.814132,22.671020,ok
EES0423448__X2A__Y30__P008.jpg,0.946903,25.985052,ok
EES0423448__X2A__Y36__P009.jpg,0.868187,23.078143,ok
EES0423448__X2D__Y2D__P010.jpg,0.821165,23.734884,ok
EES0423448__X2D__Y42__P011.jpg,0.928779,21.404997,ok
EES0423448__X30__Y30__P012.jpg,0.808037,21.832691,ok
EES0423448__X30__Y3F__P013.jpg,0.849696,20.218425,ok
EES0423448__X30__Y42__P014.jpg,0.924686,23.341390,ok
EES0423448__X33__Y2D__P015.jpg,0.908236,17.730494,ok
EES0423448__X33__Y3F__P016.jpg,0.871761,20.336188,ok
EES0423448__X33__Y42__P017.jpg,0.885637,21.036134,ok
EES0423448__X36__Y24__P018.jpg,0.919711,24.012265,ok
EES0423448__X36__Y27__P019.jpg,0.895054,22.009322,ok
EES0423448__X36__Y3C__P020.jpg,0.920424,23.616493,ok
EES0423448__X36__Y3F__P021.jpg,0.936589,23.412595,ok
EES0423448__X39__Y30__P022.jpg,0.848001,22.219422,ok
EES0423448__X3C__Y1B__P023.jpg,0.923947,22.827274,ok
EES0423448__X3F__Y2A__P024.jpg,0.929837,24.680469,ok
EES0423448__X3F__Y2D__P025.jpg,0.821577,21.109889,ok
EES0423449__X03__Y1E__P001.jpg,0.922002,28.279716,ok
EES0423449__X03__Y24__P002.jpg,0.932976,24.859857,ok
EES0423449__X03__Y27__P003.jpg,0.892848,23.163154,ok
EES0423449__X03__Y2A__P004.jpg,0.884659,23.623200,ok
EES0423449__X03__Y2D__P005.jpg,0.814955,21.231412,ok
EES0423449__X06__Y3C__P006.jpg,0.938550,29.468165,ok
EES0423449__X09__Y1B__P007.jpg,0.856038,21.525960,ok
EES0423449__X09__Y3F__P008.jpg,0.888921,25.234836,ok
EES0423449__X0C__Y42__P009.jpg,0.865036,23.203681,ok
EES0423449__X0F__Y45__P010.jpg,0.949266,26.444012,ok
EES0423449__X39__Y42__P011.jpg,0.935189,29.470948,ok
EES0423449__X3F__Y39__P012.jpg,0.890874,21.843319,ok
EES0423449__X3F__Y3C__P013.jpg,0.909686,22.021933,ok
EES0423449__X06__Y27__P014.jpg,0.798749,24.476204,ok
EES0423449__X09__Y2D__P015.jpg,0.767049,22.306095,ok
EES0423449__X09__Y30__P016.jpg,0.820153,20.065828,ok
EES0423449__X09__Y33__P017.jpg,0.773957,20.980004,ok
EES0423449__X0C__Y15__P018.jpg,0.820122,21.182816,ok
EES0423449__X0F__Y39__P019.jpg,0.940114,28.036515,ok
EES0423449__X0F__Y3C__P020.jpg,0.863700,22.172415,ok
EES0423449__X15__Y42__P021.jpg,0.944759,28.493656,ok
EES0423449__X1E__Y09__P022.jpg,0.927260,27.726324,ok
EES0423449__X1E__Y45__P023.jpg,0.812317,23.437476,ok
EES0423449__X24__Y45__P024.jpg,0.780850,22.995062,ok
EES0423449__X27__Y45__P025.jpg,0.691657,20.366105,ok
EES0423450__X45__Y1B__P001.jpg,0.915425,28.066648,ok
EES0423450__X45__Y24__P002.jpg,0.930990,23.154317,ok
EES0423450__X45__Y2D__P003.jpg,0.946630,34.277201,ok
EES0423450__X06__Y24__P004.jpg,0.912671,22.836162,ok
EES0423450__X06__Y27__P005.jpg,0.841253,20.819769,ok
EES0423450__X09__Y24__P006.jpg,0.789578,20.864831,ok
EES0423450__X0F__Y15__P007.jpg,0.936637,23.094873,ok
EES0423450__X18__Y12__P008.jpg,0.856333,21.916228,ok
EES0423450__X21__Y0C__P009.jpg,0.727732,18.442172,ok
EES0423450__X24__Y0C__P010.jpg,0.748454,17.568438,ok
EES0423450__X2A__Y0C__P011.jpg,0.798040,19.641858,ok
EES0423450__X3C__Y42__P012.jpg,0.898611,22.875619,ok
EES0423450__X42__Y1B__P013.jpg,0.756137,17.248514,ok
EES0423450__X42__Y3C__P014.jpg,0.774035,17.554605,ok
EES0423450__X45__Y21__P015.jpg,0.948505,25.376761,ok
EES0423450__X45__Y24__P016.jpg,0.711013,18.038482,ok
EES0423450__X45__Y27__P017.jpg,0.661789,17.792443,ok
EES0423450__X45__Y30__P018.jpg,0.857194,20.848431,ok
EES0423450__X45__Y39__P019.jpg,0.957058,35.704895,ok
EES0423450__X06__Y24__P020.jpg,0.816162,21.187575,ok
EES0423450__X06__Y27__P021.jpg,0.826804,21.634748,ok
EES0423450__X06__Y2D__P022.jpg,0.804127,20.831712,ok
EES0423450__X06__Y30__P023.jpg,0.794627,20.884420,ok
EES0423450__X0C__Y15__P024.jpg,0.904419,23.341455,ok
EES0423450__X0C__Y1B__P025.jpg,0.762839,20.654807,ok
EES0423451__X0C__Y42__P001.jpg,0.948886,28.835305,ok
EES0423451__X0F__Y18__P002.jpg,0.847052,20.724901,ok
EES0423451__X0F__Y45__P003.jpg,0.707756,13.606243,ok
EES0423451__X15__Y0F__P004.jpg,0.903965,21.827008,ok
EES0423451__X15__Y15__P005.jpg,0.676416,16.888043,ok
EES0423451__X1B__Y0F__P006.jpg,0.872165,20.720389,ok
EES0423451__X1E__Y0C__P007.jpg,0.927134,22.823832,ok
EES0423451__X21__Y0C__P008.jpg,0.805890,19.954795,ok
EES0423451__X24__Y0C__P009.jpg,0.904397,22.852230,ok
EES0423451__X24__Y0F__P010.jpg,0.885450,22.036136,ok
EES0423451__X2A__Y0C__P011.jpg,0.894599,22.990510,ok
EES0423451__X2D__Y0F__P012.jpg,0.660228,16.179075,ok
EES0423451__X33__Y0F__P013.jpg,0.924658,25.941961,ok
EES0423451__X33__Y12__P014.jpg,0.705353,16.382921,ok
EES0423451__X39__Y42__P015.jpg,0.957397,34.411128,ok
EES0423451__X3F__Y39__P016.jpg,0.952841,26.910692,ok
EES0423451__X3F__Y3C__P017.jpg,0.935780,35.119694,ok
EES0423451__X42__Y21__P018.jpg,0.913917,25.606805,ok
EES0423451__X42__Y24__P019.jpg,0.926782,24.794485,ok
EES0423451__X42__Y2A__P020.jpg,0.571176,15.835837,ok
EES0423451__X42__Y30__P021.jpg,0.770057,21.195804,ok
EES0423451__X42__Y33__P022.jpg,0.916849,26.157544,ok
EES0423451__X12__Y2A__P023.jpg,0.838192,20.251566,ok
EES0423451__X15__Y2A__P024.jpg,0.740122,17.709664,ok
EES0423451__X24__Y0F__P025.jpg,0.801936,18.528477,ok
EES0423452__X39__Y09__P001.jpg,0.953886,28.081259,ok
EES0423452__X39__Y3C__P002.jpg,0.854063,21.540192,ok
EES0423452__X3C__Y0C__P003.jpg,0.931562,24.312705,ok
EES0423452__X3C__Y3C__P004.jpg,0.945896,27.722870,ok
EES0423452__X3F__Y0C__P005.jpg,0.938744,27.418595,ok
EES0423452__X3F__Y0F__P006.jpg,0.801846,22.929554,ok
EES0423452__X3F__Y36__P007.jpg,0.628326,16.844455,ok
EES0423452__X3F__Y39__P008.jpg,0.932000,27.983157,ok
EES0423452__X42__Y12__P009.jpg,0.796061,22.047606,ok
EES0423452__X42__Y33__P010.jpg,0.829292,23.486727,ok
EES0423452__X45__Y18__P011.jpg,0.884689,21.826805,ok
EES0423452__X45__Y1B__P012.jpg,0.752464,21.539877,ok
EES0423452__X45__Y27__P013.jpg,0.760818,21.957805,ok
EES0423452__X45__Y2D__P014.jpg,0.845536,22.303295,ok
EES0423452__X45__Y30__P015.jpg,0.946192,31.599003,ok
EES0423452__X48__Y1E__P016.jpg,0.909753,22.974023,ok
EES0423452__X48__Y21__P017.jpg,0.921060,24.043167,ok
EES0423452__X48__Y2A__P018.jpg,0.884274,26.037455,ok
EES0423452__X18__Y03__P019.jpg,0.674420,16.708301,ok
EES0423452__X1B__Y03__P020.jpg,0.561995,16.053481,ok
EES0423452__X1E__Y03__P021.jpg,0.762326,17.494776,ok
EES0423452__X21__Y03__P022.jpg,0.789766,19.080144,ok
EES0423452__X0C__Y21__P023.jpg,0.810402,20.273868,ok
EES0423452__X0C__Y24__P024.jpg,0.743926,18.471358,ok
EES0423452__X0C__Y27__P025.jpg,0.665696,16.691182,ok
EES0423453__X3C__Y33__P001.jpg,0.628155,16.840347,ok
EES0423453__X3C__Y36__P002.jpg,0.749777,20.545262,ok
EES0423453__X30__Y3F__P003.jpg,0.956894,18.801682,ok
EES0423453__X33__Y3F__P004.jpg,0.856687,18.914368,ok
EES0423453__X42__Y30__P005.jpg,0.913024,19.463722,ok
EES0423453__X0F__Y1E__P006.jpg,0.893105,19.183097,ok
EES0423453__X1E__Y18__P007.jpg,0.968321,22.884599,ok
EES0423453__X21__Y0C__P008.jpg,0.919462,18.979396,ok
EES0423453__X21__Y0F__P009.jpg,0.924215,19.774143,ok
EES0423453__X21__Y12__P010.jpg,0.957787,18.982898,ok
EES0423453__X21__Y15__P011.jpg,0.965376,20.069935,ok
EES0423453__X21__Y1B__P012.jpg,0.941866,18.159740,ok
EES0423453__X24__Y09__P013.jpg,0.928028,17.516291,ok
EES0423453__X24__Y0C__P014.jpg,0.815687,18.057465,ok
EES0423453__X24__Y15__P015.jpg,0.873297,17.990133,ok
EES0423453__X24__Y18__P016.jpg,0.928260,17.069966,ok
EES0423453__X24__Y30__P017.jpg,0.923078,18.938751,ok
EES0423453__X27__Y0C__P018.jpg,0.953099,20.785656,ok
EES0423453__X27__Y0F__P019.jpg,0.934525,19.025400,ok
EES0423453__X2A__Y0C__P020.jpg,0.969842,19.962215,ok
EES0423453__X33__Y1E__P021.jpg,0.904092,17.807565,ok
EES0423453__X36__Y18__P022.jpg,0.871311,18.444529,ok
EES0423453__X36__Y1B__P023.jpg,0.885300,18.520190,ok
EES0423453__X36__Y1E__P024.jpg,0.938058,17.509448,ok
EES0423453__X39__Y18__P025.jpg,0.888425,18.792556,ok
EES0423454__X18__Y12__P001.jpg,0.604542,17.108949,ok
EES0423454__X18__Y15__P002.jpg,0.597175,18.564593,ok
EES0423454__X1B__Y12__P003.jpg,0.572261,16.762013,ok
EES0423454__X1B__Y15__P004.jpg,0.547982,18.790539,ok
EES0423454__X1E__Y09__P005.jpg,0.963593,21.482498,ok
EES0423454__X1E__Y0C__P006.jpg,0.758902,20.430659,ok
EES0423454__X1E__Y0F__P007.jpg,0.555723,17.141987,ok
EES0423454__X1E__Y3F__P008.jpg,0.924507,21.540026,ok
EES0423454__X21__Y06__P009.jpg,0.940676,20.619432,ok
EES0423454__X21__Y09__P010.jpg,0.788043,20.958740,ok
EES0423454__X24__Y06__P011.jpg,0.830144,20.609689,ok
EES0423454__X27__Y06__P012.jpg,0.643326,15.958824,ok
EES0423454__X27__Y42__P013.jpg,0.845173,21.361054,ok
EES0423454__X2A__Y03__P014.jpg,0.874170,19.765257,ok
EES0423454__X2A__Y42__P015.jpg,0.750525,17.775523,ok
EES0423454__X2D__Y03__P016.jpg,0.826280,20.679390,ok
EES0423454__X2D__Y42__P017.jpg,0.666365,17.221192,ok
EES0423454__X30__Y03__P018.jpg,0.925164,21.399612,ok
EES0423454__X30__Y42__P019.jpg,0.963158,20.227900,ok
EES0423454__X33__Y03__P020.jpg,0.965196,22.460653,ok
EES0423454__X33__Y42__P021.jpg,0.676186,17.894623,ok
EES0423454__X36__Y03__P022.jpg,0.945705,21.214536,ok
EES0423454__X36__Y42__P023.jpg,0.923874,20.884734,ok
EES0423454__X39__Y42__P024.jpg,0.955494,22.936240,ok
EES0423454__X3C__Y06__P025.jpg,0.955755,20.951106,ok
EES0423455__X21__Y24__P001.jpg,0.887327,21.051967,ok
EES0423455__X21__Y30__P002.jpg,0.945550,20.409227,ok
EES0423455__X21__Y39__P003.jpg,0.894061,19.211570,ok
EES0423455__X24__Y18__P004.jpg,0.763191,18.259213,ok
EES0423455__X24__Y30__P005.jpg,0.962987,19.957157,ok
EES0423455__X2A__Y1E__P006.jpg,0.910295,19.304578,ok
EES0423455__X2A__Y21__P007.jpg,0.713491,14.418149,ok
EES0423455__X2A__Y24__P008.jpg,0.940296,21.583686,ok
EES0423455__X2A__Y27__P009.jpg,0.981561,25.065362,ok
EES0423455__X2A__Y2A__P010.jpg,0.978586,25.483993,ok
EES0423455__X2A__Y30__P011.jpg,0.943597,21.063166,ok
EES0423455__X2D__Y1E__P012.jpg,0.979869,22.283593,ok
EES0423455__X2D__Y24__P013.jpg,0.873115,20.060348,ok
EES0423455__X2D__Y27__P014.jpg,0.970205,24.417702,ok
EES0423455__X2D__Y2A__P015.jpg,0.901247,20.519237,ok
EES0423455__X2D__Y2D__P016.jpg,0.865378,22.058013,ok
EES0423455__X2D__Y3F__P017.jpg,0.868933,21.151768,ok
EES0423455__X30__Y24__P018.jpg,0.824262,20.031416,ok
EES0423455__X30__Y27__P019.jpg,0.905956,18.423366,ok
EES0423455__X30__Y2D__P020.jpg,0.910516,18.797917,ok
EES0423455__X30__Y30__P021.jpg,0.907295,19.192493,ok
EES0423455__X33__Y2D__P022.jpg,0.849511,20.240676,ok
EES0423455__X33__Y30__P023.jpg,0.913427,20.844713,ok
EES0423455__X36__Y33__P024.jpg,0.866481,20.789466,ok
EES0423455__X09__Y1B__P025.jpg,0.850990,20.296683,ok
EES0423456__X24__Y2A__P001.jpg,0.840876,21.935031,ok
EES0423456__X24__Y2D__P002.jpg,0.926792,20.922367,ok
EES0423456__X24__Y30__P003.jpg,0.705738,21.171056,ok
EES0423456__X24__Y33__P004.jpg,0.896211,20.408131,ok
EES0423456__X24__Y36__P005.jpg,0.899470,21.282147,ok
EES0423456__X24__Y39__P006.jpg,0.725308,17.555872,ok
EES0423456__X24__Y3C__P007.jpg,0.849222,21.976014,ok
EES0423456__X27__Y27__P008.jpg,0.830067,22.038061,ok
EES0423456__X2A__Y27__P009.jpg,0.843653,21.634412,ok
EES0423456__X2A__Y30__P010.jpg,0.834094,21.078411,ok
EES0423456__X30__Y18__P011.jpg,0.730098,19.704065,ok
EES0423456__X30__Y27__P012.jpg,0.820983,21.682707,ok
EES0423456__X30__Y30__P013.jpg,0.829540,20.966366,ok
EES0423456__X30__Y33__P014.jpg,0.829044,21.840311,ok
EES0423456__X30__Y36__P015.jpg,0.865788,20.541918,ok
EES0423456__X33__Y30__P016.jpg,0.946145,21.894437,ok
EES0423456__X33__Y33__P017.jpg,0.818535,20.992759,ok
EES0423456__X33__Y36__P018.jpg,0.852106,21.935245,ok
EES0423456__X36__Y15__P019.jpg,0.599095,17.072593,ok
EES0423456__X36__Y27__P020.jpg,0.805624,22.246277,ok
EES0423456__X36__Y2A__P021.jpg,0.840513,22.484419,ok
EES0423456__X36__Y30__P022.jpg,0.605365,16.515940,ok
EES0423456__X36__Y33__P023.jpg,0.983014,25.457934,ok
EES0423456__X36__Y36__P024.jpg,0.840521,19.998747,ok
EES0423456__X36__Y39__P025.jpg,0.939965,22.010084,ok
EES0423457__X18__Y06__P001.jpg,0.942646,19.702701,ok
EES0423457__X18__Y3F__P002.jpg,0.772390,20.255887,ok
EES0423457__X1B__Y06__P003.jpg,0.842135,20.907337,ok
EES0423457__X1E__Y06__P004.jpg,0.523080,16.407986,ok
EES0423457__X21__Y42__P005.jpg,0.747541,19.213353,ok
EES0423457__X24__Y42__P006.jpg,0.613766,16.016847,ok
EES0423457__X27__Y42__P007.jpg,0.578289,16.342786,ok
EES0423457__X2A__Y06__P008.jpg,0.548901,16.144080,ok
EES0423457__X2A__Y42__P009.jpg,0.754673,20.406511,ok
EES0423457__X2D__Y06__P010.jpg,0.659154,17.345226,ok
EES0423457__X30__Y06__P011.jpg,0.915432,19.813114,ok
EES0423457__X36__Y3F__P012.jpg,0.956185,22.274749,ok
EES0423457__X45__Y1E__P013.jpg,0.958532,23.502759,ok
EES0423457__X45__Y21__P014.jpg,0.961745,20.288553,ok
EES0423457__X45__Y24__P015.jpg,0.829911,19.514767,ok
EES0423457__X45__Y27__P016.jpg,0.924901,20.496749,ok
EES0423457__X0C__Y2D__P017.jpg,0.835035,20.466694,ok
EES0423457__X0C__Y30__P018.jpg,0.936446,20.804242,ok
EES0423457__X0C__Y33__P019.jpg,0.841676,21.001450,ok
EES0423457__X0C__Y36__P020.jpg,0.950305,21.348513,ok
EES0423457__X12__Y2D__P021.jpg,0.871570,19.818808,ok
EES0423457__X18__Y39__P022.jpg,0.925341,20.625444,ok
EES0423457__X1B__Y18__P023.jpg,0.842950,20.539014,ok
EES0423457__X1B__Y27__P024.jpg,0.842765,20.886220,ok
EES0423457__X1B__Y36__P025.jpg,0.915395,20.813369,ok
EES0423458__X27__Y30__P001.jpg,0.808722,18.666995,ok
EES0423458__X2A__Y2D__P002.jpg,0.686612,20.499677,ok
EES0423458__X2A__Y30__P003.jpg,0.966868,22.515294,ok
EES0423458__X2A__Y33__P004.jpg,0.974529,21.709721,ok
EES0423458__X2A__Y3C__P005.jpg,0.908919,21.120108,ok
EES0423458__X2D__Y1B__P006.jpg,0.977987,21.045011,ok
EES0423458__X2D__Y2D__P007.jpg,0.954978,24.434369,ok
EES0423458__X2D__Y30__P008.jpg,0.820817,21.253879,ok
EES0423458__X2D__Y33__P009.jpg,0.720287,21.435387,ok
EES0423458__X2D__Y3F__P010.jpg,0.853750,21.421485,ok
EES0423458__X30__Y12__P011.jpg,0.961912,21.377183,ok
EES0423458__X30__Y18__P012.jpg,0.840806,21.062413,ok
EES0423458__X30__Y1B__P013.jpg,0.924278,20.430458,ok
EES0423458__X30__Y1E__P014.jpg,0.971018,23.578527,ok
EES0423458__X30__Y21__P015.jpg,0.976059,23.167581,ok
EES0423458__X30__Y24__P016.jpg,0.924207,22.196055,ok
EES0423458__X30__Y30__P017.jpg,0.926597,20.076008,ok
EES0423458__X30__Y36__P018.jpg,0.911211,22.338427,ok
EES0423458__X30__Y39__P019.jpg,0.981806,24.384090,ok
EES0423458__X30__Y3C__P020.jpg,0.932331,19.517847,ok
EES0423458__X30__Y3F__P021.jpg,0.963345,21.886902,ok
EES0423458__X30__Y42__P022.jpg,0.973749,21.490617,ok
EES0423458__X30__Y45__P023.jpg,0.783812,21.699099,ok
EES0423458__X33__Y21__P024.jpg,0.932490,21.101990,ok
EES0423458__X33__Y24__P025.jpg,0.945032,20.751010,ok
EES0423459__X33__Y3C__P001.jpg,0.821594,22.207440,ok
EES0423459__X33__Y3F__P002.jpg,0.875643,20.142788,ok
EES0423459__X36__Y1E__P003.jpg,0.885502,19.799634,ok
EES0423459__X36__Y21__P004.jpg,0.817382,21.604995,ok
EES0423459__X36__Y2A__P005.jpg,0.926349,22.180142,ok
EES0423459__X36__Y36__P006.jpg,0.928127,20.618259,ok
EES0423459__X36__Y39__P007.jpg,0.944064,21.947287,ok
EES0423459__X36__Y3C__P008.jpg,0.790482,21.557678,ok
EES0423459__X36__Y3F__P009.jpg,0.942470,22.137141,ok
EES0423459__X39__Y2A__P010.jpg,0.864225,20.636513,ok
EES0423459__X39__Y30__P011.jpg,0.945098,22.107619,ok
EES0423459__X39__Y33__P012.jpg,0.916206,21.198484,ok
EES0423459__X3C__Y3C__P013.jpg,0.846922,21.899824,ok
EES0423459__X3C__Y3F__P014.jpg,0.914086,20.758540,ok
EES0423459__X3F__Y24__P015.jpg,0.892304,20.236314,ok
EES0423459__X3F__Y27__P016.jpg,0.869369,20.018724,ok
EES0423459__X42__Y24__P017.jpg,0.793343,21.085853,ok
EES0423459__X42__Y2A__P018.jpg,0.806539,21.573442,ok
EES0423459__X42__Y2D__P019.jpg,0.784912,19.480414,ok
EES0423459__X42__Y30__P020.jpg,0.967652,22.350693,ok
EES0423459__X45__Y06__P021.jpg,0.965134,23.512679,ok
EES0423459__X45__Y30__P022.jpg,0.718797,22.002397,ok
EES0423459__X45__Y33__P023.jpg,0.920341,19.404802,ok
EES0423459__X12__Y18__P024.jpg,0.786438,19.588536,ok
EES0423459__X15__Y18__P025.jpg,0.753863,18.115679,ok
EES0423460__X24__Y42__P001.jpg,0.888107,20.529718,ok
EES0423460__X27__Y42__P002.jpg,0.884321,19.842669,ok
EES0423460__X2A__Y3F__P003.jpg,0.678854,19.717766,ok
EES0423460__X2A__Y42__P004.jpg,0.903834,20.983591,ok
EES0423460__X2D__Y3F__P005.jpg,0.849242,19.382318,ok
EES0423460__X2D__Y42__P006.jpg,0.846496,20.010241,ok
EES0423460__X30__Y42__P007.jpg,0.927091,21.331233,ok
EES0423460__X33__Y42__P008.jpg,0.953099,21.266987,ok
EES0423460__X36__Y3F__P009.jpg,0.835344,20.127781,ok
EES0423460__X36__Y42__P010.jpg,0.966856,20.575903,ok
EES0423460__X3C__Y3C__P011.jpg,0.952997,22.513396,ok
EES0423460__X09__Y1E__P012.jpg,0.886688,20.076906,ok
EES0423460__X09__Y21__P013.jpg,0.957491,20.498258,ok
EES0423460__X09__Y24__P014.jpg,0.903722,20.240528,ok
EES0423460__X09__Y27__P015.jpg,0.822245,21.337276,ok
EES0423460__X09__Y2A__P016.jpg,0.739937,18.895283,ok
EES0423460__X09__Y2D__P017.jpg,0.671121,16.264641,ok
EES0423460__X09__Y30__P018.jpg,0.938377,21.137474,ok
EES0423460__X0C__Y15__P019.jpg,0.586939,14.232508,ok
EES0423460__X0C__Y18__P020.jpg,0.885136,19.884548,ok
EES0423460__X0C__Y27__P021.jpg,0.658202,15.950016,ok
EES0423460__X0C__Y2A__P022.jpg,0.705850,15.953069,ok
EES0423460__X0C__Y2D__P023.jpg,0.691430,15.627669,ok
EES0423460__X0C__Y30__P024.jpg,0.643891,15.764741,ok
EES0423460__X0C__Y33__P025.jpg,0.796467,21.687293,ok
EES0423461__X36__Y0C__P001.jpg,0.538330,16.438740,ok
EES0423461__X36__Y0F__P002.jpg,0.721435,20.918339,ok
EES0423461__X36__Y1E__P003.jpg,0.796034,20.419067,ok
EES0423461__X42__Y18__P004.jpg,0.564626,16.506211,ok
EES0423461__X45__Y18__P005.jpg,0.955504,21.066250,ok
EES0423461__X45__Y33__P006.jpg,0.732072,16.045415,ok
EES0423461__X48__Y1E__P007.jpg,0.865867,19.740491,ok
EES0423461__X48__Y24__P008.jpg,0.708722,19.458791,ok
EES0423461__X48__Y27__P009.jpg,0.858981,22.051417,ok
EES0423461__X48__Y2A__P010.jpg,0.783545,20.786085,ok
EES0423461__X12__Y1E__P011.jpg,0.902406,20.681464,ok
EES0423461__X15__Y1E__P012.jpg,0.923944,19.811050,ok
EES0423461__X15__Y21__P013.jpg,0.724894,18.102251,ok
EES0423461__X15__Y3C__P014.jpg,0.933202,21.291877,ok
EES0423461__X18__Y1B__P015.jpg,0.842462,20.613453,ok
EES0423461__X1B__Y1B__P016.jpg,0.860780,21.188375,ok
EES0423461__X1B__Y1E__P017.jpg,0.964597,21.301870,ok
EES0423461__X1B__Y27__P018.jpg,0.781221,21.402571,ok
EES0423461__X1B__Y36__P019.jpg,0.919623,21.943999,ok
EES0423461__X1B__Y39__P020.jpg,0.834950,20.072246,ok
EES0423461__X1E__Y15__P021.jpg,0.863540,22.552530,ok
EES0423461__X1E__Y1B__P022.jpg,0.848270,20.490535,ok
EES0423461__X1E__Y1E__P023.jpg,0.891396,24.266726,ok
EES0423461__X1E__Y27__P024.jpg,0.922096,22.162195,ok
EES0423461__X1E__Y2A__P025.jpg,0.887824,20.974437,ok
EES0423462__X1E__Y30__P001.jpg,0.881566,20.511254,ok
EES0423462__X1E__Y33__P002.jpg,0.914953,21.369112,ok
EES0423462__X1E__Y36__P003.jpg,0.925491,21.481646,ok
EES0423462__X1E__Y39__P004.jpg,0.774816,20.601889,ok
EES0423462__X1E__Y3C__P005.jpg,0.972509,21.124509,ok
EES0423462__X21__Y15__P006.jpg,0.905085,21.124471,ok
EES0423462__X21__Y18__P007.jpg,0.638895,15.547813,ok
EES0423462__X21__Y1B__P008.jpg,0.929093,21.565133,ok
EES0423462__X21__Y1E__P009.jpg,0.852630,22.832509,ok
EES0423462__X21__Y2D__P010.jpg,0.977587,22.042342,ok
EES0423462__X21__Y30__P011.jpg,0.884585,22.020057,ok
EES0423462__X24__Y18__P012.jpg,0.802131,20.795562,ok
EES0423462__X24__Y1B__P013.jpg,0.788814,19.685995,ok
EES0423462__X24__Y27__P014.jpg,0.966721,21.349804,ok
EES0423462__X24__Y2A__P015.jpg,0.669553,18.159329,ok
EES0423462__X24__Y2D__P016.jpg,0.851989,21.475497,ok
EES0423462__X2A__Y0F__P017.jpg,0.915506,19.334595,ok
EES0423462__X2A__Y12__P018.jpg,0.927043,22.432192,ok
EES0423462__X2A__Y15__P019.jpg,0.954066,22.537552,ok
EES0423462__X2A__Y18__P020.jpg,0.955903,21.586545,ok
EES0423462__X2A__Y1B__P021.jpg,0.930662,21.245889,ok
EES0423462__X2A__Y1E__P022.jpg,0.916267,20.405696,ok
EES0423462__X2A__Y21__P023.jpg,0.917018,22.014938,ok
EES0423462__X2D__Y12__P024.jpg,0.922731,19.998643,ok
EES0423462__X2D__Y15__P025.jpg,0.953188,22.314531,ok
EES0423463__X2D__Y18__P001.jpg,0.919736,19.296349,ok
EES0423463__X2D__Y1B__P002.jpg,0.889972,19.291944,ok
EES0423463__X30__Y15__P003.jpg,0.924352,22.179988,ok
EES0423463__X30__Y1B__P004.jpg,0.793843,20.200944,ok
EES0423463__X36__Y1E__P005.jpg,0.876367,19.903233,ok
EES0423463__X36__Y21__P006.jpg,0.874667,21.984644,ok
EES0423463__X36__Y24__P007.jpg,0.961448,24.226060,ok
EES0423463__X39__Y27__P008.jpg,0.914243,20.372270,ok
EES0423463__X39__Y2A__P009.jpg,0.905813,20.039617,ok
EES0423463__X3C__Y15__P010.jpg,0.953356,23.222613,ok
EES0423463__X3C__Y18__P011.jpg,0.639877,14.564743,ok
EES0423463__X3C__Y21__P012.jpg,0.679620,20.779423,ok
EES0423463__X42__Y1E__P013.jpg,0.966889,21.105374,ok
EES0423463__X42__Y21__P014.jpg,0.974747,26.142738,ok
EES0423463__X42__Y27__P015.jpg,0.977436,25.960654,ok
EES0423463__X42__Y36__P016.jpg,0.724972,18.049168,ok
EES0423463__X45__Y1E__P017.jpg,0.945987,21.720258,ok
EES0423463__X48__Y1B__P018.jpg,0.791676,20.196675,ok
EES0423463__X48__Y1E__P019.jpg,0.841568,22.328049,ok
EES0423463__X48__Y27__P020.jpg,0.948886,22.138134,ok
EES0423463__X48__Y2A__P021.jpg,0.840125,20.837143,ok
EES0423463__X0F__Y42__P022.jpg,0.510372,12.309231,ok
EES0423463__X24__Y36__P023.jpg,0.922223,18.889658,ok
EES0423463__X24__Y39__P024.jpg,0.928517,20.406725,ok
EES0423463__X24__Y3C__P025.jpg,0.878942,19.032141,ok
EES0423464__X27__Y24__P001.jpg,0.864328,19.656406,ok
EES0423464__X27__Y27__P002.jpg,0.703867,17.911249,ok
EES0423464__X2A__Y33__P003.jpg,0.912053,19.548724,ok
EES0423464__X36__Y2D__P004.jpg,0.898756,19.670079,ok
EES0423464__X36__Y30__P005.jpg,0.766073,18.552948,ok
EES0423464__X36__Y33__P006.jpg,0.935096,19.418567,ok
EES0423464__X09__Y1B__P007.jpg,0.945064,22.508630,ok
EES0423464__X18__Y09__P008.jpg,0.947598,21.232355,ok
EES0423464__X1E__Y06__P009.jpg,0.952360,19.316776,ok
EES0423464__X1E__Y09__P010.jpg,0.850225,18.813374,ok
EES0423464__X21__Y06__P011.jpg,0.910555,19.062477,ok
EES0423464__X24__Y06__P012.jpg,0.896352,19.773870,ok
EES0423464__X2A__Y06__P013.jpg,0.888003,19.134345,ok
EES0423464__X33__Y1B__P014.jpg,0.823720,20.205919,ok
EES0423464__X36__Y09__P015.jpg,0.963596,20.551075,ok
EES0423464__X45__Y2D__P016.jpg,0.943207,20.880351,ok
EES0423464__X45__Y30__P017.jpg,0.617241,16.006432,ok
EES0423464__X48__Y2D__P018.jpg,0.495536,12.204727,ok
EES0423464__X06__Y1E__P019.jpg,0.919009,19.866460,ok
EES0423464__X09__Y15__P020.jpg,0.928040,20.709921,ok
EES0423464__X09__Y18__P021.jpg,0.932629,20.512964,ok
EES0423464__X09__Y1B__P022.jpg,0.668261,16.414784,ok
EES0423464__X09__Y1E__P023.jpg,0.892692,20.011725,ok
EES0423464__X09__Y21__P024.jpg,0.788733,19.376481,ok
EES0423464__X09__Y27__P025.jpg,0.839130,20.306484,ok
EES0423465__X48__Y1B__P001.jpg,0.977082,23.492211,ok
EES0423465__X48__Y1E__P002.jpg,0.756694,18.201279,ok
EES0423465__X48__Y2D__P003.jpg,0.951465,18.627019,ok
EES0423465__X09__Y1E__P004.jpg,0.872857,19.335560,ok
EES0423465__X09__Y21__P005.jpg,0.862083,20.257760,ok
EES0423465__X09__Y24__P006.jpg,0.925802,19.723953,ok
EES0423465__X09__Y27__P007.jpg,0.817479,21.734641,ok
EES0423465__X0C__Y12__P008.jpg,0.924417,19.839937,ok
EES0423465__X0C__Y2D__P009.jpg,0.757689,19.732290,ok
EES0423465__X1E__Y3F__P010.jpg,0.829474,19.841413,ok
EES0423465__X27__Y3F__P011.jpg,0.627881,18.457827,ok
EES0423465__X2D__Y3F__P012.jpg,0.792745,18.549445,ok
EES0423465__X30__Y3F__P013.jpg,0.569906,16.530035,ok
EES0423465__X33__Y3F__P014.jpg,0.860144,20.841075,ok
EES0423465__X45__Y21__P015.jpg,0.848879,22.063765,ok
EES0423465__X09__Y18__P016.jpg,0.786551,17.611469,ok
EES0423465__X09__Y1B__P017.jpg,0.855185,19.346842,ok
EES0423465__X09__Y1E__P018.jpg,0.780338,18.238976,ok
EES0423465__X09__Y30__P019.jpg,0.690495,15.908104,ok
EES0423465__X09__Y33__P020.jpg,0.763509,17.942999,ok
EES0423465__X09__Y36__P021.jpg,0.980151,23.295847,ok
EES0423465__X0C__Y39__P022.jpg,0.963120,21.625906,ok
EES0423465__X1B__Y06__P023.jpg,0.930920,19.339890,ok
EES0423465__X1E__Y45__P024.jpg,0.901635,18.860161,ok
EES0423465__X24__Y45__P025.jpg,0.839587,20.048247,ok
EES0423466__X30__Y06__P001.jpg,0.942155,20.324933,ok
EES0423466__X42__Y33__P002.jpg,0.950801,20.801186,ok
EES0423466__X45__Y1B__P003.jpg,0.928735,19.965149,ok
EES0423466__X09__Y24__P004.jpg,0.875194,19.935234,ok
EES0423466__X09__Y27__P005.jpg,0.902887,21.039467,ok
EES0423466__X09__Y2A__P006.jpg,0.840484,21.212166,ok
EES0423466__X0C__Y18__P007.jpg,0.756656,20.162372,ok
EES0423466__X0F__Y36__P008.jpg,0.916661,19.945039,ok
EES0423466__X12__Y0C__P009.jpg,0.929056,20.439220,ok
EES0423466__X15__Y09__P010.jpg,0.944475,20.920550,ok
EES0423466__X15__Y3C__P011.jpg,0.939749,20.924306,ok
EES0423466__X1B__Y06__P012.jpg,0.672854,16.711410,ok
EES0423466__X24__Y42__P013.jpg,0.958521,21.461356,ok
EES0423466__X27__Y42__P014.jpg,0.835691,20.547587,ok
EES0423466__X2A__Y42__P015.jpg,0.883432,19.349518,ok
EES0423466__X2D__Y42__P016.jpg,0.964956,21.458505,ok
EES0423466__X33__Y06__P017.jpg,0.812145,19.055940,ok
EES0423466__X36__Y06__P018.jpg,0.848456,19.192422,ok
EES0423466__X36__Y3F__P019.jpg,0.951576,20.389529,ok
EES0423466__X48__Y18__P020.jpg,0.959475,21.631772,ok
EES0423466__X48__Y1B__P021.jpg,0.693832,17.120461,ok
EES0423466__X48__Y33__P022.jpg,0.949678,20.349102,ok
EES0423466__X24__Y42__P023.jpg,0.926172,20.669381,ok
EES0423466__X12__Y18__P024.jpg,0.947011,19.209833,ok
EES0423466__X15__Y45__P025.jpg,0.911809,22.993182,ok
EES0423467__X1B__Y15__P001.jpg,0.956600,19.565789,ok
EES0423467__X21__Y09__P002.jpg,0.814384,16.688344,ok
EES0423467__X24__Y15__P003.jpg,0.973507,22.121313,ok
EES0423467__X2A__Y1B__P004.jpg,0.953768,18.313712,ok
EES0423467__X2D__Y1B__P005.jpg,0.977507,24.107760,ok
EES0423467__X30__Y1B__P006.jpg,0.888187,17.974868,ok
EES0423467__X33__Y30__P007.jpg,0.965518,21.211035,ok
EES0423467__X36__Y30__P008.jpg,0.934765,19.345265,ok
EES0423467__X39__Y30__P009.jpg,0.923910,17.710523,ok
EES0423467__X3F__Y1B__P010.jpg,0.924638,19.278944,ok
EES0423467__X0C__Y30__P011.jpg,0.713292,16.075238,ok
EES0423467__X0C__Y36__P012.jpg,0.921056,21.345363,ok
EES0423467__X0F__Y18__P013.jpg,0.892347,18.830375,ok
EES0423467__X0F__Y1B__P014.jpg,0.776032,19.267373,ok
EES0423467__X0F__Y1E__P015.jpg,0.884272,19.290687,ok
EES0423467__X0F__Y21__P016.jpg,0.721705,15.978410,ok
EES0423467__X12__Y18__P017.jpg,0.880252,18.459207,ok
EES0423467__X12__Y1B__P018.jpg,0.668711,16.067479,ok
EES0423467__X12__Y1E__P019.jpg,0.759231,18.287658,ok
EES0423467__X15__Y0F__P020.jpg,0.932794,20.633942,ok
EES0423467__X15__Y12__P021.jpg,0.909587,19.512347,ok
EES0423467__X15__Y18__P022.jpg,0.663917,15.074115,ok
EES0423467__X15__Y1B__P023.jpg,0.710724,16.957793,ok
EES0423467__X18__Y0C__P024.jpg,0.980270,24.256827,ok
EES0423467__X18__Y0F__P025.jpg,0.913761,19.422972,ok
EES0423468__X18__Y12__P001.jpg,0.833852,20.040592,ok
EES0423468__X18__Y15__P002.jpg,0.806071,20.272491,ok
EES0423468__X18__Y18__P003.jpg,0.755287,17.572304,ok
EES0423468__X18__Y1B__P004.jpg,0.626233,15.274695,ok
EES0423468__X1B__Y0F__P005.jpg,0.781735,18.656981,ok
EES0423468__X1B__Y12__P006.jpg,0.891191,18.752871,ok
EES0423468__X1B__Y15__P007.jpg,0.794206,17.709798,ok
EES0423468__X1E__Y0C__P008.jpg,0.925875,19.884723,ok
EES0423468__X1E__Y0F__P009.jpg,0.825223,19.900549,ok
EES0423468__X1E__Y12__P010.jpg,0.773922,18.480511,ok
EES0423468__X21__Y09__P011.jpg,0.907333,18.620844,ok
EES0423468__X21__Y0C__P012.jpg,0.820409,20.432493,ok
EES0423468__X21__Y45__P013.jpg,0.972199,21.480569,ok
EES0423468__X24__Y09__P014.jpg,0.916924,20.124376,ok
EES0423468__X24__Y0C__P015.jpg,0.768276,17.754157,ok
EES0423468__X24__Y45__P016.jpg,0.929537,20.025386,ok
EES0423468__X27__Y09__P017.jpg,0.928992,19.314922,ok
EES0423468__X27__Y0C__P018.jpg,0.855458,19.891122,ok
EES0423468__X27__Y45__P019.jpg,0.802708,19.777893,ok
EES0423468__X2A__Y45__P020.jpg,0.970781,22.339865,ok
EES0423468__X48__Y24__P021.jpg,0.976923,21.570172,ok
EES0423468__X48__Y27__P022.jpg,0.964354,22.977223,ok
EES0423468__X0C__Y1B__P023.jpg,0.757962,16.901228,ok
EES0423468__X0C__Y1E__P024.jpg,0.685960,16.798230,ok
EES0423468__X0C__Y21__P025.jpg,0.885774,19.427307,ok
EES0423469__X24__Y0C__P001.jpg,0.736157,15.606118,ok
EES0423469__X24__Y36__P002.jpg,0.945955,20.610335,ok
EES0423469__X24__Y42__P003.jpg,0.793432,17.906517,ok
EES0423469__X27__Y2D__P004.jpg,0.878783,18.795179,ok
EES0423469__X27__Y33__P005.jpg,0.843118,19.816466,ok
EES0423469__X27__Y36__P006.jpg,0.711914,16.957795,ok
EES0423469__X27__Y3C__P007.jpg,0.921523,19.315460,ok
EES0423469__X27__Y3F__P008.jpg,0.918168,20.080298,ok
EES0423469__X27__Y42__P009.jpg,0.663997,16.388451,ok
EES0423469__X2A__Y24__P010.jpg,0.930419,20.920483,ok
EES0423469__X2A__Y42__P011.jpg,0.950722,19.932466,ok
EES0423469__X2D__Y42__P012.jpg,0.882577,19.163880,ok
EES0423469__X30__Y36__P013.jpg,0.781350,15.982709,ok
EES0423469__X30__Y3C__P014.jpg,0.844623,20.828354,ok
EES0423469__X36__Y1E__P015.jpg,0.919635,20.533072,ok
EES0423469__X36__Y24__P016.jpg,0.854758,19.453023,ok
EES0423469__X36__Y39__P017.jpg,0.895013,19.601145,ok
EES0423469__X39__Y21__P018.jpg,0.825356,20.932699,ok
EES0423469__X39__Y27__P019.jpg,0.894073,19.134910,ok
EES0423469__X39__Y2A__P020.jpg,0.823235,19.888829,ok
EES0423469__X3C__Y1B__P021.jpg,0.946863,20.689958,ok
EES0423469__X3C__Y27__P022.jpg,0.771596,18.930658,ok
EES0423469__X3C__Y2A__P023.jpg,0.824876,19.197043,ok
EES0423469__X3C__Y2D__P024.jpg,0.714351,17.460191,ok
EES0423469__X3C__Y30__P025.jpg,0.970648,21.924803,ok
EES0423470__X27__Y3F__P001.jpg,0.742737,18.258216,ok
EES0423470__X2A__Y42__P002.jpg,0.899658,19.770544,ok
EES0423470__X39__Y3C__P003.jpg,0.966387,20.729135,ok
EES0423470__X3F__Y36__P004.jpg,0.958442,20.417618,ok
EES0423470__X45__Y1B__P005.jpg,0.514403,11.452112,ok
EES0423470__X0C__Y21__P006.jpg,0.920590,19.123376,ok
EES0423470__X0C__Y24__P007.jpg,0.969361,25.525657,ok
EES0423470__X0F__Y24__P008.jpg,0.924126,18.963910,ok
EES0423470__X0F__Y2A__P009.jpg,0.928148,18.319047,ok
EES0423470__X15__Y2D__P010.jpg,0.905433,18.080232,ok
EES0423470__X1B__Y36__P011.jpg,0.953799,19.485199,ok
EES0423470__X1E__Y33__P012.jpg,0.970715,21.068538,ok
EES0423470__X21__Y33__P013.jpg,0.766488,18.927994,ok
EES0423470__X21__Y3C__P014.jpg,0.936163,18.100642,ok
EES0423470__X21__Y3F__P015.jpg,0.754299,18.328649,ok
EES0423470__X24__Y39__P016.jpg,0.896351,16.700427,ok
EES0423470__X24__Y3C__P017.jpg,0.974124,26.324695,ok
EES0423470__X30__Y33__P018.jpg,0.960592,19.735845,ok
EES0423470__X33__Y15__P019.jpg,0.912027,20.144006,ok
EES0423470__X33__Y1E__P020.jpg,0.929033,19.160773,ok
EES0423470__X36__Y15__P021.jpg,0.901152,18.614053,ok
EES0423470__X36__Y18__P022.jpg,0.933336,19.388544,ok
EES0423470__X36__Y1B__P023.jpg,0.809879,18.441298,ok
EES0423470__X36__Y1E__P024.jpg,0.948589,18.442694,ok
EES0423470__X39__Y15__P025.jpg,0.964652,22.200659,ok
EES0423471__X39__Y18__P001.jpg,0.926786,18.317058,ok
EES0423471__X39__Y2A__P002.jpg,0.942164,18.338121,ok
EES0423471__X3C__Y15__P003.jpg,0.841386,18.589205,ok
EES0423471__X3C__Y18__P004.jpg,0.913010,18.673407,ok
EES0423471__X3C__Y24__P005.jpg,0.822127,20.728633,ok
EES0423471__X3C__Y33__P006.jpg,0.966889,20.174426,ok
EES0423471__X3F__Y27__P007.jpg,0.843309,19.955457,ok
EES0423471__X09__Y15__P008.jpg,0.735781,20.781522,ok
EES0423471__X09__Y18__P009.jpg,0.934045,19.901319,ok
EES0423471__X09__Y1B__P010.jpg,0.654823,17.227791,ok
EES0423471__X09__Y1E__P011.jpg,0.844097,21.216803,ok
EES0423471__X09__Y21__P012.jpg,0.822713,19.937764,ok
EES0423471__X09__Y27__P013.jpg,0.584521,16.546423,ok
EES0423471__X09__Y2D__P014.jpg,0.913967,21.347863,ok
EES0423471__X0C__Y30__P015.jpg,0.826894,20.128635,ok
EES0423471__X12__Y39__P016.jpg,0.933758,21.064999,ok
EES0423471__X1E__Y03__P017.jpg,0.939544,19.694319,ok
EES0423471__X21__Y03__P018.jpg,0.898332,20.901815,ok
EES0423471__X24__Y03__P019.jpg,0.845295,20.402282,ok
EES0423471__X27__Y03__P020.jpg,0.968534,22.980076,ok
EES0423471__X3C__Y18__P021.jpg,0.563276,17.696509,ok
EES0423471__X42__Y15__P022.jpg,0.928590,20.519251,ok
EES0423471__X09__Y24__P023.jpg,0.900478,20.428178,ok
EES0423471__X0F__Y2D__P024.jpg,0.934677,20.860149,ok
EES0423471__X12__Y1B__P025.jpg,0.944306,20.240033,ok
EES0423472__X15__Y1B__P001.jpg,0.916482,19.582413,ok
EES0423472__X15__Y39__P002.jpg,0.961553,21.593766,ok
EES0423472__X1B__Y18__P003.jpg,0.952842,23.286632,ok
EES0423472__X1E__Y09__P004.jpg,0.968979,21.201275,ok
EES0423472__X1E__Y0C__P005.jpg,0.932598,18.371045,ok
EES0423472__X1E__Y18__P006.jpg,0.890575,19.010406,ok
EES0423472__X1E__Y3C__P007.jpg,0.977470,22.475813,ok
EES0423472__X21__Y15__P008.jpg,0.917825,19.310857,ok
EES0423472__X21__Y1B__P009.jpg,0.951006,18.076334,ok
EES0423472__X21__Y1E__P010.jpg,0.829206,19.771385,ok
EES0423472__X24__Y18__P011.jpg,0.875934,19.507433,ok
EES0423472__X24__Y1B__P012.jpg,0.912948,19.695909,ok
EES0423472__X24__Y21__P013.jpg,0.909274,18.860441,ok
EES0423472__X24__Y24__P014.jpg,0.971756,21.971602,ok
EES0423472__X24__Y42__P015.jpg,0.940982,21.594266,ok
EES0423472__X27__Y21__P016.jpg,0.949401,21.874573,ok
EES0423472__X2D__Y36__P017.jpg,0.960060,22.437100,ok
EES0423472__X2D__Y39__P018.jpg,0.952745,19.715599,ok
EES0423472__X2D__Y3C__P019.jpg,0.915690,21.816472,ok
EES0423472__X30__Y2A__P020.jpg,0.975490,21.947771,ok
EES0423472__X30__Y33__P021.jpg,0.949904,20.597329,ok
EES0423472__X30__Y36__P022.jpg,0.941423,21.698270,ok
EES0423472__X30__Y39__P023.jpg,0.741812,17.215890,ok
EES0423472__X33__Y12__P024.jpg,0.928973,19.611470,ok
EES0423472__X33__Y15__P025.jpg,0.803873,18.060012,ok
EES0423473__X0F__Y1B__P001.jpg,0.929645,20.490993,ok
EES0423473__X0F__Y1E__P002.jpg,0.904112,19.770334,ok
EES0423473__X0F__Y2A__P003.jpg,0.941635,21.912084,ok
EES0423473__X0F__Y2D__P004.jpg,0.920778,19.075787,ok
EES0423473__X12__Y30__P005.jpg,0.965793,21.258584,ok
EES0423473__X15__Y30__P006.jpg,0.942990,21.528328,ok
EES0423473__X18__Y0F__P007.jpg,0.953469,24.232699,ok
EES0423473__X1B__Y36__P008.jpg,0.887702,19.917933,ok
EES0423473__X1E__Y30__P009.jpg,0.973855,25.908229,ok
EES0423473__X1E__Y36__P010.jpg,0.835756,19.530346,ok
EES0423473__X24__Y06__P011.jpg,0.977762,23.975164,ok
EES0423473__X24__Y09__P012.jpg,0.944747,20.641123,ok
EES0423473__X24__Y2D__P013.jpg,0.922322,19.609009,ok
EES0423473__X24__Y30__P014.jpg,0.932326,19.964174,ok
EES0423473__X24__Y36__P015.jpg,0.935185,20.934845,ok
EES0423473__X24__Y3F__P016.jpg,0.878527,20.145443,ok
EES0423473__X27__Y06__P017.jpg,0.808472,21.026616,ok
EES0423473__X27__Y30__P018.jpg,0.870019,21.341023,ok
EES0423473__X27__Y3C__P019.jpg,0.880220,20.313026,ok
EES0423473__X2A__Y30__P020.jpg,0.898990,20.386247,ok
EES0423473__X30__Y0C__P021.jpg,0.853333,21.572478,ok
EES0423473__X30__Y27__P022.jpg,0.906546,19.821699,ok
EES0423473__X30__Y33__P023.jpg,0.977437,25.669306,ok
EES0423473__X30__Y36__P024.jpg,0.949646,18.890752,ok
EES0423473__X30__Y3F__P025.jpg,0.964083,21.138593,ok
EES0423474__X33__Y09__P001.jpg,0.980097,23.632679,ok
EES0423474__X33__Y36__P002.jpg,0.861987,19.528467,ok
EES0423474__X36__Y27__P003.jpg,0.878344,19.830238,ok
EES0423474__X36__Y2A__P004.jpg,0.935648,19.660340,ok
EES0423474__X36__Y2D__P005.jpg,0.809402,19.985136,ok
EES0423474__X36__Y30__P006.jpg,0.941236,21.125654,ok
EES0423474__X36__Y36__P007.jpg,0.970195,21.197805,ok
EES0423474__X39__Y2A__P008.jpg,0.970890,21.671587,ok
EES0423474__X39__Y2D__P009.jpg,0.873658,19.371019,ok
EES0423474__X39__Y30__P010.jpg,0.944339,22.905120,ok
EES0423474__X3C__Y12__P011.jpg,0.873636,20.969889,ok
EES0423474__X3C__Y30__P012.jpg,0.800756,18.830155,ok
EES0423474__X3F__Y27__P013.jpg,0.954492,21.483674,ok
EES0423474__X3F__Y30__P014.jpg,0.675221,17.238490,ok
EES0423474__X42__Y21__P015.jpg,0.931002,19.598480,ok
EES0423474__X42__Y24__P016.jpg,0.950715,20.402143,ok
EES0423474__X42__Y30__P017.jpg,0.880904,20.928744,ok
EES0423474__X45__Y1E__P018.jpg,0.874698,21.067791,ok
EES0423474__X12__Y27__P019.jpg,0.969759,21.091135,ok
EES0423474__X18__Y2A__P020.jpg,0.978257,22.544095,ok
EES0423474__X1B__Y2A__P021.jpg,0.956753,21.854362,ok
EES0423474__X1B__Y2D__P022.jpg,0.903562,20.052640,ok
EES0423474__X1E__Y15__P023.jpg,0.980243,24.333742,ok
EES0423474__X1E__Y18__P024.jpg,0.936213,21.027656,ok
EES0423474__X1E__Y3C__P025.jpg,0.975321,24.875500,ok
EES0423475__X24__Y2A__P001.jpg,0.930462,20.766970,ok
EES0423475__X24__Y2D__P002.jpg,0.943128,19.845449,ok
EES0423475__X24__Y3C__P003.jpg,0.969753,20.864405,ok
EES0423475__X27__Y12__P004.jpg,0.976754,24.183757,ok
EES0423475__X27__Y3F__P005.jpg,0.873863,20.514740,ok
EES0423475__X2A__Y39__P006.jpg,0.982203,26.487522,ok
EES0423475__X30__Y24__P007.jpg,0.969124,25.718616,ok
EES0423475__X30__Y33__P008.jpg,0.957223,21.274315,ok
EES0423475__X36__Y27__P009.jpg,0.929776,20.421716,ok
EES0423475__X39__Y15__P010.jpg,0.947877,20.344363,ok
EES0423475__X39__Y39__P011.jpg,0.968618,20.906640,ok
EES0423475__X3F__Y39__P012.jpg,0.962371,20.850133,ok
EES0423475__X45__Y24__P013.jpg,0.978911,25.826523,ok
EES0423475__X12__Y21__P014.jpg,0.961535,21.833070,ok
EES0423475__X15__Y27__P015.jpg,0.933771,20.569971,ok
EES0423475__X15__Y2D__P016.jpg,0.920381,20.899116,ok
EES0423475__X24__Y0C__P017.jpg,0.967677,20.722929,ok
EES0423475__X24__Y2D__P018.jpg,0.948088,20.205475,ok
EES0423475__X24__Y36__P019.jpg,0.967888,20.635924,ok
EES0423475__X27__Y1E__P020.jpg,0.965627,21.675201,ok
EES0423475__X27__Y3F__P021.jpg,0.848588,21.242404,ok
EES0423475__X2A__Y2A__P022.jpg,0.922842,21.056949,ok
EES0423475__X2A__Y33__P023.jpg,0.937610,21.260839,ok
EES0423475__X2A__Y39__P024.jpg,0.925791,20.063821,ok
EES0423475__X2A__Y3C__P025.jpg,0.927901,20.407342,ok
EES0423476__X2D__Y12__P001.jpg,0.904525,20.244468,ok
EES0423476__X2D__Y27__P002.jpg,0.979490,23.574107,ok
EES0423476__X2D__Y39__P003.jpg,0.963039,23.589091,ok
EES0423476__X2D__Y3C__P004.jpg,0.926780,19.589133,ok
EES0423476__X30__Y3F__P005.jpg,0.972464,22.533943,ok
EES0423476__X33__Y3F__P006.jpg,0.976979,21.318395,ok
EES0423476__X39__Y21__P007.jpg,0.868373,20.046259,ok
EES0423476__X3C__Y0C__P008.jpg,0.942575,20.348245,ok
EES0423476__X3C__Y0F__P009.jpg,0.898682,19.736094,ok
EES0423476__X3C__Y21__P010.jpg,0.966578,19.850749,ok
EES0423476__X3C__Y2D__P011.jpg,0.954132,19.934823,ok
EES0423476__X3C__Y30__P012.jpg,0.896210,19.071460,ok
EES0423476__X3C__Y33__P013.jpg,0.950493,20.135546,ok
EES0423476__X42__Y1E__P014.jpg,0.888599,18.928192,ok
EES0423476__X45__Y1E__P015.jpg,0.946875,19.681501,ok
EES0423476__X45__Y21__P016.jpg,0.957797,20.648184,ok
EES0423476__X0F__Y15__P017.jpg,0.811899,21.083401,ok
EES0423476__X12__Y30__P018.jpg,0.935979,20.389525,ok
EES0423476__X18__Y1B__P019.jpg,0.761581,20.410720,ok
EES0423476__X1B__Y06__P020.jpg,0.970560,22.909694,ok
EES0423476__X21__Y06__P021.jpg,0.810424,21.080751,ok
EES0423476__X24__Y15__P022.jpg,0.686697,17.036387,ok
EES0423476__X24__Y18__P023.jpg,0.606114,16.878101,ok
EES0423476__X24__Y3C__P024.jpg,0.730742,21.036799,ok
EES0423476__X24__Y3F__P025.jpg,0.909288,19.004905,ok
EES0423477__X21__Y30__P001.jpg,0.716115,17.548774,ok
EES0423477__X21__Y33__P002.jpg,0.670794,17.165469,ok
EES0423477__X21__Y36__P003.jpg,0.882750,20.296616,ok
EES0423477__X21__Y3C__P004.jpg,0.865490,21.731004,ok
EES0423477__X24__Y1B__P005.jpg,0.754089,19.911546,ok
EES0423477__X24__Y1E__P006.jpg,0.766175,19.068056,ok
EES0423477__X24__Y24__P007.jpg,0.689547,17.039857,ok
EES0423477__X24__Y2D__P008.jpg,0.780312,19.500737,ok
EES0423477__X24__Y33__P009.jpg,0.878104,19.768905,ok
EES0423477__X24__Y36__P010.jpg,0.905869,19.150428,ok
EES0423477__X27__Y24__P011.jpg,0.920474,20.127637,ok
EES0423477__X27__Y2D__P012.jpg,0.786701,19.054369,ok
EES0423477__X27__Y36__P013.jpg,0.880406,20.103126,ok
EES0423477__X27__Y3C__P014.jpg,0.846995,21.398327,ok
EES0423477__X2A__Y1E__P015.jpg,0.922687,20.264701,ok
EES0423477__X2A__Y21__P016.jpg,0.924122,21.301724,ok
EES0423477__X2A__Y24__P017.jpg,0.841193,21.029485,ok
EES0423477__X2A__Y2A__P018.jpg,0.824465,19.846869,ok
EES0423477__X2A__Y30__P019.jpg,0.874908,21.101656,ok
EES0423477__X2A__Y33__P020.jpg,0.905308,20.223450,ok
EES0423477__X2A__Y36__P021.jpg,0.849097,20.886180,ok
EES0423477__X2D__Y1E__P022.jpg,0.913389,19.518089,ok
EES0423477__X2D__Y21__P023.jpg,0.860374,20.876400,ok
EES0423477__X2D__Y24__P024.jpg,0.915623,20.126234,ok
EES0423477__X2D__Y27__P025.jpg,0.897354,19.782937,ok
EES0423478__X30__Y21__P001.jpg,0.961471,21.642476,ok
EES0423478__X30__Y2D__P002.jpg,0.829220,20.320977,ok
EES0423478__X30__Y33__P003.jpg,0.781813,18.822781,ok
EES0423478__X33__Y1B__P004.jpg,0.771556,20.246706,ok
EES0423478__X33__Y1E__P005.jpg,0.970170,21.323138,ok
EES0423478__X33__Y21__P006.jpg,0.752856,21.246832,ok
EES0423478__X33__Y33__P007.jpg,0.806923,20.186659,ok
EES0423478__X36__Y1B__P008.jpg,0.914234,20.423859,ok
EES0423478__X36__Y33__P009.jpg,0.762951,17.997729,ok
EES0423478__X39__Y15__P010.jpg,0.893982,18.703491,ok
EES0423478__X39__Y18__P011.jpg,0.859732,19.780015,ok
EES0423478__X39__Y1B__P012.jpg,0.793426,20.861959,ok
EES0423478__X3C__Y15__P013.jpg,0.919757,21.233181,ok
EES0423478__X3C__Y18__P014.jpg,0.935115,20.423144,ok
EES0423478__X3C__Y1B__P015.jpg,0.798031,20.684457,ok
EES0423478__X3F__Y18__P016.jpg,0.798218,21.722290,ok
EES0423478__X3F__Y1B__P017.jpg,0.754304,19.067572,ok
EES0423478__X42__Y18__P018.jpg,0.860274,20.258731,ok
EES0423478__X42__Y1B__P019.jpg,0.568477,16.030886,ok
EES0423478__X09__Y0F__P020.jpg,0.918540,20.478710,ok
EES0423478__X09__Y12__P021.jpg,0.606586,16.881050,ok
EES0423478__X09__Y33__P022.jpg,0.740791,20.063011,ok
EES0423478__X09__Y36__P023.jpg,0.922854,19.557351,ok
EES0423478__X0C__Y39__P024.jpg,0.938755,20.531677,ok
EES0423478__X0F__Y09__P025.jpg,0.941444,22.283941,ok
EES0423479__X0C__Y15__P001.jpg,0.497798,16.500662,ok
EES0423479__X0C__Y30__P002.jpg,0.745549,19.932243,ok
EES0423479__X0C__Y33__P003.jpg,0.656510,16.489224,ok
EES0423479__X12__Y09__P004.jpg,0.545119,12.207016,ok
EES0423479__X18__Y3F__P005.jpg,0.929298,21.999641,ok
EES0423479__X1E__Y03__P006.jpg,0.857415,21.050570,ok
EES0423479__X21__Y03__P007.jpg,0.764723,21.612183,ok
EES0423479__X21__Y42__P008.jpg,0.971736,22.129551,ok
EES0423479__X24__Y42__P009.jpg,0.934209,22.144482,ok
EES0423479__X27__Y42__P010.jpg,0.881867,20.088126,ok
EES0423479__X2A__Y03__P011.jpg,0.601440,16.470336,ok
EES0423479__X2A__Y42__P012.jpg,0.809373,20.779928,ok
EES0423479__X2D__Y03__P013.jpg,0.741899,19.422292,ok
EES0423479__X2D__Y42__P014.jpg,0.871114,19.848778,ok
EES0423479__X30__Y03__P015.jpg,0.700053,15.590300,ok
EES0423479__X36__Y06__P016.jpg,0.690295,16.285727,ok
EES0423479__X39__Y3C__P017.jpg,0.934743,20.967054,ok
EES0423479__X3C__Y09__P018.jpg,0.925546,23.841140,ok
EES0423479__X42__Y0F__P019.jpg,0.920023,20.452122,ok
EES0423479__X45__Y15__P020.jpg,0.947795,21.128448,ok
EES0423479__X48__Y24__P021.jpg,0.960542,21.451890,ok
EES0423479__X0F__Y12__P022.jpg,0.787207,19.190459,ok
EES0423479__X21__Y0C__P023.jpg,0.770897,17.995791,ok
EES0423479__X24__Y0F__P024.jpg,0.717582,17.070661,ok
EES0423479__X27__Y06__P025.jpg,0.836749,19.502425,ok
EES0423480__X36__Y3F__P001.jpg,0.875810,17.836717,ok
EES0423480__X3C__Y09__P002.jpg,0.949842,19.453767,ok
EES0423480__X48__Y27__P003.jpg,0.809195,17.286123,ok
EES0423480__X21__Y45__P004.jpg,0.858918,19.359273,ok
EES0423480__X24__Y45__P005.jpg,0.857187,20.041867,ok
EES0423480__X27__Y06__P006.jpg,0.924753,20.916003,ok
EES0423480__X2A__Y06__P007.jpg,0.949790,21.270645,ok
EES0423480__X33__Y09__P008.jpg,0.919439,20.312064,ok
EES0423480__X39__Y0C__P009.jpg,0.936921,23.722884,ok
EES0423480__X3F__Y12__P010.jpg,0.928418,20.872110,ok
EES0423480__X42__Y18__P011.jpg,0.895455,22.637336,ok
EES0423480__X45__Y1B__P012.jpg,0.874189,22.107256,ok
EES0423480__X45__Y1E__P013.jpg,0.921454,21.855825,ok
EES0423480__X45__Y24__P014.jpg,0.799786,18.966925,ok
EES0423480__X1E__Y0C__P015.jpg,0.905272,20.388314,ok
EES0423480__X21__Y09__P016.jpg,0.934724,22.301974,ok
EES0423480__X24__Y2D__P017.jpg,0.866216,21.162467,ok
EES0423480__X30__Y0C__P018.jpg,0.917352,22.053888,ok
EES0423480__X0F__Y24__P019.jpg,0.960197,25.506133,ok
EES0423480__X12__Y24__P020.jpg,0.861682,21.176272,ok
EES0423480__X18__Y09__P021.jpg,0.973905,23.535462,ok
EES0423480__X1B__Y27__P022.jpg,0.900374,21.047289,ok
EES0423480__X1E__Y2A__P023.jpg,0.942192,22.562351,ok
EES0423480__X1E__Y2D__P024.jpg,0.846012,21.256242,ok
EES0423480__X24__Y09__P025.jpg,0.953670,21.759867,ok
EES0423481__X24__Y1E__P001.jpg,0.834018,18.715920,ok
EES0423481__X24__Y2A__P002.jpg,0.929530,21.589860,ok
EES0423481__X24__Y39__P003.jpg,0.913872,19.941251,ok
EES0423481__X27__Y36__P004.jpg,0.939794,21.318443,ok
EES0423481__X2A__Y1E__P005.jpg,0.938065,21.829325,ok
EES0423481__X2A__Y21__P006.jpg,0.855277,21.732419,ok
EES0423481__X2A__Y30__P007.jpg,0.912652,21.082089,ok
EES0423481__X2D__Y09__P008.jpg,0.921559,22.859924,ok
EES0423481__X30__Y0F__P009.jpg,0.926455,22.159502,ok
EES0423481__X30__Y12__P010.jpg,0.936101,21.412417,ok
EES0423481__X30__Y24__P011.jpg,0.721791,16.301777,ok
EES0423481__X30__Y42__P012.jpg,0.976281,24.176467,ok
EES0423481__X33__Y0C__P013.jpg,0.923328,21.932111,ok
EES0423481__X33__Y0F__P014.jpg,0.910159,19.702352,ok
EES0423481__X33__Y15__P015.jpg,0.953924,23.842196,ok
EES0423481__X33__Y1B__P016.jpg,0.847390,21.491081,ok
EES0423481__X33__Y27__P017.jpg,0.957259,22.122557,ok
EES0423481__X33__Y36__P018.jpg,0.867405,20.410528,ok
EES0423481__X36__Y0F__P019.jpg,0.907113,20.135550,ok
EES0423481__X36__Y1B__P020.jpg,0.880765,21.702458,ok
EES0423481__X36__Y21__P021.jpg,0.922655,21.580011,ok
EES0423481__X36__Y24__P022.jpg,0.906102,19.379284,ok
EES0423481__X36__Y39__P023.jpg,0.889480,20.461576,ok
EES0423481__X39__Y1E__P024.jpg,0.899947,20.385172,ok
EES0423481__X39__Y39__P025.jpg,0.951940,21.766214,ok
EES0423482__X3C__Y0C__P001.jpg,0.963409,23.596977,ok
EES0423482__X3C__Y21__P002.jpg,0.976730,26.428306,ok
EES0423482__X3C__Y36__P003.jpg,0.945417,22.537695,ok
EES0423482__X3F__Y2A__P004.jpg,0.941791,20.905910,ok
EES0423482__X42__Y15__P005.jpg,0.933733,20.879030,ok
EES0423482__X42__Y21__P006.jpg,0.909368,20.565028,ok
EES0423482__X42__Y2D__P007.jpg,0.949717,21.958406,ok
EES0423482__X45__Y1E__P008.jpg,0.924821,20.870008,ok
EES0423482__X45__Y21__P009.jpg,0.800331,19.733639,ok
EES0423482__X45__Y27__P010.jpg,0.855868,20.286706,ok
EES0423482__X18__Y2A__P011.jpg,0.922960,21.669645,ok
EES0423482__X1B__Y1E__P012.jpg,0.695916,16.638941,ok
EES0423482__X2A__Y24__P013.jpg,0.880225,21.211373,ok
EES0423482__X2D__Y39__P014.jpg,0.818569,20.203248,ok
EES0423482__X30__Y39__P015.jpg,0.886450,21.358979,ok
EES0423482__X33__Y0C__P016.jpg,0.893394,21.581999,ok
EES0423482__X33__Y24__P017.jpg,0.933779,22.525800,ok
EES0423482__X33__Y2A__P018.jpg,0.936141,22.536539,ok
EES0423482__X36__Y3C__P019.jpg,0.921036,21.249467,ok
EES0423482__X3C__Y21__P020.jpg,0.906574,21.159930,ok
EES0423482__X3C__Y33__P021.jpg,0.865434,20.484344,ok
EES0423482__X0C__Y1B__P022.jpg,0.694053,17.288808,ok
EES0423482__X2A__Y06__P023.jpg,0.973006,26.908705,ok
EES0423482__X33__Y09__P024.jpg,0.852534,20.525783,ok
EES0423482__X42__Y15__P025.jpg,0.848380,20.375476,ok
EES0423483__X1E__Y1B__P001.jpg,0.896354,20.610259,ok
EES0423483__X1E__Y27__P002.jpg,0.949965,21.373312,ok
EES0423483__X1E__Y33__P003.jpg,0.926952,21.407091,ok
EES0423483__X21__Y1B__P004.jpg,0.890224,19.859209,ok
EES0423483__X24__Y09__P005.jpg,0.942350,21.707688,ok
EES0423483__X24__Y0C__P006.jpg,0.895654,20.483001,ok
EES0423483__X24__Y0F__P007.jpg,0.933020,21.821792,ok
EES0423483__X24__Y18__P008.jpg,0.939022,21.724789,ok
EES0423483__X24__Y36__P009.jpg,0.842144,21.246689,ok
EES0423483__X24__Y39__P010.jpg,0.927348,22.858632,ok
EES0423483__X27__Y18__P011.jpg,0.908799,19.993691,ok
EES0423483__X27__Y21__P012.jpg,0.963391,24.406613,ok
EES0423483__X27__Y24__P013.jpg,0.940624,21.146711,ok
EES0423483__X2A__Y0C__P014.jpg,0.926920,21.822939,ok
EES0423483__X2A__Y12__P015.jpg,0.942415,22.203973,ok
EES0423483__X2A__Y30__P016.jpg,0.962139,23.759129,ok
EES0423483__X2D__Y09__P017.jpg,0.909933,21.157810,ok
EES0423483__X2D__Y27__P018.jpg,0.901134,19.127987,ok
EES0423483__X30__Y1B__P019.jpg,0.933936,23.536642,ok
EES0423483__X30__Y21__P020.jpg,0.930242,21.560741,ok
EES0423483__X30__Y24__P021.jpg,0.814438,22.231655,ok
EES0423483__X30__Y27__P022.jpg,0.958060,22.366525,ok
EES0423483__X30__Y2D__P023.jpg,0.935609,21.510157,ok
EES0423483__X30__Y36__P024.jpg,0.953453,21.877194,ok
EES0423483__X33__Y1B__P025.jpg,0.908035,21.177047,ok
EES0423484__X33__Y21__P001.jpg,0.864824,20.640049,ok
EES0423484__X33__Y2D__P002.jpg,0.963169,23.204349,ok
EES0423484__X36__Y09__P003.jpg,0.942077,22.112871,ok
EES0423484__X36__Y0C__P004.jpg,0.934235,21.144190,ok
EES0423484__X36__Y1E__P005.jpg,0.911409,20.608923,ok
EES0423484__X36__Y2A__P006.jpg,0.956821,21.721424,ok
EES0423484__X39__Y0C__P007.jpg,0.907522,20.899212,ok
EES0423484__X39__Y21__P008.jpg,0.893383,19.808651,ok
EES0423484__X39__Y2D__P009.jpg,0.878522,20.183795,ok
EES0423484__X39__Y33__P010.jpg,0.921076,21.481950,ok
EES0423484__X3C__Y0F__P011.jpg,0.930331,21.133674,ok
EES0423484__X3C__Y2A__P012.jpg,0.964904,25.100730,ok
EES0423484__X3C__Y33__P013.jpg,0.879423,20.634372,ok
EES0423484__X3F__Y1B__P014.jpg,0.942499,22.810507,ok
EES0423484__X0F__Y18__P015.jpg,0.889884,22.464430,ok
EES0423484__X12__Y24__P016.jpg,0.927276,21.345273,ok
EES0423484__X15__Y12__P017.jpg,0.895546,23.084984,ok
EES0423484__X15__Y18__P018.jpg,0.893592,22.089493,ok
EES0423484__X15__Y1E__P019.jpg,0.966346,28.200426,ok
EES0423484__X15__Y21__P020.jpg,0.917862,22.387066,ok
EES0423484__X15__Y24__P021.jpg,0.935260,22.610395,ok
EES0423484__X18__Y0C__P022.jpg,0.940122,22.642734,ok
EES0423484__X18__Y18__P023.jpg,0.915171,22.574053,ok
EES0423484__X1B__Y0F__P024.jpg,0.913750,22.455166,ok
EES0423484__X1B__Y21__P025.jpg,0.960825,26.456812,ok
EES0423485__X1B__Y2D__P001.jpg,0.981360,26.347228,ok
EES0423485__X1B__Y36__P002.jpg,0.834151,24.112118,ok
EES0423485__X1E__Y06__P003.jpg,0.743300,19.251084,ok
EES0423485__X1E__Y09__P004.jpg,0.938750,23.035318,ok
EES0423485__X1E__Y0C__P005.jpg,0.919485,22.657771,ok
EES0423485__X1E__Y0F__P006.jpg,0.934633,23.868270,ok
EES0423485__X1E__Y21__P007.jpg,0.907079,21.698254,ok
EES0423485__X1E__Y24__P008.jpg,0.946369,23.602790,ok
EES0423485__X1E__Y33__P009.jpg,0.932403,24.433260,ok
EES0423485__X1E__Y36__P010.jpg,0.973076,26.505318,ok
EES0423485__X21__Y0F__P011.jpg,0.919262,21.311958,ok
EES0423485__X21__Y12__P012.jpg,0.666740,18.171758,ok
EES0423485__X21__Y15__P013.jpg,0.907274,21.952409,ok
EES0423485__X21__Y18__P014.jpg,0.874558,21.815713,ok
EES0423485__X21__Y1B__P015.jpg,0.951467,22.459628,ok
EES0423485__X21__Y27__P016.jpg,0.915201,21.293045,ok
EES0423485__X24__Y18__P017.jpg,0.905096,20.808580,ok
EES0423485__X24__Y1E__P018.jpg,0.861499,21.906758,ok
EES0423485__X24__Y27__P019.jpg,0.939906,24.234545,ok
EES0423485__X24__Y2A__P020.jpg,0.616123,12.844287,ok
EES0423485__X24__Y30__P021.jpg,0.955032,24.770371,ok
EES0423485__X24__Y3C__P022.jpg,0.930666,24.637987,ok
EES0423485__X27__Y0C__P023.jpg,0.915138,22.708713,ok
EES0423485__X27__Y0F__P024.jpg,0.941828,23.423477,ok
EES0423485__X27__Y18__P025.jpg,0.952256,23.005623,ok
EES0423486__X27__Y1E__P001.jpg,0.933829,22.040690,ok
EES0423486__X27__Y21__P002.jpg,0.902277,22.299593,ok
EES0423486__X27__Y24__P003.jpg,0.939190,21.750785,ok
EES0423486__X27__Y33__P004.jpg,0.975039,25.527357,ok
EES0423486__X27__Y36__P005.jpg,0.890304,21.942468,ok
EES0423486__X27__Y3C__P006.jpg,0.895387,21.163726,ok
EES0423486__X2A__Y06__P007.jpg,0.979313,28.202643,ok
EES0423486__X2A__Y12__P008.jpg,0.968998,24.746970,ok
EES0423486__X2A__Y18__P009.jpg,0.910332,21.884211,ok
EES0423486__X2A__Y21__P010.jpg,0.920383,22.355240,ok
EES0423486__X2A__Y3F__P011.jpg,0.943404,24.677212,ok
EES0423486__X30__Y09__P012.jpg,0.929691,23.371564,ok
EES0423486__X30__Y0F__P013.jpg,0.638003,15.202125,ok
EES0423486__X30__Y1B__P014.jpg,0.922967,23.545658,ok
EES0423486__X30__Y21__P015.jpg,0.850799,22.505347,ok
EES0423486__X30__Y24__P016.jpg,0.871805,21.216692,ok
EES0423486__X30__Y2D__P017.jpg,0.931861,23.220392,ok
EES0423486__X30__Y30__P018.jpg,0.828563,23.598950,ok
EES0423486__X30__Y33__P019.jpg,0.835227,22.238200,ok
EES0423486__X30__Y36__P020.jpg,0.975237,25.676878,ok
EES0423486__X30__Y39__P021.jpg,0.813273,23.359603,ok
EES0423486__X30__Y3C__P022.jpg,0.883134,21.614160,ok
EES0423486__X33__Y09__P023.jpg,0.928390,21.566766,ok
EES0423486__X33__Y12__P024.jpg,0.919472,22.724266,ok
EES0423486__X33__Y21__P025.jpg,0.978434,27.947630,ok
EES0423487__X33__Y24__P001.jpg,0.944195,23.130070,ok
EES0423487__X33__Y30__P002.jpg,0.970509,32.176772,ok
EES0423487__X33__Y33__P003.jpg,0.968519,24.614576,ok
EES0423487__X33__Y36__P004.jpg,0.857168,24.051262,ok
EES0423487__X36__Y12__P005.jpg,0.841839,23.986620,ok
EES0423487__X36__Y2D__P006.jpg,0.963765,24.792974,ok
EES0423487__X39__Y0C__P007.jpg,0.708437,17.936950,ok
EES0423487__X39__Y12__P008.jpg,0.905374,21.814433,ok
EES0423487__X39__Y18__P009.jpg,0.940197,24.164494,ok
EES0423487__X39__Y27__P010.jpg,0.907076,21.689825,ok
EES0423487__X39__Y2D__P011.jpg,0.914370,21.475812,ok
EES0423487__X39__Y30__P012.jpg,0.852121,22.401744,ok
EES0423487__X39__Y33__P013.jpg,0.958429,27.799701,ok
EES0423487__X3C__Y0F__P014.jpg,0.935462,23.214988,ok
EES0423487__X3C__Y18__P015.jpg,0.947253,26.601716,ok
EES0423487__X3C__Y1B__P016.jpg,0.800743,19.644448,ok
EES0423487__X3C__Y36__P017.jpg,0.857725,21.821560,ok
EES0423487__X3F__Y18__P018.jpg,0.882400,21.067903,ok
EES0423487__X3F__Y1B__P019.jpg,0.930293,21.549743,ok
EES0423487__X15__Y1B__P020.jpg,0.892120,20.084464,ok
EES0423487__X15__Y36__P021.jpg,0.966131,22.169715,ok
EES0423487__X1B__Y0F__P022.jpg,0.950757,22.485780,ok
EES0423487__X1B__Y12__P023.jpg,0.902122,20.940436,ok
EES0423487__X1B__Y18__P024.jpg,0.967539,23.331002,ok
EES0423487__X1B__Y21__P025.jpg,0.941336,21.488018,ok
EES0423488__X1B__Y24__P001.jpg,0.969423,24.124779,ok
EES0423488__X1B__Y27__P002.jpg,0.909536,21.157274,ok
EES0423488__X1B__Y30__P003.jpg,0.917173,21.695297,ok
EES0423488__X1B__Y33__P004.jpg,0.909234,20.953637,ok
EES0423488__X1B__Y36__P005.jpg,0.962628,22.134822,ok
EES0423488__X1E__Y0F__P006.jpg,0.860645,20.621086,ok
EES0423488__X1E__Y30__P007.jpg,0.923110,21.285576,ok
EES0423488__X1E__Y36__P008.jpg,0.960997,22.229055,ok
EES0423488__X21__Y18__P009.jpg,0.952960,20.756562,ok
EES0423488__X21__Y21__P010.jpg,0.980680,24.848319,ok
EES0423488__X21__Y27__P011.jpg,0.915271,22.620573,ok
EES0423488__X24__Y1B__P012.jpg,0.912689,21.675806,ok
EES0423488__X24__Y2A__P013.jpg,0.935483,22.927295,ok
EES0423488__X24__Y2D__P014.jpg,0.958547,23.454974,ok
EES0423488__X24__Y39__P015.jpg,0.968925,22.250965,ok
EES0423488__X27__Y0F__P016.jpg,0.901485,21.547763,ok
EES0423488__X27__Y12__P017.jpg,0.920771,20.092554,ok
EES0423488__X2A__Y15__P018.jpg,0.969819,23.868489,ok
EES0423488__X2A__Y21__P019.jpg,0.937005,22.911867,ok
EES0423488__X2D__Y0F__P020.jpg,0.954426,23.195861,ok
EES0423488__X2D__Y27__P021.jpg,0.976267,25.326986,ok
EES0423488__X2D__Y30__P022.jpg,0.974262,23.572747,ok
EES0423488__X30__Y15__P023.jpg,0.937733,22.582236,ok
EES0423488__X30__Y1B__P024.jpg,0.974029,24.712521,ok
EES0423488__X30__Y1E__P025.jpg,0.860923,19.995242,ok
EES0423489__X33__Y2A__P001.jpg,0.738010,15.816526,ok
EES0423489__X36__Y0F__P002.jpg,0.707237,21.564474,ok
EES0423489__X36__Y27__P003.jpg,0.685029,21.279062,ok
EES0423489__X36__Y36__P004.jpg,0.939856,21.638957,ok
EES0423489__X3C__Y12__P005.jpg,0.757227,19.412185,ok
EES0423489__X3F__Y18__P006.jpg,0.737500,15.893298,ok
EES0423489__X3F__Y1B__P007.jpg,0.920860,22.854048,ok
EES0423489__X42__Y21__P008.jpg,0.703116,18.182683,ok
EES0423489__X42__Y30__P009.jpg,0.640027,15.769274,ok
EES0423489__X0F__Y2D__P010.jpg,0.958562,22.985157,ok
EES0423489__X0F__Y36__P011.jpg,0.919900,22.596418,ok
EES0423489__X12__Y1E__P012.jpg,0.970246,24.519921,ok
EES0423489__X12__Y27__P013.jpg,0.940265,20.973537,ok
EES0423489__X12__Y30__P014.jpg,0.952271,23.591021,ok
EES0423489__X12__Y39__P015.jpg,0.859302,21.394158,ok
EES0423489__X15__Y27__P016.jpg,0.871985,20.533623,ok
EES0423489__X15__Y36__P017.jpg,0.914836,21.808401,ok
EES0423489__X15__Y3C__P018.jpg,0.906021,21.656438,ok
EES0423489__X18__Y36__P019.jpg,0.899548,20.673667,ok
EES0423489__X18__Y3C__P020.jpg,0.953135,23.505826,ok
EES0423489__X1B__Y2A__P021.jpg,0.956828,24.676349,ok
EES0423489__X1B__Y2D__P022.jpg,0.881430,23.270537,ok
EES0423489__X1B__Y30__P023.jpg,0.966841,24.595086,ok
EES0423489__X1B__Y33__P024.jpg,0.970199,23.679226,ok
EES0423489__X1B__Y36__P025.jpg,0.872296,21.951167,ok
EES0423490__X1B__Y3C__P001.jpg,0.924436,21.212035,ok
EES0423490__X1B__Y3F__P002.jpg,0.885494,20.121069,ok
EES0423490__X1E__Y2A__P003.jpg,0.918478,21.829285,ok
EES0423490__X1E__Y2D__P004.jpg,0.918402,22.075798,ok
EES0423490__X1E__Y30__P005.jpg,0.940690,23.247690,ok
EES0423490__X1E__Y33__P006.jpg,0.968867,24.629706,ok
EES0423490__X1E__Y36__P007.jpg,0.951598,24.963500,ok
EES0423490__X1E__Y39__P008.jpg,0.907631,22.606039,ok
EES0423490__X1E__Y3C__P009.jpg,0.914726,22.284607,ok
EES0423490__X21__Y15__P010.jpg,0.834441,21.425714,ok
EES0423490__X21__Y30__P011.jpg,0.949590,23.626743,ok
EES0423490__X21__Y33__P012.jpg,0.958781,24.023954,ok
EES0423490__X21__Y3C__P013.jpg,0.852783,21.317673,ok
EES0423490__X21__Y42__P014.jpg,0.910519,23.321335,ok
EES0423490__X24__Y18__P015.jpg,0.912474,22.410390,ok
EES0423490__X24__Y1E__P016.jpg,0.840592,23.512313,ok
EES0423490__X24__Y27__P017.jpg,0.874275,20.488751,ok
EES0423490__X24__Y2D__P018.jpg,0.859415,24.698669,ok
EES0423490__X24__Y33__P019.jpg,0.921168,21.021358,ok
EES0423490__X24__Y36__P020.jpg,0.919907,21.495066,ok
EES0423490__X24__Y39__P021.jpg,0.881156,21.092813,ok
EES0423490__X24__Y3C__P022.jpg,0.877733,19.708501,ok
EES0423490__X24__Y3F__P023.jpg,0.884734,21.255673,ok
EES0423490__X24__Y42__P024.jpg,0.936895,22.352948,ok
EES0423490__X27__Y18__P025.jpg,0.910630,22.539087,ok
EES0423491__X27__Y2D__P001.jpg,0.941458,23.952257,ok
EES0423491__X2A__Y27__P002.jpg,0.861030,23.885712,ok
EES0423491__X2A__Y2D__P003.jpg,0.793971,23.258323,ok
EES0423491__X2A__Y33__P004.jpg,0.684638,17.074631,ok
EES0423491__X2A__Y36__P005.jpg,0.891804,21.711607,ok
EES0423491__X2A__Y3C__P006.jpg,0.968671,26.053486,ok
EES0423491__X2A__Y3F__P007.jpg,0.833983,22.215319,ok
EES0423491__X2D__Y12__P008.jpg,0.947772,22.248876,ok
EES0423491__X2D__Y27__P009.jpg,0.936803,23.074347,ok
EES0423491__X2D__Y33__P010.jpg,0.870377,23.598877,ok
EES0423491__X2D__Y3F__P011.jpg,0.927135,23.437486,ok
EES0423491__X2D__Y42__P012.jpg,0.918125,21.544396,ok
EES0423491__X30__Y15__P013.jpg,0.939187,21.850906,ok
EES0423491__X30__Y21__P014.jpg,0.864950,23.301558,ok
EES0423491__X30__Y24__P015.jpg,0.961846,23.679871,ok
EES0423491__X30__Y2A__P016.jpg,0.939651,24.418829,ok
EES0423491__X30__Y33__P017.jpg,0.776517,22.761994,ok
EES0423491__X30__Y39__P018.jpg,0.846733,22.454406,ok
EES0423491__X30__Y42__P019.jpg,0.910874,21.751274,ok
EES0423491__X33__Y24__P020.jpg,0.969837,26.208352,ok
EES0423491__X33__Y3C__P021.jpg,0.887656,21.198743,ok
EES0423491__X36__Y18__P022.jpg,0.953769,25.520867,ok
EES0423491__X36__Y1E__P023.jpg,0.951332,23.803113,ok
EES0423491__X36__Y24__P024.jpg,0.955416,23.896611,ok
EES0423491__X36__Y27__P025.jpg,0.900679,24.609657,ok
EES0423492__X36__Y2D__P001.jpg,0.932819,23.379115,ok
EES0423492__X36__Y36__P002.jpg,0.912647,21.875788,ok
EES0423492__X36__Y3F__P003.jpg,0.973987,24.673367,ok
EES0423492__X39__Y21__P004.jpg,0.945794,24.058238,ok
EES0423492__X39__Y30__P005.jpg,0.777376,20.384477,ok
EES0423492__X39__Y39__P006.jpg,0.938188,24.135137,ok
EES0423492__X3C__Y30__P007.jpg,0.915627,24.031476,ok
EES0423492__X3F__Y2D__P008.jpg,0.862363,22.745695,ok
EES0423492__X3F__Y36__P009.jpg,0.951792,25.319281,ok
EES0423492__X42__Y21__P010.jpg,0.957975,24.711539,ok
EES0423492__X42__Y30__P011.jpg,0.888260,22.786107,ok
EES0423492__X42__Y33__P012.jpg,0.917578,22.837582,ok
EES0423492__X15__Y0C__P013.jpg,0.929834,21.198777,ok
EES0423492__X1B__Y06__P014.jpg,0.866578,19.826958,ok
EES0423492__X1E__Y03__P015.jpg,0.904836,20.052265,ok
EES0423492__X21__Y06__P016.jpg,0.925945,17.644995,ok
EES0423492__X21__Y3F__P017.jpg,0.712422,18.168736,ok
EES0423492__X24__Y06__P018.jpg,0.817528,18.825132,ok
EES0423492__X24__Y3F__P019.jpg,0.732189,18.008750,ok
EES0423492__X27__Y3F__P020.jpg,0.748522,18.458301,ok
EES0423492__X33__Y3F__P021.jpg,0.781178,18.076489,ok
EES0423492__X36__Y3F__P022.jpg,0.701415,16.958178,ok
EES0423492__X45__Y33__P023.jpg,0.900436,20.906057,ok
EES0423492__X48__Y2D__P024.jpg,0.749835,17.419037,ok
EES0423492__X09__Y1E__P025.jpg,0.679509,17.083643,ok
EES0423493__X09__Y30__P001.jpg,0.965337,21.521828,ok
EES0423493__X0C__Y33__P002.jpg,0.844577,21.630558,ok
EES0423493__X0F__Y0F__P003.jpg,0.931810,22.638786,ok
EES0423493__X12__Y0C__P004.jpg,0.925947,20.373233,ok
EES0423493__X15__Y09__P005.jpg,0.858849,22.049006,ok
EES0423493__X1B__Y06__P006.jpg,0.883636,21.756921,ok
EES0423493__X1B__Y3F__P007.jpg,0.667519,16.298176,ok
EES0423493__X1E__Y06__P008.jpg,0.841060,21.399285,ok
EES0423493__X1E__Y42__P009.jpg,0.926685,24.153683,ok
EES0423493__X24__Y03__P010.jpg,0.983991,28.085666,ok
EES0423493__X24__Y42__P011.jpg,0.568647,15.805256,ok
EES0423493__X27__Y03__P012.jpg,0.950164,21.144293,ok
EES0423493__X33__Y06__P013.jpg,0.865518,22.579433,ok
EES0423493__X33__Y42__P014.jpg,0.916769,23.323721,ok
EES0423493__X39__Y3F__P015.jpg,0.880608,21.305535,ok
EES0423493__X45__Y15__P016.jpg,0.811914,19.561138,ok
EES0423493__X45__Y33__P017.jpg,0.942021,21.779464,ok
EES0423493__X48__Y2A__P018.jpg,0.815043,21.451587,ok
EES0423493__X48__Y2D__P019.jpg,0.981822,28.788541,ok
EES0423493__X0C__Y27__P020.jpg,0.765370,19.531207,ok
EES0423493__X0C__Y2A__P021.jpg,0.834392,21.358916,ok
EES0423493__X0C__Y2D__P022.jpg,0.661076,17.032593,ok
EES0423493__X0C__Y30__P023.jpg,0.516198,15.207444,ok
EES0423493__X0F__Y2A__P024.jpg,0.617473,15.638666,ok
EES0423493__X12__Y0F__P025.jpg,0.913055,21.971476,ok
EES0423494__X1E__Y39__P001.jpg,0.934036,22.636784,ok
EES0423494__X21__Y2A__P002.jpg,0.833576,24.559218,ok
EES0423494__X21__Y2D__P003.jpg,0.824997,23.497304,ok
EES0423494__X21__Y33__P004.jpg,0.846019,23.162270,ok
EES0423494__X24__Y2A__P005.jpg,0.734528,22.227854,ok
EES0423494__X24__Y2D__P006.jpg,0.646933,17.640405,ok
EES0423494__X24__Y30__P007.jpg,0.809712,23.215644,ok
EES0423494__X27__Y15__P008.jpg,0.831024,23.414674,ok
EES0423494__X27__Y27__P009.jpg,0.663942,18.570860,ok
EES0423494__X2A__Y09__P010.jpg,0.697494,16.172169,ok
EES0423494__X2A__Y12__P011.jpg,0.753127,21.667201,ok
EES0423494__X2A__Y15__P012.jpg,0.692611,19.256940,ok
EES0423494__X2A__Y18__P013.jpg,0.637231,19.102482,ok
EES0423494__X2A__Y2A__P014.jpg,0.716755,17.639559,ok
EES0423494__X2D__Y0C__P015.jpg,0.792217,22.167015,ok
EES0423494__X2D__Y0F__P016.jpg,0.698832,19.133934,ok
EES0423494__X2D__Y12__P017.jpg,0.669920,18.891660,ok
EES0423494__X2D__Y15__P018.jpg,0.850072,23.204457,ok
EES0423494__X2D__Y18__P019.jpg,0.723425,20.517955,ok
EES0423494__X2D__Y1B__P020.jpg,0.925476,22.830140,ok
EES0423494__X2D__Y21__P021.jpg,0.898626,21.643838,ok
EES0423494__X2D__Y24__P022.jpg,0.932464,23.172303,ok
EES0423494__X2D__Y2D__P023.jpg,0.870870,22.979228,ok
EES0423494__X2D__Y30__P024.jpg,0.839792,24.649447,ok
EES0423494__X2D__Y33__P025.jpg,0.617396,16.258797,ok
EES0423495__X2D__Y36__P001.jpg,0.821457,23.604352,ok
EES0423495__X2D__Y39__P002.jpg,0.855580,25.178080,ok
EES0423495__X30__Y06__P003.jpg,0.840513,24.484494,ok
EES0423495__X30__Y09__P004.jpg,0.800836,23.558967,ok
EES0423495__X30__Y0C__P005.jpg,0.741212,21.738352,ok
EES0423495__X30__Y0F__P006.jpg,0.829278,22.108868,ok
EES0423495__X30__Y1B__P007.jpg,0.791827,23.533328,ok
EES0423495__X30__Y1E__P008.jpg,0.864191,24.750608,ok
EES0423495__X30__Y21__P009.jpg,0.701590,20.139597,ok
EES0423495__X30__Y24__P010.jpg,0.874689,23.712572,ok
EES0423495__X30__Y27__P011.jpg,0.652373,18.448479,ok
EES0423495__X30__Y2A__P012.jpg,0.904597,23.718201,ok
EES0423495__X30__Y36__P013.jpg,0.836180,23.196563,ok
EES0423495__X30__Y39__P014.jpg,0.883641,20.881693,ok
EES0423495__X30__Y3C__P015.jpg,0.827509,23.563812,ok
EES0423495__X33__Y1E__P016.jpg,0.800725,23.866141,ok
EES0423495__X33__Y21__P017.jpg,0.924518,23.222955,ok
EES0423495__X33__Y24__P018.jpg,0.863289,22.113690,ok
EES0423495__X33__Y27__P019.jpg,0.745367,20.897190,ok
EES0423495__X36__Y21__P020.jpg,0.799692,23.806519,ok
EES0423495__X36__Y24__P021.jpg,0.701693,22.658562,ok
EES0423495__X39__Y21__P022.jpg,0.753866,21.561915,ok
EES0423495__X39__Y24__P023.jpg,0.806353,23.418682,ok
EES0423495__X39__Y27__P024.jpg,0.628166,17.256300,ok
EES0423495__X3C__Y1B__P025.jpg,0.809646,23.918901,ok
EES0423496__X3C__Y2A__P001.jpg,0.820408,24.898827,ok
EES0423496__X3C__Y2D__P002.jpg,0.863746,24.905743,ok
EES0423496__X3F__Y1B__P003.jpg,0.896648,22.180798,ok
EES0423496__X3F__Y27__P004.jpg,0.616389,16.423445,ok
EES0423496__X3F__Y2A__P005.jpg,0.836339,25.608424,ok
EES0423496__X3F__Y2D__P006.jpg,0.815640,21.894828,ok
EES0423496__X42__Y15__P007.jpg,0.810730,24.646659,ok
EES0423496__X42__Y18__P008.jpg,0.753558,22.150557,ok
EES0423496__X42__Y1B__P009.jpg,0.729658,22.158439,ok
EES0423496__X42__Y1E__P010.jpg,0.763670,21.512251,ok
EES0423496__X42__Y2A__P011.jpg,0.759102,21.739162,ok
EES0423496__X42__Y30__P012.jpg,0.952302,23.829298,ok
EES0423496__X0F__Y1E__P013.jpg,0.845285,25.032247,ok
EES0423496__X12__Y1E__P014.jpg,0.959320,22.746533,ok
EES0423496__X12__Y21__P015.jpg,0.955946,22.470097,ok
EES0423496__X12__Y24__P016.jpg,0.938343,23.511468,ok
EES0423496__X12__Y27__P017.jpg,0.882446,21.630777,ok
EES0423496__X12__Y2A__P018.jpg,0.807477,22.955053,ok
EES0423496__X12__Y2D__P019.jpg,0.928208,24.446853,ok
EES0423496__X15__Y21__P020.jpg,0.798403,23.211846,ok
EES0423496__X15__Y30__P021.jpg,0.958598,23.046953,ok
EES0423496__X15__Y33__P022.jpg,0.903274,21.825441,ok
EES0423496__X15__Y39__P023.jpg,0.940943,21.912199,ok
EES0423496__X15__Y3C__P024.jpg,0.945961,22.662858,ok
EES0423496__X18__Y27__P025.jpg,0.592013,16.817846,ok
EES0423497__X1B__Y12__P001.jpg,0.897941,20.142115,ok
EES0423497__X1B__Y1E__P002.jpg,0.777830,20.250547,ok
EES0423497__X1B__Y27__P003.jpg,0.951777,22.252806,ok
EES0423497__X1B__Y2A__P004.jpg,0.855817,24.226882,ok
EES0423497__X1B__Y2D__P005.jpg,0.832416,22.488147,ok
EES0423497__X1B__Y30__P006.jpg,0.843196,23.486220,ok
EES0423497__X1B__Y33__P007.jpg,0.771434,21.570937,ok
EES0423497__X1B__Y39__P008.jpg,0.527243,17.867853,ok
EES0423497__X1B__Y3C__P009.jpg,0.843414,22.339182,ok
EES0423497__X1B__Y3F__P010.jpg,0.867578,22.152213,ok
EES0423497__X1E__Y1E__P011.jpg,0.851921,24.334737,ok
EES0423497__X1E__Y27__P012.jpg,0.883538,22.846903,ok
EES0423497__X1E__Y2A__P013.jpg,0.805463,21.914104,ok
EES0423497__X1E__Y2D__P014.jpg,0.777626,22.618919,ok
EES0423497__X1E__Y30__P015.jpg,0.723365,20.820917,ok
EES0423497__X1E__Y39__P016.jpg,0.771829,21.631583,ok
EES0423497__X1E__Y3C__P017.jpg,0.839894,24.232074,ok
EES0423497__X21__Y30__P018.jpg,0.809115,22.807150,ok
EES0423497__X21__Y33__P019.jpg,0.909910,21.436267,ok
EES0423497__X21__Y36__P020.jpg,0.827035,23.413057,ok
EES0423497__X21__Y3C__P021.jpg,0.849630,25.268322,ok
EES0423497__X21__Y3F__P022.jpg,0.865505,21.310925,ok
EES0423497__X24__Y1B__P023.jpg,0.662005,17.609572,ok
EES0423497__X24__Y2D__P024.jpg,0.846055,23.046847,ok
EES0423497__X24__Y33__P025.jpg,0.736620,21.071482,ok
EES0423498__X24__Y39__P001.jpg,0.795565,22.313448,ok
EES0423498__X24__Y3C__P002.jpg,0.832362,23.355332,ok
EES0423498__X24__Y3F__P003.jpg,0.858403,21.593107,ok
EES0423498__X27__Y2A__P004.jpg,0.849535,20.135480,ok
EES0423498__X27__Y39__P005.jpg,0.707604,17.363270,ok
EES0423498__X27__Y3F__P006.jpg,0.628844,16.076603,ok
EES0423498__X2A__Y36__P007.jpg,0.703192,18.614037,ok
EES0423498__X2A__Y39__P008.jpg,0.846241,22.841077,ok
EES0423498__X2A__Y3C__P009.jpg,0.771474,22.413092,ok
EES0423498__X2A__Y3F__P010.jpg,0.908649,23.024296,ok
EES0423498__X2D__Y21__P011.jpg,0.874211,22.421808,ok
EES0423498__X2D__Y3C__P012.jpg,0.751867,21.695248,ok
EES0423498__X30__Y0F__P013.jpg,0.814706,21.420618,ok
EES0423498__X30__Y1B__P014.jpg,0.786619,21.364929,ok
EES0423498__X30__Y21__P015.jpg,0.643910,17.958180,ok
EES0423498__X30__Y24__P016.jpg,0.746032,18.661548,ok
EES0423498__X30__Y27__P017.jpg,0.732464,23.258051,ok
EES0423498__X30__Y2A__P018.jpg,0.632322,17.460349,ok
EES0423498__X30__Y30__P019.jpg,0.855670,22.902849,ok
EES0423498__X30__Y33__P020.jpg,0.945626,21.984191,ok
EES0423498__X30__Y39__P021.jpg,0.557953,16.292021,ok
EES0423498__X33__Y12__P022.jpg,0.895984,23.127543,ok
EES0423498__X33__Y39__P023.jpg,0.808296,24.542097,ok
EES0423498__X33__Y3C__P024.jpg,0.892575,21.688148,ok
EES0423498__X33__Y3F__P025.jpg,0.920414,23.045294,ok
EES0423499__X36__Y0F__P001.jpg,0.712380,15.709160,ok
EES0423499__X36__Y12__P002.jpg,0.875929,22.956785,ok
EES0423499__X36__Y15__P003.jpg,0.887360,23.148676,ok
EES0423499__X36__Y18__P004.jpg,0.886747,23.023009,ok
EES0423499__X36__Y1B__P005.jpg,0.873120,23.483024,ok
EES0423499__X36__Y1E__P006.jpg,0.840280,23.832832,ok
EES0423499__X36__Y21__P007.jpg,0.655646,16.025677,ok
EES0423499__X36__Y36__P008.jpg,0.699077,19.290492,ok
EES0423499__X36__Y39__P009.jpg,0.564496,16.277824,ok
EES0423499__X36__Y3F__P010.jpg,0.911757,22.526616,ok
EES0423499__X39__Y27__P011.jpg,0.652055,17.073902,ok
EES0423499__X3C__Y12__P012.jpg,0.825687,24.229886,ok
EES0423499__X3C__Y30__P013.jpg,0.617788,16.015220,ok
EES0423499__X3C__Y36__P014.jpg,0.865530,23.713063,ok
EES0423499__X42__Y1E__P015.jpg,0.688408,17.345820,ok
EES0423499__X42__Y24__P016.jpg,0.931796,22.372231,ok
EES0423499__X0C__Y03__P017.jpg,0.980622,31.626992,ok
EES0423499__X0C__Y06__P018.jpg,0.963989,27.885340,ok
EES0423499__X0F__Y03__P019.jpg,0.812104,20.139006,ok
EES0423499__X0F__Y2D__P020.jpg,0.705762,20.603006,ok
EES0423499__X12__Y12__P021.jpg,0.752444,20.755986,ok
EES0423499__X12__Y15__P022.jpg,0.934707,21.362146,ok
EES0423499__X12__Y18__P023.jpg,0.925615,23.353497,ok
EES0423499__X12__Y1B__P024.jpg,0.969996,25.174135,ok
EES0423499__X12__Y2A__P025.jpg,0.900718,24.047349,ok
EES0423500__X12__Y2D__P001.jpg,0.854916,24.435335,ok
EES0423500__X15__Y15__P002.jpg,0.825796,21.647814,ok
EES0423500__X15__Y18__P003.jpg,0.765933,20.617784,ok
EES0423500__X15__Y1B__P004.jpg,0.806687,23.774522,ok
EES0423500__X15__Y1E__P005.jpg,0.966206,24.782960,ok
EES0423500__X15__Y21__P006.jpg,0.834550,21.675343,ok
EES0423500__X15__Y24__P007.jpg,0.951507,25.507787,ok
EES0423500__X15__Y27__P008.jpg,0.901308,21.744364,ok
EES0423500__X15__Y2A__P009.jpg,0.882959,20.238596,ok
EES0423500__X18__Y1B__P010.jpg,0.904162,23.800397,ok
EES0423500__X18__Y27__P011.jpg,0.704774,19.292306,ok
EES0423500__X1B__Y0C__P012.jpg,0.908303,22.092271,ok
EES0423500__X1B__Y0F__P013.jpg,0.909556,23.107171,ok
EES0423500__X1B__Y12__P014.jpg,0.880379,25.093254,ok
EES0423500__X1B__Y18__P015.jpg,0.942533,24.671120,ok
EES0423500__X1B__Y1B__P016.jpg,0.928546,23.129083,ok
EES0423500__X1B__Y1E__P017.jpg,0.846808,23.662265,ok
EES0423500__X1B__Y21__P018.jpg,0.848977,24.018697,ok
EES0423500__X1B__Y24__P019.jpg,0.956534,23.170844,ok
EES0423500__X1B__Y27__P020.jpg,0.974551,31.845275,ok
EES0423500__X1B__Y2A__P021.jpg,0.852594,24.536820,ok
EES0423500__X1B__Y2D__P022.jpg,0.760963,22.399300,ok
EES0423500__X1B__Y33__P023.jpg,0.898072,22.941947,ok
EES0423500__X1B__Y36__P024.jpg,0.758933,22.567502,ok
EES0423500__X1E__Y12__P025.jpg,0.896151,22.482268,ok
EES0423501__X1E__Y15__P001.jpg,0.807961,25.001288,ok
EES0423501__X1E__Y1B__P002.jpg,0.688921,18.063803,ok
EES0423501__X1E__Y1E__P003.jpg,0.722028,19.304464,ok
EES0423501__X1E__Y21__P004.jpg,0.851938,22.832330,ok
EES0423501__X1E__Y24__P005.jpg,0.919787,22.300795,ok
EES0423501__X1E__Y30__P006.jpg,0.888048,21.529909,ok
EES0423501__X1E__Y33__P007.jpg,0.556402,17.679311,ok
EES0423501__X21__Y12__P008.jpg,0.709272,18.256681,ok
EES0423501__X21__Y15__P009.jpg,0.960169,25.461699,ok
EES0423501__X21__Y18__P010.jpg,0.884953,23.184845,ok
EES0423501__X21__Y1B__P011.jpg,0.734843,21.355241,ok
EES0423501__X24__Y0F__P012.jpg,0.843803,24.015224,ok
EES0423501__X24__Y12__P013.jpg,0.818275,23.886297,ok
EES0423501__X24__Y15__P014.jpg,0.849935,22.942468,ok
EES0423501__X24__Y18__P015.jpg,0.915183,21.668901,ok
EES0423501__X24__Y27__P016.jpg,0.935425,22.187541,ok
EES0423501__X24__Y2A__P017.jpg,0.884470,21.205472,ok
EES0423501__X24__Y33__P018.jpg,0.825169,25.145232,ok
EES0423501__X27__Y15__P019.jpg,0.881696,21.500527,ok
EES0423501__X27__Y1B__P020.jpg,0.905304,23.141213,ok
EES0423501__X27__Y1E__P021.jpg,0.943698,25.189261,ok
EES0423501__X27__Y21__P022.jpg,0.759590,21.825833,ok
EES0423501__X27__Y36__P023.jpg,0.697218,16.540281,ok
EES0423501__X2A__Y18__P024.jpg,0.871368,23.570741,ok
EES0423501__X2A__Y1B__P025.jpg,0.980812,24.277883,ok
EES0423502__X2A__Y21__P001.jpg,0.832502,24.423088,ok
EES0423502__X2A__Y2D__P002.jpg,0.898207,20.519173,ok
EES0423502__X30__Y18__P003.jpg,0.915326,23.194504,ok
EES0423502__X30__Y1B__P004.jpg,0.882438,23.036221,ok
EES0423502__X30__Y1E__P005.jpg,0.854732,24.521933,ok
EES0423502__X30__Y21__P006.jpg,0.895976,21.634886,ok
EES0423502__X30__Y24__P007.jpg,0.839064,23.527645,ok
EES0423502__X30__Y27__P008.jpg,0.765915,23.278123,ok
EES0423502__X30__Y2D__P009.jpg,0.745082,23.406513,ok
EES0423502__X33__Y27__P010.jpg,0.697359,18.287544,ok
EES0423502__X36__Y21__P011.jpg,0.686788,21.788689,ok
EES0423502__X36__Y24__P012.jpg,0.895521,22.560328,ok
EES0423502__X36__Y27__P013.jpg,0.793047,23.633647,ok
EES0423502__X36__Y2A__P014.jpg,0.666488,16.271249,ok
EES0423502__X39__Y27__P015.jpg,0.895380,23.243266,ok
EES0423502__X39__Y2A__P016.jpg,0.908065,22.721460,ok
EES0423502__X3F__Y2D__P017.jpg,0.978429,27.531825,ok
EES0423502__X42__Y27__P018.jpg,0.723307,21.659674,ok
EES0423502__X42__Y2A__P019.jpg,0.897077,19.752534,ok
EES0423502__X42__Y2D__P020.jpg,0.950127,25.180348,ok
EES0423502__X42__Y30__P021.jpg,0.975558,23.927100,ok
EES0423502__X0C__Y27__P022.jpg,0.860369,21.099635,ok
EES0423502__X0F__Y15__P023.jpg,0.961993,24.816656,ok
EES0423502__X15__Y21__P024.jpg,0.807249,20.582799,ok
EES0423502__X1B__Y1E__P025.jpg,0.853924,20.829779,ok
EES0423503__X39__Y1B__P001.jpg,0.805388,19.895560,ok
EES0423503__X3F__Y27__P002.jpg,0.874876,21.984083,ok
EES0423503__X42__Y1B__P003.jpg,0.743410,18.138169,ok
EES0423503__X42__Y27__P004.jpg,0.843348,21.182060,ok
EES0423503__X42__Y2A__P005.jpg,0.819371,20.987598,ok
EES0423503__X42__Y30__P006.jpg,0.805279,19.725698,ok
EES0423503__X09__Y06__P007.jpg,0.960162,21.292483,ok
EES0423503__X09__Y21__P008.jpg,0.973959,32.327768,ok
EES0423503__X09__Y27__P009.jpg,0.919740,23.077002,ok
EES0423503__X0C__Y1B__P010.jpg,0.930794,23.098844,ok
EES0423503__X0C__Y21__P011.jpg,0.733752,20.571735,ok
EES0423503__X0C__Y2D__P012.jpg,0.879694,21.797000,ok
EES0423503__X0C__Y30__P013.jpg,0.943582,23.747349,ok
EES0423503__X0C__Y33__P014.jpg,0.929118,23.564976,ok
EES0423503__X0F__Y1B__P015.jpg,0.756471,22.082065,ok
EES0423503__X0F__Y21__P016.jpg,0.900302,20.850488,ok
EES0423503__X0F__Y27__P017.jpg,0.742842,19.998538,ok
EES0423503__X0F__Y2A__P018.jpg,0.806627,20.514817,ok
EES0423503__X0F__Y2D__P019.jpg,0.691737,18.986412,ok
EES0423503__X0F__Y30__P020.jpg,0.768331,21.888223,ok
EES0423503__X0F__Y33__P021.jpg,0.750649,21.641298,ok
EES0423503__X0F__Y36__P022.jpg,0.660380,18.336472,ok
EES0423503__X12__Y12__P023.jpg,0.781355,23.114121,ok
EES0423503__X12__Y15__P024.jpg,0.916173,24.029633,ok
EES0423503__X12__Y18__P025.jpg,0.972327,26.201175,ok
EES0423504__X1E__Y42__P001.jpg,0.846539,23.990299,ok
EES0423504__X21__Y0C__P002.jpg,0.806625,22.698574,ok
EES0423504__X21__Y3F__P003.jpg,0.571884,17.188198,ok
EES0423504__X21__Y42__P004.jpg,0.820156,22.419976,ok
EES0423504__X24__Y06__P005.jpg,0.915137,22.235221,ok
EES0423504__X24__Y09__P006.jpg,0.760741,20.652412,ok
EES0423504__X24__Y0C__P007.jpg,0.697990,17.581863,ok
EES0423504__X24__Y0F__P008.jpg,0.745628,21.641906,ok
EES0423504__X27__Y09__P009.jpg,0.721000,18.840044,ok
EES0423504__X2A__Y06__P010.jpg,0.834959,23.584138,ok
EES0423504__X2A__Y0C__P011.jpg,0.842708,23.477349,ok
EES0423504__X2D__Y09__P012.jpg,0.637928,16.993485,ok
EES0423504__X33__Y42__P013.jpg,0.849581,22.950201,ok
EES0423504__X36__Y09__P014.jpg,0.967824,22.548209,ok
EES0423504__X3F__Y0F__P015.jpg,0.939907,22.509965,ok
EES0423504__X42__Y12__P016.jpg,0.836970,22.042625,ok
EES0423504__X48__Y2A__P017.jpg,0.881223,23.281922,ok
EES0423504__X12__Y18__P018.jpg,0.760319,21.388096,ok
EES0423504__X12__Y1B__P019.jpg,0.788692,23.097072,ok
EES0423504__X15__Y0F__P020.jpg,0.744130,19.138556,ok
EES0423504__X15__Y18__P021.jpg,0.755393,21.923471,ok
EES0423504__X15__Y1B__P022.jpg,0.634921,15.797970,ok
EES0423504__X15__Y1E__P023.jpg,0.750048,22.475664,ok
EES0423504__X15__Y27__P024.jpg,0.774877,20.572791,ok
EES0423504__X15__Y33__P025.jpg,0.855435,22.209491,ok
EES0423505__X15__Y15__P001.jpg,0.916990,21.084163,ok
EES0423505__X15__Y1B__P002.jpg,0.926554,22.079108,ok
EES0423505__X15__Y24__P003.jpg,0.777965,22.333251,ok
EES0423505__X15__Y27__P004.jpg,0.852044,23.842300,ok
EES0423505__X15__Y2A__P005.jpg,0.925155,22.688171,ok
EES0423505__X15__Y2D__P006.jpg,0.673759,18.510527,ok
EES0423505__X15__Y30__P007.jpg,0.622212,17.084672,ok
EES0423505__X15__Y33__P008.jpg,0.841038,23.337118,ok
EES0423505__X18__Y12__P009.jpg,0.922264,23.276151,ok
EES0423505__X18__Y1B__P010.jpg,0.925800,22.392801,ok
EES0423505__X18__Y21__P011.jpg,0.918131,22.424365,ok
EES0423505__X18__Y27__P012.jpg,0.779566,23.289413,ok
EES0423505__X18__Y2D__P013.jpg,0.720384,20.556708,ok
EES0423505__X18__Y30__P014.jpg,0.834553,23.009658,ok
EES0423505__X18__Y33__P015.jpg,0.957664,25.772213,ok
EES0423505__X18__Y36__P016.jpg,0.852945,22.695399,ok
EES0423505__X1B__Y09__P017.jpg,0.855302,21.170632,ok
EES0423505__X1B__Y12__P018.jpg,0.944427,26.850288,ok
EES0423505__X1B__Y1B__P019.jpg,0.831180,21.909737,ok
EES0423505__X1B__Y1E__P020.jpg,0.816523,21.206051,ok
EES0423505__X1B__Y21__P021.jpg,0.710573,18.013642,ok
EES0423505__X1B__Y24__P022.jpg,0.799239,23.120128,ok
EES0423505__X1B__Y27__P023.jpg,0.848681,23.354180,ok
EES0423505__X1B__Y2D__P024.jpg,0.866172,22.646536,ok
EES0423505__X1B__Y36__P025.jpg,0.745283,19.386342,ok
EES0423506__X1E__Y09__P001.jpg,0.810501,22.549125,ok
EES0423506__X1E__Y12__P002.jpg,0.766545,21.846374,ok
EES0423506__X1E__Y18__P003.jpg,0.882206,23.755551,ok
EES0423506__X1E__Y1B__P004.jpg,0.967590,22.523834,ok
EES0423506__X1E__Y21__P005.jpg,0.872844,22.973780,ok
EES0423506__X1E__Y27__P006.jpg,0.973101,23.502405,ok
EES0423506__X1E__Y30__P007.jpg,0.674038,16.549642,ok
EES0423506__X1E__Y36__P008.jpg,0.869685,23.312070,ok
EES0423506__X21__Y06__P009.jpg,0.796399,20.387544,ok
EES0423506__X21__Y09__P010.jpg,0.911135,22.692466,ok
EES0423506__X21__Y2D__P011.jpg,0.867122,23.297741,ok
EES0423506__X24__Y06__P012.jpg,0.826541,22.575532,ok
EES0423506__X24__Y09__P013.jpg,0.894065,21.352683,ok
EES0423506__X24__Y12__P014.jpg,0.846146,23.549371,ok
EES0423506__X24__Y1E__P015.jpg,0.832244,22.918690,ok
EES0423506__X24__Y27__P016.jpg,0.774682,22.553365,ok
EES0423506__X24__Y2A__P017.jpg,0.846265,21.468039,ok
EES0423506__X27__Y18__P018.jpg,0.719645,16.659637,ok
EES0423506__X27__Y1B__P019.jpg,0.860606,21.418606,ok
EES0423506__X27__Y1E__P020.jpg,0.887179,22.557973,ok
EES0423506__X2A__Y2A__P021.jpg,0.864277,22.319183,ok
EES0423506__X2A__Y33__P022.jpg,0.648700,20.876575,ok
EES0423506__X2D__Y0C__P023.jpg,0.963167,26.054051,ok
EES0423506__X30__Y18__P024.jpg,0.918964,22.810922,ok
EES0423506__X30__Y1B__P025.jpg,0.794881,20.710308,ok
EES0423507__X30__Y27__P001.jpg,0.765714,19.750514,ok
EES0423507__X30__Y30__P002.jpg,0.813882,18.618883,ok
EES0423507__X30__Y36__P003.jpg,0.908108,22.798483,ok
EES0423507__X30__Y39__P004.jpg,0.859236,22.367274,ok
EES0423507__X30__Y3C__P005.jpg,0.976398,24.211829,ok
EES0423507__X33__Y1E__P006.jpg,0.770518,19.873349,ok
EES0423507__X33__Y27__P007.jpg,0.855944,22.574238,ok
EES0423507__X33__Y30__P008.jpg,0.841389,21.750413,ok
EES0423507__X33__Y36__P009.jpg,0.874793,21.936176,ok
EES0423507__X36__Y09__P010.jpg,0.854510,23.197963,ok
EES0423507__X36__Y30__P011.jpg,0.927847,24.966084,ok
EES0423507__X36__Y33__P012.jpg,0.729590,19.079096,ok
EES0423507__X39__Y12__P013.jpg,0.752148,20.355741,ok
EES0423507__X3C__Y1E__P014.jpg,0.892871,22.883294,ok
EES0423507__X3C__Y27__P015.jpg,0.691070,16.347826,ok
EES0423507__X3C__Y2A__P016.jpg,0.834439,23.014777,ok
EES0423507__X0F__Y30__P017.jpg,0.842146,22.468604,ok
EES0423507__X12__Y15__P018.jpg,0.811543,23.680879,ok
EES0423507__X12__Y18__P019.jpg,0.842651,23.589798,ok
EES0423507__X12__Y1B__P020.jpg,0.863461,21.837607,ok
EES0423507__X12__Y21__P021.jpg,0.821980,22.081340,ok
EES0423507__X12__Y24__P022.jpg,0.826914,22.977975,ok
EES0423507__X12__Y27__P023.jpg,0.805315,21.536800,ok
EES0423507__X12__Y2D__P024.jpg,0.863724,22.411343,ok
EES0423507__X12__Y30__P025.jpg,0.812447,22.225336,ok
EES0423508__X12__Y33__P001.jpg,0.931469,23.258969,ok
EES0423508__X12__Y36__P002.jpg,0.851606,23.218631,ok
EES0423508__X15__Y1E__P003.jpg,0.839301,22.705447,ok
EES0423508__X15__Y2A__P004.jpg,0.804638,21.697848,ok
EES0423508__X15__Y2D__P005.jpg,0.720236,19.490162,ok
EES0423508__X15__Y30__P006.jpg,0.839148,22.018558,ok
EES0423508__X15__Y33__P007.jpg,0.869033,22.409187,ok
EES0423508__X18__Y39__P008.jpg,0.834186,22.660714,ok
EES0423508__X1B__Y1B__P009.jpg,0.788267,22.853112,ok
EES0423508__X1B__Y24__P010.jpg,0.681682,19.364580,ok
EES0423508__X1B__Y36__P011.jpg,0.922244,23.033961,ok
EES0423508__X1B__Y39__P012.jpg,0.766792,19.094021,ok
EES0423508__X1E__Y12__P013.jpg,0.951204,23.999592,ok
EES0423508__X1E__Y1E__P014.jpg,0.811752,24.055890,ok
EES0423508__X1E__Y21__P015.jpg,0.820039,21.878818,ok
EES0423508__X1E__Y24__P016.jpg,0.913009,21.606985,ok
EES0423508__X1E__Y2D__P017.jpg,0.756411,21.403652,ok
EES0423508__X1E__Y36__P018.jpg,0.758304,21.326128,ok
EES0423508__X1E__Y39__P019.jpg,0.690385,19.822019,ok
EES0423508__X21__Y15__P020.jpg,0.600361,17.662608,ok
EES0423508__X21__Y2A__P021.jpg,0.861976,21.806962,ok
EES0423508__X21__Y2D__P022.jpg,0.763790,22.041479,ok
EES0423508__X21__Y33__P023.jpg,0.634640,17.078973,ok
EES0423508__X21__Y39__P024.jpg,0.719020,19.586035,ok
EES0423508__X21__Y3C__P025.jpg,0.898192,22.625553,ok
EES0423509__X24__Y0C__P001.jpg,0.749608,17.464352,ok
EES0423509__X24__Y15__P002.jpg,0.750099,18.706889,ok
EES0423509__X24__Y1E__P003.jpg,0.695998,15.309720,ok
EES0423509__X24__Y24__P004.jpg,0.953129,24.362259,ok
EES0423509__X24__Y2A__P005.jpg,0.916131,20.506061,ok
EES0423509__X24__Y2D__P006.jpg,0.693936,15.351789,ok
EES0423509__X24__Y30__P007.jpg,0.812386,23.254794,ok
EES0423509__X24__Y36__P008.jpg,0.843464,22.291298,ok
EES0423509__X24__Y39__P009.jpg,0.952895,24.650912,ok
EES0423509__X24__Y3C__P010.jpg,0.871026,21.763443,ok
EES0423509__X27__Y27__P011.jpg,0.883465,21.233872,ok
EES0423509__X2A__Y2A__P012.jpg,0.924633,22.781921,ok
EES0423509__X2A__Y36__P013.jpg,0.771002,19.801955,ok
EES0423509__X2A__Y39__P014.jpg,0.933557,23.950947,ok
EES0423509__X2D__Y0C__P015.jpg,0.921761,22.117100,ok
EES0423509__X2D__Y0F__P016.jpg,0.751359,19.459761,ok
EES0423509__X2D__Y36__P017.jpg,0.627065,15.922102,ok
EES0423509__X30__Y12__P018.jpg,0.798911,22.514471,ok
EES0423509__X30__Y1B__P019.jpg,0.978003,27.233519,ok
EES0423509__X30__Y1E__P020.jpg,0.913579,21.152479,ok
EES0423509__X30__Y21__P021.jpg,0.937068,19.772770,ok
EES0423509__X30__Y27__P022.jpg,0.804455,22.203263,ok
EES0423509__X30__Y2A__P023.jpg,0.844857,23.394906,ok
EES0423509__X30__Y2D__P024.jpg,0.854307,22.418268,ok
EES0423509__X30__Y30__P025.jpg,0.672575,15.084413,ok
EES0423510__X30__Y36__P001.jpg,0.924046,23.261488,ok
EES0423510__X30__Y39__P002.jpg,0.975731,25.182140,ok
EES0423510__X30__Y3C__P003.jpg,0.677298,15.374504,ok
EES0423510__X33__Y30__P004.jpg,0.957004,24.089108,ok
EES0423510__X33__Y39__P005.jpg,0.849332,20.819398,ok
EES0423510__X36__Y09__P006.jpg,0.796325,21.164727,ok
EES0423510__X36__Y12__P007.jpg,0.802766,22.671490,ok
EES0423510__X36__Y18__P008.jpg,0.758581,19.155562,ok
EES0423510__X36__Y1B__P009.jpg,0.853441,22.267667,ok
EES0423510__X36__Y24__P010.jpg,0.662297,16.429630,ok
EES0423510__X36__Y2A__P011.jpg,0.762609,22.561601,ok
EES0423510__X36__Y36__P012.jpg,0.812078,23.667248,ok
EES0423510__X39__Y1E__P013.jpg,0.740252,19.844535,ok
EES0423510__X39__Y27__P014.jpg,0.765086,22.753489,ok
EES0423510__X12__Y0F__P015.jpg,0.806960,21.649888,ok
EES0423510__X12__Y18__P016.jpg,0.960457,22.989482,ok
EES0423510__X15__Y0C__P017.jpg,0.830134,20.809022,ok
EES0423510__X15__Y0F__P018.jpg,0.962897,25.489689,ok
EES0423510__X18__Y0C__P019.jpg,0.846347,22.125743,ok
EES0423510__X18__Y15__P020.jpg,0.939221,23.449586,ok
EES0423510__X18__Y18__P021.jpg,0.729010,18.172736,ok
EES0423510__X18__Y1E__P022.jpg,0.756219,17.989811,ok
EES0423510__X1B__Y06__P023.jpg,0.902768,20.421657,ok
EES0423510__X1B__Y09__P024.jpg,0.874600,20.995985,ok
EES0423510__X1B__Y0C__P025.jpg,0.743010,19.006822,ok
EES0423511__X1B__Y12__P001.jpg,0.871495,21.588266,ok
EES0423511__X1B__Y1B__P002.jpg,0.927809,22.694280,ok
EES0423511__X1B__Y21__P003.jpg,0.683599,16.622653,ok
EES0423511__X1E__Y09__P004.jpg,0.884786,21.792174,ok
EES0423511__X1E__Y0C__P005.jpg,0.696622,16.350840,ok
EES0423511__X1E__Y12__P006.jpg,0.924499,22.738029,ok
EES0423511__X1E__Y1B__P007.jpg,0.903214,21.909945,ok
EES0423511__X1E__Y24__P008.jpg,0.873762,22.687495,ok
EES0423511__X1E__Y30__P009.jpg,0.903367,22.031315,ok
EES0423511__X1E__Y39__P010.jpg,0.811544,20.569920,ok
EES0423511__X21__Y09__P011.jpg,0.759513,19.375406,ok
EES0423511__X24__Y06__P012.jpg,0.933201,21.611381,ok
EES0423511__X24__Y09__P013.jpg,0.861637,21.939047,ok
EES0423511__X24__Y0C__P014.jpg,0.743206,18.623484,ok
EES0423511__X24__Y0F__P015.jpg,0.835893,22.452975,ok
EES0423511__X24__Y12__P016.jpg,0.734966,16.140620,ok
EES0423511__X24__Y18__P017.jpg,0.789349,21.134325,ok
EES0423511__X24__Y1B__P018.jpg,0.807258,20.040528,ok
EES0423511__X24__Y21__P019.jpg,0.889596,22.515375,ok
EES0423511__X24__Y24__P020.jpg,0.872186,20.573685,ok
EES0423511__X27__Y09__P021.jpg,0.837020,22.717677,ok
EES0423511__X27__Y39__P022.jpg,0.748077,17.614089,ok
EES0423511__X2A__Y06__P023.jpg,0.593010,15.606860,ok
EES0423511__X2A__Y09__P024.jpg,0.687424,17.485277,ok
EES0423511__X2A__Y12__P025.jpg,0.727913,17.924420,ok
EES0423512__X15__Y0C__P001.jpg,0.737809,18.765759,ok
EES0423512__X15__Y39__P002.jpg,0.622050,16.497199,ok
EES0423512__X18__Y09__P003.jpg,0.881757,22.557290,ok
EES0423512__X18__Y3C__P004.jpg,0.708424,17.468661,ok
EES0423512__X1B__Y09__P005.jpg,0.614799,16.350360,ok
EES0423512__X1B__Y3F__P006.jpg,0.692450,16.838257,ok
EES0423512__X1E__Y06__P007.jpg,0.955739,23.133779,ok
EES0423512__X1E__Y42__P008.jpg,0.810986,21.801801,ok
EES0423512__X21__Y06__P009.jpg,0.786560,19.930290,ok
EES0423512__X21__Y42__P010.jpg,0.699500,16.762240,ok
EES0423512__X24__Y42__P011.jpg,0.651072,17.470052,ok
EES0423512__X2D__Y42__P012.jpg,0.563688,17.534628,ok
EES0423512__X30__Y06__P013.jpg,0.718282,17.390122,ok
EES0423512__X30__Y42__P014.jpg,0.567242,16.729937,ok
EES0423512__X33__Y06__P015.jpg,0.851236,23.656816,ok
EES0423512__X36__Y42__P016.jpg,0.933400,24.525202,ok
EES0423512__X39__Y09__P017.jpg,0.841512,21.464384,ok
EES0423512__X3C__Y09__P018.jpg,0.894466,21.942496,ok
EES0423512__X3C__Y3F__P019.jpg,0.973441,24.393485,ok
EES0423512__X3F__Y0C__P020.jpg,0.775124,19.249554,ok
EES0423512__X42__Y39__P021.jpg,0.656628,15.301944,ok
EES0423512__X45__Y0F__P022.jpg,0.745632,17.468430,ok
EES0423512__X45__Y12__P023.jpg,0.715600,17.521467,ok
EES0423512__X45__Y36__P024.jpg,0.670626,16.411382,ok
EES0423512__X45__Y39__P025.jpg,0.865278,23.167921,ok
EES0423513__X2A__Y09__P001.jpg,0.786188,19.520218,ok
EES0423513__X2A__Y0C__P002.jpg,0.710506,16.243801,ok
EES0423513__X2A__Y45__P003.jpg,0.825719,19.200736,ok
EES0423513__X2D__Y09__P004.jpg,0.649814,15.600392,ok
EES0423513__X2D__Y0C__P005.jpg,0.662402,15.626237,ok
EES0423513__X30__Y09__P006.jpg,0.709662,15.710315,ok
EES0423513__X30__Y0C__P007.jpg,0.670961,15.895063,ok
EES0423513__X33__Y0C__P008.jpg,0.618030,16.401489,ok
EES0423513__X33__Y42__P009.jpg,0.820692,21.279913,ok
EES0423513__X36__Y0C__P010.jpg,0.706456,16.372673,ok
EES0423513__X36__Y42__P011.jpg,0.916671,21.983886,ok
EES0423513__X39__Y0C__P012.jpg,0.916295,21.603445,ok
EES0423513__X39__Y3F__P013.jpg,0.684633,15.012294,ok
EES0423513__X3C__Y0F__P014.jpg,0.645950,15.561248,ok
EES0423513__X3F__Y12__P015.jpg,0.601250,15.341844,ok
EES0423513__X42__Y36__P016.jpg,0.498765,14.799648,ok
EES0423513__X45__Y18__P017.jpg,0.892328,22.117851,ok
EES0423513__X45__Y33__P018.jpg,0.928677,24.031243,ok
EES0423513__X48__Y1E__P019.jpg,0.876765,22.401101,ok
EES0423513__X48__Y21__P020.jpg,0.832082,22.991698,ok
EES0423513__X48__Y24__P021.jpg,0.654390,17.005756,ok
EES0423513__X48__Y27__P022.jpg,0.925633,22.328249,ok
EES0423513__X48__Y2A__P023.jpg,0.916652,20.926586,ok
EES0423513__X09__Y15__P024.jpg,0.935644,22.407058,ok
EES0423513__X09__Y18__P025.jpg,0.592742,18.987002,ok
EES0423514__X36__Y3F__P001.jpg,0.937609,23.814784,ok
EES0423514__X39__Y3C__P002.jpg,0.925925,23.113429,ok
EES0423514__X3C__Y06__P003.jpg,0.974931,27.058048,ok
EES0423514__X42__Y36__P004.jpg,0.929005,19.262010,ok
EES0423514__X45__Y33__P005.jpg,0.955812,26.777606,ok
EES0423514__X48__Y12__P006.jpg,0.979507,24.876779,ok
EES0423514__X48__Y15__P007.jpg,0.575382,18.510492,ok
EES0423514__X48__Y2D__P008.jpg,0.709802,21.413460,ok
EES0423514__X09__Y1E__P009.jpg,0.870160,20.738540,ok
EES0423514__X0C__Y24__P010.jpg,0.892003,21.189829,ok
EES0423514__X0C__Y2D__P011.jpg,0.952088,24.891124,ok
EES0423514__X12__Y0F__P012.jpg,0.935356,22.739526,ok
EES0423514__X12__Y1E__P013.jpg,0.931547,22.274248,ok
EES0423514__X15__Y0C__P014.jpg,0.884337,21.194963,ok
EES0423514__X18__Y0C__P015.jpg,0.883062,20.850500,ok
EES0423514__X1E__Y12__P016.jpg,0.818584,21.695027,ok
EES0423514__X1E__Y33__P017.jpg,0.837397,17.090044,ok
EES0423514__X1E__Y3C__P018.jpg,0.854205,20.550999,ok
EES0423514__X21__Y39__P019.jpg,0.967984,25.558889,ok
EES0423514__X24__Y09__P020.jpg,0.843851,20.574627,ok
EES0423514__X24__Y0F__P021.jpg,0.885354,21.587467,ok
EES0423514__X27__Y18__P022.jpg,0.880943,22.379134,ok
EES0423514__X2D__Y30__P023.jpg,0.910746,21.502122,ok
EES0423514__X30__Y1B__P024.jpg,0.941114,20.698570,ok
EES0423514__X30__Y21__P025.jpg,0.886372,19.639469,ok
EES0423515__X30__Y24__P001.jpg,0.837475,20.135870,ok
EES0423515__X30__Y33__P002.jpg,0.818521,18.274721,ok
EES0423515__X33__Y3C__P003.jpg,0.822123,21.848033,ok
EES0423515__X36__Y0F__P004.jpg,0.919970,19.200527,ok
EES0423515__X3C__Y18__P005.jpg,0.816594,21.232996,ok
EES0423515__X3F__Y15__P006.jpg,0.958596,22.229609,ok
EES0423515__X3F__Y24__P007.jpg,0.952168,22.880262,ok
EES0423515__X42__Y1B__P008.jpg,0.811358,21.456538,ok
EES0423515__X42__Y21__P009.jpg,0.941606,22.942567,ok
EES0423515__X42__Y27__P010.jpg,0.963005,24.441935,ok
EES0423515__X42__Y2D__P011.jpg,0.896822,21.324688,ok
EES0423515__X0F__Y1B__P012.jpg,0.951141,23.064539,ok
EES0423515__X0F__Y24__P013.jpg,0.887885,20.386475,ok
EES0423515__X0F__Y27__P014.jpg,0.965099,24.054899,ok
EES0423515__X0F__Y30__P015.jpg,0.940579,23.397123,ok
EES0423515__X12__Y2A__P016.jpg,0.968203,24.570775,ok
EES0423515__X18__Y2A__P017.jpg,0.929388,21.603050,ok
EES0423515__X18__Y2D__P018.jpg,0.951596,22.557230,ok
EES0423515__X1B__Y15__P019.jpg,0.957557,24.105578,ok
EES0423515__X1B__Y1B__P020.jpg,0.888580,20.587853,ok
EES0423515__X1B__Y1E__P021.jpg,0.934779,22.629812,ok
EES0423515__X1B__Y21__P022.jpg,0.963865,23.389802,ok
EES0423515__X1B__Y27__P023.jpg,0.895380,21.946935,ok
EES0423515__X1B__Y2D__P024.jpg,0.927900,21.170021,ok
EES0423515__X1B__Y33__P025.jpg,0.924395,20.916543,ok
EES0423516__X1B__Y36__P001.jpg,0.959193,23.631445,ok
EES0423516__X1B__Y39__P002.jpg,0.976735,26.369588,ok
EES0423516__X1E__Y2D__P003.jpg,0.874466,21.120940,ok
EES0423516__X1E__Y30__P004.jpg,0.929100,24.663119,ok
EES0423516__X21__Y12__P005.jpg,0.889354,20.322025,ok
EES0423516__X21__Y15__P006.jpg,0.959948,23.131878,ok
EES0423516__X21__Y2A__P007.jpg,0.926114,20.577151,ok
EES0423516__X21__Y2D__P008.jpg,0.925717,21.202131,ok
EES0423516__X21__Y39__P009.jpg,0.903955,21.696009,ok
EES0423516__X24__Y0F__P010.jpg,0.942940,21.957322,ok
EES0423516__X24__Y15__P011.jpg,0.951374,22.303386,ok
EES0423516__X24__Y24__P012.jpg,0.953683,23.759431,ok
EES0423516__X24__Y27__P013.jpg,0.921153,20.864708,ok
EES0423516__X24__Y33__P014.jpg,0.908406,20.944476,ok
EES0423516__X24__Y36__P015.jpg,0.944140,21.867595,ok
EES0423516__X24__Y3C__P016.jpg,0.970654,24.002039,ok
EES0423516__X2A__Y2A__P017.jpg,0.973893,25.251464,ok
EES0423516__X2A__Y33__P018.jpg,0.956440,23.300853,ok
EES0423516__X2A__Y36__P019.jpg,0.914112,21.888287,ok
EES0423516__X2A__Y3C__P020.jpg,0.933530,22.217355,ok
EES0423516__X2D__Y39__P021.jpg,0.853846,21.282196,ok
EES0423516__X30__Y12__P022.jpg,0.953983,22.368610,ok
EES0423516__X30__Y15__P023.jpg,0.971844,23.334000,ok
EES0423516__X30__Y18__P024.jpg,0.917757,21.870032,ok
EES0423516__X30__Y1B__P025.jpg,0.907031,21.175106,ok
EES0423517__X30__Y1E__P001.jpg,0.920845,20.469761,ok
EES0423517__X30__Y24__P002.jpg,0.965539,24.056618,ok
EES0423517__X30__Y27__P003.jpg,0.938609,20.618127,ok
EES0423517__X30__Y36__P004.jpg,0.976529,26.793533,ok
EES0423517__X30__Y39__P005.jpg,0.938882,22.724920,ok
EES0423517__X30__Y3C__P006.jpg,0.935505,23.060047,ok
EES0423517__X33__Y12__P007.jpg,0.917254,17.735585,ok
EES0423517__X33__Y1B__P008.jpg,0.871681,21.805212,ok
EES0423517__X33__Y27__P009.jpg,0.949718,23.138162,ok
EES0423517__X33__Y2A__P010.jpg,0.909455,20.903591,ok
EES0423517__X33__Y30__P011.jpg,0.948055,23.923941,ok
EES0423517__X36__Y12__P012.jpg,0.969485,27.007374,ok
EES0423517__X36__Y1E__P013.jpg,0.936180,21.947371,ok
EES0423517__X36__Y21__P014.jpg,0.978881,29.220101,ok
EES0423517__X36__Y24__P015.jpg,0.925836,21.208087,ok
EES0423517__X36__Y27__P016.jpg,0.900242,21.821187,ok
EES0423517__X36__Y2A__P017.jpg,0.870908,19.770356,ok
EES0423517__X36__Y36__P018.jpg,0.868882,21.629574,ok
EES0423517__X36__Y39__P019.jpg,0.905324,21.755397,ok
EES0423517__X36__Y3C__P020.jpg,0.929234,21.000242,ok
EES0423517__X39__Y1B__P021.jpg,0.812418,18.721283,ok
EES0423517__X3C__Y15__P022.jpg,0.957235,23.259157,ok
EES0423517__X3C__Y18__P023.jpg,0.909717,20.569415,ok
EES0423517__X3C__Y24__P024.jpg,0.887038,20.490272,ok
EES0423517__X3C__Y27__P025.jpg,0.894006,20.409321,ok
EES0423518__X3C__Y2A__P001.jpg,0.875829,21.074408,ok
EES0423518__X3C__Y2D__P002.jpg,0.927815,23.162501,ok
EES0423518__X3C__Y30__P003.jpg,0.942943,24.240144,ok
EES0423518__X3C__Y33__P004.jpg,0.945419,22.846763,ok
EES0423518__X3F__Y27__P005.jpg,0.931691,24.293530,ok
EES0423518__X3F__Y30__P006.jpg,0.956892,25.909751,ok
EES0423518__X09__Y1B__P007.jpg,0.969716,24.107318,ok
EES0423518__X0C__Y1E__P008.jpg,0.787632,19.027222,ok
EES0423518__X15__Y0F__P009.jpg,0.939534,23.928255,ok
EES0423518__X15__Y12__P010.jpg,0.877435,20.051471,ok
EES0423518__X15__Y15__P011.jpg,0.948478,22.525794,ok
EES0423518__X18__Y0F__P012.jpg,0.912644,20.872359,ok
EES0423518__X1B__Y09__P013.jpg,0.873593,20.393727,ok
EES0423518__X1B__Y0C__P014.jpg,0.852220,21.579484,ok
EES0423518__X1B__Y1B__P015.jpg,0.787817,18.199924,ok
EES0423518__X1E__Y06__P016.jpg,0.872303,20.691645,ok
EES0423518__X1E__Y09__P017.jpg,0.724669,17.303201,ok
EES0423518__X1E__Y0C__P018.jpg,0.882031,21.445273,ok
EES0423518__X1E__Y12__P019.jpg,0.842658,22.115061,ok
EES0423518__X1E__Y15__P020.jpg,0.807989,20.395148,ok
EES0423518__X1E__Y18__P021.jpg,0.880663,20.642823,ok
EES0423518__X1E__Y1B__P022.jpg,0.823905,19.438802,ok
EES0423518__X1E__Y1E__P023.jpg,0.828259,20.320791,ok
EES0423518__X1E__Y36__P024.jpg,0.930801,22.748471,ok
EES0423518__X1E__Y3C__P025.jpg,0.836456,18.429548,ok
EES0423519__X21__Y09__P001.jpg,0.927287,22.442287,ok
EES0423519__X21__Y0C__P002.jpg,0.938109,21.149049,ok
EES0423519__X21__Y15__P003.jpg,0.773155,16.323599,ok
EES0423519__X24__Y09__P004.jpg,0.953591,22.842899,ok
EES0423519__X24__Y0C__P005.jpg,0.903002,21.031138,ok
EES0423519__X24__Y18__P006.jpg,0.828574,21.131027,ok
EES0423519__X24__Y36__P007.jpg,0.896832,20.680549,ok
EES0423519__X27__Y06__P008.jpg,0.898007,19.313928,ok
EES0423519__X27__Y0C__P009.jpg,0.870162,21.447976,ok
EES0423519__X27__Y0F__P010.jpg,0.902643,20.596407,ok
EES0423519__X2A__Y0C__P011.jpg,0.879387,21.644366,ok
EES0423519__X2D__Y06__P012.jpg,0.921343,22.523611,ok
EES0423519__X2D__Y0F__P013.jpg,0.915491,22.171754,ok
EES0423519__X30__Y06__P014.jpg,0.829840,20.787452,ok
EES0423519__X30__Y0F__P015.jpg,0.909937,20.724912,ok
EES0423519__X30__Y15__P016.jpg,0.894666,21.232421,ok
EES0423519__X30__Y18__P017.jpg,0.692542,17.199349,ok
EES0423519__X33__Y33__P018.jpg,0.886519,20.776765,ok
EES0423519__X36__Y09__P019.jpg,0.926478,23.011422,ok
EES0423519__X36__Y0F__P020.jpg,0.853618,21.139534,ok
EES0423519__X36__Y18__P021.jpg,0.925864,21.879653,ok
EES0423519__X36__Y1B__P022.jpg,0.901222,20.676713,ok
EES0423519__X36__Y30__P023.jpg,0.784883,17.475980,ok
EES0423519__X36__Y33__P024.jpg,0.894714,21.453021,ok
EES0423519__X36__Y36__P025.jpg,0.828882,19.951825,ok
EES0423520__X27__Y0F__P001.jpg,0.979214,28.404718,ok
EES0423520__X27__Y1B__P002.jpg,0.929642,22.836459,ok
EES0423520__X27__Y21__P003.jpg,0.925633,19.233799,ok
EES0423520__X27__Y24__P004.jpg,0.952110,21.117757,ok
EES0423520__X27__Y2D__P005.jpg,0.913757,20.015421,ok
EES0423520__X2A__Y09__P006.jpg,0.935607,20.754720,ok
EES0423520__X2A__Y2A__P007.jpg,0.940724,18.771002,ok
EES0423520__X2D__Y06__P008.jpg,0.956750,22.695631,ok
EES0423520__X2D__Y2A__P009.jpg,0.805289,18.858361,ok
EES0423520__X2D__Y33__P010.jpg,0.976363,23.392060,ok
EES0423520__X2D__Y39__P011.jpg,0.941849,20.666749,ok
EES0423520__X30__Y0F__P012.jpg,0.979805,27.049881,ok
EES0423520__X30__Y12__P013.jpg,0.974168,25.873437,ok
EES0423520__X30__Y15__P014.jpg,0.975408,24.202223,ok
EES0423520__X30__Y1E__P015.jpg,0.913593,19.067638,ok
EES0423520__X30__Y21__P016.jpg,0.910847,19.802802,ok
EES0423520__X30__Y24__P017.jpg,0.967827,23.709125,ok
EES0423520__X30__Y2D__P018.jpg,0.947395,20.135440,ok
EES0423520__X30__Y30__P019.jpg,0.940509,20.138660,ok
EES0423520__X30__Y33__P020.jpg,0.975540,23.290332,ok
EES0423520__X30__Y3C__P021.jpg,0.949392,23.117612,ok
EES0423520__X33__Y27__P022.jpg,0.935295,19.048207,ok
EES0423520__X33__Y30__P023.jpg,0.917262,19.596278,ok
EES0423520__X36__Y09__P024.jpg,0.912268,21.094203,ok
EES0423520__X36__Y0F__P025.jpg,0.941731,21.526558,ok
EES0423521__X36__Y24__P001.jpg,0.875324,21.512154,ok
EES0423521__X36__Y2D__P002.jpg,0.963922,24.943333,ok
EES0423521__X36__Y36__P003.jpg,0.943849,20.484295,ok
EES0423521__X39__Y21__P004.jpg,0.972992,23.871942,ok
EES0423521__X39__Y2A__P005.jpg,0.959352,20.432358,ok
EES0423521__X3C__Y09__P006.jpg,0.851439,19.276472,ok
EES0423521__X3F__Y24__P007.jpg,0.966884,24.602051,ok
EES0423521__X42__Y15__P008.jpg,0.959119,23.977231,ok
EES0423521__X42__Y1B__P009.jpg,0.949049,20.593585,ok
EES0423521__X42__Y27__P010.jpg,0.966385,21.573445,ok
EES0423521__X42__Y2D__P011.jpg,0.952623,21.480055,ok
EES0423521__X45__Y0F__P012.jpg,0.962165,22.463646,ok
EES0423521__X45__Y30__P013.jpg,0.970722,22.732042,ok
EES0423521__X48__Y15__P014.jpg,0.973412,25.299435,ok
EES0423521__X48__Y1E__P015.jpg,0.859691,16.541146,ok
EES0423521__X0F__Y30__P016.jpg,0.825862,20.971723,ok
EES0423521__X0F__Y33__P017.jpg,0.827978,21.095139,ok
EES0423521__X15__Y2D__P018.jpg,0.934711,21.375309,ok
EES0423521__X1E__Y3C__P019.jpg,0.922991,21.828497,ok
EES0423521__X24__Y0F__P020.jpg,0.923857,21.034547,ok
EES0423521__X24__Y12__P021.jpg,0.787532,18.086703,ok
EES0423521__X24__Y15__P022.jpg,0.893455,20.832336,ok
EES0423521__X24__Y18__P023.jpg,0.921828,21.044662,ok
EES0423521__X24__Y1B__P024.jpg,0.921554,20.519496,ok
EES0423521__X24__Y2A__P025.jpg,0.822365,21.382132,ok
EES0423522__X24__Y2D__P001.jpg,0.835516,21.365661,ok
EES0423522__X24__Y30__P002.jpg,0.891595,20.517487,ok
EES0423522__X24__Y36__P003.jpg,0.822594,20.783322,ok
EES0423522__X24__Y39__P004.jpg,0.777127,18.185353,ok
EES0423522__X24__Y3C__P005.jpg,0.796401,19.835495,ok
EES0423522__X27__Y12__P006.jpg,0.922881,20.634230,ok
EES0423522__X2A__Y21__P007.jpg,0.914529,21.735544,ok
EES0423522__X2A__Y24__P008.jpg,0.826542,20.621383,ok
EES0423522__X2D__Y0C__P009.jpg,0.927273,21.908294,ok
EES0423522__X2D__Y0F__P010.jpg,0.932115,21.639998,ok
EES0423522__X2D__Y12__P011.jpg,0.881731,20.882777,ok
EES0423522__X2D__Y1E__P012.jpg,0.703056,16.128522,ok
EES0423522__X30__Y0C__P013.jpg,0.903399,21.000689,ok
EES0423522__X30__Y0F__P014.jpg,0.801931,19.707655,ok
EES0423522__X30__Y12__P015.jpg,0.938945,22.608648,ok
EES0423522__X30__Y1E__P016.jpg,0.825665,21.016804,ok
EES0423522__X33__Y1E__P017.jpg,0.863826,19.203731,ok
EES0423522__X36__Y0F__P018.jpg,0.910983,21.872482,ok
EES0423522__X36__Y12__P019.jpg,0.875074,20.194636,ok
EES0423522__X36__Y21__P020.jpg,0.903323,21.840199,ok
EES0423522__X36__Y2A__P021.jpg,0.849698,21.515762,ok
EES0423522__X36__Y33__P022.jpg,0.902564,21.014032,ok
EES0423522__X36__Y36__P023.jpg,0.944885,23.581175,ok
EES0423522__X36__Y3C__P024.jpg,0.910115,21.950054,ok
EES0423522__X39__Y2D__P025.jpg,0.787805,19.530717,ok
EES0423523__X3C__Y12__P001.jpg,0.830614,21.379971,ok
EES0423523__X3F__Y1B__P002.jpg,0.899503,20.017908,ok
EES0423523__X3F__Y2A__P003.jpg,0.634348,16.201882,ok
EES0423523__X45__Y1E__P004.jpg,0.916514,22.097069,ok
EES0423523__X0C__Y1B__P005.jpg,0.897990,20.520870,ok
EES0423523__X0C__Y1E__P006.jpg,0.816678,20.470008,ok
EES0423523__X0C__Y21__P007.jpg,0.831503,20.773453,ok
EES0423523__X0C__Y24__P008.jpg,0.899447,22.262264,ok
EES0423523__X0C__Y27__P009.jpg,0.911420,21.347570,ok
EES0423523__X0C__Y2A__P010.jpg,0.868781,20.607173,ok
EES0423523__X0C__Y2D__P011.jpg,0.953687,20.774236,ok
EES0423523__X0F__Y18__P012.jpg,0.799305,20.221239,ok
EES0423523__X0F__Y1E__P013.jpg,0.901951,19.957488,ok
EES0423523__X0F__Y24__P014.jpg,0.891286,20.434134,ok
EES0423523__X0F__Y27__P015.jpg,0.798452,20.565603,ok
EES0423523__X0F__Y2A__P016.jpg,0.913883,20.552506,ok
EES0423523__X0F__Y2D__P017.jpg,0.888871,20.458577,ok
EES0423523__X0F__Y30__P018.jpg,0.908124,21.198558,ok
EES0423523__X12__Y0C__P019.jpg,0.899586,22.201504,ok
EES0423523__X12__Y15__P020.jpg,0.603872,16.046466,ok
EES0423523__X12__Y18__P021.jpg,0.842681,21.088374,ok
EES0423523__X12__Y2D__P022.jpg,0.779856,20.303168,ok
EES0423523__X15__Y2D__P023.jpg,0.772483,19.982187,ok
EES0423523__X1B__Y33__P024.jpg,0.791720,19.267536,ok
EES0423523__X1B__Y36__P025.jpg,0.873269,20.414821,ok
EES0423524__X1B__Y39__P001.jpg,0.939395,21.571944,ok
EES0423524__X1E__Y33__P002.jpg,0.620900,16.749003,ok
EES0423524__X1E__Y3C__P003.jpg,0.843306,22.090732,ok
EES0423524__X21__Y36__P004.jpg,0.747417,16.863804,ok
EES0423524__X24__Y03__P005.jpg,0.865747,20.967549,ok
EES0423524__X24__Y33__P006.jpg,0.784000,19.393181,ok
EES0423524__X24__Y39__P007.jpg,0.668619,16.063997,ok
EES0423524__X24__Y3C__P008.jpg,0.610969,16.432734,ok
EES0423524__X27__Y03__P009.jpg,0.880120,22.751943,ok
EES0423524__X27__Y3C__P010.jpg,0.666016,18.804993,ok
EES0423524__X27__Y3F__P011.jpg,0.955679,24.951033,ok
EES0423524__X30__Y3C__P012.jpg,0.681738,17.642498,ok
EES0423524__X30__Y3F__P013.jpg,0.867062,21.998763,ok
EES0423524__X33__Y3C__P014.jpg,0.729433,18.348607,ok
EES0423524__X36__Y03__P015.jpg,0.908929,21.262763,ok
EES0423524__X48__Y1B__P016.jpg,0.952883,24.096026,ok
EES0423524__X48__Y1E__P017.jpg,0.947071,22.802000,ok
EES0423524__X48__Y24__P018.jpg,0.919001,21.256943,ok
EES0423524__X48__Y27__P019.jpg,0.925043,22.722352,ok
EES0423524__X09__Y18__P020.jpg,0.960429,24.672203,ok
EES0423524__X09__Y1E__P021.jpg,0.830308,21.549836,ok
EES0423524__X09__Y21__P022.jpg,0.899279,21.808709,ok
EES0423524__X09__Y24__P023.jpg,0.804780,18.767927,ok
EES0423524__X09__Y27__P024.jpg,0.762983,18.961647,ok
EES0423524__X09__Y2A__P025.jpg,0.843822,19.656507,ok
EES0423525__X09__Y30__P001.jpg,0.956013,21.655062,ok
EES0423525__X0C__Y15__P002.jpg,0.939017,21.576313,ok
EES0423525__X0C__Y18__P003.jpg,0.838072,22.195877,ok
EES0423525__X0C__Y21__P004.jpg,0.815684,20.426914,ok
EES0423525__X0C__Y2D__P005.jpg,0.702741,16.336157,ok
EES0423525__X0C__Y36__P006.jpg,0.898276,20.099987,ok
EES0423525__X0F__Y12__P007.jpg,0.946108,21.389145,ok
EES0423525__X0F__Y15__P008.jpg,0.757665,18.671684,ok
EES0423525__X12__Y0F__P009.jpg,0.849405,21.035388,ok
EES0423525__X15__Y0F__P010.jpg,0.924272,21.138031,ok
EES0423525__X15__Y12__P011.jpg,0.809576,20.192266,ok
EES0423525__X15__Y3F__P012.jpg,0.821238,22.476142,ok
EES0423525__X18__Y0C__P013.jpg,0.851885,21.298464,ok
EES0423525__X18__Y0F__P014.jpg,0.748236,18.491062,ok
EES0423525__X1B__Y09__P015.jpg,0.929308,22.229197,ok
EES0423525__X1B__Y42__P016.jpg,0.936153,21.605674,ok
EES0423525__X1E__Y0C__P017.jpg,0.627467,15.576103,ok
EES0423525__X1E__Y42__P018.jpg,0.613159,16.811751,ok
EES0423525__X21__Y42__P019.jpg,0.554951,16.329280,ok
EES0423525__X24__Y06__P020.jpg,0.747510,19.837570,ok
EES0423525__X2A__Y06__P021.jpg,0.824087,20.308564,ok
EES0423525__X2D__Y09__P022.jpg,0.694174,16.726892,ok
EES0423525__X30__Y06__P023.jpg,0.929414,22.847232,ok
EES0423525__X33__Y09__P024.jpg,0.657942,17.690379,ok
EES0423525__X33__Y42__P025.jpg,0.963142,22.731613,ok
EES0423526__X3C__Y3C__P001.jpg,0.967957,24.399892,ok
EES0423526__X45__Y18__P002.jpg,0.920762,23.054726,ok
EES0423526__X45__Y30__P003.jpg,0.942285,21.519920,ok
EES0423526__X15__Y06__P004.jpg,0.901700,20.709231,ok
EES0423526__X18__Y3C__P005.jpg,0.749654,18.972226,ok
EES0423526__X1E__Y3F__P006.jpg,0.680235,15.695631,ok
EES0423526__X21__Y03__P007.jpg,0.847997,20.492113,ok
EES0423526__X21__Y3F__P008.jpg,0.687308,15.976730,ok
EES0423526__X24__Y03__P009.jpg,0.698411,16.860853,ok
EES0423526__X27__Y03__P010.jpg,0.563087,14.349046,ok
EES0423526__X33__Y03__P011.jpg,0.862958,19.784078,ok
EES0423526__X36__Y3F__P012.jpg,0.689034,15.014972,ok
EES0423526__X3F__Y39__P013.jpg,0.789401,19.419607,ok
EES0423526__X42__Y36__P014.jpg,0.624451,14.808893,ok
EES0423526__X45__Y0F__P015.jpg,0.976671,27.547875,ok
EES0423526__X48__Y15__P016.jpg,0.903507,19.875869,ok
EES0423526__X48__Y18__P017.jpg,0.673842,15.959229,ok
EES0423526__X48__Y2D__P018.jpg,0.900446,21.149241,ok
EES0423526__X0F__Y24__P019.jpg,0.899080,21.428667,ok
EES0423526__X12__Y27__P020.jpg,0.947457,22.850088,ok
EES0423526__X12__Y2A__P021.jpg,0.892313,23.280502,ok
EES0423526__X15__Y09__P022.jpg,0.813631,21.249761,ok
EES0423526__X15__Y33__P023.jpg,0.854060,22.788497,ok
EES0423526__X18__Y0F__P024.jpg,0.850165,21.502897,ok
EES0423526__X18__Y12__P025.jpg,0.919264,21.504250,ok
EES0423527__X18__Y2D__P001.jpg,0.808951,21.061590,ok
EES0423527__X1E__Y06__P002.jpg,0.940771,21.923439,ok
EES0423527__X1E__Y0C__P003.jpg,0.901776,22.815280,ok
EES0423527__X21__Y0C__P004.jpg,0.856753,21.960031,ok
EES0423527__X21__Y24__P005.jpg,0.915733,20.982854,ok
EES0423527__X24__Y12__P006.jpg,0.886317,22.275151,ok
EES0423527__X24__Y2A__P007.jpg,0.879825,22.239028,ok
EES0423527__X24__Y36__P008.jpg,0.923698,20.025723,ok
EES0423527__X2A__Y18__P009.jpg,0.893474,21.281893,ok
EES0423527__X2A__Y1E__P010.jpg,0.908077,20.886891,ok
EES0423527__X2A__Y21__P011.jpg,0.897206,23.077392,ok
EES0423527__X2A__Y2A__P012.jpg,0.871744,21.211316,ok
EES0423527__X2A__Y30__P013.jpg,0.885982,22.117659,ok
EES0423527__X2A__Y3C__P014.jpg,0.879036,21.789452,ok
EES0423527__X2D__Y12__P015.jpg,0.909765,21.770568,ok
EES0423527__X2D__Y2A__P016.jpg,0.867913,21.248752,ok
EES0423527__X30__Y0F__P017.jpg,0.872667,22.171051,ok
EES0423527__X30__Y15__P018.jpg,0.805676,20.286337,ok
EES0423527__X30__Y1E__P019.jpg,0.858097,20.738201,ok
EES0423527__X30__Y21__P020.jpg,0.950369,23.210070,ok
EES0423527__X30__Y33__P021.jpg,0.917410,22.000617,ok
EES0423527__X30__Y39__P022.jpg,0.908628,21.604448,ok
EES0423527__X30__Y3C__P023.jpg,0.862747,21.605937,ok
EES0423527__X30__Y3F__P024.jpg,0.927605,22.548417,ok
EES0423527__X33__Y09__P025.jpg,0.865038,22.082358,ok
EES0423528__X33__Y0C__P001.jpg,0.945185,23.427897,ok
EES0423528__X33__Y18__P002.jpg,0.876258,21.966464,ok
EES0423528__X33__Y1E__P003.jpg,0.910017,21.201130,ok
EES0423528__X33__Y21__P004.jpg,0.774050,20.718531,ok
EES0423528__X33__Y2A__P005.jpg,0.852225,21.214608,ok
EES0423528__X33__Y33__P006.jpg,0.825365,20.782895,ok
EES0423528__X33__Y36__P007.jpg,0.870359,20.389487,ok
EES0423528__X36__Y18__P008.jpg,0.857877,21.113433,ok
EES0423528__X36__Y1B__P009.jpg,0.908094,21.059778,ok
EES0423528__X36__Y1E__P010.jpg,0.801963,20.055282,ok
EES0423528__X36__Y21__P011.jpg,0.748934,18.515693,ok
EES0423528__X36__Y24__P012.jpg,0.881806,21.522002,ok
EES0423528__X36__Y27__P013.jpg,0.746820,17.106301,ok
EES0423528__X36__Y2A__P014.jpg,0.694616,20.037657,ok
EES0423528__X39__Y09__P015.jpg,0.903895,22.227082,ok
EES0423528__X39__Y0F__P016.jpg,0.867823,21.473130,ok
EES0423528__X39__Y18__P017.jpg,0.917889,20.877146,ok
EES0423528__X39__Y1B__P018.jpg,0.867653,21.508035,ok
EES0423528__X39__Y1E__P019.jpg,0.916993,21.088782,ok
EES0423528__X39__Y2A__P020.jpg,0.817419,20.233780,ok
EES0423528__X3C__Y12__P021.jpg,0.767466,19.315435,ok
EES0423528__X3C__Y15__P022.jpg,0.884574,22.343311,ok
EES0423528__X3C__Y18__P023.jpg,0.813024,20.103061,ok
EES0423528__X3C__Y1B__P024.jpg,0.927831,20.974996,ok
EES0423528__X3C__Y1E__P025.jpg,0.909676,20.594393,ok
EES0423529__X3C__Y21__P001.jpg,0.886528,21.425323,ok
EES0423529__X3C__Y27__P002.jpg,0.787387,19.362978,ok
EES0423529__X3F__Y18__P003.jpg,0.908203,21.601711,ok
EES0423529__X3F__Y1B__P004.jpg,0.942987,21.375609,ok
EES0423529__X3F__Y1E__P005.jpg,0.758682,15.928402,ok
EES0423529__X42__Y1B__P006.jpg,0.901425,21.548374,ok
EES0423529__X42__Y1E__P007.jpg,0.869627,20.886486,ok
EES0423529__X0C__Y24__P008.jpg,0.906175,21.054726,ok
EES0423529__X0F__Y24__P009.jpg,0.893569,20.120675,ok
EES0423529__X12__Y21__P010.jpg,0.831762,21.009962,ok
EES0423529__X15__Y24__P011.jpg,0.855925,21.037456,ok
EES0423529__X18__Y24__P012.jpg,0.817270,21.205546,ok
EES0423529__X18__Y30__P013.jpg,0.847325,21.505549,ok
EES0423529__X1B__Y0F__P014.jpg,0.868282,20.444328,ok
EES0423529__X1B__Y12__P015.jpg,0.853180,21.320877,ok
EES0423529__X1B__Y24__P016.jpg,0.742683,18.597748,ok
EES0423529__X1E__Y12__P017.jpg,0.901667,21.508246,ok
EES0423529__X21__Y09__P018.jpg,0.825771,19.524170,ok
EES0423529__X21__Y21__P019.jpg,0.708492,16.728340,ok
EES0423529__X21__Y24__P020.jpg,0.874511,20.619201,ok
EES0423529__X21__Y33__P021.jpg,0.726839,15.816756,ok
EES0423529__X21__Y36__P022.jpg,0.802707,20.536174,ok
EES0423529__X24__Y0F__P023.jpg,0.874708,20.582032,ok
EES0423529__X24__Y18__P024.jpg,0.660810,15.486813,ok
EES0423529__X24__Y1E__P025.jpg,0.801653,19.979120,ok
EES0423530__X1B__Y3C__P001.jpg,0.842832,21.300599,ok
EES0423530__X1B__Y3F__P002.jpg,0.924746,22.081130,ok
EES0423530__X1E__Y09__P003.jpg,0.921622,22.005174,ok
EES0423530__X1E__Y3C__P004.jpg,0.819282,22.578701,ok
EES0423530__X1E__Y3F__P005.jpg,0.857257,20.756263,ok
EES0423530__X21__Y09__P006.jpg,0.809328,22.182801,ok
EES0423530__X24__Y33__P007.jpg,0.771815,23.026598,ok
EES0423530__X24__Y3F__P008.jpg,0.819756,22.515706,ok
EES0423530__X2A__Y09__P009.jpg,0.733106,20.319967,ok
EES0423530__X2A__Y3F__P010.jpg,0.753480,22.505715,ok
EES0423530__X2A__Y42__P011.jpg,0.839833,21.894427,ok
EES0423530__X2D__Y3F__P012.jpg,0.666012,17.580771,ok
EES0423530__X30__Y09__P013.jpg,0.954987,23.503788,ok
EES0423530__X30__Y42__P014.jpg,0.797121,23.353282,ok
EES0423530__X33__Y06__P015.jpg,0.935404,21.014456,ok
EES0423530__X36__Y3F__P016.jpg,0.881166,21.829879,ok
EES0423530__X3F__Y18__P017.jpg,0.661878,19.846940,ok
EES0423530__X42__Y15__P018.jpg,0.929986,22.405478,ok
EES0423530__X42__Y18__P019.jpg,0.671112,20.989493,ok
EES0423530__X45__Y1B__P020.jpg,0.763259,20.916052,ok
EES0423530__X48__Y27__P021.jpg,0.972985,29.741223,ok
EES0423530__X0C__Y18__P022.jpg,0.844484,22.215012,ok
EES0423530__X0C__Y1B__P023.jpg,0.938938,24.467072,ok
EES0423530__X0C__Y1E__P024.jpg,0.814763,22.017255,ok
EES0423530__X0C__Y21__P025.jpg,0.640525,17.079343,ok
EES0423531__X42__Y15__P001.jpg,0.496838,15.342665,ok
EES0423531__X42__Y39__P002.jpg,0.523351,15.074829,ok
EES0423531__X42__Y3C__P003.jpg,0.886277,21.927927,ok
EES0423531__X45__Y12__P004.jpg,0.876121,22.295701,ok
EES0423531__X45__Y15__P005.jpg,0.463550,15.239784,ok
EES0423531__X45__Y36__P006.jpg,0.779229,21.289568,ok
EES0423531__X45__Y39__P007.jpg,0.835640,24.263779,ok
EES0423531__X48__Y12__P008.jpg,0.930981,31.325850,ok
EES0423531__X48__Y15__P009.jpg,0.823173,23.948965,ok
EES0423531__X48__Y36__P010.jpg,0.934497,31.011032,ok
EES0423531__X0F__Y1E__P011.jpg,0.932377,21.397507,ok
EES0423531__X0F__Y21__P012.jpg,0.939879,23.267104,ok
EES0423531__X0F__Y24__P013.jpg,0.956234,23.367952,ok
EES0423531__X12__Y1B__P014.jpg,0.965439,21.676018,ok
EES0423531__X12__Y1E__P015.jpg,0.675531,16.596520,ok
EES0423531__X12__Y21__P016.jpg,0.823247,22.355193,ok
EES0423531__X12__Y24__P017.jpg,0.809618,20.750691,ok
EES0423531__X12__Y27__P018.jpg,0.871294,21.674720,ok
EES0423531__X12__Y2A__P019.jpg,0.895057,20.861997,ok
EES0423531__X15__Y12__P020.jpg,0.855485,21.135795,ok
EES0423531__X15__Y15__P021.jpg,0.861070,21.825030,ok
EES0423531__X15__Y18__P022.jpg,0.676888,16.153286,ok
EES0423531__X15__Y1E__P023.jpg,0.693830,18.279080,ok
EES0423531__X18__Y0F__P024.jpg,0.885887,20.620065,ok
EES0423531__X18__Y1B__P025.jpg,0.607241,15.679189,ok
EES0423532__X42__Y1B__P001.jpg,0.566916,17.005448,ok
EES0423532__X42__Y33__P002.jpg,0.618236,14.995195,ok
EES0423532__X45__Y15__P003.jpg,0.925993,21.786766,ok
EES0423532__X45__Y2D__P004.jpg,0.637787,16.036034,ok
EES0423532__X45__Y30__P005.jpg,0.860721,22.132863,ok
EES0423532__X48__Y1B__P006.jpg,0.977495,24.551003,ok
EES0423532__X48__Y1E__P007.jpg,0.924530,20.471406,ok
EES0423532__X48__Y21__P008.jpg,0.911670,20.984241,ok
EES0423532__X48__Y24__P009.jpg,0.884835,21.306513,ok
EES0423532__X48__Y27__P010.jpg,0.890902,21.594627,ok
EES0423532__X48__Y2A__P011.jpg,0.793399,17.990050,ok
EES0423532__X09__Y1E__P012.jpg,0.899605,22.576613,ok
EES0423532__X09__Y21__P013.jpg,0.912268,23.288290,ok
EES0423532__X09__Y24__P014.jpg,0.808204,20.634736,ok
EES0423532__X0C__Y30__P015.jpg,0.831750,20.922555,ok
EES0423532__X1E__Y06__P016.jpg,0.931945,25.404282,ok
EES0423532__X2D__Y3F__P017.jpg,0.868322,21.685181,ok
EES0423532__X30__Y06__P018.jpg,0.895217,23.872151,ok
EES0423532__X36__Y2D__P019.jpg,0.845547,21.516385,ok
EES0423532__X36__Y39__P020.jpg,0.856725,21.912125,ok
EES0423532__X39__Y21__P021.jpg,0.685171,17.446847,ok
EES0423532__X39__Y30__P022.jpg,0.809134,21.961428,ok
EES0423532__X39__Y39__P023.jpg,0.876577,19.944868,ok
EES0423532__X3C__Y1E__P024.jpg,0.741595,20.536437,ok
EES0423532__X3C__Y21__P025.jpg,0.697007,15.539577,ok
EES0423533__X33__Y30__P001.jpg,0.880156,19.718476,ok
EES0423533__X36__Y24__P002.jpg,0.883141,19.247648,ok
EES0423533__X36__Y27__P003.jpg,0.806156,18.770389,ok
EES0423533__X36__Y2A__P004.jpg,0.868415,19.276255,ok
EES0423533__X39__Y27__P005.jpg,0.916980,19.361226,ok
EES0423533__X06__Y18__P006.jpg,0.906061,18.623108,ok
EES0423533__X06__Y1B__P007.jpg,0.781805,18.743843,ok
EES0423533__X21__Y45__P008.jpg,0.849476,21.036279,ok
EES0423533__X2A__Y0C__P009.jpg,0.947738,20.458312,ok
EES0423533__X30__Y0F__P010.jpg,0.735571,18.030976,ok
EES0423533__X3C__Y1B__P011.jpg,0.685940,17.439603,ok
EES0423533__X3F__Y1B__P012.jpg,0.838369,19.269001,ok
EES0423533__X06__Y2D__P013.jpg,0.973245,23.269555,ok
EES0423533__X09__Y18__P014.jpg,0.971427,24.027951,ok
EES0423533__X0C__Y12__P015.jpg,0.968581,23.676279,ok
EES0423533__X0C__Y15__P016.jpg,0.789203,20.451636,ok
EES0423533__X0C__Y18__P017.jpg,0.687829,21.132177,ok
EES0423533__X15__Y42__P018.jpg,0.914833,19.261615,ok
EES0423533__X18__Y42__P019.jpg,0.979599,26.858402,ok
EES0423533__X1B__Y39__P020.jpg,0.633469,16.744216,ok
EES0423533__X21__Y45__P021.jpg,0.856350,20.402469,ok
EES0423533__X24__Y45__P022.jpg,0.970496,23.328436,ok
EES0423533__X48__Y48__P023.jpg,0.934480,20.313461,ok
EES0423533__X0F__Y1B__P024.jpg,0.863647,19.760250,ok
EES0423533__X15__Y1B__P025.jpg,0.656111,19.673009,ok
EES0423534__X15__Y1E__P001.jpg,0.932294,20.761092,ok
EES0423534__X18__Y0C__P002.jpg,0.818418,19.919093,ok
EES0423534__X18__Y0F__P003.jpg,0.909568,20.489899,ok
EES0423534__X18__Y1B__P004.jpg,0.806237,20.988404,ok
EES0423534__X18__Y21__P005.jpg,0.921200,20.119278,ok
EES0423534__X18__Y24__P006.jpg,0.839988,19.144484,ok
EES0423534__X18__Y36__P007.jpg,0.701295,20.404266,ok
EES0423534__X1B__Y0F__P008.jpg,0.752898,19.946436,ok
EES0423534__X1B__Y1E__P009.jpg,0.951533,21.580277,ok
EES0423534__X1B__Y27__P010.jpg,0.848528,19.694995,ok
EES0423534__X1E__Y0F__P011.jpg,0.874544,19.222003,ok
EES0423534__X1E__Y12__P012.jpg,0.866808,21.499053,ok
EES0423534__X1E__Y24__P013.jpg,0.941866,20.273039,ok
EES0423534__X21__Y0C__P014.jpg,0.690114,19.603287,ok
EES0423534__X21__Y0F__P015.jpg,0.752220,20.466677,ok
EES0423534__X24__Y09__P016.jpg,0.703747,21.003559,ok
EES0423534__X2A__Y09__P017.jpg,0.794467,20.213478,ok
EES0423534__X2D__Y21__P018.jpg,0.860915,19.239149,ok
EES0423534__X06__Y2A__P019.jpg,0.702465,14.881094,ok
EES0423534__X09__Y33__P020.jpg,0.962134,21.898904,ok
EES0423534__X06__Y15__P021.jpg,0.969231,21.434419,ok
EES0423534__X06__Y1B__P022.jpg,0.968009,22.709893,ok
EES0423534__X06__Y2A__P023.jpg,0.890165,19.278533,ok
EES0423534__X15__Y06__P024.jpg,0.637651,17.093296,ok
EES0423534__X15__Y09__P025.jpg,0.902099,19.925006,ok
EES0423535__X0F__Y12__P001.jpg,0.613905,17.202696,ok
EES0423535__X12__Y0F__P002.jpg,0.766951,19.715704,ok
EES0423535__X12__Y12__P003.jpg,0.764504,20.042501,ok
EES0423535__X15__Y12__P004.jpg,0.921361,19.100594,ok
EES0423535__X15__Y15__P005.jpg,0.853587,19.279412,ok
EES0423535__X15__Y18__P006.jpg,0.862694,20.756847,ok
EES0423535__X15__Y1B__P007.jpg,0.910051,20.793210,ok
EES0423535__X18__Y18__P008.jpg,0.899807,19.992167,ok
EES0423535__X18__Y1B__P009.jpg,0.828310,19.701001,ok
EES0423535__X1E__Y3F__P010.jpg,0.961265,23.564101,ok
EES0423535__X30__Y42__P011.jpg,0.938510,23.101652,ok
EES0423535__X03__Y30__P012.jpg,0.710859,16.943621,ok
EES0423535__X03__Y33__P013.jpg,0.884724,20.650066,ok
EES0423535__X03__Y36__P014.jpg,0.790313,21.097644,ok
EES0423535__X06__Y2A__P015.jpg,0.895822,19.761312,ok
EES0423535__X06__Y30__P016.jpg,0.909660,21.425901,ok
EES0423535__X15__Y09__P017.jpg,0.971103,22.559958,ok
EES0423535__X15__Y0C__P018.jpg,0.730717,19.118310,ok
EES0423535__X18__Y09__P019.jpg,0.977238,24.206967,ok
EES0423535__X18__Y0C__P020.jpg,0.620444,18.488985,ok
EES0423535__X27__Y09__P021.jpg,0.963144,20.984820,ok
EES0423535__X2A__Y09__P022.jpg,0.947800,21.647404,ok
EES0423535__X2A__Y0C__P023.jpg,0.964162,20.867472,ok
EES0423535__X2D__Y1B__P024.jpg,0.818375,20.372381,ok
EES0423535__X2D__Y1E__P025.jpg,0.640965,17.806746,ok
EES0423536__X33__Y0F__P001.jpg,0.925864,21.049021,ok
EES0423536__X33__Y12__P002.jpg,0.599047,17.289489,ok
EES0423536__X33__Y15__P003.jpg,0.729802,20.597777,ok
EES0423536__X03__Y45__P004.jpg,0.972631,22.987067,ok
EES0423536__X06__Y30__P005.jpg,0.946581,23.279395,ok
EES0423536__X21__Y42__P006.jpg,0.799685,21.160289,ok
EES0423536__X24__Y06__P007.jpg,0.976724,26.629058,ok
EES0423536__X27__Y42__P008.jpg,0.924492,21.947263,ok
EES0423536__X2D__Y3F__P009.jpg,0.628921,16.670089,ok
EES0423536__X2D__Y42__P010.jpg,0.932198,18.717751,ok
EES0423536__X30__Y09__P011.jpg,0.969683,20.272275,ok
EES0423536__X36__Y0C__P012.jpg,0.943202,23.378521,ok
EES0423536__X3C__Y33__P013.jpg,0.777935,19.437556,ok
EES0423536__X3F__Y1B__P014.jpg,0.862399,20.621089,ok
EES0423536__X3F__Y1E__P015.jpg,0.902016,20.119086,ok
EES0423536__X3F__Y33__P016.jpg,0.962532,19.995292,ok
EES0423536__X24__Y3C__P017.jpg,0.841433,20.108642,ok
EES0423536__X06__Y21__P018.jpg,0.952366,21.246154,ok
EES0423536__X06__Y24__P019.jpg,0.969426,22.106821,ok
EES0423536__X06__Y27__P020.jpg,0.946911,22.751928,ok
EES0423536__X06__Y2A__P021.jpg,0.865973,19.883979,ok
EES0423536__X06__Y2D__P022.jpg,0.976026,23.125593,ok
EES0423536__X09__Y1B__P023.jpg,0.947865,21.780755,ok
EES0423536__X09__Y1E__P024.jpg,0.922968,21.376665,ok
EES0423536__X09__Y21__P025.jpg,0.883662,19.487042,ok
EES0423537__X09__Y2A__P001.jpg,0.904362,20.207236,ok
EES0423537__X0C__Y1B__P002.jpg,0.862295,19.794214,ok
EES0423537__X0F__Y15__P003.jpg,0.721233,21.104638,ok
EES0423537__X12__Y12__P004.jpg,0.737034,21.851940,ok
EES0423537__X1B__Y0C__P005.jpg,0.940107,21.519718,ok
EES0423537__X21__Y09__P006.jpg,0.630831,20.244851,ok
EES0423537__X24__Y09__P007.jpg,0.869524,19.848733,ok
EES0423537__X24__Y45__P008.jpg,0.902805,21.266103,ok
EES0423537__X27__Y09__P009.jpg,0.728107,20.436852,ok
EES0423537__X2A__Y45__P010.jpg,0.882593,20.011261,ok
EES0423537__X2D__Y45__P011.jpg,0.977365,26.452109,ok
EES0423537__X33__Y0C__P012.jpg,0.967686,24.248765,ok
EES0423537__X33__Y42__P013.jpg,0.947837,24.969602,ok
EES0423537__X3F__Y33__P014.jpg,0.785746,22.257451,ok
EES0423537__X42__Y21__P015.jpg,0.972676,26.217656,ok
EES0423537__X42__Y24__P016.jpg,0.975015,22.609786,ok
EES0423537__X42__Y27__P017.jpg,0.922810,22.375775,ok
EES0423537__X42__Y2A__P018.jpg,0.949883,23.274873,ok
EES0423537__X42__Y33__P019.jpg,0.962196,21.240499,ok
EES0423537__X2A__Y48__P020.jpg,0.896799,20.957818,ok
EES0423537__X33__Y30__P021.jpg,0.620816,17.387362,ok
EES0423537__X39__Y39__P022.jpg,0.697783,18.719843,ok
EES0423537__X48__Y09__P023.jpg,0.974543,23.381832,ok
EES0423537__X48__Y0C__P024.jpg,0.987755,32.186131,ok
EES0423537__X48__Y0F__P025.jpg,0.967632,22.994438,ok
EES0423538__X48__Y24__P001.jpg,0.989722,30.424359,ok
EES0423538__X48__Y27__P002.jpg,0.972215,24.775818,ok
EES0423538__X21__Y45__P003.jpg,0.864387,21.399775,ok
EES0423538__X24__Y09__P004.jpg,0.846593,21.583959,ok
EES0423538__X2D__Y0F__P005.jpg,0.933521,19.519091,ok
EES0423538__X2D__Y15__P006.jpg,0.678815,18.601328,ok
EES0423538__X2D__Y18__P007.jpg,0.830899,23.434712,ok
EES0423538__X30__Y12__P008.jpg,0.722179,21.194027,ok
EES0423538__X30__Y15__P009.jpg,0.885366,21.473546,ok
EES0423538__X30__Y18__P010.jpg,0.943275,22.515624,ok
EES0423538__X33__Y12__P011.jpg,0.851508,19.206957,ok
EES0423538__X33__Y15__P012.jpg,0.752223,21.949463,ok
EES0423538__X33__Y18__P013.jpg,0.785958,21.592057,ok
EES0423538__X36__Y12__P014.jpg,0.790243,22.232537,ok
EES0423538__X36__Y15__P015.jpg,0.903047,20.492205,ok
EES0423538__X36__Y18__P016.jpg,0.740742,22.196939,ok
EES0423538__X36__Y1E__P017.jpg,0.809595,20.821157,ok
EES0423538__X36__Y21__P018.jpg,0.674736,18.975932,ok
EES0423538__X39__Y15__P019.jpg,0.619587,17.637703,ok
EES0423538__X39__Y1E__P020.jpg,0.824604,21.331083,ok
EES0423538__X39__Y21__P021.jpg,0.524678,16.989387,ok
EES0423538__X3C__Y30__P022.jpg,0.813321,22.750864,ok
EES0423538__X3F__Y06__P023.jpg,0.979050,24.850265,ok
EES0423538__X3F__Y30__P024.jpg,0.878888,22.602536,ok
EES0423538__X45__Y0F__P025.jpg,0.911964,20.681677,ok
EES0423539__X24__Y21__P001.jpg,0.922574,20.537061,ok
EES0423539__X24__Y27__P002.jpg,0.919190,20.015195,ok
EES0423539__X27__Y21__P003.jpg,0.926776,19.361367,ok
EES0423539__X27__Y39__P004.jpg,0.956312,18.707474,ok
EES0423539__X27__Y3C__P005.jpg,0.795772,20.713852,ok
EES0423539__X2A__Y1E__P006.jpg,0.899545,18.480948,ok
EES0423539__X2A__Y21__P007.jpg,0.900117,19.973338,ok
EES0423539__X2A__Y39__P008.jpg,0.914641,19.686119,ok
EES0423539__X33__Y36__P009.jpg,0.913679,20.416936,ok
EES0423539__X36__Y1E__P010.jpg,0.924002,19.370158,ok
EES0423539__X39__Y1E__P011.jpg,0.956145,22.547872,ok
EES0423539__X09__Y21__P012.jpg,0.896482,18.735187,ok
EES0423539__X09__Y27__P013.jpg,0.760962,18.004360,ok
EES0423539__X0C__Y18__P014.jpg,0.944604,20.631149,ok
EES0423539__X0C__Y1E__P015.jpg,0.885438,20.851771,ok
EES0423539__X0C__Y21__P016.jpg,0.816855,19.687054,ok
EES0423539__X0C__Y2A__P017.jpg,0.915749,20.679654,ok
EES0423539__X0C__Y33__P018.jpg,0.947403,21.916328,ok
EES0423539__X0F__Y1B__P019.jpg,0.956914,21.062702,ok
EES0423539__X0F__Y1E__P020.jpg,0.724898,16.837644,ok
EES0423539__X0F__Y21__P021.jpg,0.923317,20.911478,ok
EES0423539__X0F__Y24__P022.jpg,0.801540,19.283061,ok
EES0423539__X0F__Y27__P023.jpg,0.643461,15.997856,ok
EES0423539__X0F__Y2A__P024.jpg,0.795823,18.249392,ok
EES0423539__X0F__Y33__P025.jpg,0.759667,20.434677,ok
EES0423540__X15__Y27__P001.jpg,0.845223,20.490452,ok
EES0423540__X1B__Y12__P002.jpg,0.930023,20.982050,ok
EES0423540__X21__Y0F__P003.jpg,0.873498,21.027744,ok
EES0423540__X21__Y12__P004.jpg,0.768411,18.912642,ok
EES0423540__X24__Y0F__P005.jpg,0.631079,17.693172,ok
EES0423540__X24__Y2D__P006.jpg,0.751484,20.315664,ok
EES0423540__X2D__Y24__P007.jpg,0.686009,17.858930,ok
EES0423540__X30__Y27__P008.jpg,0.810474,19.971668,ok
EES0423540__X48__Y2D__P009.jpg,0.647915,16.925174,ok
EES0423540__X48__Y30__P010.jpg,0.977418,25.241393,ok
EES0423540__X48__Y33__P011.jpg,0.543395,14.077578,ok
EES0423540__X48__Y36__P012.jpg,0.481896,12.035713,ok
EES0423540__X48__Y45__P013.jpg,0.978824,25.423964,ok
EES0423540__X0F__Y36__P014.jpg,0.839020,20.402336,ok
EES0423540__X12__Y36__P015.jpg,0.927453,19.037129,ok
EES0423540__X15__Y36__P016.jpg,0.725447,20.610453,ok
EES0423540__X2D__Y21__P017.jpg,0.902435,19.939956,ok
EES0423540__X2D__Y33__P018.jpg,0.924344,19.741788,ok
EES0423540__X30__Y1E__P019.jpg,0.933520,19.267801,ok
EES0423540__X33__Y24__P020.jpg,0.929745,21.395690,ok
EES0423540__X39__Y21__P021.jpg,0.827779,20.710343,ok
EES0423540__X39__Y2D__P022.jpg,0.974737,22.576609,ok
EES0423540__X0C__Y21__P023.jpg,0.820447,19.350852,ok
EES0423540__X33__Y36__P024.jpg,0.884738,20.044851,ok
EES0423540__X09__Y27__P025.jpg,0.893599,19.540376,ok
EES0423541__X2D__Y33__P001.jpg,0.883804,19.060723,ok
EES0423541__X2D__Y36__P002.jpg,0.783989,18.758302,ok
EES0423541__X2D__Y39__P003.jpg,0.878213,18.034521,ok
EES0423541__X2D__Y3C__P004.jpg,0.796742,18.981737,ok
EES0423541__X30__Y27__P005.jpg,0.948446,21.239157,ok
EES0423541__X33__Y33__P006.jpg,0.956912,20.169708,ok
EES0423541__X36__Y36__P007.jpg,0.928633,19.548687,ok
EES0423541__X39__Y06__P008.jpg,0.982669,29.811605,ok
EES0423541__X48__Y45__P009.jpg,0.437433,11.031663,ok
EES0423541__X2D__Y42__P010.jpg,0.966568,22.860941,ok
EES0423541__X33__Y3F__P011.jpg,0.969570,22.847674,ok
EES0423541__X45__Y27__P012.jpg,0.972559,23.132104,ok
EES0423541__X45__Y2A__P013.jpg,0.979373,22.762389,ok
EES0423541__X03__Y24__P014.jpg,0.906004,21.586267,ok
EES0423541__X06__Y2A__P015.jpg,0.817270,19.837246,ok
EES0423541__X0C__Y3F__P016.jpg,0.983707,27.449597,ok
EES0423541__X2D__Y2A__P017.jpg,0.690700,19.130930,ok
EES0423541__X03__Y15__P018.jpg,0.908904,21.362935,ok
EES0423541__X03__Y18__P019.jpg,0.836585,22.457631,ok
EES0423541__X03__Y1B__P020.jpg,0.948647,22.603916,ok
EES0423541__X03__Y1E__P021.jpg,0.902946,19.951770,ok
EES0423541__X03__Y21__P022.jpg,0.564354,16.814533,ok
EES0423541__X03__Y24__P023.jpg,0.849678,19.729893,ok
EES0423541__X03__Y27__P024.jpg,0.775318,21.323563,ok
EES0423541__X03__Y2A__P025.jpg,0.826706,22.104433,ok
EES0423542__X03__Y2D__P001.jpg,0.612651,16.805069,ok
EES0423542__X03__Y30__P002.jpg,0.915110,22.666341,ok
EES0423542__X03__Y33__P003.jpg,0.920663,21.216872,ok
EES0423542__X06__Y0F__P004.jpg,0.980021,25.650938,ok
EES0423542__X06__Y12__P005.jpg,0.964704,22.053294,ok
EES0423542__X06__Y15__P006.jpg,0.502487,15.060770,ok
EES0423542__X06__Y18__P007.jpg,0.957191,21.015184,ok
EES0423542__X06__Y1B__P008.jpg,0.773699,21.809819,ok
EES0423542__X06__Y2D__P009.jpg,0.942238,21.795754,ok
EES0423542__X06__Y30__P010.jpg,0.697857,20.508439,ok
EES0423542__X06__Y33__P011.jpg,0.568278,17.058999,ok
EES0423542__X06__Y36__P012.jpg,0.960931,22.081052,ok
EES0423542__X06__Y39__P013.jpg,0.930370,21.094563,ok
EES0423542__X09__Y33__P014.jpg,0.952527,20.022178,ok
EES0423542__X09__Y36__P015.jpg,0.735340,21.403825,ok
EES0423542__X09__Y39__P016.jpg,0.931249,21.771970,ok
EES0423542__X0C__Y3C__P017.jpg,0.796637,22.251625,ok
EES0423542__X0F__Y09__P018.jpg,0.883711,20.422933,ok
EES0423542__X1B__Y45__P019.jpg,0.959086,24.980537,ok
EES0423542__X1E__Y45__P020.jpg,0.847600,21.098558,ok
EES0423542__X21__Y45__P021.jpg,0.791859,22.258144,ok
EES0423542__X24__Y45__P022.jpg,0.952055,21.815311,ok
EES0423542__X36__Y0C__P023.jpg,0.749693,20.824563,ok
EES0423542__X3F__Y30__P024.jpg,0.699612,19.587090,ok
EES0423542__X3F__Y33__P025.jpg,0.922867,21.638914,ok
EES0423543__X03__Y2A__P001.jpg,0.985074,30.369972,ok
EES0423543__X03__Y2D__P002.jpg,0.949742,21.985306,ok
EES0423543__X03__Y30__P003.jpg,0.974484,25.346511,ok
EES0423543__X06__Y2A__P004.jpg,0.880903,20.716515,ok
EES0423543__X09__Y1E__P005.jpg,0.960489,22.156620,ok
EES0423543__X09__Y21__P006.jpg,0.963981,22.336322,ok
EES0423543__X09__Y24__P007.jpg,0.789103,21.525829,ok
EES0423543__X0C__Y1E__P008.jpg,0.806656,22.458305,ok
EES0423543__X0C__Y21__P009.jpg,0.760041,21.470371,ok
EES0423543__X0F__Y1E__P010.jpg,0.786725,21.365163,ok
EES0423543__X0F__Y45__P011.jpg,0.966412,22.499347,ok
EES0423543__X12__Y15__P012.jpg,0.932296,22.148373,ok
EES0423543__X12__Y18__P013.jpg,0.910185,21.043141,ok
EES0423543__X12__Y1B__P014.jpg,0.733012,19.887519,ok
EES0423543__X15__Y15__P015.jpg,0.931722,21.184971,ok
EES0423543__X18__Y12__P016.jpg,0.899604,20.251894,ok
EES0423543__X18__Y15__P017.jpg,0.846527,20.008699,ok
EES0423543__X18__Y18__P018.jpg,0.811694,22.578474,ok
EES0423543__X1B__Y0F__P019.jpg,0.954252,25.315015,ok
EES0423543__X1B__Y12__P020.jpg,0.940460,22.163755,ok
EES0423543__X1B__Y15__P021.jpg,0.917547,21.739949,ok
EES0423543__X1E__Y0F__P022.jpg,0.924683,22.804258,ok
EES0423543__X1E__Y12__P023.jpg,0.903653,21.200796,ok
EES0423543__X1E__Y15__P024.jpg,0.865774,19.107123,ok
EES0423543__X21__Y0C__P025.jpg,0.968095,22.050116,ok
EES0423544__X0C__Y3C__P001.jpg,0.824248,19.061285,ok
EES0423544__X0C__Y3F__P002.jpg,0.961990,22.263962,ok
EES0423544__X0F__Y42__P003.jpg,0.953112,22.067629,ok
EES0423544__X12__Y3F__P004.jpg,0.605429,16.528134,ok
EES0423544__X15__Y45__P005.jpg,0.934505,20.747781,ok
EES0423544__X18__Y3F__P006.jpg,0.553513,17.567516,ok
EES0423544__X1B__Y3F__P007.jpg,0.589660,18.142030,ok
EES0423544__X42__Y39__P008.jpg,0.865607,19.114203,ok
EES0423544__X03__Y0C__P009.jpg,0.804345,18.929634,ok
EES0423544__X03__Y0F__P010.jpg,0.957186,21.065686,ok
EES0423544__X18__Y0C__P011.jpg,0.952005,21.635203,ok
EES0423544__X18__Y0F__P012.jpg,0.917534,20.045751,ok
EES0423544__X18__Y42__P013.jpg,0.974990,23.289392,ok
EES0423544__X2A__Y42__P014.jpg,0.967578,20.698950,ok
EES0423544__X2D__Y36__P015.jpg,0.644647,17.448674,ok
EES0423544__X2D__Y39__P016.jpg,0.679609,18.264227,ok
EES0423544__X36__Y36__P017.jpg,0.615756,17.091185,ok
EES0423544__X3C__Y33__P018.jpg,0.961600,22.881107,ok
EES0423544__X09__Y1B__P019.jpg,0.950406,23.501106,ok
EES0423544__X09__Y24__P020.jpg,0.939541,19.090876,ok
EES0423544__X09__Y27__P021.jpg,0.885026,19.287250,ok
EES0423544__X09__Y2A__P022.jpg,0.878464,19.965167,ok
EES0423544__X09__Y2D__P023.jpg,0.823685,20.365131,ok
EES0423544__X09__Y36__P024.jpg,0.932924,22.021949,ok
EES0423544__X09__Y39__P025.jpg,0.974933,22.493975,ok
EES0423545__X0C__Y1B__P001.jpg,0.940828,21.193718,ok
EES0423545__X0C__Y1E__P002.jpg,0.917403,21.099807,ok
EES0423545__X0C__Y21__P003.jpg,0.886702,20.600469,ok
EES0423545__X0C__Y27__P004.jpg,0.879797,20.535355,ok
EES0423545__X0C__Y2A__P005.jpg,0.784698,21.320989,ok
EES0423545__X0C__Y30__P006.jpg,0.666842,17.892053,ok
EES0423545__X0C__Y3C__P007.jpg,0.978692,31.702764,ok
EES0423545__X0F__Y18__P008.jpg,0.936943,20.994225,ok
EES0423545__X0F__Y1B__P009.jpg,0.778254,21.271275,ok
EES0423545__X0F__Y21__P010.jpg,0.595394,17.304076,ok
EES0423545__X12__Y15__P011.jpg,0.928002,20.259836,ok
EES0423545__X12__Y18__P012.jpg,0.807340,19.780890,ok
EES0423545__X15__Y12__P013.jpg,0.903399,21.079660,ok
EES0423545__X15__Y15__P014.jpg,0.930314,20.884229,ok
EES0423545__X15__Y42__P015.jpg,0.969442,24.468502,ok
EES0423545__X15__Y45__P016.jpg,0.964715,23.210314,ok
EES0423545__X18__Y12__P017.jpg,0.918510,21.294204,ok
EES0423545__X18__Y45__P018.jpg,0.900203,20.622003,ok
EES0423545__X1B__Y0C__P019.jpg,0.974473,23.901585,ok
EES0423545__X1B__Y0F__P020.jpg,0.817363,21.425901,ok
EES0423545__X1B__Y45__P021.jpg,0.958557,22.260556,ok
EES0423545__X1E__Y0C__P022.jpg,0.965309,24.323445,ok
EES0423545__X1E__Y45__P023.jpg,0.830721,20.258011,ok
EES0423545__X21__Y0C__P024.jpg,0.967156,23.843020,ok
EES0423545__X21__Y45__P025.jpg,0.687764,17.335113,ok
EES0423546__X18__Y06__P001.jpg,0.973792,27.368285,ok
EES0423546__X18__Y09__P002.jpg,0.935740,20.860451,ok
EES0423546__X1B__Y45__P003.jpg,0.970198,22.256333,ok
EES0423546__X21__Y06__P004.jpg,0.666305,19.351364,ok
EES0423546__X24__Y06__P005.jpg,0.817171,21.637859,ok
EES0423546__X27__Y06__P006.jpg,0.680642,19.860133,ok
EES0423546__X2A__Y39__P007.jpg,0.888844,20.013673,ok
EES0423546__X2A__Y3C__P008.jpg,0.873991,20.235522,ok
EES0423546__X2D__Y06__P009.jpg,0.929738,21.494097,ok
EES0423546__X2D__Y39__P010.jpg,0.793241,21.984995,ok
EES0423546__X2D__Y3C__P011.jpg,0.881455,21.206127,ok
EES0423546__X2D__Y3F__P012.jpg,0.933288,22.124651,ok
EES0423546__X30__Y06__P013.jpg,0.955073,24.419564,ok
EES0423546__X33__Y09__P014.jpg,0.930152,21.168961,ok
EES0423546__X0F__Y1B__P015.jpg,0.859461,22.158416,ok
EES0423546__X15__Y21__P016.jpg,0.698603,17.260111,ok
EES0423546__X18__Y1E__P017.jpg,0.642026,16.845947,ok
EES0423546__X18__Y21__P018.jpg,0.700598,17.696050,ok
EES0423546__X18__Y24__P019.jpg,0.780206,16.977997,ok
EES0423546__X18__Y2A__P020.jpg,0.829608,21.484460,ok
EES0423546__X18__Y36__P021.jpg,0.831785,21.539259,ok
EES0423546__X18__Y39__P022.jpg,0.640283,17.310154,ok
EES0423546__X1B__Y1E__P023.jpg,0.813690,20.567296,ok
EES0423546__X1B__Y27__P024.jpg,0.648451,17.011382,ok
EES0423546__X1B__Y2A__P025.jpg,0.838167,20.821728,ok
EES0423547__X1B__Y2D__P001.jpg,0.790768,20.775031,ok
EES0423547__X09__Y21__P002.jpg,0.981786,26.990312,ok
EES0423547__X09__Y2D__P003.jpg,0.940711,21.659814,ok
EES0423547__X0C__Y24__P004.jpg,0.833938,21.923134,ok
EES0423547__X0C__Y27__P005.jpg,0.898063,20.704520,ok
EES0423547__X0C__Y2A__P006.jpg,0.899121,20.769108,ok
EES0423547__X0C__Y2D__P007.jpg,0.765009,18.660832,ok
EES0423547__X0C__Y30__P008.jpg,0.864339,19.744601,ok
EES0423547__X0C__Y33__P009.jpg,0.945317,22.197748,ok
EES0423547__X0C__Y36__P010.jpg,0.959012,22.206842,ok
EES0423547__X0C__Y39__P011.jpg,0.975965,21.969442,ok
EES0423547__X0F__Y24__P012.jpg,0.814751,21.562360,ok
EES0423547__X12__Y18__P013.jpg,0.924392,21.788975,ok
EES0423547__X12__Y1B__P014.jpg,0.889882,20.232192,ok
EES0423547__X15__Y15__P015.jpg,0.946935,22.557497,ok
EES0423547__X15__Y1E__P016.jpg,0.753882,21.147804,ok
EES0423547__X1E__Y0F__P017.jpg,0.901506,21.420180,ok
EES0423547__X1E__Y12__P018.jpg,0.589117,21.193991,ok
EES0423547__X1E__Y45__P019.jpg,0.978972,22.416972,ok
EES0423547__X21__Y45__P020.jpg,0.939867,22.900029,ok
EES0423547__X24__Y0C__P021.jpg,0.902912,20.198811,ok
EES0423547__X27__Y0C__P022.jpg,0.943594,20.341405,ok
EES0423547__X36__Y3F__P023.jpg,0.924360,20.234751,ok
EES0423547__X39__Y3C__P024.jpg,0.912579,21.576027,ok
EES0423547__X39__Y3F__P025.jpg,0.948073,21.547683,ok
EES0423548__X42__Y21__P001.jpg,0.940245,25.432003,ok
EES0423548__X42__Y27__P002.jpg,0.838836,22.037703,ok
EES0423548__X42__Y2D__P003.jpg,0.833970,22.909123,ok
EES0423548__X06__Y1B__P004.jpg,0.932987,24.965068,ok
EES0423548__X06__Y24__P005.jpg,0.784982,20.491718,ok
EES0423548__X06__Y27__P006.jpg,0.708278,18.026658,ok
EES0423548__X06__Y2A__P007.jpg,0.814272,22.417560,ok
EES0423548__X09__Y15__P008.jpg,0.945457,25.364261,ok
EES0423548__X09__Y36__P009.jpg,0.893828,23.084385,ok
EES0423548__X0C__Y36__P010.jpg,0.802213,21.262238,ok
EES0423548__X0C__Y39__P011.jpg,0.795576,19.791002,ok
EES0423548__X0F__Y0F__P012.jpg,0.920982,24.869105,ok
EES0423548__X0F__Y39__P013.jpg,0.742323,19.200339,ok
EES0423548__X12__Y39__P014.jpg,0.558518,17.819086,ok
EES0423548__X1B__Y09__P015.jpg,0.841478,20.544359,ok
EES0423548__X2D__Y09__P016.jpg,0.880386,19.122652,ok
EES0423548__X2D__Y45__P017.jpg,0.867503,23.094075,ok
EES0423548__X33__Y42__P018.jpg,0.815683,21.892106,ok
EES0423548__X39__Y0F__P019.jpg,0.938826,23.447540,ok
EES0423548__X3F__Y15__P020.jpg,0.946585,23.807800,ok
EES0423548__X3F__Y1E__P021.jpg,0.588617,17.390895,ok
EES0423548__X3F__Y39__P022.jpg,0.931294,24.564532,ok
EES0423548__X42__Y33__P023.jpg,0.707664,19.707117,ok
EES0423548__X45__Y21__P024.jpg,0.915646,22.356049,ok
EES0423548__X45__Y24__P025.jpg,0.798829,21.366911,ok
EES0423549__X33__Y1B__P001.jpg,0.703188,22.876855,ok
EES0423549__X33__Y1E__P002.jpg,0.575141,15.756217,ok
EES0423549__X33__Y2D__P003.jpg,0.881881,21.815435,ok
EES0423549__X36__Y15__P004.jpg,0.796207,23.150703,ok
EES0423549__X36__Y1B__P005.jpg,0.832274,22.122521,ok
EES0423549__X39__Y1B__P006.jpg,0.844936,21.023959,ok
EES0423549__X39__Y21__P007.jpg,0.952021,33.395675,ok
EES0423549__X3C__Y1B__P008.jpg,0.852481,20.254693,ok
EES0423549__X09__Y2A__P009.jpg,0.887654,21.111330,ok
EES0423549__X0C__Y21__P010.jpg,0.921002,23.945160,ok
EES0423549__X0F__Y24__P011.jpg,0.934522,24.083275,ok
EES0423549__X18__Y3C__P012.jpg,0.907718,21.915614,ok
EES0423549__X18__Y45__P013.jpg,0.892022,22.455830,ok
EES0423549__X1B__Y1B__P014.jpg,0.905168,22.264320,ok
EES0423549__X1B__Y39__P015.jpg,0.866295,21.297374,ok
EES0423549__X1E__Y1B__P016.jpg,0.896830,23.005582,ok
EES0423549__X33__Y30__P017.jpg,0.886773,21.232036,ok
EES0423549__X33__Y33__P018.jpg,0.919050,23.928947,ok
EES0423549__X33__Y39__P019.jpg,0.882158,22.696344,ok
EES0423549__X33__Y3C__P020.jpg,0.782871,21.243112,ok
EES0423549__X33__Y42__P021.jpg,0.937714,25.806893,ok
EES0423549__X33__Y45__P022.jpg,0.935398,28.871303,ok
EES0423549__X36__Y1B__P023.jpg,0.916051,22.648258,ok
EES0423549__X36__Y2A__P024.jpg,0.877008,20.730296,ok
EES0423549__X36__Y33__P025.jpg,0.876869,21.371095,ok
EES0423550__X45__Y24__P001.jpg,0.703188,21.108969,ok
EES0423550__X45__Y27__P002.jpg,0.946000,25.882838,ok
EES0423550__X45__Y2A__P003.jpg,0.874540,20.760005,ok
EES0423550__X45__Y2D__P004.jpg,0.931666,23.669625,ok
EES0423550__X45__Y33__P005.jpg,0.945826,26.294466,ok
EES0423550__X06__Y21__P006.jpg,0.852602,20.746181,ok
EES0423550__X0C__Y1B__P007.jpg,0.912066,23.796605,ok
EES0423550__X0F__Y18__P008.jpg,0.881668,21.287737,ok
EES0423550__X0F__Y36__P009.jpg,0.723729,22.822360,ok
EES0423550__X12__Y18__P010.jpg,0.884172,22.334355,ok
EES0423550__X18__Y0F__P011.jpg,0.889951,22.698623,ok
EES0423550__X18__Y1E__P012.jpg,0.765565,21.335615,ok
EES0423550__X18__Y33__P013.jpg,0.899440,24.031212,ok
EES0423550__X18__Y3F__P014.jpg,0.701221,19.296332,ok
EES0423550__X1B__Y21__P015.jpg,0.910920,22.259218,ok
EES0423550__X1E__Y09__P016.jpg,0.860915,21.220177,ok
EES0423550__X21__Y0C__P017.jpg,0.879512,22.753348,ok
EES0423550__X21__Y18__P018.jpg,0.906505,22.879972,ok
EES0423550__X21__Y21__P019.jpg,0.781493,23.270887,ok
EES0423550__X21__Y2A__P020.jpg,0.879777,20.902350,ok
EES0423550__X21__Y2D__P021.jpg,0.897360,22.273287,ok
EES0423550__X24__Y18__P022.jpg,0.846455,21.259445,ok
EES0423550__X24__Y1E__P023.jpg,0.903432,25.577370,ok
EES0423550__X24__Y3F__P024.jpg,0.891727,21.846196,ok
EES0423550__X24__Y42__P025.jpg,0.889365,22.580121,ok
EES0423551__X36__Y18__P001.jpg,0.902036,19.477785,ok
EES0423551__X36__Y33__P002.jpg,0.817582,23.151623,ok
EES0423551__X36__Y36__P003.jpg,0.860714,21.762626,ok
EES0423551__X39__Y12__P004.jpg,0.944854,26.366989,ok
EES0423551__X39__Y15__P005.jpg,0.795405,22.624736,ok
EES0423551__X39__Y1E__P006.jpg,0.836180,19.788332,ok
EES0423551__X39__Y27__P007.jpg,0.897815,22.090377,ok
EES0423551__X39__Y2A__P008.jpg,0.849468,23.055372,ok
EES0423551__X39__Y33__P009.jpg,0.897290,23.221452,ok
EES0423551__X3C__Y15__P010.jpg,0.809132,22.063765,ok
EES0423551__X3C__Y1B__P011.jpg,0.888744,21.610245,ok
EES0423551__X3C__Y2A__P012.jpg,0.882499,23.152764,ok
EES0423551__X3F__Y21__P013.jpg,0.867046,21.126022,ok
EES0423551__X3F__Y27__P014.jpg,0.888122,22.054716,ok
EES0423551__X0F__Y2D__P015.jpg,0.888337,20.921417,ok
EES0423551__X18__Y09__P016.jpg,0.921364,27.070102,ok
EES0423551__X18__Y0F__P017.jpg,0.912623,23.921599,ok
EES0423551__X18__Y27__P018.jpg,0.872603,21.764324,ok
EES0423551__X1B__Y21__P019.jpg,0.809669,22.888992,ok
EES0423551__X1E__Y09__P020.jpg,0.901848,20.590671,ok
EES0423551__X1E__Y0C__P021.jpg,0.813367,21.663972,ok
EES0423551__X1E__Y27__P022.jpg,0.848960,19.933427,ok
EES0423551__X1E__Y2A__P023.jpg,0.893336,23.443931,ok
EES0423551__X21__Y09__P024.jpg,0.871427,21.134721,ok
EES0423551__X21__Y0F__P025.jpg,0.894920,23.455640,ok
EES0423552__X36__Y1E__P001.jpg,0.933760,20.830331,ok
EES0423552__X3C__Y03__P002.jpg,0.756688,20.534583,ok
EES0423552__X42__Y09__P003.jpg,0.948090,20.718163,ok
EES0423552__X45__Y03__P004.jpg,0.967046,22.593059,ok
EES0423552__X45__Y06__P005.jpg,0.919382,19.563385,ok
EES0423552__X45__Y09__P006.jpg,0.616272,15.330628,ok
EES0423552__X06__Y2A__P007.jpg,0.979631,24.532329,ok
EES0423552__X0C__Y18__P008.jpg,0.929577,18.981340,ok
EES0423552__X0C__Y1B__P009.jpg,0.914453,18.126627,ok
EES0423552__X0C__Y1E__P010.jpg,0.861289,18.840054,ok
EES0423552__X0C__Y21__P011.jpg,0.913071,18.536916,ok
EES0423552__X0F__Y18__P012.jpg,0.828978,18.328533,ok
EES0423552__X0F__Y1B__P013.jpg,0.896355,19.036429,ok
EES0423552__X0F__Y21__P014.jpg,0.941122,20.982990,ok
EES0423552__X0F__Y36__P015.jpg,0.914785,20.828049,ok
EES0423552__X1B__Y0C__P016.jpg,0.923095,16.465833,ok
EES0423552__X42__Y24__P017.jpg,0.952641,21.357422,ok
EES0423552__X42__Y27__P018.jpg,0.951650,19.155874,ok
EES0423552__X2A__Y2D__P019.jpg,0.852206,17.417291,ok
EES0423552__X2A__Y30__P020.jpg,0.787680,20.922789,ok
EES0423552__X2D__Y42__P021.jpg,0.818546,20.641532,ok
EES0423552__X30__Y36__P022.jpg,0.517284,15.602018,ok
EES0423552__X33__Y30__P023.jpg,0.712788,19.423966,ok
EES0423552__X33__Y33__P024.jpg,0.552918,17.107616,ok
EES0423552__X33__Y36__P025.jpg,0.749541,19.602690,ok
EES0423553__X33__Y42__P001.jpg,0.976159,23.759870,ok
EES0423553__X36__Y2A__P002.jpg,0.652436,18.709099,ok
EES0423553__X36__Y2D__P003.jpg,0.496426,16.520074,ok
EES0423553__X36__Y30__P004.jpg,0.709875,19.554381,ok
EES0423553__X36__Y33__P005.jpg,0.611574,17.505096,ok
EES0423553__X36__Y36__P006.jpg,0.727812,19.261253,ok
EES0423553__X39__Y30__P007.jpg,0.537707,16.211929,ok
EES0423553__X39__Y33__P008.jpg,0.591998,17.135945,ok
EES0423553__X3C__Y30__P009.jpg,0.764244,20.476789,ok
EES0423553__X3C__Y33__P010.jpg,0.762923,22.022640,ok
EES0423553__X3C__Y36__P011.jpg,0.644615,16.670826,ok
EES0423553__X06__Y21__P012.jpg,0.898125,20.971218,ok
EES0423553__X06__Y2A__P013.jpg,0.915586,20.679950,ok
EES0423553__X09__Y18__P014.jpg,0.945765,23.524210,ok
EES0423553__X12__Y0C__P015.jpg,0.958107,22.702300,ok
EES0423553__X12__Y42__P016.jpg,0.983449,25.625808,ok
EES0423553__X15__Y09__P017.jpg,0.970792,24.344750,ok
EES0423553__X15__Y0C__P018.jpg,0.520118,16.740422,ok
EES0423553__X15__Y0F__P019.jpg,0.549680,15.863908,ok
EES0423553__X18__Y0C__P020.jpg,0.584288,16.332720,ok
EES0423553__X18__Y1B__P021.jpg,0.515452,15.861758,ok
EES0423553__X18__Y45__P022.jpg,0.965325,20.858781,ok
EES0423553__X1E__Y06__P023.jpg,0.433890,11.424993,ok
EES0423553__X1E__Y45__P024.jpg,0.939154,21.857579,ok
EES0423553__X21__Y06__P025.jpg,0.954044,19.969346,ok
EES0423554__X12__Y27__P001.jpg,0.711452,21.266905,ok
EES0423554__X15__Y27__P002.jpg,0.875109,20.931366,ok
EES0423554__X15__Y3F__P003.jpg,0.885180,21.473909,ok
EES0423554__X18__Y0C__P004.jpg,0.886430,20.828498,ok
EES0423554__X1B__Y09__P005.jpg,0.936335,25.079198,ok
EES0423554__X1B__Y1B__P006.jpg,0.699772,23.120885,ok
EES0423554__X1B__Y21__P007.jpg,0.919202,23.030421,ok
EES0423554__X1E__Y09__P008.jpg,0.945656,29.740638,ok
EES0423554__X27__Y12__P009.jpg,0.920430,21.975026,ok
EES0423554__X06__Y1E__P010.jpg,0.916795,22.462362,ok
EES0423554__X06__Y21__P011.jpg,0.850342,19.766124,ok
EES0423554__X06__Y30__P012.jpg,0.900082,21.757605,ok
EES0423554__X09__Y18__P013.jpg,0.945227,26.898280,ok
EES0423554__X0C__Y1B__P014.jpg,0.795661,20.921498,ok
EES0423554__X0F__Y15__P015.jpg,0.886637,20.461041,ok
EES0423554__X0F__Y18__P016.jpg,0.902915,19.670405,ok
EES0423554__X0F__Y1B__P017.jpg,0.783950,20.686912,ok
EES0423554__X0F__Y21__P018.jpg,0.819855,19.638100,ok
EES0423554__X12__Y15__P019.jpg,0.863304,19.637082,ok
EES0423554__X15__Y0F__P020.jpg,0.849624,20.917856,ok
EES0423554__X15__Y1B__P021.jpg,0.824277,20.366983,ok
EES0423554__X18__Y15__P022.jpg,0.769823,19.779704,ok
EES0423554__X18__Y1B__P023.jpg,0.860217,20.263490,ok
EES0423554__X18__Y45__P024.jpg,0.869961,20.340935,ok
EES0423554__X1B__Y0C__P025.jpg,0.868320,19.404219,ok
EES0423555__X1B__Y12__P001.jpg,0.818930,21.480797,ok
EES0423555__X1B__Y1B__P002.jpg,0.714201,19.982398,ok
EES0423555__X1B__Y45__P003.jpg,0.903819,23.357481,ok
EES0423555__X1E__Y1B__P004.jpg,0.795818,20.534679,ok
EES0423555__X1E__Y45__P005.jpg,0.935014,24.092290,ok
EES0423555__X21__Y45__P006.jpg,0.612148,16.343579,ok
EES0423555__X0F__Y1B__P007.jpg,0.902447,20.625283,ok
EES0423555__X1E__Y24__P008.jpg,0.885247,19.135200,ok
EES0423555__X2A__Y27__P009.jpg,0.765043,21.278724,ok
EES0423555__X0C__Y1B__P010.jpg,0.927420,23.662427,ok
EES0423555__X0C__Y27__P011.jpg,0.895218,22.453690,ok
EES0423555__X0C__Y2A__P012.jpg,0.912112,23.337550,ok
EES0423555__X0F__Y2A__P013.jpg,0.927347,23.476708,ok
EES0423555__X0F__Y30__P014.jpg,0.861355,20.248418,ok
EES0423555__X12__Y1B__P015.jpg,0.876824,19.962065,ok
EES0423555__X18__Y0F__P016.jpg,0.909034,21.099837,ok
EES0423555__X21__Y0C__P017.jpg,0.906020,20.857964,ok
EES0423555__X2A__Y09__P018.jpg,0.849493,20.245936,ok
EES0423555__X3C__Y12__P019.jpg,0.930457,29.013555,ok
EES0423555__X06__Y1B__P020.jpg,0.931248,28.280879,ok
EES0423555__X06__Y1E__P021.jpg,0.899925,21.014455,ok
EES0423555__X06__Y21__P022.jpg,0.861325,20.659642,ok
EES0423555__X09__Y18__P023.jpg,0.944377,24.293293,ok
EES0423555__X0F__Y12__P024.jpg,0.931159,21.781302,ok
EES0423555__X0F__Y3C__P025.jpg,0.862470,21.467298,ok
EES0423556__X24__Y42__P001.jpg,0.827483,20.482853,ok
EES0423556__X27__Y42__P002.jpg,0.900928,25.133422,ok
EES0423556__X2A__Y09__P003.jpg,0.851751,20.176826,ok
EES0423556__X2A__Y42__P004.jpg,0.844174,19.853953,ok
EES0423556__X2D__Y09__P005.jpg,0.907570,19.320766,ok
EES0423556__X2D__Y42__P006.jpg,0.896791,22.617588,ok
EES0423556__X30__Y0C__P007.jpg,0.931208,22.497164,ok
EES0423556__X3C__Y18__P008.jpg,0.898017,22.691205,ok
EES0423556__X3C__Y21__P009.jpg,0.811534,23.989545,ok
EES0423556__X3F__Y27__P010.jpg,0.859141,20.807159,ok
EES0423556__X0C__Y1B__P011.jpg,0.893716,22.078146,ok
EES0423556__X18__Y1B__P012.jpg,0.866516,20.190787,ok
EES0423556__X18__Y1E__P013.jpg,0.843537,20.567252,ok
EES0423556__X18__Y21__P014.jpg,0.928396,28.499695,ok
EES0423556__X18__Y2D__P015.jpg,0.854078,21.279839,ok
EES0423556__X1B__Y1B__P016.jpg,0.884025,20.642319,ok
EES0423556__X1B__Y1E__P017.jpg,0.879099,22.022877,ok
EES0423556__X1B__Y21__P018.jpg,0.906729,22.506181,ok
EES0423556__X1B__Y24__P019.jpg,0.875062,22.476080,ok
EES0423556__X1B__Y27__P020.jpg,0.854327,21.224705,ok
EES0423556__X1B__Y2D__P021.jpg,0.849392,20.877220,ok
EES0423556__X1E__Y24__P022.jpg,0.868997,21.616259,ok
EES0423556__X1E__Y27__P023.jpg,0.868271,21.928633,ok
EES0423556__X1E__Y2A__P024.jpg,0.855778,20.364229,ok
EES0423556__X1E__Y2D__P025.jpg,0.810547,21.649773,ok
EES0423557__X2A__Y30__P001.jpg,0.839033,20.987754,ok
EES0423557__X2A__Y33__P002.jpg,0.852828,20.954767,ok
EES0423557__X2A__Y39__P003.jpg,0.831491,20.494585,ok
EES0423557__X2D__Y1E__P004.jpg,0.888939,22.027742,ok
EES0423557__X2D__Y24__P005.jpg,0.886068,21.563667,ok
EES0423557__X2D__Y27__P006.jpg,0.851775,20.955703,ok
EES0423557__X30__Y15__P007.jpg,0.860610,20.284760,ok
EES0423557__X30__Y1B__P008.jpg,0.857774,20.884304,ok
EES0423557__X30__Y2A__P009.jpg,0.830770,20.663623,ok
EES0423557__X33__Y1B__P010.jpg,0.855490,20.628525,ok
EES0423557__X33__Y21__P011.jpg,0.848761,21.927877,ok
EES0423557__X36__Y1B__P012.jpg,0.899023,22.722200,ok
EES0423557__X36__Y27__P013.jpg,0.872026,20.670929,ok
EES0423557__X36__Y2A__P014.jpg,0.869283,21.454626,ok
EES0423557__X39__Y1E__P015.jpg,0.825982,20.385024,ok
EES0423557__X39__Y27__P016.jpg,0.894634,20.959561,ok
EES0423557__X0F__Y0F__P017.jpg,0.869437,21.761065,ok
EES0423557__X12__Y0C__P018.jpg,0.942691,29.298980,ok
EES0423557__X18__Y09__P019.jpg,0.624806,15.418113,ok
EES0423557__X1B__Y09__P020.jpg,0.933055,25.145346,ok
EES0423557__X2A__Y09__P021.jpg,0.955995,28.309351,ok
EES0423557__X36__Y0F__P022.jpg,0.901357,22.848769,ok
EES0423557__X39__Y0F__P023.jpg,0.923756,23.669631,ok
EES0423557__X06__Y30__P024.jpg,0.951615,29.979541,ok
EES0423557__X0C__Y24__P025.jpg,0.928726,20.617066,ok
EES0423558__X0F__Y24__P001.jpg,0.778305,18.339046,ok
EES0423558__X0F__Y42__P002.jpg,0.952089,29.884554,ok
EES0423558__X12__Y1B__P003.jpg,0.912505,21.233420,ok
EES0423558__X12__Y24__P004.jpg,0.886625,20.207801,ok
EES0423558__X18__Y12__P005.jpg,0.888118,21.006110,ok
EES0423558__X18__Y15__P006.jpg,0.780221,19.403706,ok
EES0423558__X1E__Y0F__P007.jpg,0.895546,20.161725,ok
EES0423558__X21__Y12__P008.jpg,0.752532,19.079706,ok
EES0423558__X21__Y15__P009.jpg,0.885574,20.244179,ok
EES0423558__X24__Y12__P010.jpg,0.781534,16.967126,ok
EES0423558__X2A__Y12__P011.jpg,0.870259,21.371926,ok
EES0423558__X2A__Y15__P012.jpg,0.880796,19.765625,ok
EES0423558__X42__Y2D__P013.jpg,0.872357,20.196679,ok
EES0423558__X0C__Y36__P014.jpg,0.892181,20.142182,ok
EES0423558__X0F__Y39__P015.jpg,0.851758,21.478539,ok
EES0423558__X1E__Y42__P016.jpg,0.885294,22.971425,ok
EES0423558__X27__Y42__P017.jpg,0.896704,21.710772,ok
EES0423558__X2A__Y24__P018.jpg,0.792176,19.967188,ok
EES0423558__X2D__Y21__P019.jpg,0.720048,17.448459,ok
EES0423558__X2D__Y24__P020.jpg,0.800545,20.073119,ok
EES0423558__X2D__Y42__P021.jpg,0.959985,37.830993,ok
EES0423558__X3C__Y33__P022.jpg,0.895399,20.661710,ok
EES0423558__X3F__Y30__P023.jpg,0.909364,21.890323,ok
EES0423558__X3F__Y33__P024.jpg,0.940458,22.710943,ok
EES0423558__X42__Y1B__P025.jpg,0.868507,20.910094,ok
EES0423559__X27__Y3F__P001.jpg,0.683853,16.930346,ok
EES0423559__X30__Y3F__P002.jpg,0.943041,19.109647,ok
EES0423559__X33__Y09__P003.jpg,0.957645,19.435280,ok
EES0423559__X42__Y1B__P004.jpg,0.947600,18.092292,ok
EES0423559__X39__Y1E__P005.jpg,0.816969,18.776432,ok
EES0423559__X39__Y21__P006.jpg,0.813540,18.564793,ok
EES0423559__X42__Y1B__P007.jpg,0.941401,19.565212,ok
EES0423559__X42__Y21__P008.jpg,0.883623,18.906078,ok
EES0423559__X09__Y21__P009.jpg,0.788269,20.619922,ok
EES0423559__X09__Y24__P010.jpg,0.964659,20.386529,ok
EES0423559__X09__Y27__P011.jpg,0.957709,21.381940,ok
EES0423559__X0C__Y2A__P012.jpg,0.725371,19.380044,ok
EES0423559__X0F__Y30__P013.jpg,0.680705,18.146992,ok
EES0423559__X12__Y30__P014.jpg,0.559449,17.173513,ok
EES0423559__X18__Y09__P015.jpg,0.937480,19.611513,ok
EES0423559__X18__Y3F__P016.jpg,0.957767,21.592654,ok
EES0423559__X1E__Y06__P017.jpg,0.805156,20.114651,ok
EES0423559__X1E__Y3F__P018.jpg,0.569429,16.276998,ok
EES0423559__X1E__Y42__P019.jpg,0.891049,19.203265,ok
EES0423559__X21__Y06__P020.jpg,0.791623,19.381187,ok
EES0423559__X21__Y42__P021.jpg,0.637619,16.727316,ok
EES0423559__X24__Y06__P022.jpg,0.630158,19.163336,ok
EES0423559__X24__Y42__P023.jpg,0.663021,17.926132,ok
EES0423559__X2D__Y06__P024.jpg,0.799228,20.396707,ok
EES0423559__X30__Y06__P025.jpg,0.922623,19.744941,ok
EES0423560__X33__Y06__P001.jpg,0.940179,19.146938,ok
EES0423560__X33__Y09__P002.jpg,0.564733,16.899626,ok
EES0423560__X33__Y42__P003.jpg,0.954262,18.956477,ok
EES0423560__X36__Y09__P004.jpg,0.958080,20.595786,ok
EES0423560__X36__Y42__P005.jpg,0.965347,21.216898,ok
EES0423560__X48__Y1B__P006.jpg,0.671775,16.427225,ok
EES0423560__X48__Y2A__P007.jpg,0.713030,16.900504,ok
EES0423560__X1B__Y06__P008.jpg,0.692435,17.870761,ok
EES0423560__X1E__Y42__P009.jpg,0.936461,20.405270,ok
EES0423560__X21__Y42__P010.jpg,0.818733,18.933594,ok
EES0423560__X24__Y42__P011.jpg,0.696471,17.207355,ok
EES0423560__X2A__Y42__P012.jpg,0.725114,17.460686,ok
EES0423560__X3C__Y39__P013.jpg,0.868727,21.006049,ok
EES0423560__X42__Y30__P014.jpg,0.914019,19.467924,ok
EES0423560__X09__Y24__P015.jpg,0.818068,20.418004,ok
EES0423560__X09__Y27__P016.jpg,0.864364,19.760068,ok
EES0423560__X09__Y2A__P017.jpg,0.943926,20.465579,ok
EES0423560__X12__Y15__P018.jpg,0.613451,16.737736,ok
EES0423560__X1B__Y0F__P019.jpg,0.743083,17.894612,ok
EES0423560__X1B__Y12__P020.jpg,0.603018,16.237117,ok
EES0423560__X1E__Y18__P021.jpg,0.628083,17.468246,ok
EES0423560__X21__Y15__P022.jpg,0.536777,15.769589,ok
EES0423560__X09__Y15__P023.jpg,0.482487,11.739645,ok
EES0423560__X09__Y18__P024.jpg,0.967196,20.859624,ok
EES0423560__X09__Y1E__P025.jpg,0.916602,20.606229,ok
EES0423561__X12__Y39__P001.jpg,0.718395,18.107142,ok
EES0423561__X15__Y3C__P002.jpg,0.831977,19.878398,ok
EES0423561__X2D__Y18__P003.jpg,0.797393,19.919182,ok
EES0423561__X06__Y27__P004.jpg,0.784947,17.706779,ok
EES0423561__X1B__Y27__P005.jpg,0.782594,18.926772,ok
EES0423561__X1E__Y2A__P006.jpg,0.769645,17.537906,ok
EES0423561__X21__Y2A__P007.jpg,0.649812,17.319414,ok
EES0423561__X06__Y36__P008.jpg,0.909184,19.832007,ok
EES0423561__X18__Y3C__P009.jpg,0.971220,23.791679,ok
EES0423561__X1E__Y3F__P010.jpg,0.966887,22.449425,ok
EES0423561__X21__Y3F__P011.jpg,0.664708,15.131155,ok
EES0423561__X24__Y3F__P012.jpg,0.825030,19.565039,ok
EES0423561__X3F__Y0C__P013.jpg,0.956389,20.764481,ok
EES0423561__X0C__Y27__P014.jpg,0.636694,17.066606,ok
EES0423561__X0C__Y2A__P015.jpg,0.728501,16.792524,ok
EES0423561__X0C__Y2D__P016.jpg,0.697318,18.153669,ok
EES0423561__X0C__Y30__P017.jpg,0.597230,16.310560,ok
EES0423561__X0C__Y33__P018.jpg,0.893974,19.532166,ok
EES0423561__X0F__Y1B__P019.jpg,0.725835,17.834266,ok
EES0423561__X0F__Y30__P020.jpg,0.814824,19.845462,ok
EES0423561__X0F__Y36__P021.jpg,0.611024,15.717181,ok
EES0423561__X12__Y18__P022.jpg,0.803063,19.658609,ok
EES0423561__X12__Y1B__P023.jpg,0.539464,16.129800,ok
EES0423561__X12__Y21__P024.jpg,0.652831,17.734389,ok
EES0423561__X12__Y3C__P025.jpg,0.963841,20.890082,ok
EES0423562__X1E__Y09__P001.jpg,0.808741,19.184388,ok
EES0423562__X21__Y09__P002.jpg,0.840699,19.643950,ok
EES0423562__X24__Y42__P003.jpg,0.577895,15.997225,ok
EES0423562__X2A__Y42__P004.jpg,0.714533,17.290728,ok
EES0423562__X30__Y09__P005.jpg,0.793879,18.230515,ok
EES0423562__X33__Y09__P006.jpg,0.951782,20.297628,ok
EES0423562__X33__Y42__P007.jpg,0.903094,19.868830,ok
EES0423562__X48__Y21__P008.jpg,0.965921,21.995725,ok
EES0423562__X48__Y24__P009.jpg,0.970175,21.617957,ok
EES0423562__X48__Y2D__P010.jpg,0.918318,19.183110,ok
EES0423562__X06__Y24__P011.jpg,0.867380,20.723924,ok
EES0423562__X06__Y27__P012.jpg,0.728993,15.134229,ok
EES0423562__X09__Y30__P013.jpg,0.922124,19.744611,ok
EES0423562__X0C__Y36__P014.jpg,0.878126,20.293268,ok
EES0423562__X18__Y3F__P015.jpg,0.816201,20.670078,ok
EES0423562__X1E__Y39__P016.jpg,0.745987,18.568837,ok
EES0423562__X21__Y42__P017.jpg,0.907867,20.184315,ok
EES0423562__X24__Y42__P018.jpg,0.756688,19.258836,ok
EES0423562__X12__Y27__P019.jpg,0.842681,21.098769,ok
EES0423562__X12__Y2A__P020.jpg,0.784342,19.727327,ok
EES0423562__X12__Y33__P021.jpg,0.738415,20.152759,ok
EES0423562__X15__Y1E__P022.jpg,0.898394,19.078034,ok
EES0423562__X15__Y21__P023.jpg,0.722016,20.234513,ok
EES0423562__X15__Y27__P024.jpg,0.857110,20.692925,ok
EES0423562__X18__Y1B__P025.jpg,0.846370,21.006254,ok
EES0423563__X18__Y1E__P001.jpg,0.665253,17.847637,ok
EES0423563__X18__Y21__P002.jpg,0.793437,19.928113,ok
EES0423563__X1B__Y15__P003.jpg,0.936402,20.401313,ok
EES0423563__X1B__Y18__P004.jpg,0.839673,20.557599,ok
EES0423563__X1E__Y12__P005.jpg,0.846768,21.458484,ok
EES0423563__X1E__Y15__P006.jpg,0.790247,19.617002,ok
EES0423563__X24__Y21__P007.jpg,0.546093,16.781787,ok
EES0423563__X24__Y2D__P008.jpg,0.840518,18.019158,ok
EES0423563__X24__Y42__P009.jpg,0.588497,17.675680,ok
EES0423563__X2A__Y0F__P010.jpg,0.908734,19.202891,ok
EES0423563__X30__Y0F__P011.jpg,0.866663,19.305355,ok
EES0423563__X36__Y0F__P012.jpg,0.959422,20.263829,ok
EES0423563__X39__Y0F__P013.jpg,0.719125,19.537229,ok
EES0423563__X39__Y12__P014.jpg,0.627249,16.815480,ok
EES0423563__X39__Y36__P015.jpg,0.670981,17.979304,ok
EES0423563__X39__Y39__P016.jpg,0.833335,19.243322,ok
EES0423563__X3C__Y36__P017.jpg,0.678086,17.710796,ok
EES0423563__X06__Y21__P018.jpg,0.919220,20.136754,ok
EES0423563__X06__Y24__P019.jpg,0.933482,21.388629,ok
EES0423563__X09__Y15__P020.jpg,0.870974,20.870635,ok
EES0423563__X09__Y18__P021.jpg,0.891800,19.709484,ok
EES0423563__X09__Y27__P022.jpg,0.741155,18.330695,ok
EES0423563__X09__Y2A__P023.jpg,0.892948,19.436686,ok
EES0423563__X09__Y2D__P024.jpg,0.833913,20.884695,ok
EES0423563__X09__Y30__P025.jpg,0.920396,20.418628,ok
EES0423564__X0C__Y15__P001.jpg,0.920074,19.512989,ok
EES0423564__X0C__Y30__P002.jpg,0.806907,19.816760,ok
EES0423564__X0C__Y33__P003.jpg,0.852486,20.084681,ok
EES0423564__X0F__Y0F__P004.jpg,0.823974,20.497805,ok
EES0423564__X0F__Y12__P005.jpg,0.656494,16.541562,ok
EES0423564__X0F__Y33__P006.jpg,0.720480,17.909816,ok
EES0423564__X0F__Y39__P007.jpg,0.964341,20.368107,ok
EES0423564__X12__Y0C__P008.jpg,0.914891,20.601731,ok
EES0423564__X12__Y0F__P009.jpg,0.739649,18.614582,ok
EES0423564__X15__Y09__P010.jpg,0.920764,21.166679,ok
EES0423564__X15__Y0C__P011.jpg,0.733071,18.204716,ok
EES0423564__X18__Y09__P012.jpg,0.911315,19.093385,ok
EES0423564__X18__Y0C__P013.jpg,0.805916,19.700118,ok
EES0423564__X18__Y3C__P014.jpg,0.633745,17.618541,ok
EES0423564__X18__Y3F__P015.jpg,0.849658,19.763440,ok
EES0423564__X1B__Y09__P016.jpg,0.745369,18.781532,ok
EES0423564__X1B__Y3F__P017.jpg,0.602430,16.506377,ok
EES0423564__X1B__Y42__P018.jpg,0.978423,25.318487,ok
EES0423564__X1E__Y09__P019.jpg,0.832008,20.243151,ok
EES0423564__X21__Y09__P020.jpg,0.763340,18.878459,ok
EES0423564__X24__Y09__P021.jpg,0.627254,17.012281,ok
EES0423564__X27__Y09__P022.jpg,0.619162,16.403793,ok
EES0423564__X2A__Y09__P023.jpg,0.582220,16.337997,ok
EES0423564__X2A__Y42__P024.jpg,0.573977,17.451193,ok
EES0423564__X2D__Y09__P025.jpg,0.761353,18.602077,ok
EES0423565__X30__Y09__P001.jpg,0.657054,16.661608,ok
EES0423565__X30__Y42__P002.jpg,0.938864,20.883494,ok
EES0423565__X33__Y09__P003.jpg,0.939212,19.816657,ok
EES0423565__X33__Y42__P004.jpg,0.492583,11.963496,ok
EES0423565__X42__Y1B__P005.jpg,0.780926,20.586209,ok
EES0423565__X0C__Y1E__P006.jpg,0.907195,19.371806,ok
EES0423565__X0C__Y21__P007.jpg,0.818189,18.463846,ok
EES0423565__X0C__Y24__P008.jpg,0.834937,19.302391,ok
EES0423565__X0C__Y30__P009.jpg,0.723525,16.769578,ok
EES0423565__X1B__Y09__P010.jpg,0.953750,19.753509,ok
EES0423565__X1B__Y3C__P011.jpg,0.705271,16.556338,ok
EES0423565__X1E__Y09__P012.jpg,0.823267,19.739950,ok
EES0423565__X1E__Y0C__P013.jpg,0.870479,19.989224,ok
EES0423565__X1E__Y39__P014.jpg,0.759339,17.740059,ok
EES0423565__X1E__Y3C__P015.jpg,0.687177,16.529787,ok
EES0423565__X1E__Y3F__P016.jpg,0.722728,16.856355,ok
EES0423565__X1E__Y42__P017.jpg,0.904634,19.574853,ok
EES0423565__X21__Y3C__P018.jpg,0.725889,17.276907,ok
EES0423565__X21__Y3F__P019.jpg,0.714153,16.982692,ok
EES0423565__X21__Y42__P020.jpg,0.788082,17.913064,ok
EES0423565__X27__Y3C__P021.jpg,0.752038,17.511278,ok
EES0423565__X2A__Y3C__P022.jpg,0.697617,17.491960,ok
EES0423565__X42__Y21__P023.jpg,0.840020,19.590248,ok
EES0423565__X42__Y27__P024.jpg,0.742069,17.250370,ok
EES0423565__X42__Y2A__P025.jpg,0.913241,20.245735,ok
EES0423566__X3F__Y1E__P001.jpg,0.593299,16.877026,ok
EES0423566__X3F__Y21__P002.jpg,0.554354,16.619208,ok
EES0423566__X3F__Y24__P003.jpg,0.600843,16.631568,ok
EES0423566__X0C__Y24__P004.jpg,0.668811,17.397287,ok
EES0423566__X12__Y36__P005.jpg,0.766422,19.956426,ok
EES0423566__X12__Y39__P006.jpg,0.878461,21.045082,ok
EES0423566__X15__Y39__P007.jpg,0.759764,18.652770,ok
EES0423566__X15__Y3C__P008.jpg,0.919469,20.222124,ok
EES0423566__X18__Y3C__P009.jpg,0.861058,21.495736,ok
EES0423566__X18__Y3F__P010.jpg,0.914568,20.442627,ok
EES0423566__X1B__Y09__P011.jpg,0.937724,21.002237,ok
EES0423566__X1B__Y3C__P012.jpg,0.625935,16.606221,ok
EES0423566__X1B__Y3F__P013.jpg,0.869653,21.125744,ok
EES0423566__X1E__Y09__P014.jpg,0.687775,17.602791,ok
EES0423566__X1E__Y39__P015.jpg,0.523500,15.779767,ok
EES0423566__X1E__Y3F__P016.jpg,0.661735,16.452341,ok
EES0423566__X21__Y42__P017.jpg,0.946187,22.009383,ok
EES0423566__X24__Y42__P018.jpg,0.954507,20.415001,ok
EES0423566__X27__Y42__P019.jpg,0.836529,20.634180,ok
EES0423566__X2A__Y42__P020.jpg,0.909227,19.877427,ok
EES0423566__X2D__Y3F__P021.jpg,0.539090,15.748369,ok
EES0423566__X2D__Y42__P022.jpg,0.900780,22.494721,ok
EES0423566__X30__Y09__P023.jpg,0.540697,16.440050,ok
EES0423566__X30__Y3F__P024.jpg,0.763715,19.444117,ok
EES0423566__X33__Y09__P025.jpg,0.772041,19.279253,ok
EES0423567__X33__Y3C__P001.jpg,0.685759,18.143326,ok
EES0423567__X33__Y3F__P002.jpg,0.948721,21.309446,ok
EES0423567__X36__Y3C__P003.jpg,0.730672,16.141366,ok
EES0423567__X39__Y0C__P004.jpg,0.884352,19.092985,ok
EES0423567__X39__Y39__P005.jpg,0.842252,20.387835,ok
EES0423567__X3C__Y36__P006.jpg,0.719727,16.853151,ok
EES0423567__X3C__Y39__P007.jpg,0.976675,21.388605,ok
EES0423567__X3F__Y30__P008.jpg,0.783951,21.614140,ok
EES0423567__X3F__Y33__P009.jpg,0.749835,19.428455,ok
EES0423567__X42__Y1B__P010.jpg,0.852795,21.444765,ok
EES0423567__X06__Y2A__P011.jpg,0.969931,24.332394,ok
EES0423567__X09__Y15__P012.jpg,0.946762,20.586600,ok
EES0423567__X09__Y18__P013.jpg,0.876790,19.698296,ok
EES0423567__X09__Y1B__P014.jpg,0.904632,19.920575,ok
EES0423567__X09__Y1E__P015.jpg,0.766279,18.331689,ok
EES0423567__X09__Y21__P016.jpg,0.731181,17.873901,ok
EES0423567__X09__Y24__P017.jpg,0.679900,16.134254,ok
EES0423567__X09__Y27__P018.jpg,0.893356,19.527347,ok
EES0423567__X0C__Y0F__P019.jpg,0.874270,20.581345,ok
EES0423567__X0C__Y1B__P020.jpg,0.603452,16.478793,ok
EES0423567__X0C__Y24__P021.jpg,0.593605,15.654896,ok
EES0423567__X0C__Y2A__P022.jpg,0.602045,17.438505,ok
EES0423567__X0C__Y2D__P023.jpg,0.771332,19.317025,ok
EES0423567__X0C__Y30__P024.jpg,0.672456,17.433260,ok
EES0423567__X0C__Y33__P025.jpg,0.930747,21.065267,ok
EES0423568__X0F__Y30__P001.jpg,0.718321,16.859302,ok
EES0423568__X18__Y06__P002.jpg,0.927627,18.828125,ok
EES0423568__X1B__Y06__P003.jpg,0.779341,19.258704,ok
EES0423568__X1E__Y03__P004.jpg,0.802832,19.532902,ok
EES0423568__X1E__Y3F__P005.jpg,0.909237,19.423314,ok
EES0423568__X21__Y03__P006.jpg,0.810652,19.491090,ok
EES0423568__X21__Y3F__P007.jpg,0.890577,18.691622,ok
EES0423568__X24__Y03__P008.jpg,0.817626,20.018375,ok
EES0423568__X24__Y3F__P009.jpg,0.932865,21.584054,ok
EES0423568__X27__Y03__P010.jpg,0.658307,17.526472,ok
EES0423568__X27__Y3F__P011.jpg,0.792921,19.129379,ok
EES0423568__X2A__Y03__P012.jpg,0.641195,16.114515,ok
EES0423568__X2D__Y03__P013.jpg,0.893363,20.486100,ok
EES0423568__X33__Y3C__P014.jpg,0.965089,22.015732,ok
EES0423568__X03__Y1E__P015.jpg,0.904355,19.428792,ok
EES0423568__X0C__Y1E__P016.jpg,0.842348,21.406465,ok
EES0423568__X0C__Y30__P017.jpg,0.783677,20.890045,ok
EES0423568__X0F__Y18__P018.jpg,0.810855,19.537947,ok
EES0423568__X0F__Y2D__P019.jpg,0.715895,18.186278,ok
EES0423568__X0F__Y30__P020.jpg,0.646718,17.144022,ok
EES0423568__X0F__Y33__P021.jpg,0.872057,19.739743,ok
EES0423568__X12__Y2A__P022.jpg,0.656381,17.486652,ok
EES0423568__X15__Y30__P023.jpg,0.625942,16.986135,ok
EES0423568__X18__Y3C__P024.jpg,0.878523,19.749772,ok
EES0423568__X1B__Y09__P025.jpg,0.867552,20.654176,ok
EES0423569__X2A__Y3F__P001.jpg,0.674823,17.295628,ok
EES0423569__X30__Y09__P002.jpg,0.654515,17.215102,ok
EES0423569__X30__Y3C__P003.jpg,0.640235,16.657835,ok
EES0423569__X39__Y0C__P004.jpg,0.862373,21.004311,ok
EES0423569__X3C__Y0F__P005.jpg,0.937776,19.810259,ok
EES0423569__X3F__Y12__P006.jpg,0.916273,19.564433,ok
EES0423569__X42__Y21__P007.jpg,0.718111,17.469322,ok
EES0423569__X42__Y33__P008.jpg,0.889822,20.720840,ok
EES0423569__X45__Y1E__P009.jpg,0.752168,17.461182,ok
EES0423569__X45__Y21__P010.jpg,0.674511,17.134218,ok
EES0423569__X45__Y2A__P011.jpg,0.808255,21.272874,ok
EES0423569__X45__Y2D__P012.jpg,0.943617,20.417116,ok
EES0423569__X0C__Y1B__P013.jpg,0.633168,16.416839,ok
EES0423569__X0C__Y1E__P014.jpg,0.743797,17.629588,ok
EES0423569__X0C__Y21__P015.jpg,0.719467,18.135804,ok
EES0423569__X0C__Y24__P016.jpg,0.737859,17.965168,ok
EES0423569__X0C__Y27__P017.jpg,0.729205,17.942088,ok
EES0423569__X0C__Y2A__P018.jpg,0.725631,17.954992,ok
EES0423569__X0C__Y2D__P019.jpg,0.737719,17.379744,ok
EES0423569__X21__Y0F__P020.jpg,0.612756,16.638567,ok
EES0423569__X21__Y39__P021.jpg,0.803554,19.010593,ok
EES0423569__X27__Y06__P022.jpg,0.698920,17.595858,ok
EES0423569__X2A__Y06__P023.jpg,0.928820,18.916561,ok
EES0423569__X33__Y09__P024.jpg,0.921095,20.198096,ok
EES0423569__X36__Y3C__P025.jpg,0.954790,18.664389,ok
EES0423570__X42__Y33__P001.jpg,0.917024,18.180238,ok
EES0423570__X09__Y1E__P002.jpg,0.766533,18.326759,ok
EES0423570__X09__Y21__P003.jpg,0.780729,19.595302,ok
EES0423570__X09__Y24__P004.jpg,0.734743,17.607068,ok
EES0423570__X09__Y30__P005.jpg,0.871898,19.095043,ok
EES0423570__X0C__Y36__P006.jpg,0.965178,20.904181,ok
EES0423570__X0F__Y1E__P007.jpg,0.612372,16.171651,ok
EES0423570__X12__Y15__P008.jpg,0.723649,16.402562,ok
EES0423570__X15__Y0F__P009.jpg,0.719402,17.355876,ok
EES0423570__X15__Y3F__P010.jpg,0.962753,25.890552,ok
EES0423570__X18__Y0C__P011.jpg,0.745261,17.997712,ok
EES0423570__X1B__Y42__P012.jpg,0.916964,19.432523,ok
EES0423570__X1E__Y0C__P013.jpg,0.764829,17.288721,ok
EES0423570__X21__Y09__P014.jpg,0.693146,17.833208,ok
EES0423570__X24__Y09__P015.jpg,0.777352,17.660734,ok
EES0423570__X27__Y09__P016.jpg,0.755663,17.748235,ok
EES0423570__X2A__Y09__P017.jpg,0.773950,18.153651,ok
EES0423570__X2D__Y42__P018.jpg,0.809835,18.441892,ok
EES0423570__X30__Y42__P019.jpg,0.956318,21.236686,ok
EES0423570__X33__Y0C__P020.jpg,0.936907,20.007832,ok
EES0423570__X36__Y3C__P021.jpg,0.640993,16.392064,ok
EES0423570__X3F__Y1B__P022.jpg,0.819219,21.094267,ok
EES0423570__X42__Y1B__P023.jpg,0.625371,15.486600,ok
EES0423570__X42__Y21__P024.jpg,0.966633,22.984995,ok
EES0423570__X42__Y24__P025.jpg,0.958074,21.819645,ok
EES0423571__X42__Y33__P001.jpg,0.910498,18.497856,ok
EES0423571__X0F__Y1E__P002.jpg,0.921034,20.112843,ok
EES0423571__X0F__Y21__P003.jpg,0.733676,16.775529,ok
EES0423571__X0F__Y24__P004.jpg,0.876135,20.356688,ok
EES0423571__X0F__Y27__P005.jpg,0.794426,19.035230,ok
EES0423571__X0F__Y2A__P006.jpg,0.727398,16.153795,ok
EES0423571__X12__Y18__P007.jpg,0.910449,20.097003,ok
EES0423571__X12__Y1E__P008.jpg,0.726056,16.882090,ok
EES0423571__X12__Y21__P009.jpg,0.630436,16.220625,ok
EES0423571__X12__Y27__P010.jpg,0.671563,17.388442,ok
EES0423571__X15__Y1E__P011.jpg,0.697630,17.125928,ok
EES0423571__X18__Y12__P012.jpg,0.800721,20.502635,ok
EES0423571__X18__Y15__P013.jpg,0.798816,19.475813,ok
EES0423571__X18__Y18__P014.jpg,0.722385,16.864514,ok
EES0423571__X18__Y1E__P015.jpg,0.729163,18.470441,ok
EES0423571__X1B__Y12__P016.jpg,0.679850,16.659447,ok
EES0423571__X1B__Y15__P017.jpg,0.656114,16.230417,ok
EES0423571__X1B__Y18__P018.jpg,0.761670,19.945953,ok
EES0423571__X1E__Y0F__P019.jpg,0.775174,19.490416,ok
EES0423571__X1E__Y12__P020.jpg,0.839367,20.362546,ok
EES0423571__X1E__Y15__P021.jpg,0.671063,17.018967,ok
EES0423571__X24__Y0C__P022.jpg,0.705152,16.650611,ok
EES0423571__X24__Y0F__P023.jpg,0.598367,16.829299,ok
EES0423571__X24__Y12__P024.jpg,0.685025,18.270939,ok
EES0423571__X24__Y15__P025.jpg,0.699423,18.064659,ok
EES0423572__X27__Y0C__P001.jpg,0.663288,16.381873,ok
EES0423572__X27__Y0F__P002.jpg,0.684946,16.940253,ok
EES0423572__X27__Y12__P003.jpg,0.692586,17.350679,ok
EES0423572__X33__Y0C__P004.jpg,0.700322,17.492580,ok
EES0423572__X33__Y3F__P005.jpg,0.947368,21.931101,ok
EES0423572__X33__Y42__P006.jpg,0.961267,22.206878,ok
EES0423572__X09__Y1B__P007.jpg,0.894782,19.326539,ok
EES0423572__X18__Y06__P008.jpg,0.871176,20.293553,ok
EES0423572__X1E__Y03__P009.jpg,0.949986,19.872179,ok
EES0423572__X21__Y03__P010.jpg,0.718632,18.089711,ok
EES0423572__X21__Y06__P011.jpg,0.851184,19.101631,ok
EES0423572__X21__Y3F__P012.jpg,0.918981,20.774973,ok
EES0423572__X24__Y03__P013.jpg,0.729121,18.340218,ok
EES0423572__X27__Y03__P014.jpg,0.843130,19.318854,ok
EES0423572__X2A__Y03__P015.jpg,0.879782,18.999706,ok
EES0423572__X2D__Y06__P016.jpg,0.851001,19.524046,ok
EES0423572__X33__Y06__P017.jpg,0.928923,21.941559,ok
EES0423572__X36__Y06__P018.jpg,0.899391,20.313022,ok
EES0423572__X36__Y09__P019.jpg,0.749492,18.193542,ok
EES0423572__X39__Y09__P020.jpg,0.767146,17.602291,ok
EES0423572__X3C__Y0C__P021.jpg,0.858293,20.626088,ok
EES0423572__X45__Y24__P022.jpg,0.697786,16.554954,ok
EES0423572__X09__Y1B__P023.jpg,0.915622,18.998395,ok
EES0423572__X09__Y1E__P024.jpg,0.932967,20.717779,ok
EES0423572__X0C__Y24__P025.jpg,0.875488,18.840129,ok
EES0423573__X0C__Y2D__P001.jpg,0.932751,21.967927,ok
EES0423573__X15__Y36__P002.jpg,0.922439,19.931012,ok
EES0423573__X15__Y39__P003.jpg,0.847417,22.504655,ok
EES0423573__X18__Y36__P004.jpg,0.847470,20.795560,ok
EES0423573__X18__Y39__P005.jpg,0.631267,16.949384,ok
EES0423573__X1B__Y36__P006.jpg,0.770081,20.414844,ok
EES0423573__X1E__Y39__P007.jpg,0.883758,20.143167,ok
EES0423573__X21__Y06__P008.jpg,0.781915,18.982114,ok
EES0423573__X21__Y39__P009.jpg,0.839209,22.063695,ok
EES0423573__X21__Y3F__P010.jpg,0.899029,21.327863,ok
EES0423573__X24__Y39__P011.jpg,0.620827,16.987083,ok
EES0423573__X2A__Y06__P012.jpg,0.744312,21.127873,ok
EES0423573__X2A__Y21__P013.jpg,0.808607,20.089291,ok
EES0423573__X30__Y09__P014.jpg,0.889834,20.580491,ok
EES0423573__X33__Y09__P015.jpg,0.958750,23.131927,ok
EES0423573__X36__Y0C__P016.jpg,0.826848,21.565886,ok
EES0423573__X3F__Y27__P017.jpg,0.705688,16.351670,ok
EES0423573__X09__Y1E__P018.jpg,0.946534,20.937481,ok
EES0423573__X30__Y06__P019.jpg,0.517378,12.107152,ok
EES0423573__X42__Y33__P020.jpg,0.962873,24.904697,ok
EES0423573__X18__Y06__P021.jpg,0.840929,19.802197,ok
EES0423573__X18__Y3F__P022.jpg,0.976374,24.872773,ok
EES0423573__X42__Y0F__P023.jpg,0.922943,21.422891,ok
EES0423573__X42__Y12__P024.jpg,0.900776,22.182714,ok
EES0423573__X2D__Y0C__P025.jpg,0.842242,19.877258,ok
EES0423574__X18__Y09__P001.jpg,0.936946,20.142462,ok
EES0423574__X21__Y42__P002.jpg,0.969244,21.393943,ok
EES0423574__X0C__Y2D__P003.jpg,0.742309,17.161345,ok
EES0423574__X39__Y2D__P004.jpg,0.744457,18.485889,ok
EES0423574__X03__Y2D__P005.jpg,0.786757,19.818433,ok
EES0423574__X03__Y30__P006.jpg,0.805236,20.394592,ok
EES0423574__X03__Y33__P007.jpg,0.951023,20.860136,ok
EES0423574__X06__Y33__P008.jpg,0.674555,15.979166,ok
EES0423574__X06__Y36__P009.jpg,0.817797,19.988964,ok
EES0423574__X0C__Y39__P010.jpg,0.781967,18.523796,ok
EES0423574__X0F__Y3C__P011.jpg,0.510233,12.759133,ok
EES0423574__X12__Y3F__P012.jpg,0.590856,14.372441,ok
EES0423574__X15__Y3F__P013.jpg,0.835404,19.793590,ok
EES0423574__X3F__Y33__P014.jpg,0.934828,20.177472,ok
EES0423574__X06__Y24__P015.jpg,0.899610,21.707917,ok
EES0423574__X1B__Y06__P016.jpg,0.928280,22.678217,ok
EES0423574__X2A__Y06__P017.jpg,0.970443,23.527732,ok
EES0423574__X33__Y09__P018.jpg,0.978830,30.631899,ok
EES0423574__X3C__Y12__P019.jpg,0.983330,32.645364,ok
EES0423574__X3F__Y18__P020.jpg,0.960376,21.863170,ok
EES0423574__X0C__Y24__P021.jpg,0.669445,18.299640,ok
EES0423574__X12__Y2D__P022.jpg,0.676690,18.811735,ok
EES0423574__X12__Y30__P023.jpg,0.668853,18.386405,ok
EES0423574__X15__Y0F__P024.jpg,0.738088,18.166875,ok
EES0423574__X15__Y12__P025.jpg,0.671936,16.793789,ok
EES0423575__X15__Y39__P001.jpg,0.617421,17.361701,ok
EES0423575__X18__Y39__P002.jpg,0.782848,21.716535,ok
EES0423575__X1B__Y39__P003.jpg,0.759557,20.947668,ok
EES0423575__X1E__Y1E__P004.jpg,0.578757,16.281398,ok
EES0423575__X1E__Y3C__P005.jpg,0.688168,17.744804,ok
EES0423575__X33__Y33__P006.jpg,0.516579,18.116259,ok
EES0423575__X33__Y39__P007.jpg,0.751585,21.399836,ok
EES0423575__X3F__Y2A__P008.jpg,0.766389,20.730966,ok
EES0423575__X0C__Y21__P009.jpg,0.943211,20.283563,ok
EES0423575__X0C__Y39__P010.jpg,0.975578,30.330449,ok
EES0423575__X0F__Y27__P011.jpg,0.934808,21.528153,ok
EES0423575__X0F__Y39__P012.jpg,0.966109,23.131917,ok
EES0423575__X12__Y1B__P013.jpg,0.927779,19.345376,ok
EES0423575__X27__Y3C__P014.jpg,0.880976,20.911904,ok
EES0423575__X2A__Y2D__P015.jpg,0.965069,21.414032,ok
EES0423575__X2D__Y12__P016.jpg,0.958946,20.982751,ok
EES0423575__X2D__Y3C__P017.jpg,0.935882,20.213270,ok
EES0423575__X33__Y0F__P018.jpg,0.927352,21.700065,ok
EES0423575__X06__Y15__P019.jpg,0.784910,18.289113,ok
EES0423575__X06__Y18__P020.jpg,0.710922,18.779193,ok
EES0423575__X06__Y1B__P021.jpg,0.648549,17.289033,ok
EES0423575__X06__Y21__P022.jpg,0.852661,20.980392,ok
EES0423575__X09__Y1E__P023.jpg,0.684332,16.973475,ok
EES0423575__X0C__Y2D__P024.jpg,0.676869,18.086337,ok
EES0423575__X0F__Y09__P025.jpg,0.913843,23.525560,ok
EES0423576__X1E__Y03__P001.jpg,0.881366,20.462517,ok
EES0423576__X2D__Y06__P002.jpg,0.923598,23.577281,ok
EES0423576__X03__Y21__P003.jpg,0.948767,24.540203,ok
EES0423576__X03__Y24__P004.jpg,0.899651,22.022194,ok
EES0423576__X03__Y27__P005.jpg,0.966506,22.368571,ok
EES0423576__X03__Y2A__P006.jpg,0.922984,22.226331,ok
EES0423576__X06__Y15__P007.jpg,0.955050,22.258815,ok
EES0423576__X06__Y1B__P008.jpg,0.691430,17.555430,ok
EES0423576__X06__Y1E__P009.jpg,0.778049,21.632165,ok
EES0423576__X06__Y24__P010.jpg,0.680351,17.274069,ok
EES0423576__X06__Y27__P011.jpg,0.621362,17.674302,ok
EES0423576__X06__Y2A__P012.jpg,0.874000,22.073842,ok
EES0423576__X06__Y2D__P013.jpg,0.937045,21.045107,ok
EES0423576__X09__Y27__P014.jpg,0.662159,18.193601,ok
EES0423576__X09__Y2A__P015.jpg,0.785900,19.668107,ok
EES0423576__X09__Y2D__P016.jpg,0.896377,22.456523,ok
EES0423576__X09__Y33__P017.jpg,0.938058,21.613784,ok
EES0423576__X0C__Y30__P018.jpg,0.633926,16.384579,ok
EES0423576__X0C__Y33__P019.jpg,0.668934,17.532602,ok
EES0423576__X0C__Y36__P020.jpg,0.703953,17.324379,ok
EES0423576__X0C__Y39__P021.jpg,0.969282,24.162496,ok
EES0423576__X0F__Y30__P022.jpg,0.614813,17.438620,ok
EES0423576__X0F__Y36__P023.jpg,0.849637,22.302504,ok
EES0423576__X0F__Y39__P024.jpg,0.924836,22.768739,ok
EES0423576__X0F__Y3C__P025.jpg,0.912379,21.388241,ok
EES0423577__X3F__Y36__P001.jpg,0.888775,22.532708,ok
EES0423577__X42__Y1B__P002.jpg,0.933427,22.841450,ok
EES0423577__X42__Y2D__P003.jpg,0.949804,23.630875,ok
EES0423577__X15__Y15__P004.jpg,0.917921,19.610931,ok
EES0423577__X18__Y06__P005.jpg,0.970121,23.565974,ok
EES0423577__X1E__Y1B__P006.jpg,0.888740,20.625534,ok
EES0423577__X1E__Y39__P007.jpg,0.937717,21.578398,ok
EES0423577__X33__Y30__P008.jpg,0.908463,20.304543,ok
EES0423577__X0C__Y27__P009.jpg,0.838390,22.204037,ok
EES0423577__X0F__Y2D__P010.jpg,0.859471,22.394063,ok
EES0423577__X12__Y0F__P011.jpg,0.868066,21.578631,ok
EES0423577__X12__Y39__P012.jpg,0.834228,21.748184,ok
EES0423577__X15__Y0F__P013.jpg,0.810433,21.448697,ok
EES0423577__X15__Y33__P014.jpg,0.845296,22.884640,ok
EES0423577__X18__Y36__P015.jpg,0.940537,22.657331,ok
EES0423577__X18__Y39__P016.jpg,0.908494,21.346305,ok
EES0423577__X3C__Y2A__P017.jpg,0.847904,21.972812,ok
EES0423577__X0C__Y0C__P018.jpg,0.967176,25.800125,ok
EES0423577__X0C__Y18__P019.jpg,0.893334,20.049563,ok
EES0423577__X0C__Y21__P020.jpg,0.958382,23.308550,ok
EES0423577__X0C__Y2D__P021.jpg,0.977077,24.682022,ok
EES0423577__X0F__Y0F__P022.jpg,0.950481,21.475838,ok
EES0423577__X0F__Y30__P023.jpg,0.915314,20.805348,ok
EES0423577__X21__Y03__P024.jpg,0.985363,31.250017,ok
EES0423577__X27__Y12__P025.jpg,0.958401,22.091404,ok
EES0423578__X21__Y06__P001.jpg,0.950665,25.874537,ok
EES0423578__X24__Y06__P002.jpg,0.956743,24.162012,ok
EES0423578__X24__Y42__P003.jpg,0.748557,16.871578,ok
EES0423578__X27__Y06__P004.jpg,0.981598,26.278469,ok
EES0423578__X27__Y42__P005.jpg,0.826945,21.498559,ok
EES0423578__X2A__Y42__P006.jpg,0.935366,22.095588,ok
EES0423578__X33__Y18__P007.jpg,0.902176,20.091476,ok
EES0423578__X42__Y2D__P008.jpg,0.923038,21.960243,ok
EES0423578__X45__Y21__P009.jpg,0.945081,22.292139,ok
EES0423578__X0C__Y1E__P010.jpg,0.764791,17.943291,ok
EES0423578__X1E__Y3C__P011.jpg,0.821785,17.949581,ok
EES0423578__X21__Y3C__P012.jpg,0.796808,18.440053,ok
EES0423578__X24__Y3C__P013.jpg,0.847496,20.960162,ok
EES0423578__X27__Y39__P014.jpg,0.834974,20.065244,ok
EES0423578__X2A__Y36__P015.jpg,0.829680,21.105664,ok
EES0423578__X2A__Y39__P016.jpg,0.888310,19.684311,ok
EES0423578__X2D__Y36__P017.jpg,0.828851,20.422210,ok
EES0423578__X30__Y30__P018.jpg,0.617990,16.529036,ok
EES0423578__X30__Y33__P019.jpg,0.743578,19.923935,ok
EES0423578__X36__Y2A__P020.jpg,0.880839,21.710992,ok
EES0423578__X36__Y2D__P021.jpg,0.912577,20.794003,ok
EES0423578__X39__Y1E__P022.jpg,0.764262,18.676706,ok
EES0423578__X39__Y2D__P023.jpg,0.850769,21.816034,ok
EES0423578__X3C__Y1B__P024.jpg,0.750594,17.330152,ok
EES0423578__X3C__Y1E__P025.jpg,0.836896,19.483236,ok
EES0423579__X21__Y09__P001.jpg,0.802616,21.215699,ok
EES0423579__X24__Y09__P002.jpg,0.924141,21.455747,ok
EES0423579__X24__Y0F__P003.jpg,0.856789,22.537922,ok
EES0423579__X27__Y0C__P004.jpg,0.664142,19.742330,ok
EES0423579__X2A__Y09__P005.jpg,0.826243,20.627459,ok
EES0423579__X2A__Y0F__P006.jpg,0.786688,20.823494,ok
EES0423579__X2D__Y09__P007.jpg,0.963310,25.712705,ok
EES0423579__X2D__Y0C__P008.jpg,0.764757,22.802749,ok
EES0423579__X2D__Y0F__P009.jpg,0.703463,21.331139,ok
EES0423579__X30__Y0C__P010.jpg,0.954040,23.208989,ok
EES0423579__X33__Y18__P011.jpg,0.690362,16.519826,ok
EES0423579__X33__Y1B__P012.jpg,0.832715,21.807768,ok
EES0423579__X36__Y12__P013.jpg,0.670217,18.771342,ok
EES0423579__X36__Y15__P014.jpg,0.800512,22.102952,ok
EES0423579__X39__Y15__P015.jpg,0.690022,18.130172,ok
EES0423579__X3C__Y21__P016.jpg,0.755934,20.752313,ok
EES0423579__X3C__Y24__P017.jpg,0.777266,22.541195,ok
EES0423579__X3C__Y27__P018.jpg,0.597782,17.437937,ok
EES0423579__X3F__Y1E__P019.jpg,0.900340,22.625107,ok
EES0423579__X3F__Y24__P020.jpg,0.776319,20.283376,ok
EES0423579__X3F__Y27__P021.jpg,0.787314,21.209916,ok
EES0423579__X3F__Y2A__P022.jpg,0.879856,20.405503,ok
EES0423579__X06__Y12__P023.jpg,0.824975,22.265858,ok
EES0423579__X06__Y15__P024.jpg,0.704565,18.878665,ok
EES0423579__X06__Y18__P025.jpg,0.827206,21.067376,ok
EES0423580__X06__Y1E__P001.jpg,0.650358,17.625181,ok
EES0423580__X06__Y24__P002.jpg,0.655497,16.985478,ok
EES0423580__X06__Y27__P003.jpg,0.657258,16.514290,ok
EES0423580__X06__Y2A__P004.jpg,0.711238,16.929359,ok
EES0423580__X06__Y2D__P005.jpg,0.835670,21.466577,ok
EES0423580__X09__Y0F__P006.jpg,0.913635,21.049780,ok
EES0423580__X09__Y12__P007.jpg,0.646266,16.642580,ok
EES0423580__X1B__Y27__P008.jpg,0.526527,16.156682,ok
EES0423580__X21__Y3F__P009.jpg,0.921713,22.260765,ok
EES0423580__X27__Y3C__P010.jpg,0.635708,17.896947,ok
EES0423580__X27__Y3F__P011.jpg,0.830328,21.207451,ok
EES0423580__X2A__Y3F__P012.jpg,0.931753,22.605353,ok
EES0423580__X2D__Y3F__P013.jpg,0.942129,21.890716,ok
EES0423580__X30__Y36__P014.jpg,0.652090,18.323960,ok
EES0423580__X30__Y39__P015.jpg,0.791337,20.022000,ok
EES0423580__X30__Y3C__P016.jpg,0.880690,21.167698,ok
EES0423580__X33__Y39__P017.jpg,0.922728,22.971889,ok
EES0423580__X39__Y36__P018.jpg,0.956398,24.446065,ok
EES0423580__X3C__Y30__P019.jpg,0.857710,22.961322,ok
EES0423580__X30__Y3C__P020.jpg,0.929949,21.277675,ok
EES0423580__X33__Y0C__P021.jpg,0.741938,17.662173,ok
EES0423580__X3F__Y1E__P022.jpg,0.718541,18.426591,ok
EES0423580__X09__Y2D__P023.jpg,0.967459,23.485135,ok
EES0423580__X0C__Y12__P024.jpg,0.905108,20.812648,ok
EES0423580__X0C__Y33__P025.jpg,0.956482,25.595251,ok
EES0423581__X09__Y18__P001.jpg,0.686251,19.703820,ok
EES0423581__X09__Y24__P002.jpg,0.604882,16.336243,ok
EES0423581__X09__Y27__P003.jpg,0.792622,22.685515,ok
EES0423581__X09__Y2A__P004.jpg,0.932475,24.038617,ok
EES0423581__X0C__Y0F__P005.jpg,0.607314,16.318777,ok
EES0423581__X0C__Y2D__P006.jpg,0.689772,18.913449,ok
EES0423581__X0C__Y33__P007.jpg,0.963115,24.665551,ok
EES0423581__X0F__Y33__P008.jpg,0.610809,16.552769,ok
EES0423581__X0F__Y36__P009.jpg,0.970156,24.432924,ok
EES0423581__X12__Y36__P010.jpg,0.786605,22.025821,ok
EES0423581__X12__Y39__P011.jpg,0.946389,23.057117,ok
EES0423581__X18__Y03__P012.jpg,0.908129,21.872391,ok
EES0423581__X18__Y06__P013.jpg,0.648845,17.627817,ok
EES0423581__X18__Y3C__P014.jpg,0.818239,22.262019,ok
EES0423581__X1E__Y3C__P015.jpg,0.610275,16.061426,ok
EES0423581__X24__Y3C__P016.jpg,0.622765,16.186778,ok
EES0423581__X24__Y3F__P017.jpg,0.925766,22.942537,ok
EES0423581__X27__Y3F__P018.jpg,0.870288,22.950806,ok
EES0423581__X2A__Y3C__P019.jpg,0.853870,22.597206,ok
EES0423581__X2A__Y3F__P020.jpg,0.848739,23.659201,ok
EES0423581__X2D__Y03__P021.jpg,0.595904,16.062740,ok
EES0423581__X2D__Y3C__P022.jpg,0.703326,17.367869,ok
EES0423581__X30__Y03__P023.jpg,0.965292,23.929455,ok
EES0423581__X30__Y3C__P024.jpg,0.798668,22.085795,ok
EES0423581__X33__Y06__P025.jpg,0.639193,15.932595,ok
EES0423582__X33__Y33__P001.jpg,0.532542,16.423766,ok
EES0423582__X36__Y06__P002.jpg,0.958748,25.349022,ok
EES0423582__X36__Y09__P003.jpg,0.616291,16.461920,ok
EES0423582__X36__Y33__P004.jpg,0.536643,15.843806,ok
EES0423582__X36__Y36__P005.jpg,0.601093,17.525443,ok
EES0423582__X36__Y39__P006.jpg,0.918281,22.786825,ok
EES0423582__X39__Y09__P007.jpg,0.933747,23.898541,ok
EES0423582__X39__Y36__P008.jpg,0.865410,22.866514,ok
EES0423582__X3C__Y0C__P009.jpg,0.669826,17.085508,ok
EES0423582__X3C__Y33__P010.jpg,0.858324,23.589449,ok
EES0423582__X3F__Y0F__P011.jpg,0.881696,22.437517,ok
EES0423582__X3F__Y15__P012.jpg,0.595893,15.893474,ok
EES0423582__X3F__Y18__P013.jpg,0.650096,17.572324,ok
EES0423582__X3F__Y1B__P014.jpg,0.635410,16.070568,ok
EES0423582__X3F__Y30__P015.jpg,0.895468,21.919064,ok
EES0423582__X42__Y15__P016.jpg,0.852244,22.265871,ok
EES0423582__X42__Y18__P017.jpg,0.546468,15.682243,ok
EES0423582__X42__Y24__P018.jpg,0.573367,16.187764,ok
EES0423582__X42__Y2A__P019.jpg,0.945698,23.178287,ok
EES0423582__X45__Y18__P020.jpg,0.979253,32.598658,ok
EES0423582__X45__Y1E__P021.jpg,0.948138,23.188932,ok
EES0423582__X45__Y21__P022.jpg,0.861642,18.532455,ok
EES0423582__X45__Y24__P023.jpg,0.949142,20.135436,ok
EES0423582__X0C__Y1E__P024.jpg,0.978997,28.505908,ok
EES0423582__X0C__Y24__P025.jpg,0.866583,21.850610,ok
EES0423583__X1B__Y15__P001.jpg,0.891210,22.207636,ok
EES0423583__X1B__Y18__P002.jpg,0.925899,22.317423,ok
EES0423583__X1B__Y21__P003.jpg,0.913464,21.528393,ok
EES0423583__X1E__Y09__P004.jpg,0.977144,25.623090,ok
EES0423583__X1E__Y0C__P005.jpg,0.895635,21.805266,ok
EES0423583__X1E__Y0F__P006.jpg,0.889558,20.768334,ok
EES0423583__X1E__Y12__P007.jpg,0.761896,21.772943,ok
EES0423583__X1E__Y15__P008.jpg,0.965230,24.851699,ok
EES0423583__X1E__Y18__P009.jpg,0.958066,22.419723,ok
EES0423583__X1E__Y21__P010.jpg,0.939363,22.860262,ok
EES0423583__X1E__Y2D__P011.jpg,0.821806,22.964976,ok
EES0423583__X21__Y09__P012.jpg,0.942796,22.845586,ok
EES0423583__X21__Y0C__P013.jpg,0.947119,22.623178,ok
EES0423583__X21__Y15__P014.jpg,0.904158,22.132243,ok
EES0423583__X21__Y21__P015.jpg,0.905755,21.367023,ok
EES0423583__X21__Y2A__P016.jpg,0.918384,20.803367,ok
EES0423583__X21__Y2D__P017.jpg,0.901976,22.163451,ok
EES0423583__X24__Y09__P018.jpg,0.947800,22.313401,ok
EES0423583__X24__Y15__P019.jpg,0.829545,22.681123,ok
EES0423583__X24__Y18__P020.jpg,0.869142,20.831248,ok
EES0423583__X24__Y24__P021.jpg,0.826059,21.881336,ok
EES0423583__X24__Y2A__P022.jpg,0.943500,21.912029,ok
EES0423583__X24__Y2D__P023.jpg,0.958138,25.777051,ok
EES0423583__X24__Y30__P024.jpg,0.828324,23.305085,ok
EES0423583__X27__Y0F__P025.jpg,0.822946,22.969611,ok
EES0423584__X27__Y12__P001.jpg,0.976511,25.960877,ok
EES0423584__X27__Y1E__P002.jpg,0.874356,21.715829,ok
EES0423584__X27__Y24__P003.jpg,0.936801,23.811153,ok
EES0423584__X27__Y27__P004.jpg,0.850003,21.768065,ok
EES0423584__X27__Y2A__P005.jpg,0.929909,20.911835,ok
EES0423584__X27__Y30__P006.jpg,0.959110,25.233729,ok
EES0423584__X2A__Y0C__P007.jpg,0.977487,26.868017,ok
EES0423584__X2A__Y12__P008.jpg,0.974800,24.605506,ok
EES0423584__X2A__Y21__P009.jpg,0.951316,23.523340,ok
EES0423584__X2A__Y24__P010.jpg,0.930460,22.265612,ok
EES0423584__X2A__Y27__P011.jpg,0.863046,23.106817,ok
EES0423584__X2A__Y30__P012.jpg,0.951106,22.449670,ok
EES0423584__X2A__Y33__P013.jpg,0.916759,21.071712,ok
EES0423584__X2D__Y0C__P014.jpg,0.879991,21.552630,ok
EES0423584__X2D__Y21__P015.jpg,0.889215,21.271384,ok
EES0423584__X2D__Y24__P016.jpg,0.829927,24.500086,ok
EES0423584__X2D__Y2D__P017.jpg,0.763326,20.395187,ok
EES0423584__X30__Y12__P018.jpg,0.892307,21.415773,ok
EES0423584__X0C__Y18__P019.jpg,0.776271,19.529871,ok
EES0423584__X0C__Y1B__P020.jpg,0.786921,19.731000,ok
EES0423584__X0C__Y27__P021.jpg,0.808283,18.788848,ok
EES0423584__X0F__Y24__P022.jpg,0.826270,19.837067,ok
EES0423584__X12__Y30__P023.jpg,0.909942,20.728369,ok
EES0423584__X12__Y33__P024.jpg,0.902896,20.445468,ok
EES0423584__X15__Y2D__P025.jpg,0.903167,20.829608,ok
EES0423585__X12__Y1E__P001.jpg,0.909736,22.018329,ok
EES0423585__X15__Y1E__P002.jpg,0.925651,23.006556,ok
EES0423585__X18__Y09__P003.jpg,0.857267,20.449073,ok
EES0423585__X18__Y18__P004.jpg,0.912454,22.909533,ok
EES0423585__X18__Y1E__P005.jpg,0.906111,22.809694,ok
EES0423585__X18__Y24__P006.jpg,0.915988,21.880188,ok
EES0423585__X18__Y27__P007.jpg,0.901884,19.324739,ok
EES0423585__X1B__Y24__P008.jpg,0.917178,22.386795,ok
EES0423585__X1B__Y27__P009.jpg,0.921398,22.693794,ok
EES0423585__X1E__Y09__P010.jpg,0.926526,24.288028,ok
EES0423585__X1E__Y2A__P011.jpg,0.916947,21.652841,ok
EES0423585__X21__Y09__P012.jpg,0.902756,19.710427,ok
EES0423585__X21__Y0C__P013.jpg,0.927411,21.575749,ok
EES0423585__X21__Y2D__P014.jpg,0.745197,17.049311,ok
EES0423585__X21__Y39__P015.jpg,0.934871,23.471476,ok
EES0423585__X24__Y12__P016.jpg,0.919641,20.922358,ok
EES0423585__X27__Y30__P017.jpg,0.874251,17.971552,ok
EES0423585__X27__Y3C__P018.jpg,0.908574,22.815005,ok
EES0423585__X2A__Y2A__P019.jpg,0.911121,21.705001,ok
EES0423585__X2A__Y2D__P020.jpg,0.927722,24.108415,ok
EES0423585__X2A__Y3C__P021.jpg,0.923908,22.882881,ok
EES0423585__X2D__Y2D__P022.jpg,0.933723,21.316400,ok
EES0423585__X36__Y36__P023.jpg,0.940407,24.021080,ok
EES0423585__X39__Y0F__P024.jpg,0.893002,21.677756,ok
EES0423585__X39__Y2A__P025.jpg,0.936586,22.478332,ok
EES0423586__X3C__Y1E__P001.jpg,0.927693,22.541755,ok
EES0423586__X3C__Y21__P002.jpg,0.919410,22.538702,ok
EES0423586__X3C__Y2A__P003.jpg,0.941962,23.911811,ok
EES0423586__X3F__Y15__P004.jpg,0.950843,28.077238,ok
EES0423586__X3F__Y21__P005.jpg,0.953570,26.990285,ok
EES0423586__X3F__Y2A__P006.jpg,0.871812,21.556875,ok
EES0423586__X42__Y24__P007.jpg,0.885888,20.340827,ok
EES0423586__X42__Y27__P008.jpg,0.906292,22.487858,ok
EES0423586__X0F__Y1E__P009.jpg,0.899119,26.631443,ok
EES0423586__X18__Y21__P010.jpg,0.889357,24.579053,ok
EES0423586__X1B__Y33__P011.jpg,0.893100,23.480218,ok
EES0423586__X1E__Y0F__P012.jpg,0.897936,23.886104,ok
EES0423586__X1E__Y12__P013.jpg,0.862827,22.709888,ok
EES0423586__X1E__Y15__P014.jpg,0.906039,23.489441,ok
EES0423586__X21__Y18__P015.jpg,0.856303,18.601466,ok
EES0423586__X21__Y1E__P016.jpg,0.870066,20.854074,ok
EES0423586__X21__Y21__P017.jpg,0.914181,23.934445,ok
EES0423586__X21__Y2A__P018.jpg,0.887158,23.591650,ok
EES0423586__X21__Y2D__P019.jpg,0.841476,22.000593,ok
EES0423586__X21__Y30__P020.jpg,0.892046,23.491309,ok
EES0423586__X24__Y1B__P021.jpg,0.822579,17.404086,ok
EES0423586__X24__Y21__P022.jpg,0.861809,20.732215,ok
EES0423586__X24__Y2A__P023.jpg,0.830263,20.643112,ok
EES0423586__X24__Y2D__P024.jpg,0.864195,19.935702,ok
EES0423586__X27__Y15__P025.jpg,0.872980,20.240164,ok
EES0423587__X27__Y1B__P001.jpg,0.907668,22.982065,ok
EES0423587__X27__Y1E__P002.jpg,0.862419,21.202178,ok
EES0423587__X27__Y21__P003.jpg,0.877515,21.781942,ok
EES0423587__X27__Y2A__P004.jpg,0.896540,23.093319,ok
EES0423587__X2A__Y18__P005.jpg,0.886559,22.939808,ok
EES0423587__X2A__Y1B__P006.jpg,0.841105,20.665414,ok
EES0423587__X2D__Y1B__P007.jpg,0.934376,27.020643,ok
EES0423587__X2D__Y24__P008.jpg,0.918710,25.935979,ok
EES0423587__X30__Y0C__P009.jpg,0.911360,24.303618,ok
EES0423587__X33__Y06__P010.jpg,0.946328,25.034626,ok
EES0423587__X33__Y1E__P011.jpg,0.887503,22.785566,ok
EES0423587__X36__Y1E__P012.jpg,0.902199,23.216338,ok
EES0423587__X36__Y21__P013.jpg,0.834993,19.246653,ok
EES0423587__X36__Y24__P014.jpg,0.857341,20.942146,ok
EES0423587__X36__Y27__P015.jpg,0.896996,21.901066,ok
EES0423587__X39__Y1E__P016.jpg,0.912527,25.834262,ok
EES0423587__X39__Y27__P017.jpg,0.854706,21.251876,ok
EES0423587__X39__Y2A__P018.jpg,0.813021,19.679288,ok
EES0423587__X3C__Y15__P019.jpg,0.900518,24.320772,ok
EES0423587__X3C__Y21__P020.jpg,0.911029,25.856589,ok
EES0423587__X3C__Y27__P021.jpg,0.887732,21.997938,ok
EES0423587__X3C__Y2A__P022.jpg,0.783326,17.795153,ok
EES0423587__X3F__Y1B__P023.jpg,0.785443,20.021534,ok
EES0423587__X3F__Y1E__P024.jpg,0.878198,19.799753,ok
EES0423587__X42__Y1B__P025.jpg,0.815653,16.593535,ok
EES0423588__X21__Y39__P001.jpg,0.903489,20.908121,ok
EES0423588__X24__Y15__P002.jpg,0.941403,24.481420,ok
EES0423588__X24__Y36__P003.jpg,0.919513,20.249991,ok
EES0423588__X27__Y30__P004.jpg,0.929320,26.202207,ok
EES0423588__X2A__Y21__P005.jpg,0.936308,27.561536,ok
EES0423588__X2A__Y27__P006.jpg,0.832092,19.671992,ok
EES0423588__X2A__Y2D__P007.jpg,0.951502,27.046390,ok
EES0423588__X2A__Y36__P008.jpg,0.844829,20.320934,ok
EES0423588__X2A__Y39__P009.jpg,0.852689,22.866837,ok
EES0423588__X2A__Y3C__P010.jpg,0.714379,18.073403,ok
EES0423588__X2D__Y21__P011.jpg,0.926617,24.007207,ok
EES0423588__X2D__Y3C__P012.jpg,0.907089,22.860255,ok
EES0423588__X33__Y30__P013.jpg,0.854734,19.776272,ok
EES0423588__X39__Y2A__P014.jpg,0.911668,19.047122,ok
EES0423588__X39__Y2D__P015.jpg,0.769635,18.034854,ok
EES0423588__X3C__Y2A__P016.jpg,0.943564,25.821789,ok
EES0423588__X09__Y18__P017.jpg,0.906665,22.927978,ok
EES0423588__X12__Y0C__P018.jpg,0.876363,21.957813,ok
EES0423588__X15__Y0C__P019.jpg,0.937795,21.732438,ok
EES0423588__X1B__Y09__P020.jpg,0.918251,22.189205,ok
EES0423588__X21__Y09__P021.jpg,0.785684,19.196173,ok
EES0423588__X21__Y0C__P022.jpg,0.766091,17.945951,ok
EES0423588__X24__Y0C__P023.jpg,0.676385,17.140419,ok
EES0423588__X24__Y0F__P024.jpg,0.655721,17.943309,ok
EES0423588__X24__Y45__P025.jpg,0.723463,17.144891,ok
EES0423589__X27__Y45__P001.jpg,0.747052,18.282512,ok
EES0423589__X2A__Y09__P002.jpg,0.903622,20.177725,ok
EES0423589__X33__Y39__P003.jpg,0.743819,18.094382,ok
EES0423589__X33__Y42__P004.jpg,0.866853,21.693479,ok
EES0423589__X36__Y36__P005.jpg,0.677018,16.639178,ok
EES0423589__X15__Y33__P006.jpg,0.819401,18.912297,ok
EES0423589__X18__Y33__P007.jpg,0.803325,19.959621,ok
EES0423589__X18__Y3C__P008.jpg,0.919453,22.146777,ok
EES0423589__X21__Y39__P009.jpg,0.827611,19.208302,ok
EES0423589__X21__Y3F__P010.jpg,0.753863,18.994070,ok
EES0423589__X2A__Y39__P011.jpg,0.781561,19.740669,ok
EES0423589__X2A__Y3C__P012.jpg,0.746646,19.392856,ok
EES0423589__X2A__Y3F__P013.jpg,0.807193,19.885061,ok
EES0423589__X2D__Y39__P014.jpg,0.940199,22.954206,ok
EES0423589__X33__Y30__P015.jpg,0.919278,20.912440,ok
EES0423589__X33__Y36__P016.jpg,0.817224,18.416397,ok
EES0423589__X33__Y3C__P017.jpg,0.877221,22.162697,ok
EES0423589__X36__Y39__P018.jpg,0.827601,20.800966,ok
EES0423589__X39__Y36__P019.jpg,0.839572,20.846356,ok
EES0423589__X3C__Y18__P020.jpg,0.902524,22.568132,ok
EES0423589__X3C__Y24__P021.jpg,0.769846,18.767518,ok
EES0423589__X3C__Y30__P022.jpg,0.785976,19.713830,ok
EES0423589__X3C__Y33__P023.jpg,0.698621,18.031281,ok
EES0423589__X0C__Y30__P024.jpg,0.610773,17.581589,ok
EES0423589__X15__Y09__P025.jpg,0.943289,23.814113,ok
EES0423590__X33__Y15__P001.jpg,0.874267,21.406578,ok
EES0423590__X39__Y1E__P002.jpg,0.909733,23.525853,ok
EES0423590__X3C__Y27__P003.jpg,0.936620,24.162501,ok
EES0423590__X3C__Y2D__P004.jpg,0.887106,23.390704,ok
EES0423590__X3F__Y24__P005.jpg,0.900855,22.735064,ok
EES0423590__X0F__Y15__P006.jpg,0.914286,22.471866,ok
EES0423590__X18__Y0C__P007.jpg,0.934091,22.759693,ok
EES0423590__X1B__Y27__P008.jpg,0.906665,21.963141,ok
EES0423590__X1B__Y3F__P009.jpg,0.937903,24.388621,ok
EES0423590__X1E__Y09__P010.jpg,0.856977,21.583555,ok
EES0423590__X1E__Y0C__P011.jpg,0.927637,23.041442,ok
EES0423590__X1E__Y0F__P012.jpg,0.925412,23.953632,ok
EES0423590__X1E__Y15__P013.jpg,0.906567,22.532731,ok
EES0423590__X1E__Y24__P014.jpg,0.894594,22.790152,ok
EES0423590__X1E__Y3F__P015.jpg,0.904475,20.800271,ok
EES0423590__X21__Y09__P016.jpg,0.904859,21.787273,ok
EES0423590__X21__Y0C__P017.jpg,0.933424,23.058988,ok
EES0423590__X21__Y0F__P018.jpg,0.854224,22.035477,ok
EES0423590__X21__Y12__P019.jpg,0.826102,19.671640,ok
EES0423590__X21__Y15__P020.jpg,0.889233,22.245225,ok
EES0423590__X21__Y18__P021.jpg,0.895843,21.855841,ok
EES0423590__X21__Y21__P022.jpg,0.872989,22.396273,ok
EES0423590__X21__Y24__P023.jpg,0.906804,21.526255,ok
EES0423590__X21__Y30__P024.jpg,0.907482,22.634182,ok
EES0423590__X21__Y33__P025.jpg,0.909890,21.628553,ok
EES0423591__X18__Y39__P001.jpg,0.883929,22.372072,ok
EES0423591__X1B__Y1E__P002.jpg,0.838829,19.702911,ok
EES0423591__X1B__Y33__P003.jpg,0.865019,22.036432,ok
EES0423591__X1E__Y15__P004.jpg,0.933866,26.396418,ok
EES0423591__X1E__Y24__P005.jpg,0.898426,22.946233,ok
EES0423591__X1E__Y3F__P006.jpg,0.857932,22.383569,ok
EES0423591__X21__Y45__P007.jpg,0.816995,23.043346,ok
EES0423591__X24__Y30__P008.jpg,0.901699,23.348501,ok
EES0423591__X27__Y3C__P009.jpg,0.905611,23.064239,ok
EES0423591__X27__Y42__P010.jpg,0.938283,27.830629,ok
EES0423591__X2A__Y30__P011.jpg,0.873750,23.010576,ok
EES0423591__X2A__Y39__P012.jpg,0.877190,21.947768,ok
EES0423591__X2A__Y3C__P013.jpg,0.915245,27.171694,ok
EES0423591__X2A__Y3F__P014.jpg,0.916546,25.744842,ok
EES0423591__X2D__Y27__P015.jpg,0.896799,23.704194,ok
EES0423591__X2D__Y3C__P016.jpg,0.824571,20.294447,ok
EES0423591__X2D__Y3F__P017.jpg,0.775235,23.613759,ok
EES0423591__X30__Y1B__P018.jpg,0.868707,22.202861,ok
EES0423591__X33__Y33__P019.jpg,0.875424,22.079960,ok
EES0423591__X33__Y39__P020.jpg,0.795050,21.794591,ok
EES0423591__X36__Y15__P021.jpg,0.879360,21.970760,ok
EES0423591__X36__Y21__P022.jpg,0.886622,23.125293,ok
EES0423591__X36__Y27__P023.jpg,0.913022,22.095003,ok
EES0423591__X36__Y2D__P024.jpg,0.877887,22.559213,ok
EES0423591__X36__Y30__P025.jpg,0.801079,22.820082,ok
EES0423592__X2A__Y3F__P001.jpg,0.910383,20.120907,ok
EES0423592__X2D__Y2A__P002.jpg,0.902320,19.486424,ok
EES0423592__X2D__Y3C__P003.jpg,0.921330,20.718337,ok
EES0423592__X2D__Y3F__P004.jpg,0.890286,20.267614,ok
EES0423592__X30__Y2A__P005.jpg,0.925476,20.820842,ok
EES0423592__X30__Y2D__P006.jpg,0.943516,26.208410,ok
EES0423592__X33__Y12__P007.jpg,0.894548,21.126379,ok
EES0423592__X33__Y24__P008.jpg,0.802777,21.273205,ok
EES0423592__X33__Y2A__P009.jpg,0.913775,23.442812,ok
EES0423592__X33__Y2D__P010.jpg,0.885608,19.533205,ok
EES0423592__X36__Y39__P011.jpg,0.936905,23.637363,ok
EES0423592__X39__Y2A__P012.jpg,0.903909,19.759951,ok
EES0423592__X39__Y36__P013.jpg,0.930198,22.757634,ok
EES0423592__X3C__Y2A__P014.jpg,0.913477,19.933886,ok
EES0423592__X3C__Y33__P015.jpg,0.938135,23.941143,ok
EES0423592__X0F__Y39__P016.jpg,0.791885,21.479387,ok
EES0423592__X0F__Y3C__P017.jpg,0.904199,21.517266,ok
EES0423592__X15__Y3C__P018.jpg,0.780640,19.541394,ok
EES0423592__X18__Y18__P019.jpg,0.809308,22.521259,ok
EES0423592__X1E__Y24__P020.jpg,0.800087,21.194366,ok
EES0423592__X21__Y1B__P021.jpg,0.740657,21.661584,ok
EES0423592__X21__Y21__P022.jpg,0.754583,20.009021,ok
EES0423592__X21__Y24__P023.jpg,0.773598,20.625535,ok
EES0423592__X21__Y27__P024.jpg,0.663715,16.290192,ok
EES0423592__X21__Y2A__P025.jpg,0.854690,20.790508,ok
EES0423593__X2D__Y39__P001.jpg,0.803826,21.656394,ok
EES0423593__X2D__Y3C__P002.jpg,0.765095,18.316732,ok
EES0423593__X30__Y39__P003.jpg,0.692737,19.312105,ok
EES0423593__X33__Y0F__P004.jpg,0.890960,22.105079,ok
EES0423593__X33__Y1B__P005.jpg,0.922631,23.097753,ok
EES0423593__X33__Y1E__P006.jpg,0.900006,22.721777,ok
EES0423593__X33__Y2D__P007.jpg,0.767802,22.275599,ok
EES0423593__X33__Y30__P008.jpg,0.822467,20.153210,ok
EES0423593__X33__Y3C__P009.jpg,0.894907,22.878041,ok
EES0423593__X36__Y2D__P010.jpg,0.849408,20.475314,ok
EES0423593__X36__Y3C__P011.jpg,0.933445,23.474562,ok
EES0423593__X39__Y1E__P012.jpg,0.872580,19.716904,ok
EES0423593__X39__Y24__P013.jpg,0.874915,19.128511,ok
EES0423593__X39__Y2A__P014.jpg,0.907559,22.149666,ok
EES0423593__X39__Y2D__P015.jpg,0.790708,21.329763,ok
EES0423593__X39__Y30__P016.jpg,0.939863,25.137951,ok
EES0423593__X39__Y33__P017.jpg,0.714980,20.647329,ok
EES0423593__X39__Y36__P018.jpg,0.747297,20.217777,ok
EES0423593__X39__Y39__P019.jpg,0.887134,18.200746,ok
EES0423593__X3C__Y1E__P020.jpg,0.876107,20.909989,ok
EES0423593__X3C__Y30__P021.jpg,0.869392,18.260642,ok
EES0423593__X3C__Y33__P022.jpg,0.942894,27.063642,ok
EES0423593__X3C__Y39__P023.jpg,0.931884,27.061718,ok
EES0423593__X3F__Y24__P024.jpg,0.784788,20.472639,ok
EES0423593__X3F__Y2A__P025.jpg,0.819359,20.780637,ok
EES0423594__X33__Y39__P001.jpg,0.771109,19.825975,ok
EES0423594__X36__Y24__P002.jpg,0.894443,21.948576,ok
EES0423594__X36__Y36__P003.jpg,0.744688,20.592985,ok
EES0423594__X36__Y39__P004.jpg,0.795180,20.079661,ok
EES0423594__X39__Y2A__P005.jpg,0.902254,21.491928,ok
EES0423594__X39__Y2D__P006.jpg,0.819067,20.685240,ok
EES0423594__X3C__Y33__P007.jpg,0.626028,17.842228,ok
EES0423594__X3C__Y36__P008.jpg,0.874070,21.184157,ok
EES0423594__X3F__Y30__P009.jpg,0.790840,20.825923,ok
EES0423594__X3F__Y33__P010.jpg,0.841406,21.991060,ok
EES0423594__X42__Y33__P011.jpg,0.920911,25.106998,ok
EES0423594__X06__Y1B__P012.jpg,0.891275,20.260641,ok
EES0423594__X06__Y21__P013.jpg,0.781872,16.622288,ok
EES0423594__X06__Y24__P014.jpg,0.859832,21.080202,ok
EES0423594__X06__Y27__P015.jpg,0.942965,24.763941,ok
EES0423594__X0C__Y33__P016.jpg,0.923078,21.685998,ok
EES0423594__X1B__Y0C__P017.jpg,0.947063,25.438966,ok
EES0423594__X1B__Y24__P018.jpg,0.880534,20.508782,ok
EES0423594__X1E__Y12__P019.jpg,0.866772,20.242452,ok
EES0423594__X1E__Y21__P020.jpg,0.888263,21.381497,ok
EES0423594__X21__Y0F__P021.jpg,0.895671,21.706422,ok
EES0423594__X21__Y15__P022.jpg,0.894129,21.037093,ok
EES0423594__X21__Y33__P023.jpg,0.856755,21.056165,ok
EES0423594__X21__Y39__P024.jpg,0.900262,23.653780,ok
EES0423594__X24__Y30__P025.jpg,0.906271,22.669189,ok
EES0423595__X06__Y24__P001.jpg,0.890052,20.757612,ok
EES0423595__X06__Y27__P002.jpg,0.885432,19.662363,ok
EES0423595__X06__Y2A__P003.jpg,0.863437,20.277370,ok
EES0423595__X09__Y1E__P004.jpg,0.913057,20.414875,ok
EES0423595__X09__Y2D__P005.jpg,0.926794,21.629477,ok
EES0423595__X0C__Y36__P006.jpg,0.884601,20.756037,ok
EES0423595__X0F__Y36__P007.jpg,0.903206,20.384692,ok
EES0423595__X12__Y2A__P008.jpg,0.902618,20.184077,ok
EES0423595__X12__Y2D__P009.jpg,0.899298,21.536953,ok
EES0423595__X18__Y1E__P010.jpg,0.943897,25.956763,ok
EES0423595__X18__Y2A__P011.jpg,0.713033,19.526005,ok
EES0423595__X1B__Y1E__P012.jpg,0.916258,21.668643,ok
EES0423595__X1B__Y27__P013.jpg,0.875933,19.856639,ok
EES0423595__X1B__Y2A__P014.jpg,0.902438,21.055994,ok
EES0423595__X1B__Y2D__P015.jpg,0.878711,20.917050,ok
EES0423595__X1E__Y12__P016.jpg,0.916932,19.665830,ok
EES0423595__X1E__Y30__P017.jpg,0.870597,22.357463,ok
EES0423595__X21__Y12__P018.jpg,0.814160,21.838498,ok
EES0423595__X24__Y12__P019.jpg,0.911609,21.097241,ok
EES0423595__X27__Y15__P020.jpg,0.858053,21.866993,ok
EES0423595__X2A__Y18__P021.jpg,0.893362,20.427285,ok
EES0423595__X3C__Y24__P022.jpg,0.837761,21.186523,ok
EES0423595__X06__Y2A__P023.jpg,0.871756,19.963219,ok
EES0423595__X06__Y36__P024.jpg,0.834326,22.889118,ok
EES0423595__X09__Y3C__P025.jpg,0.669243,16.304120,ok
EES0423596__X3C__Y12__P001.jpg,0.937969,24.986916,ok
EES0423596__X3F__Y33__P002.jpg,0.569357,16.546142,ok
EES0423596__X42__Y1B__P003.jpg,0.945429,29.253986,ok
EES0423596__X42__Y1E__P004.jpg,0.667996,20.639267,ok
EES0423596__X42__Y21__P005.jpg,0.534027,16.781442,ok
EES0423596__X42__Y30__P006.jpg,0.782242,24.375321,ok
EES0423596__X42__Y33__P007.jpg,0.949505,27.778743,ok
EES0423596__X15__Y15__P008.jpg,0.894044,23.397343,ok
EES0423596__X15__Y18__P009.jpg,0.927062,22.172070,ok
EES0423596__X15__Y21__P010.jpg,0.822147,22.482977,ok
EES0423596__X15__Y27__P011.jpg,0.888107,21.254289,ok
EES0423596__X15__Y2A__P012.jpg,0.890325,19.220243,ok
EES0423596__X15__Y36__P013.jpg,0.887412,20.874213,ok
EES0423596__X18__Y30__P014.jpg,0.723895,16.590952,ok
EES0423596__X18__Y36__P015.jpg,0.862309,22.218760,ok
EES0423596__X1B__Y24__P016.jpg,0.876125,19.439974,ok
EES0423596__X1B__Y30__P017.jpg,0.867753,20.193290,ok
EES0423596__X1B__Y3F__P018.jpg,0.876393,23.139634,ok
EES0423596__X1E__Y27__P019.jpg,0.895902,21.482230,ok
EES0423596__X21__Y09__P020.jpg,0.932149,24.717240,ok
EES0423596__X27__Y2A__P021.jpg,0.794686,19.033511,ok
EES0423596__X2D__Y42__P022.jpg,0.755846,19.770683,ok
EES0423596__X30__Y3C__P023.jpg,0.930150,24.522309,ok
EES0423596__X33__Y12__P024.jpg,0.908681,22.378421,ok
EES0423596__X33__Y15__P025.jpg,0.867978,20.451340,ok
EES0423597__X33__Y39__P001.jpg,0.864263,21.026178,ok
EES0423597__X36__Y30__P002.jpg,0.937792,22.853770,ok
EES0423597__X15__Y45__P003.jpg,0.916314,25.764255,ok
EES0423597__X36__Y42__P004.jpg,0.907382,22.428123,ok
EES0423597__X39__Y3F__P005.jpg,0.886977,21.003749,ok
EES0423597__X3F__Y39__P006.jpg,0.958208,30.070880,ok
EES0423597__X0C__Y2A__P007.jpg,0.633239,18.307386,ok
EES0423597__X0C__Y21__P008.jpg,0.792358,21.778679,ok
EES0423597__X0C__Y27__P009.jpg,0.906343,20.998737,ok
EES0423597__X0C__Y33__P010.jpg,0.893084,20.874475,ok
EES0423597__X0F__Y36__P011.jpg,0.837911,21.742647,ok
EES0423597__X12__Y36__P012.jpg,0.788689,19.809286,ok
EES0423597__X12__Y3C__P013.jpg,0.837296,23.230887,ok
EES0423597__X15__Y3C__P014.jpg,0.878029,20.658544,ok
EES0423597__X18__Y39__P015.jpg,0.878074,22.605330,ok
EES0423597__X18__Y3C__P016.jpg,0.837553,21.763454,ok
EES0423597__X1B__Y30__P017.jpg,0.901839,22.028864,ok
EES0423597__X1B__Y33__P018.jpg,0.825752,21.581860,ok
EES0423597__X1B__Y36__P019.jpg,0.877495,22.480920,ok
EES0423597__X1B__Y39__P020.jpg,0.779037,19.735007,ok
EES0423597__X1B__Y42__P021.jpg,0.871135,20.471480,ok
EES0423597__X1E__Y15__P022.jpg,0.893248,21.229682,ok
EES0423597__X1E__Y39__P023.jpg,0.646699,17.864084,ok
EES0423597__X1E__Y3C__P024.jpg,0.811127,20.138138,ok
EES0423597__X1E__Y3F__P025.jpg,0.742189,17.521942,ok
EES0423598__X1E__Y42__P001.jpg,0.878483,21.037396,ok
EES0423598__X21__Y30__P002.jpg,0.695578,20.362703,ok
EES0423598__X24__Y0C__P003.jpg,0.866796,22.013343,ok
EES0423598__X24__Y0F__P004.jpg,0.843665,21.490686,ok
EES0423598__X24__Y12__P005.jpg,0.892805,21.573253,ok
EES0423598__X24__Y30__P006.jpg,0.881008,21.427358,ok
EES0423598__X2A__Y30__P007.jpg,0.765429,20.682590,ok
EES0423598__X2D__Y33__P008.jpg,0.859570,21.374334,ok
EES0423598__X2D__Y36__P009.jpg,0.898276,20.327542,ok
EES0423598__X30__Y36__P010.jpg,0.892089,20.867227,ok
EES0423598__X33__Y36__P011.jpg,0.777309,21.721333,ok
EES0423598__X33__Y39__P012.jpg,0.904716,22.325385,ok
EES0423598__X36__Y36__P013.jpg,0.833424,21.015554,ok
EES0423598__X36__Y39__P014.jpg,0.700808,18.980485,ok
EES0423598__X36__Y3C__P015.jpg,0.945882,24.843595,ok
EES0423598__X39__Y33__P016.jpg,0.884600,20.735197,ok
EES0423598__X3C__Y33__P017.jpg,0.808734,21.218052,ok
EES0423598__X3F__Y30__P018.jpg,0.903190,21.384205,ok
EES0423598__X3F__Y33__P019.jpg,0.923487,21.197375,ok
EES0423598__X42__Y27__P020.jpg,0.923914,22.097000,ok
EES0423598__X06__Y30__P021.jpg,0.905339,22.046659,ok
EES0423598__X24__Y0C__P022.jpg,0.949044,25.731756,ok
EES0423598__X33__Y12__P023.jpg,0.891776,20.374550,ok
EES0423598__X3C__Y1B__P024.jpg,0.938637,22.150545,ok
EES0423598__X3F__Y21__P025.jpg,0.943642,23.917627,ok
EES0423599__X2A__Y42__P001.jpg,0.661042,18.804892,ok
EES0423599__X2D__Y42__P002.jpg,0.796693,20.484018,ok
EES0423599__X39__Y0F__P003.jpg,0.928110,22.127896,ok
EES0423599__X3C__Y3C__P004.jpg,0.934776,25.982734,ok
EES0423599__X3F__Y39__P005.jpg,0.930379,22.512289,ok
EES0423599__X45__Y21__P006.jpg,0.930361,25.239489,ok
EES0423599__X45__Y24__P007.jpg,0.836851,19.014520,ok
EES0423599__X45__Y2A__P008.jpg,0.934936,25.850224,ok
EES0423599__X09__Y2D__P009.jpg,0.902604,21.526246,ok
EES0423599__X18__Y45__P010.jpg,0.831212,22.455645,ok
EES0423599__X1B__Y0F__P011.jpg,0.841220,21.041604,ok
EES0423599__X2A__Y3F__P012.jpg,0.785235,19.587558,ok
EES0423599__X30__Y15__P013.jpg,0.848487,21.715044,ok
EES0423599__X33__Y39__P014.jpg,0.830508,21.248721,ok
EES0423599__X33__Y3F__P015.jpg,0.809677,20.639857,ok
EES0423599__X36__Y12__P016.jpg,0.892656,22.463390,ok
EES0423599__X36__Y15__P017.jpg,0.896471,21.089936,ok
EES0423599__X36__Y39__P018.jpg,0.748746,19.082025,ok
EES0423599__X3C__Y30__P019.jpg,0.834966,21.341999,ok
EES0423599__X3F__Y33__P020.jpg,0.866347,21.606548,ok
EES0423599__X03__Y27__P021.jpg,0.928674,22.486359,ok
EES0423599__X06__Y33__P022.jpg,0.910496,21.944894,ok
EES0423599__X15__Y0C__P023.jpg,0.866208,20.945081,ok
EES0423599__X2D__Y0C__P024.jpg,0.679045,17.217300,ok
EES0423599__X30__Y0C__P025.jpg,0.859166,20.058838,ok
EES0423600__X33__Y39__P001.jpg,0.743981,19.152447,ok
EES0423600__X33__Y3C__P002.jpg,0.860224,22.195811,ok
EES0423600__X36__Y39__P003.jpg,0.821826,20.654706,ok
EES0423600__X09__Y15__P004.jpg,0.912139,21.809851,ok
EES0423600__X09__Y1B__P005.jpg,0.699794,16.790351,ok
EES0423600__X0C__Y1B__P006.jpg,0.845783,21.848796,ok
EES0423600__X0C__Y2A__P007.jpg,0.703382,17.944233,ok
EES0423600__X0C__Y39__P008.jpg,0.820040,20.023958,ok
EES0423600__X0F__Y36__P009.jpg,0.895591,21.559382,ok
EES0423600__X12__Y3C__P010.jpg,0.852385,20.595036,ok
EES0423600__X12__Y3F__P011.jpg,0.877453,21.878400,ok
EES0423600__X15__Y3C__P012.jpg,0.796771,20.084560,ok
EES0423600__X15__Y3F__P013.jpg,0.787366,20.706985,ok
EES0423600__X21__Y09__P014.jpg,0.926784,25.137227,ok
EES0423600__X21__Y45__P015.jpg,0.897629,22.508408,ok
EES0423600__X24__Y09__P016.jpg,0.922191,25.738562,ok
EES0423600__X24__Y45__P017.jpg,0.820888,20.279532,ok
EES0423600__X30__Y0C__P018.jpg,0.913151,21.362247,ok
EES0423600__X30__Y45__P019.jpg,0.855508,22.099358,ok
EES0423600__X36__Y0C__P020.jpg,0.943129,32.334468,ok
EES0423600__X3C__Y12__P021.jpg,0.913873,21.597468,ok
EES0423600__X3C__Y3F__P022.jpg,0.910432,24.702385,ok
EES0423600__X3F__Y3F__P023.jpg,0.929500,29.304083,ok
EES0423600__X42__Y3C__P024.jpg,0.939734,26.461048,ok
EES0423600__X45__Y18__P025.jpg,0.890752,21.773588,ok
EES0423601__X39__Y3F__P001.jpg,0.944627,26.461662,ok
EES0423601__X3C__Y18__P002.jpg,0.727104,23.374135,ok
EES0423601__X3C__Y1B__P003.jpg,0.671129,22.354029,ok
EES0423601__X3C__Y2A__P004.jpg,0.696681,22.871704,ok
EES0423601__X3F__Y1B__P005.jpg,0.707217,22.175999,ok
EES0423601__X42__Y1E__P006.jpg,0.745439,24.559874,ok
EES0423601__X42__Y30__P007.jpg,0.823411,23.574144,ok
EES0423601__X42__Y33__P008.jpg,0.875771,21.360264,ok
EES0423601__X09__Y30__P009.jpg,0.787714,20.362819,ok
EES0423601__X0C__Y33__P010.jpg,0.878237,22.728660,ok
EES0423601__X21__Y09__P011.jpg,0.935145,23.539809,ok
EES0423601__X24__Y42__P012.jpg,0.833999,19.473222,ok
EES0423601__X33__Y3F__P013.jpg,0.716385,16.321940,ok
EES0423601__X36__Y0F__P014.jpg,0.887030,21.792515,ok
EES0423601__X36__Y39__P015.jpg,0.635085,18.490671,ok
EES0423601__X39__Y3F__P016.jpg,0.944730,33.150663,ok
EES0423601__X3C__Y3C__P017.jpg,0.893325,31.704841,ok
EES0423601__X3F__Y18__P018.jpg,0.890176,22.468789,ok
EES0423601__X3F__Y39__P019.jpg,0.949109,27.802366,ok
EES0423601__X42__Y33__P020.jpg,0.950212,26.996549,ok
EES0423601__X45__Y3C__P021.jpg,0.890620,20.281512,ok
EES0423601__X3C__Y3F__P022.jpg,0.835577,21.012457,ok
EES0423601__X45__Y2A__P023.jpg,0.878397,20.803407,ok
EES0423601__X03__Y36__P024.jpg,0.904601,23.196900,ok
EES0423601__X06__Y39__P025.jpg,0.927912,23.795611,ok
EES0423602__X36__Y39__P001.jpg,0.735313,18.119190,ok
EES0423602__X39__Y3F__P002.jpg,0.921731,27.542269,ok
EES0423602__X3F__Y21__P003.jpg,0.710243,17.361947,ok
EES0423602__X3F__Y30__P004.jpg,0.619304,16.134784,ok
EES0423602__X42__Y30__P005.jpg,0.763384,17.534451,ok
EES0423602__X0F__Y2A__P006.jpg,0.930281,21.551147,ok
EES0423602__X18__Y1B__P007.jpg,0.941965,23.684527,ok
EES0423602__X2D__Y36__P008.jpg,0.893210,18.885973,ok
EES0423602__X30__Y18__P009.jpg,0.909002,19.330394,ok
EES0423602__X33__Y36__P010.jpg,0.945490,23.960877,ok
EES0423602__X36__Y12__P011.jpg,0.871820,18.632067,ok
EES0423602__X36__Y2A__P012.jpg,0.875291,19.022873,ok
EES0423602__X36__Y30__P013.jpg,0.872292,20.486443,ok
EES0423602__X36__Y33__P014.jpg,0.855506,18.571995,ok
EES0423602__X36__Y36__P015.jpg,0.881236,19.050323,ok
EES0423602__X39__Y1E__P016.jpg,0.950895,30.504894,ok
EES0423602__X39__Y27__P017.jpg,0.877124,19.105055,ok
EES0423602__X3F__Y15__P018.jpg,0.901403,20.286468,ok
EES0423602__X3F__Y18__P019.jpg,0.857197,20.859298,ok
EES0423602__X3F__Y30__P020.jpg,0.910652,19.945419,ok
EES0423602__X45__Y21__P021.jpg,0.913108,19.873599,ok
EES0423602__X06__Y2A__P022.jpg,0.919311,25.801177,ok
EES0423602__X09__Y1B__P023.jpg,0.820224,22.342383,ok
EES0423602__X09__Y1E__P024.jpg,0.856857,21.031819,ok
EES0423602__X09__Y21__P025.jpg,0.907312,22.722896,ok
EES0423603__X0C__Y2A__P001.jpg,0.775634,18.633482,ok
EES0423603__X0F__Y1E__P002.jpg,0.812069,19.167429,ok
EES0423603__X0F__Y21__P003.jpg,0.647091,17.329424,ok
EES0423603__X0F__Y2A__P004.jpg,0.788049,19.751220,ok
EES0423603__X0F__Y2D__P005.jpg,0.712081,17.966978,ok
EES0423603__X12__Y1E__P006.jpg,0.852375,20.500757,ok
EES0423603__X12__Y36__P007.jpg,0.867260,18.992582,ok
EES0423603__X15__Y33__P008.jpg,0.785079,18.725219,ok
EES0423603__X21__Y3F__P009.jpg,0.654639,15.857883,ok
EES0423603__X33__Y33__P010.jpg,0.750095,18.485656,ok
EES0423603__X33__Y39__P011.jpg,0.770819,18.463470,ok
EES0423603__X36__Y33__P012.jpg,0.779259,18.976540,ok
EES0423603__X12__Y21__P013.jpg,0.922206,20.502596,ok
EES0423603__X15__Y15__P014.jpg,0.790404,21.088800,ok
EES0423603__X15__Y18__P015.jpg,0.820885,21.109068,ok
EES0423603__X18__Y12__P016.jpg,0.642180,16.214197,ok
EES0423603__X18__Y15__P017.jpg,0.871973,21.776105,ok
EES0423603__X1B__Y12__P018.jpg,0.607566,17.418915,ok
EES0423603__X1B__Y15__P019.jpg,0.597849,16.261357,ok
EES0423603__X1B__Y18__P020.jpg,0.884444,19.012188,ok
EES0423603__X1B__Y1E__P021.jpg,0.751748,20.565591,ok
EES0423603__X1E__Y12__P022.jpg,0.861032,21.627975,ok
EES0423603__X1E__Y15__P023.jpg,0.965208,20.706184,ok
EES0423603__X1E__Y18__P024.jpg,0.677614,17.663683,ok
EES0423603__X1E__Y21__P025.jpg,0.609446,16.600445,ok
EES0423604__X1E__Y24__P001.jpg,0.671765,16.574986,ok
EES0423604__X21__Y21__P002.jpg,0.692834,18.643939,ok
EES0423604__X21__Y33__P003.jpg,0.830788,21.508097,ok
EES0423604__X24__Y09__P004.jpg,0.914444,20.328503,ok
EES0423604__X24__Y1E__P005.jpg,0.816308,20.486114,ok
EES0423604__X24__Y21__P006.jpg,0.732819,19.107442,ok
EES0423604__X24__Y33__P007.jpg,0.786172,18.684214,ok
EES0423604__X27__Y09__P008.jpg,0.812287,19.695268,ok
EES0423604__X27__Y30__P009.jpg,0.860494,19.608875,ok
EES0423604__X27__Y33__P010.jpg,0.613737,17.012471,ok
EES0423604__X2A__Y09__P011.jpg,0.719602,18.444477,ok
EES0423604__X2A__Y18__P012.jpg,0.920525,18.849406,ok
EES0423604__X2A__Y1B__P013.jpg,0.606855,16.424040,ok
EES0423604__X2A__Y1E__P014.jpg,0.667056,18.286228,ok
EES0423604__X2A__Y27__P015.jpg,0.878396,18.691242,ok
EES0423604__X2A__Y39__P016.jpg,0.877546,19.941464,ok
EES0423604__X2A__Y3C__P017.jpg,0.694303,21.794310,ok
EES0423604__X2D__Y24__P018.jpg,0.837782,20.806403,ok
EES0423604__X2D__Y3C__P019.jpg,0.779669,20.548402,ok
EES0423604__X30__Y30__P020.jpg,0.782490,20.841160,ok
EES0423604__X3C__Y24__P021.jpg,0.849758,22.137602,ok
EES0423604__X3C__Y27__P022.jpg,0.633694,17.306977,ok
EES0423604__X3C__Y2A__P023.jpg,0.838456,20.575635,ok
EES0423604__X3C__Y2D__P024.jpg,0.817349,19.433666,ok
EES0423604__X3C__Y30__P025.jpg,0.902503,20.142466,ok
EES0423605__X39__Y1B__P001.jpg,0.863916,19.022737,ok
EES0423605__X39__Y21__P002.jpg,0.877426,16.308049,ok
EES0423605__X39__Y24__P003.jpg,0.914546,18.271036,ok
EES0423605__X45__Y45__P004.jpg,0.960611,25.021286,ok
EES0423605__X0F__Y2A__P005.jpg,0.981258,24.322070,ok
EES0423605__X12__Y33__P006.jpg,0.722598,16.995531,ok
EES0423605__X15__Y2A__P007.jpg,0.866553,20.920115,ok
EES0423605__X18__Y30__P008.jpg,0.734286,18.062405,ok
EES0423605__X18__Y3C__P009.jpg,0.748673,18.371767,ok
EES0423605__X18__Y3F__P010.jpg,0.816482,20.179971,ok
EES0423605__X1B__Y2D__P011.jpg,0.695551,16.648736,ok
EES0423605__X1B__Y30__P012.jpg,0.862379,20.925648,ok
EES0423605__X1B__Y33__P013.jpg,0.913501,20.410083,ok
EES0423605__X1B__Y36__P014.jpg,0.842997,19.889418,ok
EES0423605__X1B__Y39__P015.jpg,0.734378,15.939193,ok
EES0423605__X1B__Y3C__P016.jpg,0.864990,21.963115,ok
EES0423605__X1E__Y2D__P017.jpg,0.668613,16.509034,ok
EES0423605__X1E__Y33__P018.jpg,0.599578,17.121216,ok
EES0423605__X1E__Y36__P019.jpg,0.784886,19.252589,ok
EES0423605__X1E__Y3F__P020.jpg,0.808061,19.806520,ok
EES0423605__X1E__Y42__P021.jpg,0.938012,20.369638,ok
EES0423605__X21__Y18__P022.jpg,0.694053,16.490660,ok
EES0423605__X21__Y2D__P023.jpg,0.813624,19.918663,ok
EES0423605__X21__Y30__P024.jpg,0.958139,19.952500,ok
EES0423605__X21__Y33__P025.jpg,0.755614,18.536958,ok
EES0423606__X21__Y36__P001.jpg,0.591730,15.594155,ok
EES0423606__X21__Y39__P002.jpg,0.889719,19.426985,ok
EES0423606__X21__Y42__P003.jpg,0.850457,21.412579,ok
EES0423606__X24__Y2D__P004.jpg,0.609631,15.687948,ok
EES0423606__X24__Y30__P005.jpg,0.742218,19.069527,ok
EES0423606__X24__Y3C__P006.jpg,0.923405,19.299883,ok
EES0423606__X24__Y3F__P007.jpg,0.746175,18.171463,ok
EES0423606__X24__Y42__P008.jpg,0.796526,18.149033,ok
EES0423606__X27__Y36__P009.jpg,0.671348,16.129991,ok
EES0423606__X27__Y3F__P010.jpg,0.779649,16.620470,ok
EES0423606__X2A__Y21__P011.jpg,0.730934,16.856641,ok
EES0423606__X2A__Y33__P012.jpg,0.818867,19.814950,ok
EES0423606__X2A__Y36__P013.jpg,0.776795,18.562416,ok
EES0423606__X2A__Y3F__P014.jpg,0.802264,19.874167,ok
EES0423606__X2D__Y36__P015.jpg,0.806339,18.760531,ok
EES0423606__X30__Y36__P016.jpg,0.764702,18.594462,ok
EES0423606__X30__Y39__P017.jpg,0.934732,20.697783,ok
EES0423606__X33__Y30__P018.jpg,0.861013,21.075458,ok
EES0423606__X33__Y33__P019.jpg,0.556702,15.610512,ok
EES0423606__X33__Y39__P020.jpg,0.822541,20.235268,ok
EES0423606__X36__Y2D__P021.jpg,0.723893,15.443508,ok
EES0423606__X36__Y30__P022.jpg,0.940737,19.676258,ok
EES0423606__X36__Y33__P023.jpg,0.560795,16.286645,ok
EES0423606__X36__Y36__P024.jpg,0.788711,18.875217,ok
EES0423606__X36__Y3C__P025.jpg,0.752295,16.166818,ok
EES0423607__X39__Y2D__P001.jpg,0.907945,19.390968,ok
EES0423607__X3C__Y2D__P002.jpg,0.725824,16.638519,ok
EES0423607__X3C__Y30__P003.jpg,0.685248,16.255733,ok
EES0423607__X42__Y2D__P004.jpg,0.710924,17.659361,ok
EES0423607__X0F__Y1E__P005.jpg,0.744560,18.258173,ok
EES0423607__X0F__Y21__P006.jpg,0.766814,20.141848,ok
EES0423607__X0F__Y24__P007.jpg,0.857052,21.270124,ok
EES0423607__X0F__Y27__P008.jpg,0.939110,19.830402,ok
EES0423607__X12__Y1E__P009.jpg,0.579603,17.789389,ok
EES0423607__X15__Y33__P010.jpg,0.791136,19.994009,ok
EES0423607__X24__Y33__P011.jpg,0.683740,16.930030,ok
EES0423607__X33__Y1B__P012.jpg,0.749327,19.148342,ok
EES0423607__X36__Y1B__P013.jpg,0.848020,20.945174,ok
EES0423607__X3C__Y1B__P014.jpg,0.706815,19.730217,ok
EES0423607__X0C__Y30__P015.jpg,0.956242,22.887783,ok
EES0423607__X0F__Y21__P016.jpg,0.915693,21.574222,ok
EES0423607__X0F__Y27__P017.jpg,0.926016,21.827215,ok
EES0423607__X0F__Y2D__P018.jpg,0.927943,22.112980,ok
EES0423607__X0F__Y30__P019.jpg,0.951851,21.294907,ok
EES0423607__X12__Y18__P020.jpg,0.938346,21.277593,ok
EES0423607__X12__Y24__P021.jpg,0.743905,20.033156,ok
EES0423607__X12__Y2A__P022.jpg,0.573005,16.255521,ok
EES0423607__X12__Y33__P023.jpg,0.804561,21.678652,ok
EES0423607__X15__Y18__P024.jpg,0.654087,19.057951,ok
EES0423607__X18__Y0F__P025.jpg,0.772574,20.584932,ok
EES0423608__X3F__Y3F__P001.jpg,0.967434,21.539657,ok
EES0423608__X0F__Y21__P002.jpg,0.930941,19.223215,ok
EES0423608__X0F__Y27__P003.jpg,0.952603,21.363902,ok
EES0423608__X12__Y24__P004.jpg,0.922659,19.594855,ok
EES0423608__X15__Y15__P005.jpg,0.935220,21.335349,ok
EES0423608__X18__Y18__P006.jpg,0.810580,21.549150,ok
EES0423608__X18__Y1B__P007.jpg,0.932344,19.461004,ok
EES0423608__X18__Y1E__P008.jpg,0.885014,20.296022,ok
EES0423608__X1B__Y1B__P009.jpg,0.896598,20.715634,ok
EES0423608__X1B__Y21__P010.jpg,0.878931,18.572552,ok
EES0423608__X1B__Y24__P011.jpg,0.859712,20.855892,ok
EES0423608__X1B__Y33__P012.jpg,0.861696,19.878575,ok
EES0423608__X1E__Y15__P013.jpg,0.908263,19.115013,ok
EES0423608__X1E__Y18__P014.jpg,0.960043,20.877550,ok
EES0423608__X1E__Y21__P015.jpg,0.862809,20.247452,ok
EES0423608__X1E__Y24__P016.jpg,0.966574,23.819300,ok
EES0423608__X1E__Y27__P017.jpg,0.948014,20.532275,ok
EES0423608__X1E__Y2D__P018.jpg,0.926763,21.103877,ok
EES0423608__X1E__Y30__P019.jpg,0.897323,20.075478,ok
EES0423608__X1E__Y33__P020.jpg,0.939309,20.246367,ok
EES0423608__X21__Y0C__P021.jpg,0.906202,20.160908,ok
EES0423608__X21__Y0F__P022.jpg,0.738758,17.737549,ok
EES0423608__X21__Y12__P023.jpg,0.949078,21.834855,ok
EES0423608__X21__Y15__P024.jpg,0.973939,20.791230,ok
EES0423608__X21__Y1B__P025.jpg,0.881374,20.553388,ok
EES0423609__X09__Y1E__P001.jpg,0.820377,19.667113,ok
EES0423609__X09__Y21__P002.jpg,0.557558,16.478891,ok
EES0423609__X09__Y27__P003.jpg,0.556952,15.222653,ok
EES0423609__X09__Y30__P004.jpg,0.626874,17.202094,ok
EES0423609__X09__Y33__P005.jpg,0.628247,15.935957,ok
EES0423609__X09__Y36__P006.jpg,0.923797,19.839239,ok
EES0423609__X0C__Y1B__P007.jpg,0.589720,15.403906,ok
EES0423609__X15__Y0C__P008.jpg,0.791863,19.159091,ok
EES0423609__X18__Y45__P009.jpg,0.944669,20.561217,ok
EES0423609__X1B__Y09__P010.jpg,0.938131,20.689745,ok
EES0423609__X1B__Y45__P011.jpg,0.814391,18.899921,ok
EES0423609__X1E__Y09__P012.jpg,0.684275,16.639517,ok
EES0423609__X1E__Y45__P013.jpg,0.657242,16.317734,ok
EES0423609__X21__Y45__P014.jpg,0.569331,15.838211,ok
EES0423609__X30__Y45__P015.jpg,0.691022,17.132047,ok
EES0423609__X33__Y09__P016.jpg,0.814440,20.993866,ok
EES0423609__X33__Y45__P017.jpg,0.929231,19.658249,ok
EES0423609__X45__Y18__P018.jpg,0.973062,23.558020,ok
EES0423609__X48__Y27__P019.jpg,0.965459,24.477424,ok
EES0423609__X12__Y0F__P020.jpg,0.915729,20.179919,ok
EES0423609__X12__Y12__P021.jpg,0.811632,21.758268,ok
EES0423609__X12__Y1E__P022.jpg,0.824796,21.516066,ok
EES0423609__X12__Y27__P023.jpg,0.875440,20.756606,ok
EES0423609__X12__Y2A__P024.jpg,0.938674,20.750151,ok
EES0423609__X15__Y15__P025.jpg,0.855311,21.716633,ok
EES0423610__X15__Y2A__P001.jpg,0.920236,20.591130,ok
EES0423610__X18__Y18__P002.jpg,0.605604,16.272195,ok
EES0423610__X18__Y27__P003.jpg,0.665556,18.229331,ok
EES0423610__X1B__Y0C__P004.jpg,0.767236,21.104687,ok
EES0423610__X1B__Y18__P005.jpg,0.651677,15.628947,ok
EES0423610__X1B__Y27__P006.jpg,0.813091,21.982367,ok
EES0423610__X1E__Y06__P007.jpg,0.829997,20.981708,ok
EES0423610__X1E__Y0C__P008.jpg,0.927685,21.222074,ok
EES0423610__X1E__Y0F__P009.jpg,0.896376,20.117221,ok
EES0423610__X1E__Y18__P010.jpg,0.871723,21.329761,ok
EES0423610__X1E__Y27__P011.jpg,0.890598,21.285574,ok
EES0423610__X1E__Y2A__P012.jpg,0.849915,21.898810,ok
EES0423610__X1E__Y30__P013.jpg,0.705103,18.754390,ok
EES0423610__X1E__Y33__P014.jpg,0.891580,20.718387,ok
EES0423610__X1E__Y39__P015.jpg,0.861464,22.496011,ok
EES0423610__X21__Y2A__P016.jpg,0.872372,22.128687,ok
EES0423610__X21__Y2D__P017.jpg,0.799058,22.434047,ok
EES0423610__X21__Y30__P018.jpg,0.937025,20.325028,ok
EES0423610__X21__Y33__P019.jpg,0.864887,22.060230,ok
EES0423610__X21__Y36__P020.jpg,0.921579,20.144988,ok
EES0423610__X24__Y09__P021.jpg,0.924319,19.760753,ok
EES0423610__X24__Y0C__P022.jpg,0.772274,21.945823,ok
EES0423610__X24__Y15__P023.jpg,0.925991,20.085404,ok
EES0423610__X24__Y18__P024.jpg,0.571573,17.193266,ok
EES0423610__X24__Y27__P025.jpg,0.919103,20.696064,ok
EES0423611__X0F__Y2A__P001.jpg,0.957600,20.492337,ok
EES0423611__X12__Y27__P002.jpg,0.649141,17.637877,ok
EES0423611__X12__Y2A__P003.jpg,0.808540,21.109193,ok
EES0423611__X12__Y30__P004.jpg,0.931662,21.454150,ok
EES0423611__X15__Y27__P005.jpg,0.976593,21.109981,ok
EES0423611__X18__Y3C__P006.jpg,0.594774,17.631285,ok
EES0423611__X18__Y3F__P007.jpg,0.785874,19.427491,ok
EES0423611__X1B__Y3C__P008.jpg,0.937833,19.588984,ok
EES0423611__X1E__Y30__P009.jpg,0.676968,17.856090,ok
EES0423611__X21__Y36__P010.jpg,0.699119,18.508772,ok
EES0423611__X21__Y3C__P011.jpg,0.927050,20.287712,ok
EES0423611__X24__Y39__P012.jpg,0.824623,20.583324,ok
EES0423611__X24__Y45__P013.jpg,0.953020,20.875479,ok
EES0423611__X27__Y39__P014.jpg,0.672877,16.389544,ok
EES0423611__X2A__Y39__P015.jpg,0.602586,16.206808,ok
EES0423611__X2A__Y3C__P016.jpg,0.878684,20.443131,ok
EES0423611__X2A__Y3F__P017.jpg,0.898851,20.028599,ok
EES0423611__X2A__Y42__P018.jpg,0.884678,21.202619,ok
EES0423611__X2D__Y3C__P019.jpg,0.747756,19.387729,ok
EES0423611__X2D__Y3F__P020.jpg,0.774989,20.677551,ok
EES0423611__X30__Y39__P021.jpg,0.809610,19.616545,ok
EES0423611__X30__Y3F__P022.jpg,0.638399,17.250737,ok
EES0423611__X30__Y42__P023.jpg,0.819768,20.790655,ok
EES0423611__X33__Y39__P024.jpg,0.961278,21.532833,ok
EES0423611__X33__Y3C__P025.jpg,0.674060,18.878058,ok
EES0423612__X3F__Y39__P001.jpg,0.721571,19.687725,ok
EES0423612__X48__Y2D__P002.jpg,0.744982,19.262880,ok
EES0423612__X06__Y18__P003.jpg,0.869087,19.887304,ok
EES0423612__X06__Y1B__P004.jpg,0.604394,16.767362,ok
EES0423612__X06__Y1E__P005.jpg,0.699759,16.677547,ok
EES0423612__X06__Y21__P006.jpg,0.536875,15.787966,ok
EES0423612__X06__Y24__P007.jpg,0.689782,19.793881,ok
EES0423612__X06__Y27__P008.jpg,0.830533,19.930010,ok
EES0423612__X06__Y2A__P009.jpg,0.623589,16.883849,ok
EES0423612__X06__Y2D__P010.jpg,0.815524,21.188955,ok
EES0423612__X06__Y30__P011.jpg,0.934017,20.144627,ok
EES0423612__X09__Y12__P012.jpg,0.975451,21.962436,ok
EES0423612__X09__Y2A__P013.jpg,0.690297,16.990207,ok
EES0423612__X09__Y2D__P014.jpg,0.664213,16.974203,ok
EES0423612__X09__Y30__P015.jpg,0.768509,21.054454,ok
EES0423612__X09__Y33__P016.jpg,0.587439,16.377380,ok
EES0423612__X09__Y36__P017.jpg,0.976001,23.260038,ok
EES0423612__X0C__Y2D__P018.jpg,0.531885,18.618259,ok
EES0423612__X0C__Y33__P019.jpg,0.651774,19.152010,ok
EES0423612__X0C__Y36__P020.jpg,0.845360,19.049930,ok
EES0423612__X0C__Y39__P021.jpg,0.898740,20.081334,ok
EES0423612__X0F__Y39__P022.jpg,0.864312,18.238967,ok
EES0423612__X12__Y09__P023.jpg,0.951449,21.187688,ok
EES0423612__X12__Y3C__P024.jpg,0.817319,22.634024,ok
EES0423612__X15__Y3F__P025.jpg,0.788935,18.386287,ok
EES0423613__X1B__Y39__P001.jpg,0.792001,20.224471,ok
EES0423613__X1E__Y24__P002.jpg,0.822324,16.288149,ok
EES0423613__X21__Y12__P003.jpg,0.901580,20.108715,ok
EES0423613__X21__Y15__P004.jpg,0.911181,19.908428,ok
EES0423613__X24__Y3C__P005.jpg,0.937746,19.710643,ok
EES0423613__X24__Y3F__P006.jpg,0.691774,16.646276,ok
EES0423613__X24__Y45__P007.jpg,0.950804,19.930279,ok
EES0423613__X2A__Y42__P008.jpg,0.963376,19.707016,ok
EES0423613__X2D__Y21__P009.jpg,0.847163,21.477717,ok
EES0423613__X30__Y15__P010.jpg,0.622845,17.085123,ok
EES0423613__X30__Y1E__P011.jpg,0.810744,21.659026,ok
EES0423613__X30__Y21__P012.jpg,0.828556,21.484763,ok
EES0423613__X30__Y24__P013.jpg,0.757557,20.612913,ok
EES0423613__X30__Y3F__P014.jpg,0.937690,21.296053,ok
EES0423613__X33__Y15__P015.jpg,0.859986,20.921527,ok
EES0423613__X33__Y24__P016.jpg,0.875101,19.862993,ok
EES0423613__X33__Y36__P017.jpg,0.754808,19.700608,ok
EES0423613__X33__Y3C__P018.jpg,0.917549,19.388475,ok
EES0423613__X36__Y12__P019.jpg,0.731761,18.324071,ok
EES0423613__X36__Y15__P020.jpg,0.787520,20.945646,ok
EES0423613__X36__Y18__P021.jpg,0.819507,20.714529,ok
EES0423613__X36__Y39__P022.jpg,0.740472,16.533479,ok
EES0423613__X0F__Y24__P023.jpg,0.688195,16.953995,ok
EES0423613__X1B__Y1B__P024.jpg,0.888653,17.876588,ok
EES0423613__X1B__Y21__P025.jpg,0.746133,17.976802,ok
EES0423614__X24__Y0C__P001.jpg,0.772508,18.869146,ok
EES0423614__X24__Y1E__P002.jpg,0.689867,17.406213,ok
EES0423614__X24__Y21__P003.jpg,0.690205,17.377286,ok
EES0423614__X24__Y27__P004.jpg,0.826618,20.716989,ok
EES0423614__X24__Y36__P005.jpg,0.867231,19.849431,ok
EES0423614__X27__Y1B__P006.jpg,0.691795,16.092893,ok
EES0423614__X2A__Y1E__P007.jpg,0.944295,19.345804,ok
EES0423614__X2D__Y1E__P008.jpg,0.667994,16.921133,ok
EES0423614__X2D__Y39__P009.jpg,0.928631,20.092494,ok
EES0423614__X30__Y15__P010.jpg,0.826584,21.245322,ok
EES0423614__X30__Y24__P011.jpg,0.913136,19.096344,ok
EES0423614__X33__Y21__P012.jpg,0.745470,17.269469,ok
EES0423614__X36__Y2A__P013.jpg,0.694696,15.866327,ok
EES0423614__X36__Y2D__P014.jpg,0.819052,18.952248,ok
EES0423614__X36__Y33__P015.jpg,0.928545,18.491631,ok
EES0423614__X3C__Y24__P016.jpg,0.817676,19.418344,ok
EES0423614__X3C__Y27__P017.jpg,0.783642,18.374819,ok
EES0423614__X3C__Y33__P018.jpg,0.923977,20.344206,ok
EES0423614__X3F__Y24__P019.jpg,0.747226,16.680331,ok
EES0423614__X3F__Y27__P020.jpg,0.919750,18.668000,ok
EES0423614__X0C__Y1B__P021.jpg,0.816340,20.508809,ok
EES0423614__X0C__Y1E__P022.jpg,0.643808,16.962340,ok
EES0423614__X0C__Y21__P023.jpg,0.924233,19.711709,ok
EES0423614__X0C__Y30__P024.jpg,0.704361,16.751997,ok
EES0423614__X0F__Y1B__P025.jpg,0.770265,19.215990,ok
EES0423615__X45__Y27__P001.jpg,0.812190,19.360483,ok
EES0423615__X45__Y2A__P002.jpg,0.803846,17.565395,ok
EES0423615__X0F__Y1B__P003.jpg,0.749273,16.984574,ok
EES0423615__X12__Y1E__P004.jpg,0.725740,17.429675,ok
EES0423615__X21__Y0C__P005.jpg,0.833341,19.247483,ok
EES0423615__X21__Y0F__P006.jpg,0.745698,16.933801,ok
EES0423615__X27__Y36__P007.jpg,0.806788,19.045328,ok
EES0423615__X30__Y0F__P008.jpg,0.680416,16.302563,ok
EES0423615__X33__Y0F__P009.jpg,0.686122,16.557447,ok
EES0423615__X36__Y0F__P010.jpg,0.964451,19.408713,ok
EES0423615__X3C__Y1E__P011.jpg,0.698479,15.660423,ok
EES0423615__X3C__Y21__P012.jpg,0.591411,14.921176,ok
EES0423615__X0C__Y2A__P013.jpg,0.939426,24.983497,ok
EES0423615__X12__Y27__P014.jpg,0.817337,21.393368,ok
EES0423615__X1E__Y15__P015.jpg,0.919124,20.703783,ok
EES0423615__X1E__Y18__P016.jpg,0.926858,21.303572,ok
EES0423615__X1E__Y42__P017.jpg,0.704174,18.095214,ok
EES0423615__X21__Y2A__P018.jpg,0.846737,20.816814,ok
EES0423615__X24__Y12__P019.jpg,0.901349,18.967518,ok
EES0423615__X24__Y15__P020.jpg,0.957492,22.869556,ok
EES0423615__X24__Y18__P021.jpg,0.977935,25.670092,ok
EES0423615__X24__Y2A__P022.jpg,0.919939,20.285548,ok
EES0423615__X24__Y30__P023.jpg,0.870935,20.891203,ok
EES0423615__X24__Y42__P024.jpg,0.896308,19.929138,ok
EES0423615__X27__Y12__P025.jpg,0.905877,22.493145,ok
EES0423616__X18__Y09__P001.jpg,0.801125,21.230021,ok
EES0423616__X1B__Y0C__P002.jpg,0.805923,20.299836,ok
EES0423616__X1B__Y12__P003.jpg,0.751706,19.465818,ok
EES0423616__X1E__Y0C__P004.jpg,0.700213,20.429632,ok
EES0423616__X21__Y18__P005.jpg,0.659376,17.410816,ok
EES0423616__X24__Y15__P006.jpg,0.822427,19.416905,ok
EES0423616__X24__Y18__P007.jpg,0.736491,19.370007,ok
EES0423616__X27__Y0C__P008.jpg,0.774469,19.719176,ok
EES0423616__X2A__Y0C__P009.jpg,0.809385,19.158151,ok
EES0423616__X3C__Y09__P010.jpg,0.952148,21.484338,ok
EES0423616__X0F__Y18__P011.jpg,0.824358,19.875297,ok
EES0423616__X0F__Y1B__P012.jpg,0.659451,16.186049,ok
EES0423616__X18__Y0C__P013.jpg,0.848996,20.425055,ok
EES0423616__X1B__Y09__P014.jpg,0.883070,19.675996,ok
EES0423616__X1B__Y0C__P015.jpg,0.757082,17.715049,ok
EES0423616__X1E__Y09__P016.jpg,0.653755,16.815586,ok
EES0423616__X24__Y06__P017.jpg,0.856498,21.195899,ok
EES0423616__X2A__Y45__P018.jpg,0.863069,20.059099,ok
EES0423616__X2D__Y06__P019.jpg,0.791379,18.893148,ok
EES0423616__X2D__Y45__P020.jpg,0.951851,21.501464,ok
EES0423616__X30__Y06__P021.jpg,0.911424,20.782933,ok
EES0423616__X30__Y09__P022.jpg,0.583461,15.972569,ok
EES0423616__X42__Y0F__P023.jpg,0.946694,21.452532,ok
EES0423616__X48__Y18__P024.jpg,0.946107,20.392140,ok
EES0423616__X48__Y1B__P025.jpg,0.739962,17.647122,ok
EES0423617__X15__Y12__P001.jpg,0.736857,15.481459,ok
EES0423617__X15__Y15__P002.jpg,0.802665,21.776451,ok
EES0423617__X15__Y18__P003.jpg,0.861447,20.502631,ok
EES0423617__X15__Y1B__P004.jpg,0.623206,16.778655,ok
EES0423617__X15__Y30__P005.jpg,0.664707,17.624900,ok
EES0423617__X18__Y12__P006.jpg,0.731691,17.569251,ok
EES0423617__X1B__Y12__P007.jpg,0.803033,20.965139,ok
EES0423617__X1B__Y33__P008.jpg,0.581869,15.712644,ok
EES0423617__X1E__Y0C__P009.jpg,0.948011,22.495890,ok
EES0423617__X1E__Y0F__P010.jpg,0.920193,19.186741,ok
EES0423617__X1E__Y12__P011.jpg,0.560075,16.047013,ok
EES0423617__X1E__Y15__P012.jpg,0.731315,18.848609,ok
EES0423617__X21__Y0C__P013.jpg,0.644130,17.166665,ok
EES0423617__X24__Y0C__P014.jpg,0.672796,17.035190,ok
EES0423617__X24__Y0F__P015.jpg,0.708185,18.539222,ok
EES0423617__X24__Y45__P016.jpg,0.971796,24.176309,ok
EES0423617__X27__Y0C__P017.jpg,0.583126,15.687557,ok
EES0423617__X2D__Y0C__P018.jpg,0.741472,15.992505,ok
EES0423617__X30__Y0C__P019.jpg,0.563712,15.977402,ok
EES0423617__X3F__Y12__P020.jpg,0.737184,20.099846,ok
EES0423617__X3F__Y30__P021.jpg,0.823958,20.620219,ok
EES0423617__X45__Y1B__P022.jpg,0.703465,17.838939,ok
EES0423617__X45__Y2D__P023.jpg,0.855435,21.991571,ok
EES0423617__X12__Y1B__P024.jpg,0.864875,20.406230,ok
EES0423617__X12__Y1E__P025.jpg,0.916329,21.564164,ok
EES0423618__X12__Y21__P001.jpg,0.776381,19.017814,ok
EES0423618__X12__Y24__P002.jpg,0.705530,16.961095,ok
EES0423618__X18__Y1B__P003.jpg,0.815417,20.125734,ok
EES0423618__X18__Y1E__P004.jpg,0.688832,17.612273,ok
EES0423618__X1B__Y18__P005.jpg,0.939716,20.349240,ok
EES0423618__X1B__Y1B__P006.jpg,0.863816,19.449092,ok
EES0423618__X1B__Y1E__P007.jpg,0.802427,19.222149,ok
EES0423618__X1E__Y18__P008.jpg,0.847945,20.529551,ok
EES0423618__X1E__Y1B__P009.jpg,0.771788,18.564186,ok
EES0423618__X24__Y0C__P010.jpg,0.839511,20.597646,ok
EES0423618__X24__Y0F__P011.jpg,0.705114,17.082111,ok
EES0423618__X24__Y12__P012.jpg,0.844476,20.557617,ok
EES0423618__X24__Y15__P013.jpg,0.663596,16.714657,ok
EES0423618__X24__Y18__P014.jpg,0.731560,16.030583,ok
EES0423618__X24__Y1B__P015.jpg,0.820323,20.939924,ok
EES0423618__X27__Y12__P016.jpg,0.652433,16.357649,ok
EES0423618__X27__Y15__P017.jpg,0.577787,15.398717,ok
EES0423618__X27__Y18__P018.jpg,0.739893,18.478854,ok
EES0423618__X27__Y1B__P019.jpg,0.659719,16.400554,ok
EES0423618__X2A__Y15__P020.jpg,0.600477,16.312813,ok
EES0423618__X2A__Y18__P021.jpg,0.814214,20.190107,ok
EES0423618__X2A__Y1B__P022.jpg,0.545033,15.583626,ok
EES0423618__X2D__Y09__P023.jpg,0.729781,18.781593,ok
EES0423618__X2D__Y0C__P024.jpg,0.846292,21.787927,ok
EES0423618__X2D__Y12__P025.jpg,0.651146,16.783598,ok
EES0423619__X42__Y2D__P001.jpg,0.928474,21.682572,ok
EES0423619__X42__Y30__P002.jpg,0.807018,20.493436,ok
EES0423619__X42__Y33__P003.jpg,0.562188,15.202116,ok
EES0423619__X09__Y18__P004.jpg,0.828638,21.471852,ok
EES0423619__X09__Y1B__P005.jpg,0.926079,19.909298,ok
EES0423619__X09__Y1E__P006.jpg,0.784467,20.420414,ok
EES0423619__X09__Y21__P007.jpg,0.815671,19.698782,ok
EES0423619__X09__Y24__P008.jpg,0.920983,20.156623,ok
EES0423619__X09__Y27__P009.jpg,0.853926,19.413641,ok
EES0423619__X0C__Y24__P010.jpg,0.914047,19.498521,ok
EES0423619__X0F__Y12__P011.jpg,0.626747,16.193545,ok
EES0423619__X18__Y09__P012.jpg,0.952550,20.395491,ok
EES0423619__X1E__Y33__P013.jpg,0.685899,18.623014,ok
EES0423619__X21__Y09__P014.jpg,0.652203,16.685328,ok
EES0423619__X24__Y06__P015.jpg,0.937212,21.067668,ok
EES0423619__X27__Y06__P016.jpg,0.819349,20.762222,ok
EES0423619__X2A__Y06__P017.jpg,0.967609,20.189380,ok
EES0423619__X33__Y0F__P018.jpg,0.784621,18.832750,ok
EES0423619__X33__Y12__P019.jpg,0.658568,16.972814,ok
EES0423619__X33__Y1B__P020.jpg,0.699971,17.752508,ok
EES0423619__X36__Y1B__P021.jpg,0.685424,18.009102,ok
EES0423619__X15__Y24__P022.jpg,0.731193,17.407577,ok
EES0423619__X18__Y21__P023.jpg,0.777817,18.365989,ok
EES0423619__X18__Y24__P024.jpg,0.714541,17.305731,ok
EES0423619__X18__Y2D__P025.jpg,0.719626,17.009321,ok
EES0423620__X1B__Y24__P001.jpg,0.625962,17.356120,ok
EES0423620__X1B__Y2D__P002.jpg,0.802109,18.608355,ok
EES0423620__X1E__Y1E__P003.jpg,0.714763,17.499379,ok
EES0423620__X1E__Y24__P004.jpg,0.641176,17.769859,ok
EES0423620__X21__Y12__P005.jpg,0.771850,16.060191,ok
EES0423620__X24__Y39__P006.jpg,0.751223,17.865547,ok
EES0423620__X2A__Y24__P007.jpg,0.640148,17.139889,ok
EES0423620__X2A__Y36__P008.jpg,0.826626,17.922698,ok
EES0423620__X2A__Y39__P009.jpg,0.676661,17.333643,ok
EES0423620__X2D__Y21__P010.jpg,0.697165,17.652110,ok
EES0423620__X2D__Y36__P011.jpg,0.780027,17.477521,ok
EES0423620__X2D__Y39__P012.jpg,0.839919,20.257547,ok
EES0423620__X33__Y36__P013.jpg,0.855074,20.283861,ok
EES0423620__X3C__Y18__P014.jpg,0.824131,19.592069,ok
EES0423620__X3C__Y21__P015.jpg,0.772279,17.075220,ok
EES0423620__X3C__Y2D__P016.jpg,0.911520,19.371214,ok
EES0423620__X3C__Y30__P017.jpg,0.886953,20.331630,ok
EES0423620__X3F__Y15__P018.jpg,0.854504,20.759804,ok
EES0423620__X3F__Y24__P019.jpg,0.826871,19.519161,ok
EES0423620__X42__Y15__P020.jpg,0.850957,20.328096,ok
EES0423620__X42__Y21__P021.jpg,0.837319,19.125452,ok
EES0423620__X42__Y24__P022.jpg,0.739565,17.762784,ok
EES0423620__X0C__Y1B__P023.jpg,0.818797,18.212968,ok
EES0423620__X0C__Y1E__P024.jpg,0.923576,19.156330,ok
EES0423620__X0C__Y21__P025.jpg,0.949544,19.390735,ok
EES0423621__X0C__Y24__P001.jpg,0.845697,22.177885,ok
EES0423621__X0C__Y27__P002.jpg,0.746473,19.915794,ok
EES0423621__X0C__Y2D__P003.jpg,0.970120,23.048901,ok
EES0423621__X0F__Y1B__P004.jpg,0.710555,18.820864,ok
EES0423621__X0F__Y21__P005.jpg,0.777921,20.732778,ok
EES0423621__X0F__Y2A__P006.jpg,0.722375,18.453784,ok
EES0423621__X0F__Y2D__P007.jpg,0.751361,19.567694,ok
EES0423621__X0F__Y30__P008.jpg,0.888456,20.253832,ok
EES0423621__X12__Y0F__P009.jpg,0.940717,22.360562,ok
EES0423621__X12__Y2D__P010.jpg,0.799051,20.340776,ok
EES0423621__X12__Y30__P011.jpg,0.794262,19.917473,ok
EES0423621__X12__Y39__P012.jpg,0.906510,20.345191,ok
EES0423621__X15__Y30__P013.jpg,0.794824,19.119043,ok
EES0423621__X15__Y33__P014.jpg,0.608049,15.746106,ok
EES0423621__X15__Y36__P015.jpg,0.822471,20.570863,ok
EES0423621__X15__Y39__P016.jpg,0.865062,19.402406,ok
EES0423621__X18__Y36__P017.jpg,0.662755,17.538066,ok
EES0423621__X18__Y39__P018.jpg,0.792822,20.460466,ok
EES0423621__X1B__Y39__P019.jpg,0.789916,19.730547,ok
EES0423621__X1B__Y3C__P020.jpg,0.923148,20.087078,ok
EES0423621__X1B__Y3F__P021.jpg,0.898016,21.036256,ok
EES0423621__X1E__Y39__P022.jpg,0.915626,18.850577,ok
EES0423621__X1E__Y3F__P023.jpg,0.891294,20.178358,ok
EES0423621__X21__Y3F__P024.jpg,0.843319,19.572682,ok
EES0423621__X24__Y3C__P025.jpg,0.685588,18.554305,ok
EES0423622__X09__Y2A__P001.jpg,0.942579,19.292022,ok
EES0423622__X09__Y2D__P002.jpg,0.752839,18.589866,ok
EES0423622__X0C__Y12__P003.jpg,0.925352,21.601152,ok
EES0423622__X0C__Y15__P004.jpg,0.739445,19.817977,ok
EES0423622__X0C__Y18__P005.jpg,0.686347,17.792247,ok
EES0423622__X0C__Y24__P006.jpg,0.649451,17.099285,ok
EES0423622__X0C__Y2A__P007.jpg,0.670318,17.141335,ok
EES0423622__X0C__Y2D__P008.jpg,0.774906,20.040518,ok
EES0423622__X0C__Y30__P009.jpg,0.856126,20.371658,ok
EES0423622__X0F__Y36__P010.jpg,0.877019,20.152602,ok
EES0423622__X12__Y36__P011.jpg,0.653572,16.840658,ok
EES0423622__X15__Y09__P012.jpg,0.957488,21.508670,ok
EES0423622__X15__Y3C__P013.jpg,0.873004,19.434948,ok
EES0423622__X1B__Y06__P014.jpg,0.968710,21.459179,ok
EES0423622__X1E__Y06__P015.jpg,0.805805,19.642162,ok
EES0423622__X21__Y06__P016.jpg,0.699131,18.163143,ok
EES0423622__X2D__Y42__P017.jpg,0.616996,16.393298,ok
EES0423622__X30__Y06__P018.jpg,0.904990,18.128141,ok
EES0423622__X30__Y42__P019.jpg,0.823137,20.607694,ok
EES0423622__X33__Y09__P020.jpg,0.829024,20.868816,ok
EES0423622__X33__Y42__P021.jpg,0.969821,22.562626,ok
EES0423622__X39__Y3F__P022.jpg,0.967043,21.627077,ok
EES0423622__X45__Y1E__P023.jpg,0.606204,16.244076,ok
EES0423622__X45__Y2A__P024.jpg,0.849257,20.319185,ok
EES0423622__X45__Y2D__P025.jpg,0.958708,21.023316,ok
EES0423623__X45__Y36__P001.jpg,0.950746,24.154080,ok
EES0423623__X48__Y36__P002.jpg,0.976029,25.002800,ok
EES0423623__X48__Y42__P003.jpg,0.976120,22.737247,ok
EES0423623__X06__Y15__P004.jpg,0.800393,21.881467,ok
EES0423623__X06__Y18__P005.jpg,0.913211,20.412716,ok
EES0423623__X06__Y1B__P006.jpg,0.707697,17.010529,ok
EES0423623__X06__Y1E__P007.jpg,0.662377,19.310181,ok
EES0423623__X06__Y21__P008.jpg,0.731972,18.956584,ok
EES0423623__X06__Y24__P009.jpg,0.747277,18.847572,ok
EES0423623__X06__Y27__P010.jpg,0.732779,17.321091,ok
EES0423623__X06__Y2A__P011.jpg,0.843943,20.548537,ok
EES0423623__X06__Y2D__P012.jpg,0.680261,16.614500,ok
EES0423623__X06__Y30__P013.jpg,0.840248,20.139676,ok
EES0423623__X06__Y33__P014.jpg,0.820929,18.855229,ok
EES0423623__X09__Y12__P015.jpg,0.926849,20.723603,ok
EES0423623__X09__Y15__P016.jpg,0.824273,20.586251,ok
EES0423623__X09__Y18__P017.jpg,0.768940,21.600685,ok
EES0423623__X09__Y1B__P018.jpg,0.629579,16.471118,ok
EES0423623__X09__Y21__P019.jpg,0.648120,16.467936,ok
EES0423623__X09__Y24__P020.jpg,0.632594,16.701422,ok
EES0423623__X09__Y27__P021.jpg,0.597778,16.361188,ok
EES0423623__X09__Y2D__P022.jpg,0.804261,19.301243,ok
EES0423623__X09__Y30__P023.jpg,0.820191,18.620264,ok
EES0423623__X09__Y36__P024.jpg,0.824521,20.110514,ok
EES0423623__X0C__Y12__P025.jpg,0.839942,20.634843,ok
EES0423624__X2D__Y2D__P001.jpg,0.855912,21.268086,ok
EES0423624__X2D__Y36__P002.jpg,0.809063,21.085994,ok
EES0423624__X2D__Y39__P003.jpg,0.801462,21.971451,ok
EES0423624__X2D__Y3C__P004.jpg,0.888816,20.157717,ok
EES0423624__X30__Y0C__P005.jpg,0.782994,22.180782,ok
EES0423624__X30__Y27__P006.jpg,0.802723,21.987291,ok
EES0423624__X30__Y2D__P007.jpg,0.797316,21.265457,ok
EES0423624__X33__Y0F__P008.jpg,0.747867,21.027448,ok
EES0423624__X33__Y24__P009.jpg,0.707587,18.989226,ok
EES0423624__X33__Y3C__P010.jpg,0.800843,20.711075,ok
EES0423624__X36__Y3C__P011.jpg,0.792554,21.894238,ok
EES0423624__X3F__Y27__P012.jpg,0.801540,20.812722,ok
EES0423624__X3F__Y2D__P013.jpg,0.603477,16.730233,ok
EES0423624__X3F__Y30__P014.jpg,0.841358,21.749968,ok
EES0423624__X42__Y2A__P015.jpg,0.688159,18.507763,ok
EES0423624__X42__Y2D__P016.jpg,0.625026,19.127143,ok
EES0423624__X42__Y30__P017.jpg,0.795767,21.199149,ok
EES0423624__X45__Y2A__P018.jpg,0.767954,18.958180,ok
EES0423624__X45__Y2D__P019.jpg,0.780951,18.826459,ok
EES0423624__X45__Y30__P020.jpg,0.780152,21.120231,ok
EES0423624__X18__Y3F__P021.jpg,0.817205,20.576014,ok
EES0423624__X1E__Y42__P022.jpg,0.781630,19.925048,ok
EES0423624__X27__Y06__P023.jpg,0.968756,20.503411,ok
EES0423624__X3C__Y0C__P024.jpg,0.979675,25.948605,ok
EES0423624__X3F__Y3C__P025.jpg,0.758153,17.891322,ok
EES0423625__X0C__Y24__P001.jpg,0.702840,17.101360,ok
EES0423625__X0C__Y27__P002.jpg,0.887612,18.666598,ok
EES0423625__X0C__Y2A__P003.jpg,0.867479,18.477428,ok
EES0423625__X0F__Y2D__P004.jpg,0.740225,16.996438,ok
EES0423625__X12__Y30__P005.jpg,0.716114,17.132380,ok
EES0423625__X1B__Y39__P006.jpg,0.839597,19.341010,ok
EES0423625__X1E__Y36__P007.jpg,0.697759,17.139820,ok
EES0423625__X1E__Y39__P008.jpg,0.695143,17.021840,ok
EES0423625__X1E__Y3C__P009.jpg,0.937639,19.874379,ok
EES0423625__X21__Y36__P010.jpg,0.739872,16.746806,ok
EES0423625__X21__Y39__P011.jpg,0.648220,16.414995,ok
EES0423625__X21__Y3C__P012.jpg,0.842170,19.088337,ok
EES0423625__X24__Y3C__P013.jpg,0.805105,19.243060,ok
EES0423625__X27__Y3C__P014.jpg,0.770474,17.343914,ok
EES0423625__X2A__Y3C__P015.jpg,0.611348,17.094870,ok
EES0423625__X2D__Y3C__P016.jpg,0.726903,17.474942,ok
EES0423625__X33__Y3C__P017.jpg,0.973795,22.871139,ok
EES0423625__X39__Y06__P018.jpg,0.865242,20.075097,ok
EES0423625__X3C__Y36__P019.jpg,0.962757,21.075337,ok
EES0423625__X3F__Y33__P020.jpg,0.969729,22.653221,ok
EES0423625__X45__Y1B__P021.jpg,0.962901,20.655052,ok
EES0423625__X45__Y1E__P022.jpg,0.823108,19.029832,ok
EES0423625__X45__Y21__P023.jpg,0.936877,19.316525,ok
EES0423625__X45__Y24__P024.jpg,0.928118,19.902554,ok
EES0423625__X21__Y3F__P025.jpg,0.952656,21.792968,ok
EES0423626__X3F__Y24__P001.jpg,0.885143,19.859954,ok
EES0423626__X3F__Y27__P002.jpg,0.806423,19.955559,ok
EES0423626__X06__Y33__P003.jpg,0.692194,19.427465,ok
EES0423626__X18__Y27__P004.jpg,0.864342,19.589999,ok
EES0423626__X18__Y42__P005.jpg,0.798624,19.365732,ok
EES0423626__X1B__Y18__P006.jpg,0.857982,19.833488,ok
EES0423626__X1B__Y24__P007.jpg,0.726678,17.161199,ok
EES0423626__X1B__Y27__P008.jpg,0.870134,20.018014,ok
EES0423626__X1B__Y2A__P009.jpg,0.754612,19.054827,ok
EES0423626__X1B__Y30__P010.jpg,0.897706,20.611584,ok
EES0423626__X1E__Y1E__P011.jpg,0.624159,17.767591,ok
EES0423626__X1E__Y21__P012.jpg,0.873472,20.149625,ok
EES0423626__X21__Y06__P013.jpg,0.867141,20.228089,ok
EES0423626__X21__Y09__P014.jpg,0.779445,20.459338,ok
EES0423626__X21__Y18__P015.jpg,0.774595,19.526309,ok
EES0423626__X21__Y1E__P016.jpg,0.851427,20.417649,ok
EES0423626__X21__Y36__P017.jpg,0.964964,22.842780,ok
EES0423626__X24__Y09__P018.jpg,0.833805,20.632120,ok
EES0423626__X24__Y1E__P019.jpg,0.840413,22.235916,ok
EES0423626__X24__Y21__P020.jpg,0.715615,19.067226,ok
EES0423626__X27__Y09__P021.jpg,0.890853,19.635447,ok
EES0423626__X2A__Y06__P022.jpg,0.831585,19.744606,ok
EES0423626__X2A__Y09__P023.jpg,0.740888,19.179072,ok
EES0423626__X2A__Y0C__P024.jpg,0.799769,21.221839,ok
EES0423626__X2A__Y1B__P025.jpg,0.636244,19.168352,ok
EES0423627__X2A__Y1E__P001.jpg,0.858427,20.268902,ok
EES0423627__X2D__Y06__P002.jpg,0.831245,20.786633,ok
EES0423627__X2D__Y09__P003.jpg,0.772810,21.437203,ok
EES0423627__X2D__Y18__P004.jpg,0.864183,20.079443,ok
EES0423627__X2D__Y1B__P005.jpg,0.899532,19.535926,ok
EES0423627__X2D__Y1E__P006.jpg,0.629073,17.284072,ok
EES0423627__X2D__Y21__P007.jpg,0.681775,16.918681,ok
EES0423627__X30__Y09__P008.jpg,0.897201,18.529607,ok
EES0423627__X30__Y0C__P009.jpg,0.890467,20.564251,ok
EES0423627__X30__Y18__P010.jpg,0.763893,19.490875,ok
EES0423627__X30__Y1B__P011.jpg,0.834947,20.869643,ok
EES0423627__X30__Y21__P012.jpg,0.792956,20.402548,ok
EES0423627__X30__Y36__P013.jpg,0.781936,20.145978,ok
EES0423627__X30__Y39__P014.jpg,0.858215,21.195718,ok
EES0423627__X33__Y09__P015.jpg,0.828816,20.935475,ok
EES0423627__X33__Y0C__P016.jpg,0.895475,20.101578,ok
EES0423627__X33__Y18__P017.jpg,0.827946,21.467827,ok
EES0423627__X36__Y18__P018.jpg,0.952722,20.445638,ok
EES0423627__X42__Y1B__P019.jpg,0.915712,19.913599,ok
EES0423627__X0C__Y1E__P020.jpg,0.601856,16.760833,ok
EES0423627__X0C__Y21__P021.jpg,0.825871,20.498670,ok
EES0423627__X0C__Y24__P022.jpg,0.796227,20.243928,ok
EES0423627__X0C__Y27__P023.jpg,0.792705,20.061688,ok
EES0423627__X0C__Y2A__P024.jpg,0.694678,16.853576,ok
EES0423627__X0C__Y2D__P025.jpg,0.915650,19.987452,ok
EES0423628__X33__Y15__P001.jpg,0.801537,18.893679,ok
EES0423628__X33__Y39__P002.jpg,0.574375,15.435413,ok
EES0423628__X36__Y12__P003.jpg,0.760902,19.048531,ok
EES0423628__X42__Y2A__P004.jpg,0.649035,16.223786,ok
EES0423628__X06__Y1E__P005.jpg,0.924942,20.065183,ok
EES0423628__X09__Y12__P006.jpg,0.922873,20.997653,ok
EES0423628__X09__Y15__P007.jpg,0.955124,22.133586,ok
EES0423628__X09__Y1B__P008.jpg,0.901258,19.557555,ok
EES0423628__X09__Y1E__P009.jpg,0.779464,19.253616,ok
EES0423628__X09__Y24__P010.jpg,0.816219,20.455528,ok
EES0423628__X09__Y27__P011.jpg,0.829288,20.841203,ok
EES0423628__X09__Y2A__P012.jpg,0.859769,21.045870,ok
EES0423628__X09__Y2D__P013.jpg,0.960777,21.029945,ok
EES0423628__X09__Y30__P014.jpg,0.880831,20.001216,ok
EES0423628__X0C__Y0F__P015.jpg,0.903106,20.545720,ok
EES0423628__X0C__Y12__P016.jpg,0.779732,20.509829,ok
EES0423628__X0C__Y15__P017.jpg,0.864854,21.146754,ok
EES0423628__X0C__Y18__P018.jpg,0.783787,20.662341,ok
EES0423628__X0C__Y21__P019.jpg,0.637147,16.066900,ok
EES0423628__X0C__Y24__P020.jpg,0.807904,19.046706,ok
EES0423628__X0C__Y27__P021.jpg,0.585930,16.371628,ok
EES0423628__X0C__Y2A__P022.jpg,0.853791,19.822458,ok
EES0423628__X0C__Y2D__P023.jpg,0.802852,20.732074,ok
EES0423628__X0C__Y30__P024.jpg,0.805642,21.466312,ok
EES0423628__X0C__Y33__P025.jpg,0.645523,17.667788,ok
EES0423629__X21__Y42__P001.jpg,0.639803,17.380449,ok
EES0423629__X24__Y06__P002.jpg,0.897992,20.253819,ok
EES0423629__X27__Y06__P003.jpg,0.639509,17.110019,ok
EES0423629__X2A__Y06__P004.jpg,0.897451,19.230178,ok
EES0423629__X2D__Y06__P005.jpg,0.842110,19.461668,ok
EES0423629__X42__Y12__P006.jpg,0.770192,20.185834,ok
EES0423629__X45__Y15__P007.jpg,0.927450,21.737000,ok
EES0423629__X45__Y18__P008.jpg,0.945576,19.636807,ok
EES0423629__X0F__Y06__P009.jpg,0.893560,21.016212,ok
EES0423629__X0F__Y30__P010.jpg,0.560529,15.414319,ok
EES0423629__X2A__Y45__P011.jpg,0.693378,17.939655,ok
EES0423629__X2D__Y45__P012.jpg,0.904202,21.021604,ok
EES0423629__X36__Y42__P013.jpg,0.854217,20.265421,ok
EES0423629__X3C__Y0F__P014.jpg,0.915468,18.589772,ok
EES0423629__X42__Y15__P015.jpg,0.926536,19.221678,ok
EES0423629__X48__Y24__P016.jpg,0.971623,24.442356,ok
EES0423629__X48__Y27__P017.jpg,0.974947,21.575872,ok
EES0423629__X0C__Y27__P018.jpg,0.634982,17.725018,ok
EES0423629__X0F__Y12__P019.jpg,0.793313,20.685422,ok
EES0423629__X1E__Y3F__P020.jpg,0.921304,19.999235,ok
EES0423629__X27__Y06__P021.jpg,0.638537,19.520610,ok
EES0423629__X27__Y42__P022.jpg,0.852394,19.792068,ok
EES0423629__X2A__Y42__P023.jpg,0.817223,20.453643,ok
EES0423629__X36__Y09__P024.jpg,0.877349,20.361465,ok
EES0423629__X42__Y1B__P025.jpg,0.625884,18.612681,ok
EES0423630__X0C__Y2A__P001.jpg,0.658316,17.541559,ok
EES0423630__X0C__Y2D__P002.jpg,0.743461,18.758649,ok
EES0423630__X0C__Y33__P003.jpg,0.916181,21.557843,ok
EES0423630__X0F__Y15__P004.jpg,0.878951,20.343106,ok
EES0423630__X0F__Y18__P005.jpg,0.703365,17.590107,ok
EES0423630__X0F__Y1B__P006.jpg,0.719017,18.922060,ok
EES0423630__X0F__Y27__P007.jpg,0.661383,16.555722,ok
EES0423630__X12__Y12__P008.jpg,0.848240,21.349493,ok
EES0423630__X12__Y1B__P009.jpg,0.580571,16.239791,ok
EES0423630__X15__Y0F__P010.jpg,0.913132,20.004574,ok
EES0423630__X18__Y0C__P011.jpg,0.738719,18.208611,ok
EES0423630__X18__Y0F__P012.jpg,0.619792,15.987853,ok
EES0423630__X1B__Y0C__P013.jpg,0.891819,20.542075,ok
EES0423630__X1B__Y0F__P014.jpg,0.631864,17.948245,ok
EES0423630__X1E__Y09__P015.jpg,0.917865,19.803583,ok
EES0423630__X1E__Y0C__P016.jpg,0.581242,17.164942,ok
EES0423630__X1E__Y0F__P017.jpg,0.616255,16.489201,ok
EES0423630__X21__Y06__P018.jpg,0.944636,20.395634,ok
EES0423630__X21__Y09__P019.jpg,0.832790,20.628062,ok
EES0423630__X21__Y42__P020.jpg,0.830974,20.065253,ok
EES0423630__X24__Y09__P021.jpg,0.900913,19.303962,ok
EES0423630__X24__Y42__P022.jpg,0.930044,19.775457,ok
EES0423630__X27__Y06__P023.jpg,0.923396,20.990598,ok
EES0423630__X27__Y09__P024.jpg,0.601444,17.091439,ok
EES0423630__X27__Y42__P025.jpg,0.834404,20.191781,ok
EES0423631__X2A__Y06__P001.jpg,0.932823,21.614277,ok
EES0423631__X2A__Y09__P002.jpg,0.702912,18.915548,ok
EES0423631__X2A__Y42__P003.jpg,0.873677,20.225884,ok
EES0423631__X2D__Y06__P004.jpg,0.910841,20.293538,ok
EES0423631__X2D__Y09__P005.jpg,0.573065,16.007736,ok
EES0423631__X2D__Y42__P006.jpg,0.589376,15.424143,ok
EES0423631__X30__Y06__P007.jpg,0.791981,19.221806,ok
EES0423631__X30__Y09__P008.jpg,0.631631,15.734989,ok
EES0423631__X30__Y0C__P009.jpg,0.669602,16.355628,ok
EES0423631__X33__Y06__P010.jpg,0.936412,22.133712,ok
EES0423631__X33__Y09__P011.jpg,0.841682,20.128349,ok
EES0423631__X36__Y09__P012.jpg,0.874646,20.780565,ok
EES0423631__X36__Y0C__P013.jpg,0.666095,16.371418,ok
EES0423631__X39__Y0C__P014.jpg,0.638972,16.079690,ok
EES0423631__X48__Y21__P015.jpg,0.783570,20.170206,ok
EES0423631__X09__Y0F__P016.jpg,0.824896,20.165610,ok
EES0423631__X09__Y12__P017.jpg,0.676917,18.273251,ok
EES0423631__X09__Y15__P018.jpg,0.705142,17.369832,ok
EES0423631__X09__Y18__P019.jpg,0.800623,20.164188,ok
EES0423631__X09__Y2A__P020.jpg,0.716039,18.811301,ok
EES0423631__X09__Y30__P021.jpg,0.942131,20.671024,ok
EES0423631__X0C__Y0F__P022.jpg,0.621779,16.638188,ok
EES0423631__X0C__Y12__P023.jpg,0.748331,19.261659,ok
EES0423631__X0F__Y0C__P024.jpg,0.778137,19.002532,ok
EES0423631__X0F__Y0F__P025.jpg,0.619492,16.630933,ok
EES0423632__X12__Y09__P001.jpg,0.819979,20.970763,ok
EES0423632__X15__Y09__P002.jpg,0.609471,16.130254,ok
EES0423632__X18__Y03__P003.jpg,0.854186,21.370860,ok
EES0423632__X24__Y3C__P004.jpg,0.749788,18.371933,ok
EES0423632__X2A__Y3C__P005.jpg,0.782469,18.419790,ok
EES0423632__X2D__Y3C__P006.jpg,0.732323,18.136281,ok
EES0423632__X42__Y18__P007.jpg,0.792784,18.711820,ok
EES0423632__X42__Y21__P008.jpg,0.889500,18.638183,ok
EES0423632__X42__Y24__P009.jpg,0.800447,19.001131,ok
EES0423632__X42__Y27__P010.jpg,0.916814,16.822953,ok
EES0423632__X45__Y21__P011.jpg,0.800675,18.646204,ok
EES0423632__X45__Y24__P012.jpg,0.867303,19.092419,ok
EES0423632__X09__Y21__P013.jpg,0.958815,21.761792,ok
EES0423632__X0F__Y33__P014.jpg,0.935334,21.381505,ok
EES0423632__X12__Y33__P015.jpg,0.804639,19.031941,ok
EES0423632__X18__Y1E__P016.jpg,0.688486,17.540581,ok
EES0423632__X18__Y39__P017.jpg,0.671993,17.078617,ok
EES0423632__X18__Y3C__P018.jpg,0.849043,19.841942,ok
EES0423632__X18__Y3F__P019.jpg,0.917696,18.679763,ok
EES0423632__X1B__Y39__P020.jpg,0.785648,18.381223,ok
EES0423632__X1B__Y3C__P021.jpg,0.847488,20.138333,ok
EES0423632__X21__Y0F__P022.jpg,0.790122,19.741355,ok
EES0423632__X2D__Y0C__P023.jpg,0.759784,17.605526,ok
EES0423632__X2D__Y3F__P024.jpg,0.867045,19.672972,ok
EES0423632__X33__Y12__P025.jpg,0.696103,16.956017,ok
EES0423633__X33__Y15__P001.jpg,0.688976,16.313515,ok
EES0423633__X1B__Y27__P002.jpg,0.845860,21.080321,ok
EES0423633__X1E__Y2A__P003.jpg,0.834132,21.092073,ok
EES0423633__X24__Y33__P004.jpg,0.803212,19.263637,ok
EES0423633__X24__Y36__P005.jpg,0.784146,18.598910,ok
EES0423633__X2A__Y33__P006.jpg,0.633838,16.979189,ok
EES0423633__X2A__Y3F__P007.jpg,0.917365,18.349202,ok
EES0423633__X2D__Y33__P008.jpg,0.902321,21.149809,ok
EES0423633__X2D__Y39__P009.jpg,0.836867,20.707391,ok
EES0423633__X30__Y2D__P010.jpg,0.794121,19.459057,ok
EES0423633__X36__Y18__P011.jpg,0.879637,20.329911,ok
EES0423633__X36__Y2D__P012.jpg,0.833404,20.798475,ok
EES0423633__X21__Y30__P013.jpg,0.953384,19.273865,ok
EES0423633__X24__Y33__P014.jpg,0.638170,16.761167,ok
EES0423633__X27__Y33__P015.jpg,0.696144,17.039341,ok
EES0423633__X27__Y3F__P016.jpg,0.652063,16.565758,ok
EES0423633__X2A__Y3F__P017.jpg,0.847067,20.066201,ok
EES0423633__X33__Y12__P018.jpg,0.840865,19.457397,ok
EES0423633__X33__Y39__P019.jpg,0.961140,21.235273,ok
EES0423633__X36__Y15__P020.jpg,0.903536,19.576245,ok
EES0423633__X36__Y3C__P021.jpg,0.714751,16.429551,ok
EES0423633__X3C__Y12__P022.jpg,0.886871,19.234755,ok
EES0423633__X3C__Y15__P023.jpg,0.748969,17.657104,ok
EES0423633__X3C__Y1B__P024.jpg,0.707658,17.188675,ok
EES0423633__X3C__Y1E__P025.jpg,0.802402,18.044990,ok
EES0423634__X33__Y24__P001.jpg,0.852033,20.348567,ok
EES0423634__X33__Y33__P002.jpg,0.929374,20.622346,ok
EES0423634__X33__Y36__P003.jpg,0.945087,20.558677,ok
EES0423634__X33__Y39__P004.jpg,0.908860,18.619851,ok
EES0423634__X42__Y1E__P005.jpg,0.973953,21.747743,ok
EES0423634__X15__Y21__P006.jpg,0.779656,18.347849,ok
EES0423634__X18__Y27__P007.jpg,0.707815,16.941405,ok
EES0423634__X18__Y2D__P008.jpg,0.800324,20.386433,ok
EES0423634__X21__Y39__P009.jpg,0.878879,20.894694,ok
EES0423634__X21__Y3C__P010.jpg,0.823020,19.191423,ok
EES0423634__X21__Y42__P011.jpg,0.766437,19.212568,ok
EES0423634__X24__Y39__P012.jpg,0.771543,21.387228,ok
EES0423634__X24__Y3C__P013.jpg,0.634294,16.867031,ok
EES0423634__X27__Y3C__P014.jpg,0.769512,19.155866,ok
EES0423634__X27__Y3F__P015.jpg,0.848862,21.288940,ok
EES0423634__X27__Y42__P016.jpg,0.682720,17.606960,ok
EES0423634__X2A__Y0C__P017.jpg,0.652049,18.383572,ok
EES0423634__X2A__Y36__P018.jpg,0.912682,19.327449,ok
EES0423634__X2A__Y39__P019.jpg,0.737923,17.691557,ok
EES0423634__X2A__Y3C__P020.jpg,0.873407,21.754378,ok
EES0423634__X2A__Y3F__P021.jpg,0.806285,20.650029,ok
EES0423634__X2A__Y42__P022.jpg,0.911341,19.377285,ok
EES0423634__X2D__Y1E__P023.jpg,0.792861,20.332958,ok
EES0423634__X2D__Y21__P024.jpg,0.879960,20.613084,ok
EES0423634__X2D__Y24__P025.jpg,0.815191,20.105112,ok
EES0423635__X2D__Y2A__P001.jpg,0.726658,18.843909,ok
EES0423635__X2D__Y36__P002.jpg,0.825332,20.092645,ok
EES0423635__X2D__Y3C__P003.jpg,0.918585,20.915729,ok
EES0423635__X30__Y39__P004.jpg,0.860665,20.017051,ok
EES0423635__X30__Y3C__P005.jpg,0.751441,18.831408,ok
EES0423635__X30__Y3F__P006.jpg,0.733331,19.046993,ok
EES0423635__X33__Y3C__P007.jpg,0.831059,19.921673,ok
EES0423635__X36__Y21__P008.jpg,0.853967,20.436174,ok
EES0423635__X36__Y24__P009.jpg,0.719608,17.695306,ok
EES0423635__X36__Y39__P010.jpg,0.888000,18.990181,ok
EES0423635__X39__Y2A__P011.jpg,0.693527,16.514628,ok
EES0423635__X3C__Y2A__P012.jpg,0.759582,19.800041,ok
EES0423635__X3C__Y36__P013.jpg,0.661553,17.069732,ok
EES0423635__X3F__Y27__P014.jpg,0.675323,16.305797,ok
EES0423635__X3F__Y2A__P015.jpg,0.664792,17.110644,ok
EES0423635__X3F__Y2D__P016.jpg,0.927887,21.471393,ok
EES0423635__X3F__Y30__P017.jpg,0.817421,20.135391,ok
EES0423635__X3F__Y33__P018.jpg,0.796087,20.752642,ok
EES0423635__X42__Y1B__P019.jpg,0.758355,19.325143,ok
EES0423635__X42__Y27__P020.jpg,0.665130,16.740988,ok
EES0423635__X42__Y2A__P021.jpg,0.783824,19.479540,ok
EES0423635__X18__Y24__P022.jpg,0.705287,17.126413,ok
EES0423635__X24__Y39__P023.jpg,0.878306,19.834012,ok
EES0423635__X27__Y30__P024.jpg,0.803754,19.658223,ok
EES0423635__X27__Y33__P025.jpg,0.841201,20.682531,ok
EES0423636__X36__Y3C__P001.jpg,0.802448,17.935101,ok
EES0423636__X3C__Y30__P002.jpg,0.726528,16.487978,ok
EES0423636__X3C__Y33__P003.jpg,0.916461,19.990963,ok
EES0423636__X0C__Y21__P004.jpg,0.792169,20.178863,ok
EES0423636__X0C__Y24__P005.jpg,0.614331,17.251483,ok
EES0423636__X0C__Y2A__P006.jpg,0.659131,17.357117,ok
EES0423636__X0C__Y2D__P007.jpg,0.778271,21.012397,ok
EES0423636__X0C__Y30__P008.jpg,0.930401,21.313363,ok
EES0423636__X0F__Y1B__P009.jpg,0.831706,20.140544,ok
EES0423636__X0F__Y1E__P010.jpg,0.748699,20.033673,ok
EES0423636__X0F__Y21__P011.jpg,0.596771,18.132800,ok
EES0423636__X12__Y15__P012.jpg,0.843059,19.751057,ok
EES0423636__X12__Y18__P013.jpg,0.834089,20.695024,ok
EES0423636__X12__Y1B__P014.jpg,0.828774,20.868700,ok
EES0423636__X12__Y1E__P015.jpg,0.647266,16.949409,ok
EES0423636__X15__Y12__P016.jpg,0.816435,20.920795,ok
EES0423636__X15__Y15__P017.jpg,0.876676,19.865182,ok
EES0423636__X18__Y0C__P018.jpg,0.929658,20.046707,ok
EES0423636__X18__Y0F__P019.jpg,0.856482,19.051514,ok
EES0423636__X1B__Y0C__P020.jpg,0.796550,21.662725,ok
EES0423636__X1B__Y0F__P021.jpg,0.730063,20.851262,ok
EES0423636__X1E__Y0C__P022.jpg,0.857692,21.343286,ok
EES0423636__X21__Y0C__P023.jpg,0.646673,18.944433,ok
EES0423636__X24__Y0F__P024.jpg,0.690751,19.835055,ok
EES0423636__X27__Y09__P025.jpg,0.919164,20.545102,ok
EES0423637__X2A__Y09__P001.jpg,0.662891,18.929120,ok
EES0423637__X2A__Y0C__P002.jpg,0.597611,19.735859,ok
EES0423637__X2D__Y09__P003.jpg,0.768791,19.930475,ok
EES0423637__X2D__Y0C__P004.jpg,0.673372,20.849075,ok
EES0423637__X30__Y09__P005.jpg,0.893826,19.980348,ok
EES0423637__X39__Y42__P006.jpg,0.832194,22.460932,ok
EES0423637__X42__Y12__P007.jpg,0.949572,20.378762,ok
EES0423637__X48__Y1E__P008.jpg,0.930690,20.962627,ok
EES0423637__X48__Y21__P009.jpg,0.706029,20.450683,ok
EES0423637__X48__Y24__P010.jpg,0.625809,18.334199,ok
EES0423637__X48__Y2D__P011.jpg,0.582702,18.166836,ok
EES0423637__X48__Y30__P012.jpg,0.937939,19.968715,ok
EES0423637__X0C__Y33__P013.jpg,0.883652,18.163214,ok
EES0423637__X1B__Y1E__P014.jpg,0.712945,17.215442,ok
EES0423637__X21__Y39__P015.jpg,0.820032,21.299402,ok
EES0423637__X24__Y33__P016.jpg,0.747434,18.334800,ok
EES0423637__X2D__Y39__P017.jpg,0.839117,19.727237,ok
EES0423637__X33__Y36__P018.jpg,0.672845,17.891064,ok
EES0423637__X36__Y1B__P019.jpg,0.711668,17.938991,ok
EES0423637__X36__Y1E__P020.jpg,0.773626,18.938977,ok
EES0423637__X39__Y1E__P021.jpg,0.666197,17.142976,ok
EES0423637__X39__Y33__P022.jpg,0.752955,18.941485,ok
EES0423637__X0C__Y1B__P023.jpg,0.841839,21.666725,ok
EES0423637__X0C__Y1E__P024.jpg,0.827963,20.436909,ok
EES0423637__X0C__Y2A__P025.jpg,0.923306,19.889837,ok
EES0423638__X27__Y1B__P001.jpg,0.558620,16.983146,ok
EES0423638__X42__Y1B__P002.jpg,0.768942,21.225607,ok
EES0423638__X42__Y30__P003.jpg,0.805113,20.442919,ok
EES0423638__X1E__Y09__P004.jpg,0.875946,19.477925,ok
EES0423638__X1E__Y1E__P005.jpg,0.825176,21.577292,ok
EES0423638__X1E__Y33__P006.jpg,0.946031,21.643558,ok
EES0423638__X21__Y1E__P007.jpg,0.697060,20.846865,ok
EES0423638__X24__Y30__P008.jpg,0.840801,21.114023,ok
EES0423638__X27__Y1B__P009.jpg,0.735236,20.666988,ok
EES0423638__X27__Y2D__P010.jpg,0.842384,21.085564,ok
EES0423638__X27__Y30__P011.jpg,0.918352,19.688500,ok
EES0423638__X27__Y33__P012.jpg,0.932163,18.306480,ok
EES0423638__X27__Y3C__P013.jpg,0.909897,20.549784,ok
EES0423638__X2D__Y1E__P014.jpg,0.709248,16.637621,ok
EES0423638__X2D__Y27__P015.jpg,0.732678,19.750979,ok
EES0423638__X2D__Y2A__P016.jpg,0.894705,20.058069,ok
EES0423638__X2D__Y2D__P017.jpg,0.926639,20.357349,ok
EES0423638__X2D__Y36__P018.jpg,0.956840,20.500063,ok
EES0423638__X30__Y1E__P019.jpg,0.954127,21.726512,ok
EES0423638__X30__Y27__P020.jpg,0.830109,20.058459,ok
EES0423638__X30__Y2A__P021.jpg,0.836523,21.712909,ok
EES0423638__X30__Y3C__P022.jpg,0.843727,21.693282,ok
EES0423638__X33__Y36__P023.jpg,0.756300,20.176289,ok
EES0423638__X36__Y0C__P024.jpg,0.922905,21.646355,ok
EES0423638__X39__Y15__P025.jpg,0.754094,20.133119,ok
EES0423639__X39__Y2A__P001.jpg,0.815724,21.701275,ok
EES0423639__X39__Y2D__P002.jpg,0.904982,20.289697,ok
EES0423639__X42__Y1E__P003.jpg,0.813330,20.112538,ok
EES0423639__X3F__Y1B__P004.jpg,0.842624,19.255752,ok
EES0423639__X1E__Y09__P005.jpg,0.891333,21.862219,ok
EES0423639__X21__Y09__P006.jpg,0.881476,20.628151,ok
EES0423639__X21__Y0C__P007.jpg,0.823929,18.933393,ok
EES0423639__X24__Y12__P008.jpg,0.778124,19.869463,ok
EES0423639__X24__Y3F__P009.jpg,0.829413,20.768510,ok
EES0423639__X2A__Y06__P010.jpg,0.795239,18.828060,ok
EES0423639__X2D__Y06__P011.jpg,0.702611,18.079475,ok
EES0423639__X2D__Y09__P012.jpg,0.926196,20.108613,ok
EES0423639__X30__Y09__P013.jpg,0.875144,20.336216,ok
EES0423639__X33__Y1B__P014.jpg,0.748651,17.130116,ok
EES0423639__X39__Y24__P015.jpg,0.842565,19.995879,ok
EES0423639__X3F__Y1B__P016.jpg,0.700334,17.320426,ok
EES0423639__X18__Y39__P017.jpg,0.934184,21.234601,ok
EES0423639__X1B__Y2A__P018.jpg,0.805595,20.248931,ok
EES0423639__X1B__Y2D__P019.jpg,0.861222,20.545091,ok
EES0423639__X1B__Y39__P020.jpg,0.954825,21.702194,ok
EES0423639__X1E__Y27__P021.jpg,0.919270,20.347160,ok
EES0423639__X1E__Y36__P022.jpg,0.862232,21.419682,ok
EES0423639__X1E__Y39__P023.jpg,0.916999,20.670393,ok
EES0423639__X21__Y2A__P024.jpg,0.813526,19.755128,ok
EES0423639__X21__Y39__P025.jpg,0.811285,20.722749,ok
EES0423640__X24__Y12__P001.jpg,0.893557,21.183437,ok
EES0423640__X24__Y27__P002.jpg,0.741567,17.410499,ok
EES0423640__X24__Y30__P003.jpg,0.782268,19.632042,ok
EES0423640__X24__Y33__P004.jpg,0.855322,21.372504,ok
EES0423640__X24__Y36__P005.jpg,0.761217,19.605622,ok
EES0423640__X24__Y39__P006.jpg,0.840168,20.377674,ok
EES0423640__X24__Y3C__P007.jpg,0.750084,18.432802,ok
EES0423640__X27__Y27__P008.jpg,0.844696,21.236362,ok
EES0423640__X27__Y2A__P009.jpg,0.843373,20.660477,ok
EES0423640__X27__Y2D__P010.jpg,0.763966,18.610909,ok
EES0423640__X27__Y39__P011.jpg,0.860801,20.515177,ok
EES0423640__X2A__Y12__P012.jpg,0.699816,16.918082,ok
EES0423640__X2A__Y27__P013.jpg,0.707335,16.719233,ok
EES0423640__X2A__Y2A__P014.jpg,0.686636,16.471148,ok
EES0423640__X2A__Y2D__P015.jpg,0.848578,21.464467,ok
EES0423640__X2A__Y33__P016.jpg,0.831777,19.898561,ok
EES0423640__X2A__Y39__P017.jpg,0.817323,20.142938,ok
EES0423640__X2A__Y3C__P018.jpg,0.684901,16.990198,ok
EES0423640__X2D__Y24__P019.jpg,0.819588,19.438700,ok
EES0423640__X2D__Y2A__P020.jpg,0.720556,17.321889,ok
EES0423640__X2D__Y33__P021.jpg,0.658667,17.864047,ok
EES0423640__X2D__Y3C__P022.jpg,0.845757,20.249469,ok
EES0423640__X30__Y30__P023.jpg,0.854246,20.877184,ok
EES0423640__X33__Y15__P024.jpg,0.901060,20.757773,ok
EES0423640__X33__Y1B__P025.jpg,0.709074,16.452796,ok
EES0423641__X33__Y2D__P001.jpg,0.730169,16.386133,ok
EES0423641__X33__Y30__P002.jpg,0.846572,20.612622,ok
EES0423641__X36__Y1E__P003.jpg,0.756318,16.896418,ok
EES0423641__X36__Y21__P004.jpg,0.870436,20.171782,ok
EES0423641__X36__Y24__P005.jpg,0.748588,16.970444,ok
EES0423641__X36__Y27__P006.jpg,0.754795,17.733569,ok
EES0423641__X3C__Y0F__P007.jpg,0.681245,17.491674,ok
EES0423641__X3C__Y21__P008.jpg,0.861318,20.691916,ok
EES0423641__X3C__Y24__P009.jpg,0.818307,20.108095,ok
EES0423641__X3C__Y2A__P010.jpg,0.668931,17.879345,ok
EES0423641__X3C__Y2D__P011.jpg,0.771532,19.597254,ok
EES0423641__X3C__Y30__P012.jpg,0.727887,16.784642,ok
EES0423641__X3C__Y33__P013.jpg,0.849449,20.154077,ok
EES0423641__X3F__Y24__P014.jpg,0.829602,21.042503,ok
EES0423641__X3F__Y2D__P015.jpg,0.840707,21.364013,ok
EES0423641__X0F__Y24__P016.jpg,0.933205,20.404205,ok
EES0423641__X1E__Y0C__P017.jpg,0.761891,18.328473,ok
EES0423641__X1E__Y0F__P018.jpg,0.831576,20.912481,ok
EES0423641__X21__Y15__P019.jpg,0.674166,16.447951,ok
EES0423641__X21__Y18__P020.jpg,0.824897,19.904418,ok
EES0423641__X21__Y1B__P021.jpg,0.691175,17.142226,ok
EES0423641__X21__Y1E__P022.jpg,0.713530,16.933777,ok
EES0423641__X21__Y2D__P023.jpg,0.851332,20.360084,ok
EES0423641__X24__Y0F__P024.jpg,0.716174,16.797791,ok
EES0423641__X24__Y1B__P025.jpg,0.816123,20.124669,ok
EES0423642__X24__Y1E__P001.jpg,0.734435,16.926394,ok
EES0423642__X24__Y27__P002.jpg,0.802659,21.208309,ok
EES0423642__X24__Y2A__P003.jpg,0.794015,19.524715,ok
EES0423642__X24__Y2D__P004.jpg,0.775424,18.571212,ok
EES0423642__X2A__Y27__P005.jpg,0.771360,19.653034,ok
EES0423642__X2A__Y2D__P006.jpg,0.767376,18.209812,ok
EES0423642__X2A__Y30__P007.jpg,0.646902,17.478630,ok
EES0423642__X2A__Y33__P008.jpg,0.858314,21.229337,ok
EES0423642__X30__Y1B__P009.jpg,0.699511,16.879875,ok
EES0423642__X36__Y15__P010.jpg,0.801826,20.334919,ok
EES0423642__X3C__Y15__P011.jpg,0.639002,16.791794,ok
EES0423642__X3C__Y18__P012.jpg,0.804595,19.732828,ok
EES0423642__X3C__Y30__P013.jpg,0.641653,17.483148,ok
EES0423642__X1B__Y33__P014.jpg,0.831193,20.864999,ok
EES0423642__X1E__Y21__P015.jpg,0.727088,16.429145,ok
EES0423642__X1E__Y27__P016.jpg,0.908418,19.740245,ok
EES0423642__X1E__Y2A__P017.jpg,0.837285,21.095220,ok
EES0423642__X1E__Y36__P018.jpg,0.685756,17.257637,ok
EES0423642__X1E__Y3C__P019.jpg,0.834914,21.132742,ok
EES0423642__X21__Y0C__P020.jpg,0.917103,20.048780,ok
EES0423642__X21__Y0F__P021.jpg,0.919138,18.830541,ok
EES0423642__X21__Y24__P022.jpg,0.860390,21.142181,ok
EES0423642__X21__Y27__P023.jpg,0.902938,19.906381,ok
EES0423642__X21__Y2A__P024.jpg,0.884753,19.782464,ok
EES0423642__X21__Y2D__P025.jpg,0.901011,20.126510,ok
EES0423643__X2D__Y2A__P001.jpg,0.792944,20.521207,ok
EES0423643__X2D__Y2D__P002.jpg,0.894699,20.338298,ok
EES0423643__X2D__Y30__P003.jpg,0.754541,19.921352,ok
EES0423643__X2D__Y33__P004.jpg,0.812113,20.714283,ok
EES0423643__X30__Y24__P005.jpg,0.885785,20.288813,ok
EES0423643__X30__Y27__P006.jpg,0.868131,20.954511,ok
EES0423643__X30__Y2A__P007.jpg,0.892063,19.325040,ok
EES0423643__X33__Y1E__P008.jpg,0.753975,17.807303,ok
EES0423643__X33__Y21__P009.jpg,0.830040,20.997389,ok
EES0423643__X33__Y24__P010.jpg,0.859863,21.430158,ok
EES0423643__X33__Y27__P011.jpg,0.821484,20.945249,ok
EES0423643__X33__Y2A__P012.jpg,0.862822,21.870629,ok
EES0423643__X33__Y2D__P013.jpg,0.885002,19.739446,ok
EES0423643__X33__Y30__P014.jpg,0.844814,21.834168,ok
EES0423643__X33__Y33__P015.jpg,0.960327,20.697514,ok
EES0423643__X36__Y1E__P016.jpg,0.883971,20.974972,ok
EES0423643__X36__Y2D__P017.jpg,0.853878,21.538753,ok
EES0423643__X36__Y30__P018.jpg,0.862214,20.186930,ok
EES0423643__X36__Y33__P019.jpg,0.916189,20.523343,ok
EES0423643__X36__Y36__P020.jpg,0.882156,19.189433,ok
EES0423643__X39__Y21__P021.jpg,0.782768,18.601572,ok
EES0423643__X0F__Y1E__P022.jpg,0.714911,18.064152,ok
EES0423643__X12__Y1E__P023.jpg,0.652048,16.904719,ok
EES0423643__X24__Y1B__P024.jpg,0.750327,18.153471,ok
EES0423643__X33__Y33__P025.jpg,0.790537,21.236029,ok
EES0423644__X36__Y33__P001.jpg,0.831520,20.182208,ok
EES0423644__X3C__Y30__P002.jpg,0.660806,16.490390,ok
EES0423644__X3C__Y33__P003.jpg,0.869003,19.902058,ok
EES0423644__X3F__Y1E__P004.jpg,0.653967,17.430294,ok
EES0423644__X48__Y1B__P005.jpg,0.915016,20.116580,ok
EES0423644__X0C__Y24__P006.jpg,0.594561,16.912088,ok
EES0423644__X0C__Y27__P007.jpg,0.850787,19.139342,ok
EES0423644__X12__Y18__P008.jpg,0.891045,20.240652,ok
EES0423644__X15__Y1B__P009.jpg,0.633078,19.168951,ok
EES0423644__X18__Y1B__P010.jpg,0.794908,20.264120,ok
EES0423644__X18__Y36__P011.jpg,0.952837,19.646180,ok
EES0423644__X21__Y1B__P012.jpg,0.904781,20.245531,ok
EES0423644__X21__Y1E__P013.jpg,0.762117,20.521509,ok
EES0423644__X21__Y33__P014.jpg,0.706800,19.660997,ok
EES0423644__X21__Y36__P015.jpg,0.576457,17.391664,ok
EES0423644__X24__Y3F__P016.jpg,0.671161,19.690148,ok
EES0423644__X33__Y0C__P017.jpg,0.697798,18.167754,ok
EES0423644__X36__Y18__P018.jpg,0.573588,16.836627,ok
EES0423644__X45__Y1E__P019.jpg,0.800989,22.032539,ok
EES0423644__X09__Y21__P020.jpg,0.926254,21.285273,ok
EES0423644__X09__Y27__P021.jpg,0.908825,22.194540,ok
EES0423644__X09__Y2A__P022.jpg,0.739486,19.805110,ok
EES0423644__X09__Y33__P023.jpg,0.922996,21.001922,ok
EES0423644__X0C__Y1E__P024.jpg,0.825002,21.016745,ok
EES0423644__X0C__Y21__P025.jpg,0.913259,20.949316,ok
EES0423645__X0C__Y27__P001.jpg,0.865480,21.643383,ok
EES0423645__X0C__Y30__P002.jpg,0.911686,20.355627,ok
EES0423645__X0F__Y1E__P003.jpg,0.943816,18.296878,ok
EES0423645__X12__Y21__P004.jpg,0.819370,22.198204,ok
EES0423645__X15__Y21__P005.jpg,0.650459,19.085190,ok
EES0423645__X15__Y30__P006.jpg,0.878205,21.384144,ok
EES0423645__X18__Y21__P007.jpg,0.935499,22.250383,ok
EES0423645__X1B__Y27__P008.jpg,0.698565,15.297349,ok
EES0423645__X1E__Y21__P009.jpg,0.654667,16.835470,ok
EES0423645__X1E__Y2A__P010.jpg,0.874453,20.872915,ok
EES0423645__X1E__Y2D__P011.jpg,0.781615,19.518155,ok
EES0423645__X1E__Y33__P012.jpg,0.890186,20.704649,ok
EES0423645__X1E__Y42__P013.jpg,0.735080,18.694876,ok
EES0423645__X24__Y09__P014.jpg,0.908945,20.342636,ok
EES0423645__X24__Y2A__P015.jpg,0.932162,22.044862,ok
EES0423645__X27__Y1E__P016.jpg,0.883843,18.683102,ok
EES0423645__X2A__Y1B__P017.jpg,0.960549,21.389308,ok
EES0423645__X2A__Y1E__P018.jpg,0.785335,20.573134,ok
EES0423645__X2D__Y18__P019.jpg,0.889679,21.045480,ok
EES0423645__X2D__Y1B__P020.jpg,0.617374,17.516995,ok
EES0423645__X2D__Y21__P021.jpg,0.874119,19.758610,ok
EES0423645__X30__Y15__P022.jpg,0.716802,18.984048,ok
EES0423645__X30__Y18__P023.jpg,0.829714,21.092622,ok
EES0423645__X30__Y1B__P024.jpg,0.785021,21.214019,ok
EES0423645__X30__Y1E__P025.jpg,0.740419,20.314728,ok
EES0423646__X0F__Y39__P001.jpg,0.647272,18.587029,ok
EES0423646__X0F__Y3C__P002.jpg,0.909288,18.996770,ok
EES0423646__X15__Y06__P003.jpg,0.802955,21.586005,ok
EES0423646__X15__Y3F__P004.jpg,0.779831,21.270377,ok
EES0423646__X18__Y3F__P005.jpg,0.715061,18.398084,ok
EES0423646__X1E__Y03__P006.jpg,0.833177,21.365380,ok
EES0423646__X1E__Y42__P007.jpg,0.736727,19.942461,ok
EES0423646__X21__Y03__P008.jpg,0.941558,20.712507,ok
EES0423646__X21__Y42__P009.jpg,0.533142,16.192584,ok
EES0423646__X24__Y03__P010.jpg,0.920624,21.458459,ok
EES0423646__X27__Y03__P011.jpg,0.834035,21.866792,ok
EES0423646__X2D__Y42__P012.jpg,0.963768,24.261174,ok
EES0423646__X33__Y3F__P013.jpg,0.918730,19.973062,ok
EES0423646__X42__Y18__P014.jpg,0.952199,22.050989,ok
EES0423646__X42__Y1B__P015.jpg,0.668515,18.655274,ok
EES0423646__X42__Y1E__P016.jpg,0.501502,17.322595,ok
EES0423646__X42__Y21__P017.jpg,0.632509,19.591690,ok
EES0423646__X42__Y2D__P018.jpg,0.857320,20.905926,ok
EES0423646__X0F__Y1E__P019.jpg,0.895156,20.117819,ok
EES0423646__X0F__Y21__P020.jpg,0.792882,18.982076,ok
EES0423646__X15__Y1E__P021.jpg,0.622477,15.623544,ok
EES0423646__X24__Y06__P022.jpg,0.903707,19.884065,ok
EES0423646__X24__Y09__P023.jpg,0.701260,16.554605,ok
EES0423646__X27__Y06__P024.jpg,0.849158,20.177675,ok
EES0423646__X2A__Y06__P025.jpg,0.915093,20.014994,ok
EES0423647__X2A__Y09__P001.jpg,0.821294,19.495843,ok
EES0423647__X33__Y3F__P002.jpg,0.655563,16.810010,ok
EES0423647__X36__Y06__P003.jpg,0.827775,19.394347,ok
EES0423647__X36__Y3F__P004.jpg,0.687612,16.561018,ok
EES0423647__X39__Y0C__P005.jpg,0.723410,17.117319,ok
EES0423647__X48__Y30__P006.jpg,0.865595,20.729964,ok
EES0423647__X21__Y42__P007.jpg,0.946399,22.104597,ok
EES0423647__X2A__Y42__P008.jpg,0.880684,21.075121,ok
EES0423647__X2D__Y06__P009.jpg,0.480518,16.822251,ok
EES0423647__X30__Y06__P010.jpg,0.942666,19.935482,ok
EES0423647__X42__Y18__P011.jpg,0.624035,16.473184,ok
EES0423647__X09__Y24__P012.jpg,0.803304,19.614608,ok
EES0423647__X0C__Y24__P013.jpg,0.811007,19.990007,ok
EES0423647__X0F__Y12__P014.jpg,0.908988,20.116316,ok
EES0423647__X0F__Y15__P015.jpg,0.902154,19.001521,ok
EES0423647__X12__Y15__P016.jpg,0.724805,18.624345,ok
EES0423647__X1E__Y09__P017.jpg,0.683894,17.454499,ok
EES0423647__X1E__Y0C__P018.jpg,0.569885,17.181911,ok
EES0423647__X21__Y09__P019.jpg,0.678229,16.931493,ok
EES0423647__X27__Y06__P020.jpg,0.554902,15.662962,ok
EES0423647__X2A__Y06__P021.jpg,0.771372,19.209833,ok
EES0423647__X2A__Y09__P022.jpg,0.781368,20.012500,ok
EES0423647__X33__Y3F__P023.jpg,0.673363,16.684219,ok
EES0423647__X33__Y42__P024.jpg,0.869919,19.022797,ok
EES0423647__X0C__Y12__P025.jpg,0.824063,20.910217,ok
EES0423648__X48__Y27__P001.jpg,0.825428,20.288699,ok
EES0423648__X48__Y2A__P002.jpg,0.876789,20.917056,ok
EES0423648__X0F__Y24__P003.jpg,0.690663,17.742477,ok
EES0423648__X0F__Y2A__P004.jpg,0.804535,20.697907,ok
EES0423648__X12__Y27__P005.jpg,0.647988,17.838063,ok
EES0423648__X15__Y2A__P006.jpg,0.692337,18.239633,ok
EES0423648__X18__Y39__P007.jpg,0.762197,20.275529,ok
EES0423648__X1B__Y39__P008.jpg,0.660575,16.735205,ok
EES0423648__X1E__Y3C__P009.jpg,0.697313,18.376436,ok
EES0423648__X24__Y3C__P010.jpg,0.648220,16.879143,ok
EES0423648__X24__Y3F__P011.jpg,0.906673,20.402643,ok
EES0423648__X27__Y3C__P012.jpg,0.634209,17.838917,ok
EES0423648__X27__Y3F__P013.jpg,0.660161,17.780027,ok
EES0423648__X2A__Y3C__P014.jpg,0.644113,17.462681,ok
EES0423648__X2A__Y3F__P015.jpg,0.704493,17.821702,ok
EES0423648__X2D__Y3F__P016.jpg,0.646936,17.392211,ok
EES0423648__X30__Y3F__P017.jpg,0.723691,17.965818,ok
EES0423648__X33__Y3F__P018.jpg,0.846943,22.371322,ok
EES0423648__X39__Y33__P019.jpg,0.558804,16.680137,ok
EES0423648__X3C__Y39__P020.jpg,0.627841,18.283198,ok
EES0423648__X3F__Y36__P021.jpg,0.617943,17.423910,ok
EES0423648__X3F__Y39__P022.jpg,0.669586,17.822106,ok
EES0423648__X45__Y33__P023.jpg,0.803415,21.876974,ok
EES0423648__X48__Y1B__P024.jpg,0.702978,18.051329,ok
EES0423648__X48__Y27__P025.jpg,0.676781,18.450693,ok
EES0423649__X48__Y2A__P001.jpg,0.641934,16.800277,ok
EES0423649__X48__Y2D__P002.jpg,0.943674,22.412704,ok
EES0423649__X06__Y24__P003.jpg,0.956442,23.872225,ok
EES0423649__X09__Y1B__P004.jpg,0.873231,21.690120,ok
EES0423649__X09__Y1E__P005.jpg,0.725891,19.621673,ok
EES0423649__X0C__Y15__P006.jpg,0.888678,21.299005,ok
EES0423649__X0C__Y18__P007.jpg,0.801329,20.070408,ok
EES0423649__X0F__Y12__P008.jpg,0.817120,21.570349,ok
EES0423649__X12__Y0F__P009.jpg,0.822670,21.209917,ok
EES0423649__X15__Y0C__P010.jpg,0.684411,17.250923,ok
EES0423649__X18__Y0C__P011.jpg,0.763217,21.232290,ok
EES0423649__X1B__Y09__P012.jpg,0.573561,16.290830,ok
EES0423649__X1B__Y0C__P013.jpg,0.603736,16.607794,ok
EES0423649__X1B__Y42__P014.jpg,0.843907,21.831438,ok
EES0423649__X1E__Y06__P015.jpg,0.911335,22.463924,ok
EES0423649__X21__Y06__P016.jpg,0.730306,18.227463,ok
EES0423649__X24__Y45__P017.jpg,0.874986,22.319550,ok
EES0423649__X27__Y06__P018.jpg,0.825648,21.621902,ok
EES0423649__X2A__Y06__P019.jpg,0.843994,22.301145,ok
EES0423649__X2D__Y06__P020.jpg,0.758263,19.607837,ok
EES0423649__X2D__Y45__P021.jpg,0.632397,17.004538,ok
EES0423649__X30__Y06__P022.jpg,0.889872,22.397047,ok
EES0423649__X30__Y45__P023.jpg,0.792800,19.420451,ok
EES0423649__X39__Y0C__P024.jpg,0.696782,19.306407,ok
EES0423649__X3F__Y39__P025.jpg,0.867575,21.371227,ok
EES0423650__X45__Y1B__P001.jpg,0.820061,21.559544,ok
EES0423650__X09__Y1E__P002.jpg,0.854696,21.308535,ok
EES0423650__X0C__Y15__P003.jpg,0.920961,24.410577,ok
EES0423650__X0C__Y1E__P004.jpg,0.515023,15.556885,ok
EES0423650__X0C__Y21__P005.jpg,0.763537,19.964930,ok
EES0423650__X0F__Y0F__P006.jpg,0.970324,24.096822,ok
EES0423650__X12__Y0C__P007.jpg,0.980336,27.003448,ok
EES0423650__X12__Y39__P008.jpg,0.863627,21.818327,ok
EES0423650__X15__Y3C__P009.jpg,0.917900,22.236911,ok
EES0423650__X18__Y09__P010.jpg,0.928383,20.554466,ok
EES0423650__X18__Y39__P011.jpg,0.682765,17.838723,ok
EES0423650__X18__Y3C__P012.jpg,0.793192,21.336570,ok
EES0423650__X1E__Y06__P013.jpg,0.834333,21.548438,ok
EES0423650__X1E__Y3C__P014.jpg,0.711305,18.570039,ok
EES0423650__X1E__Y3F__P015.jpg,0.604752,17.240713,ok
EES0423650__X21__Y3F__P016.jpg,0.673167,17.405467,ok
EES0423650__X21__Y42__P017.jpg,0.894150,21.356354,ok
EES0423650__X24__Y3C__P018.jpg,0.714777,18.832701,ok
EES0423650__X24__Y3F__P019.jpg,0.653786,19.290825,ok
EES0423650__X24__Y42__P020.jpg,0.821437,22.336991,ok
EES0423650__X27__Y42__P021.jpg,0.590830,17.053934,ok
EES0423650__X2D__Y06__P022.jpg,0.742084,17.868321,ok
EES0423650__X30__Y06__P023.jpg,0.956373,22.156705,ok
EES0423650__X33__Y3F__P024.jpg,0.575981,16.038807,ok
EES0423650__X36__Y09__P025.jpg,0.792980,20.636289,ok
EES0423651__X36__Y3C__P001.jpg,0.539220,15.303555,ok
EES0423651__X36__Y3F__P002.jpg,0.762834,20.039333,ok
EES0423651__X3F__Y39__P003.jpg,0.965603,27.301266,ok
EES0423651__X09__Y24__P004.jpg,0.837054,20.462376,ok
EES0423651__X0F__Y30__P005.jpg,0.710222,18.271760,ok
EES0423651__X18__Y09__P006.jpg,0.801393,20.567787,ok
EES0423651__X1B__Y3C__P007.jpg,0.759223,18.611608,ok
EES0423651__X21__Y30__P008.jpg,0.723846,18.581734,ok
EES0423651__X21__Y3C__P009.jpg,0.551843,16.665507,ok
EES0423651__X24__Y3C__P010.jpg,0.658251,17.260490,ok
EES0423651__X30__Y1E__P011.jpg,0.656746,17.430705,ok
EES0423651__X30__Y30__P012.jpg,0.680815,17.867157,ok
EES0423651__X33__Y3C__P013.jpg,0.700324,18.242249,ok
EES0423651__X36__Y12__P014.jpg,0.813178,21.356828,ok
EES0423651__X36__Y15__P015.jpg,0.704462,18.672545,ok
EES0423651__X36__Y30__P016.jpg,0.691395,18.142547,ok
EES0423651__X12__Y1B__P017.jpg,0.908301,21.058135,ok
EES0423651__X12__Y24__P018.jpg,0.948836,22.702449,ok
EES0423651__X15__Y15__P019.jpg,0.934850,22.411227,ok
EES0423651__X1B__Y0C__P020.jpg,0.902410,22.040147,ok
EES0423651__X1B__Y1E__P021.jpg,0.936613,22.190598,ok
EES0423651__X1E__Y0C__P022.jpg,0.947507,23.903445,ok
EES0423651__X1E__Y0F__P023.jpg,0.958511,24.995595,ok
EES0423651__X1E__Y12__P024.jpg,0.926220,20.444107,ok
EES0423651__X1E__Y15__P025.jpg,0.911235,20.772664,ok
EES0423652__X30__Y21__P001.jpg,0.943049,22.674369,ok
EES0423652__X30__Y24__P002.jpg,0.913867,20.675337,ok
EES0423652__X30__Y2D__P003.jpg,0.945191,23.644804,ok
EES0423652__X30__Y36__P004.jpg,0.946889,22.645061,ok
EES0423652__X30__Y3C__P005.jpg,0.931963,21.899408,ok
EES0423652__X36__Y21__P006.jpg,0.957175,22.083655,ok
EES0423652__X36__Y39__P007.jpg,0.944075,22.142490,ok
EES0423652__X39__Y0C__P008.jpg,0.952129,22.907371,ok
EES0423652__X39__Y33__P009.jpg,0.939314,20.820262,ok
EES0423652__X3F__Y1B__P010.jpg,0.949672,22.612694,ok
EES0423652__X3F__Y30__P011.jpg,0.876009,19.496360,ok
EES0423652__X42__Y24__P012.jpg,0.971565,23.287805,ok
EES0423652__X42__Y2A__P013.jpg,0.955702,23.311613,ok
EES0423652__X12__Y2D__P014.jpg,0.763894,17.962168,ok
EES0423652__X12__Y30__P015.jpg,0.845303,21.560357,ok
EES0423652__X15__Y18__P016.jpg,0.884383,20.944109,ok
EES0423652__X18__Y1B__P017.jpg,0.906254,19.613673,ok
EES0423652__X21__Y30__P018.jpg,0.819262,20.472059,ok
EES0423652__X24__Y2D__P019.jpg,0.650085,17.539506,ok
EES0423652__X24__Y30__P020.jpg,0.756295,20.030947,ok
EES0423652__X2A__Y3F__P021.jpg,0.796177,19.743256,ok
EES0423652__X2D__Y0F__P022.jpg,0.803206,21.585908,ok
EES0423652__X2D__Y3F__P023.jpg,0.815643,20.709268,ok
EES0423652__X30__Y12__P024.jpg,0.759634,19.097835,ok
EES0423652__X33__Y3F__P025.jpg,0.821816,21.971409,ok
EES0423653__X3C__Y1E__P001.jpg,0.775047,18.849077,ok
EES0423653__X3C__Y36__P002.jpg,0.897444,20.156380,ok
EES0423653__X3C__Y39__P003.jpg,0.874329,21.085547,ok
EES0423653__X3F__Y12__P004.jpg,0.926070,21.608199,ok
EES0423653__X3F__Y2A__P005.jpg,0.816240,21.207811,ok
EES0423653__X3F__Y2D__P006.jpg,0.869002,19.700263,ok
EES0423653__X3F__Y30__P007.jpg,0.775955,20.074297,ok
EES0423653__X3F__Y33__P008.jpg,0.717487,18.075449,ok
EES0423653__X42__Y27__P009.jpg,0.849535,21.258382,ok
EES0423653__X42__Y33__P010.jpg,0.714421,17.768062,ok
EES0423653__X0C__Y15__P011.jpg,0.910254,21.110171,ok
EES0423653__X0F__Y12__P012.jpg,0.737329,20.420483,ok
EES0423653__X0F__Y15__P013.jpg,0.583576,16.627714,ok
EES0423653__X0F__Y18__P014.jpg,0.536452,16.787536,ok
EES0423653__X0F__Y1B__P015.jpg,0.954768,25.449317,ok
EES0423653__X0F__Y1E__P016.jpg,0.594619,15.403706,ok
EES0423653__X0F__Y24__P017.jpg,0.830963,22.513888,ok
EES0423653__X12__Y15__P018.jpg,0.936269,21.621414,ok
EES0423653__X12__Y1E__P019.jpg,0.905753,21.049523,ok
EES0423653__X12__Y30__P020.jpg,0.706776,16.316879,ok
EES0423653__X12__Y36__P021.jpg,0.804879,23.011980,ok
EES0423653__X15__Y0C__P022.jpg,0.692235,18.903373,ok
EES0423653__X15__Y1B__P023.jpg,0.654831,16.789237,ok
EES0423653__X15__Y1E__P024.jpg,0.637801,16.846854,ok
EES0423653__X15__Y27__P025.jpg,0.725604,18.937903,ok
EES0423654__X2A__Y06__P001.jpg,0.590239,17.739813,ok
EES0423654__X2A__Y3C__P002.jpg,0.665560,17.107449,ok
EES0423654__X39__Y0C__P003.jpg,0.831053,22.294968,ok
EES0423654__X39__Y39__P004.jpg,0.636837,16.281168,ok
EES0423654__X42__Y15__P005.jpg,0.723429,16.679017,ok
EES0423654__X42__Y30__P006.jpg,0.859822,22.890694,ok
EES0423654__X45__Y24__P007.jpg,0.694749,17.968161,ok
EES0423654__X45__Y27__P008.jpg,0.974582,27.998497,ok
EES0423654__X15__Y36__P009.jpg,0.801635,19.282853,ok
EES0423654__X1E__Y06__P010.jpg,0.888907,20.862396,ok
EES0423654__X1E__Y09__P011.jpg,0.946335,20.284376,ok
EES0423654__X21__Y1E__P012.jpg,0.848840,20.377171,ok
EES0423654__X21__Y21__P013.jpg,0.912907,20.161082,ok
EES0423654__X21__Y30__P014.jpg,0.769116,18.543425,ok
EES0423654__X24__Y18__P015.jpg,0.875597,20.911725,ok
EES0423654__X24__Y30__P016.jpg,0.781334,19.725769,ok
EES0423654__X24__Y33__P017.jpg,0.812616,20.111907,ok
EES0423654__X24__Y36__P018.jpg,0.857190,20.812007,ok
EES0423654__X24__Y3F__P019.jpg,0.822649,20.666015,ok
EES0423654__X27__Y21__P020.jpg,0.901976,21.259180,ok
EES0423654__X27__Y2A__P021.jpg,0.785446,19.056632,ok
EES0423654__X27__Y33__P022.jpg,0.880356,20.582990,ok
EES0423654__X27__Y36__P023.jpg,0.816327,19.725704,ok
EES0423654__X27__Y3F__P024.jpg,0.840050,17.742277,ok
EES0423654__X2A__Y1B__P025.jpg,0.851614,21.920565,ok
EES0423655__X2A__Y21__P001.jpg,0.804513,20.184244,ok
EES0423655__X2A__Y2A__P002.jpg,0.823169,20.193464,ok
EES0423655__X2A__Y2D__P003.jpg,0.722290,17.142730,ok
EES0423655__X2A__Y30__P004.jpg,0.867196,21.404171,ok
EES0423655__X2A__Y3F__P005.jpg,0.658523,17.497095,ok
EES0423655__X2D__Y2D__P006.jpg,0.819918,20.788381,ok
EES0423655__X2D__Y30__P007.jpg,0.750666,17.724934,ok
EES0423655__X30__Y1B__P008.jpg,0.858238,20.918188,ok
EES0423655__X30__Y2A__P009.jpg,0.887616,21.493629,ok
EES0423655__X30__Y30__P010.jpg,0.719530,17.243046,ok
EES0423655__X33__Y1E__P011.jpg,0.907954,20.587540,ok
EES0423655__X39__Y2D__P012.jpg,0.814533,20.447345,ok
EES0423655__X39__Y30__P013.jpg,0.795697,19.882724,ok
EES0423655__X3C__Y2A__P014.jpg,0.778511,17.759534,ok
EES0423655__X3C__Y30__P015.jpg,0.912733,20.520920,ok
EES0423655__X3F__Y15__P016.jpg,0.828423,19.744974,ok
EES0423655__X3F__Y30__P017.jpg,0.817909,19.876729,ok
EES0423655__X12__Y30__P018.jpg,0.931452,22.067864,ok
EES0423655__X18__Y0F__P019.jpg,0.895194,20.546528,ok
EES0423655__X21__Y03__P020.jpg,0.705737,17.550921,ok
EES0423655__X21__Y39__P021.jpg,0.781380,19.309609,ok
EES0423655__X27__Y03__P022.jpg,0.837195,21.458468,ok
EES0423655__X2A__Y06__P023.jpg,0.881300,19.932462,ok
EES0423655__X2D__Y15__P024.jpg,0.792341,19.612613,ok
EES0423655__X30__Y03__P025.jpg,0.875228,20.445357,ok
EES0423656__X30__Y12__P001.jpg,0.798722,20.182100,ok
EES0423656__X30__Y39__P002.jpg,0.839947,21.228281,ok
EES0423656__X3C__Y36__P003.jpg,0.887426,20.047156,ok
EES0423656__X0C__Y1E__P004.jpg,0.940071,21.966787,ok
EES0423656__X0C__Y27__P005.jpg,0.911619,20.229093,ok
EES0423656__X12__Y36__P006.jpg,0.908208,20.627635,ok
EES0423656__X15__Y36__P007.jpg,0.847564,21.680652,ok
EES0423656__X1B__Y39__P008.jpg,0.904167,20.498723,ok
EES0423656__X21__Y27__P009.jpg,0.841566,21.340797,ok
EES0423656__X21__Y2A__P010.jpg,0.805807,20.094901,ok
EES0423656__X2D__Y39__P011.jpg,0.654959,16.635580,ok
EES0423656__X33__Y2D__P012.jpg,0.811478,20.555445,ok
EES0423656__X36__Y36__P013.jpg,0.680510,17.401252,ok
EES0423656__X36__Y39__P014.jpg,0.809185,20.463809,ok
EES0423656__X0C__Y18__P015.jpg,0.846526,20.320744,ok
EES0423656__X0C__Y1B__P016.jpg,0.610630,17.307150,ok
EES0423656__X0C__Y24__P017.jpg,0.599561,16.701893,ok
EES0423656__X0C__Y2A__P018.jpg,0.796397,20.137977,ok
EES0423656__X0F__Y12__P019.jpg,0.761324,19.167925,ok
EES0423656__X0F__Y1B__P020.jpg,0.770209,21.319472,ok
EES0423656__X0F__Y27__P021.jpg,0.760755,19.286848,ok
EES0423656__X0F__Y2A__P022.jpg,0.756212,18.723117,ok
EES0423656__X0F__Y2D__P023.jpg,0.770059,21.287531,ok
EES0423656__X12__Y0F__P024.jpg,0.777980,20.747450,ok
EES0423656__X12__Y12__P025.jpg,0.712591,19.230121,ok
EES0423657__X12__Y18__P001.jpg,0.712474,18.922782,ok
EES0423657__X18__Y0F__P002.jpg,0.878269,21.367627,ok
EES0423657__X1B__Y12__P003.jpg,0.723571,21.047193,ok
EES0423657__X1E__Y42__P004.jpg,0.866271,21.070690,ok
EES0423657__X21__Y0C__P005.jpg,0.736612,17.919414,ok
EES0423657__X21__Y0F__P006.jpg,0.573043,16.835613,ok
EES0423657__X24__Y06__P007.jpg,0.929501,22.349898,ok
EES0423657__X24__Y09__P008.jpg,0.812447,22.106370,ok
EES0423657__X24__Y0C__P009.jpg,0.711784,18.208694,ok
EES0423657__X27__Y0C__P010.jpg,0.639339,17.534042,ok
EES0423657__X36__Y09__P011.jpg,0.672821,16.571314,ok
EES0423657__X39__Y30__P012.jpg,0.541358,16.111804,ok
EES0423657__X39__Y3F__P013.jpg,0.945212,24.863238,ok
EES0423657__X3C__Y0F__P014.jpg,0.850080,21.540988,ok
EES0423657__X3F__Y39__P015.jpg,0.745584,19.208790,ok
EES0423657__X45__Y18__P016.jpg,0.779749,21.644641,ok
EES0423657__X48__Y21__P017.jpg,0.869778,20.563057,ok
EES0423657__X48__Y24__P018.jpg,0.691639,16.940490,ok
EES0423657__X48__Y27__P019.jpg,0.705917,19.610929,ok
EES0423657__X09__Y12__P020.jpg,0.817131,21.391046,ok
EES0423657__X09__Y15__P021.jpg,0.827685,22.422377,ok
EES0423657__X09__Y1E__P022.jpg,0.782008,20.694072,ok
EES0423657__X09__Y24__P023.jpg,0.713567,18.685440,ok
EES0423657__X09__Y2A__P024.jpg,0.747158,20.476131,ok
EES0423657__X0C__Y30__P025.jpg,0.871872,20.276874,ok
EES0423658__X1B__Y24__P001.jpg,0.835912,21.686048,ok
EES0423658__X1B__Y30__P002.jpg,0.921834,22.325553,ok
EES0423658__X1E__Y06__P003.jpg,0.836988,22.178831,ok
EES0423658__X1E__Y09__P004.jpg,0.802261,20.471108,ok
EES0423658__X1E__Y27__P005.jpg,0.900188,21.083787,ok
EES0423658__X1E__Y30__P006.jpg,0.889074,21.148696,ok
EES0423658__X21__Y06__P007.jpg,0.837145,21.320629,ok
EES0423658__X21__Y18__P008.jpg,0.892231,20.949123,ok
EES0423658__X24__Y0C__P009.jpg,0.797343,21.132464,ok
EES0423658__X24__Y2A__P010.jpg,0.896148,22.143338,ok
EES0423658__X27__Y09__P011.jpg,0.931572,21.913939,ok
EES0423658__X27__Y0C__P012.jpg,0.660108,17.415173,ok
EES0423658__X2D__Y36__P013.jpg,0.752837,18.722641,ok
EES0423658__X2D__Y39__P014.jpg,0.883600,21.095810,ok
EES0423658__X30__Y09__P015.jpg,0.698967,16.971022,ok
EES0423658__X30__Y21__P016.jpg,0.899789,22.359440,ok
EES0423658__X30__Y30__P017.jpg,0.751553,17.181890,ok
EES0423658__X30__Y36__P018.jpg,0.884556,20.532099,ok
EES0423658__X30__Y3C__P019.jpg,0.800059,18.664418,ok
EES0423658__X33__Y3C__P020.jpg,0.673847,17.469321,ok
EES0423658__X36__Y09__P021.jpg,0.788235,19.778867,ok
EES0423658__X36__Y15__P022.jpg,0.931792,22.441564,ok
EES0423658__X36__Y1B__P023.jpg,0.645560,17.825384,ok
EES0423658__X36__Y21__P024.jpg,0.820850,20.904806,ok
EES0423658__X36__Y39__P025.jpg,0.763375,19.344393,ok
EES0423659__X2D__Y1B__P001.jpg,0.657956,16.027440,ok
EES0423659__X30__Y09__P002.jpg,0.801303,22.500615,ok
EES0423659__X30__Y12__P003.jpg,0.799622,21.967969,ok
EES0423659__X30__Y1B__P004.jpg,0.745744,21.218227,ok
EES0423659__X30__Y33__P005.jpg,0.714455,20.965684,ok
EES0423659__X30__Y36__P006.jpg,0.778661,21.180996,ok
EES0423659__X30__Y3C__P007.jpg,0.710199,22.877378,ok
EES0423659__X33__Y21__P008.jpg,0.621850,17.393405,ok
EES0423659__X36__Y09__P009.jpg,0.749076,22.066974,ok
EES0423659__X36__Y1E__P010.jpg,0.902136,22.636805,ok
EES0423659__X36__Y21__P011.jpg,0.660047,16.417783,ok
EES0423659__X39__Y27__P012.jpg,0.603523,18.039846,ok
EES0423659__X48__Y27__P013.jpg,0.881605,21.120584,ok
EES0423659__X09__Y15__P014.jpg,0.881890,22.018452,ok
EES0423659__X09__Y2D__P015.jpg,0.923246,22.782079,ok
EES0423659__X0C__Y12__P016.jpg,0.866293,22.133364,ok
EES0423659__X0C__Y18__P017.jpg,0.903263,23.292030,ok
EES0423659__X0F__Y18__P018.jpg,0.844183,22.683237,ok
EES0423659__X0F__Y1E__P019.jpg,0.815471,23.087458,ok
EES0423659__X12__Y18__P020.jpg,0.834852,22.079488,ok
EES0423659__X12__Y1B__P021.jpg,0.775172,20.978474,ok
EES0423659__X12__Y27__P022.jpg,0.892149,22.269986,ok
EES0423659__X12__Y30__P023.jpg,0.919407,21.909321,ok
EES0423659__X15__Y09__P024.jpg,0.837028,22.481693,ok
EES0423659__X15__Y12__P025.jpg,0.852102,22.878693,ok
EES0423660__X2A__Y15__P001.jpg,0.750945,17.252470,ok
EES0423660__X2A__Y30__P002.jpg,0.920203,21.932440,ok
EES0423660__X2D__Y0C__P003.jpg,0.819180,19.741570,ok
EES0423660__X2D__Y0F__P004.jpg,0.899957,22.026943,ok
EES0423660__X2D__Y12__P005.jpg,0.814456,19.909729,ok
EES0423660__X2D__Y18__P006.jpg,0.815791,21.334951,ok
EES0423660__X2D__Y21__P007.jpg,0.804981,19.119878,ok
EES0423660__X30__Y0F__P008.jpg,0.660857,17.622523,ok
EES0423660__X30__Y15__P009.jpg,0.876286,21.742864,ok
EES0423660__X30__Y1E__P010.jpg,0.723657,15.227376,ok
EES0423660__X30__Y21__P011.jpg,0.806844,21.478688,ok
EES0423660__X30__Y27__P012.jpg,0.671595,15.816971,ok
EES0423660__X30__Y30__P013.jpg,0.896988,21.476986,ok
EES0423660__X30__Y36__P014.jpg,0.855699,21.940013,ok
EES0423660__X33__Y1B__P015.jpg,0.730601,18.371143,ok
EES0423660__X33__Y36__P016.jpg,0.907598,22.064301,ok
EES0423660__X36__Y0F__P017.jpg,0.940089,24.903728,ok
EES0423660__X36__Y15__P018.jpg,0.742978,18.419886,ok
EES0423660__X36__Y18__P019.jpg,0.828885,21.211114,ok
EES0423660__X36__Y1B__P020.jpg,0.815692,19.509911,ok
EES0423660__X36__Y21__P021.jpg,0.816531,21.103935,ok
EES0423660__X36__Y27__P022.jpg,0.828023,22.481299,ok
EES0423660__X36__Y2A__P023.jpg,0.855586,22.058758,ok
EES0423660__X36__Y30__P024.jpg,0.764487,18.895721,ok
EES0423660__X36__Y33__P025.jpg,0.917423,20.461445,ok
EES0423661__X36__Y1E__P001.jpg,0.529527,15.448831,ok
EES0423661__X36__Y3C__P002.jpg,0.541869,15.493439,ok
EES0423661__X3C__Y18__P003.jpg,0.572172,17.809219,ok
EES0423661__X3F__Y15__P004.jpg,0.562329,15.252538,ok
EES0423661__X45__Y1E__P005.jpg,0.572885,15.943271,ok
EES0423661__X09__Y2D__P006.jpg,0.973984,26.417843,ok
EES0423661__X12__Y2D__P007.jpg,0.933705,23.637058,ok
EES0423661__X1E__Y15__P008.jpg,0.913624,19.978813,ok
EES0423661__X2A__Y09__P009.jpg,0.899256,21.354635,ok
EES0423661__X30__Y06__P010.jpg,0.965425,24.103374,ok
EES0423661__X30__Y09__P011.jpg,0.849830,20.148160,ok
EES0423661__X30__Y0C__P012.jpg,0.803996,20.279663,ok
EES0423661__X30__Y3C__P013.jpg,0.903013,21.186071,ok
EES0423661__X33__Y30__P014.jpg,0.718683,17.810560,ok
EES0423661__X36__Y30__P015.jpg,0.790585,19.536718,ok
EES0423661__X39__Y1B__P016.jpg,0.839665,20.717233,ok
EES0423661__X3C__Y21__P017.jpg,0.913209,20.724781,ok
EES0423661__X42__Y15__P018.jpg,0.973492,30.818624,ok
EES0423661__X3C__Y0C__P019.jpg,0.915767,19.443694,ok
EES0423661__X21__Y06__P020.jpg,0.773072,15.629113,ok
EES0423661__X45__Y1E__P021.jpg,0.771473,18.495652,ok
EES0423661__X09__Y06__P022.jpg,0.852901,21.961694,ok
EES0423661__X09__Y15__P023.jpg,0.922054,23.151946,ok
EES0423661__X09__Y18__P024.jpg,0.727391,17.094617,ok
EES0423661__X09__Y1B__P025.jpg,0.730057,18.948923,ok
EES0423662__X09__Y30__P001.jpg,0.888578,20.179075,ok
EES0423662__X09__Y33__P002.jpg,0.748949,21.478149,ok
EES0423662__X09__Y36__P003.jpg,0.903630,22.545755,ok
EES0423662__X0C__Y33__P004.jpg,0.690791,20.931421,ok
EES0423662__X0C__Y36__P005.jpg,0.716827,20.719992,ok
EES0423662__X0C__Y39__P006.jpg,0.892138,21.391797,ok
EES0423662__X0F__Y0C__P007.jpg,0.925028,21.924501,ok
EES0423662__X0F__Y3C__P008.jpg,0.876924,20.117043,ok
EES0423662__X12__Y3F__P009.jpg,0.905630,20.372586,ok
EES0423662__X18__Y42__P010.jpg,0.973830,29.544154,ok
EES0423662__X1B__Y42__P011.jpg,0.722401,20.858809,ok
EES0423662__X1E__Y42__P012.jpg,0.654179,19.950537,ok
EES0423662__X21__Y42__P013.jpg,0.712461,20.162827,ok
EES0423662__X24__Y42__P014.jpg,0.588576,17.318395,ok
EES0423662__X27__Y03__P015.jpg,0.825130,21.811375,ok
EES0423662__X2D__Y42__P016.jpg,0.778295,20.865833,ok
EES0423662__X30__Y42__P017.jpg,0.938569,20.852108,ok
EES0423662__X45__Y2A__P018.jpg,0.927733,25.773710,ok
EES0423662__X0C__Y30__P019.jpg,0.881763,20.948852,ok
EES0423662__X0F__Y30__P020.jpg,0.567329,16.706608,ok
EES0423662__X0F__Y36__P021.jpg,0.952818,23.080676,ok
EES0423662__X12__Y36__P022.jpg,0.662132,19.032782,ok
EES0423662__X12__Y39__P023.jpg,0.851711,21.830085,ok
EES0423662__X18__Y3C__P024.jpg,0.667254,19.716169,ok
EES0423662__X1B__Y3F__P025.jpg,0.956153,23.637018,ok
EES0423663__X1E__Y3F__P001.jpg,0.536289,17.508593,ok
EES0423663__X33__Y3F__P002.jpg,0.584164,17.397098,ok
EES0423663__X36__Y3F__P003.jpg,0.950293,23.881479,ok
EES0423663__X39__Y3C__P004.jpg,0.556738,17.558246,ok
EES0423663__X39__Y3F__P005.jpg,0.845565,22.583790,ok
EES0423663__X3C__Y3C__P006.jpg,0.886722,23.215491,ok
EES0423663__X3F__Y39__P007.jpg,0.869444,22.570956,ok
EES0423663__X42__Y36__P008.jpg,0.920149,22.771737,ok
EES0423663__X09__Y1B__P009.jpg,0.908700,21.409929,ok
EES0423663__X09__Y1E__P010.jpg,0.839851,21.459969,ok
EES0423663__X09__Y21__P011.jpg,0.594629,16.664622,ok
EES0423663__X09__Y24__P012.jpg,0.766863,22.830885,ok
EES0423663__X09__Y27__P013.jpg,0.713775,20.910986,ok
EES0423663__X09__Y2A__P014.jpg,0.934640,20.006385,ok
EES0423663__X09__Y2D__P015.jpg,0.881116,22.472260,ok
EES0423663__X0C__Y18__P016.jpg,0.804382,22.249569,ok
EES0423663__X0C__Y27__P017.jpg,0.626280,18.989666,ok
EES0423663__X0C__Y2A__P018.jpg,0.712596,21.379288,ok
EES0423663__X0C__Y2D__P019.jpg,0.790704,21.672424,ok
EES0423663__X0C__Y33__P020.jpg,0.956388,21.877085,ok
EES0423663__X0F__Y36__P021.jpg,0.780628,22.812523,ok
EES0423663__X12__Y36__P022.jpg,0.667530,20.331765,ok
EES0423663__X12__Y39__P023.jpg,0.551701,16.883329,ok
EES0423663__X12__Y3C__P024.jpg,0.854239,21.235593,ok
EES0423663__X15__Y0C__P025.jpg,0.971465,27.208433,ok
EES0423664__X15__Y3C__P001.jpg,0.675503,20.147040,ok
EES0423664__X15__Y3F__P002.jpg,0.771741,20.627644,ok
EES0423664__X18__Y36__P003.jpg,0.730907,20.002079,ok
EES0423664__X18__Y3F__P004.jpg,0.907677,21.013888,ok
EES0423664__X1B__Y09__P005.jpg,0.892211,21.429868,ok
EES0423664__X1B__Y36__P006.jpg,0.727972,21.576524,ok
EES0423664__X1B__Y3F__P007.jpg,0.686793,20.616509,ok
EES0423664__X1E__Y3C__P008.jpg,0.750918,21.374942,ok
EES0423664__X1E__Y3F__P009.jpg,0.566261,17.739283,ok
EES0423664__X1E__Y42__P010.jpg,0.931201,21.360699,ok
EES0423664__X21__Y06__P011.jpg,0.979542,25.474906,ok
EES0423664__X21__Y3C__P012.jpg,0.610609,17.854128,ok
EES0423664__X21__Y42__P013.jpg,0.892189,21.184369,ok
EES0423664__X24__Y06__P014.jpg,0.959370,26.595050,ok
EES0423664__X24__Y3F__P015.jpg,0.604056,17.296533,ok
EES0423664__X24__Y42__P016.jpg,0.883174,20.497227,ok
EES0423664__X27__Y06__P017.jpg,0.912327,19.333561,ok
EES0423664__X27__Y42__P018.jpg,0.699611,17.906172,ok
EES0423664__X2A__Y06__P019.jpg,0.953438,24.061727,ok
EES0423664__X2A__Y42__P020.jpg,0.754216,21.186227,ok
EES0423664__X2D__Y42__P021.jpg,0.574054,16.934185,ok
EES0423664__X30__Y3F__P022.jpg,0.524807,16.916380,ok
EES0423664__X30__Y42__P023.jpg,0.810299,22.867553,ok
EES0423664__X33__Y09__P024.jpg,0.855997,21.227255,ok
EES0423664__X33__Y42__P025.jpg,0.840796,22.436877,ok
EES0423665__X36__Y3F__P001.jpg,0.594327,16.888860,ok
EES0423665__X39__Y0C__P002.jpg,0.923187,22.877009,ok
EES0423665__X39__Y3F__P003.jpg,0.897438,20.812342,ok
EES0423665__X42__Y36__P004.jpg,0.822118,21.916338,ok
EES0423665__X45__Y18__P005.jpg,0.924806,23.150022,ok
EES0423665__X48__Y21__P006.jpg,0.977348,28.377493,ok
EES0423665__X48__Y24__P007.jpg,0.870076,21.163758,ok
EES0423665__X0C__Y18__P008.jpg,0.922592,22.680048,ok
EES0423665__X0C__Y1B__P009.jpg,0.910175,19.832518,ok
EES0423665__X0C__Y1E__P010.jpg,0.776896,21.375938,ok
EES0423665__X0C__Y21__P011.jpg,0.827612,20.561501,ok
EES0423665__X0C__Y24__P012.jpg,0.621214,16.457593,ok
EES0423665__X0C__Y27__P013.jpg,0.668926,20.870303,ok
EES0423665__X0C__Y2A__P014.jpg,0.598462,17.147796,ok
EES0423665__X0C__Y2D__P015.jpg,0.785741,21.998184,ok
EES0423665__X0C__Y30__P016.jpg,0.981142,32.525380,ok
EES0423665__X0F__Y12__P017.jpg,0.938188,21.152695,ok
EES0423665__X0F__Y18__P018.jpg,0.617120,16.694898,ok
EES0423665__X0F__Y1B__P019.jpg,0.687062,20.333747,ok
EES0423665__X0F__Y21__P020.jpg,0.647693,18.026680,ok
EES0423665__X12__Y0C__P021.jpg,0.679611,16.657959,ok
EES0423665__X12__Y12__P022.jpg,0.676736,19.498152,ok
EES0423665__X12__Y15__P023.jpg,0.596191,16.552630,ok
EES0423665__X12__Y1B__P024.jpg,0.558277,16.499977,ok
EES0423665__X12__Y36__P025.jpg,0.677134,20.206594,ok
EES0423666__X39__Y30__P001.jpg,0.789745,19.264127,ok
EES0423666__X39__Y36__P002.jpg,0.909424,21.252066,ok
EES0423666__X39__Y39__P003.jpg,0.843815,21.770726,ok
EES0423666__X3C__Y33__P004.jpg,0.836377,21.428827,ok
EES0423666__X3F__Y24__P005.jpg,0.932079,22.392914,ok
EES0423666__X3F__Y30__P006.jpg,0.949164,22.489593,ok
EES0423666__X42__Y30__P007.jpg,0.931631,20.989190,ok
EES0423666__X09__Y21__P008.jpg,0.887956,20.775475,ok
EES0423666__X18__Y1E__P009.jpg,0.741298,16.933863,ok
EES0423666__X18__Y2A__P010.jpg,0.778637,21.213374,ok
EES0423666__X1B__Y09__P011.jpg,0.734378,18.691703,ok
EES0423666__X1B__Y0F__P012.jpg,0.642047,15.939480,ok
EES0423666__X1B__Y1B__P013.jpg,0.803858,21.707698,ok
EES0423666__X1B__Y21__P014.jpg,0.789798,21.610569,ok
EES0423666__X1B__Y2D__P015.jpg,0.666506,16.918598,ok
EES0423666__X1E__Y09__P016.jpg,0.776124,21.053461,ok
EES0423666__X1E__Y18__P017.jpg,0.720739,16.125473,ok
EES0423666__X1E__Y24__P018.jpg,0.751208,18.087078,ok
EES0423666__X1E__Y2A__P019.jpg,0.891482,20.708393,ok
EES0423666__X1E__Y36__P020.jpg,0.957041,22.781505,ok
EES0423666__X21__Y09__P021.jpg,0.892052,21.890275,ok
EES0423666__X21__Y15__P022.jpg,0.680302,16.158058,ok
EES0423666__X24__Y09__P023.jpg,0.639754,16.954009,ok
EES0423666__X24__Y15__P024.jpg,0.762564,19.229558,ok
EES0423666__X24__Y1E__P025.jpg,0.836572,22.164843,ok
EES0423667__X39__Y0F__P001.jpg,0.852310,22.731535,ok
EES0423667__X39__Y21__P002.jpg,0.834574,22.391976,ok
EES0423667__X3C__Y0F__P003.jpg,0.783923,21.088599,ok
EES0423667__X3C__Y21__P004.jpg,0.704532,16.463001,ok
EES0423667__X3C__Y24__P005.jpg,0.795593,19.783940,ok
EES0423667__X3F__Y24__P006.jpg,0.603873,15.677504,ok
EES0423667__X3F__Y27__P007.jpg,0.792786,19.125140,ok
EES0423667__X3F__Y30__P008.jpg,0.846328,21.525133,ok
EES0423667__X42__Y18__P009.jpg,0.689233,17.255167,ok
EES0423667__X18__Y24__P010.jpg,0.726258,18.088524,ok
EES0423667__X18__Y27__P011.jpg,0.815580,17.264931,ok
EES0423667__X1B__Y09__P012.jpg,0.922246,21.397681,ok
EES0423667__X1B__Y2A__P013.jpg,0.934334,22.190001,ok
EES0423667__X1E__Y12__P014.jpg,0.967670,23.421387,ok
EES0423667__X1E__Y1B__P015.jpg,0.965305,22.205079,ok
EES0423667__X1E__Y1E__P016.jpg,0.925488,20.006714,ok
EES0423667__X1E__Y2D__P017.jpg,0.876439,19.447548,ok
EES0423667__X1E__Y33__P018.jpg,0.952102,23.041604,ok
EES0423667__X21__Y12__P019.jpg,0.938229,20.161549,ok
EES0423667__X21__Y27__P020.jpg,0.973736,24.927761,ok
EES0423667__X21__Y2A__P021.jpg,0.864218,19.567656,ok
EES0423667__X24__Y0F__P022.jpg,0.795165,19.105840,ok
EES0423667__X24__Y12__P023.jpg,0.892737,18.824486,ok
EES0423667__X24__Y21__P024.jpg,0.969960,22.882445,ok
EES0423667__X24__Y2A__P025.jpg,0.972547,23.622254,ok
EES0423668__X24__Y36__P001.jpg,0.850417,21.558971,ok
EES0423668__X27__Y0F__P002.jpg,0.802500,19.684633,ok
EES0423668__X27__Y1E__P003.jpg,0.882948,20.832559,ok
EES0423668__X2A__Y0F__P004.jpg,0.844324,21.977895,ok
EES0423668__X2A__Y1E__P005.jpg,0.723043,17.407322,ok
EES0423668__X2A__Y3C__P006.jpg,0.811156,19.827020,ok
EES0423668__X2D__Y1E__P007.jpg,0.821739,21.723481,ok
EES0423668__X2D__Y21__P008.jpg,0.899079,20.419571,ok
EES0423668__X2D__Y24__P009.jpg,0.678222,14.778223,ok
EES0423668__X2D__Y36__P010.jpg,0.672396,15.388796,ok
EES0423668__X30__Y09__P011.jpg,0.883680,20.817046,ok
EES0423668__X30__Y0F__P012.jpg,0.858384,21.126417,ok
EES0423668__X30__Y12__P013.jpg,0.908916,20.525935,ok
EES0423668__X30__Y1B__P014.jpg,0.828664,21.537811,ok
EES0423668__X30__Y1E__P015.jpg,0.879586,21.018302,ok
EES0423668__X30__Y2A__P016.jpg,0.886592,22.015944,ok
EES0423668__X30__Y2D__P017.jpg,0.883391,22.212321,ok
EES0423668__X30__Y30__P018.jpg,0.911781,21.063916,ok
EES0423668__X30__Y3C__P019.jpg,0.672899,15.101938,ok
EES0423668__X36__Y1B__P020.jpg,0.912874,19.948466,ok
EES0423668__X36__Y2A__P021.jpg,0.680858,16.040473,ok
EES0423668__X36__Y2D__P022.jpg,0.894071,22.880226,ok
EES0423668__X36__Y39__P023.jpg,0.894665,20.469282,ok
EES0423668__X36__Y3F__P024.jpg,0.793660,20.269905,ok
EES0423668__X39__Y1B__P025.jpg,0.861672,21.914471,ok
EES0423669__X39__Y1E__P001.jpg,0.905663,22.564101,ok
EES0423669__X3C__Y18__P002.jpg,0.855701,21.152291,ok
EES0423669__X3C__Y1E__P003.jpg,0.847737,20.293290,ok
EES0423669__X3C__Y21__P004.jpg,0.670172,15.647703,ok
EES0423669__X3C__Y30__P005.jpg,0.678879,15.219393,ok
EES0423669__X3F__Y33__P006.jpg,0.833620,20.756261,ok
EES0423669__X42__Y1B__P007.jpg,0.823565,21.794051,ok
EES0423669__X45__Y33__P008.jpg,0.789718,20.173379,ok
EES0423669__X48__Y2A__P009.jpg,0.936759,22.687637,ok
EES0423669__X09__Y2D__P010.jpg,0.812482,19.056539,ok
EES0423669__X0C__Y33__P011.jpg,0.778015,17.312603,ok
EES0423669__X0F__Y27__P012.jpg,0.814641,18.947041,ok
EES0423669__X0F__Y30__P013.jpg,0.853059,20.297271,ok
EES0423669__X15__Y39__P014.jpg,0.909434,20.950339,ok
EES0423669__X1E__Y3F__P015.jpg,0.699345,17.180292,ok
EES0423669__X1E__Y42__P016.jpg,0.737390,16.358452,ok
EES0423669__X21__Y06__P017.jpg,0.938073,22.315783,ok
EES0423669__X21__Y3F__P018.jpg,0.722472,17.599462,ok
EES0423669__X09__Y21__P019.jpg,0.896569,20.635716,ok
EES0423669__X09__Y27__P020.jpg,0.907722,21.520526,ok
EES0423669__X09__Y2A__P021.jpg,0.856824,21.860946,ok
EES0423669__X09__Y2D__P022.jpg,0.921984,21.844925,ok
EES0423669__X0C__Y1B__P023.jpg,0.944880,21.595613,ok
EES0423669__X0C__Y1E__P024.jpg,0.796387,18.755446,ok
EES0423669__X0C__Y21__P025.jpg,0.708444,16.792202,ok
EES0423670__X0C__Y2A__P001.jpg,0.717490,17.013982,ok
EES0423670__X0C__Y2D__P002.jpg,0.728862,17.978237,ok
EES0423670__X0F__Y15__P003.jpg,0.843219,22.231504,ok
EES0423670__X0F__Y18__P004.jpg,0.809572,20.916111,ok
EES0423670__X0F__Y1B__P005.jpg,0.685948,16.020126,ok
EES0423670__X0F__Y21__P006.jpg,0.678654,19.690783,ok
EES0423670__X0F__Y30__P007.jpg,0.652886,17.749361,ok
EES0423670__X0F__Y33__P008.jpg,0.745866,19.246533,ok
EES0423670__X0F__Y36__P009.jpg,0.699513,17.278921,ok
EES0423670__X0F__Y39__P010.jpg,0.804781,21.425669,ok
EES0423670__X12__Y12__P011.jpg,0.970488,23.433576,ok
EES0423670__X12__Y15__P012.jpg,0.803460,20.754605,ok
EES0423670__X12__Y18__P013.jpg,0.717913,19.753100,ok
EES0423670__X15__Y0F__P014.jpg,0.950418,22.940403,ok
EES0423670__X15__Y15__P015.jpg,0.796995,20.722198,ok
EES0423670__X18__Y0C__P016.jpg,0.875945,22.450264,ok
EES0423670__X18__Y15__P017.jpg,0.600036,15.410802,ok
EES0423670__X1B__Y0C__P018.jpg,0.869420,21.130786,ok
EES0423670__X1E__Y03__P019.jpg,0.589368,12.994730,ok
EES0423670__X1E__Y09__P020.jpg,0.900888,20.991196,ok
EES0423670__X1E__Y0C__P021.jpg,0.649479,17.558600,ok
EES0423670__X21__Y0F__P022.jpg,0.607659,16.299464,ok
EES0423670__X24__Y45__P023.jpg,0.777327,20.549800,ok
EES0423670__X27__Y0C__P024.jpg,0.579925,15.134923,ok
EES0423670__X27__Y45__P025.jpg,0.705560,19.621963,ok
EES0423671__X12__Y15__P001.jpg,0.666807,16.733118,ok
EES0423671__X12__Y18__P002.jpg,0.581769,16.022383,ok
EES0423671__X12__Y1B__P003.jpg,0.621979,17.161987,ok
EES0423671__X12__Y2A__P004.jpg,0.671369,17.676515,ok
EES0423671__X12__Y2D__P005.jpg,0.765923,20.044012,ok
EES0423671__X15__Y12__P006.jpg,0.661383,17.404674,ok
EES0423671__X15__Y15__P007.jpg,0.562308,15.708910,ok
EES0423671__X15__Y18__P008.jpg,0.601027,17.097130,ok
EES0423671__X15__Y1B__P009.jpg,0.570265,17.965188,ok
EES0423671__X15__Y1E__P010.jpg,0.762475,19.009838,ok
EES0423671__X15__Y21__P011.jpg,0.689287,17.401981,ok
EES0423671__X15__Y27__P012.jpg,0.688638,18.113627,ok
EES0423671__X15__Y2D__P013.jpg,0.638198,17.959507,ok
EES0423671__X15__Y30__P014.jpg,0.610300,16.872559,ok
EES0423671__X18__Y15__P015.jpg,0.629769,17.767730,ok
EES0423671__X18__Y18__P016.jpg,0.525297,15.309360,ok
EES0423671__X18__Y1E__P017.jpg,0.782058,22.540231,ok
EES0423671__X18__Y21__P018.jpg,0.674012,17.044246,ok
EES0423671__X18__Y24__P019.jpg,0.737155,17.545137,ok
EES0423671__X18__Y27__P020.jpg,0.730397,17.234530,ok
EES0423671__X18__Y2A__P021.jpg,0.638275,17.286533,ok
EES0423671__X18__Y2D__P022.jpg,0.583792,16.860153,ok
EES0423671__X18__Y30__P023.jpg,0.637659,15.993435,ok
EES0423671__X18__Y33__P024.jpg,0.543732,16.224649,ok
EES0423671__X1B__Y09__P025.jpg,0.776880,17.449447,ok
EES0423672__X1B__Y18__P001.jpg,0.618934,17.316339,ok
EES0423672__X1B__Y1B__P002.jpg,0.627922,17.360440,ok
EES0423672__X1B__Y1E__P003.jpg,0.571934,15.076491,ok
EES0423672__X1B__Y21__P004.jpg,0.665323,18.281726,ok
EES0423672__X1B__Y24__P005.jpg,0.656522,17.102841,ok
EES0423672__X1B__Y27__P006.jpg,0.674712,18.579629,ok
EES0423672__X1B__Y30__P007.jpg,0.656704,16.619621,ok
EES0423672__X1B__Y33__P008.jpg,0.700948,16.285868,ok
EES0423672__X1B__Y36__P009.jpg,0.801946,20.891967,ok
EES0423672__X1E__Y15__P010.jpg,0.638563,16.150376,ok
EES0423672__X1E__Y18__P011.jpg,0.651510,17.921938,ok
EES0423672__X1E__Y21__P012.jpg,0.603252,17.161500,ok
EES0423672__X1E__Y24__P013.jpg,0.598094,16.800830,ok
EES0423672__X1E__Y27__P014.jpg,0.674544,16.463377,ok
EES0423672__X1E__Y30__P015.jpg,0.705227,18.141355,ok
EES0423672__X1E__Y33__P016.jpg,0.722644,16.905595,ok
EES0423672__X1E__Y36__P017.jpg,0.664706,17.827209,ok
EES0423672__X1E__Y39__P018.jpg,0.700839,16.227156,ok
EES0423672__X21__Y0C__P019.jpg,0.682671,17.019054,ok
EES0423672__X21__Y33__P020.jpg,0.554379,15.556414,ok
EES0423672__X21__Y36__P021.jpg,0.663546,17.316946,ok
EES0423672__X21__Y39__P022.jpg,0.680418,16.767501,ok
EES0423672__X24__Y06__P023.jpg,0.702694,17.909269,ok
EES0423672__X24__Y09__P024.jpg,0.663794,17.947619,ok
EES0423672__X24__Y0C__P025.jpg,0.580306,16.754016,ok
EES0423673__X24__Y36__P001.jpg,0.654427,16.616177,ok
EES0423673__X24__Y39__P002.jpg,0.585647,16.888114,ok
EES0423673__X27__Y0C__P003.jpg,0.698923,17.663112,ok
EES0423673__X27__Y2D__P004.jpg,0.621329,16.752836,ok
EES0423673__X27__Y30__P005.jpg,0.585712,15.847776,ok
EES0423673__X27__Y33__P006.jpg,0.665681,17.551401,ok
EES0423673__X27__Y39__P007.jpg,0.795571,21.636544,ok
EES0423673__X2A__Y33__P008.jpg,0.625841,16.745140,ok
EES0423673__X33__Y09__P009.jpg,0.573394,15.358425,ok
EES0423673__X39__Y21__P010.jpg,0.645253,16.224586,ok
EES0423673__X39__Y24__P011.jpg,0.643669,17.523633,ok
EES0423673__X42__Y27__P012.jpg,0.558338,15.799866,ok
EES0423673__X06__Y09__P013.jpg,0.889245,25.646774,ok
EES0423673__X09__Y1E__P014.jpg,0.882809,24.793427,ok
EES0423673__X09__Y21__P015.jpg,0.783800,22.233171,ok
EES0423673__X09__Y27__P016.jpg,0.938654,29.012131,ok
EES0423673__X0C__Y12__P017.jpg,0.919001,24.553865,ok
EES0423673__X0C__Y15__P018.jpg,0.728275,22.572894,ok
EES0423673__X0C__Y2D__P019.jpg,0.749942,20.598527,ok
EES0423673__X0C__Y30__P020.jpg,0.809515,24.079322,ok
EES0423673__X0F__Y0C__P021.jpg,0.798097,23.358470,ok
EES0423673__X0F__Y0F__P022.jpg,0.684594,18.434374,ok
EES0423673__X0F__Y33__P023.jpg,0.758904,21.586374,ok
EES0423673__X12__Y09__P024.jpg,0.695124,19.758408,ok
EES0423673__X12__Y36__P025.jpg,0.668897,17.486186,ok
EES0423674__X45__Y2D__P001.jpg,0.583434,15.798344,ok
EES0423674__X45__Y30__P002.jpg,0.840867,23.865662,ok
EES0423674__X0F__Y1B__P003.jpg,0.782048,22.211666,ok
EES0423674__X0F__Y24__P004.jpg,0.854926,22.481389,ok
EES0423674__X12__Y27__P005.jpg,0.819858,21.391847,ok
EES0423674__X18__Y06__P006.jpg,0.959989,35.379033,ok
EES0423674__X1B__Y06__P007.jpg,0.818418,23.109962,ok
EES0423674__X1B__Y36__P008.jpg,0.877528,22.151703,ok
EES0423674__X1E__Y06__P009.jpg,0.846950,21.764355,ok
EES0423674__X1E__Y33__P010.jpg,0.811885,21.634693,ok
EES0423674__X21__Y36__P011.jpg,0.739529,17.136596,ok
EES0423674__X21__Y3C__P012.jpg,0.828356,22.034210,ok
EES0423674__X2D__Y06__P013.jpg,0.926690,31.798257,ok
EES0423674__X39__Y3C__P014.jpg,0.948857,33.408607,ok
EES0423674__X0F__Y18__P015.jpg,0.700823,16.213874,ok
EES0423674__X0F__Y21__P016.jpg,0.776098,21.973008,ok
EES0423674__X0F__Y24__P017.jpg,0.643121,15.732356,ok
EES0423674__X0F__Y27__P018.jpg,0.637414,15.504924,ok
EES0423674__X15__Y36__P019.jpg,0.789122,21.663234,ok
EES0423674__X1E__Y06__P020.jpg,0.871795,21.631924,ok
EES0423674__X27__Y3F__P021.jpg,0.860148,22.548111,ok
EES0423674__X33__Y3F__P022.jpg,0.813295,21.300745,ok
EES0423674__X39__Y09__P023.jpg,0.949006,32.640581,ok
EES0423674__X3C__Y0C__P024.jpg,0.949432,28.603681,ok
EES0423674__X42__Y12__P025.jpg,0.832371,21.172692,ok
EES0423675__X42__Y36__P001.jpg,0.805623,19.652910,ok
EES0423675__X48__Y1B__P002.jpg,0.946689,25.769830,ok
EES0423675__X06__Y1E__P003.jpg,0.913159,26.547795,ok
EES0423675__X06__Y21__P004.jpg,0.874275,24.143027,ok
EES0423675__X06__Y24__P005.jpg,0.950500,29.935989,ok
EES0423675__X06__Y27__P006.jpg,0.933930,33.033729,ok
EES0423675__X09__Y18__P007.jpg,0.868944,22.683830,ok
EES0423675__X09__Y1B__P008.jpg,0.823706,22.624135,ok
EES0423675__X09__Y2A__P009.jpg,0.673093,21.821476,ok
EES0423675__X09__Y2D__P010.jpg,0.849195,22.284103,ok
EES0423675__X0C__Y12__P011.jpg,0.884886,22.346696,ok
EES0423675__X0C__Y15__P012.jpg,0.596190,19.073364,ok
EES0423675__X0C__Y18__P013.jpg,0.731042,22.118113,ok
EES0423675__X0C__Y33__P014.jpg,0.786059,21.740885,ok
EES0423675__X0F__Y0F__P015.jpg,0.556510,15.281925,ok
EES0423675__X15__Y3C__P016.jpg,0.822486,23.248215,ok
EES0423675__X1E__Y03__P017.jpg,0.755247,20.999582,ok
EES0423675__X1E__Y3F__P018.jpg,0.684717,20.608187,ok
EES0423675__X21__Y03__P019.jpg,0.725189,16.553925,ok
EES0423675__X27__Y03__P020.jpg,0.644159,17.461937,ok
EES0423675__X2A__Y03__P021.jpg,0.841375,22.412546,ok
EES0423675__X2A__Y3F__P022.jpg,0.664305,21.202262,ok
EES0423675__X2D__Y03__P023.jpg,0.691766,16.534304,ok
EES0423675__X2D__Y3F__P024.jpg,0.833326,22.419002,ok
EES0423675__X30__Y3F__P025.jpg,0.845588,23.730978,ok
EES0423676__X33__Y3C__P001.jpg,0.719124,23.528709,ok
EES0423676__X36__Y09__P002.jpg,0.562799,16.058036,ok
EES0423676__X36__Y3C__P003.jpg,0.719750,19.774284,ok
EES0423676__X39__Y0C__P004.jpg,0.639498,18.651346,ok
EES0423676__X39__Y39__P005.jpg,0.858255,22.935957,ok
EES0423676__X3C__Y0C__P006.jpg,0.885216,22.613223,ok
EES0423676__X3C__Y0F__P007.jpg,0.724123,20.602496,ok
EES0423676__X3C__Y33__P008.jpg,0.672015,15.425315,ok
EES0423676__X3C__Y36__P009.jpg,0.939692,27.082092,ok
EES0423676__X3F__Y0F__P010.jpg,0.776173,20.962689,ok
EES0423676__X3F__Y12__P011.jpg,0.738711,22.930577,ok
EES0423676__X3F__Y2D__P012.jpg,0.713027,21.269839,ok
EES0423676__X3F__Y30__P013.jpg,0.811068,24.491293,ok
EES0423676__X42__Y0F__P014.jpg,0.837804,20.233705,ok
EES0423676__X42__Y15__P015.jpg,0.951246,34.447925,ok
EES0423676__X42__Y18__P016.jpg,0.891570,22.530176,ok
EES0423676__X42__Y1B__P017.jpg,0.672107,15.882541,ok
EES0423676__X42__Y1E__P018.jpg,0.640265,16.352674,ok
EES0423676__X42__Y21__P019.jpg,0.664464,15.086952,ok
EES0423676__X42__Y24__P020.jpg,0.805835,24.563152,ok
EES0423676__X42__Y27__P021.jpg,0.820876,22.372057,ok
EES0423676__X42__Y2A__P022.jpg,0.829887,24.158607,ok
EES0423676__X45__Y18__P023.jpg,0.676272,20.207543,ok
EES0423676__X0F__Y24__P024.jpg,0.755509,18.611911,ok
EES0423676__X1E__Y3C__P025.jpg,0.752385,20.952897,ok
EES0423677__X21__Y0C__P001.jpg,0.734306,18.801892,ok
EES0423677__X2A__Y2D__P002.jpg,0.812529,22.927772,ok
EES0423677__X33__Y09__P003.jpg,0.820053,21.798425,ok
EES0423677__X36__Y3F__P004.jpg,0.742565,16.112893,ok
EES0423677__X39__Y1B__P005.jpg,0.668976,16.096213,ok
EES0423677__X3C__Y0F__P006.jpg,0.938532,26.046688,ok
EES0423677__X3F__Y12__P007.jpg,0.919386,23.413108,ok
EES0423677__X12__Y1B__P008.jpg,0.698310,16.613922,ok
EES0423677__X15__Y18__P009.jpg,0.579583,14.820095,ok
EES0423677__X15__Y1B__P010.jpg,0.633808,16.840681,ok
EES0423677__X15__Y2D__P011.jpg,0.616944,16.370522,ok
EES0423677__X18__Y21__P012.jpg,0.677097,15.898770,ok
EES0423677__X18__Y24__P013.jpg,0.696838,15.876080,ok
EES0423677__X18__Y33__P014.jpg,0.739693,17.665772,ok
EES0423677__X1B__Y21__P015.jpg,0.602433,16.189402,ok
EES0423677__X1B__Y24__P016.jpg,0.587886,15.905848,ok
EES0423677__X1B__Y27__P017.jpg,0.581191,17.050262,ok
EES0423677__X1E__Y12__P018.jpg,0.528321,14.548187,ok
EES0423677__X1E__Y24__P019.jpg,0.685019,16.620991,ok
EES0423677__X1E__Y39__P020.jpg,0.513778,15.003216,ok
EES0423677__X1E__Y3C__P021.jpg,0.662406,14.681179,ok
EES0423677__X21__Y33__P022.jpg,0.609170,15.533101,ok
EES0423677__X21__Y39__P023.jpg,0.677137,16.912580,ok
EES0423677__X24__Y3F__P024.jpg,0.681807,15.433895,ok
EES0423677__X27__Y09__P025.jpg,0.621317,16.320168,ok
EES0423678__X27__Y39__P001.jpg,0.602791,15.733965,ok
EES0423678__X27__Y3F__P002.jpg,0.632936,16.752791,ok
EES0423678__X2A__Y18__P003.jpg,0.544940,16.180668,ok
EES0423678__X2A__Y3C__P004.jpg,0.623120,16.664665,ok
EES0423678__X30__Y09__P005.jpg,0.896925,22.426486,ok
EES0423678__X30__Y12__P006.jpg,0.700774,16.827163,ok
EES0423678__X30__Y3F__P007.jpg,0.693362,16.325015,ok
EES0423678__X33__Y33__P008.jpg,0.561775,15.253041,ok
EES0423678__X33__Y3C__P009.jpg,0.657528,16.956820,ok
EES0423678__X3C__Y1E__P010.jpg,0.698786,16.104123,ok
EES0423678__X3C__Y27__P011.jpg,0.664366,17.160919,ok
EES0423678__X3C__Y30__P012.jpg,0.538845,16.329095,ok
EES0423678__X3F__Y2A__P013.jpg,0.627122,16.158259,ok
EES0423678__X42__Y21__P014.jpg,0.694903,15.850867,ok
EES0423678__X45__Y21__P015.jpg,0.730188,17.944411,ok
EES0423678__X0F__Y1B__P016.jpg,0.811358,21.955420,ok
EES0423678__X0F__Y1E__P017.jpg,0.904491,24.414807,ok
EES0423678__X0F__Y21__P018.jpg,0.868305,21.204010,ok
EES0423678__X0F__Y24__P019.jpg,0.626633,17.072973,ok
EES0423678__X0F__Y27__P020.jpg,0.921543,23.769145,ok
EES0423678__X0F__Y2A__P021.jpg,0.843689,23.893657,ok
EES0423678__X12__Y12__P022.jpg,0.930329,25.361299,ok
EES0423678__X12__Y15__P023.jpg,0.940310,25.482754,ok
EES0423678__X12__Y18__P024.jpg,0.832717,23.689081,ok
EES0423678__X12__Y1B__P025.jpg,0.741854,22.064680,ok
EES0423679__X27__Y06__P001.jpg,0.874118,19.947835,ok
EES0423679__X2A__Y06__P002.jpg,0.734029,18.923008,ok
EES0423679__X2D__Y06__P003.jpg,0.819123,23.800856,ok
EES0423679__X30__Y06__P004.jpg,0.818971,23.535743,ok
EES0423679__X33__Y3F__P005.jpg,0.789228,21.987039,ok
EES0423679__X36__Y03__P006.jpg,0.924456,25.253338,ok
EES0423679__X36__Y09__P007.jpg,0.513108,15.041360,ok
EES0423679__X39__Y09__P008.jpg,0.709850,14.808915,ok
EES0423679__X39__Y3C__P009.jpg,0.795351,23.089151,ok
EES0423679__X42__Y12__P010.jpg,0.659820,16.309692,ok
EES0423679__X45__Y15__P011.jpg,0.889130,23.607265,ok
EES0423679__X45__Y30__P012.jpg,0.671283,18.649512,ok
EES0423679__X45__Y45__P013.jpg,0.882824,20.723002,ok
EES0423679__X48__Y18__P014.jpg,0.926097,25.751682,ok
EES0423679__X48__Y1B__P015.jpg,0.885777,23.134607,ok
EES0423679__X48__Y1E__P016.jpg,0.950598,28.011262,ok
EES0423679__X48__Y21__P017.jpg,0.703011,15.793597,ok
EES0423679__X48__Y24__P018.jpg,0.499762,14.575751,ok
EES0423679__X48__Y27__P019.jpg,0.634243,17.119774,ok
EES0423679__X48__Y2A__P020.jpg,0.795286,19.968937,ok
EES0423679__X0F__Y1B__P021.jpg,0.916682,27.075859,ok
EES0423679__X0F__Y2A__P022.jpg,0.547650,16.949368,ok
EES0423679__X0F__Y2D__P023.jpg,0.593828,16.757097,ok
EES0423679__X12__Y12__P024.jpg,0.919572,26.788549,ok
EES0423679__X12__Y15__P025.jpg,0.859312,23.725957,ok
EES0423680__X12__Y18__P001.jpg,0.900884,25.142678,ok
EES0423680__X12__Y1B__P002.jpg,0.669402,20.794488,ok
EES0423680__X12__Y1E__P003.jpg,0.540447,16.306686,ok
EES0423680__X12__Y24__P004.jpg,0.716254,21.976998,ok
EES0423680__X12__Y27__P005.jpg,0.618569,19.408284,ok
EES0423680__X12__Y30__P006.jpg,0.800662,23.685548,ok
EES0423680__X12__Y36__P007.jpg,0.832520,21.661717,ok
EES0423680__X15__Y12__P008.jpg,0.598629,16.321938,ok
EES0423680__X15__Y18__P009.jpg,0.503738,16.073186,ok
EES0423680__X15__Y1B__P010.jpg,0.527098,15.603627,ok
EES0423680__X15__Y21__P011.jpg,0.523080,17.657224,ok
EES0423680__X15__Y27__P012.jpg,0.501428,15.256891,ok
EES0423680__X15__Y30__P013.jpg,0.551003,15.954385,ok
EES0423680__X15__Y33__P014.jpg,0.836102,22.912592,ok
EES0423680__X15__Y36__P015.jpg,0.690457,21.056304,ok
EES0423680__X18__Y0F__P016.jpg,0.758289,22.424941,ok
EES0423680__X18__Y1E__P017.jpg,0.605184,20.082510,ok
EES0423680__X18__Y21__P018.jpg,0.553151,16.373587,ok
EES0423680__X18__Y33__P019.jpg,0.580988,18.708436,ok
EES0423680__X18__Y36__P020.jpg,0.820119,22.740596,ok
EES0423680__X18__Y39__P021.jpg,0.929316,28.070946,ok
EES0423680__X1B__Y0C__P022.jpg,0.661461,18.827636,ok
EES0423680__X1B__Y36__P023.jpg,0.549061,16.555499,ok
EES0423680__X1B__Y39__P024.jpg,0.637724,20.191802,ok
EES0423680__X1E__Y09__P025.jpg,0.861445,21.812948,ok
EES0423681__X1E__Y33__P001.jpg,0.490737,15.440447,ok
EES0423681__X1E__Y3C__P002.jpg,0.816971,23.858102,ok
EES0423681__X21__Y3C__P003.jpg,0.583263,15.710208,ok
EES0423681__X24__Y3F__P004.jpg,0.950857,29.938765,ok
EES0423681__X27__Y3F__P005.jpg,0.732792,16.848434,ok
EES0423681__X2A__Y09__P006.jpg,0.564008,16.151962,ok
EES0423681__X2A__Y3F__P007.jpg,0.546059,15.235576,ok
EES0423681__X2D__Y3C__P008.jpg,0.675497,19.619260,ok
EES0423681__X2D__Y3F__P009.jpg,0.628334,19.827186,ok
EES0423681__X30__Y09__P010.jpg,0.959527,30.932336,ok
EES0423681__X30__Y3C__P011.jpg,0.692316,19.967645,ok
EES0423681__X36__Y33__P012.jpg,0.694364,20.924100,ok
EES0423681__X36__Y36__P013.jpg,0.664441,15.816626,ok
EES0423681__X36__Y39__P014.jpg,0.763908,20.290066,ok
EES0423681__X39__Y36__P015.jpg,0.798192,23.283658,ok
EES0423681__X39__Y39__P016.jpg,0.713709,18.574550,ok
EES0423681__X3C__Y2A__P017.jpg,0.706027,19.323516,ok
EES0423681__X3F__Y30__P018.jpg,0.905008,21.793746,ok
EES0423681__X42__Y21__P019.jpg,0.638672,17.510976,ok
EES0423681__X42__Y2A__P020.jpg,0.845684,23.242789,ok
EES0423681__X0C__Y12__P021.jpg,0.932455,26.679156,ok
EES0423681__X0C__Y1E__P022.jpg,0.722146,16.357349,ok
EES0423681__X0F__Y18__P023.jpg,0.680416,16.057214,ok
EES0423681__X0F__Y1B__P024.jpg,0.777222,21.242753,ok
EES0423681__X0F__Y24__P025.jpg,0.712675,17.657148,ok
EES0423682__X42__Y30__P001.jpg,0.917979,25.530533,ok
EES0423682__X45__Y15__P002.jpg,0.671468,16.733130,ok
EES0423682__X45__Y2A__P003.jpg,0.914053,26.193971,ok
EES0423682__X0F__Y1E__P004.jpg,0.935173,28.905374,ok
EES0423682__X12__Y12__P005.jpg,0.675629,15.996726,ok
EES0423682__X12__Y18__P006.jpg,0.709179,23.290045,ok
EES0423682__X12__Y1B__P007.jpg,0.648948,20.115366,ok
EES0423682__X12__Y1E__P008.jpg,0.940425,27.586744,ok
EES0423682__X12__Y21__P009.jpg,0.726243,21.957800,ok
EES0423682__X12__Y24__P010.jpg,0.824346,22.329416,ok
EES0423682__X12__Y2A__P011.jpg,0.895260,24.939111,ok
EES0423682__X15__Y12__P012.jpg,0.793316,23.843478,ok
EES0423682__X15__Y15__P013.jpg,0.603634,16.345115,ok
EES0423682__X15__Y18__P014.jpg,0.681520,17.663560,ok
EES0423682__X15__Y1B__P015.jpg,0.581026,17.195055,ok
EES0423682__X15__Y21__P016.jpg,0.712422,21.565951,ok
EES0423682__X15__Y24__P017.jpg,0.529608,16.976540,ok
EES0423682__X15__Y27__P018.jpg,0.597799,17.936459,ok
EES0423682__X15__Y2A__P019.jpg,0.892403,23.449058,ok
EES0423682__X15__Y33__P020.jpg,0.643030,17.700513,ok
EES0423682__X18__Y0C__P021.jpg,0.640009,17.168783,ok
EES0423682__X18__Y12__P022.jpg,0.769370,21.383459,ok
EES0423682__X18__Y18__P023.jpg,0.628174,19.357431,ok
EES0423682__X18__Y1B__P024.jpg,0.682431,17.462249,ok
EES0423682__X18__Y24__P025.jpg,0.811882,22.421574,ok
EES0423683__X1B__Y09__P001.jpg,0.655780,18.537136,ok
EES0423683__X1B__Y0F__P002.jpg,0.581809,16.308895,ok
EES0423683__X1B__Y12__P003.jpg,0.803014,23.303201,ok
EES0423683__X1B__Y15__P004.jpg,0.779618,24.439846,ok
EES0423683__X1B__Y1B__P005.jpg,0.689434,20.534682,ok
EES0423683__X1B__Y1E__P006.jpg,0.755399,23.828055,ok
EES0423683__X1B__Y21__P007.jpg,0.877704,22.787011,ok
EES0423683__X1B__Y24__P008.jpg,0.817580,23.345200,ok
EES0423683__X1E__Y24__P009.jpg,0.826104,22.660171,ok
EES0423683__X1E__Y2D__P010.jpg,0.565229,17.163720,ok
EES0423683__X1E__Y30__P011.jpg,0.606433,17.236439,ok
EES0423683__X1E__Y33__P012.jpg,0.821034,23.753869,ok
EES0423683__X1E__Y36__P013.jpg,0.825386,23.605908,ok
EES0423683__X21__Y06__P014.jpg,0.561792,17.125609,ok
EES0423683__X24__Y2A__P015.jpg,0.764251,22.454423,ok
EES0423683__X24__Y2D__P016.jpg,0.769719,22.943064,ok
EES0423683__X24__Y30__P017.jpg,0.750042,23.175864,ok
EES0423683__X27__Y21__P018.jpg,0.552916,17.361990,ok
EES0423683__X27__Y2A__P019.jpg,0.601779,17.517602,ok
EES0423683__X27__Y2D__P020.jpg,0.589032,18.709806,ok
EES0423683__X2A__Y2D__P021.jpg,0.787313,22.440362,ok
EES0423683__X2D__Y2A__P022.jpg,0.801608,24.749315,ok
EES0423683__X2D__Y30__P023.jpg,0.697761,22.281901,ok
EES0423683__X30__Y24__P024.jpg,0.682575,19.758927,ok
EES0423683__X30__Y33__P025.jpg,0.759183,21.495287,ok
EES0423684__X30__Y36__P001.jpg,0.572953,20.143297,ok
EES0423684__X30__Y39__P002.jpg,0.746067,22.938759,ok
EES0423684__X33__Y24__P003.jpg,0.873579,22.750649,ok
EES0423684__X33__Y2D__P004.jpg,0.657716,15.435422,ok
EES0423684__X33__Y33__P005.jpg,0.653269,18.125113,ok
EES0423684__X33__Y39__P006.jpg,0.759151,22.129975,ok
EES0423684__X33__Y3C__P007.jpg,0.673025,19.865639,ok
EES0423684__X36__Y18__P008.jpg,0.818840,22.113800,ok
EES0423684__X36__Y21__P009.jpg,0.649624,16.183390,ok
EES0423684__X36__Y24__P010.jpg,0.870703,24.317615,ok
EES0423684__X36__Y27__P011.jpg,0.569868,17.049936,ok
EES0423684__X36__Y2A__P012.jpg,0.557391,16.161776,ok
EES0423684__X36__Y30__P013.jpg,0.772361,23.663409,ok
EES0423684__X36__Y33__P014.jpg,0.521520,15.325368,ok
EES0423684__X36__Y36__P015.jpg,0.711160,21.321975,ok
EES0423684__X36__Y39__P016.jpg,0.726093,21.621960,ok
EES0423684__X36__Y3C__P017.jpg,0.946736,33.030624,ok
EES0423684__X39__Y24__P018.jpg,0.641374,18.986929,ok
EES0423684__X39__Y27__P019.jpg,0.647406,15.527940,ok
EES0423684__X39__Y30__P020.jpg,0.799805,25.908428,ok
EES0423684__X3C__Y33__P021.jpg,0.553503,16.941830,ok
EES0423684__X3F__Y30__P022.jpg,0.588012,16.343087,ok
EES0423684__X3F__Y33__P023.jpg,0.467325,15.477476,ok
EES0423684__X45__Y2A__P024.jpg,0.837219,23.768145,ok
EES0423684__X45__Y2D__P025.jpg,0.951883,37.013635,ok
EES0423685__X12__Y27__P001.jpg,0.800388,20.320804,ok
EES0423685__X15__Y1B__P002.jpg,0.788337,21.879375,ok
EES0423685__X15__Y1E__P003.jpg,0.690870,17.501735,ok
EES0423685__X15__Y27__P004.jpg,0.709520,21.830177,ok
EES0423685__X15__Y2D__P005.jpg,0.703567,17.121929,ok
EES0423685__X18__Y1B__P006.jpg,0.698072,16.773736,ok
EES0423685__X1B__Y0F__P007.jpg,0.901570,22.031849,ok
EES0423685__X1B__Y12__P008.jpg,0.567608,15.640021,ok
EES0423685__X1B__Y21__P009.jpg,0.619467,16.018411,ok
EES0423685__X1E__Y12__P010.jpg,0.613757,17.030161,ok
EES0423685__X1E__Y21__P011.jpg,0.658206,15.362167,ok
EES0423685__X1E__Y24__P012.jpg,0.690607,21.569565,ok
EES0423685__X1E__Y30__P013.jpg,0.789020,23.171601,ok
EES0423685__X1E__Y33__P014.jpg,0.695015,16.467942,ok
EES0423685__X1E__Y36__P015.jpg,0.633604,16.258496,ok
EES0423685__X21__Y12__P016.jpg,0.581220,16.219226,ok
EES0423685__X21__Y2D__P017.jpg,0.560235,15.013672,ok
EES0423685__X21__Y33__P018.jpg,0.594914,15.850053,ok
EES0423685__X24__Y24__P019.jpg,0.698444,16.480096,ok
EES0423685__X24__Y27__P020.jpg,0.691130,20.542991,ok
EES0423685__X24__Y36__P021.jpg,0.601756,16.321178,ok
EES0423685__X24__Y39__P022.jpg,0.585762,16.249095,ok
EES0423685__X27__Y0C__P023.jpg,0.741943,20.802223,ok
EES0423685__X27__Y2A__P024.jpg,0.611257,15.557337,ok
EES0423685__X27__Y30__P025.jpg,0.863080,22.075984,ok
EES0423686__X27__Y36__P001.jpg,0.576685,17.008221,ok
EES0423686__X27__Y39__P002.jpg,0.697618,16.969705,ok
EES0423686__X2A__Y18__P003.jpg,0.687993,19.298613,ok
EES0423686__X2D__Y1E__P004.jpg,0.610177,16.097377,ok
EES0423686__X2D__Y30__P005.jpg,0.671476,17.302345,ok
EES0423686__X30__Y12__P006.jpg,0.681037,19.784362,ok
EES0423686__X30__Y1B__P007.jpg,0.676725,15.274344,ok
EES0423686__X30__Y1E__P008.jpg,0.588142,16.948742,ok
EES0423686__X30__Y21__P009.jpg,0.626687,16.281487,ok
EES0423686__X30__Y2D__P010.jpg,0.637806,15.971032,ok
EES0423686__X30__Y3C__P011.jpg,0.632875,16.362413,ok
EES0423686__X33__Y0C__P012.jpg,0.664497,17.045896,ok
EES0423686__X33__Y0F__P013.jpg,0.733941,20.198693,ok
EES0423686__X33__Y18__P014.jpg,0.666368,16.323352,ok
EES0423686__X36__Y15__P015.jpg,0.663740,15.752329,ok
EES0423686__X36__Y18__P016.jpg,0.734679,16.515368,ok
EES0423686__X39__Y0F__P017.jpg,0.654678,15.142020,ok
EES0423686__X3C__Y1E__P018.jpg,0.699676,21.201372,ok
EES0423686__X3F__Y2D__P019.jpg,0.677048,17.398158,ok
EES0423686__X42__Y15__P020.jpg,0.791253,22.689827,ok
EES0423686__X42__Y1B__P021.jpg,0.663218,17.024166,ok
EES0423686__X42__Y21__P022.jpg,0.563278,15.458884,ok
EES0423686__X12__Y1B__P023.jpg,0.836695,23.241588,ok
EES0423686__X12__Y1E__P024.jpg,0.565937,15.946324,ok
EES0423686__X12__Y21__P025.jpg,0.642191,15.351257,ok
EES0423687__X15__Y36__P001.jpg,0.863045,21.186165,ok
EES0423687__X18__Y21__P002.jpg,0.477825,14.404972,ok
EES0423687__X18__Y24__P003.jpg,0.501697,14.949768,ok
EES0423687__X1B__Y0C__P004.jpg,0.876360,22.348366,ok
EES0423687__X1B__Y3C__P005.jpg,0.902602,23.844478,ok
EES0423687__X1E__Y09__P006.jpg,0.919172,25.658430,ok
EES0423687__X1E__Y0C__P007.jpg,0.784359,21.691821,ok
EES0423687__X21__Y09__P008.jpg,0.712471,21.730322,ok
EES0423687__X21__Y3F__P009.jpg,0.578439,17.343605,ok
EES0423687__X24__Y06__P010.jpg,0.830535,23.086629,ok
EES0423687__X24__Y09__P011.jpg,0.790848,19.633384,ok
EES0423687__X24__Y15__P012.jpg,0.496744,14.471086,ok
EES0423687__X24__Y30__P013.jpg,0.547914,16.350151,ok
EES0423687__X24__Y3F__P014.jpg,0.604527,17.252219,ok
EES0423687__X27__Y42__P015.jpg,0.550375,16.445265,ok
EES0423687__X2A__Y06__P016.jpg,0.869492,23.431604,ok
EES0423687__X2A__Y3C__P017.jpg,0.459339,14.466422,ok
EES0423687__X2A__Y3F__P018.jpg,0.591352,17.910518,ok
EES0423687__X2D__Y06__P019.jpg,0.905804,24.737374,ok
EES0423687__X2D__Y3F__P020.jpg,0.636744,15.890624,ok
EES0423687__X30__Y06__P021.jpg,0.895681,22.172303,ok
EES0423687__X30__Y39__P022.jpg,0.502242,14.806593,ok
EES0423687__X30__Y3C__P023.jpg,0.506175,14.867476,ok
EES0423687__X30__Y3F__P024.jpg,0.515283,15.187456,ok
EES0423687__X30__Y42__P025.jpg,0.545916,14.724787,ok
EES0423688__X33__Y06__P001.jpg,0.692713,15.544903,ok
EES0423688__X33__Y09__P002.jpg,0.513685,16.336056,ok
EES0423688__X33__Y21__P003.jpg,0.494037,15.062873,ok
EES0423688__X33__Y42__P004.jpg,0.516506,14.523029,ok
EES0423688__X36__Y06__P005.jpg,0.796979,20.610609,ok
EES0423688__X36__Y09__P006.jpg,0.555574,16.219967,ok
EES0423688__X36__Y3C__P007.jpg,0.511201,14.872670,ok
EES0423688__X36__Y3F__P008.jpg,0.543346,15.149102,ok
EES0423688__X36__Y42__P009.jpg,0.516769,15.690551,ok
EES0423688__X39__Y06__P010.jpg,0.750599,19.662049,ok
EES0423688__X39__Y09__P011.jpg,0.795622,23.072849,ok
EES0423688__X39__Y18__P012.jpg,0.551867,15.876921,ok
EES0423688__X39__Y1B__P013.jpg,0.485405,15.162059,ok
EES0423688__X39__Y3F__P014.jpg,0.572948,15.956191,ok
EES0423688__X3C__Y09__P015.jpg,0.938531,29.430841,ok
EES0423688__X3C__Y0C__P016.jpg,0.745083,22.484307,ok
EES0423688__X3C__Y3F__P017.jpg,0.679010,16.251522,ok
EES0423688__X3F__Y09__P018.jpg,0.836424,23.459870,ok
EES0423688__X3F__Y0C__P019.jpg,0.794065,22.655212,ok
EES0423688__X3F__Y15__P020.jpg,0.552483,15.518515,ok
EES0423688__X3F__Y18__P021.jpg,0.500499,14.923946,ok
EES0423688__X3F__Y3C__P022.jpg,0.652819,15.388039,ok
EES0423688__X3F__Y3F__P023.jpg,0.956628,35.981106,ok
EES0423688__X42__Y0C__P024.jpg,0.786522,21.105042,ok
EES0423688__X42__Y0F__P025.jpg,0.820716,22.613077,ok
EES0423689__X15__Y33__P001.jpg,0.593377,16.926756,ok
EES0423689__X15__Y36__P002.jpg,0.851567,21.732996,ok
EES0423689__X18__Y0C__P003.jpg,0.876812,24.169235,ok
EES0423689__X18__Y36__P004.jpg,0.581289,16.684999,ok
EES0423689__X18__Y39__P005.jpg,0.655141,18.982258,ok
EES0423689__X1B__Y09__P006.jpg,0.560459,12.135866,ok
EES0423689__X1B__Y0C__P007.jpg,0.728061,21.412216,ok
EES0423689__X1B__Y1B__P008.jpg,0.528782,16.014727,ok
EES0423689__X1B__Y21__P009.jpg,0.515292,15.736780,ok
EES0423689__X1B__Y39__P010.jpg,0.781493,21.963501,ok
EES0423689__X1B__Y3C__P011.jpg,0.701431,17.795865,ok
EES0423689__X1E__Y09__P012.jpg,0.855566,22.021896,ok
EES0423689__X1E__Y18__P013.jpg,0.509973,15.842827,ok
EES0423689__X1E__Y1B__P014.jpg,0.563512,16.146367,ok
EES0423689__X1E__Y1E__P015.jpg,0.669161,19.303111,ok
EES0423689__X1E__Y21__P016.jpg,0.553364,15.729717,ok
EES0423689__X1E__Y24__P017.jpg,0.633470,15.350825,ok
EES0423689__X1E__Y3C__P018.jpg,0.550657,15.050544,ok
EES0423689__X1E__Y3F__P019.jpg,0.832062,23.610137,ok
EES0423689__X21__Y12__P020.jpg,0.498349,16.087543,ok
EES0423689__X21__Y15__P021.jpg,0.596664,16.456433,ok
EES0423689__X21__Y3F__P022.jpg,0.562227,16.397399,ok
EES0423689__X24__Y06__P023.jpg,0.775527,18.271779,ok
EES0423689__X24__Y15__P024.jpg,0.469177,15.490858,ok
EES0423689__X24__Y18__P025.jpg,0.509480,15.884356,ok
EES0423690__X2D__Y06__P001.jpg,0.942782,30.562983,ok
EES0423690__X36__Y3C__P002.jpg,0.900924,21.687812,ok
EES0423690__X09__Y1E__P003.jpg,0.890445,22.026494,ok
EES0423690__X09__Y21__P004.jpg,0.857616,21.700566,ok
EES0423690__X09__Y2A__P005.jpg,0.767799,21.313075,ok
EES0423690__X09__Y2D__P006.jpg,0.775014,21.661120,ok
EES0423690__X0C__Y21__P007.jpg,0.645973,16.514156,ok
EES0423690__X0C__Y24__P008.jpg,0.819860,23.743843,ok
EES0423690__X0C__Y27__P009.jpg,0.831578,21.528565,ok
EES0423690__X0C__Y2A__P010.jpg,0.797351,23.867759,ok
EES0423690__X0C__Y30__P011.jpg,0.920388,24.294757,ok
EES0423690__X0F__Y12__P012.jpg,0.785150,22.645994,ok
EES0423690__X0F__Y15__P013.jpg,0.888453,23.337088,ok
EES0423690__X0F__Y18__P014.jpg,0.785520,23.010762,ok
EES0423690__X0F__Y2D__P015.jpg,0.830365,22.469559,ok
EES0423690__X0F__Y33__P016.jpg,0.807914,21.985816,ok
EES0423690__X0F__Y36__P017.jpg,0.808648,22.382863,ok
EES0423690__X0F__Y39__P018.jpg,0.913158,22.909053,ok
EES0423690__X12__Y0F__P019.jpg,0.631007,18.229545,ok
EES0423690__X12__Y12__P020.jpg,0.678896,20.894442,ok
EES0423690__X12__Y36__P021.jpg,0.580733,15.536635,ok
EES0423690__X12__Y39__P022.jpg,0.744710,22.852704,ok
EES0423690__X15__Y0C__P023.jpg,0.827097,23.643742,ok
EES0423690__X18__Y3C__P024.jpg,0.744150,21.514581,ok
EES0423690__X18__Y3F__P025.jpg,0.785999,24.576956,ok
EES0423691__X1B__Y3F__P001.jpg,0.868862,22.981691,ok
EES0423691__X1E__Y24__P002.jpg,0.507247,16.424475,ok
EES0423691__X21__Y42__P003.jpg,0.956864,31.586094,ok
EES0423691__X24__Y06__P004.jpg,0.924573,26.287499,ok
EES0423691__X24__Y42__P005.jpg,0.844130,21.712703,ok
EES0423691__X27__Y06__P006.jpg,0.899010,23.825190,ok
EES0423691__X27__Y42__P007.jpg,0.907272,22.466728,ok
EES0423691__X2A__Y42__P008.jpg,0.872220,23.412802,ok
EES0423691__X30__Y09__P009.jpg,0.807141,24.692732,ok
EES0423691__X39__Y3C__P010.jpg,0.936188,27.027814,ok
EES0423691__X3C__Y39__P011.jpg,0.881667,22.204556,ok
EES0423691__X3F__Y36__P012.jpg,0.799857,21.398316,ok
EES0423691__X42__Y1B__P013.jpg,0.954458,27.530481,ok
EES0423691__X42__Y21__P014.jpg,0.735854,22.971183,ok
EES0423691__X42__Y27__P015.jpg,0.568243,16.410632,ok
EES0423691__X42__Y2A__P016.jpg,0.638042,16.687239,ok
EES0423691__X42__Y2D__P017.jpg,0.691798,21.466281,ok
EES0423691__X42__Y30__P018.jpg,0.890734,22.216267,ok
EES0423691__X09__Y1B__P019.jpg,0.890773,22.986838,ok
EES0423691__X09__Y1E__P020.jpg,0.836682,22.152641,ok
EES0423691__X09__Y2A__P021.jpg,0.820336,22.506427,ok
EES0423691__X09__Y2D__P022.jpg,0.796172,18.934449,ok
EES0423691__X0C__Y15__P023.jpg,0.899133,22.036076,ok
EES0423691__X0C__Y18__P024.jpg,0.642210,17.372646,ok
EES0423691__X0C__Y30__P025.jpg,0.630093,18.525140,ok
EES0423692__X0C__Y33__P001.jpg,0.955476,31.902595,ok
EES0423692__X0F__Y0F__P002.jpg,0.809138,22.646845,ok
EES0423692__X0F__Y12__P003.jpg,0.724819,19.490755,ok
EES0423692__X0F__Y15__P004.jpg,0.549577,13.789333,ok
EES0423692__X0F__Y36__P005.jpg,0.836406,22.830076,ok
EES0423692__X0F__Y45__P006.jpg,0.928093,25.476909,ok
EES0423692__X12__Y0C__P007.jpg,0.926301,26.341763,ok
EES0423692__X12__Y0F__P008.jpg,0.802471,21.518582,ok
EES0423692__X12__Y18__P009.jpg,0.580635,15.289585,ok
EES0423692__X12__Y39__P010.jpg,0.587350,14.986746,ok
EES0423692__X12__Y45__P011.jpg,0.893779,24.132576,ok
EES0423692__X15__Y0C__P012.jpg,0.646610,15.532818,ok
EES0423692__X15__Y3C__P013.jpg,0.694761,16.933589,ok
EES0423692__X15__Y3F__P014.jpg,0.888207,24.685002,ok
EES0423692__X18__Y09__P015.jpg,0.640266,15.677516,ok
EES0423692__X18__Y3C__P016.jpg,0.655087,17.601024,ok
EES0423692__X18__Y3F__P017.jpg,0.667148,14.224900,ok
EES0423692__X1B__Y06__P018.jpg,0.856539,22.671866,ok
EES0423692__X1B__Y3F__P019.jpg,0.675387,14.620771,ok
EES0423692__X1E__Y06__P020.jpg,0.611816,15.006927,ok
EES0423692__X1E__Y3F__P021.jpg,0.648338,16.222554,ok
EES0423692__X21__Y3F__P022.jpg,0.550404,14.898127,ok
EES0423692__X21__Y42__P023.jpg,0.707601,14.362448,ok
EES0423692__X24__Y3F__P024.jpg,0.557826,13.882607,ok
EES0423692__X24__Y42__P025.jpg,0.831428,23.234627,ok
EES0423693__X15__Y21__P001.jpg,0.574649,17.098576,ok
EES0423693__X15__Y24__P002.jpg,0.517182,16.199593,ok
EES0423693__X15__Y27__P003.jpg,0.653390,17.458791,ok
EES0423693__X24__Y24__P004.jpg,0.655520,17.217465,ok
EES0423693__X30__Y2D__P005.jpg,0.623459,17.310753,ok
EES0423693__X33__Y1B__P006.jpg,0.622413,16.498603,ok
EES0423693__X33__Y2A__P007.jpg,0.570178,16.541821,ok
EES0423693__X33__Y30__P008.jpg,0.586535,17.529517,ok
EES0423693__X36__Y0F__P009.jpg,0.612268,17.296103,ok
EES0423693__X36__Y27__P010.jpg,0.588208,16.406770,ok
EES0423693__X39__Y27__P011.jpg,0.672420,16.667541,ok
EES0423693__X39__Y36__P012.jpg,0.567929,16.915432,ok
EES0423693__X39__Y39__P013.jpg,0.589307,16.472326,ok
EES0423693__X3C__Y1B__P014.jpg,0.583763,16.671186,ok
EES0423693__X3C__Y1E__P015.jpg,0.578762,16.381212,ok
EES0423693__X3C__Y3C__P016.jpg,0.659229,16.134054,ok
EES0423693__X3F__Y18__P017.jpg,0.604867,17.055952,ok
EES0423693__X3F__Y1B__P018.jpg,0.583376,16.755278,ok
EES0423693__X3F__Y1E__P019.jpg,0.533008,16.402817,ok
EES0423693__X3F__Y24__P020.jpg,0.613001,17.373050,ok
EES0423693__X42__Y0F__P021.jpg,0.839194,22.300574,ok
EES0423693__X12__Y36__P022.jpg,0.848119,22.730463,ok
EES0423693__X15__Y33__P023.jpg,0.819251,22.088370,ok
EES0423693__X15__Y39__P024.jpg,0.877022,22.398992,ok
EES0423693__X18__Y33__P025.jpg,0.721474,16.696168,ok
EES0423694__X18__Y39__P001.jpg,0.830821,22.175291,ok
EES0423694__X1B__Y3F__P002.jpg,0.911357,26.279379,ok
EES0423694__X1E__Y3F__P003.jpg,0.816144,21.247470,ok
EES0423694__X2A__Y3C__P004.jpg,0.685587,16.277738,ok
EES0423694__X36__Y0C__P005.jpg,0.928434,25.373189,ok
EES0423694__X36__Y39__P006.jpg,0.888500,30.360146,ok
EES0423694__X39__Y0F__P007.jpg,0.932213,25.944931,ok
EES0423694__X39__Y36__P008.jpg,0.751957,18.127740,ok
EES0423694__X3C__Y33__P009.jpg,0.924036,25.853783,ok
EES0423694__X3F__Y1B__P010.jpg,0.785570,20.740971,ok
EES0423694__X3F__Y2A__P011.jpg,0.676018,15.662459,ok
EES0423694__X3F__Y2D__P012.jpg,0.864575,22.069481,ok
EES0423694__X48__Y24__P013.jpg,0.899216,22.812378,ok
EES0423694__X48__Y27__P014.jpg,0.936004,26.756051,ok
EES0423694__X0F__Y21__P015.jpg,0.794718,22.654722,ok
EES0423694__X0F__Y24__P016.jpg,0.754382,20.916185,ok
EES0423694__X0F__Y27__P017.jpg,0.657287,16.343710,ok
EES0423694__X0F__Y2A__P018.jpg,0.678834,17.412351,ok
EES0423694__X0F__Y2D__P019.jpg,0.944984,32.914570,ok
EES0423694__X12__Y18__P020.jpg,0.762675,19.861131,ok
EES0423694__X12__Y24__P021.jpg,0.576609,16.006836,ok
EES0423694__X12__Y27__P022.jpg,0.542644,14.234679,ok
EES0423694__X12__Y2A__P023.jpg,0.621319,15.518291,ok
EES0423694__X12__Y2D__P024.jpg,0.537009,13.874076,ok
EES0423694__X12__Y30__P025.jpg,0.690996,18.032091,ok
EES0423695__X12__Y33__P001.jpg,0.804620,22.883704,ok
EES0423695__X15__Y18__P002.jpg,0.558714,15.498341,ok
EES0423695__X15__Y1B__P003.jpg,0.519087,16.563856,ok
EES0423695__X15__Y33__P004.jpg,0.500258,13.748900,ok
EES0423695__X15__Y36__P005.jpg,0.650778,17.069303,ok
EES0423695__X15__Y39__P006.jpg,0.765408,17.971827,ok
EES0423695__X18__Y39__P007.jpg,0.548440,14.410282,ok
EES0423695__X1B__Y3C__P008.jpg,0.674508,15.814771,ok
EES0423695__X1E__Y09__P009.jpg,0.795578,20.201679,ok
EES0423695__X1E__Y0C__P010.jpg,0.582554,16.671864,ok
EES0423695__X1E__Y3C__P011.jpg,0.548966,15.461257,ok
EES0423695__X1E__Y3F__P012.jpg,0.913297,25.368260,ok
EES0423695__X21__Y09__P013.jpg,0.732842,20.467297,ok
EES0423695__X21__Y0C__P014.jpg,0.526867,15.627968,ok
EES0423695__X21__Y3F__P015.jpg,0.596150,14.067514,ok
EES0423695__X24__Y09__P016.jpg,0.608019,15.202954,ok
EES0423695__X24__Y3F__P017.jpg,0.491560,14.071456,ok
EES0423695__X24__Y42__P018.jpg,0.846405,23.842833,ok
EES0423695__X27__Y42__P019.jpg,0.819709,22.478880,ok
EES0423695__X2A__Y06__P020.jpg,0.787562,19.960105,ok
EES0423695__X2A__Y42__P021.jpg,0.840751,23.886258,ok
EES0423695__X2D__Y06__P022.jpg,0.812518,23.247611,ok
EES0423695__X2D__Y42__P023.jpg,0.578259,15.012822,ok
EES0423695__X30__Y06__P024.jpg,0.943449,26.516942,ok
EES0423695__X30__Y42__P025.jpg,0.715137,14.843554,ok
EES0423696__X33__Y06__P001.jpg,0.902414,23.371776,ok
EES0423696__X33__Y42__P002.jpg,0.767784,20.165219,ok
EES0423696__X39__Y09__P003.jpg,0.512776,14.232404,ok
EES0423696__X39__Y3F__P004.jpg,0.668714,15.056971,ok
EES0423696__X3C__Y09__P005.jpg,0.898484,24.340741,ok
EES0423696__X3C__Y0C__P006.jpg,0.523536,16.162297,ok
EES0423696__X3C__Y3C__P007.jpg,0.637232,16.303585,ok
EES0423696__X3C__Y3F__P008.jpg,0.892649,23.669232,ok
EES0423696__X3F__Y0C__P009.jpg,0.768983,20.356082,ok
EES0423696__X3F__Y0F__P010.jpg,0.488788,16.143099,ok
EES0423696__X3F__Y3C__P011.jpg,0.787529,21.392951,ok
EES0423696__X42__Y0F__P012.jpg,0.698395,15.867020,ok
EES0423696__X42__Y39__P013.jpg,0.615481,15.077751,ok
EES0423696__X42__Y45__P014.jpg,0.767732,18.618779,ok
EES0423696__X45__Y12__P015.jpg,0.626375,15.335688,ok
EES0423696__X45__Y33__P016.jpg,0.529546,14.463366,ok
EES0423696__X45__Y36__P017.jpg,0.828126,22.862390,ok
EES0423696__X48__Y18__P018.jpg,0.805684,22.277429,ok
EES0423696__X48__Y1B__P019.jpg,0.611145,15.489533,ok
EES0423696__X48__Y27__P020.jpg,0.461999,14.546740,ok
EES0423696__X48__Y2A__P021.jpg,0.518447,15.462115,ok
EES0423696__X48__Y2D__P022.jpg,0.637281,17.412238,ok
EES0423696__X48__Y30__P023.jpg,0.563913,15.090163,ok
EES0423696__X48__Y3F__P024.jpg,0.879946,23.663383,ok
EES0423696__X48__Y42__P025.jpg,0.892821,24.752842,ok
EES0423697__X09__Y18__P001.jpg,0.865582,23.383828,ok
EES0423697__X09__Y1B__P002.jpg,0.839318,21.475441,ok
EES0423697__X09__Y1E__P003.jpg,0.741373,22.900524,ok
EES0423697__X0C__Y12__P004.jpg,0.774974,23.622657,ok
EES0423697__X0C__Y18__P005.jpg,0.622285,19.062478,ok
EES0423697__X0C__Y1B__P006.jpg,0.571991,17.138711,ok
EES0423697__X0C__Y1E__P007.jpg,0.646381,14.920791,ok
EES0423697__X0C__Y21__P008.jpg,0.867551,22.599831,ok
EES0423697__X0C__Y24__P009.jpg,0.797805,24.146596,ok
EES0423697__X0C__Y27__P010.jpg,0.875564,22.730202,ok
EES0423697__X0C__Y2A__P011.jpg,0.871959,24.578039,ok
EES0423697__X0F__Y0C__P012.jpg,0.858081,22.003265,ok
EES0423697__X0F__Y0F__P013.jpg,0.635389,21.733825,ok
EES0423697__X0F__Y2A__P014.jpg,0.892955,23.196701,ok
EES0423697__X0F__Y2D__P015.jpg,0.887078,20.014690,ok
EES0423697__X12__Y09__P016.jpg,0.895621,24.699083,ok
EES0423697__X12__Y27__P017.jpg,0.678463,21.282484,ok
EES0423697__X12__Y2A__P018.jpg,0.690458,21.655147,ok
EES0423697__X12__Y2D__P019.jpg,0.829011,20.892482,ok
EES0423697__X12__Y30__P020.jpg,0.922692,26.730843,ok
EES0423697__X15__Y06__P021.jpg,0.825682,23.836685,ok
EES0423697__X15__Y30__P022.jpg,0.643127,19.184562,ok
EES0423697__X18__Y36__P023.jpg,0.901983,25.292026,ok
EES0423697__X1B__Y03__P024.jpg,0.760229,24.189245,ok
EES0423697__X1B__Y21__P025.jpg,0.563410,17.824004,ok
EES0423698__X1B__Y33__P001.jpg,0.630661,19.343595,ok
EES0423698__X1B__Y36__P002.jpg,0.507122,16.058215,ok
EES0423698__X1B__Y39__P003.jpg,0.681882,20.817821,ok
EES0423698__X1E__Y03__P004.jpg,0.500865,16.327675,ok
EES0423698__X1E__Y1B__P005.jpg,0.538596,16.021623,ok
EES0423698__X1E__Y24__P006.jpg,0.505165,18.177103,ok
EES0423698__X1E__Y27__P007.jpg,0.563875,17.455210,ok
EES0423698__X1E__Y2A__P008.jpg,0.713657,22.631754,ok
EES0423698__X1E__Y36__P009.jpg,0.681431,22.427345,ok
EES0423698__X1E__Y39__P010.jpg,0.807524,21.713608,ok
EES0423698__X21__Y1B__P011.jpg,0.479663,15.197022,ok
EES0423698__X21__Y1E__P012.jpg,0.571394,20.217971,ok
EES0423698__X21__Y2D__P013.jpg,0.557303,17.345304,ok
EES0423698__X21__Y39__P014.jpg,0.774769,23.428008,ok
EES0423698__X24__Y18__P015.jpg,0.612411,17.233495,ok
EES0423698__X24__Y2A__P016.jpg,0.512606,15.574160,ok
EES0423698__X24__Y2D__P017.jpg,0.624680,18.840719,ok
EES0423698__X27__Y1B__P018.jpg,0.563007,18.537844,ok
EES0423698__X27__Y2D__P019.jpg,0.568492,18.364740,ok
EES0423698__X27__Y3C__P020.jpg,0.951395,28.788269,ok
EES0423698__X2A__Y1B__P021.jpg,0.560286,17.468508,ok
EES0423698__X2A__Y3C__P022.jpg,0.845221,23.114440,ok
EES0423698__X2D__Y03__P023.jpg,0.514564,18.199947,ok
EES0423698__X2D__Y1B__P024.jpg,0.556632,16.678809,ok
EES0423698__X2D__Y1E__P025.jpg,0.563548,18.598272,ok
EES0423699__X2D__Y24__P001.jpg,0.541509,17.390127,ok
EES0423699__X2D__Y2A__P002.jpg,0.566034,15.669698,ok
EES0423699__X2D__Y30__P003.jpg,0.546406,18.974415,ok
EES0423699__X2D__Y3C__P004.jpg,0.913943,24.767772,ok
EES0423699__X30__Y03__P005.jpg,0.803838,21.312427,ok
EES0423699__X30__Y21__P006.jpg,0.531575,15.897404,ok
EES0423699__X30__Y2A__P007.jpg,0.763484,23.767437,ok
EES0423699__X30__Y33__P008.jpg,0.606034,17.941652,ok
EES0423699__X33__Y1E__P009.jpg,0.591826,19.511950,ok
EES0423699__X33__Y24__P010.jpg,0.658487,20.995371,ok
EES0423699__X33__Y39__P011.jpg,0.848005,20.876610,ok
EES0423699__X36__Y06__P012.jpg,0.907835,25.440507,ok
EES0423699__X39__Y33__P013.jpg,0.548695,16.989361,ok
EES0423699__X3C__Y33__P014.jpg,0.930600,26.913725,ok
EES0423699__X42__Y15__P015.jpg,0.914105,25.057229,ok
EES0423699__X42__Y18__P016.jpg,0.659977,21.284442,ok
EES0423699__X42__Y1E__P017.jpg,0.664896,22.483902,ok
EES0423699__X42__Y24__P018.jpg,0.717712,23.040957,ok
EES0423699__X42__Y2A__P019.jpg,0.905085,30.680173,ok
EES0423699__X48__Y30__P020.jpg,0.921064,31.141407,ok
EES0423699__X06__Y39__P021.jpg,0.864042,23.667324,ok
EES0423699__X06__Y3C__P022.jpg,0.819792,21.119682,ok
EES0423699__X09__Y3F__P023.jpg,0.854480,23.171335,ok
EES0423699__X09__Y42__P024.jpg,0.896218,23.796624,ok
EES0423699__X0C__Y42__P025.jpg,0.851379,22.747994,ok
EES0423700__X0C__Y45__P001.jpg,0.880867,21.296290,ok
EES0423700__X0F__Y18__P002.jpg,0.764098,20.962356,ok
EES0423700__X0F__Y1B__P003.jpg,0.863221,22.433475,ok
EES0423700__X0F__Y27__P004.jpg,0.705714,17.014506,ok
EES0423700__X0F__Y2A__P005.jpg,0.634608,16.733174,ok
EES0423700__X0F__Y2D__P006.jpg,0.686135,19.183433,ok
EES0423700__X0F__Y30__P007.jpg,0.710253,18.831860,ok
EES0423700__X0F__Y45__P008.jpg,0.897217,25.769842,ok
EES0423700__X12__Y1B__P009.jpg,0.642262,16.479361,ok
EES0423700__X12__Y1E__P010.jpg,0.563007,16.443016,ok
EES0423700__X12__Y24__P011.jpg,0.605028,16.711795,ok
EES0423700__X12__Y27__P012.jpg,0.531383,14.706239,ok
EES0423700__X12__Y2A__P013.jpg,0.530695,14.565457,ok
EES0423700__X12__Y2D__P014.jpg,0.600523,15.309752,ok
EES0423700__X12__Y30__P015.jpg,0.550356,14.878931,ok
EES0423700__X12__Y33__P016.jpg,0.580685,14.591632,ok
EES0423700__X12__Y45__P017.jpg,0.750609,19.608667,ok
EES0423700__X15__Y1B__P018.jpg,0.478650,14.299554,ok
EES0423700__X15__Y1E__P019.jpg,0.635796,16.529898,ok
EES0423700__X15__Y2A__P020.jpg,0.502069,15.253108,ok
EES0423700__X15__Y36__P021.jpg,0.577117,15.266274,ok
EES0423700__X18__Y1E__P022.jpg,0.487456,14.847876,ok
EES0423700__X18__Y21__P023.jpg,0.498575,15.136907,ok
EES0423700__X18__Y24__P024.jpg,0.459899,14.474130,ok
EES0423700__X18__Y39__P025.jpg,0.589816,15.395435,ok
EES0423701__X1B__Y1E__P001.jpg,0.550340,16.157220,ok
EES0423701__X1E__Y3F__P002.jpg,0.612188,15.718513,ok
EES0423701__X21__Y3F__P003.jpg,0.642542,17.356897,ok
EES0423701__X24__Y42__P004.jpg,0.688650,17.689810,ok
EES0423701__X27__Y42__P005.jpg,0.627142,16.065642,ok
EES0423701__X2A__Y15__P006.jpg,0.503586,14.843545,ok
EES0423701__X2A__Y42__P007.jpg,0.587915,16.093156,ok
EES0423701__X2D__Y2D__P008.jpg,0.439062,14.404295,ok
EES0423701__X2D__Y3F__P009.jpg,0.468888,14.355226,ok
EES0423701__X2D__Y42__P010.jpg,0.590476,16.053559,ok
EES0423701__X30__Y09__P011.jpg,0.458734,14.404877,ok
EES0423701__X30__Y0F__P012.jpg,0.499046,14.600545,ok
EES0423701__X30__Y15__P013.jpg,0.488104,14.365442,ok
EES0423701__X30__Y1B__P014.jpg,0.458003,14.246760,ok
EES0423701__X30__Y2A__P015.jpg,0.450466,14.810196,ok
EES0423701__X30__Y36__P016.jpg,0.524691,15.142104,ok
EES0423701__X30__Y39__P017.jpg,0.473559,14.594178,ok
EES0423701__X30__Y3F__P018.jpg,0.485792,14.333692,ok
EES0423701__X30__Y42__P019.jpg,0.559856,15.530968,ok
EES0423701__X33__Y09__P020.jpg,0.724843,18.988238,ok
EES0423701__X33__Y3C__P021.jpg,0.553489,15.423791,ok
EES0423701__X33__Y3F__P022.jpg,0.485906,14.834433,ok
EES0423701__X33__Y42__P023.jpg,0.786508,21.921648,ok
EES0423701__X36__Y3C__P024.jpg,0.489824,15.227958,ok
EES0423701__X36__Y3F__P025.jpg,0.529604,15.111782,ok
EES0423702__X39__Y09__P001.jpg,0.905823,24.843963,ok
EES0423702__X39__Y0C__P002.jpg,0.656481,17.466321,ok
EES0423702__X39__Y1E__P003.jpg,0.495105,14.954368,ok
EES0423702__X39__Y3C__P004.jpg,0.469554,14.494740,ok
EES0423702__X39__Y3F__P005.jpg,0.789701,21.918820,ok
EES0423702__X3C__Y1E__P006.jpg,0.495890,15.104356,ok
EES0423702__X3C__Y3C__P007.jpg,0.616135,17.419680,ok
EES0423702__X3F__Y12__P008.jpg,0.529654,14.679392,ok
EES0423702__X3F__Y15__P009.jpg,0.522083,15.761905,ok
EES0423702__X3F__Y30__P010.jpg,0.520020,16.269917,ok
EES0423702__X3F__Y36__P011.jpg,0.511687,14.877187,ok
EES0423702__X3F__Y39__P012.jpg,0.633309,17.537556,ok
EES0423702__X42__Y12__P013.jpg,0.709913,19.352752,ok
EES0423702__X42__Y15__P014.jpg,0.632477,16.742806,ok
EES0423702__X42__Y18__P015.jpg,0.526554,14.722352,ok
EES0423702__X42__Y2D__P016.jpg,0.572237,17.123984,ok
EES0423702__X42__Y30__P017.jpg,0.527864,14.617812,ok
EES0423702__X42__Y33__P018.jpg,0.549730,16.196484,ok
EES0423702__X42__Y45__P019.jpg,0.846377,22.798269,ok
EES0423702__X45__Y45__P020.jpg,0.712984,15.361197,ok
EES0423702__X12__Y1B__P021.jpg,0.916475,25.700589,ok
EES0423702__X12__Y24__P022.jpg,0.553249,15.117614,ok
EES0423702__X12__Y33__P023.jpg,0.873655,21.699379,ok
EES0423702__X15__Y36__P024.jpg,0.754985,18.259840,ok
EES0423702__X18__Y39__P025.jpg,0.896919,24.624432,ok
EES0423703__X1B__Y1E__P001.jpg,0.501519,14.831339,ok
EES0423703__X1E__Y09__P002.jpg,0.930448,24.930197,ok
EES0423703__X21__Y0F__P003.jpg,0.533099,16.203475,ok
EES0423703__X24__Y06__P004.jpg,0.946441,26.595039,ok
EES0423703__X27__Y06__P005.jpg,0.901654,23.213556,ok
EES0423703__X30__Y06__P006.jpg,0.881362,25.362474,ok
EES0423703__X36__Y09__P007.jpg,0.555303,15.029484,ok
EES0423703__X36__Y3F__P008.jpg,0.829084,21.237001,ok
EES0423703__X39__Y09__P009.jpg,0.896234,21.846915,ok
EES0423703__X39__Y3F__P010.jpg,0.935444,27.184225,ok
EES0423703__X3C__Y3C__P011.jpg,0.848064,22.795865,ok
EES0423703__X42__Y36__P012.jpg,0.823947,22.788992,ok
EES0423703__X48__Y18__P013.jpg,0.925810,25.469179,ok
EES0423703__X48__Y1E__P014.jpg,0.877756,23.032288,ok
EES0423703__X48__Y21__P015.jpg,0.843659,22.621449,ok
EES0423703__X48__Y24__P016.jpg,0.843355,23.383312,ok
EES0423703__X48__Y27__P017.jpg,0.856695,23.002163,ok
EES0423703__X48__Y2A__P018.jpg,0.825172,23.396014,ok
EES0423703__X48__Y2D__P019.jpg,0.705188,16.089700,ok
EES0423703__X48__Y30__P020.jpg,0.840303,22.908660,ok
EES0423703__X12__Y18__P021.jpg,0.609619,20.742726,ok
EES0423703__X12__Y1E__P022.jpg,0.614076,17.974127,ok
EES0423703__X18__Y09__P023.jpg,0.878641,23.318127,ok
EES0423703__X18__Y1E__P024.jpg,0.704000,22.643501,ok
EES0423703__X18__Y21__P025.jpg,0.717646,23.279826,ok
EES0423704__X1B__Y0C__P001.jpg,0.748694,22.749410,ok
EES0423704__X1B__Y0F__P002.jpg,0.813432,23.364819,ok
EES0423704__X1B__Y18__P003.jpg,0.838892,22.774789,ok
EES0423704__X1B__Y1B__P004.jpg,0.713867,22.666953,ok
EES0423704__X1B__Y1E__P005.jpg,0.603303,18.754917,ok
EES0423704__X1B__Y21__P006.jpg,0.645730,18.730424,ok
EES0423704__X1B__Y27__P007.jpg,0.836667,21.937567,ok
EES0423704__X1E__Y06__P008.jpg,0.755624,23.887157,ok
EES0423704__X1E__Y0C__P009.jpg,0.779749,21.739746,ok
EES0423704__X1E__Y0F__P010.jpg,0.633487,20.848087,ok
EES0423704__X1E__Y12__P011.jpg,0.563603,16.820468,ok
EES0423704__X1E__Y15__P012.jpg,0.772597,24.589861,ok
EES0423704__X1E__Y1B__P013.jpg,0.558119,16.579626,ok
EES0423704__X1E__Y1E__P014.jpg,0.656769,18.385056,ok
EES0423704__X1E__Y21__P015.jpg,0.490969,15.743208,ok
EES0423704__X1E__Y24__P016.jpg,0.533905,16.676750,ok
EES0423704__X1E__Y27__P017.jpg,0.576104,17.194470,ok
EES0423704__X1E__Y2A__P018.jpg,0.587073,17.829547,ok
EES0423704__X21__Y09__P019.jpg,0.642533,19.940020,ok
EES0423704__X21__Y0C__P020.jpg,0.765935,23.566086,ok
EES0423704__X21__Y0F__P021.jpg,0.744718,21.702507,ok
EES0423704__X21__Y12__P022.jpg,0.735920,22.853696,ok
EES0423704__X21__Y15__P023.jpg,0.709176,22.974313,ok
EES0423704__X21__Y18__P024.jpg,0.937791,29.903263,ok
EES0423704__X21__Y2A__P025.jpg,0.619095,19.075812,ok
EES0423705__X21__Y30__P001.jpg,0.838342,21.539233,ok
EES0423705__X24__Y0C__P002.jpg,0.601899,15.922968,ok
EES0423705__X24__Y12__P003.jpg,0.761617,24.170996,ok
EES0423705__X24__Y15__P004.jpg,0.485768,16.642811,ok
EES0423705__X24__Y18__P005.jpg,0.607557,17.443991,ok
EES0423705__X24__Y2A__P006.jpg,0.573164,17.195246,ok
EES0423705__X24__Y2D__P007.jpg,0.726873,22.535608,ok
EES0423705__X27__Y06__P008.jpg,0.719694,19.151093,ok
EES0423705__X27__Y2A__P009.jpg,0.536567,16.590792,ok
EES0423705__X27__Y2D__P010.jpg,0.742121,23.462935,ok
EES0423705__X2A__Y18__P011.jpg,0.597656,19.046238,ok
EES0423705__X2A__Y1B__P012.jpg,0.521308,14.460268,ok
EES0423705__X2D__Y09__P013.jpg,0.801612,25.346714,ok
EES0423705__X2D__Y0C__P014.jpg,0.557627,16.696542,ok
EES0423705__X2D__Y12__P015.jpg,0.576172,16.408288,ok
EES0423705__X2D__Y1B__P016.jpg,0.775369,23.262409,ok
EES0423705__X2D__Y1E__P017.jpg,0.517712,15.948052,ok
EES0423705__X2D__Y21__P018.jpg,0.632186,16.707746,ok
EES0423705__X2D__Y24__P019.jpg,0.563027,16.775104,ok
EES0423705__X2D__Y2A__P020.jpg,0.767425,23.488760,ok
EES0423705__X30__Y06__P021.jpg,0.544125,16.907096,ok
EES0423705__X30__Y09__P022.jpg,0.687440,21.674690,ok
EES0423705__X30__Y12__P023.jpg,0.681541,22.139214,ok
EES0423705__X30__Y18__P024.jpg,0.667855,20.461570,ok
EES0423705__X30__Y1B__P025.jpg,0.583484,19.849300,ok
EES0423706__X30__Y1E__P001.jpg,0.715657,22.443699,ok
EES0423706__X30__Y21__P002.jpg,0.519264,18.620196,ok
EES0423706__X30__Y24__P003.jpg,0.618078,19.168820,ok
EES0423706__X30__Y2A__P004.jpg,0.564269,19.289120,ok
EES0423706__X33__Y06__P005.jpg,0.692948,21.538318,ok
EES0423706__X33__Y09__P006.jpg,0.778139,23.584955,ok
EES0423706__X33__Y0C__P007.jpg,0.732055,23.001238,ok
EES0423706__X33__Y1E__P008.jpg,0.566787,18.743148,ok
EES0423706__X36__Y06__P009.jpg,0.953061,32.810689,ok
EES0423706__X36__Y09__P010.jpg,0.665696,18.695156,ok
EES0423706__X36__Y0C__P011.jpg,0.613002,18.821029,ok
EES0423706__X36__Y0F__P012.jpg,0.649130,21.798590,ok
EES0423706__X36__Y1E__P013.jpg,0.670350,22.108853,ok
EES0423706__X39__Y09__P014.jpg,0.680331,19.592127,ok
EES0423706__X3C__Y0C__P015.jpg,0.787925,21.813338,ok
EES0423706__X3F__Y0F__P016.jpg,0.862719,23.572292,ok
EES0423706__X3F__Y12__P017.jpg,0.921094,28.504658,ok
EES0423706__X3F__Y15__P018.jpg,0.636134,20.284178,ok
EES0423706__X42__Y15__P019.jpg,0.847811,22.067392,ok
EES0423706__X0F__Y1B__P020.jpg,0.902116,24.226835,ok
EES0423706__X0F__Y27__P021.jpg,0.885070,24.929158,ok
EES0423706__X0F__Y2A__P022.jpg,0.833498,23.960800,ok
EES0423706__X12__Y12__P023.jpg,0.785300,22.908540,ok
EES0423706__X12__Y15__P024.jpg,0.674192,17.266494,ok
EES0423706__X12__Y18__P025.jpg,0.500304,14.911939,ok
EES0423707__X12__Y1B__P001.jpg,0.590841,19.240410,ok
EES0423707__X12__Y1E__P002.jpg,0.564810,16.423554,ok
EES0423707__X12__Y27__P003.jpg,0.550895,16.341930,ok
EES0423707__X12__Y2A__P004.jpg,0.548601,14.914983,ok
EES0423707__X12__Y2D__P005.jpg,0.710515,20.429909,ok
EES0423707__X12__Y30__P006.jpg,0.724262,15.229608,ok
EES0423707__X15__Y0F__P007.jpg,0.726400,21.589198,ok
EES0423707__X15__Y18__P008.jpg,0.450336,15.463124,ok
EES0423707__X15__Y27__P009.jpg,0.496323,15.946888,ok
EES0423707__X15__Y2A__P010.jpg,0.506467,14.943067,ok
EES0423707__X18__Y09__P011.jpg,0.863187,23.033768,ok
EES0423707__X18__Y0F__P012.jpg,0.543292,15.293098,ok
EES0423707__X18__Y2A__P013.jpg,0.619537,16.632236,ok
EES0423707__X18__Y36__P014.jpg,0.672331,15.859008,ok
EES0423707__X1B__Y39__P015.jpg,0.751716,18.162103,ok
EES0423707__X21__Y3F__P016.jpg,0.917115,22.879680,ok
EES0423707__X2A__Y03__P017.jpg,0.639500,16.204908,ok
EES0423707__X2D__Y03__P018.jpg,0.740794,18.883852,ok
EES0423707__X2D__Y3F__P019.jpg,0.693695,20.087379,ok
EES0423707__X30__Y03__P020.jpg,0.859909,22.467066,ok
EES0423707__X33__Y06__P021.jpg,0.544388,15.860936,ok
EES0423707__X33__Y3C__P022.jpg,0.629391,16.629635,ok
EES0423707__X36__Y06__P023.jpg,0.615881,15.474284,ok
EES0423707__X36__Y09__P024.jpg,0.446038,14.587924,ok
EES0423707__X36__Y0C__P025.jpg,0.489650,14.495344,ok
EES0423708__X36__Y12__P001.jpg,0.487331,15.236041,ok
EES0423708__X39__Y06__P002.jpg,0.906550,23.493473,ok
EES0423708__X39__Y0C__P003.jpg,0.513251,15.139524,ok
EES0423708__X3C__Y09__P004.jpg,0.707989,16.960998,ok
EES0423708__X3C__Y0F__P005.jpg,0.529221,14.892215,ok
EES0423708__X3C__Y36__P006.jpg,0.687441,16.148639,ok
EES0423708__X3C__Y39__P007.jpg,0.905851,25.349114,ok
EES0423708__X3F__Y0C__P008.jpg,0.537862,16.405902,ok
EES0423708__X3F__Y2A__P009.jpg,0.514637,16.095844,ok
EES0423708__X3F__Y2D__P010.jpg,0.466399,15.507699,ok
EES0423708__X3F__Y30__P011.jpg,0.530754,17.499819,ok
EES0423708__X3F__Y33__P012.jpg,0.605167,16.750472,ok
EES0423708__X3F__Y36__P013.jpg,0.727016,19.647928,ok
EES0423708__X42__Y0F__P014.jpg,0.747978,17.751493,ok
EES0423708__X42__Y12__P015.jpg,0.708088,17.301712,ok
EES0423708__X42__Y15__P016.jpg,0.481327,14.625208,ok
EES0423708__X42__Y24__P017.jpg,0.458575,15.269249,ok
EES0423708__X42__Y27__P018.jpg,0.460608,15.299047,ok
EES0423708__X42__Y2A__P019.jpg,0.484243,14.678184,ok
EES0423708__X42__Y2D__P020.jpg,0.691897,18.342789,ok
EES0423708__X45__Y12__P021.jpg,0.834058,23.841441,ok
EES0423708__X45__Y15__P022.jpg,0.765651,21.764987,ok
EES0423708__X45__Y18__P023.jpg,0.714415,19.909230,ok
EES0423708__X45__Y1B__P024.jpg,0.738459,16.699182,ok
EES0423708__X45__Y1E__P025.jpg,0.658456,15.553819,ok
EES0423709__X45__Y21__P001.jpg,0.644025,16.538399,ok
EES0423709__X45__Y24__P002.jpg,0.591447,16.389959,ok
EES0423709__X45__Y27__P003.jpg,0.677422,15.509339,ok
EES0423709__X45__Y2A__P004.jpg,0.818365,22.875824,ok
EES0423709__X45__Y2D__P005.jpg,0.838760,21.484773,ok
EES0423709__X48__Y18__P006.jpg,0.856224,25.136574,ok
EES0423709__X48__Y1B__P007.jpg,0.906373,25.254714,ok
EES0423709__X48__Y1E__P008.jpg,0.742030,17.141361,ok
EES0423709__X48__Y21__P009.jpg,0.629711,16.394032,ok
EES0423709__X48__Y24__P010.jpg,0.848213,22.493259,ok
EES0423709__X48__Y27__P011.jpg,0.801613,22.753663,ok
EES0423709__X48__Y2A__P012.jpg,0.925309,26.949838,ok
EES0423709__X09__Y1B__P013.jpg,0.865262,22.224542,ok
EES0423709__X09__Y1E__P014.jpg,0.798169,23.791211,ok
EES0423709__X09__Y21__P015.jpg,0.563934,16.560725,ok
EES0423709__X09__Y24__P016.jpg,0.649485,19.630811,ok
EES0423709__X09__Y27__P017.jpg,0.706021,22.096383,ok
EES0423709__X09__Y2A__P018.jpg,0.848939,22.381588,ok
EES0423709__X09__Y2D__P019.jpg,0.810593,23.477460,ok
EES0423709__X09__Y30__P020.jpg,0.770499,21.485068,ok
EES0423709__X0C__Y18__P021.jpg,0.762139,23.804279,ok
EES0423709__X0C__Y1B__P022.jpg,0.700991,21.322456,ok
EES0423709__X0C__Y1E__P023.jpg,0.747677,22.544732,ok
EES0423709__X0C__Y21__P024.jpg,0.590842,17.721075,ok
EES0423709__X0C__Y24__P025.jpg,0.573892,17.432478,ok
EES0423710__X0C__Y27__P001.jpg,0.737971,22.246188,ok
EES0423710__X0C__Y2A__P002.jpg,0.487002,14.918316,ok
EES0423710__X0C__Y2D__P003.jpg,0.582147,16.700915,ok
EES0423710__X0C__Y30__P004.jpg,0.733994,22.777968,ok
EES0423710__X0C__Y33__P005.jpg,0.923043,27.262411,ok
EES0423710__X0F__Y15__P006.jpg,0.629705,14.232723,ok
EES0423710__X0F__Y36__P007.jpg,0.478204,15.066064,ok
EES0423710__X0F__Y39__P008.jpg,0.626632,15.621201,ok
EES0423710__X12__Y0F__P009.jpg,0.756194,22.716523,ok
EES0423710__X12__Y12__P010.jpg,0.777218,22.949923,ok
EES0423710__X12__Y39__P011.jpg,0.784707,22.771441,ok
EES0423710__X12__Y3C__P012.jpg,0.564289,14.233124,ok
EES0423710__X15__Y0C__P013.jpg,0.871590,22.558286,ok
EES0423710__X15__Y3C__P014.jpg,0.737501,22.722665,ok
EES0423710__X18__Y09__P015.jpg,0.884781,23.722222,ok
EES0423710__X18__Y0C__P016.jpg,0.476033,14.774342,ok
EES0423710__X18__Y3F__P017.jpg,0.933198,27.717197,ok
EES0423710__X1B__Y06__P018.jpg,0.908190,25.156286,ok
EES0423710__X1B__Y09__P019.jpg,0.918596,25.326727,ok
EES0423710__X1B__Y3F__P020.jpg,0.613555,18.744247,ok
EES0423710__X1E__Y06__P021.jpg,0.717577,17.473517,ok
EES0423710__X1E__Y09__P022.jpg,0.595795,16.635051,ok
EES0423710__X1E__Y3F__P023.jpg,0.456114,15.428607,ok
EES0423710__X21__Y06__P024.jpg,0.814325,22.592943,ok
EES0423710__X21__Y2D__P025.jpg,0.752731,22.830471,ok
EES0423711__X21__Y42__P001.jpg,0.831874,22.470419,ok
EES0423711__X24__Y06__P002.jpg,0.730732,21.561243,ok
EES0423711__X24__Y42__P003.jpg,0.810925,22.891105,ok
EES0423711__X27__Y06__P004.jpg,0.765543,21.586300,ok
EES0423711__X27__Y42__P005.jpg,0.758124,22.788876,ok
EES0423711__X2A__Y06__P006.jpg,0.743127,22.466886,ok
EES0423711__X2A__Y42__P007.jpg,0.756786,22.167542,ok
EES0423711__X2D__Y06__P008.jpg,0.953872,30.886004,ok
EES0423711__X2D__Y42__P009.jpg,0.898758,26.099526,ok
EES0423711__X30__Y06__P010.jpg,0.939585,33.196642,ok
EES0423711__X30__Y3F__P011.jpg,0.462343,15.185755,ok
EES0423711__X33__Y3F__P012.jpg,0.876957,22.329705,ok
EES0423711__X36__Y09__P013.jpg,0.844147,22.554611,ok
EES0423711__X36__Y0C__P014.jpg,0.529154,16.614094,ok
EES0423711__X36__Y3C__P015.jpg,0.522579,16.251928,ok
EES0423711__X39__Y09__P016.jpg,0.949472,27.255866,ok
EES0423711__X39__Y0C__P017.jpg,0.806747,24.322349,ok
EES0423711__X39__Y3C__P018.jpg,0.849877,22.524874,ok
EES0423711__X3C__Y0F__P019.jpg,0.796213,23.944129,ok
EES0423711__X3C__Y39__P020.jpg,0.904445,24.388531,ok
EES0423711__X3F__Y12__P021.jpg,0.855970,23.407972,ok
EES0423711__X3F__Y15__P022.jpg,0.819293,24.448767,ok
EES0423711__X3F__Y36__P023.jpg,0.431668,10.562159,ok
EES0423711__X42__Y18__P024.jpg,0.872923,23.267287,ok
EES0423711__X42__Y1E__P025.jpg,0.563726,15.279654,ok
EES0423712__X42__Y2A__P001.jpg,0.559123,16.816703,ok
EES0423712__X42__Y2D__P002.jpg,0.708457,21.477914,ok
EES0423712__X42__Y30__P003.jpg,0.878612,24.584825,ok
EES0423712__X45__Y1E__P004.jpg,0.910815,23.377282,ok
EES0423712__X45__Y21__P005.jpg,0.881983,24.047692,ok
EES0423712__X45__Y24__P006.jpg,0.797340,18.717369,ok
EES0423712__X45__Y27__P007.jpg,0.917464,22.555004,ok
EES0423712__X45__Y2A__P008.jpg,0.432280,10.538776,ok
EES0423712__X48__Y42__P009.jpg,0.398804,10.318000,ok
EES0423712__X0C__Y18__P010.jpg,0.516695,14.815664,ok
EES0423712__X12__Y12__P011.jpg,0.622531,15.014885,ok
EES0423712__X1E__Y0F__P012.jpg,0.646384,15.925980,ok
EES0423712__X21__Y0C__P013.jpg,0.857629,23.792437,ok
EES0423712__X24__Y0C__P014.jpg,0.911469,24.777737,ok
EES0423712__X27__Y0C__P015.jpg,0.684976,17.455567,ok
EES0423712__X27__Y12__P016.jpg,0.623951,16.122255,ok
EES0423712__X2A__Y0C__P017.jpg,0.830308,23.132091,ok
EES0423712__X2A__Y0F__P018.jpg,0.702197,19.721449,ok
EES0423712__X2A__Y12__P019.jpg,0.623406,15.712735,ok
EES0423712__X2D__Y0C__P020.jpg,0.781841,21.258152,ok
EES0423712__X2D__Y0F__P021.jpg,0.693465,18.134575,ok
EES0423712__X2D__Y12__P022.jpg,0.637307,16.114260,ok
EES0423712__X2D__Y42__P023.jpg,0.554388,15.023490,ok
EES0423712__X30__Y0C__P024.jpg,0.834722,22.950590,ok
EES0423712__X30__Y0F__P025.jpg,0.800205,22.916774,ok
EES0423713__X30__Y12__P001.jpg,0.877259,22.906619,ok
EES0423713__X30__Y18__P002.jpg,0.707649,18.467185,ok
EES0423713__X30__Y1B__P003.jpg,0.616526,16.140736,ok
EES0423713__X30__Y1E__P004.jpg,0.544428,15.680136,ok
EES0423713__X33__Y0F__P005.jpg,0.780740,22.518158,ok
EES0423713__X33__Y12__P006.jpg,0.816564,23.760683,ok
EES0423713__X33__Y18__P007.jpg,0.727831,21.268547,ok
EES0423713__X33__Y1E__P008.jpg,0.550894,15.683946,ok
EES0423713__X33__Y21__P009.jpg,0.699860,18.237748,ok
EES0423713__X33__Y24__P010.jpg,0.735586,21.037303,ok
EES0423713__X36__Y12__P011.jpg,0.709145,19.971001,ok
EES0423713__X36__Y18__P012.jpg,0.851416,22.968549,ok
EES0423713__X36__Y1B__P013.jpg,0.642480,17.710839,ok
EES0423713__X36__Y1E__P014.jpg,0.697060,18.956244,ok
EES0423713__X36__Y21__P015.jpg,0.569529,14.717663,ok
EES0423713__X36__Y24__P016.jpg,0.576146,15.202224,ok
EES0423713__X36__Y27__P017.jpg,0.530955,14.957358,ok
EES0423713__X36__Y2A__P018.jpg,0.597135,17.879048,ok
EES0423713__X36__Y3F__P019.jpg,0.488285,13.814913,ok
EES0423713__X39__Y18__P020.jpg,0.821015,22.467339,ok
EES0423713__X39__Y1B__P021.jpg,0.723168,17.937646,ok
EES0423713__X39__Y1E__P022.jpg,0.691615,14.973860,ok
EES0423713__X39__Y21__P023.jpg,0.553530,14.686737,ok
EES0423713__X39__Y24__P024.jpg,0.505284,13.726580,ok
EES0423713__X39__Y27__P025.jpg,0.605643,15.362550,ok
EES0423714__X39__Y2A__P001.jpg,0.587516,15.237570,ok
EES0423714__X39__Y30__P002.jpg,0.577046,15.059188,ok
EES0423714__X3C__Y18__P003.jpg,0.777618,21.727042,ok
EES0423714__X3C__Y1B__P004.jpg,0.909206,25.276349,ok
EES0423714__X3C__Y21__P005.jpg,0.605915,14.462795,ok
EES0423714__X3C__Y24__P006.jpg,0.618331,15.911899,ok
EES0423714__X3C__Y2A__P007.jpg,0.630768,14.721664,ok
EES0423714__X3C__Y2D__P008.jpg,0.644831,16.452835,ok
EES0423714__X3C__Y30__P009.jpg,0.556659,15.303788,ok
EES0423714__X3C__Y33__P010.jpg,0.631529,17.565836,ok
EES0423714__X3C__Y36__P011.jpg,0.557700,14.685339,ok
EES0423714__X3C__Y3C__P012.jpg,0.939749,29.208158,ok
EES0423714__X3F__Y18__P013.jpg,0.936224,25.462892,ok
EES0423714__X3F__Y1B__P014.jpg,0.886074,23.560054,ok
EES0423714__X3F__Y1E__P015.jpg,0.722428,18.426052,ok
EES0423714__X3F__Y21__P016.jpg,0.685083,15.875258,ok
EES0423714__X3F__Y27__P017.jpg,0.638573,14.595368,ok
EES0423714__X3F__Y2A__P018.jpg,0.831054,21.799177,ok
EES0423714__X3F__Y2D__P019.jpg,0.516565,14.623102,ok
EES0423714__X3F__Y30__P020.jpg,0.622471,14.914989,ok
EES0423714__X3F__Y33__P021.jpg,0.799511,22.005354,ok
EES0423714__X3F__Y36__P022.jpg,0.620875,15.988569,ok
EES0423714__X42__Y24__P023.jpg,0.870119,21.820248,ok
EES0423714__X42__Y27__P024.jpg,0.836739,22.789831,ok
EES0423714__X42__Y2A__P025.jpg,0.676416,16.950310,ok
EES0423715__X42__Y2D__P001.jpg,0.679107,15.561293,ok
EES0423715__X42__Y30__P002.jpg,0.909331,23.656656,ok
EES0423715__X0F__Y18__P003.jpg,0.865761,22.958753,ok
EES0423715__X0F__Y1B__P004.jpg,0.577072,15.858638,ok
EES0423715__X0F__Y1E__P005.jpg,0.582762,15.675295,ok
EES0423715__X0F__Y2A__P006.jpg,0.529672,15.071566,ok
EES0423715__X0F__Y2D__P007.jpg,0.694612,15.120926,ok
EES0423715__X12__Y12__P008.jpg,0.872439,21.997870,ok
EES0423715__X12__Y15__P009.jpg,0.605827,15.824633,ok
EES0423715__X12__Y18__P010.jpg,0.484210,14.316710,ok
EES0423715__X12__Y30__P011.jpg,0.516209,13.555565,ok
EES0423715__X12__Y33__P012.jpg,0.847481,22.777436,ok
EES0423715__X15__Y0F__P013.jpg,0.637999,16.284075,ok
EES0423715__X15__Y36__P014.jpg,0.853260,22.251235,ok
EES0423715__X15__Y39__P015.jpg,0.926149,24.850511,ok
EES0423715__X18__Y0C__P016.jpg,0.724454,19.913564,ok
EES0423715__X18__Y39__P017.jpg,0.759576,21.749044,ok
EES0423715__X1B__Y09__P018.jpg,0.946572,30.547703,ok
EES0423715__X1B__Y0C__P019.jpg,0.587585,14.672139,ok
EES0423715__X1B__Y3C__P020.jpg,0.897429,23.196362,ok
EES0423715__X1E__Y09__P021.jpg,0.806639,20.832272,ok
EES0423715__X1E__Y3C__P022.jpg,0.711743,16.572677,ok
EES0423715__X21__Y06__P023.jpg,0.799960,21.153984,ok
EES0423715__X21__Y3F__P024.jpg,0.850025,21.526613,ok
EES0423715__X24__Y06__P025.jpg,0.701411,14.535073,ok
EES0423716__X24__Y3F__P001.jpg,0.636221,14.848784,ok
EES0423716__X27__Y06__P002.jpg,0.498263,14.684524,ok
EES0423716__X27__Y3F__P003.jpg,0.579565,15.203534,ok
EES0423716__X2A__Y03__P004.jpg,0.837372,23.050860,ok
EES0423716__X2A__Y06__P005.jpg,0.684428,15.888791,ok
EES0423716__X2A__Y3F__P006.jpg,0.623151,16.175703,ok
EES0423716__X2A__Y42__P007.jpg,0.931238,22.654398,ok
EES0423716__X2D__Y06__P008.jpg,0.612821,15.858069,ok
EES0423716__X30__Y06__P009.jpg,0.655259,14.858858,ok
EES0423716__X33__Y06__P010.jpg,0.786871,15.731581,ok
EES0423716__X33__Y3F__P011.jpg,0.778387,20.895337,ok
EES0423716__X36__Y06__P012.jpg,0.852440,22.803338,ok
EES0423716__X36__Y09__P013.jpg,0.507111,14.624786,ok
EES0423716__X36__Y36__P014.jpg,0.586142,15.018913,ok
EES0423716__X36__Y39__P015.jpg,0.642429,17.405918,ok
EES0423716__X36__Y3C__P016.jpg,0.604052,16.515246,ok
EES0423716__X39__Y09__P017.jpg,0.849854,22.994567,ok
EES0423716__X39__Y33__P018.jpg,0.584836,14.989295,ok
EES0423716__X39__Y36__P019.jpg,0.562313,15.381064,ok
EES0423716__X39__Y39__P020.jpg,0.682186,19.357429,ok
EES0423716__X39__Y3C__P021.jpg,0.583792,15.769371,ok
EES0423716__X3C__Y09__P022.jpg,0.934812,24.367087,ok
EES0423716__X3C__Y0C__P023.jpg,0.695584,14.747234,ok
EES0423716__X3C__Y33__P024.jpg,0.630791,18.441631,ok
EES0423716__X3C__Y36__P025.jpg,0.686543,15.869708,ok
EES0423717__X3C__Y39__P001.jpg,0.639651,16.038023,ok
EES0423717__X3F__Y0C__P002.jpg,0.745048,17.658157,ok
EES0423717__X3F__Y0F__P003.jpg,0.594030,15.165816,ok
EES0423717__X3F__Y2A__P004.jpg,0.595568,15.927718,ok
EES0423717__X3F__Y30__P005.jpg,0.622694,15.066205,ok
EES0423717__X42__Y0F__P006.jpg,0.927092,24.718724,ok
EES0423717__X42__Y12__P007.jpg,0.774799,17.611357,ok
EES0423717__X42__Y18__P008.jpg,0.601257,15.194396,ok
EES0423717__X42__Y27__P009.jpg,0.707427,17.087274,ok
EES0423717__X42__Y2D__P010.jpg,0.691058,15.990315,ok
EES0423717__X42__Y30__P011.jpg,0.701468,16.638609,ok
EES0423717__X45__Y12__P012.jpg,0.741253,18.147005,ok
EES0423717__X45__Y18__P013.jpg,0.856639,23.077819,ok
EES0423717__X45__Y21__P014.jpg,0.590244,15.361986,ok
EES0423717__X45__Y2A__P015.jpg,0.685466,16.580572,ok
EES0423717__X45__Y2D__P016.jpg,0.589259,14.652738,ok
EES0423717__X45__Y30__P017.jpg,0.880684,23.003686,ok
EES0423717__X48__Y21__P018.jpg,0.458611,10.985740,ok
EES0423717__X48__Y24__P019.jpg,0.909173,23.710861,ok
EES0423717__X15__Y27__P020.jpg,0.656354,16.071417,ok
EES0423717__X15__Y2A__P021.jpg,0.679209,15.381809,ok
EES0423717__X18__Y1E__P022.jpg,0.596330,15.646924,ok
EES0423717__X1B__Y21__P023.jpg,0.664848,16.668535,ok
EES0423717__X2D__Y09__P024.jpg,0.844402,21.297227,ok
EES0423717__X30__Y12__P025.jpg,0.669393,15.767927,ok
EES0423718__X30__Y39__P001.jpg,0.669824,16.264633,ok
EES0423718__X33__Y39__P002.jpg,0.530738,14.558041,ok
EES0423718__X3F__Y0C__P003.jpg,0.773728,20.722855,ok
EES0423718__X3F__Y0F__P004.jpg,0.752775,16.408403,ok
EES0423718__X42__Y1E__P005.jpg,0.740025,20.538813,ok
EES0423718__X42__Y21__P006.jpg,0.787693,21.787456,ok
EES0423718__X42__Y33__P007.jpg,0.783533,22.444903,ok
EES0423718__X09__Y24__P008.jpg,0.917418,24.599911,ok
EES0423718__X09__Y27__P009.jpg,0.879675,21.591205,ok
EES0423718__X12__Y39__P010.jpg,0.798280,21.660105,ok
EES0423718__X18__Y36__P011.jpg,0.541295,15.379292,ok
EES0423718__X18__Y3F__P012.jpg,0.683794,15.148099,ok
EES0423718__X1B__Y24__P013.jpg,0.616080,16.152548,ok
EES0423718__X1B__Y3F__P014.jpg,0.644119,15.330063,ok
EES0423718__X1E__Y24__P015.jpg,0.538412,16.541411,ok
EES0423718__X1E__Y27__P016.jpg,0.783782,22.308186,ok
EES0423718__X1E__Y36__P017.jpg,0.536229,15.718742,ok
EES0423718__X1E__Y39__P018.jpg,0.584827,16.940025,ok
EES0423718__X1E__Y42__P019.jpg,0.732873,17.442082,ok
EES0423718__X21__Y18__P020.jpg,0.567829,14.552723,ok
EES0423718__X21__Y30__P021.jpg,0.769971,22.098775,ok
EES0423718__X21__Y3C__P022.jpg,0.623227,14.883039,ok
EES0423718__X21__Y3F__P023.jpg,0.595171,15.589756,ok
EES0423718__X21__Y42__P024.jpg,0.820362,23.495949,ok
EES0423718__X24__Y09__P025.jpg,0.668988,15.343220,ok
EES0423719__X24__Y18__P001.jpg,0.676539,17.921853,ok
EES0423719__X24__Y24__P002.jpg,0.728930,20.182948,ok
EES0423719__X24__Y2A__P003.jpg,0.631884,16.210569,ok
EES0423719__X24__Y36__P004.jpg,0.579425,15.312454,ok
EES0423719__X24__Y39__P005.jpg,0.556053,15.545494,ok
EES0423719__X24__Y3C__P006.jpg,0.638847,15.688347,ok
EES0423719__X27__Y09__P007.jpg,0.644643,14.883978,ok
EES0423719__X27__Y0C__P008.jpg,0.512448,14.190606,ok
EES0423719__X27__Y24__P009.jpg,0.642077,17.121686,ok
EES0423719__X2A__Y09__P010.jpg,0.911083,23.990052,ok
EES0423719__X2A__Y3F__P011.jpg,0.649430,16.054140,ok
EES0423719__X2D__Y0C__P012.jpg,0.610060,15.660386,ok
EES0423719__X2D__Y0F__P013.jpg,0.566897,15.984878,ok
EES0423719__X2D__Y2D__P014.jpg,0.631375,17.001258,ok
EES0423719__X2D__Y36__P015.jpg,0.516653,14.500771,ok
EES0423719__X30__Y0C__P016.jpg,0.671361,14.643343,ok
EES0423719__X30__Y18__P017.jpg,0.518643,15.718355,ok
EES0423719__X30__Y21__P018.jpg,0.528786,16.060679,ok
EES0423719__X30__Y27__P019.jpg,0.702750,18.620804,ok
EES0423719__X30__Y33__P020.jpg,0.522098,15.602255,ok
EES0423719__X30__Y36__P021.jpg,0.553779,14.996835,ok
EES0423719__X30__Y42__P022.jpg,0.769916,22.224043,ok
EES0423719__X33__Y0C__P023.jpg,0.724484,15.669861,ok
EES0423719__X33__Y15__P024.jpg,0.644242,15.401290,ok
EES0423719__X33__Y36__P025.jpg,0.584152,15.243629,ok
EES0423720__X36__Y0F__P001.jpg,0.622491,15.418358,ok
EES0423720__X36__Y15__P002.jpg,0.534786,14.565056,ok
EES0423720__X36__Y18__P003.jpg,0.544810,15.524467,ok
EES0423720__X36__Y1B__P004.jpg,0.552971,15.472617,ok
EES0423720__X36__Y1E__P005.jpg,0.447826,14.427022,ok
EES0423720__X36__Y21__P006.jpg,0.676693,15.000286,ok
EES0423720__X36__Y33__P007.jpg,0.599146,16.334808,ok
EES0423720__X36__Y36__P008.jpg,0.605009,14.603244,ok
EES0423720__X36__Y3F__P009.jpg,0.607220,15.345512,ok
EES0423720__X39__Y12__P010.jpg,0.619919,15.614802,ok
EES0423720__X39__Y15__P011.jpg,0.629305,17.668938,ok
EES0423720__X39__Y18__P012.jpg,0.605283,15.291743,ok
EES0423720__X39__Y1E__P013.jpg,0.542400,15.631467,ok
EES0423720__X39__Y21__P014.jpg,0.677333,18.682858,ok
EES0423720__X39__Y27__P015.jpg,0.554109,15.087956,ok
EES0423720__X39__Y39__P016.jpg,0.551272,14.889783,ok
EES0423720__X39__Y3C__P017.jpg,0.586101,15.047872,ok
EES0423720__X3C__Y15__P018.jpg,0.623833,15.522414,ok
EES0423720__X3C__Y18__P019.jpg,0.610848,15.637454,ok
EES0423720__X3C__Y1B__P020.jpg,0.641947,16.123544,ok
EES0423720__X3C__Y24__P021.jpg,0.600392,15.884670,ok
EES0423720__X3C__Y30__P022.jpg,0.636654,15.132419,ok
EES0423720__X3C__Y33__P023.jpg,0.592219,15.163343,ok
EES0423720__X3C__Y36__P024.jpg,0.777600,23.050117,ok
EES0423720__X3F__Y15__P025.jpg,0.841164,23.080181,ok
EES0423721__X3F__Y18__P001.jpg,0.893721,23.090915,ok
EES0423721__X3F__Y1B__P002.jpg,0.690287,18.285172,ok
EES0423721__X3F__Y1E__P003.jpg,0.648424,15.707409,ok
EES0423721__X3F__Y21__P004.jpg,0.566538,15.441756,ok
EES0423721__X3F__Y27__P005.jpg,0.709710,20.765535,ok
EES0423721__X3F__Y2A__P006.jpg,0.637239,15.051490,ok
EES0423721__X3F__Y30__P007.jpg,0.689501,15.411268,ok
EES0423721__X42__Y1B__P008.jpg,0.791076,19.464906,ok
EES0423721__X42__Y21__P009.jpg,0.832463,22.756280,ok
EES0423721__X42__Y24__P010.jpg,0.620222,14.931041,ok
EES0423721__X42__Y27__P011.jpg,0.799427,23.593850,ok
EES0423721__X42__Y2A__P012.jpg,0.770085,23.263775,ok
EES0423721__X0F__Y06__P013.jpg,0.693150,17.044408,ok
EES0423721__X0F__Y2A__P014.jpg,0.814262,23.586480,ok
EES0423721__X12__Y1B__P015.jpg,0.807848,22.311797,ok
EES0423721__X12__Y2D__P016.jpg,0.746125,21.379487,ok
EES0423721__X15__Y1E__P017.jpg,0.789694,22.216471,ok
EES0423721__X15__Y24__P018.jpg,0.888660,19.771054,ok
EES0423721__X15__Y27__P019.jpg,0.768299,18.477546,ok
EES0423721__X15__Y33__P020.jpg,0.901260,25.428061,ok
EES0423721__X18__Y1E__P021.jpg,0.785671,23.357404,ok
EES0423721__X18__Y21__P022.jpg,0.916581,22.340584,ok
EES0423721__X18__Y24__P023.jpg,0.871552,23.925472,ok
EES0423721__X18__Y2D__P024.jpg,0.583835,15.644034,ok
EES0423721__X1B__Y1E__P025.jpg,0.888505,23.031896,ok
EES0423722__X36__Y0F__P001.jpg,0.690978,17.819266,ok
EES0423722__X36__Y1B__P002.jpg,0.634357,16.169288,ok
EES0423722__X36__Y27__P003.jpg,0.668733,16.665307,ok
EES0423722__X39__Y0F__P004.jpg,0.755153,20.027477,ok
EES0423722__X0F__Y18__P005.jpg,0.921112,26.555271,ok
EES0423722__X0F__Y1B__P006.jpg,0.833567,23.284812,ok
EES0423722__X0F__Y21__P007.jpg,0.797992,22.874287,ok
EES0423722__X0F__Y24__P008.jpg,0.788293,22.220510,ok
EES0423722__X0F__Y27__P009.jpg,0.865027,23.694400,ok
EES0423722__X0F__Y2A__P010.jpg,0.914221,25.162816,ok
EES0423722__X0F__Y2D__P011.jpg,0.865584,23.071037,ok
EES0423722__X12__Y12__P012.jpg,0.802672,21.935472,ok
EES0423722__X12__Y15__P013.jpg,0.673938,17.468047,ok
EES0423722__X12__Y18__P014.jpg,0.750361,21.942174,ok
EES0423722__X12__Y30__P015.jpg,0.863899,22.678374,ok
EES0423722__X12__Y33__P016.jpg,0.676193,15.722856,ok
EES0423722__X15__Y0F__P017.jpg,0.690084,15.231165,ok
EES0423722__X15__Y33__P018.jpg,0.570458,15.019611,ok
EES0423722__X15__Y36__P019.jpg,0.831922,23.943824,ok
EES0423722__X18__Y0C__P020.jpg,0.684588,15.540182,ok
EES0423722__X18__Y39__P021.jpg,0.891988,22.913002,ok
EES0423722__X1B__Y09__P022.jpg,0.853019,23.217280,ok
EES0423722__X1B__Y3C__P023.jpg,0.849846,23.275555,ok
EES0423722__X1E__Y09__P024.jpg,0.785820,21.074675,ok
EES0423722__X1E__Y3C__P025.jpg,0.798427,23.366976,ok
EES0423723__X21__Y06__P001.jpg,0.755611,20.477291,ok
EES0423723__X24__Y06__P002.jpg,0.519234,14.689739,ok
EES0423723__X24__Y30__P003.jpg,0.542908,15.285057,ok
EES0423723__X24__Y3F__P004.jpg,0.929456,27.239608,ok
EES0423723__X27__Y3F__P005.jpg,0.817902,21.778862,ok
EES0423723__X2A__Y03__P006.jpg,0.930359,26.847920,ok
EES0423723__X2D__Y03__P007.jpg,0.831368,22.651370,ok
EES0423723__X30__Y03__P008.jpg,0.892582,23.037149,ok
EES0423723__X30__Y1E__P009.jpg,0.494547,13.787784,ok
EES0423723__X30__Y3F__P010.jpg,0.838953,22.421274,ok
EES0423723__X33__Y03__P011.jpg,0.755347,20.040476,ok
EES0423723__X33__Y06__P012.jpg,0.732832,14.808538,ok
EES0423723__X33__Y1E__P013.jpg,0.474765,13.963364,ok
EES0423723__X33__Y3C__P014.jpg,0.789303,23.569207,ok
EES0423723__X36__Y06__P015.jpg,0.757391,18.659314,ok
EES0423723__X36__Y09__P016.jpg,0.467707,12.979420,ok
EES0423723__X36__Y30__P017.jpg,0.562281,15.703162,ok
EES0423723__X36__Y3C__P018.jpg,0.617733,15.996984,ok
EES0423723__X39__Y09__P019.jpg,0.584337,14.635724,ok
EES0423723__X39__Y12__P020.jpg,0.565794,15.579546,ok
EES0423723__X39__Y36__P021.jpg,0.488906,14.357726,ok
EES0423723__X39__Y39__P022.jpg,0.738258,20.081664,ok
EES0423723__X39__Y3C__P023.jpg,0.899526,23.794901,ok
EES0423723__X3C__Y0C__P024.jpg,0.542169,15.461754,ok
EES0423723__X3C__Y36__P025.jpg,0.655836,15.278953,ok
EES0423724__X3C__Y39__P001.jpg,0.623360,14.711998,ok
EES0423724__X3F__Y0C__P002.jpg,0.855734,23.059650,ok
EES0423724__X3F__Y15__P003.jpg,0.562853,15.911117,ok
EES0423724__X3F__Y21__P004.jpg,0.465954,14.102305,ok
EES0423724__X3F__Y30__P005.jpg,0.614655,15.995858,ok
EES0423724__X3F__Y33__P006.jpg,0.593015,14.810904,ok
EES0423724__X3F__Y36__P007.jpg,0.739835,15.718277,ok
EES0423724__X42__Y0F__P008.jpg,0.892073,22.781161,ok
EES0423724__X42__Y12__P009.jpg,0.746465,20.535938,ok
EES0423724__X42__Y15__P010.jpg,0.475290,14.124687,ok
EES0423724__X42__Y2D__P011.jpg,0.700539,16.407371,ok
EES0423724__X42__Y30__P012.jpg,0.591277,15.269279,ok
EES0423724__X45__Y15__P013.jpg,0.742282,14.713450,ok
EES0423724__X45__Y18__P014.jpg,0.784213,21.172983,ok
EES0423724__X45__Y1E__P015.jpg,0.550772,15.130875,ok
EES0423724__X45__Y27__P016.jpg,0.650916,15.465620,ok
EES0423724__X45__Y2D__P017.jpg,0.679814,15.194557,ok
EES0423724__X48__Y21__P018.jpg,0.650608,15.061654,ok
EES0423724__X48__Y27__P019.jpg,0.814057,20.259544,ok
EES0423724__X0F__Y2A__P020.jpg,0.909411,24.145694,ok
EES0423724__X12__Y21__P021.jpg,0.896987,24.987045,ok
EES0423724__X12__Y24__P022.jpg,0.878594,23.976321,ok
EES0423724__X12__Y27__P023.jpg,0.718796,21.305360,ok
EES0423724__X12__Y2A__P024.jpg,0.809983,23.205908,ok
EES0423724__X12__Y2D__P025.jpg,0.725511,15.431981,ok
EES0423725__X15__Y24__P001.jpg,0.691202,21.780939,ok
EES0423725__X15__Y30__P002.jpg,0.634597,17.549700,ok
EES0423725__X15__Y33__P003.jpg,0.750117,21.957471,ok
EES0423725__X15__Y36__P004.jpg,0.708122,15.453442,ok
EES0423725__X15__Y3C__P005.jpg,0.496747,10.669906,ok
EES0423725__X18__Y24__P006.jpg,0.574193,16.146253,ok
EES0423725__X18__Y27__P007.jpg,0.625805,18.738536,ok
EES0423725__X1B__Y24__P008.jpg,0.509809,17.349463,ok
EES0423725__X1B__Y27__P009.jpg,0.624446,17.088156,ok
EES0423725__X1B__Y3C__P010.jpg,0.744312,20.893429,ok
EES0423725__X1E__Y0C__P011.jpg,0.781500,23.244516,ok
EES0423725__X1E__Y18__P012.jpg,0.554287,16.294448,ok
EES0423725__X1E__Y27__P013.jpg,0.509354,15.889221,ok
EES0423725__X21__Y09__P014.jpg,0.885954,21.664601,ok
EES0423725__X21__Y12__P015.jpg,0.541381,15.808113,ok
EES0423725__X21__Y15__P016.jpg,0.560439,18.153530,ok
EES0423725__X21__Y27__P017.jpg,0.763472,22.411614,ok
EES0423725__X24__Y09__P018.jpg,0.780015,22.280347,ok
EES0423725__X24__Y0F__P019.jpg,0.589290,16.641236,ok
EES0423725__X24__Y12__P020.jpg,0.579830,15.406728,ok
EES0423725__X24__Y15__P021.jpg,0.464872,15.511369,ok
EES0423725__X24__Y18__P022.jpg,0.546378,15.955459,ok
EES0423725__X24__Y27__P023.jpg,0.652727,17.974978,ok
EES0423725__X24__Y2A__P024.jpg,0.558119,18.079091,ok
EES0423725__X27__Y15__P025.jpg,0.495558,16.175586,ok
EES0423726__X27__Y18__P001.jpg,0.529127,15.710059,ok
EES0423726__X27__Y2A__P002.jpg,0.631773,17.567278,ok
EES0423726__X27__Y2D__P003.jpg,0.606616,16.303466,ok
EES0423726__X2A__Y09__P004.jpg,0.756061,21.997560,ok
EES0423726__X2A__Y0C__P005.jpg,0.747058,21.534308,ok
EES0423726__X2A__Y0F__P006.jpg,0.559891,14.141788,ok
EES0423726__X2A__Y18__P007.jpg,0.608533,17.205005,ok
EES0423726__X2A__Y27__P008.jpg,0.736928,22.805600,ok
EES0423726__X2A__Y2D__P009.jpg,0.464431,14.888212,ok
EES0423726__X2D__Y09__P010.jpg,0.627608,15.481430,ok
EES0423726__X2D__Y0C__P011.jpg,0.552773,14.735890,ok
EES0423726__X2D__Y15__P012.jpg,0.586073,17.171966,ok
EES0423726__X2D__Y18__P013.jpg,0.581980,16.467179,ok
EES0423726__X2D__Y2D__P014.jpg,0.586412,16.470913,ok
EES0423726__X30__Y09__P015.jpg,0.589105,15.539043,ok
EES0423726__X30__Y0C__P016.jpg,0.649999,17.608787,ok
EES0423726__X30__Y27__P017.jpg,0.594525,17.801209,ok
EES0423726__X30__Y2A__P018.jpg,0.532752,16.161524,ok
EES0423726__X33__Y09__P019.jpg,0.881525,21.956753,ok
EES0423726__X33__Y0C__P020.jpg,0.817024,23.457221,ok
EES0423726__X36__Y0C__P021.jpg,0.909693,24.553569,ok
EES0423726__X36__Y12__P022.jpg,0.750979,23.284600,ok
EES0423726__X36__Y2A__P023.jpg,0.638967,21.307852,ok
EES0423726__X39__Y0F__P024.jpg,0.794170,23.383386,ok
EES0423726__X39__Y2A__P025.jpg,0.600296,18.413645,ok
EES0423727__X1B__Y06__P001.jpg,0.926315,23.905841,ok
EES0423727__X1E__Y3F__P002.jpg,0.867075,20.874002,ok
EES0423727__X21__Y3F__P003.jpg,0.715161,16.210159,ok
EES0423727__X24__Y03__P004.jpg,0.837388,20.897318,ok
EES0423727__X27__Y03__P005.jpg,0.440259,10.893647,ok
EES0423727__X27__Y3F__P006.jpg,0.814483,23.584290,ok
EES0423727__X30__Y06__P007.jpg,0.644158,15.985785,ok
EES0423727__X30__Y36__P008.jpg,0.762495,20.543531,ok
EES0423727__X30__Y3C__P009.jpg,0.803501,21.490235,ok
EES0423727__X33__Y2D__P010.jpg,0.641522,17.153919,ok
EES0423727__X33__Y30__P011.jpg,0.592180,15.647989,ok
EES0423727__X33__Y33__P012.jpg,0.744614,18.437253,ok
EES0423727__X33__Y36__P013.jpg,0.666766,16.772578,ok
EES0423727__X36__Y0C__P014.jpg,0.672972,16.976355,ok
EES0423727__X36__Y27__P015.jpg,0.643862,16.449248,ok
EES0423727__X36__Y2A__P016.jpg,0.595236,16.009151,ok
EES0423727__X36__Y2D__P017.jpg,0.604989,15.790580,ok
EES0423727__X36__Y30__P018.jpg,0.658306,17.292756,ok
EES0423727__X36__Y33__P019.jpg,0.756923,17.711684,ok
EES0423727__X39__Y0C__P020.jpg,0.630000,16.753805,ok
EES0423727__X39__Y0F__P021.jpg,0.698007,16.933739,ok
EES0423727__X39__Y1E__P022.jpg,0.671877,17.369207,ok
EES0423727__X39__Y27__P023.jpg,0.753774,19.691780,ok
EES0423727__X39__Y2A__P024.jpg,0.681491,16.709487,ok
EES0423727__X39__Y2D__P025.jpg,0.572306,15.794997,ok
EES0423728__X3C__Y0F__P001.jpg,0.842261,23.184991,ok
EES0423728__X3C__Y12__P002.jpg,0.631676,16.691184,ok
EES0423728__X3C__Y15__P003.jpg,0.722776,18.247020,ok
EES0423728__X3C__Y1B__P004.jpg,0.672263,17.562763,ok
EES0423728__X3C__Y1E__P005.jpg,0.698429,17.493840,ok
EES0423728__X3C__Y21__P006.jpg,0.662223,16.145998,ok
EES0423728__X3C__Y27__P007.jpg,0.886350,21.812046,ok
EES0423728__X3C__Y2A__P008.jpg,0.876880,22.246557,ok
EES0423728__X3C__Y36__P009.jpg,0.784077,21.646375,ok
EES0423728__X3F__Y12__P010.jpg,0.825616,21.226010,ok
EES0423728__X3F__Y18__P011.jpg,0.815502,20.980720,ok
EES0423728__X3F__Y1B__P012.jpg,0.792398,19.444593,ok
EES0423728__X3F__Y1E__P013.jpg,0.795576,20.191518,ok
EES0423728__X3F__Y21__P014.jpg,0.646793,15.345474,ok
EES0423728__X3F__Y24__P015.jpg,0.628209,16.812086,ok
EES0423728__X3F__Y27__P016.jpg,0.847484,23.317732,ok
EES0423728__X42__Y24__P017.jpg,0.753528,16.600138,ok
EES0423728__X12__Y18__P018.jpg,0.596419,16.841853,ok
EES0423728__X12__Y27__P019.jpg,0.628276,18.594945,ok
EES0423728__X15__Y1B__P020.jpg,0.578701,16.132618,ok
EES0423728__X15__Y2A__P021.jpg,0.567256,15.898970,ok
EES0423728__X18__Y1E__P022.jpg,0.663845,17.139136,ok
EES0423728__X18__Y21__P023.jpg,0.619688,17.247418,ok
EES0423728__X18__Y27__P024.jpg,0.641670,18.533088,ok
EES0423728__X1B__Y18__P025.jpg,0.572979,15.747921,ok
EES0423729__X2D__Y15__P001.jpg,0.625852,15.409243,ok
EES0423729__X2D__Y18__P002.jpg,0.576654,15.036057,ok
EES0423729__X2D__Y1B__P003.jpg,0.722405,16.949504,ok
EES0423729__X2D__Y1E__P004.jpg,0.598900,16.476961,ok
EES0423729__X30__Y0C__P005.jpg,0.602736,16.209023,ok
EES0423729__X30__Y15__P006.jpg,0.559239,16.071071,ok
EES0423729__X30__Y18__P007.jpg,0.712334,18.290450,ok
EES0423729__X33__Y0C__P008.jpg,0.817632,23.318952,ok
EES0423729__X33__Y0F__P009.jpg,0.910554,22.985470,ok
EES0423729__X33__Y18__P010.jpg,0.554708,15.792214,ok
EES0423729__X33__Y1B__P011.jpg,0.739755,20.100836,ok
EES0423729__X36__Y0C__P012.jpg,0.883421,24.202452,ok
EES0423729__X36__Y18__P013.jpg,0.649991,16.698251,ok
EES0423729__X39__Y0F__P014.jpg,0.930514,24.364668,ok
EES0423729__X39__Y12__P015.jpg,0.908800,24.183369,ok
EES0423729__X39__Y18__P016.jpg,0.899403,24.283692,ok
EES0423729__X3C__Y12__P017.jpg,0.890336,24.091335,ok
EES0423729__X3C__Y15__P018.jpg,0.597668,16.615404,ok
EES0423729__X3C__Y18__P019.jpg,0.856571,22.852841,ok
EES0423729__X3F__Y15__P020.jpg,0.877339,23.048771,ok
EES0423729__X3F__Y18__P021.jpg,0.766066,21.530653,ok
EES0423729__X12__Y1E__P022.jpg,0.574316,15.828721,ok
EES0423729__X1B__Y33__P023.jpg,0.488991,14.997586,ok
EES0423729__X1E__Y09__P024.jpg,0.572796,16.891053,ok
EES0423729__X1E__Y0C__P025.jpg,0.475949,14.474662,ok
EES0423730__X1E__Y36__P001.jpg,0.588437,16.587118,ok
EES0423730__X1E__Y39__P002.jpg,0.639375,16.299278,ok
EES0423730__X24__Y36__P003.jpg,0.639107,16.218531,ok
EES0423730__X27__Y33__P004.jpg,0.700041,16.088827,ok
EES0423730__X2A__Y06__P005.jpg,0.711298,16.618775,ok
EES0423730__X2D__Y30__P006.jpg,0.762351,21.195627,ok
EES0423730__X2D__Y33__P007.jpg,0.590636,16.401280,ok
EES0423730__X2D__Y36__P008.jpg,0.796677,22.444707,ok
EES0423730__X2D__Y3C__P009.jpg,0.739741,18.238979,ok
EES0423730__X30__Y36__P010.jpg,0.639297,16.731660,ok
EES0423730__X33__Y0C__P011.jpg,0.669460,17.077935,ok
EES0423730__X33__Y0F__P012.jpg,0.533299,16.096552,ok
EES0423730__X33__Y21__P013.jpg,0.650205,16.909293,ok
EES0423730__X36__Y12__P014.jpg,0.620004,16.305522,ok
EES0423730__X36__Y1B__P015.jpg,0.581848,16.442954,ok
EES0423730__X36__Y21__P016.jpg,0.635685,16.753560,ok
EES0423730__X36__Y27__P017.jpg,0.718432,15.632276,ok
EES0423730__X36__Y2A__P018.jpg,0.699362,16.963169,ok
EES0423730__X39__Y0C__P019.jpg,0.821229,23.888702,ok
EES0423730__X39__Y0F__P020.jpg,0.611617,16.685579,ok
EES0423730__X39__Y15__P021.jpg,0.685436,17.148772,ok
EES0423730__X39__Y1E__P022.jpg,0.651220,16.752999,ok
EES0423730__X39__Y21__P023.jpg,0.843947,23.041873,ok
EES0423730__X3C__Y12__P024.jpg,0.826635,23.262192,ok
EES0423730__X3C__Y18__P025.jpg,0.604101,17.167781,ok
EES0423731__X3F__Y30__P001.jpg,0.760575,20.578771,ok
EES0423731__X3F__Y33__P002.jpg,0.894169,19.741895,ok
EES0423731__X42__Y30__P003.jpg,0.713555,17.982685,ok
EES0423731__X45__Y30__P004.jpg,0.821639,22.816033,ok
EES0423731__X0F__Y15__P005.jpg,0.853101,21.619687,ok
EES0423731__X15__Y12__P006.jpg,0.775473,20.705303,ok
EES0423731__X15__Y15__P007.jpg,0.860123,21.204694,ok
EES0423731__X18__Y0C__P008.jpg,0.639047,18.381776,ok
EES0423731__X18__Y0F__P009.jpg,0.705901,19.268759,ok
EES0423731__X18__Y12__P010.jpg,0.601968,17.611193,ok
EES0423731__X18__Y15__P011.jpg,0.651906,16.651193,ok
EES0423731__X1B__Y09__P012.jpg,0.782037,22.687006,ok
EES0423731__X1B__Y0C__P013.jpg,0.612800,16.421055,ok
EES0423731__X1B__Y0F__P014.jpg,0.750451,21.676187,ok
EES0423731__X1E__Y0C__P015.jpg,0.695216,21.587035,ok
EES0423731__X1E__Y0F__P016.jpg,0.680890,19.818941,ok
EES0423731__X21__Y09__P017.jpg,0.653980,17.348823,ok
EES0423731__X21__Y0F__P018.jpg,0.717905,19.746000,ok
EES0423731__X21__Y12__P019.jpg,0.860047,21.624200,ok
EES0423731__X21__Y15__P020.jpg,0.759990,19.911702,ok
EES0423731__X24__Y09__P021.jpg,0.762868,21.714037,ok
EES0423731__X24__Y0C__P022.jpg,0.737180,20.299782,ok
EES0423731__X24__Y0F__P023.jpg,0.612397,17.561366,ok
EES0423731__X24__Y12__P024.jpg,0.709912,21.380498,ok
EES0423731__X24__Y15__P025.jpg,0.823738,21.117218,ok
EES0423732__X27__Y09__P001.jpg,0.648161,20.431632,ok
EES0423732__X27__Y0C__P002.jpg,0.668466,18.718107,ok
EES0423732__X27__Y0F__P003.jpg,0.694112,17.735027,ok
EES0423732__X27__Y12__P004.jpg,0.864231,21.900213,ok
EES0423732__X27__Y15__P005.jpg,0.629988,16.021852,ok
EES0423732__X2A__Y09__P006.jpg,0.870230,20.998564,ok
EES0423732__X2A__Y0C__P007.jpg,0.837348,22.091571,ok
EES0423732__X2A__Y0F__P008.jpg,0.654789,19.683050,ok
EES0423732__X2A__Y12__P009.jpg,0.614029,16.409322,ok
EES0423732__X2A__Y15__P010.jpg,0.760275,21.834483,ok
EES0423732__X2D__Y0C__P011.jpg,0.770680,23.376966,ok
EES0423732__X2D__Y0F__P012.jpg,0.721581,19.644987,ok
EES0423732__X2D__Y12__P013.jpg,0.574185,15.418603,ok
EES0423732__X2D__Y15__P014.jpg,0.859786,22.101445,ok
EES0423732__X2D__Y18__P015.jpg,0.603908,16.586660,ok
EES0423732__X2D__Y1B__P016.jpg,0.855730,21.596477,ok
EES0423732__X2D__Y24__P017.jpg,0.793129,23.023972,ok
EES0423732__X2D__Y2D__P018.jpg,0.893712,23.115381,ok
EES0423732__X2D__Y36__P019.jpg,0.844118,22.112148,ok
EES0423732__X30__Y0F__P020.jpg,0.678390,19.638928,ok
EES0423732__X30__Y12__P021.jpg,0.644990,17.498830,ok
EES0423732__X30__Y15__P022.jpg,0.752664,22.355749,ok
EES0423732__X30__Y18__P023.jpg,0.787693,21.514091,ok
EES0423732__X30__Y1B__P024.jpg,0.784765,21.256218,ok
EES0423732__X30__Y21__P025.jpg,0.843274,19.857703,ok
EES0423733__X33__Y0F__P001.jpg,0.872483,21.390740,ok
EES0423733__X33__Y12__P002.jpg,0.693449,19.033398,ok
EES0423733__X33__Y15__P003.jpg,0.878573,22.237308,ok
EES0423733__X33__Y18__P004.jpg,0.839296,20.504732,ok
EES0423733__X33__Y1B__P005.jpg,0.770493,22.790308,ok
EES0423733__X33__Y1E__P006.jpg,0.848093,20.764179,ok
EES0423733__X33__Y21__P007.jpg,0.761986,22.134472,ok
EES0423733__X33__Y2D__P008.jpg,0.721698,21.117697,ok
EES0423733__X36__Y18__P009.jpg,0.798887,20.173373,ok
EES0423733__X36__Y1B__P010.jpg,0.863909,23.978355,ok
EES0423733__X36__Y2D__P011.jpg,0.892763,22.723763,ok
EES0423733__X36__Y30__P012.jpg,0.847785,22.226535,ok
EES0423733__X39__Y15__P013.jpg,0.902159,22.462321,ok
EES0423733__X39__Y18__P014.jpg,0.754260,21.037202,ok
EES0423733__X39__Y27__P015.jpg,0.882272,20.988607,ok
EES0423733__X39__Y2A__P016.jpg,0.746424,20.738103,ok
EES0423733__X39__Y2D__P017.jpg,0.800417,21.439025,ok
EES0423733__X3F__Y24__P018.jpg,0.771429,22.785637,ok
EES0423733__X06__Y33__P019.jpg,0.928190,23.817671,ok
EES0423733__X09__Y21__P020.jpg,0.954632,36.062376,ok
EES0423733__X09__Y27__P021.jpg,0.844867,23.043740,ok
EES0423733__X09__Y2A__P022.jpg,0.650142,17.983752,ok
EES0423733__X09__Y2D__P023.jpg,0.779835,22.367893,ok
EES0423733__X09__Y30__P024.jpg,0.872754,21.355079,ok
EES0423733__X0F__Y1B__P025.jpg,0.896351,22.304685,ok
EES0423734__X0F__Y1E__P001.jpg,0.911742,26.267241,ok
EES0423734__X0F__Y33__P002.jpg,0.750361,22.779567,ok
EES0423734__X12__Y33__P003.jpg,0.870256,22.927632,ok
EES0423734__X12__Y36__P004.jpg,0.900249,21.884065,ok
EES0423734__X12__Y3C__P005.jpg,0.731938,21.847104,ok
EES0423734__X15__Y3C__P006.jpg,0.771744,23.513882,ok
EES0423734__X18__Y1B__P007.jpg,0.853595,22.653894,ok
EES0423734__X18__Y1E__P008.jpg,0.860047,20.191346,ok
EES0423734__X18__Y39__P009.jpg,0.817659,21.394724,ok
EES0423734__X18__Y3C__P010.jpg,0.860371,23.017999,ok
EES0423734__X18__Y3F__P011.jpg,0.917108,26.801373,ok
EES0423734__X18__Y42__P012.jpg,0.863196,22.147428,ok
EES0423734__X1B__Y1B__P013.jpg,0.721979,20.709090,ok
EES0423734__X1B__Y1E__P014.jpg,0.807170,21.210555,ok
EES0423734__X1B__Y2A__P015.jpg,0.875101,21.665214,ok
EES0423734__X1B__Y39__P016.jpg,0.831940,20.243081,ok
EES0423734__X1B__Y45__P017.jpg,0.782527,22.354273,ok
EES0423734__X1E__Y3C__P018.jpg,0.870215,21.070430,ok
EES0423734__X1E__Y42__P019.jpg,0.843585,21.884361,ok
EES0423734__X21__Y3C__P020.jpg,0.607907,17.197585,ok
EES0423734__X21__Y3F__P021.jpg,0.809385,22.897246,ok
EES0423734__X21__Y42__P022.jpg,0.897942,21.213894,ok
EES0423734__X21__Y45__P023.jpg,0.887949,22.532106,ok
EES0423734__X24__Y18__P024.jpg,0.844188,22.341312,ok
EES0423734__X24__Y1B__P025.jpg,0.762624,22.272373,ok
EES0423735__X3F__Y1B__P001.jpg,0.876771,22.623899,ok
EES0423735__X3F__Y1E__P002.jpg,0.615659,20.041585,ok
EES0423735__X3F__Y21__P003.jpg,0.632821,21.049759,ok
EES0423735__X3F__Y2D__P004.jpg,0.927537,26.687624,ok
EES0423735__X3F__Y30__P005.jpg,0.832993,21.468359,ok
EES0423735__X3F__Y33__P006.jpg,0.939453,27.312570,ok
EES0423735__X42__Y21__P007.jpg,0.943975,28.341708,ok
EES0423735__X42__Y24__P008.jpg,0.947361,26.479010,ok
EES0423735__X42__Y33__P009.jpg,0.911781,23.883269,ok
EES0423735__X42__Y36__P010.jpg,0.946796,34.875935,ok
EES0423735__X45__Y33__P011.jpg,0.886257,21.215852,ok
EES0423735__X0C__Y2D__P012.jpg,0.723989,20.666523,ok
EES0423735__X0C__Y30__P013.jpg,0.761623,21.366457,ok
EES0423735__X0F__Y21__P014.jpg,0.824203,23.368824,ok
EES0423735__X0F__Y27__P015.jpg,0.910854,23.068181,ok
EES0423735__X0F__Y2A__P016.jpg,0.821114,22.204433,ok
EES0423735__X0F__Y30__P017.jpg,0.902363,23.534487,ok
EES0423735__X12__Y2A__P018.jpg,0.771646,23.064164,ok
EES0423735__X12__Y36__P019.jpg,0.759037,21.005014,ok
EES0423735__X12__Y39__P020.jpg,0.729532,22.158611,ok
EES0423735__X15__Y18__P021.jpg,0.904630,22.600404,ok
EES0423735__X15__Y1B__P022.jpg,0.664748,17.484062,ok
EES0423735__X15__Y1E__P023.jpg,0.811076,23.042639,ok
EES0423735__X15__Y30__P024.jpg,0.661795,16.925245,ok
EES0423735__X15__Y36__P025.jpg,0.880852,22.019830,ok
EES0423736__X36__Y39__P001.jpg,0.765790,20.649236,ok
EES0423736__X36__Y3C__P002.jpg,0.566531,16.464954,ok
EES0423736__X39__Y0F__P003.jpg,0.772496,21.981334,ok
EES0423736__X39__Y24__P004.jpg,0.751323,18.717361,ok
EES0423736__X39__Y36__P005.jpg,0.653397,18.148115,ok
EES0423736__X3C__Y1B__P006.jpg,0.651399,17.234149,ok
EES0423736__X3C__Y27__P007.jpg,0.790492,22.562477,ok
EES0423736__X3C__Y36__P008.jpg,0.848274,22.572159,ok
EES0423736__X3F__Y1B__P009.jpg,0.654813,17.554042,ok
EES0423736__X3F__Y1E__P010.jpg,0.538082,15.469912,ok
EES0423736__X3F__Y24__P011.jpg,0.618585,16.651983,ok
EES0423736__X3F__Y27__P012.jpg,0.774163,22.638822,ok
EES0423736__X3F__Y2A__P013.jpg,0.685745,19.543922,ok
EES0423736__X42__Y18__P014.jpg,0.605135,16.825344,ok
EES0423736__X42__Y27__P015.jpg,0.710761,19.672353,ok
EES0423736__X42__Y2A__P016.jpg,0.658908,17.936775,ok
EES0423736__X03__Y1E__P017.jpg,0.914354,24.396178,ok
EES0423736__X03__Y21__P018.jpg,0.899448,25.061101,ok
EES0423736__X03__Y24__P019.jpg,0.905985,23.574909,ok
EES0423736__X03__Y2A__P020.jpg,0.864145,22.251102,ok
EES0423736__X03__Y2D__P021.jpg,0.885304,23.155081,ok
EES0423736__X06__Y18__P022.jpg,0.913763,21.965783,ok
EES0423736__X06__Y1B__P023.jpg,0.723167,20.954189,ok
EES0423736__X06__Y36__P024.jpg,0.845464,23.252637,ok
EES0423736__X09__Y0F__P025.jpg,0.918612,24.482455,ok
EES0423737__X27__Y18__P001.jpg,0.732812,21.136393,ok
EES0423737__X2A__Y15__P002.jpg,0.878981,21.873916,ok
EES0423737__X2A__Y18__P003.jpg,0.775449,20.949853,ok
EES0423737__X2A__Y1B__P004.jpg,0.653833,19.210222,ok
EES0423737__X2A__Y1E__P005.jpg,0.753665,21.110939,ok
EES0423737__X2A__Y21__P006.jpg,0.878842,20.605401,ok
EES0423737__X2A__Y2A__P007.jpg,0.896824,21.773202,ok
EES0423737__X2A__Y2D__P008.jpg,0.905468,21.376681,ok
EES0423737__X2A__Y33__P009.jpg,0.900761,20.676079,ok
EES0423737__X2A__Y39__P010.jpg,0.930806,23.298913,ok
EES0423737__X2A__Y3C__P011.jpg,0.896824,22.561083,ok
EES0423737__X2D__Y15__P012.jpg,0.798884,22.865212,ok
EES0423737__X2D__Y21__P013.jpg,0.825132,21.397588,ok
EES0423737__X2D__Y27__P014.jpg,0.900634,21.069354,ok
EES0423737__X2D__Y2A__P015.jpg,0.740464,21.199428,ok
EES0423737__X2D__Y2D__P016.jpg,0.810651,20.375213,ok
EES0423737__X2D__Y30__P017.jpg,0.927591,23.704000,ok
EES0423737__X2D__Y33__P018.jpg,0.851054,19.517499,ok
EES0423737__X2D__Y36__P019.jpg,0.735910,20.846408,ok
EES0423737__X2D__Y39__P020.jpg,0.751246,21.074234,ok
EES0423737__X2D__Y3C__P021.jpg,0.892005,20.748379,ok
EES0423737__X2D__Y3F__P022.jpg,0.812784,21.743104,ok
EES0423737__X2D__Y42__P023.jpg,0.833519,22.793308,ok
EES0423737__X30__Y18__P024.jpg,0.753615,22.584178,ok
EES0423737__X30__Y27__P025.jpg,0.880222,21.710224,ok
EES0423738__X0C__Y2A__P001.jpg,0.668181,18.958064,ok
EES0423738__X0C__Y30__P002.jpg,0.711726,19.313466,ok
EES0423738__X0F__Y1B__P003.jpg,0.623626,16.907726,ok
EES0423738__X0F__Y1E__P004.jpg,0.587965,16.499707,ok
EES0423738__X12__Y1B__P005.jpg,0.785176,22.210741,ok
EES0423738__X1B__Y42__P006.jpg,0.864404,21.787111,ok
EES0423738__X1E__Y09__P007.jpg,0.750942,20.996961,ok
EES0423738__X21__Y06__P008.jpg,0.937871,21.974858,ok
EES0423738__X21__Y09__P009.jpg,0.882697,22.546618,ok
EES0423738__X21__Y1B__P010.jpg,0.610411,17.973859,ok
EES0423738__X24__Y45__P011.jpg,0.955656,32.504909,ok
EES0423738__X27__Y06__P012.jpg,0.580575,16.247522,ok
EES0423738__X27__Y45__P013.jpg,0.947109,32.279395,ok
EES0423738__X2A__Y06__P014.jpg,0.759444,21.350414,ok
EES0423738__X2A__Y45__P015.jpg,0.949752,30.586010,ok
EES0423738__X2D__Y06__P016.jpg,0.752200,21.154700,ok
EES0423738__X2D__Y3F__P017.jpg,0.553088,16.630217,ok
EES0423738__X30__Y06__P018.jpg,0.920587,23.106484,ok
EES0423738__X33__Y3F__P019.jpg,0.682614,19.163000,ok
EES0423738__X33__Y42__P020.jpg,0.893737,21.337715,ok
EES0423738__X36__Y09__P021.jpg,0.776810,22.557373,ok
EES0423738__X3F__Y39__P022.jpg,0.912899,23.258144,ok
EES0423738__X0C__Y0C__P023.jpg,0.928217,25.010888,ok
EES0423738__X12__Y09__P024.jpg,0.953705,30.288731,ok
EES0423738__X1B__Y06__P025.jpg,0.887340,21.591598,ok
EES0423739__X0F__Y0C__P001.jpg,0.955781,32.850292,ok
EES0423739__X0F__Y0F__P002.jpg,0.879019,22.054366,ok
EES0423739__X0F__Y12__P003.jpg,0.673512,20.207371,ok
EES0423739__X0F__Y42__P004.jpg,0.918898,25.188531,ok
EES0423739__X12__Y0C__P005.jpg,0.839242,21.838942,ok
EES0423739__X12__Y12__P006.jpg,0.736097,22.108399,ok
EES0423739__X15__Y0C__P007.jpg,0.838633,22.735074,ok
EES0423739__X15__Y45__P008.jpg,0.946923,30.711079,ok
EES0423739__X18__Y09__P009.jpg,0.951947,34.531245,ok
EES0423739__X18__Y0C__P010.jpg,0.955131,32.029781,ok
EES0423739__X18__Y45__P011.jpg,0.527001,16.774755,ok
EES0423739__X1B__Y09__P012.jpg,0.950573,28.336543,ok
EES0423739__X1B__Y0C__P013.jpg,0.720103,21.829400,ok
EES0423739__X1B__Y0F__P014.jpg,0.498356,15.874763,ok
EES0423739__X1E__Y09__P015.jpg,0.827217,21.173425,ok
EES0423739__X1E__Y0C__P016.jpg,0.570531,18.961918,ok
EES0423739__X21__Y09__P017.jpg,0.741773,23.442693,ok
EES0423739__X21__Y0C__P018.jpg,0.557292,17.652603,ok
EES0423739__X24__Y09__P019.jpg,0.814011,22.448574,ok
EES0423739__X27__Y09__P020.jpg,0.631103,17.899997,ok
EES0423739__X27__Y2A__P021.jpg,0.570493,16.554730,ok
EES0423739__X27__Y45__P022.jpg,0.648349,19.121838,ok
EES0423739__X2A__Y09__P023.jpg,0.750234,23.069163,ok
EES0423739__X2A__Y0C__P024.jpg,0.732484,21.400063,ok
EES0423739__X2A__Y45__P025.jpg,0.536374,15.970735,ok
EES0423740__X0F__Y2D__P001.jpg,0.600120,17.647483,ok
EES0423740__X0F__Y30__P002.jpg,0.743774,22.472664,ok
EES0423740__X0F__Y33__P003.jpg,0.843265,21.030068,ok
EES0423740__X0F__Y36__P004.jpg,0.662635,19.422294,ok
EES0423740__X0F__Y39__P005.jpg,0.655806,21.680279,ok
EES0423740__X0F__Y3C__P006.jpg,0.576213,17.224477,ok
EES0423740__X12__Y36__P007.jpg,0.779890,21.469869,ok
EES0423740__X12__Y39__P008.jpg,0.718523,20.289975,ok
EES0423740__X12__Y3C__P009.jpg,0.756540,22.050854,ok
EES0423740__X15__Y0C__P010.jpg,0.888825,22.332404,ok
EES0423740__X15__Y36__P011.jpg,0.756929,23.333695,ok
EES0423740__X15__Y3C__P012.jpg,0.611265,17.774052,ok
EES0423740__X18__Y36__P013.jpg,0.632581,20.324606,ok
EES0423740__X18__Y39__P014.jpg,0.806830,22.042690,ok
EES0423740__X18__Y3F__P015.jpg,0.670321,20.508025,ok
EES0423740__X18__Y42__P016.jpg,0.619499,15.457911,ok
EES0423740__X18__Y45__P017.jpg,0.949055,28.669634,ok
EES0423740__X1B__Y42__P018.jpg,0.630701,17.271753,ok
EES0423740__X1B__Y45__P019.jpg,0.791168,22.493362,ok
EES0423740__X1E__Y09__P020.jpg,0.819397,21.038015,ok
EES0423740__X1E__Y45__P021.jpg,0.888178,22.542370,ok
EES0423740__X21__Y09__P022.jpg,0.829593,21.200232,ok
EES0423740__X21__Y45__P023.jpg,0.805608,22.855397,ok
EES0423740__X24__Y09__P024.jpg,0.918483,23.694008,ok
EES0423740__X24__Y39__P025.jpg,0.784790,22.733133,ok
EES0423741__X0F__Y30__P001.jpg,0.800759,21.580343,ok
EES0423741__X0F__Y36__P002.jpg,0.683217,21.711601,ok
EES0423741__X12__Y15__P003.jpg,0.865642,22.592915,ok
EES0423741__X12__Y36__P004.jpg,0.748271,22.930713,ok
EES0423741__X15__Y0F__P005.jpg,0.897313,23.243161,ok
EES0423741__X18__Y36__P006.jpg,0.852929,22.355278,ok
EES0423741__X1E__Y0C__P007.jpg,0.761863,21.958330,ok
EES0423741__X1E__Y0F__P008.jpg,0.648443,20.195061,ok
EES0423741__X21__Y0C__P009.jpg,0.839152,20.750787,ok
EES0423741__X21__Y0F__P010.jpg,0.683045,19.554910,ok
EES0423741__X21__Y2D__P011.jpg,0.867846,21.422431,ok
EES0423741__X24__Y0C__P012.jpg,0.809283,23.755192,ok
EES0423741__X24__Y18__P013.jpg,0.766994,23.691299,ok
EES0423741__X24__Y36__P014.jpg,0.713881,22.537279,ok
EES0423741__X27__Y0C__P015.jpg,0.886648,20.794291,ok
EES0423741__X2A__Y0C__P016.jpg,0.875720,21.131382,ok
EES0423741__X2D__Y0C__P017.jpg,0.826511,21.847092,ok
EES0423741__X2D__Y0F__P018.jpg,0.784786,22.304502,ok
EES0423741__X30__Y0C__P019.jpg,0.846113,21.427561,ok
EES0423741__X30__Y18__P020.jpg,0.847132,21.800644,ok
EES0423741__X30__Y1B__P021.jpg,0.862674,21.266587,ok
EES0423741__X33__Y1E__P022.jpg,0.734069,21.660221,ok
EES0423741__X36__Y0F__P023.jpg,0.707363,20.655663,ok
EES0423741__X3C__Y15__P024.jpg,0.655606,20.678654,ok
EES0423741__X3C__Y27__P025.jpg,0.857733,20.115340,ok
EES0423742__X3C__Y33__P001.jpg,0.756395,21.275252,ok
EES0423742__X3F__Y21__P002.jpg,0.833258,22.849285,ok
EES0423742__X3F__Y33__P003.jpg,0.920321,24.796762,ok
EES0423742__X09__Y21__P004.jpg,0.760215,21.251213,ok
EES0423742__X09__Y24__P005.jpg,0.620321,19.696864,ok
EES0423742__X09__Y27__P006.jpg,0.760673,22.598499,ok
EES0423742__X09__Y2D__P007.jpg,0.752679,20.843846,ok
EES0423742__X09__Y30__P008.jpg,0.867808,21.665645,ok
EES0423742__X09__Y33__P009.jpg,0.937779,25.725905,ok
EES0423742__X0C__Y39__P010.jpg,0.832077,21.216275,ok
EES0423742__X0F__Y15__P011.jpg,0.919632,24.891542,ok
EES0423742__X0F__Y24__P012.jpg,0.878275,23.138826,ok
EES0423742__X0F__Y39__P013.jpg,0.657549,21.773429,ok
EES0423742__X0F__Y3C__P014.jpg,0.913811,24.559071,ok
EES0423742__X12__Y33__P015.jpg,0.624478,18.014406,ok
EES0423742__X12__Y39__P016.jpg,0.767890,22.377540,ok
EES0423742__X15__Y0F__P017.jpg,0.881073,20.694877,ok
EES0423742__X15__Y42__P018.jpg,0.911685,23.962821,ok
EES0423742__X1B__Y45__P019.jpg,0.877173,22.659621,ok
EES0423742__X1E__Y0C__P020.jpg,0.829422,19.933694,ok
EES0423742__X1E__Y39__P021.jpg,0.865251,22.759792,ok
EES0423742__X1E__Y45__P022.jpg,0.728699,22.310394,ok
EES0423742__X21__Y0C__P023.jpg,0.886628,22.298251,ok
EES0423742__X24__Y0C__P024.jpg,0.877682,21.697938,ok
EES0423742__X24__Y21__P025.jpg,0.709210,20.761948,ok
EES0423743__X24__Y3C__P001.jpg,0.845898,22.094745,ok
EES0423743__X24__Y45__P002.jpg,0.782647,23.730023,ok
EES0423743__X27__Y0C__P003.jpg,0.631254,19.536958,ok
EES0423743__X27__Y45__P004.jpg,0.761054,20.944039,ok
EES0423743__X2A__Y0C__P005.jpg,0.931770,24.271552,ok
EES0423743__X2A__Y45__P006.jpg,0.795617,22.456082,ok
EES0423743__X2D__Y18__P007.jpg,0.778790,22.993505,ok
EES0423743__X2D__Y45__P008.jpg,0.757523,23.645178,ok
EES0423743__X30__Y0F__P009.jpg,0.799943,21.981182,ok
EES0423743__X30__Y45__P010.jpg,0.851683,20.459860,ok
EES0423743__X33__Y0F__P011.jpg,0.935660,23.852010,ok
EES0423743__X33__Y45__P012.jpg,0.768187,21.965157,ok
EES0423743__X36__Y15__P013.jpg,0.721758,21.890752,ok
EES0423743__X36__Y42__P014.jpg,0.754444,23.542678,ok
EES0423743__X36__Y45__P015.jpg,0.947914,32.947589,ok
EES0423743__X39__Y1E__P016.jpg,0.943474,25.093171,ok
EES0423743__X39__Y3C__P017.jpg,0.816301,19.981409,ok
EES0423743__X39__Y3F__P018.jpg,0.815159,20.512403,ok
EES0423743__X39__Y42__P019.jpg,0.857277,21.250112,ok
EES0423743__X3C__Y30__P020.jpg,0.790973,22.936067,ok
EES0423743__X3C__Y3F__P021.jpg,0.820299,21.476426,ok
EES0423743__X3F__Y18__P022.jpg,0.953565,30.642665,ok
EES0423743__X3F__Y27__P023.jpg,0.887743,21.837705,ok
EES0423743__X3F__Y3C__P024.jpg,0.784070,22.373500,ok
EES0423743__X42__Y1E__P025.jpg,0.889908,24.035568,ok
EES0423744__X0F__Y39__P001.jpg,0.821563,19.801305,ok
EES0423744__X12__Y33__P002.jpg,0.735906,18.433058,ok
EES0423744__X15__Y09__P003.jpg,0.843167,20.546207,ok
EES0423744__X18__Y09__P004.jpg,0.768067,22.294307,ok
EES0423744__X18__Y15__P005.jpg,0.716023,18.358368,ok
EES0423744__X18__Y2D__P006.jpg,0.714372,19.148390,ok
EES0423744__X18__Y30__P007.jpg,0.937855,23.674997,ok
EES0423744__X18__Y33__P008.jpg,0.817086,20.805179,ok
EES0423744__X18__Y36__P009.jpg,0.855290,20.206568,ok
EES0423744__X18__Y39__P010.jpg,0.842399,21.204630,ok
EES0423744__X18__Y3C__P011.jpg,0.865927,20.615175,ok
EES0423744__X1B__Y09__P012.jpg,0.858762,20.484914,ok
EES0423744__X1B__Y15__P013.jpg,0.663686,16.446621,ok
EES0423744__X1B__Y30__P014.jpg,0.758013,18.195035,ok
EES0423744__X1B__Y33__P015.jpg,0.802103,21.171693,ok
EES0423744__X1B__Y36__P016.jpg,0.826174,19.646823,ok
EES0423744__X1E__Y09__P017.jpg,0.771577,21.378293,ok
EES0423744__X1E__Y18__P018.jpg,0.785502,21.175144,ok
EES0423744__X1E__Y1B__P019.jpg,0.606174,17.519247,ok
EES0423744__X1E__Y21__P020.jpg,0.689705,20.840447,ok
EES0423744__X1E__Y24__P021.jpg,0.779005,22.128099,ok
EES0423744__X1E__Y33__P022.jpg,0.667308,16.849348,ok
EES0423744__X21__Y1B__P023.jpg,0.691529,20.346881,ok
EES0423744__X21__Y1E__P024.jpg,0.935924,27.553968,ok
EES0423744__X21__Y21__P025.jpg,0.782906,21.912551,ok
EES0423745__X24__Y09__P001.jpg,0.845231,21.674505,ok
EES0423745__X24__Y27__P002.jpg,0.891926,23.283436,ok
EES0423745__X36__Y21__P003.jpg,0.887237,21.223539,ok
EES0423745__X39__Y27__P004.jpg,0.890387,23.318028,ok
EES0423745__X3C__Y27__P005.jpg,0.790814,19.776082,ok
EES0423745__X3C__Y2A__P006.jpg,0.810712,23.234623,ok
EES0423745__X06__Y1E__P007.jpg,0.921850,24.568505,ok
EES0423745__X06__Y27__P008.jpg,0.737467,21.775491,ok
EES0423745__X09__Y18__P009.jpg,0.891341,23.780807,ok
EES0423745__X09__Y1B__P010.jpg,0.847527,21.155336,ok
EES0423745__X0C__Y18__P011.jpg,0.571041,16.541149,ok
EES0423745__X0C__Y1B__P012.jpg,0.693713,20.927662,ok
EES0423745__X0F__Y15__P013.jpg,0.686568,20.445646,ok
EES0423745__X0F__Y18__P014.jpg,0.555457,16.025811,ok
EES0423745__X0F__Y1B__P015.jpg,0.862674,22.495442,ok
EES0423745__X12__Y15__P016.jpg,0.796658,22.771602,ok
EES0423745__X12__Y18__P017.jpg,0.921406,25.285459,ok
EES0423745__X15__Y0F__P018.jpg,0.712484,20.013342,ok
EES0423745__X15__Y1B__P019.jpg,0.866073,21.327169,ok
EES0423745__X18__Y0C__P020.jpg,0.904553,20.156814,ok
EES0423745__X18__Y45__P021.jpg,0.815996,23.633006,ok
EES0423745__X1B__Y0C__P022.jpg,0.885524,22.117841,ok
EES0423745__X1B__Y0F__P023.jpg,0.668989,22.099491,ok
EES0423745__X1B__Y12__P024.jpg,0.835397,22.677916,ok
EES0423745__X1E__Y0C__P025.jpg,0.749268,21.826104,ok
EES0423746__X06__Y24__P001.jpg,0.557806,16.732319,ok
EES0423746__X06__Y2A__P002.jpg,0.940524,24.909348,ok
EES0423746__X06__Y2D__P003.jpg,0.781145,24.232053,ok
EES0423746__X09__Y27__P004.jpg,0.880569,22.053100,ok
EES0423746__X09__Y36__P005.jpg,0.743414,21.615285,ok
EES0423746__X0C__Y12__P006.jpg,0.910515,22.573556,ok
EES0423746__X0C__Y36__P007.jpg,0.724714,22.153691,ok
EES0423746__X0C__Y39__P008.jpg,0.698780,23.335437,ok
EES0423746__X0F__Y0F__P009.jpg,0.952203,31.337926,ok
EES0423746__X0F__Y36__P010.jpg,0.757699,23.651419,ok
EES0423746__X0F__Y39__P011.jpg,0.844158,20.682861,ok
EES0423746__X0F__Y3F__P012.jpg,0.846612,21.276158,ok
EES0423746__X12__Y36__P013.jpg,0.772396,23.444288,ok
EES0423746__X12__Y39__P014.jpg,0.816319,21.658126,ok
EES0423746__X12__Y3F__P015.jpg,0.837539,21.290637,ok
EES0423746__X15__Y42__P016.jpg,0.886995,21.473051,ok
EES0423746__X18__Y0C__P017.jpg,0.764709,22.972573,ok
EES0423746__X1B__Y0C__P018.jpg,0.583377,16.816089,ok
EES0423746__X1B__Y3F__P019.jpg,0.709289,23.438673,ok
EES0423746__X1B__Y42__P020.jpg,0.854247,20.204132,ok
EES0423746__X1B__Y45__P021.jpg,0.694218,22.732803,ok
EES0423746__X1E__Y42__P022.jpg,0.760924,22.477129,ok
EES0423746__X1E__Y45__P023.jpg,0.688499,20.369867,ok
EES0423746__X21__Y0C__P024.jpg,0.650865,20.528594,ok
EES0423746__X21__Y45__P025.jpg,0.797891,22.868175,ok
EES0423747__X24__Y0C__P001.jpg,0.461810,14.882546,ok
EES0423747__X24__Y45__P002.jpg,0.727250,21.033911,ok
EES0423747__X27__Y0C__P003.jpg,0.841023,17.508785,ok
EES0423747__X27__Y45__P004.jpg,0.797298,21.299799,ok
EES0423747__X2A__Y0C__P005.jpg,0.955785,31.126703,ok
EES0423747__X2A__Y3F__P006.jpg,0.887503,21.490406,ok
EES0423747__X30__Y0F__P007.jpg,0.928652,23.119872,ok
EES0423747__X30__Y39__P008.jpg,0.784215,21.858590,ok
EES0423747__X30__Y3C__P009.jpg,0.742514,22.406426,ok
EES0423747__X36__Y39__P010.jpg,0.749506,23.421891,ok
EES0423747__X36__Y3F__P011.jpg,0.886003,22.418941,ok
EES0423747__X3F__Y21__P012.jpg,0.881341,21.547114,ok
EES0423747__X3F__Y24__P013.jpg,0.612156,18.442854,ok
EES0423747__X3F__Y27__P014.jpg,0.773883,23.664336,ok
EES0423747__X3F__Y2A__P015.jpg,0.701921,20.990267,ok
EES0423747__X03__Y1E__P016.jpg,0.677883,15.684882,ok
EES0423747__X03__Y21__P017.jpg,0.591164,16.808090,ok
EES0423747__X03__Y2D__P018.jpg,0.654495,19.587199,ok
EES0423747__X03__Y30__P019.jpg,0.604406,18.734569,ok
EES0423747__X03__Y33__P020.jpg,0.593788,17.392666,ok
EES0423747__X03__Y36__P021.jpg,0.695121,21.727140,ok
EES0423747__X03__Y39__P022.jpg,0.910363,24.084906,ok
EES0423747__X06__Y18__P023.jpg,0.939412,26.091525,ok
EES0423747__X06__Y2D__P024.jpg,0.584305,17.785102,ok
EES0423747__X06__Y30__P025.jpg,0.623154,20.433225,ok
EES0423748__X06__Y33__P001.jpg,0.787463,20.430774,ok
EES0423748__X06__Y36__P002.jpg,0.634065,19.252904,ok
EES0423748__X06__Y39__P003.jpg,0.637604,20.169854,ok
EES0423748__X06__Y3F__P004.jpg,0.888676,20.666159,ok
EES0423748__X09__Y15__P005.jpg,0.760328,22.961998,ok
EES0423748__X09__Y33__P006.jpg,0.828433,20.630706,ok
EES0423748__X0F__Y2A__P007.jpg,0.579277,18.108943,ok
EES0423748__X15__Y0C__P008.jpg,0.612723,16.253862,ok
EES0423748__X15__Y27__P009.jpg,0.577440,18.532117,ok
EES0423748__X1B__Y1B__P010.jpg,0.721945,22.164087,ok
EES0423748__X2A__Y0C__P011.jpg,0.866630,22.293090,ok
EES0423748__X2A__Y15__P012.jpg,0.603788,19.529776,ok
EES0423748__X2D__Y0C__P013.jpg,0.944209,35.208294,ok
EES0423748__X30__Y0F__P014.jpg,0.932446,24.295233,ok
EES0423748__X30__Y1E__P015.jpg,0.708547,20.589793,ok
EES0423748__X33__Y1E__P016.jpg,0.638841,19.688792,ok
EES0423748__X33__Y21__P017.jpg,0.683208,21.717752,ok
EES0423748__X36__Y1E__P018.jpg,0.565994,16.818493,ok
EES0423748__X36__Y21__P019.jpg,0.767503,22.031178,ok
EES0423748__X39__Y18__P020.jpg,0.842414,21.976812,ok
EES0423748__X39__Y1B__P021.jpg,0.789960,20.859124,ok
EES0423748__X39__Y1E__P022.jpg,0.663691,20.012780,ok
EES0423748__X3C__Y1B__P023.jpg,0.634473,17.506497,ok
EES0423748__X3C__Y1E__P024.jpg,0.799008,21.504307,ok
EES0423748__X3C__Y21__P025.jpg,0.679312,20.127441,ok
EES0423749__X0C__Y15__P001.jpg,0.790237,20.875502,ok
EES0423749__X0F__Y12__P002.jpg,0.784695,20.846355,ok
EES0423749__X12__Y0F__P003.jpg,0.805969,23.376127,ok
EES0423749__X15__Y09__P004.jpg,0.818190,21.350574,ok
EES0423749__X18__Y09__P005.jpg,0.890818,23.988053,ok
EES0423749__X1E__Y09__P006.jpg,0.897286,20.175890,ok
EES0423749__X21__Y3F__P007.jpg,0.758927,22.261599,ok
EES0423749__X24__Y3F__P008.jpg,0.621050,16.999461,ok
EES0423749__X27__Y09__P009.jpg,0.740740,20.872369,ok
EES0423749__X2A__Y09__P010.jpg,0.910910,23.642227,ok
EES0423749__X2A__Y3F__P011.jpg,0.660007,16.583418,ok
EES0423749__X2D__Y09__P012.jpg,0.586524,17.708901,ok
EES0423749__X2D__Y0C__P013.jpg,0.692785,17.955778,ok
EES0423749__X30__Y09__P014.jpg,0.842687,20.468383,ok
EES0423749__X33__Y09__P015.jpg,0.901753,21.046109,ok
EES0423749__X33__Y0C__P016.jpg,0.580131,16.154225,ok
EES0423749__X36__Y09__P017.jpg,0.794542,20.890276,ok
EES0423749__X36__Y0C__P018.jpg,0.855503,21.686910,ok
EES0423749__X36__Y0F__P019.jpg,0.765472,21.297307,ok
EES0423749__X36__Y1B__P020.jpg,0.688975,18.943449,ok
EES0423749__X36__Y21__P021.jpg,0.682164,19.076173,ok
EES0423749__X36__Y33__P022.jpg,0.569125,16.800099,ok
EES0423749__X39__Y09__P023.jpg,0.907349,23.706166,ok
EES0423749__X39__Y0C__P024.jpg,0.843452,20.668918,ok
EES0423749__X3C__Y0C__P025.jpg,0.859280,21.827709,ok
EES0423750__X0F__Y30__P001.jpg,0.893069,22.937430,ok
EES0423750__X0F__Y36__P002.jpg,0.740275,23.403331,ok
EES0423750__X0F__Y39__P003.jpg,0.816472,22.781496,ok
EES0423750__X0F__Y3C__P004.jpg,0.773399,22.590612,ok
EES0423750__X12__Y1B__P005.jpg,0.754677,22.857854,ok
EES0423750__X12__Y24__P006.jpg,0.899379,22.648343,ok
EES0423750__X12__Y27__P007.jpg,0.809909,22.565591,ok
EES0423750__X12__Y30__P008.jpg,0.663476,19.715347,ok
EES0423750__X12__Y36__P009.jpg,0.853329,22.299598,ok
EES0423750__X12__Y39__P010.jpg,0.841871,21.146480,ok
EES0423750__X12__Y3C__P011.jpg,0.896820,25.318338,ok
EES0423750__X15__Y12__P012.jpg,0.827745,22.697912,ok
EES0423750__X15__Y21__P013.jpg,0.827278,21.338133,ok
EES0423750__X15__Y24__P014.jpg,0.771051,22.250211,ok
EES0423750__X15__Y27__P015.jpg,0.694097,21.538933,ok
EES0423750__X15__Y30__P016.jpg,0.872575,21.871896,ok
EES0423750__X15__Y36__P017.jpg,0.904648,24.760033,ok
EES0423750__X15__Y39__P018.jpg,0.729410,22.234824,ok
EES0423750__X18__Y2A__P019.jpg,0.693359,21.853983,ok
EES0423750__X18__Y30__P020.jpg,0.706514,22.509386,ok
EES0423750__X18__Y36__P021.jpg,0.815288,23.445967,ok
EES0423750__X18__Y3C__P022.jpg,0.825976,23.433996,ok
EES0423750__X1B__Y0F__P023.jpg,0.711129,22.117121,ok
EES0423750__X1B__Y1B__P024.jpg,0.877354,21.179293,ok
EES0423750__X1B__Y27__P025.jpg,0.762990,23.962760,ok
EES0423751__X06__Y30__P001.jpg,0.779433,21.477468,ok
EES0423751__X06__Y33__P002.jpg,0.891532,23.098282,ok
EES0423751__X09__Y36__P003.jpg,0.891936,23.963903,ok
EES0423751__X0C__Y15__P004.jpg,0.707090,18.834297,ok
EES0423751__X0C__Y24__P005.jpg,0.771038,23.204162,ok
EES0423751__X0C__Y33__P006.jpg,0.803707,20.309565,ok
EES0423751__X0C__Y36__P007.jpg,0.729271,19.811210,ok
EES0423751__X0C__Y3C__P008.jpg,0.734414,19.396620,ok
EES0423751__X0F__Y15__P009.jpg,0.659818,18.061149,ok
EES0423751__X0F__Y18__P010.jpg,0.689618,18.695595,ok
EES0423751__X0F__Y1B__P011.jpg,0.609493,18.434096,ok
EES0423751__X0F__Y36__P012.jpg,0.775201,21.165997,ok
EES0423751__X0F__Y3C__P013.jpg,0.824163,18.205961,ok
EES0423751__X0F__Y3F__P014.jpg,0.792289,22.150029,ok
EES0423751__X15__Y09__P015.jpg,0.747391,17.640794,ok
EES0423751__X15__Y3C__P016.jpg,0.884131,23.315289,ok
EES0423751__X18__Y09__P017.jpg,0.704291,19.752219,ok
EES0423751__X18__Y42__P018.jpg,0.849124,21.465289,ok
EES0423751__X1B__Y09__P019.jpg,0.601896,16.215176,ok
EES0423751__X1B__Y0C__P020.jpg,0.630386,17.584058,ok
EES0423751__X1E__Y39__P021.jpg,0.866202,21.209903,ok
EES0423751__X1E__Y42__P022.jpg,0.843633,19.340576,ok
EES0423751__X21__Y3C__P023.jpg,0.682644,18.616493,ok
EES0423751__X21__Y3F__P024.jpg,0.861357,21.953368,ok
EES0423751__X21__Y42__P025.jpg,0.859924,20.556653,ok
EES0423752__X1E__Y15__P001.jpg,0.918121,25.207309,ok
EES0423752__X1E__Y27__P002.jpg,0.855754,20.718688,ok
EES0423752__X1E__Y2A__P003.jpg,0.778600,19.194043,ok
EES0423752__X1E__Y42__P004.jpg,0.800485,20.479900,ok
EES0423752__X21__Y1B__P005.jpg,0.727298,17.992763,ok
EES0423752__X21__Y21__P006.jpg,0.880559,21.386149,ok
EES0423752__X21__Y42__P007.jpg,0.924521,26.033574,ok
EES0423752__X24__Y21__P008.jpg,0.895418,23.530922,ok
EES0423752__X24__Y24__P009.jpg,0.615417,16.268783,ok
EES0423752__X24__Y3C__P010.jpg,0.899691,22.623711,ok
EES0423752__X27__Y2D__P011.jpg,0.706145,18.595006,ok
EES0423752__X27__Y30__P012.jpg,0.722134,18.922172,ok
EES0423752__X2A__Y12__P013.jpg,0.800799,19.095431,ok
EES0423752__X2A__Y1E__P014.jpg,0.707628,17.929875,ok
EES0423752__X2A__Y21__P015.jpg,0.744563,19.378234,ok
EES0423752__X2A__Y2D__P016.jpg,0.898058,21.556198,ok
EES0423752__X2A__Y30__P017.jpg,0.675465,18.452110,ok
EES0423752__X2A__Y36__P018.jpg,0.861867,22.116979,ok
EES0423752__X2D__Y12__P019.jpg,0.859114,23.026097,ok
EES0423752__X2D__Y1B__P020.jpg,0.903603,23.001973,ok
EES0423752__X2D__Y21__P021.jpg,0.918749,24.782137,ok
EES0423752__X2D__Y2D__P022.jpg,0.952731,30.339653,ok
EES0423752__X2D__Y30__P023.jpg,0.670261,17.960699,ok
EES0423752__X2D__Y3C__P024.jpg,0.835123,21.351363,ok
EES0423752__X30__Y27__P025.jpg,0.918679,21.633331,ok
EES0423753__X09__Y27__P001.jpg,0.897383,23.493507,ok
EES0423753__X09__Y2A__P002.jpg,0.897594,25.735519,ok
EES0423753__X09__Y2D__P003.jpg,0.787815,21.819998,ok
EES0423753__X0C__Y18__P004.jpg,0.910949,23.225146,ok
EES0423753__X0C__Y1B__P005.jpg,0.764209,22.577861,ok
EES0423753__X0C__Y1E__P006.jpg,0.728839,21.136937,ok
EES0423753__X0C__Y21__P007.jpg,0.886371,22.739660,ok
EES0423753__X0C__Y2A__P008.jpg,0.854551,20.496521,ok
EES0423753__X0F__Y12__P009.jpg,0.833034,22.462268,ok
EES0423753__X0F__Y27__P010.jpg,0.821825,22.910341,ok
EES0423753__X0F__Y33__P011.jpg,0.754097,22.312940,ok
EES0423753__X0F__Y36__P012.jpg,0.794192,23.305477,ok
EES0423753__X12__Y24__P013.jpg,0.748560,21.345408,ok
EES0423753__X12__Y36__P014.jpg,0.798984,22.901161,ok
EES0423753__X15__Y36__P015.jpg,0.777812,23.089762,ok
EES0423753__X18__Y0C__P016.jpg,0.811697,23.561286,ok
EES0423753__X18__Y1B__P017.jpg,0.779964,22.765253,ok
EES0423753__X18__Y1E__P018.jpg,0.634284,18.093795,ok
EES0423753__X1B__Y0C__P019.jpg,0.811604,23.808037,ok
EES0423753__X1B__Y30__P020.jpg,0.759053,23.582054,ok
EES0423753__X1E__Y0C__P021.jpg,0.882531,22.200450,ok
EES0423753__X21__Y0C__P022.jpg,0.761112,18.147958,ok
EES0423753__X24__Y1E__P023.jpg,0.827910,20.134920,ok
EES0423753__X24__Y24__P024.jpg,0.876067,24.169101,ok
EES0423753__X27__Y09__P025.jpg,0.902387,25.029331,ok
EES0423754__X27__Y0C__P001.jpg,0.898230,24.478994,ok
EES0423754__X27__Y0F__P002.jpg,0.777115,22.158239,ok
EES0423754__X27__Y24__P003.jpg,0.686052,17.872185,ok
EES0423754__X27__Y27__P004.jpg,0.837373,21.036761,ok
EES0423754__X2A__Y12__P005.jpg,0.848657,21.326570,ok
EES0423754__X2A__Y3F__P006.jpg,0.839316,22.886797,ok
EES0423754__X2D__Y0C__P007.jpg,0.679028,18.400412,ok
EES0423754__X2D__Y12__P008.jpg,0.765086,22.396685,ok
EES0423754__X2D__Y1B__P009.jpg,0.862715,21.644924,ok
EES0423754__X2D__Y1E__P010.jpg,0.804306,21.546983,ok
EES0423754__X2D__Y27__P011.jpg,0.771670,24.335802,ok
EES0423754__X2D__Y2A__P012.jpg,0.761830,21.388853,ok
EES0423754__X2D__Y42__P013.jpg,0.796012,21.222649,ok
EES0423754__X30__Y0C__P014.jpg,0.933252,28.450663,ok
EES0423754__X30__Y0F__P015.jpg,0.777297,24.142310,ok
EES0423754__X30__Y12__P016.jpg,0.784928,22.420936,ok
EES0423754__X30__Y15__P017.jpg,0.904467,23.420511,ok
EES0423754__X30__Y18__P018.jpg,0.533491,16.037467,ok
EES0423754__X30__Y27__P019.jpg,0.793188,22.687123,ok
EES0423754__X33__Y0C__P020.jpg,0.829579,22.378016,ok
EES0423754__X33__Y0F__P021.jpg,0.842803,21.280358,ok
EES0423754__X33__Y12__P022.jpg,0.723376,18.389751,ok
EES0423754__X36__Y0F__P023.jpg,0.930600,25.692833,ok
EES0423754__X36__Y12__P024.jpg,0.918973,24.703460,ok
EES0423754__X36__Y15__P025.jpg,0.752202,22.374549,ok
EES0423755__X33__Y24__P001.jpg,0.901009,24.211673,ok
EES0423755__X33__Y27__P002.jpg,0.684712,16.927021,ok
EES0423755__X33__Y33__P003.jpg,0.843912,20.609744,ok
EES0423755__X36__Y12__P004.jpg,0.725928,21.144936,ok
EES0423755__X36__Y15__P005.jpg,0.908514,21.642290,ok
EES0423755__X36__Y1E__P006.jpg,0.714735,17.798042,ok
EES0423755__X36__Y21__P007.jpg,0.834228,19.287892,ok
EES0423755__X36__Y24__P008.jpg,0.809330,20.230250,ok
EES0423755__X36__Y27__P009.jpg,0.740102,22.083816,ok
EES0423755__X39__Y24__P010.jpg,0.898701,22.587567,ok
EES0423755__X3C__Y24__P011.jpg,0.869379,20.943817,ok
EES0423755__X03__Y21__P012.jpg,0.818509,23.304667,ok
EES0423755__X03__Y24__P013.jpg,0.793084,24.237638,ok
EES0423755__X03__Y33__P014.jpg,0.919580,25.890783,ok
EES0423755__X06__Y30__P015.jpg,0.850600,21.259417,ok
EES0423755__X06__Y36__P016.jpg,0.846488,22.256372,ok
EES0423755__X09__Y3C__P017.jpg,0.954461,34.155075,ok
EES0423755__X0C__Y12__P018.jpg,0.785389,22.806731,ok
EES0423755__X0C__Y15__P019.jpg,0.748982,24.387003,ok
EES0423755__X0C__Y36__P020.jpg,0.672613,22.110807,ok
EES0423755__X0C__Y3F__P021.jpg,0.929907,26.305991,ok
EES0423755__X0F__Y15__P022.jpg,0.763941,24.580987,ok
EES0423755__X0F__Y42__P023.jpg,0.960324,32.294371,ok
EES0423755__X12__Y15__P024.jpg,0.879970,22.490114,ok
EES0423755__X12__Y30__P025.jpg,0.616672,19.906447,ok
EES0423756__X15__Y0F__P001.jpg,0.733216,22.242831,ok
EES0423756__X15__Y15__P002.jpg,0.879823,23.020864,ok
EES0423756__X15__Y18__P003.jpg,0.668343,21.159772,ok
EES0423756__X15__Y1B__P004.jpg,0.780143,23.183427,ok
EES0423756__X15__Y21__P005.jpg,0.688624,20.970102,ok
EES0423756__X15__Y24__P006.jpg,0.776256,22.372812,ok
EES0423756__X15__Y45__P007.jpg,0.936478,27.835300,ok
EES0423756__X18__Y0C__P008.jpg,0.891888,23.651644,ok
EES0423756__X18__Y18__P009.jpg,0.790480,22.840744,ok
EES0423756__X18__Y27__P010.jpg,0.653030,18.324442,ok
EES0423756__X18__Y2D__P011.jpg,0.837227,21.030796,ok
EES0423756__X18__Y33__P012.jpg,0.630097,20.205836,ok
EES0423756__X18__Y39__P013.jpg,0.687725,21.387248,ok
EES0423756__X18__Y3C__P014.jpg,0.886136,21.574239,ok
EES0423756__X18__Y45__P015.jpg,0.781886,21.573182,ok
EES0423756__X1B__Y0C__P016.jpg,0.705031,23.173501,ok
EES0423756__X1B__Y0F__P017.jpg,0.858076,21.948053,ok
EES0423756__X1B__Y1E__P018.jpg,0.807983,21.540966,ok
EES0423756__X1B__Y27__P019.jpg,0.777275,23.441051,ok
EES0423756__X1B__Y45__P020.jpg,0.757715,23.218610,ok
EES0423756__X1E__Y09__P021.jpg,0.882698,24.419708,ok
EES0423756__X21__Y09__P022.jpg,0.830164,20.867925,ok
EES0423756__X21__Y0F__P023.jpg,0.780226,22.826921,ok
EES0423756__X24__Y09__P024.jpg,0.835302,21.666745,ok
EES0423756__X27__Y42__P025.jpg,0.908352,23.480197,ok
EES0423757__X36__Y21__P001.jpg,0.935112,24.296473,ok
EES0423757__X36__Y24__P002.jpg,0.888515,21.291336,ok
EES0423757__X36__Y27__P003.jpg,0.719138,19.491202,ok
EES0423757__X39__Y1B__P004.jpg,0.917610,21.139830,ok
EES0423757__X39__Y1E__P005.jpg,0.828629,18.945299,ok
EES0423757__X39__Y21__P006.jpg,0.781200,21.447913,ok
EES0423757__X3C__Y1B__P007.jpg,0.903339,20.579144,ok
EES0423757__X3C__Y1E__P008.jpg,0.862247,20.794677,ok
EES0423757__X3C__Y21__P009.jpg,0.836412,22.577685,ok
EES0423757__X3C__Y24__P010.jpg,0.692629,18.476975,ok
EES0423757__X0C__Y1B__P011.jpg,0.866992,23.736978,ok
EES0423757__X0C__Y1E__P012.jpg,0.832645,21.462703,ok
EES0423757__X0C__Y21__P013.jpg,0.785200,21.144947,ok
EES0423757__X0C__Y24__P014.jpg,0.655475,19.538258,ok
EES0423757__X0C__Y27__P015.jpg,0.787578,23.648539,ok
EES0423757__X0C__Y2A__P016.jpg,0.590704,18.228455,ok
EES0423757__X0C__Y2D__P017.jpg,0.706083,22.440955,ok
EES0423757__X0C__Y30__P018.jpg,0.726443,21.538996,ok
EES0423757__X0C__Y39__P019.jpg,0.951684,29.233819,ok
EES0423757__X0F__Y18__P020.jpg,0.883404,24.195148,ok
EES0423757__X0F__Y1B__P021.jpg,0.789959,22.895482,ok
EES0423757__X0F__Y1E__P022.jpg,0.849359,22.139904,ok
EES0423757__X0F__Y21__P023.jpg,0.679116,20.753217,ok
EES0423757__X0F__Y24__P024.jpg,0.698647,22.369726,ok
EES0423757__X0F__Y27__P025.jpg,0.656047,20.932705,ok
EES0423758__X0F__Y30__P001.jpg,0.825772,22.931653,ok
EES0423758__X0F__Y33__P002.jpg,0.832623,21.527259,ok
EES0423758__X12__Y12__P003.jpg,0.881194,22.507561,ok
EES0423758__X12__Y15__P004.jpg,0.804110,25.387020,ok
EES0423758__X12__Y18__P005.jpg,0.773120,23.667986,ok
EES0423758__X12__Y1B__P006.jpg,0.764944,22.574550,ok
EES0423758__X12__Y27__P007.jpg,0.614664,16.360556,ok
EES0423758__X12__Y2A__P008.jpg,0.640329,19.567911,ok
EES0423758__X12__Y3F__P009.jpg,0.667410,19.616618,ok
EES0423758__X15__Y12__P010.jpg,0.904046,25.642703,ok
EES0423758__X15__Y15__P011.jpg,0.819817,22.989229,ok
EES0423758__X15__Y42__P012.jpg,0.934386,29.182412,ok
EES0423758__X18__Y0C__P013.jpg,0.931699,25.555248,ok
EES0423758__X18__Y0F__P014.jpg,0.907059,23.816952,ok
EES0423758__X18__Y12__P015.jpg,0.881050,22.845396,ok
EES0423758__X18__Y15__P016.jpg,0.706901,22.106061,ok
EES0423758__X18__Y1E__P017.jpg,0.584318,18.225457,ok
EES0423758__X1B__Y0C__P018.jpg,0.874724,24.052073,ok
EES0423758__X1B__Y0F__P019.jpg,0.909052,25.535496,ok
EES0423758__X1B__Y12__P020.jpg,0.875204,22.845760,ok
EES0423758__X1B__Y15__P021.jpg,0.630204,19.271102,ok
EES0423758__X1B__Y21__P022.jpg,0.643692,18.963914,ok
EES0423758__X1B__Y45__P023.jpg,0.947095,27.932556,ok
EES0423758__X1E__Y09__P024.jpg,0.661028,18.526375,ok
EES0423758__X1E__Y0C__P025.jpg,0.711882,22.655304,ok
EES0423759__X1E__Y12__P001.jpg,0.735198,23.815306,ok
EES0423759__X21__Y09__P002.jpg,0.869188,21.879407,ok
EES0423759__X21__Y0C__P003.jpg,0.876011,22.652650,ok
EES0423759__X21__Y0F__P004.jpg,0.833434,22.139616,ok
EES0423759__X21__Y12__P005.jpg,0.705821,21.071621,ok
EES0423759__X21__Y15__P006.jpg,0.572825,17.778287,ok
EES0423759__X24__Y09__P007.jpg,0.832840,22.480376,ok
EES0423759__X24__Y0C__P008.jpg,0.733365,22.065082,ok
EES0423759__X27__Y09__P009.jpg,0.798617,22.074647,ok
EES0423759__X27__Y0C__P010.jpg,0.839053,22.625867,ok
EES0423759__X27__Y12__P011.jpg,0.733117,21.588112,ok
EES0423759__X2A__Y09__P012.jpg,0.918336,26.256604,ok
EES0423759__X2A__Y0C__P013.jpg,0.885341,23.637833,ok
EES0423759__X2D__Y09__P014.jpg,0.891949,23.904980,ok
EES0423759__X2D__Y0C__P015.jpg,0.726866,23.281289,ok
EES0423759__X33__Y0C__P016.jpg,0.790441,23.204888,ok
EES0423759__X33__Y24__P017.jpg,0.678418,19.651137,ok
EES0423759__X33__Y45__P018.jpg,0.909030,25.023477,ok
EES0423759__X36__Y0C__P019.jpg,0.952384,30.438402,ok
EES0423759__X36__Y18__P020.jpg,0.746092,21.676686,ok
EES0423759__X36__Y1B__P021.jpg,0.628594,18.817058,ok
EES0423759__X39__Y0F__P022.jpg,0.871461,23.836370,ok
EES0423759__X39__Y12__P023.jpg,0.818929,24.815466,ok
EES0423759__X3C__Y12__P024.jpg,0.827823,23.264124,ok
EES0423759__X3C__Y15__P025.jpg,0.743024,22.941171,ok
EES0423760__X33__Y1E__P001.jpg,0.949618,27.470305,ok
EES0423760__X33__Y21__P002.jpg,0.910933,22.116926,ok
EES0423760__X33__Y24__P003.jpg,0.945605,23.925615,ok
EES0423760__X36__Y1E__P004.jpg,0.890776,19.580286,ok
EES0423760__X36__Y21__P005.jpg,0.900625,21.979746,ok
EES0423760__X39__Y21__P006.jpg,0.908387,20.092517,ok
EES0423760__X3C__Y2A__P007.jpg,0.922156,21.851116,ok
EES0423760__X3C__Y36__P008.jpg,0.884765,18.653408,ok
EES0423760__X3F__Y2A__P009.jpg,0.956878,31.285096,ok
EES0423760__X3F__Y30__P010.jpg,0.926450,22.113469,ok
EES0423760__X0C__Y1E__P011.jpg,0.737917,21.122151,ok
EES0423760__X0C__Y27__P012.jpg,0.756320,20.413897,ok
EES0423760__X0F__Y21__P013.jpg,0.733220,21.857503,ok
EES0423760__X0F__Y27__P014.jpg,0.742725,21.616499,ok
EES0423760__X12__Y21__P015.jpg,0.745901,19.953404,ok
EES0423760__X12__Y30__P016.jpg,0.617338,17.244102,ok
EES0423760__X15__Y30__P017.jpg,0.647603,17.426711,ok
EES0423760__X18__Y0C__P018.jpg,0.653736,16.249247,ok
EES0423760__X18__Y0F__P019.jpg,0.594332,15.803517,ok
EES0423760__X18__Y15__P020.jpg,0.615919,16.998362,ok
EES0423760__X18__Y30__P021.jpg,0.777089,21.295644,ok
EES0423760__X18__Y36__P022.jpg,0.754012,22.638714,ok
EES0423760__X1B__Y0C__P023.jpg,0.648855,17.507802,ok
EES0423760__X1B__Y0F__P024.jpg,0.775074,21.644430,ok
EES0423760__X1B__Y15__P025.jpg,0.617072,16.608021,ok
EES0423761__X1B__Y1E__P001.jpg,0.715477,20.127152,ok
EES0423761__X1B__Y36__P002.jpg,0.666693,20.006142,ok
EES0423761__X1E__Y0C__P003.jpg,0.906212,23.731980,ok
EES0423761__X1E__Y15__P004.jpg,0.750207,21.409008,ok
EES0423761__X1E__Y21__P005.jpg,0.791527,22.942292,ok
EES0423761__X1E__Y36__P006.jpg,0.610547,17.034067,ok
EES0423761__X21__Y0C__P007.jpg,0.775075,21.531289,ok
EES0423761__X21__Y12__P008.jpg,0.667689,17.637183,ok
EES0423761__X21__Y24__P009.jpg,0.578441,16.423713,ok
EES0423761__X21__Y30__P010.jpg,0.792494,22.649658,ok
EES0423761__X24__Y0C__P011.jpg,0.794841,22.713602,ok
EES0423761__X24__Y21__P012.jpg,0.868924,20.657249,ok
EES0423761__X2A__Y0C__P013.jpg,0.796096,23.092343,ok
EES0423761__X2A__Y12__P014.jpg,0.674705,18.983375,ok
EES0423761__X2A__Y27__P015.jpg,0.741585,20.449196,ok
EES0423761__X2D__Y0C__P016.jpg,0.878998,22.453860,ok
EES0423761__X2D__Y12__P017.jpg,0.777060,22.373904,ok
EES0423761__X2D__Y15__P018.jpg,0.781774,23.297849,ok
EES0423761__X2D__Y18__P019.jpg,0.745592,22.587666,ok
EES0423761__X30__Y18__P020.jpg,0.664447,17.292868,ok
EES0423761__X33__Y0C__P021.jpg,0.820693,22.824563,ok
EES0423761__X33__Y15__P022.jpg,0.793519,23.925322,ok
EES0423761__X33__Y18__P023.jpg,0.846069,21.281595,ok
EES0423761__X33__Y27__P024.jpg,0.782757,23.025821,ok
EES0423761__X33__Y36__P025.jpg,0.835445,20.469138,ok
EES0423762__X24__Y09__P001.jpg,0.609119,19.080012,ok
EES0423762__X27__Y09__P002.jpg,0.947077,25.194830,ok
EES0423762__X2A__Y09__P003.jpg,0.433034,10.473307,ok
EES0423762__X30__Y0C__P004.jpg,0.751043,23.162470,ok
EES0423762__X30__Y45__P005.jpg,0.920369,25.677126,ok
EES0423762__X33__Y0F__P006.jpg,0.758790,23.839486,ok
EES0423762__X36__Y0F__P007.jpg,0.893304,23.293593,ok
EES0423762__X36__Y42__P008.jpg,0.908729,23.337708,ok
EES0423762__X39__Y12__P009.jpg,0.843595,21.610887,ok
EES0423762__X39__Y3F__P010.jpg,0.866809,21.998100,ok
EES0423762__X3C__Y15__P011.jpg,0.863531,21.265572,ok
EES0423762__X3C__Y3C__P012.jpg,0.727344,22.438104,ok
EES0423762__X3F__Y1B__P013.jpg,0.606497,19.662637,ok
EES0423762__X42__Y1E__P014.jpg,0.951112,25.789583,ok
EES0423762__X42__Y21__P015.jpg,0.612021,18.932097,ok
EES0423762__X03__Y1E__P016.jpg,0.843289,21.423061,ok
EES0423762__X03__Y21__P017.jpg,0.586804,17.086646,ok
EES0423762__X03__Y27__P018.jpg,0.756508,22.799253,ok
EES0423762__X03__Y2A__P019.jpg,0.725947,21.647823,ok
EES0423762__X03__Y2D__P020.jpg,0.737255,21.166683,ok
EES0423762__X06__Y33__P021.jpg,0.890538,31.509893,ok
EES0423762__X0C__Y0F__P022.jpg,0.864740,23.254713,ok
EES0423762__X0C__Y3C__P023.jpg,0.881317,21.888966,ok
EES0423762__X0F__Y42__P024.jpg,0.641572,18.737511,ok
EES0423762__X12__Y45__P025.jpg,0.895983,22.613566,ok
EES0423763__X06__Y3C__P001.jpg,0.758226,21.773186,ok
EES0423763__X06__Y3F__P002.jpg,0.731143,17.765458,ok
EES0423763__X09__Y12__P003.jpg,0.775442,22.644699,ok
EES0423763__X09__Y3F__P004.jpg,0.886920,22.946705,ok
EES0423763__X0C__Y0F__P005.jpg,0.791004,24.441403,ok
EES0423763__X0C__Y3F__P006.jpg,0.743295,21.596443,ok
EES0423763__X0C__Y42__P007.jpg,0.880782,23.332647,ok
EES0423763__X0F__Y0C__P008.jpg,0.955628,29.304042,ok
EES0423763__X0F__Y0F__P009.jpg,0.727372,22.286661,ok
EES0423763__X0F__Y42__P010.jpg,0.727552,22.324105,ok
EES0423763__X0F__Y45__P011.jpg,0.942838,29.694721,ok
EES0423763__X12__Y0C__P012.jpg,0.875950,25.701476,ok
EES0423763__X12__Y45__P013.jpg,0.935750,24.994455,ok
EES0423763__X15__Y09__P014.jpg,0.909449,23.335179,ok
EES0423763__X15__Y45__P015.jpg,0.790147,23.106887,ok
EES0423763__X18__Y09__P016.jpg,0.911965,24.537170,ok
EES0423763__X1B__Y09__P017.jpg,0.770700,22.975622,ok
EES0423763__X2A__Y09__P018.jpg,0.708636,20.755679,ok
EES0423763__X2D__Y09__P019.jpg,0.659100,19.751280,ok
EES0423763__X30__Y09__P020.jpg,0.895188,23.875023,ok
EES0423763__X30__Y45__P021.jpg,0.704069,21.496584,ok
EES0423763__X33__Y09__P022.jpg,0.880247,24.336621,ok
EES0423763__X33__Y0C__P023.jpg,0.713695,22.572894,ok
EES0423763__X36__Y09__P024.jpg,0.857922,24.871306,ok
EES0423763__X36__Y0C__P025.jpg,0.692245,18.764380,ok
EES0423764__X42__Y2D__P001.jpg,0.856683,20.791558,ok
EES0423764__X42__Y30__P002.jpg,0.911241,24.572869,ok
EES0423764__X09__Y2A__P003.jpg,0.927011,25.495709,ok
EES0423764__X0C__Y1E__P004.jpg,0.867505,20.976112,ok
EES0423764__X0F__Y27__P005.jpg,0.782566,20.751510,ok
EES0423764__X0F__Y2A__P006.jpg,0.892376,22.887644,ok
EES0423764__X12__Y1E__P007.jpg,0.644075,15.939676,ok
EES0423764__X15__Y18__P008.jpg,0.844352,20.283723,ok
EES0423764__X15__Y1B__P009.jpg,0.824106,20.518746,ok
EES0423764__X18__Y12__P010.jpg,0.898787,23.008498,ok
EES0423764__X18__Y15__P011.jpg,0.757608,22.654285,ok
EES0423764__X18__Y1E__P012.jpg,0.769906,22.148652,ok
EES0423764__X18__Y24__P013.jpg,0.778530,20.433926,ok
EES0423764__X18__Y27__P014.jpg,0.817908,22.776865,ok
EES0423764__X18__Y2A__P015.jpg,0.853794,22.145964,ok
EES0423764__X18__Y2D__P016.jpg,0.741163,21.364522,ok
EES0423764__X18__Y30__P017.jpg,0.901399,22.864423,ok
EES0423764__X1B__Y0F__P018.jpg,0.911747,24.043844,ok
EES0423764__X1B__Y15__P019.jpg,0.883004,22.334759,ok
EES0423764__X1B__Y1B__P020.jpg,0.787738,21.568185,ok
EES0423764__X1B__Y24__P021.jpg,0.876735,22.940325,ok
EES0423764__X1B__Y27__P022.jpg,0.918739,24.888101,ok
EES0423764__X1B__Y2A__P023.jpg,0.792857,20.423438,ok
EES0423764__X1B__Y2D__P024.jpg,0.746158,21.260351,ok
EES0423764__X1B__Y30__P025.jpg,0.759765,23.628093,ok
EES0423765__X1B__Y33__P001.jpg,0.875792,20.939321,ok
EES0423765__X1E__Y1B__P002.jpg,0.842566,20.559485,ok
EES0423765__X1E__Y1E__P003.jpg,0.832165,20.681859,ok
EES0423765__X1E__Y2D__P004.jpg,0.896105,24.615312,ok
EES0423765__X1E__Y30__P005.jpg,0.842062,21.591554,ok
EES0423765__X21__Y0C__P006.jpg,0.842907,20.491094,ok
EES0423765__X21__Y0F__P007.jpg,0.777946,22.596867,ok
EES0423765__X21__Y15__P008.jpg,0.900112,24.052330,ok
EES0423765__X21__Y18__P009.jpg,0.824534,20.285068,ok
EES0423765__X21__Y1E__P010.jpg,0.762308,22.504143,ok
EES0423765__X21__Y24__P011.jpg,0.818276,20.557929,ok
EES0423765__X21__Y27__P012.jpg,0.842671,22.444426,ok
EES0423765__X21__Y2A__P013.jpg,0.942062,28.390876,ok
EES0423765__X21__Y30__P014.jpg,0.816890,21.941958,ok
EES0423765__X21__Y33__P015.jpg,0.819257,20.917069,ok
EES0423765__X24__Y0C__P016.jpg,0.879095,22.152454,ok
EES0423765__X24__Y15__P017.jpg,0.827975,22.935826,ok
EES0423765__X24__Y18__P018.jpg,0.870556,21.802016,ok
EES0423765__X24__Y24__P019.jpg,0.813600,22.020727,ok
EES0423765__X24__Y27__P020.jpg,0.764168,20.494566,ok
EES0423765__X24__Y2A__P021.jpg,0.828869,21.800882,ok
EES0423765__X24__Y2D__P022.jpg,0.881971,22.288542,ok
EES0423765__X24__Y30__P023.jpg,0.715964,21.047250,ok
EES0423765__X24__Y33__P024.jpg,0.829792,20.343520,ok
EES0423765__X24__Y36__P025.jpg,0.821468,22.588894,ok
EES0423766__X0C__Y24__P001.jpg,0.828987,19.463642,ok
EES0423766__X0C__Y27__P002.jpg,0.600740,21.817309,ok
EES0423766__X0C__Y2A__P003.jpg,0.743261,22.379795,ok
EES0423766__X0C__Y2D__P004.jpg,0.825742,19.543164,ok
EES0423766__X0C__Y30__P005.jpg,0.726648,20.979190,ok
EES0423766__X0C__Y33__P006.jpg,0.925013,25.443862,ok
EES0423766__X0F__Y1E__P007.jpg,0.649974,20.284527,ok
EES0423766__X0F__Y2A__P008.jpg,0.745892,20.657211,ok
EES0423766__X0F__Y30__P009.jpg,0.820367,20.912448,ok
EES0423766__X0F__Y33__P010.jpg,0.755403,21.679609,ok
EES0423766__X0F__Y36__P011.jpg,0.884781,22.808186,ok
EES0423766__X12__Y24__P012.jpg,0.743219,21.499764,ok
EES0423766__X12__Y27__P013.jpg,0.769959,21.273355,ok
EES0423766__X12__Y33__P014.jpg,0.721972,21.603469,ok
EES0423766__X12__Y36__P015.jpg,0.884546,23.551026,ok
EES0423766__X12__Y3C__P016.jpg,0.896159,23.406364,ok
EES0423766__X15__Y3F__P017.jpg,0.946213,28.495690,ok
EES0423766__X18__Y09__P018.jpg,0.943102,27.977654,ok
EES0423766__X18__Y3F__P019.jpg,0.835863,21.699428,ok
EES0423766__X1B__Y09__P020.jpg,0.844899,20.446551,ok
EES0423766__X1B__Y3F__P021.jpg,0.765524,21.851036,ok
EES0423766__X1B__Y42__P022.jpg,0.837955,21.007866,ok
EES0423766__X1E__Y3F__P023.jpg,0.760665,19.727546,ok
EES0423766__X1E__Y42__P024.jpg,0.843383,20.583974,ok
EES0423766__X21__Y3F__P025.jpg,0.746112,22.568819,ok
EES0423767__X0F__Y18__P001.jpg,0.828625,21.377048,ok
EES0423767__X0F__Y27__P002.jpg,0.720576,24.041000,ok
EES0423767__X0F__Y30__P003.jpg,0.682016,20.805221,ok
EES0423767__X0F__Y33__P004.jpg,0.882504,22.134186,ok
EES0423767__X12__Y33__P005.jpg,0.779893,21.362717,ok
EES0423767__X12__Y36__P006.jpg,0.878012,20.485080,ok
EES0423767__X12__Y39__P007.jpg,0.849166,20.656550,ok
EES0423767__X15__Y36__P008.jpg,0.776703,22.131175,ok
EES0423767__X15__Y39__P009.jpg,0.588132,18.681493,ok
EES0423767__X18__Y0F__P010.jpg,0.873978,21.862621,ok
EES0423767__X1B__Y0C__P011.jpg,0.541841,11.102594,ok
EES0423767__X1B__Y42__P012.jpg,0.674491,16.565664,ok
EES0423767__X1E__Y0C__P013.jpg,0.643532,17.437772,ok
EES0423767__X1E__Y42__P014.jpg,0.745307,22.031727,ok
EES0423767__X21__Y0C__P015.jpg,0.732017,21.608282,ok
EES0423767__X2D__Y45__P016.jpg,0.850042,21.604128,ok
EES0423767__X30__Y0C__P017.jpg,0.588257,16.218057,ok
EES0423767__X33__Y0C__P018.jpg,0.890986,21.388205,ok
EES0423767__X33__Y42__P019.jpg,0.735007,20.580746,ok
EES0423767__X39__Y0F__P020.jpg,0.855373,22.472458,ok
EES0423767__X3C__Y12__P021.jpg,0.623647,17.734800,ok
EES0423767__X3C__Y15__P022.jpg,0.572559,16.438157,ok
EES0423767__X3C__Y18__P023.jpg,0.765543,22.166880,ok
EES0423767__X3C__Y36__P024.jpg,0.663106,16.624073,ok
EES0423767__X3C__Y39__P025.jpg,0.559342,13.846222,ok
EES0423768__X3F__Y18__P001.jpg,0.690745,16.283062,ok
EES0423768__X3F__Y1B__P002.jpg,0.669192,22.200431,ok
EES0423768__X3F__Y33__P003.jpg,0.785641,21.895656,ok
EES0423768__X3F__Y36__P004.jpg,0.888552,24.241049,ok
EES0423768__X3F__Y39__P005.jpg,0.923070,23.880982,ok
EES0423768__X42__Y1B__P006.jpg,0.834959,24.017709,ok
EES0423768__X42__Y1E__P007.jpg,0.746455,22.699147,ok
EES0423768__X42__Y21__P008.jpg,0.809249,24.014490,ok
EES0423768__X42__Y27__P009.jpg,0.860521,22.625693,ok
EES0423768__X42__Y2D__P010.jpg,0.812688,22.349505,ok
EES0423768__X42__Y30__P011.jpg,0.763676,21.842364,ok
EES0423768__X42__Y33__P012.jpg,0.845801,22.646343,ok
EES0423768__X45__Y21__P013.jpg,0.953737,29.386758,ok
EES0423768__X45__Y24__P014.jpg,0.851770,22.299398,ok
EES0423768__X45__Y2A__P015.jpg,0.879309,23.970734,ok
EES0423768__X0F__Y18__P016.jpg,0.545999,14.268962,ok
EES0423768__X0F__Y21__P017.jpg,0.803797,18.482705,ok
EES0423768__X0F__Y24__P018.jpg,0.495942,17.024356,ok
EES0423768__X0F__Y27__P019.jpg,0.577456,16.448343,ok
EES0423768__X0F__Y2D__P020.jpg,0.536199,16.464810,ok
EES0423768__X0F__Y30__P021.jpg,0.944454,28.895955,ok
EES0423768__X12__Y15__P022.jpg,0.647571,21.180043,ok
EES0423768__X12__Y1B__P023.jpg,0.566682,16.268903,ok
EES0423768__X12__Y1E__P024.jpg,0.587828,16.460796,ok
EES0423768__X12__Y24__P025.jpg,0.557686,16.914123,ok
EES0423769__X15__Y0F__P001.jpg,0.934228,28.175483,ok
EES0423769__X15__Y12__P002.jpg,0.837770,20.523279,ok
EES0423769__X15__Y18__P003.jpg,0.759763,19.753684,ok
EES0423769__X15__Y1E__P004.jpg,0.378774,14.217840,ok
EES0423769__X15__Y21__P005.jpg,0.529586,15.685479,ok
EES0423769__X18__Y18__P006.jpg,0.611458,16.860547,ok
EES0423769__X18__Y1E__P007.jpg,0.597325,16.632488,ok
EES0423769__X1E__Y09__P008.jpg,0.924423,23.292853,ok
EES0423769__X1E__Y3F__P009.jpg,0.790774,23.079123,ok
EES0423769__X21__Y09__P010.jpg,0.696006,18.562755,ok
EES0423769__X24__Y09__P011.jpg,0.658261,16.905318,ok
EES0423769__X2A__Y42__P012.jpg,0.935059,25.236475,ok
EES0423769__X2D__Y42__P013.jpg,0.947954,26.944680,ok
EES0423769__X36__Y3F__P014.jpg,0.915637,23.288234,ok
EES0423769__X45__Y15__P015.jpg,0.924109,25.755219,ok
EES0423769__X45__Y30__P016.jpg,0.705067,16.220914,ok
EES0423769__X48__Y1B__P017.jpg,0.899082,25.689711,ok
EES0423769__X48__Y21__P018.jpg,0.844894,21.736694,ok
EES0423769__X48__Y24__P019.jpg,0.833362,20.575132,ok
EES0423769__X48__Y27__P020.jpg,0.840326,22.318880,ok
EES0423769__X48__Y33__P021.jpg,0.821291,22.237384,ok
EES0423769__X18__Y21__P022.jpg,0.851952,21.254576,ok
EES0423769__X27__Y0C__P023.jpg,0.865991,20.693291,ok
EES0423769__X2D__Y18__P024.jpg,0.786505,19.977219,ok
EES0423769__X33__Y33__P025.jpg,0.835102,20.726757,ok
EES0423770__X09__Y18__P001.jpg,0.827248,22.536342,ok
EES0423770__X09__Y1B__P002.jpg,0.835573,20.587059,ok
EES0423770__X09__Y1E__P003.jpg,0.587594,17.192133,ok
EES0423770__X09__Y24__P004.jpg,0.511875,16.172941,ok
EES0423770__X09__Y30__P005.jpg,0.513127,10.010731,ok
EES0423770__X0C__Y12__P006.jpg,0.872210,22.796849,ok
EES0423770__X0C__Y15__P007.jpg,0.549507,16.301980,ok
EES0423770__X0F__Y36__P008.jpg,0.812670,24.748510,ok
EES0423770__X15__Y09__P009.jpg,0.828365,23.030474,ok
EES0423770__X18__Y09__P010.jpg,0.899962,23.630396,ok
EES0423770__X18__Y3F__P011.jpg,0.859341,19.471097,ok
EES0423770__X1B__Y06__P012.jpg,0.926919,26.391132,ok
EES0423770__X1E__Y06__P013.jpg,0.630630,18.926250,ok
EES0423770__X1E__Y09__P014.jpg,0.503779,18.192931,ok
EES0423770__X21__Y06__P015.jpg,0.625919,17.168071,ok
EES0423770__X24__Y06__P016.jpg,0.838831,23.207739,ok
EES0423770__X24__Y42__P017.jpg,0.686858,17.423022,ok
EES0423770__X27__Y06__P018.jpg,0.688903,17.934146,ok
EES0423770__X27__Y42__P019.jpg,0.638243,19.625119,ok
EES0423770__X2A__Y06__P020.jpg,0.943859,25.476471,ok
EES0423770__X2D__Y06__P021.jpg,0.703462,20.599275,ok
EES0423770__X30__Y06__P022.jpg,0.877563,23.437791,ok
EES0423770__X33__Y09__P023.jpg,0.658011,19.714128,ok
EES0423770__X33__Y3F__P024.jpg,0.728019,22.070412,ok
EES0423770__X36__Y09__P025.jpg,0.909836,22.922687,ok
EES0423771__X39__Y0C__P001.jpg,0.706060,16.756837,ok
EES0423771__X3F__Y36__P002.jpg,0.731521,20.350232,ok
EES0423771__X42__Y15__P003.jpg,0.903815,23.187065,ok
EES0423771__X42__Y2D__P004.jpg,0.585850,15.928197,ok
EES0423771__X42__Y30__P005.jpg,0.787084,23.706929,ok
EES0423771__X42__Y33__P006.jpg,0.888828,22.045985,ok
EES0423771__X45__Y1B__P007.jpg,0.886173,20.856232,ok
EES0423771__X45__Y1E__P008.jpg,0.716174,18.298447,ok
EES0423771__X45__Y21__P009.jpg,0.750780,23.147861,ok
EES0423771__X45__Y24__P010.jpg,0.554806,16.471611,ok
EES0423771__X45__Y27__P011.jpg,0.862093,21.290330,ok
EES0423771__X45__Y2A__P012.jpg,0.870963,21.520072,ok
EES0423771__X09__Y18__P013.jpg,0.711225,17.168314,ok
EES0423771__X09__Y1B__P014.jpg,0.859916,23.927929,ok
EES0423771__X09__Y1E__P015.jpg,0.847529,21.006941,ok
EES0423771__X09__Y21__P016.jpg,0.539825,16.143496,ok
EES0423771__X09__Y24__P017.jpg,0.492586,16.020935,ok
EES0423771__X09__Y27__P018.jpg,0.543448,16.319364,ok
EES0423771__X09__Y2A__P019.jpg,0.702386,20.529308,ok
EES0423771__X09__Y2D__P020.jpg,0.777076,21.892648,ok
EES0423771__X09__Y30__P021.jpg,0.789331,23.779621,ok
EES0423771__X09__Y42__P022.jpg,0.719269,18.322126,ok
EES0423771__X09__Y45__P023.jpg,0.705917,15.169724,ok
EES0423771__X0C__Y15__P024.jpg,0.615015,16.789986,ok
EES0423771__X0C__Y18__P025.jpg,0.452323,16.505299,ok
EES0423772__X0C__Y30__P001.jpg,0.441007,15.680450,ok
EES0423772__X0C__Y33__P002.jpg,0.825242,24.579354,ok
EES0423772__X0F__Y36__P003.jpg,0.447289,15.175295,ok
EES0423772__X0F__Y39__P004.jpg,0.889462,21.977579,ok
EES0423772__X12__Y0F__P005.jpg,0.488603,16.148519,ok
EES0423772__X12__Y39__P006.jpg,0.522440,15.870939,ok
EES0423772__X12__Y3C__P007.jpg,0.727955,20.715097,ok
EES0423772__X15__Y3F__P008.jpg,0.824060,23.971566,ok
EES0423772__X18__Y09__P009.jpg,0.829180,23.157273,ok
EES0423772__X18__Y3F__P010.jpg,0.456818,14.612052,ok
EES0423772__X1B__Y09__P011.jpg,0.489510,15.303753,ok
EES0423772__X1B__Y42__P012.jpg,0.890776,23.511749,ok
EES0423772__X1E__Y09__P013.jpg,0.563924,18.340237,ok
EES0423772__X1E__Y42__P014.jpg,0.597547,16.125727,ok
EES0423772__X21__Y06__P015.jpg,0.857542,23.162385,ok
EES0423772__X21__Y42__P016.jpg,0.584255,17.671266,ok
EES0423772__X24__Y06__P017.jpg,0.738548,20.613943,ok
EES0423772__X27__Y06__P018.jpg,0.571354,16.766925,ok
EES0423772__X27__Y42__P019.jpg,0.489848,15.865580,ok
EES0423772__X27__Y45__P020.jpg,0.837642,20.987681,ok
EES0423772__X2A__Y06__P021.jpg,0.600691,18.314560,ok
EES0423772__X2A__Y42__P022.jpg,0.473291,16.752140,ok
EES0423772__X2D__Y42__P023.jpg,0.465889,15.385372,ok
EES0423772__X30__Y42__P024.jpg,0.421569,15.061244,ok
EES0423772__X33__Y42__P025.jpg,0.742920,21.764250,ok
EES0423773__X36__Y3F__P001.jpg,0.540133,17.908179,ok
EES0423773__X39__Y0C__P002.jpg,0.533174,16.414595,ok
EES0423773__X3C__Y0F__P003.jpg,0.510861,16.466099,ok
EES0423773__X3C__Y39__P004.jpg,0.564379,18.739257,ok
EES0423773__X3F__Y0F__P005.jpg,0.769314,22.519782,ok
EES0423773__X3F__Y12__P006.jpg,0.514127,16.105779,ok
EES0423773__X3F__Y36__P007.jpg,0.504474,16.348629,ok
EES0423773__X3F__Y39__P008.jpg,0.829120,22.664053,ok
EES0423773__X42__Y15__P009.jpg,0.515397,16.005670,ok
EES0423773__X42__Y18__P010.jpg,0.473257,15.843675,ok
EES0423773__X42__Y30__P011.jpg,0.448951,16.929431,ok
EES0423773__X42__Y33__P012.jpg,0.639497,19.678253,ok
EES0423773__X45__Y18__P013.jpg,0.880152,21.691587,ok
EES0423773__X45__Y1B__P014.jpg,0.540246,15.909055,ok
EES0423773__X45__Y1E__P015.jpg,0.484361,17.220272,ok
EES0423773__X45__Y21__P016.jpg,0.577329,18.010738,ok
EES0423773__X45__Y24__P017.jpg,0.533268,16.783752,ok
EES0423773__X45__Y27__P018.jpg,0.525733,16.257975,ok
EES0423773__X45__Y2A__P019.jpg,0.522149,15.278880,ok
EES0423773__X45__Y2D__P020.jpg,0.527071,15.650852,ok
EES0423773__X45__Y30__P021.jpg,0.813207,22.923338,ok
EES0423773__X09__Y21__P022.jpg,0.923951,23.449860,ok
EES0423773__X0F__Y18__P023.jpg,0.878701,24.167067,ok
EES0423773__X0F__Y1B__P024.jpg,0.823165,21.473560,ok
EES0423773__X0F__Y2D__P025.jpg,0.837078,19.493876,ok
EES0423774__X12__Y15__P001.jpg,0.740369,18.584022,ok
EES0423774__X12__Y18__P002.jpg,0.694888,17.549085,ok
EES0423774__X12__Y1B__P003.jpg,0.609022,16.538395,ok
EES0423774__X12__Y1E__P004.jpg,0.537172,15.685119,ok
EES0423774__X12__Y21__P005.jpg,0.654144,16.160076,ok
EES0423774__X12__Y33__P006.jpg,0.888763,21.555658,ok
EES0423774__X15__Y15__P007.jpg,0.603702,15.649987,ok
EES0423774__X15__Y18__P008.jpg,0.627266,16.693698,ok
EES0423774__X15__Y1B__P009.jpg,0.633613,17.737325,ok
EES0423774__X18__Y0C__P010.jpg,0.728251,18.565651,ok
EES0423774__X1B__Y09__P011.jpg,0.836600,20.940278,ok
EES0423774__X1B__Y0C__P012.jpg,0.645959,16.999888,ok
EES0423774__X1B__Y0F__P013.jpg,0.769925,21.473675,ok
EES0423774__X1B__Y3C__P014.jpg,0.916356,26.263354,ok
EES0423774__X1E__Y06__P015.jpg,0.795951,20.842772,ok
EES0423774__X1E__Y09__P016.jpg,0.572510,15.679816,ok
EES0423774__X21__Y06__P017.jpg,0.821317,22.271447,ok
EES0423774__X21__Y09__P018.jpg,0.597860,16.857236,ok
EES0423774__X24__Y06__P019.jpg,0.596545,16.240001,ok
EES0423774__X24__Y3F__P020.jpg,0.934582,26.217088,ok
EES0423774__X27__Y03__P021.jpg,0.942722,26.206207,ok
EES0423774__X27__Y06__P022.jpg,0.616111,17.600281,ok
EES0423774__X27__Y3F__P023.jpg,0.725210,21.197168,ok
EES0423774__X2A__Y03__P024.jpg,0.884580,21.234310,ok
EES0423774__X2A__Y06__P025.jpg,0.691911,20.155419,ok
EES0423775__X18__Y12__P001.jpg,0.696052,20.284026,ok
EES0423775__X1B__Y12__P002.jpg,0.857923,21.676527,ok
EES0423775__X1B__Y1B__P003.jpg,0.740733,21.109701,ok
EES0423775__X30__Y1B__P004.jpg,0.564549,17.127575,ok
EES0423775__X33__Y09__P005.jpg,0.883019,22.740124,ok
EES0423775__X36__Y27__P006.jpg,0.516574,16.013693,ok
EES0423775__X36__Y3C__P007.jpg,0.834171,20.489311,ok
EES0423775__X39__Y0C__P008.jpg,0.945838,29.341799,ok
EES0423775__X39__Y21__P009.jpg,0.611560,18.086522,ok
EES0423775__X39__Y39__P010.jpg,0.705553,19.306667,ok
EES0423775__X3C__Y0F__P011.jpg,0.794423,21.359078,ok
EES0423775__X3C__Y12__P012.jpg,0.797077,22.575910,ok
EES0423775__X3C__Y18__P013.jpg,0.640945,18.120431,ok
EES0423775__X3C__Y36__P014.jpg,0.593226,17.171760,ok
EES0423775__X3C__Y39__P015.jpg,0.584894,16.093631,ok
EES0423775__X3F__Y12__P016.jpg,0.809509,23.099645,ok
EES0423775__X42__Y24__P017.jpg,0.582934,17.153726,ok
EES0423775__X42__Y2A__P018.jpg,0.655411,18.325809,ok
EES0423775__X42__Y33__P019.jpg,0.918328,21.576448,ok
EES0423775__X45__Y1E__P020.jpg,0.933784,25.139988,ok
EES0423775__X45__Y21__P021.jpg,0.762902,20.672137,ok
EES0423775__X0C__Y24__P022.jpg,0.672104,16.968460,ok
EES0423775__X0C__Y2A__P023.jpg,0.876234,20.530109,ok
EES0423775__X2D__Y09__P024.jpg,0.927061,23.731887,ok
EES0423775__X3C__Y24__P025.jpg,0.672495,18.152881,ok
EES0423776__X0C__Y21__P001.jpg,0.608230,17.721813,ok
EES0423776__X0C__Y24__P002.jpg,0.521724,16.241124,ok
EES0423776__X0C__Y27__P003.jpg,0.701754,21.760028,ok
EES0423776__X0C__Y2D__P004.jpg,0.858203,21.736814,ok
EES0423776__X0F__Y15__P005.jpg,0.726338,21.793096,ok
EES0423776__X0F__Y2D__P006.jpg,0.563018,16.262689,ok
EES0423776__X0F__Y33__P007.jpg,0.852341,22.110073,ok
EES0423776__X12__Y0F__P008.jpg,0.905469,25.613485,ok
EES0423776__X15__Y0F__P009.jpg,0.724413,22.070695,ok
EES0423776__X15__Y39__P010.jpg,0.564838,17.271288,ok
EES0423776__X1B__Y09__P011.jpg,0.831975,21.609688,ok
EES0423776__X1E__Y06__P012.jpg,0.841220,20.847569,ok
EES0423776__X21__Y06__P013.jpg,0.920412,26.536538,ok
EES0423776__X2D__Y06__P014.jpg,0.594228,19.148071,ok
EES0423776__X33__Y06__P015.jpg,0.830645,21.537828,ok
EES0423776__X39__Y09__P016.jpg,0.779705,24.089372,ok
EES0423776__X3C__Y09__P017.jpg,0.785347,23.356945,ok
EES0423776__X18__Y3C__P018.jpg,0.682218,17.419757,ok
EES0423776__X1B__Y1E__P019.jpg,0.726862,19.894909,ok
EES0423776__X27__Y1B__P020.jpg,0.697727,18.442960,ok
EES0423776__X2D__Y06__P021.jpg,0.883386,21.494364,ok
EES0423776__X42__Y12__P022.jpg,0.758959,17.307480,ok
EES0423776__X42__Y15__P023.jpg,0.806158,21.118448,ok
EES0423776__X42__Y36__P024.jpg,0.834373,20.753470,ok
EES0423776__X45__Y1B__P025.jpg,0.697635,16.560643,ok
EES0423777__X21__Y1E__P001.jpg,0.551072,17.517880,ok
EES0423777__X21__Y21__P002.jpg,0.566933,17.456928,ok
EES0423777__X2D__Y09__P003.jpg,0.839542,21.969039,ok
EES0423777__X39__Y0F__P004.jpg,0.898825,24.877252,ok
EES0423777__X3C__Y21__P005.jpg,0.597826,18.187230,ok
EES0423777__X3F__Y15__P006.jpg,0.711971,19.677142,ok
EES0423777__X3F__Y1E__P007.jpg,0.589238,17.979416,ok
EES0423777__X3F__Y21__P008.jpg,0.665638,18.607943,ok
EES0423777__X42__Y18__P009.jpg,0.956434,29.525320,ok
EES0423777__X42__Y1E__P010.jpg,0.499683,17.491401,ok
EES0423777__X15__Y27__P011.jpg,0.859385,22.381294,ok
EES0423777__X18__Y39__P012.jpg,0.704364,18.585104,ok
EES0423777__X1B__Y2A__P013.jpg,0.838310,22.686208,ok
EES0423777__X1E__Y2D__P014.jpg,0.757143,21.145824,ok
EES0423777__X21__Y24__P015.jpg,0.787276,19.583104,ok
EES0423777__X21__Y27__P016.jpg,0.767262,20.617530,ok
EES0423777__X21__Y2A__P017.jpg,0.805806,21.517991,ok
EES0423777__X21__Y30__P018.jpg,0.741910,19.676017,ok
EES0423777__X21__Y33__P019.jpg,0.737631,18.052140,ok
EES0423777__X21__Y36__P020.jpg,0.711772,18.417032,ok
EES0423777__X24__Y24__P021.jpg,0.894014,23.339279,ok
EES0423777__X24__Y27__P022.jpg,0.752319,18.982919,ok
EES0423777__X24__Y2A__P023.jpg,0.717354,20.148203,ok
EES0423777__X24__Y30__P024.jpg,0.788859,21.896423,ok
EES0423777__X24__Y33__P025.jpg,0.717195,18.171156,ok
EES0423778__X3C__Y30__P001.jpg,0.821464,22.529453,ok
EES0423778__X3F__Y2A__P002.jpg,0.747675,18.372693,ok
EES0423778__X3F__Y30__P003.jpg,0.708915,17.976136,ok
EES0423778__X42__Y24__P004.jpg,0.921567,23.676975,ok
EES0423778__X42__Y27__P005.jpg,0.958271,30.073853,ok
EES0423778__X42__Y2A__P006.jpg,0.934089,24.330421,ok
EES0423778__X0C__Y18__P007.jpg,0.625796,18.266198,ok
EES0423778__X0C__Y1B__P008.jpg,0.610488,18.334888,ok
EES0423778__X0F__Y1B__P009.jpg,0.576555,18.062940,ok
EES0423778__X18__Y0C__P010.jpg,0.636160,17.200439,ok
EES0423778__X1E__Y45__P011.jpg,0.865003,22.064136,ok
EES0423778__X24__Y45__P012.jpg,0.775690,21.677993,ok
EES0423778__X27__Y45__P013.jpg,0.863049,22.851906,ok
EES0423778__X2A__Y45__P014.jpg,0.944617,26.321778,ok
EES0423778__X33__Y0C__P015.jpg,0.873450,22.266845,ok
EES0423778__X36__Y3F__P016.jpg,0.944778,27.394177,ok
EES0423778__X39__Y3C__P017.jpg,0.818040,23.204536,ok
EES0423778__X3C__Y39__P018.jpg,0.865872,20.755111,ok
EES0423778__X42__Y1B__P019.jpg,0.954830,32.063415,ok
EES0423778__X42__Y1E__P020.jpg,0.663613,17.811892,ok
EES0423778__X42__Y21__P021.jpg,0.600286,18.240918,ok
EES0423778__X42__Y2D__P022.jpg,0.728140,19.632232,ok
EES0423778__X09__Y1B__P023.jpg,0.762126,21.835043,ok
EES0423778__X09__Y2D__P024.jpg,0.885289,20.729354,ok
EES0423778__X0F__Y39__P025.jpg,0.835714,23.680753,ok
EES0423779__X15__Y09__P001.jpg,0.824757,19.482068,ok
EES0423779__X15__Y0F__P002.jpg,0.724904,21.053001,ok
EES0423779__X15__Y12__P003.jpg,0.697125,22.418870,ok
EES0423779__X18__Y06__P004.jpg,0.957795,32.310476,ok
EES0423779__X18__Y09__P005.jpg,0.736364,21.736846,ok
EES0423779__X1B__Y06__P006.jpg,0.801712,23.232004,ok
EES0423779__X1B__Y09__P007.jpg,0.842031,21.129732,ok
EES0423779__X1B__Y3F__P008.jpg,0.691138,18.684202,ok
EES0423779__X1E__Y06__P009.jpg,0.773521,23.490513,ok
EES0423779__X1E__Y15__P010.jpg,0.581631,15.640399,ok
EES0423779__X1E__Y42__P011.jpg,0.957597,32.136946,ok
EES0423779__X21__Y06__P012.jpg,0.612680,18.137962,ok
EES0423779__X21__Y09__P013.jpg,0.566347,18.258841,ok
EES0423779__X21__Y12__P014.jpg,0.645092,18.492319,ok
EES0423779__X21__Y15__P015.jpg,0.635906,17.461420,ok
EES0423779__X21__Y42__P016.jpg,0.936130,27.585961,ok
EES0423779__X24__Y03__P017.jpg,0.953728,33.188944,ok
EES0423779__X24__Y06__P018.jpg,0.670025,21.098877,ok
EES0423779__X24__Y09__P019.jpg,0.821045,23.300809,ok
EES0423779__X24__Y39__P020.jpg,0.782252,23.630791,ok
EES0423779__X27__Y06__P021.jpg,0.768480,22.963126,ok
EES0423779__X27__Y09__P022.jpg,0.563019,17.725025,ok
EES0423779__X2A__Y06__P023.jpg,0.579810,16.426210,ok
EES0423779__X2A__Y3F__P024.jpg,0.580056,16.398336,ok
EES0423779__X2A__Y42__P025.jpg,0.942674,24.552933,ok
EES0423780__X18__Y15__P001.jpg,0.874143,21.081907,ok
EES0423780__X18__Y1B__P002.jpg,0.807377,23.536853,ok
EES0423780__X18__Y1E__P003.jpg,0.821588,22.288420,ok
EES0423780__X1B__Y09__P004.jpg,0.916893,21.652948,ok
EES0423780__X1B__Y0C__P005.jpg,0.820412,23.719681,ok
EES0423780__X1B__Y12__P006.jpg,0.685152,17.949509,ok
EES0423780__X1B__Y15__P007.jpg,0.911829,22.372888,ok
EES0423780__X1B__Y18__P008.jpg,0.922517,29.240441,ok
EES0423780__X1B__Y1B__P009.jpg,0.866693,20.619448,ok
EES0423780__X1B__Y1E__P010.jpg,0.704041,18.975263,ok
EES0423780__X1E__Y09__P011.jpg,0.936093,24.674603,ok
EES0423780__X1E__Y0C__P012.jpg,0.951444,29.742422,ok
EES0423780__X1E__Y0F__P013.jpg,0.756432,21.675244,ok
EES0423780__X1E__Y15__P014.jpg,0.577530,15.487689,ok
EES0423780__X1E__Y1B__P015.jpg,0.686865,18.116866,ok
EES0423780__X21__Y0C__P016.jpg,0.860026,22.021107,ok
EES0423780__X21__Y0F__P017.jpg,0.830207,22.871962,ok
EES0423780__X21__Y12__P018.jpg,0.901524,19.557632,ok
EES0423780__X21__Y15__P019.jpg,0.677814,18.027628,ok
EES0423780__X21__Y18__P020.jpg,0.801493,17.265949,ok
EES0423780__X21__Y1B__P021.jpg,0.855256,19.960699,ok
EES0423780__X21__Y1E__P022.jpg,0.850769,21.143763,ok
EES0423780__X24__Y0F__P023.jpg,0.816614,21.296878,ok
EES0423780__X24__Y12__P024.jpg,0.872419,21.258022,ok
EES0423780__X24__Y18__P025.jpg,0.848708,21.589576,ok
EES0423781__X39__Y24__P001.jpg,0.888498,21.995369,ok
EES0423781__X39__Y2A__P002.jpg,0.939411,23.369064,ok
EES0423781__X3F__Y24__P003.jpg,0.961491,25.816269,ok
EES0423781__X3F__Y2A__P004.jpg,0.809381,20.474402,ok
EES0423781__X06__Y1E__P005.jpg,0.650372,17.865149,ok
EES0423781__X06__Y21__P006.jpg,0.689711,18.123366,ok
EES0423781__X06__Y24__P007.jpg,0.582538,16.847094,ok
EES0423781__X09__Y18__P008.jpg,0.824932,21.873432,ok
EES0423781__X09__Y1B__P009.jpg,0.715005,21.355989,ok
EES0423781__X09__Y21__P010.jpg,0.631977,17.567545,ok
EES0423781__X0C__Y15__P011.jpg,0.810255,21.205304,ok
EES0423781__X0C__Y18__P012.jpg,0.633530,19.112547,ok
EES0423781__X0F__Y15__P013.jpg,0.629516,16.866680,ok
EES0423781__X0F__Y18__P014.jpg,0.674348,19.510390,ok
EES0423781__X0F__Y1E__P015.jpg,0.711347,20.858826,ok
EES0423781__X18__Y1E__P016.jpg,0.603637,15.963708,ok
EES0423781__X18__Y21__P017.jpg,0.708149,19.304193,ok
EES0423781__X18__Y24__P018.jpg,0.877917,21.853570,ok
EES0423781__X18__Y33__P019.jpg,0.599706,17.361285,ok
EES0423781__X1B__Y18__P020.jpg,0.582294,17.462117,ok
EES0423781__X1B__Y1B__P021.jpg,0.718517,20.043313,ok
EES0423781__X1B__Y1E__P022.jpg,0.601519,16.199703,ok
EES0423781__X1B__Y21__P023.jpg,0.643644,18.368803,ok
EES0423781__X1B__Y24__P024.jpg,0.641197,17.886746,ok
EES0423781__X1B__Y27__P025.jpg,0.559302,15.877124,ok
EES0423782__X1E__Y1E__P001.jpg,0.591767,16.106809,ok
EES0423782__X1E__Y21__P002.jpg,0.567383,15.735531,ok
EES0423782__X1E__Y24__P003.jpg,0.523182,15.414608,ok
EES0423782__X1E__Y27__P004.jpg,0.655674,18.052874,ok
EES0423782__X21__Y15__P005.jpg,0.597128,16.861770,ok
EES0423782__X21__Y18__P006.jpg,0.586193,17.061715,ok
EES0423782__X21__Y1B__P007.jpg,0.663522,18.324653,ok
EES0423782__X21__Y2D__P008.jpg,0.520521,15.558231,ok
EES0423782__X21__Y30__P009.jpg,0.754904,21.703996,ok
EES0423782__X24__Y18__P010.jpg,0.545185,17.124459,ok
EES0423782__X24__Y1B__P011.jpg,0.569414,15.717571,ok
EES0423782__X24__Y30__P012.jpg,0.613229,17.074109,ok
EES0423782__X2A__Y15__P013.jpg,0.590554,16.949521,ok
EES0423782__X2A__Y2A__P014.jpg,0.612062,16.237590,ok
EES0423782__X2A__Y36__P015.jpg,0.891210,22.705025,ok
EES0423782__X2D__Y12__P016.jpg,0.759881,21.449498,ok
EES0423782__X2D__Y15__P017.jpg,0.629225,17.356192,ok
EES0423782__X2D__Y18__P018.jpg,0.608210,16.753759,ok
EES0423782__X2D__Y21__P019.jpg,0.525863,15.449057,ok
EES0423782__X2D__Y27__P020.jpg,0.516101,14.918903,ok
EES0423782__X2D__Y30__P021.jpg,0.631990,17.274287,ok
EES0423782__X30__Y0C__P022.jpg,0.857661,23.289224,ok
EES0423782__X30__Y1B__P023.jpg,0.573580,16.146434,ok
EES0423782__X30__Y1E__P024.jpg,0.661603,16.922444,ok
EES0423782__X30__Y21__P025.jpg,0.577155,16.608514,ok
EES0423783__X0C__Y0F__P001.jpg,0.910691,26.879653,ok
EES0423783__X0C__Y12__P002.jpg,0.745701,21.907401,ok
EES0423783__X0C__Y15__P003.jpg,0.590378,16.579034,ok
EES0423783__X0C__Y39__P004.jpg,0.825243,22.758414,ok
EES0423783__X0F__Y0C__P005.jpg,0.840744,23.684377,ok
EES0423783__X0F__Y0F__P006.jpg,0.856495,22.576536,ok
EES0423783__X0F__Y12__P007.jpg,0.531813,17.451201,ok
EES0423783__X12__Y0C__P008.jpg,0.828502,21.479864,ok
EES0423783__X15__Y09__P009.jpg,0.902421,22.899010,ok
EES0423783__X15__Y0C__P010.jpg,0.726244,21.199605,ok
EES0423783__X18__Y09__P011.jpg,0.812774,22.844245,ok
EES0423783__X18__Y0C__P012.jpg,0.611585,18.042780,ok
EES0423783__X1B__Y09__P013.jpg,0.806493,21.391449,ok
EES0423783__X1E__Y06__P014.jpg,0.842689,22.307402,ok
EES0423783__X21__Y06__P015.jpg,0.830288,22.560579,ok
EES0423783__X24__Y06__P016.jpg,0.795089,22.874589,ok
EES0423783__X27__Y06__P017.jpg,0.837768,24.285066,ok
EES0423783__X2A__Y06__P018.jpg,0.892875,24.065886,ok
EES0423783__X2D__Y06__P019.jpg,0.909848,25.213383,ok
EES0423783__X30__Y06__P020.jpg,0.941882,29.978570,ok
EES0423783__X33__Y09__P021.jpg,0.709525,21.652088,ok
EES0423783__X33__Y0C__P022.jpg,0.619325,16.798094,ok
EES0423783__X36__Y09__P023.jpg,0.856687,22.531287,ok
EES0423783__X36__Y0C__P024.jpg,0.643153,20.118315,ok
EES0423783__X39__Y0C__P025.jpg,0.917208,26.512378,ok
EES0423784__X06__Y36__P001.jpg,0.806377,21.245981,ok
EES0423784__X06__Y39__P002.jpg,0.950999,35.483514,ok
EES0423784__X12__Y42__P003.jpg,0.913068,23.811896,ok
EES0423784__X18__Y45__P004.jpg,0.947127,29.478282,ok
EES0423784__X1B__Y45__P005.jpg,0.899004,24.125226,ok
EES0423784__X21__Y45__P006.jpg,0.928014,25.684361,ok
EES0423784__X24__Y39__P007.jpg,0.554685,18.301568,ok
EES0423784__X24__Y3C__P008.jpg,0.492361,16.215315,ok
EES0423784__X24__Y45__P009.jpg,0.889440,23.035276,ok
EES0423784__X27__Y3C__P010.jpg,0.503016,16.884750,ok
EES0423784__X27__Y3F__P011.jpg,0.418190,15.179905,ok
EES0423784__X27__Y45__P012.jpg,0.932111,28.048042,ok
EES0423784__X2A__Y39__P013.jpg,0.595930,17.829922,ok
EES0423784__X2A__Y3C__P014.jpg,0.446550,16.186890,ok
EES0423784__X2A__Y3F__P015.jpg,0.506201,16.098915,ok
EES0423784__X2D__Y39__P016.jpg,0.555000,18.091631,ok
EES0423784__X2D__Y3C__P017.jpg,0.555685,17.059790,ok
EES0423784__X2D__Y3F__P018.jpg,0.576380,16.871905,ok
EES0423784__X30__Y39__P019.jpg,0.447232,15.601304,ok
EES0423784__X30__Y3C__P020.jpg,0.444864,15.500458,ok
EES0423784__X33__Y36__P021.jpg,0.592253,17.809078,ok
EES0423784__X33__Y39__P022.jpg,0.505186,15.952097,ok
EES0423784__X33__Y3C__P023.jpg,0.595305,16.939857,ok
EES0423784__X33__Y3F__P024.jpg,0.680222,18.806551,ok
EES0423784__X33__Y42__P025.jpg,0.948823,27.689724,ok
EES0423785__X36__Y36__P001.jpg,0.553545,16.449335,ok
EES0423785__X36__Y39__P002.jpg,0.546414,17.740460,ok
EES0423785__X36__Y3C__P003.jpg,0.682533,20.062988,ok
EES0423785__X36__Y3F__P004.jpg,0.928105,23.677411,ok
EES0423785__X39__Y36__P005.jpg,0.463214,15.723553,ok
EES0423785__X39__Y3C__P006.jpg,0.897049,23.962534,ok
EES0423785__X3C__Y24__P007.jpg,0.598671,16.959528,ok
EES0423785__X3C__Y2A__P008.jpg,0.540137,16.395606,ok
EES0423785__X3C__Y30__P009.jpg,0.595497,18.378269,ok
EES0423785__X3C__Y33__P010.jpg,0.567196,18.289125,ok
EES0423785__X3F__Y1B__P011.jpg,0.862192,18.674267,ok
EES0423785__X3F__Y1E__P012.jpg,0.572518,17.818532,ok
EES0423785__X3F__Y21__P013.jpg,0.559325,17.743279,ok
EES0423785__X3F__Y24__P014.jpg,0.596537,17.248790,ok
EES0423785__X3F__Y27__P015.jpg,0.575067,17.252650,ok
EES0423785__X3F__Y2A__P016.jpg,0.568638,17.203242,ok
EES0423785__X3F__Y2D__P017.jpg,0.642534,18.603001,ok
EES0423785__X3F__Y30__P018.jpg,0.670405,19.099618,ok
EES0423785__X3F__Y33__P019.jpg,0.953789,31.968150,ok
EES0423785__X06__Y1E__P020.jpg,0.911205,24.993768,ok
EES0423785__X06__Y21__P021.jpg,0.929832,22.142889,ok
EES0423785__X06__Y24__P022.jpg,0.733532,19.985634,ok
EES0423785__X06__Y2A__P023.jpg,0.930764,25.570361,ok
EES0423785__X09__Y15__P024.jpg,0.884460,21.995814,ok
EES0423785__X09__Y18__P025.jpg,0.937251,27.080928,ok
EES0423786__X09__Y15__P001.jpg,0.915991,23.626740,ok
EES0423786__X09__Y3F__P002.jpg,0.902664,24.610173,ok
EES0423786__X0C__Y12__P003.jpg,0.818235,22.502676,ok
EES0423786__X0C__Y15__P004.jpg,0.825439,21.095032,ok
EES0423786__X0C__Y42__P005.jpg,0.870983,23.004044,ok
EES0423786__X15__Y0C__P006.jpg,0.882396,22.440750,ok
EES0423786__X15__Y45__P007.jpg,0.572108,16.551367,ok
EES0423786__X18__Y45__P008.jpg,0.603463,17.960265,ok
EES0423786__X30__Y0C__P009.jpg,0.937570,30.478817,ok
EES0423786__X33__Y45__P010.jpg,0.773885,20.583259,ok
EES0423786__X36__Y0F__P011.jpg,0.889463,23.313483,ok
EES0423786__X3F__Y3C__P012.jpg,0.911067,21.278724,ok
EES0423786__X03__Y18__P013.jpg,0.958500,31.683694,ok
EES0423786__X03__Y1E__P014.jpg,0.710787,21.097019,ok
EES0423786__X03__Y21__P015.jpg,0.787183,22.541986,ok
EES0423786__X03__Y24__P016.jpg,0.733815,18.991748,ok
EES0423786__X03__Y27__P017.jpg,0.678705,19.727397,ok
EES0423786__X03__Y2A__P018.jpg,0.869402,21.399376,ok
EES0423786__X03__Y2D__P019.jpg,0.896593,25.739249,ok
EES0423786__X03__Y33__P020.jpg,0.867740,21.396950,ok
EES0423786__X06__Y15__P021.jpg,0.878639,21.921981,ok
EES0423786__X06__Y1E__P022.jpg,0.496378,15.493941,ok
EES0423786__X06__Y33__P023.jpg,0.696724,20.696655,ok
EES0423786__X06__Y36__P024.jpg,0.710868,19.544664,ok
EES0423786__X09__Y39__P025.jpg,0.727772,23.411679,ok
EES0423787__X0C__Y3C__P001.jpg,0.804929,25.414859,ok
EES0423787__X0F__Y0C__P002.jpg,0.925348,28.984589,ok
EES0423787__X12__Y0C__P003.jpg,0.600353,17.925731,ok
EES0423787__X18__Y09__P004.jpg,0.727154,22.676034,ok
EES0423787__X18__Y45__P005.jpg,0.762040,22.670986,ok
EES0423787__X21__Y0C__P006.jpg,0.645110,18.321982,ok
EES0423787__X24__Y09__P007.jpg,0.729414,22.603504,ok
EES0423787__X24__Y12__P008.jpg,0.574873,17.040234,ok
EES0423787__X2D__Y1B__P009.jpg,0.513623,15.446999,ok
EES0423787__X30__Y0C__P010.jpg,0.957273,32.095581,ok
EES0423787__X3C__Y30__P011.jpg,0.749448,21.482794,ok
EES0423787__X3F__Y27__P012.jpg,0.654660,19.070705,ok
EES0423787__X0C__Y2D__P013.jpg,0.890879,21.622317,ok
EES0423787__X0F__Y12__P014.jpg,0.832768,21.115077,ok
EES0423787__X0F__Y1B__P015.jpg,0.907434,26.545817,ok
EES0423787__X0F__Y21__P016.jpg,0.684495,19.054480,ok
EES0423787__X0F__Y24__P017.jpg,0.896800,24.713200,ok
EES0423787__X0F__Y2D__P018.jpg,0.700673,21.158953,ok
EES0423787__X0F__Y33__P019.jpg,0.884495,22.999038,ok
EES0423787__X0F__Y36__P020.jpg,0.747335,21.502690,ok
EES0423787__X12__Y0F__P021.jpg,0.880956,23.210440,ok
EES0423787__X12__Y18__P022.jpg,0.837268,21.774386,ok
EES0423787__X12__Y1E__P023.jpg,0.737860,22.531732,ok
EES0423787__X12__Y3C__P024.jpg,0.896849,22.615709,ok
EES0423787__X15__Y0C__P025.jpg,0.913430,22.214846,ok
EES0423788__X15__Y12__P001.jpg,0.887505,22.801237,ok
EES0423788__X15__Y15__P002.jpg,0.772436,22.007344,ok
EES0423788__X15__Y18__P003.jpg,0.798430,21.268595,ok
EES0423788__X18__Y0F__P004.jpg,0.894367,21.531176,ok
EES0423788__X18__Y12__P005.jpg,0.773865,20.044747,ok
EES0423788__X18__Y18__P006.jpg,0.845090,20.253769,ok
EES0423788__X18__Y1E__P007.jpg,0.865065,23.235349,ok
EES0423788__X1B__Y0C__P008.jpg,0.806237,21.808715,ok
EES0423788__X1B__Y2D__P009.jpg,0.838970,21.341101,ok
EES0423788__X1B__Y3C__P010.jpg,0.789244,23.810024,ok
EES0423788__X1E__Y18__P011.jpg,0.903804,25.566527,ok
EES0423788__X1E__Y1B__P012.jpg,0.815093,23.957894,ok
EES0423788__X21__Y09__P013.jpg,0.915013,22.105353,ok
EES0423788__X21__Y0C__P014.jpg,0.742388,19.865353,ok
EES0423788__X21__Y12__P015.jpg,0.753191,21.103151,ok
EES0423788__X21__Y15__P016.jpg,0.766468,22.605714,ok
EES0423788__X21__Y18__P017.jpg,0.606752,17.945225,ok
EES0423788__X21__Y1B__P018.jpg,0.835436,20.844282,ok
EES0423788__X21__Y1E__P019.jpg,0.765004,22.276369,ok
EES0423788__X21__Y21__P020.jpg,0.860933,22.765122,ok
EES0423788__X21__Y24__P021.jpg,0.772866,22.810683,ok
EES0423788__X21__Y2A__P022.jpg,0.911518,26.065088,ok
EES0423788__X21__Y2D__P023.jpg,0.873776,24.098751,ok
EES0423788__X21__Y30__P024.jpg,0.924936,25.901185,ok
EES0423788__X21__Y36__P025.jpg,0.881064,21.564982,ok
EES0423789__X12__Y45__P001.jpg,0.929594,30.023416,ok
EES0423789__X15__Y45__P002.jpg,0.899827,23.754544,ok
EES0423789__X18__Y45__P003.jpg,0.726337,21.530448,ok
EES0423789__X1B__Y09__P004.jpg,0.895589,21.520169,ok
EES0423789__X1B__Y45__P005.jpg,0.730538,23.076077,ok
EES0423789__X1E__Y09__P006.jpg,0.717497,19.331814,ok
EES0423789__X1E__Y45__P007.jpg,0.763963,23.764390,ok
EES0423789__X21__Y09__P008.jpg,0.711095,20.956157,ok
EES0423789__X24__Y09__P009.jpg,0.898876,22.976599,ok
EES0423789__X27__Y09__P010.jpg,0.952886,30.571175,ok
EES0423789__X30__Y45__P011.jpg,0.944039,29.904033,ok
EES0423789__X3C__Y18__P012.jpg,0.942990,27.261335,ok
EES0423789__X3C__Y39__P013.jpg,0.936896,28.076690,ok
EES0423789__X3F__Y1E__P014.jpg,0.890501,21.566864,ok
EES0423789__X0C__Y21__P015.jpg,0.695596,18.923044,ok
EES0423789__X0C__Y30__P016.jpg,0.802988,21.498849,ok
EES0423789__X0C__Y33__P017.jpg,0.790855,21.258644,ok
EES0423789__X0F__Y1B__P018.jpg,0.737082,19.353423,ok
EES0423789__X0F__Y30__P019.jpg,0.695588,17.801887,ok
EES0423789__X15__Y15__P020.jpg,0.594381,16.429563,ok
EES0423789__X15__Y39__P021.jpg,0.784790,22.506414,ok
EES0423789__X1E__Y0F__P022.jpg,0.884518,21.671308,ok
EES0423789__X21__Y15__P023.jpg,0.618487,18.026081,ok
EES0423789__X21__Y18__P024.jpg,0.808991,21.787705,ok
EES0423789__X21__Y21__P025.jpg,0.664415,18.512278,ok
EES0423790__X06__Y24__P001.jpg,0.767997,20.152320,ok
EES0423790__X06__Y27__P002.jpg,0.770004,21.691354,ok
EES0423790__X06__Y2A__P003.jpg,0.545836,16.517441,ok
EES0423790__X06__Y2D__P004.jpg,0.782239,21.394474,ok
EES0423790__X09__Y18__P005.jpg,0.882103,21.160420,ok
EES0423790__X09__Y1E__P006.jpg,0.585113,15.821298,ok
EES0423790__X09__Y21__P007.jpg,0.657397,17.792130,ok
EES0423790__X09__Y39__P008.jpg,0.924987,24.923729,ok
EES0423790__X0C__Y15__P009.jpg,0.868347,22.340157,ok
EES0423790__X0C__Y18__P010.jpg,0.545068,15.987951,ok
EES0423790__X0C__Y1B__P011.jpg,0.638530,17.838306,ok
EES0423790__X0C__Y1E__P012.jpg,0.571739,16.984394,ok
EES0423790__X0C__Y21__P013.jpg,0.538303,15.869197,ok
EES0423790__X0C__Y24__P014.jpg,0.579385,15.762753,ok
EES0423790__X0F__Y12__P015.jpg,0.765824,21.269821,ok
EES0423790__X0F__Y1B__P016.jpg,0.713346,19.757051,ok
EES0423790__X0F__Y1E__P017.jpg,0.622544,17.092479,ok
EES0423790__X0F__Y21__P018.jpg,0.607842,16.430944,ok
EES0423790__X0F__Y24__P019.jpg,0.556110,15.918790,ok
EES0423790__X12__Y0F__P020.jpg,0.882093,24.136267,ok
EES0423790__X12__Y12__P021.jpg,0.610292,16.354510,ok
EES0423790__X12__Y15__P022.jpg,0.639023,16.740105,ok
EES0423790__X12__Y1B__P023.jpg,0.540444,15.920179,ok
EES0423790__X15__Y0F__P024.jpg,0.630453,16.693728,ok
EES0423790__X15__Y12__P025.jpg,0.582876,16.606437,ok
EES0423791__X15__Y15__P001.jpg,0.693187,18.485352,ok
EES0423791__X18__Y0C__P002.jpg,0.872248,21.720232,ok
EES0423791__X18__Y0F__P003.jpg,0.673441,19.093226,ok
EES0423791__X18__Y12__P004.jpg,0.607448,15.980938,ok
EES0423791__X18__Y15__P005.jpg,0.596214,16.926407,ok
EES0423791__X1B__Y0C__P006.jpg,0.587017,16.145584,ok
EES0423791__X1B__Y0F__P007.jpg,0.594489,16.310668,ok
EES0423791__X1B__Y12__P008.jpg,0.704285,18.794224,ok
EES0423791__X1E__Y0C__P009.jpg,0.704512,18.858276,ok
EES0423791__X1E__Y0F__P010.jpg,0.624138,16.837994,ok
EES0423791__X21__Y0F__P011.jpg,0.652099,17.199971,ok
EES0423791__X21__Y12__P012.jpg,0.609394,17.669086,ok
EES0423791__X24__Y0F__P013.jpg,0.586867,17.110421,ok
EES0423791__X24__Y12__P014.jpg,0.726274,21.196876,ok
EES0423791__X27__Y0C__P015.jpg,0.671156,19.141518,ok
EES0423791__X27__Y0F__P016.jpg,0.627745,16.999560,ok
EES0423791__X2A__Y0C__P017.jpg,0.624984,16.595009,ok
EES0423791__X2A__Y0F__P018.jpg,0.647041,17.774354,ok
EES0423791__X2A__Y12__P019.jpg,0.715474,20.058346,ok
EES0423791__X2D__Y0C__P020.jpg,0.619739,17.485404,ok
EES0423791__X2D__Y0F__P021.jpg,0.720550,19.336078,ok
EES0423791__X2D__Y12__P022.jpg,0.637056,17.324828,ok
EES0423791__X33__Y45__P023.jpg,0.908118,23.767706,ok
EES0423791__X3C__Y1B__P024.jpg,0.743985,19.716142,ok
EES0423791__X3F__Y1B__P025.jpg,0.664747,16.445764,ok
EES0423792__X21__Y2D__P001.jpg,0.899367,23.022673,ok
EES0423792__X21__Y42__P002.jpg,0.757278,20.928818,ok
EES0423792__X21__Y45__P003.jpg,0.763985,21.705402,ok
EES0423792__X24__Y2D__P004.jpg,0.923620,25.781143,ok
EES0423792__X2A__Y21__P005.jpg,0.893896,21.778904,ok
EES0423792__X2A__Y24__P006.jpg,0.891403,19.951456,ok
EES0423792__X2A__Y27__P007.jpg,0.704723,19.050214,ok
EES0423792__X2A__Y2A__P008.jpg,0.810793,20.972599,ok
EES0423792__X2D__Y27__P009.jpg,0.906191,22.582995,ok
EES0423792__X30__Y1B__P010.jpg,0.908973,24.107735,ok
EES0423792__X30__Y1E__P011.jpg,0.893974,23.361315,ok
EES0423792__X30__Y3F__P012.jpg,0.811004,23.894922,ok
EES0423792__X33__Y18__P013.jpg,0.815917,21.537814,ok
EES0423792__X33__Y24__P014.jpg,0.901504,22.223125,ok
EES0423792__X33__Y27__P015.jpg,0.556185,17.153048,ok
EES0423792__X33__Y36__P016.jpg,0.823418,23.328823,ok
EES0423792__X33__Y39__P017.jpg,0.714689,17.184488,ok
EES0423792__X36__Y1B__P018.jpg,0.847346,21.068707,ok
EES0423792__X36__Y2A__P019.jpg,0.865394,21.707354,ok
EES0423792__X36__Y36__P020.jpg,0.771770,21.333982,ok
EES0423792__X36__Y39__P021.jpg,0.579285,19.831529,ok
EES0423792__X39__Y21__P022.jpg,0.882818,21.934834,ok
EES0423792__X39__Y2A__P023.jpg,0.848021,19.936368,ok
EES0423792__X3C__Y27__P024.jpg,0.690245,17.353745,ok
EES0423792__X3C__Y2A__P025.jpg,0.701995,17.608112,ok
EES0423793__X3F__Y27__P001.jpg,0.818912,23.670316,ok
EES0423793__X0F__Y39__P002.jpg,0.843478,21.337123,ok
EES0423793__X12__Y0C__P003.jpg,0.903318,21.859518,ok
EES0423793__X18__Y09__P004.jpg,0.908537,24.165293,ok
EES0423793__X1E__Y06__P005.jpg,0.947374,28.847835,ok
EES0423793__X1E__Y45__P006.jpg,0.942870,29.321687,ok
EES0423793__X21__Y06__P007.jpg,0.930161,32.855581,ok
EES0423793__X21__Y45__P008.jpg,0.873080,20.613980,ok
EES0423793__X24__Y06__P009.jpg,0.884256,21.126125,ok
EES0423793__X24__Y45__P010.jpg,0.868566,21.364746,ok
EES0423793__X27__Y06__P011.jpg,0.951958,31.800519,ok
EES0423793__X30__Y0C__P012.jpg,0.834166,19.701883,ok
EES0423793__X30__Y1B__P013.jpg,0.562667,19.031344,ok
EES0423793__X30__Y45__P014.jpg,0.860713,21.060399,ok
EES0423793__X33__Y09__P015.jpg,0.954101,35.843549,ok
EES0423793__X33__Y0C__P016.jpg,0.541235,18.174746,ok
EES0423793__X33__Y0F__P017.jpg,0.583857,19.793731,ok
EES0423793__X33__Y1B__P018.jpg,0.715098,22.555719,ok
EES0423793__X33__Y1E__P019.jpg,0.544858,17.677505,ok
EES0423793__X33__Y21__P020.jpg,0.590318,18.158666,ok
EES0423793__X33__Y24__P021.jpg,0.705416,23.370792,ok
EES0423793__X33__Y42__P022.jpg,0.786485,21.988527,ok
EES0423793__X36__Y0C__P023.jpg,0.757143,19.632344,ok
EES0423793__X36__Y0F__P024.jpg,0.549511,18.833632,ok
EES0423793__X36__Y1B__P025.jpg,0.565000,16.689219,ok
EES0423794__X36__Y1E__P001.jpg,0.618111,18.277836,ok
EES0423794__X36__Y21__P002.jpg,0.749816,23.586660,ok
EES0423794__X36__Y24__P003.jpg,0.613023,20.702404,ok
EES0423794__X36__Y27__P004.jpg,0.664244,21.648283,ok
EES0423794__X36__Y42__P005.jpg,0.389759,9.624662,ok
EES0423794__X39__Y0C__P006.jpg,0.533063,11.854691,ok
EES0423794__X39__Y1B__P007.jpg,0.499556,17.940298,ok
EES0423794__X39__Y1E__P008.jpg,0.592647,19.509496,ok
EES0423794__X39__Y21__P009.jpg,0.673776,21.589387,ok
EES0423794__X39__Y24__P010.jpg,0.565316,16.496555,ok
EES0423794__X39__Y27__P011.jpg,0.562308,17.916766,ok
EES0423794__X39__Y3F__P012.jpg,0.785805,22.529181,ok
EES0423794__X3C__Y0F__P013.jpg,0.934416,25.340344,ok
EES0423794__X3C__Y1B__P014.jpg,0.523607,16.755077,ok
EES0423794__X3C__Y39__P015.jpg,0.579743,19.861544,ok
EES0423794__X3F__Y12__P016.jpg,0.901245,27.788440,ok
EES0423794__X3F__Y30__P017.jpg,0.646899,17.896026,ok
EES0423794__X3F__Y33__P018.jpg,0.642796,21.533587,ok
EES0423794__X3F__Y36__P019.jpg,0.617235,18.714956,ok
EES0423794__X42__Y15__P020.jpg,0.560502,14.505521,ok
EES0423794__X42__Y18__P021.jpg,0.783079,23.538460,ok
EES0423794__X42__Y30__P022.jpg,0.620111,18.251550,ok
EES0423794__X42__Y33__P023.jpg,0.785923,22.660785,ok
EES0423794__X42__Y36__P024.jpg,0.765876,18.780458,ok
EES0423794__X03__Y21__P025.jpg,0.876198,22.031016,ok
EES0423795__X24__Y09__P001.jpg,0.752626,20.595812,ok
EES0423795__X24__Y0F__P002.jpg,0.863374,21.394298,ok
EES0423795__X24__Y30__P003.jpg,0.843064,21.005194,ok
EES0423795__X24__Y33__P004.jpg,0.844325,21.341777,ok
EES0423795__X24__Y39__P005.jpg,0.798677,24.300882,ok
EES0423795__X27__Y12__P006.jpg,0.901812,23.315388,ok
EES0423795__X27__Y2D__P007.jpg,0.816197,20.763766,ok
EES0423795__X27__Y3F__P008.jpg,0.705547,21.083173,ok
EES0423795__X2A__Y0C__P009.jpg,0.877626,22.983601,ok
EES0423795__X2A__Y21__P010.jpg,0.898005,23.373454,ok
EES0423795__X2D__Y3F__P011.jpg,0.785394,22.765513,ok
EES0423795__X30__Y3F__P012.jpg,0.921469,24.428965,ok
EES0423795__X33__Y27__P013.jpg,0.776458,22.430493,ok
EES0423795__X33__Y2A__P014.jpg,0.664576,20.671140,ok
EES0423795__X33__Y33__P015.jpg,0.663821,19.728881,ok
EES0423795__X33__Y3C__P016.jpg,0.889747,22.966196,ok
EES0423795__X39__Y2A__P017.jpg,0.870816,23.784030,ok
EES0423795__X39__Y39__P018.jpg,0.779608,22.665195,ok
EES0423795__X3C__Y1B__P019.jpg,0.866569,21.677107,ok
EES0423795__X3C__Y27__P020.jpg,0.898293,24.232017,ok
EES0423795__X3C__Y33__P021.jpg,0.870587,21.670474,ok
EES0423795__X3F__Y15__P022.jpg,0.767236,19.488661,ok
EES0423795__X3F__Y21__P023.jpg,0.891947,22.932015,ok
EES0423795__X3F__Y24__P024.jpg,0.780729,22.434438,ok
EES0423795__X06__Y27__P025.jpg,0.951477,31.626635,ok
EES0423796__X03__Y1E__P001.jpg,0.904189,23.160120,ok
EES0423796__X03__Y30__P002.jpg,0.751793,23.208706,ok
EES0423796__X06__Y18__P003.jpg,0.923747,27.532755,ok
EES0423796__X0C__Y42__P004.jpg,0.863179,22.098538,ok
EES0423796__X12__Y45__P005.jpg,0.782224,23.339918,ok
EES0423796__X18__Y45__P006.jpg,0.552122,17.343446,ok
EES0423796__X1B__Y24__P007.jpg,0.625860,21.774076,ok
EES0423796__X1E__Y09__P008.jpg,0.861388,20.360323,ok
EES0423796__X1E__Y21__P009.jpg,0.577626,19.371508,ok
EES0423796__X21__Y09__P010.jpg,0.862451,21.703909,ok
EES0423796__X21__Y21__P011.jpg,0.520277,17.920046,ok
EES0423796__X21__Y24__P012.jpg,0.511045,15.757113,ok
EES0423796__X21__Y27__P013.jpg,0.625505,17.616338,ok
EES0423796__X24__Y21__P014.jpg,0.468796,15.793751,ok
EES0423796__X24__Y24__P015.jpg,0.505191,17.921638,ok
EES0423796__X24__Y27__P016.jpg,0.590293,17.690974,ok
EES0423796__X27__Y21__P017.jpg,0.497794,18.244420,ok
EES0423796__X27__Y24__P018.jpg,0.522894,16.183044,ok
EES0423796__X27__Y27__P019.jpg,0.486752,17.322742,ok
EES0423796__X2A__Y0C__P020.jpg,0.747980,23.688844,ok
EES0423796__X2A__Y1E__P021.jpg,0.597626,20.180845,ok
EES0423796__X2A__Y21__P022.jpg,0.687850,21.211714,ok
EES0423796__X2A__Y27__P023.jpg,0.483672,16.168305,ok
EES0423796__X2A__Y45__P024.jpg,0.687139,22.286937,ok
EES0423796__X2D__Y0C__P025.jpg,0.895070,23.229073,ok
EES0423797__X3F__Y30__P001.jpg,0.930345,22.104459,ok
EES0423797__X3F__Y33__P002.jpg,0.895783,22.094875,ok
EES0423797__X06__Y24__P003.jpg,0.912538,25.427620,ok
EES0423797__X06__Y27__P004.jpg,0.937815,23.712714,ok
EES0423797__X09__Y15__P005.jpg,0.816515,20.920502,ok
EES0423797__X09__Y18__P006.jpg,0.713078,21.676269,ok
EES0423797__X09__Y1B__P007.jpg,0.726501,21.727803,ok
EES0423797__X09__Y21__P008.jpg,0.852863,20.167363,ok
EES0423797__X09__Y24__P009.jpg,0.790737,21.650793,ok
EES0423797__X09__Y27__P010.jpg,0.785968,21.744118,ok
EES0423797__X09__Y2D__P011.jpg,0.822595,19.876096,ok
EES0423797__X09__Y33__P012.jpg,0.862575,22.025976,ok
EES0423797__X0C__Y24__P013.jpg,0.774076,22.508913,ok
EES0423797__X0C__Y33__P014.jpg,0.602340,18.868407,ok
EES0423797__X0C__Y3C__P015.jpg,0.839735,22.532120,ok
EES0423797__X12__Y0C__P016.jpg,0.862934,21.853842,ok
EES0423797__X12__Y3F__P017.jpg,0.836467,21.457054,ok
EES0423797__X15__Y0C__P018.jpg,0.719207,20.019963,ok
EES0423797__X18__Y09__P019.jpg,0.918705,22.029250,ok
EES0423797__X18__Y0C__P020.jpg,0.578878,17.192642,ok
EES0423797__X1B__Y09__P021.jpg,0.611597,19.248005,ok
EES0423797__X21__Y45__P022.jpg,0.746183,21.810055,ok
EES0423797__X24__Y45__P023.jpg,0.737646,20.938646,ok
EES0423797__X30__Y42__P024.jpg,0.769149,20.074097,ok
EES0423797__X30__Y45__P025.jpg,0.874660,22.005451,ok
EES0423798__X42__Y30__P001.jpg,0.931025,23.469268,ok
EES0423798__X0C__Y15__P002.jpg,0.652068,18.343166,ok
EES0423798__X0C__Y18__P003.jpg,0.794164,20.542077,ok
EES0423798__X0C__Y1B__P004.jpg,0.833725,19.983381,ok
EES0423798__X0F__Y12__P005.jpg,0.782302,21.173528,ok
EES0423798__X0F__Y15__P006.jpg,0.772703,18.489592,ok
EES0423798__X2D__Y0F__P007.jpg,0.889010,22.489618,ok
EES0423798__X30__Y1B__P008.jpg,0.737208,19.772027,ok
EES0423798__X36__Y36__P009.jpg,0.537726,15.823916,ok
EES0423798__X3F__Y12__P010.jpg,0.945974,28.475751,ok
EES0423798__X12__Y42__P011.jpg,0.901849,22.012498,ok
EES0423798__X09__Y2D__P012.jpg,0.763306,22.346009,ok
EES0423798__X09__Y30__P013.jpg,0.785062,20.615749,ok
EES0423798__X09__Y33__P014.jpg,0.928369,23.026336,ok
EES0423798__X0C__Y2D__P015.jpg,0.866921,19.847402,ok
EES0423798__X0C__Y33__P016.jpg,0.875599,20.007610,ok
EES0423798__X0F__Y36__P017.jpg,0.766009,21.674002,ok
EES0423798__X15__Y36__P018.jpg,0.883659,22.381377,ok
EES0423798__X15__Y39__P019.jpg,0.911129,23.095509,ok
EES0423798__X18__Y3C__P020.jpg,0.868518,21.964393,ok
EES0423798__X18__Y42__P021.jpg,0.896146,20.951858,ok
EES0423798__X1B__Y42__P022.jpg,0.939704,27.062859,ok
EES0423798__X1E__Y33__P023.jpg,0.689018,18.021237,ok
EES0423798__X1E__Y39__P024.jpg,0.712390,20.036410,ok
EES0423798__X1E__Y42__P025.jpg,0.881582,20.275933,ok
EES0423799__X0C__Y2A__P001.jpg,0.633021,17.333853,ok
EES0423799__X0C__Y2D__P002.jpg,0.844620,20.819106,ok
EES0423799__X0C__Y30__P003.jpg,0.703848,20.496858,ok
EES0423799__X0C__Y33__P004.jpg,0.887349,23.018740,ok
EES0423799__X0C__Y36__P005.jpg,0.667292,21.283178,ok
EES0423799__X0C__Y39__P006.jpg,0.742858,24.735357,ok
EES0423799__X0C__Y3C__P007.jpg,0.916532,25.796649,ok
EES0423799__X0F__Y1E__P008.jpg,0.771690,23.695706,ok
EES0423799__X0F__Y21__P009.jpg,0.797706,23.330031,ok
EES0423799__X0F__Y27__P010.jpg,0.720527,19.221329,ok
EES0423799__X0F__Y30__P011.jpg,0.864655,21.270593,ok
EES0423799__X0F__Y39__P012.jpg,0.823458,23.282785,ok
EES0423799__X0F__Y3C__P013.jpg,0.708517,24.064431,ok
EES0423799__X0F__Y3F__P014.jpg,0.913378,25.542041,ok
EES0423799__X12__Y1B__P015.jpg,0.842135,21.984719,ok
EES0423799__X12__Y1E__P016.jpg,0.880094,22.734998,ok
EES0423799__X12__Y21__P017.jpg,0.816043,23.873529,ok
EES0423799__X12__Y3F__P018.jpg,0.596569,16.518133,ok
EES0423799__X15__Y1B__P019.jpg,0.757870,24.361498,ok
EES0423799__X15__Y1E__P020.jpg,0.791781,22.433474,ok
EES0423799__X18__Y15__P021.jpg,0.921464,26.776043,ok
EES0423799__X18__Y18__P022.jpg,0.850588,21.811441,ok
EES0423799__X18__Y1B__P023.jpg,0.748150,24.875049,ok
EES0423799__X18__Y2A__P024.jpg,0.703962,22.906922,ok
EES0423799__X18__Y45__P025.jpg,0.955781,35.213070,ok
EES0423800__X1B__Y15__P001.jpg,0.695501,22.955800,ok
EES0423800__X1B__Y18__P002.jpg,0.834121,21.415219,ok
EES0423800__X1B__Y1B__P003.jpg,0.829448,19.922227,ok
EES0423800__X1B__Y45__P004.jpg,0.743673,21.943724,ok
EES0423800__X1E__Y12__P005.jpg,0.790793,22.775476,ok
EES0423800__X1E__Y15__P006.jpg,0.845721,21.573542,ok
EES0423800__X21__Y12__P007.jpg,0.776623,24.151043,ok
EES0423800__X21__Y42__P008.jpg,0.819918,22.368545,ok
EES0423800__X21__Y45__P009.jpg,0.552453,18.362038,ok
EES0423800__X24__Y0C__P010.jpg,0.856276,21.728335,ok
EES0423800__X24__Y0F__P011.jpg,0.880231,22.080438,ok
EES0423800__X24__Y12__P012.jpg,0.818069,22.539076,ok
EES0423800__X27__Y0F__P013.jpg,0.802258,22.068094,ok
EES0423800__X27__Y12__P014.jpg,0.765979,23.903816,ok
EES0423800__X2A__Y0F__P015.jpg,0.773609,23.884564,ok
EES0423800__X2A__Y12__P016.jpg,0.715787,23.238995,ok
EES0423800__X2A__Y45__P017.jpg,0.740638,22.666286,ok
EES0423800__X2D__Y45__P018.jpg,0.742611,22.441847,ok
EES0423800__X30__Y0C__P019.jpg,0.805948,22.829940,ok
EES0423800__X30__Y0F__P020.jpg,0.755219,21.748713,ok
EES0423800__X30__Y45__P021.jpg,0.879529,22.533833,ok
EES0423800__X33__Y0F__P022.jpg,0.802344,21.828223,ok
EES0423800__X36__Y12__P023.jpg,0.828069,22.419409,ok
EES0423800__X36__Y42__P024.jpg,0.956401,31.817889,ok
EES0423800__X39__Y12__P025.jpg,0.822138,22.384781,ok
EES0423801__X06__Y3C__P001.jpg,0.930759,21.179459,ok
EES0423801__X06__Y3F__P002.jpg,0.724049,17.406260,ok
EES0423801__X09__Y3C__P003.jpg,0.915895,20.746327,ok
EES0423801__X21__Y06__P004.jpg,0.679132,18.900457,ok
EES0423801__X24__Y06__P005.jpg,0.824645,20.709161,ok
EES0423801__X27__Y06__P006.jpg,0.767602,20.450168,ok
EES0423801__X2A__Y06__P007.jpg,0.848409,21.035632,ok
EES0423801__X2D__Y06__P008.jpg,0.917426,24.830945,ok
EES0423801__X2D__Y09__P009.jpg,0.873953,21.521701,ok
EES0423801__X30__Y09__P010.jpg,0.886345,21.542739,ok
EES0423801__X30__Y12__P011.jpg,0.485439,15.884383,ok
EES0423801__X33__Y09__P012.jpg,0.806419,21.455712,ok
EES0423801__X33__Y0C__P013.jpg,0.687372,18.156603,ok
EES0423801__X33__Y1B__P014.jpg,0.462176,15.411302,ok
EES0423801__X36__Y0F__P015.jpg,0.694014,18.855934,ok
EES0423801__X36__Y1B__P016.jpg,0.515620,16.516348,ok
EES0423801__X39__Y1B__P017.jpg,0.456852,16.357670,ok
EES0423801__X3F__Y1B__P018.jpg,0.783406,22.779461,ok
EES0423801__X42__Y24__P019.jpg,0.789421,20.729527,ok
EES0423801__X42__Y27__P020.jpg,0.869599,20.591521,ok
EES0423801__X42__Y2A__P021.jpg,0.823198,20.990128,ok
EES0423801__X2A__Y3F__P022.jpg,0.733466,17.201106,ok
EES0423801__X2A__Y42__P023.jpg,0.701659,16.883006,ok
EES0423801__X2D__Y39__P024.jpg,0.750940,18.007615,ok
EES0423801__X2D__Y3F__P025.jpg,0.604208,16.080963,ok
EES0423802__X09__Y24__P001.jpg,0.754284,21.071889,ok
EES0423802__X09__Y27__P002.jpg,0.742672,21.169855,ok
EES0423802__X09__Y2A__P003.jpg,0.676322,19.487537,ok
EES0423802__X09__Y30__P004.jpg,0.842793,23.715110,ok
EES0423802__X09__Y33__P005.jpg,0.946396,28.574167,ok
EES0423802__X0C__Y1B__P006.jpg,0.783752,21.278660,ok
EES0423802__X0C__Y27__P007.jpg,0.551172,15.980268,ok
EES0423802__X0C__Y36__P008.jpg,0.883680,25.383547,ok
EES0423802__X0C__Y39__P009.jpg,0.961680,29.660060,ok
EES0423802__X0F__Y36__P010.jpg,0.751011,22.316103,ok
EES0423802__X0F__Y39__P011.jpg,0.625339,17.889786,ok
EES0423802__X12__Y0C__P012.jpg,0.855762,23.028749,ok
EES0423802__X12__Y0F__P013.jpg,0.629103,17.269580,ok
EES0423802__X12__Y12__P014.jpg,0.721727,19.496623,ok
EES0423802__X15__Y09__P015.jpg,0.912700,24.981088,ok
EES0423802__X15__Y0C__P016.jpg,0.751280,21.180912,ok
EES0423802__X15__Y3F__P017.jpg,0.956294,37.714283,ok
EES0423802__X18__Y09__P018.jpg,0.734782,20.109357,ok
EES0423802__X18__Y0C__P019.jpg,0.834584,21.176977,ok
EES0423802__X1B__Y0C__P020.jpg,0.574204,16.184696,ok
EES0423802__X1B__Y42__P021.jpg,0.932919,27.134264,ok
EES0423802__X1E__Y42__P022.jpg,0.884029,22.490539,ok
EES0423802__X24__Y45__P023.jpg,0.909372,21.977595,ok
EES0423802__X30__Y42__P024.jpg,0.861700,23.059307,ok
EES0423802__X36__Y3F__P025.jpg,0.927158,27.257362,ok
EES0423803__X0F__Y30__P001.jpg,0.625631,17.159571,ok
EES0423803__X12__Y09__P002.jpg,0.869929,21.777770,ok
EES0423803__X18__Y3C__P003.jpg,0.811531,22.698588,ok
EES0423803__X1E__Y3C__P004.jpg,0.668465,17.170430,ok
EES0423803__X1E__Y3F__P005.jpg,0.733456,18.808951,ok
EES0423803__X24__Y3F__P006.jpg,0.884284,20.756243,ok
EES0423803__X39__Y0C__P007.jpg,0.864038,20.854752,ok
EES0423803__X3F__Y33__P008.jpg,0.761975,22.302352,ok
EES0423803__X42__Y1B__P009.jpg,0.632293,17.367597,ok
EES0423803__X42__Y2A__P010.jpg,0.631811,18.201980,ok
EES0423803__X0C__Y2A__P011.jpg,0.894255,22.436228,ok
EES0423803__X12__Y2A__P012.jpg,0.811805,24.750380,ok
EES0423803__X12__Y30__P013.jpg,0.867528,22.731595,ok
EES0423803__X15__Y24__P014.jpg,0.825721,23.477248,ok
EES0423803__X15__Y27__P015.jpg,0.826590,23.832126,ok
EES0423803__X15__Y2A__P016.jpg,0.720787,22.256513,ok
EES0423803__X18__Y24__P017.jpg,0.781160,22.452003,ok
EES0423803__X18__Y27__P018.jpg,0.766504,17.882862,ok
EES0423803__X1B__Y24__P019.jpg,0.525885,17.456858,ok
EES0423803__X1B__Y27__P020.jpg,0.830217,25.000170,ok
EES0423803__X1E__Y21__P021.jpg,0.762379,20.881620,ok
EES0423803__X1E__Y27__P022.jpg,0.653975,17.238861,ok
EES0423803__X1E__Y2A__P023.jpg,0.773801,23.217338,ok
EES0423803__X1E__Y2D__P024.jpg,0.658836,19.876759,ok
EES0423803__X1E__Y36__P025.jpg,0.817172,20.488731,ok
EES0423804__X15__Y36__P001.jpg,0.850200,21.770413,ok
EES0423804__X18__Y0C__P002.jpg,0.831843,23.715111,ok
EES0423804__X18__Y0F__P003.jpg,0.822175,21.851655,ok
EES0423804__X18__Y18__P004.jpg,0.631933,16.004007,ok
EES0423804__X18__Y1B__P005.jpg,0.673106,17.495431,ok
EES0423804__X18__Y1E__P006.jpg,0.698238,21.787813,ok
EES0423804__X18__Y21__P007.jpg,0.629612,18.317941,ok
EES0423804__X18__Y27__P008.jpg,0.858740,23.631210,ok
EES0423804__X1B__Y09__P009.jpg,0.864061,22.324131,ok
EES0423804__X1B__Y0C__P010.jpg,0.692053,18.294019,ok
EES0423804__X1B__Y0F__P011.jpg,0.728567,20.388279,ok
EES0423804__X1B__Y12__P012.jpg,0.593955,16.488053,ok
EES0423804__X1B__Y18__P013.jpg,0.710369,22.069537,ok
EES0423804__X1B__Y1B__P014.jpg,0.880842,22.689936,ok
EES0423804__X1B__Y1E__P015.jpg,0.780104,21.166870,ok
EES0423804__X1B__Y21__P016.jpg,0.625255,16.319762,ok
EES0423804__X1B__Y24__P017.jpg,0.786096,22.968181,ok
EES0423804__X1B__Y27__P018.jpg,0.721081,21.591447,ok
EES0423804__X1B__Y39__P019.jpg,0.781918,21.737810,ok
EES0423804__X1E__Y09__P020.jpg,0.547221,18.693738,ok
EES0423804__X1E__Y0C__P021.jpg,0.770105,23.213827,ok
EES0423804__X1E__Y12__P022.jpg,0.871812,22.406030,ok
EES0423804__X1E__Y15__P023.jpg,0.891811,21.818088,ok
EES0423804__X1E__Y18__P024.jpg,0.903686,21.326042,ok
EES0423804__X1E__Y1B__P025.jpg,0.784708,22.347268,ok
EES0423805__X36__Y36__P001.jpg,0.832416,21.451639,ok
EES0423805__X39__Y18__P002.jpg,0.768740,18.079643,ok
EES0423805__X39__Y1E__P003.jpg,0.815076,21.058393,ok
EES0423805__X39__Y30__P004.jpg,0.832889,20.619525,ok
EES0423805__X3C__Y1B__P005.jpg,0.620349,15.879474,ok
EES0423805__X3C__Y30__P006.jpg,0.696525,16.530955,ok
EES0423805__X3F__Y24__P007.jpg,0.814738,21.695160,ok
EES0423805__X09__Y15__P008.jpg,0.535792,16.085368,ok
EES0423805__X09__Y33__P009.jpg,0.872081,22.741098,ok
EES0423805__X0C__Y33__P010.jpg,0.539095,15.697253,ok
EES0423805__X12__Y3C__P011.jpg,0.793150,20.069544,ok
EES0423805__X18__Y06__P012.jpg,0.519446,17.019132,ok
EES0423805__X18__Y3C__P013.jpg,0.572061,17.330902,ok
EES0423805__X18__Y3F__P014.jpg,0.749557,21.240643,ok
EES0423805__X1E__Y03__P015.jpg,0.529184,15.734869,ok
EES0423805__X1E__Y42__P016.jpg,0.940554,24.401802,ok
EES0423805__X21__Y42__P017.jpg,0.921109,23.863847,ok
EES0423805__X24__Y42__P018.jpg,0.879439,22.126907,ok
EES0423805__X27__Y42__P019.jpg,0.889157,22.067475,ok
EES0423805__X2A__Y03__P020.jpg,0.561298,16.519207,ok
EES0423805__X2A__Y42__P021.jpg,0.949700,25.965942,ok
EES0423805__X2D__Y03__P022.jpg,0.709707,20.024266,ok
EES0423805__X30__Y03__P023.jpg,0.857233,20.346532,ok
EES0423805__X33__Y03__P024.jpg,0.756073,21.224932,ok
EES0423805__X33__Y06__P025.jpg,0.590567,16.591322,ok
EES0423806__X1E__Y1B__P001.jpg,0.543786,15.168364,ok
EES0423806__X1E__Y27__P002.jpg,0.588234,16.665007,ok
EES0423806__X1E__Y2A__P003.jpg,0.713927,18.548544,ok
EES0423806__X1E__Y33__P004.jpg,0.649391,16.456764,ok
EES0423806__X1E__Y3F__P005.jpg,0.542887,15.760947,ok
EES0423806__X21__Y15__P006.jpg,0.643580,18.503580,ok
EES0423806__X21__Y18__P007.jpg,0.737873,19.066335,ok
EES0423806__X2D__Y0F__P008.jpg,0.810024,22.849578,ok
EES0423806__X2D__Y12__P009.jpg,0.660011,17.284950,ok
EES0423806__X2D__Y15__P010.jpg,0.516719,15.171220,ok
EES0423806__X2D__Y18__P011.jpg,0.610106,16.255674,ok
EES0423806__X30__Y06__P012.jpg,0.837727,21.724610,ok
EES0423806__X30__Y09__P013.jpg,0.552569,15.757703,ok
EES0423806__X30__Y0C__P014.jpg,0.636007,16.256512,ok
EES0423806__X30__Y0F__P015.jpg,0.624837,17.415971,ok
EES0423806__X30__Y1B__P016.jpg,0.640642,18.243640,ok
EES0423806__X30__Y1E__P017.jpg,0.597827,16.092062,ok
EES0423806__X30__Y27__P018.jpg,0.811463,22.068333,ok
EES0423806__X30__Y2A__P019.jpg,0.501020,15.336748,ok
EES0423806__X30__Y33__P020.jpg,0.606584,15.809731,ok
EES0423806__X30__Y36__P021.jpg,0.552725,17.534243,ok
EES0423806__X33__Y09__P022.jpg,0.703380,17.644659,ok
EES0423806__X33__Y0C__P023.jpg,0.756947,19.969383,ok
EES0423806__X33__Y36__P024.jpg,0.558597,15.760159,ok
EES0423806__X36__Y0C__P025.jpg,0.567112,15.438022,ok
EES0423807__X09__Y1E__P001.jpg,0.633254,15.020983,ok
EES0423807__X09__Y21__P002.jpg,0.533373,14.231917,ok
EES0423807__X09__Y27__P003.jpg,0.602768,16.753354,ok
EES0423807__X09__Y2A__P004.jpg,0.636298,16.486403,ok
EES0423807__X09__Y2D__P005.jpg,0.481494,14.477645,ok
EES0423807__X09__Y30__P006.jpg,0.542766,16.517352,ok
EES0423807__X09__Y33__P007.jpg,0.834658,21.785689,ok
EES0423807__X09__Y36__P008.jpg,0.780650,19.815284,ok
EES0423807__X09__Y45__P009.jpg,0.922550,21.106399,ok
EES0423807__X0C__Y0F__P010.jpg,0.960742,24.471761,ok
EES0423807__X0C__Y12__P011.jpg,0.579017,15.818551,ok
EES0423807__X0C__Y18__P012.jpg,0.551119,16.341240,ok
EES0423807__X0C__Y1B__P013.jpg,0.550108,15.792029,ok
EES0423807__X0C__Y1E__P014.jpg,0.571992,17.258230,ok
EES0423807__X0C__Y21__P015.jpg,0.596472,16.010929,ok
EES0423807__X0C__Y30__P016.jpg,0.530495,16.379772,ok
EES0423807__X0C__Y33__P017.jpg,0.552655,16.753055,ok
EES0423807__X0C__Y36__P018.jpg,0.527074,16.303724,ok
EES0423807__X0C__Y39__P019.jpg,0.615182,15.368687,ok
EES0423807__X0F__Y0F__P020.jpg,0.796315,19.325971,ok
EES0423807__X0F__Y12__P021.jpg,0.600448,15.195038,ok
EES0423807__X0F__Y15__P022.jpg,0.502425,15.290553,ok
EES0423807__X0F__Y36__P023.jpg,0.490896,15.543944,ok
EES0423807__X0F__Y3C__P024.jpg,0.578651,14.960551,ok
EES0423807__X12__Y0C__P025.jpg,0.848595,21.874496,ok
EES0423808__X12__Y3F__P001.jpg,0.781830,19.986895,ok
EES0423808__X15__Y0C__P002.jpg,0.606571,15.919502,ok
EES0423808__X15__Y0F__P003.jpg,0.524247,15.482887,ok
EES0423808__X15__Y12__P004.jpg,0.557783,16.603879,ok
EES0423808__X15__Y3F__P005.jpg,0.489583,14.955079,ok
EES0423808__X18__Y09__P006.jpg,0.810906,20.234800,ok
EES0423808__X18__Y0C__P007.jpg,0.617675,16.813019,ok
EES0423808__X18__Y42__P008.jpg,0.916828,21.281413,ok
EES0423808__X1B__Y06__P009.jpg,0.974761,23.935778,ok
EES0423808__X1B__Y09__P010.jpg,0.659932,15.914517,ok
EES0423808__X1B__Y0C__P011.jpg,0.500360,14.631386,ok
EES0423808__X1E__Y06__P012.jpg,0.668864,16.451269,ok
EES0423808__X1E__Y09__P013.jpg,0.689993,16.034611,ok
EES0423808__X1E__Y45__P014.jpg,0.701659,15.147918,ok
EES0423808__X21__Y06__P015.jpg,0.614205,15.697232,ok
EES0423808__X21__Y09__P016.jpg,0.485520,15.790001,ok
EES0423808__X21__Y45__P017.jpg,0.684265,16.223567,ok
EES0423808__X24__Y45__P018.jpg,0.594995,15.680103,ok
EES0423808__X27__Y06__P019.jpg,0.581667,16.543851,ok
EES0423808__X27__Y45__P020.jpg,0.741524,18.161161,ok
EES0423808__X2A__Y06__P021.jpg,0.859997,21.210245,ok
EES0423808__X2A__Y45__P022.jpg,0.664828,16.588665,ok
EES0423808__X2D__Y45__P023.jpg,0.893463,21.654111,ok
EES0423808__X30__Y42__P024.jpg,0.569894,15.627733,ok
EES0423808__X33__Y09__P025.jpg,0.851208,21.946766,ok
EES0423809__X15__Y1B__P001.jpg,0.605135,16.575938,ok
EES0423809__X15__Y1E__P002.jpg,0.542045,15.087533,ok
EES0423809__X18__Y0F__P003.jpg,0.627766,16.199907,ok
EES0423809__X18__Y12__P004.jpg,0.673502,14.956491,ok
EES0423809__X18__Y18__P005.jpg,0.581139,17.259063,ok
EES0423809__X1B__Y0C__P006.jpg,0.744244,18.161522,ok
EES0423809__X1B__Y0F__P007.jpg,0.586019,15.945881,ok
EES0423809__X1B__Y12__P008.jpg,0.640067,15.531152,ok
EES0423809__X1B__Y15__P009.jpg,0.609793,16.000592,ok
EES0423809__X1B__Y18__P010.jpg,0.497097,15.457529,ok
EES0423809__X1B__Y1B__P011.jpg,0.585950,16.650781,ok
EES0423809__X1E__Y09__P012.jpg,0.672028,15.108249,ok
EES0423809__X1E__Y0C__P013.jpg,0.792501,20.746765,ok
EES0423809__X1E__Y0F__P014.jpg,0.528242,16.299709,ok
EES0423809__X1E__Y42__P015.jpg,0.615536,15.244623,ok
EES0423809__X21__Y09__P016.jpg,0.762584,18.733429,ok
EES0423809__X21__Y0C__P017.jpg,0.819722,21.232893,ok
EES0423809__X21__Y0F__P018.jpg,0.575794,15.019398,ok
EES0423809__X21__Y12__P019.jpg,0.591610,16.378902,ok
EES0423809__X21__Y15__P020.jpg,0.529979,16.308283,ok
EES0423809__X24__Y09__P021.jpg,0.851265,22.274811,ok
EES0423809__X24__Y0C__P022.jpg,0.680668,15.910066,ok
EES0423809__X24__Y0F__P023.jpg,0.652801,15.911957,ok
EES0423809__X27__Y09__P024.jpg,0.748066,18.780080,ok
EES0423809__X27__Y0C__P025.jpg,0.646659,16.421796,ok
EES0423810__X0C__Y27__P001.jpg,0.513647,15.003697,ok
EES0423810__X0C__Y2A__P002.jpg,0.524269,15.264791,ok
EES0423810__X0C__Y2D__P003.jpg,0.589766,15.663711,ok
EES0423810__X0C__Y30__P004.jpg,0.736348,18.506726,ok
EES0423810__X0F__Y15__P005.jpg,0.809056,21.405542,ok
EES0423810__X0F__Y18__P006.jpg,0.548397,16.416916,ok
EES0423810__X0F__Y1B__P007.jpg,0.762889,21.410496,ok
EES0423810__X12__Y0F__P008.jpg,0.936110,22.793953,ok
EES0423810__X12__Y12__P009.jpg,0.810434,21.988649,ok
EES0423810__X12__Y15__P010.jpg,0.683523,16.959690,ok
EES0423810__X12__Y18__P011.jpg,0.577112,15.481538,ok
EES0423810__X12__Y1B__P012.jpg,0.490927,14.558419,ok
EES0423810__X12__Y39__P013.jpg,0.626093,15.280122,ok
EES0423810__X15__Y0C__P014.jpg,0.813297,20.730207,ok
EES0423810__X15__Y0F__P015.jpg,0.620199,16.920741,ok
EES0423810__X15__Y12__P016.jpg,0.641532,15.397551,ok
EES0423810__X15__Y15__P017.jpg,0.634949,16.611543,ok
EES0423810__X15__Y1B__P018.jpg,0.611371,15.389374,ok
EES0423810__X15__Y21__P019.jpg,0.499916,14.584830,ok
EES0423810__X15__Y3C__P020.jpg,0.651429,16.582009,ok
EES0423810__X18__Y0C__P021.jpg,0.570099,14.925507,ok
EES0423810__X18__Y0F__P022.jpg,0.758069,22.367731,ok
EES0423810__X18__Y12__P023.jpg,0.553063,16.037180,ok
EES0423810__X18__Y1B__P024.jpg,0.604941,15.719997,ok
EES0423810__X18__Y27__P025.jpg,0.547129,16.388636,ok
EES0423811__X42__Y15__P001.jpg,0.830363,21.424325,ok
EES0423811__X42__Y36__P002.jpg,0.884705,21.509477,ok
EES0423811__X45__Y18__P003.jpg,0.880021,21.689246,ok
EES0423811__X45__Y2A__P004.jpg,0.843984,21.305745,ok
EES0423811__X45__Y2D__P005.jpg,0.840284,20.076412,ok
EES0423811__X48__Y1E__P006.jpg,0.933415,24.964047,ok
EES0423811__X48__Y21__P007.jpg,0.884505,21.960990,ok
EES0423811__X18__Y1E__P008.jpg,0.767262,19.806065,ok
EES0423811__X18__Y24__P009.jpg,0.710402,17.158121,ok
EES0423811__X1B__Y1B__P010.jpg,0.789976,22.611508,ok
EES0423811__X1E__Y21__P011.jpg,0.721611,16.678543,ok
EES0423811__X21__Y09__P012.jpg,0.824415,21.286826,ok
EES0423811__X2A__Y0C__P013.jpg,0.914867,22.956042,ok
EES0423811__X2A__Y0F__P014.jpg,0.815963,22.174693,ok
EES0423811__X2A__Y12__P015.jpg,0.864271,23.069144,ok
EES0423811__X2D__Y0C__P016.jpg,0.691997,16.220316,ok
EES0423811__X2D__Y0F__P017.jpg,0.863712,21.880484,ok
EES0423811__X30__Y1B__P018.jpg,0.739005,16.860597,ok
EES0423811__X33__Y0F__P019.jpg,0.752983,17.174546,ok
EES0423811__X33__Y21__P020.jpg,0.718318,17.711132,ok
EES0423811__X36__Y27__P021.jpg,0.743786,17.218569,ok
EES0423811__X39__Y18__P022.jpg,0.707359,16.801316,ok
EES0423811__X39__Y24__P023.jpg,0.702973,16.545775,ok
EES0423811__X3C__Y36__P024.jpg,0.863064,22.710377,ok
EES0423811__X3F__Y36__P025.jpg,0.765938,18.835912,ok
EES0423812__X18__Y1E__P001.jpg,0.767509,18.404319,ok
EES0423812__X24__Y0C__P002.jpg,0.717348,18.811693,ok
EES0423812__X27__Y03__P003.jpg,0.830409,21.740581,ok
EES0423812__X2D__Y03__P004.jpg,0.897361,22.896160,ok
EES0423812__X3C__Y0C__P005.jpg,0.738870,17.621275,ok
EES0423812__X3C__Y36__P006.jpg,0.857429,21.040990,ok
EES0423812__X3F__Y1B__P007.jpg,0.812278,22.565529,ok
EES0423812__X45__Y18__P008.jpg,0.891110,24.007454,ok
EES0423812__X0C__Y27__P009.jpg,0.855413,21.006998,ok
EES0423812__X1B__Y24__P010.jpg,0.822504,21.780032,ok
EES0423812__X27__Y36__P011.jpg,0.853825,21.889913,ok
EES0423812__X30__Y09__P012.jpg,0.833589,22.783331,ok
EES0423812__X33__Y2D__P013.jpg,0.739731,16.441184,ok
EES0423812__X33__Y33__P014.jpg,0.862352,21.732995,ok
EES0423812__X36__Y0F__P015.jpg,0.778311,19.060141,ok
EES0423812__X39__Y30__P016.jpg,0.862417,21.315760,ok
EES0423812__X3C__Y24__P017.jpg,0.911634,23.528883,ok
EES0423812__X3C__Y27__P018.jpg,0.894786,22.567051,ok
EES0423812__X3C__Y30__P019.jpg,0.867639,21.581541,ok
EES0423812__X3F__Y24__P020.jpg,0.848876,21.673214,ok
EES0423812__X3F__Y2A__P021.jpg,0.861902,21.637972,ok
EES0423812__X42__Y15__P022.jpg,0.782382,18.614457,ok
EES0423812__X42__Y1B__P023.jpg,0.754741,16.642631,ok
EES0423812__X12__Y21__P024.jpg,0.666558,18.133535,ok
EES0423812__X12__Y24__P025.jpg,0.668647,17.796465,ok
EES0423813__X18__Y21__P001.jpg,0.675912,20.209200,ok
EES0423813__X1B__Y0C__P002.jpg,0.846139,22.211656,ok
EES0423813__X1B__Y1B__P003.jpg,0.629852,15.993772,ok
EES0423813__X1B__Y1E__P004.jpg,0.494117,15.010776,ok
EES0423813__X21__Y06__P005.jpg,0.977740,23.158802,ok
EES0423813__X21__Y1B__P006.jpg,0.612193,15.907816,ok
EES0423813__X24__Y0F__P007.jpg,0.575303,16.394313,ok
EES0423813__X24__Y2D__P008.jpg,0.617487,16.238011,ok
EES0423813__X27__Y06__P009.jpg,0.620042,16.665155,ok
EES0423813__X2A__Y42__P010.jpg,0.903194,21.082258,ok
EES0423813__X30__Y15__P011.jpg,0.658202,16.387252,ok
EES0423813__X30__Y2D__P012.jpg,0.605310,16.352351,ok
EES0423813__X33__Y06__P013.jpg,0.920634,26.607532,ok
EES0423813__X33__Y3F__P014.jpg,0.870552,23.125561,ok
EES0423813__X39__Y21__P015.jpg,0.535892,15.505832,ok
EES0423813__X39__Y3C__P016.jpg,0.787748,17.971534,ok
EES0423813__X3C__Y09__P017.jpg,0.929326,21.416256,ok
EES0423813__X3C__Y0C__P018.jpg,0.623450,15.427543,ok
EES0423813__X3C__Y1B__P019.jpg,0.606260,17.096872,ok
EES0423813__X3C__Y21__P020.jpg,0.621416,16.539867,ok
EES0423813__X3C__Y39__P021.jpg,0.778190,20.923543,ok
EES0423813__X3F__Y0C__P022.jpg,0.889411,21.483630,ok
EES0423813__X3F__Y1B__P023.jpg,0.625350,15.890818,ok
EES0423813__X3F__Y36__P024.jpg,0.642676,15.153758,ok
EES0423813__X3F__Y39__P025.jpg,0.960265,23.627728,ok
EES0423814__X3F__Y2A__P001.jpg,0.693702,15.631141,ok
EES0423814__X3F__Y30__P002.jpg,0.894542,22.461048,ok
EES0423814__X3F__Y33__P003.jpg,0.871586,21.806767,ok
EES0423814__X42__Y1B__P004.jpg,0.724437,17.927108,ok
EES0423814__X42__Y24__P005.jpg,0.855802,21.215691,ok
EES0423814__X42__Y27__P006.jpg,0.725598,16.375352,ok
EES0423814__X12__Y18__P007.jpg,0.720947,17.490968,ok
EES0423814__X27__Y06__P008.jpg,0.859194,21.062222,ok
EES0423814__X30__Y09__P009.jpg,0.904092,23.161526,ok
EES0423814__X30__Y0C__P010.jpg,0.867463,22.584925,ok
EES0423814__X3F__Y12__P011.jpg,0.896771,23.444859,ok
EES0423814__X45__Y27__P012.jpg,0.881551,22.136869,ok
EES0423814__X0F__Y1E__P013.jpg,0.803526,24.145612,ok
EES0423814__X0F__Y2A__P014.jpg,0.730061,21.431028,ok
EES0423814__X0F__Y2D__P015.jpg,0.902053,24.032458,ok
EES0423814__X12__Y18__P016.jpg,0.809358,23.751432,ok
EES0423814__X12__Y27__P017.jpg,0.559054,16.290160,ok
EES0423814__X12__Y2A__P018.jpg,0.661581,17.672611,ok
EES0423814__X12__Y2D__P019.jpg,0.681956,19.389049,ok
EES0423814__X12__Y30__P020.jpg,0.755824,22.716906,ok
EES0423814__X12__Y33__P021.jpg,0.765758,21.925273,ok
EES0423814__X12__Y36__P022.jpg,0.947770,36.620011,ok
EES0423814__X15__Y27__P023.jpg,0.544521,17.492908,ok
EES0423814__X15__Y2A__P024.jpg,0.505656,16.048208,ok
EES0423814__X15__Y30__P025.jpg,0.556674,15.377388,ok
EES0423815__X1B__Y21__P001.jpg,0.929267,22.894117,ok
EES0423815__X1B__Y24__P002.jpg,0.932421,28.511421,ok
EES0423815__X1B__Y27__P003.jpg,0.828641,22.340843,ok
EES0423815__X1B__Y30__P004.jpg,0.892285,22.301716,ok
EES0423815__X1E__Y0C__P005.jpg,0.831160,22.000607,ok
EES0423815__X21__Y18__P006.jpg,0.872756,22.685078,ok
EES0423815__X21__Y1E__P007.jpg,0.784631,19.111332,ok
EES0423815__X21__Y21__P008.jpg,0.620220,17.002380,ok
EES0423815__X21__Y2A__P009.jpg,0.700146,19.935504,ok
EES0423815__X21__Y2D__P010.jpg,0.777348,22.696596,ok
EES0423815__X24__Y18__P011.jpg,0.584035,15.708673,ok
EES0423815__X24__Y1B__P012.jpg,0.874275,21.457941,ok
EES0423815__X24__Y1E__P013.jpg,0.813198,20.305076,ok
EES0423815__X24__Y2A__P014.jpg,0.703065,18.277562,ok
EES0423815__X24__Y33__P015.jpg,0.805736,22.943104,ok
EES0423815__X27__Y1B__P016.jpg,0.784301,22.766654,ok
EES0423815__X27__Y2A__P017.jpg,0.849580,23.745285,ok
EES0423815__X2A__Y0C__P018.jpg,0.857348,22.138223,ok
EES0423815__X2A__Y24__P019.jpg,0.915560,23.343684,ok
EES0423815__X2A__Y27__P020.jpg,0.875373,25.407178,ok
EES0423815__X2D__Y21__P021.jpg,0.795420,20.841745,ok
EES0423815__X2D__Y27__P022.jpg,0.623124,16.638292,ok
EES0423815__X30__Y12__P023.jpg,0.768466,22.564248,ok
EES0423815__X30__Y24__P024.jpg,0.855632,21.813236,ok
EES0423815__X30__Y27__P025.jpg,0.753455,21.364477,ok
EES0423816__X1B__Y1B__P001.jpg,0.549496,15.573069,ok
EES0423816__X1B__Y1E__P002.jpg,0.607291,15.107356,ok
EES0423816__X1B__Y21__P003.jpg,0.541792,15.439876,ok
EES0423816__X1E__Y0C__P004.jpg,0.571988,16.463406,ok
EES0423816__X1E__Y0F__P005.jpg,0.545071,14.995245,ok
EES0423816__X1E__Y1E__P006.jpg,0.646081,16.583901,ok
EES0423816__X21__Y0C__P007.jpg,0.628900,15.449298,ok
EES0423816__X21__Y0F__P008.jpg,0.629384,16.519213,ok
EES0423816__X24__Y09__P009.jpg,0.762065,20.995218,ok
EES0423816__X24__Y0C__P010.jpg,0.582540,16.126483,ok
EES0423816__X24__Y0F__P011.jpg,0.526284,16.078021,ok
EES0423816__X24__Y12__P012.jpg,0.502871,15.079680,ok
EES0423816__X24__Y18__P013.jpg,0.601089,16.534782,ok
EES0423816__X24__Y1E__P014.jpg,0.530061,15.422452,ok
EES0423816__X27__Y09__P015.jpg,0.638925,17.546967,ok
EES0423816__X27__Y0C__P016.jpg,0.649773,17.716708,ok
EES0423816__X27__Y0F__P017.jpg,0.614295,16.906977,ok
EES0423816__X27__Y12__P018.jpg,0.510300,15.387405,ok
EES0423816__X27__Y15__P019.jpg,0.596352,17.059394,ok
EES0423816__X27__Y18__P020.jpg,0.561016,15.903093,ok
EES0423816__X2A__Y0F__P021.jpg,0.681016,18.712577,ok
EES0423816__X2A__Y18__P022.jpg,0.707290,16.750155,ok
EES0423816__X2D__Y09__P023.jpg,0.808894,23.714387,ok
EES0423816__X2D__Y0C__P024.jpg,0.781239,21.359928,ok
EES0423816__X2D__Y12__P025.jpg,0.699325,19.622706,ok
EES0423817__X3C__Y1B__P001.jpg,0.682504,18.041414,ok
EES0423817__X3C__Y1E__P002.jpg,0.799718,22.170221,ok
EES0423817__X3C__Y27__P003.jpg,0.622981,16.024530,ok
EES0423817__X3C__Y2A__P004.jpg,0.750787,21.872623,ok
EES0423817__X3F__Y12__P005.jpg,0.874326,22.010803,ok
EES0423817__X3F__Y18__P006.jpg,0.800755,20.154676,ok
EES0423817__X3F__Y1B__P007.jpg,0.641183,17.428287,ok
EES0423817__X3F__Y21__P008.jpg,0.724449,16.912188,ok
EES0423817__X3F__Y27__P009.jpg,0.874356,22.578718,ok
EES0423817__X3F__Y2A__P010.jpg,0.892383,21.648952,ok
EES0423817__X3F__Y2D__P011.jpg,0.834966,24.127831,ok
EES0423817__X42__Y21__P012.jpg,0.709926,18.971509,ok
EES0423817__X27__Y30__P013.jpg,0.921833,20.259199,ok
EES0423817__X2A__Y30__P014.jpg,0.873900,20.147572,ok
EES0423817__X2A__Y36__P015.jpg,0.934407,19.228950,ok
EES0423817__X2D__Y2A__P016.jpg,0.854191,19.748351,ok
EES0423817__X2D__Y30__P017.jpg,0.931755,20.749849,ok
EES0423817__X2D__Y36__P018.jpg,0.811021,19.943301,ok
EES0423817__X30__Y24__P019.jpg,0.860960,19.397537,ok
EES0423817__X30__Y27__P020.jpg,0.793447,20.174971,ok
EES0423817__X30__Y33__P021.jpg,0.870224,18.473838,ok
EES0423817__X33__Y21__P022.jpg,0.888460,19.020703,ok
EES0423817__X33__Y24__P023.jpg,0.867436,19.668489,ok
EES0423817__X33__Y27__P024.jpg,0.801690,19.007521,ok
EES0423817__X33__Y2A__P025.jpg,0.880889,19.682499,ok
EES0423818__X03__Y24__P001.jpg,0.696077,16.932716,ok
EES0423818__X06__Y39__P002.jpg,0.946839,21.823154,ok
EES0423818__X09__Y39__P003.jpg,0.797346,19.450016,ok
EES0423818__X0C__Y18__P004.jpg,0.695525,17.389316,ok
EES0423818__X0C__Y1B__P005.jpg,0.516013,15.521656,ok
EES0423818__X0C__Y36__P006.jpg,0.647213,17.086726,ok
EES0423818__X2A__Y42__P007.jpg,0.894234,20.366990,ok
EES0423818__X21__Y09__P008.jpg,0.962128,21.507484,ok
EES0423818__X21__Y36__P009.jpg,0.754454,18.548869,ok
EES0423818__X2D__Y39__P010.jpg,0.793389,19.538257,ok
EES0423818__X30__Y36__P011.jpg,0.636075,17.011752,ok
EES0423818__X30__Y39__P012.jpg,0.672729,17.361644,ok
EES0423818__X33__Y33__P013.jpg,0.643831,17.659003,ok
EES0423818__X36__Y2D__P014.jpg,0.788062,20.889322,ok
EES0423818__X36__Y30__P015.jpg,0.845803,19.194554,ok
EES0423818__X36__Y33__P016.jpg,0.693831,16.991240,ok
EES0423818__X36__Y36__P017.jpg,0.757132,19.406201,ok
EES0423818__X36__Y39__P018.jpg,0.778699,19.404286,ok
EES0423818__X39__Y33__P019.jpg,0.807578,19.680040,ok
EES0423818__X09__Y21__P020.jpg,0.943490,21.105901,ok
EES0423818__X1E__Y21__P021.jpg,0.814801,18.663677,ok
EES0423818__X1E__Y36__P022.jpg,0.901250,20.413512,ok
EES0423818__X21__Y24__P023.jpg,0.897743,18.844384,ok
EES0423818__X21__Y36__P024.jpg,0.876752,18.869164,ok
EES0423818__X21__Y39__P025.jpg,0.860039,18.493114,ok
EES0423819__X15__Y24__P001.jpg,0.698808,18.460283,ok
EES0423819__X18__Y24__P002.jpg,0.813824,21.699167,ok
EES0423819__X1B__Y21__P003.jpg,0.645308,16.978882,ok
EES0423819__X1B__Y24__P004.jpg,0.579685,16.417126,ok
EES0423819__X1B__Y27__P005.jpg,0.684313,17.822285,ok
EES0423819__X1E__Y12__P006.jpg,0.763377,21.774938,ok
EES0423819__X1E__Y18__P007.jpg,0.737004,21.500544,ok
EES0423819__X1E__Y21__P008.jpg,0.881838,21.386952,ok
EES0423819__X1E__Y2A__P009.jpg,0.738379,17.594284,ok
EES0423819__X21__Y1B__P010.jpg,0.771204,19.311677,ok
EES0423819__X21__Y2A__P011.jpg,0.753971,20.283859,ok
EES0423819__X21__Y2D__P012.jpg,0.772818,21.091547,ok
EES0423819__X21__Y30__P013.jpg,0.710031,17.795439,ok
EES0423819__X24__Y27__P014.jpg,0.665391,17.339450,ok
EES0423819__X24__Y2A__P015.jpg,0.733010,19.205450,ok
EES0423819__X24__Y30__P016.jpg,0.786756,21.129959,ok
EES0423819__X2A__Y2A__P017.jpg,0.690461,17.084627,ok
EES0423819__X2D__Y2A__P018.jpg,0.750439,21.227891,ok
EES0423819__X33__Y2A__P019.jpg,0.870066,22.319064,ok
EES0423819__X36__Y27__P020.jpg,0.652432,18.562524,ok
EES0423819__X39__Y2A__P021.jpg,0.677767,17.429355,ok
EES0423819__X3C__Y2A__P022.jpg,0.769596,18.976209,ok
EES0423819__X3F__Y27__P023.jpg,0.870374,21.750520,ok
EES0423819__X3F__Y2A__P024.jpg,0.500964,15.901382,ok
EES0423819__X3F__Y2D__P025.jpg,0.802053,20.578989,ok
EES0423820__X36__Y42__P001.jpg,0.683214,19.039654,ok
EES0423820__X3C__Y3C__P002.jpg,0.734926,21.978728,ok
EES0423820__X3F__Y18__P003.jpg,0.843876,21.280489,ok
EES0423820__X3F__Y36__P004.jpg,0.587880,14.808548,ok
EES0423820__X3F__Y39__P005.jpg,0.939677,24.295026,ok
EES0423820__X42__Y1E__P006.jpg,0.862762,21.878749,ok
EES0423820__X42__Y21__P007.jpg,0.821428,20.451040,ok
EES0423820__X42__Y24__P008.jpg,0.610401,16.711672,ok
EES0423820__X42__Y27__P009.jpg,0.618859,17.033290,ok
EES0423820__X42__Y2A__P010.jpg,0.520120,15.461262,ok
EES0423820__X42__Y2D__P011.jpg,0.626262,17.067139,ok
EES0423820__X42__Y30__P012.jpg,0.741789,20.324723,ok
EES0423820__X42__Y33__P013.jpg,0.948061,35.773274,ok
EES0423820__X0C__Y42__P014.jpg,0.928649,24.523823,ok
EES0423820__X0F__Y3C__P015.jpg,0.927554,23.107281,ok
EES0423820__X15__Y2A__P016.jpg,0.916691,21.126554,ok
EES0423820__X1B__Y3F__P017.jpg,0.803554,21.320690,ok
EES0423820__X1E__Y45__P018.jpg,0.933427,22.958333,ok
EES0423820__X24__Y12__P019.jpg,0.892440,22.448788,ok
EES0423820__X24__Y45__P020.jpg,0.854118,21.212975,ok
EES0423820__X30__Y2D__P021.jpg,0.856714,20.660024,ok
EES0423820__X33__Y1E__P022.jpg,0.895300,21.556773,ok
EES0423820__X33__Y27__P023.jpg,0.803934,19.320207,ok
EES0423820__X33__Y2A__P024.jpg,0.746640,19.426756,ok
EES0423820__X33__Y39__P025.jpg,0.803095,19.641417,ok
EES0423821__X15__Y39__P001.jpg,0.760133,21.372281,ok
EES0423821__X18__Y18__P002.jpg,0.685442,19.449594,ok
EES0423821__X18__Y1B__P003.jpg,0.818910,21.430023,ok
EES0423821__X18__Y1E__P004.jpg,0.912975,21.789928,ok
EES0423821__X18__Y27__P005.jpg,0.727984,19.569631,ok
EES0423821__X18__Y2A__P006.jpg,0.746508,19.786607,ok
EES0423821__X18__Y30__P007.jpg,0.703944,18.960017,ok
EES0423821__X18__Y36__P008.jpg,0.727916,20.718337,ok
EES0423821__X18__Y39__P009.jpg,0.882751,23.027001,ok
EES0423821__X1B__Y0F__P010.jpg,0.871379,22.985952,ok
EES0423821__X1B__Y1E__P011.jpg,0.911750,23.729105,ok
EES0423821__X1B__Y2A__P012.jpg,0.668207,18.733015,ok
EES0423821__X1B__Y36__P013.jpg,0.773073,19.801495,ok
EES0423821__X1E__Y2A__P014.jpg,0.850817,22.000948,ok
EES0423821__X1E__Y2D__P015.jpg,0.694566,18.977131,ok
EES0423821__X1E__Y36__P016.jpg,0.653091,17.467533,ok
EES0423821__X1E__Y39__P017.jpg,0.624155,16.633831,ok
EES0423821__X21__Y15__P018.jpg,0.752820,21.592475,ok
EES0423821__X21__Y1B__P019.jpg,0.795293,22.526591,ok
EES0423821__X21__Y24__P020.jpg,0.847555,23.053166,ok
EES0423821__X21__Y2A__P021.jpg,0.853184,23.823737,ok
EES0423821__X21__Y36__P022.jpg,0.673904,18.539664,ok
EES0423821__X24__Y0F__P023.jpg,0.763743,21.674917,ok
EES0423821__X24__Y12__P024.jpg,0.785511,22.303761,ok
EES0423821__X24__Y1E__P025.jpg,0.681035,19.249951,ok
EES0423822__X24__Y27__P001.jpg,0.892718,22.147164,ok
EES0423822__X24__Y2A__P002.jpg,0.693835,18.817912,ok
EES0423822__X24__Y36__P003.jpg,0.616416,17.142430,ok
EES0423822__X24__Y39__P004.jpg,0.799852,21.751974,ok
EES0423822__X27__Y12__P005.jpg,0.817575,22.550130,ok
EES0423822__X2D__Y0F__P006.jpg,0.775960,21.478458,ok
EES0423822__X2D__Y24__P007.jpg,0.727243,20.364068,ok
EES0423822__X2D__Y2A__P008.jpg,0.876088,22.623026,ok
EES0423822__X30__Y0C__P009.jpg,0.874651,23.189264,ok
EES0423822__X30__Y1E__P010.jpg,0.818305,21.920480,ok
EES0423822__X30__Y30__P011.jpg,0.859551,21.552149,ok
EES0423822__X33__Y12__P012.jpg,0.830591,22.514186,ok
EES0423822__X33__Y1B__P013.jpg,0.678130,18.840498,ok
EES0423822__X33__Y2A__P014.jpg,0.782781,21.367155,ok
EES0423822__X33__Y30__P015.jpg,0.871883,22.731712,ok
EES0423822__X33__Y39__P016.jpg,0.866407,24.016490,ok
EES0423822__X36__Y0F__P017.jpg,0.790167,23.429222,ok
EES0423822__X36__Y15__P018.jpg,0.737735,20.873783,ok
EES0423822__X36__Y1B__P019.jpg,0.622834,17.145523,ok
EES0423822__X36__Y27__P020.jpg,0.851993,21.011335,ok
EES0423822__X36__Y39__P021.jpg,0.653306,17.811026,ok
EES0423822__X39__Y1B__P022.jpg,0.894176,22.619669,ok
EES0423822__X39__Y27__P023.jpg,0.876721,21.791287,ok
EES0423822__X39__Y2A__P024.jpg,0.917281,21.783962,ok
EES0423822__X3C__Y21__P025.jpg,0.894635,21.709718,ok
EES0423823__X3C__Y27__P001.jpg,0.799823,22.428156,ok
EES0423823__X3F__Y1E__P002.jpg,0.868083,22.415207,ok
EES0423823__X3F__Y24__P003.jpg,0.726347,19.771876,ok
EES0423823__X42__Y1E__P004.jpg,0.877144,22.104335,ok
EES0423823__X06__Y27__P005.jpg,0.801331,22.790327,ok
EES0423823__X0C__Y15__P006.jpg,0.908325,22.511760,ok
EES0423823__X0C__Y33__P007.jpg,0.877349,22.000603,ok
EES0423823__X0C__Y36__P008.jpg,0.739158,20.774745,ok
EES0423823__X12__Y3C__P009.jpg,0.868773,22.456249,ok
EES0423823__X18__Y0C__P010.jpg,0.956614,31.191926,ok
EES0423823__X18__Y3C__P011.jpg,0.863756,20.793329,ok
EES0423823__X1B__Y0C__P012.jpg,0.880214,20.267554,ok
EES0423823__X21__Y30__P013.jpg,0.878558,21.522691,ok
EES0423823__X2A__Y36__P014.jpg,0.645339,18.148814,ok
EES0423823__X2A__Y3C__P015.jpg,0.880505,21.603461,ok
EES0423823__X2D__Y36__P016.jpg,0.589172,17.689122,ok
EES0423823__X2D__Y39__P017.jpg,0.896958,22.651810,ok
EES0423823__X30__Y36__P018.jpg,0.865724,22.486891,ok
EES0423823__X30__Y39__P019.jpg,0.840159,20.960814,ok
EES0423823__X36__Y12__P020.jpg,0.893640,21.759380,ok
EES0423823__X36__Y33__P021.jpg,0.857642,20.839104,ok
EES0423823__X36__Y39__P022.jpg,0.805050,24.015874,ok
EES0423823__X39__Y15__P023.jpg,0.862054,20.733305,ok
EES0423823__X39__Y1B__P024.jpg,0.883149,21.226712,ok
EES0423823__X39__Y30__P025.jpg,0.736862,21.867125,ok
EES0423824__X39__Y33__P001.jpg,0.794938,23.373209,ok
EES0423824__X39__Y39__P002.jpg,0.658039,16.525163,ok
EES0423824__X39__Y3C__P003.jpg,0.845717,20.077997,ok
EES0423824__X3F__Y1B__P004.jpg,0.796083,21.609446,ok
EES0423824__X3F__Y1E__P005.jpg,0.743945,21.404598,ok
EES0423824__X3F__Y24__P006.jpg,0.780511,22.726686,ok
EES0423824__X3F__Y27__P007.jpg,0.723573,19.166743,ok
EES0423824__X3F__Y2A__P008.jpg,0.636799,17.965118,ok
EES0423824__X3F__Y2D__P009.jpg,0.667771,16.607717,ok
EES0423824__X3F__Y30__P010.jpg,0.812681,22.460203,ok
EES0423824__X3F__Y33__P011.jpg,0.938826,27.500449,ok
EES0423824__X42__Y27__P012.jpg,0.788520,22.193132,ok
EES0423824__X42__Y2A__P013.jpg,0.899254,22.068514,ok
EES0423824__X0C__Y33__P014.jpg,0.883807,19.800193,ok
EES0423824__X0F__Y33__P015.jpg,0.801474,19.659991,ok
EES0423824__X18__Y30__P016.jpg,0.884475,22.930433,ok
EES0423824__X18__Y36__P017.jpg,0.607584,17.939035,ok
EES0423824__X18__Y39__P018.jpg,0.600872,18.702291,ok
EES0423824__X1B__Y09__P019.jpg,0.857931,20.729849,ok
EES0423824__X1B__Y36__P020.jpg,0.820849,20.174075,ok
EES0423824__X1B__Y3F__P021.jpg,0.909399,22.522239,ok
EES0423824__X21__Y39__P022.jpg,0.919984,24.675824,ok
EES0423824__X24__Y39__P023.jpg,0.803195,22.594279,ok
EES0423824__X24__Y3C__P024.jpg,0.880264,19.404838,ok
EES0423824__X24__Y3F__P025.jpg,0.689629,18.920119,ok
EES0423825__X24__Y42__P001.jpg,0.912555,23.382206,ok
EES0423825__X27__Y42__P002.jpg,0.811433,20.776456,ok
EES0423825__X2A__Y09__P003.jpg,0.740693,21.157356,ok
EES0423825__X2A__Y42__P004.jpg,0.761837,22.611233,ok
EES0423825__X2D__Y09__P005.jpg,0.680075,18.822879,ok
EES0423825__X2D__Y12__P006.jpg,0.817813,22.712089,ok
EES0423825__X2D__Y42__P007.jpg,0.885782,22.565958,ok
EES0423825__X30__Y09__P008.jpg,0.694147,20.057024,ok
EES0423825__X30__Y39__P009.jpg,0.723211,21.109775,ok
EES0423825__X33__Y12__P010.jpg,0.849809,21.264364,ok
EES0423825__X33__Y33__P011.jpg,0.658250,16.174301,ok
EES0423825__X33__Y36__P012.jpg,0.811674,22.180983,ok
EES0423825__X36__Y0C__P013.jpg,0.769156,22.743032,ok
EES0423825__X36__Y30__P014.jpg,0.944493,29.468421,ok
EES0423825__X36__Y3C__P015.jpg,0.856653,22.200068,ok
EES0423825__X39__Y0C__P016.jpg,0.873890,22.652757,ok
EES0423825__X39__Y15__P017.jpg,0.891378,21.525960,ok
EES0423825__X39__Y21__P018.jpg,0.803430,22.662842,ok
EES0423825__X39__Y27__P019.jpg,0.732292,20.558630,ok
EES0423825__X39__Y2A__P020.jpg,0.904355,24.163379,ok
EES0423825__X39__Y33__P021.jpg,0.727774,21.352354,ok
EES0423825__X3C__Y12__P022.jpg,0.880768,20.094646,ok
EES0423825__X3C__Y2A__P023.jpg,0.735105,18.832656,ok
EES0423825__X3F__Y18__P024.jpg,0.882086,21.449355,ok
EES0423825__X3F__Y1B__P025.jpg,0.829769,22.991081,ok
EES0423826__X3F__Y21__P001.jpg,0.873818,21.332302,ok
EES0423826__X3F__Y24__P002.jpg,0.699780,20.393689,ok
EES0423826__X3F__Y2A__P003.jpg,0.762525,22.507063,ok
EES0423826__X3F__Y30__P004.jpg,0.802834,23.873735,ok
EES0423826__X3F__Y33__P005.jpg,0.810834,21.477600,ok
EES0423826__X42__Y15__P006.jpg,0.898796,21.938422,ok
EES0423826__X42__Y24__P007.jpg,0.824954,20.525855,ok
EES0423826__X45__Y24__P008.jpg,0.904047,21.112841,ok
EES0423826__X45__Y27__P009.jpg,0.934478,27.437629,ok
EES0423826__X0F__Y1B__P010.jpg,0.869394,23.530343,ok
EES0423826__X0F__Y1E__P011.jpg,0.892470,24.000384,ok
EES0423826__X0F__Y2D__P012.jpg,0.863110,22.382055,ok
EES0423826__X0F__Y30__P013.jpg,0.688207,19.519024,ok
EES0423826__X12__Y12__P014.jpg,0.798849,22.533661,ok
EES0423826__X12__Y1B__P015.jpg,0.845918,22.782399,ok
EES0423826__X12__Y21__P016.jpg,0.754210,22.086861,ok
EES0423826__X12__Y24__P017.jpg,0.766512,21.874964,ok
EES0423826__X12__Y27__P018.jpg,0.842216,22.147501,ok
EES0423826__X12__Y2A__P019.jpg,0.801273,20.615418,ok
EES0423826__X15__Y0F__P020.jpg,0.812552,22.853189,ok
EES0423826__X15__Y12__P021.jpg,0.914380,24.756881,ok
EES0423826__X15__Y39__P022.jpg,0.742441,20.088543,ok
EES0423826__X18__Y12__P023.jpg,0.792395,23.139115,ok
EES0423826__X18__Y27__P024.jpg,0.647164,18.382032,ok
EES0423826__X21__Y0C__P025.jpg,0.773648,21.246684,ok
EES0423827__X21__Y39__P001.jpg,0.650832,18.362424,ok
EES0423827__X24__Y0C__P002.jpg,0.650884,17.974155,ok
EES0423827__X27__Y09__P003.jpg,0.877182,21.274822,ok
EES0423827__X27__Y2A__P004.jpg,0.588037,16.554023,ok
EES0423827__X27__Y3C__P005.jpg,0.866604,23.696670,ok
EES0423827__X2A__Y09__P006.jpg,0.909227,21.154300,ok
EES0423827__X2A__Y0C__P007.jpg,0.758712,20.658200,ok
EES0423827__X2A__Y0F__P008.jpg,0.786576,21.678910,ok
EES0423827__X2A__Y33__P009.jpg,0.682606,18.846791,ok
EES0423827__X30__Y0C__P010.jpg,0.590042,16.045592,ok
EES0423827__X30__Y15__P011.jpg,0.773236,22.498709,ok
EES0423827__X30__Y18__P012.jpg,0.873210,22.415028,ok
EES0423827__X30__Y21__P013.jpg,0.838799,23.078080,ok
EES0423827__X30__Y33__P014.jpg,0.618909,17.158593,ok
EES0423827__X30__Y39__P015.jpg,0.745339,21.335779,ok
EES0423827__X33__Y0C__P016.jpg,0.818225,23.338186,ok
EES0423827__X33__Y24__P017.jpg,0.677703,19.131140,ok
EES0423827__X33__Y30__P018.jpg,0.615041,16.976395,ok
EES0423827__X33__Y39__P019.jpg,0.742312,20.052726,ok
EES0423827__X33__Y3C__P020.jpg,0.818283,22.731293,ok
EES0423827__X36__Y0C__P021.jpg,0.803622,23.300162,ok
EES0423827__X36__Y0F__P022.jpg,0.784081,21.986305,ok
EES0423827__X36__Y18__P023.jpg,0.761737,20.756055,ok
EES0423827__X36__Y1B__P024.jpg,0.580453,16.883774,ok
EES0423827__X36__Y30__P025.jpg,0.627957,18.660275,ok
EES0423828__X0F__Y42__P001.jpg,0.867661,23.431238,ok
EES0423828__X12__Y45__P002.jpg,0.938700,28.738081,ok
EES0423828__X15__Y45__P003.jpg,0.829676,21.591399,ok
EES0423828__X1B__Y09__P004.jpg,0.895446,22.450409,ok
EES0423828__X27__Y09__P005.jpg,0.720436,20.180773,ok
EES0423828__X33__Y45__P006.jpg,0.897662,23.931169,ok
EES0423828__X36__Y45__P007.jpg,0.926655,22.818153,ok
EES0423828__X39__Y0F__P008.jpg,0.889182,23.263423,ok
EES0423828__X39__Y42__P009.jpg,0.899611,20.292535,ok
EES0423828__X3C__Y3F__P010.jpg,0.920096,22.401500,ok
EES0423828__X3F__Y15__P011.jpg,0.941987,25.029339,ok
EES0423828__X3F__Y39__P012.jpg,0.887871,23.356875,ok
EES0423828__X3F__Y3C__P013.jpg,0.906385,24.423215,ok
EES0423828__X42__Y18__P014.jpg,0.773219,21.640224,ok
EES0423828__X42__Y1B__P015.jpg,0.732884,17.794417,ok
EES0423828__X42__Y33__P016.jpg,0.853193,21.671843,ok
EES0423828__X42__Y36__P017.jpg,0.907502,21.870476,ok
EES0423828__X0F__Y21__P018.jpg,0.784367,18.954107,ok
EES0423828__X1B__Y0F__P019.jpg,0.875642,19.344397,ok
EES0423828__X1B__Y12__P020.jpg,0.800975,21.196613,ok
EES0423828__X21__Y15__P021.jpg,0.764949,21.541243,ok
EES0423828__X21__Y18__P022.jpg,0.801423,22.668686,ok
EES0423828__X24__Y12__P023.jpg,0.789414,21.734209,ok
EES0423828__X24__Y15__P024.jpg,0.855712,21.421793,ok
EES0423828__X27__Y15__P025.jpg,0.739201,24.302645,ok
EES0423829__X0C__Y15__P001.jpg,0.880588,22.106062,ok
EES0423829__X0C__Y30__P002.jpg,0.639917,18.943061,ok
EES0423829__X0C__Y36__P003.jpg,0.798355,22.079949,ok
EES0423829__X0F__Y12__P004.jpg,0.897536,21.716092,ok
EES0423829__X12__Y0F__P005.jpg,0.951503,32.608371,ok
EES0423829__X15__Y2A__P006.jpg,0.741733,21.363638,ok
EES0423829__X18__Y0C__P007.jpg,0.858259,20.791972,ok
EES0423829__X1B__Y21__P008.jpg,0.595853,19.515503,ok
EES0423829__X1E__Y18__P009.jpg,0.790442,21.424564,ok
EES0423829__X1E__Y30__P010.jpg,0.583345,17.415883,ok
EES0423829__X30__Y45__P011.jpg,0.740520,20.280947,ok
EES0423829__X33__Y45__P012.jpg,0.841536,21.594681,ok
EES0423829__X36__Y2A__P013.jpg,0.732424,21.121920,ok
EES0423829__X39__Y36__P014.jpg,0.820005,19.565363,ok
EES0423829__X3C__Y30__P015.jpg,0.738283,20.409007,ok
EES0423829__X3C__Y36__P016.jpg,0.538465,16.976588,ok
EES0423829__X3C__Y3C__P017.jpg,0.847327,19.744861,ok
EES0423829__X3F__Y30__P018.jpg,0.673345,21.025967,ok
EES0423829__X3F__Y33__P019.jpg,0.586517,18.533387,ok
EES0423829__X3F__Y36__P020.jpg,0.683233,21.395549,ok
EES0423829__X42__Y18__P021.jpg,0.926447,23.258571,ok
EES0423829__X42__Y30__P022.jpg,0.738423,21.758003,ok
EES0423829__X42__Y33__P023.jpg,0.719267,21.937836,ok
EES0423829__X42__Y36__P024.jpg,0.840195,20.880033,ok
EES0423829__X45__Y2D__P025.jpg,0.752866,19.304936,ok
EES0423830__X42__Y2D__P001.jpg,0.692554,22.265516,ok
EES0423830__X42__Y30__P002.jpg,0.902285,22.484012,ok
EES0423830__X0C__Y15__P003.jpg,0.907383,24.276519,ok
EES0423830__X0C__Y33__P004.jpg,0.727843,20.891560,ok
EES0423830__X0F__Y21__P005.jpg,0.715104,21.014804,ok
EES0423830__X12__Y0F__P006.jpg,0.904349,24.033662,ok
EES0423830__X1E__Y09__P007.jpg,0.920654,24.778903,ok
EES0423830__X27__Y09__P008.jpg,0.814332,21.515307,ok
EES0423830__X27__Y45__P009.jpg,0.674736,19.505812,ok
EES0423830__X2A__Y09__P010.jpg,0.918797,21.723844,ok
EES0423830__X2A__Y45__P011.jpg,0.705126,19.562673,ok
EES0423830__X2D__Y45__P012.jpg,0.646583,17.621297,ok
EES0423830__X33__Y15__P013.jpg,0.578930,17.588250,ok
EES0423830__X39__Y42__P014.jpg,0.947534,30.708327,ok
EES0423830__X3F__Y12__P015.jpg,0.909062,24.926525,ok
EES0423830__X45__Y1B__P016.jpg,0.908673,23.265385,ok
EES0423830__X45__Y33__P017.jpg,0.869524,22.881333,ok
EES0423830__X09__Y15__P018.jpg,0.670516,16.203984,ok
EES0423830__X09__Y30__P019.jpg,0.866369,20.674558,ok
EES0423830__X09__Y36__P020.jpg,0.791710,22.581974,ok
EES0423830__X0C__Y33__P021.jpg,0.769128,21.176312,ok
EES0423830__X0C__Y36__P022.jpg,0.757135,20.573112,ok
EES0423830__X0C__Y39__P023.jpg,0.898750,22.372878,ok
EES0423830__X0C__Y3C__P024.jpg,0.797890,22.215149,ok
EES0423830__X0F__Y33__P025.jpg,0.669786,17.845628,ok
EES0423831__X1E__Y0F__P001.jpg,0.706269,21.077571,ok
EES0423831__X21__Y0C__P002.jpg,0.814207,23.084397,ok
EES0423831__X24__Y36__P003.jpg,0.766442,22.405342,ok
EES0423831__X27__Y09__P004.jpg,0.924976,27.979312,ok
EES0423831__X27__Y0C__P005.jpg,0.808177,21.328215,ok
EES0423831__X2A__Y0C__P006.jpg,0.709929,22.410312,ok
EES0423831__X2A__Y45__P007.jpg,0.889799,20.187567,ok
EES0423831__X2D__Y0C__P008.jpg,0.873541,22.749203,ok
EES0423831__X2D__Y0F__P009.jpg,0.654199,18.890306,ok
EES0423831__X2D__Y3C__P010.jpg,0.912343,23.377156,ok
EES0423831__X2D__Y45__P011.jpg,0.743203,18.469692,ok
EES0423831__X30__Y0F__P012.jpg,0.903148,21.747663,ok
EES0423831__X30__Y12__P013.jpg,0.760323,21.746146,ok
EES0423831__X33__Y0F__P014.jpg,0.589859,17.737701,ok
EES0423831__X33__Y1B__P015.jpg,0.751693,22.546204,ok
EES0423831__X33__Y3F__P016.jpg,0.719471,21.347907,ok
EES0423831__X33__Y45__P017.jpg,0.916335,25.679278,ok
EES0423831__X36__Y0F__P018.jpg,0.856585,21.848012,ok
EES0423831__X36__Y12__P019.jpg,0.719068,20.061450,ok
EES0423831__X36__Y15__P020.jpg,0.791211,23.015558,ok
EES0423831__X36__Y18__P021.jpg,0.906950,24.260340,ok
EES0423831__X36__Y2A__P022.jpg,0.834110,22.628610,ok
EES0423831__X36__Y3F__P023.jpg,0.819231,23.456483,ok
EES0423831__X39__Y12__P024.jpg,0.853051,20.522990,ok
EES0423831__X39__Y30__P025.jpg,0.745872,21.673114,ok
EES0423832__X1B__Y3C__P001.jpg,0.864289,21.973257,ok
EES0423832__X1E__Y12__P002.jpg,0.729226,23.027759,ok
EES0423832__X1E__Y21__P003.jpg,0.691516,22.400388,ok
EES0423832__X21__Y1B__P004.jpg,0.841742,21.340991,ok
EES0423832__X21__Y1E__P005.jpg,0.759410,23.025506,ok
EES0423832__X21__Y2A__P006.jpg,0.721119,22.716175,ok
EES0423832__X24__Y12__P007.jpg,0.815344,22.139530,ok
EES0423832__X24__Y36__P008.jpg,0.906666,25.054018,ok
EES0423832__X24__Y3C__P009.jpg,0.637879,18.766597,ok
EES0423832__X27__Y1B__P010.jpg,0.916848,24.336587,ok
EES0423832__X27__Y24__P011.jpg,0.832877,20.592097,ok
EES0423832__X27__Y3F__P012.jpg,0.796576,21.079092,ok
EES0423832__X2A__Y39__P013.jpg,0.887113,22.533158,ok
EES0423832__X2A__Y3F__P014.jpg,0.716241,22.664744,ok
EES0423832__X2A__Y45__P015.jpg,0.814663,22.223540,ok
EES0423832__X2D__Y12__P016.jpg,0.753990,22.850894,ok
EES0423832__X2D__Y27__P017.jpg,0.908661,24.231389,ok
EES0423832__X2D__Y30__P018.jpg,0.837697,21.295413,ok
EES0423832__X2D__Y3F__P019.jpg,0.798085,24.316312,ok
EES0423832__X30__Y12__P020.jpg,0.817854,20.845124,ok
EES0423832__X30__Y18__P021.jpg,0.936072,24.580180,ok
EES0423832__X30__Y2A__P022.jpg,0.811823,20.009869,ok
EES0423832__X30__Y36__P023.jpg,0.878012,23.061157,ok
EES0423832__X33__Y12__P024.jpg,0.909527,24.479530,ok
EES0423832__X33__Y15__P025.jpg,0.719745,19.960004,ok
EES0423833__X27__Y12__P001.jpg,0.849453,22.153150,ok
EES0423833__X27__Y24__P002.jpg,0.892915,23.378598,ok
EES0423833__X27__Y27__P003.jpg,0.899854,22.524156,ok
EES0423833__X27__Y33__P004.jpg,0.846253,21.115054,ok
EES0423833__X2A__Y1E__P005.jpg,0.875100,22.404701,ok
EES0423833__X2A__Y21__P006.jpg,0.868132,20.457556,ok
EES0423833__X2A__Y24__P007.jpg,0.871841,20.511420,ok
EES0423833__X2D__Y18__P008.jpg,0.848772,22.316356,ok
EES0423833__X2D__Y21__P009.jpg,0.828181,22.210503,ok
EES0423833__X2D__Y2D__P010.jpg,0.886769,21.068649,ok
EES0423833__X2D__Y33__P011.jpg,0.750488,23.660907,ok
EES0423833__X2D__Y36__P012.jpg,0.597776,17.066528,ok
EES0423833__X2D__Y3F__P013.jpg,0.875099,23.070123,ok
EES0423833__X30__Y21__P014.jpg,0.848333,20.990398,ok
EES0423833__X30__Y24__P015.jpg,0.583788,18.648506,ok
EES0423833__X30__Y30__P016.jpg,0.890183,23.388272,ok
EES0423833__X30__Y36__P017.jpg,0.852959,21.729674,ok
EES0423833__X33__Y18__P018.jpg,0.889448,21.335237,ok
EES0423833__X33__Y1B__P019.jpg,0.726804,20.580362,ok
EES0423833__X33__Y30__P020.jpg,0.794217,24.321886,ok
EES0423833__X36__Y18__P021.jpg,0.754825,21.843025,ok
EES0423833__X36__Y1B__P022.jpg,0.770553,21.596795,ok
EES0423833__X36__Y27__P023.jpg,0.770952,21.584054,ok
EES0423833__X39__Y24__P024.jpg,0.879137,22.593217,ok
EES0423833__X39__Y27__P025.jpg,0.809881,23.306160,ok
EES0423834__X39__Y36__P001.jpg,0.877523,23.356778,ok
EES0423834__X3C__Y30__P002.jpg,0.807511,22.980961,ok
EES0423834__X03__Y27__P003.jpg,0.935262,25.678773,ok
EES0423834__X06__Y1B__P004.jpg,0.780378,22.854260,ok
EES0423834__X06__Y24__P005.jpg,0.870611,21.435681,ok
EES0423834__X06__Y2A__P006.jpg,0.837882,23.634941,ok
EES0423834__X0C__Y15__P007.jpg,0.926612,26.914491,ok
EES0423834__X0C__Y1B__P008.jpg,0.819988,21.424490,ok
EES0423834__X0F__Y12__P009.jpg,0.721920,22.154850,ok
EES0423834__X15__Y0F__P010.jpg,0.900720,22.923297,ok
EES0423834__X18__Y0C__P011.jpg,0.716168,20.061502,ok
EES0423834__X18__Y0F__P012.jpg,0.899329,22.183488,ok
EES0423834__X1B__Y0C__P013.jpg,0.860538,21.893490,ok
EES0423834__X1B__Y0F__P014.jpg,0.912561,27.256050,ok
EES0423834__X24__Y0C__P015.jpg,0.900819,23.139014,ok
EES0423834__X24__Y0F__P016.jpg,0.732094,20.822631,ok
EES0423834__X24__Y12__P017.jpg,0.557852,15.970769,ok
EES0423834__X27__Y09__P018.jpg,0.944754,28.313833,ok
EES0423834__X2A__Y15__P019.jpg,0.584922,16.650748,ok
EES0423834__X2D__Y0C__P020.jpg,0.832649,20.714237,ok
EES0423834__X2D__Y2A__P021.jpg,0.715776,20.878984,ok
EES0423834__X30__Y0C__P022.jpg,0.943673,27.935141,ok
EES0423834__X30__Y0F__P023.jpg,0.828242,21.006159,ok
EES0423834__X30__Y45__P024.jpg,0.805610,22.030310,ok
EES0423834__X33__Y1E__P025.jpg,0.773514,20.982069,ok
EES0423835__X36__Y0F__P001.jpg,0.951593,32.584777,ok
EES0423835__X36__Y18__P002.jpg,0.673451,21.640354,ok
EES0423835__X39__Y12__P003.jpg,0.939193,23.143018,ok
EES0423835__X39__Y15__P004.jpg,0.897233,21.772399,ok
EES0423835__X3C__Y15__P005.jpg,0.863652,18.752611,ok
EES0423835__X3C__Y21__P006.jpg,0.597277,16.783499,ok
EES0423835__X3C__Y3C__P007.jpg,0.814025,23.762492,ok
EES0423835__X3F__Y1B__P008.jpg,0.510660,16.669008,ok
EES0423835__X3F__Y21__P009.jpg,0.552623,16.725239,ok
EES0423835__X3F__Y2D__P010.jpg,0.677877,21.257079,ok
EES0423835__X42__Y15__P011.jpg,0.953180,31.872908,ok
EES0423835__X42__Y1B__P012.jpg,0.898906,24.328987,ok
EES0423835__X42__Y1E__P013.jpg,0.883174,22.544366,ok
EES0423835__X42__Y30__P014.jpg,0.818725,21.478758,ok
EES0423835__X42__Y33__P015.jpg,0.791140,22.177058,ok
EES0423835__X45__Y24__P016.jpg,0.955433,34.732626,ok
EES0423835__X45__Y45__P017.jpg,0.855121,17.698563,ok
EES0423835__X06__Y27__P018.jpg,0.908296,23.793021,ok
EES0423835__X0C__Y1B__P019.jpg,0.779575,21.226051,ok
EES0423835__X0C__Y27__P020.jpg,0.868423,20.796837,ok
EES0423835__X0C__Y2D__P021.jpg,0.927343,23.574206,ok
EES0423835__X0C__Y39__P022.jpg,0.772221,24.166876,ok
EES0423835__X0F__Y18__P023.jpg,0.917160,24.468002,ok
EES0423835__X0F__Y21__P024.jpg,0.729560,21.909435,ok
EES0423835__X0F__Y24__P025.jpg,0.942275,28.278800,ok
EES0423836__X0F__Y39__P001.jpg,0.852562,20.073804,ok
EES0423836__X12__Y12__P002.jpg,0.851711,20.965701,ok
EES0423836__X15__Y12__P003.jpg,0.870817,21.831456,ok
EES0423836__X15__Y33__P004.jpg,0.831633,22.481242,ok
EES0423836__X18__Y12__P005.jpg,0.737617,22.328853,ok
EES0423836__X18__Y15__P006.jpg,0.880639,21.249231,ok
EES0423836__X18__Y18__P007.jpg,0.885407,20.433788,ok
EES0423836__X18__Y1B__P008.jpg,0.646876,16.771429,ok
EES0423836__X1B__Y12__P009.jpg,0.835952,22.801282,ok
EES0423836__X1B__Y15__P010.jpg,0.903526,22.239909,ok
EES0423836__X1E__Y12__P011.jpg,0.877701,22.179167,ok
EES0423836__X1E__Y18__P012.jpg,0.898147,22.803414,ok
EES0423836__X1E__Y1B__P013.jpg,0.815121,24.265928,ok
EES0423836__X1E__Y3F__P014.jpg,0.887848,22.740741,ok
EES0423836__X21__Y15__P015.jpg,0.889674,23.385875,ok
EES0423836__X21__Y18__P016.jpg,0.896544,21.336568,ok
EES0423836__X21__Y33__P017.jpg,0.920213,24.897700,ok
EES0423836__X21__Y3C__P018.jpg,0.901695,24.969925,ok
EES0423836__X27__Y15__P019.jpg,0.863444,21.550497,ok
EES0423836__X27__Y18__P020.jpg,0.815495,22.073899,ok
EES0423836__X27__Y39__P021.jpg,0.918188,21.090159,ok
EES0423836__X2A__Y15__P022.jpg,0.805000,23.225032,ok
EES0423836__X2A__Y2A__P023.jpg,0.901456,21.327144,ok
EES0423836__X2A__Y30__P024.jpg,0.841802,20.425970,ok
EES0423836__X2A__Y39__P025.jpg,0.799720,22.827750,ok
EES0423837__X2D__Y21__P001.jpg,0.873645,22.901235,ok
EES0423837__X2D__Y2A__P002.jpg,0.889820,22.906889,ok
EES0423837__X2D__Y33__P003.jpg,0.947154,23.913358,ok
EES0423837__X2D__Y3F__P004.jpg,0.864527,21.107735,ok
EES0423837__X30__Y36__P005.jpg,0.884533,22.368095,ok
EES0423837__X30__Y3F__P006.jpg,0.876540,22.453844,ok
EES0423837__X33__Y2A__P007.jpg,0.674000,19.870776,ok
EES0423837__X33__Y36__P008.jpg,0.786834,21.707712,ok
EES0423837__X36__Y1E__P009.jpg,0.913333,21.744373,ok
EES0423837__X36__Y21__P010.jpg,0.905808,21.631138,ok
EES0423837__X39__Y24__P011.jpg,0.935362,25.418082,ok
EES0423837__X39__Y30__P012.jpg,0.937918,26.654885,ok
EES0423837__X3C__Y30__P013.jpg,0.937752,26.888466,ok
EES0423837__X3C__Y33__P014.jpg,0.804953,21.498194,ok
EES0423837__X0C__Y27__P015.jpg,0.805976,18.506052,ok
EES0423837__X0C__Y2A__P016.jpg,0.873575,21.135356,ok
EES0423837__X0F__Y27__P017.jpg,0.729276,21.340519,ok
EES0423837__X15__Y39__P018.jpg,0.907254,22.175446,ok
EES0423837__X1B__Y12__P019.jpg,0.939742,26.303510,ok
EES0423837__X1B__Y36__P020.jpg,0.775199,21.645611,ok
EES0423837__X1B__Y39__P021.jpg,0.695421,19.955316,ok
EES0423837__X1B__Y3C__P022.jpg,0.705657,20.855379,ok
EES0423837__X1E__Y39__P023.jpg,0.670551,21.024816,ok
EES0423837__X21__Y12__P024.jpg,0.868037,21.237698,ok
EES0423837__X21__Y36__P025.jpg,0.685932,18.920922,ok
EES0423838__X21__Y39__P001.jpg,0.754238,19.803075,ok
EES0423838__X2A__Y27__P002.jpg,0.710496,20.068016,ok
EES0423838__X2A__Y2A__P003.jpg,0.630149,16.524385,ok
EES0423838__X2A__Y2D__P004.jpg,0.679779,19.469718,ok
EES0423838__X2D__Y2D__P005.jpg,0.811218,23.281587,ok
EES0423838__X30__Y12__P006.jpg,0.828765,20.575374,ok
EES0423838__X33__Y27__P007.jpg,0.789897,22.385660,ok
EES0423838__X36__Y12__P008.jpg,0.752034,21.157618,ok
EES0423838__X36__Y15__P009.jpg,0.700404,18.805021,ok
EES0423838__X36__Y1E__P010.jpg,0.755993,21.919349,ok
EES0423838__X39__Y12__P011.jpg,0.743070,22.005837,ok
EES0423838__X39__Y15__P012.jpg,0.765498,21.662106,ok
EES0423838__X39__Y18__P013.jpg,0.888505,21.815540,ok
EES0423838__X39__Y1B__P014.jpg,0.634434,17.079099,ok
EES0423838__X39__Y1E__P015.jpg,0.692016,21.760089,ok
EES0423838__X39__Y24__P016.jpg,0.682686,21.866097,ok
EES0423838__X3C__Y15__P017.jpg,0.898262,22.994538,ok
EES0423838__X3C__Y18__P018.jpg,0.644175,18.813087,ok
EES0423838__X3C__Y1B__P019.jpg,0.767223,22.492115,ok
EES0423838__X3F__Y18__P020.jpg,0.807918,21.546457,ok
EES0423838__X42__Y1B__P021.jpg,0.940369,23.781031,ok
EES0423838__X42__Y21__P022.jpg,0.896256,23.476533,ok
EES0423838__X45__Y24__P023.jpg,0.653887,15.701845,ok
EES0423838__X06__Y1B__P024.jpg,0.773356,19.545677,ok
EES0423838__X06__Y2D__P025.jpg,0.628644,16.713872,ok
EES0423839__X21__Y45__P001.jpg,0.912059,25.413048,ok
EES0423839__X24__Y09__P002.jpg,0.722190,21.449857,ok
EES0423839__X24__Y12__P003.jpg,0.632456,17.637441,ok
EES0423839__X24__Y3F__P004.jpg,0.657548,17.848714,ok
EES0423839__X27__Y09__P005.jpg,0.889486,23.030104,ok
EES0423839__X2D__Y39__P006.jpg,0.764856,22.773151,ok
EES0423839__X33__Y33__P007.jpg,0.789872,22.402796,ok
EES0423839__X33__Y39__P008.jpg,0.677956,19.198370,ok
EES0423839__X36__Y12__P009.jpg,0.848229,21.666736,ok
EES0423839__X36__Y39__P010.jpg,0.825306,22.595770,ok
EES0423839__X36__Y3C__P011.jpg,0.867918,22.531031,ok
EES0423839__X39__Y39__P012.jpg,0.824450,21.728587,ok
EES0423839__X0C__Y18__P013.jpg,0.925072,24.435587,ok
EES0423839__X0C__Y33__P014.jpg,0.679298,17.847053,ok
EES0423839__X0F__Y33__P015.jpg,0.772903,22.034503,ok
EES0423839__X0F__Y36__P016.jpg,0.847004,22.613775,ok
EES0423839__X0F__Y3C__P017.jpg,0.900065,21.294400,ok
EES0423839__X12__Y39__P018.jpg,0.867122,19.396892,ok
EES0423839__X12__Y3C__P019.jpg,0.686441,16.376368,ok
EES0423839__X15__Y15__P020.jpg,0.923585,22.135113,ok
EES0423839__X18__Y12__P021.jpg,0.876180,22.737610,ok
EES0423839__X18__Y2A__P022.jpg,0.753079,20.886340,ok
EES0423839__X18__Y2D__P023.jpg,0.880061,21.833991,ok
EES0423839__X18__Y42__P024.jpg,0.917509,23.293067,ok
EES0423839__X1B__Y36__P025.jpg,0.712591,18.598770,ok
EES0423840__X21__Y12__P001.jpg,0.775403,21.344484,ok
EES0423840__X21__Y15__P002.jpg,0.870163,20.523945,ok
EES0423840__X21__Y21__P003.jpg,0.894989,21.609861,ok
EES0423840__X21__Y24__P004.jpg,0.691724,21.428686,ok
EES0423840__X21__Y27__P005.jpg,0.918153,26.242217,ok
EES0423840__X21__Y2A__P006.jpg,0.806480,23.815580,ok
EES0423840__X21__Y36__P007.jpg,0.584357,18.642013,ok
EES0423840__X24__Y15__P008.jpg,0.731395,22.234416,ok
EES0423840__X24__Y21__P009.jpg,0.818660,22.474358,ok
EES0423840__X24__Y39__P010.jpg,0.830893,21.013985,ok
EES0423840__X24__Y3C__P011.jpg,0.876094,23.156624,ok
EES0423840__X27__Y0C__P012.jpg,0.835087,20.551123,ok
EES0423840__X27__Y15__P013.jpg,0.946507,28.138862,ok
EES0423840__X27__Y21__P014.jpg,0.742199,21.981125,ok
EES0423840__X27__Y27__P015.jpg,0.892819,23.110905,ok
EES0423840__X27__Y2A__P016.jpg,0.868437,21.702209,ok
EES0423840__X2A__Y15__P017.jpg,0.753255,21.356816,ok
EES0423840__X2A__Y21__P018.jpg,0.826518,20.359939,ok
EES0423840__X2A__Y27__P019.jpg,0.805044,22.955911,ok
EES0423840__X2A__Y2A__P020.jpg,0.845790,20.075201,ok
EES0423840__X2D__Y21__P021.jpg,0.825423,21.205207,ok
EES0423840__X2D__Y24__P022.jpg,0.812923,23.393684,ok
EES0423840__X30__Y21__P023.jpg,0.769548,22.744890,ok
EES0423840__X30__Y24__P024.jpg,0.705879,19.830000,ok
EES0423840__X30__Y30__P025.jpg,0.825130,20.884844,ok
EES0423841__X2A__Y0F__P001.jpg,0.849509,22.086914,ok
EES0423841__X2A__Y18__P002.jpg,0.853555,21.896211,ok
EES0423841__X2D__Y0C__P003.jpg,0.685174,19.356187,ok
EES0423841__X2D__Y0F__P004.jpg,0.848870,21.291184,ok
EES0423841__X2D__Y1B__P005.jpg,0.695823,22.646822,ok
EES0423841__X2D__Y45__P006.jpg,0.928420,23.599080,ok
EES0423841__X30__Y0C__P007.jpg,0.888872,21.757380,ok
EES0423841__X30__Y1B__P008.jpg,0.791473,22.342257,ok
EES0423841__X33__Y0F__P009.jpg,0.859285,21.757214,ok
EES0423841__X33__Y12__P010.jpg,0.793258,21.749260,ok
EES0423841__X33__Y18__P011.jpg,0.824064,21.621298,ok
EES0423841__X33__Y1B__P012.jpg,0.754783,21.815933,ok
EES0423841__X33__Y1E__P013.jpg,0.859122,20.790436,ok
EES0423841__X36__Y0F__P014.jpg,0.881323,21.089386,ok
EES0423841__X36__Y12__P015.jpg,0.748885,22.293073,ok
EES0423841__X36__Y15__P016.jpg,0.772768,22.606768,ok
EES0423841__X36__Y3F__P017.jpg,0.921777,23.741156,ok
EES0423841__X39__Y12__P018.jpg,0.870874,21.044853,ok
EES0423841__X39__Y3C__P019.jpg,0.897056,24.415624,ok
EES0423841__X3C__Y15__P020.jpg,0.907196,23.232792,ok
EES0423841__X3C__Y39__P021.jpg,0.890499,23.158364,ok
EES0423841__X3F__Y18__P022.jpg,0.946485,31.509397,ok
EES0423841__X3F__Y1B__P023.jpg,0.889245,22.313112,ok
EES0423841__X3F__Y1E__P024.jpg,0.738252,22.996204,ok
EES0423841__X3F__Y24__P025.jpg,0.803119,24.063520,ok
EES0423842__X3F__Y27__P001.jpg,0.830260,22.012389,ok
EES0423842__X3F__Y33__P002.jpg,0.723768,21.918853,ok
EES0423842__X3F__Y36__P003.jpg,0.936159,30.839220,ok
EES0423842__X42__Y21__P004.jpg,0.902179,24.750736,ok
EES0423842__X42__Y24__P005.jpg,0.799006,23.842450,ok
EES0423842__X42__Y2A__P006.jpg,0.870745,23.023757,ok
EES0423842__X42__Y2D__P007.jpg,0.909877,23.891138,ok
EES0423842__X21__Y2A__P008.jpg,0.844044,21.890176,ok
EES0423842__X27__Y0F__P009.jpg,0.824498,22.063666,ok
EES0423842__X27__Y2A__P010.jpg,0.921304,21.498089,ok
EES0423842__X2A__Y27__P011.jpg,0.848714,20.897912,ok
EES0423842__X2D__Y21__P012.jpg,0.877988,22.433287,ok
EES0423842__X2D__Y2A__P013.jpg,0.817962,21.332883,ok
EES0423842__X2D__Y36__P014.jpg,0.923231,22.810790,ok
EES0423842__X30__Y1B__P015.jpg,0.847782,19.637931,ok
EES0423842__X30__Y21__P016.jpg,0.706653,18.667039,ok
EES0423842__X30__Y24__P017.jpg,0.792658,19.228058,ok
EES0423842__X30__Y27__P018.jpg,0.830043,19.775886,ok
EES0423842__X30__Y2A__P019.jpg,0.859551,20.036251,ok
EES0423842__X33__Y1B__P020.jpg,0.776795,19.527351,ok
EES0423842__X33__Y21__P021.jpg,0.797816,21.246743,ok
EES0423842__X33__Y24__P022.jpg,0.585821,16.739633,ok
EES0423842__X33__Y27__P023.jpg,0.927072,22.910210,ok
EES0423842__X33__Y2A__P024.jpg,0.882277,22.568349,ok
EES0423842__X36__Y1B__P025.jpg,0.773613,20.724142,ok
EES0423843__X36__Y0C__P001.jpg,0.910585,24.742620,ok
EES0423843__X36__Y15__P002.jpg,0.653688,17.472560,ok
EES0423843__X36__Y18__P003.jpg,0.770878,22.272276,ok
EES0423843__X39__Y15__P004.jpg,0.732720,20.193077,ok
EES0423843__X39__Y18__P005.jpg,0.695931,21.656801,ok
EES0423843__X39__Y21__P006.jpg,0.772628,22.565869,ok
EES0423843__X3C__Y15__P007.jpg,0.611001,17.362429,ok
EES0423843__X3C__Y18__P008.jpg,0.797798,21.962318,ok
EES0423843__X3C__Y2D__P009.jpg,0.829228,21.905720,ok
EES0423843__X3C__Y33__P010.jpg,0.765895,22.790192,ok
EES0423843__X3F__Y27__P011.jpg,0.791131,22.974735,ok
EES0423843__X3F__Y2A__P012.jpg,0.785004,22.288575,ok
EES0423843__X3F__Y30__P013.jpg,0.587100,17.127195,ok
EES0423843__X42__Y24__P014.jpg,0.911952,23.322671,ok
EES0423843__X42__Y27__P015.jpg,0.887713,21.590488,ok
EES0423843__X42__Y2A__P016.jpg,0.709261,20.257889,ok
EES0423843__X42__Y30__P017.jpg,0.768949,21.866031,ok
EES0423843__X45__Y27__P018.jpg,0.863036,20.750730,ok
EES0423843__X45__Y2A__P019.jpg,0.862337,20.554764,ok
EES0423843__X48__Y2A__P020.jpg,0.881804,21.578362,ok
EES0423843__X03__Y1B__P021.jpg,0.902958,22.363528,ok
EES0423843__X03__Y1E__P022.jpg,0.651959,22.020556,ok
EES0423843__X03__Y21__P023.jpg,0.511181,17.884956,ok
EES0423843__X06__Y18__P024.jpg,0.915612,25.167319,ok
EES0423843__X09__Y0F__P025.jpg,0.942393,26.691826,ok
EES0423844__X45__Y2D__P001.jpg,0.879540,22.092631,ok
EES0423844__X45__Y33__P002.jpg,0.830776,22.031265,ok
EES0423844__X0C__Y30__P003.jpg,0.900009,21.560983,ok
EES0423844__X0C__Y33__P004.jpg,0.779103,20.415273,ok
EES0423844__X0F__Y2D__P005.jpg,0.924001,24.400961,ok
EES0423844__X0F__Y30__P006.jpg,0.844149,21.576550,ok
EES0423844__X0F__Y33__P007.jpg,0.818502,20.759730,ok
EES0423844__X12__Y2D__P008.jpg,0.896664,22.416643,ok
EES0423844__X12__Y30__P009.jpg,0.839165,20.895831,ok
EES0423844__X12__Y33__P010.jpg,0.786766,22.805249,ok
EES0423844__X12__Y36__P011.jpg,0.810270,21.874200,ok
EES0423844__X15__Y27__P012.jpg,0.841648,22.089868,ok
EES0423844__X15__Y2A__P013.jpg,0.768791,19.377108,ok
EES0423844__X15__Y2D__P014.jpg,0.945481,27.608901,ok
EES0423844__X15__Y33__P015.jpg,0.870542,23.089591,ok
EES0423844__X15__Y36__P016.jpg,0.853397,21.044415,ok
EES0423844__X15__Y39__P017.jpg,0.856213,20.902939,ok
EES0423844__X18__Y2A__P018.jpg,0.845330,24.233677,ok
EES0423844__X18__Y30__P019.jpg,0.870861,20.897099,ok
EES0423844__X18__Y39__P020.jpg,0.868500,21.345667,ok
EES0423844__X18__Y3C__P021.jpg,0.860090,22.254437,ok
EES0423844__X1B__Y24__P022.jpg,0.827284,21.700299,ok
EES0423844__X1B__Y27__P023.jpg,0.852581,22.079523,ok
EES0423844__X1B__Y2D__P024.jpg,0.889264,20.962101,ok
EES0423844__X1B__Y33__P025.jpg,0.863095,21.575829,ok
EES0423845__X1E__Y27__P001.jpg,0.856254,21.655178,ok
EES0423845__X1E__Y2A__P002.jpg,0.812728,22.724350,ok
EES0423845__X1E__Y2D__P003.jpg,0.715223,17.991298,ok
EES0423845__X1E__Y30__P004.jpg,0.730086,18.978520,ok
EES0423845__X21__Y27__P005.jpg,0.864649,21.295515,ok
EES0423845__X21__Y2A__P006.jpg,0.886461,22.723313,ok
EES0423845__X21__Y30__P007.jpg,0.636964,20.459435,ok
EES0423845__X24__Y2A__P008.jpg,0.856267,20.003374,ok
EES0423845__X24__Y39__P009.jpg,0.824072,23.057651,ok
EES0423845__X2A__Y0C__P010.jpg,0.892498,21.458831,ok
EES0423845__X2A__Y15__P011.jpg,0.923957,21.452475,ok
EES0423845__X2A__Y1B__P012.jpg,0.794507,23.386644,ok
EES0423845__X2A__Y1E__P013.jpg,0.919001,22.292328,ok
EES0423845__X2D__Y12__P014.jpg,0.863100,20.519105,ok
EES0423845__X30__Y0C__P015.jpg,0.853666,20.970154,ok
EES0423845__X30__Y12__P016.jpg,0.939105,25.017972,ok
EES0423845__X30__Y1E__P017.jpg,0.822048,20.001980,ok
EES0423845__X33__Y1B__P018.jpg,0.943637,26.151086,ok
EES0423845__X33__Y1E__P019.jpg,0.748239,22.843771,ok
EES0423845__X33__Y21__P020.jpg,0.881935,22.431918,ok
EES0423845__X33__Y39__P021.jpg,0.868840,20.956442,ok
EES0423845__X36__Y15__P022.jpg,0.871794,21.206063,ok
EES0423845__X36__Y1E__P023.jpg,0.898885,23.789171,ok
EES0423845__X36__Y21__P024.jpg,0.732498,21.394277,ok
EES0423845__X39__Y1E__P025.jpg,0.831195,20.926952,ok
EES0423846__X0F__Y21__P001.jpg,0.602431,17.048198,ok
EES0423846__X12__Y21__P002.jpg,0.661522,16.990377,ok
EES0423846__X3F__Y21__P003.jpg,0.669456,17.151520,ok
EES0423846__X3C__Y21__P004.jpg,0.915093,25.661968,ok
EES0423846__X03__Y33__P005.jpg,0.913710,21.097098,ok
EES0423846__X30__Y0C__P006.jpg,0.893483,20.455796,ok
EES0423846__X30__Y21__P007.jpg,0.870829,20.904908,ok
EES0423846__X33__Y0C__P008.jpg,0.908176,21.803038,ok
EES0423846__X33__Y0F__P009.jpg,0.785724,21.456366,ok
EES0423846__X33__Y12__P010.jpg,0.665832,18.496849,ok
EES0423846__X33__Y1B__P011.jpg,0.764050,18.643146,ok
EES0423846__X33__Y1E__P012.jpg,0.675128,17.358205,ok
EES0423846__X33__Y21__P013.jpg,0.846919,19.944919,ok
EES0423846__X36__Y1B__P014.jpg,0.728013,19.133593,ok
EES0423846__X36__Y21__P015.jpg,0.772543,19.708763,ok
EES0423846__X36__Y24__P016.jpg,0.628925,17.675799,ok
EES0423846__X36__Y27__P017.jpg,0.730290,20.501525,ok
EES0423846__X39__Y1B__P018.jpg,0.638432,17.818804,ok
EES0423846__X39__Y21__P019.jpg,0.804220,21.616022,ok
EES0423846__X39__Y24__P020.jpg,0.771417,21.178799,ok
EES0423846__X39__Y27__P021.jpg,0.641212,18.414888,ok
EES0423846__X3C__Y1B__P022.jpg,0.886319,20.987407,ok
EES0423846__X3C__Y1E__P023.jpg,0.808714,21.183077,ok
EES0423846__X3C__Y21__P024.jpg,0.703474,18.230469,ok
EES0423846__X3C__Y24__P025.jpg,0.635820,17.351194,ok
EES0423847__X3C__Y27__P001.jpg,0.647310,18.577574,ok
EES0423847__X3C__Y2A__P002.jpg,0.577796,17.339981,ok
EES0423847__X3C__Y2D__P003.jpg,0.764750,20.963651,ok
EES0423847__X3C__Y30__P004.jpg,0.925918,28.231315,ok
EES0423847__X06__Y1B__P005.jpg,0.930094,23.050177,ok
EES0423847__X06__Y27__P006.jpg,0.884475,21.190217,ok
EES0423847__X06__Y2A__P007.jpg,0.909978,21.971095,ok
EES0423847__X09__Y15__P008.jpg,0.925136,21.613723,ok
EES0423847__X09__Y1B__P009.jpg,0.782881,20.891487,ok
EES0423847__X09__Y1E__P010.jpg,0.896472,20.509439,ok
EES0423847__X09__Y21__P011.jpg,0.754849,21.472351,ok
EES0423847__X09__Y24__P012.jpg,0.891096,21.341051,ok
EES0423847__X09__Y2A__P013.jpg,0.928195,21.023924,ok
EES0423847__X0C__Y15__P014.jpg,0.858908,19.963041,ok
EES0423847__X0C__Y18__P015.jpg,0.776267,20.335528,ok
EES0423847__X0C__Y1B__P016.jpg,0.745952,21.146093,ok
EES0423847__X0C__Y24__P017.jpg,0.870838,21.143309,ok
EES0423847__X0C__Y27__P018.jpg,0.866798,20.417193,ok
EES0423847__X0C__Y2A__P019.jpg,0.850186,21.607289,ok
EES0423847__X0F__Y0F__P020.jpg,0.914846,21.894699,ok
EES0423847__X0F__Y15__P021.jpg,0.855060,21.871738,ok
EES0423847__X0F__Y21__P022.jpg,0.725629,21.505676,ok
EES0423847__X0F__Y27__P023.jpg,0.698988,20.645411,ok
EES0423847__X0F__Y30__P024.jpg,0.900587,22.520426,ok
EES0423847__X0F__Y33__P025.jpg,0.853701,21.075831,ok
EES0423848__X15__Y0F__P001.jpg,0.935210,25.647311,ok
EES0423848__X18__Y3F__P002.jpg,0.856975,19.982116,ok
EES0423848__X18__Y42__P003.jpg,0.709500,19.228527,ok
EES0423848__X1B__Y3F__P004.jpg,0.733893,19.843772,ok
EES0423848__X21__Y0C__P005.jpg,0.869027,19.942058,ok
EES0423848__X24__Y0C__P006.jpg,0.941106,29.176089,ok
EES0423848__X2A__Y2D__P007.jpg,0.873562,22.015384,ok
EES0423848__X2D__Y0F__P008.jpg,0.904219,28.197486,ok
EES0423848__X2D__Y39__P009.jpg,0.703575,18.543381,ok
EES0423848__X30__Y3F__P010.jpg,0.835304,21.406853,ok
EES0423848__X06__Y1B__P011.jpg,0.861586,21.497132,ok
EES0423848__X06__Y1E__P012.jpg,0.890656,22.867507,ok
EES0423848__X09__Y15__P013.jpg,0.928629,26.262447,ok
EES0423848__X09__Y18__P014.jpg,0.821165,20.587239,ok
EES0423848__X09__Y1B__P015.jpg,0.678720,20.664751,ok
EES0423848__X09__Y21__P016.jpg,0.782817,21.531170,ok
EES0423848__X09__Y24__P017.jpg,0.782515,22.083193,ok
EES0423848__X09__Y27__P018.jpg,0.670199,21.182679,ok
EES0423848__X09__Y2A__P019.jpg,0.915714,25.204399,ok
EES0423848__X09__Y2D__P020.jpg,0.852114,21.791685,ok
EES0423848__X09__Y30__P021.jpg,0.881169,20.933046,ok
EES0423848__X09__Y33__P022.jpg,0.850012,20.791937,ok
EES0423848__X0C__Y1B__P023.jpg,0.609289,20.974534,ok
EES0423848__X0C__Y1E__P024.jpg,0.676453,22.615152,ok
EES0423848__X0C__Y21__P025.jpg,0.824396,19.204809,ok
EES0423849__X1E__Y30__P001.jpg,0.806826,20.948053,ok
EES0423849__X1E__Y33__P002.jpg,0.817030,20.444367,ok
EES0423849__X1E__Y36__P003.jpg,0.872525,21.605823,ok
EES0423849__X21__Y18__P004.jpg,0.896855,23.289419,ok
EES0423849__X21__Y1B__P005.jpg,0.879423,23.995734,ok
EES0423849__X21__Y24__P006.jpg,0.805301,22.547867,ok
EES0423849__X21__Y2A__P007.jpg,0.776033,21.028407,ok
EES0423849__X21__Y2D__P008.jpg,0.832759,20.885901,ok
EES0423849__X21__Y30__P009.jpg,0.755806,19.269950,ok
EES0423849__X21__Y33__P010.jpg,0.806571,19.739185,ok
EES0423849__X21__Y36__P011.jpg,0.827239,21.328771,ok
EES0423849__X24__Y0C__P012.jpg,0.871737,21.456103,ok
EES0423849__X24__Y24__P013.jpg,0.888892,21.537371,ok
EES0423849__X24__Y27__P014.jpg,0.788908,20.762322,ok
EES0423849__X24__Y2A__P015.jpg,0.815473,21.695987,ok
EES0423849__X24__Y30__P016.jpg,0.830616,20.408182,ok
EES0423849__X24__Y33__P017.jpg,0.884634,22.018350,ok
EES0423849__X24__Y36__P018.jpg,0.836431,21.705712,ok
EES0423849__X27__Y30__P019.jpg,0.831188,21.574231,ok
EES0423849__X27__Y33__P020.jpg,0.774226,21.043455,ok
EES0423849__X27__Y36__P021.jpg,0.850226,21.031291,ok
EES0423849__X2A__Y15__P022.jpg,0.917208,24.060900,ok
EES0423849__X2A__Y21__P023.jpg,0.864393,20.867463,ok
EES0423849__X2A__Y2A__P024.jpg,0.888176,21.152327,ok
EES0423849__X2A__Y2D__P025.jpg,0.851580,20.902853,ok
EES0423850__X12__Y21__P001.jpg,0.879889,20.776155,ok
EES0423850__X12__Y27__P002.jpg,0.716519,17.421619,ok
EES0423850__X12__Y2A__P003.jpg,0.753123,18.332307,ok
EES0423850__X2D__Y0C__P004.jpg,0.797063,23.401226,ok
EES0423850__X30__Y42__P005.jpg,0.859467,19.450889,ok
EES0423850__X3F__Y1E__P006.jpg,0.707481,18.164573,ok
EES0423850__X1B__Y09__P007.jpg,0.745000,20.120274,ok
EES0423850__X30__Y06__P008.jpg,0.735291,16.761689,ok
EES0423850__X33__Y06__P009.jpg,0.837940,20.970308,ok
EES0423850__X36__Y0C__P010.jpg,0.693007,16.282339,ok
EES0423850__X36__Y0F__P011.jpg,0.736697,17.610388,ok
EES0423850__X39__Y18__P012.jpg,0.704144,16.591026,ok
EES0423850__X3C__Y0F__P013.jpg,0.681426,17.579239,ok
EES0423850__X3C__Y15__P014.jpg,0.641439,16.535873,ok
EES0423850__X3F__Y39__P015.jpg,0.809573,21.130502,ok
EES0423850__X42__Y36__P016.jpg,0.747008,17.222627,ok
EES0423850__X45__Y33__P017.jpg,0.808615,20.355587,ok
EES0423850__X45__Y36__P018.jpg,0.699730,15.959102,ok
EES0423850__X48__Y15__P019.jpg,0.931893,26.159474,ok
EES0423850__X48__Y21__P020.jpg,0.670427,16.040368,ok
EES0423850__X48__Y30__P021.jpg,0.813703,21.566264,ok
EES0423850__X48__Y33__P022.jpg,0.933528,24.835673,ok
EES0423850__X0C__Y21__P023.jpg,0.881730,21.361523,ok
EES0423850__X0C__Y24__P024.jpg,0.783690,22.376669,ok
EES0423850__X0C__Y2D__P025.jpg,0.839331,23.818053,ok
EES0423851__X3F__Y24__P001.jpg,0.666120,18.466066,ok
EES0423851__X2D__Y1B__P002.jpg,0.855572,21.992435,ok
EES0423851__X33__Y0C__P003.jpg,0.943815,24.201983,ok
EES0423851__X3C__Y1E__P004.jpg,0.834441,20.566503,ok
EES0423851__X3C__Y21__P005.jpg,0.811968,20.859396,ok
EES0423851__X3C__Y27__P006.jpg,0.854888,17.359325,ok
EES0423851__X3F__Y18__P007.jpg,0.908964,21.231768,ok
EES0423851__X3F__Y1E__P008.jpg,0.923202,22.004661,ok
EES0423851__X42__Y1B__P009.jpg,0.877145,20.684325,ok
EES0423851__X48__Y18__P010.jpg,0.582624,14.008937,ok
EES0423851__X1E__Y39__P011.jpg,0.923087,22.879024,ok
EES0423851__X27__Y3F__P012.jpg,0.881209,19.859760,ok
EES0423851__X30__Y30__P013.jpg,0.931109,23.879024,ok
EES0423851__X39__Y1E__P014.jpg,0.865069,20.551867,ok
EES0423851__X39__Y21__P015.jpg,0.880433,19.660988,ok
EES0423851__X3C__Y24__P016.jpg,0.893988,20.787022,ok
EES0423851__X1B__Y09__P017.jpg,0.702288,18.798337,ok
EES0423851__X1B__Y1B__P018.jpg,0.588577,16.941193,ok
EES0423851__X24__Y2D__P019.jpg,0.639830,16.863152,ok
EES0423851__X24__Y30__P020.jpg,0.763825,19.871506,ok
EES0423851__X36__Y30__P021.jpg,0.570466,15.810824,ok
EES0423851__X39__Y06__P022.jpg,0.875821,22.190900,ok
EES0423851__X45__Y18__P023.jpg,0.881537,21.368607,ok
EES0423851__X45__Y21__P024.jpg,0.835949,21.308047,ok
EES0423851__X45__Y24__P025.jpg,0.937762,25.381834,ok
EES0423852__X15__Y2D__P001.jpg,0.676008,18.051805,ok
EES0423852__X15__Y30__P002.jpg,0.812818,21.299311,ok
EES0423852__X18__Y24__P003.jpg,0.678684,16.842048,ok
EES0423852__X18__Y2A__P004.jpg,0.702381,17.654462,ok
EES0423852__X1B__Y21__P005.jpg,0.672311,16.931312,ok
EES0423852__X1B__Y27__P006.jpg,0.784749,19.555568,ok
EES0423852__X1B__Y2D__P007.jpg,0.748820,18.573954,ok
EES0423852__X1B__Y30__P008.jpg,0.837645,21.913093,ok
EES0423852__X1B__Y33__P009.jpg,0.732157,18.861360,ok
EES0423852__X1B__Y36__P010.jpg,0.646278,17.124971,ok
EES0423852__X1E__Y24__P011.jpg,0.818283,21.430348,ok
EES0423852__X1E__Y27__P012.jpg,0.731703,17.608198,ok
EES0423852__X1E__Y33__P013.jpg,0.808207,22.028890,ok
EES0423852__X1E__Y36__P014.jpg,0.864525,22.433932,ok
EES0423852__X1E__Y3C__P015.jpg,0.690436,17.108415,ok
EES0423852__X21__Y30__P016.jpg,0.703225,17.741843,ok
EES0423852__X21__Y33__P017.jpg,0.728144,17.984496,ok
EES0423852__X21__Y36__P018.jpg,0.749866,20.770219,ok
EES0423852__X21__Y39__P019.jpg,0.719790,17.424742,ok
EES0423852__X24__Y1B__P020.jpg,0.721202,16.896586,ok
EES0423852__X24__Y24__P021.jpg,0.653650,17.778941,ok
EES0423852__X24__Y27__P022.jpg,0.638327,17.281894,ok
EES0423852__X24__Y36__P023.jpg,0.647322,18.334877,ok
EES0423852__X24__Y39__P024.jpg,0.715288,18.932269,ok
EES0423852__X24__Y3C__P025.jpg,0.815751,19.832853,ok
EES0423853__X27__Y3F__P001.jpg,0.610595,16.873197,ok
EES0423853__X2A__Y36__P002.jpg,0.678126,16.602980,ok
EES0423853__X2A__Y3F__P003.jpg,0.777736,20.571332,ok
EES0423853__X30__Y3C__P004.jpg,0.727290,20.530310,ok
EES0423853__X33__Y21__P005.jpg,0.818320,21.907515,ok
EES0423853__X33__Y24__P006.jpg,0.675298,18.381146,ok
EES0423853__X33__Y3C__P007.jpg,0.713224,18.947065,ok
EES0423853__X36__Y27__P008.jpg,0.739034,19.689251,ok
EES0423853__X39__Y1E__P009.jpg,0.766909,20.116330,ok
EES0423853__X39__Y27__P010.jpg,0.648084,17.625488,ok
EES0423853__X3C__Y27__P011.jpg,0.837092,21.829306,ok
EES0423853__X3F__Y24__P012.jpg,0.778552,19.653125,ok
EES0423853__X42__Y27__P013.jpg,0.788160,21.741576,ok
EES0423853__X2D__Y27__P014.jpg,0.767987,19.957523,ok
EES0423853__X30__Y27__P015.jpg,0.877020,21.689585,ok
EES0423853__X36__Y24__P016.jpg,0.814296,19.692951,ok
EES0423853__X36__Y2A__P017.jpg,0.774360,19.418117,ok
EES0423853__X36__Y2D__P018.jpg,0.752099,18.798568,ok
EES0423853__X3C__Y2D__P019.jpg,0.803567,19.328004,ok
EES0423853__X42__Y24__P020.jpg,0.724029,18.288455,ok
EES0423853__X42__Y27__P021.jpg,0.784611,19.519582,ok
EES0423853__X45__Y24__P022.jpg,0.851596,21.079832,ok
EES0423853__X48__Y2A__P023.jpg,0.821607,20.519453,ok
EES0423853__X0F__Y21__P024.jpg,0.725519,21.482010,ok
EES0423853__X12__Y24__P025.jpg,0.707631,17.211358,ok
EES0423854__X09__Y1E__P001.jpg,0.859379,21.565995,ok
EES0423854__X09__Y21__P002.jpg,0.780693,21.149794,ok
EES0423854__X0F__Y33__P003.jpg,0.743547,17.763176,ok
EES0423854__X12__Y39__P004.jpg,0.829144,22.168983,ok
EES0423854__X3C__Y33__P005.jpg,0.746706,16.060449,ok
EES0423854__X1B__Y09__P006.jpg,0.853843,20.792256,ok
EES0423854__X33__Y3F__P007.jpg,0.881976,19.861491,ok
EES0423854__X45__Y1B__P008.jpg,0.928266,21.528770,ok
EES0423854__X12__Y21__P009.jpg,0.724821,18.493663,ok
EES0423854__X12__Y24__P010.jpg,0.712530,18.200737,ok
EES0423854__X15__Y21__P011.jpg,0.759434,17.786645,ok
EES0423854__X1B__Y09__P012.jpg,0.941969,29.500707,ok
EES0423854__X1B__Y0C__P013.jpg,0.708654,17.893127,ok
EES0423854__X1B__Y0F__P014.jpg,0.780092,21.389992,ok
EES0423854__X1B__Y3C__P015.jpg,0.844517,21.721789,ok
EES0423854__X1E__Y0C__P016.jpg,0.821845,21.979179,ok
EES0423854__X21__Y0F__P017.jpg,0.633235,17.009733,ok
EES0423854__X21__Y3F__P018.jpg,0.917440,25.106312,ok
EES0423854__X2D__Y06__P019.jpg,0.737586,17.693274,ok
EES0423854__X39__Y09__P020.jpg,0.824303,22.223599,ok
EES0423854__X45__Y18__P021.jpg,0.866919,21.536612,ok
EES0423854__X45__Y1B__P022.jpg,0.631555,16.198541,ok
EES0423854__X12__Y24__P023.jpg,0.831724,20.916935,ok
EES0423854__X0C__Y1B__P024.jpg,0.767284,20.489027,ok
EES0423854__X0C__Y1E__P025.jpg,0.567613,16.347991,ok
EES0423855__X48__Y18__P001.jpg,0.869177,20.900966,ok
EES0423855__X48__Y1B__P002.jpg,0.674224,16.877031,ok
EES0423855__X12__Y27__P003.jpg,0.847647,21.118529,ok
EES0423855__X12__Y2A__P004.jpg,0.698711,17.757950,ok
EES0423855__X15__Y21__P005.jpg,0.693872,17.487555,ok
EES0423855__X15__Y27__P006.jpg,0.652490,17.603624,ok
EES0423855__X15__Y2A__P007.jpg,0.756268,22.212588,ok
EES0423855__X15__Y2D__P008.jpg,0.716385,17.112016,ok
EES0423855__X15__Y30__P009.jpg,0.589008,16.763434,ok
EES0423855__X15__Y36__P010.jpg,0.700258,17.647822,ok
EES0423855__X18__Y21__P011.jpg,0.754439,17.905678,ok
EES0423855__X18__Y27__P012.jpg,0.610464,16.382397,ok
EES0423855__X18__Y2A__P013.jpg,0.688442,18.823465,ok
EES0423855__X1B__Y21__P014.jpg,0.663488,17.895512,ok
EES0423855__X1E__Y15__P015.jpg,0.744464,17.931194,ok
EES0423855__X1E__Y18__P016.jpg,0.856324,22.272343,ok
EES0423855__X1E__Y21__P017.jpg,0.748022,19.448064,ok
EES0423855__X1E__Y24__P018.jpg,0.811333,21.771801,ok
EES0423855__X1E__Y27__P019.jpg,0.725355,18.223330,ok
EES0423855__X1E__Y2A__P020.jpg,0.629701,16.595938,ok
EES0423855__X1E__Y36__P021.jpg,0.771699,17.341812,ok
EES0423855__X21__Y15__P022.jpg,0.703801,17.142929,ok
EES0423855__X21__Y27__P023.jpg,0.627017,16.429192,ok
EES0423855__X21__Y2A__P024.jpg,0.656528,17.390680,ok
EES0423855__X21__Y30__P025.jpg,0.786725,21.018999,ok
EES0423856__X24__Y12__P001.jpg,0.814069,21.563570,ok
EES0423856__X24__Y21__P002.jpg,0.694168,17.689221,ok
EES0423856__X24__Y30__P003.jpg,0.874139,22.261146,ok
EES0423856__X24__Y3C__P004.jpg,0.478343,15.180171,ok
EES0423856__X27__Y12__P005.jpg,0.824299,21.536022,ok
EES0423856__X27__Y18__P006.jpg,0.680265,17.401637,ok
EES0423856__X27__Y2A__P007.jpg,0.686942,18.256123,ok
EES0423856__X27__Y2D__P008.jpg,0.791763,20.808801,ok
EES0423856__X27__Y30__P009.jpg,0.802315,22.109360,ok
EES0423856__X27__Y33__P010.jpg,0.683194,18.405777,ok
EES0423856__X27__Y36__P011.jpg,0.783521,19.924993,ok
EES0423856__X27__Y3C__P012.jpg,0.688107,17.412226,ok
EES0423856__X2A__Y0C__P013.jpg,0.837027,20.075703,ok
EES0423856__X2A__Y2D__P014.jpg,0.680323,17.597845,ok
EES0423856__X2A__Y30__P015.jpg,0.695806,17.231239,ok
EES0423856__X2D__Y12__P016.jpg,0.743896,18.163933,ok
EES0423856__X2D__Y39__P017.jpg,0.753624,19.406827,ok
EES0423856__X30__Y12__P018.jpg,0.709236,17.826568,ok
EES0423856__X30__Y27__P019.jpg,0.698925,17.542155,ok
EES0423856__X30__Y36__P020.jpg,0.795841,19.650955,ok
EES0423856__X33__Y12__P021.jpg,0.733161,18.697350,ok
EES0423856__X33__Y21__P022.jpg,0.659263,17.494432,ok
EES0423856__X33__Y33__P023.jpg,0.826333,22.380629,ok
EES0423856__X24__Y06__P024.jpg,0.904145,21.961601,ok
EES0423856__X27__Y06__P025.jpg,0.888374,20.322219,ok
EES0423857__X45__Y27__P001.jpg,0.761968,18.997762,ok
EES0423857__X45__Y2A__P002.jpg,0.885690,21.628585,ok
EES0423857__X45__Y2D__P003.jpg,0.757920,19.378722,ok
EES0423857__X12__Y21__P004.jpg,0.862537,21.405090,ok
EES0423857__X24__Y33__P005.jpg,0.856897,20.946326,ok
EES0423857__X24__Y36__P006.jpg,0.909761,18.621207,ok
EES0423857__X27__Y27__P007.jpg,0.893326,20.990035,ok
EES0423857__X27__Y42__P008.jpg,0.862080,21.327073,ok
EES0423857__X36__Y42__P009.jpg,0.818163,22.050819,ok
EES0423857__X39__Y12__P010.jpg,0.867156,21.036695,ok
EES0423857__X3C__Y27__P011.jpg,0.814505,21.266969,ok
EES0423857__X3C__Y30__P012.jpg,0.904011,20.679065,ok
EES0423857__X3F__Y24__P013.jpg,0.851061,21.084206,ok
EES0423857__X0F__Y2A__P014.jpg,0.843753,18.351533,ok
EES0423857__X12__Y1E__P015.jpg,0.577530,15.681871,ok
EES0423857__X15__Y21__P016.jpg,0.742295,17.908596,ok
EES0423857__X18__Y36__P017.jpg,0.775384,21.619392,ok
EES0423857__X1B__Y39__P018.jpg,0.509194,16.535574,ok
EES0423857__X30__Y36__P019.jpg,0.592868,15.322601,ok
EES0423857__X30__Y3C__P020.jpg,0.593642,15.932227,ok
EES0423857__X36__Y39__P021.jpg,0.577264,16.953467,ok
EES0423857__X39__Y36__P022.jpg,0.636150,17.102108,ok
EES0423857__X0C__Y27__P023.jpg,0.822401,23.010099,ok
EES0423857__X12__Y18__P024.jpg,0.901802,22.162022,ok
EES0423857__X18__Y0C__P025.jpg,0.920156,24.067062,ok
EES0423858__X18__Y24__P001.jpg,0.946350,28.159003,ok
EES0423858__X18__Y2A__P002.jpg,0.883885,20.910943,ok
EES0423858__X1B__Y2A__P003.jpg,0.944226,23.550751,ok
EES0423858__X1B__Y33__P004.jpg,0.931045,21.581431,ok
EES0423858__X1E__Y1B__P005.jpg,0.851238,22.870470,ok
EES0423858__X21__Y1B__P006.jpg,0.733293,18.277547,ok
EES0423858__X21__Y24__P007.jpg,0.929739,20.629782,ok
EES0423858__X21__Y27__P008.jpg,0.842290,21.327047,ok
EES0423858__X24__Y09__P009.jpg,0.842849,20.484217,ok
EES0423858__X24__Y21__P010.jpg,0.845724,23.017115,ok
EES0423858__X24__Y27__P011.jpg,0.900107,20.083165,ok
EES0423858__X27__Y2A__P012.jpg,0.903415,21.956080,ok
EES0423858__X30__Y0F__P013.jpg,0.861455,19.230888,ok
EES0423858__X33__Y24__P014.jpg,0.819845,22.193946,ok
EES0423858__X36__Y0C__P015.jpg,0.815095,22.447715,ok
EES0423858__X36__Y0F__P016.jpg,0.878001,19.704423,ok
EES0423858__X36__Y1E__P017.jpg,0.819589,21.630781,ok
EES0423858__X36__Y21__P018.jpg,0.833493,20.475516,ok
EES0423858__X36__Y24__P019.jpg,0.874480,21.330050,ok
EES0423858__X39__Y12__P020.jpg,0.807816,23.388426,ok
EES0423858__X39__Y30__P021.jpg,0.900684,24.252720,ok
EES0423858__X3C__Y18__P022.jpg,0.840549,23.063458,ok
EES0423858__X21__Y27__P023.jpg,0.799363,20.372872,ok
EES0423858__X24__Y2D__P024.jpg,0.652234,18.453918,ok
EES0423858__X24__Y3F__P025.jpg,0.849185,21.632227,ok
EES0423859__X27__Y39__P001.jpg,0.631937,16.934676,ok
EES0423859__X27__Y3F__P002.jpg,0.824397,22.654045,ok
EES0423859__X27__Y42__P003.jpg,0.905495,19.618879,ok
EES0423859__X2A__Y39__P004.jpg,0.855952,21.009216,ok
EES0423859__X2D__Y27__P005.jpg,0.814227,20.251675,ok
EES0423859__X3F__Y21__P006.jpg,0.841425,20.674487,ok
EES0423859__X1E__Y33__P007.jpg,0.645748,18.080545,ok
EES0423859__X21__Y21__P008.jpg,0.792209,21.745589,ok
EES0423859__X24__Y24__P009.jpg,0.695145,18.542219,ok
EES0423859__X27__Y12__P010.jpg,0.735866,20.609153,ok
EES0423859__X2A__Y1B__P011.jpg,0.769537,21.848453,ok
EES0423859__X3C__Y15__P012.jpg,0.744513,21.600663,ok
EES0423859__X15__Y33__P013.jpg,0.702584,16.290798,ok
EES0423859__X24__Y21__P014.jpg,0.663079,16.702762,ok
EES0423859__X30__Y1E__P015.jpg,0.652024,17.799008,ok
EES0423859__X30__Y3C__P016.jpg,0.844118,21.271119,ok
EES0423859__X33__Y09__P017.jpg,0.691934,18.698375,ok
EES0423859__X33__Y0C__P018.jpg,0.633037,17.795441,ok
EES0423859__X3C__Y09__P019.jpg,0.705892,16.925065,ok
EES0423859__X3C__Y0C__P020.jpg,0.691941,18.243036,ok
EES0423859__X3C__Y0F__P021.jpg,0.662456,17.757232,ok
EES0423859__X3C__Y12__P022.jpg,0.626472,16.962376,ok
EES0423859__X3C__Y30__P023.jpg,0.509263,16.078398,ok
EES0423859__X42__Y1B__P024.jpg,0.663981,18.007560,ok
EES0423859__X42__Y21__P025.jpg,0.739061,19.568547,ok
EES0423860__X45__Y1B__P001.jpg,0.652907,17.830262,ok
EES0423860__X0C__Y2A__P002.jpg,0.655654,16.765020,ok
EES0423860__X0C__Y2D__P003.jpg,0.810244,21.331810,ok
EES0423860__X0F__Y33__P004.jpg,0.879794,18.855681,ok
EES0423860__X12__Y36__P005.jpg,0.619625,16.120504,ok
EES0423860__X12__Y3C__P006.jpg,0.541978,11.017479,ok
EES0423860__X15__Y39__P007.jpg,0.751679,18.135487,ok
EES0423860__X15__Y3C__P008.jpg,0.875182,20.881967,ok
EES0423860__X1B__Y09__P009.jpg,0.810199,20.336391,ok
EES0423860__X33__Y3F__P010.jpg,0.902997,20.583361,ok
EES0423860__X3C__Y39__P011.jpg,0.934932,24.433715,ok
EES0423860__X42__Y1B__P012.jpg,0.837499,20.214215,ok
EES0423860__X12__Y24__P013.jpg,0.834108,21.185735,ok
EES0423860__X39__Y24__P014.jpg,0.686142,16.925695,ok
EES0423860__X48__Y21__P015.jpg,0.656169,13.962590,ok
EES0423860__X0F__Y39__P016.jpg,0.525874,10.287039,ok
EES0423860__X12__Y36__P017.jpg,0.929403,24.814713,ok
EES0423860__X15__Y33__P018.jpg,0.900245,21.741087,ok
EES0423860__X1E__Y30__P019.jpg,0.796233,20.066839,ok
EES0423860__X27__Y1B__P020.jpg,0.846545,22.466678,ok
EES0423860__X2A__Y0F__P021.jpg,0.695805,16.795071,ok
EES0423860__X30__Y15__P022.jpg,0.867266,20.294361,ok
EES0423860__X30__Y24__P023.jpg,0.804946,19.727827,ok
EES0423860__X33__Y36__P024.jpg,0.830176,20.944250,ok
EES0423860__X36__Y24__P025.jpg,0.808449,21.058583,ok
EES0423861__X36__Y30__P001.jpg,0.860878,21.296143,ok
EES0423861__X36__Y36__P002.jpg,0.896963,20.197243,ok
EES0423861__X39__Y0F__P003.jpg,0.908366,24.079989,ok
EES0423861__X39__Y1E__P004.jpg,0.759252,18.458176,ok
EES0423861__X39__Y24__P005.jpg,0.735372,17.131040,ok
EES0423861__X39__Y30__P006.jpg,0.921178,22.676492,ok
EES0423861__X39__Y36__P007.jpg,0.840342,21.444799,ok
EES0423861__X3C__Y1B__P008.jpg,0.801636,18.321683,ok
EES0423861__X3F__Y21__P009.jpg,0.858688,21.313810,ok
EES0423861__X42__Y1E__P010.jpg,0.887961,21.703923,ok
EES0423861__X42__Y21__P011.jpg,0.779951,20.339503,ok
EES0423861__X15__Y33__P012.jpg,0.792311,21.315989,ok
EES0423861__X18__Y24__P013.jpg,0.725350,17.522758,ok
EES0423861__X1B__Y1B__P014.jpg,0.674144,17.376351,ok
EES0423861__X1E__Y0C__P015.jpg,0.792718,20.502015,ok
EES0423861__X1E__Y1B__P016.jpg,0.787017,20.949457,ok
EES0423861__X1E__Y21__P017.jpg,0.820018,20.597635,ok
EES0423861__X1E__Y27__P018.jpg,0.761475,18.902237,ok
EES0423861__X1E__Y2A__P019.jpg,0.781543,20.383407,ok
EES0423861__X1E__Y30__P020.jpg,0.706523,17.282218,ok
EES0423861__X21__Y24__P021.jpg,0.777239,20.192172,ok
EES0423861__X24__Y0C__P022.jpg,0.816398,20.010566,ok
EES0423861__X24__Y1E__P023.jpg,0.777557,20.550713,ok
EES0423861__X24__Y2D__P024.jpg,0.785851,20.860017,ok
EES0423861__X27__Y2D__P025.jpg,0.705682,18.753116,ok
EES0423862__X2A__Y0F__P001.jpg,0.664205,16.710286,ok
EES0423862__X2A__Y3C__P002.jpg,0.841383,20.277666,ok
EES0423862__X2D__Y1E__P003.jpg,0.786842,21.946795,ok
EES0423862__X2D__Y21__P004.jpg,0.750763,20.607677,ok
EES0423862__X2D__Y27__P005.jpg,0.699720,17.299536,ok
EES0423862__X2D__Y3F__P006.jpg,0.843380,21.985247,ok
EES0423862__X33__Y2A__P007.jpg,0.740345,19.340669,ok
EES0423862__X33__Y2D__P008.jpg,0.740390,19.201970,ok
EES0423862__X33__Y30__P009.jpg,0.773689,20.350348,ok
EES0423862__X33__Y33__P010.jpg,0.715258,18.065829,ok
EES0423862__X33__Y39__P011.jpg,0.771071,20.645523,ok
EES0423862__X36__Y15__P012.jpg,0.770077,20.156096,ok
EES0423862__X36__Y18__P013.jpg,0.812309,21.084609,ok
EES0423862__X36__Y30__P014.jpg,0.625494,16.496314,ok
EES0423862__X36__Y33__P015.jpg,0.629299,15.836576,ok
EES0423862__X39__Y2A__P016.jpg,0.696437,17.504413,ok
EES0423862__X39__Y30__P017.jpg,0.713079,18.157440,ok
EES0423862__X39__Y33__P018.jpg,0.653473,17.115784,ok
EES0423862__X39__Y36__P019.jpg,0.674424,16.386442,ok
EES0423862__X3C__Y18__P020.jpg,0.694397,16.867855,ok
EES0423862__X3C__Y1B__P021.jpg,0.747063,19.477766,ok
EES0423862__X3C__Y30__P022.jpg,0.735506,17.177868,ok
EES0423862__X3F__Y27__P023.jpg,0.762749,19.869426,ok
EES0423862__X3F__Y2A__P024.jpg,0.653267,16.311220,ok
EES0423862__X3F__Y33__P025.jpg,0.746638,18.914424,ok
EES0423863__X42__Y2A__P001.jpg,0.775341,21.357284,ok
EES0423863__X45__Y24__P002.jpg,0.708548,17.690129,ok
EES0423863__X09__Y24__P003.jpg,0.918677,24.069192,ok
EES0423863__X15__Y18__P004.jpg,0.688631,19.657732,ok
EES0423863__X1B__Y21__P005.jpg,0.457423,15.630389,ok
EES0423863__X36__Y2D__P006.jpg,0.470493,15.437294,ok
EES0423863__X39__Y2A__P007.jpg,0.536648,16.026973,ok
EES0423863__X3F__Y2D__P008.jpg,0.442651,15.569308,ok
EES0423863__X1B__Y3F__P009.jpg,0.838627,21.488103,ok
EES0423863__X1E__Y21__P010.jpg,0.884389,21.754150,ok
EES0423863__X1E__Y27__P011.jpg,0.902398,22.453775,ok
EES0423863__X21__Y2D__P012.jpg,0.892344,22.348096,ok
EES0423863__X21__Y3F__P013.jpg,0.834893,20.760938,ok
EES0423863__X24__Y3F__P014.jpg,0.832453,20.845421,ok
EES0423863__X27__Y0F__P015.jpg,0.895337,22.040840,ok
EES0423863__X27__Y3F__P016.jpg,0.706691,17.020546,ok
EES0423863__X2A__Y09__P017.jpg,0.905369,21.508649,ok
EES0423863__X2A__Y2D__P018.jpg,0.867968,20.165836,ok
EES0423863__X2A__Y3F__P019.jpg,0.790689,19.825462,ok
EES0423863__X2D__Y12__P020.jpg,0.893245,20.450877,ok
EES0423863__X2D__Y15__P021.jpg,0.834188,21.086796,ok
EES0423863__X2D__Y1E__P022.jpg,0.865260,20.884193,ok
EES0423863__X2D__Y21__P023.jpg,0.833448,22.029060,ok
EES0423863__X2D__Y36__P024.jpg,0.697843,16.396501,ok
EES0423863__X30__Y39__P025.jpg,0.832481,20.900868,ok
EES0423864__X33__Y0F__P001.jpg,0.869116,21.127888,ok
EES0423864__X33__Y21__P002.jpg,0.808792,21.777167,ok
EES0423864__X33__Y33__P003.jpg,0.880514,21.862527,ok
EES0423864__X33__Y39__P004.jpg,0.895973,23.917331,ok
EES0423864__X36__Y33__P005.jpg,0.872292,21.251318,ok
EES0423864__X39__Y30__P006.jpg,0.847463,22.012385,ok
EES0423864__X15__Y2A__P007.jpg,0.638690,17.100467,ok
EES0423864__X15__Y30__P008.jpg,0.776105,21.421277,ok
EES0423864__X18__Y30__P009.jpg,0.699725,21.101950,ok
EES0423864__X18__Y36__P010.jpg,0.597570,17.075162,ok
EES0423864__X1E__Y3C__P011.jpg,0.807573,23.056273,ok
EES0423864__X21__Y39__P012.jpg,0.752304,21.008460,ok
EES0423864__X21__Y3C__P013.jpg,0.925486,21.875598,ok
EES0423864__X24__Y06__P014.jpg,0.596724,17.760623,ok
EES0423864__X30__Y06__P015.jpg,0.895101,20.376067,ok
EES0423864__X33__Y09__P016.jpg,0.848384,21.492540,ok
EES0423864__X36__Y06__P017.jpg,0.554617,11.846527,ok
EES0423864__X36__Y09__P018.jpg,0.842792,19.784504,ok
EES0423864__X3F__Y2A__P019.jpg,0.758924,21.301481,ok
EES0423864__X42__Y1E__P020.jpg,0.771019,20.879446,ok
EES0423864__X42__Y30__P021.jpg,0.697676,20.385765,ok
EES0423864__X2D__Y42__P022.jpg,0.926762,22.699933,ok
EES0423864__X09__Y1B__P023.jpg,0.834606,18.279825,ok
EES0423864__X09__Y21__P024.jpg,0.796551,18.700053,ok
EES0423864__X1E__Y06__P025.jpg,0.909898,19.295314,ok
EES0423865__X15__Y15__P001.jpg,0.876024,20.057009,ok
EES0423865__X15__Y1B__P002.jpg,0.490173,16.547540,ok
EES0423865__X15__Y3F__P003.jpg,0.973168,25.491592,ok
EES0423865__X1B__Y0C__P004.jpg,0.922013,19.730184,ok
EES0423865__X1B__Y0F__P005.jpg,0.673497,17.666405,ok
EES0423865__X1E__Y0C__P006.jpg,0.719690,18.015177,ok
EES0423865__X1E__Y0F__P007.jpg,0.631132,16.770445,ok
EES0423865__X21__Y0C__P008.jpg,0.640523,17.529714,ok
EES0423865__X21__Y0F__P009.jpg,0.571326,16.859508,ok
EES0423865__X24__Y0C__P010.jpg,0.622357,17.673554,ok
EES0423865__X24__Y0F__P011.jpg,0.604956,16.936546,ok
EES0423865__X27__Y0C__P012.jpg,0.688203,17.923083,ok
EES0423865__X27__Y45__P013.jpg,0.812723,20.739263,ok
EES0423865__X2A__Y0C__P014.jpg,0.575821,17.447306,ok
EES0423865__X2A__Y45__P015.jpg,0.665663,17.124539,ok
EES0423865__X2D__Y0C__P016.jpg,0.610972,16.417407,ok
EES0423865__X2D__Y45__P017.jpg,0.915358,21.298297,ok
EES0423865__X30__Y45__P018.jpg,0.955540,20.766888,ok
EES0423865__X42__Y30__P019.jpg,0.803167,20.446531,ok
EES0423865__X42__Y33__P020.jpg,0.492329,15.264107,ok
EES0423865__X09__Y24__P021.jpg,0.960005,22.258526,ok
EES0423865__X0C__Y1E__P022.jpg,0.880273,20.761710,ok
EES0423865__X0F__Y18__P023.jpg,0.972420,24.184744,ok
EES0423865__X12__Y30__P024.jpg,0.614082,16.234405,ok
EES0423865__X18__Y39__P025.jpg,0.693041,17.607943,ok
EES0423866__X0C__Y1B__P001.jpg,0.875471,20.223983,ok
EES0423866__X0F__Y0F__P002.jpg,0.954655,20.126613,ok
EES0423866__X0F__Y1B__P003.jpg,0.691233,17.223126,ok
EES0423866__X0F__Y21__P004.jpg,0.662065,17.905267,ok
EES0423866__X12__Y18__P005.jpg,0.638080,16.461121,ok
EES0423866__X12__Y1B__P006.jpg,0.589529,16.939015,ok
EES0423866__X12__Y1E__P007.jpg,0.693286,18.026807,ok
EES0423866__X12__Y21__P008.jpg,0.639181,16.787368,ok
EES0423866__X12__Y27__P009.jpg,0.826072,19.757746,ok
EES0423866__X15__Y30__P010.jpg,0.859846,19.756839,ok
EES0423866__X18__Y09__P011.jpg,0.965465,20.705548,ok
EES0423866__X18__Y2D__P012.jpg,0.733600,17.279730,ok
EES0423866__X18__Y30__P013.jpg,0.660186,16.528906,ok
EES0423866__X1B__Y30__P014.jpg,0.654954,17.456360,ok
EES0423866__X1B__Y33__P015.jpg,0.645755,17.432506,ok
EES0423866__X1B__Y36__P016.jpg,0.677609,16.821665,ok
EES0423866__X1E__Y30__P017.jpg,0.616526,18.127621,ok
EES0423866__X1E__Y33__P018.jpg,0.652489,17.255772,ok
EES0423866__X1E__Y36__P019.jpg,0.684957,18.104358,ok
EES0423866__X1E__Y39__P020.jpg,0.787191,18.710956,ok
EES0423866__X21__Y36__P021.jpg,0.614802,16.685224,ok
EES0423866__X21__Y39__P022.jpg,0.730240,17.406854,ok
EES0423866__X21__Y3C__P023.jpg,0.876993,19.587908,ok
EES0423866__X24__Y06__P024.jpg,0.818085,20.567295,ok
EES0423866__X24__Y3C__P025.jpg,0.842731,19.057984,ok
EES0423867__X15__Y30__P001.jpg,0.706594,17.677076,ok
EES0423867__X15__Y33__P002.jpg,0.909460,21.000306,ok
EES0423867__X18__Y30__P003.jpg,0.721938,16.358306,ok
EES0423867__X1B__Y30__P004.jpg,0.714923,17.286218,ok
EES0423867__X21__Y33__P005.jpg,0.656141,16.905486,ok
EES0423867__X21__Y3C__P006.jpg,0.768565,18.977941,ok
EES0423867__X24__Y33__P007.jpg,0.586193,16.601478,ok
EES0423867__X24__Y3C__P008.jpg,0.817798,21.453908,ok
EES0423867__X48__Y1E__P009.jpg,0.926730,21.337523,ok
EES0423867__X06__Y33__P010.jpg,0.900975,21.467379,ok
EES0423867__X09__Y21__P011.jpg,0.902258,23.702378,ok
EES0423867__X09__Y33__P012.jpg,0.933017,27.100455,ok
EES0423867__X09__Y39__P013.jpg,0.855930,21.693545,ok
EES0423867__X0C__Y24__P014.jpg,0.846717,20.622284,ok
EES0423867__X0C__Y2A__P015.jpg,0.871529,20.417375,ok
EES0423867__X0C__Y30__P016.jpg,0.848849,20.330474,ok
EES0423867__X0C__Y33__P017.jpg,0.809373,21.553563,ok
EES0423867__X0C__Y36__P018.jpg,0.938293,25.611735,ok
EES0423867__X0F__Y1B__P019.jpg,0.873431,22.638838,ok
EES0423867__X0F__Y30__P020.jpg,0.867888,22.502138,ok
EES0423867__X0F__Y36__P021.jpg,0.737270,20.308527,ok
EES0423867__X12__Y12__P022.jpg,0.827748,20.293721,ok
EES0423867__X12__Y1B__P023.jpg,0.943128,24.621414,ok
EES0423867__X12__Y36__P024.jpg,0.821297,19.801817,ok
EES0423867__X15__Y1B__P025.jpg,0.906096,23.970891,ok
EES0423868__X18__Y15__P001.jpg,0.832471,20.975402,ok
EES0423868__X18__Y36__P002.jpg,0.913260,23.560984,ok
EES0423868__X1E__Y21__P003.jpg,0.889240,21.730098,ok
EES0423868__X24__Y1E__P004.jpg,0.820280,22.558275,ok
EES0423868__X27__Y1E__P005.jpg,0.780895,22.213262,ok
EES0423868__X2D__Y39__P006.jpg,0.801712,20.385962,ok
EES0423868__X2D__Y3C__P007.jpg,0.919162,24.555664,ok
EES0423868__X30__Y1B__P008.jpg,0.870137,18.834002,ok
EES0423868__X30__Y3C__P009.jpg,0.828233,20.683471,ok
EES0423868__X33__Y0F__P010.jpg,0.904791,21.525784,ok
EES0423868__X33__Y1B__P011.jpg,0.823867,22.628230,ok
EES0423868__X39__Y18__P012.jpg,0.888198,23.687070,ok
EES0423868__X39__Y1B__P013.jpg,0.839353,19.237110,ok
EES0423868__X39__Y1E__P014.jpg,0.910664,20.440896,ok
EES0423868__X03__Y27__P015.jpg,0.768852,22.773055,ok
EES0423868__X03__Y2A__P016.jpg,0.805084,22.442018,ok
EES0423868__X09__Y1B__P017.jpg,0.571285,16.409222,ok
EES0423868__X36__Y1B__P018.jpg,0.622172,17.929889,ok
EES0423868__X42__Y1E__P019.jpg,0.893174,23.557100,ok
EES0423868__X0C__Y36__P020.jpg,0.937761,27.977860,ok
EES0423868__X0F__Y39__P021.jpg,0.649939,17.652962,ok
EES0423868__X1B__Y09__P022.jpg,0.812670,22.357608,ok
EES0423868__X1E__Y09__P023.jpg,0.682344,18.662234,ok
EES0423868__X1E__Y1E__P024.jpg,0.482862,16.502133,ok
EES0423868__X21__Y09__P025.jpg,0.646544,16.972628,ok
EES0423869__X24__Y36__P001.jpg,0.703167,18.508591,ok
EES0423869__X27__Y30__P002.jpg,0.853829,22.896462,ok
EES0423869__X27__Y33__P003.jpg,0.684219,17.530288,ok
EES0423869__X27__Y36__P004.jpg,0.749085,18.817523,ok
EES0423869__X27__Y39__P005.jpg,0.879754,22.514827,ok
EES0423869__X2A__Y2D__P006.jpg,0.832608,23.076653,ok
EES0423869__X2A__Y39__P007.jpg,0.772502,21.815602,ok
EES0423869__X2A__Y3F__P008.jpg,0.846081,22.733429,ok
EES0423869__X2D__Y2A__P009.jpg,0.832304,23.856805,ok
EES0423869__X2D__Y30__P010.jpg,0.865508,23.491463,ok
EES0423869__X2D__Y36__P011.jpg,0.862911,22.167364,ok
EES0423869__X2D__Y39__P012.jpg,0.788059,21.097643,ok
EES0423869__X33__Y2A__P013.jpg,0.755401,18.668772,ok
EES0423869__X33__Y36__P014.jpg,0.688902,18.722589,ok
EES0423869__X33__Y39__P015.jpg,0.767218,19.864012,ok
EES0423869__X36__Y2A__P016.jpg,0.845478,23.136035,ok
EES0423869__X36__Y30__P017.jpg,0.631771,17.447994,ok
EES0423869__X36__Y33__P018.jpg,0.729924,18.398080,ok
EES0423869__X36__Y36__P019.jpg,0.755520,18.380323,ok
EES0423869__X36__Y39__P020.jpg,0.729443,18.332113,ok
EES0423869__X39__Y36__P021.jpg,0.734517,19.563951,ok
EES0423869__X39__Y39__P022.jpg,0.744995,17.574025,ok
EES0423869__X3C__Y24__P023.jpg,0.794774,21.974316,ok
EES0423869__X3C__Y2A__P024.jpg,0.849734,23.146577,ok
EES0423869__X3C__Y2D__P025.jpg,0.801997,21.280802,ok
EES0423870__X15__Y36__P001.jpg,0.884487,22.675379,ok
EES0423870__X18__Y30__P002.jpg,0.834651,24.168539,ok
EES0423870__X1B__Y1E__P003.jpg,0.822734,23.002110,ok
EES0423870__X1E__Y1B__P004.jpg,0.779177,21.219329,ok
EES0423870__X1E__Y39__P005.jpg,0.592758,17.514222,ok
EES0423870__X24__Y1E__P006.jpg,0.828202,22.932103,ok
EES0423870__X24__Y27__P007.jpg,0.829547,20.662780,ok
EES0423870__X27__Y1B__P008.jpg,0.851572,21.104588,ok
EES0423870__X2A__Y1B__P009.jpg,0.708804,20.329719,ok
EES0423870__X2D__Y1B__P010.jpg,0.804302,21.146310,ok
EES0423870__X30__Y0F__P011.jpg,0.754187,20.599762,ok
EES0423870__X33__Y36__P012.jpg,0.797941,20.344990,ok
EES0423870__X36__Y39__P013.jpg,0.674543,17.108597,ok
EES0423870__X36__Y3C__P014.jpg,0.913667,22.387601,ok
EES0423870__X39__Y39__P015.jpg,0.810173,23.655511,ok
EES0423870__X09__Y21__P016.jpg,0.581822,16.017890,ok
EES0423870__X09__Y24__P017.jpg,0.724220,20.176287,ok
EES0423870__X09__Y27__P018.jpg,0.744904,22.683219,ok
EES0423870__X09__Y2D__P019.jpg,0.749290,22.036368,ok
EES0423870__X0C__Y15__P020.jpg,0.786543,22.969270,ok
EES0423870__X0C__Y1E__P021.jpg,0.709463,19.899083,ok
EES0423870__X0C__Y33__P022.jpg,0.853653,21.346182,ok
EES0423870__X0F__Y1E__P023.jpg,0.834554,20.537308,ok
EES0423870__X0F__Y36__P024.jpg,0.806617,22.703422,ok
EES0423870__X12__Y0C__P025.jpg,0.855871,20.106597,ok
EES0423871__X42__Y1E__P001.jpg,0.918431,23.323829,ok
EES0423871__X42__Y21__P002.jpg,0.788149,20.299521,ok
EES0423871__X42__Y24__P003.jpg,0.909662,24.260542,ok
EES0423871__X42__Y2A__P004.jpg,0.876293,18.363819,ok
EES0423871__X2A__Y45__P005.jpg,0.722881,18.894751,ok
EES0423871__X2D__Y30__P006.jpg,0.715825,18.967995,ok
EES0423871__X2D__Y45__P007.jpg,0.809509,20.000869,ok
EES0423871__X30__Y42__P008.jpg,0.823025,21.055809,ok
EES0423871__X33__Y42__P009.jpg,0.772661,21.126610,ok
EES0423871__X36__Y42__P010.jpg,0.794505,21.871470,ok
EES0423871__X39__Y42__P011.jpg,0.845139,22.390302,ok
EES0423871__X39__Y15__P012.jpg,0.895032,20.500184,ok
EES0423871__X3F__Y27__P013.jpg,0.938765,23.906746,ok
EES0423871__X0C__Y18__P014.jpg,0.814477,19.800057,ok
EES0423871__X0C__Y1B__P015.jpg,0.624083,17.009085,ok
EES0423871__X0C__Y1E__P016.jpg,0.894186,24.288993,ok
EES0423871__X0C__Y27__P017.jpg,0.867806,21.641669,ok
EES0423871__X0F__Y1B__P018.jpg,0.752927,19.924378,ok
EES0423871__X15__Y0F__P019.jpg,0.781703,21.233770,ok
EES0423871__X15__Y15__P020.jpg,0.922076,23.202968,ok
EES0423871__X15__Y18__P021.jpg,0.745753,19.412649,ok
EES0423871__X15__Y1E__P022.jpg,0.785164,21.031580,ok
EES0423871__X15__Y21__P023.jpg,0.806879,22.146659,ok
EES0423871__X18__Y0F__P024.jpg,0.925477,23.456522,ok
EES0423871__X18__Y12__P025.jpg,0.717347,18.945106,ok
EES0423872__X27__Y1B__P001.jpg,0.935198,26.293123,ok
EES0423872__X2D__Y0C__P002.jpg,0.938471,26.162711,ok
EES0423872__X2D__Y0F__P003.jpg,0.820740,23.722050,ok
EES0423872__X2D__Y12__P004.jpg,0.921133,27.810560,ok
EES0423872__X2D__Y15__P005.jpg,0.794744,21.194960,ok
EES0423872__X33__Y12__P006.jpg,0.927483,24.283599,ok
EES0423872__X33__Y27__P007.jpg,0.883906,21.509130,ok
EES0423872__X36__Y12__P008.jpg,0.926162,23.659963,ok
EES0423872__X36__Y1E__P009.jpg,0.842862,19.677122,ok
EES0423872__X36__Y2D__P010.jpg,0.767424,22.551834,ok
EES0423872__X39__Y1B__P011.jpg,0.879807,21.043987,ok
EES0423872__X3F__Y24__P012.jpg,0.889655,22.816117,ok
EES0423872__X3F__Y33__P013.jpg,0.843100,21.558306,ok
EES0423872__X3F__Y36__P014.jpg,0.733415,19.507943,ok
EES0423872__X0C__Y33__P015.jpg,0.877921,21.050957,ok
EES0423872__X0F__Y30__P016.jpg,0.823888,20.225516,ok
EES0423872__X12__Y33__P017.jpg,0.893055,23.219879,ok
EES0423872__X15__Y36__P018.jpg,0.818970,21.598623,ok
EES0423872__X15__Y39__P019.jpg,0.869546,21.670976,ok
EES0423872__X18__Y36__P020.jpg,0.696432,18.523382,ok
EES0423872__X18__Y39__P021.jpg,0.695988,18.838445,ok
EES0423872__X18__Y3C__P022.jpg,0.848626,19.879844,ok
EES0423872__X1B__Y36__P023.jpg,0.794883,19.449793,ok
EES0423872__X1B__Y39__P024.jpg,0.832747,20.372316,ok
EES0423872__X1E__Y36__P025.jpg,0.755477,19.685170,ok
EES0423873__X1B__Y09__P001.jpg,0.692293,18.885479,ok
EES0423873__X1B__Y0C__P002.jpg,0.608346,17.309641,ok
EES0423873__X1E__Y06__P003.jpg,0.761979,18.595001,ok
EES0423873__X1E__Y09__P004.jpg,0.562357,15.693217,ok
EES0423873__X21__Y06__P005.jpg,0.661003,17.026510,ok
EES0423873__X21__Y09__P006.jpg,0.779634,21.272631,ok
EES0423873__X24__Y06__P007.jpg,0.713646,19.303215,ok
EES0423873__X24__Y09__P008.jpg,0.606589,16.355208,ok
EES0423873__X27__Y06__P009.jpg,0.930225,23.602184,ok
EES0423873__X2A__Y45__P010.jpg,0.847365,22.450665,ok
EES0423873__X30__Y09__P011.jpg,0.903646,23.921381,ok
EES0423873__X36__Y0C__P012.jpg,0.896958,23.928704,ok
EES0423873__X36__Y0F__P013.jpg,0.698433,18.361488,ok
EES0423873__X3C__Y36__P014.jpg,0.644944,17.726513,ok
EES0423873__X3C__Y39__P015.jpg,0.823169,20.895773,ok
EES0423873__X3F__Y18__P016.jpg,0.796272,20.161336,ok
EES0423873__X3F__Y1B__P017.jpg,0.750496,19.944947,ok
EES0423873__X3F__Y1E__P018.jpg,0.845666,20.519451,ok
EES0423873__X3F__Y36__P019.jpg,0.952485,34.266862,ok
EES0423873__X42__Y30__P020.jpg,0.925342,24.585741,ok
EES0423873__X06__Y27__P021.jpg,0.902341,22.202101,ok
EES0423873__X06__Y2A__P022.jpg,0.865383,18.687483,ok
EES0423873__X09__Y1B__P023.jpg,0.944513,24.721838,ok
EES0423873__X09__Y2A__P024.jpg,0.907844,22.219246,ok
EES0423873__X0C__Y21__P025.jpg,0.930431,24.288147,ok
EES0423874__X18__Y39__P001.jpg,0.909365,24.116556,ok
EES0423874__X1B__Y0F__P002.jpg,0.910798,22.004958,ok
EES0423874__X21__Y39__P003.jpg,0.876063,20.090897,ok
EES0423874__X2D__Y39__P004.jpg,0.890433,19.980854,ok
EES0423874__X30__Y39__P005.jpg,0.908630,21.686211,ok
EES0423874__X21__Y09__P006.jpg,0.764093,18.307072,ok
EES0423874__X21__Y45__P007.jpg,0.675217,16.959053,ok
EES0423874__X24__Y09__P008.jpg,0.760219,18.016327,ok
EES0423874__X24__Y0C__P009.jpg,0.707179,18.162312,ok
EES0423874__X24__Y12__P010.jpg,0.708216,17.317978,ok
EES0423874__X24__Y42__P011.jpg,0.640502,17.245013,ok
EES0423874__X24__Y45__P012.jpg,0.674131,16.485373,ok
EES0423874__X27__Y09__P013.jpg,0.916033,22.692631,ok
EES0423874__X27__Y0C__P014.jpg,0.779233,19.552429,ok
EES0423874__X27__Y0F__P015.jpg,0.755374,20.275955,ok
EES0423874__X27__Y12__P016.jpg,0.647363,16.167600,ok
EES0423874__X27__Y15__P017.jpg,0.657846,16.689547,ok
EES0423874__X27__Y18__P018.jpg,0.801396,21.957050,ok
EES0423874__X2A__Y0C__P019.jpg,0.851338,21.259757,ok
EES0423874__X2A__Y0F__P020.jpg,0.791498,20.652718,ok
EES0423874__X2A__Y12__P021.jpg,0.672402,17.317014,ok
EES0423874__X2D__Y09__P022.jpg,0.889989,23.764126,ok
EES0423874__X2D__Y12__P023.jpg,0.719960,18.824170,ok
EES0423874__X2D__Y45__P024.jpg,0.846457,21.624488,ok
EES0423874__X30__Y45__P025.jpg,0.872076,20.500633,ok
EES0423875__X36__Y36__P001.jpg,0.894054,21.118968,ok
EES0423875__X39__Y24__P002.jpg,0.868677,20.804706,ok
EES0423875__X39__Y27__P003.jpg,0.893848,22.131673,ok
EES0423875__X3C__Y24__P004.jpg,0.927307,24.933048,ok
EES0423875__X3C__Y27__P005.jpg,0.886978,21.161447,ok
EES0423875__X3F__Y21__P006.jpg,0.908636,21.496142,ok
EES0423875__X06__Y1E__P007.jpg,0.783604,21.916106,ok
EES0423875__X06__Y21__P008.jpg,0.805987,19.864506,ok
EES0423875__X12__Y0C__P009.jpg,0.903621,23.446945,ok
EES0423875__X12__Y15__P010.jpg,0.769969,23.201710,ok
EES0423875__X15__Y30__P011.jpg,0.759721,22.330237,ok
EES0423875__X1E__Y1E__P012.jpg,0.847079,22.119204,ok
EES0423875__X1E__Y39__P013.jpg,0.733649,20.936258,ok
EES0423875__X2D__Y30__P014.jpg,0.771650,21.600739,ok
EES0423875__X2D__Y3C__P015.jpg,0.785388,20.572924,ok
EES0423875__X2D__Y3F__P016.jpg,0.651035,18.317263,ok
EES0423875__X2D__Y42__P017.jpg,0.770262,21.821149,ok
EES0423875__X30__Y42__P018.jpg,0.842116,22.013091,ok
EES0423875__X36__Y1B__P019.jpg,0.781978,22.711314,ok
EES0423875__X36__Y21__P020.jpg,0.625151,17.264635,ok
EES0423875__X39__Y21__P021.jpg,0.866783,21.486844,ok
EES0423875__X39__Y24__P022.jpg,0.797913,21.581354,ok
EES0423875__X39__Y27__P023.jpg,0.738320,22.858607,ok
EES0423875__X39__Y2A__P024.jpg,0.740129,23.274316,ok
EES0423875__X09__Y1E__P025.jpg,0.866619,20.658592,ok
EES0423876__X09__Y27__P001.jpg,0.821504,20.481260,ok
EES0423876__X09__Y39__P002.jpg,0.803339,21.413504,ok
EES0423876__X0C__Y12__P003.jpg,0.855144,21.103668,ok
EES0423876__X0F__Y3F__P004.jpg,0.736301,21.992709,ok
EES0423876__X12__Y0C__P005.jpg,0.842236,20.387444,ok
EES0423876__X12__Y39__P006.jpg,0.863413,22.188837,ok
EES0423876__X18__Y09__P007.jpg,0.718187,21.150354,ok
EES0423876__X18__Y0C__P008.jpg,0.880890,20.722832,ok
EES0423876__X18__Y21__P009.jpg,0.867083,21.616700,ok
EES0423876__X1B__Y09__P010.jpg,0.817938,20.088921,ok
EES0423876__X21__Y0C__P011.jpg,0.872244,19.895137,ok
EES0423876__X21__Y42__P012.jpg,0.729942,21.470577,ok
EES0423876__X24__Y09__P013.jpg,0.627103,21.021086,ok
EES0423876__X24__Y0C__P014.jpg,0.603597,18.865358,ok
EES0423876__X24__Y15__P015.jpg,0.884894,22.110308,ok
EES0423876__X27__Y09__P016.jpg,0.915624,21.630193,ok
EES0423876__X27__Y0C__P017.jpg,0.769606,21.023479,ok
EES0423876__X2D__Y0F__P018.jpg,0.909890,22.958112,ok
EES0423876__X2D__Y12__P019.jpg,0.786813,21.748087,ok
EES0423876__X2D__Y45__P020.jpg,0.952268,30.769835,ok
EES0423876__X30__Y0F__P021.jpg,0.725498,20.405112,ok
EES0423876__X30__Y15__P022.jpg,0.837364,20.978754,ok
EES0423876__X33__Y12__P023.jpg,0.910780,21.360299,ok
EES0423876__X33__Y15__P024.jpg,0.778425,20.465793,ok
EES0423876__X33__Y18__P025.jpg,0.780054,22.719003,ok
EES0423877__X33__Y1E__P001.jpg,0.630198,22.261130,ok
EES0423877__X33__Y33__P002.jpg,0.662543,20.858975,ok
EES0423877__X36__Y15__P003.jpg,0.884924,19.979039,ok
EES0423877__X36__Y18__P004.jpg,0.795462,23.022758,ok
EES0423877__X36__Y1E__P005.jpg,0.751506,21.890004,ok
EES0423877__X36__Y24__P006.jpg,0.793341,22.422870,ok
EES0423877__X36__Y27__P007.jpg,0.701203,20.732607,ok
EES0423877__X39__Y15__P008.jpg,0.754307,21.271782,ok
EES0423877__X39__Y18__P009.jpg,0.905384,22.335809,ok
EES0423877__X39__Y1B__P010.jpg,0.856365,19.841911,ok
EES0423877__X39__Y1E__P011.jpg,0.754688,22.385456,ok
EES0423877__X39__Y27__P012.jpg,0.792326,22.397125,ok
EES0423877__X3C__Y1B__P013.jpg,0.883161,20.875555,ok
EES0423877__X3C__Y1E__P014.jpg,0.889461,20.180235,ok
EES0423877__X3C__Y24__P015.jpg,0.884443,20.981165,ok
EES0423877__X3C__Y27__P016.jpg,0.783122,19.714078,ok
EES0423877__X3F__Y24__P017.jpg,0.900480,22.672136,ok
EES0423877__X3F__Y2A__P018.jpg,0.877118,21.874415,ok
EES0423877__X3F__Y2D__P019.jpg,0.897550,22.582879,ok
EES0423877__X2A__Y0C__P020.jpg,0.772879,19.577368,ok
EES0423877__X2A__Y3F__P021.jpg,0.760978,18.676739,ok
EES0423877__X33__Y33__P022.jpg,0.828802,21.036998,ok
EES0423877__X36__Y36__P023.jpg,0.805389,20.383008,ok
EES0423877__X39__Y1E__P024.jpg,0.702169,18.085924,ok
EES0423877__X39__Y21__P025.jpg,0.581791,17.077040,ok
EES0423878__X3C__Y21__P001.jpg,0.712457,18.524882,ok
EES0423878__X3C__Y30__P002.jpg,0.796335,19.684078,ok
EES0423878__X3C__Y33__P003.jpg,0.770135,19.238890,ok
EES0423878__X0C__Y2A__P004.jpg,0.793889,21.157276,ok
EES0423878__X0C__Y2D__P005.jpg,0.722893,19.000155,ok
EES0423878__X0C__Y30__P006.jpg,0.780095,20.322899,ok
EES0423878__X0C__Y33__P007.jpg,0.882129,22.812517,ok
EES0423878__X0C__Y36__P008.jpg,0.845040,22.031257,ok
EES0423878__X0F__Y2D__P009.jpg,0.759239,20.070217,ok
EES0423878__X0F__Y30__P010.jpg,0.773341,19.670226,ok
EES0423878__X0F__Y33__P011.jpg,0.769533,21.754975,ok
EES0423878__X0F__Y36__P012.jpg,0.806689,21.039506,ok
EES0423878__X0F__Y39__P013.jpg,0.844308,21.956783,ok
EES0423878__X15__Y24__P014.jpg,0.763745,18.532950,ok
EES0423878__X15__Y27__P015.jpg,0.888145,22.887019,ok
EES0423878__X15__Y2A__P016.jpg,0.904528,24.056740,ok
EES0423878__X18__Y24__P017.jpg,0.843255,20.469241,ok
EES0423878__X18__Y27__P018.jpg,0.729548,19.529405,ok
EES0423878__X18__Y2A__P019.jpg,0.809570,19.783657,ok
EES0423878__X1B__Y21__P020.jpg,0.876635,21.096986,ok
EES0423878__X1B__Y24__P021.jpg,0.758885,20.764060,ok
EES0423878__X1E__Y18__P022.jpg,0.778310,21.395439,ok
EES0423878__X1E__Y1B__P023.jpg,0.728717,18.569170,ok
EES0423878__X1E__Y21__P024.jpg,0.782039,20.781778,ok
EES0423878__X21__Y15__P025.jpg,0.930308,27.947877,ok
EES0423879__X24__Y15__P001.jpg,0.764246,19.458075,ok
EES0423879__X24__Y18__P002.jpg,0.760913,20.206408,ok
EES0423879__X24__Y1B__P003.jpg,0.734231,18.526879,ok
EES0423879__X2A__Y18__P004.jpg,0.902410,24.097645,ok
EES0423879__X2A__Y1B__P005.jpg,0.869255,21.815201,ok
EES0423879__X2D__Y1B__P006.jpg,0.783163,21.766561,ok
EES0423879__X2D__Y1E__P007.jpg,0.909877,24.047342,ok
EES0423879__X2D__Y3F__P008.jpg,0.798039,21.106038,ok
EES0423879__X2D__Y42__P009.jpg,0.895953,22.860396,ok
EES0423879__X30__Y3F__P010.jpg,0.865367,22.510021,ok
EES0423879__X36__Y27__P011.jpg,0.850289,21.124952,ok
EES0423879__X36__Y2A__P012.jpg,0.799480,20.611904,ok
EES0423879__X36__Y2D__P013.jpg,0.746658,19.954574,ok
EES0423879__X36__Y33__P014.jpg,0.892518,23.305261,ok
EES0423879__X36__Y36__P015.jpg,0.819006,20.281957,ok
EES0423879__X36__Y39__P016.jpg,0.780022,20.851747,ok
EES0423879__X39__Y2D__P017.jpg,0.872897,21.408670,ok
EES0423879__X39__Y30__P018.jpg,0.829083,18.099163,ok
EES0423879__X39__Y36__P019.jpg,0.796463,21.226409,ok
EES0423879__X3C__Y2D__P020.jpg,0.729598,18.676339,ok
EES0423879__X3C__Y33__P021.jpg,0.852840,21.395437,ok
EES0423879__X3C__Y36__P022.jpg,0.920219,24.499020,ok
EES0423879__X3F__Y2D__P023.jpg,0.812838,20.990691,ok
EES0423879__X3F__Y30__P024.jpg,0.757812,18.280135,ok
EES0423879__X21__Y2A__P025.jpg,0.765391,20.817217,ok
EES0423880__X21__Y45__P001.jpg,0.851047,20.423196,ok
EES0423880__X24__Y45__P002.jpg,0.708184,18.032432,ok
EES0423880__X27__Y2A__P003.jpg,0.903507,22.243733,ok
EES0423880__X2A__Y39__P004.jpg,0.840054,21.408119,ok
EES0423880__X2D__Y39__P005.jpg,0.800369,20.572521,ok
EES0423880__X2D__Y3C__P006.jpg,0.883374,20.881743,ok
EES0423880__X33__Y1B__P007.jpg,0.821990,19.520640,ok
EES0423880__X33__Y24__P008.jpg,0.696420,16.944654,ok
EES0423880__X33__Y2A__P009.jpg,0.655874,17.668074,ok
EES0423880__X33__Y30__P010.jpg,0.788642,20.472958,ok
EES0423880__X33__Y36__P011.jpg,0.755079,17.015347,ok
EES0423880__X33__Y39__P012.jpg,0.705199,19.085206,ok
EES0423880__X33__Y3C__P013.jpg,0.887860,22.288768,ok
EES0423880__X36__Y1B__P014.jpg,0.677591,17.155641,ok
EES0423880__X36__Y1E__P015.jpg,0.794232,19.551174,ok
EES0423880__X36__Y21__P016.jpg,0.663437,16.682273,ok
EES0423880__X36__Y24__P017.jpg,0.854413,20.171210,ok
EES0423880__X36__Y27__P018.jpg,0.798195,19.930544,ok
EES0423880__X36__Y2A__P019.jpg,0.857935,19.083905,ok
EES0423880__X36__Y33__P020.jpg,0.784595,20.807939,ok
EES0423880__X36__Y36__P021.jpg,0.900137,21.787489,ok
EES0423880__X36__Y39__P022.jpg,0.881233,21.397136,ok
EES0423880__X36__Y3C__P023.jpg,0.896560,23.754510,ok
EES0423880__X39__Y30__P024.jpg,0.878995,21.340076,ok
EES0423880__X39__Y36__P025.jpg,0.907998,22.320488,ok
EES0423881__X3C__Y33__P001.jpg,0.891630,21.438226,ok
EES0423881__X1E__Y21__P002.jpg,0.913580,22.090767,ok
EES0423881__X21__Y2A__P003.jpg,0.884233,21.381765,ok
EES0423881__X24__Y1B__P004.jpg,0.769608,18.325847,ok
EES0423881__X27__Y1B__P005.jpg,0.711062,18.609952,ok
EES0423881__X2A__Y1B__P006.jpg,0.802058,20.396401,ok
EES0423881__X2A__Y1E__P007.jpg,0.908109,23.135152,ok
EES0423881__X2A__Y2A__P008.jpg,0.850685,21.212428,ok
EES0423881__X2A__Y2D__P009.jpg,0.720073,18.042745,ok
EES0423881__X2A__Y30__P010.jpg,0.670196,16.521287,ok
EES0423881__X2A__Y33__P011.jpg,0.889220,21.866315,ok
EES0423881__X2D__Y1E__P012.jpg,0.869989,21.033890,ok
EES0423881__X2D__Y2D__P013.jpg,0.824792,21.211877,ok
EES0423881__X2D__Y30__P014.jpg,0.875598,20.179444,ok
EES0423881__X2D__Y45__P015.jpg,0.562288,14.385754,ok
EES0423881__X30__Y36__P016.jpg,0.758941,19.090520,ok
EES0423881__X30__Y3C__P017.jpg,0.916622,22.786560,ok
EES0423881__X30__Y42__P018.jpg,0.836686,19.813447,ok
EES0423881__X33__Y24__P019.jpg,0.856310,20.523884,ok
EES0423881__X33__Y36__P020.jpg,0.845875,20.172983,ok
EES0423881__X33__Y39__P021.jpg,0.666293,15.862120,ok
EES0423881__X33__Y3C__P022.jpg,0.866391,21.442452,ok
EES0423881__X33__Y3F__P023.jpg,0.831036,20.173921,ok
EES0423881__X33__Y42__P024.jpg,0.825438,20.199586,ok
EES0423881__X36__Y24__P025.jpg,0.829747,20.218659,ok
EES0423882__X36__Y27__P001.jpg,0.712513,19.846147,ok
EES0423882__X36__Y2A__P002.jpg,0.825266,19.917893,ok
EES0423882__X36__Y2D__P003.jpg,0.775902,20.666653,ok
EES0423882__X36__Y39__P004.jpg,0.763659,19.089839,ok
EES0423882__X36__Y3C__P005.jpg,0.842499,18.111850,ok
EES0423882__X36__Y3F__P006.jpg,0.869007,20.503513,ok
EES0423882__X36__Y42__P007.jpg,0.770739,20.076619,ok
EES0423882__X39__Y27__P008.jpg,0.871574,20.917689,ok
EES0423882__X39__Y39__P009.jpg,0.734994,17.565868,ok
EES0423882__X39__Y3C__P010.jpg,0.765488,20.138288,ok
EES0423882__X39__Y3F__P011.jpg,0.892258,21.686260,ok
EES0423882__X3C__Y33__P012.jpg,0.818343,20.179683,ok
EES0423882__X3C__Y36__P013.jpg,0.751648,19.160670,ok
EES0423882__X3C__Y39__P014.jpg,0.847738,20.297145,ok
EES0423882__X3C__Y3F__P015.jpg,0.942485,27.823665,ok
EES0423882__X3F__Y33__P016.jpg,0.812879,20.191926,ok
EES0423882__X3F__Y36__P017.jpg,0.900495,23.075840,ok
EES0423882__X3F__Y39__P018.jpg,0.871660,20.663930,ok
EES0423882__X42__Y30__P019.jpg,0.908853,21.894692,ok
EES0423882__X03__Y21__P020.jpg,0.845096,20.860565,ok
EES0423882__X03__Y24__P021.jpg,0.782217,19.006538,ok
EES0423882__X03__Y30__P022.jpg,0.765030,21.144545,ok
EES0423882__X03__Y33__P023.jpg,0.904936,24.060778,ok
EES0423882__X06__Y1B__P024.jpg,0.883364,22.400574,ok
EES0423882__X06__Y39__P025.jpg,0.824290,22.026864,ok
EES0423883__X27__Y0F__P001.jpg,0.915867,24.717605,ok
EES0423883__X27__Y18__P002.jpg,0.801010,20.460604,ok
EES0423883__X27__Y1B__P003.jpg,0.804591,21.538416,ok
EES0423883__X27__Y3C__P004.jpg,0.907798,24.032246,ok
EES0423883__X2A__Y1E__P005.jpg,0.909271,25.036249,ok
EES0423883__X2A__Y21__P006.jpg,0.816358,23.459267,ok
EES0423883__X2D__Y0C__P007.jpg,0.706958,20.687422,ok
EES0423883__X2D__Y15__P008.jpg,0.853994,21.592022,ok
EES0423883__X2D__Y1E__P009.jpg,0.867232,20.026591,ok
EES0423883__X2D__Y2A__P010.jpg,0.914167,25.011716,ok
EES0423883__X2D__Y3C__P011.jpg,0.838504,22.277971,ok
EES0423883__X30__Y21__P012.jpg,0.864649,21.866242,ok
EES0423883__X33__Y15__P013.jpg,0.860809,22.630288,ok
EES0423883__X33__Y18__P014.jpg,0.869788,23.373969,ok
EES0423883__X33__Y1B__P015.jpg,0.911384,26.180113,ok
EES0423883__X33__Y24__P016.jpg,0.834284,23.722033,ok
EES0423883__X33__Y27__P017.jpg,0.847690,22.283667,ok
EES0423883__X33__Y33__P018.jpg,0.743679,20.413802,ok
EES0423883__X33__Y39__P019.jpg,0.848952,21.738695,ok
EES0423883__X36__Y1B__P020.jpg,0.817122,21.386785,ok
EES0423883__X36__Y24__P021.jpg,0.835561,24.415259,ok
EES0423883__X3C__Y1E__P022.jpg,0.905378,23.356009,ok
EES0423883__X0F__Y27__P023.jpg,0.910960,26.356102,ok
EES0423883__X12__Y36__P024.jpg,0.758612,20.606039,ok
EES0423883__X15__Y0C__P025.jpg,0.900212,23.621143,ok
EES0423884__X15__Y36__P001.jpg,0.895078,23.466112,ok
EES0423884__X1B__Y0C__P002.jpg,0.889799,22.022156,ok
EES0423884__X1B__Y39__P003.jpg,0.864625,20.592543,ok
EES0423884__X1B__Y3F__P004.jpg,0.905333,23.854087,ok
EES0423884__X21__Y39__P005.jpg,0.914510,21.439696,ok
EES0423884__X24__Y33__P006.jpg,0.832153,21.824638,ok
EES0423884__X27__Y12__P007.jpg,0.917961,22.335135,ok
EES0423884__X27__Y33__P008.jpg,0.911148,24.717237,ok
EES0423884__X27__Y36__P009.jpg,0.923752,24.616727,ok
EES0423884__X2A__Y12__P010.jpg,0.959021,29.780584,ok
EES0423884__X2A__Y33__P011.jpg,0.867165,19.991110,ok
EES0423884__X2A__Y36__P012.jpg,0.802213,20.284312,ok
EES0423884__X2D__Y1E__P013.jpg,0.916389,24.111278,ok
EES0423884__X2D__Y2A__P014.jpg,0.834231,20.454602,ok
EES0423884__X2D__Y2D__P015.jpg,0.779233,23.518053,ok
EES0423884__X2D__Y30__P016.jpg,0.867737,21.896029,ok
EES0423884__X2D__Y33__P017.jpg,0.826716,22.088409,ok
EES0423884__X2D__Y36__P018.jpg,0.793843,21.089464,ok
EES0423884__X2D__Y39__P019.jpg,0.833120,21.807424,ok
EES0423884__X30__Y12__P020.jpg,0.869844,23.254310,ok
EES0423884__X30__Y1E__P021.jpg,0.859122,21.921893,ok
EES0423884__X30__Y24__P022.jpg,0.746076,22.157655,ok
EES0423884__X30__Y27__P023.jpg,0.825175,21.750843,ok
EES0423884__X30__Y2A__P024.jpg,0.880137,18.960598,ok
EES0423884__X30__Y2D__P025.jpg,0.804342,22.261056,ok
EES0423885__X21__Y30__P001.jpg,0.728025,19.848045,ok
EES0423885__X27__Y0F__P002.jpg,0.828874,20.564712,ok
EES0423885__X2A__Y1B__P003.jpg,0.637355,16.902399,ok
EES0423885__X2D__Y0C__P004.jpg,0.839098,20.627396,ok
EES0423885__X2D__Y12__P005.jpg,0.641704,17.954173,ok
EES0423885__X2D__Y39__P006.jpg,0.688138,19.109473,ok
EES0423885__X33__Y12__P007.jpg,0.642405,16.823812,ok
EES0423885__X33__Y18__P008.jpg,0.752951,19.811891,ok
EES0423885__X33__Y1B__P009.jpg,0.546086,15.860730,ok
EES0423885__X36__Y1B__P010.jpg,0.680850,17.835617,ok
EES0423885__X3C__Y1B__P011.jpg,0.684546,18.629899,ok
EES0423885__X3C__Y2A__P012.jpg,0.670369,17.509445,ok
EES0423885__X3F__Y27__P013.jpg,0.696803,19.018877,ok
EES0423885__X42__Y24__P014.jpg,0.922828,25.730232,ok
EES0423885__X42__Y27__P015.jpg,0.863279,21.925823,ok
EES0423885__X42__Y2A__P016.jpg,0.929721,25.490952,ok
EES0423885__X06__Y27__P017.jpg,0.773883,23.385706,ok
EES0423885__X09__Y27__P018.jpg,0.885743,21.264895,ok
EES0423885__X0C__Y36__P019.jpg,0.875387,22.688808,ok
EES0423885__X0F__Y24__P020.jpg,0.827514,20.912360,ok
EES0423885__X0F__Y2A__P021.jpg,0.770016,21.782760,ok
EES0423885__X0F__Y39__P022.jpg,0.901592,22.827383,ok
EES0423885__X12__Y18__P023.jpg,0.858940,21.106505,ok
EES0423885__X12__Y21__P024.jpg,0.831681,21.506497,ok
EES0423885__X12__Y2D__P025.jpg,0.860127,21.835613,ok
EES0423886__X42__Y21__P001.jpg,0.917270,22.682670,ok
EES0423886__X0C__Y36__P002.jpg,0.931355,22.248338,ok
EES0423886__X15__Y42__P003.jpg,0.806483,20.982693,ok
EES0423886__X1E__Y09__P004.jpg,0.897432,22.419776,ok
EES0423886__X1E__Y45__P005.jpg,0.890768,22.276116,ok
EES0423886__X21__Y45__P006.jpg,0.788141,19.111096,ok
EES0423886__X24__Y09__P007.jpg,0.817329,19.965058,ok
EES0423886__X27__Y09__P008.jpg,0.880428,21.708830,ok
EES0423886__X30__Y45__P009.jpg,0.859450,21.086509,ok
EES0423886__X3C__Y1E__P010.jpg,0.738934,20.251547,ok
EES0423886__X3F__Y18__P011.jpg,0.843028,20.457645,ok
EES0423886__X42__Y1E__P012.jpg,0.897224,22.368837,ok
EES0423886__X42__Y24__P013.jpg,0.585035,17.642760,ok
EES0423886__X06__Y24__P014.jpg,0.784967,20.196060,ok
EES0423886__X0C__Y21__P015.jpg,0.756329,22.465771,ok
EES0423886__X0C__Y2A__P016.jpg,0.884659,22.842085,ok
EES0423886__X0F__Y18__P017.jpg,0.820552,23.308782,ok
EES0423886__X0F__Y21__P018.jpg,0.927725,24.424518,ok
EES0423886__X0F__Y24__P019.jpg,0.888691,24.504301,ok
EES0423886__X0F__Y33__P020.jpg,0.717207,19.816318,ok
EES0423886__X12__Y2A__P021.jpg,0.761594,22.803870,ok
EES0423886__X18__Y15__P022.jpg,0.742364,22.309676,ok
EES0423886__X18__Y1B__P023.jpg,0.601047,17.979544,ok
EES0423886__X18__Y21__P024.jpg,0.616231,17.094828,ok
EES0423886__X1B__Y21__P025.jpg,0.892578,22.349577,ok
EES0423887__X1E__Y12__P001.jpg,0.723938,21.494912,ok
EES0423887__X1E__Y15__P002.jpg,0.810439,22.579886,ok
EES0423887__X1E__Y36__P003.jpg,0.724702,22.214458,ok
EES0423887__X1E__Y3F__P004.jpg,0.775399,22.182157,ok
EES0423887__X1E__Y45__P005.jpg,0.895636,23.478361,ok
EES0423887__X21__Y12__P006.jpg,0.565485,17.370998,ok
EES0423887__X21__Y15__P007.jpg,0.887379,23.337937,ok
EES0423887__X21__Y33__P008.jpg,0.871213,24.338957,ok
EES0423887__X21__Y36__P009.jpg,0.704805,20.538018,ok
EES0423887__X24__Y15__P010.jpg,0.901460,21.654723,ok
EES0423887__X24__Y18__P011.jpg,0.752098,21.427441,ok
EES0423887__X24__Y24__P012.jpg,0.805484,21.970287,ok
EES0423887__X2A__Y18__P013.jpg,0.802051,22.450586,ok
EES0423887__X2A__Y1B__P014.jpg,0.778977,22.557386,ok
EES0423887__X2D__Y15__P015.jpg,0.785923,22.760312,ok
EES0423887__X2D__Y18__P016.jpg,0.833894,22.606628,ok
EES0423887__X2D__Y24__P017.jpg,0.714475,21.433789,ok
EES0423887__X2D__Y2A__P018.jpg,0.617866,17.565930,ok
EES0423887__X2D__Y36__P019.jpg,0.756632,21.081423,ok
EES0423887__X2D__Y39__P020.jpg,0.805632,22.464256,ok
EES0423887__X30__Y27__P021.jpg,0.876968,22.861045,ok
EES0423887__X33__Y15__P022.jpg,0.844465,21.007887,ok
EES0423887__X33__Y18__P023.jpg,0.947457,32.353023,ok
EES0423887__X33__Y1B__P024.jpg,0.854669,22.627291,ok
EES0423887__X33__Y2D__P025.jpg,0.719811,20.970232,ok
EES0423888__X03__Y24__P001.jpg,0.679092,17.133728,ok
EES0423888__X03__Y2A__P002.jpg,0.741928,22.040205,ok
EES0423888__X06__Y1B__P003.jpg,0.692113,17.836834,ok
EES0423888__X06__Y1E__P004.jpg,0.657021,19.301594,ok
EES0423888__X06__Y2A__P005.jpg,0.622843,17.497151,ok
EES0423888__X06__Y2D__P006.jpg,0.679361,18.847104,ok
EES0423888__X18__Y3F__P007.jpg,0.701598,18.821746,ok
EES0423888__X21__Y45__P008.jpg,0.866829,20.987692,ok
EES0423888__X2D__Y24__P009.jpg,0.475645,15.200644,ok
EES0423888__X3F__Y39__P010.jpg,0.825801,22.504164,ok
EES0423888__X09__Y24__P011.jpg,0.952119,28.419171,ok
EES0423888__X09__Y30__P012.jpg,0.917604,23.979078,ok
EES0423888__X09__Y33__P013.jpg,0.939839,25.418216,ok
EES0423888__X0C__Y18__P014.jpg,0.889293,21.764200,ok
EES0423888__X0F__Y18__P015.jpg,0.915648,24.453091,ok
EES0423888__X0F__Y1B__P016.jpg,0.891011,22.141134,ok
EES0423888__X0F__Y2D__P017.jpg,0.911412,23.729080,ok
EES0423888__X12__Y18__P018.jpg,0.928173,25.422839,ok
EES0423888__X18__Y1E__P019.jpg,0.867505,21.309288,ok
EES0423888__X1B__Y18__P020.jpg,0.931658,24.815169,ok
EES0423888__X1B__Y1E__P021.jpg,0.898348,20.572700,ok
EES0423888__X1E__Y0F__P022.jpg,0.875494,20.483022,ok
EES0423888__X21__Y18__P023.jpg,0.882989,22.979058,ok
EES0423888__X21__Y39__P024.jpg,0.907732,23.192400,ok
EES0423888__X24__Y3F__P025.jpg,0.897356,22.724345,ok
EES0423889__X2A__Y30__P001.jpg,0.951244,26.941932,ok
EES0423889__X09__Y24__P002.jpg,0.789614,23.496458,ok
EES0423889__X0C__Y18__P003.jpg,0.807315,23.311574,ok
EES0423889__X0C__Y21__P004.jpg,0.882959,23.170323,ok
EES0423889__X0C__Y24__P005.jpg,0.783383,21.808599,ok
EES0423889__X0F__Y12__P006.jpg,0.901579,24.374268,ok
EES0423889__X0F__Y18__P007.jpg,0.756003,22.432160,ok
EES0423889__X0F__Y1E__P008.jpg,0.786299,23.479663,ok
EES0423889__X0F__Y30__P009.jpg,0.895931,22.931801,ok
EES0423889__X0F__Y36__P010.jpg,0.727133,20.920912,ok
EES0423889__X15__Y12__P011.jpg,0.908787,23.986604,ok
EES0423889__X15__Y33__P012.jpg,0.740759,20.962892,ok
EES0423889__X18__Y0C__P013.jpg,0.837228,24.074845,ok
EES0423889__X18__Y15__P014.jpg,0.806126,21.785345,ok
EES0423889__X18__Y3F__P015.jpg,0.800619,21.836839,ok
EES0423889__X1B__Y12__P016.jpg,0.751020,21.644228,ok
EES0423889__X1B__Y18__P017.jpg,0.844295,22.135151,ok
EES0423889__X1E__Y12__P018.jpg,0.755221,22.454994,ok
EES0423889__X1E__Y1B__P019.jpg,0.876811,22.097335,ok
EES0423889__X1E__Y3F__P020.jpg,0.737224,20.959415,ok
EES0423889__X21__Y09__P021.jpg,0.737843,22.065806,ok
EES0423889__X21__Y2A__P022.jpg,0.807197,24.629760,ok
EES0423889__X21__Y30__P023.jpg,0.923317,25.712780,ok
EES0423889__X21__Y33__P024.jpg,0.715013,21.671544,ok
EES0423889__X21__Y3F__P025.jpg,0.787210,22.620552,ok
EES0423890__X2A__Y0F__P001.jpg,0.762768,19.506758,ok
EES0423890__X2A__Y36__P002.jpg,0.798152,19.392907,ok
EES0423890__X2A__Y39__P003.jpg,0.693800,17.457648,ok
EES0423890__X2D__Y39__P004.jpg,0.645630,18.331331,ok
EES0423890__X2D__Y3C__P005.jpg,0.799561,19.091465,ok
EES0423890__X30__Y33__P006.jpg,0.869142,22.563427,ok
EES0423890__X30__Y39__P007.jpg,0.735031,18.132896,ok
EES0423890__X33__Y39__P008.jpg,0.638092,19.164460,ok
EES0423890__X33__Y3C__P009.jpg,0.798347,21.038982,ok
EES0423890__X36__Y39__P010.jpg,0.648162,18.971737,ok
EES0423890__X3C__Y12__P011.jpg,0.921954,25.699819,ok
EES0423890__X06__Y18__P012.jpg,0.879739,22.806500,ok
EES0423890__X0C__Y0F__P013.jpg,0.869111,20.278542,ok
EES0423890__X18__Y06__P014.jpg,0.859856,18.559641,ok
EES0423890__X24__Y06__P015.jpg,0.751914,18.921224,ok
EES0423890__X2A__Y06__P016.jpg,0.793399,19.690992,ok
EES0423890__X2D__Y42__P017.jpg,0.710859,20.140024,ok
EES0423890__X30__Y06__P018.jpg,0.878260,21.397172,ok
EES0423890__X30__Y42__P019.jpg,0.794936,20.785593,ok
EES0423890__X39__Y0C__P020.jpg,0.933329,23.991173,ok
EES0423890__X3F__Y12__P021.jpg,0.850561,20.007632,ok
EES0423890__X42__Y2A__P022.jpg,0.551902,17.546754,ok
EES0423890__X18__Y0C__P023.jpg,0.712759,17.410628,ok
EES0423890__X1B__Y0C__P024.jpg,0.749722,18.483274,ok
EES0423890__X1B__Y0F__P025.jpg,0.821834,20.451090,ok
EES0423891__X1E__Y24__P001.jpg,0.850510,21.544683,ok
EES0423891__X1E__Y36__P002.jpg,0.827152,22.332524,ok
EES0423891__X21__Y2A__P003.jpg,0.766490,20.496389,ok
EES0423891__X21__Y30__P004.jpg,0.812053,19.051815,ok
EES0423891__X21__Y36__P005.jpg,0.785774,22.427051,ok
EES0423891__X24__Y18__P006.jpg,0.816884,21.186242,ok
EES0423891__X24__Y2A__P007.jpg,0.902026,21.581541,ok
EES0423891__X24__Y30__P008.jpg,0.851070,20.496215,ok
EES0423891__X2A__Y2D__P009.jpg,0.919957,25.297206,ok
EES0423891__X2A__Y33__P010.jpg,0.822755,21.531507,ok
EES0423891__X2D__Y33__P011.jpg,0.844152,20.640631,ok
EES0423891__X2D__Y36__P012.jpg,0.801226,22.257551,ok
EES0423891__X30__Y33__P013.jpg,0.875902,21.035183,ok
EES0423891__X30__Y36__P014.jpg,0.786751,20.036864,ok
EES0423891__X30__Y39__P015.jpg,0.875913,21.518887,ok
EES0423891__X36__Y21__P016.jpg,0.841272,21.535477,ok
EES0423891__X36__Y24__P017.jpg,0.763189,18.519247,ok
EES0423891__X39__Y36__P018.jpg,0.801460,20.868874,ok
EES0423891__X3F__Y2A__P019.jpg,0.712624,18.224425,ok
EES0423891__X42__Y2A__P020.jpg,0.818080,20.083802,ok
EES0423891__X0F__Y30__P021.jpg,0.681153,20.323836,ok
EES0423891__X12__Y21__P022.jpg,0.928135,28.024802,ok
EES0423891__X12__Y30__P023.jpg,0.870033,20.586574,ok
EES0423891__X12__Y36__P024.jpg,0.901389,26.174732,ok
EES0423891__X18__Y2D__P025.jpg,0.835539,19.854799,ok
EES0423892__X18__Y39__P001.jpg,0.812782,21.563072,ok
EES0423892__X24__Y39__P002.jpg,0.843623,21.581222,ok
EES0423892__X27__Y2A__P003.jpg,0.841078,20.154758,ok
EES0423892__X2A__Y2A__P004.jpg,0.667572,19.640076,ok
EES0423892__X2A__Y30__P005.jpg,0.866485,23.757186,ok
EES0423892__X2D__Y21__P006.jpg,0.744208,20.071725,ok
EES0423892__X2D__Y24__P007.jpg,0.550708,16.784448,ok
EES0423892__X2D__Y27__P008.jpg,0.746912,21.683137,ok
EES0423892__X2D__Y2A__P009.jpg,0.580718,17.728896,ok
EES0423892__X2D__Y33__P010.jpg,0.696677,20.227411,ok
EES0423892__X33__Y2D__P011.jpg,0.728649,20.713097,ok
EES0423892__X36__Y2A__P012.jpg,0.849742,19.661498,ok
EES0423892__X36__Y30__P013.jpg,0.760177,22.189572,ok
EES0423892__X39__Y30__P014.jpg,0.885266,20.891606,ok
EES0423892__X39__Y33__P015.jpg,0.867862,21.200504,ok
EES0423892__X0C__Y30__P016.jpg,0.802751,24.087345,ok
EES0423892__X0F__Y15__P017.jpg,0.839393,21.027884,ok
EES0423892__X12__Y24__P018.jpg,0.750901,20.439979,ok
EES0423892__X1E__Y12__P019.jpg,0.831159,22.444419,ok
EES0423892__X1E__Y42__P020.jpg,0.822428,20.077309,ok
EES0423892__X21__Y30__P021.jpg,0.732982,20.699971,ok
EES0423892__X21__Y39__P022.jpg,0.732813,19.051505,ok
EES0423892__X21__Y3C__P023.jpg,0.790655,23.437835,ok
EES0423892__X21__Y3F__P024.jpg,0.744384,21.290121,ok
EES0423892__X24__Y09__P025.jpg,0.718949,18.354156,ok
EES0423893__X24__Y0F__P001.jpg,0.804102,22.518597,ok
EES0423893__X2A__Y30__P002.jpg,0.732307,18.975487,ok
EES0423893__X2D__Y1B__P003.jpg,0.644558,16.331957,ok
EES0423893__X2D__Y3C__P004.jpg,0.841152,24.006258,ok
EES0423893__X2D__Y3F__P005.jpg,0.730114,18.563353,ok
EES0423893__X2D__Y42__P006.jpg,0.876794,22.181745,ok
EES0423893__X33__Y3F__P007.jpg,0.867941,22.156845,ok
EES0423893__X36__Y30__P008.jpg,0.773521,21.357922,ok
EES0423893__X3C__Y30__P009.jpg,0.849906,22.404493,ok
EES0423893__X3F__Y1B__P010.jpg,0.750943,20.703600,ok
EES0423893__X3F__Y24__P011.jpg,0.749220,22.181806,ok
EES0423893__X3F__Y33__P012.jpg,0.724512,20.506732,ok
EES0423893__X42__Y21__P013.jpg,0.790499,20.114572,ok
EES0423893__X42__Y24__P014.jpg,0.855754,22.788808,ok
EES0423893__X21__Y15__P015.jpg,0.803475,22.845241,ok
EES0423893__X30__Y0F__P016.jpg,0.756167,20.844041,ok
EES0423893__X39__Y24__P017.jpg,0.828840,21.520752,ok
EES0423893__X3F__Y18__P018.jpg,0.637307,20.012955,ok
EES0423893__X3F__Y1B__P019.jpg,0.783728,22.051239,ok
EES0423893__X3F__Y1E__P020.jpg,0.692261,21.642115,ok
EES0423893__X42__Y1B__P021.jpg,0.860017,20.665407,ok
EES0423893__X42__Y36__P022.jpg,0.941241,28.284484,ok
EES0423893__X45__Y2A__P023.jpg,0.618319,19.584795,ok
EES0423893__X45__Y2D__P024.jpg,0.845919,20.954513,ok
EES0423893__X0C__Y3C__P025.jpg,0.897502,24.268564,ok
EES0423894__X3F__Y30__P001.jpg,0.937720,28.344317,ok
EES0423894__X42__Y27__P002.jpg,0.871521,19.576577,ok
EES0423894__X42__Y2A__P003.jpg,0.743674,21.617335,ok
EES0423894__X0F__Y24__P004.jpg,0.834808,23.181864,ok
EES0423894__X12__Y2D__P005.jpg,0.873119,21.989978,ok
EES0423894__X21__Y09__P006.jpg,0.843943,23.008361,ok
EES0423894__X21__Y24__P007.jpg,0.853292,20.459710,ok
EES0423894__X21__Y30__P008.jpg,0.921549,23.207722,ok
EES0423894__X27__Y0C__P009.jpg,0.810571,23.736128,ok
EES0423894__X2A__Y21__P010.jpg,0.904790,20.622011,ok
EES0423894__X2A__Y24__P011.jpg,0.824087,21.307489,ok
EES0423894__X2A__Y33__P012.jpg,0.803536,20.821062,ok
EES0423894__X2D__Y0C__P013.jpg,0.931389,22.160945,ok
EES0423894__X2D__Y1E__P014.jpg,0.828438,22.080651,ok
EES0423894__X2D__Y36__P015.jpg,0.670100,19.737971,ok
EES0423894__X2D__Y39__P016.jpg,0.873652,22.215263,ok
EES0423894__X2D__Y3F__P017.jpg,0.887977,22.865152,ok
EES0423894__X30__Y21__P018.jpg,0.887291,20.894654,ok
EES0423894__X30__Y3F__P019.jpg,0.769681,21.769240,ok
EES0423894__X33__Y18__P020.jpg,0.863847,20.971013,ok
EES0423894__X33__Y1B__P021.jpg,0.834985,19.939695,ok
EES0423894__X33__Y21__P022.jpg,0.757957,21.429024,ok
EES0423894__X33__Y24__P023.jpg,0.851677,21.435036,ok
EES0423894__X33__Y27__P024.jpg,0.875362,20.432128,ok
EES0423894__X33__Y36__P025.jpg,0.876933,21.037809,ok
EES0423895__X2D__Y0C__P001.jpg,0.926002,22.457183,ok
EES0423895__X2D__Y0F__P002.jpg,0.830618,19.834794,ok
EES0423895__X2D__Y15__P003.jpg,0.942356,27.321295,ok
EES0423895__X2D__Y1B__P004.jpg,0.827896,18.015863,ok
EES0423895__X2D__Y30__P005.jpg,0.771051,19.441939,ok
EES0423895__X2D__Y33__P006.jpg,0.870984,19.668298,ok
EES0423895__X30__Y12__P007.jpg,0.935600,24.263638,ok
EES0423895__X30__Y1B__P008.jpg,0.874243,19.869971,ok
EES0423895__X30__Y33__P009.jpg,0.832576,19.732525,ok
EES0423895__X33__Y1B__P010.jpg,0.875210,22.177996,ok
EES0423895__X36__Y1B__P011.jpg,0.871645,20.793908,ok
EES0423895__X39__Y2D__P012.jpg,0.927871,21.099588,ok
EES0423895__X39__Y36__P013.jpg,0.902282,22.496523,ok
EES0423895__X03__Y30__P014.jpg,0.912050,20.090756,ok
EES0423895__X06__Y15__P015.jpg,0.906863,22.043996,ok
EES0423895__X18__Y06__P016.jpg,0.882116,21.598252,ok
EES0423895__X1E__Y06__P017.jpg,0.782080,19.293458,ok
EES0423895__X21__Y06__P018.jpg,0.554689,16.035616,ok
EES0423895__X24__Y06__P019.jpg,0.742266,18.875857,ok
EES0423895__X27__Y06__P020.jpg,0.717534,16.978980,ok
EES0423895__X2A__Y3F__P021.jpg,0.641016,17.830288,ok
EES0423895__X2D__Y06__P022.jpg,0.790652,17.112817,ok
EES0423895__X2D__Y3F__P023.jpg,0.601149,17.572977,ok
EES0423895__X33__Y0C__P024.jpg,0.760518,19.641461,ok
EES0423895__X36__Y3F__P025.jpg,0.744103,19.361940,ok
EES0423896__X39__Y3C__P001.jpg,0.871334,22.545742,ok
EES0423896__X3C__Y12__P002.jpg,0.897512,22.443115,ok
EES0423896__X3C__Y39__P003.jpg,0.904792,22.955753,ok
EES0423896__X3F__Y15__P004.jpg,0.916361,23.116588,ok
EES0423896__X3F__Y30__P005.jpg,0.662205,18.079850,ok
EES0423896__X42__Y1B__P006.jpg,0.933233,22.703617,ok
EES0423896__X42__Y30__P007.jpg,0.937208,23.747886,ok
EES0423896__X0C__Y1E__P008.jpg,0.761239,19.678043,ok
EES0423896__X0C__Y21__P009.jpg,0.759557,19.791910,ok
EES0423896__X0F__Y21__P010.jpg,0.796694,20.425141,ok
EES0423896__X2D__Y0C__P011.jpg,0.802525,22.474594,ok
EES0423896__X2D__Y1B__P012.jpg,0.688529,18.540107,ok
EES0423896__X30__Y1B__P013.jpg,0.589207,16.435898,ok
EES0423896__X33__Y1B__P014.jpg,0.748683,19.676751,ok
EES0423896__X33__Y1E__P015.jpg,0.688164,18.278701,ok
EES0423896__X33__Y2A__P016.jpg,0.773094,20.514399,ok
EES0423896__X36__Y18__P017.jpg,0.712675,19.396857,ok
EES0423896__X36__Y1B__P018.jpg,0.767887,23.069376,ok
EES0423896__X36__Y21__P019.jpg,0.741453,19.685085,ok
EES0423896__X36__Y39__P020.jpg,0.741598,20.201679,ok
EES0423896__X3C__Y1E__P021.jpg,0.780473,20.368819,ok
EES0423896__X3F__Y1B__P022.jpg,0.700755,17.072830,ok
EES0423896__X3F__Y1E__P023.jpg,0.622284,16.597003,ok
EES0423896__X3F__Y21__P024.jpg,0.722374,18.938031,ok
EES0423896__X3F__Y2D__P025.jpg,0.718190,18.501773,ok
EES0423897__X3F__Y1B__P001.jpg,0.714176,23.048615,ok
EES0423897__X42__Y1E__P002.jpg,0.897452,22.764754,ok
EES0423897__X42__Y21__P003.jpg,0.915265,21.103225,ok
EES0423897__X42__Y24__P004.jpg,0.649728,21.879628,ok
EES0423897__X42__Y27__P005.jpg,0.856829,20.212761,ok
EES0423897__X42__Y2A__P006.jpg,0.931975,23.968162,ok
EES0423897__X42__Y2D__P007.jpg,0.938750,21.980765,ok
EES0423897__X2D__Y15__P008.jpg,0.792983,20.177287,ok
EES0423897__X30__Y30__P009.jpg,0.640127,17.254296,ok
EES0423897__X30__Y36__P010.jpg,0.583286,16.245652,ok
EES0423897__X33__Y1E__P011.jpg,0.711183,19.531524,ok
EES0423897__X33__Y21__P012.jpg,0.891721,20.646864,ok
EES0423897__X33__Y33__P013.jpg,0.642835,18.475306,ok
EES0423897__X33__Y36__P014.jpg,0.724781,19.127350,ok
EES0423897__X33__Y39__P015.jpg,0.621407,17.225200,ok
EES0423897__X36__Y21__P016.jpg,0.713971,17.881160,ok
EES0423897__X36__Y36__P017.jpg,0.708651,18.491532,ok
EES0423897__X36__Y39__P018.jpg,0.740767,19.613316,ok
EES0423897__X39__Y1B__P019.jpg,0.764892,20.323351,ok
EES0423897__X3F__Y18__P020.jpg,0.859142,20.878425,ok
EES0423897__X3F__Y1B__P021.jpg,0.776384,21.823306,ok
EES0423897__X0C__Y39__P022.jpg,0.884243,20.086649,ok
EES0423897__X33__Y1B__P023.jpg,0.812945,19.505589,ok
EES0423897__X36__Y45__P024.jpg,0.874536,22.516425,ok
EES0423897__X45__Y2A__P025.jpg,0.626790,17.983653,ok
EES0423898__X0C__Y30__P001.jpg,0.510424,15.908048,ok
EES0423898__X0C__Y33__P002.jpg,0.806535,22.136957,ok
EES0423898__X0C__Y3F__P003.jpg,0.793329,22.887722,ok
EES0423898__X0F__Y30__P004.jpg,0.606796,17.553391,ok
EES0423898__X15__Y3F__P005.jpg,0.789047,22.543230,ok
EES0423898__X15__Y45__P006.jpg,0.877927,23.414242,ok
EES0423898__X18__Y3F__P007.jpg,0.732340,18.354874,ok
EES0423898__X1B__Y3F__P008.jpg,0.706998,18.716826,ok
EES0423898__X21__Y2A__P009.jpg,0.791751,21.459770,ok
EES0423898__X36__Y3C__P010.jpg,0.872906,21.806159,ok
EES0423898__X39__Y3C__P011.jpg,0.637666,16.876650,ok
EES0423898__X39__Y3F__P012.jpg,0.897290,23.311903,ok
EES0423898__X3F__Y30__P013.jpg,0.603005,16.972348,ok
EES0423898__X42__Y33__P014.jpg,0.922052,25.033132,ok
EES0423898__X03__Y18__P015.jpg,0.879180,22.470069,ok
EES0423898__X06__Y12__P016.jpg,0.927608,22.431480,ok
EES0423898__X0C__Y42__P017.jpg,0.956592,31.462017,ok
EES0423898__X12__Y45__P018.jpg,0.941455,25.378631,ok
EES0423898__X2D__Y45__P019.jpg,0.785556,18.577275,ok
EES0423898__X30__Y0C__P020.jpg,0.952016,32.493173,ok
EES0423898__X33__Y0F__P021.jpg,0.828142,19.596755,ok
EES0423898__X33__Y42__P022.jpg,0.896879,20.155393,ok
EES0423898__X36__Y0F__P023.jpg,0.939216,27.402009,ok
EES0423898__X39__Y12__P024.jpg,0.922663,26.639289,ok
EES0423898__X06__Y18__P025.jpg,0.922782,22.208093,ok
EES0423899__X06__Y1B__P001.jpg,0.737114,20.669310,ok
EES0423899__X09__Y0F__P002.jpg,0.878215,21.741480,ok
EES0423899__X09__Y15__P003.jpg,0.832620,22.890076,ok
EES0423899__X0C__Y12__P004.jpg,0.842795,22.462244,ok
EES0423899__X0F__Y0F__P005.jpg,0.918887,20.834054,ok
EES0423899__X15__Y0C__P006.jpg,0.853589,20.621678,ok
EES0423899__X1E__Y09__P007.jpg,0.903667,22.050670,ok
EES0423899__X21__Y09__P008.jpg,0.929481,23.229788,ok
EES0423899__X24__Y09__P009.jpg,0.896321,20.765142,ok
EES0423899__X1B__Y09__P010.jpg,0.888850,21.581428,ok
EES0423899__X1E__Y09__P011.jpg,0.855809,19.908671,ok
EES0423899__X21__Y09__P012.jpg,0.823524,19.044701,ok
EES0423899__X24__Y09__P013.jpg,0.863702,20.438669,ok
EES0423899__X24__Y45__P014.jpg,0.597586,17.457719,ok
EES0423899__X27__Y09__P015.jpg,0.920783,23.070485,ok
EES0423899__X27__Y3C__P016.jpg,0.710901,19.147719,ok
EES0423899__X2A__Y0C__P017.jpg,0.852989,20.247476,ok
EES0423899__X2A__Y45__P018.jpg,0.769021,20.539791,ok
EES0423899__X2D__Y09__P019.jpg,0.867424,21.480861,ok
EES0423899__X2D__Y0C__P020.jpg,0.870936,19.475286,ok
EES0423899__X30__Y09__P021.jpg,0.820110,18.184524,ok
EES0423899__X30__Y0C__P022.jpg,0.842213,20.813989,ok
EES0423899__X30__Y15__P023.jpg,0.555329,16.546297,ok
EES0423899__X33__Y09__P024.jpg,0.871552,20.049783,ok
EES0423899__X33__Y0C__P025.jpg,0.886527,21.292392,ok
EES0423900__X24__Y09__P001.jpg,0.943080,23.165471,ok
EES0423900__X30__Y0F__P002.jpg,0.940039,25.516595,ok
EES0423900__X36__Y0F__P003.jpg,0.934869,24.391649,ok
EES0423900__X3C__Y15__P004.jpg,0.872114,18.906000,ok
EES0423900__X06__Y2A__P005.jpg,0.809369,22.915711,ok
EES0423900__X0C__Y1B__P006.jpg,0.568929,16.811007,ok
EES0423900__X0C__Y1E__P007.jpg,0.754514,20.965552,ok
EES0423900__X0F__Y1B__P008.jpg,0.589384,18.127326,ok
EES0423900__X0F__Y2D__P009.jpg,0.848808,20.029902,ok
EES0423900__X0F__Y39__P010.jpg,0.794733,22.852026,ok
EES0423900__X12__Y1B__P011.jpg,0.770684,22.443963,ok
EES0423900__X18__Y09__P012.jpg,0.862524,19.923711,ok
EES0423900__X18__Y39__P013.jpg,0.573968,17.360693,ok
EES0423900__X1B__Y39__P014.jpg,0.660042,17.500867,ok
EES0423900__X24__Y2D__P015.jpg,0.729550,22.543665,ok
EES0423900__X2A__Y09__P016.jpg,0.770051,21.567033,ok
EES0423900__X2A__Y39__P017.jpg,0.746879,21.730994,ok
EES0423900__X2D__Y09__P018.jpg,0.940707,24.901505,ok
EES0423900__X2D__Y0F__P019.jpg,0.542241,16.285087,ok
EES0423900__X2D__Y12__P020.jpg,0.664451,21.393556,ok
EES0423900__X2D__Y1B__P021.jpg,0.740109,22.096257,ok
EES0423900__X2D__Y39__P022.jpg,0.658588,17.708299,ok
EES0423900__X30__Y1E__P023.jpg,0.581195,16.769110,ok
EES0423900__X33__Y0C__P024.jpg,0.895994,21.675409,ok
EES0423900__X42__Y24__P025.jpg,0.790027,21.925614,ok
EES0423901__X21__Y42__P001.jpg,0.893508,19.714867,ok
EES0423901__X2A__Y42__P002.jpg,0.907807,20.854445,ok
EES0423901__X2D__Y42__P003.jpg,0.901660,22.208034,ok
EES0423901__X30__Y36__P004.jpg,0.863087,20.723715,ok
EES0423901__X30__Y3C__P005.jpg,0.848053,20.890402,ok
EES0423901__X33__Y3C__P006.jpg,0.919597,24.886502,ok
EES0423901__X36__Y36__P007.jpg,0.808929,21.682669,ok
EES0423901__X36__Y39__P008.jpg,0.826204,18.045068,ok
EES0423901__X39__Y36__P009.jpg,0.900554,22.841537,ok
EES0423901__X39__Y39__P010.jpg,0.696424,21.967587,ok
EES0423901__X39__Y3C__P011.jpg,0.898557,21.638475,ok
EES0423901__X39__Y3F__P012.jpg,0.932822,25.072883,ok
EES0423901__X3C__Y3F__P013.jpg,0.486567,12.044405,ok
EES0423901__X15__Y30__P014.jpg,0.846970,20.978692,ok
EES0423901__X1E__Y30__P015.jpg,0.881858,22.068478,ok
EES0423901__X21__Y18__P016.jpg,0.824229,22.762203,ok
EES0423901__X21__Y2D__P017.jpg,0.932510,25.057452,ok
EES0423901__X21__Y30__P018.jpg,0.856187,20.557242,ok
EES0423901__X21__Y33__P019.jpg,0.861761,20.741828,ok
EES0423901__X2A__Y30__P020.jpg,0.831312,19.927166,ok
EES0423901__X2D__Y30__P021.jpg,0.891974,21.843884,ok
EES0423901__X2D__Y33__P022.jpg,0.676942,18.850334,ok
EES0423901__X30__Y3C__P023.jpg,0.766175,17.792501,ok
EES0423901__X33__Y33__P024.jpg,0.826713,21.032855,ok
EES0423901__X33__Y36__P025.jpg,0.795618,20.959746,ok
EES0423902__X27__Y1B__P001.jpg,0.912464,21.953182,ok
EES0423902__X2D__Y24__P002.jpg,0.854004,21.327777,ok
EES0423902__X33__Y2A__P003.jpg,0.853295,19.224878,ok
EES0423902__X33__Y30__P004.jpg,0.821520,19.739876,ok
EES0423902__X36__Y2A__P005.jpg,0.739494,17.826985,ok
EES0423902__X36__Y2D__P006.jpg,0.736403,17.603490,ok
EES0423902__X39__Y39__P007.jpg,0.897834,19.785498,ok
EES0423902__X3C__Y2A__P008.jpg,0.713332,17.649349,ok
EES0423902__X3F__Y24__P009.jpg,0.747838,18.461513,ok
EES0423902__X3F__Y27__P010.jpg,0.828598,19.712947,ok
EES0423902__X3F__Y2A__P011.jpg,0.851372,17.857192,ok
EES0423902__X45__Y27__P012.jpg,0.936628,27.839782,ok
EES0423902__X1E__Y2A__P013.jpg,0.854051,19.813219,ok
EES0423902__X1E__Y36__P014.jpg,0.837719,19.855024,ok
EES0423902__X21__Y0F__P015.jpg,0.889577,20.560185,ok
EES0423902__X2A__Y15__P016.jpg,0.770400,18.622382,ok
EES0423902__X2D__Y15__P017.jpg,0.746714,16.068495,ok
EES0423902__X33__Y1B__P018.jpg,0.620230,16.976083,ok
EES0423902__X36__Y1B__P019.jpg,0.711487,18.118080,ok
EES0423902__X09__Y2A__P020.jpg,0.934410,25.587330,ok
EES0423902__X09__Y2D__P021.jpg,0.947530,26.586689,ok
EES0423902__X09__Y30__P022.jpg,0.825031,23.628043,ok
EES0423902__X09__Y33__P023.jpg,0.857694,21.454568,ok
EES0423902__X0C__Y24__P024.jpg,0.905735,22.504016,ok
EES0423902__X0C__Y27__P025.jpg,0.851842,21.536519,ok
EES0423903__X0F__Y1E__P001.jpg,0.631824,17.774243,ok
EES0423903__X0F__Y21__P002.jpg,0.692588,18.729765,ok
EES0423903__X0F__Y2A__P003.jpg,0.541161,16.419777,ok
EES0423903__X0F__Y2D__P004.jpg,0.821275,20.195997,ok
EES0423903__X0F__Y30__P005.jpg,0.887260,19.599760,ok
EES0423903__X12__Y18__P006.jpg,0.583457,16.221320,ok
EES0423903__X12__Y1B__P007.jpg,0.573197,16.004894,ok
EES0423903__X12__Y2A__P008.jpg,0.641899,16.521862,ok
EES0423903__X12__Y2D__P009.jpg,0.585889,16.486789,ok
EES0423903__X21__Y1E__P010.jpg,0.509582,16.224328,ok
EES0423903__X21__Y36__P011.jpg,0.676115,17.741062,ok
EES0423903__X24__Y1E__P012.jpg,0.611291,17.218965,ok
EES0423903__X27__Y1E__P013.jpg,0.476685,15.317936,ok
EES0423903__X36__Y1B__P014.jpg,0.585222,16.370675,ok
EES0423903__X36__Y1E__P015.jpg,0.643390,17.252317,ok
EES0423903__X39__Y1E__P016.jpg,0.555188,15.807913,ok
EES0423903__X21__Y39__P017.jpg,0.857824,18.624464,ok
EES0423903__X24__Y3F__P018.jpg,0.752095,17.546623,ok
EES0423903__X27__Y33__P019.jpg,0.905786,18.374135,ok
EES0423903__X2A__Y30__P020.jpg,0.715376,16.594140,ok
EES0423903__X2D__Y33__P021.jpg,0.863218,19.651724,ok
EES0423903__X36__Y2A__P022.jpg,0.718071,17.229542,ok
EES0423903__X39__Y2A__P023.jpg,0.780239,17.451629,ok
EES0423903__X39__Y3C__P024.jpg,0.902633,18.854595,ok
EES0423903__X3C__Y2A__P025.jpg,0.834147,18.680727,ok
EES0423904__X12__Y1B__P001.jpg,0.774873,20.310125,ok
EES0423904__X1B__Y3C__P002.jpg,0.717524,16.103929,ok
EES0423904__X1E__Y3C__P003.jpg,0.853656,20.050238,ok
EES0423904__X21__Y30__P004.jpg,0.629156,17.036369,ok
EES0423904__X21__Y3F__P005.jpg,0.710561,17.131077,ok
EES0423904__X24__Y30__P006.jpg,0.465147,14.857023,ok
EES0423904__X24__Y33__P007.jpg,0.666236,16.980818,ok
EES0423904__X24__Y36__P008.jpg,0.606442,15.999088,ok
EES0423904__X24__Y3F__P009.jpg,0.708879,16.840251,ok
EES0423904__X27__Y33__P010.jpg,0.829299,19.124288,ok
EES0423904__X2A__Y2D__P011.jpg,0.817949,20.961392,ok
EES0423904__X2A__Y30__P012.jpg,0.678702,17.482656,ok
EES0423904__X3C__Y18__P013.jpg,0.594633,17.338537,ok
EES0423904__X0C__Y27__P014.jpg,0.819456,20.606876,ok
EES0423904__X0C__Y30__P015.jpg,0.955733,21.109987,ok
EES0423904__X0F__Y1B__P016.jpg,0.813133,20.213838,ok
EES0423904__X0F__Y1E__P017.jpg,0.671198,17.166838,ok
EES0423904__X0F__Y21__P018.jpg,0.631803,16.760868,ok
EES0423904__X0F__Y24__P019.jpg,0.698794,18.978786,ok
EES0423904__X12__Y12__P020.jpg,0.788255,19.361262,ok
EES0423904__X15__Y12__P021.jpg,0.685127,16.960637,ok
EES0423904__X18__Y0C__P022.jpg,0.697211,17.399355,ok
EES0423904__X18__Y12__P023.jpg,0.683059,17.231060,ok
EES0423904__X1B__Y0C__P024.jpg,0.703850,17.945601,ok
EES0423904__X1B__Y0F__P025.jpg,0.671190,16.942213,ok
EES0423905__X1E__Y09__P001.jpg,0.767365,18.948325,ok
EES0423905__X1E__Y0C__P002.jpg,0.617765,16.939334,ok
EES0423905__X21__Y0C__P003.jpg,0.642518,17.170482,ok
EES0423905__X21__Y0F__P004.jpg,0.585851,16.768596,ok
EES0423905__X21__Y12__P005.jpg,0.635250,17.945499,ok
EES0423905__X21__Y15__P006.jpg,0.607241,16.857050,ok
EES0423905__X30__Y06__P007.jpg,0.720626,17.343927,ok
EES0423905__X36__Y09__P008.jpg,0.663823,17.956424,ok
EES0423905__X39__Y09__P009.jpg,0.756114,18.948997,ok
EES0423905__X48__Y18__P010.jpg,0.728493,18.755026,ok
EES0423905__X48__Y1B__P011.jpg,0.667633,17.320619,ok
EES0423905__X48__Y27__P012.jpg,0.584474,17.095705,ok
EES0423905__X48__Y2A__P013.jpg,0.703974,18.067396,ok
EES0423905__X1E__Y09__P014.jpg,0.833146,18.770182,ok
EES0423905__X24__Y09__P015.jpg,0.877834,18.830120,ok
EES0423905__X27__Y0C__P016.jpg,0.910460,19.068658,ok
EES0423905__X09__Y24__P017.jpg,0.927746,18.707875,ok
EES0423905__X0C__Y33__P018.jpg,0.753420,16.433233,ok
EES0423905__X0F__Y2A__P019.jpg,0.733608,17.763079,ok
EES0423905__X0F__Y2D__P020.jpg,0.821372,21.572572,ok
EES0423905__X12__Y12__P021.jpg,0.878214,20.745024,ok
EES0423905__X12__Y18__P022.jpg,0.952260,21.240787,ok
EES0423905__X12__Y2D__P023.jpg,0.705412,16.698872,ok
EES0423905__X12__Y30__P024.jpg,0.809694,21.157852,ok
EES0423905__X12__Y36__P025.jpg,0.779100,20.095689,ok
EES0423906__X2D__Y15__P001.jpg,0.652804,17.888222,ok
EES0423906__X2D__Y18__P002.jpg,0.886698,20.135794,ok
EES0423906__X2D__Y1B__P003.jpg,0.782283,18.572029,ok
EES0423906__X2D__Y1E__P004.jpg,0.570598,15.527457,ok
EES0423906__X30__Y0F__P005.jpg,0.829566,20.808670,ok
EES0423906__X30__Y12__P006.jpg,0.671549,17.826847,ok
EES0423906__X30__Y18__P007.jpg,0.637000,16.725040,ok
EES0423906__X30__Y1B__P008.jpg,0.813915,20.543126,ok
EES0423906__X30__Y1E__P009.jpg,0.619833,16.511677,ok
EES0423906__X30__Y39__P010.jpg,0.677755,16.261904,ok
EES0423906__X33__Y24__P011.jpg,0.555344,16.664896,ok
EES0423906__X33__Y39__P012.jpg,0.639149,16.438829,ok
EES0423906__X36__Y24__P013.jpg,0.736064,19.242456,ok
EES0423906__X36__Y27__P014.jpg,0.638981,17.037149,ok
EES0423906__X39__Y27__P015.jpg,0.727246,18.322337,ok
EES0423906__X39__Y2A__P016.jpg,0.633462,17.930977,ok
EES0423906__X39__Y2D__P017.jpg,0.745423,18.903994,ok
EES0423906__X3C__Y2A__P018.jpg,0.612191,17.507915,ok
EES0423906__X3C__Y2D__P019.jpg,0.627515,17.393197,ok
EES0423906__X3C__Y30__P020.jpg,0.576855,15.503975,ok
EES0423906__X3F__Y2D__P021.jpg,0.694587,17.037720,ok
EES0423906__X3F__Y30__P022.jpg,0.584159,15.381067,ok
EES0423906__X3F__Y33__P023.jpg,0.807936,19.122181,ok
EES0423906__X42__Y24__P024.jpg,0.679186,18.145995,ok
EES0423906__X42__Y27__P025.jpg,0.759183,18.768447,ok
EES0423907__X0C__Y36__P001.jpg,0.632784,16.732379,ok
EES0423907__X0F__Y12__P002.jpg,0.829593,21.383755,ok
EES0423907__X0F__Y33__P003.jpg,0.678601,15.882972,ok
EES0423907__X0F__Y39__P004.jpg,0.644398,15.623387,ok
EES0423907__X15__Y3C__P005.jpg,0.648610,15.640759,ok
EES0423907__X15__Y3F__P006.jpg,0.931891,19.564169,ok
EES0423907__X18__Y3F__P007.jpg,0.779935,19.491372,ok
EES0423907__X1B__Y3F__P008.jpg,0.657195,17.344611,ok
EES0423907__X1B__Y42__P009.jpg,0.828258,20.158264,ok
EES0423907__X1E__Y06__P010.jpg,0.872862,20.419992,ok
EES0423907__X1E__Y09__P011.jpg,0.565473,16.995227,ok
EES0423907__X1E__Y42__P012.jpg,0.820954,20.903533,ok
EES0423907__X21__Y45__P013.jpg,0.767811,19.677940,ok
EES0423907__X24__Y06__P014.jpg,0.820518,21.896216,ok
EES0423907__X24__Y45__P015.jpg,0.826381,21.241850,ok
EES0423907__X27__Y03__P016.jpg,0.796781,21.928418,ok
EES0423907__X27__Y45__P017.jpg,0.679617,16.840341,ok
EES0423907__X2A__Y06__P018.jpg,0.773547,20.491815,ok
EES0423907__X2A__Y45__P019.jpg,0.611317,17.618395,ok
EES0423907__X2D__Y06__P020.jpg,0.873933,20.476396,ok
EES0423907__X30__Y09__P021.jpg,0.751499,18.041434,ok
EES0423907__X30__Y45__P022.jpg,0.607279,16.337697,ok
EES0423907__X33__Y09__P023.jpg,0.849201,20.078524,ok
EES0423907__X33__Y0C__P024.jpg,0.620667,16.425942,ok
EES0423907__X36__Y09__P025.jpg,0.848272,21.419480,ok
EES0423908__X0C__Y15__P001.jpg,0.576903,15.905244,ok
EES0423908__X0C__Y18__P002.jpg,0.630715,16.348724,ok
EES0423908__X0C__Y1B__P003.jpg,0.530362,15.521416,ok
EES0423908__X0C__Y1E__P004.jpg,0.608702,17.722200,ok
EES0423908__X0C__Y21__P005.jpg,0.553272,16.138922,ok
EES0423908__X0C__Y30__P006.jpg,0.630464,16.727815,ok
EES0423908__X0C__Y33__P007.jpg,0.732862,19.305053,ok
EES0423908__X0F__Y0C__P008.jpg,0.858848,20.723522,ok
EES0423908__X0F__Y0F__P009.jpg,0.697717,17.702919,ok
EES0423908__X0F__Y12__P010.jpg,0.704063,18.000388,ok
EES0423908__X0F__Y15__P011.jpg,0.771466,18.855189,ok
EES0423908__X0F__Y18__P012.jpg,0.625969,17.072867,ok
EES0423908__X0F__Y1B__P013.jpg,0.628271,16.245471,ok
EES0423908__X0F__Y1E__P014.jpg,0.575462,17.045887,ok
EES0423908__X12__Y0C__P015.jpg,0.884176,19.677535,ok
EES0423908__X12__Y0F__P016.jpg,0.873148,19.460877,ok
EES0423908__X12__Y12__P017.jpg,0.674353,17.154578,ok
EES0423908__X12__Y15__P018.jpg,0.614788,18.195316,ok
EES0423908__X15__Y09__P019.jpg,0.866478,20.205803,ok
EES0423908__X15__Y0C__P020.jpg,0.783710,20.252894,ok
EES0423908__X15__Y0F__P021.jpg,0.684662,16.692516,ok
EES0423908__X18__Y09__P022.jpg,0.761166,17.979261,ok
EES0423908__X18__Y0F__P023.jpg,0.593899,16.774776,ok
EES0423908__X18__Y42__P024.jpg,0.926443,18.702553,ok
EES0423908__X1B__Y06__P025.jpg,0.947846,21.942929,ok
EES0423909__X1B__Y09__P001.jpg,0.725577,18.021423,ok
EES0423909__X1B__Y0C__P002.jpg,0.572552,16.508041,ok
EES0423909__X1B__Y0F__P003.jpg,0.758270,19.197513,ok
EES0423909__X1E__Y09__P004.jpg,0.768850,19.536738,ok
EES0423909__X24__Y06__P005.jpg,0.815002,19.703449,ok
EES0423909__X27__Y06__P006.jpg,0.813372,20.338817,ok
EES0423909__X2A__Y06__P007.jpg,0.682277,17.421043,ok
EES0423909__X2D__Y06__P008.jpg,0.871012,19.242392,ok
EES0423909__X0F__Y39__P009.jpg,0.968311,23.002407,ok
EES0423909__X18__Y30__P010.jpg,0.848294,21.456004,ok
EES0423909__X21__Y15__P011.jpg,0.821145,21.052343,ok
EES0423909__X24__Y36__P012.jpg,0.719886,19.014320,ok
EES0423909__X24__Y39__P013.jpg,0.772675,21.504528,ok
EES0423909__X27__Y0C__P014.jpg,0.645895,18.999977,ok
EES0423909__X27__Y0F__P015.jpg,0.897209,20.832873,ok
EES0423909__X27__Y36__P016.jpg,0.647852,19.523175,ok
EES0423909__X27__Y3F__P017.jpg,0.896750,20.236367,ok
EES0423909__X2A__Y12__P018.jpg,0.707739,17.389117,ok
EES0423909__X2A__Y18__P019.jpg,0.790760,22.340683,ok
EES0423909__X2A__Y36__P020.jpg,0.730816,20.525881,ok
EES0423909__X2A__Y39__P021.jpg,0.784237,19.687423,ok
EES0423909__X2A__Y3C__P022.jpg,0.648114,18.650791,ok
EES0423909__X2A__Y3F__P023.jpg,0.877056,19.253351,ok
EES0423909__X2D__Y15__P024.jpg,0.621889,16.504660,ok
EES0423909__X2D__Y2A__P025.jpg,0.555475,17.379479,ok
EES0423910__X0C__Y30__P001.jpg,0.862363,19.622951,ok
EES0423910__X0F__Y18__P002.jpg,0.844409,20.969054,ok
EES0423910__X0F__Y1E__P003.jpg,0.703011,17.286582,ok
EES0423910__X0F__Y21__P004.jpg,0.664157,17.070960,ok
EES0423910__X0F__Y27__P005.jpg,0.605090,16.048289,ok
EES0423910__X0F__Y2A__P006.jpg,0.686411,16.443035,ok
EES0423910__X0F__Y2D__P007.jpg,0.789082,19.931784,ok
EES0423910__X0F__Y30__P008.jpg,0.904553,20.011054,ok
EES0423910__X0F__Y36__P009.jpg,0.902324,21.281342,ok
EES0423910__X12__Y2A__P010.jpg,0.604435,15.834510,ok
EES0423910__X15__Y2A__P011.jpg,0.561613,16.590659,ok
EES0423910__X1B__Y0C__P012.jpg,0.783567,17.631471,ok
EES0423910__X1B__Y0F__P013.jpg,0.728718,18.161370,ok
EES0423910__X1E__Y0C__P014.jpg,0.620153,16.349601,ok
EES0423910__X21__Y06__P015.jpg,0.802219,18.986513,ok
EES0423910__X21__Y09__P016.jpg,0.896393,19.894739,ok
EES0423910__X21__Y12__P017.jpg,0.565023,17.647753,ok
EES0423910__X21__Y3F__P018.jpg,0.612513,16.455127,ok
EES0423910__X24__Y06__P019.jpg,0.927595,20.454354,ok
EES0423910__X27__Y06__P020.jpg,0.753726,19.900537,ok
EES0423910__X2A__Y06__P021.jpg,0.684954,18.023173,ok
EES0423910__X2D__Y06__P022.jpg,0.697219,17.165411,ok
EES0423910__X2D__Y3F__P023.jpg,0.840488,21.105071,ok
EES0423910__X30__Y06__P024.jpg,0.712618,19.226556,ok
EES0423910__X30__Y09__P025.jpg,0.572920,16.091983,ok
EES0423911__X30__Y0C__P001.jpg,0.597056,16.550299,ok
EES0423911__X30__Y3F__P002.jpg,0.841513,20.602226,ok
EES0423911__X33__Y06__P003.jpg,0.843077,20.171494,ok
EES0423911__X33__Y09__P004.jpg,0.573078,16.627653,ok
EES0423911__X33__Y0C__P005.jpg,0.590450,16.534385,ok
EES0423911__X33__Y0F__P006.jpg,0.557633,17.041694,ok
EES0423911__X33__Y39__P007.jpg,0.548626,15.595013,ok
EES0423911__X36__Y06__P008.jpg,0.823656,19.724992,ok
EES0423911__X36__Y09__P009.jpg,0.586404,16.612440,ok
EES0423911__X36__Y0C__P010.jpg,0.732891,18.868905,ok
EES0423911__X36__Y0F__P011.jpg,0.538723,16.321919,ok
EES0423911__X36__Y39__P012.jpg,0.569008,16.764758,ok
EES0423911__X36__Y3C__P013.jpg,0.897422,18.558907,ok
EES0423911__X39__Y09__P014.jpg,0.625992,18.384949,ok
EES0423911__X39__Y0C__P015.jpg,0.616354,17.683913,ok
EES0423911__X3C__Y09__P016.jpg,0.743507,18.183611,ok
EES0423911__X45__Y1E__P017.jpg,0.848135,21.098213,ok
EES0423911__X09__Y15__P018.jpg,0.895604,19.112849,ok
EES0423911__X09__Y18__P019.jpg,0.701852,17.423058,ok
EES0423911__X09__Y1B__P020.jpg,0.793016,18.594537,ok
EES0423911__X09__Y1E__P021.jpg,0.762867,17.296773,ok
EES0423911__X09__Y21__P022.jpg,0.824645,16.381085,ok
EES0423911__X09__Y24__P023.jpg,0.737692,17.310759,ok
EES0423911__X12__Y33__P024.jpg,0.787276,18.657106,ok
EES0423911__X1E__Y3C__P025.jpg,0.721394,17.237929,ok
EES0423912__X33__Y3F__P001.jpg,0.681473,16.958705,ok
EES0423912__X45__Y1B__P002.jpg,0.761765,16.741985,ok
EES0423912__X18__Y24__P003.jpg,0.893722,20.177593,ok
EES0423912__X18__Y27__P004.jpg,0.738392,18.583304,ok
EES0423912__X18__Y2A__P005.jpg,0.915203,20.283744,ok
EES0423912__X18__Y39__P006.jpg,0.627207,16.456599,ok
EES0423912__X1B__Y1E__P007.jpg,0.881106,19.703242,ok
EES0423912__X1B__Y21__P008.jpg,0.890967,20.294336,ok
EES0423912__X1B__Y24__P009.jpg,0.588648,15.671322,ok
EES0423912__X1B__Y27__P010.jpg,0.718844,18.350569,ok
EES0423912__X1B__Y2A__P011.jpg,0.779731,19.071405,ok
EES0423912__X1B__Y2D__P012.jpg,0.676490,17.563225,ok
EES0423912__X1B__Y39__P013.jpg,0.707584,17.704196,ok
EES0423912__X1E__Y1E__P014.jpg,0.666640,16.740970,ok
EES0423912__X1E__Y21__P015.jpg,0.809878,20.797399,ok
EES0423912__X1E__Y27__P016.jpg,0.629600,16.091688,ok
EES0423912__X1E__Y2A__P017.jpg,0.612383,15.677787,ok
EES0423912__X1E__Y2D__P018.jpg,0.802119,20.307928,ok
EES0423912__X21__Y1B__P019.jpg,0.670477,16.418136,ok
EES0423912__X21__Y1E__P020.jpg,0.617226,15.631262,ok
EES0423912__X21__Y21__P021.jpg,0.753504,17.457103,ok
EES0423912__X21__Y2A__P022.jpg,0.693120,17.734408,ok
EES0423912__X24__Y39__P023.jpg,0.797141,19.623829,ok
EES0423912__X27__Y39__P024.jpg,0.655136,16.824223,ok
EES0423912__X2A__Y3C__P025.jpg,0.714888,17.708783,ok
EES0423913__X0C__Y36__P001.jpg,0.869309,20.251836,ok
EES0423913__X0F__Y30__P002.jpg,0.829952,20.891482,ok
EES0423913__X0F__Y33__P003.jpg,0.648511,18.493512,ok
EES0423913__X0F__Y36__P004.jpg,0.903121,20.589813,ok
EES0423913__X0F__Y39__P005.jpg,0.810526,21.253945,ok
EES0423913__X12__Y33__P006.jpg,0.603920,17.457317,ok
EES0423913__X12__Y36__P007.jpg,0.559399,17.021795,ok
EES0423913__X12__Y39__P008.jpg,0.669787,16.627090,ok
EES0423913__X12__Y3C__P009.jpg,0.817307,21.212014,ok
EES0423913__X15__Y0C__P010.jpg,0.806302,20.552666,ok
EES0423913__X15__Y36__P011.jpg,0.538654,17.557511,ok
EES0423913__X15__Y39__P012.jpg,0.786655,19.551161,ok
EES0423913__X15__Y3C__P013.jpg,0.822632,20.779828,ok
EES0423913__X15__Y3F__P014.jpg,0.968193,22.145169,ok
EES0423913__X18__Y09__P015.jpg,0.692532,19.898897,ok
EES0423913__X18__Y39__P016.jpg,0.580139,17.100771,ok
EES0423913__X18__Y3F__P017.jpg,0.610169,16.736512,ok
EES0423913__X1B__Y06__P018.jpg,0.943015,21.489436,ok
EES0423913__X1B__Y09__P019.jpg,0.655391,16.953167,ok
EES0423913__X1B__Y39__P020.jpg,0.553967,17.551082,ok
EES0423913__X1B__Y3C__P021.jpg,0.629274,16.669077,ok
EES0423913__X1B__Y3F__P022.jpg,0.606336,17.589296,ok
EES0423913__X1B__Y42__P023.jpg,0.771314,20.890988,ok
EES0423913__X1E__Y3F__P024.jpg,0.494348,15.836990,ok
EES0423913__X1E__Y42__P025.jpg,0.887039,20.383747,ok
EES0423914__X45__Y1B__P001.jpg,0.643094,18.054667,ok
EES0423914__X0C__Y21__P002.jpg,0.821825,19.008477,ok
EES0423914__X0F__Y1B__P003.jpg,0.643115,17.628627,ok
EES0423914__X0F__Y1E__P004.jpg,0.826403,20.468575,ok
EES0423914__X0F__Y21__P005.jpg,0.689950,17.565542,ok
EES0423914__X0F__Y24__P006.jpg,0.675162,16.422598,ok
EES0423914__X0F__Y27__P007.jpg,0.658457,17.119750,ok
EES0423914__X12__Y15__P008.jpg,0.888045,20.315838,ok
EES0423914__X12__Y1B__P009.jpg,0.689202,18.849312,ok
EES0423914__X12__Y1E__P010.jpg,0.664107,16.894932,ok
EES0423914__X12__Y27__P011.jpg,0.595109,17.032456,ok
EES0423914__X12__Y2D__P012.jpg,0.641314,16.629046,ok
EES0423914__X15__Y0F__P013.jpg,0.826128,20.690032,ok
EES0423914__X15__Y12__P014.jpg,0.767565,18.916938,ok
EES0423914__X15__Y15__P015.jpg,0.574800,15.516106,ok
EES0423914__X18__Y0F__P016.jpg,0.701052,17.287412,ok
EES0423914__X18__Y12__P017.jpg,0.681727,16.463922,ok
EES0423914__X1B__Y0F__P018.jpg,0.717507,17.440848,ok
EES0423914__X1E__Y06__P019.jpg,0.898945,19.935564,ok
EES0423914__X1E__Y09__P020.jpg,0.690416,17.163123,ok
EES0423914__X1E__Y0C__P021.jpg,0.632631,16.331381,ok
EES0423914__X21__Y06__P022.jpg,0.729414,17.079345,ok
EES0423914__X21__Y09__P023.jpg,0.649202,15.946405,ok
EES0423914__X24__Y06__P024.jpg,0.747385,17.889059,ok
EES0423914__X24__Y09__P025.jpg,0.680192,17.351002,ok
EES0423915__X2A__Y06__P001.jpg,0.732220,18.575326,ok
EES0423915__X33__Y06__P002.jpg,0.580223,14.986813,ok
EES0423915__X36__Y06__P003.jpg,0.652848,16.274823,ok
EES0423915__X3C__Y3C__P004.jpg,0.972863,25.002766,ok
EES0423915__X48__Y18__P005.jpg,0.874093,19.400673,ok
EES0423915__X48__Y1B__P006.jpg,0.622421,16.679437,ok
EES0423915__X48__Y27__P007.jpg,0.710364,16.858443,ok
EES0423915__X48__Y2A__P008.jpg,0.745032,16.597880,ok
EES0423915__X48__Y2D__P009.jpg,0.972919,22.100390,ok
EES0423915__X0F__Y30__P010.jpg,0.704349,17.650676,ok
EES0423915__X0F__Y33__P011.jpg,0.776643,18.000893,ok
EES0423915__X21__Y3C__P012.jpg,0.863060,19.801894,ok
EES0423915__X24__Y39__P013.jpg,0.644310,18.054490,ok
EES0423915__X2D__Y39__P014.jpg,0.717328,17.656478,ok
EES0423915__X2D__Y3C__P015.jpg,0.666440,16.514007,ok
EES0423915__X30__Y06__P016.jpg,0.877852,20.159443,ok
EES0423915__X30__Y36__P017.jpg,0.657084,17.159368,ok
EES0423915__X33__Y36__P018.jpg,0.739729,17.207384,ok
EES0423915__X36__Y33__P019.jpg,0.689008,17.551202,ok
EES0423915__X36__Y36__P020.jpg,0.592376,15.602419,ok
EES0423915__X39__Y33__P021.jpg,0.619181,17.504609,ok
EES0423915__X39__Y36__P022.jpg,0.692515,16.754071,ok
EES0423915__X0C__Y21__P023.jpg,0.706427,17.871388,ok
EES0423915__X0C__Y24__P024.jpg,0.866207,21.277400,ok
EES0423915__X0C__Y27__P025.jpg,0.869455,19.972453,ok
EES0423916__X3C__Y21__P001.jpg,0.730568,16.874488,ok
EES0423916__X3C__Y24__P002.jpg,0.578011,15.917818,ok
EES0423916__X3C__Y2A__P003.jpg,0.851758,18.659642,ok
EES0423916__X3C__Y30__P004.jpg,0.766428,17.017239,ok
EES0423916__X3C__Y3C__P005.jpg,0.900830,18.953629,ok
EES0423916__X3C__Y3F__P006.jpg,0.646482,16.518128,ok
EES0423916__X09__Y24__P007.jpg,0.849071,21.042928,ok
EES0423916__X09__Y27__P008.jpg,0.889948,20.785316,ok
EES0423916__X0C__Y27__P009.jpg,0.572153,17.637232,ok
EES0423916__X0C__Y30__P010.jpg,0.729353,16.439945,ok
EES0423916__X0F__Y2D__P011.jpg,0.599029,17.181661,ok
EES0423916__X0F__Y30__P012.jpg,0.807481,18.286834,ok
EES0423916__X0F__Y36__P013.jpg,0.854507,20.678997,ok
EES0423916__X15__Y33__P014.jpg,0.617411,17.093711,ok
EES0423916__X15__Y39__P015.jpg,0.707604,17.505225,ok
EES0423916__X15__Y3C__P016.jpg,0.704840,15.050547,ok
EES0423916__X18__Y36__P017.jpg,0.677382,16.587886,ok
EES0423916__X18__Y39__P018.jpg,0.628076,16.676921,ok
EES0423916__X1B__Y06__P019.jpg,0.608771,15.401122,ok
EES0423916__X1B__Y3F__P020.jpg,0.757130,18.880725,ok
EES0423916__X1E__Y3C__P021.jpg,0.663109,17.360206,ok
EES0423916__X1E__Y3F__P022.jpg,0.861645,19.446869,ok
EES0423916__X21__Y42__P023.jpg,0.959539,21.198268,ok
EES0423916__X24__Y3F__P024.jpg,0.735041,16.342899,ok
EES0423916__X24__Y42__P025.jpg,0.832532,20.774324,ok
EES0423917__X27__Y39__P001.jpg,0.722235,17.946810,ok
EES0423917__X2A__Y0F__P002.jpg,0.681113,17.371393,ok
EES0423917__X2A__Y24__P003.jpg,0.715937,17.504531,ok
EES0423917__X2A__Y27__P004.jpg,0.755635,18.602914,ok
EES0423917__X2A__Y30__P005.jpg,0.731130,16.921687,ok
EES0423917__X2A__Y33__P006.jpg,0.897790,19.145416,ok
EES0423917__X2D__Y0F__P007.jpg,0.645630,16.950152,ok
EES0423917__X2D__Y24__P008.jpg,0.706837,16.578788,ok
EES0423917__X2D__Y27__P009.jpg,0.747305,16.548161,ok
EES0423917__X2D__Y33__P010.jpg,0.884095,20.427527,ok
EES0423917__X30__Y3F__P011.jpg,0.658799,17.623979,ok
EES0423917__X33__Y0F__P012.jpg,0.802175,18.825091,ok
EES0423917__X33__Y12__P013.jpg,0.890706,19.657651,ok
EES0423917__X33__Y24__P014.jpg,0.777768,19.565727,ok
EES0423917__X33__Y27__P015.jpg,0.906329,20.916020,ok
EES0423917__X33__Y36__P016.jpg,0.708623,17.361762,ok
EES0423917__X33__Y3F__P017.jpg,0.764835,19.137982,ok
EES0423917__X36__Y0F__P018.jpg,0.661627,15.482576,ok
EES0423917__X36__Y12__P019.jpg,0.673386,17.599132,ok
EES0423917__X36__Y18__P020.jpg,0.710962,16.308411,ok
EES0423917__X36__Y1B__P021.jpg,0.656767,16.098532,ok
EES0423917__X36__Y24__P022.jpg,0.775045,18.162094,ok
EES0423917__X36__Y27__P023.jpg,0.781460,18.475806,ok
EES0423917__X36__Y33__P024.jpg,0.792793,18.516541,ok
EES0423917__X36__Y39__P025.jpg,0.812229,19.138518,ok
EES0423918__X18__Y24__P001.jpg,0.683544,16.800696,ok
EES0423918__X18__Y27__P002.jpg,0.853623,23.119246,ok
EES0423918__X1B__Y0C__P003.jpg,0.709123,16.283067,ok
EES0423918__X1B__Y18__P004.jpg,0.773351,22.406715,ok
EES0423918__X1B__Y1B__P005.jpg,0.845479,21.791900,ok
EES0423918__X1B__Y36__P006.jpg,0.836768,23.972150,ok
EES0423918__X1E__Y0C__P007.jpg,0.668010,18.082056,ok
EES0423918__X1E__Y12__P008.jpg,0.804425,23.461899,ok
EES0423918__X1E__Y15__P009.jpg,0.740044,20.792092,ok
EES0423918__X1E__Y30__P010.jpg,0.805152,24.252748,ok
EES0423918__X1E__Y36__P011.jpg,0.765488,22.728859,ok
EES0423918__X1E__Y3F__P012.jpg,0.776394,20.975531,ok
EES0423918__X21__Y09__P013.jpg,0.628094,18.367200,ok
EES0423918__X21__Y0C__P014.jpg,0.787099,22.902233,ok
EES0423918__X21__Y15__P015.jpg,0.730770,18.265289,ok
EES0423918__X21__Y1E__P016.jpg,0.785919,21.877279,ok
EES0423918__X21__Y30__P017.jpg,0.583812,17.740516,ok
EES0423918__X21__Y33__P018.jpg,0.574862,16.757719,ok
EES0423918__X21__Y3C__P019.jpg,0.851766,22.713376,ok
EES0423918__X24__Y0C__P020.jpg,0.721218,18.830743,ok
EES0423918__X24__Y2D__P021.jpg,0.659973,15.919356,ok
EES0423918__X24__Y33__P022.jpg,0.803070,22.673942,ok
EES0423918__X24__Y36__P023.jpg,0.796057,23.421774,ok
EES0423918__X24__Y3C__P024.jpg,0.916522,22.867111,ok
EES0423918__X27__Y09__P025.jpg,0.860480,20.966016,ok
EES0423919__X27__Y15__P001.jpg,0.680895,16.710666,ok
EES0423919__X27__Y18__P002.jpg,0.772338,23.480291,ok
EES0423919__X27__Y1B__P003.jpg,0.808372,22.761045,ok
EES0423919__X27__Y21__P004.jpg,0.804741,22.744787,ok
EES0423919__X27__Y33__P005.jpg,0.783162,22.817367,ok
EES0423919__X27__Y39__P006.jpg,0.759196,19.753605,ok
EES0423919__X2A__Y1E__P007.jpg,0.699323,16.695064,ok
EES0423919__X2A__Y21__P008.jpg,0.926774,25.544601,ok
EES0423919__X2A__Y27__P009.jpg,0.675060,19.280801,ok
EES0423919__X2A__Y36__P010.jpg,0.857077,22.813524,ok
EES0423919__X2A__Y39__P011.jpg,0.804414,22.424969,ok
EES0423919__X2A__Y3C__P012.jpg,0.801498,21.583250,ok
EES0423919__X2D__Y1E__P013.jpg,0.851400,23.710713,ok
EES0423919__X2D__Y36__P014.jpg,0.933226,22.571953,ok
EES0423919__X30__Y0C__P015.jpg,0.790088,22.567571,ok
EES0423919__X30__Y1B__P016.jpg,0.800746,22.935246,ok
EES0423919__X30__Y21__P017.jpg,0.603621,16.583303,ok
EES0423919__X30__Y24__P018.jpg,0.606757,15.984047,ok
EES0423919__X30__Y36__P019.jpg,0.981439,29.130348,ok
EES0423919__X30__Y3C__P020.jpg,0.659873,17.959436,ok
EES0423919__X33__Y0C__P021.jpg,0.865905,21.109012,ok
EES0423919__X33__Y0F__P022.jpg,0.866822,21.532193,ok
EES0423919__X33__Y18__P023.jpg,0.718908,17.532575,ok
EES0423919__X33__Y1E__P024.jpg,0.866345,22.770284,ok
EES0423919__X33__Y21__P025.jpg,0.618592,16.034639,ok
EES0423920__X09__Y21__P001.jpg,0.680438,19.523327,ok
EES0423920__X09__Y27__P002.jpg,0.727968,18.490845,ok
EES0423920__X09__Y2A__P003.jpg,0.885157,21.803050,ok
EES0423920__X0C__Y27__P004.jpg,0.673985,17.057536,ok
EES0423920__X0C__Y2D__P005.jpg,0.875450,21.482205,ok
EES0423920__X0C__Y30__P006.jpg,0.592235,16.093444,ok
EES0423920__X0F__Y30__P007.jpg,0.817239,21.753833,ok
EES0423920__X0F__Y33__P008.jpg,0.752994,19.598034,ok
EES0423920__X0F__Y36__P009.jpg,0.903588,20.984731,ok
EES0423920__X12__Y36__P010.jpg,0.818617,22.620285,ok
EES0423920__X12__Y39__P011.jpg,0.917431,20.903838,ok
EES0423920__X15__Y39__P012.jpg,0.749512,20.799506,ok
EES0423920__X15__Y3C__P013.jpg,0.734931,17.440014,ok
EES0423920__X18__Y39__P014.jpg,0.691885,16.699586,ok
EES0423920__X18__Y3C__P015.jpg,0.819408,22.151976,ok
EES0423920__X1B__Y06__P016.jpg,0.897503,21.392164,ok
EES0423920__X1B__Y36__P017.jpg,0.625353,16.905204,ok
EES0423920__X1B__Y3F__P018.jpg,0.804059,21.367205,ok
EES0423920__X1E__Y06__P019.jpg,0.672910,17.557322,ok
EES0423920__X1E__Y3F__P020.jpg,0.769302,21.152225,ok
EES0423920__X21__Y06__P021.jpg,0.779013,20.617998,ok
EES0423920__X21__Y3F__P022.jpg,0.691412,17.408324,ok
EES0423920__X24__Y3C__P023.jpg,0.612305,16.242339,ok
EES0423920__X24__Y3F__P024.jpg,0.688742,16.937293,ok
EES0423920__X27__Y3C__P025.jpg,0.671976,19.000603,ok
EES0423921__X15__Y33__P001.jpg,0.771945,21.592004,ok
EES0423921__X15__Y36__P002.jpg,0.721388,16.146723,ok
EES0423921__X18__Y09__P003.jpg,0.728322,17.721501,ok
EES0423921__X18__Y33__P004.jpg,0.800866,22.137755,ok
EES0423921__X1B__Y09__P005.jpg,0.631909,16.309333,ok
EES0423921__X1B__Y33__P006.jpg,0.655938,16.638793,ok
EES0423921__X1B__Y3F__P007.jpg,0.819173,22.321803,ok
EES0423921__X1E__Y09__P008.jpg,0.568904,16.369022,ok
EES0423921__X1E__Y3C__P009.jpg,0.714901,19.386655,ok
EES0423921__X1E__Y3F__P010.jpg,0.827652,20.992601,ok
EES0423921__X21__Y30__P011.jpg,0.705960,19.428052,ok
EES0423921__X21__Y3C__P012.jpg,0.633386,17.455092,ok
EES0423921__X24__Y06__P013.jpg,0.771220,21.197408,ok
EES0423921__X27__Y06__P014.jpg,0.826952,21.866193,ok
EES0423921__X2A__Y06__P015.jpg,0.813693,21.643288,ok
EES0423921__X2A__Y3C__P016.jpg,0.740527,18.383291,ok
EES0423921__X2A__Y42__P017.jpg,0.762136,20.922424,ok
EES0423921__X2D__Y3C__P018.jpg,0.764923,21.216122,ok
EES0423921__X2D__Y3F__P019.jpg,0.902942,21.860225,ok
EES0423921__X30__Y3F__P020.jpg,0.611885,17.109250,ok
EES0423921__X33__Y09__P021.jpg,0.694237,16.162373,ok
EES0423921__X39__Y30__P022.jpg,0.649465,16.577885,ok
EES0423921__X42__Y15__P023.jpg,0.768955,18.516156,ok
EES0423921__X09__Y1B__P024.jpg,0.972821,27.676112,ok
EES0423921__X09__Y2D__P025.jpg,0.890269,20.754521,ok
EES0423922__X12__Y1B__P001.jpg,0.861357,22.638713,ok
EES0423922__X12__Y2A__P002.jpg,0.656512,16.354104,ok
EES0423922__X12__Y2D__P003.jpg,0.696193,19.108617,ok
EES0423922__X12__Y36__P004.jpg,0.698023,20.455839,ok
EES0423922__X12__Y39__P005.jpg,0.863128,23.016724,ok
EES0423922__X12__Y3C__P006.jpg,0.981590,28.601755,ok
EES0423922__X15__Y15__P007.jpg,0.638445,18.274414,ok
EES0423922__X15__Y18__P008.jpg,0.805384,22.699394,ok
EES0423922__X15__Y1E__P009.jpg,0.575937,17.871838,ok
EES0423922__X15__Y39__P010.jpg,0.902958,21.983153,ok
EES0423922__X15__Y3C__P011.jpg,0.659767,18.589459,ok
EES0423922__X18__Y0F__P012.jpg,0.760384,22.828970,ok
EES0423922__X18__Y12__P013.jpg,0.631675,17.365097,ok
EES0423922__X18__Y15__P014.jpg,0.679025,18.765474,ok
EES0423922__X18__Y18__P015.jpg,0.739539,21.164387,ok
EES0423922__X18__Y1E__P016.jpg,0.573522,16.098349,ok
EES0423922__X18__Y3F__P017.jpg,0.681464,19.568221,ok
EES0423922__X1B__Y0C__P018.jpg,0.778039,22.535292,ok
EES0423922__X1B__Y0F__P019.jpg,0.908286,22.123023,ok
EES0423922__X1B__Y12__P020.jpg,0.853513,23.004448,ok
EES0423922__X1B__Y15__P021.jpg,0.617349,18.212294,ok
EES0423922__X1B__Y42__P022.jpg,0.975644,27.139473,ok
EES0423922__X1E__Y09__P023.jpg,0.708836,21.416881,ok
EES0423922__X1E__Y0C__P024.jpg,0.698823,20.343652,ok
EES0423922__X1E__Y0F__P025.jpg,0.808030,22.440567,ok
EES0423923__X1E__Y1E__P001.jpg,0.640750,16.003101,ok
EES0423923__X1E__Y24__P002.jpg,0.708167,19.327391,ok
EES0423923__X1E__Y27__P003.jpg,0.817221,23.531353,ok
EES0423923__X1E__Y2A__P004.jpg,0.781635,23.083260,ok
EES0423923__X1E__Y30__P005.jpg,0.943753,22.501214,ok
EES0423923__X1E__Y36__P006.jpg,0.906143,19.184153,ok
EES0423923__X21__Y09__P007.jpg,0.909481,21.602716,ok
EES0423923__X21__Y0C__P008.jpg,0.812649,22.872986,ok
EES0423923__X21__Y0F__P009.jpg,0.816193,23.199664,ok
EES0423923__X21__Y15__P010.jpg,0.750773,21.600699,ok
EES0423923__X21__Y27__P011.jpg,0.843834,23.909214,ok
EES0423923__X24__Y06__P012.jpg,0.751605,20.566602,ok
EES0423923__X24__Y0C__P013.jpg,0.803147,22.214856,ok
EES0423923__X24__Y0F__P014.jpg,0.679354,20.252363,ok
EES0423923__X24__Y12__P015.jpg,0.796948,23.015128,ok
EES0423923__X24__Y1E__P016.jpg,0.724249,15.588386,ok
EES0423923__X24__Y33__P017.jpg,0.810022,22.436471,ok
EES0423923__X27__Y0C__P018.jpg,0.832471,24.369101,ok
EES0423923__X27__Y15__P019.jpg,0.679229,19.330883,ok
EES0423923__X27__Y2D__P020.jpg,0.799678,23.694743,ok
EES0423923__X27__Y36__P021.jpg,0.915208,21.122079,ok
EES0423923__X2A__Y0F__P022.jpg,0.760067,20.737690,ok
EES0423923__X2A__Y1B__P023.jpg,0.544449,16.780166,ok
EES0423923__X2A__Y3C__P024.jpg,0.864398,22.719169,ok
EES0423923__X2D__Y0C__P025.jpg,0.867107,21.826837,ok
EES0423924__X33__Y09__P001.jpg,0.497127,16.332135,ok
EES0423924__X36__Y06__P002.jpg,0.906469,20.229641,ok
EES0423924__X36__Y3C__P003.jpg,0.707859,18.675631,ok
EES0423924__X36__Y3F__P004.jpg,0.766548,17.880661,ok
EES0423924__X39__Y09__P005.jpg,0.883145,21.881927,ok
EES0423924__X3C__Y36__P006.jpg,0.895422,23.014018,ok
EES0423924__X3F__Y30__P007.jpg,0.515136,16.015408,ok
EES0423924__X3F__Y36__P008.jpg,0.917597,22.244787,ok
EES0423924__X42__Y18__P009.jpg,0.924012,23.038778,ok
EES0423924__X42__Y1B__P010.jpg,0.577157,16.620638,ok
EES0423924__X42__Y27__P011.jpg,0.550421,16.093144,ok
EES0423924__X42__Y2D__P012.jpg,0.672411,18.421476,ok
EES0423924__X42__Y30__P013.jpg,0.901189,20.778558,ok
EES0423924__X45__Y1E__P014.jpg,0.942790,23.236410,ok
EES0423924__X45__Y21__P015.jpg,0.929464,23.196925,ok
EES0423924__X45__Y2D__P016.jpg,0.927993,22.679440,ok
EES0423924__X45__Y30__P017.jpg,0.969401,25.359084,ok
EES0423924__X0C__Y18__P018.jpg,0.841626,21.185289,ok
EES0423924__X0C__Y30__P019.jpg,0.689584,17.543986,ok
EES0423924__X0F__Y18__P020.jpg,0.584838,15.968807,ok
EES0423924__X0F__Y30__P021.jpg,0.754622,18.435128,ok
EES0423924__X0F__Y33__P022.jpg,0.697660,17.350632,ok
EES0423924__X0F__Y36__P023.jpg,0.786101,21.170116,ok
EES0423924__X12__Y15__P024.jpg,0.738922,19.233734,ok
EES0423924__X12__Y18__P025.jpg,0.611353,15.642451,ok
EES0423925__X12__Y30__P001.jpg,0.577083,15.799078,ok
EES0423925__X12__Y33__P002.jpg,0.688538,18.481490,ok
EES0423925__X12__Y36__P003.jpg,0.771874,21.199575,ok
EES0423925__X15__Y0F__P004.jpg,0.764909,20.130355,ok
EES0423925__X15__Y12__P005.jpg,0.859897,21.882411,ok
EES0423925__X15__Y18__P006.jpg,0.668649,16.031806,ok
EES0423925__X15__Y30__P007.jpg,0.570002,16.341246,ok
EES0423925__X15__Y36__P008.jpg,0.567896,16.249762,ok
EES0423925__X15__Y39__P009.jpg,0.763873,21.094716,ok
EES0423925__X18__Y0C__P010.jpg,0.791133,20.765544,ok
EES0423925__X18__Y0F__P011.jpg,0.780772,20.927164,ok
EES0423925__X18__Y18__P012.jpg,0.588447,15.559847,ok
EES0423925__X18__Y1B__P013.jpg,0.897721,21.821450,ok
EES0423925__X18__Y2A__P014.jpg,0.616466,15.774876,ok
EES0423925__X18__Y36__P015.jpg,0.504595,15.274969,ok
EES0423925__X18__Y39__P016.jpg,0.674934,18.174423,ok
EES0423925__X1B__Y0C__P017.jpg,0.805522,21.646108,ok
EES0423925__X1B__Y0F__P018.jpg,0.665889,17.026176,ok
EES0423925__X1B__Y18__P019.jpg,0.591797,15.717098,ok
EES0423925__X1E__Y09__P020.jpg,0.631333,16.291751,ok
EES0423925__X1E__Y0C__P021.jpg,0.751902,19.235402,ok
EES0423925__X1E__Y0F__P022.jpg,0.685718,16.780144,ok
EES0423925__X1E__Y12__P023.jpg,0.788152,20.498833,ok
EES0423925__X1E__Y15__P024.jpg,0.608711,16.104661,ok
EES0423925__X1E__Y18__P025.jpg,0.775545,20.578709,ok
EES0423926__X36__Y0C__P001.jpg,0.547116,16.418520,ok
EES0423926__X36__Y3F__P002.jpg,0.507747,14.365366,ok
EES0423926__X39__Y0C__P003.jpg,0.872260,21.394153,ok
EES0423926__X39__Y3C__P004.jpg,0.624936,16.789320,ok
EES0423926__X3C__Y0F__P005.jpg,0.943151,24.691022,ok
EES0423926__X3C__Y39__P006.jpg,0.577395,14.658128,ok
EES0423926__X3F__Y15__P007.jpg,0.479955,14.016771,ok
EES0423926__X3F__Y36__P008.jpg,0.808306,20.842421,ok
EES0423926__X42__Y18__P009.jpg,0.859288,21.958503,ok
EES0423926__X42__Y1B__P010.jpg,0.580414,14.518224,ok
EES0423926__X42__Y2D__P011.jpg,0.516775,15.633523,ok
EES0423926__X42__Y30__P012.jpg,0.792549,20.453657,ok
EES0423926__X09__Y1E__P013.jpg,0.864296,22.393832,ok
EES0423926__X09__Y24__P014.jpg,0.929531,24.104743,ok
EES0423926__X09__Y27__P015.jpg,0.905792,21.949295,ok
EES0423926__X0C__Y18__P016.jpg,0.920528,22.710550,ok
EES0423926__X0C__Y1B__P017.jpg,0.684466,17.888136,ok
EES0423926__X0C__Y21__P018.jpg,0.605021,16.308305,ok
EES0423926__X0C__Y2D__P019.jpg,0.673359,17.166711,ok
EES0423926__X0C__Y33__P020.jpg,0.950049,25.172819,ok
EES0423926__X0F__Y2D__P021.jpg,0.660114,17.129978,ok
EES0423926__X0F__Y33__P022.jpg,0.655890,16.930058,ok
EES0423926__X0F__Y36__P023.jpg,0.843855,22.555701,ok
EES0423926__X12__Y0F__P024.jpg,0.694681,16.989219,ok
EES0423926__X12__Y36__P025.jpg,0.796398,20.136774,ok
EES0423927__X48__Y15__P001.jpg,0.739260,17.558065,ok
EES0423927__X48__Y18__P002.jpg,0.557200,16.693147,ok
EES0423927__X48__Y30__P003.jpg,0.667924,16.597600,ok
EES0423927__X48__Y33__P004.jpg,0.689896,16.666312,ok
EES0423927__X48__Y36__P005.jpg,0.976930,27.060576,ok
EES0423927__X0C__Y1B__P006.jpg,0.769405,19.313316,ok
EES0423927__X0C__Y1E__P007.jpg,0.676664,15.762473,ok
EES0423927__X0C__Y21__P008.jpg,0.737239,18.940853,ok
EES0423927__X0C__Y24__P009.jpg,0.821725,21.904588,ok
EES0423927__X0C__Y27__P010.jpg,0.729489,18.224892,ok
EES0423927__X0C__Y2A__P011.jpg,0.717189,19.455316,ok
EES0423927__X0F__Y1B__P012.jpg,0.729674,17.633580,ok
EES0423927__X0F__Y21__P013.jpg,0.579619,16.329608,ok
EES0423927__X0F__Y24__P014.jpg,0.637287,15.899014,ok
EES0423927__X0F__Y2D__P015.jpg,0.640947,15.952604,ok
EES0423927__X12__Y12__P016.jpg,0.877631,21.578127,ok
EES0423927__X12__Y15__P017.jpg,0.671565,15.853245,ok
EES0423927__X12__Y18__P018.jpg,0.752063,20.064558,ok
EES0423927__X12__Y1B__P019.jpg,0.761183,19.403378,ok
EES0423927__X12__Y1E__P020.jpg,0.579550,15.355353,ok
EES0423927__X12__Y21__P021.jpg,0.611746,16.120406,ok
EES0423927__X15__Y0F__P022.jpg,0.857820,21.648528,ok
EES0423927__X15__Y12__P023.jpg,0.662466,17.103396,ok
EES0423927__X15__Y15__P024.jpg,0.786905,19.667205,ok
EES0423927__X15__Y18__P025.jpg,0.648549,17.344880,ok
EES0423928__X15__Y09__P001.jpg,0.864962,21.192471,ok
EES0423928__X15__Y0C__P002.jpg,0.763823,21.905349,ok
EES0423928__X15__Y1B__P003.jpg,0.682859,20.827701,ok
EES0423928__X18__Y09__P004.jpg,0.724374,20.675340,ok
EES0423928__X18__Y0C__P005.jpg,0.730312,18.622895,ok
EES0423928__X18__Y3C__P006.jpg,0.933328,21.797181,ok
EES0423928__X1B__Y06__P007.jpg,0.810624,22.247282,ok
EES0423928__X1B__Y0C__P008.jpg,0.600182,18.960691,ok
EES0423928__X1E__Y06__P009.jpg,0.775748,21.869102,ok
EES0423928__X1E__Y3F__P010.jpg,0.838533,21.517122,ok
EES0423928__X21__Y03__P011.jpg,0.796559,22.074948,ok
EES0423928__X21__Y09__P012.jpg,0.594336,16.734497,ok
EES0423928__X21__Y0C__P013.jpg,0.670072,16.966588,ok
EES0423928__X21__Y3F__P014.jpg,0.760183,21.028715,ok
EES0423928__X24__Y03__P015.jpg,0.752976,22.185986,ok
EES0423928__X24__Y06__P016.jpg,0.572278,17.779951,ok
EES0423928__X24__Y3F__P017.jpg,0.888100,22.151379,ok
EES0423928__X24__Y42__P018.jpg,0.921044,23.276559,ok
EES0423928__X27__Y03__P019.jpg,0.667909,20.496665,ok
EES0423928__X27__Y06__P020.jpg,0.763975,21.333304,ok
EES0423928__X2A__Y03__P021.jpg,0.554178,15.877443,ok
EES0423928__X2D__Y3F__P022.jpg,0.812806,20.878353,ok
EES0423928__X30__Y03__P023.jpg,0.751632,21.788254,ok
EES0423928__X30__Y3F__P024.jpg,0.703035,20.287364,ok
EES0423928__X33__Y3F__P025.jpg,0.917190,21.573807,ok
EES0423929__X24__Y30__P001.jpg,0.849403,21.533183,ok
EES0423929__X24__Y33__P002.jpg,0.702381,16.184558,ok
EES0423929__X24__Y36__P003.jpg,0.824178,21.446687,ok
EES0423929__X24__Y3C__P004.jpg,0.901491,21.197116,ok
EES0423929__X27__Y0F__P005.jpg,0.651585,18.097618,ok
EES0423929__X27__Y21__P006.jpg,0.655806,16.680184,ok
EES0423929__X27__Y33__P007.jpg,0.804289,20.779423,ok
EES0423929__X2A__Y24__P008.jpg,0.789101,20.852951,ok
EES0423929__X2A__Y27__P009.jpg,0.667303,16.645907,ok
EES0423929__X2D__Y21__P010.jpg,0.737098,18.386100,ok
EES0423929__X2D__Y27__P011.jpg,0.807265,20.059409,ok
EES0423929__X30__Y09__P012.jpg,0.672080,17.907797,ok
EES0423929__X30__Y0F__P013.jpg,0.805512,20.671550,ok
EES0423929__X30__Y15__P014.jpg,0.646997,16.026266,ok
EES0423929__X30__Y18__P015.jpg,0.827879,22.674922,ok
EES0423929__X30__Y21__P016.jpg,0.694768,16.998708,ok
EES0423929__X30__Y36__P017.jpg,0.828169,22.478483,ok
EES0423929__X30__Y39__P018.jpg,0.871319,22.040344,ok
EES0423929__X33__Y09__P019.jpg,0.717009,17.839467,ok
EES0423929__X33__Y0F__P020.jpg,0.685725,16.460160,ok
EES0423929__X33__Y12__P021.jpg,0.914710,22.607729,ok
EES0423929__X33__Y15__P022.jpg,0.828358,21.620669,ok
EES0423929__X33__Y24__P023.jpg,0.732266,19.035089,ok
EES0423929__X33__Y27__P024.jpg,0.654886,16.362928,ok
EES0423929__X36__Y09__P025.jpg,0.723263,18.211987,ok
EES0423930__X2A__Y45__P001.jpg,0.617948,16.766012,ok
EES0423930__X30__Y0C__P002.jpg,0.595790,15.640859,ok
EES0423930__X09__Y21__P003.jpg,0.960109,26.397121,ok
EES0423930__X0C__Y18__P004.jpg,0.902033,21.308522,ok
EES0423930__X0C__Y1B__P005.jpg,0.795161,20.918399,ok
EES0423930__X0C__Y24__P006.jpg,0.846903,21.932792,ok
EES0423930__X0C__Y27__P007.jpg,0.686353,21.463118,ok
EES0423930__X0C__Y2A__P008.jpg,0.897808,20.983739,ok
EES0423930__X0C__Y2D__P009.jpg,0.718011,20.544582,ok
EES0423930__X0C__Y30__P010.jpg,0.943570,22.838774,ok
EES0423930__X0F__Y21__P011.jpg,0.613456,17.401590,ok
EES0423930__X0F__Y27__P012.jpg,0.604416,16.843805,ok
EES0423930__X0F__Y2A__P013.jpg,0.776511,21.928252,ok
EES0423930__X0F__Y2D__P014.jpg,0.820453,21.947703,ok
EES0423930__X12__Y12__P015.jpg,0.602921,17.263356,ok
EES0423930__X12__Y21__P016.jpg,0.591003,16.563327,ok
EES0423930__X12__Y2A__P017.jpg,0.651023,17.519357,ok
EES0423930__X12__Y36__P018.jpg,0.883611,20.479075,ok
EES0423930__X12__Y39__P019.jpg,0.927924,23.940083,ok
EES0423930__X15__Y33__P020.jpg,0.716077,22.037499,ok
EES0423930__X15__Y36__P021.jpg,0.696381,20.087888,ok
EES0423930__X18__Y0C__P022.jpg,0.911748,20.809524,ok
EES0423930__X18__Y36__P023.jpg,0.791724,20.794402,ok
EES0423930__X1B__Y36__P024.jpg,0.700147,19.492422,ok
EES0423930__X1B__Y39__P025.jpg,0.731189,20.366971,ok
